epoch,eval_accuracy,eval_f1,eval_loss,eval_mse,eval_pearson,eval_precision,eval_recall,eval_spearman,lr-AdamW,step,train_loss,val_accuracy,val_f1,val_loss,val_mse,val_pearson,val_precision,val_recall,val_spearman
,,,,,,,,,5.263157894736842e-10,4,,,,,,,,,
0,,,,,,,,,,4,0.09527913480997086,,,,,,,,
,,,,,,,,,1.1842105263157895e-09,9,,,,,,,,,
0,,,,,,,,,,9,0.0989469513297081,,,,,,,,
,,,,,,,,,1.8421052631578947e-09,14,,,,,,,,,
0,,,,,,,,,,14,0.054197680205106735,,,,,,,,
,,,,,,,,,2.5e-09,19,,,,,,,,,
0,,,,,,,,,,19,0.06648384779691696,,,,,,,,
,,,,,,,,,3.157894736842105e-09,24,,,,,,,,,
0,,,,,,,,,,24,0.0389150008559227,,,,,,,,
,,,,,,,,,3.81578947368421e-09,29,,,,,,,,,
0,,,,,,,,,,29,0.14506834745407104,,,,,,,,
,,,,,,,,,4.473684210526315e-09,34,,,,,,,,,
0,,,,,,,,,,34,0.09497521817684174,,,,,,,,
,,,,,,,,,5.131578947368421e-09,39,,,,,,,,,
0,,,,,,,,,,39,0.07901971787214279,,,,,,,,
,,,,,,,,,5.789473684210526e-09,44,,,,,,,,,
0,,,,,,,,,,44,0.0777219906449318,,,,,,,,
,,,,,,,,,6.447368421052631e-09,49,,,,,,,,,
0,,,,,,,,,,49,0.0766744390130043,,,,,,,,
,,,,,,,,,7.105263157894737e-09,54,,,,,,,,,
0,,,,,,,,,,54,0.05186788737773895,,,,,,,,
,,,,,,,,,7.763157894736842e-09,59,,,,,,,,,
0,,,,,,,,,,59,0.05274004489183426,,,,,,,,
,,,,,,,,,8.421052631578947e-09,64,,,,,,,,,
0,,,,,,,,,,64,0.13996237516403198,,,,,,,,
,,,,,,,,,9.078947368421053e-09,69,,,,,,,,,
0,,,,,,,,,,69,0.0957944467663765,,,,,,,,
,,,,,,,,,9.736842105263157e-09,74,,,,,,,,,
0,,,,,,,,,,74,0.050662457942962646,,,,,,,,
,,,,,,,,,1.0394736842105264e-08,79,,,,,,,,,
0,,,,,,,,,,79,0.1069057360291481,,,,,,,,
,,,,,,,,,1.1052631578947366e-08,84,,,,,,,,,
0,,,,,,,,,,84,0.06059589609503746,,,,,,,,
,,,,,,,,,1.1710526315789473e-08,89,,,,,,,,,
0,,,,,,,,,,89,0.08906635642051697,,,,,,,,
,,,,,,,,,1.2368421052631579e-08,94,,,,,,,,,
0,,,,,,,,,,94,0.04244503006339073,,,,,,,,
,,,,,,,,,1.3026315789473683e-08,99,,,,,,,,,
0,,,,,,,,,,99,0.1448664367198944,,,,,,,,
,,,,,,,,,1.368421052631579e-08,104,,,,,,,,,
0,,,,,,,,,,104,0.09016665071249008,,,,,,,,
,,,,,,,,,1.4342105263157892e-08,109,,,,,,,,,
0,,,,,,,,,,109,0.07663467526435852,,,,,,,,
,,,,,,,,,1.5e-08,114,,,,,,,,,
0,,,,,,,,,,114,0.07107018679380417,,,,,,,,
,,,,,,,,,1.5657894736842107e-08,119,,,,,,,,,
0,,,,,,,,,,119,0.0979127362370491,,,,,,,,
,,,,,,,,,1.631578947368421e-08,124,,,,,,,,,
0,,,,,,,,,,124,0.09145988523960114,,,,,,,,
,,,,,,,,,1.6973684210526312e-08,129,,,,,,,,,
0,,,,,,,,,,129,0.0775933489203453,,,,,,,,
,,,,,,,,,1.763157894736842e-08,134,,,,,,,,,
0,,,,,,,,,,134,0.11453764140605927,,,,,,,,
,,,,,,,,,1.8289473684210525e-08,139,,,,,,,,,
0,,,,,,,,,,139,0.09267227351665497,,,,,,,,
,,,,,,,,,1.8947368421052632e-08,144,,,,,,,,,
0,,,,,,,,,,144,0.09902581572532654,,,,,,,,
,,,,,,,,,1.9605263157894737e-08,149,,,,,,,,,
0,,,,,,,,,,149,0.07724936306476593,,,,,,,,
0,,,,,,,,,,151,,0.42500001192092896,0.0,0.08190374076366425,0.08190374076366425,0.09652465581893921,0.0,0.0,0.10993744432926178
,,,,,,,,,2.0263157894736838e-08,154,,,,,,,,,
1,,,,,,,,,,154,0.09644046425819397,,,,,,,,
,,,,,,,,,2.0921052631578946e-08,159,,,,,,,,,
1,,,,,,,,,,159,0.12766261398792267,,,,,,,,
,,,,,,,,,2.157894736842105e-08,164,,,,,,,,,
1,,,,,,,,,,164,0.09150268882513046,,,,,,,,
,,,,,,,,,2.223684210526316e-08,169,,,,,,,,,
1,,,,,,,,,,169,0.07962846010923386,,,,,,,,
,,,,,,,,,2.2894736842105263e-08,174,,,,,,,,,
1,,,,,,,,,,174,0.12127461284399033,,,,,,,,
,,,,,,,,,2.3552631578947364e-08,179,,,,,,,,,
1,,,,,,,,,,179,0.10555022954940796,,,,,,,,
,,,,,,,,,2.4210526315789472e-08,184,,,,,,,,,
1,,,,,,,,,,184,0.12458014488220215,,,,,,,,
,,,,,,,,,2.4868421052631577e-08,189,,,,,,,,,
1,,,,,,,,,,189,0.08329866826534271,,,,,,,,
,,,,,,,,,2.5526315789473684e-08,194,,,,,,,,,
1,,,,,,,,,,194,0.1405932903289795,,,,,,,,
,,,,,,,,,2.618421052631579e-08,199,,,,,,,,,
1,,,,,,,,,,199,0.04401276260614395,,,,,,,,
,,,,,,,,,2.6842105263157894e-08,204,,,,,,,,,
1,,,,,,,,,,204,0.07110325247049332,,,,,,,,
,,,,,,,,,2.7499999999999998e-08,209,,,,,,,,,
1,,,,,,,,,,209,0.09953919798135757,,,,,,,,
,,,,,,,,,2.8157894736842103e-08,214,,,,,,,,,
1,,,,,,,,,,214,0.05351586639881134,,,,,,,,
,,,,,,,,,2.881578947368421e-08,219,,,,,,,,,
1,,,,,,,,,,219,0.05662061274051666,,,,,,,,
,,,,,,,,,2.9473684210526315e-08,224,,,,,,,,,
1,,,,,,,,,,224,0.06504116952419281,,,,,,,,
,,,,,,,,,3.013157894736842e-08,229,,,,,,,,,
1,,,,,,,,,,229,0.11759086698293686,,,,,,,,
,,,,,,,,,3.0789473684210524e-08,234,,,,,,,,,
1,,,,,,,,,,234,0.0833359882235527,,,,,,,,
,,,,,,,,,3.1447368421052635e-08,239,,,,,,,,,
1,,,,,,,,,,239,0.13461101055145264,,,,,,,,
,,,,,,,,,3.210526315789473e-08,244,,,,,,,,,
1,,,,,,,,,,244,0.11435892432928085,,,,,,,,
,,,,,,,,,3.276315789473684e-08,249,,,,,,,,,
1,,,,,,,,,,249,0.05265450477600098,,,,,,,,
,,,,,,,,,3.342105263157895e-08,254,,,,,,,,,
1,,,,,,,,,,254,0.11824753135442734,,,,,,,,
,,,,,,,,,3.4078947368421053e-08,259,,,,,,,,,
1,,,,,,,,,,259,0.10982409864664078,,,,,,,,
,,,,,,,,,3.473684210526316e-08,264,,,,,,,,,
1,,,,,,,,,,264,0.09546422958374023,,,,,,,,
,,,,,,,,,3.539473684210526e-08,269,,,,,,,,,
1,,,,,,,,,,269,0.056116726249456406,,,,,,,,
,,,,,,,,,3.605263157894737e-08,274,,,,,,,,,
1,,,,,,,,,,274,0.10810902714729309,,,,,,,,
,,,,,,,,,3.671052631578947e-08,279,,,,,,,,,
1,,,,,,,,,,279,0.03618945553898811,,,,,,,,
,,,,,,,,,3.7368421052631576e-08,284,,,,,,,,,
1,,,,,,,,,,284,0.10631290078163147,,,,,,,,
,,,,,,,,,3.802631578947369e-08,289,,,,,,,,,
1,,,,,,,,,,289,0.04920399934053421,,,,,,,,
,,,,,,,,,3.8684210526315785e-08,294,,,,,,,,,
1,,,,,,,,,,294,0.08629078418016434,,,,,,,,
,,,,,,,,,3.934210526315789e-08,299,,,,,,,,,
1,,,,,,,,,,299,0.12166004627943039,,,,,,,,
1,,,,,,,,,,303,,0.42500001192092896,0.0,0.08188849687576294,0.08188849687576294,0.09298904985189438,0.0,0.0,0.103446364402771
,,,,,,,,,4e-08,304,,,,,,,,,
2,,,,,,,,,,304,0.11276957392692566,,,,,,,,
,,,,,,,,,4.0657894736842105e-08,309,,,,,,,,,
2,,,,,,,,,,309,0.10046353191137314,,,,,,,,
,,,,,,,,,4.131578947368421e-08,314,,,,,,,,,
2,,,,,,,,,,314,0.1062081903219223,,,,,,,,
,,,,,,,,,4.1973684210526314e-08,319,,,,,,,,,
2,,,,,,,,,,319,0.07981520146131516,,,,,,,,
,,,,,,,,,4.263157894736842e-08,324,,,,,,,,,
2,,,,,,,,,,324,0.07545409351587296,,,,,,,,
,,,,,,,,,4.3289473684210524e-08,329,,,,,,,,,
2,,,,,,,,,,329,0.0951671376824379,,,,,,,,
,,,,,,,,,4.394736842105263e-08,334,,,,,,,,,
2,,,,,,,,,,334,0.07177479565143585,,,,,,,,
,,,,,,,,,4.460526315789474e-08,339,,,,,,,,,
2,,,,,,,,,,339,0.1259186565876007,,,,,,,,
,,,,,,,,,4.5263157894736844e-08,344,,,,,,,,,
2,,,,,,,,,,344,0.07135564833879471,,,,,,,,
,,,,,,,,,4.592105263157894e-08,349,,,,,,,,,
2,,,,,,,,,,349,0.11852588504552841,,,,,,,,
,,,,,,,,,4.657894736842105e-08,354,,,,,,,,,
2,,,,,,,,,,354,0.12106511741876602,,,,,,,,
,,,,,,,,,4.723684210526316e-08,359,,,,,,,,,
2,,,,,,,,,,359,0.0432719849050045,,,,,,,,
,,,,,,,,,4.789473684210526e-08,364,,,,,,,,,
2,,,,,,,,,,364,0.08515936881303787,,,,,,,,
,,,,,,,,,4.8552631578947366e-08,369,,,,,,,,,
2,,,,,,,,,,369,0.06029047071933746,,,,,,,,
,,,,,,,,,4.921052631578947e-08,374,,,,,,,,,
2,,,,,,,,,,374,0.05577978864312172,,,,,,,,
,,,,,,,,,4.9868421052631576e-08,379,,,,,,,,,
2,,,,,,,,,,379,0.06119489669799805,,,,,,,,
,,,,,,,,,5.052631578947368e-08,384,,,,,,,,,
2,,,,,,,,,,384,0.1075560450553894,,,,,,,,
,,,,,,,,,5.118421052631579e-08,389,,,,,,,,,
2,,,,,,,,,,389,0.07508108764886856,,,,,,,,
,,,,,,,,,5.1842105263157896e-08,394,,,,,,,,,
2,,,,,,,,,,394,0.1185494065284729,,,,,,,,
,,,,,,,,,5.2499999999999994e-08,399,,,,,,,,,
2,,,,,,,,,,399,0.07525456696748734,,,,,,,,
,,,,,,,,,5.3157894736842105e-08,404,,,,,,,,,
2,,,,,,,,,,404,0.15163524448871613,,,,,,,,
,,,,,,,,,5.381578947368421e-08,409,,,,,,,,,
2,,,,,,,,,,409,0.09586568176746368,,,,,,,,
,,,,,,,,,5.4473684210526314e-08,414,,,,,,,,,
2,,,,,,,,,,414,0.11099359393119812,,,,,,,,
,,,,,,,,,5.513157894736842e-08,419,,,,,,,,,
2,,,,,,,,,,419,0.05570945143699646,,,,,,,,
,,,,,,,,,5.578947368421052e-08,424,,,,,,,,,
2,,,,,,,,,,424,0.12317486107349396,,,,,,,,
,,,,,,,,,5.6447368421052634e-08,429,,,,,,,,,
2,,,,,,,,,,429,0.1311744600534439,,,,,,,,
,,,,,,,,,5.710526315789473e-08,434,,,,,,,,,
2,,,,,,,,,,434,0.01979200169444084,,,,,,,,
,,,,,,,,,5.776315789473684e-08,439,,,,,,,,,
2,,,,,,,,,,439,0.04247689247131348,,,,,,,,
,,,,,,,,,5.842105263157895e-08,444,,,,,,,,,
2,,,,,,,,,,444,0.08332633972167969,,,,,,,,
,,,,,,,,,5.9078947368421046e-08,449,,,,,,,,,
2,,,,,,,,,,449,0.1180669367313385,,,,,,,,
,,,,,,,,,5.973684210526315e-08,454,,,,,,,,,
2,,,,,,,,,,454,0.06946504861116409,,,,,,,,
2,,,,,,,,,,455,,0.42500001192092896,0.0,0.08186549693346024,0.08186549693346024,0.08537942916154861,0.0,0.0,0.09619232267141342
,,,,,,,,,6.039473684210527e-08,459,,,,,,,,,
3,,,,,,,,,,459,0.06076138839125633,,,,,,,,
,,,,,,,,,6.105263157894736e-08,464,,,,,,,,,
3,,,,,,,,,,464,0.07641156762838364,,,,,,,,
,,,,,,,,,6.171052631578946e-08,469,,,,,,,,,
3,,,,,,,,,,469,0.012106441892683506,,,,,,,,
,,,,,,,,,6.236842105263158e-08,474,,,,,,,,,
3,,,,,,,,,,474,0.11549601703882217,,,,,,,,
,,,,,,,,,6.302631578947367e-08,479,,,,,,,,,
3,,,,,,,,,,479,0.09521345049142838,,,,,,,,
,,,,,,,,,6.368421052631579e-08,484,,,,,,,,,
3,,,,,,,,,,484,0.0829022154211998,,,,,,,,
,,,,,,,,,6.43421052631579e-08,489,,,,,,,,,
3,,,,,,,,,,489,0.07181822508573532,,,,,,,,
,,,,,,,,,6.5e-08,494,,,,,,,,,
3,,,,,,,,,,494,0.07114415615797043,,,,,,,,
,,,,,,,,,6.56578947368421e-08,499,,,,,,,,,
3,,,,,,,,,,499,0.028448868542909622,,,,,,,,
,,,,,,,,,6.631578947368421e-08,504,,,,,,,,,
3,,,,,,,,,,504,0.1055307388305664,,,,,,,,
,,,,,,,,,6.697368421052631e-08,509,,,,,,,,,
3,,,,,,,,,,509,0.11073367297649384,,,,,,,,
,,,,,,,,,6.763157894736842e-08,514,,,,,,,,,
3,,,,,,,,,,514,0.07315824180841446,,,,,,,,
,,,,,,,,,6.828947368421052e-08,519,,,,,,,,,
3,,,,,,,,,,519,0.07736466079950333,,,,,,,,
,,,,,,,,,6.894736842105263e-08,524,,,,,,,,,
3,,,,,,,,,,524,0.09785642474889755,,,,,,,,
,,,,,,,,,6.960526315789473e-08,529,,,,,,,,,
3,,,,,,,,,,529,0.06003783270716667,,,,,,,,
,,,,,,,,,7.026315789473685e-08,534,,,,,,,,,
3,,,,,,,,,,534,0.09703270345926285,,,,,,,,
,,,,,,,,,7.092105263157895e-08,539,,,,,,,,,
3,,,,,,,,,,539,0.07885951548814774,,,,,,,,
,,,,,,,,,7.157894736842105e-08,544,,,,,,,,,
3,,,,,,,,,,544,0.08480862528085709,,,,,,,,
,,,,,,,,,7.223684210526315e-08,549,,,,,,,,,
3,,,,,,,,,,549,0.06753024458885193,,,,,,,,
,,,,,,,,,7.289473684210525e-08,554,,,,,,,,,
3,,,,,,,,,,554,0.11083494126796722,,,,,,,,
,,,,,,,,,7.355263157894737e-08,559,,,,,,,,,
3,,,,,,,,,,559,0.048852428793907166,,,,,,,,
,,,,,,,,,7.421052631578948e-08,564,,,,,,,,,
3,,,,,,,,,,564,0.11273779720067978,,,,,,,,
,,,,,,,,,7.486842105263158e-08,569,,,,,,,,,
3,,,,,,,,,,569,0.07411939650774002,,,,,,,,
,,,,,,,,,7.552631578947367e-08,574,,,,,,,,,
3,,,,,,,,,,574,0.07068926095962524,,,,,,,,
,,,,,,,,,7.618421052631578e-08,579,,,,,,,,,
3,,,,,,,,,,579,0.07708128541707993,,,,,,,,
,,,,,,,,,7.68421052631579e-08,584,,,,,,,,,
3,,,,,,,,,,584,0.1219482272863388,,,,,,,,
,,,,,,,,,7.75e-08,589,,,,,,,,,
3,,,,,,,,,,589,0.03440719470381737,,,,,,,,
,,,,,,,,,7.81578947368421e-08,594,,,,,,,,,
3,,,,,,,,,,594,0.03720855712890625,,,,,,,,
,,,,,,,,,7.881578947368421e-08,599,,,,,,,,,
3,,,,,,,,,,599,0.05704459547996521,,,,,,,,
,,,,,,,,,7.947368421052631e-08,604,,,,,,,,,
3,,,,,,,,,,604,0.11998830735683441,,,,,,,,
3,,,,,,,,,,607,,0.42500001192092896,0.0,0.08183906227350235,0.08183906227350235,0.07588854432106018,0.0,0.0,0.08898524194955826
,,,,,,,,,8.013157894736842e-08,609,,,,,,,,,
4,,,,,,,,,,609,0.0943509116768837,,,,,,,,
,,,,,,,,,8.078947368421052e-08,614,,,,,,,,,
4,,,,,,,,,,614,0.09947645664215088,,,,,,,,
,,,,,,,,,8.144736842105263e-08,619,,,,,,,,,
4,,,,,,,,,,619,0.1282418668270111,,,,,,,,
,,,,,,,,,8.210526315789473e-08,624,,,,,,,,,
4,,,,,,,,,,624,0.12876644730567932,,,,,,,,
,,,,,,,,,8.276315789473684e-08,629,,,,,,,,,
4,,,,,,,,,,629,0.07200048118829727,,,,,,,,
,,,,,,,,,8.342105263157895e-08,634,,,,,,,,,
4,,,,,,,,,,634,0.10095131397247314,,,,,,,,
,,,,,,,,,8.407894736842106e-08,639,,,,,,,,,
4,,,,,,,,,,639,0.10394737869501114,,,,,,,,
,,,,,,,,,8.473684210526315e-08,644,,,,,,,,,
4,,,,,,,,,,644,0.0977577269077301,,,,,,,,
,,,,,,,,,8.539473684210525e-08,649,,,,,,,,,
4,,,,,,,,,,649,0.07641089707612991,,,,,,,,
,,,,,,,,,8.605263157894736e-08,654,,,,,,,,,
4,,,,,,,,,,654,0.09850779175758362,,,,,,,,
,,,,,,,,,8.671052631578948e-08,659,,,,,,,,,
4,,,,,,,,,,659,0.0696229413151741,,,,,,,,
,,,,,,,,,8.736842105263158e-08,664,,,,,,,,,
4,,,,,,,,,,664,0.07679293304681778,,,,,,,,
,,,,,,,,,8.802631578947368e-08,669,,,,,,,,,
4,,,,,,,,,,669,0.11055067926645279,,,,,,,,
,,,,,,,,,8.868421052631579e-08,674,,,,,,,,,
4,,,,,,,,,,674,0.049444179981946945,,,,,,,,
,,,,,,,,,8.934210526315788e-08,679,,,,,,,,,
4,,,,,,,,,,679,0.08927338570356369,,,,,,,,
,,,,,,,,,9e-08,684,,,,,,,,,
4,,,,,,,,,,684,0.08499457687139511,,,,,,,,
,,,,,,,,,9.06578947368421e-08,689,,,,,,,,,
4,,,,,,,,,,689,0.12107528001070023,,,,,,,,
,,,,,,,,,9.131578947368421e-08,694,,,,,,,,,
4,,,,,,,,,,694,0.029619742184877396,,,,,,,,
,,,,,,,,,9.197368421052631e-08,699,,,,,,,,,
4,,,,,,,,,,699,0.09315048158168793,,,,,,,,
,,,,,,,,,9.263157894736842e-08,704,,,,,,,,,
4,,,,,,,,,,704,0.11728569120168686,,,,,,,,
,,,,,,,,,9.328947368421053e-08,709,,,,,,,,,
4,,,,,,,,,,709,0.10824775695800781,,,,,,,,
,,,,,,,,,9.394736842105263e-08,714,,,,,,,,,
4,,,,,,,,,,714,0.06591728329658508,,,,,,,,
,,,,,,,,,9.460526315789473e-08,719,,,,,,,,,
4,,,,,,,,,,719,0.06070230156183243,,,,,,,,
,,,,,,,,,9.526315789473683e-08,724,,,,,,,,,
4,,,,,,,,,,724,0.04960782080888748,,,,,,,,
,,,,,,,,,9.592105263157894e-08,729,,,,,,,,,
4,,,,,,,,,,729,0.07721728831529617,,,,,,,,
,,,,,,,,,9.657894736842106e-08,734,,,,,,,,,
4,,,,,,,,,,734,0.07922299951314926,,,,,,,,
,,,,,,,,,9.723684210526316e-08,739,,,,,,,,,
4,,,,,,,,,,739,0.134959414601326,,,,,,,,
,,,,,,,,,9.789473684210525e-08,744,,,,,,,,,
4,,,,,,,,,,744,0.0675501897931099,,,,,,,,
,,,,,,,,,9.855263157894736e-08,749,,,,,,,,,
4,,,,,,,,,,749,0.05218471959233284,,,,,,,,
,,,,,,,,,9.921052631578946e-08,754,,,,,,,,,
4,,,,,,,,,,754,0.08484342694282532,,,,,,,,
,,,,,,,,,9.986842105263158e-08,759,,,,,,,,,
4,,,,,,,,,,759,0.0824434757232666,,,,,,,,
4,,,,,,,,,,759,,0.42500001192092896,0.0,0.08180387318134308,0.08180387318134308,0.06817904859781265,0.0,0.0,0.07330336421728134
,,,,,,,,,1.0052631578947368e-07,764,,,,,,,,,
5,,,,,,,,,,764,0.09742198884487152,,,,,,,,
,,,,,,,,,1.0118421052631579e-07,769,,,,,,,,,
5,,,,,,,,,,769,0.10272657126188278,,,,,,,,
,,,,,,,,,1.018421052631579e-07,774,,,,,,,,,
5,,,,,,,,,,774,0.12492997944355011,,,,,,,,
,,,,,,,,,1.0249999999999998e-07,779,,,,,,,,,
5,,,,,,,,,,779,0.08179513365030289,,,,,,,,
,,,,,,,,,1.031578947368421e-07,784,,,,,,,,,
5,,,,,,,,,,784,0.07441730052232742,,,,,,,,
,,,,,,,,,1.0381578947368421e-07,789,,,,,,,,,
5,,,,,,,,,,789,0.0767393484711647,,,,,,,,
,,,,,,,,,1.0447368421052631e-07,794,,,,,,,,,
5,,,,,,,,,,794,0.09021586924791336,,,,,,,,
,,,,,,,,,1.0513157894736842e-07,799,,,,,,,,,
5,,,,,,,,,,799,0.09102281928062439,,,,,,,,
,,,,,,,,,1.0578947368421052e-07,804,,,,,,,,,
5,,,,,,,,,,804,0.06830694526433945,,,,,,,,
,,,,,,,,,1.0644736842105264e-07,809,,,,,,,,,
5,,,,,,,,,,809,0.02938850224018097,,,,,,,,
,,,,,,,,,1.0710526315789473e-07,814,,,,,,,,,
5,,,,,,,,,,814,0.07409583777189255,,,,,,,,
,,,,,,,,,1.0776315789473683e-07,819,,,,,,,,,
5,,,,,,,,,,819,0.08514951914548874,,,,,,,,
,,,,,,,,,1.0842105263157894e-07,824,,,,,,,,,
5,,,,,,,,,,824,0.090626560151577,,,,,,,,
,,,,,,,,,1.0907894736842104e-07,829,,,,,,,,,
5,,,,,,,,,,829,0.08535836637020111,,,,,,,,
,,,,,,,,,1.0973684210526316e-07,834,,,,,,,,,
5,,,,,,,,,,834,0.0603756457567215,,,,,,,,
,,,,,,,,,1.1039473684210527e-07,839,,,,,,,,,
5,,,,,,,,,,839,0.1373838484287262,,,,,,,,
,,,,,,,,,1.1105263157894737e-07,844,,,,,,,,,
5,,,,,,,,,,844,0.1014232337474823,,,,,,,,
,,,,,,,,,1.1171052631578946e-07,849,,,,,,,,,
5,,,,,,,,,,849,0.09247077256441116,,,,,,,,
,,,,,,,,,1.1236842105263157e-07,854,,,,,,,,,
5,,,,,,,,,,854,0.10332050174474716,,,,,,,,
,,,,,,,,,1.1302631578947368e-07,859,,,,,,,,,
5,,,,,,,,,,859,0.06263963878154755,,,,,,,,
,,,,,,,,,1.1368421052631579e-07,864,,,,,,,,,
5,,,,,,,,,,864,0.059552524238824844,,,,,,,,
,,,,,,,,,1.1434210526315789e-07,869,,,,,,,,,
5,,,,,,,,,,869,0.05499935895204544,,,,,,,,
,,,,,,,,,1.15e-07,874,,,,,,,,,
5,,,,,,,,,,874,0.03563918545842171,,,,,,,,
,,,,,,,,,1.1565789473684209e-07,879,,,,,,,,,
5,,,,,,,,,,879,0.09991947561502457,,,,,,,,
,,,,,,,,,1.163157894736842e-07,884,,,,,,,,,
5,,,,,,,,,,884,0.08588491380214691,,,,,,,,
,,,,,,,,,1.1697368421052631e-07,889,,,,,,,,,
5,,,,,,,,,,889,0.06015515699982643,,,,,,,,
,,,,,,,,,1.1763157894736842e-07,894,,,,,,,,,
5,,,,,,,,,,894,0.07827938348054886,,,,,,,,
,,,,,,,,,1.1828947368421052e-07,899,,,,,,,,,
5,,,,,,,,,,899,0.12451878190040588,,,,,,,,
,,,,,,,,,1.1894736842105262e-07,904,,,,,,,,,
5,,,,,,,,,,904,0.07254315167665482,,,,,,,,
,,,,,,,,,1.1960526315789474e-07,909,,,,,,,,,
5,,,,,,,,,,909,0.04808517172932625,,,,,,,,
5,,,,,,,,,,911,,0.42500001192092896,0.0,0.08175995200872421,0.08175995200872421,0.049289774149656296,0.0,0.0,0.046564362943172455
,,,,,,,,,1.2026315789473682e-07,914,,,,,,,,,
6,,,,,,,,,,914,0.08650137484073639,,,,,,,,
,,,,,,,,,1.2092105263157893e-07,919,,,,,,,,,
6,,,,,,,,,,919,0.04332592338323593,,,,,,,,
,,,,,,,,,1.2157894736842106e-07,924,,,,,,,,,
6,,,,,,,,,,924,0.05409257858991623,,,,,,,,
,,,,,,,,,1.2223684210526316e-07,929,,,,,,,,,
6,,,,,,,,,,929,0.0742102786898613,,,,,,,,
,,,,,,,,,1.2289473684210527e-07,934,,,,,,,,,
6,,,,,,,,,,934,0.04758181795477867,,,,,,,,
,,,,,,,,,1.2355263157894737e-07,939,,,,,,,,,
6,,,,,,,,,,939,0.08846624940633774,,,,,,,,
,,,,,,,,,1.2421052631578947e-07,944,,,,,,,,,
6,,,,,,,,,,944,0.07672643661499023,,,,,,,,
,,,,,,,,,1.2486842105263158e-07,949,,,,,,,,,
6,,,,,,,,,,949,0.06860193610191345,,,,,,,,
,,,,,,,,,1.2552631578947368e-07,954,,,,,,,,,
6,,,,,,,,,,954,0.10582323372364044,,,,,,,,
,,,,,,,,,1.261842105263158e-07,959,,,,,,,,,
6,,,,,,,,,,959,0.10000555962324142,,,,,,,,
,,,,,,,,,1.268421052631579e-07,964,,,,,,,,,
6,,,,,,,,,,964,0.09906990081071854,,,,,,,,
,,,,,,,,,1.275e-07,969,,,,,,,,,
6,,,,,,,,,,969,0.024990467354655266,,,,,,,,
,,,,,,,,,1.281578947368421e-07,974,,,,,,,,,
6,,,,,,,,,,974,0.06497421115636826,,,,,,,,
,,,,,,,,,1.288157894736842e-07,979,,,,,,,,,
6,,,,,,,,,,979,0.052164942026138306,,,,,,,,
,,,,,,,,,1.294736842105263e-07,984,,,,,,,,,
6,,,,,,,,,,984,0.09289123117923737,,,,,,,,
,,,,,,,,,1.3013157894736842e-07,989,,,,,,,,,
6,,,,,,,,,,989,0.08925759792327881,,,,,,,,
,,,,,,,,,1.3078947368421055e-07,994,,,,,,,,,
6,,,,,,,,,,994,0.09879704564809799,,,,,,,,
,,,,,,,,,1.3144736842105262e-07,999,,,,,,,,,
6,,,,,,,,,,999,0.09262075275182724,,,,,,,,
,,,,,,,,,1.3210526315789473e-07,1004,,,,,,,,,
6,,,,,,,,,,1004,0.07289344072341919,,,,,,,,
,,,,,,,,,1.3276315789473683e-07,1009,,,,,,,,,
6,,,,,,,,,,1009,0.08641959726810455,,,,,,,,
,,,,,,,,,1.3342105263157894e-07,1014,,,,,,,,,
6,,,,,,,,,,1014,0.11357431858778,,,,,,,,
,,,,,,,,,1.3407894736842104e-07,1019,,,,,,,,,
6,,,,,,,,,,1019,0.02137434296309948,,,,,,,,
,,,,,,,,,1.3473684210526315e-07,1024,,,,,,,,,
6,,,,,,,,,,1024,0.0562874861061573,,,,,,,,
,,,,,,,,,1.3539473684210525e-07,1029,,,,,,,,,
6,,,,,,,,,,1029,0.10867602378129959,,,,,,,,
,,,,,,,,,1.3605263157894736e-07,1034,,,,,,,,,
6,,,,,,,,,,1034,0.14618176221847534,,,,,,,,
,,,,,,,,,1.3671052631578946e-07,1039,,,,,,,,,
6,,,,,,,,,,1039,0.07965642213821411,,,,,,,,
,,,,,,,,,1.3736842105263156e-07,1044,,,,,,,,,
6,,,,,,,,,,1044,0.13745267689228058,,,,,,,,
,,,,,,,,,1.380263157894737e-07,1049,,,,,,,,,
6,,,,,,,,,,1049,0.12056994438171387,,,,,,,,
,,,,,,,,,1.386842105263158e-07,1054,,,,,,,,,
6,,,,,,,,,,1054,0.10485751181840897,,,,,,,,
,,,,,,,,,1.393421052631579e-07,1059,,,,,,,,,
6,,,,,,,,,,1059,0.07336403429508209,,,,,,,,
6,,,,,,,,,,1063,,0.42500001192092896,0.0,0.08171220123767853,0.08171220123767853,0.04056565463542938,0.0,0.0,0.03146938607096672
,,,,,,,,,1.4e-07,1064,,,,,,,,,
7,,,,,,,,,,1064,0.15381884574890137,,,,,,,,
,,,,,,,,,1.406578947368421e-07,1069,,,,,,,,,
7,,,,,,,,,,1069,0.06041750684380531,,,,,,,,
,,,,,,,,,1.413157894736842e-07,1074,,,,,,,,,
7,,,,,,,,,,1074,0.1414417326450348,,,,,,,,
,,,,,,,,,1.419736842105263e-07,1079,,,,,,,,,
7,,,,,,,,,,1079,0.11205355077981949,,,,,,,,
,,,,,,,,,1.426315789473684e-07,1084,,,,,,,,,
7,,,,,,,,,,1084,0.05019264295697212,,,,,,,,
,,,,,,,,,1.432894736842105e-07,1089,,,,,,,,,
7,,,,,,,,,,1089,0.08892255276441574,,,,,,,,
,,,,,,,,,1.439473684210526e-07,1094,,,,,,,,,
7,,,,,,,,,,1094,0.10764945298433304,,,,,,,,
,,,,,,,,,1.4460526315789474e-07,1099,,,,,,,,,
7,,,,,,,,,,1099,0.05276654660701752,,,,,,,,
,,,,,,,,,1.4526315789473685e-07,1104,,,,,,,,,
7,,,,,,,,,,1104,0.054727159440517426,,,,,,,,
,,,,,,,,,1.4592105263157895e-07,1109,,,,,,,,,
7,,,,,,,,,,1109,0.05079624801874161,,,,,,,,
,,,,,,,,,1.4657894736842105e-07,1114,,,,,,,,,
7,,,,,,,,,,1114,0.06962548941373825,,,,,,,,
,,,,,,,,,1.4723684210526316e-07,1119,,,,,,,,,
7,,,,,,,,,,1119,0.07403924316167831,,,,,,,,
,,,,,,,,,1.4789473684210526e-07,1124,,,,,,,,,
7,,,,,,,,,,1124,0.07428775727748871,,,,,,,,
,,,,,,,,,1.4855263157894737e-07,1129,,,,,,,,,
7,,,,,,,,,,1129,0.09870697557926178,,,,,,,,
,,,,,,,,,1.4921052631578945e-07,1134,,,,,,,,,
7,,,,,,,,,,1134,0.10053645819425583,,,,,,,,
,,,,,,,,,1.4986842105263155e-07,1139,,,,,,,,,
7,,,,,,,,,,1139,0.07086145877838135,,,,,,,,
,,,,,,,,,1.5052631578947366e-07,1144,,,,,,,,,
7,,,,,,,,,,1144,0.05035872384905815,,,,,,,,
,,,,,,,,,1.5118421052631579e-07,1149,,,,,,,,,
7,,,,,,,,,,1149,0.06353501230478287,,,,,,,,
,,,,,,,,,1.518421052631579e-07,1154,,,,,,,,,
7,,,,,,,,,,1154,0.10270249843597412,,,,,,,,
,,,,,,,,,1.525e-07,1159,,,,,,,,,
7,,,,,,,,,,1159,0.016805030405521393,,,,,,,,
,,,,,,,,,1.531578947368421e-07,1164,,,,,,,,,
7,,,,,,,,,,1164,0.04502710700035095,,,,,,,,
,,,,,,,,,1.538157894736842e-07,1169,,,,,,,,,
7,,,,,,,,,,1169,0.046370599418878555,,,,,,,,
,,,,,,,,,1.544736842105263e-07,1174,,,,,,,,,
7,,,,,,,,,,1174,0.06664494425058365,,,,,,,,
,,,,,,,,,1.5513157894736841e-07,1179,,,,,,,,,
7,,,,,,,,,,1179,0.06564439833164215,,,,,,,,
,,,,,,,,,1.5578947368421052e-07,1184,,,,,,,,,
7,,,,,,,,,,1184,0.06438468396663666,,,,,,,,
,,,,,,,,,1.5644736842105262e-07,1189,,,,,,,,,
7,,,,,,,,,,1189,0.09433551132678986,,,,,,,,
,,,,,,,,,1.5710526315789473e-07,1194,,,,,,,,,
7,,,,,,,,,,1194,0.07725182175636292,,,,,,,,
,,,,,,,,,1.5776315789473686e-07,1199,,,,,,,,,
7,,,,,,,,,,1199,0.03361820802092552,,,,,,,,
,,,,,,,,,1.5842105263157894e-07,1204,,,,,,,,,
7,,,,,,,,,,1204,0.1496240198612213,,,,,,,,
,,,,,,,,,1.5907894736842104e-07,1209,,,,,,,,,
7,,,,,,,,,,1209,0.09056083112955093,,,,,,,,
,,,,,,,,,1.5973684210526315e-07,1214,,,,,,,,,
7,,,,,,,,,,1214,0.0861540287733078,,,,,,,,
7,,,,,,,,,,1215,,0.4375,0.042553190141916275,0.08165256679058075,0.08165256679058075,0.028752058744430542,1.0,0.021739130839705467,0.0026527720037847757
,,,,,,,,,1.6039473684210525e-07,1219,,,,,,,,,
8,,,,,,,,,,1219,0.046552132815122604,,,,,,,,
,,,,,,,,,1.6105263157894735e-07,1224,,,,,,,,,
8,,,,,,,,,,1224,0.09200013428926468,,,,,,,,
,,,,,,,,,1.6171052631578946e-07,1229,,,,,,,,,
8,,,,,,,,,,1229,0.1042013093829155,,,,,,,,
,,,,,,,,,1.6236842105263156e-07,1234,,,,,,,,,
8,,,,,,,,,,1234,0.05088413506746292,,,,,,,,
,,,,,,,,,1.6302631578947367e-07,1239,,,,,,,,,
8,,,,,,,,,,1239,0.10793580859899521,,,,,,,,
,,,,,,,,,1.6368421052631577e-07,1244,,,,,,,,,
8,,,,,,,,,,1244,0.076238252222538,,,,,,,,
,,,,,,,,,1.643421052631579e-07,1249,,,,,,,,,
8,,,,,,,,,,1249,0.0970243290066719,,,,,,,,
,,,,,,,,,1.65e-07,1254,,,,,,,,,
8,,,,,,,,,,1254,0.13161753118038177,,,,,,,,
,,,,,,,,,1.656578947368421e-07,1259,,,,,,,,,
8,,,,,,,,,,1259,0.1395794004201889,,,,,,,,
,,,,,,,,,1.6631578947368422e-07,1264,,,,,,,,,
8,,,,,,,,,,1264,0.05905511975288391,,,,,,,,
,,,,,,,,,1.669736842105263e-07,1269,,,,,,,,,
8,,,,,,,,,,1269,0.027946049347519875,,,,,,,,
,,,,,,,,,1.676315789473684e-07,1274,,,,,,,,,
8,,,,,,,,,,1274,0.09706638753414154,,,,,,,,
,,,,,,,,,1.682894736842105e-07,1279,,,,,,,,,
8,,,,,,,,,,1279,0.045401446521282196,,,,,,,,
,,,,,,,,,1.689473684210526e-07,1284,,,,,,,,,
8,,,,,,,,,,1284,0.05368070676922798,,,,,,,,
,,,,,,,,,1.6960526315789471e-07,1289,,,,,,,,,
8,,,,,,,,,,1289,0.053312815725803375,,,,,,,,
,,,,,,,,,1.7026315789473682e-07,1294,,,,,,,,,
8,,,,,,,,,,1294,0.07667628675699234,,,,,,,,
,,,,,,,,,1.7092105263157895e-07,1299,,,,,,,,,
8,,,,,,,,,,1299,0.04370807856321335,,,,,,,,
,,,,,,,,,1.7157894736842105e-07,1304,,,,,,,,,
8,,,,,,,,,,1304,0.08067642897367477,,,,,,,,
,,,,,,,,,1.7223684210526316e-07,1309,,,,,,,,,
8,,,,,,,,,,1309,0.11591266840696335,,,,,,,,
,,,,,,,,,1.7289473684210526e-07,1314,,,,,,,,,
8,,,,,,,,,,1314,0.042758163064718246,,,,,,,,
,,,,,,,,,1.7355263157894737e-07,1319,,,,,,,,,
8,,,,,,,,,,1319,0.029777130112051964,,,,,,,,
,,,,,,,,,1.7421052631578947e-07,1324,,,,,,,,,
8,,,,,,,,,,1324,0.0701688826084137,,,,,,,,
,,,,,,,,,1.7486842105263158e-07,1329,,,,,,,,,
8,,,,,,,,,,1329,0.05526948347687721,,,,,,,,
,,,,,,,,,1.7552631578947368e-07,1334,,,,,,,,,
8,,,,,,,,,,1334,0.053116049617528915,,,,,,,,
,,,,,,,,,1.7618421052631576e-07,1339,,,,,,,,,
8,,,,,,,,,,1339,0.10160256177186966,,,,,,,,
,,,,,,,,,1.7684210526315786e-07,1344,,,,,,,,,
8,,,,,,,,,,1344,0.06137659773230553,,,,,,,,
,,,,,,,,,1.775e-07,1349,,,,,,,,,
8,,,,,,,,,,1349,0.10652580857276917,,,,,,,,
,,,,,,,,,1.781578947368421e-07,1354,,,,,,,,,
8,,,,,,,,,,1354,0.09903229027986526,,,,,,,,
,,,,,,,,,1.788157894736842e-07,1359,,,,,,,,,
8,,,,,,,,,,1359,0.07261133193969727,,,,,,,,
,,,,,,,,,1.794736842105263e-07,1364,,,,,,,,,
8,,,,,,,,,,1364,0.01825837977230549,,,,,,,,
8,,,,,,,,,,1367,,0.42500001192092896,0.2068965584039688,0.08158479630947113,0.08158479630947113,0.025137925520539284,0.5,0.1304347813129425,-0.015224093571305275
,,,,,,,,,1.801315789473684e-07,1369,,,,,,,,,
9,,,,,,,,,,1369,0.06060158461332321,,,,,,,,
,,,,,,,,,1.8078947368421052e-07,1374,,,,,,,,,
9,,,,,,,,,,1374,0.1342311054468155,,,,,,,,
,,,,,,,,,1.8144736842105262e-07,1379,,,,,,,,,
9,,,,,,,,,,1379,0.07427722215652466,,,,,,,,
,,,,,,,,,1.8210526315789473e-07,1384,,,,,,,,,
9,,,,,,,,,,1384,0.09200173616409302,,,,,,,,
,,,,,,,,,1.8276315789473683e-07,1389,,,,,,,,,
9,,,,,,,,,,1389,0.08868252485990524,,,,,,,,
,,,,,,,,,1.8342105263157894e-07,1394,,,,,,,,,
9,,,,,,,,,,1394,0.11528994888067245,,,,,,,,
,,,,,,,,,1.8407894736842107e-07,1399,,,,,,,,,
9,,,,,,,,,,1399,0.13218027353286743,,,,,,,,
,,,,,,,,,1.8473684210526317e-07,1404,,,,,,,,,
9,,,,,,,,,,1404,0.11279141902923584,,,,,,,,
,,,,,,,,,1.8539473684210525e-07,1409,,,,,,,,,
9,,,,,,,,,,1409,0.0881187915802002,,,,,,,,
,,,,,,,,,1.8605263157894735e-07,1414,,,,,,,,,
9,,,,,,,,,,1414,0.07454293966293335,,,,,,,,
,,,,,,,,,1.8671052631578946e-07,1419,,,,,,,,,
9,,,,,,,,,,1419,0.13710659742355347,,,,,,,,
,,,,,,,,,1.8736842105263156e-07,1424,,,,,,,,,
9,,,,,,,,,,1424,0.09092140942811966,,,,,,,,
,,,,,,,,,1.8802631578947367e-07,1429,,,,,,,,,
9,,,,,,,,,,1429,0.029918750748038292,,,,,,,,
,,,,,,,,,1.8868421052631577e-07,1434,,,,,,,,,
9,,,,,,,,,,1434,0.09940095245838165,,,,,,,,
,,,,,,,,,1.8934210526315788e-07,1439,,,,,,,,,
9,,,,,,,,,,1439,0.07124583423137665,,,,,,,,
,,,,,,,,,1.8999999999999998e-07,1444,,,,,,,,,
9,,,,,,,,,,1444,0.08152636885643005,,,,,,,,
,,,,,,,,,1.906578947368421e-07,1449,,,,,,,,,
9,,,,,,,,,,1449,0.12382307648658752,,,,,,,,
,,,,,,,,,1.9131578947368422e-07,1454,,,,,,,,,
9,,,,,,,,,,1454,0.06197013333439827,,,,,,,,
,,,,,,,,,1.9197368421052632e-07,1459,,,,,,,,,
9,,,,,,,,,,1459,0.05353647470474243,,,,,,,,
,,,,,,,,,1.9263157894736843e-07,1464,,,,,,,,,
9,,,,,,,,,,1464,0.07891597598791122,,,,,,,,
,,,,,,,,,1.9328947368421053e-07,1469,,,,,,,,,
9,,,,,,,,,,1469,0.03318270295858383,,,,,,,,
,,,,,,,,,1.939473684210526e-07,1474,,,,,,,,,
9,,,,,,,,,,1474,0.06631334871053696,,,,,,,,
,,,,,,,,,1.946052631578947e-07,1479,,,,,,,,,
9,,,,,,,,,,1479,0.08802995085716248,,,,,,,,
,,,,,,,,,1.9526315789473682e-07,1484,,,,,,,,,
9,,,,,,,,,,1484,0.07003479450941086,,,,,,,,
,,,,,,,,,1.9592105263157892e-07,1489,,,,,,,,,
9,,,,,,,,,,1489,0.08825240284204483,,,,,,,,
,,,,,,,,,1.9657894736842103e-07,1494,,,,,,,,,
9,,,,,,,,,,1494,0.06645648926496506,,,,,,,,
,,,,,,,,,1.9723684210526316e-07,1499,,,,,,,,,
9,,,,,,,,,,1499,0.06579378992319107,,,,,,,,
,,,,,,,,,1.9789473684210526e-07,1504,,,,,,,,,
9,,,,,,,,,,1504,0.10674358159303665,,,,,,,,
,,,,,,,,,1.9855263157894737e-07,1509,,,,,,,,,
9,,,,,,,,,,1509,0.08538942039012909,,,,,,,,
,,,,,,,,,1.9921052631578947e-07,1514,,,,,,,,,
9,,,,,,,,,,1514,0.0864567756652832,,,,,,,,
,,,,,,,,,1.9986842105263158e-07,1519,,,,,,,,,
9,,,,,,,,,,1519,0.09988529235124588,,,,,,,,
9,,,,,,,,,,1519,,0.5249999761581421,0.5869565010070801,0.08152460306882858,0.08152460306882858,0.017595389857888222,0.5869565010070801,0.5869565010070801,-0.003943944349884987
,,,,,,,,,2.0052631578947368e-07,1524,,,,,,,,,
10,,,,,,,,,,1524,0.108729287981987,,,,,,,,
,,,,,,,,,2.0118421052631578e-07,1529,,,,,,,,,
10,,,,,,,,,,1529,0.11478180438280106,,,,,,,,
,,,,,,,,,2.018421052631579e-07,1534,,,,,,,,,
10,,,,,,,,,,1534,0.06237931177020073,,,,,,,,
,,,,,,,,,2.025e-07,1539,,,,,,,,,
10,,,,,,,,,,1539,0.11238391697406769,,,,,,,,
,,,,,,,,,2.0315789473684207e-07,1544,,,,,,,,,
10,,,,,,,,,,1544,0.09305059909820557,,,,,,,,
,,,,,,,,,2.038157894736842e-07,1549,,,,,,,,,
10,,,,,,,,,,1549,0.12785547971725464,,,,,,,,
,,,,,,,,,2.044736842105263e-07,1554,,,,,,,,,
10,,,,,,,,,,1554,0.09879565984010696,,,,,,,,
,,,,,,,,,2.051315789473684e-07,1559,,,,,,,,,
10,,,,,,,,,,1559,0.09608674049377441,,,,,,,,
,,,,,,,,,2.0578947368421052e-07,1564,,,,,,,,,
10,,,,,,,,,,1564,0.08393660932779312,,,,,,,,
,,,,,,,,,2.0644736842105262e-07,1569,,,,,,,,,
10,,,,,,,,,,1569,0.0665423646569252,,,,,,,,
,,,,,,,,,2.0710526315789473e-07,1574,,,,,,,,,
10,,,,,,,,,,1574,0.0671364963054657,,,,,,,,
,,,,,,,,,2.0776315789473683e-07,1579,,,,,,,,,
10,,,,,,,,,,1579,0.085732601583004,,,,,,,,
,,,,,,,,,2.0842105263157893e-07,1584,,,,,,,,,
10,,,,,,,,,,1584,0.040818020701408386,,,,,,,,
,,,,,,,,,2.0907894736842104e-07,1589,,,,,,,,,
10,,,,,,,,,,1589,0.0997169017791748,,,,,,,,
,,,,,,,,,2.0973684210526314e-07,1594,,,,,,,,,
10,,,,,,,,,,1594,0.04377361759543419,,,,,,,,
,,,,,,,,,2.1039473684210527e-07,1599,,,,,,,,,
10,,,,,,,,,,1599,0.06749926507472992,,,,,,,,
,,,,,,,,,2.1105263157894738e-07,1604,,,,,,,,,
10,,,,,,,,,,1604,0.02776213549077511,,,,,,,,
,,,,,,,,,2.1171052631578946e-07,1609,,,,,,,,,
10,,,,,,,,,,1609,0.08339274674654007,,,,,,,,
,,,,,,,,,2.1236842105263156e-07,1614,,,,,,,,,
10,,,,,,,,,,1614,0.11763434112071991,,,,,,,,
,,,,,,,,,2.1302631578947367e-07,1619,,,,,,,,,
10,,,,,,,,,,1619,0.08331678807735443,,,,,,,,
,,,,,,,,,2.1368421052631577e-07,1624,,,,,,,,,
10,,,,,,,,,,1624,0.035136014223098755,,,,,,,,
,,,,,,,,,2.1434210526315788e-07,1629,,,,,,,,,
10,,,,,,,,,,1629,0.0564466267824173,,,,,,,,
,,,,,,,,,2.1499999999999998e-07,1634,,,,,,,,,
10,,,,,,,,,,1634,0.08006031811237335,,,,,,,,
,,,,,,,,,2.1565789473684208e-07,1639,,,,,,,,,
10,,,,,,,,,,1639,0.09449751675128937,,,,,,,,
,,,,,,,,,2.163157894736842e-07,1644,,,,,,,,,
10,,,,,,,,,,1644,0.09272003918886185,,,,,,,,
,,,,,,,,,2.1697368421052632e-07,1649,,,,,,,,,
10,,,,,,,,,,1649,0.043086592108011246,,,,,,,,
,,,,,,,,,2.1763157894736842e-07,1654,,,,,,,,,
10,,,,,,,,,,1654,0.10833383351564407,,,,,,,,
,,,,,,,,,2.1828947368421053e-07,1659,,,,,,,,,
10,,,,,,,,,,1659,0.04034394398331642,,,,,,,,
,,,,,,,,,2.1894736842105263e-07,1664,,,,,,,,,
10,,,,,,,,,,1664,0.0825021043419838,,,,,,,,
,,,,,,,,,2.1960526315789474e-07,1669,,,,,,,,,
10,,,,,,,,,,1669,0.04556872695684433,,,,,,,,
10,,,,,,,,,,1671,,0.5625,0.684684693813324,0.08147560060024261,0.08147560060024261,0.011925444938242435,0.5846154093742371,0.8260869383811951,-0.011514907702803612
,,,,,,,,,2.2026315789473684e-07,1674,,,,,,,,,
11,,,,,,,,,,1674,0.1153082326054573,,,,,,,,
,,,,,,,,,2.2092105263157892e-07,1679,,,,,,,,,
11,,,,,,,,,,1679,0.11858878284692764,,,,,,,,
,,,,,,,,,2.2157894736842103e-07,1684,,,,,,,,,
11,,,,,,,,,,1684,0.06237437576055527,,,,,,,,
,,,,,,,,,2.2223684210526313e-07,1689,,,,,,,,,
11,,,,,,,,,,1689,0.05423973873257637,,,,,,,,
,,,,,,,,,2.2289473684210523e-07,1694,,,,,,,,,
11,,,,,,,,,,1694,0.04377935826778412,,,,,,,,
,,,,,,,,,2.2355263157894737e-07,1699,,,,,,,,,
11,,,,,,,,,,1699,0.10502523928880692,,,,,,,,
,,,,,,,,,2.2421052631578947e-07,1704,,,,,,,,,
11,,,,,,,,,,1704,0.12928342819213867,,,,,,,,
,,,,,,,,,2.2486842105263157e-07,1709,,,,,,,,,
11,,,,,,,,,,1709,0.09189928323030472,,,,,,,,
,,,,,,,,,2.2552631578947368e-07,1714,,,,,,,,,
11,,,,,,,,,,1714,0.07602003961801529,,,,,,,,
,,,,,,,,,2.2618421052631578e-07,1719,,,,,,,,,
11,,,,,,,,,,1719,0.10140877217054367,,,,,,,,
,,,,,,,,,2.268421052631579e-07,1724,,,,,,,,,
11,,,,,,,,,,1724,0.07882530987262726,,,,,,,,
,,,,,,,,,2.275e-07,1729,,,,,,,,,
11,,,,,,,,,,1729,0.058901652693748474,,,,,,,,
,,,,,,,,,2.281578947368421e-07,1734,,,,,,,,,
11,,,,,,,,,,1734,0.056854505091905594,,,,,,,,
,,,,,,,,,2.288157894736842e-07,1739,,,,,,,,,
11,,,,,,,,,,1739,0.03428098186850548,,,,,,,,
,,,,,,,,,2.2947368421052628e-07,1744,,,,,,,,,
11,,,,,,,,,,1744,0.11983473598957062,,,,,,,,
,,,,,,,,,2.301315789473684e-07,1749,,,,,,,,,
11,,,,,,,,,,1749,0.07480558007955551,,,,,,,,
,,,,,,,,,2.3078947368421052e-07,1754,,,,,,,,,
11,,,,,,,,,,1754,0.04160620644688606,,,,,,,,
,,,,,,,,,2.3144736842105262e-07,1759,,,,,,,,,
11,,,,,,,,,,1759,0.09139049053192139,,,,,,,,
,,,,,,,,,2.3210526315789472e-07,1764,,,,,,,,,
11,,,,,,,,,,1764,0.04632537439465523,,,,,,,,
,,,,,,,,,2.3276315789473683e-07,1769,,,,,,,,,
11,,,,,,,,,,1769,0.0869012400507927,,,,,,,,
,,,,,,,,,2.3342105263157893e-07,1774,,,,,,,,,
11,,,,,,,,,,1774,0.05884496122598648,,,,,,,,
,,,,,,,,,2.3407894736842104e-07,1779,,,,,,,,,
11,,,,,,,,,,1779,0.05169158801436424,,,,,,,,
,,,,,,,,,2.3473684210526314e-07,1784,,,,,,,,,
11,,,,,,,,,,1784,0.10850755125284195,,,,,,,,
,,,,,,,,,2.3539473684210525e-07,1789,,,,,,,,,
11,,,,,,,,,,1789,0.09127167612314224,,,,,,,,
,,,,,,,,,2.3605263157894735e-07,1794,,,,,,,,,
11,,,,,,,,,,1794,0.061129916459321976,,,,,,,,
,,,,,,,,,2.3671052631578948e-07,1799,,,,,,,,,
11,,,,,,,,,,1799,0.08351927250623703,,,,,,,,
,,,,,,,,,2.373684210526316e-07,1804,,,,,,,,,
11,,,,,,,,,,1804,0.0756852999329567,,,,,,,,
,,,,,,,,,2.380263157894737e-07,1809,,,,,,,,,
11,,,,,,,,,,1809,0.059957459568977356,,,,,,,,
,,,,,,,,,2.3868421052631577e-07,1814,,,,,,,,,
11,,,,,,,,,,1814,0.0795733630657196,,,,,,,,
,,,,,,,,,2.393421052631579e-07,1819,,,,,,,,,
11,,,,,,,,,,1819,0.06264787167310715,,,,,,,,
11,,,,,,,,,,1823,,0.574999988079071,0.7301587462425232,0.0814177393913269,0.0814177393913269,0.012049547396600246,0.574999988079071,1.0,0.004378247540444136
,,,,,,,,,2.4e-07,1824,,,,,,,,,
12,,,,,,,,,,1824,0.09819498658180237,,,,,,,,
,,,,,,,,,2.406578947368421e-07,1829,,,,,,,,,
12,,,,,,,,,,1829,0.062049366533756256,,,,,,,,
,,,,,,,,,2.413157894736842e-07,1834,,,,,,,,,
12,,,,,,,,,,1834,0.0588248036801815,,,,,,,,
,,,,,,,,,2.419736842105263e-07,1839,,,,,,,,,
12,,,,,,,,,,1839,0.12447508424520493,,,,,,,,
,,,,,,,,,2.426315789473684e-07,1844,,,,,,,,,
12,,,,,,,,,,1844,0.05483604967594147,,,,,,,,
,,,,,,,,,2.432894736842105e-07,1849,,,,,,,,,
12,,,,,,,,,,1849,0.05307750776410103,,,,,,,,
,,,,,,,,,2.439473684210526e-07,1854,,,,,,,,,
12,,,,,,,,,,1854,0.08985316008329391,,,,,,,,
,,,,,,,,,2.446052631578947e-07,1859,,,,,,,,,
12,,,,,,,,,,1859,0.0916639044880867,,,,,,,,
,,,,,,,,,2.452631578947368e-07,1864,,,,,,,,,
12,,,,,,,,,,1864,0.1168990209698677,,,,,,,,
,,,,,,,,,2.459210526315789e-07,1869,,,,,,,,,
12,,,,,,,,,,1869,0.12599362432956696,,,,,,,,
,,,,,,,,,2.465789473684211e-07,1874,,,,,,,,,
12,,,,,,,,,,1874,0.09543810039758682,,,,,,,,
,,,,,,,,,2.472368421052632e-07,1879,,,,,,,,,
12,,,,,,,,,,1879,0.11785687506198883,,,,,,,,
,,,,,,,,,2.4789473684210523e-07,1884,,,,,,,,,
12,,,,,,,,,,1884,0.09116359055042267,,,,,,,,
,,,,,,,,,2.4855263157894734e-07,1889,,,,,,,,,
12,,,,,,,,,,1889,0.037015341222286224,,,,,,,,
,,,,,,,,,2.4921052631578944e-07,1894,,,,,,,,,
12,,,,,,,,,,1894,0.08263515681028366,,,,,,,,
,,,,,,,,,2.4986842105263155e-07,1899,,,,,,,,,
12,,,,,,,,,,1899,0.07687906920909882,,,,,,,,
,,,,,,,,,2.505263157894737e-07,1904,,,,,,,,,
12,,,,,,,,,,1904,0.11917397379875183,,,,,,,,
,,,,,,,,,2.5118421052631576e-07,1909,,,,,,,,,
12,,,,,,,,,,1909,0.0840313658118248,,,,,,,,
,,,,,,,,,2.5184210526315786e-07,1914,,,,,,,,,
12,,,,,,,,,,1914,0.10954051464796066,,,,,,,,
,,,,,,,,,2.5249999999999996e-07,1919,,,,,,,,,
12,,,,,,,,,,1919,0.18552081286907196,,,,,,,,
,,,,,,,,,2.5315789473684207e-07,1924,,,,,,,,,
12,,,,,,,,,,1924,0.07856092602014542,,,,,,,,
,,,,,,,,,2.5381578947368423e-07,1929,,,,,,,,,
12,,,,,,,,,,1929,0.018464669585227966,,,,,,,,
,,,,,,,,,2.544736842105263e-07,1934,,,,,,,,,
12,,,,,,,,,,1934,0.07804024964570999,,,,,,,,
,,,,,,,,,2.5513157894736844e-07,1939,,,,,,,,,
12,,,,,,,,,,1939,0.10386956483125687,,,,,,,,
,,,,,,,,,2.557894736842105e-07,1944,,,,,,,,,
12,,,,,,,,,,1944,0.06806952506303787,,,,,,,,
,,,,,,,,,2.5644736842105264e-07,1949,,,,,,,,,
12,,,,,,,,,,1949,0.11791376769542694,,,,,,,,
,,,,,,,,,2.571052631578947e-07,1954,,,,,,,,,
12,,,,,,,,,,1954,0.0768357440829277,,,,,,,,
,,,,,,,,,2.5776315789473685e-07,1959,,,,,,,,,
12,,,,,,,,,,1959,0.17147007584571838,,,,,,,,
,,,,,,,,,2.584210526315789e-07,1964,,,,,,,,,
12,,,,,,,,,,1964,0.07382708042860031,,,,,,,,
,,,,,,,,,2.5907894736842106e-07,1969,,,,,,,,,
12,,,,,,,,,,1969,0.051076650619506836,,,,,,,,
,,,,,,,,,2.5973684210526317e-07,1974,,,,,,,,,
12,,,,,,,,,,1974,0.16314588487148285,,,,,,,,
12,,,,,,,,,,1975,,0.574999988079071,0.7301587462425232,0.0813540369272232,0.0813540369272232,0.01453470066189766,0.574999988079071,1.0,0.0051177372224628925
,,,,,,,,,2.6039473684210527e-07,1979,,,,,,,,,
13,,,,,,,,,,1979,0.09673456102609634,,,,,,,,
,,,,,,,,,2.610526315789474e-07,1984,,,,,,,,,
13,,,,,,,,,,1984,0.07105348259210587,,,,,,,,
,,,,,,,,,2.6171052631578943e-07,1989,,,,,,,,,
13,,,,,,,,,,1989,0.09292823076248169,,,,,,,,
,,,,,,,,,2.623684210526316e-07,1994,,,,,,,,,
13,,,,,,,,,,1994,0.04149354249238968,,,,,,,,
,,,,,,,,,2.6302631578947364e-07,1999,,,,,,,,,
13,,,,,,,,,,1999,0.08769671618938446,,,,,,,,
,,,,,,,,,2.636842105263158e-07,2004,,,,,,,,,
13,,,,,,,,,,2004,0.05029188096523285,,,,,,,,
,,,,,,,,,2.6434210526315785e-07,2009,,,,,,,,,
13,,,,,,,,,,2009,0.036417242139577866,,,,,,,,
,,,,,,,,,2.65e-07,2014,,,,,,,,,
13,,,,,,,,,,2014,0.07304415851831436,,,,,,,,
,,,,,,,,,2.6565789473684206e-07,2019,,,,,,,,,
13,,,,,,,,,,2019,0.07921100407838821,,,,,,,,
,,,,,,,,,2.663157894736842e-07,2024,,,,,,,,,
13,,,,,,,,,,2024,0.08954055607318878,,,,,,,,
,,,,,,,,,2.669736842105263e-07,2029,,,,,,,,,
13,,,,,,,,,,2029,0.035306140780448914,,,,,,,,
,,,,,,,,,2.676315789473684e-07,2034,,,,,,,,,
13,,,,,,,,,,2034,0.08135947585105896,,,,,,,,
,,,,,,,,,2.6828947368421053e-07,2039,,,,,,,,,
13,,,,,,,,,,2039,0.0355471707880497,,,,,,,,
,,,,,,,,,2.6894736842105263e-07,2044,,,,,,,,,
13,,,,,,,,,,2044,0.08532866090536118,,,,,,,,
,,,,,,,,,2.6960526315789474e-07,2049,,,,,,,,,
13,,,,,,,,,,2049,0.04978911578655243,,,,,,,,
,,,,,,,,,2.702631578947368e-07,2054,,,,,,,,,
13,,,,,,,,,,2054,0.11058709770441055,,,,,,,,
,,,,,,,,,2.7092105263157894e-07,2059,,,,,,,,,
13,,,,,,,,,,2059,0.06350963562726974,,,,,,,,
,,,,,,,,,2.71578947368421e-07,2064,,,,,,,,,
13,,,,,,,,,,2064,0.14418981969356537,,,,,,,,
,,,,,,,,,2.7223684210526315e-07,2069,,,,,,,,,
13,,,,,,,,,,2069,0.12669479846954346,,,,,,,,
,,,,,,,,,2.7289473684210526e-07,2074,,,,,,,,,
13,,,,,,,,,,2074,0.0695185661315918,,,,,,,,
,,,,,,,,,2.7355263157894736e-07,2079,,,,,,,,,
13,,,,,,,,,,2079,0.1420031636953354,,,,,,,,
,,,,,,,,,2.7421052631578947e-07,2084,,,,,,,,,
13,,,,,,,,,,2084,0.06205083802342415,,,,,,,,
,,,,,,,,,2.7486842105263157e-07,2089,,,,,,,,,
13,,,,,,,,,,2089,0.06729727238416672,,,,,,,,
,,,,,,,,,2.755263157894737e-07,2094,,,,,,,,,
13,,,,,,,,,,2094,0.07410142570734024,,,,,,,,
,,,,,,,,,2.761842105263158e-07,2099,,,,,,,,,
13,,,,,,,,,,2099,0.056468941271305084,,,,,,,,
,,,,,,,,,2.768421052631579e-07,2104,,,,,,,,,
13,,,,,,,,,,2104,0.0914308950304985,,,,,,,,
,,,,,,,,,2.775e-07,2109,,,,,,,,,
13,,,,,,,,,,2109,0.031498875468969345,,,,,,,,
,,,,,,,,,2.781578947368421e-07,2114,,,,,,,,,
13,,,,,,,,,,2114,0.04691867530345917,,,,,,,,
,,,,,,,,,2.7881578947368415e-07,2119,,,,,,,,,
13,,,,,,,,,,2119,0.04420073702931404,,,,,,,,
,,,,,,,,,2.794736842105263e-07,2124,,,,,,,,,
13,,,,,,,,,,2124,0.08609860390424728,,,,,,,,
13,,,,,,,,,,2127,,0.574999988079071,0.7301587462425232,0.08130554854869843,0.08130554854869843,0.023753413930535316,0.574999988079071,1.0,0.014825004152953625
,,,,,,,,,2.801315789473684e-07,2129,,,,,,,,,
14,,,,,,,,,,2129,0.09772901237010956,,,,,,,,
,,,,,,,,,2.807894736842105e-07,2134,,,,,,,,,
14,,,,,,,,,,2134,0.07459580898284912,,,,,,,,
,,,,,,,,,2.814473684210526e-07,2139,,,,,,,,,
14,,,,,,,,,,2139,0.06987979263067245,,,,,,,,
,,,,,,,,,2.821052631578947e-07,2144,,,,,,,,,
14,,,,,,,,,,2144,0.050420425832271576,,,,,,,,
,,,,,,,,,2.827631578947368e-07,2149,,,,,,,,,
14,,,,,,,,,,2149,0.05472948029637337,,,,,,,,
,,,,,,,,,2.8342105263157893e-07,2154,,,,,,,,,
14,,,,,,,,,,2154,0.0538146011531353,,,,,,,,
,,,,,,,,,2.8407894736842104e-07,2159,,,,,,,,,
14,,,,,,,,,,2159,0.12087562680244446,,,,,,,,
,,,,,,,,,2.8473684210526314e-07,2164,,,,,,,,,
14,,,,,,,,,,2164,0.08824596554040909,,,,,,,,
,,,,,,,,,2.8539473684210524e-07,2169,,,,,,,,,
14,,,,,,,,,,2169,0.06747601181268692,,,,,,,,
,,,,,,,,,2.860526315789474e-07,2174,,,,,,,,,
14,,,,,,,,,,2174,0.11715009063482285,,,,,,,,
,,,,,,,,,2.8671052631578945e-07,2179,,,,,,,,,
14,,,,,,,,,,2179,0.10073104500770569,,,,,,,,
,,,,,,,,,2.873684210526316e-07,2184,,,,,,,,,
14,,,,,,,,,,2184,0.03732377290725708,,,,,,,,
,,,,,,,,,2.8802631578947366e-07,2189,,,,,,,,,
14,,,,,,,,,,2189,0.1641109138727188,,,,,,,,
,,,,,,,,,2.8868421052631577e-07,2194,,,,,,,,,
14,,,,,,,,,,2194,0.10290020704269409,,,,,,,,
,,,,,,,,,2.8934210526315787e-07,2199,,,,,,,,,
14,,,,,,,,,,2199,0.06711351871490479,,,,,,,,
,,,,,,,,,2.9e-07,2204,,,,,,,,,
14,,,,,,,,,,2204,0.1096576452255249,,,,,,,,
,,,,,,,,,2.906578947368421e-07,2209,,,,,,,,,
14,,,,,,,,,,2209,0.0736759603023529,,,,,,,,
,,,,,,,,,2.913157894736842e-07,2214,,,,,,,,,
14,,,,,,,,,,2214,0.09089360386133194,,,,,,,,
,,,,,,,,,2.9197368421052634e-07,2219,,,,,,,,,
14,,,,,,,,,,2219,0.09936615079641342,,,,,,,,
,,,,,,,,,2.926315789473684e-07,2224,,,,,,,,,
14,,,,,,,,,,2224,0.07068520784378052,,,,,,,,
,,,,,,,,,2.9328947368421055e-07,2229,,,,,,,,,
14,,,,,,,,,,2229,0.06043754890561104,,,,,,,,
,,,,,,,,,2.939473684210526e-07,2234,,,,,,,,,
14,,,,,,,,,,2234,0.05656171962618828,,,,,,,,
,,,,,,,,,2.9460526315789476e-07,2239,,,,,,,,,
14,,,,,,,,,,2239,0.07762247323989868,,,,,,,,
,,,,,,,,,2.952631578947368e-07,2244,,,,,,,,,
14,,,,,,,,,,2244,0.059029337018728256,,,,,,,,
,,,,,,,,,2.9592105263157897e-07,2249,,,,,,,,,
14,,,,,,,,,,2249,0.06559101492166519,,,,,,,,
,,,,,,,,,2.96578947368421e-07,2254,,,,,,,,,
14,,,,,,,,,,2254,0.052603580057621,,,,,,,,
,,,,,,,,,2.972368421052631e-07,2259,,,,,,,,,
14,,,,,,,,,,2259,0.09300676733255386,,,,,,,,
,,,,,,,,,2.9789473684210523e-07,2264,,,,,,,,,
14,,,,,,,,,,2264,0.03275422006845474,,,,,,,,
,,,,,,,,,2.9855263157894734e-07,2269,,,,,,,,,
14,,,,,,,,,,2269,0.10292542725801468,,,,,,,,
,,,,,,,,,2.992105263157895e-07,2274,,,,,,,,,
14,,,,,,,,,,2274,0.08229852467775345,,,,,,,,
,,,,,,,,,2.9986842105263154e-07,2279,,,,,,,,,
14,,,,,,,,,,2279,0.061822544783353806,,,,,,,,
14,,,,,,,,,,2279,,0.574999988079071,0.7301587462425232,0.08126240223646164,0.08126240223646164,0.0409853532910347,0.574999988079071,1.0,0.030589042231440544
,,,,,,,,,3.005263157894737e-07,2284,,,,,,,,,
15,,,,,,,,,,2284,0.10534314066171646,,,,,,,,
,,,,,,,,,3.0118421052631575e-07,2289,,,,,,,,,
15,,,,,,,,,,2289,0.06478778272867203,,,,,,,,
,,,,,,,,,3.018421052631579e-07,2294,,,,,,,,,
15,,,,,,,,,,2294,0.061895307153463364,,,,,,,,
,,,,,,,,,3.0249999999999996e-07,2299,,,,,,,,,
15,,,,,,,,,,2299,0.051932379603385925,,,,,,,,
,,,,,,,,,3.031578947368421e-07,2304,,,,,,,,,
15,,,,,,,,,,2304,0.08409547060728073,,,,,,,,
,,,,,,,,,3.0381578947368417e-07,2309,,,,,,,,,
15,,,,,,,,,,2309,0.09340962022542953,,,,,,,,
,,,,,,,,,3.0447368421052633e-07,2314,,,,,,,,,
15,,,,,,,,,,2314,0.08999195694923401,,,,,,,,
,,,,,,,,,3.051315789473684e-07,2319,,,,,,,,,
15,,,,,,,,,,2319,0.10049082338809967,,,,,,,,
,,,,,,,,,3.057894736842105e-07,2324,,,,,,,,,
15,,,,,,,,,,2324,0.06412292271852493,,,,,,,,
,,,,,,,,,3.0644736842105264e-07,2329,,,,,,,,,
15,,,,,,,,,,2329,0.06494922935962677,,,,,,,,
,,,,,,,,,3.071052631578947e-07,2334,,,,,,,,,
15,,,,,,,,,,2334,0.0764373317360878,,,,,,,,
,,,,,,,,,3.0776315789473685e-07,2339,,,,,,,,,
15,,,,,,,,,,2339,0.08143317699432373,,,,,,,,
,,,,,,,,,3.084210526315789e-07,2344,,,,,,,,,
15,,,,,,,,,,2344,0.08926774561405182,,,,,,,,
,,,,,,,,,3.0907894736842106e-07,2349,,,,,,,,,
15,,,,,,,,,,2349,0.07239352911710739,,,,,,,,
,,,,,,,,,3.097368421052631e-07,2354,,,,,,,,,
15,,,,,,,,,,2354,0.09785696119070053,,,,,,,,
,,,,,,,,,3.1039473684210527e-07,2359,,,,,,,,,
15,,,,,,,,,,2359,0.03304404392838478,,,,,,,,
,,,,,,,,,3.110526315789473e-07,2364,,,,,,,,,
15,,,,,,,,,,2364,0.07592037320137024,,,,,,,,
,,,,,,,,,3.117105263157895e-07,2369,,,,,,,,,
15,,,,,,,,,,2369,0.06292478740215302,,,,,,,,
,,,,,,,,,3.123684210526316e-07,2374,,,,,,,,,
15,,,,,,,,,,2374,0.0914907306432724,,,,,,,,
,,,,,,,,,3.130263157894737e-07,2379,,,,,,,,,
15,,,,,,,,,,2379,0.07228328287601471,,,,,,,,
,,,,,,,,,3.136842105263158e-07,2384,,,,,,,,,
15,,,,,,,,,,2384,0.09809433668851852,,,,,,,,
,,,,,,,,,3.1434210526315784e-07,2389,,,,,,,,,
15,,,,,,,,,,2389,0.023900965228676796,,,,,,,,
,,,,,,,,,3.15e-07,2394,,,,,,,,,
15,,,,,,,,,,2394,0.04926314204931259,,,,,,,,
,,,,,,,,,3.1565789473684205e-07,2399,,,,,,,,,
15,,,,,,,,,,2399,0.041044726967811584,,,,,,,,
,,,,,,,,,3.163157894736842e-07,2404,,,,,,,,,
15,,,,,,,,,,2404,0.08070063591003418,,,,,,,,
,,,,,,,,,3.1697368421052626e-07,2409,,,,,,,,,
15,,,,,,,,,,2409,0.07097641378641129,,,,,,,,
,,,,,,,,,3.176315789473684e-07,2414,,,,,,,,,
15,,,,,,,,,,2414,0.032108113169670105,,,,,,,,
,,,,,,,,,3.1828947368421047e-07,2419,,,,,,,,,
15,,,,,,,,,,2419,0.022717410698533058,,,,,,,,
,,,,,,,,,3.1894736842105263e-07,2424,,,,,,,,,
15,,,,,,,,,,2424,0.08543228358030319,,,,,,,,
,,,,,,,,,3.1960526315789473e-07,2429,,,,,,,,,
15,,,,,,,,,,2429,0.08230964839458466,,,,,,,,
15,,,,,,,,,,2431,,0.574999988079071,0.7301587462425232,0.08124469965696335,0.08124469965696335,0.06520215421915054,0.574999988079071,1.0,0.05250375717878342
,,,,,,,,,3.2026315789473684e-07,2434,,,,,,,,,
16,,,,,,,,,,2434,0.06250297278165817,,,,,,,,
,,,,,,,,,3.2092105263157894e-07,2439,,,,,,,,,
16,,,,,,,,,,2439,0.08563488721847534,,,,,,,,
,,,,,,,,,3.2157894736842105e-07,2444,,,,,,,,,
16,,,,,,,,,,2444,0.10539736598730087,,,,,,,,
,,,,,,,,,3.2223684210526315e-07,2449,,,,,,,,,
16,,,,,,,,,,2449,0.08644230663776398,,,,,,,,
,,,,,,,,,3.2289473684210526e-07,2454,,,,,,,,,
16,,,,,,,,,,2454,0.1278432011604309,,,,,,,,
,,,,,,,,,3.2355263157894736e-07,2459,,,,,,,,,
16,,,,,,,,,,2459,0.0572817362844944,,,,,,,,
,,,,,,,,,3.242105263157894e-07,2464,,,,,,,,,
16,,,,,,,,,,2464,0.09966019541025162,,,,,,,,
,,,,,,,,,3.2486842105263157e-07,2469,,,,,,,,,
16,,,,,,,,,,2469,0.0810423493385315,,,,,,,,
,,,,,,,,,3.255263157894737e-07,2474,,,,,,,,,
16,,,,,,,,,,2474,0.10776519775390625,,,,,,,,
,,,,,,,,,3.261842105263158e-07,2479,,,,,,,,,
16,,,,,,,,,,2479,0.0785973072052002,,,,,,,,
,,,,,,,,,3.268421052631579e-07,2484,,,,,,,,,
16,,,,,,,,,,2484,0.10119015723466873,,,,,,,,
,,,,,,,,,3.275e-07,2489,,,,,,,,,
16,,,,,,,,,,2489,0.09114287048578262,,,,,,,,
,,,,,,,,,3.281578947368421e-07,2494,,,,,,,,,
16,,,,,,,,,,2494,0.0827811062335968,,,,,,,,
,,,,,,,,,3.288157894736842e-07,2499,,,,,,,,,
16,,,,,,,,,,2499,0.04690184071660042,,,,,,,,
,,,,,,,,,3.294736842105263e-07,2504,,,,,,,,,
16,,,,,,,,,,2504,0.10030372440814972,,,,,,,,
,,,,,,,,,3.301315789473684e-07,2509,,,,,,,,,
16,,,,,,,,,,2509,0.08696024864912033,,,,,,,,
,,,,,,,,,3.307894736842105e-07,2514,,,,,,,,,
16,,,,,,,,,,2514,0.063431516289711,,,,,,,,
,,,,,,,,,3.3144736842105267e-07,2519,,,,,,,,,
16,,,,,,,,,,2519,0.06315219402313232,,,,,,,,
,,,,,,,,,3.321052631578947e-07,2524,,,,,,,,,
16,,,,,,,,,,2524,0.10492005199193954,,,,,,,,
,,,,,,,,,3.327631578947368e-07,2529,,,,,,,,,
16,,,,,,,,,,2529,0.04380191117525101,,,,,,,,
,,,,,,,,,3.3342105263157893e-07,2534,,,,,,,,,
16,,,,,,,,,,2534,0.0923602357506752,,,,,,,,
,,,,,,,,,3.3407894736842103e-07,2539,,,,,,,,,
16,,,,,,,,,,2539,0.12336350232362747,,,,,,,,
,,,,,,,,,3.3473684210526314e-07,2544,,,,,,,,,
16,,,,,,,,,,2544,0.107903853058815,,,,,,,,
,,,,,,,,,3.3539473684210524e-07,2549,,,,,,,,,
16,,,,,,,,,,2549,0.04278171807527542,,,,,,,,
,,,,,,,,,3.3605263157894735e-07,2554,,,,,,,,,
16,,,,,,,,,,2554,0.10680227726697922,,,,,,,,
,,,,,,,,,3.3671052631578945e-07,2559,,,,,,,,,
16,,,,,,,,,,2559,0.06954750418663025,,,,,,,,
,,,,,,,,,3.3736842105263156e-07,2564,,,,,,,,,
16,,,,,,,,,,2564,0.01636255718767643,,,,,,,,
,,,,,,,,,3.3802631578947366e-07,2569,,,,,,,,,
16,,,,,,,,,,2569,0.042641352862119675,,,,,,,,
,,,,,,,,,3.386842105263158e-07,2574,,,,,,,,,
16,,,,,,,,,,2574,0.08520731329917908,,,,,,,,
,,,,,,,,,3.3934210526315787e-07,2579,,,,,,,,,
16,,,,,,,,,,2579,0.07730703800916672,,,,,,,,
16,,,,,,,,,,2583,,0.574999988079071,0.7301587462425232,0.08127187937498093,0.08127187937498093,0.08311149477958679,0.574999988079071,1.0,0.07142529636621475
,,,,,,,,,3.4000000000000003e-07,2584,,,,,,,,,
17,,,,,,,,,,2584,0.09360150992870331,,,,,,,,
,,,,,,,,,3.406578947368421e-07,2589,,,,,,,,,
17,,,,,,,,,,2589,0.11330518126487732,,,,,,,,
,,,,,,,,,3.413157894736842e-07,2594,,,,,,,,,
17,,,,,,,,,,2594,0.15891458094120026,,,,,,,,
,,,,,,,,,3.419736842105263e-07,2599,,,,,,,,,
17,,,,,,,,,,2599,0.04776895418763161,,,,,,,,
,,,,,,,,,3.426315789473684e-07,2604,,,,,,,,,
17,,,,,,,,,,2604,0.08406154811382294,,,,,,,,
,,,,,,,,,3.432894736842105e-07,2609,,,,,,,,,
17,,,,,,,,,,2609,0.06787346303462982,,,,,,,,
,,,,,,,,,3.439473684210526e-07,2614,,,,,,,,,
17,,,,,,,,,,2614,0.0440840944647789,,,,,,,,
,,,,,,,,,3.446052631578947e-07,2619,,,,,,,,,
17,,,,,,,,,,2619,0.10712598264217377,,,,,,,,
,,,,,,,,,3.452631578947368e-07,2624,,,,,,,,,
17,,,,,,,,,,2624,0.08834871649742126,,,,,,,,
,,,,,,,,,3.4592105263157897e-07,2629,,,,,,,,,
17,,,,,,,,,,2629,0.11303558945655823,,,,,,,,
,,,,,,,,,3.46578947368421e-07,2634,,,,,,,,,
17,,,,,,,,,,2634,0.05032896250486374,,,,,,,,
,,,,,,,,,3.472368421052632e-07,2639,,,,,,,,,
17,,,,,,,,,,2639,0.0491144135594368,,,,,,,,
,,,,,,,,,3.4789473684210523e-07,2644,,,,,,,,,
17,,,,,,,,,,2644,0.06453477591276169,,,,,,,,
,,,,,,,,,3.485526315789474e-07,2649,,,,,,,,,
17,,,,,,,,,,2649,0.10280941426753998,,,,,,,,
,,,,,,,,,3.4921052631578944e-07,2654,,,,,,,,,
17,,,,,,,,,,2654,0.1420227438211441,,,,,,,,
,,,,,,,,,3.498684210526316e-07,2659,,,,,,,,,
17,,,,,,,,,,2659,0.07589628547430038,,,,,,,,
,,,,,,,,,3.5052631578947365e-07,2664,,,,,,,,,
17,,,,,,,,,,2664,0.06551021337509155,,,,,,,,
,,,,,,,,,3.5118421052631575e-07,2669,,,,,,,,,
17,,,,,,,,,,2669,0.062138281762599945,,,,,,,,
,,,,,,,,,3.518421052631579e-07,2674,,,,,,,,,
17,,,,,,,,,,2674,0.06317129731178284,,,,,,,,
,,,,,,,,,3.5249999999999996e-07,2679,,,,,,,,,
17,,,,,,,,,,2679,0.11049026250839233,,,,,,,,
,,,,,,,,,3.531578947368421e-07,2684,,,,,,,,,
17,,,,,,,,,,2684,0.06461960077285767,,,,,,,,
,,,,,,,,,3.5381578947368417e-07,2689,,,,,,,,,
17,,,,,,,,,,2689,0.038702234625816345,,,,,,,,
,,,,,,,,,3.5447368421052633e-07,2694,,,,,,,,,
17,,,,,,,,,,2694,0.09772749990224838,,,,,,,,
,,,,,,,,,3.551315789473684e-07,2699,,,,,,,,,
17,,,,,,,,,,2699,0.12221658229827881,,,,,,,,
,,,,,,,,,3.5578947368421054e-07,2704,,,,,,,,,
17,,,,,,,,,,2704,0.052456650882959366,,,,,,,,
,,,,,,,,,3.564473684210526e-07,2709,,,,,,,,,
17,,,,,,,,,,2709,0.07142069935798645,,,,,,,,
,,,,,,,,,3.5710526315789474e-07,2714,,,,,,,,,
17,,,,,,,,,,2714,0.11441545933485031,,,,,,,,
,,,,,,,,,3.577631578947368e-07,2719,,,,,,,,,
17,,,,,,,,,,2719,0.09625225514173508,,,,,,,,
,,,,,,,,,3.5842105263157895e-07,2724,,,,,,,,,
17,,,,,,,,,,2724,0.024504538625478745,,,,,,,,
,,,,,,,,,3.5907894736842106e-07,2729,,,,,,,,,
17,,,,,,,,,,2729,0.1000981554389,,,,,,,,
,,,,,,,,,3.597368421052631e-07,2734,,,,,,,,,
17,,,,,,,,,,2734,0.08664235472679138,,,,,,,,
17,,,,,,,,,,2735,,0.574999988079071,0.7301587462425232,0.08139186352491379,0.08139186352491379,0.08434873819351196,0.574999988079071,1.0,0.08736540377140045
,,,,,,,,,3.6039473684210527e-07,2739,,,,,,,,,
18,,,,,,,,,,2739,0.0908251404762268,,,,,,,,
,,,,,,,,,3.610526315789473e-07,2744,,,,,,,,,
18,,,,,,,,,,2744,0.07665721327066422,,,,,,,,
,,,,,,,,,3.617105263157895e-07,2749,,,,,,,,,
18,,,,,,,,,,2749,0.10130343586206436,,,,,,,,
,,,,,,,,,3.6236842105263153e-07,2754,,,,,,,,,
18,,,,,,,,,,2754,0.04954499378800392,,,,,,,,
,,,,,,,,,3.630263157894737e-07,2759,,,,,,,,,
18,,,,,,,,,,2759,0.07620487362146378,,,,,,,,
,,,,,,,,,3.6368421052631574e-07,2764,,,,,,,,,
18,,,,,,,,,,2764,0.16794238984584808,,,,,,,,
,,,,,,,,,3.643421052631579e-07,2769,,,,,,,,,
18,,,,,,,,,,2769,0.07596536725759506,,,,,,,,
,,,,,,,,,3.65e-07,2774,,,,,,,,,
18,,,,,,,,,,2774,0.1001235842704773,,,,,,,,
,,,,,,,,,3.656578947368421e-07,2779,,,,,,,,,
18,,,,,,,,,,2779,0.13160185515880585,,,,,,,,
,,,,,,,,,3.663157894736842e-07,2784,,,,,,,,,
18,,,,,,,,,,2784,0.035239074379205704,,,,,,,,
,,,,,,,,,3.669736842105263e-07,2789,,,,,,,,,
18,,,,,,,,,,2789,0.05052684620022774,,,,,,,,
,,,,,,,,,3.676315789473684e-07,2794,,,,,,,,,
18,,,,,,,,,,2794,0.07030584663152695,,,,,,,,
,,,,,,,,,3.6828947368421047e-07,2799,,,,,,,,,
18,,,,,,,,,,2799,0.07653430849313736,,,,,,,,
,,,,,,,,,3.6894736842105263e-07,2804,,,,,,,,,
18,,,,,,,,,,2804,0.06687505543231964,,,,,,,,
,,,,,,,,,3.696052631578947e-07,2809,,,,,,,,,
18,,,,,,,,,,2809,0.059244755655527115,,,,,,,,
,,,,,,,,,3.7026315789473684e-07,2814,,,,,,,,,
18,,,,,,,,,,2814,0.070588618516922,,,,,,,,
,,,,,,,,,3.709210526315789e-07,2819,,,,,,,,,
18,,,,,,,,,,2819,0.07189005613327026,,,,,,,,
,,,,,,,,,3.7157894736842104e-07,2824,,,,,,,,,
18,,,,,,,,,,2824,0.07958290725946426,,,,,,,,
,,,,,,,,,3.7223684210526315e-07,2829,,,,,,,,,
18,,,,,,,,,,2829,0.11523383110761642,,,,,,,,
,,,,,,,,,3.7289473684210525e-07,2834,,,,,,,,,
18,,,,,,,,,,2834,0.04614873602986336,,,,,,,,
,,,,,,,,,3.7355263157894736e-07,2839,,,,,,,,,
18,,,,,,,,,,2839,0.08755841106176376,,,,,,,,
,,,,,,,,,3.7421052631578946e-07,2844,,,,,,,,,
18,,,,,,,,,,2844,0.12777924537658691,,,,,,,,
,,,,,,,,,3.7486842105263157e-07,2849,,,,,,,,,
18,,,,,,,,,,2849,0.06866452097892761,,,,,,,,
,,,,,,,,,3.7552631578947367e-07,2854,,,,,,,,,
18,,,,,,,,,,2854,0.12298519164323807,,,,,,,,
,,,,,,,,,3.761842105263158e-07,2859,,,,,,,,,
18,,,,,,,,,,2859,0.0876082330942154,,,,,,,,
,,,,,,,,,3.7684210526315783e-07,2864,,,,,,,,,
18,,,,,,,,,,2864,0.07455748319625854,,,,,,,,
,,,,,,,,,3.775e-07,2869,,,,,,,,,
18,,,,,,,,,,2869,0.05109485611319542,,,,,,,,
,,,,,,,,,3.781578947368421e-07,2874,,,,,,,,,
18,,,,,,,,,,2874,0.11712778359651566,,,,,,,,
,,,,,,,,,3.788157894736842e-07,2879,,,,,,,,,
18,,,,,,,,,,2879,0.08191589266061783,,,,,,,,
,,,,,,,,,3.794736842105263e-07,2884,,,,,,,,,
18,,,,,,,,,,2884,0.13870808482170105,,,,,,,,
18,,,,,,,,,,2887,,0.574999988079071,0.7301587462425232,0.08147267252206802,0.08147267252206802,0.09377386420965195,0.574999988079071,1.0,0.09918549656867981
,,,,,,,,,3.801315789473684e-07,2889,,,,,,,,,
19,,,,,,,,,,2889,0.05006912723183632,,,,,,,,
,,,,,,,,,3.807894736842105e-07,2894,,,,,,,,,
19,,,,,,,,,,2894,0.12464353442192078,,,,,,,,
,,,,,,,,,3.814473684210526e-07,2899,,,,,,,,,
19,,,,,,,,,,2899,0.07989522069692612,,,,,,,,
,,,,,,,,,3.821052631578947e-07,2904,,,,,,,,,
19,,,,,,,,,,2904,0.09764419496059418,,,,,,,,
,,,,,,,,,3.827631578947368e-07,2909,,,,,,,,,
19,,,,,,,,,,2909,0.048845868557691574,,,,,,,,
,,,,,,,,,3.834210526315789e-07,2914,,,,,,,,,
19,,,,,,,,,,2914,0.015799688175320625,,,,,,,,
,,,,,,,,,3.840789473684211e-07,2919,,,,,,,,,
19,,,,,,,,,,2919,0.040399160236120224,,,,,,,,
,,,,,,,,,3.8473684210526314e-07,2924,,,,,,,,,
19,,,,,,,,,,2924,0.12849846482276917,,,,,,,,
,,,,,,,,,3.853947368421053e-07,2929,,,,,,,,,
19,,,,,,,,,,2929,0.044779568910598755,,,,,,,,
,,,,,,,,,3.8605263157894734e-07,2934,,,,,,,,,
19,,,,,,,,,,2934,0.07926421612501144,,,,,,,,
,,,,,,,,,3.8671052631578945e-07,2939,,,,,,,,,
19,,,,,,,,,,2939,0.07258936017751694,,,,,,,,
,,,,,,,,,3.8736842105263155e-07,2944,,,,,,,,,
19,,,,,,,,,,2944,0.039628203958272934,,,,,,,,
,,,,,,,,,3.8802631578947366e-07,2949,,,,,,,,,
19,,,,,,,,,,2949,0.10320398211479187,,,,,,,,
,,,,,,,,,3.8868421052631576e-07,2954,,,,,,,,,
19,,,,,,,,,,2954,0.06439933180809021,,,,,,,,
,,,,,,,,,3.8934210526315787e-07,2959,,,,,,,,,
19,,,,,,,,,,2959,0.07248488068580627,,,,,,,,
,,,,,,,,,3.8999999999999997e-07,2964,,,,,,,,,
19,,,,,,,,,,2964,0.10949136316776276,,,,,,,,
,,,,,,,,,3.906578947368421e-07,2969,,,,,,,,,
19,,,,,,,,,,2969,0.07427676022052765,,,,,,,,
,,,,,,,,,3.9131578947368423e-07,2974,,,,,,,,,
19,,,,,,,,,,2974,0.08956930786371231,,,,,,,,
,,,,,,,,,3.919736842105263e-07,2979,,,,,,,,,
19,,,,,,,,,,2979,0.105889692902565,,,,,,,,
,,,,,,,,,3.9263157894736844e-07,2984,,,,,,,,,
19,,,,,,,,,,2984,0.051025889813899994,,,,,,,,
,,,,,,,,,3.932894736842105e-07,2989,,,,,,,,,
19,,,,,,,,,,2989,0.10345004498958588,,,,,,,,
,,,,,,,,,3.9394736842105265e-07,2994,,,,,,,,,
19,,,,,,,,,,2994,0.11776231229305267,,,,,,,,
,,,,,,,,,3.946052631578947e-07,2999,,,,,,,,,
19,,,,,,,,,,2999,0.098300039768219,,,,,,,,
,,,,,,,,,3.952631578947368e-07,3004,,,,,,,,,
19,,,,,,,,,,3004,0.061123501509428024,,,,,,,,
,,,,,,,,,3.959210526315789e-07,3009,,,,,,,,,
19,,,,,,,,,,3009,0.104363352060318,,,,,,,,
,,,,,,,,,3.96578947368421e-07,3014,,,,,,,,,
19,,,,,,,,,,3014,0.08727360516786575,,,,,,,,
,,,,,,,,,3.972368421052631e-07,3019,,,,,,,,,
19,,,,,,,,,,3019,0.0967266783118248,,,,,,,,
,,,,,,,,,3.978947368421052e-07,3024,,,,,,,,,
19,,,,,,,,,,3024,0.044172968715429306,,,,,,,,
,,,,,,,,,3.985526315789474e-07,3029,,,,,,,,,
19,,,,,,,,,,3029,0.09774870425462723,,,,,,,,
,,,,,,,,,3.9921052631578944e-07,3034,,,,,,,,,
19,,,,,,,,,,3034,0.11584561318159103,,,,,,,,
,,,,,,,,,3.998684210526316e-07,3039,,,,,,,,,
19,,,,,,,,,,3039,0.09370937943458557,,,,,,,,
19,,,,,,,,,,3039,,0.574999988079071,0.7301587462425232,0.08155365288257599,0.08155365288257599,0.10284017771482468,0.574999988079071,1.0,0.11855307966470718
,,,,,,,,,4.0052631578947364e-07,3044,,,,,,,,,
20,,,,,,,,,,3044,0.10063790529966354,,,,,,,,
,,,,,,,,,4.011842105263158e-07,3049,,,,,,,,,
20,,,,,,,,,,3049,0.059461560100317,,,,,,,,
,,,,,,,,,4.0184210526315785e-07,3054,,,,,,,,,
20,,,,,,,,,,3054,0.14393126964569092,,,,,,,,
,,,,,,,,,4.025e-07,3059,,,,,,,,,
20,,,,,,,,,,3059,0.0491153858602047,,,,,,,,
,,,,,,,,,4.0315789473684206e-07,3064,,,,,,,,,
20,,,,,,,,,,3064,0.09972034394741058,,,,,,,,
,,,,,,,,,4.0381578947368417e-07,3069,,,,,,,,,
20,,,,,,,,,,3069,0.09989797323942184,,,,,,,,
,,,,,,,,,4.044736842105263e-07,3074,,,,,,,,,
20,,,,,,,,,,3074,0.04115784913301468,,,,,,,,
,,,,,,,,,4.051315789473684e-07,3079,,,,,,,,,
20,,,,,,,,,,3079,0.1530844122171402,,,,,,,,
,,,,,,,,,4.0578947368421053e-07,3084,,,,,,,,,
20,,,,,,,,,,3084,0.07068151980638504,,,,,,,,
,,,,,,,,,4.064473684210526e-07,3089,,,,,,,,,
20,,,,,,,,,,3089,0.050710588693618774,,,,,,,,
,,,,,,,,,4.0710526315789474e-07,3094,,,,,,,,,
20,,,,,,,,,,3094,0.08620939403772354,,,,,,,,
,,,,,,,,,4.077631578947368e-07,3099,,,,,,,,,
20,,,,,,,,,,3099,0.04714922606945038,,,,,,,,
,,,,,,,,,4.0842105263157895e-07,3104,,,,,,,,,
20,,,,,,,,,,3104,0.0890086218714714,,,,,,,,
,,,,,,,,,4.09078947368421e-07,3109,,,,,,,,,
20,,,,,,,,,,3109,0.05041508749127388,,,,,,,,
,,,,,,,,,4.0973684210526316e-07,3114,,,,,,,,,
20,,,,,,,,,,3114,0.08862197399139404,,,,,,,,
,,,,,,,,,4.103947368421052e-07,3119,,,,,,,,,
20,,,,,,,,,,3119,0.08227811753749847,,,,,,,,
,,,,,,,,,4.1105263157894737e-07,3124,,,,,,,,,
20,,,,,,,,,,3124,0.11728011071681976,,,,,,,,
,,,,,,,,,4.117105263157895e-07,3129,,,,,,,,,
20,,,,,,,,,,3129,0.10334902256727219,,,,,,,,
,,,,,,,,,4.123684210526316e-07,3134,,,,,,,,,
20,,,,,,,,,,3134,0.0725243017077446,,,,,,,,
,,,,,,,,,4.130263157894737e-07,3139,,,,,,,,,
20,,,,,,,,,,3139,0.04041517898440361,,,,,,,,
,,,,,,,,,4.1368421052631574e-07,3144,,,,,,,,,
20,,,,,,,,,,3144,0.07950664311647415,,,,,,,,
,,,,,,,,,4.143421052631579e-07,3149,,,,,,,,,
20,,,,,,,,,,3149,0.06880145519971848,,,,,,,,
,,,,,,,,,4.1499999999999994e-07,3154,,,,,,,,,
20,,,,,,,,,,3154,0.04030760005116463,,,,,,,,
,,,,,,,,,4.156578947368421e-07,3159,,,,,,,,,
20,,,,,,,,,,3159,0.09694273769855499,,,,,,,,
,,,,,,,,,4.1631578947368415e-07,3164,,,,,,,,,
20,,,,,,,,,,3164,0.07318545877933502,,,,,,,,
,,,,,,,,,4.169736842105263e-07,3169,,,,,,,,,
20,,,,,,,,,,3169,0.039624299854040146,,,,,,,,
,,,,,,,,,4.176315789473684e-07,3174,,,,,,,,,
20,,,,,,,,,,3174,0.11502985656261444,,,,,,,,
,,,,,,,,,4.182894736842105e-07,3179,,,,,,,,,
20,,,,,,,,,,3179,0.0598200187087059,,,,,,,,
,,,,,,,,,4.189473684210526e-07,3184,,,,,,,,,
20,,,,,,,,,,3184,0.11408811807632446,,,,,,,,
,,,,,,,,,4.1960526315789473e-07,3189,,,,,,,,,
20,,,,,,,,,,3189,0.061672281473875046,,,,,,,,
20,,,,,,,,,,3191,,0.574999988079071,0.7301587462425232,0.08161641657352448,0.08161641657352448,0.10698521882295609,0.574999988079071,1.0,0.13472795486450195
,,,,,,,,,4.2026315789473683e-07,3194,,,,,,,,,
21,,,,,,,,,,3194,0.04572520777583122,,,,,,,,
,,,,,,,,,4.2092105263157894e-07,3199,,,,,,,,,
21,,,,,,,,,,3199,0.09496264159679413,,,,,,,,
,,,,,,,,,4.2157894736842104e-07,3204,,,,,,,,,
21,,,,,,,,,,3204,0.11475332081317902,,,,,,,,
,,,,,,,,,4.222368421052631e-07,3209,,,,,,,,,
21,,,,,,,,,,3209,0.08345673233270645,,,,,,,,
,,,,,,,,,4.2289473684210525e-07,3214,,,,,,,,,
21,,,,,,,,,,3214,0.05342654511332512,,,,,,,,
,,,,,,,,,4.235526315789473e-07,3219,,,,,,,,,
21,,,,,,,,,,3219,0.07361835241317749,,,,,,,,
,,,,,,,,,4.2421052631578946e-07,3224,,,,,,,,,
21,,,,,,,,,,3224,0.03914245590567589,,,,,,,,
,,,,,,,,,4.2486842105263157e-07,3229,,,,,,,,,
21,,,,,,,,,,3229,0.09382285177707672,,,,,,,,
,,,,,,,,,4.2552631578947367e-07,3234,,,,,,,,,
21,,,,,,,,,,3234,0.13669289648532867,,,,,,,,
,,,,,,,,,4.261842105263158e-07,3239,,,,,,,,,
21,,,,,,,,,,3239,0.04144028201699257,,,,,,,,
,,,,,,,,,4.268421052631579e-07,3244,,,,,,,,,
21,,,,,,,,,,3244,0.08971847593784332,,,,,,,,
,,,,,,,,,4.275e-07,3249,,,,,,,,,
21,,,,,,,,,,3249,0.02089798077940941,,,,,,,,
,,,,,,,,,4.281578947368421e-07,3254,,,,,,,,,
21,,,,,,,,,,3254,0.08874443918466568,,,,,,,,
,,,,,,,,,4.288157894736842e-07,3259,,,,,,,,,
21,,,,,,,,,,3259,0.08927372843027115,,,,,,,,
,,,,,,,,,4.294736842105263e-07,3264,,,,,,,,,
21,,,,,,,,,,3264,0.0908704623579979,,,,,,,,
,,,,,,,,,4.301315789473684e-07,3269,,,,,,,,,
21,,,,,,,,,,3269,0.046021223068237305,,,,,,,,
,,,,,,,,,4.307894736842105e-07,3274,,,,,,,,,
21,,,,,,,,,,3274,0.1255442500114441,,,,,,,,
,,,,,,,,,4.314473684210526e-07,3279,,,,,,,,,
21,,,,,,,,,,3279,0.10807667672634125,,,,,,,,
,,,,,,,,,4.321052631578947e-07,3284,,,,,,,,,
21,,,,,,,,,,3284,0.04876668378710747,,,,,,,,
,,,,,,,,,4.327631578947368e-07,3289,,,,,,,,,
21,,,,,,,,,,3289,0.08840424567461014,,,,,,,,
,,,,,,,,,4.334210526315789e-07,3294,,,,,,,,,
21,,,,,,,,,,3294,0.07535552978515625,,,,,,,,
,,,,,,,,,4.3407894736842103e-07,3299,,,,,,,,,
21,,,,,,,,,,3299,0.08820390701293945,,,,,,,,
,,,,,,,,,4.3473684210526313e-07,3304,,,,,,,,,
21,,,,,,,,,,3304,0.11928463727235794,,,,,,,,
,,,,,,,,,4.3539473684210524e-07,3309,,,,,,,,,
21,,,,,,,,,,3309,0.10036975145339966,,,,,,,,
,,,,,,,,,4.3605263157894734e-07,3314,,,,,,,,,
21,,,,,,,,,,3314,0.07281219214200974,,,,,,,,
,,,,,,,,,4.367105263157895e-07,3319,,,,,,,,,
21,,,,,,,,,,3319,0.13357754051685333,,,,,,,,
,,,,,,,,,4.3736842105263155e-07,3324,,,,,,,,,
21,,,,,,,,,,3324,0.05730508267879486,,,,,,,,
,,,,,,,,,4.380263157894737e-07,3329,,,,,,,,,
21,,,,,,,,,,3329,0.08745165169239044,,,,,,,,
,,,,,,,,,4.3868421052631576e-07,3334,,,,,,,,,
21,,,,,,,,,,3334,0.07117409259080887,,,,,,,,
,,,,,,,,,4.3934210526315786e-07,3339,,,,,,,,,
21,,,,,,,,,,3339,0.07651140540838242,,,,,,,,
21,,,,,,,,,,3343,,0.574999988079071,0.7301587462425232,0.08159811794757843,0.08159811794757843,0.10713645070791245,0.574999988079071,1.0,0.11418657004833221
,,,,,,,,,4.3999999999999997e-07,3344,,,,,,,,,
22,,,,,,,,,,3344,0.061786144971847534,,,,,,,,
,,,,,,,,,4.406578947368421e-07,3349,,,,,,,,,
22,,,,,,,,,,3349,0.08087289333343506,,,,,,,,
,,,,,,,,,4.413157894736842e-07,3354,,,,,,,,,
22,,,,,,,,,,3354,0.11498595774173737,,,,,,,,
,,,,,,,,,4.419736842105263e-07,3359,,,,,,,,,
22,,,,,,,,,,3359,0.07986119389533997,,,,,,,,
,,,,,,,,,4.426315789473684e-07,3364,,,,,,,,,
22,,,,,,,,,,3364,0.06940864771604538,,,,,,,,
,,,,,,,,,4.432894736842105e-07,3369,,,,,,,,,
22,,,,,,,,,,3369,0.13703955709934235,,,,,,,,
,,,,,,,,,4.4394736842105265e-07,3374,,,,,,,,,
22,,,,,,,,,,3374,0.12173794209957123,,,,,,,,
,,,,,,,,,4.446052631578947e-07,3379,,,,,,,,,
22,,,,,,,,,,3379,0.0779522955417633,,,,,,,,
,,,,,,,,,4.4526315789473686e-07,3384,,,,,,,,,
22,,,,,,,,,,3384,0.06231159716844559,,,,,,,,
,,,,,,,,,4.459210526315789e-07,3389,,,,,,,,,
22,,,,,,,,,,3389,0.052461836487054825,,,,,,,,
,,,,,,,,,4.4657894736842107e-07,3394,,,,,,,,,
22,,,,,,,,,,3394,0.11898510903120041,,,,,,,,
,,,,,,,,,4.472368421052631e-07,3399,,,,,,,,,
22,,,,,,,,,,3399,0.0635933056473732,,,,,,,,
,,,,,,,,,4.478947368421053e-07,3404,,,,,,,,,
22,,,,,,,,,,3404,0.07028406113386154,,,,,,,,
,,,,,,,,,4.4855263157894733e-07,3409,,,,,,,,,
22,,,,,,,,,,3409,0.05541456863284111,,,,,,,,
,,,,,,,,,4.4921052631578943e-07,3414,,,,,,,,,
22,,,,,,,,,,3414,0.07405500113964081,,,,,,,,
,,,,,,,,,4.4986842105263154e-07,3419,,,,,,,,,
22,,,,,,,,,,3419,0.04648987203836441,,,,,,,,
,,,,,,,,,4.5052631578947364e-07,3424,,,,,,,,,
22,,,,,,,,,,3424,0.0660732239484787,,,,,,,,
,,,,,,,,,4.511842105263158e-07,3429,,,,,,,,,
22,,,,,,,,,,3429,0.0495193675160408,,,,,,,,
,,,,,,,,,4.5184210526315785e-07,3434,,,,,,,,,
22,,,,,,,,,,3434,0.06917727738618851,,,,,,,,
,,,,,,,,,4.525e-07,3439,,,,,,,,,
22,,,,,,,,,,3439,0.14068050682544708,,,,,,,,
,,,,,,,,,4.5315789473684206e-07,3444,,,,,,,,,
22,,,,,,,,,,3444,0.026827162131667137,,,,,,,,
,,,,,,,,,4.538157894736842e-07,3449,,,,,,,,,
22,,,,,,,,,,3449,0.057920195162296295,,,,,,,,
,,,,,,,,,4.5447368421052627e-07,3454,,,,,,,,,
22,,,,,,,,,,3454,0.06847032159566879,,,,,,,,
,,,,,,,,,4.5513157894736843e-07,3459,,,,,,,,,
22,,,,,,,,,,3459,0.07170452922582626,,,,,,,,
,,,,,,,,,4.557894736842105e-07,3464,,,,,,,,,
22,,,,,,,,,,3464,0.052813511341810226,,,,,,,,
,,,,,,,,,4.5644736842105264e-07,3469,,,,,,,,,
22,,,,,,,,,,3469,0.11365579813718796,,,,,,,,
,,,,,,,,,4.5710526315789474e-07,3474,,,,,,,,,
22,,,,,,,,,,3474,0.044458743184804916,,,,,,,,
,,,,,,,,,4.577631578947368e-07,3479,,,,,,,,,
22,,,,,,,,,,3479,0.08299238234758377,,,,,,,,
,,,,,,,,,4.5842105263157895e-07,3484,,,,,,,,,
22,,,,,,,,,,3484,0.038371741771698,,,,,,,,
,,,,,,,,,4.59078947368421e-07,3489,,,,,,,,,
22,,,,,,,,,,3489,0.09128211438655853,,,,,,,,
,,,,,,,,,4.5973684210526316e-07,3494,,,,,,,,,
22,,,,,,,,,,3494,0.07433076202869415,,,,,,,,
22,,,,,,,,,,3495,,0.574999988079071,0.7301587462425232,0.08178360760211945,0.08178360760211945,0.11017365008592606,0.574999988079071,1.0,0.1269104927778244
,,,,,,,,,4.603947368421052e-07,3499,,,,,,,,,
23,,,,,,,,,,3499,0.08347102999687195,,,,,,,,
,,,,,,,,,4.6105263157894737e-07,3504,,,,,,,,,
23,,,,,,,,,,3504,0.06699375808238983,,,,,,,,
,,,,,,,,,4.617105263157894e-07,3509,,,,,,,,,
23,,,,,,,,,,3509,0.08518001437187195,,,,,,,,
,,,,,,,,,4.623684210526316e-07,3514,,,,,,,,,
23,,,,,,,,,,3514,0.08863973617553711,,,,,,,,
,,,,,,,,,4.6302631578947363e-07,3519,,,,,,,,,
23,,,,,,,,,,3519,0.04498400539159775,,,,,,,,
,,,,,,,,,4.636842105263158e-07,3524,,,,,,,,,
23,,,,,,,,,,3524,0.10797964036464691,,,,,,,,
,,,,,,,,,4.643421052631579e-07,3529,,,,,,,,,
23,,,,,,,,,,3529,0.04630177840590477,,,,,,,,
,,,,,,,,,4.65e-07,3534,,,,,,,,,
23,,,,,,,,,,3534,0.08491490036249161,,,,,,,,
,,,,,,,,,4.656578947368421e-07,3539,,,,,,,,,
23,,,,,,,,,,3539,0.056937359273433685,,,,,,,,
,,,,,,,,,4.6631578947368415e-07,3544,,,,,,,,,
23,,,,,,,,,,3544,0.07069452106952667,,,,,,,,
,,,,,,,,,4.669736842105263e-07,3549,,,,,,,,,
23,,,,,,,,,,3549,0.13648603856563568,,,,,,,,
,,,,,,,,,4.6763157894736836e-07,3554,,,,,,,,,
23,,,,,,,,,,3554,0.04456602782011032,,,,,,,,
,,,,,,,,,4.682894736842105e-07,3559,,,,,,,,,
23,,,,,,,,,,3559,0.07844356447458267,,,,,,,,
,,,,,,,,,4.6894736842105257e-07,3564,,,,,,,,,
23,,,,,,,,,,3564,0.11269503831863403,,,,,,,,
,,,,,,,,,4.6960526315789473e-07,3569,,,,,,,,,
23,,,,,,,,,,3569,0.026093585416674614,,,,,,,,
,,,,,,,,,4.7026315789473683e-07,3574,,,,,,,,,
23,,,,,,,,,,3574,0.06827150285243988,,,,,,,,
,,,,,,,,,4.7092105263157894e-07,3579,,,,,,,,,
23,,,,,,,,,,3579,0.0666045993566513,,,,,,,,
,,,,,,,,,4.7157894736842104e-07,3584,,,,,,,,,
23,,,,,,,,,,3584,0.12167488783597946,,,,,,,,
,,,,,,,,,4.7223684210526314e-07,3589,,,,,,,,,
23,,,,,,,,,,3589,0.0836942046880722,,,,,,,,
,,,,,,,,,4.7289473684210525e-07,3594,,,,,,,,,
23,,,,,,,,,,3594,0.03191175311803818,,,,,,,,
,,,,,,,,,4.7355263157894735e-07,3599,,,,,,,,,
23,,,,,,,,,,3599,0.040254857391119,,,,,,,,
,,,,,,,,,4.7421052631578946e-07,3604,,,,,,,,,
23,,,,,,,,,,3604,0.05095922574400902,,,,,,,,
,,,,,,,,,4.7486842105263156e-07,3609,,,,,,,,,
23,,,,,,,,,,3609,0.0826033428311348,,,,,,,,
,,,,,,,,,4.7552631578947367e-07,3614,,,,,,,,,
23,,,,,,,,,,3614,0.12518467009067535,,,,,,,,
,,,,,,,,,4.761842105263157e-07,3619,,,,,,,,,
23,,,,,,,,,,3619,0.0770760029554367,,,,,,,,
,,,,,,,,,4.768421052631579e-07,3624,,,,,,,,,
23,,,,,,,,,,3624,0.10049214214086533,,,,,,,,
,,,,,,,,,4.775e-07,3629,,,,,,,,,
23,,,,,,,,,,3629,0.08902144432067871,,,,,,,,
,,,,,,,,,4.781578947368421e-07,3634,,,,,,,,,
23,,,,,,,,,,3634,0.09554022550582886,,,,,,,,
,,,,,,,,,4.788157894736842e-07,3639,,,,,,,,,
23,,,,,,,,,,3639,0.1131356954574585,,,,,,,,
,,,,,,,,,4.794736842105263e-07,3644,,,,,,,,,
23,,,,,,,,,,3644,0.05396758019924164,,,,,,,,
23,,,,,,,,,,3647,,0.574999988079071,0.7301587462425232,0.08173920959234238,0.08173920959234238,0.11047908663749695,0.574999988079071,1.0,0.11618201434612274
,,,,,,,,,4.801315789473684e-07,3649,,,,,,,,,
24,,,,,,,,,,3649,0.10435540974140167,,,,,,,,
,,,,,,,,,4.807894736842105e-07,3654,,,,,,,,,
24,,,,,,,,,,3654,0.10797774791717529,,,,,,,,
,,,,,,,,,4.814473684210526e-07,3659,,,,,,,,,
24,,,,,,,,,,3659,0.07580438256263733,,,,,,,,
,,,,,,,,,4.821052631578947e-07,3664,,,,,,,,,
24,,,,,,,,,,3664,0.11061207950115204,,,,,,,,
,,,,,,,,,4.827631578947368e-07,3669,,,,,,,,,
24,,,,,,,,,,3669,0.09382570534944534,,,,,,,,
,,,,,,,,,4.834210526315789e-07,3674,,,,,,,,,
24,,,,,,,,,,3674,0.11264380067586899,,,,,,,,
,,,,,,,,,4.84078947368421e-07,3679,,,,,,,,,
24,,,,,,,,,,3679,0.0926724374294281,,,,,,,,
,,,,,,,,,4.847368421052631e-07,3684,,,,,,,,,
24,,,,,,,,,,3684,0.09702456742525101,,,,,,,,
,,,,,,,,,4.853947368421052e-07,3689,,,,,,,,,
24,,,,,,,,,,3689,0.07719001173973083,,,,,,,,
,,,,,,,,,4.860526315789473e-07,3694,,,,,,,,,
24,,,,,,,,,,3694,0.04801690950989723,,,,,,,,
,,,,,,,,,4.867105263157894e-07,3699,,,,,,,,,
24,,,,,,,,,,3699,0.062302522361278534,,,,,,,,
,,,,,,,,,4.873684210526315e-07,3704,,,,,,,,,
24,,,,,,,,,,3704,0.06770752370357513,,,,,,,,
,,,,,,,,,4.880263157894737e-07,3709,,,,,,,,,
24,,,,,,,,,,3709,0.057822346687316895,,,,,,,,
,,,,,,,,,4.886842105263158e-07,3714,,,,,,,,,
24,,,,,,,,,,3714,0.05787186697125435,,,,,,,,
,,,,,,,,,4.893421052631579e-07,3719,,,,,,,,,
24,,,,,,,,,,3719,0.06803394109010696,,,,,,,,
,,,,,,,,,4.9e-07,3724,,,,,,,,,
24,,,,,,,,,,3724,0.09451013803482056,,,,,,,,
,,,,,,,,,4.906578947368421e-07,3729,,,,,,,,,
24,,,,,,,,,,3729,0.11857793480157852,,,,,,,,
,,,,,,,,,4.913157894736842e-07,3734,,,,,,,,,
24,,,,,,,,,,3734,0.04972919076681137,,,,,,,,
,,,,,,,,,4.919736842105263e-07,3739,,,,,,,,,
24,,,,,,,,,,3739,0.041392311453819275,,,,,,,,
,,,,,,,,,4.926315789473684e-07,3744,,,,,,,,,
24,,,,,,,,,,3744,0.058956656605005264,,,,,,,,
,,,,,,,,,4.932894736842105e-07,3749,,,,,,,,,
24,,,,,,,,,,3749,0.03397863730788231,,,,,,,,
,,,,,,,,,4.939473684210526e-07,3754,,,,,,,,,
24,,,,,,,,,,3754,0.11736851930618286,,,,,,,,
,,,,,,,,,4.946052631578947e-07,3759,,,,,,,,,
24,,,,,,,,,,3759,0.05336926877498627,,,,,,,,
,,,,,,,,,4.952631578947368e-07,3764,,,,,,,,,
24,,,,,,,,,,3764,0.08863876760005951,,,,,,,,
,,,,,,,,,4.959210526315789e-07,3769,,,,,,,,,
24,,,,,,,,,,3769,0.07790352404117584,,,,,,,,
,,,,,,,,,4.96578947368421e-07,3774,,,,,,,,,
24,,,,,,,,,,3774,0.07159850001335144,,,,,,,,
,,,,,,,,,4.972368421052631e-07,3779,,,,,,,,,
24,,,,,,,,,,3779,0.043737296015024185,,,,,,,,
,,,,,,,,,4.978947368421052e-07,3784,,,,,,,,,
24,,,,,,,,,,3784,0.09919572621583939,,,,,,,,
,,,,,,,,,4.985526315789473e-07,3789,,,,,,,,,
24,,,,,,,,,,3789,0.05813325569033623,,,,,,,,
,,,,,,,,,4.992105263157894e-07,3794,,,,,,,,,
24,,,,,,,,,,3794,0.09502922743558884,,,,,,,,
,,,,,,,,,4.998684210526315e-07,3799,,,,,,,,,
24,,,,,,,,,,3799,0.06491774320602417,,,,,,,,
24,,,,,,,,,,3799,,0.574999988079071,0.7301587462425232,0.08172518014907837,0.08172518014907837,0.11343614012002945,0.574999988079071,1.0,0.09449032694101334
,,,,,,,,,5.005263157894736e-07,3804,,,,,,,,,
25,,,,,,,,,,3804,0.07218634337186813,,,,,,,,
,,,,,,,,,5.011842105263157e-07,3809,,,,,,,,,
25,,,,,,,,,,3809,0.07370492815971375,,,,,,,,
,,,,,,,,,5.018421052631578e-07,3814,,,,,,,,,
25,,,,,,,,,,3814,0.08201753348112106,,,,,,,,
,,,,,,,,,5.025e-07,3819,,,,,,,,,
25,,,,,,,,,,3819,0.09173063188791275,,,,,,,,
,,,,,,,,,5.031578947368422e-07,3824,,,,,,,,,
25,,,,,,,,,,3824,0.035403333604335785,,,,,,,,
,,,,,,,,,5.038157894736842e-07,3829,,,,,,,,,
25,,,,,,,,,,3829,0.0966724157333374,,,,,,,,
,,,,,,,,,5.044736842105263e-07,3834,,,,,,,,,
25,,,,,,,,,,3834,0.07930037379264832,,,,,,,,
,,,,,,,,,5.051315789473684e-07,3839,,,,,,,,,
25,,,,,,,,,,3839,0.10316086560487747,,,,,,,,
,,,,,,,,,5.057894736842106e-07,3844,,,,,,,,,
25,,,,,,,,,,3844,0.0540914386510849,,,,,,,,
,,,,,,,,,5.064473684210526e-07,3849,,,,,,,,,
25,,,,,,,,,,3849,0.08823622018098831,,,,,,,,
,,,,,,,,,5.071052631578947e-07,3854,,,,,,,,,
25,,,,,,,,,,3854,0.12636670470237732,,,,,,,,
,,,,,,,,,5.077631578947368e-07,3859,,,,,,,,,
25,,,,,,,,,,3859,0.11308816820383072,,,,,,,,
,,,,,,,,,5.08421052631579e-07,3864,,,,,,,,,
25,,,,,,,,,,3864,0.09198454022407532,,,,,,,,
,,,,,,,,,5.090789473684211e-07,3869,,,,,,,,,
25,,,,,,,,,,3869,0.05934494733810425,,,,,,,,
,,,,,,,,,5.097368421052631e-07,3874,,,,,,,,,
25,,,,,,,,,,3874,0.08840218931436539,,,,,,,,
,,,,,,,,,5.103947368421052e-07,3879,,,,,,,,,
25,,,,,,,,,,3879,0.06957614421844482,,,,,,,,
,,,,,,,,,5.110526315789473e-07,3884,,,,,,,,,
25,,,,,,,,,,3884,0.04255285859107971,,,,,,,,
,,,,,,,,,5.117105263157895e-07,3889,,,,,,,,,
25,,,,,,,,,,3889,0.1134033128619194,,,,,,,,
,,,,,,,,,5.123684210526315e-07,3894,,,,,,,,,
25,,,,,,,,,,3894,0.08274424076080322,,,,,,,,
,,,,,,,,,5.130263157894736e-07,3899,,,,,,,,,
25,,,,,,,,,,3899,0.06996139883995056,,,,,,,,
,,,,,,,,,5.136842105263157e-07,3904,,,,,,,,,
25,,,,,,,,,,3904,0.06832627952098846,,,,,,,,
,,,,,,,,,5.143421052631579e-07,3909,,,,,,,,,
25,,,,,,,,,,3909,0.06019718572497368,,,,,,,,
,,,,,,,,,5.149999999999999e-07,3914,,,,,,,,,
25,,,,,,,,,,3914,0.09118292480707169,,,,,,,,
,,,,,,,,,5.15657894736842e-07,3919,,,,,,,,,
25,,,,,,,,,,3919,0.09416981786489487,,,,,,,,
,,,,,,,,,5.163157894736841e-07,3924,,,,,,,,,
25,,,,,,,,,,3924,0.05587559938430786,,,,,,,,
,,,,,,,,,5.169736842105264e-07,3929,,,,,,,,,
25,,,,,,,,,,3929,0.08869946002960205,,,,,,,,
,,,,,,,,,5.176315789473685e-07,3934,,,,,,,,,
25,,,,,,,,,,3934,0.11689845472574234,,,,,,,,
,,,,,,,,,5.182894736842105e-07,3939,,,,,,,,,
25,,,,,,,,,,3939,0.06323319673538208,,,,,,,,
,,,,,,,,,5.189473684210526e-07,3944,,,,,,,,,
25,,,,,,,,,,3944,0.09689448028802872,,,,,,,,
,,,,,,,,,5.196052631578948e-07,3949,,,,,,,,,
25,,,,,,,,,,3949,0.06153097748756409,,,,,,,,
25,,,,,,,,,,3951,,0.574999988079071,0.7301587462425232,0.08197686076164246,0.08197686076164246,0.11174590140581131,0.574999988079071,1.0,0.11100559681653976
,,,,,,,,,5.202631578947369e-07,3954,,,,,,,,,
26,,,,,,,,,,3954,0.11496266722679138,,,,,,,,
,,,,,,,,,5.209210526315789e-07,3959,,,,,,,,,
26,,,,,,,,,,3959,0.08528373390436172,,,,,,,,
,,,,,,,,,5.21578947368421e-07,3964,,,,,,,,,
26,,,,,,,,,,3964,0.09324408322572708,,,,,,,,
,,,,,,,,,5.222368421052631e-07,3969,,,,,,,,,
26,,,,,,,,,,3969,0.0876651182770729,,,,,,,,
,,,,,,,,,5.228947368421053e-07,3974,,,,,,,,,
26,,,,,,,,,,3974,0.1716957986354828,,,,,,,,
,,,,,,,,,5.235526315789474e-07,3979,,,,,,,,,
26,,,,,,,,,,3979,0.08939524739980698,,,,,,,,
,,,,,,,,,5.242105263157894e-07,3984,,,,,,,,,
26,,,,,,,,,,3984,0.10792931169271469,,,,,,,,
,,,,,,,,,5.248684210526315e-07,3989,,,,,,,,,
26,,,,,,,,,,3989,0.11223216354846954,,,,,,,,
,,,,,,,,,5.255263157894737e-07,3994,,,,,,,,,
26,,,,,,,,,,3994,0.055316030979156494,,,,,,,,
,,,,,,,,,5.261842105263158e-07,3999,,,,,,,,,
26,,,,,,,,,,3999,0.07745148986577988,,,,,,,,
,,,,,,,,,5.268421052631578e-07,4004,,,,,,,,,
26,,,,,,,,,,4004,0.11528655141592026,,,,,,,,
,,,,,,,,,5.274999999999999e-07,4009,,,,,,,,,
26,,,,,,,,,,4009,0.08478570729494095,,,,,,,,
,,,,,,,,,5.281578947368421e-07,4014,,,,,,,,,
26,,,,,,,,,,4014,0.1059531718492508,,,,,,,,
,,,,,,,,,5.288157894736842e-07,4019,,,,,,,,,
26,,,,,,,,,,4019,0.0350000225007534,,,,,,,,
,,,,,,,,,5.294736842105263e-07,4024,,,,,,,,,
26,,,,,,,,,,4024,0.06363610923290253,,,,,,,,
,,,,,,,,,5.301315789473683e-07,4029,,,,,,,,,
26,,,,,,,,,,4029,0.10665224492549896,,,,,,,,
,,,,,,,,,5.307894736842104e-07,4034,,,,,,,,,
26,,,,,,,,,,4034,0.06020123139023781,,,,,,,,
,,,,,,,,,5.314473684210527e-07,4039,,,,,,,,,
26,,,,,,,,,,4039,0.0899747908115387,,,,,,,,
,,,,,,,,,5.321052631578948e-07,4044,,,,,,,,,
26,,,,,,,,,,4044,0.09468142688274384,,,,,,,,
,,,,,,,,,5.327631578947368e-07,4049,,,,,,,,,
26,,,,,,,,,,4049,0.1300010085105896,,,,,,,,
,,,,,,,,,5.334210526315789e-07,4054,,,,,,,,,
26,,,,,,,,,,4054,0.04942017421126366,,,,,,,,
,,,,,,,,,5.340789473684211e-07,4059,,,,,,,,,
26,,,,,,,,,,4059,0.05621539056301117,,,,,,,,
,,,,,,,,,5.347368421052632e-07,4064,,,,,,,,,
26,,,,,,,,,,4064,0.10835325717926025,,,,,,,,
,,,,,,,,,5.353947368421052e-07,4069,,,,,,,,,
26,,,,,,,,,,4069,0.07525212317705154,,,,,,,,
,,,,,,,,,5.360526315789473e-07,4074,,,,,,,,,
26,,,,,,,,,,4074,0.08032498508691788,,,,,,,,
,,,,,,,,,5.367105263157895e-07,4079,,,,,,,,,
26,,,,,,,,,,4079,0.11881206929683685,,,,,,,,
,,,,,,,,,5.373684210526316e-07,4084,,,,,,,,,
26,,,,,,,,,,4084,0.04661623015999794,,,,,,,,
,,,,,,,,,5.380263157894737e-07,4089,,,,,,,,,
26,,,,,,,,,,4089,0.09642785787582397,,,,,,,,
,,,,,,,,,5.386842105263157e-07,4094,,,,,,,,,
26,,,,,,,,,,4094,0.03803910315036774,,,,,,,,
,,,,,,,,,5.393421052631578e-07,4099,,,,,,,,,
26,,,,,,,,,,4099,0.03026476688683033,,,,,,,,
26,,,,,,,,,,4103,,0.574999988079071,0.7301587462425232,0.08192858844995499,0.08192858844995499,0.10732562839984894,0.574999988079071,1.0,0.09136804193258286
,,,,,,,,,5.4e-07,4104,,,,,,,,,
27,,,,,,,,,,4104,0.07837723940610886,,,,,,,,
,,,,,,,,,5.406578947368421e-07,4109,,,,,,,,,
27,,,,,,,,,,4109,0.10053406655788422,,,,,,,,
,,,,,,,,,5.413157894736841e-07,4114,,,,,,,,,
27,,,,,,,,,,4114,0.07101944833993912,,,,,,,,
,,,,,,,,,5.419736842105262e-07,4119,,,,,,,,,
27,,,,,,,,,,4119,0.04205568507313728,,,,,,,,
,,,,,,,,,5.426315789473684e-07,4124,,,,,,,,,
27,,,,,,,,,,4124,0.029491780325770378,,,,,,,,
,,,,,,,,,5.432894736842105e-07,4129,,,,,,,,,
27,,,,,,,,,,4129,0.07826164364814758,,,,,,,,
,,,,,,,,,5.439473684210526e-07,4134,,,,,,,,,
27,,,,,,,,,,4134,0.07154034823179245,,,,,,,,
,,,,,,,,,5.446052631578946e-07,4139,,,,,,,,,
27,,,,,,,,,,4139,0.11747259646654129,,,,,,,,
,,,,,,,,,5.452631578947369e-07,4144,,,,,,,,,
27,,,,,,,,,,4144,0.06450597941875458,,,,,,,,
,,,,,,,,,5.45921052631579e-07,4149,,,,,,,,,
27,,,,,,,,,,4149,0.09492386132478714,,,,,,,,
,,,,,,,,,5.465789473684211e-07,4154,,,,,,,,,
27,,,,,,,,,,4154,0.068695068359375,,,,,,,,
,,,,,,,,,5.472368421052631e-07,4159,,,,,,,,,
27,,,,,,,,,,4159,0.054621659219264984,,,,,,,,
,,,,,,,,,5.478947368421052e-07,4164,,,,,,,,,
27,,,,,,,,,,4164,0.07686997205018997,,,,,,,,
,,,,,,,,,5.485526315789474e-07,4169,,,,,,,,,
27,,,,,,,,,,4169,0.06192363053560257,,,,,,,,
,,,,,,,,,5.492105263157895e-07,4174,,,,,,,,,
27,,,,,,,,,,4174,0.05891406163573265,,,,,,,,
,,,,,,,,,5.498684210526316e-07,4179,,,,,,,,,
27,,,,,,,,,,4179,0.08302949368953705,,,,,,,,
,,,,,,,,,5.505263157894736e-07,4184,,,,,,,,,
27,,,,,,,,,,4184,0.0664864033460617,,,,,,,,
,,,,,,,,,5.511842105263158e-07,4189,,,,,,,,,
27,,,,,,,,,,4189,0.07659003138542175,,,,,,,,
,,,,,,,,,5.518421052631579e-07,4194,,,,,,,,,
27,,,,,,,,,,4194,0.1108364462852478,,,,,,,,
,,,,,,,,,5.525e-07,4199,,,,,,,,,
27,,,,,,,,,,4199,0.11908762156963348,,,,,,,,
,,,,,,,,,5.53157894736842e-07,4204,,,,,,,,,
27,,,,,,,,,,4204,0.051623959094285965,,,,,,,,
,,,,,,,,,5.538157894736842e-07,4209,,,,,,,,,
27,,,,,,,,,,4209,0.08580204099416733,,,,,,,,
,,,,,,,,,5.544736842105263e-07,4214,,,,,,,,,
27,,,,,,,,,,4214,0.07579954713582993,,,,,,,,
,,,,,,,,,5.551315789473684e-07,4219,,,,,,,,,
27,,,,,,,,,,4219,0.12041939795017242,,,,,,,,
,,,,,,,,,5.557894736842105e-07,4224,,,,,,,,,
27,,,,,,,,,,4224,0.07686597853899002,,,,,,,,
,,,,,,,,,5.564473684210525e-07,4229,,,,,,,,,
27,,,,,,,,,,4229,0.1221919059753418,,,,,,,,
,,,,,,,,,5.571052631578947e-07,4234,,,,,,,,,
27,,,,,,,,,,4234,0.09329782426357269,,,,,,,,
,,,,,,,,,5.577631578947368e-07,4239,,,,,,,,,
27,,,,,,,,,,4239,0.0714353695511818,,,,,,,,
,,,,,,,,,5.584210526315789e-07,4244,,,,,,,,,
27,,,,,,,,,,4244,0.09232699126005173,,,,,,,,
,,,,,,,,,5.590789473684209e-07,4249,,,,,,,,,
27,,,,,,,,,,4249,0.09996018558740616,,,,,,,,
,,,,,,,,,5.597368421052632e-07,4254,,,,,,,,,
27,,,,,,,,,,4254,0.032055746763944626,,,,,,,,
27,,,,,,,,,,4255,,0.574999988079071,0.7301587462425232,0.08182258158922195,0.08182258158922195,0.12143268436193466,0.574999988079071,1.0,0.1010870411992073
,,,,,,,,,5.603947368421053e-07,4259,,,,,,,,,
28,,,,,,,,,,4259,0.07483479380607605,,,,,,,,
,,,,,,,,,5.610526315789474e-07,4264,,,,,,,,,
28,,,,,,,,,,4264,0.03325428068637848,,,,,,,,
,,,,,,,,,5.617105263157894e-07,4269,,,,,,,,,
28,,,,,,,,,,4269,0.07131485641002655,,,,,,,,
,,,,,,,,,5.623684210526316e-07,4274,,,,,,,,,
28,,,,,,,,,,4274,0.08006874471902847,,,,,,,,
,,,,,,,,,5.630263157894737e-07,4279,,,,,,,,,
28,,,,,,,,,,4279,0.06822578608989716,,,,,,,,
,,,,,,,,,5.636842105263158e-07,4284,,,,,,,,,
28,,,,,,,,,,4284,0.07109126448631287,,,,,,,,
,,,,,,,,,5.643421052631579e-07,4289,,,,,,,,,
28,,,,,,,,,,4289,0.05757354572415352,,,,,,,,
,,,,,,,,,5.649999999999999e-07,4294,,,,,,,,,
28,,,,,,,,,,4294,0.060118142515420914,,,,,,,,
,,,,,,,,,5.656578947368421e-07,4299,,,,,,,,,
28,,,,,,,,,,4299,0.019420964643359184,,,,,,,,
,,,,,,,,,5.663157894736842e-07,4304,,,,,,,,,
28,,,,,,,,,,4304,0.08644261211156845,,,,,,,,
,,,,,,,,,5.669736842105263e-07,4309,,,,,,,,,
28,,,,,,,,,,4309,0.08099067956209183,,,,,,,,
,,,,,,,,,5.676315789473683e-07,4314,,,,,,,,,
28,,,,,,,,,,4314,0.0694548487663269,,,,,,,,
,,,,,,,,,5.682894736842105e-07,4319,,,,,,,,,
28,,,,,,,,,,4319,0.058278270065784454,,,,,,,,
,,,,,,,,,5.689473684210526e-07,4324,,,,,,,,,
28,,,,,,,,,,4324,0.1509021669626236,,,,,,,,
,,,,,,,,,5.696052631578947e-07,4329,,,,,,,,,
28,,,,,,,,,,4329,0.06055774539709091,,,,,,,,
,,,,,,,,,5.702631578947368e-07,4334,,,,,,,,,
28,,,,,,,,,,4334,0.1123051643371582,,,,,,,,
,,,,,,,,,5.709210526315789e-07,4339,,,,,,,,,
28,,,,,,,,,,4339,0.07368289679288864,,,,,,,,
,,,,,,,,,5.71578947368421e-07,4344,,,,,,,,,
28,,,,,,,,,,4344,0.07231786102056503,,,,,,,,
,,,,,,,,,5.722368421052631e-07,4349,,,,,,,,,
28,,,,,,,,,,4349,0.07803384214639664,,,,,,,,
,,,,,,,,,5.728947368421052e-07,4354,,,,,,,,,
28,,,,,,,,,,4354,0.05379369854927063,,,,,,,,
,,,,,,,,,5.735526315789472e-07,4359,,,,,,,,,
28,,,,,,,,,,4359,0.13316866755485535,,,,,,,,
,,,,,,,,,5.742105263157895e-07,4364,,,,,,,,,
28,,,,,,,,,,4364,0.10522759705781937,,,,,,,,
,,,,,,,,,5.748684210526316e-07,4369,,,,,,,,,
28,,,,,,,,,,4369,0.08057660609483719,,,,,,,,
,,,,,,,,,5.755263157894737e-07,4374,,,,,,,,,
28,,,,,,,,,,4374,0.10174275189638138,,,,,,,,
,,,,,,,,,5.761842105263158e-07,4379,,,,,,,,,
28,,,,,,,,,,4379,0.07008271664381027,,,,,,,,
,,,,,,,,,5.768421052631579e-07,4384,,,,,,,,,
28,,,,,,,,,,4384,0.09278509765863419,,,,,,,,
,,,,,,,,,5.775e-07,4389,,,,,,,,,
28,,,,,,,,,,4389,0.018862856552004814,,,,,,,,
,,,,,,,,,5.781578947368421e-07,4394,,,,,,,,,
28,,,,,,,,,,4394,0.06527574360370636,,,,,,,,
,,,,,,,,,5.788157894736842e-07,4399,,,,,,,,,
28,,,,,,,,,,4399,0.07967457175254822,,,,,,,,
,,,,,,,,,5.794736842105263e-07,4404,,,,,,,,,
28,,,,,,,,,,4404,0.14610373973846436,,,,,,,,
28,,,,,,,,,,4407,,0.574999988079071,0.7301587462425232,0.08154544234275818,0.08154544234275818,0.13042764365673065,0.574999988079071,1.0,0.0927765890955925
,,,,,,,,,5.801315789473684e-07,4409,,,,,,,,,
29,,,,,,,,,,4409,0.10221021622419357,,,,,,,,
,,,,,,,,,5.807894736842105e-07,4414,,,,,,,,,
29,,,,,,,,,,4414,0.05103335902094841,,,,,,,,
,,,,,,,,,5.814473684210526e-07,4419,,,,,,,,,
29,,,,,,,,,,4419,0.06640587747097015,,,,,,,,
,,,,,,,,,5.821052631578948e-07,4424,,,,,,,,,
29,,,,,,,,,,4424,0.1045672670006752,,,,,,,,
,,,,,,,,,5.827631578947368e-07,4429,,,,,,,,,
29,,,,,,,,,,4429,0.06545979529619217,,,,,,,,
,,,,,,,,,5.834210526315789e-07,4434,,,,,,,,,
29,,,,,,,,,,4434,0.08953648805618286,,,,,,,,
,,,,,,,,,5.84078947368421e-07,4439,,,,,,,,,
29,,,,,,,,,,4439,0.07507465034723282,,,,,,,,
,,,,,,,,,5.847368421052631e-07,4444,,,,,,,,,
29,,,,,,,,,,4444,0.0428357869386673,,,,,,,,
,,,,,,,,,5.853947368421052e-07,4449,,,,,,,,,
29,,,,,,,,,,4449,0.07972680777311325,,,,,,,,
,,,,,,,,,5.860526315789473e-07,4454,,,,,,,,,
29,,,,,,,,,,4454,0.052286673337221146,,,,,,,,
,,,,,,,,,5.867105263157894e-07,4459,,,,,,,,,
29,,,,,,,,,,4459,0.07389584928750992,,,,,,,,
,,,,,,,,,5.873684210526315e-07,4464,,,,,,,,,
29,,,,,,,,,,4464,0.10675475746393204,,,,,,,,
,,,,,,,,,5.880263157894738e-07,4469,,,,,,,,,
29,,,,,,,,,,4469,0.048183176666498184,,,,,,,,
,,,,,,,,,5.886842105263158e-07,4474,,,,,,,,,
29,,,,,,,,,,4474,0.11039751023054123,,,,,,,,
,,,,,,,,,5.893421052631579e-07,4479,,,,,,,,,
29,,,,,,,,,,4479,0.0638241097331047,,,,,,,,
,,,,,,,,,5.9e-07,4484,,,,,,,,,
29,,,,,,,,,,4484,0.059632204473018646,,,,,,,,
,,,,,,,,,5.906578947368422e-07,4489,,,,,,,,,
29,,,,,,,,,,4489,0.045134857296943665,,,,,,,,
,,,,,,,,,5.913157894736842e-07,4494,,,,,,,,,
29,,,,,,,,,,4494,0.05734992399811745,,,,,,,,
,,,,,,,,,5.919736842105263e-07,4499,,,,,,,,,
29,,,,,,,,,,4499,0.11600369960069656,,,,,,,,
,,,,,,,,,5.926315789473684e-07,4504,,,,,,,,,
29,,,,,,,,,,4504,0.08220621198415756,,,,,,,,
,,,,,,,,,5.932894736842105e-07,4509,,,,,,,,,
29,,,,,,,,,,4509,0.058414168655872345,,,,,,,,
,,,,,,,,,5.939473684210526e-07,4514,,,,,,,,,
29,,,,,,,,,,4514,0.10081055015325546,,,,,,,,
,,,,,,,,,5.946052631578947e-07,4519,,,,,,,,,
29,,,,,,,,,,4519,0.06821964681148529,,,,,,,,
,,,,,,,,,5.952631578947368e-07,4524,,,,,,,,,
29,,,,,,,,,,4524,0.10216394811868668,,,,,,,,
,,,,,,,,,5.959210526315789e-07,4529,,,,,,,,,
29,,,,,,,,,,4529,0.09045953303575516,,,,,,,,
,,,,,,,,,5.965789473684211e-07,4534,,,,,,,,,
29,,,,,,,,,,4534,0.05364695191383362,,,,,,,,
,,,,,,,,,5.972368421052631e-07,4539,,,,,,,,,
29,,,,,,,,,,4539,0.0851951465010643,,,,,,,,
,,,,,,,,,5.978947368421052e-07,4544,,,,,,,,,
29,,,,,,,,,,4544,0.06403085589408875,,,,,,,,
,,,,,,,,,5.985526315789473e-07,4549,,,,,,,,,
29,,,,,,,,,,4549,0.08688955754041672,,,,,,,,
,,,,,,,,,5.992105263157895e-07,4554,,,,,,,,,
29,,,,,,,,,,4554,0.06958521157503128,,,,,,,,
,,,,,,,,,5.998684210526315e-07,4559,,,,,,,,,
29,,,,,,,,,,4559,0.09527461975812912,,,,,,,,
29,,,,,,,,,,4559,,0.574999988079071,0.7301587462425232,0.08177879452705383,0.08177879452705383,0.13878139853477478,0.574999988079071,1.0,0.1048901379108429
,,,,,,,,,6.005263157894736e-07,4564,,,,,,,,,
30,,,,,,,,,,4564,0.026955394074320793,,,,,,,,
,,,,,,,,,6.011842105263157e-07,4569,,,,,,,,,
30,,,,,,,,,,4569,0.07058890908956528,,,,,,,,
,,,,,,,,,6.018421052631578e-07,4574,,,,,,,,,
30,,,,,,,,,,4574,0.07308594882488251,,,,,,,,
,,,,,,,,,6.025000000000001e-07,4579,,,,,,,,,
30,,,,,,,,,,4579,0.08939134329557419,,,,,,,,
,,,,,,,,,6.031578947368421e-07,4584,,,,,,,,,
30,,,,,,,,,,4584,0.09608530253171921,,,,,,,,
,,,,,,,,,6.038157894736842e-07,4589,,,,,,,,,
30,,,,,,,,,,4589,0.0668853372335434,,,,,,,,
,,,,,,,,,6.044736842105263e-07,4594,,,,,,,,,
30,,,,,,,,,,4594,0.0875508189201355,,,,,,,,
,,,,,,,,,6.051315789473685e-07,4599,,,,,,,,,
30,,,,,,,,,,4599,0.0913795605301857,,,,,,,,
,,,,,,,,,6.057894736842105e-07,4604,,,,,,,,,
30,,,,,,,,,,4604,0.089678555727005,,,,,,,,
,,,,,,,,,6.064473684210526e-07,4609,,,,,,,,,
30,,,,,,,,,,4609,0.09241558611392975,,,,,,,,
,,,,,,,,,6.071052631578947e-07,4614,,,,,,,,,
30,,,,,,,,,,4614,0.0681103765964508,,,,,,,,
,,,,,,,,,6.077631578947369e-07,4619,,,,,,,,,
30,,,,,,,,,,4619,0.07778266817331314,,,,,,,,
,,,,,,,,,6.08421052631579e-07,4624,,,,,,,,,
30,,,,,,,,,,4624,0.06427180767059326,,,,,,,,
,,,,,,,,,6.09078947368421e-07,4629,,,,,,,,,
30,,,,,,,,,,4629,0.07757193595170975,,,,,,,,
,,,,,,,,,6.097368421052631e-07,4634,,,,,,,,,
30,,,,,,,,,,4634,0.07689972221851349,,,,,,,,
,,,,,,,,,6.103947368421052e-07,4639,,,,,,,,,
30,,,,,,,,,,4639,0.08500614017248154,,,,,,,,
,,,,,,,,,6.110526315789474e-07,4644,,,,,,,,,
30,,,,,,,,,,4644,0.06320883333683014,,,,,,,,
,,,,,,,,,6.117105263157894e-07,4649,,,,,,,,,
30,,,,,,,,,,4649,0.05931192636489868,,,,,,,,
,,,,,,,,,6.123684210526315e-07,4654,,,,,,,,,
30,,,,,,,,,,4654,0.09741636365652084,,,,,,,,
,,,,,,,,,6.130263157894736e-07,4659,,,,,,,,,
30,,,,,,,,,,4659,0.030423523858189583,,,,,,,,
,,,,,,,,,6.136842105263158e-07,4664,,,,,,,,,
30,,,,,,,,,,4664,0.06092953309416771,,,,,,,,
,,,,,,,,,6.143421052631579e-07,4669,,,,,,,,,
30,,,,,,,,,,4669,0.10157693922519684,,,,,,,,
,,,,,,,,,6.149999999999999e-07,4674,,,,,,,,,
30,,,,,,,,,,4674,0.07866173982620239,,,,,,,,
,,,,,,,,,6.15657894736842e-07,4679,,,,,,,,,
30,,,,,,,,,,4679,0.08972017467021942,,,,,,,,
,,,,,,,,,6.163157894736843e-07,4684,,,,,,,,,
30,,,,,,,,,,4684,0.1631019413471222,,,,,,,,
,,,,,,,,,6.169736842105264e-07,4689,,,,,,,,,
30,,,,,,,,,,4689,0.03987010568380356,,,,,,,,
,,,,,,,,,6.176315789473684e-07,4694,,,,,,,,,
30,,,,,,,,,,4694,0.14037929475307465,,,,,,,,
,,,,,,,,,6.182894736842105e-07,4699,,,,,,,,,
30,,,,,,,,,,4699,0.1285979300737381,,,,,,,,
,,,,,,,,,6.189473684210526e-07,4704,,,,,,,,,
30,,,,,,,,,,4704,0.018580349162220955,,,,,,,,
,,,,,,,,,6.196052631578948e-07,4709,,,,,,,,,
30,,,,,,,,,,4709,0.03192874416708946,,,,,,,,
30,,,,,,,,,,4711,,0.574999988079071,0.7301587462425232,0.08144497871398926,0.08144497871398926,0.14570096135139465,0.574999988079071,1.0,0.09665010869503021
,,,,,,,,,6.202631578947368e-07,4714,,,,,,,,,
31,,,,,,,,,,4714,0.05440846458077431,,,,,,,,
,,,,,,,,,6.209210526315789e-07,4719,,,,,,,,,
31,,,,,,,,,,4719,0.13542675971984863,,,,,,,,
,,,,,,,,,6.21578947368421e-07,4724,,,,,,,,,
31,,,,,,,,,,4724,0.09406296163797379,,,,,,,,
,,,,,,,,,6.222368421052632e-07,4729,,,,,,,,,
31,,,,,,,,,,4729,0.11449632793664932,,,,,,,,
,,,,,,,,,6.228947368421053e-07,4734,,,,,,,,,
31,,,,,,,,,,4734,0.0473836250603199,,,,,,,,
,,,,,,,,,6.235526315789473e-07,4739,,,,,,,,,
31,,,,,,,,,,4739,0.14740195870399475,,,,,,,,
,,,,,,,,,6.242105263157894e-07,4744,,,,,,,,,
31,,,,,,,,,,4744,0.04817649722099304,,,,,,,,
,,,,,,,,,6.248684210526316e-07,4749,,,,,,,,,
31,,,,,,,,,,4749,0.0682615339756012,,,,,,,,
,,,,,,,,,6.255263157894737e-07,4754,,,,,,,,,
31,,,,,,,,,,4754,0.06743787229061127,,,,,,,,
,,,,,,,,,6.261842105263157e-07,4759,,,,,,,,,
31,,,,,,,,,,4759,0.07068707793951035,,,,,,,,
,,,,,,,,,6.268421052631578e-07,4764,,,,,,,,,
31,,,,,,,,,,4764,0.06345614790916443,,,,,,,,
,,,,,,,,,6.274999999999999e-07,4769,,,,,,,,,
31,,,,,,,,,,4769,0.11226299405097961,,,,,,,,
,,,,,,,,,6.281578947368421e-07,4774,,,,,,,,,
31,,,,,,,,,,4774,0.1206744983792305,,,,,,,,
,,,,,,,,,6.288157894736842e-07,4779,,,,,,,,,
31,,,,,,,,,,4779,0.08589654415845871,,,,,,,,
,,,,,,,,,6.294736842105262e-07,4784,,,,,,,,,
31,,,,,,,,,,4784,0.07508499175310135,,,,,,,,
,,,,,,,,,6.301315789473683e-07,4789,,,,,,,,,
31,,,,,,,,,,4789,0.08711414039134979,,,,,,,,
,,,,,,,,,6.307894736842105e-07,4794,,,,,,,,,
31,,,,,,,,,,4794,0.040869660675525665,,,,,,,,
,,,,,,,,,6.314473684210527e-07,4799,,,,,,,,,
31,,,,,,,,,,4799,0.08986365050077438,,,,,,,,
,,,,,,,,,6.321052631578947e-07,4804,,,,,,,,,
31,,,,,,,,,,4804,0.06962481141090393,,,,,,,,
,,,,,,,,,6.327631578947368e-07,4809,,,,,,,,,
31,,,,,,,,,,4809,0.0777176171541214,,,,,,,,
,,,,,,,,,6.33421052631579e-07,4814,,,,,,,,,
31,,,,,,,,,,4814,0.05336618795990944,,,,,,,,
,,,,,,,,,6.340789473684211e-07,4819,,,,,,,,,
31,,,,,,,,,,4819,0.11381547898054123,,,,,,,,
,,,,,,,,,6.347368421052632e-07,4824,,,,,,,,,
31,,,,,,,,,,4824,0.0773734450340271,,,,,,,,
,,,,,,,,,6.353947368421052e-07,4829,,,,,,,,,
31,,,,,,,,,,4829,0.06877215951681137,,,,,,,,
,,,,,,,,,6.360526315789473e-07,4834,,,,,,,,,
31,,,,,,,,,,4834,0.07566522806882858,,,,,,,,
,,,,,,,,,6.367105263157895e-07,4839,,,,,,,,,
31,,,,,,,,,,4839,0.04631868004798889,,,,,,,,
,,,,,,,,,6.373684210526316e-07,4844,,,,,,,,,
31,,,,,,,,,,4844,0.09947603195905685,,,,,,,,
,,,,,,,,,6.380263157894736e-07,4849,,,,,,,,,
31,,,,,,,,,,4849,0.07192207872867584,,,,,,,,
,,,,,,,,,6.386842105263157e-07,4854,,,,,,,,,
31,,,,,,,,,,4854,0.05989037826657295,,,,,,,,
,,,,,,,,,6.393421052631579e-07,4859,,,,,,,,,
31,,,,,,,,,,4859,0.044247787445783615,,,,,,,,
31,,,,,,,,,,4863,,0.5874999761581421,0.7360000014305115,0.08117370307445526,0.08117370307445526,0.16249817609786987,0.5822784900665283,1.0,0.12725088000297546
,,,,,,,,,6.4e-07,4864,,,,,,,,,
32,,,,,,,,,,4864,0.022445015609264374,,,,,,,,
,,,,,,,,,6.40657894736842e-07,4869,,,,,,,,,
32,,,,,,,,,,4869,0.07337169349193573,,,,,,,,
,,,,,,,,,6.413157894736841e-07,4874,,,,,,,,,
32,,,,,,,,,,4874,0.07283959537744522,,,,,,,,
,,,,,,,,,6.419736842105263e-07,4879,,,,,,,,,
32,,,,,,,,,,4879,0.07931585609912872,,,,,,,,
,,,,,,,,,6.426315789473684e-07,4884,,,,,,,,,
32,,,,,,,,,,4884,0.031247496604919434,,,,,,,,
,,,,,,,,,6.432894736842105e-07,4889,,,,,,,,,
32,,,,,,,,,,4889,0.0393051877617836,,,,,,,,
,,,,,,,,,6.439473684210525e-07,4894,,,,,,,,,
32,,,,,,,,,,4894,0.06874994188547134,,,,,,,,
,,,,,,,,,6.446052631578947e-07,4899,,,,,,,,,
32,,,,,,,,,,4899,0.07423212379217148,,,,,,,,
,,,,,,,,,6.452631578947368e-07,4904,,,,,,,,,
32,,,,,,,,,,4904,0.058517906814813614,,,,,,,,
,,,,,,,,,6.45921052631579e-07,4909,,,,,,,,,
32,,,,,,,,,,4909,0.0776415467262268,,,,,,,,
,,,,,,,,,6.46578947368421e-07,4914,,,,,,,,,
32,,,,,,,,,,4914,0.049767326563596725,,,,,,,,
,,,,,,,,,6.472368421052631e-07,4919,,,,,,,,,
32,,,,,,,,,,4919,0.1029590368270874,,,,,,,,
,,,,,,,,,6.478947368421053e-07,4924,,,,,,,,,
32,,,,,,,,,,4924,0.10421810299158096,,,,,,,,
,,,,,,,,,6.485526315789474e-07,4929,,,,,,,,,
32,,,,,,,,,,4929,0.07527969032526016,,,,,,,,
,,,,,,,,,6.492105263157895e-07,4934,,,,,,,,,
32,,,,,,,,,,4934,0.07299274951219559,,,,,,,,
,,,,,,,,,6.498684210526315e-07,4939,,,,,,,,,
32,,,,,,,,,,4939,0.05163448676466942,,,,,,,,
,,,,,,,,,6.505263157894737e-07,4944,,,,,,,,,
32,,,,,,,,,,4944,0.07506298273801804,,,,,,,,
,,,,,,,,,6.511842105263158e-07,4949,,,,,,,,,
32,,,,,,,,,,4949,0.08016782253980637,,,,,,,,
,,,,,,,,,6.518421052631579e-07,4954,,,,,,,,,
32,,,,,,,,,,4954,0.09799407422542572,,,,,,,,
,,,,,,,,,6.524999999999999e-07,4959,,,,,,,,,
32,,,,,,,,,,4959,0.06850764155387878,,,,,,,,
,,,,,,,,,6.531578947368421e-07,4964,,,,,,,,,
32,,,,,,,,,,4964,0.08055813610553741,,,,,,,,
,,,,,,,,,6.538157894736842e-07,4969,,,,,,,,,
32,,,,,,,,,,4969,0.10880538821220398,,,,,,,,
,,,,,,,,,6.544736842105263e-07,4974,,,,,,,,,
32,,,,,,,,,,4974,0.03365004062652588,,,,,,,,
,,,,,,,,,6.551315789473684e-07,4979,,,,,,,,,
32,,,,,,,,,,4979,0.06283780932426453,,,,,,,,
,,,,,,,,,6.557894736842104e-07,4984,,,,,,,,,
32,,,,,,,,,,4984,0.07296796143054962,,,,,,,,
,,,,,,,,,6.564473684210526e-07,4989,,,,,,,,,
32,,,,,,,,,,4989,0.06964965164661407,,,,,,,,
,,,,,,,,,6.571052631578947e-07,4994,,,,,,,,,
32,,,,,,,,,,4994,0.10708222538232803,,,,,,,,
,,,,,,,,,6.577631578947368e-07,4999,,,,,,,,,
32,,,,,,,,,,4999,0.07517476379871368,,,,,,,,
,,,,,,,,,6.584210526315788e-07,5004,,,,,,,,,
32,,,,,,,,,,5004,0.09578392654657364,,,,,,,,
,,,,,,,,,6.59078947368421e-07,5009,,,,,,,,,
32,,,,,,,,,,5009,0.12920960783958435,,,,,,,,
,,,,,,,,,6.597368421052631e-07,5014,,,,,,,,,
32,,,,,,,,,,5014,0.10962676256895065,,,,,,,,
32,,,,,,,,,,5015,,0.5874999761581421,0.7360000014305115,0.08150267601013184,0.08150267601013184,0.17740163207054138,0.5822784900665283,1.0,0.13827280700206757
,,,,,,,,,6.603947368421053e-07,5019,,,,,,,,,
33,,,,,,,,,,5019,0.09968715906143188,,,,,,,,
,,,,,,,,,6.610526315789474e-07,5024,,,,,,,,,
33,,,,,,,,,,5024,0.11419835686683655,,,,,,,,
,,,,,,,,,6.617105263157895e-07,5029,,,,,,,,,
33,,,,,,,,,,5029,0.09766039252281189,,,,,,,,
,,,,,,,,,6.623684210526316e-07,5034,,,,,,,,,
33,,,,,,,,,,5034,0.03679429367184639,,,,,,,,
,,,,,,,,,6.630263157894737e-07,5039,,,,,,,,,
33,,,,,,,,,,5039,0.07362790405750275,,,,,,,,
,,,,,,,,,6.636842105263158e-07,5044,,,,,,,,,
33,,,,,,,,,,5044,0.05842636898159981,,,,,,,,
,,,,,,,,,6.643421052631578e-07,5049,,,,,,,,,
33,,,,,,,,,,5049,0.10599242895841599,,,,,,,,
,,,,,,,,,6.65e-07,5054,,,,,,,,,
33,,,,,,,,,,5054,0.05826297402381897,,,,,,,,
,,,,,,,,,6.656578947368421e-07,5059,,,,,,,,,
33,,,,,,,,,,5059,0.11238852888345718,,,,,,,,
,,,,,,,,,6.663157894736842e-07,5064,,,,,,,,,
33,,,,,,,,,,5064,0.02750800922513008,,,,,,,,
,,,,,,,,,6.669736842105262e-07,5069,,,,,,,,,
33,,,,,,,,,,5069,0.0742071121931076,,,,,,,,
,,,,,,,,,6.676315789473684e-07,5074,,,,,,,,,
33,,,,,,,,,,5074,0.04643675312399864,,,,,,,,
,,,,,,,,,6.682894736842105e-07,5079,,,,,,,,,
33,,,,,,,,,,5079,0.07501339912414551,,,,,,,,
,,,,,,,,,6.689473684210526e-07,5084,,,,,,,,,
33,,,,,,,,,,5084,0.08498841524124146,,,,,,,,
,,,,,,,,,6.696052631578947e-07,5089,,,,,,,,,
33,,,,,,,,,,5089,0.05142317712306976,,,,,,,,
,,,,,,,,,6.702631578947368e-07,5094,,,,,,,,,
33,,,,,,,,,,5094,0.03638209030032158,,,,,,,,
,,,,,,,,,6.709210526315789e-07,5099,,,,,,,,,
33,,,,,,,,,,5099,0.0759800523519516,,,,,,,,
,,,,,,,,,6.71578947368421e-07,5104,,,,,,,,,
33,,,,,,,,,,5104,0.08190197497606277,,,,,,,,
,,,,,,,,,6.722368421052631e-07,5109,,,,,,,,,
33,,,,,,,,,,5109,0.06841187924146652,,,,,,,,
,,,,,,,,,6.728947368421051e-07,5114,,,,,,,,,
33,,,,,,,,,,5114,0.0669894590973854,,,,,,,,
,,,,,,,,,6.735526315789473e-07,5119,,,,,,,,,
33,,,,,,,,,,5119,0.01655587926506996,,,,,,,,
,,,,,,,,,6.742105263157894e-07,5124,,,,,,,,,
33,,,,,,,,,,5124,0.05047819763422012,,,,,,,,
,,,,,,,,,6.748684210526316e-07,5129,,,,,,,,,
33,,,,,,,,,,5129,0.06313982605934143,,,,,,,,
,,,,,,,,,6.755263157894737e-07,5134,,,,,,,,,
33,,,,,,,,,,5134,0.09833385795354843,,,,,,,,
,,,,,,,,,6.761842105263158e-07,5139,,,,,,,,,
33,,,,,,,,,,5139,0.039465971291065216,,,,,,,,
,,,,,,,,,6.768421052631579e-07,5144,,,,,,,,,
33,,,,,,,,,,5144,0.061564866453409195,,,,,,,,
,,,,,,,,,6.775e-07,5149,,,,,,,,,
33,,,,,,,,,,5149,0.044365044683218,,,,,,,,
,,,,,,,,,6.781578947368421e-07,5154,,,,,,,,,
33,,,,,,,,,,5154,0.10876116156578064,,,,,,,,
,,,,,,,,,6.788157894736842e-07,5159,,,,,,,,,
33,,,,,,,,,,5159,0.05227453634142876,,,,,,,,
,,,,,,,,,6.794736842105263e-07,5164,,,,,,,,,
33,,,,,,,,,,5164,0.08393969386816025,,,,,,,,
33,,,,,,,,,,5167,,0.5874999761581421,0.7360000014305115,0.08119556307792664,0.08119556307792664,0.1838424652814865,0.5822784900665283,1.0,0.14767487347126007
,,,,,,,,,6.801315789473684e-07,5169,,,,,,,,,
34,,,,,,,,,,5169,0.12586288154125214,,,,,,,,
,,,,,,,,,6.807894736842105e-07,5174,,,,,,,,,
34,,,,,,,,,,5174,0.06266749650239944,,,,,,,,
,,,,,,,,,6.814473684210526e-07,5179,,,,,,,,,
34,,,,,,,,,,5179,0.040995433926582336,,,,,,,,
,,,,,,,,,6.821052631578947e-07,5184,,,,,,,,,
34,,,,,,,,,,5184,0.08627821505069733,,,,,,,,
,,,,,,,,,6.827631578947368e-07,5189,,,,,,,,,
34,,,,,,,,,,5189,0.05733434110879898,,,,,,,,
,,,,,,,,,6.834210526315789e-07,5194,,,,,,,,,
34,,,,,,,,,,5194,0.06360272318124771,,,,,,,,
,,,,,,,,,6.84078947368421e-07,5199,,,,,,,,,
34,,,,,,,,,,5199,0.06562533974647522,,,,,,,,
,,,,,,,,,6.847368421052631e-07,5204,,,,,,,,,
34,,,,,,,,,,5204,0.08150695264339447,,,,,,,,
,,,,,,,,,6.853947368421052e-07,5209,,,,,,,,,
34,,,,,,,,,,5209,0.08446862548589706,,,,,,,,
,,,,,,,,,6.860526315789473e-07,5214,,,,,,,,,
34,,,,,,,,,,5214,0.07833077758550644,,,,,,,,
,,,,,,,,,6.867105263157894e-07,5219,,,,,,,,,
34,,,,,,,,,,5219,0.10289160907268524,,,,,,,,
,,,,,,,,,6.873684210526316e-07,5224,,,,,,,,,
34,,,,,,,,,,5224,0.07808462530374527,,,,,,,,
,,,,,,,,,6.880263157894736e-07,5229,,,,,,,,,
34,,,,,,,,,,5229,0.09944827109575272,,,,,,,,
,,,,,,,,,6.886842105263157e-07,5234,,,,,,,,,
34,,,,,,,,,,5234,0.042192913591861725,,,,,,,,
,,,,,,,,,6.893421052631579e-07,5239,,,,,,,,,
34,,,,,,,,,,5239,0.07481984794139862,,,,,,,,
,,,,,,,,,6.9e-07,5244,,,,,,,,,
34,,,,,,,,,,5244,0.060689251869916916,,,,,,,,
,,,,,,,,,6.906578947368421e-07,5249,,,,,,,,,
34,,,,,,,,,,5249,0.04547446593642235,,,,,,,,
,,,,,,,,,6.913157894736842e-07,5254,,,,,,,,,
34,,,,,,,,,,5254,0.05929236859083176,,,,,,,,
,,,,,,,,,6.919736842105263e-07,5259,,,,,,,,,
34,,,,,,,,,,5259,0.06187653914093971,,,,,,,,
,,,,,,,,,6.926315789473684e-07,5264,,,,,,,,,
34,,,,,,,,,,5264,0.06331982463598251,,,,,,,,
,,,,,,,,,6.932894736842106e-07,5269,,,,,,,,,
34,,,,,,,,,,5269,0.07688956707715988,,,,,,,,
,,,,,,,,,6.939473684210526e-07,5274,,,,,,,,,
34,,,,,,,,,,5274,0.03778166323900223,,,,,,,,
,,,,,,,,,6.946052631578947e-07,5279,,,,,,,,,
34,,,,,,,,,,5279,0.036427341401576996,,,,,,,,
,,,,,,,,,6.952631578947368e-07,5284,,,,,,,,,
34,,,,,,,,,,5284,0.04822096601128578,,,,,,,,
,,,,,,,,,6.95921052631579e-07,5289,,,,,,,,,
34,,,,,,,,,,5289,0.04945985972881317,,,,,,,,
,,,,,,,,,6.96578947368421e-07,5294,,,,,,,,,
34,,,,,,,,,,5294,0.053180474787950516,,,,,,,,
,,,,,,,,,6.972368421052631e-07,5299,,,,,,,,,
34,,,,,,,,,,5299,0.024726271629333496,,,,,,,,
,,,,,,,,,6.978947368421052e-07,5304,,,,,,,,,
34,,,,,,,,,,5304,0.06208156421780586,,,,,,,,
,,,,,,,,,6.985526315789473e-07,5309,,,,,,,,,
34,,,,,,,,,,5309,0.07624930143356323,,,,,,,,
,,,,,,,,,6.992105263157894e-07,5314,,,,,,,,,
34,,,,,,,,,,5314,0.08988164365291595,,,,,,,,
,,,,,,,,,6.998684210526315e-07,5319,,,,,,,,,
34,,,,,,,,,,5319,0.06064610183238983,,,,,,,,
34,,,,,,,,,,5319,,0.5874999761581421,0.7317073345184326,0.08014160394668579,0.08014160394668579,0.20805059373378754,0.5844155550003052,0.97826087474823,0.1957886517047882
,,,,,,,,,7.005263157894736e-07,5324,,,,,,,,,
35,,,,,,,,,,5324,0.10953297466039658,,,,,,,,
,,,,,,,,,7.011842105263157e-07,5329,,,,,,,,,
35,,,,,,,,,,5329,0.11608678847551346,,,,,,,,
,,,,,,,,,7.018421052631579e-07,5334,,,,,,,,,
35,,,,,,,,,,5334,0.05184599384665489,,,,,,,,
,,,,,,,,,7.024999999999999e-07,5339,,,,,,,,,
35,,,,,,,,,,5339,0.062113143503665924,,,,,,,,
,,,,,,,,,7.03157894736842e-07,5344,,,,,,,,,
35,,,,,,,,,,5344,0.055162589997053146,,,,,,,,
,,,,,,,,,7.038157894736842e-07,5349,,,,,,,,,
35,,,,,,,,,,5349,0.08641614764928818,,,,,,,,
,,,,,,,,,7.044736842105264e-07,5354,,,,,,,,,
35,,,,,,,,,,5354,0.092051200568676,,,,,,,,
,,,,,,,,,7.051315789473684e-07,5359,,,,,,,,,
35,,,,,,,,,,5359,0.07120954245328903,,,,,,,,
,,,,,,,,,7.057894736842105e-07,5364,,,,,,,,,
35,,,,,,,,,,5364,0.0901690423488617,,,,,,,,
,,,,,,,,,7.064473684210526e-07,5369,,,,,,,,,
35,,,,,,,,,,5369,0.06504180282354355,,,,,,,,
,,,,,,,,,7.071052631578948e-07,5374,,,,,,,,,
35,,,,,,,,,,5374,0.0883944109082222,,,,,,,,
,,,,,,,,,7.077631578947369e-07,5379,,,,,,,,,
35,,,,,,,,,,5379,0.03171521797776222,,,,,,,,
,,,,,,,,,7.084210526315789e-07,5384,,,,,,,,,
35,,,,,,,,,,5384,0.05783088132739067,,,,,,,,
,,,,,,,,,7.09078947368421e-07,5389,,,,,,,,,
35,,,,,,,,,,5389,0.04811132699251175,,,,,,,,
,,,,,,,,,7.097368421052631e-07,5394,,,,,,,,,
35,,,,,,,,,,5394,0.06172126904129982,,,,,,,,
,,,,,,,,,7.103947368421053e-07,5399,,,,,,,,,
35,,,,,,,,,,5399,0.06865198165178299,,,,,,,,
,,,,,,,,,7.110526315789473e-07,5404,,,,,,,,,
35,,,,,,,,,,5404,0.029406065121293068,,,,,,,,
,,,,,,,,,7.117105263157894e-07,5409,,,,,,,,,
35,,,,,,,,,,5409,0.09540827572345734,,,,,,,,
,,,,,,,,,7.123684210526315e-07,5414,,,,,,,,,
35,,,,,,,,,,5414,0.0608099140226841,,,,,,,,
,,,,,,,,,7.130263157894737e-07,5419,,,,,,,,,
35,,,,,,,,,,5419,0.035816214978694916,,,,,,,,
,,,,,,,,,7.136842105263158e-07,5424,,,,,,,,,
35,,,,,,,,,,5424,0.1079990565776825,,,,,,,,
,,,,,,,,,7.143421052631578e-07,5429,,,,,,,,,
35,,,,,,,,,,5429,0.1341337263584137,,,,,,,,
,,,,,,,,,7.149999999999999e-07,5434,,,,,,,,,
35,,,,,,,,,,5434,0.06539833545684814,,,,,,,,
,,,,,,,,,7.156578947368421e-07,5439,,,,,,,,,
35,,,,,,,,,,5439,0.03669885918498039,,,,,,,,
,,,,,,,,,7.163157894736842e-07,5444,,,,,,,,,
35,,,,,,,,,,5444,0.08232320845127106,,,,,,,,
,,,,,,,,,7.169736842105262e-07,5449,,,,,,,,,
35,,,,,,,,,,5449,0.05449884012341499,,,,,,,,
,,,,,,,,,7.176315789473683e-07,5454,,,,,,,,,
35,,,,,,,,,,5454,0.05236230790615082,,,,,,,,
,,,,,,,,,7.182894736842105e-07,5459,,,,,,,,,
35,,,,,,,,,,5459,0.046655699610710144,,,,,,,,
,,,,,,,,,7.189473684210527e-07,5464,,,,,,,,,
35,,,,,,,,,,5464,0.11346761137247086,,,,,,,,
,,,,,,,,,7.196052631578947e-07,5469,,,,,,,,,
35,,,,,,,,,,5469,0.08772905170917511,,,,,,,,
35,,,,,,,,,,5471,,0.6000000238418579,0.7419354915618896,0.08041608333587646,0.08041608333587646,0.2343229502439499,0.5897436141967773,1.0,0.20731531083583832
,,,,,,,,,7.202631578947368e-07,5474,,,,,,,,,
36,,,,,,,,,,5474,0.05435781553387642,,,,,,,,
,,,,,,,,,7.209210526315789e-07,5479,,,,,,,,,
36,,,,,,,,,,5479,0.04968651011586189,,,,,,,,
,,,,,,,,,7.215789473684211e-07,5484,,,,,,,,,
36,,,,,,,,,,5484,0.11369329690933228,,,,,,,,
,,,,,,,,,7.222368421052632e-07,5489,,,,,,,,,
36,,,,,,,,,,5489,0.10944761335849762,,,,,,,,
,,,,,,,,,7.228947368421052e-07,5494,,,,,,,,,
36,,,,,,,,,,5494,0.08291979879140854,,,,,,,,
,,,,,,,,,7.235526315789473e-07,5499,,,,,,,,,
36,,,,,,,,,,5499,0.11677296459674835,,,,,,,,
,,,,,,,,,7.242105263157895e-07,5504,,,,,,,,,
36,,,,,,,,,,5504,0.05578715726733208,,,,,,,,
,,,,,,,,,7.248684210526316e-07,5509,,,,,,,,,
36,,,,,,,,,,5509,0.06399241834878922,,,,,,,,
,,,,,,,,,7.255263157894736e-07,5514,,,,,,,,,
36,,,,,,,,,,5514,0.061062589287757874,,,,,,,,
,,,,,,,,,7.261842105263157e-07,5519,,,,,,,,,
36,,,,,,,,,,5519,0.0583152174949646,,,,,,,,
,,,,,,,,,7.268421052631578e-07,5524,,,,,,,,,
36,,,,,,,,,,5524,0.05428207665681839,,,,,,,,
,,,,,,,,,7.275e-07,5529,,,,,,,,,
36,,,,,,,,,,5529,0.1108996570110321,,,,,,,,
,,,,,,,,,7.281578947368421e-07,5534,,,,,,,,,
36,,,,,,,,,,5534,0.08406680077314377,,,,,,,,
,,,,,,,,,7.288157894736841e-07,5539,,,,,,,,,
36,,,,,,,,,,5539,0.04213526099920273,,,,,,,,
,,,,,,,,,7.294736842105262e-07,5544,,,,,,,,,
36,,,,,,,,,,5544,0.09595520794391632,,,,,,,,
,,,,,,,,,7.301315789473684e-07,5549,,,,,,,,,
36,,,,,,,,,,5549,0.05446512624621391,,,,,,,,
,,,,,,,,,7.307894736842105e-07,5554,,,,,,,,,
36,,,,,,,,,,5554,0.12966972589492798,,,,,,,,
,,,,,,,,,7.314473684210525e-07,5559,,,,,,,,,
36,,,,,,,,,,5559,0.04732167720794678,,,,,,,,
,,,,,,,,,7.321052631578946e-07,5564,,,,,,,,,
36,,,,,,,,,,5564,0.05869181081652641,,,,,,,,
,,,,,,,,,7.327631578947369e-07,5569,,,,,,,,,
36,,,,,,,,,,5569,0.042849164456129074,,,,,,,,
,,,,,,,,,7.33421052631579e-07,5574,,,,,,,,,
36,,,,,,,,,,5574,0.08642272651195526,,,,,,,,
,,,,,,,,,7.340789473684211e-07,5579,,,,,,,,,
36,,,,,,,,,,5579,0.04469515383243561,,,,,,,,
,,,,,,,,,7.347368421052631e-07,5584,,,,,,,,,
36,,,,,,,,,,5584,0.030217349529266357,,,,,,,,
,,,,,,,,,7.353947368421052e-07,5589,,,,,,,,,
36,,,,,,,,,,5589,0.08899237960577011,,,,,,,,
,,,,,,,,,7.360526315789474e-07,5594,,,,,,,,,
36,,,,,,,,,,5594,0.08081506937742233,,,,,,,,
,,,,,,,,,7.367105263157895e-07,5599,,,,,,,,,
36,,,,,,,,,,5599,0.057278282940387726,,,,,,,,
,,,,,,,,,7.373684210526315e-07,5604,,,,,,,,,
36,,,,,,,,,,5604,0.09156268835067749,,,,,,,,
,,,,,,,,,7.380263157894736e-07,5609,,,,,,,,,
36,,,,,,,,,,5609,0.07682352513074875,,,,,,,,
,,,,,,,,,7.386842105263158e-07,5614,,,,,,,,,
36,,,,,,,,,,5614,0.04477657005190849,,,,,,,,
,,,,,,,,,7.393421052631579e-07,5619,,,,,,,,,
36,,,,,,,,,,5619,0.0603085421025753,,,,,,,,
36,,,,,,,,,,5623,,0.5874999761581421,0.7272727489471436,0.07986290752887726,0.07986290752887726,0.25482869148254395,0.5866666436195374,0.95652174949646,0.2230323851108551
,,,,,,,,,7.4e-07,5624,,,,,,,,,
37,,,,,,,,,,5624,0.07874229550361633,,,,,,,,
,,,,,,,,,7.40657894736842e-07,5629,,,,,,,,,
37,,,,,,,,,,5629,0.10999894887208939,,,,,,,,
,,,,,,,,,7.413157894736842e-07,5634,,,,,,,,,
37,,,,,,,,,,5634,0.0501021146774292,,,,,,,,
,,,,,,,,,7.419736842105263e-07,5639,,,,,,,,,
37,,,,,,,,,,5639,0.0836038812994957,,,,,,,,
,,,,,,,,,7.426315789473684e-07,5644,,,,,,,,,
37,,,,,,,,,,5644,0.1053309366106987,,,,,,,,
,,,,,,,,,7.432894736842104e-07,5649,,,,,,,,,
37,,,,,,,,,,5649,0.11496034264564514,,,,,,,,
,,,,,,,,,7.439473684210525e-07,5654,,,,,,,,,
37,,,,,,,,,,5654,0.09196364134550095,,,,,,,,
,,,,,,,,,7.446052631578947e-07,5659,,,,,,,,,
37,,,,,,,,,,5659,0.08874952793121338,,,,,,,,
,,,,,,,,,7.452631578947368e-07,5664,,,,,,,,,
37,,,,,,,,,,5664,0.03319424018263817,,,,,,,,
,,,,,,,,,7.459210526315788e-07,5669,,,,,,,,,
37,,,,,,,,,,5669,0.10459870845079422,,,,,,,,
,,,,,,,,,7.46578947368421e-07,5674,,,,,,,,,
37,,,,,,,,,,5674,0.04482358321547508,,,,,,,,
,,,,,,,,,7.472368421052632e-07,5679,,,,,,,,,
37,,,,,,,,,,5679,0.0911669135093689,,,,,,,,
,,,,,,,,,7.478947368421053e-07,5684,,,,,,,,,
37,,,,,,,,,,5684,0.14742302894592285,,,,,,,,
,,,,,,,,,7.485526315789474e-07,5689,,,,,,,,,
37,,,,,,,,,,5689,0.04633493721485138,,,,,,,,
,,,,,,,,,7.492105263157894e-07,5694,,,,,,,,,
37,,,,,,,,,,5694,0.11608723551034927,,,,,,,,
,,,,,,,,,7.498684210526316e-07,5699,,,,,,,,,
37,,,,,,,,,,5699,0.04581809043884277,,,,,,,,
,,,,,,,,,7.505263157894737e-07,5704,,,,,,,,,
37,,,,,,,,,,5704,0.0929832011461258,,,,,,,,
,,,,,,,,,7.511842105263158e-07,5709,,,,,,,,,
37,,,,,,,,,,5709,0.056856609880924225,,,,,,,,
,,,,,,,,,7.518421052631578e-07,5714,,,,,,,,,
37,,,,,,,,,,5714,0.08001869916915894,,,,,,,,
,,,,,,,,,7.524999999999999e-07,5719,,,,,,,,,
37,,,,,,,,,,5719,0.06863900274038315,,,,,,,,
,,,,,,,,,7.531578947368421e-07,5724,,,,,,,,,
37,,,,,,,,,,5724,0.1159355640411377,,,,,,,,
,,,,,,,,,7.538157894736842e-07,5729,,,,,,,,,
37,,,,,,,,,,5729,0.08304011821746826,,,,,,,,
,,,,,,,,,7.544736842105263e-07,5734,,,,,,,,,
37,,,,,,,,,,5734,0.09825599193572998,,,,,,,,
,,,,,,,,,7.551315789473683e-07,5739,,,,,,,,,
37,,,,,,,,,,5739,0.07761149108409882,,,,,,,,
,,,,,,,,,7.557894736842105e-07,5744,,,,,,,,,
37,,,,,,,,,,5744,0.04765239730477333,,,,,,,,
,,,,,,,,,7.564473684210526e-07,5749,,,,,,,,,
37,,,,,,,,,,5749,0.03528999164700508,,,,,,,,
,,,,,,,,,7.571052631578947e-07,5754,,,,,,,,,
37,,,,,,,,,,5754,0.02293016016483307,,,,,,,,
,,,,,,,,,7.577631578947367e-07,5759,,,,,,,,,
37,,,,,,,,,,5759,0.06036139279603958,,,,,,,,
,,,,,,,,,7.584210526315789e-07,5764,,,,,,,,,
37,,,,,,,,,,5764,0.060792796313762665,,,,,,,,
,,,,,,,,,7.59078947368421e-07,5769,,,,,,,,,
37,,,,,,,,,,5769,0.12042634934186935,,,,,,,,
,,,,,,,,,7.597368421052631e-07,5774,,,,,,,,,
37,,,,,,,,,,5774,0.061714380979537964,,,,,,,,
37,,,,,,,,,,5775,,0.6000000238418579,0.719298243522644,0.07778678834438324,0.07778678834438324,0.29148969054222107,0.6029411554336548,0.8913043737411499,0.2687046527862549
,,,,,,,,,7.603947368421052e-07,5779,,,,,,,,,
38,,,,,,,,,,5779,0.08206365257501602,,,,,,,,
,,,,,,,,,7.610526315789472e-07,5784,,,,,,,,,
38,,,,,,,,,,5784,0.09498653560876846,,,,,,,,
,,,,,,,,,7.617105263157895e-07,5789,,,,,,,,,
38,,,,,,,,,,5789,0.032160818576812744,,,,,,,,
,,,,,,,,,7.623684210526316e-07,5794,,,,,,,,,
38,,,,,,,,,,5794,0.0659235492348671,,,,,,,,
,,,,,,,,,7.630263157894737e-07,5799,,,,,,,,,
38,,,,,,,,,,5799,0.08810940384864807,,,,,,,,
,,,,,,,,,7.636842105263157e-07,5804,,,,,,,,,
38,,,,,,,,,,5804,0.07722554355859756,,,,,,,,
,,,,,,,,,7.643421052631579e-07,5809,,,,,,,,,
38,,,,,,,,,,5809,0.08329560607671738,,,,,,,,
,,,,,,,,,7.65e-07,5814,,,,,,,,,
38,,,,,,,,,,5814,0.014534546062350273,,,,,,,,
,,,,,,,,,7.656578947368421e-07,5819,,,,,,,,,
38,,,,,,,,,,5819,0.0861898809671402,,,,,,,,
,,,,,,,,,7.663157894736842e-07,5824,,,,,,,,,
38,,,,,,,,,,5824,0.057870879769325256,,,,,,,,
,,,,,,,,,7.669736842105263e-07,5829,,,,,,,,,
38,,,,,,,,,,5829,0.08871565759181976,,,,,,,,
,,,,,,,,,7.676315789473684e-07,5834,,,,,,,,,
38,,,,,,,,,,5834,0.09782014042139053,,,,,,,,
,,,,,,,,,7.682894736842105e-07,5839,,,,,,,,,
38,,,,,,,,,,5839,0.07213836163282394,,,,,,,,
,,,,,,,,,7.689473684210526e-07,5844,,,,,,,,,
38,,,,,,,,,,5844,0.05918328836560249,,,,,,,,
,,,,,,,,,7.696052631578947e-07,5849,,,,,,,,,
38,,,,,,,,,,5849,0.0724920928478241,,,,,,,,
,,,,,,,,,7.702631578947368e-07,5854,,,,,,,,,
38,,,,,,,,,,5854,0.05099048092961311,,,,,,,,
,,,,,,,,,7.709210526315789e-07,5859,,,,,,,,,
38,,,,,,,,,,5859,0.07595416903495789,,,,,,,,
,,,,,,,,,7.71578947368421e-07,5864,,,,,,,,,
38,,,,,,,,,,5864,0.08055630326271057,,,,,,,,
,,,,,,,,,7.72236842105263e-07,5869,,,,,,,,,
38,,,,,,,,,,5869,0.08238372951745987,,,,,,,,
,,,,,,,,,7.728947368421052e-07,5874,,,,,,,,,
38,,,,,,,,,,5874,0.09020962566137314,,,,,,,,
,,,,,,,,,7.735526315789473e-07,5879,,,,,,,,,
38,,,,,,,,,,5879,0.014696759171783924,,,,,,,,
,,,,,,,,,7.742105263157894e-07,5884,,,,,,,,,
38,,,,,,,,,,5884,0.03930097073316574,,,,,,,,
,,,,,,,,,7.748684210526315e-07,5889,,,,,,,,,
38,,,,,,,,,,5889,0.047023478895425797,,,,,,,,
,,,,,,,,,7.755263157894737e-07,5894,,,,,,,,,
38,,,,,,,,,,5894,0.0656573697924614,,,,,,,,
,,,,,,,,,7.761842105263158e-07,5899,,,,,,,,,
38,,,,,,,,,,5899,0.04783244431018829,,,,,,,,
,,,,,,,,,7.768421052631579e-07,5904,,,,,,,,,
38,,,,,,,,,,5904,0.05244717746973038,,,,,,,,
,,,,,,,,,7.775e-07,5909,,,,,,,,,
38,,,,,,,,,,5909,0.048794109374284744,,,,,,,,
,,,,,,,,,7.781578947368421e-07,5914,,,,,,,,,
38,,,,,,,,,,5914,0.04659082740545273,,,,,,,,
,,,,,,,,,7.788157894736842e-07,5919,,,,,,,,,
38,,,,,,,,,,5919,0.07460378855466843,,,,,,,,
,,,,,,,,,7.794736842105263e-07,5924,,,,,,,,,
38,,,,,,,,,,5924,0.03782258555293083,,,,,,,,
38,,,,,,,,,,5927,,0.612500011920929,0.7102803587913513,0.07683895528316498,0.07683895528316498,0.2933206558227539,0.6229507923126221,0.8260869383811951,0.2844099998474121
,,,,,,,,,7.801315789473684e-07,5929,,,,,,,,,
39,,,,,,,,,,5929,0.041936300694942474,,,,,,,,
,,,,,,,,,7.807894736842105e-07,5934,,,,,,,,,
39,,,,,,,,,,5934,0.061024777591228485,,,,,,,,
,,,,,,,,,7.814473684210526e-07,5939,,,,,,,,,
39,,,,,,,,,,5939,0.038485974073410034,,,,,,,,
,,,,,,,,,7.821052631578947e-07,5944,,,,,,,,,
39,,,,,,,,,,5944,0.03336431086063385,,,,,,,,
,,,,,,,,,7.827631578947368e-07,5949,,,,,,,,,
39,,,,,,,,,,5949,0.11345366388559341,,,,,,,,
,,,,,,,,,7.834210526315789e-07,5954,,,,,,,,,
39,,,,,,,,,,5954,0.06766586750745773,,,,,,,,
,,,,,,,,,7.84078947368421e-07,5959,,,,,,,,,
39,,,,,,,,,,5959,0.04586616903543472,,,,,,,,
,,,,,,,,,7.847368421052631e-07,5964,,,,,,,,,
39,,,,,,,,,,5964,0.04922895506024361,,,,,,,,
,,,,,,,,,7.853947368421052e-07,5969,,,,,,,,,
39,,,,,,,,,,5969,0.0756816565990448,,,,,,,,
,,,,,,,,,7.860526315789473e-07,5974,,,,,,,,,
39,,,,,,,,,,5974,0.08173955976963043,,,,,,,,
,,,,,,,,,7.867105263157895e-07,5979,,,,,,,,,
39,,,,,,,,,,5979,0.06413105130195618,,,,,,,,
,,,,,,,,,7.873684210526315e-07,5984,,,,,,,,,
39,,,,,,,,,,5984,0.1351499706506729,,,,,,,,
,,,,,,,,,7.880263157894736e-07,5989,,,,,,,,,
39,,,,,,,,,,5989,0.030746430158615112,,,,,,,,
,,,,,,,,,7.886842105263157e-07,5994,,,,,,,,,
39,,,,,,,,,,5994,0.10473179817199707,,,,,,,,
,,,,,,,,,7.893421052631578e-07,5999,,,,,,,,,
39,,,,,,,,,,5999,0.06925223767757416,,,,,,,,
,,,,,,,,,7.9e-07,6004,,,,,,,,,
39,,,,,,,,,,6004,0.05712847039103508,,,,,,,,
,,,,,,,,,7.906578947368421e-07,6009,,,,,,,,,
39,,,,,,,,,,6009,0.0640890896320343,,,,,,,,
,,,,,,,,,7.913157894736842e-07,6014,,,,,,,,,
39,,,,,,,,,,6014,0.01846919395029545,,,,,,,,
,,,,,,,,,7.919736842105263e-07,6019,,,,,,,,,
39,,,,,,,,,,6019,0.03382203355431557,,,,,,,,
,,,,,,,,,7.926315789473685e-07,6024,,,,,,,,,
39,,,,,,,,,,6024,0.11063055694103241,,,,,,,,
,,,,,,,,,7.932894736842105e-07,6029,,,,,,,,,
39,,,,,,,,,,6029,0.029081590473651886,,,,,,,,
,,,,,,,,,7.939473684210526e-07,6034,,,,,,,,,
39,,,,,,,,,,6034,0.09532933682203293,,,,,,,,
,,,,,,,,,7.946052631578947e-07,6039,,,,,,,,,
39,,,,,,,,,,6039,0.05381566658616066,,,,,,,,
,,,,,,,,,7.952631578947369e-07,6044,,,,,,,,,
39,,,,,,,,,,6044,0.06689326465129852,,,,,,,,
,,,,,,,,,7.959210526315789e-07,6049,,,,,,,,,
39,,,,,,,,,,6049,0.05009777471423149,,,,,,,,
,,,,,,,,,7.96578947368421e-07,6054,,,,,,,,,
39,,,,,,,,,,6054,0.06058590114116669,,,,,,,,
,,,,,,,,,7.972368421052631e-07,6059,,,,,,,,,
39,,,,,,,,,,6059,0.07923385500907898,,,,,,,,
,,,,,,,,,7.978947368421052e-07,6064,,,,,,,,,
39,,,,,,,,,,6064,0.06784369796514511,,,,,,,,
,,,,,,,,,7.985526315789474e-07,6069,,,,,,,,,
39,,,,,,,,,,6069,0.040200650691986084,,,,,,,,
,,,,,,,,,7.992105263157894e-07,6074,,,,,,,,,
39,,,,,,,,,,6074,0.08482527732849121,,,,,,,,
,,,,,,,,,7.998684210526315e-07,6079,,,,,,,,,
39,,,,,,,,,,6079,0.08540334552526474,,,,,,,,
39,,,,,,,,,,6079,,0.6499999761581421,0.7407407164573669,0.07674624770879745,0.07674624770879745,0.321534663438797,0.6451612710952759,0.8695651888847351,0.2910536825656891
,,,,,,,,,8.005263157894736e-07,6084,,,,,,,,,
40,,,,,,,,,,6084,0.06340975314378738,,,,,,,,
,,,,,,,,,8.011842105263158e-07,6089,,,,,,,,,
40,,,,,,,,,,6089,0.05053925886750221,,,,,,,,
,,,,,,,,,8.018421052631578e-07,6094,,,,,,,,,
40,,,,,,,,,,6094,0.04302051290869713,,,,,,,,
,,,,,,,,,8.024999999999999e-07,6099,,,,,,,,,
40,,,,,,,,,,6099,0.0991068109869957,,,,,,,,
,,,,,,,,,8.03157894736842e-07,6104,,,,,,,,,
40,,,,,,,,,,6104,0.060783956199884415,,,,,,,,
,,,,,,,,,8.038157894736843e-07,6109,,,,,,,,,
40,,,,,,,,,,6109,0.049781136214733124,,,,,,,,
,,,,,,,,,8.044736842105263e-07,6114,,,,,,,,,
40,,,,,,,,,,6114,0.04400477185845375,,,,,,,,
,,,,,,,,,8.051315789473684e-07,6119,,,,,,,,,
40,,,,,,,,,,6119,0.10060954838991165,,,,,,,,
,,,,,,,,,8.057894736842105e-07,6124,,,,,,,,,
40,,,,,,,,,,6124,0.06690269708633423,,,,,,,,
,,,,,,,,,8.064473684210526e-07,6129,,,,,,,,,
40,,,,,,,,,,6129,0.09137894213199615,,,,,,,,
,,,,,,,,,8.071052631578948e-07,6134,,,,,,,,,
40,,,,,,,,,,6134,0.03167210891842842,,,,,,,,
,,,,,,,,,8.077631578947368e-07,6139,,,,,,,,,
40,,,,,,,,,,6139,0.040067341178655624,,,,,,,,
,,,,,,,,,8.084210526315789e-07,6144,,,,,,,,,
40,,,,,,,,,,6144,0.05105876177549362,,,,,,,,
,,,,,,,,,8.09078947368421e-07,6149,,,,,,,,,
40,,,,,,,,,,6149,0.050684697926044464,,,,,,,,
,,,,,,,,,8.097368421052632e-07,6154,,,,,,,,,
40,,,,,,,,,,6154,0.05079467594623566,,,,,,,,
,,,,,,,,,8.103947368421052e-07,6159,,,,,,,,,
40,,,,,,,,,,6159,0.041786596179008484,,,,,,,,
,,,,,,,,,8.110526315789473e-07,6164,,,,,,,,,
40,,,,,,,,,,6164,0.06613405793905258,,,,,,,,
,,,,,,,,,8.117105263157894e-07,6169,,,,,,,,,
40,,,,,,,,,,6169,0.07443661242723465,,,,,,,,
,,,,,,,,,8.123684210526316e-07,6174,,,,,,,,,
40,,,,,,,,,,6174,0.060495320707559586,,,,,,,,
,,,,,,,,,8.130263157894737e-07,6179,,,,,,,,,
40,,,,,,,,,,6179,0.07440570741891861,,,,,,,,
,,,,,,,,,8.136842105263157e-07,6184,,,,,,,,,
40,,,,,,,,,,6184,0.08182370662689209,,,,,,,,
,,,,,,,,,8.143421052631578e-07,6189,,,,,,,,,
40,,,,,,,,,,6189,0.03729956969618797,,,,,,,,
,,,,,,,,,8.149999999999999e-07,6194,,,,,,,,,
40,,,,,,,,,,6194,0.055656202137470245,,,,,,,,
,,,,,,,,,8.156578947368421e-07,6199,,,,,,,,,
40,,,,,,,,,,6199,0.06077166646718979,,,,,,,,
,,,,,,,,,8.163157894736841e-07,6204,,,,,,,,,
40,,,,,,,,,,6204,0.0328376404941082,,,,,,,,
,,,,,,,,,8.169736842105262e-07,6209,,,,,,,,,
40,,,,,,,,,,6209,0.07249685376882553,,,,,,,,
,,,,,,,,,8.176315789473683e-07,6214,,,,,,,,,
40,,,,,,,,,,6214,0.04712395742535591,,,,,,,,
,,,,,,,,,8.182894736842106e-07,6219,,,,,,,,,
40,,,,,,,,,,6219,0.04153510555624962,,,,,,,,
,,,,,,,,,8.189473684210527e-07,6224,,,,,,,,,
40,,,,,,,,,,6224,0.08763518184423447,,,,,,,,
,,,,,,,,,8.196052631578947e-07,6229,,,,,,,,,
40,,,,,,,,,,6229,0.07551504671573639,,,,,,,,
40,,,,,,,,,,6231,,0.625,0.7115384340286255,0.07636795192956924,0.07636795192956924,0.31429964303970337,0.6379310488700867,0.804347813129425,0.2963944375514984
,,,,,,,,,8.202631578947368e-07,6234,,,,,,,,,
41,,,,,,,,,,6234,0.06614281237125397,,,,,,,,
,,,,,,,,,8.20921052631579e-07,6239,,,,,,,,,
41,,,,,,,,,,6239,0.10089457780122757,,,,,,,,
,,,,,,,,,8.215789473684211e-07,6244,,,,,,,,,
41,,,,,,,,,,6244,0.06570226699113846,,,,,,,,
,,,,,,,,,8.222368421052631e-07,6249,,,,,,,,,
41,,,,,,,,,,6249,0.06177530437707901,,,,,,,,
,,,,,,,,,8.228947368421052e-07,6254,,,,,,,,,
41,,,,,,,,,,6254,0.07613398134708405,,,,,,,,
,,,,,,,,,8.235526315789473e-07,6259,,,,,,,,,
41,,,,,,,,,,6259,0.03715095669031143,,,,,,,,
,,,,,,,,,8.242105263157895e-07,6264,,,,,,,,,
41,,,,,,,,,,6264,0.03781863674521446,,,,,,,,
,,,,,,,,,8.248684210526315e-07,6269,,,,,,,,,
41,,,,,,,,,,6269,0.0725182369351387,,,,,,,,
,,,,,,,,,8.255263157894736e-07,6274,,,,,,,,,
41,,,,,,,,,,6274,0.059762775897979736,,,,,,,,
,,,,,,,,,8.261842105263157e-07,6279,,,,,,,,,
41,,,,,,,,,,6279,0.05586604028940201,,,,,,,,
,,,,,,,,,8.268421052631579e-07,6284,,,,,,,,,
41,,,,,,,,,,6284,0.07093477994203568,,,,,,,,
,,,,,,,,,8.275e-07,6289,,,,,,,,,
41,,,,,,,,,,6289,0.06863018870353699,,,,,,,,
,,,,,,,,,8.28157894736842e-07,6294,,,,,,,,,
41,,,,,,,,,,6294,0.09357528388500214,,,,,,,,
,,,,,,,,,8.288157894736841e-07,6299,,,,,,,,,
41,,,,,,,,,,6299,0.03605536371469498,,,,,,,,
,,,,,,,,,8.294736842105263e-07,6304,,,,,,,,,
41,,,,,,,,,,6304,0.036519020795822144,,,,,,,,
,,,,,,,,,8.301315789473684e-07,6309,,,,,,,,,
41,,,,,,,,,,6309,0.035345956683158875,,,,,,,,
,,,,,,,,,8.307894736842104e-07,6314,,,,,,,,,
41,,,,,,,,,,6314,0.05388479679822922,,,,,,,,
,,,,,,,,,8.314473684210525e-07,6319,,,,,,,,,
41,,,,,,,,,,6319,0.04699620231986046,,,,,,,,
,,,,,,,,,8.321052631578947e-07,6324,,,,,,,,,
41,,,,,,,,,,6324,0.06858397275209427,,,,,,,,
,,,,,,,,,8.327631578947369e-07,6329,,,,,,,,,
41,,,,,,,,,,6329,0.03876687213778496,,,,,,,,
,,,,,,,,,8.33421052631579e-07,6334,,,,,,,,,
41,,,,,,,,,,6334,0.03720621019601822,,,,,,,,
,,,,,,,,,8.34078947368421e-07,6339,,,,,,,,,
41,,,,,,,,,,6339,0.09100736677646637,,,,,,,,
,,,,,,,,,8.347368421052631e-07,6344,,,,,,,,,
41,,,,,,,,,,6344,0.054333727806806564,,,,,,,,
,,,,,,,,,8.353947368421053e-07,6349,,,,,,,,,
41,,,,,,,,,,6349,0.07588182389736176,,,,,,,,
,,,,,,,,,8.360526315789474e-07,6354,,,,,,,,,
41,,,,,,,,,,6354,0.015846993774175644,,,,,,,,
,,,,,,,,,8.367105263157894e-07,6359,,,,,,,,,
41,,,,,,,,,,6359,0.049545057117938995,,,,,,,,
,,,,,,,,,8.373684210526315e-07,6364,,,,,,,,,
41,,,,,,,,,,6364,0.03641034662723541,,,,,,,,
,,,,,,,,,8.380263157894737e-07,6369,,,,,,,,,
41,,,,,,,,,,6369,0.0668647363781929,,,,,,,,
,,,,,,,,,8.386842105263158e-07,6374,,,,,,,,,
41,,,,,,,,,,6374,0.07674024254083633,,,,,,,,
,,,,,,,,,8.393421052631579e-07,6379,,,,,,,,,
41,,,,,,,,,,6379,0.05356347933411598,,,,,,,,
41,,,,,,,,,,6383,,0.637499988079071,0.7184466123580933,0.07560453563928604,0.07560453563928604,0.32429957389831543,0.6491228342056274,0.804347813129425,0.29856595396995544
,,,,,,,,,8.399999999999999e-07,6384,,,,,,,,,
42,,,,,,,,,,6384,0.07480853796005249,,,,,,,,
,,,,,,,,,8.406578947368421e-07,6389,,,,,,,,,
42,,,,,,,,,,6389,0.05258777737617493,,,,,,,,
,,,,,,,,,8.413157894736842e-07,6394,,,,,,,,,
42,,,,,,,,,,6394,0.040965452790260315,,,,,,,,
,,,,,,,,,8.419736842105263e-07,6399,,,,,,,,,
42,,,,,,,,,,6399,0.0913582518696785,,,,,,,,
,,,,,,,,,8.426315789473683e-07,6404,,,,,,,,,
42,,,,,,,,,,6404,0.09378550946712494,,,,,,,,
,,,,,,,,,8.432894736842104e-07,6409,,,,,,,,,
42,,,,,,,,,,6409,0.1089562252163887,,,,,,,,
,,,,,,,,,8.439473684210526e-07,6414,,,,,,,,,
42,,,,,,,,,,6414,0.057767193764448166,,,,,,,,
,,,,,,,,,8.446052631578947e-07,6419,,,,,,,,,
42,,,,,,,,,,6419,0.06670074164867401,,,,,,,,
,,,,,,,,,8.452631578947368e-07,6424,,,,,,,,,
42,,,,,,,,,,6424,0.02647981606423855,,,,,,,,
,,,,,,,,,8.459210526315788e-07,6429,,,,,,,,,
42,,,,,,,,,,6429,0.08279956877231598,,,,,,,,
,,,,,,,,,8.46578947368421e-07,6434,,,,,,,,,
42,,,,,,,,,,6434,0.03382168337702751,,,,,,,,
,,,,,,,,,8.472368421052632e-07,6439,,,,,,,,,
42,,,,,,,,,,6439,0.04559549689292908,,,,,,,,
,,,,,,,,,8.478947368421053e-07,6444,,,,,,,,,
42,,,,,,,,,,6444,0.018256396055221558,,,,,,,,
,,,,,,,,,8.485526315789473e-07,6449,,,,,,,,,
42,,,,,,,,,,6449,0.07987238466739655,,,,,,,,
,,,,,,,,,8.492105263157895e-07,6454,,,,,,,,,
42,,,,,,,,,,6454,0.07098384946584702,,,,,,,,
,,,,,,,,,8.498684210526316e-07,6459,,,,,,,,,
42,,,,,,,,,,6459,0.08539393544197083,,,,,,,,
,,,,,,,,,8.505263157894737e-07,6464,,,,,,,,,
42,,,,,,,,,,6464,0.025727933272719383,,,,,,,,
,,,,,,,,,8.511842105263157e-07,6469,,,,,,,,,
42,,,,,,,,,,6469,0.06333398073911667,,,,,,,,
,,,,,,,,,8.518421052631578e-07,6474,,,,,,,,,
42,,,,,,,,,,6474,0.0860510990023613,,,,,,,,
,,,,,,,,,8.525e-07,6479,,,,,,,,,
42,,,,,,,,,,6479,0.09034564346075058,,,,,,,,
,,,,,,,,,8.531578947368421e-07,6484,,,,,,,,,
42,,,,,,,,,,6484,0.07834941148757935,,,,,,,,
,,,,,,,,,8.538157894736842e-07,6489,,,,,,,,,
42,,,,,,,,,,6489,0.03345564007759094,,,,,,,,
,,,,,,,,,8.544736842105262e-07,6494,,,,,,,,,
42,,,,,,,,,,6494,0.07056781649589539,,,,,,,,
,,,,,,,,,8.551315789473684e-07,6499,,,,,,,,,
42,,,,,,,,,,6499,0.025901732966303825,,,,,,,,
,,,,,,,,,8.557894736842105e-07,6504,,,,,,,,,
42,,,,,,,,,,6504,0.058137133717536926,,,,,,,,
,,,,,,,,,8.564473684210526e-07,6509,,,,,,,,,
42,,,,,,,,,,6509,0.049511026591062546,,,,,,,,
,,,,,,,,,8.571052631578946e-07,6514,,,,,,,,,
42,,,,,,,,,,6514,0.0669839158654213,,,,,,,,
,,,,,,,,,8.577631578947368e-07,6519,,,,,,,,,
42,,,,,,,,,,6519,0.04244817793369293,,,,,,,,
,,,,,,,,,8.584210526315789e-07,6524,,,,,,,,,
42,,,,,,,,,,6524,0.03424051031470299,,,,,,,,
,,,,,,,,,8.59078947368421e-07,6529,,,,,,,,,
42,,,,,,,,,,6529,0.061544809490442276,,,,,,,,
,,,,,,,,,8.597368421052631e-07,6534,,,,,,,,,
42,,,,,,,,,,6534,0.1273413747549057,,,,,,,,
42,,,,,,,,,,6535,,0.5874999761581421,0.6666666865348816,0.07475261390209198,0.07475261390209198,0.32433146238327026,0.6226415038108826,0.717391312122345,0.2818746268749237
,,,,,,,,,8.603947368421051e-07,6539,,,,,,,,,
43,,,,,,,,,,6539,0.04494807496666908,,,,,,,,
,,,,,,,,,8.610526315789473e-07,6544,,,,,,,,,
43,,,,,,,,,,6544,0.0637541189789772,,,,,,,,
,,,,,,,,,8.617105263157895e-07,6549,,,,,,,,,
43,,,,,,,,,,6549,0.048296235501766205,,,,,,,,
,,,,,,,,,8.623684210526316e-07,6554,,,,,,,,,
43,,,,,,,,,,6554,0.03497106581926346,,,,,,,,
,,,,,,,,,8.630263157894736e-07,6559,,,,,,,,,
43,,,,,,,,,,6559,0.048651378601789474,,,,,,,,
,,,,,,,,,8.636842105263158e-07,6564,,,,,,,,,
43,,,,,,,,,,6564,0.05207549408078194,,,,,,,,
,,,,,,,,,8.643421052631579e-07,6569,,,,,,,,,
43,,,,,,,,,,6569,0.056554682552814484,,,,,,,,
,,,,,,,,,8.65e-07,6574,,,,,,,,,
43,,,,,,,,,,6574,0.03430500999093056,,,,,,,,
,,,,,,,,,8.656578947368421e-07,6579,,,,,,,,,
43,,,,,,,,,,6579,0.07594602555036545,,,,,,,,
,,,,,,,,,8.663157894736842e-07,6584,,,,,,,,,
43,,,,,,,,,,6584,0.07611033320426941,,,,,,,,
,,,,,,,,,8.669736842105263e-07,6589,,,,,,,,,
43,,,,,,,,,,6589,0.04840531572699547,,,,,,,,
,,,,,,,,,8.676315789473684e-07,6594,,,,,,,,,
43,,,,,,,,,,6594,0.0247203279286623,,,,,,,,
,,,,,,,,,8.682894736842105e-07,6599,,,,,,,,,
43,,,,,,,,,,6599,0.04811062291264534,,,,,,,,
,,,,,,,,,8.689473684210525e-07,6604,,,,,,,,,
43,,,,,,,,,,6604,0.09420984238386154,,,,,,,,
,,,,,,,,,8.696052631578947e-07,6609,,,,,,,,,
43,,,,,,,,,,6609,0.039940666407346725,,,,,,,,
,,,,,,,,,8.702631578947368e-07,6614,,,,,,,,,
43,,,,,,,,,,6614,0.049499597400426865,,,,,,,,
,,,,,,,,,8.709210526315789e-07,6619,,,,,,,,,
43,,,,,,,,,,6619,0.08332952111959457,,,,,,,,
,,,,,,,,,8.71578947368421e-07,6624,,,,,,,,,
43,,,,,,,,,,6624,0.03498102352023125,,,,,,,,
,,,,,,,,,8.722368421052631e-07,6629,,,,,,,,,
43,,,,,,,,,,6629,0.04701851308345795,,,,,,,,
,,,,,,,,,8.728947368421052e-07,6634,,,,,,,,,
43,,,,,,,,,,6634,0.1333026885986328,,,,,,,,
,,,,,,,,,8.735526315789473e-07,6639,,,,,,,,,
43,,,,,,,,,,6639,0.060093820095062256,,,,,,,,
,,,,,,,,,8.742105263157894e-07,6644,,,,,,,,,
43,,,,,,,,,,6644,0.0870494693517685,,,,,,,,
,,,,,,,,,8.748684210526315e-07,6649,,,,,,,,,
43,,,,,,,,,,6649,0.07854104787111282,,,,,,,,
,,,,,,,,,8.755263157894736e-07,6654,,,,,,,,,
43,,,,,,,,,,6654,0.040067337453365326,,,,,,,,
,,,,,,,,,8.761842105263158e-07,6659,,,,,,,,,
43,,,,,,,,,,6659,0.07429326325654984,,,,,,,,
,,,,,,,,,8.768421052631579e-07,6664,,,,,,,,,
43,,,,,,,,,,6664,0.061539072543382645,,,,,,,,
,,,,,,,,,8.774999999999999e-07,6669,,,,,,,,,
43,,,,,,,,,,6669,0.040637023746967316,,,,,,,,
,,,,,,,,,8.781578947368421e-07,6674,,,,,,,,,
43,,,,,,,,,,6674,0.02793913520872593,,,,,,,,
,,,,,,,,,8.788157894736842e-07,6679,,,,,,,,,
43,,,,,,,,,,6679,0.07263209670782089,,,,,,,,
,,,,,,,,,8.794736842105263e-07,6684,,,,,,,,,
43,,,,,,,,,,6684,0.05466444790363312,,,,,,,,
43,,,,,,,,,,6687,,0.6499999761581421,0.7200000286102295,0.07378771901130676,0.07378771901130676,0.3619522750377655,0.6666666865348816,0.782608687877655,0.32159578800201416
,,,,,,,,,8.801315789473684e-07,6689,,,,,,,,,
44,,,,,,,,,,6689,0.06466514617204666,,,,,,,,
,,,,,,,,,8.807894736842105e-07,6694,,,,,,,,,
44,,,,,,,,,,6694,0.049210622906684875,,,,,,,,
,,,,,,,,,8.814473684210526e-07,6699,,,,,,,,,
44,,,,,,,,,,6699,0.03786255791783333,,,,,,,,
,,,,,,,,,8.821052631578947e-07,6704,,,,,,,,,
44,,,,,,,,,,6704,0.04175008088350296,,,,,,,,
,,,,,,,,,8.827631578947368e-07,6709,,,,,,,,,
44,,,,,,,,,,6709,0.05207280442118645,,,,,,,,
,,,,,,,,,8.834210526315789e-07,6714,,,,,,,,,
44,,,,,,,,,,6714,0.011056237854063511,,,,,,,,
,,,,,,,,,8.84078947368421e-07,6719,,,,,,,,,
44,,,,,,,,,,6719,0.04680370166897774,,,,,,,,
,,,,,,,,,8.847368421052631e-07,6724,,,,,,,,,
44,,,,,,,,,,6724,0.031629908829927444,,,,,,,,
,,,,,,,,,8.853947368421052e-07,6729,,,,,,,,,
44,,,,,,,,,,6729,0.03917539119720459,,,,,,,,
,,,,,,,,,8.860526315789473e-07,6734,,,,,,,,,
44,,,,,,,,,,6734,0.027056530117988586,,,,,,,,
,,,,,,,,,8.867105263157894e-07,6739,,,,,,,,,
44,,,,,,,,,,6739,0.09097570925951004,,,,,,,,
,,,,,,,,,8.873684210526315e-07,6744,,,,,,,,,
44,,,,,,,,,,6744,0.06074337661266327,,,,,,,,
,,,,,,,,,8.880263157894736e-07,6749,,,,,,,,,
44,,,,,,,,,,6749,0.04290285333991051,,,,,,,,
,,,,,,,,,8.886842105263157e-07,6754,,,,,,,,,
44,,,,,,,,,,6754,0.051079023629426956,,,,,,,,
,,,,,,,,,8.893421052631578e-07,6759,,,,,,,,,
44,,,,,,,,,,6759,0.05300489440560341,,,,,,,,
,,,,,,,,,8.9e-07,6764,,,,,,,,,
44,,,,,,,,,,6764,0.019955633208155632,,,,,,,,
,,,,,,,,,8.906578947368421e-07,6769,,,,,,,,,
44,,,,,,,,,,6769,0.02998150885105133,,,,,,,,
,,,,,,,,,8.913157894736842e-07,6774,,,,,,,,,
44,,,,,,,,,,6774,0.041571009904146194,,,,,,,,
,,,,,,,,,8.919736842105264e-07,6779,,,,,,,,,
44,,,,,,,,,,6779,0.07168924063444138,,,,,,,,
,,,,,,,,,8.926315789473684e-07,6784,,,,,,,,,
44,,,,,,,,,,6784,0.11209121346473694,,,,,,,,
,,,,,,,,,8.932894736842105e-07,6789,,,,,,,,,
44,,,,,,,,,,6789,0.04531733691692352,,,,,,,,
,,,,,,,,,8.939473684210526e-07,6794,,,,,,,,,
44,,,,,,,,,,6794,0.046222757548093796,,,,,,,,
,,,,,,,,,8.946052631578948e-07,6799,,,,,,,,,
44,,,,,,,,,,6799,0.03425035998225212,,,,,,,,
,,,,,,,,,8.952631578947368e-07,6804,,,,,,,,,
44,,,,,,,,,,6804,0.05527418851852417,,,,,,,,
,,,,,,,,,8.959210526315789e-07,6809,,,,,,,,,
44,,,,,,,,,,6809,0.07442471385002136,,,,,,,,
,,,,,,,,,8.96578947368421e-07,6814,,,,,,,,,
44,,,,,,,,,,6814,0.050672102719545364,,,,,,,,
,,,,,,,,,8.972368421052631e-07,6819,,,,,,,,,
44,,,,,,,,,,6819,0.030016949400305748,,,,,,,,
,,,,,,,,,8.978947368421053e-07,6824,,,,,,,,,
44,,,,,,,,,,6824,0.04912169650197029,,,,,,,,
,,,,,,,,,8.985526315789473e-07,6829,,,,,,,,,
44,,,,,,,,,,6829,0.0916193351149559,,,,,,,,
,,,,,,,,,8.992105263157894e-07,6834,,,,,,,,,
44,,,,,,,,,,6834,0.04838382452726364,,,,,,,,
,,,,,,,,,8.998684210526315e-07,6839,,,,,,,,,
44,,,,,,,,,,6839,0.05942073091864586,,,,,,,,
44,,,,,,,,,,6839,,0.6875,0.7524752616882324,0.07468804717063904,0.07468804717063904,0.36768463253974915,0.6909090876579285,0.8260869383811951,0.35292428731918335
,,,,,,,,,9.005263157894737e-07,6844,,,,,,,,,
45,,,,,,,,,,6844,0.04702853783965111,,,,,,,,
,,,,,,,,,9.011842105263157e-07,6849,,,,,,,,,
45,,,,,,,,,,6849,0.0718899741768837,,,,,,,,
,,,,,,,,,9.018421052631578e-07,6854,,,,,,,,,
45,,,,,,,,,,6854,0.016915524378418922,,,,,,,,
,,,,,,,,,9.024999999999999e-07,6859,,,,,,,,,
45,,,,,,,,,,6859,0.03991915285587311,,,,,,,,
,,,,,,,,,9.031578947368421e-07,6864,,,,,,,,,
45,,,,,,,,,,6864,0.03282574191689491,,,,,,,,
,,,,,,,,,9.038157894736843e-07,6869,,,,,,,,,
45,,,,,,,,,,6869,0.05979101359844208,,,,,,,,
,,,,,,,,,9.044736842105262e-07,6874,,,,,,,,,
45,,,,,,,,,,6874,0.03521822765469551,,,,,,,,
,,,,,,,,,9.051315789473684e-07,6879,,,,,,,,,
45,,,,,,,,,,6879,0.03353762626647949,,,,,,,,
,,,,,,,,,9.057894736842105e-07,6884,,,,,,,,,
45,,,,,,,,,,6884,0.06532387435436249,,,,,,,,
,,,,,,,,,9.064473684210527e-07,6889,,,,,,,,,
45,,,,,,,,,,6889,0.07133259624242783,,,,,,,,
,,,,,,,,,9.071052631578947e-07,6894,,,,,,,,,
45,,,,,,,,,,6894,0.03173280879855156,,,,,,,,
,,,,,,,,,9.077631578947368e-07,6899,,,,,,,,,
45,,,,,,,,,,6899,0.03554292768239975,,,,,,,,
,,,,,,,,,9.084210526315789e-07,6904,,,,,,,,,
45,,,,,,,,,,6904,0.05680541321635246,,,,,,,,
,,,,,,,,,9.090789473684211e-07,6909,,,,,,,,,
45,,,,,,,,,,6909,0.047719866037368774,,,,,,,,
,,,,,,,,,9.097368421052631e-07,6914,,,,,,,,,
45,,,,,,,,,,6914,0.07884514331817627,,,,,,,,
,,,,,,,,,9.103947368421052e-07,6919,,,,,,,,,
45,,,,,,,,,,6919,0.02781175822019577,,,,,,,,
,,,,,,,,,9.110526315789473e-07,6924,,,,,,,,,
45,,,,,,,,,,6924,0.09491875022649765,,,,,,,,
,,,,,,,,,9.117105263157895e-07,6929,,,,,,,,,
45,,,,,,,,,,6929,0.03609730675816536,,,,,,,,
,,,,,,,,,9.123684210526316e-07,6934,,,,,,,,,
45,,,,,,,,,,6934,0.02432231605052948,,,,,,,,
,,,,,,,,,9.130263157894736e-07,6939,,,,,,,,,
45,,,,,,,,,,6939,0.03052937053143978,,,,,,,,
,,,,,,,,,9.136842105263157e-07,6944,,,,,,,,,
45,,,,,,,,,,6944,0.022218408063054085,,,,,,,,
,,,,,,,,,9.143421052631578e-07,6949,,,,,,,,,
45,,,,,,,,,,6949,0.05703728646039963,,,,,,,,
,,,,,,,,,9.15e-07,6954,,,,,,,,,
45,,,,,,,,,,6954,0.04246199131011963,,,,,,,,
,,,,,,,,,9.15657894736842e-07,6959,,,,,,,,,
45,,,,,,,,,,6959,0.02050938829779625,,,,,,,,
,,,,,,,,,9.163157894736841e-07,6964,,,,,,,,,
45,,,,,,,,,,6964,0.07322749495506287,,,,,,,,
,,,,,,,,,9.169736842105262e-07,6969,,,,,,,,,
45,,,,,,,,,,6969,0.0561102032661438,,,,,,,,
,,,,,,,,,9.176315789473684e-07,6974,,,,,,,,,
45,,,,,,,,,,6974,0.0422045961022377,,,,,,,,
,,,,,,,,,9.182894736842106e-07,6979,,,,,,,,,
45,,,,,,,,,,6979,0.05220901593565941,,,,,,,,
,,,,,,,,,9.189473684210525e-07,6984,,,,,,,,,
45,,,,,,,,,,6984,0.044940751045942307,,,,,,,,
,,,,,,,,,9.196052631578947e-07,6989,,,,,,,,,
45,,,,,,,,,,6989,0.02202395163476467,,,,,,,,
45,,,,,,,,,,6991,,0.6499999761581421,0.7142857313156128,0.07491827011108398,0.07491827011108398,0.35820090770721436,0.6730769276618958,0.760869562625885,0.3344135880470276
,,,,,,,,,9.202631578947369e-07,6994,,,,,,,,,
46,,,,,,,,,,6994,0.03476029261946678,,,,,,,,
,,,,,,,,,9.20921052631579e-07,6999,,,,,,,,,
46,,,,,,,,,,6999,0.06680051982402802,,,,,,,,
,,,,,,,,,9.21578947368421e-07,7004,,,,,,,,,
46,,,,,,,,,,7004,0.03209800273180008,,,,,,,,
,,,,,,,,,9.222368421052631e-07,7009,,,,,,,,,
46,,,,,,,,,,7009,0.06091552600264549,,,,,,,,
,,,,,,,,,9.228947368421052e-07,7014,,,,,,,,,
46,,,,,,,,,,7014,0.037659190595149994,,,,,,,,
,,,,,,,,,9.235526315789474e-07,7019,,,,,,,,,
46,,,,,,,,,,7019,0.08215324580669403,,,,,,,,
,,,,,,,,,9.242105263157895e-07,7024,,,,,,,,,
46,,,,,,,,,,7024,0.0771431177854538,,,,,,,,
,,,,,,,,,9.248684210526315e-07,7029,,,,,,,,,
46,,,,,,,,,,7029,0.07074680179357529,,,,,,,,
,,,,,,,,,9.255263157894736e-07,7034,,,,,,,,,
46,,,,,,,,,,7034,0.052090294659137726,,,,,,,,
,,,,,,,,,9.261842105263158e-07,7039,,,,,,,,,
46,,,,,,,,,,7039,0.05841846019029617,,,,,,,,
,,,,,,,,,9.268421052631579e-07,7044,,,,,,,,,
46,,,,,,,,,,7044,0.04940999671816826,,,,,,,,
,,,,,,,,,9.274999999999999e-07,7049,,,,,,,,,
46,,,,,,,,,,7049,0.041507378220558167,,,,,,,,
,,,,,,,,,9.28157894736842e-07,7054,,,,,,,,,
46,,,,,,,,,,7054,0.04437226057052612,,,,,,,,
,,,,,,,,,9.288157894736842e-07,7059,,,,,,,,,
46,,,,,,,,,,7059,0.11601101607084274,,,,,,,,
,,,,,,,,,9.294736842105263e-07,7064,,,,,,,,,
46,,,,,,,,,,7064,0.05329005420207977,,,,,,,,
,,,,,,,,,9.301315789473683e-07,7069,,,,,,,,,
46,,,,,,,,,,7069,0.03478679060935974,,,,,,,,
,,,,,,,,,9.307894736842104e-07,7074,,,,,,,,,
46,,,,,,,,,,7074,0.06406152248382568,,,,,,,,
,,,,,,,,,9.314473684210525e-07,7079,,,,,,,,,
46,,,,,,,,,,7079,0.052366938441991806,,,,,,,,
,,,,,,,,,9.321052631578947e-07,7084,,,,,,,,,
46,,,,,,,,,,7084,0.053339071571826935,,,,,,,,
,,,,,,,,,9.327631578947368e-07,7089,,,,,,,,,
46,,,,,,,,,,7089,0.06808355450630188,,,,,,,,
,,,,,,,,,9.334210526315788e-07,7094,,,,,,,,,
46,,,,,,,,,,7094,0.019270850345492363,,,,,,,,
,,,,,,,,,9.34078947368421e-07,7099,,,,,,,,,
46,,,,,,,,,,7099,0.04904942959547043,,,,,,,,
,,,,,,,,,9.347368421052632e-07,7104,,,,,,,,,
46,,,,,,,,,,7104,0.054094064980745316,,,,,,,,
,,,,,,,,,9.353947368421053e-07,7109,,,,,,,,,
46,,,,,,,,,,7109,0.021766263991594315,,,,,,,,
,,,,,,,,,9.360526315789473e-07,7114,,,,,,,,,
46,,,,,,,,,,7114,0.06015484407544136,,,,,,,,
,,,,,,,,,9.367105263157894e-07,7119,,,,,,,,,
46,,,,,,,,,,7119,0.02725808136165142,,,,,,,,
,,,,,,,,,9.373684210526316e-07,7124,,,,,,,,,
46,,,,,,,,,,7124,0.06007937341928482,,,,,,,,
,,,,,,,,,9.380263157894737e-07,7129,,,,,,,,,
46,,,,,,,,,,7129,0.06220534071326256,,,,,,,,
,,,,,,,,,9.386842105263158e-07,7134,,,,,,,,,
46,,,,,,,,,,7134,0.027237657457590103,,,,,,,,
,,,,,,,,,9.393421052631578e-07,7139,,,,,,,,,
46,,,,,,,,,,7139,0.053271111100912094,,,,,,,,
46,,,,,,,,,,7143,,0.6499999761581421,0.695652186870575,0.07302295416593552,0.07302295416593552,0.3647717535495758,0.695652186870575,0.695652186870575,0.3456819951534271
,,,,,,,,,9.399999999999999e-07,7144,,,,,,,,,
47,,,,,,,,,,7144,0.08265653997659683,,,,,,,,
,,,,,,,,,9.406578947368421e-07,7149,,,,,,,,,
47,,,,,,,,,,7149,0.0670199766755104,,,,,,,,
,,,,,,,,,9.413157894736842e-07,7154,,,,,,,,,
47,,,,,,,,,,7154,0.04045373573899269,,,,,,,,
,,,,,,,,,9.419736842105262e-07,7159,,,,,,,,,
47,,,,,,,,,,7159,0.06538331508636475,,,,,,,,
,,,,,,,,,9.426315789473683e-07,7164,,,,,,,,,
47,,,,,,,,,,7164,0.04071022942662239,,,,,,,,
,,,,,,,,,9.432894736842105e-07,7169,,,,,,,,,
47,,,,,,,,,,7169,0.03644201532006264,,,,,,,,
,,,,,,,,,9.439473684210526e-07,7174,,,,,,,,,
47,,,,,,,,,,7174,0.07189694792032242,,,,,,,,
,,,,,,,,,9.446052631578947e-07,7179,,,,,,,,,
47,,,,,,,,,,7179,0.02755405195057392,,,,,,,,
,,,,,,,,,9.452631578947367e-07,7184,,,,,,,,,
47,,,,,,,,,,7184,0.06954209506511688,,,,,,,,
,,,,,,,,,9.459210526315789e-07,7189,,,,,,,,,
47,,,,,,,,,,7189,0.04363087937235832,,,,,,,,
,,,,,,,,,9.46578947368421e-07,7194,,,,,,,,,
47,,,,,,,,,,7194,0.04852927103638649,,,,,,,,
,,,,,,,,,9.472368421052631e-07,7199,,,,,,,,,
47,,,,,,,,,,7199,0.025305353105068207,,,,,,,,
,,,,,,,,,9.478947368421051e-07,7204,,,,,,,,,
47,,,,,,,,,,7204,0.042972199618816376,,,,,,,,
,,,,,,,,,9.485526315789473e-07,7209,,,,,,,,,
47,,,,,,,,,,7209,0.049304865300655365,,,,,,,,
,,,,,,,,,9.492105263157895e-07,7214,,,,,,,,,
47,,,,,,,,,,7214,0.03978164494037628,,,,,,,,
,,,,,,,,,9.498684210526316e-07,7219,,,,,,,,,
47,,,,,,,,,,7219,0.023412512615323067,,,,,,,,
,,,,,,,,,9.505263157894737e-07,7224,,,,,,,,,
47,,,,,,,,,,7224,0.04588800668716431,,,,,,,,
,,,,,,,,,9.511842105263157e-07,7229,,,,,,,,,
47,,,,,,,,,,7229,0.06669214367866516,,,,,,,,
,,,,,,,,,9.518421052631579e-07,7234,,,,,,,,,
47,,,,,,,,,,7234,0.02779952809214592,,,,,,,,
,,,,,,,,,9.525e-07,7239,,,,,,,,,
47,,,,,,,,,,7239,0.04227087274193764,,,,,,,,
,,,,,,,,,9.531578947368421e-07,7244,,,,,,,,,
47,,,,,,,,,,7244,0.022596560418605804,,,,,,,,
,,,,,,,,,9.538157894736842e-07,7249,,,,,,,,,
47,,,,,,,,,,7249,0.0679546669125557,,,,,,,,
,,,,,,,,,9.544736842105264e-07,7254,,,,,,,,,
47,,,,,,,,,,7254,0.029971575364470482,,,,,,,,
,,,,,,,,,9.551315789473684e-07,7259,,,,,,,,,
47,,,,,,,,,,7259,0.09468303620815277,,,,,,,,
,,,,,,,,,9.557894736842104e-07,7264,,,,,,,,,
47,,,,,,,,,,7264,0.07226051390171051,,,,,,,,
,,,,,,,,,9.564473684210526e-07,7269,,,,,,,,,
47,,,,,,,,,,7269,0.04673268273472786,,,,,,,,
,,,,,,,,,9.571052631578948e-07,7274,,,,,,,,,
47,,,,,,,,,,7274,0.0902075320482254,,,,,,,,
,,,,,,,,,9.577631578947368e-07,7279,,,,,,,,,
47,,,,,,,,,,7279,0.038283392786979675,,,,,,,,
,,,,,,,,,9.584210526315788e-07,7284,,,,,,,,,
47,,,,,,,,,,7284,0.07150033861398697,,,,,,,,
,,,,,,,,,9.59078947368421e-07,7289,,,,,,,,,
47,,,,,,,,,,7289,0.03962114825844765,,,,,,,,
,,,,,,,,,9.59736842105263e-07,7294,,,,,,,,,
47,,,,,,,,,,7294,0.049428489059209824,,,,,,,,
47,,,,,,,,,,7295,,0.625,0.6875,0.07716493308544159,0.07716493308544159,0.3479890823364258,0.6600000262260437,0.717391312122345,0.3488512337207794
,,,,,,,,,9.603947368421052e-07,7299,,,,,,,,,
48,,,,,,,,,,7299,0.04425668716430664,,,,,,,,
,,,,,,,,,9.610526315789472e-07,7304,,,,,,,,,
48,,,,,,,,,,7304,0.05118972435593605,,,,,,,,
,,,,,,,,,9.617105263157894e-07,7309,,,,,,,,,
48,,,,,,,,,,7309,0.035999856889247894,,,,,,,,
,,,,,,,,,9.623684210526314e-07,7314,,,,,,,,,
48,,,,,,,,,,7314,0.02105279453098774,,,,,,,,
,,,,,,,,,9.630263157894737e-07,7319,,,,,,,,,
48,,,,,,,,,,7319,0.02245449274778366,,,,,,,,
,,,,,,,,,9.636842105263159e-07,7324,,,,,,,,,
48,,,,,,,,,,7324,0.07681643962860107,,,,,,,,
,,,,,,,,,9.643421052631579e-07,7329,,,,,,,,,
48,,,,,,,,,,7329,0.026466848328709602,,,,,,,,
,,,,,,,,,9.649999999999999e-07,7334,,,,,,,,,
48,,,,,,,,,,7334,0.020481247454881668,,,,,,,,
,,,,,,,,,9.65657894736842e-07,7339,,,,,,,,,
48,,,,,,,,,,7339,0.06465692818164825,,,,,,,,
,,,,,,,,,9.663157894736843e-07,7344,,,,,,,,,
48,,,,,,,,,,7344,0.07971791177988052,,,,,,,,
,,,,,,,,,9.669736842105263e-07,7349,,,,,,,,,
48,,,,,,,,,,7349,0.08832639455795288,,,,,,,,
,,,,,,,,,9.676315789473683e-07,7354,,,,,,,,,
48,,,,,,,,,,7354,0.03149307146668434,,,,,,,,
,,,,,,,,,9.682894736842105e-07,7359,,,,,,,,,
48,,,,,,,,,,7359,0.0649036392569542,,,,,,,,
,,,,,,,,,9.689473684210527e-07,7364,,,,,,,,,
48,,,,,,,,,,7364,0.03899082541465759,,,,,,,,
,,,,,,,,,9.696052631578947e-07,7369,,,,,,,,,
48,,,,,,,,,,7369,0.0639004334807396,,,,,,,,
,,,,,,,,,9.702631578947367e-07,7374,,,,,,,,,
48,,,,,,,,,,7374,0.03370531648397446,,,,,,,,
,,,,,,,,,9.70921052631579e-07,7379,,,,,,,,,
48,,,,,,,,,,7379,0.05545401573181152,,,,,,,,
,,,,,,,,,9.715789473684211e-07,7384,,,,,,,,,
48,,,,,,,,,,7384,0.02798318676650524,,,,,,,,
,,,,,,,,,9.722368421052631e-07,7389,,,,,,,,,
48,,,,,,,,,,7389,0.06326451897621155,,,,,,,,
,,,,,,,,,9.728947368421051e-07,7394,,,,,,,,,
48,,,,,,,,,,7394,0.024470936506986618,,,,,,,,
,,,,,,,,,9.735526315789473e-07,7399,,,,,,,,,
48,,,,,,,,,,7399,0.06835494190454483,,,,,,,,
,,,,,,,,,9.742105263157895e-07,7404,,,,,,,,,
48,,,,,,,,,,7404,0.04127862676978111,,,,,,,,
,,,,,,,,,9.748684210526315e-07,7409,,,,,,,,,
48,,,,,,,,,,7409,0.023819124326109886,,,,,,,,
,,,,,,,,,9.755263157894735e-07,7414,,,,,,,,,
48,,,,,,,,,,7414,0.03758309781551361,,,,,,,,
,,,,,,,,,9.761842105263157e-07,7419,,,,,,,,,
48,,,,,,,,,,7419,0.04542677104473114,,,,,,,,
,,,,,,,,,9.768421052631577e-07,7424,,,,,,,,,
48,,,,,,,,,,7424,0.04332362487912178,,,,,,,,
,,,,,,,,,9.775e-07,7429,,,,,,,,,
48,,,,,,,,,,7429,0.059087883681058884,,,,,,,,
,,,,,,,,,9.781578947368422e-07,7434,,,,,,,,,
48,,,,,,,,,,7434,0.015824507921934128,,,,,,,,
,,,,,,,,,9.788157894736842e-07,7439,,,,,,,,,
48,,,,,,,,,,7439,0.06614858657121658,,,,,,,,
,,,,,,,,,9.794736842105262e-07,7444,,,,,,,,,
48,,,,,,,,,,7444,0.05229707434773445,,,,,,,,
48,,,,,,,,,,7447,,0.637499988079071,0.6881720423698425,0.07493986934423447,0.07493986934423447,0.37072184681892395,0.6808510422706604,0.695652186870575,0.3685709536075592
,,,,,,,,,9.801315789473684e-07,7449,,,,,,,,,
49,,,,,,,,,,7449,0.06638352572917938,,,,,,,,
,,,,,,,,,9.807894736842106e-07,7454,,,,,,,,,
49,,,,,,,,,,7454,0.007531756069511175,,,,,,,,
,,,,,,,,,9.814473684210526e-07,7459,,,,,,,,,
49,,,,,,,,,,7459,0.02667001262307167,,,,,,,,
,,,,,,,,,9.821052631578946e-07,7464,,,,,,,,,
49,,,,,,,,,,7464,0.05144483223557472,,,,,,,,
,,,,,,,,,9.827631578947368e-07,7469,,,,,,,,,
49,,,,,,,,,,7469,0.03715090453624725,,,,,,,,
,,,,,,,,,9.83421052631579e-07,7474,,,,,,,,,
49,,,,,,,,,,7474,0.02936844527721405,,,,,,,,
,,,,,,,,,9.84078947368421e-07,7479,,,,,,,,,
49,,,,,,,,,,7479,0.03207039088010788,,,,,,,,
,,,,,,,,,9.84736842105263e-07,7484,,,,,,,,,
49,,,,,,,,,,7484,0.06213321164250374,,,,,,,,
,,,,,,,,,9.853947368421052e-07,7489,,,,,,,,,
49,,,,,,,,,,7489,0.04907505586743355,,,,,,,,
,,,,,,,,,9.860526315789474e-07,7494,,,,,,,,,
49,,,,,,,,,,7494,0.0459459088742733,,,,,,,,
,,,,,,,,,9.867105263157894e-07,7499,,,,,,,,,
49,,,,,,,,,,7499,0.040296733379364014,,,,,,,,
,,,,,,,,,9.873684210526314e-07,7504,,,,,,,,,
49,,,,,,,,,,7504,0.01657290756702423,,,,,,,,
,,,,,,,,,9.880263157894736e-07,7509,,,,,,,,,
49,,,,,,,,,,7509,0.053377971053123474,,,,,,,,
,,,,,,,,,9.886842105263158e-07,7514,,,,,,,,,
49,,,,,,,,,,7514,0.03428421542048454,,,,,,,,
,,,,,,,,,9.893421052631578e-07,7519,,,,,,,,,
49,,,,,,,,,,7519,0.07852938026189804,,,,,,,,
,,,,,,,,,9.9e-07,7524,,,,,,,,,
49,,,,,,,,,,7524,0.039597056806087494,,,,,,,,
,,,,,,,,,9.90657894736842e-07,7529,,,,,,,,,
49,,,,,,,,,,7529,0.058228492736816406,,,,,,,,
,,,,,,,,,9.913157894736843e-07,7534,,,,,,,,,
49,,,,,,,,,,7534,0.047625649720430374,,,,,,,,
,,,,,,,,,9.919736842105263e-07,7539,,,,,,,,,
49,,,,,,,,,,7539,0.019772082567214966,,,,,,,,
,,,,,,,,,9.926315789473685e-07,7544,,,,,,,,,
49,,,,,,,,,,7544,0.019146546721458435,,,,,,,,
,,,,,,,,,9.932894736842105e-07,7549,,,,,,,,,
49,,,,,,,,,,7549,0.020587723702192307,,,,,,,,
,,,,,,,,,9.939473684210525e-07,7554,,,,,,,,,
49,,,,,,,,,,7554,0.027083830907940865,,,,,,,,
,,,,,,,,,9.946052631578947e-07,7559,,,,,,,,,
49,,,,,,,,,,7559,0.07345752418041229,,,,,,,,
,,,,,,,,,9.952631578947369e-07,7564,,,,,,,,,
49,,,,,,,,,,7564,0.030330918729305267,,,,,,,,
,,,,,,,,,9.959210526315789e-07,7569,,,,,,,,,
49,,,,,,,,,,7569,0.042515479028224945,,,,,,,,
,,,,,,,,,9.965789473684209e-07,7574,,,,,,,,,
49,,,,,,,,,,7574,0.10032817721366882,,,,,,,,
,,,,,,,,,9.97236842105263e-07,7579,,,,,,,,,
49,,,,,,,,,,7579,0.04948318004608154,,,,,,,,
,,,,,,,,,9.978947368421053e-07,7584,,,,,,,,,
49,,,,,,,,,,7584,0.08105913549661636,,,,,,,,
,,,,,,,,,9.985526315789473e-07,7589,,,,,,,,,
49,,,,,,,,,,7589,0.02758878283202648,,,,,,,,
,,,,,,,,,9.992105263157893e-07,7594,,,,,,,,,
49,,,,,,,,,,7594,0.04124992713332176,,,,,,,,
,,,,,,,,,9.998684210526315e-07,7599,,,,,,,,,
49,,,,,,,,,,7599,0.018205611035227776,,,,,,,,
49,,,,,,,,,,7599,,0.6625000238418579,0.7096773982048035,0.0730644166469574,0.0730644166469574,0.38483569025993347,0.7021276354789734,0.717391312122345,0.3946996033191681
,,,,,,,,,9.994736842105262e-07,7604,,,,,,,,,
50,,,,,,,,,,7604,0.09797278791666031,,,,,,,,
,,,,,,,,,9.988157894736842e-07,7609,,,,,,,,,
50,,,,,,,,,,7609,0.03754758462309837,,,,,,,,
,,,,,,,,,9.981578947368422e-07,7614,,,,,,,,,
50,,,,,,,,,,7614,0.031387120485305786,,,,,,,,
,,,,,,,,,9.975e-07,7619,,,,,,,,,
50,,,,,,,,,,7619,0.02344777062535286,,,,,,,,
,,,,,,,,,9.968421052631578e-07,7624,,,,,,,,,
50,,,,,,,,,,7624,0.03418843448162079,,,,,,,,
,,,,,,,,,9.961842105263158e-07,7629,,,,,,,,,
50,,,,,,,,,,7629,0.03290734812617302,,,,,,,,
,,,,,,,,,9.955263157894736e-07,7634,,,,,,,,,
50,,,,,,,,,,7634,0.03940115496516228,,,,,,,,
,,,,,,,,,9.948684210526316e-07,7639,,,,,,,,,
50,,,,,,,,,,7639,0.04614434018731117,,,,,,,,
,,,,,,,,,9.942105263157894e-07,7644,,,,,,,,,
50,,,,,,,,,,7644,0.028458526358008385,,,,,,,,
,,,,,,,,,9.935526315789474e-07,7649,,,,,,,,,
50,,,,,,,,,,7649,0.041005950421094894,,,,,,,,
,,,,,,,,,9.928947368421051e-07,7654,,,,,,,,,
50,,,,,,,,,,7654,0.03300755098462105,,,,,,,,
,,,,,,,,,9.922368421052631e-07,7659,,,,,,,,,
50,,,,,,,,,,7659,0.030201194807887077,,,,,,,,
,,,,,,,,,9.91578947368421e-07,7664,,,,,,,,,
50,,,,,,,,,,7664,0.051047466695308685,,,,,,,,
,,,,,,,,,9.90921052631579e-07,7669,,,,,,,,,
50,,,,,,,,,,7669,0.05915812402963638,,,,,,,,
,,,,,,,,,9.902631578947367e-07,7674,,,,,,,,,
50,,,,,,,,,,7674,0.025072988122701645,,,,,,,,
,,,,,,,,,9.896052631578947e-07,7679,,,,,,,,,
50,,,,,,,,,,7679,0.04729996249079704,,,,,,,,
,,,,,,,,,9.889473684210527e-07,7684,,,,,,,,,
50,,,,,,,,,,7684,0.0278767216950655,,,,,,,,
,,,,,,,,,9.882894736842105e-07,7689,,,,,,,,,
50,,,,,,,,,,7689,0.036410946398973465,,,,,,,,
,,,,,,,,,9.876315789473683e-07,7694,,,,,,,,,
50,,,,,,,,,,7694,0.045663196593523026,,,,,,,,
,,,,,,,,,9.869736842105263e-07,7699,,,,,,,,,
50,,,,,,,,,,7699,0.048457071185112,,,,,,,,
,,,,,,,,,9.863157894736843e-07,7704,,,,,,,,,
50,,,,,,,,,,7704,0.027155842632055283,,,,,,,,
,,,,,,,,,9.85657894736842e-07,7709,,,,,,,,,
50,,,,,,,,,,7709,0.041424550116062164,,,,,,,,
,,,,,,,,,9.849999999999999e-07,7714,,,,,,,,,
50,,,,,,,,,,7714,0.047709278762340546,,,,,,,,
,,,,,,,,,9.843421052631579e-07,7719,,,,,,,,,
50,,,,,,,,,,7719,0.03818949684500694,,,,,,,,
,,,,,,,,,9.836842105263157e-07,7724,,,,,,,,,
50,,,,,,,,,,7724,0.033128220587968826,,,,,,,,
,,,,,,,,,9.830263157894737e-07,7729,,,,,,,,,
50,,,,,,,,,,7729,0.04540690407156944,,,,,,,,
,,,,,,,,,9.823684210526315e-07,7734,,,,,,,,,
50,,,,,,,,,,7734,0.08658666908740997,,,,,,,,
,,,,,,,,,9.817105263157895e-07,7739,,,,,,,,,
50,,,,,,,,,,7739,0.03923655301332474,,,,,,,,
,,,,,,,,,9.810526315789473e-07,7744,,,,,,,,,
50,,,,,,,,,,7744,0.03608359396457672,,,,,,,,
,,,,,,,,,9.803947368421053e-07,7749,,,,,,,,,
50,,,,,,,,,,7749,0.03415962681174278,,,,,,,,
50,,,,,,,,,,7751,,0.6625000238418579,0.7157894968986511,0.07513506710529327,0.07513506710529327,0.3924191892147064,0.6938775777816772,0.739130437374115,0.3847927749156952
,,,,,,,,,9.79736842105263e-07,7754,,,,,,,,,
51,,,,,,,,,,7754,0.030190614983439445,,,,,,,,
,,,,,,,,,9.79078947368421e-07,7759,,,,,,,,,
51,,,,,,,,,,7759,0.021051965653896332,,,,,,,,
,,,,,,,,,9.784210526315788e-07,7764,,,,,,,,,
51,,,,,,,,,,7764,0.033580563962459564,,,,,,,,
,,,,,,,,,9.777631578947368e-07,7769,,,,,,,,,
51,,,,,,,,,,7769,0.026114245876669884,,,,,,,,
,,,,,,,,,9.771052631578946e-07,7774,,,,,,,,,
51,,,,,,,,,,7774,0.03163624182343483,,,,,,,,
,,,,,,,,,9.764473684210526e-07,7779,,,,,,,,,
51,,,,,,,,,,7779,0.026690645143389702,,,,,,,,
,,,,,,,,,9.757894736842104e-07,7784,,,,,,,,,
51,,,,,,,,,,7784,0.029254410415887833,,,,,,,,
,,,,,,,,,9.751315789473684e-07,7789,,,,,,,,,
51,,,,,,,,,,7789,0.06598566472530365,,,,,,,,
,,,,,,,,,9.744736842105262e-07,7794,,,,,,,,,
51,,,,,,,,,,7794,0.062338605523109436,,,,,,,,
,,,,,,,,,9.738157894736842e-07,7799,,,,,,,,,
51,,,,,,,,,,7799,0.03451995551586151,,,,,,,,
,,,,,,,,,9.73157894736842e-07,7804,,,,,,,,,
51,,,,,,,,,,7804,0.039701659232378006,,,,,,,,
,,,,,,,,,9.725e-07,7809,,,,,,,,,
51,,,,,,,,,,7809,0.0377209447324276,,,,,,,,
,,,,,,,,,9.718421052631578e-07,7814,,,,,,,,,
51,,,,,,,,,,7814,0.04981815442442894,,,,,,,,
,,,,,,,,,9.711842105263158e-07,7819,,,,,,,,,
51,,,,,,,,,,7819,0.0266175027936697,,,,,,,,
,,,,,,,,,9.705263157894736e-07,7824,,,,,,,,,
51,,,,,,,,,,7824,0.015858495607972145,,,,,,,,
,,,,,,,,,9.698684210526316e-07,7829,,,,,,,,,
51,,,,,,,,,,7829,0.09713578969240189,,,,,,,,
,,,,,,,,,9.692105263157894e-07,7834,,,,,,,,,
51,,,,,,,,,,7834,0.04581114649772644,,,,,,,,
,,,,,,,,,9.685526315789474e-07,7839,,,,,,,,,
51,,,,,,,,,,7839,0.06000906229019165,,,,,,,,
,,,,,,,,,9.678947368421052e-07,7844,,,,,,,,,
51,,,,,,,,,,7844,0.0487278513610363,,,,,,,,
,,,,,,,,,9.672368421052632e-07,7849,,,,,,,,,
51,,,,,,,,,,7849,0.053838178515434265,,,,,,,,
,,,,,,,,,9.66578947368421e-07,7854,,,,,,,,,
51,,,,,,,,,,7854,0.01977156661450863,,,,,,,,
,,,,,,,,,9.65921052631579e-07,7859,,,,,,,,,
51,,,,,,,,,,7859,0.06594191491603851,,,,,,,,
,,,,,,,,,9.652631578947368e-07,7864,,,,,,,,,
51,,,,,,,,,,7864,0.04058212786912918,,,,,,,,
,,,,,,,,,9.646052631578948e-07,7869,,,,,,,,,
51,,,,,,,,,,7869,0.03495194390416145,,,,,,,,
,,,,,,,,,9.639473684210525e-07,7874,,,,,,,,,
51,,,,,,,,,,7874,0.049692828208208084,,,,,,,,
,,,,,,,,,9.632894736842103e-07,7879,,,,,,,,,
51,,,,,,,,,,7879,0.048326704651117325,,,,,,,,
,,,,,,,,,9.626315789473683e-07,7884,,,,,,,,,
51,,,,,,,,,,7884,0.04551715776324272,,,,,,,,
,,,,,,,,,9.619736842105263e-07,7889,,,,,,,,,
51,,,,,,,,,,7889,0.027525121346116066,,,,,,,,
,,,,,,,,,9.613157894736841e-07,7894,,,,,,,,,
51,,,,,,,,,,7894,0.09044087678194046,,,,,,,,
,,,,,,,,,9.606578947368421e-07,7899,,,,,,,,,
51,,,,,,,,,,7899,0.03829366713762283,,,,,,,,
51,,,,,,,,,,7903,,0.6625000238418579,0.7032967209815979,0.07445386797189713,0.07445386797189713,0.3803424835205078,0.7111111283302307,0.695652186870575,0.39595556259155273
,,,,,,,,,9.6e-07,7904,,,,,,,,,
52,,,,,,,,,,7904,0.02666051685810089,,,,,,,,
,,,,,,,,,9.59342105263158e-07,7909,,,,,,,,,
52,,,,,,,,,,7909,0.0620107464492321,,,,,,,,
,,,,,,,,,9.586842105263157e-07,7914,,,,,,,,,
52,,,,,,,,,,7914,0.03394242376089096,,,,,,,,
,,,,,,,,,9.580263157894737e-07,7919,,,,,,,,,
52,,,,,,,,,,7919,0.02525397576391697,,,,,,,,
,,,,,,,,,9.573684210526315e-07,7924,,,,,,,,,
52,,,,,,,,,,7924,0.062424518167972565,,,,,,,,
,,,,,,,,,9.567105263157895e-07,7929,,,,,,,,,
52,,,,,,,,,,7929,0.03465577960014343,,,,,,,,
,,,,,,,,,9.560526315789473e-07,7934,,,,,,,,,
52,,,,,,,,,,7934,0.02637328952550888,,,,,,,,
,,,,,,,,,9.553947368421053e-07,7939,,,,,,,,,
52,,,,,,,,,,7939,0.030116302892565727,,,,,,,,
,,,,,,,,,9.54736842105263e-07,7944,,,,,,,,,
52,,,,,,,,,,7944,0.0302992295473814,,,,,,,,
,,,,,,,,,9.54078947368421e-07,7949,,,,,,,,,
52,,,,,,,,,,7949,0.024984080344438553,,,,,,,,
,,,,,,,,,9.534210526315789e-07,7954,,,,,,,,,
52,,,,,,,,,,7954,0.025134608149528503,,,,,,,,
,,,,,,,,,9.527631578947369e-07,7959,,,,,,,,,
52,,,,,,,,,,7959,0.027706746011972427,,,,,,,,
,,,,,,,,,9.521052631578948e-07,7964,,,,,,,,,
52,,,,,,,,,,7964,0.05282703787088394,,,,,,,,
,,,,,,,,,9.514473684210526e-07,7969,,,,,,,,,
52,,,,,,,,,,7969,0.02613804116845131,,,,,,,,
,,,,,,,,,9.507894736842105e-07,7974,,,,,,,,,
52,,,,,,,,,,7974,0.04025166481733322,,,,,,,,
,,,,,,,,,9.501315789473683e-07,7979,,,,,,,,,
52,,,,,,,,,,7979,0.052615683525800705,,,,,,,,
,,,,,,,,,9.494736842105263e-07,7984,,,,,,,,,
52,,,,,,,,,,7984,0.05368398129940033,,,,,,,,
,,,,,,,,,9.488157894736841e-07,7989,,,,,,,,,
52,,,,,,,,,,7989,0.027326278388500214,,,,,,,,
,,,,,,,,,9.48157894736842e-07,7994,,,,,,,,,
52,,,,,,,,,,7994,0.027977043762803078,,,,,,,,
,,,,,,,,,9.474999999999999e-07,7999,,,,,,,,,
52,,,,,,,,,,7999,0.03683984652161598,,,,,,,,
,,,,,,,,,9.468421052631579e-07,8004,,,,,,,,,
52,,,,,,,,,,8004,0.040665771812200546,,,,,,,,
,,,,,,,,,9.461842105263157e-07,8009,,,,,,,,,
52,,,,,,,,,,8009,0.01736764796078205,,,,,,,,
,,,,,,,,,9.455263157894736e-07,8014,,,,,,,,,
52,,,,,,,,,,8014,0.09178292006254196,,,,,,,,
,,,,,,,,,9.448684210526315e-07,8019,,,,,,,,,
52,,,,,,,,,,8019,0.026550721377134323,,,,,,,,
,,,,,,,,,9.442105263157894e-07,8024,,,,,,,,,
52,,,,,,,,,,8024,0.0303274467587471,,,,,,,,
,,,,,,,,,9.435526315789474e-07,8029,,,,,,,,,
52,,,,,,,,,,8029,0.0317612923681736,,,,,,,,
,,,,,,,,,9.428947368421052e-07,8034,,,,,,,,,
52,,,,,,,,,,8034,0.033182062208652496,,,,,,,,
,,,,,,,,,9.422368421052631e-07,8039,,,,,,,,,
52,,,,,,,,,,8039,0.023853639140725136,,,,,,,,
,,,,,,,,,9.41578947368421e-07,8044,,,,,,,,,
52,,,,,,,,,,8044,0.023690298199653625,,,,,,,,
,,,,,,,,,9.40921052631579e-07,8049,,,,,,,,,
52,,,,,,,,,,8049,0.01648474857211113,,,,,,,,
,,,,,,,,,9.402631578947368e-07,8054,,,,,,,,,
52,,,,,,,,,,8054,0.024641824886202812,,,,,,,,
52,,,,,,,,,,8055,,0.6499999761581421,0.695652186870575,0.0750240907073021,0.0750240907073021,0.3828137218952179,0.695652186870575,0.695652186870575,0.395591676235199
,,,,,,,,,9.396052631578947e-07,8059,,,,,,,,,
53,,,,,,,,,,8059,0.039653535932302475,,,,,,,,
,,,,,,,,,9.389473684210526e-07,8064,,,,,,,,,
53,,,,,,,,,,8064,0.04560520127415657,,,,,,,,
,,,,,,,,,9.382894736842106e-07,8069,,,,,,,,,
53,,,,,,,,,,8069,0.023678358644247055,,,,,,,,
,,,,,,,,,9.376315789473684e-07,8074,,,,,,,,,
53,,,,,,,,,,8074,0.046402327716350555,,,,,,,,
,,,,,,,,,9.369736842105263e-07,8079,,,,,,,,,
53,,,,,,,,,,8079,0.08828454464673996,,,,,,,,
,,,,,,,,,9.363157894736842e-07,8084,,,,,,,,,
53,,,,,,,,,,8084,0.03439776226878166,,,,,,,,
,,,,,,,,,9.35657894736842e-07,8089,,,,,,,,,
53,,,,,,,,,,8089,0.05619793012738228,,,,,,,,
,,,,,,,,,9.35e-07,8094,,,,,,,,,
53,,,,,,,,,,8094,0.03385787829756737,,,,,,,,
,,,,,,,,,9.343421052631578e-07,8099,,,,,,,,,
53,,,,,,,,,,8099,0.02721756510436535,,,,,,,,
,,,,,,,,,9.336842105263157e-07,8104,,,,,,,,,
53,,,,,,,,,,8104,0.036963850259780884,,,,,,,,
,,,,,,,,,9.330263157894736e-07,8109,,,,,,,,,
53,,,,,,,,,,8109,0.05406387150287628,,,,,,,,
,,,,,,,,,9.323684210526316e-07,8114,,,,,,,,,
53,,,,,,,,,,8114,0.023643754422664642,,,,,,,,
,,,,,,,,,9.317105263157894e-07,8119,,,,,,,,,
53,,,,,,,,,,8119,0.017658377066254616,,,,,,,,
,,,,,,,,,9.310526315789473e-07,8124,,,,,,,,,
53,,,,,,,,,,8124,0.0534028522670269,,,,,,,,
,,,,,,,,,9.303947368421052e-07,8129,,,,,,,,,
53,,,,,,,,,,8129,0.026363760232925415,,,,,,,,
,,,,,,,,,9.297368421052631e-07,8134,,,,,,,,,
53,,,,,,,,,,8134,0.031122103333473206,,,,,,,,
,,,,,,,,,9.29078947368421e-07,8139,,,,,,,,,
53,,,,,,,,,,8139,0.018943235278129578,,,,,,,,
,,,,,,,,,9.284210526315789e-07,8144,,,,,,,,,
53,,,,,,,,,,8144,0.025407131761312485,,,,,,,,
,,,,,,,,,9.277631578947368e-07,8149,,,,,,,,,
53,,,,,,,,,,8149,0.02288072742521763,,,,,,,,
,,,,,,,,,9.271052631578947e-07,8154,,,,,,,,,
53,,,,,,,,,,8154,0.020421886816620827,,,,,,,,
,,,,,,,,,9.264473684210527e-07,8159,,,,,,,,,
53,,,,,,,,,,8159,0.056518420577049255,,,,,,,,
,,,,,,,,,9.257894736842105e-07,8164,,,,,,,,,
53,,,,,,,,,,8164,0.0256008543074131,,,,,,,,
,,,,,,,,,9.251315789473684e-07,8169,,,,,,,,,
53,,,,,,,,,,8169,0.060587331652641296,,,,,,,,
,,,,,,,,,9.244736842105263e-07,8174,,,,,,,,,
53,,,,,,,,,,8174,0.04383663833141327,,,,,,,,
,,,,,,,,,9.238157894736842e-07,8179,,,,,,,,,
53,,,,,,,,,,8179,0.050569672137498856,,,,,,,,
,,,,,,,,,9.231578947368421e-07,8184,,,,,,,,,
53,,,,,,,,,,8184,0.02886747382581234,,,,,,,,
,,,,,,,,,9.225e-07,8189,,,,,,,,,
53,,,,,,,,,,8189,0.023145729675889015,,,,,,,,
,,,,,,,,,9.218421052631579e-07,8194,,,,,,,,,
53,,,,,,,,,,8194,0.028606681153178215,,,,,,,,
,,,,,,,,,9.211842105263157e-07,8199,,,,,,,,,
53,,,,,,,,,,8199,0.09839989989995956,,,,,,,,
,,,,,,,,,9.205263157894736e-07,8204,,,,,,,,,
53,,,,,,,,,,8204,0.05864383652806282,,,,,,,,
53,,,,,,,,,,8207,,0.625,0.6666666865348816,0.07728669792413712,0.07728669792413712,0.35216546058654785,0.6818181872367859,0.6521739363670349,0.3803558647632599
,,,,,,,,,9.198684210526315e-07,8209,,,,,,,,,
54,,,,,,,,,,8209,0.034219104796648026,,,,,,,,
,,,,,,,,,9.192105263157894e-07,8214,,,,,,,,,
54,,,,,,,,,,8214,0.03446556627750397,,,,,,,,
,,,,,,,,,9.185526315789473e-07,8219,,,,,,,,,
54,,,,,,,,,,8219,0.057776737958192825,,,,,,,,
,,,,,,,,,9.178947368421051e-07,8224,,,,,,,,,
54,,,,,,,,,,8224,0.06256648153066635,,,,,,,,
,,,,,,,,,9.172368421052631e-07,8229,,,,,,,,,
54,,,,,,,,,,8229,0.029859190806746483,,,,,,,,
,,,,,,,,,9.16578947368421e-07,8234,,,,,,,,,
54,,,,,,,,,,8234,0.05554734170436859,,,,,,,,
,,,,,,,,,9.159210526315789e-07,8239,,,,,,,,,
54,,,,,,,,,,8239,0.03345151245594025,,,,,,,,
,,,,,,,,,9.152631578947368e-07,8244,,,,,,,,,
54,,,,,,,,,,8244,0.06043972820043564,,,,,,,,
,,,,,,,,,9.146052631578947e-07,8249,,,,,,,,,
54,,,,,,,,,,8249,0.03620924800634384,,,,,,,,
,,,,,,,,,9.139473684210526e-07,8254,,,,,,,,,
54,,,,,,,,,,8254,0.022413821890950203,,,,,,,,
,,,,,,,,,9.132894736842105e-07,8259,,,,,,,,,
54,,,,,,,,,,8259,0.03338999301195145,,,,,,,,
,,,,,,,,,9.126315789473684e-07,8264,,,,,,,,,
54,,,,,,,,,,8264,0.016105715185403824,,,,,,,,
,,,,,,,,,9.119736842105262e-07,8269,,,,,,,,,
54,,,,,,,,,,8269,0.028042880818247795,,,,,,,,
,,,,,,,,,9.113157894736842e-07,8274,,,,,,,,,
54,,,,,,,,,,8274,0.06960240751504898,,,,,,,,
,,,,,,,,,9.106578947368421e-07,8279,,,,,,,,,
54,,,,,,,,,,8279,0.02258908376097679,,,,,,,,
,,,,,,,,,9.1e-07,8284,,,,,,,,,
54,,,,,,,,,,8284,0.03179379552602768,,,,,,,,
,,,,,,,,,9.093421052631578e-07,8289,,,,,,,,,
54,,,,,,,,,,8289,0.030659805983304977,,,,,,,,
,,,,,,,,,9.086842105263158e-07,8294,,,,,,,,,
54,,,,,,,,,,8294,0.052958205342292786,,,,,,,,
,,,,,,,,,9.080263157894737e-07,8299,,,,,,,,,
54,,,,,,,,,,8299,0.04068480059504509,,,,,,,,
,,,,,,,,,9.073684210526316e-07,8304,,,,,,,,,
54,,,,,,,,,,8304,0.03261839970946312,,,,,,,,
,,,,,,,,,9.067105263157894e-07,8309,,,,,,,,,
54,,,,,,,,,,8309,0.04829094186425209,,,,,,,,
,,,,,,,,,9.060526315789473e-07,8314,,,,,,,,,
54,,,,,,,,,,8314,0.03898852691054344,,,,,,,,
,,,,,,,,,9.053947368421052e-07,8319,,,,,,,,,
54,,,,,,,,,,8319,0.01958315819501877,,,,,,,,
,,,,,,,,,9.047368421052631e-07,8324,,,,,,,,,
54,,,,,,,,,,8324,0.031321920454502106,,,,,,,,
,,,,,,,,,9.04078947368421e-07,8329,,,,,,,,,
54,,,,,,,,,,8329,0.04619375243782997,,,,,,,,
,,,,,,,,,9.034210526315788e-07,8334,,,,,,,,,
54,,,,,,,,,,8334,0.021113406866788864,,,,,,,,
,,,,,,,,,9.027631578947368e-07,8339,,,,,,,,,
54,,,,,,,,,,8339,0.06194858253002167,,,,,,,,
,,,,,,,,,9.021052631578947e-07,8344,,,,,,,,,
54,,,,,,,,,,8344,0.02654760144650936,,,,,,,,
,,,,,,,,,9.014473684210526e-07,8349,,,,,,,,,
54,,,,,,,,,,8349,0.03808895871043205,,,,,,,,
,,,,,,,,,9.007894736842104e-07,8354,,,,,,,,,
54,,,,,,,,,,8354,0.016007840633392334,,,,,,,,
,,,,,,,,,9.001315789473684e-07,8359,,,,,,,,,
54,,,,,,,,,,8359,0.033023200929164886,,,,,,,,
54,,,,,,,,,,8359,,0.675000011920929,0.717391312122345,0.07317477464675903,0.07317477464675903,0.40630006790161133,0.717391312122345,0.717391312122345,0.42265933752059937
,,,,,,,,,8.994736842105263e-07,8364,,,,,,,,,
55,,,,,,,,,,8364,0.03461337089538574,,,,,,,,
,,,,,,,,,8.988157894736842e-07,8369,,,,,,,,,
55,,,,,,,,,,8369,0.05507880821824074,,,,,,,,
,,,,,,,,,8.981578947368421e-07,8374,,,,,,,,,
55,,,,,,,,,,8374,0.010331614874303341,,,,,,,,
,,,,,,,,,8.974999999999999e-07,8379,,,,,,,,,
55,,,,,,,,,,8379,0.011624588631093502,,,,,,,,
,,,,,,,,,8.968421052631579e-07,8384,,,,,,,,,
55,,,,,,,,,,8384,0.035752274096012115,,,,,,,,
,,,,,,,,,8.961842105263158e-07,8389,,,,,,,,,
55,,,,,,,,,,8389,0.036991819739341736,,,,,,,,
,,,,,,,,,8.955263157894737e-07,8394,,,,,,,,,
55,,,,,,,,,,8394,0.02324509620666504,,,,,,,,
,,,,,,,,,8.948684210526315e-07,8399,,,,,,,,,
55,,,,,,,,,,8399,0.02219647914171219,,,,,,,,
,,,,,,,,,8.942105263157895e-07,8404,,,,,,,,,
55,,,,,,,,,,8404,0.01880814880132675,,,,,,,,
,,,,,,,,,8.935526315789474e-07,8409,,,,,,,,,
55,,,,,,,,,,8409,0.03016340546309948,,,,,,,,
,,,,,,,,,8.928947368421053e-07,8414,,,,,,,,,
55,,,,,,,,,,8414,0.03528057411313057,,,,,,,,
,,,,,,,,,8.92236842105263e-07,8419,,,,,,,,,
55,,,,,,,,,,8419,0.03138187900185585,,,,,,,,
,,,,,,,,,8.915789473684209e-07,8424,,,,,,,,,
55,,,,,,,,,,8424,0.019108017906546593,,,,,,,,
,,,,,,,,,8.909210526315789e-07,8429,,,,,,,,,
55,,,,,,,,,,8429,0.013562036678195,,,,,,,,
,,,,,,,,,8.902631578947368e-07,8434,,,,,,,,,
55,,,,,,,,,,8434,0.05073455348610878,,,,,,,,
,,,,,,,,,8.896052631578947e-07,8439,,,,,,,,,
55,,,,,,,,,,8439,0.021542944014072418,,,,,,,,
,,,,,,,,,8.889473684210525e-07,8444,,,,,,,,,
55,,,,,,,,,,8444,0.045156560838222504,,,,,,,,
,,,,,,,,,8.882894736842105e-07,8449,,,,,,,,,
55,,,,,,,,,,8449,0.03273598104715347,,,,,,,,
,,,,,,,,,8.876315789473684e-07,8454,,,,,,,,,
55,,,,,,,,,,8454,0.07267570495605469,,,,,,,,
,,,,,,,,,8.869736842105263e-07,8459,,,,,,,,,
55,,,,,,,,,,8459,0.06276184320449829,,,,,,,,
,,,,,,,,,8.863157894736841e-07,8464,,,,,,,,,
55,,,,,,,,,,8464,0.023683642968535423,,,,,,,,
,,,,,,,,,8.85657894736842e-07,8469,,,,,,,,,
55,,,,,,,,,,8469,0.02157871052622795,,,,,,,,
,,,,,,,,,8.85e-07,8474,,,,,,,,,
55,,,,,,,,,,8474,0.029091767966747284,,,,,,,,
,,,,,,,,,8.843421052631579e-07,8479,,,,,,,,,
55,,,,,,,,,,8479,0.04926615580916405,,,,,,,,
,,,,,,,,,8.836842105263157e-07,8484,,,,,,,,,
55,,,,,,,,,,8484,0.038974713534116745,,,,,,,,
,,,,,,,,,8.830263157894736e-07,8489,,,,,,,,,
55,,,,,,,,,,8489,0.02572457119822502,,,,,,,,
,,,,,,,,,8.823684210526316e-07,8494,,,,,,,,,
55,,,,,,,,,,8494,0.09480799734592438,,,,,,,,
,,,,,,,,,8.817105263157895e-07,8499,,,,,,,,,
55,,,,,,,,,,8499,0.0316985622048378,,,,,,,,
,,,,,,,,,8.810526315789474e-07,8504,,,,,,,,,
55,,,,,,,,,,8504,0.02079140767455101,,,,,,,,
,,,,,,,,,8.803947368421052e-07,8509,,,,,,,,,
55,,,,,,,,,,8509,0.018327688798308372,,,,,,,,
55,,,,,,,,,,8511,,0.6875,0.7311828136444092,0.07434560358524323,0.07434560358524323,0.4136231541633606,0.7234042286872864,0.739130437374115,0.4249599874019623
,,,,,,,,,8.797368421052632e-07,8514,,,,,,,,,
56,,,,,,,,,,8514,0.010684632696211338,,,,,,,,
,,,,,,,,,8.790789473684211e-07,8519,,,,,,,,,
56,,,,,,,,,,8519,0.026525430381298065,,,,,,,,
,,,,,,,,,8.78421052631579e-07,8524,,,,,,,,,
56,,,,,,,,,,8524,0.07714058458805084,,,,,,,,
,,,,,,,,,8.777631578947367e-07,8529,,,,,,,,,
56,,,,,,,,,,8529,0.02299891598522663,,,,,,,,
,,,,,,,,,8.771052631578946e-07,8534,,,,,,,,,
56,,,,,,,,,,8534,0.015085037797689438,,,,,,,,
,,,,,,,,,8.764473684210526e-07,8539,,,,,,,,,
56,,,,,,,,,,8539,0.021585915237665176,,,,,,,,
,,,,,,,,,8.757894736842105e-07,8544,,,,,,,,,
56,,,,,,,,,,8544,0.029704052954912186,,,,,,,,
,,,,,,,,,8.751315789473683e-07,8549,,,,,,,,,
56,,,,,,,,,,8549,0.05520009249448776,,,,,,,,
,,,,,,,,,8.744736842105262e-07,8554,,,,,,,,,
56,,,,,,,,,,8554,0.03841467201709747,,,,,,,,
,,,,,,,,,8.738157894736842e-07,8559,,,,,,,,,
56,,,,,,,,,,8559,0.020323755219578743,,,,,,,,
,,,,,,,,,8.731578947368421e-07,8564,,,,,,,,,
56,,,,,,,,,,8564,0.05513973534107208,,,,,,,,
,,,,,,,,,8.725e-07,8569,,,,,,,,,
56,,,,,,,,,,8569,0.024393949657678604,,,,,,,,
,,,,,,,,,8.718421052631578e-07,8574,,,,,,,,,
56,,,,,,,,,,8574,0.01292521320283413,,,,,,,,
,,,,,,,,,8.711842105263157e-07,8579,,,,,,,,,
56,,,,,,,,,,8579,0.01159266009926796,,,,,,,,
,,,,,,,,,8.705263157894737e-07,8584,,,,,,,,,
56,,,,,,,,,,8584,0.05021513253450394,,,,,,,,
,,,,,,,,,8.698684210526316e-07,8589,,,,,,,,,
56,,,,,,,,,,8589,0.04101873189210892,,,,,,,,
,,,,,,,,,8.692105263157894e-07,8594,,,,,,,,,
56,,,,,,,,,,8594,0.02149541862308979,,,,,,,,
,,,,,,,,,8.685526315789473e-07,8599,,,,,,,,,
56,,,,,,,,,,8599,0.0213811993598938,,,,,,,,
,,,,,,,,,8.678947368421053e-07,8604,,,,,,,,,
56,,,,,,,,,,8604,0.07455649226903915,,,,,,,,
,,,,,,,,,8.672368421052632e-07,8609,,,,,,,,,
56,,,,,,,,,,8609,0.026808500289916992,,,,,,,,
,,,,,,,,,8.66578947368421e-07,8614,,,,,,,,,
56,,,,,,,,,,8614,0.022934479638934135,,,,,,,,
,,,,,,,,,8.659210526315789e-07,8619,,,,,,,,,
56,,,,,,,,,,8619,0.05510908365249634,,,,,,,,
,,,,,,,,,8.652631578947368e-07,8624,,,,,,,,,
56,,,,,,,,,,8624,0.042762625962495804,,,,,,,,
,,,,,,,,,8.646052631578948e-07,8629,,,,,,,,,
56,,,,,,,,,,8629,0.031624969094991684,,,,,,,,
,,,,,,,,,8.639473684210527e-07,8634,,,,,,,,,
56,,,,,,,,,,8634,0.02229434996843338,,,,,,,,
,,,,,,,,,8.632894736842104e-07,8639,,,,,,,,,
56,,,,,,,,,,8639,0.021316872909665108,,,,,,,,
,,,,,,,,,8.626315789473683e-07,8644,,,,,,,,,
56,,,,,,,,,,8644,0.026802558451890945,,,,,,,,
,,,,,,,,,8.619736842105263e-07,8649,,,,,,,,,
56,,,,,,,,,,8649,0.07640936970710754,,,,,,,,
,,,,,,,,,8.613157894736842e-07,8654,,,,,,,,,
56,,,,,,,,,,8654,0.02104772999882698,,,,,,,,
,,,,,,,,,8.60657894736842e-07,8659,,,,,,,,,
56,,,,,,,,,,8659,0.021283134818077087,,,,,,,,
56,,,,,,,,,,8663,,0.675000011920929,0.717391312122345,0.07180645316839218,0.07180645316839218,0.42373183369636536,0.717391312122345,0.717391312122345,0.4468277394771576
,,,,,,,,,8.599999999999999e-07,8664,,,,,,,,,
57,,,,,,,,,,8664,0.006166880484670401,,,,,,,,
,,,,,,,,,8.593421052631579e-07,8669,,,,,,,,,
57,,,,,,,,,,8669,0.032625991851091385,,,,,,,,
,,,,,,,,,8.586842105263158e-07,8674,,,,,,,,,
57,,,,,,,,,,8674,0.027872715145349503,,,,,,,,
,,,,,,,,,8.580263157894736e-07,8679,,,,,,,,,
57,,,,,,,,,,8679,0.02092568762600422,,,,,,,,
,,,,,,,,,8.573684210526315e-07,8684,,,,,,,,,
57,,,,,,,,,,8684,0.04297275468707085,,,,,,,,
,,,,,,,,,8.567105263157894e-07,8689,,,,,,,,,
57,,,,,,,,,,8689,0.06549756973981857,,,,,,,,
,,,,,,,,,8.560526315789474e-07,8694,,,,,,,,,
57,,,,,,,,,,8694,0.023297708481550217,,,,,,,,
,,,,,,,,,8.553947368421052e-07,8699,,,,,,,,,
57,,,,,,,,,,8699,0.026278670877218246,,,,,,,,
,,,,,,,,,8.547368421052631e-07,8704,,,,,,,,,
57,,,,,,,,,,8704,0.0681268498301506,,,,,,,,
,,,,,,,,,8.54078947368421e-07,8709,,,,,,,,,
57,,,,,,,,,,8709,0.05196571722626686,,,,,,,,
,,,,,,,,,8.53421052631579e-07,8714,,,,,,,,,
57,,,,,,,,,,8714,0.0824609026312828,,,,,,,,
,,,,,,,,,8.527631578947369e-07,8719,,,,,,,,,
57,,,,,,,,,,8719,0.022719452157616615,,,,,,,,
,,,,,,,,,8.521052631578947e-07,8724,,,,,,,,,
57,,,,,,,,,,8724,0.01529928669333458,,,,,,,,
,,,,,,,,,8.514473684210526e-07,8729,,,,,,,,,
57,,,,,,,,,,8729,0.035660795867443085,,,,,,,,
,,,,,,,,,8.507894736842105e-07,8734,,,,,,,,,
57,,,,,,,,,,8734,0.042440008372068405,,,,,,,,
,,,,,,,,,8.501315789473685e-07,8739,,,,,,,,,
57,,,,,,,,,,8739,0.022963160648941994,,,,,,,,
,,,,,,,,,8.494736842105262e-07,8744,,,,,,,,,
57,,,,,,,,,,8744,0.09685710072517395,,,,,,,,
,,,,,,,,,8.488157894736841e-07,8749,,,,,,,,,
57,,,,,,,,,,8749,0.052155960351228714,,,,,,,,
,,,,,,,,,8.48157894736842e-07,8754,,,,,,,,,
57,,,,,,,,,,8754,0.051068175584077835,,,,,,,,
,,,,,,,,,8.475e-07,8759,,,,,,,,,
57,,,,,,,,,,8759,0.043618012219667435,,,,,,,,
,,,,,,,,,8.468421052631578e-07,8764,,,,,,,,,
57,,,,,,,,,,8764,0.04122006893157959,,,,,,,,
,,,,,,,,,8.461842105263157e-07,8769,,,,,,,,,
57,,,,,,,,,,8769,0.01775796338915825,,,,,,,,
,,,,,,,,,8.455263157894736e-07,8774,,,,,,,,,
57,,,,,,,,,,8774,0.023702025413513184,,,,,,,,
,,,,,,,,,8.448684210526315e-07,8779,,,,,,,,,
57,,,,,,,,,,8779,0.011984322220087051,,,,,,,,
,,,,,,,,,8.442105263157895e-07,8784,,,,,,,,,
57,,,,,,,,,,8784,0.02838406153023243,,,,,,,,
,,,,,,,,,8.435526315789473e-07,8789,,,,,,,,,
57,,,,,,,,,,8789,0.027301136404275894,,,,,,,,
,,,,,,,,,8.428947368421052e-07,8794,,,,,,,,,
57,,,,,,,,,,8794,0.02335338667035103,,,,,,,,
,,,,,,,,,8.422368421052631e-07,8799,,,,,,,,,
57,,,,,,,,,,8799,0.055720698088407516,,,,,,,,
,,,,,,,,,8.415789473684211e-07,8804,,,,,,,,,
57,,,,,,,,,,8804,0.016085907816886902,,,,,,,,
,,,,,,,,,8.409210526315789e-07,8809,,,,,,,,,
57,,,,,,,,,,8809,0.017715277150273323,,,,,,,,
,,,,,,,,,8.402631578947368e-07,8814,,,,,,,,,
57,,,,,,,,,,8814,0.0596376433968544,,,,,,,,
57,,,,,,,,,,8815,,0.675000011920929,0.7111111283302307,0.07244555652141571,0.07244555652141571,0.4080090820789337,0.7272727489471436,0.695652186870575,0.44504356384277344
,,,,,,,,,8.396052631578947e-07,8819,,,,,,,,,
58,,,,,,,,,,8819,0.07297784835100174,,,,,,,,
,,,,,,,,,8.389473684210526e-07,8824,,,,,,,,,
58,,,,,,,,,,8824,0.05415729433298111,,,,,,,,
,,,,,,,,,8.382894736842105e-07,8829,,,,,,,,,
58,,,,,,,,,,8829,0.024931959807872772,,,,,,,,
,,,,,,,,,8.376315789473684e-07,8834,,,,,,,,,
58,,,,,,,,,,8834,0.01758972741663456,,,,,,,,
,,,,,,,,,8.369736842105263e-07,8839,,,,,,,,,
58,,,,,,,,,,8839,0.01885865069925785,,,,,,,,
,,,,,,,,,8.363157894736842e-07,8844,,,,,,,,,
58,,,,,,,,,,8844,0.017052732408046722,,,,,,,,
,,,,,,,,,8.356578947368422e-07,8849,,,,,,,,,
58,,,,,,,,,,8849,0.01835913211107254,,,,,,,,
,,,,,,,,,8.349999999999999e-07,8854,,,,,,,,,
58,,,,,,,,,,8854,0.030676640570163727,,,,,,,,
,,,,,,,,,8.343421052631578e-07,8859,,,,,,,,,
58,,,,,,,,,,8859,0.02028738707304001,,,,,,,,
,,,,,,,,,8.336842105263157e-07,8864,,,,,,,,,
58,,,,,,,,,,8864,0.019221484661102295,,,,,,,,
,,,,,,,,,8.330263157894737e-07,8869,,,,,,,,,
58,,,,,,,,,,8869,0.05328049138188362,,,,,,,,
,,,,,,,,,8.323684210526315e-07,8874,,,,,,,,,
58,,,,,,,,,,8874,0.01566239632666111,,,,,,,,
,,,,,,,,,8.317105263157894e-07,8879,,,,,,,,,
58,,,,,,,,,,8879,0.020815083757042885,,,,,,,,
,,,,,,,,,8.310526315789473e-07,8884,,,,,,,,,
58,,,,,,,,,,8884,0.07200521975755692,,,,,,,,
,,,,,,,,,8.303947368421052e-07,8889,,,,,,,,,
58,,,,,,,,,,8889,0.02016395702958107,,,,,,,,
,,,,,,,,,8.297368421052631e-07,8894,,,,,,,,,
58,,,,,,,,,,8894,0.012651254422962666,,,,,,,,
,,,,,,,,,8.29078947368421e-07,8899,,,,,,,,,
58,,,,,,,,,,8899,0.028060302138328552,,,,,,,,
,,,,,,,,,8.284210526315789e-07,8904,,,,,,,,,
58,,,,,,,,,,8904,0.046382032334804535,,,,,,,,
,,,,,,,,,8.277631578947368e-07,8909,,,,,,,,,
58,,,,,,,,,,8909,0.014820578508079052,,,,,,,,
,,,,,,,,,8.271052631578948e-07,8914,,,,,,,,,
58,,,,,,,,,,8914,0.07179982215166092,,,,,,,,
,,,,,,,,,8.264473684210526e-07,8919,,,,,,,,,
58,,,,,,,,,,8919,0.04505858197808266,,,,,,,,
,,,,,,,,,8.257894736842105e-07,8924,,,,,,,,,
58,,,,,,,,,,8924,0.025746291503310204,,,,,,,,
,,,,,,,,,8.251315789473684e-07,8929,,,,,,,,,
58,,,,,,,,,,8929,0.01723070815205574,,,,,,,,
,,,,,,,,,8.244736842105263e-07,8934,,,,,,,,,
58,,,,,,,,,,8934,0.028106655925512314,,,,,,,,
,,,,,,,,,8.238157894736842e-07,8939,,,,,,,,,
58,,,,,,,,,,8939,0.033441513776779175,,,,,,,,
,,,,,,,,,8.231578947368421e-07,8944,,,,,,,,,
58,,,,,,,,,,8944,0.021700972691178322,,,,,,,,
,,,,,,,,,8.225e-07,8949,,,,,,,,,
58,,,,,,,,,,8949,0.06883275508880615,,,,,,,,
,,,,,,,,,8.218421052631579e-07,8954,,,,,,,,,
58,,,,,,,,,,8954,0.058741118758916855,,,,,,,,
,,,,,,,,,8.211842105263158e-07,8959,,,,,,,,,
58,,,,,,,,,,8959,0.022247275337576866,,,,,,,,
,,,,,,,,,8.205263157894736e-07,8964,,,,,,,,,
58,,,,,,,,,,8964,0.059335626661777496,,,,,,,,
58,,,,,,,,,,8967,,0.675000011920929,0.717391312122345,0.07321343570947647,0.07321343570947647,0.4216504991054535,0.717391312122345,0.717391312122345,0.4470272958278656
,,,,,,,,,8.198684210526315e-07,8969,,,,,,,,,
59,,,,,,,,,,8969,0.10150974988937378,,,,,,,,
,,,,,,,,,8.192105263157894e-07,8974,,,,,,,,,
59,,,,,,,,,,8974,0.021610945463180542,,,,,,,,
,,,,,,,,,8.185526315789473e-07,8979,,,,,,,,,
59,,,,,,,,,,8979,0.020662343129515648,,,,,,,,
,,,,,,,,,8.178947368421052e-07,8984,,,,,,,,,
59,,,,,,,,,,8984,0.035147976130247116,,,,,,,,
,,,,,,,,,8.172368421052631e-07,8989,,,,,,,,,
59,,,,,,,,,,8989,0.02183219976723194,,,,,,,,
,,,,,,,,,8.16578947368421e-07,8994,,,,,,,,,
59,,,,,,,,,,8994,0.07065340876579285,,,,,,,,
,,,,,,,,,8.159210526315789e-07,8999,,,,,,,,,
59,,,,,,,,,,8999,0.031787022948265076,,,,,,,,
,,,,,,,,,8.152631578947368e-07,9004,,,,,,,,,
59,,,,,,,,,,9004,0.03087613545358181,,,,,,,,
,,,,,,,,,8.146052631578947e-07,9009,,,,,,,,,
59,,,,,,,,,,9009,0.04445284977555275,,,,,,,,
,,,,,,,,,8.139473684210526e-07,9014,,,,,,,,,
59,,,,,,,,,,9014,0.01954251155257225,,,,,,,,
,,,,,,,,,8.132894736842105e-07,9019,,,,,,,,,
59,,,,,,,,,,9019,0.028776098042726517,,,,,,,,
,,,,,,,,,8.126315789473683e-07,9024,,,,,,,,,
59,,,,,,,,,,9024,0.06516358256340027,,,,,,,,
,,,,,,,,,8.119736842105263e-07,9029,,,,,,,,,
59,,,,,,,,,,9029,0.060807015746831894,,,,,,,,
,,,,,,,,,8.113157894736842e-07,9034,,,,,,,,,
59,,,,,,,,,,9034,0.02120002917945385,,,,,,,,
,,,,,,,,,8.106578947368421e-07,9039,,,,,,,,,
59,,,,,,,,,,9039,0.026165952906012535,,,,,,,,
,,,,,,,,,8.1e-07,9044,,,,,,,,,
59,,,,,,,,,,9044,0.01179564744234085,,,,,,,,
,,,,,,,,,8.093421052631579e-07,9049,,,,,,,,,
59,,,,,,,,,,9049,0.028935719281435013,,,,,,,,
,,,,,,,,,8.086842105263158e-07,9054,,,,,,,,,
59,,,,,,,,,,9054,0.061552178114652634,,,,,,,,
,,,,,,,,,8.080263157894737e-07,9059,,,,,,,,,
59,,,,,,,,,,9059,0.0241366196423769,,,,,,,,
,,,,,,,,,8.073684210526316e-07,9064,,,,,,,,,
59,,,,,,,,,,9064,0.033949363976716995,,,,,,,,
,,,,,,,,,8.067105263157893e-07,9069,,,,,,,,,
59,,,,,,,,,,9069,0.02747906744480133,,,,,,,,
,,,,,,,,,8.060526315789473e-07,9074,,,,,,,,,
59,,,,,,,,,,9074,0.025412054732441902,,,,,,,,
,,,,,,,,,8.053947368421052e-07,9079,,,,,,,,,
59,,,,,,,,,,9079,0.030030950903892517,,,,,,,,
,,,,,,,,,8.047368421052631e-07,9084,,,,,,,,,
59,,,,,,,,,,9084,0.032463978976011276,,,,,,,,
,,,,,,,,,8.040789473684209e-07,9089,,,,,,,,,
59,,,,,,,,,,9089,0.016866331920027733,,,,,,,,
,,,,,,,,,8.034210526315789e-07,9094,,,,,,,,,
59,,,,,,,,,,9094,0.018163597211241722,,,,,,,,
,,,,,,,,,8.027631578947368e-07,9099,,,,,,,,,
59,,,,,,,,,,9099,0.025963827967643738,,,,,,,,
,,,,,,,,,8.021052631578947e-07,9104,,,,,,,,,
59,,,,,,,,,,9104,0.012484561651945114,,,,,,,,
,,,,,,,,,8.014473684210526e-07,9109,,,,,,,,,
59,,,,,,,,,,9109,0.01953139156103134,,,,,,,,
,,,,,,,,,8.007894736842105e-07,9114,,,,,,,,,
59,,,,,,,,,,9114,0.03476899862289429,,,,,,,,
,,,,,,,,,8.001315789473684e-07,9119,,,,,,,,,
59,,,,,,,,,,9119,0.029059236869215965,,,,,,,,
59,,,,,,,,,,9119,,0.675000011920929,0.717391312122345,0.07247500121593475,0.07247500121593475,0.43168359994888306,0.717391312122345,0.717391312122345,0.4534713923931122
,,,,,,,,,7.994736842105263e-07,9124,,,,,,,,,
60,,,,,,,,,,9124,0.03424248471856117,,,,,,,,
,,,,,,,,,7.988157894736842e-07,9129,,,,,,,,,
60,,,,,,,,,,9129,0.031979914754629135,,,,,,,,
,,,,,,,,,7.98157894736842e-07,9134,,,,,,,,,
60,,,,,,,,,,9134,0.027159787714481354,,,,,,,,
,,,,,,,,,7.975e-07,9139,,,,,,,,,
60,,,,,,,,,,9139,0.020570149645209312,,,,,,,,
,,,,,,,,,7.968421052631579e-07,9144,,,,,,,,,
60,,,,,,,,,,9144,0.03160282224416733,,,,,,,,
,,,,,,,,,7.961842105263158e-07,9149,,,,,,,,,
60,,,,,,,,,,9149,0.06562014669179916,,,,,,,,
,,,,,,,,,7.955263157894736e-07,9154,,,,,,,,,
60,,,,,,,,,,9154,0.0105831827968359,,,,,,,,
,,,,,,,,,7.948684210526316e-07,9159,,,,,,,,,
60,,,,,,,,,,9159,0.07028161734342575,,,,,,,,
,,,,,,,,,7.942105263157895e-07,9164,,,,,,,,,
60,,,,,,,,,,9164,0.03226907178759575,,,,,,,,
,,,,,,,,,7.935526315789474e-07,9169,,,,,,,,,
60,,,,,,,,,,9169,0.016721045598387718,,,,,,,,
,,,,,,,,,7.928947368421052e-07,9174,,,,,,,,,
60,,,,,,,,,,9174,0.038324952125549316,,,,,,,,
,,,,,,,,,7.92236842105263e-07,9179,,,,,,,,,
60,,,,,,,,,,9179,0.046109382063150406,,,,,,,,
,,,,,,,,,7.91578947368421e-07,9184,,,,,,,,,
60,,,,,,,,,,9184,0.025957684963941574,,,,,,,,
,,,,,,,,,7.909210526315789e-07,9189,,,,,,,,,
60,,,,,,,,,,9189,0.0223808903247118,,,,,,,,
,,,,,,,,,7.902631578947368e-07,9194,,,,,,,,,
60,,,,,,,,,,9194,0.02936294674873352,,,,,,,,
,,,,,,,,,7.896052631578946e-07,9199,,,,,,,,,
60,,,,,,,,,,9199,0.018621399998664856,,,,,,,,
,,,,,,,,,7.889473684210526e-07,9204,,,,,,,,,
60,,,,,,,,,,9204,0.02121308445930481,,,,,,,,
,,,,,,,,,7.882894736842105e-07,9209,,,,,,,,,
60,,,,,,,,,,9209,0.0220032949000597,,,,,,,,
,,,,,,,,,7.876315789473684e-07,9214,,,,,,,,,
60,,,,,,,,,,9214,0.00519815506413579,,,,,,,,
,,,,,,,,,7.869736842105262e-07,9219,,,,,,,,,
60,,,,,,,,,,9219,0.04455002397298813,,,,,,,,
,,,,,,,,,7.863157894736841e-07,9224,,,,,,,,,
60,,,,,,,,,,9224,0.03067917563021183,,,,,,,,
,,,,,,,,,7.856578947368421e-07,9229,,,,,,,,,
60,,,,,,,,,,9229,0.009446836076676846,,,,,,,,
,,,,,,,,,7.85e-07,9234,,,,,,,,,
60,,,,,,,,,,9234,0.026498686522245407,,,,,,,,
,,,,,,,,,7.843421052631578e-07,9239,,,,,,,,,
60,,,,,,,,,,9239,0.029662804678082466,,,,,,,,
,,,,,,,,,7.836842105263157e-07,9244,,,,,,,,,
60,,,,,,,,,,9244,0.029672931879758835,,,,,,,,
,,,,,,,,,7.830263157894737e-07,9249,,,,,,,,,
60,,,,,,,,,,9249,0.02819063887000084,,,,,,,,
,,,,,,,,,7.823684210526316e-07,9254,,,,,,,,,
60,,,,,,,,,,9254,0.04632178694009781,,,,,,,,
,,,,,,,,,7.817105263157895e-07,9259,,,,,,,,,
60,,,,,,,,,,9259,0.04132867977023125,,,,,,,,
,,,,,,,,,7.810526315789473e-07,9264,,,,,,,,,
60,,,,,,,,,,9264,0.021611899137496948,,,,,,,,
,,,,,,,,,7.803947368421053e-07,9269,,,,,,,,,
60,,,,,,,,,,9269,0.022530144080519676,,,,,,,,
60,,,,,,,,,,9271,,0.699999988079071,0.7333333492279053,0.07071731984615326,0.07071731984615326,0.4376640319824219,0.75,0.717391312122345,0.47106656432151794
,,,,,,,,,7.797368421052632e-07,9274,,,,,,,,,
61,,,,,,,,,,9274,0.027805810794234276,,,,,,,,
,,,,,,,,,7.790789473684211e-07,9279,,,,,,,,,
61,,,,,,,,,,9279,0.026225494220852852,,,,,,,,
,,,,,,,,,7.784210526315789e-07,9284,,,,,,,,,
61,,,,,,,,,,9284,0.023233089596033096,,,,,,,,
,,,,,,,,,7.777631578947367e-07,9289,,,,,,,,,
61,,,,,,,,,,9289,0.03954821452498436,,,,,,,,
,,,,,,,,,7.771052631578947e-07,9294,,,,,,,,,
61,,,,,,,,,,9294,0.022473450750112534,,,,,,,,
,,,,,,,,,7.764473684210526e-07,9299,,,,,,,,,
61,,,,,,,,,,9299,0.012704450637102127,,,,,,,,
,,,,,,,,,7.757894736842104e-07,9304,,,,,,,,,
61,,,,,,,,,,9304,0.009507827460765839,,,,,,,,
,,,,,,,,,7.751315789473683e-07,9309,,,,,,,,,
61,,,,,,,,,,9309,0.018336668610572815,,,,,,,,
,,,,,,,,,7.744736842105263e-07,9314,,,,,,,,,
61,,,,,,,,,,9314,0.01667788438498974,,,,,,,,
,,,,,,,,,7.738157894736842e-07,9319,,,,,,,,,
61,,,,,,,,,,9319,0.02788401022553444,,,,,,,,
,,,,,,,,,7.731578947368421e-07,9324,,,,,,,,,
61,,,,,,,,,,9324,0.014960206113755703,,,,,,,,
,,,,,,,,,7.724999999999999e-07,9329,,,,,,,,,
61,,,,,,,,,,9329,0.018874866887927055,,,,,,,,
,,,,,,,,,7.718421052631578e-07,9334,,,,,,,,,
61,,,,,,,,,,9334,0.0443359799683094,,,,,,,,
,,,,,,,,,7.711842105263158e-07,9339,,,,,,,,,
61,,,,,,,,,,9339,0.022482527419924736,,,,,,,,
,,,,,,,,,7.705263157894737e-07,9344,,,,,,,,,
61,,,,,,,,,,9344,0.04196986183524132,,,,,,,,
,,,,,,,,,7.698684210526315e-07,9349,,,,,,,,,
61,,,,,,,,,,9349,0.03827163949608803,,,,,,,,
,,,,,,,,,7.692105263157894e-07,9354,,,,,,,,,
61,,,,,,,,,,9354,0.024249576032161713,,,,,,,,
,,,,,,,,,7.685526315789474e-07,9359,,,,,,,,,
61,,,,,,,,,,9359,0.05219127610325813,,,,,,,,
,,,,,,,,,7.678947368421053e-07,9364,,,,,,,,,
61,,,,,,,,,,9364,0.008186657913029194,,,,,,,,
,,,,,,,,,7.672368421052631e-07,9369,,,,,,,,,
61,,,,,,,,,,9369,0.016370311379432678,,,,,,,,
,,,,,,,,,7.66578947368421e-07,9374,,,,,,,,,
61,,,,,,,,,,9374,0.023196320980787277,,,,,,,,
,,,,,,,,,7.659210526315789e-07,9379,,,,,,,,,
61,,,,,,,,,,9379,0.035519614815711975,,,,,,,,
,,,,,,,,,7.652631578947369e-07,9384,,,,,,,,,
61,,,,,,,,,,9384,0.027926944196224213,,,,,,,,
,,,,,,,,,7.646052631578948e-07,9389,,,,,,,,,
61,,,,,,,,,,9389,0.016263913363218307,,,,,,,,
,,,,,,,,,7.639473684210526e-07,9394,,,,,,,,,
61,,,,,,,,,,9394,0.021309368312358856,,,,,,,,
,,,,,,,,,7.632894736842104e-07,9399,,,,,,,,,
61,,,,,,,,,,9399,0.014716031961143017,,,,,,,,
,,,,,,,,,7.626315789473684e-07,9404,,,,,,,,,
61,,,,,,,,,,9404,0.02934364788234234,,,,,,,,
,,,,,,,,,7.619736842105263e-07,9409,,,,,,,,,
61,,,,,,,,,,9409,0.047792814671993256,,,,,,,,
,,,,,,,,,7.613157894736841e-07,9414,,,,,,,,,
61,,,,,,,,,,9414,0.028737502172589302,,,,,,,,
,,,,,,,,,7.60657894736842e-07,9419,,,,,,,,,
61,,,,,,,,,,9419,0.02013833448290825,,,,,,,,
61,,,,,,,,,,9423,,0.699999988079071,0.7333333492279053,0.0704575628042221,0.0704575628042221,0.43820565938949585,0.75,0.717391312122345,0.46614837646484375
,,,,,,,,,7.599999999999999e-07,9424,,,,,,,,,
62,,,,,,,,,,9424,0.01383900549262762,,,,,,,,
,,,,,,,,,7.593421052631579e-07,9429,,,,,,,,,
62,,,,,,,,,,9429,0.01713324338197708,,,,,,,,
,,,,,,,,,7.586842105263157e-07,9434,,,,,,,,,
62,,,,,,,,,,9434,0.0274422075599432,,,,,,,,
,,,,,,,,,7.580263157894736e-07,9439,,,,,,,,,
62,,,,,,,,,,9439,0.05208270251750946,,,,,,,,
,,,,,,,,,7.573684210526315e-07,9444,,,,,,,,,
62,,,,,,,,,,9444,0.03514094278216362,,,,,,,,
,,,,,,,,,7.567105263157895e-07,9449,,,,,,,,,
62,,,,,,,,,,9449,0.03346691280603409,,,,,,,,
,,,,,,,,,7.560526315789474e-07,9454,,,,,,,,,
62,,,,,,,,,,9454,0.033816177397966385,,,,,,,,
,,,,,,,,,7.553947368421052e-07,9459,,,,,,,,,
62,,,,,,,,,,9459,0.013006170280277729,,,,,,,,
,,,,,,,,,7.547368421052631e-07,9464,,,,,,,,,
62,,,,,,,,,,9464,0.03780670836567879,,,,,,,,
,,,,,,,,,7.540789473684211e-07,9469,,,,,,,,,
62,,,,,,,,,,9469,0.05059497430920601,,,,,,,,
,,,,,,,,,7.53421052631579e-07,9474,,,,,,,,,
62,,,,,,,,,,9474,0.060416385531425476,,,,,,,,
,,,,,,,,,7.527631578947368e-07,9479,,,,,,,,,
62,,,,,,,,,,9479,0.027424445375800133,,,,,,,,
,,,,,,,,,7.521052631578947e-07,9484,,,,,,,,,
62,,,,,,,,,,9484,0.013776187784969807,,,,,,,,
,,,,,,,,,7.514473684210526e-07,9489,,,,,,,,,
62,,,,,,,,,,9489,0.025111906230449677,,,,,,,,
,,,,,,,,,7.507894736842106e-07,9494,,,,,,,,,
62,,,,,,,,,,9494,0.018383776769042015,,,,,,,,
,,,,,,,,,7.501315789473684e-07,9499,,,,,,,,,
62,,,,,,,,,,9499,0.012337465770542622,,,,,,,,
,,,,,,,,,7.494736842105263e-07,9504,,,,,,,,,
62,,,,,,,,,,9504,0.0457908920943737,,,,,,,,
,,,,,,,,,7.488157894736841e-07,9509,,,,,,,,,
62,,,,,,,,,,9509,0.010893380269408226,,,,,,,,
,,,,,,,,,7.481578947368421e-07,9514,,,,,,,,,
62,,,,,,,,,,9514,0.02851511724293232,,,,,,,,
,,,,,,,,,7.475e-07,9519,,,,,,,,,
62,,,,,,,,,,9519,0.01995374634861946,,,,,,,,
,,,,,,,,,7.468421052631578e-07,9524,,,,,,,,,
62,,,,,,,,,,9524,0.023007530719041824,,,,,,,,
,,,,,,,,,7.461842105263157e-07,9529,,,,,,,,,
62,,,,,,,,,,9529,0.029173456132411957,,,,,,,,
,,,,,,,,,7.455263157894736e-07,9534,,,,,,,,,
62,,,,,,,,,,9534,0.03168370947241783,,,,,,,,
,,,,,,,,,7.448684210526316e-07,9539,,,,,,,,,
62,,,,,,,,,,9539,0.029717324301600456,,,,,,,,
,,,,,,,,,7.442105263157894e-07,9544,,,,,,,,,
62,,,,,,,,,,9544,0.012651655822992325,,,,,,,,
,,,,,,,,,7.435526315789473e-07,9549,,,,,,,,,
62,,,,,,,,,,9549,0.008159263990819454,,,,,,,,
,,,,,,,,,7.428947368421052e-07,9554,,,,,,,,,
62,,,,,,,,,,9554,0.030791815370321274,,,,,,,,
,,,,,,,,,7.422368421052632e-07,9559,,,,,,,,,
62,,,,,,,,,,9559,0.010912544094026089,,,,,,,,
,,,,,,,,,7.41578947368421e-07,9564,,,,,,,,,
62,,,,,,,,,,9564,0.018073204904794693,,,,,,,,
,,,,,,,,,7.409210526315789e-07,9569,,,,,,,,,
62,,,,,,,,,,9569,0.024510927498340607,,,,,,,,
,,,,,,,,,7.402631578947368e-07,9574,,,,,,,,,
62,,,,,,,,,,9574,0.01979261450469494,,,,,,,,
62,,,,,,,,,,9575,,0.7124999761581421,0.7526881694793701,0.07238241285085678,0.07238241285085678,0.4487769603729248,0.7446808218955994,0.760869562625885,0.45259106159210205
,,,,,,,,,7.396052631578947e-07,9579,,,,,,,,,
63,,,,,,,,,,9579,0.022245075553655624,,,,,,,,
,,,,,,,,,7.389473684210527e-07,9584,,,,,,,,,
63,,,,,,,,,,9584,0.02201438695192337,,,,,,,,
,,,,,,,,,7.382894736842105e-07,9589,,,,,,,,,
63,,,,,,,,,,9589,0.030582448467612267,,,,,,,,
,,,,,,,,,7.376315789473684e-07,9594,,,,,,,,,
63,,,,,,,,,,9594,0.05041690915822983,,,,,,,,
,,,,,,,,,7.369736842105263e-07,9599,,,,,,,,,
63,,,,,,,,,,9599,0.04985172301530838,,,,,,,,
,,,,,,,,,7.363157894736843e-07,9604,,,,,,,,,
63,,,,,,,,,,9604,0.012811539694666862,,,,,,,,
,,,,,,,,,7.356578947368421e-07,9609,,,,,,,,,
63,,,,,,,,,,9609,0.017556235194206238,,,,,,,,
,,,,,,,,,7.35e-07,9614,,,,,,,,,
63,,,,,,,,,,9614,0.028747305274009705,,,,,,,,
,,,,,,,,,7.343421052631578e-07,9619,,,,,,,,,
63,,,,,,,,,,9619,0.035690587013959885,,,,,,,,
,,,,,,,,,7.336842105263157e-07,9624,,,,,,,,,
63,,,,,,,,,,9624,0.03490372747182846,,,,,,,,
,,,,,,,,,7.330263157894736e-07,9629,,,,,,,,,
63,,,,,,,,,,9629,0.014430904760956764,,,,,,,,
,,,,,,,,,7.323684210526315e-07,9634,,,,,,,,,
63,,,,,,,,,,9634,0.014403291046619415,,,,,,,,
,,,,,,,,,7.317105263157894e-07,9639,,,,,,,,,
63,,,,,,,,,,9639,0.013041227124631405,,,,,,,,
,,,,,,,,,7.310526315789473e-07,9644,,,,,,,,,
63,,,,,,,,,,9644,0.029659325256943703,,,,,,,,
,,,,,,,,,7.303947368421052e-07,9649,,,,,,,,,
63,,,,,,,,,,9649,0.013371496461331844,,,,,,,,
,,,,,,,,,7.297368421052631e-07,9654,,,,,,,,,
63,,,,,,,,,,9654,0.0221685953438282,,,,,,,,
,,,,,,,,,7.29078947368421e-07,9659,,,,,,,,,
63,,,,,,,,,,9659,0.028370186686515808,,,,,,,,
,,,,,,,,,7.284210526315789e-07,9664,,,,,,,,,
63,,,,,,,,,,9664,0.02788485214114189,,,,,,,,
,,,,,,,,,7.277631578947369e-07,9669,,,,,,,,,
63,,,,,,,,,,9669,0.04146223142743111,,,,,,,,
,,,,,,,,,7.271052631578947e-07,9674,,,,,,,,,
63,,,,,,,,,,9674,0.01922178827226162,,,,,,,,
,,,,,,,,,7.264473684210526e-07,9679,,,,,,,,,
63,,,,,,,,,,9679,0.01886707916855812,,,,,,,,
,,,,,,,,,7.257894736842105e-07,9684,,,,,,,,,
63,,,,,,,,,,9684,0.05157524719834328,,,,,,,,
,,,,,,,,,7.251315789473684e-07,9689,,,,,,,,,
63,,,,,,,,,,9689,0.020918671041727066,,,,,,,,
,,,,,,,,,7.244736842105263e-07,9694,,,,,,,,,
63,,,,,,,,,,9694,0.03370320051908493,,,,,,,,
,,,,,,,,,7.238157894736842e-07,9699,,,,,,,,,
63,,,,,,,,,,9699,0.04533271864056587,,,,,,,,
,,,,,,,,,7.231578947368421e-07,9704,,,,,,,,,
63,,,,,,,,,,9704,0.039965879172086716,,,,,,,,
,,,,,,,,,7.225e-07,9709,,,,,,,,,
63,,,,,,,,,,9709,0.01319077331572771,,,,,,,,
,,,,,,,,,7.218421052631579e-07,9714,,,,,,,,,
63,,,,,,,,,,9714,0.017735309898853302,,,,,,,,
,,,,,,,,,7.211842105263158e-07,9719,,,,,,,,,
63,,,,,,,,,,9719,0.029328234493732452,,,,,,,,
,,,,,,,,,7.205263157894737e-07,9724,,,,,,,,,
63,,,,,,,,,,9724,0.026147199794650078,,,,,,,,
63,,,,,,,,,,9727,,0.6875,0.7311828136444092,0.07279811799526215,0.07279811799526215,0.444033145904541,0.7234042286872864,0.739130437374115,0.4594460129737854
,,,,,,,,,7.198684210526315e-07,9729,,,,,,,,,
64,,,,,,,,,,9729,0.017550308257341385,,,,,,,,
,,,,,,,,,7.192105263157894e-07,9734,,,,,,,,,
64,,,,,,,,,,9734,0.020175157114863396,,,,,,,,
,,,,,,,,,7.185526315789473e-07,9739,,,,,,,,,
64,,,,,,,,,,9739,0.03642820566892624,,,,,,,,
,,,,,,,,,7.178947368421052e-07,9744,,,,,,,,,
64,,,,,,,,,,9744,0.03589681535959244,,,,,,,,
,,,,,,,,,7.172368421052631e-07,9749,,,,,,,,,
64,,,,,,,,,,9749,0.07584230601787567,,,,,,,,
,,,,,,,,,7.16578947368421e-07,9754,,,,,,,,,
64,,,,,,,,,,9754,0.02034028060734272,,,,,,,,
,,,,,,,,,7.159210526315789e-07,9759,,,,,,,,,
64,,,,,,,,,,9759,0.05488268658518791,,,,,,,,
,,,,,,,,,7.152631578947368e-07,9764,,,,,,,,,
64,,,,,,,,,,9764,0.009009599685668945,,,,,,,,
,,,,,,,,,7.146052631578947e-07,9769,,,,,,,,,
64,,,,,,,,,,9769,0.028068900108337402,,,,,,,,
,,,,,,,,,7.139473684210526e-07,9774,,,,,,,,,
64,,,,,,,,,,9774,0.030150162056088448,,,,,,,,
,,,,,,,,,7.132894736842104e-07,9779,,,,,,,,,
64,,,,,,,,,,9779,0.017134161666035652,,,,,,,,
,,,,,,,,,7.126315789473684e-07,9784,,,,,,,,,
64,,,,,,,,,,9784,0.06894753873348236,,,,,,,,
,,,,,,,,,7.119736842105263e-07,9789,,,,,,,,,
64,,,,,,,,,,9789,0.032994139939546585,,,,,,,,
,,,,,,,,,7.113157894736842e-07,9794,,,,,,,,,
64,,,,,,,,,,9794,0.07093250006437302,,,,,,,,
,,,,,,,,,7.106578947368421e-07,9799,,,,,,,,,
64,,,,,,,,,,9799,0.04229096695780754,,,,,,,,
,,,,,,,,,7.1e-07,9804,,,,,,,,,
64,,,,,,,,,,9804,0.014364545233547688,,,,,,,,
,,,,,,,,,7.093421052631579e-07,9809,,,,,,,,,
64,,,,,,,,,,9809,0.04881488159298897,,,,,,,,
,,,,,,,,,7.086842105263158e-07,9814,,,,,,,,,
64,,,,,,,,,,9814,0.022149354219436646,,,,,,,,
,,,,,,,,,7.080263157894737e-07,9819,,,,,,,,,
64,,,,,,,,,,9819,0.01852947473526001,,,,,,,,
,,,,,,,,,7.073684210526315e-07,9824,,,,,,,,,
64,,,,,,,,,,9824,0.04286181554198265,,,,,,,,
,,,,,,,,,7.067105263157895e-07,9829,,,,,,,,,
64,,,,,,,,,,9829,0.04114065319299698,,,,,,,,
,,,,,,,,,7.060526315789474e-07,9834,,,,,,,,,
64,,,,,,,,,,9834,0.04678753763437271,,,,,,,,
,,,,,,,,,7.053947368421052e-07,9839,,,,,,,,,
64,,,,,,,,,,9839,0.027992988005280495,,,,,,,,
,,,,,,,,,7.04736842105263e-07,9844,,,,,,,,,
64,,,,,,,,,,9844,0.022483788430690765,,,,,,,,
,,,,,,,,,7.04078947368421e-07,9849,,,,,,,,,
64,,,,,,,,,,9849,0.04910817742347717,,,,,,,,
,,,,,,,,,7.034210526315789e-07,9854,,,,,,,,,
64,,,,,,,,,,9854,0.01614578254520893,,,,,,,,
,,,,,,,,,7.027631578947368e-07,9859,,,,,,,,,
64,,,,,,,,,,9859,0.02340218797326088,,,,,,,,
,,,,,,,,,7.021052631578947e-07,9864,,,,,,,,,
64,,,,,,,,,,9864,0.029191095381975174,,,,,,,,
,,,,,,,,,7.014473684210525e-07,9869,,,,,,,,,
64,,,,,,,,,,9869,0.03994814679026604,,,,,,,,
,,,,,,,,,7.007894736842105e-07,9874,,,,,,,,,
64,,,,,,,,,,9874,0.0074932449497282505,,,,,,,,
,,,,,,,,,7.001315789473684e-07,9879,,,,,,,,,
64,,,,,,,,,,9879,0.014477702789008617,,,,,,,,
64,,,,,,,,,,9879,,0.7124999761581421,0.7526881694793701,0.07059765607118607,0.07059765607118607,0.4594109058380127,0.7446808218955994,0.760869562625885,0.47681814432144165
,,,,,,,,,6.994736842105263e-07,9884,,,,,,,,,
65,,,,,,,,,,9884,0.025997480377554893,,,,,,,,
,,,,,,,,,6.988157894736841e-07,9889,,,,,,,,,
65,,,,,,,,,,9889,0.027239061892032623,,,,,,,,
,,,,,,,,,6.981578947368421e-07,9894,,,,,,,,,
65,,,,,,,,,,9894,0.017135122790932655,,,,,,,,
,,,,,,,,,6.975e-07,9899,,,,,,,,,
65,,,,,,,,,,9899,0.06386526674032211,,,,,,,,
,,,,,,,,,6.968421052631579e-07,9904,,,,,,,,,
65,,,,,,,,,,9904,0.053647905588150024,,,,,,,,
,,,,,,,,,6.961842105263157e-07,9909,,,,,,,,,
65,,,,,,,,,,9909,0.03592057153582573,,,,,,,,
,,,,,,,,,6.955263157894737e-07,9914,,,,,,,,,
65,,,,,,,,,,9914,0.023692956194281578,,,,,,,,
,,,,,,,,,6.948684210526316e-07,9919,,,,,,,,,
65,,,,,,,,,,9919,0.0717250406742096,,,,,,,,
,,,,,,,,,6.942105263157895e-07,9924,,,,,,,,,
65,,,,,,,,,,9924,0.03250604495406151,,,,,,,,
,,,,,,,,,6.935526315789474e-07,9929,,,,,,,,,
65,,,,,,,,,,9929,0.01564422994852066,,,,,,,,
,,,,,,,,,6.928947368421052e-07,9934,,,,,,,,,
65,,,,,,,,,,9934,0.009506271220743656,,,,,,,,
,,,,,,,,,6.922368421052632e-07,9939,,,,,,,,,
65,,,,,,,,,,9939,0.05636623501777649,,,,,,,,
,,,,,,,,,6.91578947368421e-07,9944,,,,,,,,,
65,,,,,,,,,,9944,0.050891827791929245,,,,,,,,
,,,,,,,,,6.909210526315789e-07,9949,,,,,,,,,
65,,,,,,,,,,9949,0.03823288530111313,,,,,,,,
,,,,,,,,,6.902631578947367e-07,9954,,,,,,,,,
65,,,,,,,,,,9954,0.02592771127820015,,,,,,,,
,,,,,,,,,6.896052631578947e-07,9959,,,,,,,,,
65,,,,,,,,,,9959,0.01050130371004343,,,,,,,,
,,,,,,,,,6.889473684210526e-07,9964,,,,,,,,,
65,,,,,,,,,,9964,0.025401903316378593,,,,,,,,
,,,,,,,,,6.882894736842105e-07,9969,,,,,,,,,
65,,,,,,,,,,9969,0.0034508202224969864,,,,,,,,
,,,,,,,,,6.876315789473683e-07,9974,,,,,,,,,
65,,,,,,,,,,9974,0.03211699426174164,,,,,,,,
,,,,,,,,,6.869736842105262e-07,9979,,,,,,,,,
65,,,,,,,,,,9979,0.030887223780155182,,,,,,,,
,,,,,,,,,6.863157894736842e-07,9984,,,,,,,,,
65,,,,,,,,,,9984,0.05154707282781601,,,,,,,,
,,,,,,,,,6.856578947368421e-07,9989,,,,,,,,,
65,,,,,,,,,,9989,0.04110204055905342,,,,,,,,
,,,,,,,,,6.85e-07,9994,,,,,,,,,
65,,,,,,,,,,9994,0.02126055397093296,,,,,,,,
,,,,,,,,,6.843421052631578e-07,9999,,,,,,,,,
65,,,,,,,,,,9999,0.009464709088206291,,,,,,,,
,,,,,,,,,6.836842105263158e-07,10004,,,,,,,,,
65,,,,,,,,,,10004,0.04384174942970276,,,,,,,,
,,,,,,,,,6.830263157894737e-07,10009,,,,,,,,,
65,,,,,,,,,,10009,0.007389034144580364,,,,,,,,
,,,,,,,,,6.823684210526316e-07,10014,,,,,,,,,
65,,,,,,,,,,10014,0.019327403977513313,,,,,,,,
,,,,,,,,,6.817105263157894e-07,10019,,,,,,,,,
65,,,,,,,,,,10019,0.03265666589140892,,,,,,,,
,,,,,,,,,6.810526315789473e-07,10024,,,,,,,,,
65,,,,,,,,,,10024,0.057261984795331955,,,,,,,,
,,,,,,,,,6.803947368421053e-07,10029,,,,,,,,,
65,,,,,,,,,,10029,0.02638888917863369,,,,,,,,
65,,,,,,,,,,10031,,0.699999988079071,0.739130437374115,0.07113712280988693,0.07113712280988693,0.4428730010986328,0.739130437374115,0.739130437374115,0.46844902634620667
,,,,,,,,,6.797368421052632e-07,10034,,,,,,,,,
66,,,,,,,,,,10034,0.028549015522003174,,,,,,,,
,,,,,,,,,6.79078947368421e-07,10039,,,,,,,,,
66,,,,,,,,,,10039,0.01875394769012928,,,,,,,,
,,,,,,,,,6.784210526315789e-07,10044,,,,,,,,,
66,,,,,,,,,,10044,0.015977531671524048,,,,,,,,
,,,,,,,,,6.777631578947369e-07,10049,,,,,,,,,
66,,,,,,,,,,10049,0.039273086935281754,,,,,,,,
,,,,,,,,,6.771052631578948e-07,10054,,,,,,,,,
66,,,,,,,,,,10054,0.0251746978610754,,,,,,,,
,,,,,,,,,6.764473684210526e-07,10059,,,,,,,,,
66,,,,,,,,,,10059,0.061444565653800964,,,,,,,,
,,,,,,,,,6.757894736842104e-07,10064,,,,,,,,,
66,,,,,,,,,,10064,0.019623124971985817,,,,,,,,
,,,,,,,,,6.751315789473684e-07,10069,,,,,,,,,
66,,,,,,,,,,10069,0.015295533463358879,,,,,,,,
,,,,,,,,,6.744736842105263e-07,10074,,,,,,,,,
66,,,,,,,,,,10074,0.060243744403123856,,,,,,,,
,,,,,,,,,6.738157894736842e-07,10079,,,,,,,,,
66,,,,,,,,,,10079,0.028230736032128334,,,,,,,,
,,,,,,,,,6.73157894736842e-07,10084,,,,,,,,,
66,,,,,,,,,,10084,0.01600300893187523,,,,,,,,
,,,,,,,,,6.724999999999999e-07,10089,,,,,,,,,
66,,,,,,,,,,10089,0.020515497773885727,,,,,,,,
,,,,,,,,,6.718421052631579e-07,10094,,,,,,,,,
66,,,,,,,,,,10094,0.03828025981783867,,,,,,,,
,,,,,,,,,6.711842105263158e-07,10099,,,,,,,,,
66,,,,,,,,,,10099,0.015124266967177391,,,,,,,,
,,,,,,,,,6.705263157894736e-07,10104,,,,,,,,,
66,,,,,,,,,,10104,0.017825189977884293,,,,,,,,
,,,,,,,,,6.698684210526315e-07,10109,,,,,,,,,
66,,,,,,,,,,10109,0.029371904209256172,,,,,,,,
,,,,,,,,,6.692105263157895e-07,10114,,,,,,,,,
66,,,,,,,,,,10114,0.013516350649297237,,,,,,,,
,,,,,,,,,6.685526315789474e-07,10119,,,,,,,,,
66,,,,,,,,,,10119,0.015740498900413513,,,,,,,,
,,,,,,,,,6.678947368421052e-07,10124,,,,,,,,,
66,,,,,,,,,,10124,0.010929085314273834,,,,,,,,
,,,,,,,,,6.672368421052631e-07,10129,,,,,,,,,
66,,,,,,,,,,10129,0.020961875095963478,,,,,,,,
,,,,,,,,,6.66578947368421e-07,10134,,,,,,,,,
66,,,,,,,,,,10134,0.02467174269258976,,,,,,,,
,,,,,,,,,6.65921052631579e-07,10139,,,,,,,,,
66,,,,,,,,,,10139,0.03116787038743496,,,,,,,,
,,,,,,,,,6.652631578947369e-07,10144,,,,,,,,,
66,,,,,,,,,,10144,0.021133555099368095,,,,,,,,
,,,,,,,,,6.646052631578947e-07,10149,,,,,,,,,
66,,,,,,,,,,10149,0.030588431283831596,,,,,,,,
,,,,,,,,,6.639473684210526e-07,10154,,,,,,,,,
66,,,,,,,,,,10154,0.02017325907945633,,,,,,,,
,,,,,,,,,6.632894736842106e-07,10159,,,,,,,,,
66,,,,,,,,,,10159,0.010298579931259155,,,,,,,,
,,,,,,,,,6.626315789473685e-07,10164,,,,,,,,,
66,,,,,,,,,,10164,0.03446385636925697,,,,,,,,
,,,,,,,,,6.619736842105262e-07,10169,,,,,,,,,
66,,,,,,,,,,10169,0.06334177404642105,,,,,,,,
,,,,,,,,,6.613157894736841e-07,10174,,,,,,,,,
66,,,,,,,,,,10174,0.03520851954817772,,,,,,,,
,,,,,,,,,6.60657894736842e-07,10179,,,,,,,,,
66,,,,,,,,,,10179,0.012185092084109783,,,,,,,,
66,,,,,,,,,,10183,,0.7124999761581421,0.7526881694793701,0.0709121823310852,0.0709121823310852,0.4562179744243622,0.7446808218955994,0.760869562625885,0.465631902217865
,,,,,,,,,6.6e-07,10184,,,,,,,,,
67,,,,,,,,,,10184,0.014170287176966667,,,,,,,,
,,,,,,,,,6.593421052631578e-07,10189,,,,,,,,,
67,,,,,,,,,,10189,0.02953939698636532,,,,,,,,
,,,,,,,,,6.586842105263157e-07,10194,,,,,,,,,
67,,,,,,,,,,10194,0.03380266949534416,,,,,,,,
,,,,,,,,,6.580263157894736e-07,10199,,,,,,,,,
67,,,,,,,,,,10199,0.040003806352615356,,,,,,,,
,,,,,,,,,6.573684210526316e-07,10204,,,,,,,,,
67,,,,,,,,,,10204,0.018320424482226372,,,,,,,,
,,,,,,,,,6.567105263157895e-07,10209,,,,,,,,,
67,,,,,,,,,,10209,0.015692878514528275,,,,,,,,
,,,,,,,,,6.560526315789473e-07,10214,,,,,,,,,
67,,,,,,,,,,10214,0.010844556614756584,,,,,,,,
,,,,,,,,,6.553947368421052e-07,10219,,,,,,,,,
67,,,,,,,,,,10219,0.025337345898151398,,,,,,,,
,,,,,,,,,6.547368421052631e-07,10224,,,,,,,,,
67,,,,,,,,,,10224,0.016675064340233803,,,,,,,,
,,,,,,,,,6.540789473684211e-07,10229,,,,,,,,,
67,,,,,,,,,,10229,0.02399633452296257,,,,,,,,
,,,,,,,,,6.534210526315789e-07,10234,,,,,,,,,
67,,,,,,,,,,10234,0.03257482871413231,,,,,,,,
,,,,,,,,,6.527631578947368e-07,10239,,,,,,,,,
67,,,,,,,,,,10239,0.024964438751339912,,,,,,,,
,,,,,,,,,6.521052631578947e-07,10244,,,,,,,,,
67,,,,,,,,,,10244,0.014416959136724472,,,,,,,,
,,,,,,,,,6.514473684210527e-07,10249,,,,,,,,,
67,,,,,,,,,,10249,0.01716877706348896,,,,,,,,
,,,,,,,,,6.507894736842105e-07,10254,,,,,,,,,
67,,,,,,,,,,10254,0.00997961312532425,,,,,,,,
,,,,,,,,,6.501315789473684e-07,10259,,,,,,,,,
67,,,,,,,,,,10259,0.014551280997693539,,,,,,,,
,,,,,,,,,6.494736842105263e-07,10264,,,,,,,,,
67,,,,,,,,,,10264,0.013560016639530659,,,,,,,,
,,,,,,,,,6.488157894736843e-07,10269,,,,,,,,,
67,,,,,,,,,,10269,0.038758784532547,,,,,,,,
,,,,,,,,,6.481578947368422e-07,10274,,,,,,,,,
67,,,,,,,,,,10274,0.015020853839814663,,,,,,,,
,,,,,,,,,6.474999999999999e-07,10279,,,,,,,,,
67,,,,,,,,,,10279,0.02472921460866928,,,,,,,,
,,,,,,,,,6.468421052631578e-07,10284,,,,,,,,,
67,,,,,,,,,,10284,0.03708643093705177,,,,,,,,
,,,,,,,,,6.461842105263157e-07,10289,,,,,,,,,
67,,,,,,,,,,10289,0.02020835690200329,,,,,,,,
,,,,,,,,,6.455263157894737e-07,10294,,,,,,,,,
67,,,,,,,,,,10294,0.019873077049851418,,,,,,,,
,,,,,,,,,6.448684210526315e-07,10299,,,,,,,,,
67,,,,,,,,,,10299,0.01789148338139057,,,,,,,,
,,,,,,,,,6.442105263157894e-07,10304,,,,,,,,,
67,,,,,,,,,,10304,0.05317596346139908,,,,,,,,
,,,,,,,,,6.435526315789473e-07,10309,,,,,,,,,
67,,,,,,,,,,10309,0.04620550945401192,,,,,,,,
,,,,,,,,,6.428947368421053e-07,10314,,,,,,,,,
67,,,,,,,,,,10314,0.03667990863323212,,,,,,,,
,,,,,,,,,6.422368421052631e-07,10319,,,,,,,,,
67,,,,,,,,,,10319,0.05501542240381241,,,,,,,,
,,,,,,,,,6.41578947368421e-07,10324,,,,,,,,,
67,,,,,,,,,,10324,0.013482178561389446,,,,,,,,
,,,,,,,,,6.409210526315789e-07,10329,,,,,,,,,
67,,,,,,,,,,10329,0.028050048276782036,,,,,,,,
,,,,,,,,,6.402631578947368e-07,10334,,,,,,,,,
67,,,,,,,,,,10334,0.020579999312758446,,,,,,,,
67,,,,,,,,,,10335,,0.699999988079071,0.739130437374115,0.07001562416553497,0.07001562416553497,0.4572388827800751,0.739130437374115,0.739130437374115,0.46597230434417725
,,,,,,,,,6.396052631578948e-07,10339,,,,,,,,,
68,,,,,,,,,,10339,0.021949322894215584,,,,,,,,
,,,,,,,,,6.389473684210526e-07,10344,,,,,,,,,
68,,,,,,,,,,10344,0.039006661623716354,,,,,,,,
,,,,,,,,,6.382894736842105e-07,10349,,,,,,,,,
68,,,,,,,,,,10349,0.04414232075214386,,,,,,,,
,,,,,,,,,6.376315789473684e-07,10354,,,,,,,,,
68,,,,,,,,,,10354,0.017286501824855804,,,,,,,,
,,,,,,,,,6.369736842105264e-07,10359,,,,,,,,,
68,,,,,,,,,,10359,0.01669483818113804,,,,,,,,
,,,,,,,,,6.363157894736842e-07,10364,,,,,,,,,
68,,,,,,,,,,10364,0.0236025582998991,,,,,,,,
,,,,,,,,,6.356578947368421e-07,10369,,,,,,,,,
68,,,,,,,,,,10369,0.0063283247873187065,,,,,,,,
,,,,,,,,,6.35e-07,10374,,,,,,,,,
68,,,,,,,,,,10374,0.02252284623682499,,,,,,,,
,,,,,,,,,6.343421052631579e-07,10379,,,,,,,,,
68,,,,,,,,,,10379,0.01428958773612976,,,,,,,,
,,,,,,,,,6.336842105263157e-07,10384,,,,,,,,,
68,,,,,,,,,,10384,0.018771614879369736,,,,,,,,
,,,,,,,,,6.330263157894736e-07,10389,,,,,,,,,
68,,,,,,,,,,10389,0.022242318838834763,,,,,,,,
,,,,,,,,,6.323684210526315e-07,10394,,,,,,,,,
68,,,,,,,,,,10394,0.013872755691409111,,,,,,,,
,,,,,,,,,6.317105263157894e-07,10399,,,,,,,,,
68,,,,,,,,,,10399,0.018847627565264702,,,,,,,,
,,,,,,,,,6.310526315789474e-07,10404,,,,,,,,,
68,,,,,,,,,,10404,0.00979545433074236,,,,,,,,
,,,,,,,,,6.303947368421052e-07,10409,,,,,,,,,
68,,,,,,,,,,10409,0.01542661152780056,,,,,,,,
,,,,,,,,,6.297368421052631e-07,10414,,,,,,,,,
68,,,,,,,,,,10414,0.05896130949258804,,,,,,,,
,,,,,,,,,6.29078947368421e-07,10419,,,,,,,,,
68,,,,,,,,,,10419,0.039503276348114014,,,,,,,,
,,,,,,,,,6.284210526315789e-07,10424,,,,,,,,,
68,,,,,,,,,,10424,0.022270577028393745,,,,,,,,
,,,,,,,,,6.277631578947368e-07,10429,,,,,,,,,
68,,,,,,,,,,10429,0.04448549821972847,,,,,,,,
,,,,,,,,,6.271052631578947e-07,10434,,,,,,,,,
68,,,,,,,,,,10434,0.033847253769636154,,,,,,,,
,,,,,,,,,6.264473684210526e-07,10439,,,,,,,,,
68,,,,,,,,,,10439,0.08298683911561966,,,,,,,,
,,,,,,,,,6.257894736842105e-07,10444,,,,,,,,,
68,,,,,,,,,,10444,0.028258349746465683,,,,,,,,
,,,,,,,,,6.251315789473684e-07,10449,,,,,,,,,
68,,,,,,,,,,10449,0.019877515733242035,,,,,,,,
,,,,,,,,,6.244736842105263e-07,10454,,,,,,,,,
68,,,,,,,,,,10454,0.022266607731580734,,,,,,,,
,,,,,,,,,6.238157894736842e-07,10459,,,,,,,,,
68,,,,,,,,,,10459,0.017890091985464096,,,,,,,,
,,,,,,,,,6.231578947368421e-07,10464,,,,,,,,,
68,,,,,,,,,,10464,0.03761029615998268,,,,,,,,
,,,,,,,,,6.225000000000001e-07,10469,,,,,,,,,
68,,,,,,,,,,10469,0.024186478927731514,,,,,,,,
,,,,,,,,,6.218421052631579e-07,10474,,,,,,,,,
68,,,,,,,,,,10474,0.016759781166911125,,,,,,,,
,,,,,,,,,6.211842105263158e-07,10479,,,,,,,,,
68,,,,,,,,,,10479,0.02876897156238556,,,,,,,,
,,,,,,,,,6.205263157894737e-07,10484,,,,,,,,,
68,,,,,,,,,,10484,0.013707312755286694,,,,,,,,
68,,,,,,,,,,10487,,0.7250000238418579,0.7659574747085571,0.0711524486541748,0.0711524486541748,0.46436700224876404,0.75,0.782608687877655,0.4684255123138428
,,,,,,,,,6.198684210526316e-07,10489,,,,,,,,,
69,,,,,,,,,,10489,0.014780191704630852,,,,,,,,
,,,,,,,,,6.192105263157894e-07,10494,,,,,,,,,
69,,,,,,,,,,10494,0.00797589123249054,,,,,,,,
,,,,,,,,,6.185526315789473e-07,10499,,,,,,,,,
69,,,,,,,,,,10499,0.034212470054626465,,,,,,,,
,,,,,,,,,6.178947368421052e-07,10504,,,,,,,,,
69,,,,,,,,,,10504,0.015362897887825966,,,,,,,,
,,,,,,,,,6.172368421052631e-07,10509,,,,,,,,,
69,,,,,,,,,,10509,0.028330601751804352,,,,,,,,
,,,,,,,,,6.16578947368421e-07,10514,,,,,,,,,
69,,,,,,,,,,10514,0.04956076294183731,,,,,,,,
,,,,,,,,,6.159210526315789e-07,10519,,,,,,,,,
69,,,,,,,,,,10519,0.025848200544714928,,,,,,,,
,,,,,,,,,6.152631578947368e-07,10524,,,,,,,,,
69,,,,,,,,,,10524,0.016977962106466293,,,,,,,,
,,,,,,,,,6.146052631578947e-07,10529,,,,,,,,,
69,,,,,,,,,,10529,0.027705233544111252,,,,,,,,
,,,,,,,,,6.139473684210526e-07,10534,,,,,,,,,
69,,,,,,,,,,10534,0.013975398615002632,,,,,,,,
,,,,,,,,,6.132894736842105e-07,10539,,,,,,,,,
69,,,,,,,,,,10539,0.021899648010730743,,,,,,,,
,,,,,,,,,6.126315789473684e-07,10544,,,,,,,,,
69,,,,,,,,,,10544,0.01807617023587227,,,,,,,,
,,,,,,,,,6.119736842105263e-07,10549,,,,,,,,,
69,,,,,,,,,,10549,0.03554484620690346,,,,,,,,
,,,,,,,,,6.113157894736842e-07,10554,,,,,,,,,
69,,,,,,,,,,10554,0.015547619201242924,,,,,,,,
,,,,,,,,,6.106578947368421e-07,10559,,,,,,,,,
69,,,,,,,,,,10559,0.020367396995425224,,,,,,,,
,,,,,,,,,6.1e-07,10564,,,,,,,,,
69,,,,,,,,,,10564,0.04913586005568504,,,,,,,,
,,,,,,,,,6.093421052631579e-07,10569,,,,,,,,,
69,,,,,,,,,,10569,0.004168095998466015,,,,,,,,
,,,,,,,,,6.086842105263158e-07,10574,,,,,,,,,
69,,,,,,,,,,10574,0.0537988618016243,,,,,,,,
,,,,,,,,,6.080263157894736e-07,10579,,,,,,,,,
69,,,,,,,,,,10579,0.017129739746451378,,,,,,,,
,,,,,,,,,6.073684210526316e-07,10584,,,,,,,,,
69,,,,,,,,,,10584,0.0301199983805418,,,,,,,,
,,,,,,,,,6.067105263157895e-07,10589,,,,,,,,,
69,,,,,,,,,,10589,0.03761165961623192,,,,,,,,
,,,,,,,,,6.060526315789474e-07,10594,,,,,,,,,
69,,,,,,,,,,10594,0.031249884516000748,,,,,,,,
,,,,,,,,,6.053947368421051e-07,10599,,,,,,,,,
69,,,,,,,,,,10599,0.013171417638659477,,,,,,,,
,,,,,,,,,6.047368421052631e-07,10604,,,,,,,,,
69,,,,,,,,,,10604,0.01477905549108982,,,,,,,,
,,,,,,,,,6.04078947368421e-07,10609,,,,,,,,,
69,,,,,,,,,,10609,0.021063704043626785,,,,,,,,
,,,,,,,,,6.034210526315789e-07,10614,,,,,,,,,
69,,,,,,,,,,10614,0.00922921858727932,,,,,,,,
,,,,,,,,,6.027631578947368e-07,10619,,,,,,,,,
69,,,,,,,,,,10619,0.05168949440121651,,,,,,,,
,,,,,,,,,6.021052631578946e-07,10624,,,,,,,,,
69,,,,,,,,,,10624,0.036424119025468826,,,,,,,,
,,,,,,,,,6.014473684210526e-07,10629,,,,,,,,,
69,,,,,,,,,,10629,0.0321308895945549,,,,,,,,
,,,,,,,,,6.007894736842105e-07,10634,,,,,,,,,
69,,,,,,,,,,10634,0.03672085329890251,,,,,,,,
,,,,,,,,,6.001315789473684e-07,10639,,,,,,,,,
69,,,,,,,,,,10639,0.022569404914975166,,,,,,,,
69,,,,,,,,,,10639,,0.699999988079071,0.739130437374115,0.07194032520055771,0.07194032520055771,0.4468255043029785,0.739130437374115,0.739130437374115,0.4725690186023712
,,,,,,,,,5.994736842105262e-07,10644,,,,,,,,,
70,,,,,,,,,,10644,0.042379554361104965,,,,,,,,
,,,,,,,,,5.988157894736842e-07,10649,,,,,,,,,
70,,,,,,,,,,10649,0.037077244371175766,,,,,,,,
,,,,,,,,,5.981578947368421e-07,10654,,,,,,,,,
70,,,,,,,,,,10654,0.013125484809279442,,,,,,,,
,,,,,,,,,5.975e-07,10659,,,,,,,,,
70,,,,,,,,,,10659,0.06641150265932083,,,,,,,,
,,,,,,,,,5.968421052631578e-07,10664,,,,,,,,,
70,,,,,,,,,,10664,0.019755536690354347,,,,,,,,
,,,,,,,,,5.961842105263157e-07,10669,,,,,,,,,
70,,,,,,,,,,10669,0.02214984968304634,,,,,,,,
,,,,,,,,,5.955263157894737e-07,10674,,,,,,,,,
70,,,,,,,,,,10674,0.029441457241773605,,,,,,,,
,,,,,,,,,5.948684210526316e-07,10679,,,,,,,,,
70,,,,,,,,,,10679,0.003934795502573252,,,,,,,,
,,,,,,,,,5.942105263157895e-07,10684,,,,,,,,,
70,,,,,,,,,,10684,0.01363563071936369,,,,,,,,
,,,,,,,,,5.935526315789473e-07,10689,,,,,,,,,
70,,,,,,,,,,10689,0.052316609770059586,,,,,,,,
,,,,,,,,,5.928947368421053e-07,10694,,,,,,,,,
70,,,,,,,,,,10694,0.020403360947966576,,,,,,,,
,,,,,,,,,5.922368421052632e-07,10699,,,,,,,,,
70,,,,,,,,,,10699,0.06825322657823563,,,,,,,,
,,,,,,,,,5.915789473684211e-07,10704,,,,,,,,,
70,,,,,,,,,,10704,0.044294875115156174,,,,,,,,
,,,,,,,,,5.909210526315788e-07,10709,,,,,,,,,
70,,,,,,,,,,10709,0.016537241637706757,,,,,,,,
,,,,,,,,,5.902631578947368e-07,10714,,,,,,,,,
70,,,,,,,,,,10714,0.028463168069720268,,,,,,,,
,,,,,,,,,5.896052631578947e-07,10719,,,,,,,,,
70,,,,,,,,,,10719,0.022558948025107384,,,,,,,,
,,,,,,,,,5.889473684210526e-07,10724,,,,,,,,,
70,,,,,,,,,,10724,0.025178061798214912,,,,,,,,
,,,,,,,,,5.882894736842104e-07,10729,,,,,,,,,
70,,,,,,,,,,10729,0.03082791157066822,,,,,,,,
,,,,,,,,,5.876315789473683e-07,10734,,,,,,,,,
70,,,,,,,,,,10734,0.010980970226228237,,,,,,,,
,,,,,,,,,5.869736842105263e-07,10739,,,,,,,,,
70,,,,,,,,,,10739,0.05800330266356468,,,,,,,,
,,,,,,,,,5.863157894736842e-07,10744,,,,,,,,,
70,,,,,,,,,,10744,0.01204665657132864,,,,,,,,
,,,,,,,,,5.856578947368421e-07,10749,,,,,,,,,
70,,,,,,,,,,10749,0.0305534228682518,,,,,,,,
,,,,,,,,,5.849999999999999e-07,10754,,,,,,,,,
70,,,,,,,,,,10754,0.07004793733358383,,,,,,,,
,,,,,,,,,5.843421052631579e-07,10759,,,,,,,,,
70,,,,,,,,,,10759,0.008183932863175869,,,,,,,,
,,,,,,,,,5.836842105263158e-07,10764,,,,,,,,,
70,,,,,,,,,,10764,0.02143895998597145,,,,,,,,
,,,,,,,,,5.830263157894737e-07,10769,,,,,,,,,
70,,,,,,,,,,10769,0.021512668579816818,,,,,,,,
,,,,,,,,,5.823684210526315e-07,10774,,,,,,,,,
70,,,,,,,,,,10774,0.0036115318071097136,,,,,,,,
,,,,,,,,,5.817105263157894e-07,10779,,,,,,,,,
70,,,,,,,,,,10779,0.02283649332821369,,,,,,,,
,,,,,,,,,5.810526315789474e-07,10784,,,,,,,,,
70,,,,,,,,,,10784,0.014693314209580421,,,,,,,,
,,,,,,,,,5.803947368421053e-07,10789,,,,,,,,,
70,,,,,,,,,,10789,0.029593292623758316,,,,,,,,
70,,,,,,,,,,10791,,0.699999988079071,0.7446808218955994,0.07282261550426483,0.07282261550426483,0.46300220489501953,0.7291666865348816,0.760869562625885,0.4649980366230011
,,,,,,,,,5.797368421052631e-07,10794,,,,,,,,,
71,,,,,,,,,,10794,0.0390283428132534,,,,,,,,
,,,,,,,,,5.79078947368421e-07,10799,,,,,,,,,
71,,,,,,,,,,10799,0.023384390398859978,,,,,,,,
,,,,,,,,,5.78421052631579e-07,10804,,,,,,,,,
71,,,,,,,,,,10804,0.022541051730513573,,,,,,,,
,,,,,,,,,5.777631578947369e-07,10809,,,,,,,,,
71,,,,,,,,,,10809,0.015148136764764786,,,,,,,,
,,,,,,,,,5.771052631578948e-07,10814,,,,,,,,,
71,,,,,,,,,,10814,0.043881699442863464,,,,,,,,
,,,,,,,,,5.764473684210525e-07,10819,,,,,,,,,
71,,,,,,,,,,10819,0.013087046332657337,,,,,,,,
,,,,,,,,,5.757894736842104e-07,10824,,,,,,,,,
71,,,,,,,,,,10824,0.024250518530607224,,,,,,,,
,,,,,,,,,5.751315789473684e-07,10829,,,,,,,,,
71,,,,,,,,,,10829,0.01611476205289364,,,,,,,,
,,,,,,,,,5.744736842105263e-07,10834,,,,,,,,,
71,,,,,,,,,,10834,0.05041118338704109,,,,,,,,
,,,,,,,,,5.738157894736841e-07,10839,,,,,,,,,
71,,,,,,,,,,10839,0.015521692112088203,,,,,,,,
,,,,,,,,,5.73157894736842e-07,10844,,,,,,,,,
71,,,,,,,,,,10844,0.02055925875902176,,,,,,,,
,,,,,,,,,5.725e-07,10849,,,,,,,,,
71,,,,,,,,,,10849,0.013396098278462887,,,,,,,,
,,,,,,,,,5.718421052631579e-07,10854,,,,,,,,,
71,,,,,,,,,,10854,0.018748285248875618,,,,,,,,
,,,,,,,,,5.711842105263157e-07,10859,,,,,,,,,
71,,,,,,,,,,10859,0.03037068620324135,,,,,,,,
,,,,,,,,,5.705263157894736e-07,10864,,,,,,,,,
71,,,,,,,,,,10864,0.006578910164535046,,,,,,,,
,,,,,,,,,5.698684210526316e-07,10869,,,,,,,,,
71,,,,,,,,,,10869,0.00937399361282587,,,,,,,,
,,,,,,,,,5.692105263157895e-07,10874,,,,,,,,,
71,,,,,,,,,,10874,0.004074149765074253,,,,,,,,
,,,,,,,,,5.685526315789474e-07,10879,,,,,,,,,
71,,,,,,,,,,10879,0.015847038477659225,,,,,,,,
,,,,,,,,,5.678947368421052e-07,10884,,,,,,,,,
71,,,,,,,,,,10884,0.02321966551244259,,,,,,,,
,,,,,,,,,5.672368421052631e-07,10889,,,,,,,,,
71,,,,,,,,,,10889,0.005960760172456503,,,,,,,,
,,,,,,,,,5.665789473684211e-07,10894,,,,,,,,,
71,,,,,,,,,,10894,0.027831628918647766,,,,,,,,
,,,,,,,,,5.65921052631579e-07,10899,,,,,,,,,
71,,,,,,,,,,10899,0.02372020296752453,,,,,,,,
,,,,,,,,,5.652631578947368e-07,10904,,,,,,,,,
71,,,,,,,,,,10904,0.013781948015093803,,,,,,,,
,,,,,,,,,5.646052631578947e-07,10909,,,,,,,,,
71,,,,,,,,,,10909,0.008810633793473244,,,,,,,,
,,,,,,,,,5.639473684210527e-07,10914,,,,,,,,,
71,,,,,,,,,,10914,0.0432596355676651,,,,,,,,
,,,,,,,,,5.632894736842106e-07,10919,,,,,,,,,
71,,,,,,,,,,10919,0.022114675492048264,,,,,,,,
,,,,,,,,,5.626315789473684e-07,10924,,,,,,,,,
71,,,,,,,,,,10924,0.018708840012550354,,,,,,,,
,,,,,,,,,5.619736842105262e-07,10929,,,,,,,,,
71,,,,,,,,,,10929,0.02110196091234684,,,,,,,,
,,,,,,,,,5.613157894736841e-07,10934,,,,,,,,,
71,,,,,,,,,,10934,0.0035902229137718678,,,,,,,,
,,,,,,,,,5.606578947368421e-07,10939,,,,,,,,,
71,,,,,,,,,,10939,0.026682173833251,,,,,,,,
71,,,,,,,,,,10943,,0.699999988079071,0.7333333492279053,0.07071153819561005,0.07071153819561005,0.45678088068962097,0.75,0.717391312122345,0.4741418957710266
,,,,,,,,,5.6e-07,10944,,,,,,,,,
72,,,,,,,,,,10944,0.02127739228308201,,,,,,,,
,,,,,,,,,5.593421052631578e-07,10949,,,,,,,,,
72,,,,,,,,,,10949,0.011460304260253906,,,,,,,,
,,,,,,,,,5.586842105263157e-07,10954,,,,,,,,,
72,,,,,,,,,,10954,0.02886045165359974,,,,,,,,
,,,,,,,,,5.580263157894737e-07,10959,,,,,,,,,
72,,,,,,,,,,10959,0.02955402247607708,,,,,,,,
,,,,,,,,,5.573684210526316e-07,10964,,,,,,,,,
72,,,,,,,,,,10964,0.013053427450358868,,,,,,,,
,,,,,,,,,5.567105263157894e-07,10969,,,,,,,,,
72,,,,,,,,,,10969,0.020461363717913628,,,,,,,,
,,,,,,,,,5.560526315789473e-07,10974,,,,,,,,,
72,,,,,,,,,,10974,0.028222208842635155,,,,,,,,
,,,,,,,,,5.553947368421052e-07,10979,,,,,,,,,
72,,,,,,,,,,10979,0.018982095643877983,,,,,,,,
,,,,,,,,,5.547368421052632e-07,10984,,,,,,,,,
72,,,,,,,,,,10984,0.0102055249735713,,,,,,,,
,,,,,,,,,5.54078947368421e-07,10989,,,,,,,,,
72,,,,,,,,,,10989,0.01744057983160019,,,,,,,,
,,,,,,,,,5.534210526315789e-07,10994,,,,,,,,,
72,,,,,,,,,,10994,0.01258542574942112,,,,,,,,
,,,,,,,,,5.527631578947368e-07,10999,,,,,,,,,
72,,,,,,,,,,10999,0.02016054093837738,,,,,,,,
,,,,,,,,,5.521052631578948e-07,11004,,,,,,,,,
72,,,,,,,,,,11004,0.02773830108344555,,,,,,,,
,,,,,,,,,5.514473684210527e-07,11009,,,,,,,,,
72,,,,,,,,,,11009,0.02908540889620781,,,,,,,,
,,,,,,,,,5.507894736842105e-07,11014,,,,,,,,,
72,,,,,,,,,,11014,0.0360572375357151,,,,,,,,
,,,,,,,,,5.501315789473684e-07,11019,,,,,,,,,
72,,,,,,,,,,11019,0.008837372995913029,,,,,,,,
,,,,,,,,,5.494736842105263e-07,11024,,,,,,,,,
72,,,,,,,,,,11024,0.015276085585355759,,,,,,,,
,,,,,,,,,5.488157894736843e-07,11029,,,,,,,,,
72,,,,,,,,,,11029,0.027515778318047523,,,,,,,,
,,,,,,,,,5.48157894736842e-07,11034,,,,,,,,,
72,,,,,,,,,,11034,0.033884529024362564,,,,,,,,
,,,,,,,,,5.474999999999999e-07,11039,,,,,,,,,
72,,,,,,,,,,11039,0.013484769500792027,,,,,,,,
,,,,,,,,,5.468421052631578e-07,11044,,,,,,,,,
72,,,,,,,,,,11044,0.023805083706974983,,,,,,,,
,,,,,,,,,5.461842105263158e-07,11049,,,,,,,,,
72,,,,,,,,,,11049,0.032971128821372986,,,,,,,,
,,,,,,,,,5.455263157894736e-07,11054,,,,,,,,,
72,,,,,,,,,,11054,0.009383821859955788,,,,,,,,
,,,,,,,,,5.448684210526315e-07,11059,,,,,,,,,
72,,,,,,,,,,11059,0.009490825235843658,,,,,,,,
,,,,,,,,,5.442105263157894e-07,11064,,,,,,,,,
72,,,,,,,,,,11064,0.04540959373116493,,,,,,,,
,,,,,,,,,5.435526315789474e-07,11069,,,,,,,,,
72,,,,,,,,,,11069,0.027442364022135735,,,,,,,,
,,,,,,,,,5.428947368421052e-07,11074,,,,,,,,,
72,,,,,,,,,,11074,0.03253478184342384,,,,,,,,
,,,,,,,,,5.422368421052631e-07,11079,,,,,,,,,
72,,,,,,,,,,11079,0.017052797600626945,,,,,,,,
,,,,,,,,,5.41578947368421e-07,11084,,,,,,,,,
72,,,,,,,,,,11084,0.0438484363257885,,,,,,,,
,,,,,,,,,5.409210526315789e-07,11089,,,,,,,,,
72,,,,,,,,,,11089,0.02896612137556076,,,,,,,,
,,,,,,,,,5.402631578947369e-07,11094,,,,,,,,,
72,,,,,,,,,,11094,0.012339442037045956,,,,,,,,
72,,,,,,,,,,11095,,0.7124999761581421,0.75789475440979,0.07306663691997528,0.07306663691997528,0.4728681147098541,0.7346938848495483,0.782608687877655,0.4716652035713196
,,,,,,,,,5.396052631578947e-07,11099,,,,,,,,,
73,,,,,,,,,,11099,0.02777322381734848,,,,,,,,
,,,,,,,,,5.389473684210526e-07,11104,,,,,,,,,
73,,,,,,,,,,11104,0.010327220894396305,,,,,,,,
,,,,,,,,,5.382894736842105e-07,11109,,,,,,,,,
73,,,,,,,,,,11109,0.031045295298099518,,,,,,,,
,,,,,,,,,5.376315789473685e-07,11114,,,,,,,,,
73,,,,,,,,,,11114,0.024535436183214188,,,,,,,,
,,,,,,,,,5.369736842105263e-07,11119,,,,,,,,,
73,,,,,,,,,,11119,0.02148689143359661,,,,,,,,
,,,,,,,,,5.363157894736842e-07,11124,,,,,,,,,
73,,,,,,,,,,11124,0.025404928252100945,,,,,,,,
,,,,,,,,,5.356578947368421e-07,11129,,,,,,,,,
73,,,,,,,,,,11129,0.03706767037510872,,,,,,,,
,,,,,,,,,5.35e-07,11134,,,,,,,,,
73,,,,,,,,,,11134,0.012813384644687176,,,,,,,,
,,,,,,,,,5.343421052631579e-07,11139,,,,,,,,,
73,,,,,,,,,,11139,0.033268969506025314,,,,,,,,
,,,,,,,,,5.336842105263158e-07,11144,,,,,,,,,
73,,,,,,,,,,11144,0.012422888539731503,,,,,,,,
,,,,,,,,,5.330263157894736e-07,11149,,,,,,,,,
73,,,,,,,,,,11149,0.00989444088190794,,,,,,,,
,,,,,,,,,5.323684210526315e-07,11154,,,,,,,,,
73,,,,,,,,,,11154,0.024881890043616295,,,,,,,,
,,,,,,,,,5.317105263157895e-07,11159,,,,,,,,,
73,,,,,,,,,,11159,0.034759439527988434,,,,,,,,
,,,,,,,,,5.310526315789473e-07,11164,,,,,,,,,
73,,,,,,,,,,11164,0.006582476664334536,,,,,,,,
,,,,,,,,,5.303947368421052e-07,11169,,,,,,,,,
73,,,,,,,,,,11169,0.046471040695905685,,,,,,,,
,,,,,,,,,5.297368421052631e-07,11174,,,,,,,,,
73,,,,,,,,,,11174,0.005458521656692028,,,,,,,,
,,,,,,,,,5.29078947368421e-07,11179,,,,,,,,,
73,,,,,,,,,,11179,0.018847597762942314,,,,,,,,
,,,,,,,,,5.284210526315789e-07,11184,,,,,,,,,
73,,,,,,,,,,11184,0.03546693176031113,,,,,,,,
,,,,,,,,,5.277631578947368e-07,11189,,,,,,,,,
73,,,,,,,,,,11189,0.015607215464115143,,,,,,,,
,,,,,,,,,5.271052631578947e-07,11194,,,,,,,,,
73,,,,,,,,,,11194,0.024271853268146515,,,,,,,,
,,,,,,,,,5.264473684210526e-07,11199,,,,,,,,,
73,,,,,,,,,,11199,0.007896707393229008,,,,,,,,
,,,,,,,,,5.257894736842105e-07,11204,,,,,,,,,
73,,,,,,,,,,11204,0.008467884734272957,,,,,,,,
,,,,,,,,,5.251315789473684e-07,11209,,,,,,,,,
73,,,,,,,,,,11209,0.0389438159763813,,,,,,,,
,,,,,,,,,5.244736842105263e-07,11214,,,,,,,,,
73,,,,,,,,,,11214,0.04136067256331444,,,,,,,,
,,,,,,,,,5.238157894736842e-07,11219,,,,,,,,,
73,,,,,,,,,,11219,0.010974341072142124,,,,,,,,
,,,,,,,,,5.231578947368422e-07,11224,,,,,,,,,
73,,,,,,,,,,11224,0.01859123818576336,,,,,,,,
,,,,,,,,,5.225e-07,11229,,,,,,,,,
73,,,,,,,,,,11229,0.05580008029937744,,,,,,,,
,,,,,,,,,5.218421052631579e-07,11234,,,,,,,,,
73,,,,,,,,,,11234,0.02232690155506134,,,,,,,,
,,,,,,,,,5.211842105263158e-07,11239,,,,,,,,,
73,,,,,,,,,,11239,0.010352381505072117,,,,,,,,
,,,,,,,,,5.205263157894737e-07,11244,,,,,,,,,
73,,,,,,,,,,11244,0.04730992019176483,,,,,,,,
73,,,,,,,,,,11247,,0.7124999761581421,0.7472527623176575,0.07141479104757309,0.07141479104757309,0.45897120237350464,0.7555555701255798,0.739130437374115,0.4716417193412781
,,,,,,,,,5.198684210526316e-07,11249,,,,,,,,,
74,,,,,,,,,,11249,0.023449454456567764,,,,,,,,
,,,,,,,,,5.192105263157895e-07,11254,,,,,,,,,
74,,,,,,,,,,11254,0.020106203854084015,,,,,,,,
,,,,,,,,,5.185526315789473e-07,11259,,,,,,,,,
74,,,,,,,,,,11259,0.03297294303774834,,,,,,,,
,,,,,,,,,5.178947368421052e-07,11264,,,,,,,,,
74,,,,,,,,,,11264,0.035342682152986526,,,,,,,,
,,,,,,,,,5.17236842105263e-07,11269,,,,,,,,,
74,,,,,,,,,,11269,0.019620250910520554,,,,,,,,
,,,,,,,,,5.16578947368421e-07,11274,,,,,,,,,
74,,,,,,,,,,11274,0.022595597431063652,,,,,,,,
,,,,,,,,,5.159210526315789e-07,11279,,,,,,,,,
74,,,,,,,,,,11279,0.03274960070848465,,,,,,,,
,,,,,,,,,5.152631578947368e-07,11284,,,,,,,,,
74,,,,,,,,,,11284,0.010406740009784698,,,,,,,,
,,,,,,,,,5.146052631578947e-07,11289,,,,,,,,,
74,,,,,,,,,,11289,0.026668140664696693,,,,,,,,
,,,,,,,,,5.139473684210526e-07,11294,,,,,,,,,
74,,,,,,,,,,11294,0.036539722234010696,,,,,,,,
,,,,,,,,,5.132894736842105e-07,11299,,,,,,,,,
74,,,,,,,,,,11299,0.022579694166779518,,,,,,,,
,,,,,,,,,5.126315789473684e-07,11304,,,,,,,,,
74,,,,,,,,,,11304,0.027846870943903923,,,,,,,,
,,,,,,,,,5.119736842105263e-07,11309,,,,,,,,,
74,,,,,,,,,,11309,0.0484078973531723,,,,,,,,
,,,,,,,,,5.113157894736842e-07,11314,,,,,,,,,
74,,,,,,,,,,11314,0.02140752784907818,,,,,,,,
,,,,,,,,,5.106578947368421e-07,11319,,,,,,,,,
74,,,,,,,,,,11319,0.02135016955435276,,,,,,,,
,,,,,,,,,5.1e-07,11324,,,,,,,,,
74,,,,,,,,,,11324,0.026770610362291336,,,,,,,,
,,,,,,,,,5.093421052631579e-07,11329,,,,,,,,,
74,,,,,,,,,,11329,0.02074182592332363,,,,,,,,
,,,,,,,,,5.086842105263157e-07,11334,,,,,,,,,
74,,,,,,,,,,11334,0.03873082622885704,,,,,,,,
,,,,,,,,,5.080263157894737e-07,11339,,,,,,,,,
74,,,,,,,,,,11339,0.0232542734593153,,,,,,,,
,,,,,,,,,5.073684210526316e-07,11344,,,,,,,,,
74,,,,,,,,,,11344,0.055949434638023376,,,,,,,,
,,,,,,,,,5.067105263157895e-07,11349,,,,,,,,,
74,,,,,,,,,,11349,0.019680382683873177,,,,,,,,
,,,,,,,,,5.060526315789474e-07,11354,,,,,,,,,
74,,,,,,,,,,11354,0.03898456320166588,,,,,,,,
,,,,,,,,,5.053947368421053e-07,11359,,,,,,,,,
74,,,,,,,,,,11359,0.028870122507214546,,,,,,,,
,,,,,,,,,5.047368421052632e-07,11364,,,,,,,,,
74,,,,,,,,,,11364,0.03392612561583519,,,,,,,,
,,,,,,,,,5.04078947368421e-07,11369,,,,,,,,,
74,,,,,,,,,,11369,0.07336008548736572,,,,,,,,
,,,,,,,,,5.034210526315789e-07,11374,,,,,,,,,
74,,,,,,,,,,11374,0.02536585181951523,,,,,,,,
,,,,,,,,,5.027631578947367e-07,11379,,,,,,,,,
74,,,,,,,,,,11379,0.012326579540967941,,,,,,,,
,,,,,,,,,5.021052631578947e-07,11384,,,,,,,,,
74,,,,,,,,,,11384,0.006801971234381199,,,,,,,,
,,,,,,,,,5.014473684210526e-07,11389,,,,,,,,,
74,,,,,,,,,,11389,0.023781387135386467,,,,,,,,
,,,,,,,,,5.007894736842105e-07,11394,,,,,,,,,
74,,,,,,,,,,11394,0.004015925340354443,,,,,,,,
,,,,,,,,,5.001315789473683e-07,11399,,,,,,,,,
74,,,,,,,,,,11399,0.011476301588118076,,,,,,,,
74,,,,,,,,,,11399,,0.6875,0.7252747416496277,0.07242652028799057,0.07242652028799057,0.4509887993335724,0.7333333492279053,0.717391312122345,0.47367238998413086
,,,,,,,,,4.994736842105263e-07,11404,,,,,,,,,
75,,,,,,,,,,11404,0.01714816875755787,,,,,,,,
,,,,,,,,,4.988157894736842e-07,11409,,,,,,,,,
75,,,,,,,,,,11409,0.026406163349747658,,,,,,,,
,,,,,,,,,4.981578947368421e-07,11414,,,,,,,,,
75,,,,,,,,,,11414,0.04023544117808342,,,,,,,,
,,,,,,,,,4.975e-07,11419,,,,,,,,,
75,,,,,,,,,,11419,0.02206958457827568,,,,,,,,
,,,,,,,,,4.968421052631579e-07,11424,,,,,,,,,
75,,,,,,,,,,11424,0.023182107135653496,,,,,,,,
,,,,,,,,,4.961842105263158e-07,11429,,,,,,,,,
75,,,,,,,,,,11429,0.012491653673350811,,,,,,,,
,,,,,,,,,4.955263157894737e-07,11434,,,,,,,,,
75,,,,,,,,,,11434,0.032946549355983734,,,,,,,,
,,,,,,,,,4.948684210526316e-07,11439,,,,,,,,,
75,,,,,,,,,,11439,0.05258289724588394,,,,,,,,
,,,,,,,,,4.942105263157895e-07,11444,,,,,,,,,
75,,,,,,,,,,11444,0.0498221181333065,,,,,,,,
,,,,,,,,,4.935526315789474e-07,11449,,,,,,,,,
75,,,,,,,,,,11449,0.013971056789159775,,,,,,,,
,,,,,,,,,4.928947368421053e-07,11454,,,,,,,,,
75,,,,,,,,,,11454,0.015598791651427746,,,,,,,,
,,,,,,,,,4.922368421052632e-07,11459,,,,,,,,,
75,,,,,,,,,,11459,0.055758487433195114,,,,,,,,
,,,,,,,,,4.915789473684211e-07,11464,,,,,,,,,
75,,,,,,,,,,11464,0.028101807460188866,,,,,,,,
,,,,,,,,,4.909210526315789e-07,11469,,,,,,,,,
75,,,,,,,,,,11469,0.015453577041625977,,,,,,,,
,,,,,,,,,4.902631578947369e-07,11474,,,,,,,,,
75,,,,,,,,,,11474,0.021364111453294754,,,,,,,,
,,,,,,,,,4.896052631578946e-07,11479,,,,,,,,,
75,,,,,,,,,,11479,0.013938367366790771,,,,,,,,
,,,,,,,,,4.889473684210526e-07,11484,,,,,,,,,
75,,,,,,,,,,11484,0.011325894854962826,,,,,,,,
,,,,,,,,,4.882894736842105e-07,11489,,,,,,,,,
75,,,,,,,,,,11489,0.01686047576367855,,,,,,,,
,,,,,,,,,4.876315789473684e-07,11494,,,,,,,,,
75,,,,,,,,,,11494,0.04154070466756821,,,,,,,,
,,,,,,,,,4.869736842105263e-07,11499,,,,,,,,,
75,,,,,,,,,,11499,0.014119845815002918,,,,,,,,
,,,,,,,,,4.863157894736842e-07,11504,,,,,,,,,
75,,,,,,,,,,11504,0.041672468185424805,,,,,,,,
,,,,,,,,,4.856578947368421e-07,11509,,,,,,,,,
75,,,,,,,,,,11509,0.008556507527828217,,,,,,,,
,,,,,,,,,4.85e-07,11514,,,,,,,,,
75,,,,,,,,,,11514,0.04076223075389862,,,,,,,,
,,,,,,,,,4.843421052631579e-07,11519,,,,,,,,,
75,,,,,,,,,,11519,0.024372735992074013,,,,,,,,
,,,,,,,,,4.836842105263157e-07,11524,,,,,,,,,
75,,,,,,,,,,11524,0.008502361364662647,,,,,,,,
,,,,,,,,,4.830263157894737e-07,11529,,,,,,,,,
75,,,,,,,,,,11529,0.025888411328196526,,,,,,,,
,,,,,,,,,4.823684210526315e-07,11534,,,,,,,,,
75,,,,,,,,,,11534,0.041736215353012085,,,,,,,,
,,,,,,,,,4.817105263157895e-07,11539,,,,,,,,,
75,,,,,,,,,,11539,0.036346517503261566,,,,,,,,
,,,,,,,,,4.810526315789473e-07,11544,,,,,,,,,
75,,,,,,,,,,11544,0.026289591565728188,,,,,,,,
,,,,,,,,,4.803947368421053e-07,11549,,,,,,,,,
75,,,,,,,,,,11549,0.012537012808024883,,,,,,,,
75,,,,,,,,,,11551,,0.7124999761581421,0.7526881694793701,0.07165065407752991,0.07165065407752991,0.46423280239105225,0.7446808218955994,0.760869562625885,0.4787079393863678
,,,,,,,,,4.797368421052632e-07,11554,,,,,,,,,
76,,,,,,,,,,11554,0.0219329334795475,,,,,,,,
,,,,,,,,,4.790789473684211e-07,11559,,,,,,,,,
76,,,,,,,,,,11559,0.031712666153907776,,,,,,,,
,,,,,,,,,4.78421052631579e-07,11564,,,,,,,,,
76,,,,,,,,,,11564,0.04494519531726837,,,,,,,,
,,,,,,,,,4.777631578947369e-07,11569,,,,,,,,,
76,,,,,,,,,,11569,0.027515150606632233,,,,,,,,
,,,,,,,,,4.771052631578948e-07,11574,,,,,,,,,
76,,,,,,,,,,11574,0.030606433749198914,,,,,,,,
,,,,,,,,,4.764473684210526e-07,11579,,,,,,,,,
76,,,,,,,,,,11579,0.017461853101849556,,,,,,,,
,,,,,,,,,4.757894736842105e-07,11584,,,,,,,,,
76,,,,,,,,,,11584,0.014575386419892311,,,,,,,,
,,,,,,,,,4.751315789473684e-07,11589,,,,,,,,,
76,,,,,,,,,,11589,0.03642220422625542,,,,,,,,
,,,,,,,,,4.744736842105263e-07,11594,,,,,,,,,
76,,,,,,,,,,11594,0.018732750788331032,,,,,,,,
,,,,,,,,,4.738157894736842e-07,11599,,,,,,,,,
76,,,,,,,,,,11599,0.02619224227964878,,,,,,,,
,,,,,,,,,4.731578947368421e-07,11604,,,,,,,,,
76,,,,,,,,,,11604,0.013726839795708656,,,,,,,,
,,,,,,,,,4.725e-07,11609,,,,,,,,,
76,,,,,,,,,,11609,0.005660024471580982,,,,,,,,
,,,,,,,,,4.7184210526315787e-07,11614,,,,,,,,,
76,,,,,,,,,,11614,0.015112454071640968,,,,,,,,
,,,,,,,,,4.711842105263158e-07,11619,,,,,,,,,
76,,,,,,,,,,11619,0.024581803008913994,,,,,,,,
,,,,,,,,,4.7052631578947366e-07,11624,,,,,,,,,
76,,,,,,,,,,11624,0.007760495413094759,,,,,,,,
,,,,,,,,,4.6986842105263156e-07,11629,,,,,,,,,
76,,,,,,,,,,11629,0.0333024263381958,,,,,,,,
,,,,,,,,,4.6921052631578945e-07,11634,,,,,,,,,
76,,,,,,,,,,11634,0.008009323850274086,,,,,,,,
,,,,,,,,,4.6855263157894735e-07,11639,,,,,,,,,
76,,,,,,,,,,11639,0.026905452832579613,,,,,,,,
,,,,,,,,,4.6789473684210524e-07,11644,,,,,,,,,
76,,,,,,,,,,11644,0.0072304196655750275,,,,,,,,
,,,,,,,,,4.6723684210526314e-07,11649,,,,,,,,,
76,,,,,,,,,,11649,0.013274461962282658,,,,,,,,
,,,,,,,,,4.6657894736842104e-07,11654,,,,,,,,,
76,,,,,,,,,,11654,0.006927031092345715,,,,,,,,
,,,,,,,,,4.6592105263157893e-07,11659,,,,,,,,,
76,,,,,,,,,,11659,0.011165907606482506,,,,,,,,
,,,,,,,,,4.652631578947368e-07,11664,,,,,,,,,
76,,,,,,,,,,11664,0.021178359165787697,,,,,,,,
,,,,,,,,,4.646052631578947e-07,11669,,,,,,,,,
76,,,,,,,,,,11669,0.03756633400917053,,,,,,,,
,,,,,,,,,4.6394736842105256e-07,11674,,,,,,,,,
76,,,,,,,,,,11674,0.058553729206323624,,,,,,,,
,,,,,,,,,4.632894736842105e-07,11679,,,,,,,,,
76,,,,,,,,,,11679,0.043321527540683746,,,,,,,,
,,,,,,,,,4.6263157894736835e-07,11684,,,,,,,,,
76,,,,,,,,,,11684,0.02724585495889187,,,,,,,,
,,,,,,,,,4.619736842105263e-07,11689,,,,,,,,,
76,,,,,,,,,,11689,0.033110201358795166,,,,,,,,
,,,,,,,,,4.613157894736842e-07,11694,,,,,,,,,
76,,,,,,,,,,11694,0.014714311808347702,,,,,,,,
,,,,,,,,,4.606578947368421e-07,11699,,,,,,,,,
76,,,,,,,,,,11699,0.02800922282040119,,,,,,,,
76,,,,,,,,,,11703,,0.7124999761581421,0.7526881694793701,0.07311668992042542,0.07311668992042542,0.45386192202568054,0.7446808218955994,0.760869562625885,0.4675803780555725
,,,,,,,,,4.6e-07,11704,,,,,,,,,
77,,,,,,,,,,11704,0.011887592263519764,,,,,,,,
,,,,,,,,,4.593421052631579e-07,11709,,,,,,,,,
77,,,,,,,,,,11709,0.02765476331114769,,,,,,,,
,,,,,,,,,4.586842105263158e-07,11714,,,,,,,,,
77,,,,,,,,,,11714,0.018698032945394516,,,,,,,,
,,,,,,,,,4.580263157894736e-07,11719,,,,,,,,,
77,,,,,,,,,,11719,0.019562652334570885,,,,,,,,
,,,,,,,,,4.5736842105263157e-07,11724,,,,,,,,,
77,,,,,,,,,,11724,0.011538206599652767,,,,,,,,
,,,,,,,,,4.567105263157894e-07,11729,,,,,,,,,
77,,,,,,,,,,11729,0.030270475894212723,,,,,,,,
,,,,,,,,,4.5605263157894736e-07,11734,,,,,,,,,
77,,,,,,,,,,11734,0.025295618921518326,,,,,,,,
,,,,,,,,,4.553947368421052e-07,11739,,,,,,,,,
77,,,,,,,,,,11739,0.049606822431087494,,,,,,,,
,,,,,,,,,4.5473684210526315e-07,11744,,,,,,,,,
77,,,,,,,,,,11744,0.01906990446150303,,,,,,,,
,,,,,,,,,4.54078947368421e-07,11749,,,,,,,,,
77,,,,,,,,,,11749,0.04237179085612297,,,,,,,,
,,,,,,,,,4.5342105263157894e-07,11754,,,,,,,,,
77,,,,,,,,,,11754,0.016644785180687904,,,,,,,,
,,,,,,,,,4.5276315789473684e-07,11759,,,,,,,,,
77,,,,,,,,,,11759,0.02185945399105549,,,,,,,,
,,,,,,,,,4.5210526315789474e-07,11764,,,,,,,,,
77,,,,,,,,,,11764,0.017405714839696884,,,,,,,,
,,,,,,,,,4.5144736842105263e-07,11769,,,,,,,,,
77,,,,,,,,,,11769,0.019886579364538193,,,,,,,,
,,,,,,,,,4.5078947368421047e-07,11774,,,,,,,,,
77,,,,,,,,,,11774,0.020541537553071976,,,,,,,,
,,,,,,,,,4.501315789473684e-07,11779,,,,,,,,,
77,,,,,,,,,,11779,0.013489071279764175,,,,,,,,
,,,,,,,,,4.4947368421052626e-07,11784,,,,,,,,,
77,,,,,,,,,,11784,0.01595548912882805,,,,,,,,
,,,,,,,,,4.488157894736842e-07,11789,,,,,,,,,
77,,,,,,,,,,11789,0.045628663152456284,,,,,,,,
,,,,,,,,,4.4815789473684206e-07,11794,,,,,,,,,
77,,,,,,,,,,11794,0.004371252842247486,,,,,,,,
,,,,,,,,,4.475e-07,11799,,,,,,,,,
77,,,,,,,,,,11799,0.020494164898991585,,,,,,,,
,,,,,,,,,4.4684210526315785e-07,11804,,,,,,,,,
77,,,,,,,,,,11804,0.022457625716924667,,,,,,,,
,,,,,,,,,4.461842105263158e-07,11809,,,,,,,,,
77,,,,,,,,,,11809,0.051531773060560226,,,,,,,,
,,,,,,,,,4.4552631578947364e-07,11814,,,,,,,,,
77,,,,,,,,,,11814,0.028219252824783325,,,,,,,,
,,,,,,,,,4.448684210526316e-07,11819,,,,,,,,,
77,,,,,,,,,,11819,0.03195760026574135,,,,,,,,
,,,,,,,,,4.442105263157895e-07,11824,,,,,,,,,
77,,,,,,,,,,11824,0.01780959963798523,,,,,,,,
,,,,,,,,,4.435526315789473e-07,11829,,,,,,,,,
77,,,,,,,,,,11829,0.006644309964030981,,,,,,,,
,,,,,,,,,4.4289473684210527e-07,11834,,,,,,,,,
77,,,,,,,,,,11834,0.02673749439418316,,,,,,,,
,,,,,,,,,4.422368421052631e-07,11839,,,,,,,,,
77,,,,,,,,,,11839,0.0525367371737957,,,,,,,,
,,,,,,,,,4.4157894736842106e-07,11844,,,,,,,,,
77,,,,,,,,,,11844,0.018085721880197525,,,,,,,,
,,,,,,,,,4.409210526315789e-07,11849,,,,,,,,,
77,,,,,,,,,,11849,0.02887146919965744,,,,,,,,
,,,,,,,,,4.4026315789473685e-07,11854,,,,,,,,,
77,,,,,,,,,,11854,0.026186667382717133,,,,,,,,
77,,,,,,,,,,11855,,0.7250000238418579,0.760869562625885,0.07131616771221161,0.07131616771221161,0.46617960929870605,0.760869562625885,0.760869562625885,0.48361441493034363
,,,,,,,,,4.396052631578947e-07,11859,,,,,,,,,
78,,,,,,,,,,11859,0.01092990580946207,,,,,,,,
,,,,,,,,,4.3894736842105264e-07,11864,,,,,,,,,
78,,,,,,,,,,11864,0.011077535338699818,,,,,,,,
,,,,,,,,,4.382894736842105e-07,11869,,,,,,,,,
78,,,,,,,,,,11869,0.024816768243908882,,,,,,,,
,,,,,,,,,4.376315789473684e-07,11874,,,,,,,,,
78,,,,,,,,,,11874,0.0270664244890213,,,,,,,,
,,,,,,,,,4.369736842105263e-07,11879,,,,,,,,,
78,,,,,,,,,,11879,0.018050041049718857,,,,,,,,
,,,,,,,,,4.3631578947368417e-07,11884,,,,,,,,,
78,,,,,,,,,,11884,0.07075781375169754,,,,,,,,
,,,,,,,,,4.356578947368421e-07,11889,,,,,,,,,
78,,,,,,,,,,11889,0.02037728950381279,,,,,,,,
,,,,,,,,,4.3499999999999996e-07,11894,,,,,,,,,
78,,,,,,,,,,11894,0.014837033115327358,,,,,,,,
,,,,,,,,,4.343421052631579e-07,11899,,,,,,,,,
78,,,,,,,,,,11899,0.015708938241004944,,,,,,,,
,,,,,,,,,4.3368421052631576e-07,11904,,,,,,,,,
78,,,,,,,,,,11904,0.025391919538378716,,,,,,,,
,,,,,,,,,4.330263157894737e-07,11909,,,,,,,,,
78,,,,,,,,,,11909,0.031653642654418945,,,,,,,,
,,,,,,,,,4.3236842105263155e-07,11914,,,,,,,,,
78,,,,,,,,,,11914,0.028850123286247253,,,,,,,,
,,,,,,,,,4.317105263157895e-07,11919,,,,,,,,,
78,,,,,,,,,,11919,0.04867548868060112,,,,,,,,
,,,,,,,,,4.3105263157894734e-07,11924,,,,,,,,,
78,,,,,,,,,,11924,0.044584982097148895,,,,,,,,
,,,,,,,,,4.3039473684210523e-07,11929,,,,,,,,,
78,,,,,,,,,,11929,0.004420311190187931,,,,,,,,
,,,,,,,,,4.2973684210526313e-07,11934,,,,,,,,,
78,,,,,,,,,,11934,0.026067858561873436,,,,,,,,
,,,,,,,,,4.29078947368421e-07,11939,,,,,,,,,
78,,,,,,,,,,11939,0.003986511845141649,,,,,,,,
,,,,,,,,,4.284210526315789e-07,11944,,,,,,,,,
78,,,,,,,,,,11944,0.02531602792441845,,,,,,,,
,,,,,,,,,4.277631578947368e-07,11949,,,,,,,,,
78,,,,,,,,,,11949,0.012658819556236267,,,,,,,,
,,,,,,,,,4.271052631578947e-07,11954,,,,,,,,,
78,,,,,,,,,,11954,0.049778345972299576,,,,,,,,
,,,,,,,,,4.264473684210526e-07,11959,,,,,,,,,
78,,,,,,,,,,11959,0.0135095389559865,,,,,,,,
,,,,,,,,,4.2578947368421055e-07,11964,,,,,,,,,
78,,,,,,,,,,11964,0.03457043319940567,,,,,,,,
,,,,,,,,,4.251315789473684e-07,11969,,,,,,,,,
78,,,,,,,,,,11969,0.008889657445251942,,,,,,,,
,,,,,,,,,4.244736842105263e-07,11974,,,,,,,,,
78,,,,,,,,,,11974,0.020603515207767487,,,,,,,,
,,,,,,,,,4.238157894736842e-07,11979,,,,,,,,,
78,,,,,,,,,,11979,0.01437583938241005,,,,,,,,
,,,,,,,,,4.231578947368421e-07,11984,,,,,,,,,
78,,,,,,,,,,11984,0.02363395504653454,,,,,,,,
,,,,,,,,,4.225e-07,11989,,,,,,,,,
78,,,,,,,,,,11989,0.011534256860613823,,,,,,,,
,,,,,,,,,4.218421052631579e-07,11994,,,,,,,,,
78,,,,,,,,,,11994,0.03168369084596634,,,,,,,,
,,,,,,,,,4.2118421052631577e-07,11999,,,,,,,,,
78,,,,,,,,,,11999,0.03541937842965126,,,,,,,,
,,,,,,,,,4.2052631578947366e-07,12004,,,,,,,,,
78,,,,,,,,,,12004,0.026850005611777306,,,,,,,,
78,,,,,,,,,,12007,,0.7250000238418579,0.760869562625885,0.06996393203735352,0.06996393203735352,0.47200682759284973,0.760869562625885,0.760869562625885,0.4844360649585724
,,,,,,,,,4.1986842105263156e-07,12009,,,,,,,,,
79,,,,,,,,,,12009,0.00895362626761198,,,,,,,,
,,,,,,,,,4.1921052631578946e-07,12014,,,,,,,,,
79,,,,,,,,,,12014,0.016442710533738136,,,,,,,,
,,,,,,,,,4.185526315789473e-07,12019,,,,,,,,,
79,,,,,,,,,,12019,0.01354347076267004,,,,,,,,
,,,,,,,,,4.1789473684210525e-07,12024,,,,,,,,,
79,,,,,,,,,,12024,0.016815422102808952,,,,,,,,
,,,,,,,,,4.1723684210526314e-07,12029,,,,,,,,,
79,,,,,,,,,,12029,0.047280214726924896,,,,,,,,
,,,,,,,,,4.1657894736842104e-07,12034,,,,,,,,,
79,,,,,,,,,,12034,0.012957371771335602,,,,,,,,
,,,,,,,,,4.1592105263157893e-07,12039,,,,,,,,,
79,,,,,,,,,,12039,0.01848270185291767,,,,,,,,
,,,,,,,,,4.1526315789473683e-07,12044,,,,,,,,,
79,,,,,,,,,,12044,0.03178378567099571,,,,,,,,
,,,,,,,,,4.146052631578947e-07,12049,,,,,,,,,
79,,,,,,,,,,12049,0.034542571753263474,,,,,,,,
,,,,,,,,,4.139473684210526e-07,12054,,,,,,,,,
79,,,,,,,,,,12054,0.014110349118709564,,,,,,,,
,,,,,,,,,4.132894736842105e-07,12059,,,,,,,,,
79,,,,,,,,,,12059,0.02366497553884983,,,,,,,,
,,,,,,,,,4.126315789473684e-07,12064,,,,,,,,,
79,,,,,,,,,,12064,0.06940209865570068,,,,,,,,
,,,,,,,,,4.119736842105263e-07,12069,,,,,,,,,
79,,,,,,,,,,12069,0.043308403342962265,,,,,,,,
,,,,,,,,,4.1131578947368415e-07,12074,,,,,,,,,
79,,,,,,,,,,12074,0.023234762251377106,,,,,,,,
,,,,,,,,,4.106578947368421e-07,12079,,,,,,,,,
79,,,,,,,,,,12079,0.02450166456401348,,,,,,,,
,,,,,,,,,4.0999999999999994e-07,12084,,,,,,,,,
79,,,,,,,,,,12084,0.015010695904493332,,,,,,,,
,,,,,,,,,4.093421052631579e-07,12089,,,,,,,,,
79,,,,,,,,,,12089,0.023512190207839012,,,,,,,,
,,,,,,,,,4.086842105263158e-07,12094,,,,,,,,,
79,,,,,,,,,,12094,0.0571296289563179,,,,,,,,
,,,,,,,,,4.080263157894737e-07,12099,,,,,,,,,
79,,,,,,,,,,12099,0.008624481968581676,,,,,,,,
,,,,,,,,,4.073684210526316e-07,12104,,,,,,,,,
79,,,,,,,,,,12104,0.018766028806567192,,,,,,,,
,,,,,,,,,4.0671052631578947e-07,12109,,,,,,,,,
79,,,,,,,,,,12109,0.028310831636190414,,,,,,,,
,,,,,,,,,4.0605263157894736e-07,12114,,,,,,,,,
79,,,,,,,,,,12114,0.03461768478155136,,,,,,,,
,,,,,,,,,4.0539473684210526e-07,12119,,,,,,,,,
79,,,,,,,,,,12119,0.036542683839797974,,,,,,,,
,,,,,,,,,4.0473684210526316e-07,12124,,,,,,,,,
79,,,,,,,,,,12124,0.019148319959640503,,,,,,,,
,,,,,,,,,4.04078947368421e-07,12129,,,,,,,,,
79,,,,,,,,,,12129,0.04267219081521034,,,,,,,,
,,,,,,,,,4.0342105263157895e-07,12134,,,,,,,,,
79,,,,,,,,,,12134,0.02269565500319004,,,,,,,,
,,,,,,,,,4.027631578947368e-07,12139,,,,,,,,,
79,,,,,,,,,,12139,0.023075899109244347,,,,,,,,
,,,,,,,,,4.0210526315789474e-07,12144,,,,,,,,,
79,,,,,,,,,,12144,0.060089562088251114,,,,,,,,
,,,,,,,,,4.014473684210526e-07,12149,,,,,,,,,
79,,,,,,,,,,12149,0.018536465242505074,,,,,,,,
,,,,,,,,,4.0078947368421053e-07,12154,,,,,,,,,
79,,,,,,,,,,12154,0.032509997487068176,,,,,,,,
,,,,,,,,,4.0013157894736837e-07,12159,,,,,,,,,
79,,,,,,,,,,12159,0.001397174783051014,,,,,,,,
79,,,,,,,,,,12159,,0.737500011920929,0.7640449404716492,0.06959028542041779,0.06959028542041779,0.4705159664154053,0.7906976938247681,0.739130437374115,0.48759356141090393
,,,,,,,,,3.994736842105263e-07,12164,,,,,,,,,
80,,,,,,,,,,12164,0.025783119723200798,,,,,,,,
,,,,,,,,,3.988157894736842e-07,12169,,,,,,,,,
80,,,,,,,,,,12169,0.028038864955306053,,,,,,,,
,,,,,,,,,3.9815789473684206e-07,12174,,,,,,,,,
80,,,,,,,,,,12174,0.009924622252583504,,,,,,,,
,,,,,,,,,3.975e-07,12179,,,,,,,,,
80,,,,,,,,,,12179,0.0214791651815176,,,,,,,,
,,,,,,,,,3.9684210526315785e-07,12184,,,,,,,,,
80,,,,,,,,,,12184,0.011404648423194885,,,,,,,,
,,,,,,,,,3.961842105263158e-07,12189,,,,,,,,,
80,,,,,,,,,,12189,0.027727430686354637,,,,,,,,
,,,,,,,,,3.9552631578947364e-07,12194,,,,,,,,,
80,,,,,,,,,,12194,0.03153254836797714,,,,,,,,
,,,,,,,,,3.948684210526316e-07,12199,,,,,,,,,
80,,,,,,,,,,12199,0.015329523012042046,,,,,,,,
,,,,,,,,,3.9421052631578943e-07,12204,,,,,,,,,
80,,,,,,,,,,12204,0.015670182183384895,,,,,,,,
,,,,,,,,,3.935526315789474e-07,12209,,,,,,,,,
80,,,,,,,,,,12209,0.04402494430541992,,,,,,,,
,,,,,,,,,3.928947368421052e-07,12214,,,,,,,,,
80,,,,,,,,,,12214,0.017360663041472435,,,,,,,,
,,,,,,,,,3.9223684210526317e-07,12219,,,,,,,,,
80,,,,,,,,,,12219,0.04679974913597107,,,,,,,,
,,,,,,,,,3.91578947368421e-07,12224,,,,,,,,,
80,,,,,,,,,,12224,0.027662135660648346,,,,,,,,
,,,,,,,,,3.909210526315789e-07,12229,,,,,,,,,
80,,,,,,,,,,12229,0.016514617949724197,,,,,,,,
,,,,,,,,,3.9026315789473686e-07,12234,,,,,,,,,
80,,,,,,,,,,12234,0.013324995525181293,,,,,,,,
,,,,,,,,,3.896052631578947e-07,12239,,,,,,,,,
80,,,,,,,,,,12239,0.013084317557513714,,,,,,,,
,,,,,,,,,3.8894736842105265e-07,12244,,,,,,,,,
80,,,,,,,,,,12244,0.023247944191098213,,,,,,,,
,,,,,,,,,3.882894736842105e-07,12249,,,,,,,,,
80,,,,,,,,,,12249,0.009983442723751068,,,,,,,,
,,,,,,,,,3.8763157894736844e-07,12254,,,,,,,,,
80,,,,,,,,,,12254,0.02863290160894394,,,,,,,,
,,,,,,,,,3.869736842105263e-07,12259,,,,,,,,,
80,,,,,,,,,,12259,0.011279737576842308,,,,,,,,
,,,,,,,,,3.8631578947368423e-07,12264,,,,,,,,,
80,,,,,,,,,,12264,0.04009098932147026,,,,,,,,
,,,,,,,,,3.8565789473684207e-07,12269,,,,,,,,,
80,,,,,,,,,,12269,0.04238836467266083,,,,,,,,
,,,,,,,,,3.8499999999999997e-07,12274,,,,,,,,,
80,,,,,,,,,,12274,0.05034865811467171,,,,,,,,
,,,,,,,,,3.8434210526315786e-07,12279,,,,,,,,,
80,,,,,,,,,,12279,0.045622099190950394,,,,,,,,
,,,,,,,,,3.8368421052631576e-07,12284,,,,,,,,,
80,,,,,,,,,,12284,0.007517913356423378,,,,,,,,
,,,,,,,,,3.8302631578947365e-07,12289,,,,,,,,,
80,,,,,,,,,,12289,0.034752257168293,,,,,,,,
,,,,,,,,,3.8236842105263155e-07,12294,,,,,,,,,
80,,,,,,,,,,12294,0.028808940201997757,,,,,,,,
,,,,,,,,,3.817105263157895e-07,12299,,,,,,,,,
80,,,,,,,,,,12299,0.056565623730421066,,,,,,,,
,,,,,,,,,3.8105263157894734e-07,12304,,,,,,,,,
80,,,,,,,,,,12304,0.015902061015367508,,,,,,,,
,,,,,,,,,3.803947368421053e-07,12309,,,,,,,,,
80,,,,,,,,,,12309,0.03323119506239891,,,,,,,,
80,,,,,,,,,,12311,,0.7124999761581421,0.7472527623176575,0.07053548097610474,0.07053548097610474,0.46762001514434814,0.7555555701255798,0.739130437374115,0.48596200346946716
,,,,,,,,,3.7973684210526313e-07,12314,,,,,,,,,
81,,,,,,,,,,12314,0.012723995372653008,,,,,,,,
,,,,,,,,,3.790789473684211e-07,12319,,,,,,,,,
81,,,,,,,,,,12319,0.04189275577664375,,,,,,,,
,,,,,,,,,3.784210526315789e-07,12324,,,,,,,,,
81,,,,,,,,,,12324,0.020177317783236504,,,,,,,,
,,,,,,,,,3.777631578947368e-07,12329,,,,,,,,,
81,,,,,,,,,,12329,0.009126654826104641,,,,,,,,
,,,,,,,,,3.771052631578947e-07,12334,,,,,,,,,
81,,,,,,,,,,12334,0.028758062049746513,,,,,,,,
,,,,,,,,,3.764473684210526e-07,12339,,,,,,,,,
81,,,,,,,,,,12339,0.02209942229092121,,,,,,,,
,,,,,,,,,3.757894736842105e-07,12344,,,,,,,,,
81,,,,,,,,,,12344,0.009627258405089378,,,,,,,,
,,,,,,,,,3.751315789473684e-07,12349,,,,,,,,,
81,,,,,,,,,,12349,0.05209093168377876,,,,,,,,
,,,,,,,,,3.744736842105263e-07,12354,,,,,,,,,
81,,,,,,,,,,12354,0.011048250831663609,,,,,,,,
,,,,,,,,,3.738157894736842e-07,12359,,,,,,,,,
81,,,,,,,,,,12359,0.02283947542309761,,,,,,,,
,,,,,,,,,3.7315789473684214e-07,12364,,,,,,,,,
81,,,,,,,,,,12364,0.02252369187772274,,,,,,,,
,,,,,,,,,3.725e-07,12369,,,,,,,,,
81,,,,,,,,,,12369,0.011260686442255974,,,,,,,,
,,,,,,,,,3.718421052631579e-07,12374,,,,,,,,,
81,,,,,,,,,,12374,0.011942394077777863,,,,,,,,
,,,,,,,,,3.7118421052631577e-07,12379,,,,,,,,,
81,,,,,,,,,,12379,0.013399707153439522,,,,,,,,
,,,,,,,,,3.7052631578947367e-07,12384,,,,,,,,,
81,,,,,,,,,,12384,0.03537962585687637,,,,,,,,
,,,,,,,,,3.6986842105263156e-07,12389,,,,,,,,,
81,,,,,,,,,,12389,0.06528739631175995,,,,,,,,
,,,,,,,,,3.6921052631578946e-07,12394,,,,,,,,,
81,,,,,,,,,,12394,0.011139735579490662,,,,,,,,
,,,,,,,,,3.6855263157894735e-07,12399,,,,,,,,,
81,,,,,,,,,,12399,0.03518817573785782,,,,,,,,
,,,,,,,,,3.6789473684210525e-07,12404,,,,,,,,,
81,,,,,,,,,,12404,0.025387704372406006,,,,,,,,
,,,,,,,,,3.6723684210526314e-07,12409,,,,,,,,,
81,,,,,,,,,,12409,0.03387393057346344,,,,,,,,
,,,,,,,,,3.6657894736842104e-07,12414,,,,,,,,,
81,,,,,,,,,,12414,0.02904408611357212,,,,,,,,
,,,,,,,,,3.659210526315789e-07,12419,,,,,,,,,
81,,,,,,,,,,12419,0.040358804166316986,,,,,,,,
,,,,,,,,,3.6526315789473683e-07,12424,,,,,,,,,
81,,,,,,,,,,12424,0.043414462357759476,,,,,,,,
,,,,,,,,,3.6460526315789467e-07,12429,,,,,,,,,
81,,,,,,,,,,12429,0.039016127586364746,,,,,,,,
,,,,,,,,,3.639473684210526e-07,12434,,,,,,,,,
81,,,,,,,,,,12434,0.023682743310928345,,,,,,,,
,,,,,,,,,3.632894736842105e-07,12439,,,,,,,,,
81,,,,,,,,,,12439,0.05161061882972717,,,,,,,,
,,,,,,,,,3.626315789473684e-07,12444,,,,,,,,,
81,,,,,,,,,,12444,0.02660643495619297,,,,,,,,
,,,,,,,,,3.619736842105263e-07,12449,,,,,,,,,
81,,,,,,,,,,12449,0.024890393018722534,,,,,,,,
,,,,,,,,,3.613157894736842e-07,12454,,,,,,,,,
81,,,,,,,,,,12454,0.05402275547385216,,,,,,,,
,,,,,,,,,3.606578947368421e-07,12459,,,,,,,,,
81,,,,,,,,,,12459,0.023360326886177063,,,,,,,,
81,,,,,,,,,,12463,,0.7250000238418579,0.760869562625885,0.07091157883405685,0.07091157883405685,0.47306084632873535,0.760869562625885,0.760869562625885,0.48713579773902893
,,,,,,,,,3.6e-07,12464,,,,,,,,,
82,,,,,,,,,,12464,0.031001845374703407,,,,,,,,
,,,,,,,,,3.593421052631579e-07,12469,,,,,,,,,
82,,,,,,,,,,12469,0.0022899575997143984,,,,,,,,
,,,,,,,,,3.5868421052631573e-07,12474,,,,,,,,,
82,,,,,,,,,,12474,0.00691199628636241,,,,,,,,
,,,,,,,,,3.580263157894737e-07,12479,,,,,,,,,
82,,,,,,,,,,12479,0.03289535641670227,,,,,,,,
,,,,,,,,,3.573684210526315e-07,12484,,,,,,,,,
82,,,,,,,,,,12484,0.0057256631553173065,,,,,,,,
,,,,,,,,,3.5671052631578947e-07,12489,,,,,,,,,
82,,,,,,,,,,12489,0.021430250257253647,,,,,,,,
,,,,,,,,,3.560526315789473e-07,12494,,,,,,,,,
82,,,,,,,,,,12494,0.029739243909716606,,,,,,,,
,,,,,,,,,3.5539473684210526e-07,12499,,,,,,,,,
82,,,,,,,,,,12499,0.017966261133551598,,,,,,,,
,,,,,,,,,3.5473684210526316e-07,12504,,,,,,,,,
82,,,,,,,,,,12504,0.018108971416950226,,,,,,,,
,,,,,,,,,3.5407894736842105e-07,12509,,,,,,,,,
82,,,,,,,,,,12509,0.022785300388932228,,,,,,,,
,,,,,,,,,3.5342105263157895e-07,12514,,,,,,,,,
82,,,,,,,,,,12514,0.021698160097002983,,,,,,,,
,,,,,,,,,3.5276315789473684e-07,12519,,,,,,,,,
82,,,,,,,,,,12519,0.05820097401738167,,,,,,,,
,,,,,,,,,3.5210526315789474e-07,12524,,,,,,,,,
82,,,,,,,,,,12524,0.04548439756035805,,,,,,,,
,,,,,,,,,3.514473684210526e-07,12529,,,,,,,,,
82,,,,,,,,,,12529,0.02012208290398121,,,,,,,,
,,,,,,,,,3.5078947368421053e-07,12534,,,,,,,,,
82,,,,,,,,,,12534,0.03881579637527466,,,,,,,,
,,,,,,,,,3.5013157894736837e-07,12539,,,,,,,,,
82,,,,,,,,,,12539,0.006571117322891951,,,,,,,,
,,,,,,,,,3.494736842105263e-07,12544,,,,,,,,,
82,,,,,,,,,,12544,0.02509390376508236,,,,,,,,
,,,,,,,,,3.4881578947368416e-07,12549,,,,,,,,,
82,,,,,,,,,,12549,0.011309538967907429,,,,,,,,
,,,,,,,,,3.481578947368421e-07,12554,,,,,,,,,
82,,,,,,,,,,12554,0.016838936135172844,,,,,,,,
,,,,,,,,,3.4749999999999996e-07,12559,,,,,,,,,
82,,,,,,,,,,12559,0.026812532916665077,,,,,,,,
,,,,,,,,,3.468421052631579e-07,12564,,,,,,,,,
82,,,,,,,,,,12564,0.06094059348106384,,,,,,,,
,,,,,,,,,3.461842105263158e-07,12569,,,,,,,,,
82,,,,,,,,,,12569,0.033536989241838455,,,,,,,,
,,,,,,,,,3.4552631578947364e-07,12574,,,,,,,,,
82,,,,,,,,,,12574,0.011816860176622868,,,,,,,,
,,,,,,,,,3.448684210526316e-07,12579,,,,,,,,,
82,,,,,,,,,,12579,0.022562876343727112,,,,,,,,
,,,,,,,,,3.4421052631578943e-07,12584,,,,,,,,,
82,,,,,,,,,,12584,0.010509966872632504,,,,,,,,
,,,,,,,,,3.435526315789474e-07,12589,,,,,,,,,
82,,,,,,,,,,12589,0.019424766302108765,,,,,,,,
,,,,,,,,,3.428947368421052e-07,12594,,,,,,,,,
82,,,,,,,,,,12594,0.026119763031601906,,,,,,,,
,,,,,,,,,3.4223684210526317e-07,12599,,,,,,,,,
82,,,,,,,,,,12599,0.060165438801050186,,,,,,,,
,,,,,,,,,3.41578947368421e-07,12604,,,,,,,,,
82,,,,,,,,,,12604,0.029331320896744728,,,,,,,,
,,,,,,,,,3.4092105263157896e-07,12609,,,,,,,,,
82,,,,,,,,,,12609,0.006780997850000858,,,,,,,,
,,,,,,,,,3.402631578947368e-07,12614,,,,,,,,,
82,,,,,,,,,,12614,0.00999062042683363,,,,,,,,
82,,,,,,,,,,12615,,0.7250000238418579,0.760869562625885,0.07069166749715805,0.07069166749715805,0.47357648611068726,0.760869562625885,0.760869562625885,0.4878752529621124
,,,,,,,,,3.3960526315789475e-07,12619,,,,,,,,,
83,,,,,,,,,,12619,0.04862796515226364,,,,,,,,
,,,,,,,,,3.389473684210526e-07,12624,,,,,,,,,
83,,,,,,,,,,12624,0.005428633652627468,,,,,,,,
,,,,,,,,,3.382894736842105e-07,12629,,,,,,,,,
83,,,,,,,,,,12629,0.05142233520746231,,,,,,,,
,,,,,,,,,3.376315789473684e-07,12634,,,,,,,,,
83,,,,,,,,,,12634,0.03417816385626793,,,,,,,,
,,,,,,,,,3.369736842105263e-07,12639,,,,,,,,,
83,,,,,,,,,,12639,0.028430480509996414,,,,,,,,
,,,,,,,,,3.3631578947368423e-07,12644,,,,,,,,,
83,,,,,,,,,,12644,0.018887773156166077,,,,,,,,
,,,,,,,,,3.3565789473684207e-07,12649,,,,,,,,,
83,,,,,,,,,,12649,0.0050746663473546505,,,,,,,,
,,,,,,,,,3.35e-07,12654,,,,,,,,,
83,,,,,,,,,,12654,0.02109416201710701,,,,,,,,
,,,,,,,,,3.3434210526315786e-07,12659,,,,,,,,,
83,,,,,,,,,,12659,0.008354713208973408,,,,,,,,
,,,,,,,,,3.336842105263158e-07,12664,,,,,,,,,
83,,,,,,,,,,12664,0.01347846444696188,,,,,,,,
,,,,,,,,,3.3302631578947366e-07,12669,,,,,,,,,
83,,,,,,,,,,12669,0.02790853939950466,,,,,,,,
,,,,,,,,,3.3236842105263155e-07,12674,,,,,,,,,
83,,,,,,,,,,12674,0.013642036356031895,,,,,,,,
,,,,,,,,,3.3171052631578945e-07,12679,,,,,,,,,
83,,,,,,,,,,12679,0.010453999973833561,,,,,,,,
,,,,,,,,,3.3105263157894734e-07,12684,,,,,,,,,
83,,,,,,,,,,12684,0.028445931151509285,,,,,,,,
,,,,,,,,,3.3039473684210524e-07,12689,,,,,,,,,
83,,,,,,,,,,12689,0.003538970835506916,,,,,,,,
,,,,,,,,,3.2973684210526313e-07,12694,,,,,,,,,
83,,,,,,,,,,12694,0.02920551411807537,,,,,,,,
,,,,,,,,,3.2907894736842103e-07,12699,,,,,,,,,
83,,,,,,,,,,12699,0.01856321096420288,,,,,,,,
,,,,,,,,,3.284210526315789e-07,12704,,,,,,,,,
83,,,,,,,,,,12704,0.03149690106511116,,,,,,,,
,,,,,,,,,3.2776315789473687e-07,12709,,,,,,,,,
83,,,,,,,,,,12709,0.03010759875178337,,,,,,,,
,,,,,,,,,3.271052631578947e-07,12714,,,,,,,,,
83,,,,,,,,,,12714,0.028397882357239723,,,,,,,,
,,,,,,,,,3.2644736842105266e-07,12719,,,,,,,,,
83,,,,,,,,,,12719,0.04724687337875366,,,,,,,,
,,,,,,,,,3.257894736842105e-07,12724,,,,,,,,,
83,,,,,,,,,,12724,0.05631570518016815,,,,,,,,
,,,,,,,,,3.251315789473684e-07,12729,,,,,,,,,
83,,,,,,,,,,12729,0.00813466589897871,,,,,,,,
,,,,,,,,,3.244736842105263e-07,12734,,,,,,,,,
83,,,,,,,,,,12734,0.014786859974265099,,,,,,,,
,,,,,,,,,3.238157894736842e-07,12739,,,,,,,,,
83,,,,,,,,,,12739,0.016736354678869247,,,,,,,,
,,,,,,,,,3.231578947368421e-07,12744,,,,,,,,,
83,,,,,,,,,,12744,0.06487619131803513,,,,,,,,
,,,,,,,,,3.225e-07,12749,,,,,,,,,
83,,,,,,,,,,12749,0.01626885123550892,,,,,,,,
,,,,,,,,,3.218421052631579e-07,12754,,,,,,,,,
83,,,,,,,,,,12754,0.010777927003800869,,,,,,,,
,,,,,,,,,3.211842105263158e-07,12759,,,,,,,,,
83,,,,,,,,,,12759,0.013337983749806881,,,,,,,,
,,,,,,,,,3.2052631578947367e-07,12764,,,,,,,,,
83,,,,,,,,,,12764,0.009585355408489704,,,,,,,,
83,,,,,,,,,,12767,,0.7124999761581421,0.7472527623176575,0.07038795202970505,0.07038795202970505,0.4719145894050598,0.7555555701255798,0.739130437374115,0.48580941557884216
,,,,,,,,,3.1986842105263156e-07,12769,,,,,,,,,
84,,,,,,,,,,12769,0.024168439209461212,,,,,,,,
,,,,,,,,,3.1921052631578946e-07,12774,,,,,,,,,
84,,,,,,,,,,12774,0.014294051565229893,,,,,,,,
,,,,,,,,,3.1855263157894736e-07,12779,,,,,,,,,
84,,,,,,,,,,12779,0.02752809040248394,,,,,,,,
,,,,,,,,,3.1789473684210525e-07,12784,,,,,,,,,
84,,,,,,,,,,12784,0.021892830729484558,,,,,,,,
,,,,,,,,,3.1723684210526315e-07,12789,,,,,,,,,
84,,,,,,,,,,12789,0.01474008522927761,,,,,,,,
,,,,,,,,,3.1657894736842104e-07,12794,,,,,,,,,
84,,,,,,,,,,12794,0.024295037612318993,,,,,,,,
,,,,,,,,,3.1592105263157894e-07,12799,,,,,,,,,
84,,,,,,,,,,12799,0.022780515253543854,,,,,,,,
,,,,,,,,,3.1526315789473683e-07,12804,,,,,,,,,
84,,,,,,,,,,12804,0.03174104541540146,,,,,,,,
,,,,,,,,,3.1460526315789473e-07,12809,,,,,,,,,
84,,,,,,,,,,12809,0.02723763883113861,,,,,,,,
,,,,,,,,,3.139473684210526e-07,12814,,,,,,,,,
84,,,,,,,,,,12814,0.045010268688201904,,,,,,,,
,,,,,,,,,3.1328947368421047e-07,12819,,,,,,,,,
84,,,,,,,,,,12819,0.021618202328681946,,,,,,,,
,,,,,,,,,3.126315789473684e-07,12824,,,,,,,,,
84,,,,,,,,,,12824,0.020652325823903084,,,,,,,,
,,,,,,,,,3.1197368421052626e-07,12829,,,,,,,,,
84,,,,,,,,,,12829,0.010033064521849155,,,,,,,,
,,,,,,,,,3.113157894736842e-07,12834,,,,,,,,,
84,,,,,,,,,,12834,0.01114603690803051,,,,,,,,
,,,,,,,,,3.106578947368421e-07,12839,,,,,,,,,
84,,,,,,,,,,12839,0.04882032796740532,,,,,,,,
,,,,,,,,,3.1e-07,12844,,,,,,,,,
84,,,,,,,,,,12844,0.04490344598889351,,,,,,,,
,,,,,,,,,3.093421052631579e-07,12849,,,,,,,,,
84,,,,,,,,,,12849,0.017450349405407906,,,,,,,,
,,,,,,,,,3.086842105263158e-07,12854,,,,,,,,,
84,,,,,,,,,,12854,0.014324793592095375,,,,,,,,
,,,,,,,,,3.080263157894737e-07,12859,,,,,,,,,
84,,,,,,,,,,12859,0.01508213859051466,,,,,,,,
,,,,,,,,,3.073684210526316e-07,12864,,,,,,,,,
84,,,,,,,,,,12864,0.020252389833331108,,,,,,,,
,,,,,,,,,3.067105263157895e-07,12869,,,,,,,,,
84,,,,,,,,,,12869,0.012768094427883625,,,,,,,,
,,,,,,,,,3.060526315789473e-07,12874,,,,,,,,,
84,,,,,,,,,,12874,0.02563604712486267,,,,,,,,
,,,,,,,,,3.0539473684210526e-07,12879,,,,,,,,,
84,,,,,,,,,,12879,0.014607834629714489,,,,,,,,
,,,,,,,,,3.047368421052631e-07,12884,,,,,,,,,
84,,,,,,,,,,12884,0.07663802057504654,,,,,,,,
,,,,,,,,,3.0407894736842106e-07,12889,,,,,,,,,
84,,,,,,,,,,12889,0.06086110696196556,,,,,,,,
,,,,,,,,,3.034210526315789e-07,12894,,,,,,,,,
84,,,,,,,,,,12894,0.06378109008073807,,,,,,,,
,,,,,,,,,3.0276315789473685e-07,12899,,,,,,,,,
84,,,,,,,,,,12899,0.014593641273677349,,,,,,,,
,,,,,,,,,3.021052631578947e-07,12904,,,,,,,,,
84,,,,,,,,,,12904,0.01438053697347641,,,,,,,,
,,,,,,,,,3.0144736842105264e-07,12909,,,,,,,,,
84,,,,,,,,,,12909,0.005583241581916809,,,,,,,,
,,,,,,,,,3.0078947368421053e-07,12914,,,,,,,,,
84,,,,,,,,,,12914,0.06386132538318634,,,,,,,,
,,,,,,,,,3.0013157894736843e-07,12919,,,,,,,,,
84,,,,,,,,,,12919,0.05850176885724068,,,,,,,,
84,,,,,,,,,,12919,,0.7124999761581421,0.7472527623176575,0.07102516293525696,0.07102516293525696,0.46981924772262573,0.7555555701255798,0.739130437374115,0.4864550232887268
,,,,,,,,,2.994736842105263e-07,12924,,,,,,,,,
85,,,,,,,,,,12924,0.03133681043982506,,,,,,,,
,,,,,,,,,2.9881578947368417e-07,12929,,,,,,,,,
85,,,,,,,,,,12929,0.017716258764266968,,,,,,,,
,,,,,,,,,2.981578947368421e-07,12934,,,,,,,,,
85,,,,,,,,,,12934,0.01788034662604332,,,,,,,,
,,,,,,,,,2.9749999999999996e-07,12939,,,,,,,,,
85,,,,,,,,,,12939,0.035286106169223785,,,,,,,,
,,,,,,,,,2.968421052631579e-07,12944,,,,,,,,,
85,,,,,,,,,,12944,0.008851959370076656,,,,,,,,
,,,,,,,,,2.9618421052631575e-07,12949,,,,,,,,,
85,,,,,,,,,,12949,0.01030375063419342,,,,,,,,
,,,,,,,,,2.955263157894737e-07,12954,,,,,,,,,
85,,,,,,,,,,12954,0.026319609954953194,,,,,,,,
,,,,,,,,,2.9486842105263154e-07,12959,,,,,,,,,
85,,,,,,,,,,12959,0.04055289179086685,,,,,,,,
,,,,,,,,,2.942105263157895e-07,12964,,,,,,,,,
85,,,,,,,,,,12964,0.018909582868218422,,,,,,,,
,,,,,,,,,2.9355263157894733e-07,12969,,,,,,,,,
85,,,,,,,,,,12969,0.011097702197730541,,,,,,,,
,,,,,,,,,2.928947368421052e-07,12974,,,,,,,,,
85,,,,,,,,,,12974,0.025109179317951202,,,,,,,,
,,,,,,,,,2.922368421052632e-07,12979,,,,,,,,,
85,,,,,,,,,,12979,0.004876063205301762,,,,,,,,
,,,,,,,,,2.91578947368421e-07,12984,,,,,,,,,
85,,,,,,,,,,12984,0.03487781807780266,,,,,,,,
,,,,,,,,,2.9092105263157896e-07,12989,,,,,,,,,
85,,,,,,,,,,12989,0.03091227263212204,,,,,,,,
,,,,,,,,,2.902631578947368e-07,12994,,,,,,,,,
85,,,,,,,,,,12994,0.011289089918136597,,,,,,,,
,,,,,,,,,2.8960526315789476e-07,12999,,,,,,,,,
85,,,,,,,,,,12999,0.051585957407951355,,,,,,,,
,,,,,,,,,2.889473684210526e-07,13004,,,,,,,,,
85,,,,,,,,,,13004,0.03331080824136734,,,,,,,,
,,,,,,,,,2.8828947368421055e-07,13009,,,,,,,,,
85,,,,,,,,,,13009,0.013695758767426014,,,,,,,,
,,,,,,,,,2.876315789473684e-07,13014,,,,,,,,,
85,,,,,,,,,,13014,0.007706947159022093,,,,,,,,
,,,,,,,,,2.8697368421052634e-07,13019,,,,,,,,,
85,,,,,,,,,,13019,0.02194778062403202,,,,,,,,
,,,,,,,,,2.863157894736842e-07,13024,,,,,,,,,
85,,,,,,,,,,13024,0.03652627766132355,,,,,,,,
,,,,,,,,,2.856578947368421e-07,13029,,,,,,,,,
85,,,,,,,,,,13029,0.026892241090536118,,,,,,,,
,,,,,,,,,2.8499999999999997e-07,13034,,,,,,,,,
85,,,,,,,,,,13034,0.021298637613654137,,,,,,,,
,,,,,,,,,2.8434210526315787e-07,13039,,,,,,,,,
85,,,,,,,,,,13039,0.006518274080008268,,,,,,,,
,,,,,,,,,2.836842105263158e-07,13044,,,,,,,,,
85,,,,,,,,,,13044,0.04345301538705826,,,,,,,,
,,,,,,,,,2.8302631578947366e-07,13049,,,,,,,,,
85,,,,,,,,,,13049,0.03251750394701958,,,,,,,,
,,,,,,,,,2.823684210526316e-07,13054,,,,,,,,,
85,,,,,,,,,,13054,0.0166608989238739,,,,,,,,
,,,,,,,,,2.8171052631578945e-07,13059,,,,,,,,,
85,,,,,,,,,,13059,0.01940789818763733,,,,,,,,
,,,,,,,,,2.810526315789474e-07,13064,,,,,,,,,
85,,,,,,,,,,13064,0.06273393332958221,,,,,,,,
,,,,,,,,,2.8039473684210524e-07,13069,,,,,,,,,
85,,,,,,,,,,13069,0.011597407050430775,,,,,,,,
85,,,,,,,,,,13071,,0.7124999761581421,0.7472527623176575,0.07106553763151169,0.07106553763151169,0.4625032842159271,0.7555555701255798,0.739130437374115,0.48051556944847107
,,,,,,,,,2.7973684210526313e-07,13074,,,,,,,,,
86,,,,,,,,,,13074,0.03743710368871689,,,,,,,,
,,,,,,,,,2.7907894736842103e-07,13079,,,,,,,,,
86,,,,,,,,,,13079,0.008400747552514076,,,,,,,,
,,,,,,,,,2.784210526315789e-07,13084,,,,,,,,,
86,,,,,,,,,,13084,0.05903153494000435,,,,,,,,
,,,,,,,,,2.777631578947368e-07,13089,,,,,,,,,
86,,,,,,,,,,13089,0.03306874632835388,,,,,,,,
,,,,,,,,,2.771052631578947e-07,13094,,,,,,,,,
86,,,,,,,,,,13094,0.03900448605418205,,,,,,,,
,,,,,,,,,2.764473684210526e-07,13099,,,,,,,,,
86,,,,,,,,,,13099,0.009184420108795166,,,,,,,,
,,,,,,,,,2.757894736842105e-07,13104,,,,,,,,,
86,,,,,,,,,,13104,0.026721753180027008,,,,,,,,
,,,,,,,,,2.751315789473684e-07,13109,,,,,,,,,
86,,,,,,,,,,13109,0.012085541151463985,,,,,,,,
,,,,,,,,,2.744736842105263e-07,13114,,,,,,,,,
86,,,,,,,,,,13114,0.02077483758330345,,,,,,,,
,,,,,,,,,2.7381578947368425e-07,13119,,,,,,,,,
86,,,,,,,,,,13119,0.014111371710896492,,,,,,,,
,,,,,,,,,2.731578947368421e-07,13124,,,,,,,,,
86,,,,,,,,,,13124,0.015640398487448692,,,,,,,,
,,,,,,,,,2.725e-07,13129,,,,,,,,,
86,,,,,,,,,,13129,0.031897760927677155,,,,,,,,
,,,,,,,,,2.718421052631579e-07,13134,,,,,,,,,
86,,,,,,,,,,13134,0.023026691749691963,,,,,,,,
,,,,,,,,,2.711842105263158e-07,13139,,,,,,,,,
86,,,,,,,,,,13139,0.013244456611573696,,,,,,,,
,,,,,,,,,2.7052631578947367e-07,13144,,,,,,,,,
86,,,,,,,,,,13144,0.007536071818321943,,,,,,,,
,,,,,,,,,2.6986842105263157e-07,13149,,,,,,,,,
86,,,,,,,,,,13149,0.056435924023389816,,,,,,,,
,,,,,,,,,2.6921052631578946e-07,13154,,,,,,,,,
86,,,,,,,,,,13154,0.050192754715681076,,,,,,,,
,,,,,,,,,2.6855263157894736e-07,13159,,,,,,,,,
86,,,,,,,,,,13159,0.033972449600696564,,,,,,,,
,,,,,,,,,2.6789473684210525e-07,13164,,,,,,,,,
86,,,,,,,,,,13164,0.02210748940706253,,,,,,,,
,,,,,,,,,2.6723684210526315e-07,13169,,,,,,,,,
86,,,,,,,,,,13169,0.025259846821427345,,,,,,,,
,,,,,,,,,2.66578947368421e-07,13174,,,,,,,,,
86,,,,,,,,,,13174,0.019936896860599518,,,,,,,,
,,,,,,,,,2.6592105263157894e-07,13179,,,,,,,,,
86,,,,,,,,,,13179,0.030222507193684578,,,,,,,,
,,,,,,,,,2.6526315789473684e-07,13184,,,,,,,,,
86,,,,,,,,,,13184,0.007394451182335615,,,,,,,,
,,,,,,,,,2.6460526315789473e-07,13189,,,,,,,,,
86,,,,,,,,,,13189,0.024705123156309128,,,,,,,,
,,,,,,,,,2.639473684210526e-07,13194,,,,,,,,,
86,,,,,,,,,,13194,0.0323139950633049,,,,,,,,
,,,,,,,,,2.632894736842105e-07,13199,,,,,,,,,
86,,,,,,,,,,13199,0.03049306757748127,,,,,,,,
,,,,,,,,,2.626315789473684e-07,13204,,,,,,,,,
86,,,,,,,,,,13204,0.035386860370635986,,,,,,,,
,,,,,,,,,2.619736842105263e-07,13209,,,,,,,,,
86,,,,,,,,,,13209,0.03930900990962982,,,,,,,,
,,,,,,,,,2.613157894736842e-07,13214,,,,,,,,,
86,,,,,,,,,,13214,0.02097965218126774,,,,,,,,
,,,,,,,,,2.6065789473684205e-07,13219,,,,,,,,,
86,,,,,,,,,,13219,0.01999848335981369,,,,,,,,
86,,,,,,,,,,13223,,0.7250000238418579,0.760869562625885,0.07231023162603378,0.07231023162603378,0.46816012263298035,0.760869562625885,0.760869562625885,0.4794826805591583
,,,,,,,,,2.6e-07,13224,,,,,,,,,
87,,,,,,,,,,13224,0.051363907754421234,,,,,,,,
,,,,,,,,,2.5934210526315784e-07,13229,,,,,,,,,
87,,,,,,,,,,13229,0.013384949415922165,,,,,,,,
,,,,,,,,,2.586842105263158e-07,13234,,,,,,,,,
87,,,,,,,,,,13234,0.025359829887747765,,,,,,,,
,,,,,,,,,2.5802631578947363e-07,13239,,,,,,,,,
87,,,,,,,,,,13239,0.042825665324926376,,,,,,,,
,,,,,,,,,2.573684210526316e-07,13244,,,,,,,,,
87,,,,,,,,,,13244,0.040172237902879715,,,,,,,,
,,,,,,,,,2.567105263157895e-07,13249,,,,,,,,,
87,,,,,,,,,,13249,0.023170113563537598,,,,,,,,
,,,,,,,,,2.5605263157894737e-07,13254,,,,,,,,,
87,,,,,,,,,,13254,0.0246154572814703,,,,,,,,
,,,,,,,,,2.5539473684210527e-07,13259,,,,,,,,,
87,,,,,,,,,,13259,0.05224987491965294,,,,,,,,
,,,,,,,,,2.5473684210526316e-07,13264,,,,,,,,,
87,,,,,,,,,,13264,0.01828552968800068,,,,,,,,
,,,,,,,,,2.5407894736842106e-07,13269,,,,,,,,,
87,,,,,,,,,,13269,0.009996891021728516,,,,,,,,
,,,,,,,,,2.534210526315789e-07,13274,,,,,,,,,
87,,,,,,,,,,13274,0.021975798532366753,,,,,,,,
,,,,,,,,,2.5276315789473685e-07,13279,,,,,,,,,
87,,,,,,,,,,13279,0.009375200606882572,,,,,,,,
,,,,,,,,,2.521052631578947e-07,13284,,,,,,,,,
87,,,,,,,,,,13284,0.019733000546693802,,,,,,,,
,,,,,,,,,2.5144736842105264e-07,13289,,,,,,,,,
87,,,,,,,,,,13289,0.019696611911058426,,,,,,,,
,,,,,,,,,2.507894736842105e-07,13294,,,,,,,,,
87,,,,,,,,,,13294,0.03129344806075096,,,,,,,,
,,,,,,,,,2.5013157894736843e-07,13299,,,,,,,,,
87,,,,,,,,,,13299,0.0259767547249794,,,,,,,,
,,,,,,,,,2.494736842105263e-07,13304,,,,,,,,,
87,,,,,,,,,,13304,0.021306343376636505,,,,,,,,
,,,,,,,,,2.488157894736842e-07,13309,,,,,,,,,
87,,,,,,,,,,13309,0.022651877254247665,,,,,,,,
,,,,,,,,,2.481578947368421e-07,13314,,,,,,,,,
87,,,,,,,,,,13314,0.03059750609099865,,,,,,,,
,,,,,,,,,2.475e-07,13319,,,,,,,,,
87,,,,,,,,,,13319,0.02147197723388672,,,,,,,,
,,,,,,,,,2.4684210526315786e-07,13324,,,,,,,,,
87,,,,,,,,,,13324,0.03432110324501991,,,,,,,,
,,,,,,,,,2.4618421052631575e-07,13329,,,,,,,,,
87,,,,,,,,,,13329,0.01221401710063219,,,,,,,,
,,,,,,,,,2.4552631578947365e-07,13334,,,,,,,,,
87,,,,,,,,,,13334,0.02754671685397625,,,,,,,,
,,,,,,,,,2.4486842105263154e-07,13339,,,,,,,,,
87,,,,,,,,,,13339,0.022135352715849876,,,,,,,,
,,,,,,,,,2.4421052631578944e-07,13344,,,,,,,,,
87,,,,,,,,,,13344,0.054707590490579605,,,,,,,,
,,,,,,,,,2.435526315789474e-07,13349,,,,,,,,,
87,,,,,,,,,,13349,0.03215422108769417,,,,,,,,
,,,,,,,,,2.428947368421053e-07,13354,,,,,,,,,
87,,,,,,,,,,13354,0.018131963908672333,,,,,,,,
,,,,,,,,,2.422368421052632e-07,13359,,,,,,,,,
87,,,,,,,,,,13359,0.02624279260635376,,,,,,,,
,,,,,,,,,2.4157894736842107e-07,13364,,,,,,,,,
87,,,,,,,,,,13364,0.009824376553297043,,,,,,,,
,,,,,,,,,2.4092105263157897e-07,13369,,,,,,,,,
87,,,,,,,,,,13369,0.005573314148932695,,,,,,,,
,,,,,,,,,2.402631578947368e-07,13374,,,,,,,,,
87,,,,,,,,,,13374,0.02025613747537136,,,,,,,,
87,,,,,,,,,,13375,,0.7124999761581421,0.7526881694793701,0.07281224429607391,0.07281224429607391,0.4712010622024536,0.7446808218955994,0.760869562625885,0.4797995984554291
,,,,,,,,,2.396052631578947e-07,13379,,,,,,,,,
88,,,,,,,,,,13379,0.02092178352177143,,,,,,,,
,,,,,,,,,2.389473684210526e-07,13384,,,,,,,,,
88,,,,,,,,,,13384,0.005786694120615721,,,,,,,,
,,,,,,,,,2.3828947368421052e-07,13389,,,,,,,,,
88,,,,,,,,,,13389,0.009490433149039745,,,,,,,,
,,,,,,,,,2.3763157894736842e-07,13394,,,,,,,,,
88,,,,,,,,,,13394,0.054781224578619,,,,,,,,
,,,,,,,,,2.369736842105263e-07,13399,,,,,,,,,
88,,,,,,,,,,13399,0.013454065658152103,,,,,,,,
,,,,,,,,,2.3631578947368418e-07,13404,,,,,,,,,
88,,,,,,,,,,13404,0.011436049826443195,,,,,,,,
,,,,,,,,,2.3565789473684208e-07,13409,,,,,,,,,
88,,,,,,,,,,13409,0.006132580805569887,,,,,,,,
,,,,,,,,,2.3499999999999997e-07,13414,,,,,,,,,
88,,,,,,,,,,13414,0.022852953523397446,,,,,,,,
,,,,,,,,,2.343421052631579e-07,13419,,,,,,,,,
88,,,,,,,,,,13419,0.03180365636944771,,,,,,,,
,,,,,,,,,2.336842105263158e-07,13424,,,,,,,,,
88,,,,,,,,,,13424,0.009993227198719978,,,,,,,,
,,,,,,,,,2.3302631578947369e-07,13429,,,,,,,,,
88,,,,,,,,,,13429,0.03789069876074791,,,,,,,,
,,,,,,,,,2.3236842105263158e-07,13434,,,,,,,,,
88,,,,,,,,,,13434,0.04463287815451622,,,,,,,,
,,,,,,,,,2.3171052631578948e-07,13439,,,,,,,,,
88,,,,,,,,,,13439,0.019718462601304054,,,,,,,,
,,,,,,,,,2.3105263157894737e-07,13444,,,,,,,,,
88,,,,,,,,,,13444,0.026901643723249435,,,,,,,,
,,,,,,,,,2.3039473684210524e-07,13449,,,,,,,,,
88,,,,,,,,,,13449,0.01889418438076973,,,,,,,,
,,,,,,,,,2.2973684210526314e-07,13454,,,,,,,,,
88,,,,,,,,,,13454,0.004567108117043972,,,,,,,,
,,,,,,,,,2.2907894736842103e-07,13459,,,,,,,,,
88,,,,,,,,,,13459,0.015621500089764595,,,,,,,,
,,,,,,,,,2.2842105263157893e-07,13464,,,,,,,,,
88,,,,,,,,,,13464,0.014794648624956608,,,,,,,,
,,,,,,,,,2.2776315789473682e-07,13469,,,,,,,,,
88,,,,,,,,,,13469,0.04210032522678375,,,,,,,,
,,,,,,,,,2.2710526315789472e-07,13474,,,,,,,,,
88,,,,,,,,,,13474,0.01829393208026886,,,,,,,,
,,,,,,,,,2.2644736842105261e-07,13479,,,,,,,,,
88,,,,,,,,,,13479,0.013356123119592667,,,,,,,,
,,,,,,,,,2.2578947368421054e-07,13484,,,,,,,,,
88,,,,,,,,,,13484,0.05471470206975937,,,,,,,,
,,,,,,,,,2.2513157894736843e-07,13489,,,,,,,,,
88,,,,,,,,,,13489,0.03639225289225578,,,,,,,,
,,,,,,,,,2.2447368421052633e-07,13494,,,,,,,,,
88,,,,,,,,,,13494,0.018386347219347954,,,,,,,,
,,,,,,,,,2.238157894736842e-07,13499,,,,,,,,,
88,,,,,,,,,,13499,0.016268165782094002,,,,,,,,
,,,,,,,,,2.231578947368421e-07,13504,,,,,,,,,
88,,,,,,,,,,13504,0.03721023350954056,,,,,,,,
,,,,,,,,,2.225e-07,13509,,,,,,,,,
88,,,,,,,,,,13509,0.01597220078110695,,,,,,,,
,,,,,,,,,2.2184210526315788e-07,13514,,,,,,,,,
88,,,,,,,,,,13514,0.0518294982612133,,,,,,,,
,,,,,,,,,2.2118421052631578e-07,13519,,,,,,,,,
88,,,,,,,,,,13519,0.01788763329386711,,,,,,,,
,,,,,,,,,2.2052631578947367e-07,13524,,,,,,,,,
88,,,,,,,,,,13524,0.01707489974796772,,,,,,,,
88,,,,,,,,,,13527,,0.7250000238418579,0.760869562625885,0.07152028381824493,0.07152028381824493,0.4747543931007385,0.760869562625885,0.760869562625885,0.48637282848358154
,,,,,,,,,2.1986842105263157e-07,13529,,,,,,,,,
89,,,,,,,,,,13529,0.04653334990143776,,,,,,,,
,,,,,,,,,2.1921052631578946e-07,13534,,,,,,,,,
89,,,,,,,,,,13534,0.07274335622787476,,,,,,,,
,,,,,,,,,2.1855263157894736e-07,13539,,,,,,,,,
89,,,,,,,,,,13539,0.057930052280426025,,,,,,,,
,,,,,,,,,2.1789473684210526e-07,13544,,,,,,,,,
89,,,,,,,,,,13544,0.016686998307704926,,,,,,,,
,,,,,,,,,2.1723684210526312e-07,13549,,,,,,,,,
89,,,,,,,,,,13549,0.03256714716553688,,,,,,,,
,,,,,,,,,2.1657894736842105e-07,13554,,,,,,,,,
89,,,,,,,,,,13554,0.020141679793596268,,,,,,,,
,,,,,,,,,2.1592105263157894e-07,13559,,,,,,,,,
89,,,,,,,,,,13559,0.025844113901257515,,,,,,,,
,,,,,,,,,2.1526315789473684e-07,13564,,,,,,,,,
89,,,,,,,,,,13564,0.032230086624622345,,,,,,,,
,,,,,,,,,2.1460526315789473e-07,13569,,,,,,,,,
89,,,,,,,,,,13569,0.017479214817285538,,,,,,,,
,,,,,,,,,2.1394736842105263e-07,13574,,,,,,,,,
89,,,,,,,,,,13574,0.0016110854921862483,,,,,,,,
,,,,,,,,,2.1328947368421052e-07,13579,,,,,,,,,
89,,,,,,,,,,13579,0.016451040282845497,,,,,,,,
,,,,,,,,,2.1263157894736842e-07,13584,,,,,,,,,
89,,,,,,,,,,13584,0.059436723589897156,,,,,,,,
,,,,,,,,,2.1197368421052631e-07,13589,,,,,,,,,
89,,,,,,,,,,13589,0.031832631677389145,,,,,,,,
,,,,,,,,,2.113157894736842e-07,13594,,,,,,,,,
89,,,,,,,,,,13594,0.01678665354847908,,,,,,,,
,,,,,,,,,2.1065789473684208e-07,13599,,,,,,,,,
89,,,,,,,,,,13599,0.05147315561771393,,,,,,,,
,,,,,,,,,2.0999999999999997e-07,13604,,,,,,,,,
89,,,,,,,,,,13604,0.002937513869255781,,,,,,,,
,,,,,,,,,2.0934210526315787e-07,13609,,,,,,,,,
89,,,,,,,,,,13609,0.010823427699506283,,,,,,,,
,,,,,,,,,2.0868421052631577e-07,13614,,,,,,,,,
89,,,,,,,,,,13614,0.0199501384049654,,,,,,,,
,,,,,,,,,2.080263157894737e-07,13619,,,,,,,,,
89,,,,,,,,,,13619,0.03801194205880165,,,,,,,,
,,,,,,,,,2.0736842105263158e-07,13624,,,,,,,,,
89,,,,,,,,,,13624,0.013295837678015232,,,,,,,,
,,,,,,,,,2.0671052631578948e-07,13629,,,,,,,,,
89,,,,,,,,,,13629,0.01455834973603487,,,,,,,,
,,,,,,,,,2.0605263157894737e-07,13634,,,,,,,,,
89,,,,,,,,,,13634,0.003956921864300966,,,,,,,,
,,,,,,,,,2.0539473684210527e-07,13639,,,,,,,,,
89,,,,,,,,,,13639,0.01504525262862444,,,,,,,,
,,,,,,,,,2.0473684210526316e-07,13644,,,,,,,,,
89,,,,,,,,,,13644,0.013719403184950352,,,,,,,,
,,,,,,,,,2.0407894736842103e-07,13649,,,,,,,,,
89,,,,,,,,,,13649,0.020200802013278008,,,,,,,,
,,,,,,,,,2.0342105263157893e-07,13654,,,,,,,,,
89,,,,,,,,,,13654,0.01047196239233017,,,,,,,,
,,,,,,,,,2.0276315789473682e-07,13659,,,,,,,,,
89,,,,,,,,,,13659,0.02647266909480095,,,,,,,,
,,,,,,,,,2.0210526315789472e-07,13664,,,,,,,,,
89,,,,,,,,,,13664,0.0156843401491642,,,,,,,,
,,,,,,,,,2.0144736842105262e-07,13669,,,,,,,,,
89,,,,,,,,,,13669,0.00587331922724843,,,,,,,,
,,,,,,,,,2.007894736842105e-07,13674,,,,,,,,,
89,,,,,,,,,,13674,0.019858520478010178,,,,,,,,
,,,,,,,,,2.001315789473684e-07,13679,,,,,,,,,
89,,,,,,,,,,13679,0.0686848983168602,,,,,,,,
89,,,,,,,,,,13679,,0.737500011920929,0.774193525314331,0.07155832648277283,0.07155832648277283,0.4779011309146881,0.7659574747085571,0.782608687877655,0.4877226948738098
,,,,,,,,,1.994736842105263e-07,13684,,,,,,,,,
90,,,,,,,,,,13684,0.026069829240441322,,,,,,,,
,,,,,,,,,1.9881578947368422e-07,13689,,,,,,,,,
90,,,,,,,,,,13689,0.040329091250896454,,,,,,,,
,,,,,,,,,1.9815789473684212e-07,13694,,,,,,,,,
90,,,,,,,,,,13694,0.04894712567329407,,,,,,,,
,,,,,,,,,1.975e-07,13699,,,,,,,,,
90,,,,,,,,,,13699,0.009232910349965096,,,,,,,,
,,,,,,,,,1.9684210526315788e-07,13704,,,,,,,,,
90,,,,,,,,,,13704,0.03555014729499817,,,,,,,,
,,,,,,,,,1.9618421052631578e-07,13709,,,,,,,,,
90,,,,,,,,,,13709,0.016276434063911438,,,,,,,,
,,,,,,,,,1.9552631578947367e-07,13714,,,,,,,,,
90,,,,,,,,,,13714,0.015457767993211746,,,,,,,,
,,,,,,,,,1.9486842105263157e-07,13719,,,,,,,,,
90,,,,,,,,,,13719,0.029336677864193916,,,,,,,,
,,,,,,,,,1.9421052631578947e-07,13724,,,,,,,,,
90,,,,,,,,,,13724,0.0382627435028553,,,,,,,,
,,,,,,,,,1.9355263157894736e-07,13729,,,,,,,,,
90,,,,,,,,,,13729,0.01664421521127224,,,,,,,,
,,,,,,,,,1.9289473684210526e-07,13734,,,,,,,,,
90,,,,,,,,,,13734,0.010533279739320278,,,,,,,,
,,,,,,,,,1.9223684210526315e-07,13739,,,,,,,,,
90,,,,,,,,,,13739,0.014067771844565868,,,,,,,,
,,,,,,,,,1.9157894736842105e-07,13744,,,,,,,,,
90,,,,,,,,,,13744,0.014597028493881226,,,,,,,,
,,,,,,,,,1.9092105263157892e-07,13749,,,,,,,,,
90,,,,,,,,,,13749,0.03524799644947052,,,,,,,,
,,,,,,,,,1.902631578947368e-07,13754,,,,,,,,,
90,,,,,,,,,,13754,0.011999807320535183,,,,,,,,
,,,,,,,,,1.8960526315789473e-07,13759,,,,,,,,,
90,,,,,,,,,,13759,0.032573848962783813,,,,,,,,
,,,,,,,,,1.8894736842105263e-07,13764,,,,,,,,,
90,,,,,,,,,,13764,0.01772259548306465,,,,,,,,
,,,,,,,,,1.8828947368421052e-07,13769,,,,,,,,,
90,,,,,,,,,,13769,0.04042034223675728,,,,,,,,
,,,,,,,,,1.8763157894736842e-07,13774,,,,,,,,,
90,,,,,,,,,,13774,0.020359573885798454,,,,,,,,
,,,,,,,,,1.8697368421052632e-07,13779,,,,,,,,,
90,,,,,,,,,,13779,0.012029127217829227,,,,,,,,
,,,,,,,,,1.863157894736842e-07,13784,,,,,,,,,
90,,,,,,,,,,13784,0.024952493607997894,,,,,,,,
,,,,,,,,,1.856578947368421e-07,13789,,,,,,,,,
90,,,,,,,,,,13789,0.013564093969762325,,,,,,,,
,,,,,,,,,1.85e-07,13794,,,,,,,,,
90,,,,,,,,,,13794,0.03907407447695732,,,,,,,,
,,,,,,,,,1.8434210526315787e-07,13799,,,,,,,,,
90,,,,,,,,,,13799,0.012975328601896763,,,,,,,,
,,,,,,,,,1.8368421052631577e-07,13804,,,,,,,,,
90,,,,,,,,,,13804,0.020956024527549744,,,,,,,,
,,,,,,,,,1.8302631578947366e-07,13809,,,,,,,,,
90,,,,,,,,,,13809,0.009537838399410248,,,,,,,,
,,,,,,,,,1.8236842105263156e-07,13814,,,,,,,,,
90,,,,,,,,,,13814,0.018565218895673752,,,,,,,,
,,,,,,,,,1.8171052631578945e-07,13819,,,,,,,,,
90,,,,,,,,,,13819,0.013415161520242691,,,,,,,,
,,,,,,,,,1.8105263157894737e-07,13824,,,,,,,,,
90,,,,,,,,,,13824,0.029290473088622093,,,,,,,,
,,,,,,,,,1.8039473684210527e-07,13829,,,,,,,,,
90,,,,,,,,,,13829,0.02232837863266468,,,,,,,,
90,,,,,,,,,,13831,,0.7250000238418579,0.760869562625885,0.0711706280708313,0.0711706280708313,0.47239911556243896,0.760869562625885,0.760869562625885,0.4800695776939392
,,,,,,,,,1.7973684210526317e-07,13834,,,,,,,,,
91,,,,,,,,,,13834,0.027172565460205078,,,,,,,,
,,,,,,,,,1.7907894736842106e-07,13839,,,,,,,,,
91,,,,,,,,,,13839,0.03782860189676285,,,,,,,,
,,,,,,,,,1.7842105263157896e-07,13844,,,,,,,,,
91,,,,,,,,,,13844,0.040080633014440536,,,,,,,,
,,,,,,,,,1.7776315789473683e-07,13849,,,,,,,,,
91,,,,,,,,,,13849,0.033180467784404755,,,,,,,,
,,,,,,,,,1.7710526315789472e-07,13854,,,,,,,,,
91,,,,,,,,,,13854,0.008413877338171005,,,,,,,,
,,,,,,,,,1.7644736842105262e-07,13859,,,,,,,,,
91,,,,,,,,,,13859,0.013885821215808392,,,,,,,,
,,,,,,,,,1.757894736842105e-07,13864,,,,,,,,,
91,,,,,,,,,,13864,0.015515930019319057,,,,,,,,
,,,,,,,,,1.751315789473684e-07,13869,,,,,,,,,
91,,,,,,,,,,13869,0.0108467573300004,,,,,,,,
,,,,,,,,,1.744736842105263e-07,13874,,,,,,,,,
91,,,,,,,,,,13874,0.022146470844745636,,,,,,,,
,,,,,,,,,1.738157894736842e-07,13879,,,,,,,,,
91,,,,,,,,,,13879,0.0072477119974792,,,,,,,,
,,,,,,,,,1.731578947368421e-07,13884,,,,,,,,,
91,,,,,,,,,,13884,0.010165229439735413,,,,,,,,
,,,,,,,,,1.725e-07,13889,,,,,,,,,
91,,,,,,,,,,13889,0.016374288126826286,,,,,,,,
,,,,,,,,,1.718421052631579e-07,13894,,,,,,,,,
91,,,,,,,,,,13894,0.007737400475889444,,,,,,,,
,,,,,,,,,1.7118421052631578e-07,13899,,,,,,,,,
91,,,,,,,,,,13899,0.017683863639831543,,,,,,,,
,,,,,,,,,1.7052631578947368e-07,13904,,,,,,,,,
91,,,,,,,,,,13904,0.06330422312021255,,,,,,,,
,,,,,,,,,1.6986842105263157e-07,13909,,,,,,,,,
91,,,,,,,,,,13909,0.011580238118767738,,,,,,,,
,,,,,,,,,1.6921052631578947e-07,13914,,,,,,,,,
91,,,,,,,,,,13914,0.021426280960440636,,,,,,,,
,,,,,,,,,1.6855263157894736e-07,13919,,,,,,,,,
91,,,,,,,,,,13919,0.035315532237291336,,,,,,,,
,,,,,,,,,1.6789473684210526e-07,13924,,,,,,,,,
91,,,,,,,,,,13924,0.008037864230573177,,,,,,,,
,,,,,,,,,1.6723684210526315e-07,13929,,,,,,,,,
91,,,,,,,,,,13929,0.01470540277659893,,,,,,,,
,,,,,,,,,1.6657894736842105e-07,13934,,,,,,,,,
91,,,,,,,,,,13934,0.030492916703224182,,,,,,,,
,,,,,,,,,1.6592105263157894e-07,13939,,,,,,,,,
91,,,,,,,,,,13939,0.07972250878810883,,,,,,,,
,,,,,,,,,1.6526315789473684e-07,13944,,,,,,,,,
91,,,,,,,,,,13944,0.040445610880851746,,,,,,,,
,,,,,,,,,1.646052631578947e-07,13949,,,,,,,,,
91,,,,,,,,,,13949,0.016587508842349052,,,,,,,,
,,,,,,,,,1.639473684210526e-07,13954,,,,,,,,,
91,,,,,,,,,,13954,0.02135917730629444,,,,,,,,
,,,,,,,,,1.6328947368421053e-07,13959,,,,,,,,,
91,,,,,,,,,,13959,0.03646812587976456,,,,,,,,
,,,,,,,,,1.6263157894736842e-07,13964,,,,,,,,,
91,,,,,,,,,,13964,0.030034903436899185,,,,,,,,
,,,,,,,,,1.6197368421052632e-07,13969,,,,,,,,,
91,,,,,,,,,,13969,0.02208641916513443,,,,,,,,
,,,,,,,,,1.613157894736842e-07,13974,,,,,,,,,
91,,,,,,,,,,13974,0.054063402116298676,,,,,,,,
,,,,,,,,,1.606578947368421e-07,13979,,,,,,,,,
91,,,,,,,,,,13979,0.014501898549497128,,,,,,,,
91,,,,,,,,,,13983,,0.7250000238418579,0.760869562625885,0.07127376645803452,0.07127376645803452,0.47010451555252075,0.760869562625885,0.760869562625885,0.48272231221199036
,,,,,,,,,1.6e-07,13984,,,,,,,,,
92,,,,,,,,,,13984,0.01768188551068306,,,,,,,,
,,,,,,,,,1.593421052631579e-07,13989,,,,,,,,,
92,,,,,,,,,,13989,0.020485231652855873,,,,,,,,
,,,,,,,,,1.586842105263158e-07,13994,,,,,,,,,
92,,,,,,,,,,13994,0.014532377012073994,,,,,,,,
,,,,,,,,,1.5802631578947366e-07,13999,,,,,,,,,
92,,,,,,,,,,13999,0.026470627635717392,,,,,,,,
,,,,,,,,,1.5736842105263156e-07,14004,,,,,,,,,
92,,,,,,,,,,14004,0.01780533604323864,,,,,,,,
,,,,,,,,,1.5671052631578945e-07,14009,,,,,,,,,
92,,,,,,,,,,14009,0.021551746875047684,,,,,,,,
,,,,,,,,,1.5605263157894735e-07,14014,,,,,,,,,
92,,,,,,,,,,14014,0.01900659315288067,,,,,,,,
,,,,,,,,,1.5539473684210525e-07,14019,,,,,,,,,
92,,,,,,,,,,14019,0.004878089297562838,,,,,,,,
,,,,,,,,,1.5473684210526314e-07,14024,,,,,,,,,
92,,,,,,,,,,14024,0.010504445061087608,,,,,,,,
,,,,,,,,,1.5407894736842106e-07,14029,,,,,,,,,
92,,,,,,,,,,14029,0.009181331843137741,,,,,,,,
,,,,,,,,,1.5342105263157896e-07,14034,,,,,,,,,
92,,,,,,,,,,14034,0.018066583201289177,,,,,,,,
,,,,,,,,,1.5276315789473685e-07,14039,,,,,,,,,
92,,,,,,,,,,14039,0.01925606094300747,,,,,,,,
,,,,,,,,,1.5210526315789475e-07,14044,,,,,,,,,
92,,,,,,,,,,14044,0.043319717049598694,,,,,,,,
,,,,,,,,,1.5144736842105262e-07,14049,,,,,,,,,
92,,,,,,,,,,14049,0.0031730851624161005,,,,,,,,
,,,,,,,,,1.5078947368421051e-07,14054,,,,,,,,,
92,,,,,,,,,,14054,0.04690653830766678,,,,,,,,
,,,,,,,,,1.501315789473684e-07,14059,,,,,,,,,
92,,,,,,,,,,14059,0.015852386131882668,,,,,,,,
,,,,,,,,,1.494736842105263e-07,14064,,,,,,,,,
92,,,,,,,,,,14064,0.012980957515537739,,,,,,,,
,,,,,,,,,1.488157894736842e-07,14069,,,,,,,,,
92,,,,,,,,,,14069,0.022909192368388176,,,,,,,,
,,,,,,,,,1.481578947368421e-07,14074,,,,,,,,,
92,,,,,,,,,,14074,0.015455121174454689,,,,,,,,
,,,,,,,,,1.475e-07,14079,,,,,,,,,
92,,,,,,,,,,14079,0.012145690619945526,,,,,,,,
,,,,,,,,,1.4684210526315789e-07,14084,,,,,,,,,
92,,,,,,,,,,14084,0.01960080675780773,,,,,,,,
,,,,,,,,,1.4618421052631578e-07,14089,,,,,,,,,
92,,,,,,,,,,14089,0.008812823332846165,,,,,,,,
,,,,,,,,,1.455263157894737e-07,14094,,,,,,,,,
92,,,,,,,,,,14094,0.038995422422885895,,,,,,,,
,,,,,,,,,1.4486842105263157e-07,14099,,,,,,,,,
92,,,,,,,,,,14099,0.011916209943592548,,,,,,,,
,,,,,,,,,1.4421052631578947e-07,14104,,,,,,,,,
92,,,,,,,,,,14104,0.008968062698841095,,,,,,,,
,,,,,,,,,1.4355263157894736e-07,14109,,,,,,,,,
92,,,,,,,,,,14109,0.018270790576934814,,,,,,,,
,,,,,,,,,1.4289473684210526e-07,14114,,,,,,,,,
92,,,,,,,,,,14114,0.009181364439427853,,,,,,,,
,,,,,,,,,1.4223684210526315e-07,14119,,,,,,,,,
92,,,,,,,,,,14119,0.01087435893714428,,,,,,,,
,,,,,,,,,1.4157894736842105e-07,14124,,,,,,,,,
92,,,,,,,,,,14124,0.005671599414199591,,,,,,,,
,,,,,,,,,1.4092105263157895e-07,14129,,,,,,,,,
92,,,,,,,,,,14129,0.01589231565594673,,,,,,,,
,,,,,,,,,1.4026315789473684e-07,14134,,,,,,,,,
92,,,,,,,,,,14134,0.017035361379384995,,,,,,,,
92,,,,,,,,,,14135,,0.7124999761581421,0.7472527623176575,0.07073552161455154,0.07073552161455154,0.4720776379108429,0.7555555701255798,0.739130437374115,0.48464733362197876
,,,,,,,,,1.3960526315789474e-07,14139,,,,,,,,,
93,,,,,,,,,,14139,0.013711909763514996,,,,,,,,
,,,,,,,,,1.3894736842105263e-07,14144,,,,,,,,,
93,,,,,,,,,,14144,0.015638509765267372,,,,,,,,
,,,,,,,,,1.382894736842105e-07,14149,,,,,,,,,
93,,,,,,,,,,14149,0.01255704928189516,,,,,,,,
,,,,,,,,,1.376315789473684e-07,14154,,,,,,,,,
93,,,,,,,,,,14154,0.0355929359793663,,,,,,,,
,,,,,,,,,1.369736842105263e-07,14159,,,,,,,,,
93,,,,,,,,,,14159,0.005271786358207464,,,,,,,,
,,,,,,,,,1.3631578947368421e-07,14164,,,,,,,,,
93,,,,,,,,,,14164,0.04357914626598358,,,,,,,,
,,,,,,,,,1.356578947368421e-07,14169,,,,,,,,,
93,,,,,,,,,,14169,0.017963789403438568,,,,,,,,
,,,,,,,,,1.35e-07,14174,,,,,,,,,
93,,,,,,,,,,14174,0.01923193410038948,,,,,,,,
,,,,,,,,,1.343421052631579e-07,14179,,,,,,,,,
93,,,,,,,,,,14179,0.03470514714717865,,,,,,,,
,,,,,,,,,1.336842105263158e-07,14184,,,,,,,,,
93,,,,,,,,,,14184,0.028710948303341866,,,,,,,,
,,,,,,,,,1.330263157894737e-07,14189,,,,,,,,,
93,,,,,,,,,,14189,0.016098544001579285,,,,,,,,
,,,,,,,,,1.3236842105263159e-07,14194,,,,,,,,,
93,,,,,,,,,,14194,0.01698269136250019,,,,,,,,
,,,,,,,,,1.3171052631578946e-07,14199,,,,,,,,,
93,,,,,,,,,,14199,0.012676771730184555,,,,,,,,
,,,,,,,,,1.3105263157894735e-07,14204,,,,,,,,,
93,,,,,,,,,,14204,0.01486978866159916,,,,,,,,
,,,,,,,,,1.3039473684210525e-07,14209,,,,,,,,,
93,,,,,,,,,,14209,0.020705433562397957,,,,,,,,
,,,,,,,,,1.2973684210526314e-07,14214,,,,,,,,,
93,,,,,,,,,,14214,0.03065067157149315,,,,,,,,
,,,,,,,,,1.2907894736842104e-07,14219,,,,,,,,,
93,,,,,,,,,,14219,0.013520634733140469,,,,,,,,
,,,,,,,,,1.2842105263157893e-07,14224,,,,,,,,,
93,,,,,,,,,,14224,0.00763749098405242,,,,,,,,
,,,,,,,,,1.2776315789473683e-07,14229,,,,,,,,,
93,,,,,,,,,,14229,0.03462478891015053,,,,,,,,
,,,,,,,,,1.2710526315789475e-07,14234,,,,,,,,,
93,,,,,,,,,,14234,0.0542701780796051,,,,,,,,
,,,,,,,,,1.2644736842105265e-07,14239,,,,,,,,,
93,,,,,,,,,,14239,0.063217394053936,,,,,,,,
,,,,,,,,,1.2578947368421054e-07,14244,,,,,,,,,
93,,,,,,,,,,14244,0.019570367410779,,,,,,,,
,,,,,,,,,1.251315789473684e-07,14249,,,,,,,,,
93,,,,,,,,,,14249,0.01743374951183796,,,,,,,,
,,,,,,,,,1.244736842105263e-07,14254,,,,,,,,,
93,,,,,,,,,,14254,0.011703825555741787,,,,,,,,
,,,,,,,,,1.238157894736842e-07,14259,,,,,,,,,
93,,,,,,,,,,14259,0.004499711561948061,,,,,,,,
,,,,,,,,,1.231578947368421e-07,14264,,,,,,,,,
93,,,,,,,,,,14264,0.009463750757277012,,,,,,,,
,,,,,,,,,1.225e-07,14269,,,,,,,,,
93,,,,,,,,,,14269,0.024094779044389725,,,,,,,,
,,,,,,,,,1.218421052631579e-07,14274,,,,,,,,,
93,,,,,,,,,,14274,0.02105128951370716,,,,,,,,
,,,,,,,,,1.2118421052631578e-07,14279,,,,,,,,,
93,,,,,,,,,,14279,0.003669372294098139,,,,,,,,
,,,,,,,,,1.2052631578947368e-07,14284,,,,,,,,,
93,,,,,,,,,,14284,0.06642544269561768,,,,,,,,
93,,,,,,,,,,14287,,0.7250000238418579,0.760869562625885,0.07122765481472015,0.07122765481472015,0.475799560546875,0.760869562625885,0.760869562625885,0.4832387864589691
,,,,,,,,,1.1986842105263157e-07,14289,,,,,,,,,
94,,,,,,,,,,14289,0.00948014110326767,,,,,,,,
,,,,,,,,,1.1921052631578947e-07,14294,,,,,,,,,
94,,,,,,,,,,14294,0.009852041490375996,,,,,,,,
,,,,,,,,,1.1855263157894736e-07,14299,,,,,,,,,
94,,,,,,,,,,14299,0.036315999925136566,,,,,,,,
,,,,,,,,,1.1789473684210526e-07,14304,,,,,,,,,
94,,,,,,,,,,14304,0.013779803179204464,,,,,,,,
,,,,,,,,,1.1723684210526314e-07,14309,,,,,,,,,
94,,,,,,,,,,14309,0.044074591249227524,,,,,,,,
,,,,,,,,,1.1657894736842104e-07,14314,,,,,,,,,
94,,,,,,,,,,14314,0.03080063872039318,,,,,,,,
,,,,,,,,,1.1592105263157895e-07,14319,,,,,,,,,
94,,,,,,,,,,14319,0.021221833303570747,,,,,,,,
,,,,,,,,,1.1526315789473684e-07,14324,,,,,,,,,
94,,,,,,,,,,14324,0.008050843141973019,,,,,,,,
,,,,,,,,,1.1460526315789474e-07,14329,,,,,,,,,
94,,,,,,,,,,14329,0.04108002409338951,,,,,,,,
,,,,,,,,,1.1394736842105262e-07,14334,,,,,,,,,
94,,,,,,,,,,14334,0.04012453556060791,,,,,,,,
,,,,,,,,,1.1328947368421052e-07,14339,,,,,,,,,
94,,,,,,,,,,14339,0.03152020275592804,,,,,,,,
,,,,,,,,,1.1263157894736841e-07,14344,,,,,,,,,
94,,,,,,,,,,14344,0.028338998556137085,,,,,,,,
,,,,,,,,,1.1197368421052632e-07,14349,,,,,,,,,
94,,,,,,,,,,14349,0.009912238456308842,,,,,,,,
,,,,,,,,,1.1131578947368421e-07,14354,,,,,,,,,
94,,,,,,,,,,14354,0.036024462431669235,,,,,,,,
,,,,,,,,,1.106578947368421e-07,14359,,,,,,,,,
94,,,,,,,,,,14359,0.029681844636797905,,,,,,,,
,,,,,,,,,1.0999999999999999e-07,14364,,,,,,,,,
94,,,,,,,,,,14364,0.020202169194817543,,,,,,,,
,,,,,,,,,1.0934210526315789e-07,14369,,,,,,,,,
94,,,,,,,,,,14369,0.008552308194339275,,,,,,,,
,,,,,,,,,1.0868421052631578e-07,14374,,,,,,,,,
94,,,,,,,,,,14374,0.09260014444589615,,,,,,,,
,,,,,,,,,1.0802631578947368e-07,14379,,,,,,,,,
94,,,,,,,,,,14379,0.0583321712911129,,,,,,,,
,,,,,,,,,1.0736842105263157e-07,14384,,,,,,,,,
94,,,,,,,,,,14384,0.014482415281236172,,,,,,,,
,,,,,,,,,1.0671052631578947e-07,14389,,,,,,,,,
94,,,,,,,,,,14389,0.007758798077702522,,,,,,,,
,,,,,,,,,1.0605263157894737e-07,14394,,,,,,,,,
94,,,,,,,,,,14394,0.022950157523155212,,,,,,,,
,,,,,,,,,1.0539473684210526e-07,14399,,,,,,,,,
94,,,,,,,,,,14399,0.01572376862168312,,,,,,,,
,,,,,,,,,1.0473684210526316e-07,14404,,,,,,,,,
94,,,,,,,,,,14404,0.06269112229347229,,,,,,,,
,,,,,,,,,1.0407894736842104e-07,14409,,,,,,,,,
94,,,,,,,,,,14409,0.0014351141871884465,,,,,,,,
,,,,,,,,,1.0342105263157893e-07,14414,,,,,,,,,
94,,,,,,,,,,14414,0.011750462464988232,,,,,,,,
,,,,,,,,,1.0276315789473684e-07,14419,,,,,,,,,
94,,,,,,,,,,14419,0.030321696773171425,,,,,,,,
,,,,,,,,,1.0210526315789474e-07,14424,,,,,,,,,
94,,,,,,,,,,14424,0.018031887710094452,,,,,,,,
,,,,,,,,,1.0144736842105263e-07,14429,,,,,,,,,
94,,,,,,,,,,14429,0.03509654849767685,,,,,,,,
,,,,,,,,,1.0078947368421052e-07,14434,,,,,,,,,
94,,,,,,,,,,14434,0.002714269794523716,,,,,,,,
,,,,,,,,,1.0013157894736841e-07,14439,,,,,,,,,
94,,,,,,,,,,14439,0.012220624834299088,,,,,,,,
94,,,,,,,,,,14439,,0.737500011920929,0.774193525314331,0.07133322954177856,0.07133322954177856,0.4770134389400482,0.7659574747085571,0.782608687877655,0.485034704208374
,,,,,,,,,9.94736842105263e-08,14444,,,,,,,,,
95,,,,,,,,,,14444,0.014552700333297253,,,,,,,,
,,,,,,,,,9.88157894736842e-08,14449,,,,,,,,,
95,,,,,,,,,,14449,0.014621904119849205,,,,,,,,
,,,,,,,,,9.815789473684211e-08,14454,,,,,,,,,
95,,,,,,,,,,14454,0.006554965861141682,,,,,,,,
,,,,,,,,,9.749999999999999e-08,14459,,,,,,,,,
95,,,,,,,,,,14459,0.02152751199901104,,,,,,,,
,,,,,,,,,9.684210526315789e-08,14464,,,,,,,,,
95,,,,,,,,,,14464,0.018115347251296043,,,,,,,,
,,,,,,,,,9.618421052631578e-08,14469,,,,,,,,,
95,,,,,,,,,,14469,0.01747685670852661,,,,,,,,
,,,,,,,,,9.552631578947368e-08,14474,,,,,,,,,
95,,,,,,,,,,14474,0.04082025960087776,,,,,,,,
,,,,,,,,,9.486842105263157e-08,14479,,,,,,,,,
95,,,,,,,,,,14479,0.028400739654898643,,,,,,,,
,,,,,,,,,9.421052631578946e-08,14484,,,,,,,,,
95,,,,,,,,,,14484,0.08285948634147644,,,,,,,,
,,,,,,,,,9.355263157894737e-08,14489,,,,,,,,,
95,,,,,,,,,,14489,0.02669401839375496,,,,,,,,
,,,,,,,,,9.289473684210526e-08,14494,,,,,,,,,
95,,,,,,,,,,14494,0.016617093235254288,,,,,,,,
,,,,,,,,,9.223684210526316e-08,14499,,,,,,,,,
95,,,,,,,,,,14499,0.06784362345933914,,,,,,,,
,,,,,,,,,9.157894736842105e-08,14504,,,,,,,,,
95,,,,,,,,,,14504,0.02150435745716095,,,,,,,,
,,,,,,,,,9.092105263157893e-08,14509,,,,,,,,,
95,,,,,,,,,,14509,0.03065839409828186,,,,,,,,
,,,,,,,,,9.026315789473683e-08,14514,,,,,,,,,
95,,,,,,,,,,14514,0.019548336043953896,,,,,,,,
,,,,,,,,,8.960526315789474e-08,14519,,,,,,,,,
95,,,,,,,,,,14519,0.007805227302014828,,,,,,,,
,,,,,,,,,8.894736842105263e-08,14524,,,,,,,,,
95,,,,,,,,,,14524,0.03632451221346855,,,,,,,,
,,,,,,,,,8.828947368421053e-08,14529,,,,,,,,,
95,,,,,,,,,,14529,0.01781514100730419,,,,,,,,
,,,,,,,,,8.763157894736841e-08,14534,,,,,,,,,
95,,,,,,,,,,14534,0.01187953632324934,,,,,,,,
,,,,,,,,,8.697368421052631e-08,14539,,,,,,,,,
95,,,,,,,,,,14539,0.016357075423002243,,,,,,,,
,,,,,,,,,8.63157894736842e-08,14544,,,,,,,,,
95,,,,,,,,,,14544,0.008147372864186764,,,,,,,,
,,,,,,,,,8.56578947368421e-08,14549,,,,,,,,,
95,,,,,,,,,,14549,0.022873258218169212,,,,,,,,
,,,,,,,,,8.500000000000001e-08,14554,,,,,,,,,
95,,,,,,,,,,14554,0.038610007613897324,,,,,,,,
,,,,,,,,,8.434210526315789e-08,14559,,,,,,,,,
95,,,,,,,,,,14559,0.011336774565279484,,,,,,,,
,,,,,,,,,8.368421052631578e-08,14564,,,,,,,,,
95,,,,,,,,,,14564,0.04675063118338585,,,,,,,,
,,,,,,,,,8.302631578947368e-08,14569,,,,,,,,,
95,,,,,,,,,,14569,0.04658353328704834,,,,,,,,
,,,,,,,,,8.236842105263158e-08,14574,,,,,,,,,
95,,,,,,,,,,14574,0.059491898864507675,,,,,,,,
,,,,,,,,,8.171052631578947e-08,14579,,,,,,,,,
95,,,,,,,,,,14579,0.03593241050839424,,,,,,,,
,,,,,,,,,8.105263157894735e-08,14584,,,,,,,,,
95,,,,,,,,,,14584,0.03755941614508629,,,,,,,,
,,,,,,,,,8.039473684210526e-08,14589,,,,,,,,,
95,,,,,,,,,,14589,0.003184679662808776,,,,,,,,
95,,,,,,,,,,14591,,0.7250000238418579,0.760869562625885,0.07091065496206284,0.07091065496206284,0.47550663352012634,0.760869562625885,0.760869562625885,0.48382568359375
,,,,,,,,,7.973684210526316e-08,14594,,,,,,,,,
96,,,,,,,,,,14594,0.016958091408014297,,,,,,,,
,,,,,,,,,7.907894736842105e-08,14599,,,,,,,,,
96,,,,,,,,,,14599,0.012188352644443512,,,,,,,,
,,,,,,,,,7.842105263157895e-08,14604,,,,,,,,,
96,,,,,,,,,,14604,0.0313241146504879,,,,,,,,
,,,,,,,,,7.776315789473683e-08,14609,,,,,,,,,
96,,,,,,,,,,14609,0.032342467457056046,,,,,,,,
,,,,,,,,,7.710526315789473e-08,14614,,,,,,,,,
96,,,,,,,,,,14614,0.008373329415917397,,,,,,,,
,,,,,,,,,7.644736842105262e-08,14619,,,,,,,,,
96,,,,,,,,,,14619,0.01291410531848669,,,,,,,,
,,,,,,,,,7.578947368421053e-08,14624,,,,,,,,,
96,,,,,,,,,,14624,0.03637702763080597,,,,,,,,
,,,,,,,,,7.513157894736843e-08,14629,,,,,,,,,
96,,,,,,,,,,14629,0.03970462083816528,,,,,,,,
,,,,,,,,,7.447368421052631e-08,14634,,,,,,,,,
96,,,,,,,,,,14634,0.007110560312867165,,,,,,,,
,,,,,,,,,7.38157894736842e-08,14639,,,,,,,,,
96,,,,,,,,,,14639,0.03162496164441109,,,,,,,,
,,,,,,,,,7.31578947368421e-08,14644,,,,,,,,,
96,,,,,,,,,,14644,0.05816022306680679,,,,,,,,
,,,,,,,,,7.25e-08,14649,,,,,,,,,
96,,,,,,,,,,14649,0.030131619423627853,,,,,,,,
,,,,,,,,,7.18421052631579e-08,14654,,,,,,,,,
96,,,,,,,,,,14654,0.016920652240514755,,,,,,,,
,,,,,,,,,7.118421052631578e-08,14659,,,,,,,,,
96,,,,,,,,,,14659,0.01762465573847294,,,,,,,,
,,,,,,,,,7.052631578947368e-08,14664,,,,,,,,,
96,,,,,,,,,,14664,0.01272430457174778,,,,,,,,
,,,,,,,,,6.986842105263158e-08,14669,,,,,,,,,
96,,,,,,,,,,14669,0.00676018837839365,,,,,,,,
,,,,,,,,,6.921052631578947e-08,14674,,,,,,,,,
96,,,,,,,,,,14674,0.016087675467133522,,,,,,,,
,,,,,,,,,6.855263157894737e-08,14679,,,,,,,,,
96,,,,,,,,,,14679,0.021055448800325394,,,,,,,,
,,,,,,,,,6.789473684210525e-08,14684,,,,,,,,,
96,,,,,,,,,,14684,0.015422353520989418,,,,,,,,
,,,,,,,,,6.723684210526316e-08,14689,,,,,,,,,
96,,,,,,,,,,14689,0.03265778720378876,,,,,,,,
,,,,,,,,,6.657894736842105e-08,14694,,,,,,,,,
96,,,,,,,,,,14694,0.027921000495553017,,,,,,,,
,,,,,,,,,6.592105263157895e-08,14699,,,,,,,,,
96,,,,,,,,,,14699,0.006586264353245497,,,,,,,,
,,,,,,,,,6.526315789473684e-08,14704,,,,,,,,,
96,,,,,,,,,,14704,0.015997476875782013,,,,,,,,
,,,,,,,,,6.460526315789473e-08,14709,,,,,,,,,
96,,,,,,,,,,14709,0.01294928602874279,,,,,,,,
,,,,,,,,,6.394736842105262e-08,14714,,,,,,,,,
96,,,,,,,,,,14714,0.012422924861311913,,,,,,,,
,,,,,,,,,6.328947368421052e-08,14719,,,,,,,,,
96,,,,,,,,,,14719,0.03701334446668625,,,,,,,,
,,,,,,,,,6.263157894736843e-08,14724,,,,,,,,,
96,,,,,,,,,,14724,0.03469281271100044,,,,,,,,
,,,,,,,,,6.197368421052631e-08,14729,,,,,,,,,
96,,,,,,,,,,14729,0.008062388747930527,,,,,,,,
,,,,,,,,,6.13157894736842e-08,14734,,,,,,,,,
96,,,,,,,,,,14734,0.01255049929022789,,,,,,,,
,,,,,,,,,6.06578947368421e-08,14739,,,,,,,,,
96,,,,,,,,,,14739,0.029802998527884483,,,,,,,,
96,,,,,,,,,,14743,,0.7250000238418579,0.760869562625885,0.07082835584878922,0.07082835584878922,0.47595131397247314,0.760869562625885,0.760869562625885,0.48452994227409363
,,,,,,,,,6e-08,14744,,,,,,,,,
97,,,,,,,,,,14744,0.032670099288225174,,,,,,,,
,,,,,,,,,5.93421052631579e-08,14749,,,,,,,,,
97,,,,,,,,,,14749,0.03410084545612335,,,,,,,,
,,,,,,,,,5.8684210526315786e-08,14754,,,,,,,,,
97,,,,,,,,,,14754,0.01305721327662468,,,,,,,,
,,,,,,,,,5.802631578947368e-08,14759,,,,,,,,,
97,,,,,,,,,,14759,0.04186850041151047,,,,,,,,
,,,,,,,,,5.736842105263157e-08,14764,,,,,,,,,
97,,,,,,,,,,14764,0.03571082279086113,,,,,,,,
,,,,,,,,,5.671052631578947e-08,14769,,,,,,,,,
97,,,,,,,,,,14769,0.005133601371198893,,,,,,,,
,,,,,,,,,5.605263157894737e-08,14774,,,,,,,,,
97,,,,,,,,,,14774,0.013718880712985992,,,,,,,,
,,,,,,,,,5.5394736842105256e-08,14779,,,,,,,,,
97,,,,,,,,,,14779,0.011506674811244011,,,,,,,,
,,,,,,,,,5.473684210526316e-08,14784,,,,,,,,,
97,,,,,,,,,,14784,0.010151117108762264,,,,,,,,
,,,,,,,,,5.407894736842105e-08,14789,,,,,,,,,
97,,,,,,,,,,14789,0.05332588404417038,,,,,,,,
,,,,,,,,,5.342105263157894e-08,14794,,,,,,,,,
97,,,,,,,,,,14794,0.016232257708907127,,,,,,,,
,,,,,,,,,5.2763157894736845e-08,14799,,,,,,,,,
97,,,,,,,,,,14799,0.027292869985103607,,,,,,,,
,,,,,,,,,5.2105263157894734e-08,14804,,,,,,,,,
97,,,,,,,,,,14804,0.029794076457619667,,,,,,,,
,,,,,,,,,5.144736842105263e-08,14809,,,,,,,,,
97,,,,,,,,,,14809,0.018120864406228065,,,,,,,,
,,,,,,,,,5.078947368421052e-08,14814,,,,,,,,,
97,,,,,,,,,,14814,0.03131338953971863,,,,,,,,
,,,,,,,,,5.013157894736842e-08,14819,,,,,,,,,
97,,,,,,,,,,14819,0.02174639329314232,,,,,,,,
,,,,,,,,,4.9473684210526315e-08,14824,,,,,,,,,
97,,,,,,,,,,14824,0.005279788747429848,,,,,,,,
,,,,,,,,,4.8815789473684204e-08,14829,,,,,,,,,
97,,,,,,,,,,14829,0.004224230535328388,,,,,,,,
,,,,,,,,,4.8157894736842106e-08,14834,,,,,,,,,
97,,,,,,,,,,14834,0.06188606470823288,,,,,,,,
,,,,,,,,,4.7499999999999995e-08,14839,,,,,,,,,
97,,,,,,,,,,14839,0.032432232052087784,,,,,,,,
,,,,,,,,,4.684210526315789e-08,14844,,,,,,,,,
97,,,,,,,,,,14844,0.016402631998062134,,,,,,,,
,,,,,,,,,4.618421052631579e-08,14849,,,,,,,,,
97,,,,,,,,,,14849,0.020905740559101105,,,,,,,,
,,,,,,,,,4.552631578947368e-08,14854,,,,,,,,,
97,,,,,,,,,,14854,0.02525538019835949,,,,,,,,
,,,,,,,,,4.486842105263158e-08,14859,,,,,,,,,
97,,,,,,,,,,14859,0.014736002311110497,,,,,,,,
,,,,,,,,,4.4210526315789466e-08,14864,,,,,,,,,
97,,,,,,,,,,14864,0.012742933817207813,,,,,,,,
,,,,,,,,,4.355263157894737e-08,14869,,,,,,,,,
97,,,,,,,,,,14869,0.052894242107868195,,,,,,,,
,,,,,,,,,4.2894736842105263e-08,14874,,,,,,,,,
97,,,,,,,,,,14874,0.016958344727754593,,,,,,,,
,,,,,,,,,4.223684210526315e-08,14879,,,,,,,,,
97,,,,,,,,,,14879,0.01643447019159794,,,,,,,,
,,,,,,,,,4.1578947368421054e-08,14884,,,,,,,,,
97,,,,,,,,,,14884,0.014350520446896553,,,,,,,,
,,,,,,,,,4.092105263157894e-08,14889,,,,,,,,,
97,,,,,,,,,,14889,0.03257717564702034,,,,,,,,
,,,,,,,,,4.026315789473684e-08,14894,,,,,,,,,
97,,,,,,,,,,14894,0.007902665063738823,,,,,,,,
97,,,,,,,,,,14895,,0.7250000238418579,0.760869562625885,0.07088224589824677,0.07088224589824677,0.47534897923469543,0.760869562625885,0.760869562625885,0.4819006621837616
,,,,,,,,,3.9605263157894734e-08,14899,,,,,,,,,
98,,,,,,,,,,14899,0.00900183618068695,,,,,,,,
,,,,,,,,,3.894736842105263e-08,14904,,,,,,,,,
98,,,,,,,,,,14904,0.021617230027914047,,,,,,,,
,,,,,,,,,3.8289473684210525e-08,14909,,,,,,,,,
98,,,,,,,,,,14909,0.025903182104229927,,,,,,,,
,,,,,,,,,3.7631578947368414e-08,14914,,,,,,,,,
98,,,,,,,,,,14914,0.011947708204388618,,,,,,,,
,,,,,,,,,3.6973684210526316e-08,14919,,,,,,,,,
98,,,,,,,,,,14919,0.01600874587893486,,,,,,,,
,,,,,,,,,3.631578947368421e-08,14924,,,,,,,,,
98,,,,,,,,,,14924,0.028118988499045372,,,,,,,,
,,,,,,,,,3.56578947368421e-08,14929,,,,,,,,,
98,,,,,,,,,,14929,0.06779569387435913,,,,,,,,
,,,,,,,,,3.5e-08,14934,,,,,,,,,
98,,,,,,,,,,14934,0.017571859061717987,,,,,,,,
,,,,,,,,,3.434210526315789e-08,14939,,,,,,,,,
98,,,,,,,,,,14939,0.013222835026681423,,,,,,,,
,,,,,,,,,3.368421052631579e-08,14944,,,,,,,,,
98,,,,,,,,,,14944,0.0435032956302166,,,,,,,,
,,,,,,,,,3.302631578947368e-08,14949,,,,,,,,,
98,,,,,,,,,,14949,0.02280205674469471,,,,,,,,
,,,,,,,,,3.236842105263158e-08,14954,,,,,,,,,
98,,,,,,,,,,14954,0.02693377435207367,,,,,,,,
,,,,,,,,,3.171052631578947e-08,14959,,,,,,,,,
98,,,,,,,,,,14959,0.011318322271108627,,,,,,,,
,,,,,,,,,3.105263157894737e-08,14964,,,,,,,,,
98,,,,,,,,,,14964,0.019719457253813744,,,,,,,,
,,,,,,,,,3.0394736842105264e-08,14969,,,,,,,,,
98,,,,,,,,,,14969,0.008184220641851425,,,,,,,,
,,,,,,,,,2.9736842105263156e-08,14974,,,,,,,,,
98,,,,,,,,,,14974,0.0505046583712101,,,,,,,,
,,,,,,,,,2.907894736842105e-08,14979,,,,,,,,,
98,,,,,,,,,,14979,0.018235938623547554,,,,,,,,
,,,,,,,,,2.8421052631578947e-08,14984,,,,,,,,,
98,,,,,,,,,,14984,0.014266963116824627,,,,,,,,
,,,,,,,,,2.7763157894736843e-08,14989,,,,,,,,,
98,,,,,,,,,,14989,0.006738383788615465,,,,,,,,
,,,,,,,,,2.7105263157894735e-08,14994,,,,,,,,,
98,,,,,,,,,,14994,0.02802377939224243,,,,,,,,
,,,,,,,,,2.644736842105263e-08,14999,,,,,,,,,
98,,,,,,,,,,14999,0.021890513598918915,,,,,,,,
,,,,,,,,,2.5789473684210526e-08,15004,,,,,,,,,
98,,,,,,,,,,15004,0.013815603218972683,,,,,,,,
,,,,,,,,,2.513157894736842e-08,15009,,,,,,,,,
98,,,,,,,,,,15009,0.028488395735621452,,,,,,,,
,,,,,,,,,2.4473684210526313e-08,15014,,,,,,,,,
98,,,,,,,,,,15014,0.018241673707962036,,,,,,,,
,,,,,,,,,2.381578947368421e-08,15019,,,,,,,,,
98,,,,,,,,,,15019,0.0063036964274942875,,,,,,,,
,,,,,,,,,2.3157894736842104e-08,15024,,,,,,,,,
98,,,,,,,,,,15024,0.007779522333294153,,,,,,,,
,,,,,,,,,2.25e-08,15029,,,,,,,,,
98,,,,,,,,,,15029,0.016058530658483505,,,,,,,,
,,,,,,,,,2.1842105263157895e-08,15034,,,,,,,,,
98,,,,,,,,,,15034,0.039971426129341125,,,,,,,,
,,,,,,,,,2.1184210526315787e-08,15039,,,,,,,,,
98,,,,,,,,,,15039,0.015507228672504425,,,,,,,,
,,,,,,,,,2.0526315789473683e-08,15044,,,,,,,,,
98,,,,,,,,,,15044,0.023058854043483734,,,,,,,,
98,,,,,,,,,,15047,,0.7250000238418579,0.760869562625885,0.07091094553470612,0.07091094553470612,0.47522225975990295,0.760869562625885,0.760869562625885,0.4829923212528229
,,,,,,,,,1.9868421052631578e-08,15049,,,,,,,,,
99,,,,,,,,,,15049,0.026052609086036682,,,,,,,,
,,,,,,,,,1.9210526315789474e-08,15054,,,,,,,,,
99,,,,,,,,,,15054,0.01531748753041029,,,,,,,,
,,,,,,,,,1.855263157894737e-08,15059,,,,,,,,,
99,,,,,,,,,,15059,0.048237547278404236,,,,,,,,
,,,,,,,,,1.789473684210526e-08,15064,,,,,,,,,
99,,,,,,,,,,15064,0.028652379289269447,,,,,,,,
,,,,,,,,,1.7236842105263157e-08,15069,,,,,,,,,
99,,,,,,,,,,15069,0.010086830705404282,,,,,,,,
,,,,,,,,,1.6578947368421052e-08,15074,,,,,,,,,
99,,,,,,,,,,15074,0.020609954372048378,,,,,,,,
,,,,,,,,,1.5921052631578948e-08,15079,,,,,,,,,
99,,,,,,,,,,15079,0.05467949062585831,,,,,,,,
,,,,,,,,,1.526315789473684e-08,15084,,,,,,,,,
99,,,,,,,,,,15084,0.02045426331460476,,,,,,,,
,,,,,,,,,1.4605263157894737e-08,15089,,,,,,,,,
99,,,,,,,,,,15089,0.013206460513174534,,,,,,,,
,,,,,,,,,1.394736842105263e-08,15094,,,,,,,,,
99,,,,,,,,,,15094,0.01131379697471857,,,,,,,,
,,,,,,,,,1.3289473684210526e-08,15099,,,,,,,,,
99,,,,,,,,,,15099,0.006982261780649424,,,,,,,,
,,,,,,,,,1.263157894736842e-08,15104,,,,,,,,,
99,,,,,,,,,,15104,0.02036823332309723,,,,,,,,
,,,,,,,,,1.1973684210526315e-08,15109,,,,,,,,,
99,,,,,,,,,,15109,0.03170919045805931,,,,,,,,
,,,,,,,,,1.1315789473684211e-08,15114,,,,,,,,,
99,,,,,,,,,,15114,0.028038060292601585,,,,,,,,
,,,,,,,,,1.0657894736842105e-08,15119,,,,,,,,,
99,,,,,,,,,,15119,0.009384585544466972,,,,,,,,
,,,,,,,,,1e-08,15124,,,,,,,,,
99,,,,,,,,,,15124,0.027349578216671944,,,,,,,,
,,,,,,,,,9.342105263157894e-09,15129,,,,,,,,,
99,,,,,,,,,,15129,0.019734300673007965,,,,,,,,
,,,,,,,,,8.68421052631579e-09,15134,,,,,,,,,
99,,,,,,,,,,15134,0.022092027589678764,,,,,,,,
,,,,,,,,,8.026315789473683e-09,15139,,,,,,,,,
99,,,,,,,,,,15139,0.025548055768013,,,,,,,,
,,,,,,,,,7.368421052631579e-09,15144,,,,,,,,,
99,,,,,,,,,,15144,0.002493298612535,,,,,,,,
,,,,,,,,,6.710526315789473e-09,15149,,,,,,,,,
99,,,,,,,,,,15149,0.04477982968091965,,,,,,,,
,,,,,,,,,6.052631578947368e-09,15154,,,,,,,,,
99,,,,,,,,,,15154,0.022561511024832726,,,,,,,,
,,,,,,,,,5.394736842105263e-09,15159,,,,,,,,,
99,,,,,,,,,,15159,0.047587525099515915,,,,,,,,
,,,,,,,,,4.736842105263158e-09,15164,,,,,,,,,
99,,,,,,,,,,15164,0.01772371307015419,,,,,,,,
,,,,,,,,,4.078947368421053e-09,15169,,,,,,,,,
99,,,,,,,,,,15169,0.021221555769443512,,,,,,,,
,,,,,,,,,3.4210526315789474e-09,15174,,,,,,,,,
99,,,,,,,,,,15174,0.014793352223932743,,,,,,,,
,,,,,,,,,2.7631578947368416e-09,15179,,,,,,,,,
99,,,,,,,,,,15179,0.05361376702785492,,,,,,,,
,,,,,,,,,2.1052631578947367e-09,15184,,,,,,,,,
99,,,,,,,,,,15184,0.019640272483229637,,,,,,,,
,,,,,,,,,1.4473684210526315e-09,15189,,,,,,,,,
99,,,,,,,,,,15189,0.053765323013067245,,,,,,,,
,,,,,,,,,7.894736842105263e-10,15194,,,,,,,,,
99,,,,,,,,,,15194,0.040294479578733444,,,,,,,,
,,,,,,,,,1.3157894736842104e-10,15199,,,,,,,,,
99,,,,,,,,,,15199,0.028032928705215454,,,,,,,,
99,,,,,,,,,,15199,,0.7250000238418579,0.760869562625885,0.07092409580945969,0.07092409580945969,0.4749927520751953,0.760869562625885,0.760869562625885,0.4822997450828552
100,0.6656441688537598,0.7212276458740234,0.07773596793413162,0.07773596793413162,0.4036687910556793,0.7382199168205261,0.7049999833106995,0.4129146337509155,,15200,,,,,,,,,
