epoch,eval_accuracy,eval_f1,eval_loss,eval_mse,eval_pearson,eval_precision,eval_recall,eval_spearman,lr-AdamW,step,train_loss,val_accuracy,val_f1,val_loss,val_mse,val_pearson,val_precision,val_recall,val_spearman
,,,,,,,,,5.263157894736842e-10,4,,,,,,,,,
0,,,,,,,,,,4,0.09399889409542084,,,,,,,,
,,,,,,,,,1.1842105263157895e-09,9,,,,,,,,,
0,,,,,,,,,,9,0.10030544549226761,,,,,,,,
,,,,,,,,,1.8421052631578947e-09,14,,,,,,,,,
0,,,,,,,,,,14,0.053843215107917786,,,,,,,,
,,,,,,,,,2.5e-09,19,,,,,,,,,
0,,,,,,,,,,19,0.06519351899623871,,,,,,,,
,,,,,,,,,3.157894736842105e-09,24,,,,,,,,,
0,,,,,,,,,,24,0.0399990938603878,,,,,,,,
,,,,,,,,,3.81578947368421e-09,29,,,,,,,,,
0,,,,,,,,,,29,0.14404457807540894,,,,,,,,
,,,,,,,,,4.473684210526315e-09,34,,,,,,,,,
0,,,,,,,,,,34,0.09455963969230652,,,,,,,,
,,,,,,,,,5.131578947368421e-09,39,,,,,,,,,
0,,,,,,,,,,39,0.07699816673994064,,,,,,,,
,,,,,,,,,5.789473684210526e-09,44,,,,,,,,,
0,,,,,,,,,,44,0.07828738540410995,,,,,,,,
,,,,,,,,,6.447368421052631e-09,49,,,,,,,,,
0,,,,,,,,,,49,0.07365571707487106,,,,,,,,
,,,,,,,,,7.105263157894737e-09,54,,,,,,,,,
0,,,,,,,,,,54,0.05154598504304886,,,,,,,,
,,,,,,,,,7.763157894736842e-09,59,,,,,,,,,
0,,,,,,,,,,59,0.050900716334581375,,,,,,,,
,,,,,,,,,8.421052631578947e-09,64,,,,,,,,,
0,,,,,,,,,,64,0.1385381519794464,,,,,,,,
,,,,,,,,,9.078947368421053e-09,69,,,,,,,,,
0,,,,,,,,,,69,0.0930582731962204,,,,,,,,
,,,,,,,,,9.736842105263157e-09,74,,,,,,,,,
0,,,,,,,,,,74,0.051240600645542145,,,,,,,,
,,,,,,,,,1.0394736842105264e-08,79,,,,,,,,,
0,,,,,,,,,,79,0.10585251450538635,,,,,,,,
,,,,,,,,,1.1052631578947366e-08,84,,,,,,,,,
0,,,,,,,,,,84,0.0598120391368866,,,,,,,,
,,,,,,,,,1.1710526315789473e-08,89,,,,,,,,,
0,,,,,,,,,,89,0.08558915555477142,,,,,,,,
,,,,,,,,,1.2368421052631579e-08,94,,,,,,,,,
0,,,,,,,,,,94,0.0432635098695755,,,,,,,,
,,,,,,,,,1.3026315789473683e-08,99,,,,,,,,,
0,,,,,,,,,,99,0.14427177608013153,,,,,,,,
,,,,,,,,,1.368421052631579e-08,104,,,,,,,,,
0,,,,,,,,,,104,0.08844350278377533,,,,,,,,
,,,,,,,,,1.4342105263157892e-08,109,,,,,,,,,
0,,,,,,,,,,109,0.07865054905414581,,,,,,,,
,,,,,,,,,1.5e-08,114,,,,,,,,,
0,,,,,,,,,,114,0.06864145398139954,,,,,,,,
,,,,,,,,,1.5657894736842107e-08,119,,,,,,,,,
0,,,,,,,,,,119,0.10040359944105148,,,,,,,,
,,,,,,,,,1.631578947368421e-08,124,,,,,,,,,
0,,,,,,,,,,124,0.08849126100540161,,,,,,,,
,,,,,,,,,1.6973684210526312e-08,129,,,,,,,,,
0,,,,,,,,,,129,0.07682007551193237,,,,,,,,
,,,,,,,,,1.763157894736842e-08,134,,,,,,,,,
0,,,,,,,,,,134,0.11598953604698181,,,,,,,,
,,,,,,,,,1.8289473684210525e-08,139,,,,,,,,,
0,,,,,,,,,,139,0.0910172164440155,,,,,,,,
,,,,,,,,,1.8947368421052632e-08,144,,,,,,,,,
0,,,,,,,,,,144,0.0959811732172966,,,,,,,,
,,,,,,,,,1.9605263157894737e-08,149,,,,,,,,,
0,,,,,,,,,,149,0.07372383028268814,,,,,,,,
0,,,,,,,,,,151,,0.48750001192092896,0.3050847351551056,0.08153391629457474,0.08153391629457474,0.0792338028550148,0.692307710647583,0.19565217196941376,0.07144877314567566
,,,,,,,,,2.0263157894736838e-08,154,,,,,,,,,
1,,,,,,,,,,154,0.09480226784944534,,,,,,,,
,,,,,,,,,2.0921052631578946e-08,159,,,,,,,,,
1,,,,,,,,,,159,0.12726251780986786,,,,,,,,
,,,,,,,,,2.157894736842105e-08,164,,,,,,,,,
1,,,,,,,,,,164,0.0892472118139267,,,,,,,,
,,,,,,,,,2.223684210526316e-08,169,,,,,,,,,
1,,,,,,,,,,169,0.08120359480381012,,,,,,,,
,,,,,,,,,2.2894736842105263e-08,174,,,,,,,,,
1,,,,,,,,,,174,0.12351426482200623,,,,,,,,
,,,,,,,,,2.3552631578947364e-08,179,,,,,,,,,
1,,,,,,,,,,179,0.1024312824010849,,,,,,,,
,,,,,,,,,2.4210526315789472e-08,184,,,,,,,,,
1,,,,,,,,,,184,0.12162894755601883,,,,,,,,
,,,,,,,,,2.4868421052631577e-08,189,,,,,,,,,
1,,,,,,,,,,189,0.08327841758728027,,,,,,,,
,,,,,,,,,2.5526315789473684e-08,194,,,,,,,,,
1,,,,,,,,,,194,0.13868889212608337,,,,,,,,
,,,,,,,,,2.618421052631579e-08,199,,,,,,,,,
1,,,,,,,,,,199,0.041620489209890366,,,,,,,,
,,,,,,,,,2.6842105263157894e-08,204,,,,,,,,,
1,,,,,,,,,,204,0.06958690285682678,,,,,,,,
,,,,,,,,,2.7499999999999998e-08,209,,,,,,,,,
1,,,,,,,,,,209,0.09532401710748672,,,,,,,,
,,,,,,,,,2.8157894736842103e-08,214,,,,,,,,,
1,,,,,,,,,,214,0.05135663226246834,,,,,,,,
,,,,,,,,,2.881578947368421e-08,219,,,,,,,,,
1,,,,,,,,,,219,0.05629706010222435,,,,,,,,
,,,,,,,,,2.9473684210526315e-08,224,,,,,,,,,
1,,,,,,,,,,224,0.0614868700504303,,,,,,,,
,,,,,,,,,3.013157894736842e-08,229,,,,,,,,,
1,,,,,,,,,,229,0.11535950750112534,,,,,,,,
,,,,,,,,,3.0789473684210524e-08,234,,,,,,,,,
1,,,,,,,,,,234,0.08245061337947845,,,,,,,,
,,,,,,,,,3.1447368421052635e-08,239,,,,,,,,,
1,,,,,,,,,,239,0.13450777530670166,,,,,,,,
,,,,,,,,,3.210526315789473e-08,244,,,,,,,,,
1,,,,,,,,,,244,0.113318532705307,,,,,,,,
,,,,,,,,,3.276315789473684e-08,249,,,,,,,,,
1,,,,,,,,,,249,0.049955062568187714,,,,,,,,
,,,,,,,,,3.342105263157895e-08,254,,,,,,,,,
1,,,,,,,,,,254,0.1172991544008255,,,,,,,,
,,,,,,,,,3.4078947368421053e-08,259,,,,,,,,,
1,,,,,,,,,,259,0.10783413797616959,,,,,,,,
,,,,,,,,,3.473684210526316e-08,264,,,,,,,,,
1,,,,,,,,,,264,0.09355589747428894,,,,,,,,
,,,,,,,,,3.539473684210526e-08,269,,,,,,,,,
1,,,,,,,,,,269,0.054743193089962006,,,,,,,,
,,,,,,,,,3.605263157894737e-08,274,,,,,,,,,
1,,,,,,,,,,274,0.10716064274311066,,,,,,,,
,,,,,,,,,3.671052631578947e-08,279,,,,,,,,,
1,,,,,,,,,,279,0.03464917466044426,,,,,,,,
,,,,,,,,,3.7368421052631576e-08,284,,,,,,,,,
1,,,,,,,,,,284,0.10467351227998734,,,,,,,,
,,,,,,,,,3.802631578947369e-08,289,,,,,,,,,
1,,,,,,,,,,289,0.04823603481054306,,,,,,,,
,,,,,,,,,3.8684210526315785e-08,294,,,,,,,,,
1,,,,,,,,,,294,0.08683931082487106,,,,,,,,
,,,,,,,,,3.934210526315789e-08,299,,,,,,,,,
1,,,,,,,,,,299,0.11859895288944244,,,,,,,,
1,,,,,,,,,,303,,0.5,0.35483869910240173,0.08153120428323746,0.08153120428323746,0.07324236631393433,0.6875,0.239130437374115,0.0636313185095787
,,,,,,,,,4e-08,304,,,,,,,,,
2,,,,,,,,,,304,0.10846926271915436,,,,,,,,
,,,,,,,,,4.0657894736842105e-08,309,,,,,,,,,
2,,,,,,,,,,309,0.09891651570796967,,,,,,,,
,,,,,,,,,4.131578947368421e-08,314,,,,,,,,,
2,,,,,,,,,,314,0.10559157282114029,,,,,,,,
,,,,,,,,,4.1973684210526314e-08,319,,,,,,,,,
2,,,,,,,,,,319,0.07922355085611343,,,,,,,,
,,,,,,,,,4.263157894736842e-08,324,,,,,,,,,
2,,,,,,,,,,324,0.07578449696302414,,,,,,,,
,,,,,,,,,4.3289473684210524e-08,329,,,,,,,,,
2,,,,,,,,,,329,0.09370294958353043,,,,,,,,
,,,,,,,,,4.394736842105263e-08,334,,,,,,,,,
2,,,,,,,,,,334,0.07225845009088516,,,,,,,,
,,,,,,,,,4.460526315789474e-08,339,,,,,,,,,
2,,,,,,,,,,339,0.12627387046813965,,,,,,,,
,,,,,,,,,4.5263157894736844e-08,344,,,,,,,,,
2,,,,,,,,,,344,0.071393221616745,,,,,,,,
,,,,,,,,,4.592105263157894e-08,349,,,,,,,,,
2,,,,,,,,,,349,0.11258745938539505,,,,,,,,
,,,,,,,,,4.657894736842105e-08,354,,,,,,,,,
2,,,,,,,,,,354,0.11725358664989471,,,,,,,,
,,,,,,,,,4.723684210526316e-08,359,,,,,,,,,
2,,,,,,,,,,359,0.0413622222840786,,,,,,,,
,,,,,,,,,4.789473684210526e-08,364,,,,,,,,,
2,,,,,,,,,,364,0.08508658409118652,,,,,,,,
,,,,,,,,,4.8552631578947366e-08,369,,,,,,,,,
2,,,,,,,,,,369,0.060676880180835724,,,,,,,,
,,,,,,,,,4.921052631578947e-08,374,,,,,,,,,
2,,,,,,,,,,374,0.05451084300875664,,,,,,,,
,,,,,,,,,4.9868421052631576e-08,379,,,,,,,,,
2,,,,,,,,,,379,0.058724544942379,,,,,,,,
,,,,,,,,,5.052631578947368e-08,384,,,,,,,,,
2,,,,,,,,,,384,0.10795488208532333,,,,,,,,
,,,,,,,,,5.118421052631579e-08,389,,,,,,,,,
2,,,,,,,,,,389,0.07142741233110428,,,,,,,,
,,,,,,,,,5.1842105263157896e-08,394,,,,,,,,,
2,,,,,,,,,,394,0.11512785404920578,,,,,,,,
,,,,,,,,,5.2499999999999994e-08,399,,,,,,,,,
2,,,,,,,,,,399,0.07201638072729111,,,,,,,,
,,,,,,,,,5.3157894736842105e-08,404,,,,,,,,,
2,,,,,,,,,,404,0.14773733913898468,,,,,,,,
,,,,,,,,,5.381578947368421e-08,409,,,,,,,,,
2,,,,,,,,,,409,0.09233734011650085,,,,,,,,
,,,,,,,,,5.4473684210526314e-08,414,,,,,,,,,
2,,,,,,,,,,414,0.10986311733722687,,,,,,,,
,,,,,,,,,5.513157894736842e-08,419,,,,,,,,,
2,,,,,,,,,,419,0.056954026222229004,,,,,,,,
,,,,,,,,,5.578947368421052e-08,424,,,,,,,,,
2,,,,,,,,,,424,0.1254386007785797,,,,,,,,
,,,,,,,,,5.6447368421052634e-08,429,,,,,,,,,
2,,,,,,,,,,429,0.12765558063983917,,,,,,,,
,,,,,,,,,5.710526315789473e-08,434,,,,,,,,,
2,,,,,,,,,,434,0.018927346915006638,,,,,,,,
,,,,,,,,,5.776315789473684e-08,439,,,,,,,,,
2,,,,,,,,,,439,0.043031301349401474,,,,,,,,
,,,,,,,,,5.842105263157895e-08,444,,,,,,,,,
2,,,,,,,,,,444,0.08516726642847061,,,,,,,,
,,,,,,,,,5.9078947368421046e-08,449,,,,,,,,,
2,,,,,,,,,,449,0.11665378510951996,,,,,,,,
,,,,,,,,,5.973684210526315e-08,454,,,,,,,,,
2,,,,,,,,,,454,0.06935994327068329,,,,,,,,
2,,,,,,,,,,455,,0.4375,0.3661971688270569,0.081527478992939,0.081527478992939,0.06204484775662422,0.5199999809265137,0.28260868787765503,0.05591949075460434
,,,,,,,,,6.039473684210527e-08,459,,,,,,,,,
3,,,,,,,,,,459,0.06021376699209213,,,,,,,,
,,,,,,,,,6.105263157894736e-08,464,,,,,,,,,
3,,,,,,,,,,464,0.07489176839590073,,,,,,,,
,,,,,,,,,6.171052631578946e-08,469,,,,,,,,,
3,,,,,,,,,,469,0.011055786162614822,,,,,,,,
,,,,,,,,,6.236842105263158e-08,474,,,,,,,,,
3,,,,,,,,,,474,0.11582349985837936,,,,,,,,
,,,,,,,,,6.302631578947367e-08,479,,,,,,,,,
3,,,,,,,,,,479,0.0935879796743393,,,,,,,,
,,,,,,,,,6.368421052631579e-08,484,,,,,,,,,
3,,,,,,,,,,484,0.08240795135498047,,,,,,,,
,,,,,,,,,6.43421052631579e-08,489,,,,,,,,,
3,,,,,,,,,,489,0.06811178475618362,,,,,,,,
,,,,,,,,,6.5e-08,494,,,,,,,,,
3,,,,,,,,,,494,0.06886205822229385,,,,,,,,
,,,,,,,,,6.56578947368421e-08,499,,,,,,,,,
3,,,,,,,,,,499,0.029229160398244858,,,,,,,,
,,,,,,,,,6.631578947368421e-08,504,,,,,,,,,
3,,,,,,,,,,504,0.1037025973200798,,,,,,,,
,,,,,,,,,6.697368421052631e-08,509,,,,,,,,,
3,,,,,,,,,,509,0.10974608361721039,,,,,,,,
,,,,,,,,,6.763157894736842e-08,514,,,,,,,,,
3,,,,,,,,,,514,0.07270113378763199,,,,,,,,
,,,,,,,,,6.828947368421052e-08,519,,,,,,,,,
3,,,,,,,,,,519,0.07699918746948242,,,,,,,,
,,,,,,,,,6.894736842105263e-08,524,,,,,,,,,
3,,,,,,,,,,524,0.09558767080307007,,,,,,,,
,,,,,,,,,6.960526315789473e-08,529,,,,,,,,,
3,,,,,,,,,,529,0.058502502739429474,,,,,,,,
,,,,,,,,,7.026315789473685e-08,534,,,,,,,,,
3,,,,,,,,,,534,0.09912952780723572,,,,,,,,
,,,,,,,,,7.092105263157895e-08,539,,,,,,,,,
3,,,,,,,,,,539,0.0771850124001503,,,,,,,,
,,,,,,,,,7.157894736842105e-08,544,,,,,,,,,
3,,,,,,,,,,544,0.08093978464603424,,,,,,,,
,,,,,,,,,7.223684210526315e-08,549,,,,,,,,,
3,,,,,,,,,,549,0.06561534851789474,,,,,,,,
,,,,,,,,,7.289473684210525e-08,554,,,,,,,,,
3,,,,,,,,,,554,0.10588622838258743,,,,,,,,
,,,,,,,,,7.355263157894737e-08,559,,,,,,,,,
3,,,,,,,,,,559,0.0477994903922081,,,,,,,,
,,,,,,,,,7.421052631578948e-08,564,,,,,,,,,
3,,,,,,,,,,564,0.1100425273180008,,,,,,,,
,,,,,,,,,7.486842105263158e-08,569,,,,,,,,,
3,,,,,,,,,,569,0.07116475701332092,,,,,,,,
,,,,,,,,,7.552631578947367e-08,574,,,,,,,,,
3,,,,,,,,,,574,0.0713280737400055,,,,,,,,
,,,,,,,,,7.618421052631578e-08,579,,,,,,,,,
3,,,,,,,,,,579,0.0783681869506836,,,,,,,,
,,,,,,,,,7.68421052631579e-08,584,,,,,,,,,
3,,,,,,,,,,584,0.11884138733148575,,,,,,,,
,,,,,,,,,7.75e-08,589,,,,,,,,,
3,,,,,,,,,,589,0.03576527163386345,,,,,,,,
,,,,,,,,,7.81578947368421e-08,594,,,,,,,,,
3,,,,,,,,,,594,0.038349997252225876,,,,,,,,
,,,,,,,,,7.881578947368421e-08,599,,,,,,,,,
3,,,,,,,,,,599,0.05436308681964874,,,,,,,,
,,,,,,,,,7.947368421052631e-08,604,,,,,,,,,
3,,,,,,,,,,604,0.11768501251935959,,,,,,,,
3,,,,,,,,,,607,,0.42500001192092896,0.4390243887901306,0.08152443915605545,0.08152443915605545,0.04680626839399338,0.5,0.3913043439388275,0.04983924701809883
,,,,,,,,,8.013157894736842e-08,609,,,,,,,,,
4,,,,,,,,,,609,0.09227937459945679,,,,,,,,
,,,,,,,,,8.078947368421052e-08,614,,,,,,,,,
4,,,,,,,,,,614,0.09682957828044891,,,,,,,,
,,,,,,,,,8.144736842105263e-08,619,,,,,,,,,
4,,,,,,,,,,619,0.12939044833183289,,,,,,,,
,,,,,,,,,8.210526315789473e-08,624,,,,,,,,,
4,,,,,,,,,,624,0.12777771055698395,,,,,,,,
,,,,,,,,,8.276315789473684e-08,629,,,,,,,,,
4,,,,,,,,,,629,0.07070983201265335,,,,,,,,
,,,,,,,,,8.342105263157895e-08,634,,,,,,,,,
4,,,,,,,,,,634,0.10001114755868912,,,,,,,,
,,,,,,,,,8.407894736842106e-08,639,,,,,,,,,
4,,,,,,,,,,639,0.09972988069057465,,,,,,,,
,,,,,,,,,8.473684210526315e-08,644,,,,,,,,,
4,,,,,,,,,,644,0.09857256710529327,,,,,,,,
,,,,,,,,,8.539473684210525e-08,649,,,,,,,,,
4,,,,,,,,,,649,0.07405754923820496,,,,,,,,
,,,,,,,,,8.605263157894736e-08,654,,,,,,,,,
4,,,,,,,,,,654,0.10062152147293091,,,,,,,,
,,,,,,,,,8.671052631578948e-08,659,,,,,,,,,
4,,,,,,,,,,659,0.0693470910191536,,,,,,,,
,,,,,,,,,8.736842105263158e-08,664,,,,,,,,,
4,,,,,,,,,,664,0.07689369469881058,,,,,,,,
,,,,,,,,,8.802631578947368e-08,669,,,,,,,,,
4,,,,,,,,,,669,0.10761978477239609,,,,,,,,
,,,,,,,,,8.868421052631579e-08,674,,,,,,,,,
4,,,,,,,,,,674,0.04765086993575096,,,,,,,,
,,,,,,,,,8.934210526315788e-08,679,,,,,,,,,
4,,,,,,,,,,679,0.08638568222522736,,,,,,,,
,,,,,,,,,9e-08,684,,,,,,,,,
4,,,,,,,,,,684,0.08218474686145782,,,,,,,,
,,,,,,,,,9.06578947368421e-08,689,,,,,,,,,
4,,,,,,,,,,689,0.12034368515014648,,,,,,,,
,,,,,,,,,9.131578947368421e-08,694,,,,,,,,,
4,,,,,,,,,,694,0.02928851917386055,,,,,,,,
,,,,,,,,,9.197368421052631e-08,699,,,,,,,,,
4,,,,,,,,,,699,0.09402094781398773,,,,,,,,
,,,,,,,,,9.263157894736842e-08,704,,,,,,,,,
4,,,,,,,,,,704,0.11498605459928513,,,,,,,,
,,,,,,,,,9.328947368421053e-08,709,,,,,,,,,
4,,,,,,,,,,709,0.10927671939134598,,,,,,,,
,,,,,,,,,9.394736842105263e-08,714,,,,,,,,,
4,,,,,,,,,,714,0.06303940713405609,,,,,,,,
,,,,,,,,,9.460526315789473e-08,719,,,,,,,,,
4,,,,,,,,,,719,0.06398915499448776,,,,,,,,
,,,,,,,,,9.526315789473683e-08,724,,,,,,,,,
4,,,,,,,,,,724,0.049539342522621155,,,,,,,,
,,,,,,,,,9.592105263157894e-08,729,,,,,,,,,
4,,,,,,,,,,729,0.07723724842071533,,,,,,,,
,,,,,,,,,9.657894736842106e-08,734,,,,,,,,,
4,,,,,,,,,,734,0.07945240288972855,,,,,,,,
,,,,,,,,,9.723684210526316e-08,739,,,,,,,,,
4,,,,,,,,,,739,0.13289088010787964,,,,,,,,
,,,,,,,,,9.789473684210525e-08,744,,,,,,,,,
4,,,,,,,,,,744,0.06517767161130905,,,,,,,,
,,,,,,,,,9.855263157894736e-08,749,,,,,,,,,
4,,,,,,,,,,749,0.052463144063949585,,,,,,,,
,,,,,,,,,9.921052631578946e-08,754,,,,,,,,,
4,,,,,,,,,,754,0.08256951719522476,,,,,,,,
,,,,,,,,,9.986842105263158e-08,759,,,,,,,,,
4,,,,,,,,,,759,0.07716476172208786,,,,,,,,
4,,,,,,,,,,759,,0.5,0.5918367505073547,0.08151858299970627,0.08151858299970627,0.030842982232570648,0.557692289352417,0.6304348111152649,0.0331479087471962
,,,,,,,,,1.0052631578947368e-07,764,,,,,,,,,
5,,,,,,,,,,764,0.09514153748750687,,,,,,,,
,,,,,,,,,1.0118421052631579e-07,769,,,,,,,,,
5,,,,,,,,,,769,0.10376472026109695,,,,,,,,
,,,,,,,,,1.018421052631579e-07,774,,,,,,,,,
5,,,,,,,,,,774,0.12317538261413574,,,,,,,,
,,,,,,,,,1.0249999999999998e-07,779,,,,,,,,,
5,,,,,,,,,,779,0.0793907418847084,,,,,,,,
,,,,,,,,,1.031578947368421e-07,784,,,,,,,,,
5,,,,,,,,,,784,0.07407580316066742,,,,,,,,
,,,,,,,,,1.0381578947368421e-07,789,,,,,,,,,
5,,,,,,,,,,789,0.0739404708147049,,,,,,,,
,,,,,,,,,1.0447368421052631e-07,794,,,,,,,,,
5,,,,,,,,,,794,0.08985503017902374,,,,,,,,
,,,,,,,,,1.0513157894736842e-07,799,,,,,,,,,
5,,,,,,,,,,799,0.08799026906490326,,,,,,,,
,,,,,,,,,1.0578947368421052e-07,804,,,,,,,,,
5,,,,,,,,,,804,0.066852867603302,,,,,,,,
,,,,,,,,,1.0644736842105264e-07,809,,,,,,,,,
5,,,,,,,,,,809,0.030060680583119392,,,,,,,,
,,,,,,,,,1.0710526315789473e-07,814,,,,,,,,,
5,,,,,,,,,,814,0.07463878393173218,,,,,,,,
,,,,,,,,,1.0776315789473683e-07,819,,,,,,,,,
5,,,,,,,,,,819,0.08554864674806595,,,,,,,,
,,,,,,,,,1.0842105263157894e-07,824,,,,,,,,,
5,,,,,,,,,,824,0.08863797783851624,,,,,,,,
,,,,,,,,,1.0907894736842104e-07,829,,,,,,,,,
5,,,,,,,,,,829,0.08390112221240997,,,,,,,,
,,,,,,,,,1.0973684210526316e-07,834,,,,,,,,,
5,,,,,,,,,,834,0.06051432713866234,,,,,,,,
,,,,,,,,,1.1039473684210527e-07,839,,,,,,,,,
5,,,,,,,,,,839,0.13592074811458588,,,,,,,,
,,,,,,,,,1.1105263157894737e-07,844,,,,,,,,,
5,,,,,,,,,,844,0.10184547305107117,,,,,,,,
,,,,,,,,,1.1171052631578946e-07,849,,,,,,,,,
5,,,,,,,,,,849,0.09417690336704254,,,,,,,,
,,,,,,,,,1.1236842105263157e-07,854,,,,,,,,,
5,,,,,,,,,,854,0.10105783492326736,,,,,,,,
,,,,,,,,,1.1302631578947368e-07,859,,,,,,,,,
5,,,,,,,,,,859,0.06268530339002609,,,,,,,,
,,,,,,,,,1.1368421052631579e-07,864,,,,,,,,,
5,,,,,,,,,,864,0.05742452293634415,,,,,,,,
,,,,,,,,,1.1434210526315789e-07,869,,,,,,,,,
5,,,,,,,,,,869,0.05708957463502884,,,,,,,,
,,,,,,,,,1.15e-07,874,,,,,,,,,
5,,,,,,,,,,874,0.03400140255689621,,,,,,,,
,,,,,,,,,1.1565789473684209e-07,879,,,,,,,,,
5,,,,,,,,,,879,0.09790802001953125,,,,,,,,
,,,,,,,,,1.163157894736842e-07,884,,,,,,,,,
5,,,,,,,,,,884,0.08472537994384766,,,,,,,,
,,,,,,,,,1.1697368421052631e-07,889,,,,,,,,,
5,,,,,,,,,,889,0.05933232977986336,,,,,,,,
,,,,,,,,,1.1763157894736842e-07,894,,,,,,,,,
5,,,,,,,,,,894,0.07578697055578232,,,,,,,,
,,,,,,,,,1.1828947368421052e-07,899,,,,,,,,,
5,,,,,,,,,,899,0.12323188036680222,,,,,,,,
,,,,,,,,,1.1894736842105262e-07,904,,,,,,,,,
5,,,,,,,,,,904,0.07370967417955399,,,,,,,,
,,,,,,,,,1.1960526315789474e-07,909,,,,,,,,,
5,,,,,,,,,,909,0.04949319735169411,,,,,,,,
5,,,,,,,,,,911,,0.512499988079071,0.6608695387840271,0.08150683343410492,0.08150683343410492,0.012659789994359016,0.5507246255874634,0.8260869383811951,0.007923102006316185
,,,,,,,,,1.2026315789473682e-07,914,,,,,,,,,
6,,,,,,,,,,914,0.08585847914218903,,,,,,,,
,,,,,,,,,1.2092105263157893e-07,919,,,,,,,,,
6,,,,,,,,,,919,0.043367888778448105,,,,,,,,
,,,,,,,,,1.2157894736842106e-07,924,,,,,,,,,
6,,,,,,,,,,924,0.05369773507118225,,,,,,,,
,,,,,,,,,1.2223684210526316e-07,929,,,,,,,,,
6,,,,,,,,,,929,0.07280945032835007,,,,,,,,
,,,,,,,,,1.2289473684210527e-07,934,,,,,,,,,
6,,,,,,,,,,934,0.05025303363800049,,,,,,,,
,,,,,,,,,1.2355263157894737e-07,939,,,,,,,,,
6,,,,,,,,,,939,0.08595329523086548,,,,,,,,
,,,,,,,,,1.2421052631578947e-07,944,,,,,,,,,
6,,,,,,,,,,944,0.07796318084001541,,,,,,,,
,,,,,,,,,1.2486842105263158e-07,949,,,,,,,,,
6,,,,,,,,,,949,0.06907233595848083,,,,,,,,
,,,,,,,,,1.2552631578947368e-07,954,,,,,,,,,
6,,,,,,,,,,954,0.10224565118551254,,,,,,,,
,,,,,,,,,1.261842105263158e-07,959,,,,,,,,,
6,,,,,,,,,,959,0.09828837215900421,,,,,,,,
,,,,,,,,,1.268421052631579e-07,964,,,,,,,,,
6,,,,,,,,,,964,0.09792516380548477,,,,,,,,
,,,,,,,,,1.275e-07,969,,,,,,,,,
6,,,,,,,,,,969,0.0259829331189394,,,,,,,,
,,,,,,,,,1.281578947368421e-07,974,,,,,,,,,
6,,,,,,,,,,974,0.06264563649892807,,,,,,,,
,,,,,,,,,1.288157894736842e-07,979,,,,,,,,,
6,,,,,,,,,,979,0.05102232098579407,,,,,,,,
,,,,,,,,,1.294736842105263e-07,984,,,,,,,,,
6,,,,,,,,,,984,0.09360946714878082,,,,,,,,
,,,,,,,,,1.3013157894736842e-07,989,,,,,,,,,
6,,,,,,,,,,989,0.08912505954504013,,,,,,,,
,,,,,,,,,1.3078947368421055e-07,994,,,,,,,,,
6,,,,,,,,,,994,0.09671388566493988,,,,,,,,
,,,,,,,,,1.3144736842105262e-07,999,,,,,,,,,
6,,,,,,,,,,999,0.0904100239276886,,,,,,,,
,,,,,,,,,1.3210526315789473e-07,1004,,,,,,,,,
6,,,,,,,,,,1004,0.07278777658939362,,,,,,,,
,,,,,,,,,1.3276315789473683e-07,1009,,,,,,,,,
6,,,,,,,,,,1009,0.08508459478616714,,,,,,,,
,,,,,,,,,1.3342105263157894e-07,1014,,,,,,,,,
6,,,,,,,,,,1014,0.10996320098638535,,,,,,,,
,,,,,,,,,1.3407894736842104e-07,1019,,,,,,,,,
6,,,,,,,,,,1019,0.022040219977498055,,,,,,,,
,,,,,,,,,1.3473684210526315e-07,1024,,,,,,,,,
6,,,,,,,,,,1024,0.05641511455178261,,,,,,,,
,,,,,,,,,1.3539473684210525e-07,1029,,,,,,,,,
6,,,,,,,,,,1029,0.1073426753282547,,,,,,,,
,,,,,,,,,1.3605263157894736e-07,1034,,,,,,,,,
6,,,,,,,,,,1034,0.14533734321594238,,,,,,,,
,,,,,,,,,1.3671052631578946e-07,1039,,,,,,,,,
6,,,,,,,,,,1039,0.08061090111732483,,,,,,,,
,,,,,,,,,1.3736842105263156e-07,1044,,,,,,,,,
6,,,,,,,,,,1044,0.1360524594783783,,,,,,,,
,,,,,,,,,1.380263157894737e-07,1049,,,,,,,,,
6,,,,,,,,,,1049,0.11981302499771118,,,,,,,,
,,,,,,,,,1.386842105263158e-07,1054,,,,,,,,,
6,,,,,,,,,,1054,0.10442948341369629,,,,,,,,
,,,,,,,,,1.393421052631579e-07,1059,,,,,,,,,
6,,,,,,,,,,1059,0.07364314794540405,,,,,,,,
6,,,,,,,,,,1063,,0.550000011920929,0.7096773982048035,0.08149184286594391,0.08149184286594391,0.0023105887230485678,0.5641025900840759,0.95652174949646,0.008568688295781612
,,,,,,,,,1.4e-07,1064,,,,,,,,,
7,,,,,,,,,,1064,0.15322382748126984,,,,,,,,
,,,,,,,,,1.406578947368421e-07,1069,,,,,,,,,
7,,,,,,,,,,1069,0.05839216336607933,,,,,,,,
,,,,,,,,,1.413157894736842e-07,1074,,,,,,,,,
7,,,,,,,,,,1074,0.1359158307313919,,,,,,,,
,,,,,,,,,1.419736842105263e-07,1079,,,,,,,,,
7,,,,,,,,,,1079,0.11323036998510361,,,,,,,,
,,,,,,,,,1.426315789473684e-07,1084,,,,,,,,,
7,,,,,,,,,,1084,0.04854327440261841,,,,,,,,
,,,,,,,,,1.432894736842105e-07,1089,,,,,,,,,
7,,,,,,,,,,1089,0.08747705817222595,,,,,,,,
,,,,,,,,,1.439473684210526e-07,1094,,,,,,,,,
7,,,,,,,,,,1094,0.10609380155801773,,,,,,,,
,,,,,,,,,1.4460526315789474e-07,1099,,,,,,,,,
7,,,,,,,,,,1099,0.05329229310154915,,,,,,,,
,,,,,,,,,1.4526315789473685e-07,1104,,,,,,,,,
7,,,,,,,,,,1104,0.05419021099805832,,,,,,,,
,,,,,,,,,1.4592105263157895e-07,1109,,,,,,,,,
7,,,,,,,,,,1109,0.05036231875419617,,,,,,,,
,,,,,,,,,1.4657894736842105e-07,1114,,,,,,,,,
7,,,,,,,,,,1114,0.06984877586364746,,,,,,,,
,,,,,,,,,1.4723684210526316e-07,1119,,,,,,,,,
7,,,,,,,,,,1119,0.07364843785762787,,,,,,,,
,,,,,,,,,1.4789473684210526e-07,1124,,,,,,,,,
7,,,,,,,,,,1124,0.07259394228458405,,,,,,,,
,,,,,,,,,1.4855263157894737e-07,1129,,,,,,,,,
7,,,,,,,,,,1129,0.09516618400812149,,,,,,,,
,,,,,,,,,1.4921052631578945e-07,1134,,,,,,,,,
7,,,,,,,,,,1134,0.09993606060743332,,,,,,,,
,,,,,,,,,1.4986842105263155e-07,1139,,,,,,,,,
7,,,,,,,,,,1139,0.06962369382381439,,,,,,,,
,,,,,,,,,1.5052631578947366e-07,1144,,,,,,,,,
7,,,,,,,,,,1144,0.05105384811758995,,,,,,,,
,,,,,,,,,1.5118421052631579e-07,1149,,,,,,,,,
7,,,,,,,,,,1149,0.062105558812618256,,,,,,,,
,,,,,,,,,1.518421052631579e-07,1154,,,,,,,,,
7,,,,,,,,,,1154,0.10210105776786804,,,,,,,,
,,,,,,,,,1.525e-07,1159,,,,,,,,,
7,,,,,,,,,,1159,0.016458839178085327,,,,,,,,
,,,,,,,,,1.531578947368421e-07,1164,,,,,,,,,
7,,,,,,,,,,1164,0.04548073187470436,,,,,,,,
,,,,,,,,,1.538157894736842e-07,1169,,,,,,,,,
7,,,,,,,,,,1169,0.047116123139858246,,,,,,,,
,,,,,,,,,1.544736842105263e-07,1174,,,,,,,,,
7,,,,,,,,,,1174,0.06727392971515656,,,,,,,,
,,,,,,,,,1.5513157894736841e-07,1179,,,,,,,,,
7,,,,,,,,,,1179,0.06597046554088593,,,,,,,,
,,,,,,,,,1.5578947368421052e-07,1184,,,,,,,,,
7,,,,,,,,,,1184,0.06512968242168427,,,,,,,,
,,,,,,,,,1.5644736842105262e-07,1189,,,,,,,,,
7,,,,,,,,,,1189,0.09102170914411545,,,,,,,,
,,,,,,,,,1.5710526315789473e-07,1194,,,,,,,,,
7,,,,,,,,,,1194,0.07531662285327911,,,,,,,,
,,,,,,,,,1.5776315789473686e-07,1199,,,,,,,,,
7,,,,,,,,,,1199,0.033834848552942276,,,,,,,,
,,,,,,,,,1.5842105263157894e-07,1204,,,,,,,,,
7,,,,,,,,,,1204,0.14981362223625183,,,,,,,,
,,,,,,,,,1.5907894736842104e-07,1209,,,,,,,,,
7,,,,,,,,,,1209,0.0887390524148941,,,,,,,,
,,,,,,,,,1.5973684210526315e-07,1214,,,,,,,,,
7,,,,,,,,,,1214,0.083885557949543,,,,,,,,
7,,,,,,,,,,1215,,0.574999988079071,0.7301587462425232,0.08147609233856201,0.08147609233856201,-0.013998961076140404,0.574999988079071,1.0,-0.0014202893944457173
,,,,,,,,,1.6039473684210525e-07,1219,,,,,,,,,
8,,,,,,,,,,1219,0.04521312564611435,,,,,,,,
,,,,,,,,,1.6105263157894735e-07,1224,,,,,,,,,
8,,,,,,,,,,1224,0.08933035284280777,,,,,,,,
,,,,,,,,,1.6171052631578946e-07,1229,,,,,,,,,
8,,,,,,,,,,1229,0.1050761342048645,,,,,,,,
,,,,,,,,,1.6236842105263156e-07,1234,,,,,,,,,
8,,,,,,,,,,1234,0.053558215498924255,,,,,,,,
,,,,,,,,,1.6302631578947367e-07,1239,,,,,,,,,
8,,,,,,,,,,1239,0.10852125287055969,,,,,,,,
,,,,,,,,,1.6368421052631577e-07,1244,,,,,,,,,
8,,,,,,,,,,1244,0.0757005587220192,,,,,,,,
,,,,,,,,,1.643421052631579e-07,1249,,,,,,,,,
8,,,,,,,,,,1249,0.09514399617910385,,,,,,,,
,,,,,,,,,1.65e-07,1254,,,,,,,,,
8,,,,,,,,,,1254,0.12804363667964935,,,,,,,,
,,,,,,,,,1.656578947368421e-07,1259,,,,,,,,,
8,,,,,,,,,,1259,0.13855555653572083,,,,,,,,
,,,,,,,,,1.6631578947368422e-07,1264,,,,,,,,,
8,,,,,,,,,,1264,0.061163727194070816,,,,,,,,
,,,,,,,,,1.669736842105263e-07,1269,,,,,,,,,
8,,,,,,,,,,1269,0.02868025191128254,,,,,,,,
,,,,,,,,,1.676315789473684e-07,1274,,,,,,,,,
8,,,,,,,,,,1274,0.09600900858640671,,,,,,,,
,,,,,,,,,1.682894736842105e-07,1279,,,,,,,,,
8,,,,,,,,,,1279,0.04534395411610603,,,,,,,,
,,,,,,,,,1.689473684210526e-07,1284,,,,,,,,,
8,,,,,,,,,,1284,0.05345990136265755,,,,,,,,
,,,,,,,,,1.6960526315789471e-07,1289,,,,,,,,,
8,,,,,,,,,,1289,0.05227164179086685,,,,,,,,
,,,,,,,,,1.7026315789473682e-07,1294,,,,,,,,,
8,,,,,,,,,,1294,0.07488497346639633,,,,,,,,
,,,,,,,,,1.7092105263157895e-07,1299,,,,,,,,,
8,,,,,,,,,,1299,0.04420029744505882,,,,,,,,
,,,,,,,,,1.7157894736842105e-07,1304,,,,,,,,,
8,,,,,,,,,,1304,0.07874612510204315,,,,,,,,
,,,,,,,,,1.7223684210526316e-07,1309,,,,,,,,,
8,,,,,,,,,,1309,0.11395121365785599,,,,,,,,
,,,,,,,,,1.7289473684210526e-07,1314,,,,,,,,,
8,,,,,,,,,,1314,0.04225511476397514,,,,,,,,
,,,,,,,,,1.7355263157894737e-07,1319,,,,,,,,,
8,,,,,,,,,,1319,0.030773216858506203,,,,,,,,
,,,,,,,,,1.7421052631578947e-07,1324,,,,,,,,,
8,,,,,,,,,,1324,0.0694609135389328,,,,,,,,
,,,,,,,,,1.7486842105263158e-07,1329,,,,,,,,,
8,,,,,,,,,,1329,0.05523693561553955,,,,,,,,
,,,,,,,,,1.7552631578947368e-07,1334,,,,,,,,,
8,,,,,,,,,,1334,0.05339982360601425,,,,,,,,
,,,,,,,,,1.7618421052631576e-07,1339,,,,,,,,,
8,,,,,,,,,,1339,0.09874890744686127,,,,,,,,
,,,,,,,,,1.7684210526315786e-07,1344,,,,,,,,,
8,,,,,,,,,,1344,0.06096643954515457,,,,,,,,
,,,,,,,,,1.775e-07,1349,,,,,,,,,
8,,,,,,,,,,1349,0.10318385064601898,,,,,,,,
,,,,,,,,,1.781578947368421e-07,1354,,,,,,,,,
8,,,,,,,,,,1354,0.09793370962142944,,,,,,,,
,,,,,,,,,1.788157894736842e-07,1359,,,,,,,,,
8,,,,,,,,,,1359,0.07297037541866302,,,,,,,,
,,,,,,,,,1.794736842105263e-07,1364,,,,,,,,,
8,,,,,,,,,,1364,0.01813964731991291,,,,,,,,
8,,,,,,,,,,1367,,0.574999988079071,0.7301587462425232,0.0814557820558548,0.0814557820558548,-0.02275776118040085,0.574999988079071,1.0,-0.012019638903439045
,,,,,,,,,1.801315789473684e-07,1369,,,,,,,,,
9,,,,,,,,,,1369,0.05792468786239624,,,,,,,,
,,,,,,,,,1.8078947368421052e-07,1374,,,,,,,,,
9,,,,,,,,,,1374,0.13388977944850922,,,,,,,,
,,,,,,,,,1.8144736842105262e-07,1379,,,,,,,,,
9,,,,,,,,,,1379,0.07264819741249084,,,,,,,,
,,,,,,,,,1.8210526315789473e-07,1384,,,,,,,,,
9,,,,,,,,,,1384,0.09323646873235703,,,,,,,,
,,,,,,,,,1.8276315789473683e-07,1389,,,,,,,,,
9,,,,,,,,,,1389,0.08877427875995636,,,,,,,,
,,,,,,,,,1.8342105263157894e-07,1394,,,,,,,,,
9,,,,,,,,,,1394,0.11346600949764252,,,,,,,,
,,,,,,,,,1.8407894736842107e-07,1399,,,,,,,,,
9,,,,,,,,,,1399,0.13037821650505066,,,,,,,,
,,,,,,,,,1.8473684210526317e-07,1404,,,,,,,,,
9,,,,,,,,,,1404,0.11230651289224625,,,,,,,,
,,,,,,,,,1.8539473684210525e-07,1409,,,,,,,,,
9,,,,,,,,,,1409,0.08888481557369232,,,,,,,,
,,,,,,,,,1.8605263157894735e-07,1414,,,,,,,,,
9,,,,,,,,,,1414,0.07380453497171402,,,,,,,,
,,,,,,,,,1.8671052631578946e-07,1419,,,,,,,,,
9,,,,,,,,,,1419,0.13952943682670593,,,,,,,,
,,,,,,,,,1.8736842105263156e-07,1424,,,,,,,,,
9,,,,,,,,,,1424,0.09057125449180603,,,,,,,,
,,,,,,,,,1.8802631578947367e-07,1429,,,,,,,,,
9,,,,,,,,,,1429,0.02983825094997883,,,,,,,,
,,,,,,,,,1.8868421052631577e-07,1434,,,,,,,,,
9,,,,,,,,,,1434,0.09818378835916519,,,,,,,,
,,,,,,,,,1.8934210526315788e-07,1439,,,,,,,,,
9,,,,,,,,,,1439,0.07246693223714828,,,,,,,,
,,,,,,,,,1.8999999999999998e-07,1444,,,,,,,,,
9,,,,,,,,,,1444,0.07908664643764496,,,,,,,,
,,,,,,,,,1.906578947368421e-07,1449,,,,,,,,,
9,,,,,,,,,,1449,0.12335427850484848,,,,,,,,
,,,,,,,,,1.9131578947368422e-07,1454,,,,,,,,,
9,,,,,,,,,,1454,0.06206205487251282,,,,,,,,
,,,,,,,,,1.9197368421052632e-07,1459,,,,,,,,,
9,,,,,,,,,,1459,0.05369260907173157,,,,,,,,
,,,,,,,,,1.9263157894736843e-07,1464,,,,,,,,,
9,,,,,,,,,,1464,0.0802435502409935,,,,,,,,
,,,,,,,,,1.9328947368421053e-07,1469,,,,,,,,,
9,,,,,,,,,,1469,0.031829506158828735,,,,,,,,
,,,,,,,,,1.939473684210526e-07,1474,,,,,,,,,
9,,,,,,,,,,1474,0.06424210965633392,,,,,,,,
,,,,,,,,,1.946052631578947e-07,1479,,,,,,,,,
9,,,,,,,,,,1479,0.08598707616329193,,,,,,,,
,,,,,,,,,1.9526315789473682e-07,1484,,,,,,,,,
9,,,,,,,,,,1484,0.0690261572599411,,,,,,,,
,,,,,,,,,1.9592105263157892e-07,1489,,,,,,,,,
9,,,,,,,,,,1489,0.08981313556432724,,,,,,,,
,,,,,,,,,1.9657894736842103e-07,1494,,,,,,,,,
9,,,,,,,,,,1494,0.06480973958969116,,,,,,,,
,,,,,,,,,1.9723684210526316e-07,1499,,,,,,,,,
9,,,,,,,,,,1499,0.06470184773206711,,,,,,,,
,,,,,,,,,1.9789473684210526e-07,1504,,,,,,,,,
9,,,,,,,,,,1504,0.10485993325710297,,,,,,,,
,,,,,,,,,1.9855263157894737e-07,1509,,,,,,,,,
9,,,,,,,,,,1509,0.08447035402059555,,,,,,,,
,,,,,,,,,1.9921052631578947e-07,1514,,,,,,,,,
9,,,,,,,,,,1514,0.0842493548989296,,,,,,,,
,,,,,,,,,1.9986842105263158e-07,1519,,,,,,,,,
9,,,,,,,,,,1519,0.10178866982460022,,,,,,,,
9,,,,,,,,,,1519,,0.574999988079071,0.7301587462425232,0.08143717795610428,0.08143717795610428,-0.03086365945637226,0.574999988079071,1.0,-0.008063958026468754
,,,,,,,,,2.0052631578947368e-07,1524,,,,,,,,,
10,,,,,,,,,,1524,0.10952393710613251,,,,,,,,
,,,,,,,,,2.0118421052631578e-07,1529,,,,,,,,,
10,,,,,,,,,,1529,0.11435006558895111,,,,,,,,
,,,,,,,,,2.018421052631579e-07,1534,,,,,,,,,
10,,,,,,,,,,1534,0.060435641556978226,,,,,,,,
,,,,,,,,,2.025e-07,1539,,,,,,,,,
10,,,,,,,,,,1539,0.11039676517248154,,,,,,,,
,,,,,,,,,2.0315789473684207e-07,1544,,,,,,,,,
10,,,,,,,,,,1544,0.09290841966867447,,,,,,,,
,,,,,,,,,2.038157894736842e-07,1549,,,,,,,,,
10,,,,,,,,,,1549,0.12715907394886017,,,,,,,,
,,,,,,,,,2.044736842105263e-07,1554,,,,,,,,,
10,,,,,,,,,,1554,0.09890670329332352,,,,,,,,
,,,,,,,,,2.051315789473684e-07,1559,,,,,,,,,
10,,,,,,,,,,1559,0.0941566601395607,,,,,,,,
,,,,,,,,,2.0578947368421052e-07,1564,,,,,,,,,
10,,,,,,,,,,1564,0.08195842802524567,,,,,,,,
,,,,,,,,,2.0644736842105262e-07,1569,,,,,,,,,
10,,,,,,,,,,1569,0.0657363310456276,,,,,,,,
,,,,,,,,,2.0710526315789473e-07,1574,,,,,,,,,
10,,,,,,,,,,1574,0.06635616719722748,,,,,,,,
,,,,,,,,,2.0776315789473683e-07,1579,,,,,,,,,
10,,,,,,,,,,1579,0.08589600771665573,,,,,,,,
,,,,,,,,,2.0842105263157893e-07,1584,,,,,,,,,
10,,,,,,,,,,1584,0.03983558341860771,,,,,,,,
,,,,,,,,,2.0907894736842104e-07,1589,,,,,,,,,
10,,,,,,,,,,1589,0.09853029251098633,,,,,,,,
,,,,,,,,,2.0973684210526314e-07,1594,,,,,,,,,
10,,,,,,,,,,1594,0.043618764728307724,,,,,,,,
,,,,,,,,,2.1039473684210527e-07,1599,,,,,,,,,
10,,,,,,,,,,1599,0.06588520109653473,,,,,,,,
,,,,,,,,,2.1105263157894738e-07,1604,,,,,,,,,
10,,,,,,,,,,1604,0.027586396783590317,,,,,,,,
,,,,,,,,,2.1171052631578946e-07,1609,,,,,,,,,
10,,,,,,,,,,1609,0.08206231147050858,,,,,,,,
,,,,,,,,,2.1236842105263156e-07,1614,,,,,,,,,
10,,,,,,,,,,1614,0.11764545738697052,,,,,,,,
,,,,,,,,,2.1302631578947367e-07,1619,,,,,,,,,
10,,,,,,,,,,1619,0.08073647320270538,,,,,,,,
,,,,,,,,,2.1368421052631577e-07,1624,,,,,,,,,
10,,,,,,,,,,1624,0.03664684295654297,,,,,,,,
,,,,,,,,,2.1434210526315788e-07,1629,,,,,,,,,
10,,,,,,,,,,1629,0.05663110688328743,,,,,,,,
,,,,,,,,,2.1499999999999998e-07,1634,,,,,,,,,
10,,,,,,,,,,1634,0.08139492571353912,,,,,,,,
,,,,,,,,,2.1565789473684208e-07,1639,,,,,,,,,
10,,,,,,,,,,1639,0.09521574527025223,,,,,,,,
,,,,,,,,,2.163157894736842e-07,1644,,,,,,,,,
10,,,,,,,,,,1644,0.09351124614477158,,,,,,,,
,,,,,,,,,2.1697368421052632e-07,1649,,,,,,,,,
10,,,,,,,,,,1649,0.04288113862276077,,,,,,,,
,,,,,,,,,2.1763157894736842e-07,1654,,,,,,,,,
10,,,,,,,,,,1654,0.10565140843391418,,,,,,,,
,,,,,,,,,2.1828947368421053e-07,1659,,,,,,,,,
10,,,,,,,,,,1659,0.03957085311412811,,,,,,,,
,,,,,,,,,2.1894736842105263e-07,1664,,,,,,,,,
10,,,,,,,,,,1664,0.08209007978439331,,,,,,,,
,,,,,,,,,2.1960526315789474e-07,1669,,,,,,,,,
10,,,,,,,,,,1669,0.045350510627031326,,,,,,,,
10,,,,,,,,,,1671,,0.574999988079071,0.7301587462425232,0.08142323046922684,0.08142323046922684,-0.03727748245000839,0.574999988079071,1.0,-0.017747748643159866
,,,,,,,,,2.2026315789473684e-07,1674,,,,,,,,,
11,,,,,,,,,,1674,0.1141858845949173,,,,,,,,
,,,,,,,,,2.2092105263157892e-07,1679,,,,,,,,,
11,,,,,,,,,,1679,0.1175728589296341,,,,,,,,
,,,,,,,,,2.2157894736842103e-07,1684,,,,,,,,,
11,,,,,,,,,,1684,0.062430962920188904,,,,,,,,
,,,,,,,,,2.2223684210526313e-07,1689,,,,,,,,,
11,,,,,,,,,,1689,0.053690217435359955,,,,,,,,
,,,,,,,,,2.2289473684210523e-07,1694,,,,,,,,,
11,,,,,,,,,,1694,0.04306865483522415,,,,,,,,
,,,,,,,,,2.2355263157894737e-07,1699,,,,,,,,,
11,,,,,,,,,,1699,0.1049126535654068,,,,,,,,
,,,,,,,,,2.2421052631578947e-07,1704,,,,,,,,,
11,,,,,,,,,,1704,0.12771998345851898,,,,,,,,
,,,,,,,,,2.2486842105263157e-07,1709,,,,,,,,,
11,,,,,,,,,,1709,0.0917620062828064,,,,,,,,
,,,,,,,,,2.2552631578947368e-07,1714,,,,,,,,,
11,,,,,,,,,,1714,0.07680627703666687,,,,,,,,
,,,,,,,,,2.2618421052631578e-07,1719,,,,,,,,,
11,,,,,,,,,,1719,0.10070618242025375,,,,,,,,
,,,,,,,,,2.268421052631579e-07,1724,,,,,,,,,
11,,,,,,,,,,1724,0.0790686309337616,,,,,,,,
,,,,,,,,,2.275e-07,1729,,,,,,,,,
11,,,,,,,,,,1729,0.05906842648983002,,,,,,,,
,,,,,,,,,2.281578947368421e-07,1734,,,,,,,,,
11,,,,,,,,,,1734,0.05707463249564171,,,,,,,,
,,,,,,,,,2.288157894736842e-07,1739,,,,,,,,,
11,,,,,,,,,,1739,0.03362477570772171,,,,,,,,
,,,,,,,,,2.2947368421052628e-07,1744,,,,,,,,,
11,,,,,,,,,,1744,0.11772620677947998,,,,,,,,
,,,,,,,,,2.301315789473684e-07,1749,,,,,,,,,
11,,,,,,,,,,1749,0.07354383915662766,,,,,,,,
,,,,,,,,,2.3078947368421052e-07,1754,,,,,,,,,
11,,,,,,,,,,1754,0.04060301184654236,,,,,,,,
,,,,,,,,,2.3144736842105262e-07,1759,,,,,,,,,
11,,,,,,,,,,1759,0.09215128421783447,,,,,,,,
,,,,,,,,,2.3210526315789472e-07,1764,,,,,,,,,
11,,,,,,,,,,1764,0.04567329213023186,,,,,,,,
,,,,,,,,,2.3276315789473683e-07,1769,,,,,,,,,
11,,,,,,,,,,1769,0.08576013892889023,,,,,,,,
,,,,,,,,,2.3342105263157893e-07,1774,,,,,,,,,
11,,,,,,,,,,1774,0.058089450001716614,,,,,,,,
,,,,,,,,,2.3407894736842104e-07,1779,,,,,,,,,
11,,,,,,,,,,1779,0.05093101039528847,,,,,,,,
,,,,,,,,,2.3473684210526314e-07,1784,,,,,,,,,
11,,,,,,,,,,1784,0.1073794811964035,,,,,,,,
,,,,,,,,,2.3539473684210525e-07,1789,,,,,,,,,
11,,,,,,,,,,1789,0.09101793169975281,,,,,,,,
,,,,,,,,,2.3605263157894735e-07,1794,,,,,,,,,
11,,,,,,,,,,1794,0.06062508746981621,,,,,,,,
,,,,,,,,,2.3671052631578948e-07,1799,,,,,,,,,
11,,,,,,,,,,1799,0.08547435700893402,,,,,,,,
,,,,,,,,,2.373684210526316e-07,1804,,,,,,,,,
11,,,,,,,,,,1804,0.07473471015691757,,,,,,,,
,,,,,,,,,2.380263157894737e-07,1809,,,,,,,,,
11,,,,,,,,,,1809,0.058312974870204926,,,,,,,,
,,,,,,,,,2.3868421052631577e-07,1814,,,,,,,,,
11,,,,,,,,,,1814,0.07938890159130096,,,,,,,,
,,,,,,,,,2.393421052631579e-07,1819,,,,,,,,,
11,,,,,,,,,,1819,0.062247201800346375,,,,,,,,
11,,,,,,,,,,1823,,0.574999988079071,0.7301587462425232,0.08140142261981964,0.08140142261981964,-0.03517201170325279,0.574999988079071,1.0,-0.025964297354221344
,,,,,,,,,2.4e-07,1824,,,,,,,,,
12,,,,,,,,,,1824,0.09760384261608124,,,,,,,,
,,,,,,,,,2.406578947368421e-07,1829,,,,,,,,,
12,,,,,,,,,,1829,0.061299871653318405,,,,,,,,
,,,,,,,,,2.413157894736842e-07,1834,,,,,,,,,
12,,,,,,,,,,1834,0.059536464512348175,,,,,,,,
,,,,,,,,,2.419736842105263e-07,1839,,,,,,,,,
12,,,,,,,,,,1839,0.12372700870037079,,,,,,,,
,,,,,,,,,2.426315789473684e-07,1844,,,,,,,,,
12,,,,,,,,,,1844,0.05593477189540863,,,,,,,,
,,,,,,,,,2.432894736842105e-07,1849,,,,,,,,,
12,,,,,,,,,,1849,0.051996611058712006,,,,,,,,
,,,,,,,,,2.439473684210526e-07,1854,,,,,,,,,
12,,,,,,,,,,1854,0.08878788352012634,,,,,,,,
,,,,,,,,,2.446052631578947e-07,1859,,,,,,,,,
12,,,,,,,,,,1859,0.09095660597085953,,,,,,,,
,,,,,,,,,2.452631578947368e-07,1864,,,,,,,,,
12,,,,,,,,,,1864,0.11694896966218948,,,,,,,,
,,,,,,,,,2.459210526315789e-07,1869,,,,,,,,,
12,,,,,,,,,,1869,0.1270134449005127,,,,,,,,
,,,,,,,,,2.465789473684211e-07,1874,,,,,,,,,
12,,,,,,,,,,1874,0.09305160492658615,,,,,,,,
,,,,,,,,,2.472368421052632e-07,1879,,,,,,,,,
12,,,,,,,,,,1879,0.11753140389919281,,,,,,,,
,,,,,,,,,2.4789473684210523e-07,1884,,,,,,,,,
12,,,,,,,,,,1884,0.08999549597501755,,,,,,,,
,,,,,,,,,2.4855263157894734e-07,1889,,,,,,,,,
12,,,,,,,,,,1889,0.037093084305524826,,,,,,,,
,,,,,,,,,2.4921052631578944e-07,1894,,,,,,,,,
12,,,,,,,,,,1894,0.08192578703165054,,,,,,,,
,,,,,,,,,2.4986842105263155e-07,1899,,,,,,,,,
12,,,,,,,,,,1899,0.07694665342569351,,,,,,,,
,,,,,,,,,2.505263157894737e-07,1904,,,,,,,,,
12,,,,,,,,,,1904,0.11747121065855026,,,,,,,,
,,,,,,,,,2.5118421052631576e-07,1909,,,,,,,,,
12,,,,,,,,,,1909,0.08293131738901138,,,,,,,,
,,,,,,,,,2.5184210526315786e-07,1914,,,,,,,,,
12,,,,,,,,,,1914,0.1097954660654068,,,,,,,,
,,,,,,,,,2.5249999999999996e-07,1919,,,,,,,,,
12,,,,,,,,,,1919,0.18554937839508057,,,,,,,,
,,,,,,,,,2.5315789473684207e-07,1924,,,,,,,,,
12,,,,,,,,,,1924,0.07890720665454865,,,,,,,,
,,,,,,,,,2.5381578947368423e-07,1929,,,,,,,,,
12,,,,,,,,,,1929,0.01808631792664528,,,,,,,,
,,,,,,,,,2.544736842105263e-07,1934,,,,,,,,,
12,,,,,,,,,,1934,0.07801969349384308,,,,,,,,
,,,,,,,,,2.5513157894736844e-07,1939,,,,,,,,,
12,,,,,,,,,,1939,0.1026373952627182,,,,,,,,
,,,,,,,,,2.557894736842105e-07,1944,,,,,,,,,
12,,,,,,,,,,1944,0.06790783256292343,,,,,,,,
,,,,,,,,,2.5644736842105264e-07,1949,,,,,,,,,
12,,,,,,,,,,1949,0.11742366850376129,,,,,,,,
,,,,,,,,,2.571052631578947e-07,1954,,,,,,,,,
12,,,,,,,,,,1954,0.07690388709306717,,,,,,,,
,,,,,,,,,2.5776315789473685e-07,1959,,,,,,,,,
12,,,,,,,,,,1959,0.17115677893161774,,,,,,,,
,,,,,,,,,2.584210526315789e-07,1964,,,,,,,,,
12,,,,,,,,,,1964,0.07368091493844986,,,,,,,,
,,,,,,,,,2.5907894736842106e-07,1969,,,,,,,,,
12,,,,,,,,,,1969,0.0516015850007534,,,,,,,,
,,,,,,,,,2.5973684210526317e-07,1974,,,,,,,,,
12,,,,,,,,,,1974,0.16215838491916656,,,,,,,,
12,,,,,,,,,,1975,,0.574999988079071,0.7301587462425232,0.08138171583414078,0.08138171583414078,-0.036386311054229736,0.574999988079071,1.0,-0.03677493333816528
,,,,,,,,,2.6039473684210527e-07,1979,,,,,,,,,
13,,,,,,,,,,1979,0.09672991931438446,,,,,,,,
,,,,,,,,,2.610526315789474e-07,1984,,,,,,,,,
13,,,,,,,,,,1984,0.07242098450660706,,,,,,,,
,,,,,,,,,2.6171052631578943e-07,1989,,,,,,,,,
13,,,,,,,,,,1989,0.09181231260299683,,,,,,,,
,,,,,,,,,2.623684210526316e-07,1994,,,,,,,,,
13,,,,,,,,,,1994,0.041104767471551895,,,,,,,,
,,,,,,,,,2.6302631578947364e-07,1999,,,,,,,,,
13,,,,,,,,,,1999,0.08699021488428116,,,,,,,,
,,,,,,,,,2.636842105263158e-07,2004,,,,,,,,,
13,,,,,,,,,,2004,0.050479043275117874,,,,,,,,
,,,,,,,,,2.6434210526315785e-07,2009,,,,,,,,,
13,,,,,,,,,,2009,0.036273956298828125,,,,,,,,
,,,,,,,,,2.65e-07,2014,,,,,,,,,
13,,,,,,,,,,2014,0.07287237793207169,,,,,,,,
,,,,,,,,,2.6565789473684206e-07,2019,,,,,,,,,
13,,,,,,,,,,2019,0.07955466210842133,,,,,,,,
,,,,,,,,,2.663157894736842e-07,2024,,,,,,,,,
13,,,,,,,,,,2024,0.09079539030790329,,,,,,,,
,,,,,,,,,2.669736842105263e-07,2029,,,,,,,,,
13,,,,,,,,,,2029,0.03558113053441048,,,,,,,,
,,,,,,,,,2.676315789473684e-07,2034,,,,,,,,,
13,,,,,,,,,,2034,0.08140721917152405,,,,,,,,
,,,,,,,,,2.6828947368421053e-07,2039,,,,,,,,,
13,,,,,,,,,,2039,0.03544270247220993,,,,,,,,
,,,,,,,,,2.6894736842105263e-07,2044,,,,,,,,,
13,,,,,,,,,,2044,0.08575714379549026,,,,,,,,
,,,,,,,,,2.6960526315789474e-07,2049,,,,,,,,,
13,,,,,,,,,,2049,0.050135888159275055,,,,,,,,
,,,,,,,,,2.702631578947368e-07,2054,,,,,,,,,
13,,,,,,,,,,2054,0.11042953282594681,,,,,,,,
,,,,,,,,,2.7092105263157894e-07,2059,,,,,,,,,
13,,,,,,,,,,2059,0.06407858431339264,,,,,,,,
,,,,,,,,,2.71578947368421e-07,2064,,,,,,,,,
13,,,,,,,,,,2064,0.1436115950345993,,,,,,,,
,,,,,,,,,2.7223684210526315e-07,2069,,,,,,,,,
13,,,,,,,,,,2069,0.12665176391601562,,,,,,,,
,,,,,,,,,2.7289473684210526e-07,2074,,,,,,,,,
13,,,,,,,,,,2074,0.06904251873493195,,,,,,,,
,,,,,,,,,2.7355263157894736e-07,2079,,,,,,,,,
13,,,,,,,,,,2079,0.14243929088115692,,,,,,,,
,,,,,,,,,2.7421052631578947e-07,2084,,,,,,,,,
13,,,,,,,,,,2084,0.06156477332115173,,,,,,,,
,,,,,,,,,2.7486842105263157e-07,2089,,,,,,,,,
13,,,,,,,,,,2089,0.06674109399318695,,,,,,,,
,,,,,,,,,2.755263157894737e-07,2094,,,,,,,,,
13,,,,,,,,,,2094,0.07483623176813126,,,,,,,,
,,,,,,,,,2.761842105263158e-07,2099,,,,,,,,,
13,,,,,,,,,,2099,0.056506700813770294,,,,,,,,
,,,,,,,,,2.768421052631579e-07,2104,,,,,,,,,
13,,,,,,,,,,2104,0.09158667922019958,,,,,,,,
,,,,,,,,,2.775e-07,2109,,,,,,,,,
13,,,,,,,,,,2109,0.03136448934674263,,,,,,,,
,,,,,,,,,2.781578947368421e-07,2114,,,,,,,,,
13,,,,,,,,,,2114,0.04698643460869789,,,,,,,,
,,,,,,,,,2.7881578947368415e-07,2119,,,,,,,,,
13,,,,,,,,,,2119,0.04397374764084816,,,,,,,,
,,,,,,,,,2.794736842105263e-07,2124,,,,,,,,,
13,,,,,,,,,,2124,0.08580926805734634,,,,,,,,
13,,,,,,,,,,2127,,0.574999988079071,0.7301587462425232,0.08136388659477234,0.08136388659477234,-0.030648672953248024,0.574999988079071,1.0,-0.024825720116496086
,,,,,,,,,2.801315789473684e-07,2129,,,,,,,,,
14,,,,,,,,,,2129,0.09832046180963516,,,,,,,,
,,,,,,,,,2.807894736842105e-07,2134,,,,,,,,,
14,,,,,,,,,,2134,0.07433769851922989,,,,,,,,
,,,,,,,,,2.814473684210526e-07,2139,,,,,,,,,
14,,,,,,,,,,2139,0.06970413774251938,,,,,,,,
,,,,,,,,,2.821052631578947e-07,2144,,,,,,,,,
14,,,,,,,,,,2144,0.050198379904031754,,,,,,,,
,,,,,,,,,2.827631578947368e-07,2149,,,,,,,,,
14,,,,,,,,,,2149,0.05503297597169876,,,,,,,,
,,,,,,,,,2.8342105263157893e-07,2154,,,,,,,,,
14,,,,,,,,,,2154,0.05396592989563942,,,,,,,,
,,,,,,,,,2.8407894736842104e-07,2159,,,,,,,,,
14,,,,,,,,,,2159,0.1211424469947815,,,,,,,,
,,,,,,,,,2.8473684210526314e-07,2164,,,,,,,,,
14,,,,,,,,,,2164,0.08814486116170883,,,,,,,,
,,,,,,,,,2.8539473684210524e-07,2169,,,,,,,,,
14,,,,,,,,,,2169,0.06713353097438812,,,,,,,,
,,,,,,,,,2.860526315789474e-07,2174,,,,,,,,,
14,,,,,,,,,,2174,0.11782310903072357,,,,,,,,
,,,,,,,,,2.8671052631578945e-07,2179,,,,,,,,,
14,,,,,,,,,,2179,0.09973002970218658,,,,,,,,
,,,,,,,,,2.873684210526316e-07,2184,,,,,,,,,
14,,,,,,,,,,2184,0.03737455606460571,,,,,,,,
,,,,,,,,,2.8802631578947366e-07,2189,,,,,,,,,
14,,,,,,,,,,2189,0.1648406982421875,,,,,,,,
,,,,,,,,,2.8868421052631577e-07,2194,,,,,,,,,
14,,,,,,,,,,2194,0.10344848036766052,,,,,,,,
,,,,,,,,,2.8934210526315787e-07,2199,,,,,,,,,
14,,,,,,,,,,2199,0.06684403866529465,,,,,,,,
,,,,,,,,,2.9e-07,2204,,,,,,,,,
14,,,,,,,,,,2204,0.11006440222263336,,,,,,,,
,,,,,,,,,2.906578947368421e-07,2209,,,,,,,,,
14,,,,,,,,,,2209,0.07406119257211685,,,,,,,,
,,,,,,,,,2.913157894736842e-07,2214,,,,,,,,,
14,,,,,,,,,,2214,0.09120868146419525,,,,,,,,
,,,,,,,,,2.9197368421052634e-07,2219,,,,,,,,,
14,,,,,,,,,,2219,0.09909746795892715,,,,,,,,
,,,,,,,,,2.926315789473684e-07,2224,,,,,,,,,
14,,,,,,,,,,2224,0.07044856250286102,,,,,,,,
,,,,,,,,,2.9328947368421055e-07,2229,,,,,,,,,
14,,,,,,,,,,2229,0.06007358059287071,,,,,,,,
,,,,,,,,,2.939473684210526e-07,2234,,,,,,,,,
14,,,,,,,,,,2234,0.05631542205810547,,,,,,,,
,,,,,,,,,2.9460526315789476e-07,2239,,,,,,,,,
14,,,,,,,,,,2239,0.07793295383453369,,,,,,,,
,,,,,,,,,2.952631578947368e-07,2244,,,,,,,,,
14,,,,,,,,,,2244,0.05934823676943779,,,,,,,,
,,,,,,,,,2.9592105263157897e-07,2249,,,,,,,,,
14,,,,,,,,,,2249,0.06535078585147858,,,,,,,,
,,,,,,,,,2.96578947368421e-07,2254,,,,,,,,,
14,,,,,,,,,,2254,0.05241609364748001,,,,,,,,
,,,,,,,,,2.972368421052631e-07,2259,,,,,,,,,
14,,,,,,,,,,2259,0.09275778383016586,,,,,,,,
,,,,,,,,,2.9789473684210523e-07,2264,,,,,,,,,
14,,,,,,,,,,2264,0.03307747095823288,,,,,,,,
,,,,,,,,,2.9855263157894734e-07,2269,,,,,,,,,
14,,,,,,,,,,2269,0.10301145911216736,,,,,,,,
,,,,,,,,,2.992105263157895e-07,2274,,,,,,,,,
14,,,,,,,,,,2274,0.0822790190577507,,,,,,,,
,,,,,,,,,2.9986842105263154e-07,2279,,,,,,,,,
14,,,,,,,,,,2279,0.06289377063512802,,,,,,,,
14,,,,,,,,,,2279,,0.574999988079071,0.7301587462425232,0.08134947717189789,0.08134947717189789,-0.023406649008393288,0.574999988079071,1.0,-0.01970798335969448
,,,,,,,,,3.005263157894737e-07,2284,,,,,,,,,
15,,,,,,,,,,2284,0.10534191131591797,,,,,,,,
,,,,,,,,,3.0118421052631575e-07,2289,,,,,,,,,
15,,,,,,,,,,2289,0.06501194089651108,,,,,,,,
,,,,,,,,,3.018421052631579e-07,2294,,,,,,,,,
15,,,,,,,,,,2294,0.06162738427519798,,,,,,,,
,,,,,,,,,3.0249999999999996e-07,2299,,,,,,,,,
15,,,,,,,,,,2299,0.05212026834487915,,,,,,,,
,,,,,,,,,3.031578947368421e-07,2304,,,,,,,,,
15,,,,,,,,,,2304,0.08449941873550415,,,,,,,,
,,,,,,,,,3.0381578947368417e-07,2309,,,,,,,,,
15,,,,,,,,,,2309,0.09476620703935623,,,,,,,,
,,,,,,,,,3.0447368421052633e-07,2314,,,,,,,,,
15,,,,,,,,,,2314,0.08963366597890854,,,,,,,,
,,,,,,,,,3.051315789473684e-07,2319,,,,,,,,,
15,,,,,,,,,,2319,0.10054565221071243,,,,,,,,
,,,,,,,,,3.057894736842105e-07,2324,,,,,,,,,
15,,,,,,,,,,2324,0.06373817473649979,,,,,,,,
,,,,,,,,,3.0644736842105264e-07,2329,,,,,,,,,
15,,,,,,,,,,2329,0.06442432850599289,,,,,,,,
,,,,,,,,,3.071052631578947e-07,2334,,,,,,,,,
15,,,,,,,,,,2334,0.07662221044301987,,,,,,,,
,,,,,,,,,3.0776315789473685e-07,2339,,,,,,,,,
15,,,,,,,,,,2339,0.08095890283584595,,,,,,,,
,,,,,,,,,3.084210526315789e-07,2344,,,,,,,,,
15,,,,,,,,,,2344,0.0894315242767334,,,,,,,,
,,,,,,,,,3.0907894736842106e-07,2349,,,,,,,,,
15,,,,,,,,,,2349,0.07321123033761978,,,,,,,,
,,,,,,,,,3.097368421052631e-07,2354,,,,,,,,,
15,,,,,,,,,,2354,0.09831566363573074,,,,,,,,
,,,,,,,,,3.1039473684210527e-07,2359,,,,,,,,,
15,,,,,,,,,,2359,0.03357540816068649,,,,,,,,
,,,,,,,,,3.110526315789473e-07,2364,,,,,,,,,
15,,,,,,,,,,2364,0.07594387978315353,,,,,,,,
,,,,,,,,,3.117105263157895e-07,2369,,,,,,,,,
15,,,,,,,,,,2369,0.062212951481342316,,,,,,,,
,,,,,,,,,3.123684210526316e-07,2374,,,,,,,,,
15,,,,,,,,,,2374,0.09171838313341141,,,,,,,,
,,,,,,,,,3.130263157894737e-07,2379,,,,,,,,,
15,,,,,,,,,,2379,0.07265038788318634,,,,,,,,
,,,,,,,,,3.136842105263158e-07,2384,,,,,,,,,
15,,,,,,,,,,2384,0.0985272005200386,,,,,,,,
,,,,,,,,,3.1434210526315784e-07,2389,,,,,,,,,
15,,,,,,,,,,2389,0.023671040311455727,,,,,,,,
,,,,,,,,,3.15e-07,2394,,,,,,,,,
15,,,,,,,,,,2394,0.049299206584692,,,,,,,,
,,,,,,,,,3.1565789473684205e-07,2399,,,,,,,,,
15,,,,,,,,,,2399,0.041573457419872284,,,,,,,,
,,,,,,,,,3.163157894736842e-07,2404,,,,,,,,,
15,,,,,,,,,,2404,0.08061333000659943,,,,,,,,
,,,,,,,,,3.1697368421052626e-07,2409,,,,,,,,,
15,,,,,,,,,,2409,0.07132522016763687,,,,,,,,
,,,,,,,,,3.176315789473684e-07,2414,,,,,,,,,
15,,,,,,,,,,2414,0.031950268894433975,,,,,,,,
,,,,,,,,,3.1828947368421047e-07,2419,,,,,,,,,
15,,,,,,,,,,2419,0.021963851526379585,,,,,,,,
,,,,,,,,,3.1894736842105263e-07,2424,,,,,,,,,
15,,,,,,,,,,2424,0.08605071157217026,,,,,,,,
,,,,,,,,,3.1960526315789473e-07,2429,,,,,,,,,
15,,,,,,,,,,2429,0.08307665586471558,,,,,,,,
15,,,,,,,,,,2431,,0.574999988079071,0.7301587462425232,0.08134057372808456,0.08134057372808456,-0.009798984974622726,0.574999988079071,1.0,-0.010611088015139103
,,,,,,,,,3.2026315789473684e-07,2434,,,,,,,,,
16,,,,,,,,,,2434,0.06339915096759796,,,,,,,,
,,,,,,,,,3.2092105263157894e-07,2439,,,,,,,,,
16,,,,,,,,,,2439,0.08611338585615158,,,,,,,,
,,,,,,,,,3.2157894736842105e-07,2444,,,,,,,,,
16,,,,,,,,,,2444,0.10528329759836197,,,,,,,,
,,,,,,,,,3.2223684210526315e-07,2449,,,,,,,,,
16,,,,,,,,,,2449,0.08638700097799301,,,,,,,,
,,,,,,,,,3.2289473684210526e-07,2454,,,,,,,,,
16,,,,,,,,,,2454,0.1287996470928192,,,,,,,,
,,,,,,,,,3.2355263157894736e-07,2459,,,,,,,,,
16,,,,,,,,,,2459,0.05778888240456581,,,,,,,,
,,,,,,,,,3.242105263157894e-07,2464,,,,,,,,,
16,,,,,,,,,,2464,0.099765844643116,,,,,,,,
,,,,,,,,,3.2486842105263157e-07,2469,,,,,,,,,
16,,,,,,,,,,2469,0.08076441287994385,,,,,,,,
,,,,,,,,,3.255263157894737e-07,2474,,,,,,,,,
16,,,,,,,,,,2474,0.10982806980609894,,,,,,,,
,,,,,,,,,3.261842105263158e-07,2479,,,,,,,,,
16,,,,,,,,,,2479,0.07806780934333801,,,,,,,,
,,,,,,,,,3.268421052631579e-07,2484,,,,,,,,,
16,,,,,,,,,,2484,0.10268446803092957,,,,,,,,
,,,,,,,,,3.275e-07,2489,,,,,,,,,
16,,,,,,,,,,2489,0.09274229407310486,,,,,,,,
,,,,,,,,,3.281578947368421e-07,2494,,,,,,,,,
16,,,,,,,,,,2494,0.08244826644659042,,,,,,,,
,,,,,,,,,3.288157894736842e-07,2499,,,,,,,,,
16,,,,,,,,,,2499,0.04691629484295845,,,,,,,,
,,,,,,,,,3.294736842105263e-07,2504,,,,,,,,,
16,,,,,,,,,,2504,0.10015696287155151,,,,,,,,
,,,,,,,,,3.301315789473684e-07,2509,,,,,,,,,
16,,,,,,,,,,2509,0.08734587579965591,,,,,,,,
,,,,,,,,,3.307894736842105e-07,2514,,,,,,,,,
16,,,,,,,,,,2514,0.06326863914728165,,,,,,,,
,,,,,,,,,3.3144736842105267e-07,2519,,,,,,,,,
16,,,,,,,,,,2519,0.06407268345355988,,,,,,,,
,,,,,,,,,3.321052631578947e-07,2524,,,,,,,,,
16,,,,,,,,,,2524,0.1072164997458458,,,,,,,,
,,,,,,,,,3.327631578947368e-07,2529,,,,,,,,,
16,,,,,,,,,,2529,0.044837575405836105,,,,,,,,
,,,,,,,,,3.3342105263157893e-07,2534,,,,,,,,,
16,,,,,,,,,,2534,0.09445459395647049,,,,,,,,
,,,,,,,,,3.3407894736842103e-07,2539,,,,,,,,,
16,,,,,,,,,,2539,0.12352556735277176,,,,,,,,
,,,,,,,,,3.3473684210526314e-07,2544,,,,,,,,,
16,,,,,,,,,,2544,0.10770554095506668,,,,,,,,
,,,,,,,,,3.3539473684210524e-07,2549,,,,,,,,,
16,,,,,,,,,,2549,0.043087687343358994,,,,,,,,
,,,,,,,,,3.3605263157894735e-07,2554,,,,,,,,,
16,,,,,,,,,,2554,0.10867276787757874,,,,,,,,
,,,,,,,,,3.3671052631578945e-07,2559,,,,,,,,,
16,,,,,,,,,,2559,0.07086095958948135,,,,,,,,
,,,,,,,,,3.3736842105263156e-07,2564,,,,,,,,,
16,,,,,,,,,,2564,0.015643993392586708,,,,,,,,
,,,,,,,,,3.3802631578947366e-07,2569,,,,,,,,,
16,,,,,,,,,,2569,0.04306386783719063,,,,,,,,
,,,,,,,,,3.386842105263158e-07,2574,,,,,,,,,
16,,,,,,,,,,2574,0.08486472070217133,,,,,,,,
,,,,,,,,,3.3934210526315787e-07,2579,,,,,,,,,
16,,,,,,,,,,2579,0.07849690318107605,,,,,,,,
16,,,,,,,,,,2583,,0.574999988079071,0.7301587462425232,0.08134079724550247,0.08134079724550247,0.008933884091675282,0.574999988079071,1.0,0.005446399096399546
,,,,,,,,,3.4000000000000003e-07,2584,,,,,,,,,
17,,,,,,,,,,2584,0.09273947030305862,,,,,,,,
,,,,,,,,,3.406578947368421e-07,2589,,,,,,,,,
17,,,,,,,,,,2589,0.11355514824390411,,,,,,,,
,,,,,,,,,3.413157894736842e-07,2594,,,,,,,,,
17,,,,,,,,,,2594,0.15874867141246796,,,,,,,,
,,,,,,,,,3.419736842105263e-07,2599,,,,,,,,,
17,,,,,,,,,,2599,0.04761918634176254,,,,,,,,
,,,,,,,,,3.426315789473684e-07,2604,,,,,,,,,
17,,,,,,,,,,2604,0.08324892818927765,,,,,,,,
,,,,,,,,,3.432894736842105e-07,2609,,,,,,,,,
17,,,,,,,,,,2609,0.06847275793552399,,,,,,,,
,,,,,,,,,3.439473684210526e-07,2614,,,,,,,,,
17,,,,,,,,,,2614,0.04487733170390129,,,,,,,,
,,,,,,,,,3.446052631578947e-07,2619,,,,,,,,,
17,,,,,,,,,,2619,0.10657045990228653,,,,,,,,
,,,,,,,,,3.452631578947368e-07,2624,,,,,,,,,
17,,,,,,,,,,2624,0.08964309841394424,,,,,,,,
,,,,,,,,,3.4592105263157897e-07,2629,,,,,,,,,
17,,,,,,,,,,2629,0.11241545528173447,,,,,,,,
,,,,,,,,,3.46578947368421e-07,2634,,,,,,,,,
17,,,,,,,,,,2634,0.051452163606882095,,,,,,,,
,,,,,,,,,3.472368421052632e-07,2639,,,,,,,,,
17,,,,,,,,,,2639,0.04981913045048714,,,,,,,,
,,,,,,,,,3.4789473684210523e-07,2644,,,,,,,,,
17,,,,,,,,,,2644,0.06563015282154083,,,,,,,,
,,,,,,,,,3.485526315789474e-07,2649,,,,,,,,,
17,,,,,,,,,,2649,0.10559737682342529,,,,,,,,
,,,,,,,,,3.4921052631578944e-07,2654,,,,,,,,,
17,,,,,,,,,,2654,0.14189672470092773,,,,,,,,
,,,,,,,,,3.498684210526316e-07,2659,,,,,,,,,
17,,,,,,,,,,2659,0.07601921260356903,,,,,,,,
,,,,,,,,,3.5052631578947365e-07,2664,,,,,,,,,
17,,,,,,,,,,2664,0.06447625160217285,,,,,,,,
,,,,,,,,,3.5118421052631575e-07,2669,,,,,,,,,
17,,,,,,,,,,2669,0.061912089586257935,,,,,,,,
,,,,,,,,,3.518421052631579e-07,2674,,,,,,,,,
17,,,,,,,,,,2674,0.06504334509372711,,,,,,,,
,,,,,,,,,3.5249999999999996e-07,2679,,,,,,,,,
17,,,,,,,,,,2679,0.11195024102926254,,,,,,,,
,,,,,,,,,3.531578947368421e-07,2684,,,,,,,,,
17,,,,,,,,,,2684,0.06539897620677948,,,,,,,,
,,,,,,,,,3.5381578947368417e-07,2689,,,,,,,,,
17,,,,,,,,,,2689,0.04010016471147537,,,,,,,,
,,,,,,,,,3.5447368421052633e-07,2694,,,,,,,,,
17,,,,,,,,,,2694,0.0990484207868576,,,,,,,,
,,,,,,,,,3.551315789473684e-07,2699,,,,,,,,,
17,,,,,,,,,,2699,0.12309945374727249,,,,,,,,
,,,,,,,,,3.5578947368421054e-07,2704,,,,,,,,,
17,,,,,,,,,,2704,0.051816295832395554,,,,,,,,
,,,,,,,,,3.564473684210526e-07,2709,,,,,,,,,
17,,,,,,,,,,2709,0.07345647364854813,,,,,,,,
,,,,,,,,,3.5710526315789474e-07,2714,,,,,,,,,
17,,,,,,,,,,2714,0.11454421281814575,,,,,,,,
,,,,,,,,,3.577631578947368e-07,2719,,,,,,,,,
17,,,,,,,,,,2719,0.09771750867366791,,,,,,,,
,,,,,,,,,3.5842105263157895e-07,2724,,,,,,,,,
17,,,,,,,,,,2724,0.02403119206428528,,,,,,,,
,,,,,,,,,3.5907894736842106e-07,2729,,,,,,,,,
17,,,,,,,,,,2729,0.10229962319135666,,,,,,,,
,,,,,,,,,3.597368421052631e-07,2734,,,,,,,,,
17,,,,,,,,,,2734,0.08721889555454254,,,,,,,,
17,,,,,,,,,,2735,,0.574999988079071,0.7301587462425232,0.08137954771518707,0.08137954771518707,0.01966678537428379,0.574999988079071,1.0,0.010071143507957458
,,,,,,,,,3.6039473684210527e-07,2739,,,,,,,,,
18,,,,,,,,,,2739,0.09144257009029388,,,,,,,,
,,,,,,,,,3.610526315789473e-07,2744,,,,,,,,,
18,,,,,,,,,,2744,0.07758092880249023,,,,,,,,
,,,,,,,,,3.617105263157895e-07,2749,,,,,,,,,
18,,,,,,,,,,2749,0.10124237835407257,,,,,,,,
,,,,,,,,,3.6236842105263153e-07,2754,,,,,,,,,
18,,,,,,,,,,2754,0.05019508674740791,,,,,,,,
,,,,,,,,,3.630263157894737e-07,2759,,,,,,,,,
18,,,,,,,,,,2759,0.07669893652200699,,,,,,,,
,,,,,,,,,3.6368421052631574e-07,2764,,,,,,,,,
18,,,,,,,,,,2764,0.16759492456912994,,,,,,,,
,,,,,,,,,3.643421052631579e-07,2769,,,,,,,,,
18,,,,,,,,,,2769,0.07472454756498337,,,,,,,,
,,,,,,,,,3.65e-07,2774,,,,,,,,,
18,,,,,,,,,,2774,0.10019340366125107,,,,,,,,
,,,,,,,,,3.656578947368421e-07,2779,,,,,,,,,
18,,,,,,,,,,2779,0.1317499428987503,,,,,,,,
,,,,,,,,,3.663157894736842e-07,2784,,,,,,,,,
18,,,,,,,,,,2784,0.03625603765249252,,,,,,,,
,,,,,,,,,3.669736842105263e-07,2789,,,,,,,,,
18,,,,,,,,,,2789,0.0527309775352478,,,,,,,,
,,,,,,,,,3.676315789473684e-07,2794,,,,,,,,,
18,,,,,,,,,,2794,0.069426529109478,,,,,,,,
,,,,,,,,,3.6828947368421047e-07,2799,,,,,,,,,
18,,,,,,,,,,2799,0.07758183032274246,,,,,,,,
,,,,,,,,,3.6894736842105263e-07,2804,,,,,,,,,
18,,,,,,,,,,2804,0.06597498804330826,,,,,,,,
,,,,,,,,,3.696052631578947e-07,2809,,,,,,,,,
18,,,,,,,,,,2809,0.05746385082602501,,,,,,,,
,,,,,,,,,3.7026315789473684e-07,2814,,,,,,,,,
18,,,,,,,,,,2814,0.06995805352926254,,,,,,,,
,,,,,,,,,3.709210526315789e-07,2819,,,,,,,,,
18,,,,,,,,,,2819,0.07312381267547607,,,,,,,,
,,,,,,,,,3.7157894736842104e-07,2824,,,,,,,,,
18,,,,,,,,,,2824,0.07854755222797394,,,,,,,,
,,,,,,,,,3.7223684210526315e-07,2829,,,,,,,,,
18,,,,,,,,,,2829,0.11648920923471451,,,,,,,,
,,,,,,,,,3.7289473684210525e-07,2834,,,,,,,,,
18,,,,,,,,,,2834,0.045785512775182724,,,,,,,,
,,,,,,,,,3.7355263157894736e-07,2839,,,,,,,,,
18,,,,,,,,,,2839,0.08696408569812775,,,,,,,,
,,,,,,,,,3.7421052631578946e-07,2844,,,,,,,,,
18,,,,,,,,,,2844,0.12788495421409607,,,,,,,,
,,,,,,,,,3.7486842105263157e-07,2849,,,,,,,,,
18,,,,,,,,,,2849,0.07005758583545685,,,,,,,,
,,,,,,,,,3.7552631578947367e-07,2854,,,,,,,,,
18,,,,,,,,,,2854,0.12496697157621384,,,,,,,,
,,,,,,,,,3.761842105263158e-07,2859,,,,,,,,,
18,,,,,,,,,,2859,0.08808373659849167,,,,,,,,
,,,,,,,,,3.7684210526315783e-07,2864,,,,,,,,,
18,,,,,,,,,,2864,0.07667321711778641,,,,,,,,
,,,,,,,,,3.775e-07,2869,,,,,,,,,
18,,,,,,,,,,2869,0.052203767001628876,,,,,,,,
,,,,,,,,,3.781578947368421e-07,2874,,,,,,,,,
18,,,,,,,,,,2874,0.11795762181282043,,,,,,,,
,,,,,,,,,3.788157894736842e-07,2879,,,,,,,,,
18,,,,,,,,,,2879,0.08366554975509644,,,,,,,,
,,,,,,,,,3.794736842105263e-07,2884,,,,,,,,,
18,,,,,,,,,,2884,0.13985280692577362,,,,,,,,
18,,,,,,,,,,2887,,0.574999988079071,0.7301587462425232,0.08140330016613007,0.08140330016613007,0.04670914635062218,0.574999988079071,1.0,0.02608167752623558
,,,,,,,,,3.801315789473684e-07,2889,,,,,,,,,
19,,,,,,,,,,2889,0.05113869160413742,,,,,,,,
,,,,,,,,,3.807894736842105e-07,2894,,,,,,,,,
19,,,,,,,,,,2894,0.1263476312160492,,,,,,,,
,,,,,,,,,3.814473684210526e-07,2899,,,,,,,,,
19,,,,,,,,,,2899,0.07980148494243622,,,,,,,,
,,,,,,,,,3.821052631578947e-07,2904,,,,,,,,,
19,,,,,,,,,,2904,0.09943778067827225,,,,,,,,
,,,,,,,,,3.827631578947368e-07,2909,,,,,,,,,
19,,,,,,,,,,2909,0.04854119196534157,,,,,,,,
,,,,,,,,,3.834210526315789e-07,2914,,,,,,,,,
19,,,,,,,,,,2914,0.015127654187381268,,,,,,,,
,,,,,,,,,3.840789473684211e-07,2919,,,,,,,,,
19,,,,,,,,,,2919,0.040038641542196274,,,,,,,,
,,,,,,,,,3.8473684210526314e-07,2924,,,,,,,,,
19,,,,,,,,,,2924,0.12452693283557892,,,,,,,,
,,,,,,,,,3.853947368421053e-07,2929,,,,,,,,,
19,,,,,,,,,,2929,0.044239647686481476,,,,,,,,
,,,,,,,,,3.8605263157894734e-07,2934,,,,,,,,,
19,,,,,,,,,,2934,0.07841981202363968,,,,,,,,
,,,,,,,,,3.8671052631578945e-07,2939,,,,,,,,,
19,,,,,,,,,,2939,0.07171576470136642,,,,,,,,
,,,,,,,,,3.8736842105263155e-07,2944,,,,,,,,,
19,,,,,,,,,,2944,0.04086189344525337,,,,,,,,
,,,,,,,,,3.8802631578947366e-07,2949,,,,,,,,,
19,,,,,,,,,,2949,0.10672932863235474,,,,,,,,
,,,,,,,,,3.8868421052631576e-07,2954,,,,,,,,,
19,,,,,,,,,,2954,0.0658576637506485,,,,,,,,
,,,,,,,,,3.8934210526315787e-07,2959,,,,,,,,,
19,,,,,,,,,,2959,0.07243756204843521,,,,,,,,
,,,,,,,,,3.8999999999999997e-07,2964,,,,,,,,,
19,,,,,,,,,,2964,0.10651907324790955,,,,,,,,
,,,,,,,,,3.906578947368421e-07,2969,,,,,,,,,
19,,,,,,,,,,2969,0.07594410330057144,,,,,,,,
,,,,,,,,,3.9131578947368423e-07,2974,,,,,,,,,
19,,,,,,,,,,2974,0.09147212654352188,,,,,,,,
,,,,,,,,,3.919736842105263e-07,2979,,,,,,,,,
19,,,,,,,,,,2979,0.10829517990350723,,,,,,,,
,,,,,,,,,3.9263157894736844e-07,2984,,,,,,,,,
19,,,,,,,,,,2984,0.05181347206234932,,,,,,,,
,,,,,,,,,3.932894736842105e-07,2989,,,,,,,,,
19,,,,,,,,,,2989,0.10371886938810349,,,,,,,,
,,,,,,,,,3.9394736842105265e-07,2994,,,,,,,,,
19,,,,,,,,,,2994,0.12148261815309525,,,,,,,,
,,,,,,,,,3.946052631578947e-07,2999,,,,,,,,,
19,,,,,,,,,,2999,0.10093694180250168,,,,,,,,
,,,,,,,,,3.952631578947368e-07,3004,,,,,,,,,
19,,,,,,,,,,3004,0.061159729957580566,,,,,,,,
,,,,,,,,,3.959210526315789e-07,3009,,,,,,,,,
19,,,,,,,,,,3009,0.10319048911333084,,,,,,,,
,,,,,,,,,3.96578947368421e-07,3014,,,,,,,,,
19,,,,,,,,,,3014,0.08661813288927078,,,,,,,,
,,,,,,,,,3.972368421052631e-07,3019,,,,,,,,,
19,,,,,,,,,,3019,0.09834843128919601,,,,,,,,
,,,,,,,,,3.978947368421052e-07,3024,,,,,,,,,
19,,,,,,,,,,3024,0.044283654540777206,,,,,,,,
,,,,,,,,,3.985526315789474e-07,3029,,,,,,,,,
19,,,,,,,,,,3029,0.09714099019765854,,,,,,,,
,,,,,,,,,3.9921052631578944e-07,3034,,,,,,,,,
19,,,,,,,,,,3034,0.11644026637077332,,,,,,,,
,,,,,,,,,3.998684210526316e-07,3039,,,,,,,,,
19,,,,,,,,,,3039,0.09083960205316544,,,,,,,,
19,,,,,,,,,,3039,,0.574999988079071,0.7301587462425232,0.08144459873437881,0.08144459873437881,0.07193681597709656,0.574999988079071,1.0,0.05926480144262314
,,,,,,,,,4.0052631578947364e-07,3044,,,,,,,,,
20,,,,,,,,,,3044,0.10244093090295792,,,,,,,,
,,,,,,,,,4.011842105263158e-07,3049,,,,,,,,,
20,,,,,,,,,,3049,0.060882799327373505,,,,,,,,
,,,,,,,,,4.0184210526315785e-07,3054,,,,,,,,,
20,,,,,,,,,,3054,0.1425042450428009,,,,,,,,
,,,,,,,,,4.025e-07,3059,,,,,,,,,
20,,,,,,,,,,3059,0.049752358347177505,,,,,,,,
,,,,,,,,,4.0315789473684206e-07,3064,,,,,,,,,
20,,,,,,,,,,3064,0.09772873669862747,,,,,,,,
,,,,,,,,,4.0381578947368417e-07,3069,,,,,,,,,
20,,,,,,,,,,3069,0.10176383703947067,,,,,,,,
,,,,,,,,,4.044736842105263e-07,3074,,,,,,,,,
20,,,,,,,,,,3074,0.04131252318620682,,,,,,,,
,,,,,,,,,4.051315789473684e-07,3079,,,,,,,,,
20,,,,,,,,,,3079,0.15379177033901215,,,,,,,,
,,,,,,,,,4.0578947368421053e-07,3084,,,,,,,,,
20,,,,,,,,,,3084,0.07237519323825836,,,,,,,,
,,,,,,,,,4.064473684210526e-07,3089,,,,,,,,,
20,,,,,,,,,,3089,0.052576713263988495,,,,,,,,
,,,,,,,,,4.0710526315789474e-07,3094,,,,,,,,,
20,,,,,,,,,,3094,0.08721136301755905,,,,,,,,
,,,,,,,,,4.077631578947368e-07,3099,,,,,,,,,
20,,,,,,,,,,3099,0.0484011173248291,,,,,,,,
,,,,,,,,,4.0842105263157895e-07,3104,,,,,,,,,
20,,,,,,,,,,3104,0.0874907374382019,,,,,,,,
,,,,,,,,,4.09078947368421e-07,3109,,,,,,,,,
20,,,,,,,,,,3109,0.05068012699484825,,,,,,,,
,,,,,,,,,4.0973684210526316e-07,3114,,,,,,,,,
20,,,,,,,,,,3114,0.08872994780540466,,,,,,,,
,,,,,,,,,4.103947368421052e-07,3119,,,,,,,,,
20,,,,,,,,,,3119,0.08165989071130753,,,,,,,,
,,,,,,,,,4.1105263157894737e-07,3124,,,,,,,,,
20,,,,,,,,,,3124,0.11457658559083939,,,,,,,,
,,,,,,,,,4.117105263157895e-07,3129,,,,,,,,,
20,,,,,,,,,,3129,0.10245144367218018,,,,,,,,
,,,,,,,,,4.123684210526316e-07,3134,,,,,,,,,
20,,,,,,,,,,3134,0.07273700088262558,,,,,,,,
,,,,,,,,,4.130263157894737e-07,3139,,,,,,,,,
20,,,,,,,,,,3139,0.03956471011042595,,,,,,,,
,,,,,,,,,4.1368421052631574e-07,3144,,,,,,,,,
20,,,,,,,,,,3144,0.08139817416667938,,,,,,,,
,,,,,,,,,4.143421052631579e-07,3149,,,,,,,,,
20,,,,,,,,,,3149,0.06909030675888062,,,,,,,,
,,,,,,,,,4.1499999999999994e-07,3154,,,,,,,,,
20,,,,,,,,,,3154,0.041304636746644974,,,,,,,,
,,,,,,,,,4.156578947368421e-07,3159,,,,,,,,,
20,,,,,,,,,,3159,0.09720154851675034,,,,,,,,
,,,,,,,,,4.1631578947368415e-07,3164,,,,,,,,,
20,,,,,,,,,,3164,0.0750020295381546,,,,,,,,
,,,,,,,,,4.169736842105263e-07,3169,,,,,,,,,
20,,,,,,,,,,3169,0.03950866684317589,,,,,,,,
,,,,,,,,,4.176315789473684e-07,3174,,,,,,,,,
20,,,,,,,,,,3174,0.11618191003799438,,,,,,,,
,,,,,,,,,4.182894736842105e-07,3179,,,,,,,,,
20,,,,,,,,,,3179,0.06108665466308594,,,,,,,,
,,,,,,,,,4.189473684210526e-07,3184,,,,,,,,,
20,,,,,,,,,,3184,0.11549891531467438,,,,,,,,
,,,,,,,,,4.1960526315789473e-07,3189,,,,,,,,,
20,,,,,,,,,,3189,0.062032803893089294,,,,,,,,
20,,,,,,,,,,3191,,0.574999988079071,0.7301587462425232,0.08149257302284241,0.08149257302284241,0.08910243958234787,0.574999988079071,1.0,0.07317425310611725
,,,,,,,,,4.2026315789473683e-07,3194,,,,,,,,,
21,,,,,,,,,,3194,0.045625749975442886,,,,,,,,
,,,,,,,,,4.2092105263157894e-07,3199,,,,,,,,,
21,,,,,,,,,,3199,0.09280619025230408,,,,,,,,
,,,,,,,,,4.2157894736842104e-07,3204,,,,,,,,,
21,,,,,,,,,,3204,0.11592793464660645,,,,,,,,
,,,,,,,,,4.222368421052631e-07,3209,,,,,,,,,
21,,,,,,,,,,3209,0.08413537591695786,,,,,,,,
,,,,,,,,,4.2289473684210525e-07,3214,,,,,,,,,
21,,,,,,,,,,3214,0.053650304675102234,,,,,,,,
,,,,,,,,,4.235526315789473e-07,3219,,,,,,,,,
21,,,,,,,,,,3219,0.07682555168867111,,,,,,,,
,,,,,,,,,4.2421052631578946e-07,3224,,,,,,,,,
21,,,,,,,,,,3224,0.039558280259370804,,,,,,,,
,,,,,,,,,4.2486842105263157e-07,3229,,,,,,,,,
21,,,,,,,,,,3229,0.09260931611061096,,,,,,,,
,,,,,,,,,4.2552631578947367e-07,3234,,,,,,,,,
21,,,,,,,,,,3234,0.1352899968624115,,,,,,,,
,,,,,,,,,4.261842105263158e-07,3239,,,,,,,,,
21,,,,,,,,,,3239,0.04227882996201515,,,,,,,,
,,,,,,,,,4.268421052631579e-07,3244,,,,,,,,,
21,,,,,,,,,,3244,0.08776307106018066,,,,,,,,
,,,,,,,,,4.275e-07,3249,,,,,,,,,
21,,,,,,,,,,3249,0.021944468840956688,,,,,,,,
,,,,,,,,,4.281578947368421e-07,3254,,,,,,,,,
21,,,,,,,,,,3254,0.08920753747224808,,,,,,,,
,,,,,,,,,4.288157894736842e-07,3259,,,,,,,,,
21,,,,,,,,,,3259,0.0910857617855072,,,,,,,,
,,,,,,,,,4.294736842105263e-07,3264,,,,,,,,,
21,,,,,,,,,,3264,0.09076747298240662,,,,,,,,
,,,,,,,,,4.301315789473684e-07,3269,,,,,,,,,
21,,,,,,,,,,3269,0.0475388802587986,,,,,,,,
,,,,,,,,,4.307894736842105e-07,3274,,,,,,,,,
21,,,,,,,,,,3274,0.12837520241737366,,,,,,,,
,,,,,,,,,4.314473684210526e-07,3279,,,,,,,,,
21,,,,,,,,,,3279,0.10955030471086502,,,,,,,,
,,,,,,,,,4.321052631578947e-07,3284,,,,,,,,,
21,,,,,,,,,,3284,0.04974555969238281,,,,,,,,
,,,,,,,,,4.327631578947368e-07,3289,,,,,,,,,
21,,,,,,,,,,3289,0.08925453573465347,,,,,,,,
,,,,,,,,,4.334210526315789e-07,3294,,,,,,,,,
21,,,,,,,,,,3294,0.07623577862977982,,,,,,,,
,,,,,,,,,4.3407894736842103e-07,3299,,,,,,,,,
21,,,,,,,,,,3299,0.0893431231379509,,,,,,,,
,,,,,,,,,4.3473684210526313e-07,3304,,,,,,,,,
21,,,,,,,,,,3304,0.11940694600343704,,,,,,,,
,,,,,,,,,4.3539473684210524e-07,3309,,,,,,,,,
21,,,,,,,,,,3309,0.1001824140548706,,,,,,,,
,,,,,,,,,4.3605263157894734e-07,3314,,,,,,,,,
21,,,,,,,,,,3314,0.0736360177397728,,,,,,,,
,,,,,,,,,4.367105263157895e-07,3319,,,,,,,,,
21,,,,,,,,,,3319,0.13311144709587097,,,,,,,,
,,,,,,,,,4.3736842105263155e-07,3324,,,,,,,,,
21,,,,,,,,,,3324,0.058028656989336014,,,,,,,,
,,,,,,,,,4.380263157894737e-07,3329,,,,,,,,,
21,,,,,,,,,,3329,0.0889502689242363,,,,,,,,
,,,,,,,,,4.3868421052631576e-07,3334,,,,,,,,,
21,,,,,,,,,,3334,0.07092048227787018,,,,,,,,
,,,,,,,,,4.3934210526315786e-07,3339,,,,,,,,,
21,,,,,,,,,,3339,0.07698023319244385,,,,,,,,
21,,,,,,,,,,3343,,0.574999988079071,0.7301587462425232,0.08150450140237808,0.08150450140237808,0.10050766915082932,0.574999988079071,1.0,0.07745859771966934
,,,,,,,,,4.3999999999999997e-07,3344,,,,,,,,,
22,,,,,,,,,,3344,0.06404861807823181,,,,,,,,
,,,,,,,,,4.406578947368421e-07,3349,,,,,,,,,
22,,,,,,,,,,3349,0.08238090574741364,,,,,,,,
,,,,,,,,,4.413157894736842e-07,3354,,,,,,,,,
22,,,,,,,,,,3354,0.11410073935985565,,,,,,,,
,,,,,,,,,4.419736842105263e-07,3359,,,,,,,,,
22,,,,,,,,,,3359,0.0801832303404808,,,,,,,,
,,,,,,,,,4.426315789473684e-07,3364,,,,,,,,,
22,,,,,,,,,,3364,0.06984523683786392,,,,,,,,
,,,,,,,,,4.432894736842105e-07,3369,,,,,,,,,
22,,,,,,,,,,3369,0.1378772109746933,,,,,,,,
,,,,,,,,,4.4394736842105265e-07,3374,,,,,,,,,
22,,,,,,,,,,3374,0.12105238437652588,,,,,,,,
,,,,,,,,,4.446052631578947e-07,3379,,,,,,,,,
22,,,,,,,,,,3379,0.07884614169597626,,,,,,,,
,,,,,,,,,4.4526315789473686e-07,3384,,,,,,,,,
22,,,,,,,,,,3384,0.064142607152462,,,,,,,,
,,,,,,,,,4.459210526315789e-07,3389,,,,,,,,,
22,,,,,,,,,,3389,0.05296320468187332,,,,,,,,
,,,,,,,,,4.4657894736842107e-07,3394,,,,,,,,,
22,,,,,,,,,,3394,0.12133543938398361,,,,,,,,
,,,,,,,,,4.472368421052631e-07,3399,,,,,,,,,
22,,,,,,,,,,3399,0.06421124190092087,,,,,,,,
,,,,,,,,,4.478947368421053e-07,3404,,,,,,,,,
22,,,,,,,,,,3404,0.07289496064186096,,,,,,,,
,,,,,,,,,4.4855263157894733e-07,3409,,,,,,,,,
22,,,,,,,,,,3409,0.05508827418088913,,,,,,,,
,,,,,,,,,4.4921052631578943e-07,3414,,,,,,,,,
22,,,,,,,,,,3414,0.07420369982719421,,,,,,,,
,,,,,,,,,4.4986842105263154e-07,3419,,,,,,,,,
22,,,,,,,,,,3419,0.04667200520634651,,,,,,,,
,,,,,,,,,4.5052631578947364e-07,3424,,,,,,,,,
22,,,,,,,,,,3424,0.06692466139793396,,,,,,,,
,,,,,,,,,4.511842105263158e-07,3429,,,,,,,,,
22,,,,,,,,,,3429,0.0480964258313179,,,,,,,,
,,,,,,,,,4.5184210526315785e-07,3434,,,,,,,,,
22,,,,,,,,,,3434,0.0714321956038475,,,,,,,,
,,,,,,,,,4.525e-07,3439,,,,,,,,,
22,,,,,,,,,,3439,0.14238512516021729,,,,,,,,
,,,,,,,,,4.5315789473684206e-07,3444,,,,,,,,,
22,,,,,,,,,,3444,0.026854582130908966,,,,,,,,
,,,,,,,,,4.538157894736842e-07,3449,,,,,,,,,
22,,,,,,,,,,3449,0.05781557038426399,,,,,,,,
,,,,,,,,,4.5447368421052627e-07,3454,,,,,,,,,
22,,,,,,,,,,3454,0.06920196115970612,,,,,,,,
,,,,,,,,,4.5513157894736843e-07,3459,,,,,,,,,
22,,,,,,,,,,3459,0.07238812744617462,,,,,,,,
,,,,,,,,,4.557894736842105e-07,3464,,,,,,,,,
22,,,,,,,,,,3464,0.052634965628385544,,,,,,,,
,,,,,,,,,4.5644736842105264e-07,3469,,,,,,,,,
22,,,,,,,,,,3469,0.11401505023241043,,,,,,,,
,,,,,,,,,4.5710526315789474e-07,3474,,,,,,,,,
22,,,,,,,,,,3474,0.044700175523757935,,,,,,,,
,,,,,,,,,4.577631578947368e-07,3479,,,,,,,,,
22,,,,,,,,,,3479,0.08468078076839447,,,,,,,,
,,,,,,,,,4.5842105263157895e-07,3484,,,,,,,,,
22,,,,,,,,,,3484,0.04020034521818161,,,,,,,,
,,,,,,,,,4.59078947368421e-07,3489,,,,,,,,,
22,,,,,,,,,,3489,0.08915591984987259,,,,,,,,
,,,,,,,,,4.5973684210526316e-07,3494,,,,,,,,,
22,,,,,,,,,,3494,0.07368399202823639,,,,,,,,
22,,,,,,,,,,3495,,0.574999988079071,0.7301587462425232,0.08163968473672867,0.08163968473672867,0.1149795800447464,0.574999988079071,1.0,0.09643882513046265
,,,,,,,,,4.603947368421052e-07,3499,,,,,,,,,
23,,,,,,,,,,3499,0.08155879378318787,,,,,,,,
,,,,,,,,,4.6105263157894737e-07,3504,,,,,,,,,
23,,,,,,,,,,3504,0.06792231649160385,,,,,,,,
,,,,,,,,,4.617105263157894e-07,3509,,,,,,,,,
23,,,,,,,,,,3509,0.08549322932958603,,,,,,,,
,,,,,,,,,4.623684210526316e-07,3514,,,,,,,,,
23,,,,,,,,,,3514,0.08782614022493362,,,,,,,,
,,,,,,,,,4.6302631578947363e-07,3519,,,,,,,,,
23,,,,,,,,,,3519,0.046787481755018234,,,,,,,,
,,,,,,,,,4.636842105263158e-07,3524,,,,,,,,,
23,,,,,,,,,,3524,0.10870785266160965,,,,,,,,
,,,,,,,,,4.643421052631579e-07,3529,,,,,,,,,
23,,,,,,,,,,3529,0.047531142830848694,,,,,,,,
,,,,,,,,,4.65e-07,3534,,,,,,,,,
23,,,,,,,,,,3534,0.08464650809764862,,,,,,,,
,,,,,,,,,4.656578947368421e-07,3539,,,,,,,,,
23,,,,,,,,,,3539,0.059235136955976486,,,,,,,,
,,,,,,,,,4.6631578947368415e-07,3544,,,,,,,,,
23,,,,,,,,,,3544,0.07051209360361099,,,,,,,,
,,,,,,,,,4.669736842105263e-07,3549,,,,,,,,,
23,,,,,,,,,,3549,0.13566365838050842,,,,,,,,
,,,,,,,,,4.6763157894736836e-07,3554,,,,,,,,,
23,,,,,,,,,,3554,0.04537973925471306,,,,,,,,
,,,,,,,,,4.682894736842105e-07,3559,,,,,,,,,
23,,,,,,,,,,3559,0.08131593465805054,,,,,,,,
,,,,,,,,,4.6894736842105257e-07,3564,,,,,,,,,
23,,,,,,,,,,3564,0.11514213681221008,,,,,,,,
,,,,,,,,,4.6960526315789473e-07,3569,,,,,,,,,
23,,,,,,,,,,3569,0.02589927427470684,,,,,,,,
,,,,,,,,,4.7026315789473683e-07,3574,,,,,,,,,
23,,,,,,,,,,3574,0.06973478198051453,,,,,,,,
,,,,,,,,,4.7092105263157894e-07,3579,,,,,,,,,
23,,,,,,,,,,3579,0.06795988976955414,,,,,,,,
,,,,,,,,,4.7157894736842104e-07,3584,,,,,,,,,
23,,,,,,,,,,3584,0.12416067719459534,,,,,,,,
,,,,,,,,,4.7223684210526314e-07,3589,,,,,,,,,
23,,,,,,,,,,3589,0.08442883938550949,,,,,,,,
,,,,,,,,,4.7289473684210525e-07,3594,,,,,,,,,
23,,,,,,,,,,3594,0.03305789455771446,,,,,,,,
,,,,,,,,,4.7355263157894735e-07,3599,,,,,,,,,
23,,,,,,,,,,3599,0.04032917693257332,,,,,,,,
,,,,,,,,,4.7421052631578946e-07,3604,,,,,,,,,
23,,,,,,,,,,3604,0.052143607288599014,,,,,,,,
,,,,,,,,,4.7486842105263156e-07,3609,,,,,,,,,
23,,,,,,,,,,3609,0.0831785500049591,,,,,,,,
,,,,,,,,,4.7552631578947367e-07,3614,,,,,,,,,
23,,,,,,,,,,3614,0.126854807138443,,,,,,,,
,,,,,,,,,4.761842105263157e-07,3619,,,,,,,,,
23,,,,,,,,,,3619,0.07781118899583817,,,,,,,,
,,,,,,,,,4.768421052631579e-07,3624,,,,,,,,,
23,,,,,,,,,,3624,0.10043905675411224,,,,,,,,
,,,,,,,,,4.775e-07,3629,,,,,,,,,
23,,,,,,,,,,3629,0.08930130302906036,,,,,,,,
,,,,,,,,,4.781578947368421e-07,3634,,,,,,,,,
23,,,,,,,,,,3634,0.09573158621788025,,,,,,,,
,,,,,,,,,4.788157894736842e-07,3639,,,,,,,,,
23,,,,,,,,,,3639,0.1150418370962143,,,,,,,,
,,,,,,,,,4.794736842105263e-07,3644,,,,,,,,,
23,,,,,,,,,,3644,0.05491780489683151,,,,,,,,
23,,,,,,,,,,3647,,0.574999988079071,0.7301587462425232,0.08168970048427582,0.08168970048427582,0.11567731201648712,0.574999988079071,1.0,0.10221388190984726
,,,,,,,,,4.801315789473684e-07,3649,,,,,,,,,
24,,,,,,,,,,3649,0.10614541172981262,,,,,,,,
,,,,,,,,,4.807894736842105e-07,3654,,,,,,,,,
24,,,,,,,,,,3654,0.10745114833116531,,,,,,,,
,,,,,,,,,4.814473684210526e-07,3659,,,,,,,,,
24,,,,,,,,,,3659,0.07586932182312012,,,,,,,,
,,,,,,,,,4.821052631578947e-07,3664,,,,,,,,,
24,,,,,,,,,,3664,0.11195223033428192,,,,,,,,
,,,,,,,,,4.827631578947368e-07,3669,,,,,,,,,
24,,,,,,,,,,3669,0.09644883871078491,,,,,,,,
,,,,,,,,,4.834210526315789e-07,3674,,,,,,,,,
24,,,,,,,,,,3674,0.11465026438236237,,,,,,,,
,,,,,,,,,4.84078947368421e-07,3679,,,,,,,,,
24,,,,,,,,,,3679,0.09518682956695557,,,,,,,,
,,,,,,,,,4.847368421052631e-07,3684,,,,,,,,,
24,,,,,,,,,,3684,0.09863738715648651,,,,,,,,
,,,,,,,,,4.853947368421052e-07,3689,,,,,,,,,
24,,,,,,,,,,3689,0.0763382539153099,,,,,,,,
,,,,,,,,,4.860526315789473e-07,3694,,,,,,,,,
24,,,,,,,,,,3694,0.048672620207071304,,,,,,,,
,,,,,,,,,4.867105263157894e-07,3699,,,,,,,,,
24,,,,,,,,,,3699,0.06334389746189117,,,,,,,,
,,,,,,,,,4.873684210526315e-07,3704,,,,,,,,,
24,,,,,,,,,,3704,0.06781303137540817,,,,,,,,
,,,,,,,,,4.880263157894737e-07,3709,,,,,,,,,
24,,,,,,,,,,3709,0.05848878249526024,,,,,,,,
,,,,,,,,,4.886842105263158e-07,3714,,,,,,,,,
24,,,,,,,,,,3714,0.05724406987428665,,,,,,,,
,,,,,,,,,4.893421052631579e-07,3719,,,,,,,,,
24,,,,,,,,,,3719,0.06866399943828583,,,,,,,,
,,,,,,,,,4.9e-07,3724,,,,,,,,,
24,,,,,,,,,,3724,0.0958903431892395,,,,,,,,
,,,,,,,,,4.906578947368421e-07,3729,,,,,,,,,
24,,,,,,,,,,3729,0.11835605651140213,,,,,,,,
,,,,,,,,,4.913157894736842e-07,3734,,,,,,,,,
24,,,,,,,,,,3734,0.05086270719766617,,,,,,,,
,,,,,,,,,4.919736842105263e-07,3739,,,,,,,,,
24,,,,,,,,,,3739,0.04127693548798561,,,,,,,,
,,,,,,,,,4.926315789473684e-07,3744,,,,,,,,,
24,,,,,,,,,,3744,0.06090540438890457,,,,,,,,
,,,,,,,,,4.932894736842105e-07,3749,,,,,,,,,
24,,,,,,,,,,3749,0.03447047621011734,,,,,,,,
,,,,,,,,,4.939473684210526e-07,3754,,,,,,,,,
24,,,,,,,,,,3754,0.1176702231168747,,,,,,,,
,,,,,,,,,4.946052631578947e-07,3759,,,,,,,,,
24,,,,,,,,,,3759,0.05351606383919716,,,,,,,,
,,,,,,,,,4.952631578947368e-07,3764,,,,,,,,,
24,,,,,,,,,,3764,0.09000173956155777,,,,,,,,
,,,,,,,,,4.959210526315789e-07,3769,,,,,,,,,
24,,,,,,,,,,3769,0.07737713307142258,,,,,,,,
,,,,,,,,,4.96578947368421e-07,3774,,,,,,,,,
24,,,,,,,,,,3774,0.07182513922452927,,,,,,,,
,,,,,,,,,4.972368421052631e-07,3779,,,,,,,,,
24,,,,,,,,,,3779,0.04450999200344086,,,,,,,,
,,,,,,,,,4.978947368421052e-07,3784,,,,,,,,,
24,,,,,,,,,,3784,0.09918676316738129,,,,,,,,
,,,,,,,,,4.985526315789473e-07,3789,,,,,,,,,
24,,,,,,,,,,3789,0.057624269276857376,,,,,,,,
,,,,,,,,,4.992105263157894e-07,3794,,,,,,,,,
24,,,,,,,,,,3794,0.09758884459733963,,,,,,,,
,,,,,,,,,4.998684210526315e-07,3799,,,,,,,,,
24,,,,,,,,,,3799,0.06410488486289978,,,,,,,,
24,,,,,,,,,,3799,,0.574999988079071,0.7301587462425232,0.0817403793334961,0.0817403793334961,0.11801179498434067,0.574999988079071,1.0,0.10160351544618607
,,,,,,,,,5.005263157894736e-07,3804,,,,,,,,,
25,,,,,,,,,,3804,0.07303636521100998,,,,,,,,
,,,,,,,,,5.011842105263157e-07,3809,,,,,,,,,
25,,,,,,,,,,3809,0.07461903989315033,,,,,,,,
,,,,,,,,,5.018421052631578e-07,3814,,,,,,,,,
25,,,,,,,,,,3814,0.08225911110639572,,,,,,,,
,,,,,,,,,5.025e-07,3819,,,,,,,,,
25,,,,,,,,,,3819,0.0923677459359169,,,,,,,,
,,,,,,,,,5.031578947368422e-07,3824,,,,,,,,,
25,,,,,,,,,,3824,0.03576267883181572,,,,,,,,
,,,,,,,,,5.038157894736842e-07,3829,,,,,,,,,
25,,,,,,,,,,3829,0.09829773008823395,,,,,,,,
,,,,,,,,,5.044736842105263e-07,3834,,,,,,,,,
25,,,,,,,,,,3834,0.08080010116100311,,,,,,,,
,,,,,,,,,5.051315789473684e-07,3839,,,,,,,,,
25,,,,,,,,,,3839,0.10206694900989532,,,,,,,,
,,,,,,,,,5.057894736842106e-07,3844,,,,,,,,,
25,,,,,,,,,,3844,0.05383576452732086,,,,,,,,
,,,,,,,,,5.064473684210526e-07,3849,,,,,,,,,
25,,,,,,,,,,3849,0.09045015275478363,,,,,,,,
,,,,,,,,,5.071052631578947e-07,3854,,,,,,,,,
25,,,,,,,,,,3854,0.1275724172592163,,,,,,,,
,,,,,,,,,5.077631578947368e-07,3859,,,,,,,,,
25,,,,,,,,,,3859,0.11425429582595825,,,,,,,,
,,,,,,,,,5.08421052631579e-07,3864,,,,,,,,,
25,,,,,,,,,,3864,0.092268206179142,,,,,,,,
,,,,,,,,,5.090789473684211e-07,3869,,,,,,,,,
25,,,,,,,,,,3869,0.061441872268915176,,,,,,,,
,,,,,,,,,5.097368421052631e-07,3874,,,,,,,,,
25,,,,,,,,,,3874,0.0877479836344719,,,,,,,,
,,,,,,,,,5.103947368421052e-07,3879,,,,,,,,,
25,,,,,,,,,,3879,0.06939642131328583,,,,,,,,
,,,,,,,,,5.110526315789473e-07,3884,,,,,,,,,
25,,,,,,,,,,3884,0.04448089748620987,,,,,,,,
,,,,,,,,,5.117105263157895e-07,3889,,,,,,,,,
25,,,,,,,,,,3889,0.11387518793344498,,,,,,,,
,,,,,,,,,5.123684210526315e-07,3894,,,,,,,,,
25,,,,,,,,,,3894,0.08188332617282867,,,,,,,,
,,,,,,,,,5.130263157894736e-07,3899,,,,,,,,,
25,,,,,,,,,,3899,0.06987420469522476,,,,,,,,
,,,,,,,,,5.136842105263157e-07,3904,,,,,,,,,
25,,,,,,,,,,3904,0.06832235306501389,,,,,,,,
,,,,,,,,,5.143421052631579e-07,3909,,,,,,,,,
25,,,,,,,,,,3909,0.059147294610738754,,,,,,,,
,,,,,,,,,5.149999999999999e-07,3914,,,,,,,,,
25,,,,,,,,,,3914,0.09275300055742264,,,,,,,,
,,,,,,,,,5.15657894736842e-07,3919,,,,,,,,,
25,,,,,,,,,,3919,0.09720949828624725,,,,,,,,
,,,,,,,,,5.163157894736841e-07,3924,,,,,,,,,
25,,,,,,,,,,3924,0.056210119277238846,,,,,,,,
,,,,,,,,,5.169736842105264e-07,3929,,,,,,,,,
25,,,,,,,,,,3929,0.08870980888605118,,,,,,,,
,,,,,,,,,5.176315789473685e-07,3934,,,,,,,,,
25,,,,,,,,,,3934,0.11766786128282547,,,,,,,,
,,,,,,,,,5.182894736842105e-07,3939,,,,,,,,,
25,,,,,,,,,,3939,0.06481196731328964,,,,,,,,
,,,,,,,,,5.189473684210526e-07,3944,,,,,,,,,
25,,,,,,,,,,3944,0.09659299999475479,,,,,,,,
,,,,,,,,,5.196052631578948e-07,3949,,,,,,,,,
25,,,,,,,,,,3949,0.06273153424263,,,,,,,,
25,,,,,,,,,,3951,,0.574999988079071,0.7301587462425232,0.08194312453269958,0.08194312453269958,0.12365181744098663,0.574999988079071,1.0,0.10193217545747757
,,,,,,,,,5.202631578947369e-07,3954,,,,,,,,,
26,,,,,,,,,,3954,0.11608736962080002,,,,,,,,
,,,,,,,,,5.209210526315789e-07,3959,,,,,,,,,
26,,,,,,,,,,3959,0.08687227219343185,,,,,,,,
,,,,,,,,,5.21578947368421e-07,3964,,,,,,,,,
26,,,,,,,,,,3964,0.0941525250673294,,,,,,,,
,,,,,,,,,5.222368421052631e-07,3969,,,,,,,,,
26,,,,,,,,,,3969,0.08845224231481552,,,,,,,,
,,,,,,,,,5.228947368421053e-07,3974,,,,,,,,,
26,,,,,,,,,,3974,0.17350421845912933,,,,,,,,
,,,,,,,,,5.235526315789474e-07,3979,,,,,,,,,
26,,,,,,,,,,3979,0.09044390916824341,,,,,,,,
,,,,,,,,,5.242105263157894e-07,3984,,,,,,,,,
26,,,,,,,,,,3984,0.1076737642288208,,,,,,,,
,,,,,,,,,5.248684210526315e-07,3989,,,,,,,,,
26,,,,,,,,,,3989,0.11274682730436325,,,,,,,,
,,,,,,,,,5.255263157894737e-07,3994,,,,,,,,,
26,,,,,,,,,,3994,0.05610033497214317,,,,,,,,
,,,,,,,,,5.261842105263158e-07,3999,,,,,,,,,
26,,,,,,,,,,3999,0.07870715856552124,,,,,,,,
,,,,,,,,,5.268421052631578e-07,4004,,,,,,,,,
26,,,,,,,,,,4004,0.1173223927617073,,,,,,,,
,,,,,,,,,5.274999999999999e-07,4009,,,,,,,,,
26,,,,,,,,,,4009,0.08668225258588791,,,,,,,,
,,,,,,,,,5.281578947368421e-07,4014,,,,,,,,,
26,,,,,,,,,,4014,0.10761309415102005,,,,,,,,
,,,,,,,,,5.288157894736842e-07,4019,,,,,,,,,
26,,,,,,,,,,4019,0.03490050509572029,,,,,,,,
,,,,,,,,,5.294736842105263e-07,4024,,,,,,,,,
26,,,,,,,,,,4024,0.06597274541854858,,,,,,,,
,,,,,,,,,5.301315789473683e-07,4029,,,,,,,,,
26,,,,,,,,,,4029,0.11023986339569092,,,,,,,,
,,,,,,,,,5.307894736842104e-07,4034,,,,,,,,,
26,,,,,,,,,,4034,0.0610063262283802,,,,,,,,
,,,,,,,,,5.314473684210527e-07,4039,,,,,,,,,
26,,,,,,,,,,4039,0.09284898638725281,,,,,,,,
,,,,,,,,,5.321052631578948e-07,4044,,,,,,,,,
26,,,,,,,,,,4044,0.09766632318496704,,,,,,,,
,,,,,,,,,5.327631578947368e-07,4049,,,,,,,,,
26,,,,,,,,,,4049,0.13231970369815826,,,,,,,,
,,,,,,,,,5.334210526315789e-07,4054,,,,,,,,,
26,,,,,,,,,,4054,0.0504450686275959,,,,,,,,
,,,,,,,,,5.340789473684211e-07,4059,,,,,,,,,
26,,,,,,,,,,4059,0.05598542466759682,,,,,,,,
,,,,,,,,,5.347368421052632e-07,4064,,,,,,,,,
26,,,,,,,,,,4064,0.10862558335065842,,,,,,,,
,,,,,,,,,5.353947368421052e-07,4069,,,,,,,,,
26,,,,,,,,,,4069,0.07555995136499405,,,,,,,,
,,,,,,,,,5.360526315789473e-07,4074,,,,,,,,,
26,,,,,,,,,,4074,0.0828087329864502,,,,,,,,
,,,,,,,,,5.367105263157895e-07,4079,,,,,,,,,
26,,,,,,,,,,4079,0.12168711423873901,,,,,,,,
,,,,,,,,,5.373684210526316e-07,4084,,,,,,,,,
26,,,,,,,,,,4084,0.04730164632201195,,,,,,,,
,,,,,,,,,5.380263157894737e-07,4089,,,,,,,,,
26,,,,,,,,,,4089,0.09667542576789856,,,,,,,,
,,,,,,,,,5.386842105263157e-07,4094,,,,,,,,,
26,,,,,,,,,,4094,0.038284461945295334,,,,,,,,
,,,,,,,,,5.393421052631578e-07,4099,,,,,,,,,
26,,,,,,,,,,4099,0.030656585469841957,,,,,,,,
26,,,,,,,,,,4103,,0.574999988079071,0.7301587462425232,0.08200444281101227,0.08200444281101227,0.1219656765460968,0.574999988079071,1.0,0.10034814476966858
,,,,,,,,,5.4e-07,4104,,,,,,,,,
27,,,,,,,,,,4104,0.0794621929526329,,,,,,,,
,,,,,,,,,5.406578947368421e-07,4109,,,,,,,,,
27,,,,,,,,,,4109,0.1025765910744667,,,,,,,,
,,,,,,,,,5.413157894736841e-07,4114,,,,,,,,,
27,,,,,,,,,,4114,0.07282955944538116,,,,,,,,
,,,,,,,,,5.419736842105262e-07,4119,,,,,,,,,
27,,,,,,,,,,4119,0.04233776405453682,,,,,,,,
,,,,,,,,,5.426315789473684e-07,4124,,,,,,,,,
27,,,,,,,,,,4124,0.02916955202817917,,,,,,,,
,,,,,,,,,5.432894736842105e-07,4129,,,,,,,,,
27,,,,,,,,,,4129,0.07772249728441238,,,,,,,,
,,,,,,,,,5.439473684210526e-07,4134,,,,,,,,,
27,,,,,,,,,,4134,0.07218773663043976,,,,,,,,
,,,,,,,,,5.446052631578946e-07,4139,,,,,,,,,
27,,,,,,,,,,4139,0.11670871078968048,,,,,,,,
,,,,,,,,,5.452631578947369e-07,4144,,,,,,,,,
27,,,,,,,,,,4144,0.06409011036157608,,,,,,,,
,,,,,,,,,5.45921052631579e-07,4149,,,,,,,,,
27,,,,,,,,,,4149,0.09609845280647278,,,,,,,,
,,,,,,,,,5.465789473684211e-07,4154,,,,,,,,,
27,,,,,,,,,,4154,0.06909641623497009,,,,,,,,
,,,,,,,,,5.472368421052631e-07,4159,,,,,,,,,
27,,,,,,,,,,4159,0.053412266075611115,,,,,,,,
,,,,,,,,,5.478947368421052e-07,4164,,,,,,,,,
27,,,,,,,,,,4164,0.07798205316066742,,,,,,,,
,,,,,,,,,5.485526315789474e-07,4169,,,,,,,,,
27,,,,,,,,,,4169,0.06122347712516785,,,,,,,,
,,,,,,,,,5.492105263157895e-07,4174,,,,,,,,,
27,,,,,,,,,,4174,0.06048864126205444,,,,,,,,
,,,,,,,,,5.498684210526316e-07,4179,,,,,,,,,
27,,,,,,,,,,4179,0.08416049182415009,,,,,,,,
,,,,,,,,,5.505263157894736e-07,4184,,,,,,,,,
27,,,,,,,,,,4184,0.06672826409339905,,,,,,,,
,,,,,,,,,5.511842105263158e-07,4189,,,,,,,,,
27,,,,,,,,,,4189,0.07691965997219086,,,,,,,,
,,,,,,,,,5.518421052631579e-07,4194,,,,,,,,,
27,,,,,,,,,,4194,0.11109062284231186,,,,,,,,
,,,,,,,,,5.525e-07,4199,,,,,,,,,
27,,,,,,,,,,4199,0.11956175416707993,,,,,,,,
,,,,,,,,,5.53157894736842e-07,4204,,,,,,,,,
27,,,,,,,,,,4204,0.05358058214187622,,,,,,,,
,,,,,,,,,5.538157894736842e-07,4209,,,,,,,,,
27,,,,,,,,,,4209,0.08397015929222107,,,,,,,,
,,,,,,,,,5.544736842105263e-07,4214,,,,,,,,,
27,,,,,,,,,,4214,0.07717687636613846,,,,,,,,
,,,,,,,,,5.551315789473684e-07,4219,,,,,,,,,
27,,,,,,,,,,4219,0.12140997499227524,,,,,,,,
,,,,,,,,,5.557894736842105e-07,4224,,,,,,,,,
27,,,,,,,,,,4224,0.07837583124637604,,,,,,,,
,,,,,,,,,5.564473684210525e-07,4229,,,,,,,,,
27,,,,,,,,,,4229,0.12412411719560623,,,,,,,,
,,,,,,,,,5.571052631578947e-07,4234,,,,,,,,,
27,,,,,,,,,,4234,0.09635692834854126,,,,,,,,
,,,,,,,,,5.577631578947368e-07,4239,,,,,,,,,
27,,,,,,,,,,4239,0.07189186662435532,,,,,,,,
,,,,,,,,,5.584210526315789e-07,4244,,,,,,,,,
27,,,,,,,,,,4244,0.09287005662918091,,,,,,,,
,,,,,,,,,5.590789473684209e-07,4249,,,,,,,,,
27,,,,,,,,,,4249,0.10160093754529953,,,,,,,,
,,,,,,,,,5.597368421052632e-07,4254,,,,,,,,,
27,,,,,,,,,,4254,0.032349132001399994,,,,,,,,
27,,,,,,,,,,4255,,0.574999988079071,0.7301587462425232,0.08199934661388397,0.08199934661388397,0.13663513958454132,0.574999988079071,1.0,0.10700296610593796
,,,,,,,,,5.603947368421053e-07,4259,,,,,,,,,
28,,,,,,,,,,4259,0.07412371784448624,,,,,,,,
,,,,,,,,,5.610526315789474e-07,4264,,,,,,,,,
28,,,,,,,,,,4264,0.033370282500982285,,,,,,,,
,,,,,,,,,5.617105263157894e-07,4269,,,,,,,,,
28,,,,,,,,,,4269,0.07092263549566269,,,,,,,,
,,,,,,,,,5.623684210526316e-07,4274,,,,,,,,,
28,,,,,,,,,,4274,0.08083118498325348,,,,,,,,
,,,,,,,,,5.630263157894737e-07,4279,,,,,,,,,
28,,,,,,,,,,4279,0.07107451558113098,,,,,,,,
,,,,,,,,,5.636842105263158e-07,4284,,,,,,,,,
28,,,,,,,,,,4284,0.07238752394914627,,,,,,,,
,,,,,,,,,5.643421052631579e-07,4289,,,,,,,,,
28,,,,,,,,,,4289,0.0578734464943409,,,,,,,,
,,,,,,,,,5.649999999999999e-07,4294,,,,,,,,,
28,,,,,,,,,,4294,0.06038771942257881,,,,,,,,
,,,,,,,,,5.656578947368421e-07,4299,,,,,,,,,
28,,,,,,,,,,4299,0.020940052345395088,,,,,,,,
,,,,,,,,,5.663157894736842e-07,4304,,,,,,,,,
28,,,,,,,,,,4304,0.0858130007982254,,,,,,,,
,,,,,,,,,5.669736842105263e-07,4309,,,,,,,,,
28,,,,,,,,,,4309,0.08311974257230759,,,,,,,,
,,,,,,,,,5.676315789473683e-07,4314,,,,,,,,,
28,,,,,,,,,,4314,0.07063040137290955,,,,,,,,
,,,,,,,,,5.682894736842105e-07,4319,,,,,,,,,
28,,,,,,,,,,4319,0.05979466438293457,,,,,,,,
,,,,,,,,,5.689473684210526e-07,4324,,,,,,,,,
28,,,,,,,,,,4324,0.1547062247991562,,,,,,,,
,,,,,,,,,5.696052631578947e-07,4329,,,,,,,,,
28,,,,,,,,,,4329,0.06169512867927551,,,,,,,,
,,,,,,,,,5.702631578947368e-07,4334,,,,,,,,,
28,,,,,,,,,,4334,0.11356063187122345,,,,,,,,
,,,,,,,,,5.709210526315789e-07,4339,,,,,,,,,
28,,,,,,,,,,4339,0.07589308172464371,,,,,,,,
,,,,,,,,,5.71578947368421e-07,4344,,,,,,,,,
28,,,,,,,,,,4344,0.07075253874063492,,,,,,,,
,,,,,,,,,5.722368421052631e-07,4349,,,,,,,,,
28,,,,,,,,,,4349,0.07913888990879059,,,,,,,,
,,,,,,,,,5.728947368421052e-07,4354,,,,,,,,,
28,,,,,,,,,,4354,0.05466727912425995,,,,,,,,
,,,,,,,,,5.735526315789472e-07,4359,,,,,,,,,
28,,,,,,,,,,4359,0.13436134159564972,,,,,,,,
,,,,,,,,,5.742105263157895e-07,4364,,,,,,,,,
28,,,,,,,,,,4364,0.10723396390676498,,,,,,,,
,,,,,,,,,5.748684210526316e-07,4369,,,,,,,,,
28,,,,,,,,,,4369,0.08103233575820923,,,,,,,,
,,,,,,,,,5.755263157894737e-07,4374,,,,,,,,,
28,,,,,,,,,,4374,0.10211427509784698,,,,,,,,
,,,,,,,,,5.761842105263158e-07,4379,,,,,,,,,
28,,,,,,,,,,4379,0.07280430197715759,,,,,,,,
,,,,,,,,,5.768421052631579e-07,4384,,,,,,,,,
28,,,,,,,,,,4384,0.09295309334993362,,,,,,,,
,,,,,,,,,5.775e-07,4389,,,,,,,,,
28,,,,,,,,,,4389,0.018493572250008583,,,,,,,,
,,,,,,,,,5.781578947368421e-07,4394,,,,,,,,,
28,,,,,,,,,,4394,0.06532742828130722,,,,,,,,
,,,,,,,,,5.788157894736842e-07,4399,,,,,,,,,
28,,,,,,,,,,4399,0.08011339604854584,,,,,,,,
,,,,,,,,,5.794736842105263e-07,4404,,,,,,,,,
28,,,,,,,,,,4404,0.14752881228923798,,,,,,,,
28,,,,,,,,,,4407,,0.574999988079071,0.7301587462425232,0.08185906708240509,0.08185906708240509,0.14152772724628448,0.574999988079071,1.0,0.09197841584682465
,,,,,,,,,5.801315789473684e-07,4409,,,,,,,,,
29,,,,,,,,,,4409,0.1021438017487526,,,,,,,,
,,,,,,,,,5.807894736842105e-07,4414,,,,,,,,,
29,,,,,,,,,,4414,0.05223167687654495,,,,,,,,
,,,,,,,,,5.814473684210526e-07,4419,,,,,,,,,
29,,,,,,,,,,4419,0.06742625683546066,,,,,,,,
,,,,,,,,,5.821052631578948e-07,4424,,,,,,,,,
29,,,,,,,,,,4424,0.10516267269849777,,,,,,,,
,,,,,,,,,5.827631578947368e-07,4429,,,,,,,,,
29,,,,,,,,,,4429,0.06597630679607391,,,,,,,,
,,,,,,,,,5.834210526315789e-07,4434,,,,,,,,,
29,,,,,,,,,,4434,0.09119356423616409,,,,,,,,
,,,,,,,,,5.84078947368421e-07,4439,,,,,,,,,
29,,,,,,,,,,4439,0.07694748044013977,,,,,,,,
,,,,,,,,,5.847368421052631e-07,4444,,,,,,,,,
29,,,,,,,,,,4444,0.04419180378317833,,,,,,,,
,,,,,,,,,5.853947368421052e-07,4449,,,,,,,,,
29,,,,,,,,,,4449,0.07980827987194061,,,,,,,,
,,,,,,,,,5.860526315789473e-07,4454,,,,,,,,,
29,,,,,,,,,,4454,0.05356593430042267,,,,,,,,
,,,,,,,,,5.867105263157894e-07,4459,,,,,,,,,
29,,,,,,,,,,4459,0.07495415210723877,,,,,,,,
,,,,,,,,,5.873684210526315e-07,4464,,,,,,,,,
29,,,,,,,,,,4464,0.11036701500415802,,,,,,,,
,,,,,,,,,5.880263157894738e-07,4469,,,,,,,,,
29,,,,,,,,,,4469,0.04920164495706558,,,,,,,,
,,,,,,,,,5.886842105263158e-07,4474,,,,,,,,,
29,,,,,,,,,,4474,0.11207974702119827,,,,,,,,
,,,,,,,,,5.893421052631579e-07,4479,,,,,,,,,
29,,,,,,,,,,4479,0.06449360400438309,,,,,,,,
,,,,,,,,,5.9e-07,4484,,,,,,,,,
29,,,,,,,,,,4484,0.06248965859413147,,,,,,,,
,,,,,,,,,5.906578947368422e-07,4489,,,,,,,,,
29,,,,,,,,,,4489,0.04621440917253494,,,,,,,,
,,,,,,,,,5.913157894736842e-07,4494,,,,,,,,,
29,,,,,,,,,,4494,0.05536609888076782,,,,,,,,
,,,,,,,,,5.919736842105263e-07,4499,,,,,,,,,
29,,,,,,,,,,4499,0.11398427188396454,,,,,,,,
,,,,,,,,,5.926315789473684e-07,4504,,,,,,,,,
29,,,,,,,,,,4504,0.0839431956410408,,,,,,,,
,,,,,,,,,5.932894736842105e-07,4509,,,,,,,,,
29,,,,,,,,,,4509,0.058693934231996536,,,,,,,,
,,,,,,,,,5.939473684210526e-07,4514,,,,,,,,,
29,,,,,,,,,,4514,0.10470081865787506,,,,,,,,
,,,,,,,,,5.946052631578947e-07,4519,,,,,,,,,
29,,,,,,,,,,4519,0.06764264404773712,,,,,,,,
,,,,,,,,,5.952631578947368e-07,4524,,,,,,,,,
29,,,,,,,,,,4524,0.10183349251747131,,,,,,,,
,,,,,,,,,5.959210526315789e-07,4529,,,,,,,,,
29,,,,,,,,,,4529,0.09190922975540161,,,,,,,,
,,,,,,,,,5.965789473684211e-07,4534,,,,,,,,,
29,,,,,,,,,,4534,0.05463327839970589,,,,,,,,
,,,,,,,,,5.972368421052631e-07,4539,,,,,,,,,
29,,,,,,,,,,4539,0.08617028594017029,,,,,,,,
,,,,,,,,,5.978947368421052e-07,4544,,,,,,,,,
29,,,,,,,,,,4544,0.0673542469739914,,,,,,,,
,,,,,,,,,5.985526315789473e-07,4549,,,,,,,,,
29,,,,,,,,,,4549,0.08979061990976334,,,,,,,,
,,,,,,,,,5.992105263157895e-07,4554,,,,,,,,,
29,,,,,,,,,,4554,0.07134908437728882,,,,,,,,
,,,,,,,,,5.998684210526315e-07,4559,,,,,,,,,
29,,,,,,,,,,4559,0.09593719244003296,,,,,,,,
29,,,,,,,,,,4559,,0.574999988079071,0.7301587462425232,0.08198311924934387,0.08198311924934387,0.15906855463981628,0.574999988079071,1.0,0.1066625565290451
,,,,,,,,,6.005263157894736e-07,4564,,,,,,,,,
30,,,,,,,,,,4564,0.026477951556444168,,,,,,,,
,,,,,,,,,6.011842105263157e-07,4569,,,,,,,,,
30,,,,,,,,,,4569,0.06884365528821945,,,,,,,,
,,,,,,,,,6.018421052631578e-07,4574,,,,,,,,,
30,,,,,,,,,,4574,0.07457280158996582,,,,,,,,
,,,,,,,,,6.025000000000001e-07,4579,,,,,,,,,
30,,,,,,,,,,4579,0.09287047386169434,,,,,,,,
,,,,,,,,,6.031578947368421e-07,4584,,,,,,,,,
30,,,,,,,,,,4584,0.09943991899490356,,,,,,,,
,,,,,,,,,6.038157894736842e-07,4589,,,,,,,,,
30,,,,,,,,,,4589,0.06724076718091965,,,,,,,,
,,,,,,,,,6.044736842105263e-07,4594,,,,,,,,,
30,,,,,,,,,,4594,0.08906817436218262,,,,,,,,
,,,,,,,,,6.051315789473685e-07,4599,,,,,,,,,
30,,,,,,,,,,4599,0.09492160379886627,,,,,,,,
,,,,,,,,,6.057894736842105e-07,4604,,,,,,,,,
30,,,,,,,,,,4604,0.09342982620000839,,,,,,,,
,,,,,,,,,6.064473684210526e-07,4609,,,,,,,,,
30,,,,,,,,,,4609,0.0930376946926117,,,,,,,,
,,,,,,,,,6.071052631578947e-07,4614,,,,,,,,,
30,,,,,,,,,,4614,0.06910473853349686,,,,,,,,
,,,,,,,,,6.077631578947369e-07,4619,,,,,,,,,
30,,,,,,,,,,4619,0.07792113721370697,,,,,,,,
,,,,,,,,,6.08421052631579e-07,4624,,,,,,,,,
30,,,,,,,,,,4624,0.06416194885969162,,,,,,,,
,,,,,,,,,6.09078947368421e-07,4629,,,,,,,,,
30,,,,,,,,,,4629,0.08078242838382721,,,,,,,,
,,,,,,,,,6.097368421052631e-07,4634,,,,,,,,,
30,,,,,,,,,,4634,0.07888031005859375,,,,,,,,
,,,,,,,,,6.103947368421052e-07,4639,,,,,,,,,
30,,,,,,,,,,4639,0.08530821651220322,,,,,,,,
,,,,,,,,,6.110526315789474e-07,4644,,,,,,,,,
30,,,,,,,,,,4644,0.0690901055932045,,,,,,,,
,,,,,,,,,6.117105263157894e-07,4649,,,,,,,,,
30,,,,,,,,,,4649,0.059657011181116104,,,,,,,,
,,,,,,,,,6.123684210526315e-07,4654,,,,,,,,,
30,,,,,,,,,,4654,0.10136734694242477,,,,,,,,
,,,,,,,,,6.130263157894736e-07,4659,,,,,,,,,
30,,,,,,,,,,4659,0.031143905594944954,,,,,,,,
,,,,,,,,,6.136842105263158e-07,4664,,,,,,,,,
30,,,,,,,,,,4664,0.06298649311065674,,,,,,,,
,,,,,,,,,6.143421052631579e-07,4669,,,,,,,,,
30,,,,,,,,,,4669,0.10376209765672684,,,,,,,,
,,,,,,,,,6.149999999999999e-07,4674,,,,,,,,,
30,,,,,,,,,,4674,0.08039853721857071,,,,,,,,
,,,,,,,,,6.15657894736842e-07,4679,,,,,,,,,
30,,,,,,,,,,4679,0.0923679769039154,,,,,,,,
,,,,,,,,,6.163157894736843e-07,4684,,,,,,,,,
30,,,,,,,,,,4684,0.1665828377008438,,,,,,,,
,,,,,,,,,6.169736842105264e-07,4689,,,,,,,,,
30,,,,,,,,,,4689,0.04260699078440666,,,,,,,,
,,,,,,,,,6.176315789473684e-07,4694,,,,,,,,,
30,,,,,,,,,,4694,0.14520789682865143,,,,,,,,
,,,,,,,,,6.182894736842105e-07,4699,,,,,,,,,
30,,,,,,,,,,4699,0.1323665827512741,,,,,,,,
,,,,,,,,,6.189473684210526e-07,4704,,,,,,,,,
30,,,,,,,,,,4704,0.019751960411667824,,,,,,,,
,,,,,,,,,6.196052631578948e-07,4709,,,,,,,,,
30,,,,,,,,,,4709,0.03183296322822571,,,,,,,,
30,,,,,,,,,,4711,,0.574999988079071,0.7301587462425232,0.08168236911296844,0.08168236911296844,0.16777344048023224,0.574999988079071,1.0,0.1109469011425972
,,,,,,,,,6.202631578947368e-07,4714,,,,,,,,,
31,,,,,,,,,,4714,0.055955637246370316,,,,,,,,
,,,,,,,,,6.209210526315789e-07,4719,,,,,,,,,
31,,,,,,,,,,4719,0.1383216679096222,,,,,,,,
,,,,,,,,,6.21578947368421e-07,4724,,,,,,,,,
31,,,,,,,,,,4724,0.09616079181432724,,,,,,,,
,,,,,,,,,6.222368421052632e-07,4729,,,,,,,,,
31,,,,,,,,,,4729,0.1169334128499031,,,,,,,,
,,,,,,,,,6.228947368421053e-07,4734,,,,,,,,,
31,,,,,,,,,,4734,0.04841234162449837,,,,,,,,
,,,,,,,,,6.235526315789473e-07,4739,,,,,,,,,
31,,,,,,,,,,4739,0.15065458416938782,,,,,,,,
,,,,,,,,,6.242105263157894e-07,4744,,,,,,,,,
31,,,,,,,,,,4744,0.04916173964738846,,,,,,,,
,,,,,,,,,6.248684210526316e-07,4749,,,,,,,,,
31,,,,,,,,,,4749,0.06945139169692993,,,,,,,,
,,,,,,,,,6.255263157894737e-07,4754,,,,,,,,,
31,,,,,,,,,,4754,0.06848634779453278,,,,,,,,
,,,,,,,,,6.261842105263157e-07,4759,,,,,,,,,
31,,,,,,,,,,4759,0.07325867563486099,,,,,,,,
,,,,,,,,,6.268421052631578e-07,4764,,,,,,,,,
31,,,,,,,,,,4764,0.06554776430130005,,,,,,,,
,,,,,,,,,6.274999999999999e-07,4769,,,,,,,,,
31,,,,,,,,,,4769,0.11722967773675919,,,,,,,,
,,,,,,,,,6.281578947368421e-07,4774,,,,,,,,,
31,,,,,,,,,,4774,0.12535454332828522,,,,,,,,
,,,,,,,,,6.288157894736842e-07,4779,,,,,,,,,
31,,,,,,,,,,4779,0.08940057456493378,,,,,,,,
,,,,,,,,,6.294736842105262e-07,4784,,,,,,,,,
31,,,,,,,,,,4784,0.07699601352214813,,,,,,,,
,,,,,,,,,6.301315789473683e-07,4789,,,,,,,,,
31,,,,,,,,,,4789,0.09219727665185928,,,,,,,,
,,,,,,,,,6.307894736842105e-07,4794,,,,,,,,,
31,,,,,,,,,,4794,0.04230702668428421,,,,,,,,
,,,,,,,,,6.314473684210527e-07,4799,,,,,,,,,
31,,,,,,,,,,4799,0.09183385223150253,,,,,,,,
,,,,,,,,,6.321052631578947e-07,4804,,,,,,,,,
31,,,,,,,,,,4804,0.06674987822771072,,,,,,,,
,,,,,,,,,6.327631578947368e-07,4809,,,,,,,,,
31,,,,,,,,,,4809,0.0818287655711174,,,,,,,,
,,,,,,,,,6.33421052631579e-07,4814,,,,,,,,,
31,,,,,,,,,,4814,0.05385598912835121,,,,,,,,
,,,,,,,,,6.340789473684211e-07,4819,,,,,,,,,
31,,,,,,,,,,4819,0.11320730298757553,,,,,,,,
,,,,,,,,,6.347368421052632e-07,4824,,,,,,,,,
31,,,,,,,,,,4824,0.0766533836722374,,,,,,,,
,,,,,,,,,6.353947368421052e-07,4829,,,,,,,,,
31,,,,,,,,,,4829,0.07222800701856613,,,,,,,,
,,,,,,,,,6.360526315789473e-07,4834,,,,,,,,,
31,,,,,,,,,,4834,0.07790771126747131,,,,,,,,
,,,,,,,,,6.367105263157895e-07,4839,,,,,,,,,
31,,,,,,,,,,4839,0.04868089780211449,,,,,,,,
,,,,,,,,,6.373684210526316e-07,4844,,,,,,,,,
31,,,,,,,,,,4844,0.10164926201105118,,,,,,,,
,,,,,,,,,6.380263157894736e-07,4849,,,,,,,,,
31,,,,,,,,,,4849,0.0744561180472374,,,,,,,,
,,,,,,,,,6.386842105263157e-07,4854,,,,,,,,,
31,,,,,,,,,,4854,0.06165849044919014,,,,,,,,
,,,,,,,,,6.393421052631579e-07,4859,,,,,,,,,
31,,,,,,,,,,4859,0.04617604240775108,,,,,,,,
31,,,,,,,,,,4863,,0.574999988079071,0.7301587462425232,0.08150624483823776,0.08150624483823776,0.18544425070285797,0.574999988079071,1.0,0.13189911842346191
,,,,,,,,,6.4e-07,4864,,,,,,,,,
32,,,,,,,,,,4864,0.023898130282759666,,,,,,,,
,,,,,,,,,6.40657894736842e-07,4869,,,,,,,,,
32,,,,,,,,,,4869,0.07530634850263596,,,,,,,,
,,,,,,,,,6.413157894736841e-07,4874,,,,,,,,,
32,,,,,,,,,,4874,0.07364337146282196,,,,,,,,
,,,,,,,,,6.419736842105263e-07,4879,,,,,,,,,
32,,,,,,,,,,4879,0.08391638845205307,,,,,,,,
,,,,,,,,,6.426315789473684e-07,4884,,,,,,,,,
32,,,,,,,,,,4884,0.03161406144499779,,,,,,,,
,,,,,,,,,6.432894736842105e-07,4889,,,,,,,,,
32,,,,,,,,,,4889,0.03871063515543938,,,,,,,,
,,,,,,,,,6.439473684210525e-07,4894,,,,,,,,,
32,,,,,,,,,,4894,0.0674653872847557,,,,,,,,
,,,,,,,,,6.446052631578947e-07,4899,,,,,,,,,
32,,,,,,,,,,4899,0.07197471708059311,,,,,,,,
,,,,,,,,,6.452631578947368e-07,4904,,,,,,,,,
32,,,,,,,,,,4904,0.06221986934542656,,,,,,,,
,,,,,,,,,6.45921052631579e-07,4909,,,,,,,,,
32,,,,,,,,,,4909,0.08337613195180893,,,,,,,,
,,,,,,,,,6.46578947368421e-07,4914,,,,,,,,,
32,,,,,,,,,,4914,0.04808878153562546,,,,,,,,
,,,,,,,,,6.472368421052631e-07,4919,,,,,,,,,
32,,,,,,,,,,4919,0.10474372655153275,,,,,,,,
,,,,,,,,,6.478947368421053e-07,4924,,,,,,,,,
32,,,,,,,,,,4924,0.10191746056079865,,,,,,,,
,,,,,,,,,6.485526315789474e-07,4929,,,,,,,,,
32,,,,,,,,,,4929,0.08008991181850433,,,,,,,,
,,,,,,,,,6.492105263157895e-07,4934,,,,,,,,,
32,,,,,,,,,,4934,0.07619205117225647,,,,,,,,
,,,,,,,,,6.498684210526315e-07,4939,,,,,,,,,
32,,,,,,,,,,4939,0.052883330732584,,,,,,,,
,,,,,,,,,6.505263157894737e-07,4944,,,,,,,,,
32,,,,,,,,,,4944,0.0801263153553009,,,,,,,,
,,,,,,,,,6.511842105263158e-07,4949,,,,,,,,,
32,,,,,,,,,,4949,0.08196402341127396,,,,,,,,
,,,,,,,,,6.518421052631579e-07,4954,,,,,,,,,
32,,,,,,,,,,4954,0.10560359060764313,,,,,,,,
,,,,,,,,,6.524999999999999e-07,4959,,,,,,,,,
32,,,,,,,,,,4959,0.07038763165473938,,,,,,,,
,,,,,,,,,6.531578947368421e-07,4964,,,,,,,,,
32,,,,,,,,,,4964,0.08323664963245392,,,,,,,,
,,,,,,,,,6.538157894736842e-07,4969,,,,,,,,,
32,,,,,,,,,,4969,0.10753022879362106,,,,,,,,
,,,,,,,,,6.544736842105263e-07,4974,,,,,,,,,
32,,,,,,,,,,4974,0.0376221165060997,,,,,,,,
,,,,,,,,,6.551315789473684e-07,4979,,,,,,,,,
32,,,,,,,,,,4979,0.06263619661331177,,,,,,,,
,,,,,,,,,6.557894736842104e-07,4984,,,,,,,,,
32,,,,,,,,,,4984,0.07848972082138062,,,,,,,,
,,,,,,,,,6.564473684210526e-07,4989,,,,,,,,,
32,,,,,,,,,,4989,0.0698946863412857,,,,,,,,
,,,,,,,,,6.571052631578947e-07,4994,,,,,,,,,
32,,,,,,,,,,4994,0.11280324310064316,,,,,,,,
,,,,,,,,,6.577631578947368e-07,4999,,,,,,,,,
32,,,,,,,,,,4999,0.0791543498635292,,,,,,,,
,,,,,,,,,6.584210526315788e-07,5004,,,,,,,,,
32,,,,,,,,,,5004,0.09590080380439758,,,,,,,,
,,,,,,,,,6.59078947368421e-07,5009,,,,,,,,,
32,,,,,,,,,,5009,0.13578900694847107,,,,,,,,
,,,,,,,,,6.597368421052631e-07,5014,,,,,,,,,
32,,,,,,,,,,5014,0.11484024673700333,,,,,,,,
32,,,,,,,,,,5015,,0.574999988079071,0.7301587462425232,0.081789031624794,0.081789031624794,0.2057156264781952,0.574999988079071,1.0,0.13853104412555695
,,,,,,,,,6.603947368421053e-07,5019,,,,,,,,,
33,,,,,,,,,,5019,0.10533037781715393,,,,,,,,
,,,,,,,,,6.610526315789474e-07,5024,,,,,,,,,
33,,,,,,,,,,5024,0.11939629167318344,,,,,,,,
,,,,,,,,,6.617105263157895e-07,5029,,,,,,,,,
33,,,,,,,,,,5029,0.10333842784166336,,,,,,,,
,,,,,,,,,6.623684210526316e-07,5034,,,,,,,,,
33,,,,,,,,,,5034,0.03753861039876938,,,,,,,,
,,,,,,,,,6.630263157894737e-07,5039,,,,,,,,,
33,,,,,,,,,,5039,0.07413160055875778,,,,,,,,
,,,,,,,,,6.636842105263158e-07,5044,,,,,,,,,
33,,,,,,,,,,5044,0.06039603427052498,,,,,,,,
,,,,,,,,,6.643421052631578e-07,5049,,,,,,,,,
33,,,,,,,,,,5049,0.11225850135087967,,,,,,,,
,,,,,,,,,6.65e-07,5054,,,,,,,,,
33,,,,,,,,,,5054,0.059204958379268646,,,,,,,,
,,,,,,,,,6.656578947368421e-07,5059,,,,,,,,,
33,,,,,,,,,,5059,0.11530354619026184,,,,,,,,
,,,,,,,,,6.663157894736842e-07,5064,,,,,,,,,
33,,,,,,,,,,5064,0.02803613245487213,,,,,,,,
,,,,,,,,,6.669736842105262e-07,5069,,,,,,,,,
33,,,,,,,,,,5069,0.07482998073101044,,,,,,,,
,,,,,,,,,6.676315789473684e-07,5074,,,,,,,,,
33,,,,,,,,,,5074,0.04672711715102196,,,,,,,,
,,,,,,,,,6.682894736842105e-07,5079,,,,,,,,,
33,,,,,,,,,,5079,0.07914704829454422,,,,,,,,
,,,,,,,,,6.689473684210526e-07,5084,,,,,,,,,
33,,,,,,,,,,5084,0.08932152390480042,,,,,,,,
,,,,,,,,,6.696052631578947e-07,5089,,,,,,,,,
33,,,,,,,,,,5089,0.05275868624448776,,,,,,,,
,,,,,,,,,6.702631578947368e-07,5094,,,,,,,,,
33,,,,,,,,,,5094,0.03619515523314476,,,,,,,,
,,,,,,,,,6.709210526315789e-07,5099,,,,,,,,,
33,,,,,,,,,,5099,0.0781269297003746,,,,,,,,
,,,,,,,,,6.71578947368421e-07,5104,,,,,,,,,
33,,,,,,,,,,5104,0.08574655652046204,,,,,,,,
,,,,,,,,,6.722368421052631e-07,5109,,,,,,,,,
33,,,,,,,,,,5109,0.0711098238825798,,,,,,,,
,,,,,,,,,6.728947368421051e-07,5114,,,,,,,,,
33,,,,,,,,,,5114,0.06567000597715378,,,,,,,,
,,,,,,,,,6.735526315789473e-07,5119,,,,,,,,,
33,,,,,,,,,,5119,0.01644572988152504,,,,,,,,
,,,,,,,,,6.742105263157894e-07,5124,,,,,,,,,
33,,,,,,,,,,5124,0.05436636507511139,,,,,,,,
,,,,,,,,,6.748684210526316e-07,5129,,,,,,,,,
33,,,,,,,,,,5129,0.06641626358032227,,,,,,,,
,,,,,,,,,6.755263157894737e-07,5134,,,,,,,,,
33,,,,,,,,,,5134,0.10401920229196548,,,,,,,,
,,,,,,,,,6.761842105263158e-07,5139,,,,,,,,,
33,,,,,,,,,,5139,0.03844402730464935,,,,,,,,
,,,,,,,,,6.768421052631579e-07,5144,,,,,,,,,
33,,,,,,,,,,5144,0.06626593321561813,,,,,,,,
,,,,,,,,,6.775e-07,5149,,,,,,,,,
33,,,,,,,,,,5149,0.04579644277691841,,,,,,,,
,,,,,,,,,6.781578947368421e-07,5154,,,,,,,,,
33,,,,,,,,,,5154,0.11218231916427612,,,,,,,,
,,,,,,,,,6.788157894736842e-07,5159,,,,,,,,,
33,,,,,,,,,,5159,0.0586056187748909,,,,,,,,
,,,,,,,,,6.794736842105263e-07,5164,,,,,,,,,
33,,,,,,,,,,5164,0.08777042478322983,,,,,,,,
33,,,,,,,,,,5167,,0.574999988079071,0.7301587462425232,0.08162306249141693,0.08162306249141693,0.2077476531267166,0.574999988079071,1.0,0.14832046627998352
,,,,,,,,,6.801315789473684e-07,5169,,,,,,,,,
34,,,,,,,,,,5169,0.1355682611465454,,,,,,,,
,,,,,,,,,6.807894736842105e-07,5174,,,,,,,,,
34,,,,,,,,,,5174,0.0676383450627327,,,,,,,,
,,,,,,,,,6.814473684210526e-07,5179,,,,,,,,,
34,,,,,,,,,,5179,0.04525647312402725,,,,,,,,
,,,,,,,,,6.821052631578947e-07,5184,,,,,,,,,
34,,,,,,,,,,5184,0.08771084994077682,,,,,,,,
,,,,,,,,,6.827631578947368e-07,5189,,,,,,,,,
34,,,,,,,,,,5189,0.059818558394908905,,,,,,,,
,,,,,,,,,6.834210526315789e-07,5194,,,,,,,,,
34,,,,,,,,,,5194,0.06643927842378616,,,,,,,,
,,,,,,,,,6.84078947368421e-07,5199,,,,,,,,,
34,,,,,,,,,,5199,0.07090848684310913,,,,,,,,
,,,,,,,,,6.847368421052631e-07,5204,,,,,,,,,
34,,,,,,,,,,5204,0.07906094193458557,,,,,,,,
,,,,,,,,,6.853947368421052e-07,5209,,,,,,,,,
34,,,,,,,,,,5209,0.08147355169057846,,,,,,,,
,,,,,,,,,6.860526315789473e-07,5214,,,,,,,,,
34,,,,,,,,,,5214,0.08542285114526749,,,,,,,,
,,,,,,,,,6.867105263157894e-07,5219,,,,,,,,,
34,,,,,,,,,,5219,0.10481374710798264,,,,,,,,
,,,,,,,,,6.873684210526316e-07,5224,,,,,,,,,
34,,,,,,,,,,5224,0.07853444665670395,,,,,,,,
,,,,,,,,,6.880263157894736e-07,5229,,,,,,,,,
34,,,,,,,,,,5229,0.10701429098844528,,,,,,,,
,,,,,,,,,6.886842105263157e-07,5234,,,,,,,,,
34,,,,,,,,,,5234,0.04543033614754677,,,,,,,,
,,,,,,,,,6.893421052631579e-07,5239,,,,,,,,,
34,,,,,,,,,,5239,0.07651492953300476,,,,,,,,
,,,,,,,,,6.9e-07,5244,,,,,,,,,
34,,,,,,,,,,5244,0.05978422239422798,,,,,,,,
,,,,,,,,,6.906578947368421e-07,5249,,,,,,,,,
34,,,,,,,,,,5249,0.04504771530628204,,,,,,,,
,,,,,,,,,6.913157894736842e-07,5254,,,,,,,,,
34,,,,,,,,,,5254,0.056137893348932266,,,,,,,,
,,,,,,,,,6.919736842105263e-07,5259,,,,,,,,,
34,,,,,,,,,,5259,0.06843305379152298,,,,,,,,
,,,,,,,,,6.926315789473684e-07,5264,,,,,,,,,
34,,,,,,,,,,5264,0.06653160601854324,,,,,,,,
,,,,,,,,,6.932894736842106e-07,5269,,,,,,,,,
34,,,,,,,,,,5269,0.07982844114303589,,,,,,,,
,,,,,,,,,6.939473684210526e-07,5274,,,,,,,,,
34,,,,,,,,,,5274,0.04021051526069641,,,,,,,,
,,,,,,,,,6.946052631578947e-07,5279,,,,,,,,,
34,,,,,,,,,,5279,0.03905091807246208,,,,,,,,
,,,,,,,,,6.952631578947368e-07,5284,,,,,,,,,
34,,,,,,,,,,5284,0.05101649463176727,,,,,,,,
,,,,,,,,,6.95921052631579e-07,5289,,,,,,,,,
34,,,,,,,,,,5289,0.05065535753965378,,,,,,,,
,,,,,,,,,6.96578947368421e-07,5294,,,,,,,,,
34,,,,,,,,,,5294,0.05815783888101578,,,,,,,,
,,,,,,,,,6.972368421052631e-07,5299,,,,,,,,,
34,,,,,,,,,,5299,0.024958135560154915,,,,,,,,
,,,,,,,,,6.978947368421052e-07,5304,,,,,,,,,
34,,,,,,,,,,5304,0.06427367776632309,,,,,,,,
,,,,,,,,,6.985526315789473e-07,5309,,,,,,,,,
34,,,,,,,,,,5309,0.08009570837020874,,,,,,,,
,,,,,,,,,6.992105263157894e-07,5314,,,,,,,,,
34,,,,,,,,,,5314,0.09995737671852112,,,,,,,,
,,,,,,,,,6.998684210526315e-07,5319,,,,,,,,,
34,,,,,,,,,,5319,0.06716180592775345,,,,,,,,
34,,,,,,,,,,5319,,0.574999988079071,0.7301587462425232,0.08114724606275558,0.08114724606275558,0.22500461339950562,0.574999988079071,1.0,0.17196065187454224
,,,,,,,,,7.005263157894736e-07,5324,,,,,,,,,
35,,,,,,,,,,5324,0.116423599421978,,,,,,,,
,,,,,,,,,7.011842105263157e-07,5329,,,,,,,,,
35,,,,,,,,,,5329,0.11769318580627441,,,,,,,,
,,,,,,,,,7.018421052631579e-07,5334,,,,,,,,,
35,,,,,,,,,,5334,0.05454118922352791,,,,,,,,
,,,,,,,,,7.024999999999999e-07,5339,,,,,,,,,
35,,,,,,,,,,5339,0.07035195082426071,,,,,,,,
,,,,,,,,,7.03157894736842e-07,5344,,,,,,,,,
35,,,,,,,,,,5344,0.06011252477765083,,,,,,,,
,,,,,,,,,7.038157894736842e-07,5349,,,,,,,,,
35,,,,,,,,,,5349,0.09199610352516174,,,,,,,,
,,,,,,,,,7.044736842105264e-07,5354,,,,,,,,,
35,,,,,,,,,,5354,0.10259810090065002,,,,,,,,
,,,,,,,,,7.051315789473684e-07,5359,,,,,,,,,
35,,,,,,,,,,5359,0.07448545843362808,,,,,,,,
,,,,,,,,,7.057894736842105e-07,5364,,,,,,,,,
35,,,,,,,,,,5364,0.09738638252019882,,,,,,,,
,,,,,,,,,7.064473684210526e-07,5369,,,,,,,,,
35,,,,,,,,,,5369,0.06316214054822922,,,,,,,,
,,,,,,,,,7.071052631578948e-07,5374,,,,,,,,,
35,,,,,,,,,,5374,0.09104559570550919,,,,,,,,
,,,,,,,,,7.077631578947369e-07,5379,,,,,,,,,
35,,,,,,,,,,5379,0.035045914351940155,,,,,,,,
,,,,,,,,,7.084210526315789e-07,5384,,,,,,,,,
35,,,,,,,,,,5384,0.06219746172428131,,,,,,,,
,,,,,,,,,7.09078947368421e-07,5389,,,,,,,,,
35,,,,,,,,,,5389,0.053815171122550964,,,,,,,,
,,,,,,,,,7.097368421052631e-07,5394,,,,,,,,,
35,,,,,,,,,,5394,0.06541246175765991,,,,,,,,
,,,,,,,,,7.103947368421053e-07,5399,,,,,,,,,
35,,,,,,,,,,5399,0.07399390637874603,,,,,,,,
,,,,,,,,,7.110526315789473e-07,5404,,,,,,,,,
35,,,,,,,,,,5404,0.03560397028923035,,,,,,,,
,,,,,,,,,7.117105263157894e-07,5409,,,,,,,,,
35,,,,,,,,,,5409,0.09957433491945267,,,,,,,,
,,,,,,,,,7.123684210526315e-07,5414,,,,,,,,,
35,,,,,,,,,,5414,0.06683515012264252,,,,,,,,
,,,,,,,,,7.130263157894737e-07,5419,,,,,,,,,
35,,,,,,,,,,5419,0.03934820368885994,,,,,,,,
,,,,,,,,,7.136842105263158e-07,5424,,,,,,,,,
35,,,,,,,,,,5424,0.10809280723333359,,,,,,,,
,,,,,,,,,7.143421052631578e-07,5429,,,,,,,,,
35,,,,,,,,,,5429,0.1384723037481308,,,,,,,,
,,,,,,,,,7.149999999999999e-07,5434,,,,,,,,,
35,,,,,,,,,,5434,0.07175330817699432,,,,,,,,
,,,,,,,,,7.156578947368421e-07,5439,,,,,,,,,
35,,,,,,,,,,5439,0.03745369613170624,,,,,,,,
,,,,,,,,,7.163157894736842e-07,5444,,,,,,,,,
35,,,,,,,,,,5444,0.08845128118991852,,,,,,,,
,,,,,,,,,7.169736842105262e-07,5449,,,,,,,,,
35,,,,,,,,,,5449,0.05761829763650894,,,,,,,,
,,,,,,,,,7.176315789473683e-07,5454,,,,,,,,,
35,,,,,,,,,,5454,0.04836795851588249,,,,,,,,
,,,,,,,,,7.182894736842105e-07,5459,,,,,,,,,
35,,,,,,,,,,5459,0.051653824746608734,,,,,,,,
,,,,,,,,,7.189473684210527e-07,5464,,,,,,,,,
35,,,,,,,,,,5464,0.11975915729999542,,,,,,,,
,,,,,,,,,7.196052631578947e-07,5469,,,,,,,,,
35,,,,,,,,,,5469,0.097430519759655,,,,,,,,
35,,,,,,,,,,5471,,0.574999988079071,0.7301587462425232,0.08117002993822098,0.08117002993822098,0.24561364948749542,0.574999988079071,1.0,0.19710330665111542
,,,,,,,,,7.202631578947368e-07,5474,,,,,,,,,
36,,,,,,,,,,5474,0.05903325602412224,,,,,,,,
,,,,,,,,,7.209210526315789e-07,5479,,,,,,,,,
36,,,,,,,,,,5479,0.05280749872326851,,,,,,,,
,,,,,,,,,7.215789473684211e-07,5484,,,,,,,,,
36,,,,,,,,,,5484,0.1228441596031189,,,,,,,,
,,,,,,,,,7.222368421052632e-07,5489,,,,,,,,,
36,,,,,,,,,,5489,0.1208784282207489,,,,,,,,
,,,,,,,,,7.228947368421052e-07,5494,,,,,,,,,
36,,,,,,,,,,5494,0.09409825503826141,,,,,,,,
,,,,,,,,,7.235526315789473e-07,5499,,,,,,,,,
36,,,,,,,,,,5499,0.1165848895907402,,,,,,,,
,,,,,,,,,7.242105263157895e-07,5504,,,,,,,,,
36,,,,,,,,,,5504,0.05744718760251999,,,,,,,,
,,,,,,,,,7.248684210526316e-07,5509,,,,,,,,,
36,,,,,,,,,,5509,0.0746813639998436,,,,,,,,
,,,,,,,,,7.255263157894736e-07,5514,,,,,,,,,
36,,,,,,,,,,5514,0.06555457413196564,,,,,,,,
,,,,,,,,,7.261842105263157e-07,5519,,,,,,,,,
36,,,,,,,,,,5519,0.05763298273086548,,,,,,,,
,,,,,,,,,7.268421052631578e-07,5524,,,,,,,,,
36,,,,,,,,,,5524,0.0568239763379097,,,,,,,,
,,,,,,,,,7.275e-07,5529,,,,,,,,,
36,,,,,,,,,,5529,0.11721982061862946,,,,,,,,
,,,,,,,,,7.281578947368421e-07,5534,,,,,,,,,
36,,,,,,,,,,5534,0.09340859949588776,,,,,,,,
,,,,,,,,,7.288157894736841e-07,5539,,,,,,,,,
36,,,,,,,,,,5539,0.04682743176817894,,,,,,,,
,,,,,,,,,7.294736842105262e-07,5544,,,,,,,,,
36,,,,,,,,,,5544,0.10865025967359543,,,,,,,,
,,,,,,,,,7.301315789473684e-07,5549,,,,,,,,,
36,,,,,,,,,,5549,0.06121676042675972,,,,,,,,
,,,,,,,,,7.307894736842105e-07,5554,,,,,,,,,
36,,,,,,,,,,5554,0.13189291954040527,,,,,,,,
,,,,,,,,,7.314473684210525e-07,5559,,,,,,,,,
36,,,,,,,,,,5559,0.04883618652820587,,,,,,,,
,,,,,,,,,7.321052631578946e-07,5564,,,,,,,,,
36,,,,,,,,,,5564,0.06009916588664055,,,,,,,,
,,,,,,,,,7.327631578947369e-07,5569,,,,,,,,,
36,,,,,,,,,,5569,0.04743722081184387,,,,,,,,
,,,,,,,,,7.33421052631579e-07,5574,,,,,,,,,
36,,,,,,,,,,5574,0.09049631655216217,,,,,,,,
,,,,,,,,,7.340789473684211e-07,5579,,,,,,,,,
36,,,,,,,,,,5579,0.05383239686489105,,,,,,,,
,,,,,,,,,7.347368421052631e-07,5584,,,,,,,,,
36,,,,,,,,,,5584,0.03431239724159241,,,,,,,,
,,,,,,,,,7.353947368421052e-07,5589,,,,,,,,,
36,,,,,,,,,,5589,0.08740433305501938,,,,,,,,
,,,,,,,,,7.360526315789474e-07,5594,,,,,,,,,
36,,,,,,,,,,5594,0.09240400046110153,,,,,,,,
,,,,,,,,,7.367105263157895e-07,5599,,,,,,,,,
36,,,,,,,,,,5599,0.06792381405830383,,,,,,,,
,,,,,,,,,7.373684210526315e-07,5604,,,,,,,,,
36,,,,,,,,,,5604,0.10240676999092102,,,,,,,,
,,,,,,,,,7.380263157894736e-07,5609,,,,,,,,,
36,,,,,,,,,,5609,0.07920075207948685,,,,,,,,
,,,,,,,,,7.386842105263158e-07,5614,,,,,,,,,
36,,,,,,,,,,5614,0.04651904106140137,,,,,,,,
,,,,,,,,,7.393421052631579e-07,5619,,,,,,,,,
36,,,,,,,,,,5619,0.061983622610569,,,,,,,,
36,,,,,,,,,,5623,,0.574999988079071,0.7301587462425232,0.08086271584033966,0.08086271584033966,0.2732378840446472,0.574999988079071,1.0,0.2141350358724594
,,,,,,,,,7.4e-07,5624,,,,,,,,,
37,,,,,,,,,,5624,0.08115898817777634,,,,,,,,
,,,,,,,,,7.40657894736842e-07,5629,,,,,,,,,
37,,,,,,,,,,5629,0.11957034468650818,,,,,,,,
,,,,,,,,,7.413157894736842e-07,5634,,,,,,,,,
37,,,,,,,,,,5634,0.05729223042726517,,,,,,,,
,,,,,,,,,7.419736842105263e-07,5639,,,,,,,,,
37,,,,,,,,,,5639,0.08927825838327408,,,,,,,,
,,,,,,,,,7.426315789473684e-07,5644,,,,,,,,,
37,,,,,,,,,,5644,0.12274016439914703,,,,,,,,
,,,,,,,,,7.432894736842104e-07,5649,,,,,,,,,
37,,,,,,,,,,5649,0.12714871764183044,,,,,,,,
,,,,,,,,,7.439473684210525e-07,5654,,,,,,,,,
37,,,,,,,,,,5654,0.10074514895677567,,,,,,,,
,,,,,,,,,7.446052631578947e-07,5659,,,,,,,,,
37,,,,,,,,,,5659,0.0964820608496666,,,,,,,,
,,,,,,,,,7.452631578947368e-07,5664,,,,,,,,,
37,,,,,,,,,,5664,0.03812231868505478,,,,,,,,
,,,,,,,,,7.459210526315788e-07,5669,,,,,,,,,
37,,,,,,,,,,5669,0.11212468147277832,,,,,,,,
,,,,,,,,,7.46578947368421e-07,5674,,,,,,,,,
37,,,,,,,,,,5674,0.0539831705391407,,,,,,,,
,,,,,,,,,7.472368421052632e-07,5679,,,,,,,,,
37,,,,,,,,,,5679,0.08790692687034607,,,,,,,,
,,,,,,,,,7.478947368421053e-07,5684,,,,,,,,,
37,,,,,,,,,,5684,0.14500246942043304,,,,,,,,
,,,,,,,,,7.485526315789474e-07,5689,,,,,,,,,
37,,,,,,,,,,5689,0.04951424524188042,,,,,,,,
,,,,,,,,,7.492105263157894e-07,5694,,,,,,,,,
37,,,,,,,,,,5694,0.12337317317724228,,,,,,,,
,,,,,,,,,7.498684210526316e-07,5699,,,,,,,,,
37,,,,,,,,,,5699,0.052424825727939606,,,,,,,,
,,,,,,,,,7.505263157894737e-07,5704,,,,,,,,,
37,,,,,,,,,,5704,0.09698907285928726,,,,,,,,
,,,,,,,,,7.511842105263158e-07,5709,,,,,,,,,
37,,,,,,,,,,5709,0.05529889464378357,,,,,,,,
,,,,,,,,,7.518421052631578e-07,5714,,,,,,,,,
37,,,,,,,,,,5714,0.08645449578762054,,,,,,,,
,,,,,,,,,7.524999999999999e-07,5719,,,,,,,,,
37,,,,,,,,,,5719,0.07514983415603638,,,,,,,,
,,,,,,,,,7.531578947368421e-07,5724,,,,,,,,,
37,,,,,,,,,,5724,0.13102537393569946,,,,,,,,
,,,,,,,,,7.538157894736842e-07,5729,,,,,,,,,
37,,,,,,,,,,5729,0.09329474717378616,,,,,,,,
,,,,,,,,,7.544736842105263e-07,5734,,,,,,,,,
37,,,,,,,,,,5734,0.10600642114877701,,,,,,,,
,,,,,,,,,7.551315789473683e-07,5739,,,,,,,,,
37,,,,,,,,,,5739,0.07882778346538544,,,,,,,,
,,,,,,,,,7.557894736842105e-07,5744,,,,,,,,,
37,,,,,,,,,,5744,0.044781893491744995,,,,,,,,
,,,,,,,,,7.564473684210526e-07,5749,,,,,,,,,
37,,,,,,,,,,5749,0.0411129929125309,,,,,,,,
,,,,,,,,,7.571052631578947e-07,5754,,,,,,,,,
37,,,,,,,,,,5754,0.028709907084703445,,,,,,,,
,,,,,,,,,7.577631578947367e-07,5759,,,,,,,,,
37,,,,,,,,,,5759,0.055434275418519974,,,,,,,,
,,,,,,,,,7.584210526315789e-07,5764,,,,,,,,,
37,,,,,,,,,,5764,0.06963662803173065,,,,,,,,
,,,,,,,,,7.59078947368421e-07,5769,,,,,,,,,
37,,,,,,,,,,5769,0.11946148425340652,,,,,,,,
,,,,,,,,,7.597368421052631e-07,5774,,,,,,,,,
37,,,,,,,,,,5774,0.07094155997037888,,,,,,,,
37,,,,,,,,,,5775,,0.6000000238418579,0.7419354915618896,0.07906855642795563,0.07906855642795563,0.3084702491760254,0.5897436141967773,1.0,0.26169711351394653
,,,,,,,,,7.603947368421052e-07,5779,,,,,,,,,
38,,,,,,,,,,5779,0.08537208288908005,,,,,,,,
,,,,,,,,,7.610526315789472e-07,5784,,,,,,,,,
38,,,,,,,,,,5784,0.09804420918226242,,,,,,,,
,,,,,,,,,7.617105263157895e-07,5789,,,,,,,,,
38,,,,,,,,,,5789,0.03655676171183586,,,,,,,,
,,,,,,,,,7.623684210526316e-07,5794,,,,,,,,,
38,,,,,,,,,,5794,0.07501735538244247,,,,,,,,
,,,,,,,,,7.630263157894737e-07,5799,,,,,,,,,
38,,,,,,,,,,5799,0.09491635859012604,,,,,,,,
,,,,,,,,,7.636842105263157e-07,5804,,,,,,,,,
38,,,,,,,,,,5804,0.08085537701845169,,,,,,,,
,,,,,,,,,7.643421052631579e-07,5809,,,,,,,,,
38,,,,,,,,,,5809,0.0942888855934143,,,,,,,,
,,,,,,,,,7.65e-07,5814,,,,,,,,,
38,,,,,,,,,,5814,0.014567075297236443,,,,,,,,
,,,,,,,,,7.656578947368421e-07,5819,,,,,,,,,
38,,,,,,,,,,5819,0.08338172733783722,,,,,,,,
,,,,,,,,,7.663157894736842e-07,5824,,,,,,,,,
38,,,,,,,,,,5824,0.06646642833948135,,,,,,,,
,,,,,,,,,7.669736842105263e-07,5829,,,,,,,,,
38,,,,,,,,,,5829,0.10352674871683121,,,,,,,,
,,,,,,,,,7.676315789473684e-07,5834,,,,,,,,,
38,,,,,,,,,,5834,0.09602675586938858,,,,,,,,
,,,,,,,,,7.682894736842105e-07,5839,,,,,,,,,
38,,,,,,,,,,5839,0.07418812066316605,,,,,,,,
,,,,,,,,,7.689473684210526e-07,5844,,,,,,,,,
38,,,,,,,,,,5844,0.05849243327975273,,,,,,,,
,,,,,,,,,7.696052631578947e-07,5849,,,,,,,,,
38,,,,,,,,,,5849,0.07899626344442368,,,,,,,,
,,,,,,,,,7.702631578947368e-07,5854,,,,,,,,,
38,,,,,,,,,,5854,0.06318807601928711,,,,,,,,
,,,,,,,,,7.709210526315789e-07,5859,,,,,,,,,
38,,,,,,,,,,5859,0.07967835664749146,,,,,,,,
,,,,,,,,,7.71578947368421e-07,5864,,,,,,,,,
38,,,,,,,,,,5864,0.08279673755168915,,,,,,,,
,,,,,,,,,7.72236842105263e-07,5869,,,,,,,,,
38,,,,,,,,,,5869,0.09826260060071945,,,,,,,,
,,,,,,,,,7.728947368421052e-07,5874,,,,,,,,,
38,,,,,,,,,,5874,0.0979418233036995,,,,,,,,
,,,,,,,,,7.735526315789473e-07,5879,,,,,,,,,
38,,,,,,,,,,5879,0.014549856074154377,,,,,,,,
,,,,,,,,,7.742105263157894e-07,5884,,,,,,,,,
38,,,,,,,,,,5884,0.042911969125270844,,,,,,,,
,,,,,,,,,7.748684210526315e-07,5889,,,,,,,,,
38,,,,,,,,,,5889,0.046390287578105927,,,,,,,,
,,,,,,,,,7.755263157894737e-07,5894,,,,,,,,,
38,,,,,,,,,,5894,0.07268983870744705,,,,,,,,
,,,,,,,,,7.761842105263158e-07,5899,,,,,,,,,
38,,,,,,,,,,5899,0.05050843581557274,,,,,,,,
,,,,,,,,,7.768421052631579e-07,5904,,,,,,,,,
38,,,,,,,,,,5904,0.06809370964765549,,,,,,,,
,,,,,,,,,7.775e-07,5909,,,,,,,,,
38,,,,,,,,,,5909,0.051294680684804916,,,,,,,,
,,,,,,,,,7.781578947368421e-07,5914,,,,,,,,,
38,,,,,,,,,,5914,0.05265628919005394,,,,,,,,
,,,,,,,,,7.788157894736842e-07,5919,,,,,,,,,
38,,,,,,,,,,5919,0.08368399739265442,,,,,,,,
,,,,,,,,,7.794736842105263e-07,5924,,,,,,,,,
38,,,,,,,,,,5924,0.03995634242892265,,,,,,,,
38,,,,,,,,,,5927,,0.5874999761581421,0.7317073345184326,0.07878367602825165,0.07878367602825165,0.3091585636138916,0.5844155550003052,0.97826087474823,0.2782241404056549
,,,,,,,,,7.801315789473684e-07,5929,,,,,,,,,
39,,,,,,,,,,5929,0.04810679331421852,,,,,,,,
,,,,,,,,,7.807894736842105e-07,5934,,,,,,,,,
39,,,,,,,,,,5934,0.06109312176704407,,,,,,,,
,,,,,,,,,7.814473684210526e-07,5939,,,,,,,,,
39,,,,,,,,,,5939,0.03728213161230087,,,,,,,,
,,,,,,,,,7.821052631578947e-07,5944,,,,,,,,,
39,,,,,,,,,,5944,0.03761393949389458,,,,,,,,
,,,,,,,,,7.827631578947368e-07,5949,,,,,,,,,
39,,,,,,,,,,5949,0.11892427504062653,,,,,,,,
,,,,,,,,,7.834210526315789e-07,5954,,,,,,,,,
39,,,,,,,,,,5954,0.06952894479036331,,,,,,,,
,,,,,,,,,7.84078947368421e-07,5959,,,,,,,,,
39,,,,,,,,,,5959,0.04777008667588234,,,,,,,,
,,,,,,,,,7.847368421052631e-07,5964,,,,,,,,,
39,,,,,,,,,,5964,0.05842560529708862,,,,,,,,
,,,,,,,,,7.853947368421052e-07,5969,,,,,,,,,
39,,,,,,,,,,5969,0.08367794752120972,,,,,,,,
,,,,,,,,,7.860526315789473e-07,5974,,,,,,,,,
39,,,,,,,,,,5974,0.08614789694547653,,,,,,,,
,,,,,,,,,7.867105263157895e-07,5979,,,,,,,,,
39,,,,,,,,,,5979,0.06489425897598267,,,,,,,,
,,,,,,,,,7.873684210526315e-07,5984,,,,,,,,,
39,,,,,,,,,,5984,0.14857955276966095,,,,,,,,
,,,,,,,,,7.880263157894736e-07,5989,,,,,,,,,
39,,,,,,,,,,5989,0.03333254158496857,,,,,,,,
,,,,,,,,,7.886842105263157e-07,5994,,,,,,,,,
39,,,,,,,,,,5994,0.11156737804412842,,,,,,,,
,,,,,,,,,7.893421052631578e-07,5999,,,,,,,,,
39,,,,,,,,,,5999,0.06462066620588303,,,,,,,,
,,,,,,,,,7.9e-07,6004,,,,,,,,,
39,,,,,,,,,,6004,0.06248060613870621,,,,,,,,
,,,,,,,,,7.906578947368421e-07,6009,,,,,,,,,
39,,,,,,,,,,6009,0.07035104930400848,,,,,,,,
,,,,,,,,,7.913157894736842e-07,6014,,,,,,,,,
39,,,,,,,,,,6014,0.02015908807516098,,,,,,,,
,,,,,,,,,7.919736842105263e-07,6019,,,,,,,,,
39,,,,,,,,,,6019,0.04054030776023865,,,,,,,,
,,,,,,,,,7.926315789473685e-07,6024,,,,,,,,,
39,,,,,,,,,,6024,0.1215636283159256,,,,,,,,
,,,,,,,,,7.932894736842105e-07,6029,,,,,,,,,
39,,,,,,,,,,6029,0.030189309269189835,,,,,,,,
,,,,,,,,,7.939473684210526e-07,6034,,,,,,,,,
39,,,,,,,,,,6034,0.10933341830968857,,,,,,,,
,,,,,,,,,7.946052631578947e-07,6039,,,,,,,,,
39,,,,,,,,,,6039,0.0661856010556221,,,,,,,,
,,,,,,,,,7.952631578947369e-07,6044,,,,,,,,,
39,,,,,,,,,,6044,0.08262307196855545,,,,,,,,
,,,,,,,,,7.959210526315789e-07,6049,,,,,,,,,
39,,,,,,,,,,6049,0.04789665713906288,,,,,,,,
,,,,,,,,,7.96578947368421e-07,6054,,,,,,,,,
39,,,,,,,,,,6054,0.06863490492105484,,,,,,,,
,,,,,,,,,7.972368421052631e-07,6059,,,,,,,,,
39,,,,,,,,,,6059,0.09370283782482147,,,,,,,,
,,,,,,,,,7.978947368421052e-07,6064,,,,,,,,,
39,,,,,,,,,,6064,0.0807298794388771,,,,,,,,
,,,,,,,,,7.985526315789474e-07,6069,,,,,,,,,
39,,,,,,,,,,6069,0.04840300232172012,,,,,,,,
,,,,,,,,,7.992105263157894e-07,6074,,,,,,,,,
39,,,,,,,,,,6074,0.09362079948186874,,,,,,,,
,,,,,,,,,7.998684210526315e-07,6079,,,,,,,,,
39,,,,,,,,,,6079,0.08420933037996292,,,,,,,,
39,,,,,,,,,,6079,,0.625,0.75,0.07855559140443802,0.07855559140443802,0.3360983729362488,0.6081081032752991,0.97826087474823,0.2861354947090149
,,,,,,,,,8.005263157894736e-07,6084,,,,,,,,,
40,,,,,,,,,,6084,0.06925220042467117,,,,,,,,
,,,,,,,,,8.011842105263158e-07,6089,,,,,,,,,
40,,,,,,,,,,6089,0.05506541579961777,,,,,,,,
,,,,,,,,,8.018421052631578e-07,6094,,,,,,,,,
40,,,,,,,,,,6094,0.04615341126918793,,,,,,,,
,,,,,,,,,8.024999999999999e-07,6099,,,,,,,,,
40,,,,,,,,,,6099,0.10517215728759766,,,,,,,,
,,,,,,,,,8.03157894736842e-07,6104,,,,,,,,,
40,,,,,,,,,,6104,0.07247141003608704,,,,,,,,
,,,,,,,,,8.038157894736843e-07,6109,,,,,,,,,
40,,,,,,,,,,6109,0.05398312956094742,,,,,,,,
,,,,,,,,,8.044736842105263e-07,6114,,,,,,,,,
40,,,,,,,,,,6114,0.04944268986582756,,,,,,,,
,,,,,,,,,8.051315789473684e-07,6119,,,,,,,,,
40,,,,,,,,,,6119,0.10623504966497421,,,,,,,,
,,,,,,,,,8.057894736842105e-07,6124,,,,,,,,,
40,,,,,,,,,,6124,0.07298699766397476,,,,,,,,
,,,,,,,,,8.064473684210526e-07,6129,,,,,,,,,
40,,,,,,,,,,6129,0.10498932003974915,,,,,,,,
,,,,,,,,,8.071052631578948e-07,6134,,,,,,,,,
40,,,,,,,,,,6134,0.035400111228227615,,,,,,,,
,,,,,,,,,8.077631578947368e-07,6139,,,,,,,,,
40,,,,,,,,,,6139,0.04387892782688141,,,,,,,,
,,,,,,,,,8.084210526315789e-07,6144,,,,,,,,,
40,,,,,,,,,,6144,0.051502399146556854,,,,,,,,
,,,,,,,,,8.09078947368421e-07,6149,,,,,,,,,
40,,,,,,,,,,6149,0.057092245668172836,,,,,,,,
,,,,,,,,,8.097368421052632e-07,6154,,,,,,,,,
40,,,,,,,,,,6154,0.05462764576077461,,,,,,,,
,,,,,,,,,8.103947368421052e-07,6159,,,,,,,,,
40,,,,,,,,,,6159,0.052072349935770035,,,,,,,,
,,,,,,,,,8.110526315789473e-07,6164,,,,,,,,,
40,,,,,,,,,,6164,0.06546077877283096,,,,,,,,
,,,,,,,,,8.117105263157894e-07,6169,,,,,,,,,
40,,,,,,,,,,6169,0.07964206486940384,,,,,,,,
,,,,,,,,,8.123684210526316e-07,6174,,,,,,,,,
40,,,,,,,,,,6174,0.07125653326511383,,,,,,,,
,,,,,,,,,8.130263157894737e-07,6179,,,,,,,,,
40,,,,,,,,,,6179,0.0754963606595993,,,,,,,,
,,,,,,,,,8.136842105263157e-07,6184,,,,,,,,,
40,,,,,,,,,,6184,0.0901837944984436,,,,,,,,
,,,,,,,,,8.143421052631578e-07,6189,,,,,,,,,
40,,,,,,,,,,6189,0.03549192473292351,,,,,,,,
,,,,,,,,,8.149999999999999e-07,6194,,,,,,,,,
40,,,,,,,,,,6194,0.058635782450437546,,,,,,,,
,,,,,,,,,8.156578947368421e-07,6199,,,,,,,,,
40,,,,,,,,,,6199,0.07156071811914444,,,,,,,,
,,,,,,,,,8.163157894736841e-07,6204,,,,,,,,,
40,,,,,,,,,,6204,0.03719901293516159,,,,,,,,
,,,,,,,,,8.169736842105262e-07,6209,,,,,,,,,
40,,,,,,,,,,6209,0.08208078891038895,,,,,,,,
,,,,,,,,,8.176315789473683e-07,6214,,,,,,,,,
40,,,,,,,,,,6214,0.05560985207557678,,,,,,,,
,,,,,,,,,8.182894736842106e-07,6219,,,,,,,,,
40,,,,,,,,,,6219,0.04706874117255211,,,,,,,,
,,,,,,,,,8.189473684210527e-07,6224,,,,,,,,,
40,,,,,,,,,,6224,0.09202290326356888,,,,,,,,
,,,,,,,,,8.196052631578947e-07,6229,,,,,,,,,
40,,,,,,,,,,6229,0.07899533212184906,,,,,,,,
40,,,,,,,,,,6231,,0.6000000238418579,0.7241379022598267,0.07800496369600296,0.07800496369600296,0.3451088070869446,0.6000000238418579,0.9130434989929199,0.29215705394744873
,,,,,,,,,8.202631578947368e-07,6234,,,,,,,,,
41,,,,,,,,,,6234,0.07024910300970078,,,,,,,,
,,,,,,,,,8.20921052631579e-07,6239,,,,,,,,,
41,,,,,,,,,,6239,0.1018415242433548,,,,,,,,
,,,,,,,,,8.215789473684211e-07,6244,,,,,,,,,
41,,,,,,,,,,6244,0.06921039521694183,,,,,,,,
,,,,,,,,,8.222368421052631e-07,6249,,,,,,,,,
41,,,,,,,,,,6249,0.06239777058362961,,,,,,,,
,,,,,,,,,8.228947368421052e-07,6254,,,,,,,,,
41,,,,,,,,,,6254,0.08119259774684906,,,,,,,,
,,,,,,,,,8.235526315789473e-07,6259,,,,,,,,,
41,,,,,,,,,,6259,0.043142661452293396,,,,,,,,
,,,,,,,,,8.242105263157895e-07,6264,,,,,,,,,
41,,,,,,,,,,6264,0.03943943232297897,,,,,,,,
,,,,,,,,,8.248684210526315e-07,6269,,,,,,,,,
41,,,,,,,,,,6269,0.08286776393651962,,,,,,,,
,,,,,,,,,8.255263157894736e-07,6274,,,,,,,,,
41,,,,,,,,,,6274,0.06315100938081741,,,,,,,,
,,,,,,,,,8.261842105263157e-07,6279,,,,,,,,,
41,,,,,,,,,,6279,0.06747382879257202,,,,,,,,
,,,,,,,,,8.268421052631579e-07,6284,,,,,,,,,
41,,,,,,,,,,6284,0.08102817833423615,,,,,,,,
,,,,,,,,,8.275e-07,6289,,,,,,,,,
41,,,,,,,,,,6289,0.07378344237804413,,,,,,,,
,,,,,,,,,8.28157894736842e-07,6294,,,,,,,,,
41,,,,,,,,,,6294,0.08749444037675858,,,,,,,,
,,,,,,,,,8.288157894736841e-07,6299,,,,,,,,,
41,,,,,,,,,,6299,0.04206126555800438,,,,,,,,
,,,,,,,,,8.294736842105263e-07,6304,,,,,,,,,
41,,,,,,,,,,6304,0.0459982268512249,,,,,,,,
,,,,,,,,,8.301315789473684e-07,6309,,,,,,,,,
41,,,,,,,,,,6309,0.04427046328783035,,,,,,,,
,,,,,,,,,8.307894736842104e-07,6314,,,,,,,,,
41,,,,,,,,,,6314,0.06549578160047531,,,,,,,,
,,,,,,,,,8.314473684210525e-07,6319,,,,,,,,,
41,,,,,,,,,,6319,0.053913600742816925,,,,,,,,
,,,,,,,,,8.321052631578947e-07,6324,,,,,,,,,
41,,,,,,,,,,6324,0.06718897074460983,,,,,,,,
,,,,,,,,,8.327631578947369e-07,6329,,,,,,,,,
41,,,,,,,,,,6329,0.04396692290902138,,,,,,,,
,,,,,,,,,8.33421052631579e-07,6334,,,,,,,,,
41,,,,,,,,,,6334,0.04202558845281601,,,,,,,,
,,,,,,,,,8.34078947368421e-07,6339,,,,,,,,,
41,,,,,,,,,,6339,0.10153710097074509,,,,,,,,
,,,,,,,,,8.347368421052631e-07,6344,,,,,,,,,
41,,,,,,,,,,6344,0.06872107088565826,,,,,,,,
,,,,,,,,,8.353947368421053e-07,6349,,,,,,,,,
41,,,,,,,,,,6349,0.09022258967161179,,,,,,,,
,,,,,,,,,8.360526315789474e-07,6354,,,,,,,,,
41,,,,,,,,,,6354,0.019461143761873245,,,,,,,,
,,,,,,,,,8.367105263157894e-07,6359,,,,,,,,,
41,,,,,,,,,,6359,0.06010650098323822,,,,,,,,
,,,,,,,,,8.373684210526315e-07,6364,,,,,,,,,
41,,,,,,,,,,6364,0.04326388239860535,,,,,,,,
,,,,,,,,,8.380263157894737e-07,6369,,,,,,,,,
41,,,,,,,,,,6369,0.07364708185195923,,,,,,,,
,,,,,,,,,8.386842105263158e-07,6374,,,,,,,,,
41,,,,,,,,,,6374,0.1007111519575119,,,,,,,,
,,,,,,,,,8.393421052631579e-07,6379,,,,,,,,,
41,,,,,,,,,,6379,0.0600055493414402,,,,,,,,
41,,,,,,,,,,6383,,0.625,0.7272727489471436,0.07705162465572357,0.07705162465572357,0.3461553752422333,0.625,0.8695651888847351,0.303589791059494
,,,,,,,,,8.399999999999999e-07,6384,,,,,,,,,
42,,,,,,,,,,6384,0.08607429265975952,,,,,,,,
,,,,,,,,,8.406578947368421e-07,6389,,,,,,,,,
42,,,,,,,,,,6389,0.05787849798798561,,,,,,,,
,,,,,,,,,8.413157894736842e-07,6394,,,,,,,,,
42,,,,,,,,,,6394,0.05014548450708389,,,,,,,,
,,,,,,,,,8.419736842105263e-07,6399,,,,,,,,,
42,,,,,,,,,,6399,0.10578536242246628,,,,,,,,
,,,,,,,,,8.426315789473683e-07,6404,,,,,,,,,
42,,,,,,,,,,6404,0.0949016883969307,,,,,,,,
,,,,,,,,,8.432894736842104e-07,6409,,,,,,,,,
42,,,,,,,,,,6409,0.11303412914276123,,,,,,,,
,,,,,,,,,8.439473684210526e-07,6414,,,,,,,,,
42,,,,,,,,,,6414,0.06086575239896774,,,,,,,,
,,,,,,,,,8.446052631578947e-07,6419,,,,,,,,,
42,,,,,,,,,,6419,0.07474212348461151,,,,,,,,
,,,,,,,,,8.452631578947368e-07,6424,,,,,,,,,
42,,,,,,,,,,6424,0.029878245666623116,,,,,,,,
,,,,,,,,,8.459210526315788e-07,6429,,,,,,,,,
42,,,,,,,,,,6429,0.08633066713809967,,,,,,,,
,,,,,,,,,8.46578947368421e-07,6434,,,,,,,,,
42,,,,,,,,,,6434,0.03612689673900604,,,,,,,,
,,,,,,,,,8.472368421052632e-07,6439,,,,,,,,,
42,,,,,,,,,,6439,0.0458492785692215,,,,,,,,
,,,,,,,,,8.478947368421053e-07,6444,,,,,,,,,
42,,,,,,,,,,6444,0.023355480283498764,,,,,,,,
,,,,,,,,,8.485526315789473e-07,6449,,,,,,,,,
42,,,,,,,,,,6449,0.07744040340185165,,,,,,,,
,,,,,,,,,8.492105263157895e-07,6454,,,,,,,,,
42,,,,,,,,,,6454,0.07616758346557617,,,,,,,,
,,,,,,,,,8.498684210526316e-07,6459,,,,,,,,,
42,,,,,,,,,,6459,0.09902339428663254,,,,,,,,
,,,,,,,,,8.505263157894737e-07,6464,,,,,,,,,
42,,,,,,,,,,6464,0.03198065608739853,,,,,,,,
,,,,,,,,,8.511842105263157e-07,6469,,,,,,,,,
42,,,,,,,,,,6469,0.07551072537899017,,,,,,,,
,,,,,,,,,8.518421052631578e-07,6474,,,,,,,,,
42,,,,,,,,,,6474,0.10126426070928574,,,,,,,,
,,,,,,,,,8.525e-07,6479,,,,,,,,,
42,,,,,,,,,,6479,0.08931414037942886,,,,,,,,
,,,,,,,,,8.531578947368421e-07,6484,,,,,,,,,
42,,,,,,,,,,6484,0.08614862710237503,,,,,,,,
,,,,,,,,,8.538157894736842e-07,6489,,,,,,,,,
42,,,,,,,,,,6489,0.038617391139268875,,,,,,,,
,,,,,,,,,8.544736842105262e-07,6494,,,,,,,,,
42,,,,,,,,,,6494,0.0729365199804306,,,,,,,,
,,,,,,,,,8.551315789473684e-07,6499,,,,,,,,,
42,,,,,,,,,,6499,0.02879922278225422,,,,,,,,
,,,,,,,,,8.557894736842105e-07,6504,,,,,,,,,
42,,,,,,,,,,6504,0.06545951217412949,,,,,,,,
,,,,,,,,,8.564473684210526e-07,6509,,,,,,,,,
42,,,,,,,,,,6509,0.05072630196809769,,,,,,,,
,,,,,,,,,8.571052631578946e-07,6514,,,,,,,,,
42,,,,,,,,,,6514,0.08050143718719482,,,,,,,,
,,,,,,,,,8.577631578947368e-07,6519,,,,,,,,,
42,,,,,,,,,,6519,0.0423799566924572,,,,,,,,
,,,,,,,,,8.584210526315789e-07,6524,,,,,,,,,
42,,,,,,,,,,6524,0.039151839911937714,,,,,,,,
,,,,,,,,,8.59078947368421e-07,6529,,,,,,,,,
42,,,,,,,,,,6529,0.0631135031580925,,,,,,,,
,,,,,,,,,8.597368421052631e-07,6534,,,,,,,,,
42,,,,,,,,,,6534,0.12034015357494354,,,,,,,,
42,,,,,,,,,,6535,,0.625,0.7272727489471436,0.07626242935657501,0.07626242935657501,0.3508436977863312,0.625,0.8695651888847351,0.327922523021698
,,,,,,,,,8.603947368421051e-07,6539,,,,,,,,,
43,,,,,,,,,,6539,0.056732263416051865,,,,,,,,
,,,,,,,,,8.610526315789473e-07,6544,,,,,,,,,
43,,,,,,,,,,6544,0.06382158398628235,,,,,,,,
,,,,,,,,,8.617105263157895e-07,6549,,,,,,,,,
43,,,,,,,,,,6549,0.06224380433559418,,,,,,,,
,,,,,,,,,8.623684210526316e-07,6554,,,,,,,,,
43,,,,,,,,,,6554,0.037652455270290375,,,,,,,,
,,,,,,,,,8.630263157894736e-07,6559,,,,,,,,,
43,,,,,,,,,,6559,0.051361922174692154,,,,,,,,
,,,,,,,,,8.636842105263158e-07,6564,,,,,,,,,
43,,,,,,,,,,6564,0.05583369731903076,,,,,,,,
,,,,,,,,,8.643421052631579e-07,6569,,,,,,,,,
43,,,,,,,,,,6569,0.062204353511333466,,,,,,,,
,,,,,,,,,8.65e-07,6574,,,,,,,,,
43,,,,,,,,,,6574,0.04502897709608078,,,,,,,,
,,,,,,,,,8.656578947368421e-07,6579,,,,,,,,,
43,,,,,,,,,,6579,0.08116964995861053,,,,,,,,
,,,,,,,,,8.663157894736842e-07,6584,,,,,,,,,
43,,,,,,,,,,6584,0.09152781218290329,,,,,,,,
,,,,,,,,,8.669736842105263e-07,6589,,,,,,,,,
43,,,,,,,,,,6589,0.06548257917165756,,,,,,,,
,,,,,,,,,8.676315789473684e-07,6594,,,,,,,,,
43,,,,,,,,,,6594,0.02771090157330036,,,,,,,,
,,,,,,,,,8.682894736842105e-07,6599,,,,,,,,,
43,,,,,,,,,,6599,0.06245815381407738,,,,,,,,
,,,,,,,,,8.689473684210525e-07,6604,,,,,,,,,
43,,,,,,,,,,6604,0.1054009273648262,,,,,,,,
,,,,,,,,,8.696052631578947e-07,6609,,,,,,,,,
43,,,,,,,,,,6609,0.045496728271245956,,,,,,,,
,,,,,,,,,8.702631578947368e-07,6614,,,,,,,,,
43,,,,,,,,,,6614,0.055267248302698135,,,,,,,,
,,,,,,,,,8.709210526315789e-07,6619,,,,,,,,,
43,,,,,,,,,,6619,0.10242239385843277,,,,,,,,
,,,,,,,,,8.71578947368421e-07,6624,,,,,,,,,
43,,,,,,,,,,6624,0.040995314717292786,,,,,,,,
,,,,,,,,,8.722368421052631e-07,6629,,,,,,,,,
43,,,,,,,,,,6629,0.0486861951649189,,,,,,,,
,,,,,,,,,8.728947368421052e-07,6634,,,,,,,,,
43,,,,,,,,,,6634,0.13329876959323883,,,,,,,,
,,,,,,,,,8.735526315789473e-07,6639,,,,,,,,,
43,,,,,,,,,,6639,0.0518888458609581,,,,,,,,
,,,,,,,,,8.742105263157894e-07,6644,,,,,,,,,
43,,,,,,,,,,6644,0.09414130449295044,,,,,,,,
,,,,,,,,,8.748684210526315e-07,6649,,,,,,,,,
43,,,,,,,,,,6649,0.08408478647470474,,,,,,,,
,,,,,,,,,8.755263157894736e-07,6654,,,,,,,,,
43,,,,,,,,,,6654,0.04469573497772217,,,,,,,,
,,,,,,,,,8.761842105263158e-07,6659,,,,,,,,,
43,,,,,,,,,,6659,0.08175642043352127,,,,,,,,
,,,,,,,,,8.768421052631579e-07,6664,,,,,,,,,
43,,,,,,,,,,6664,0.07907945662736893,,,,,,,,
,,,,,,,,,8.774999999999999e-07,6669,,,,,,,,,
43,,,,,,,,,,6669,0.04981016740202904,,,,,,,,
,,,,,,,,,8.781578947368421e-07,6674,,,,,,,,,
43,,,,,,,,,,6674,0.03868337720632553,,,,,,,,
,,,,,,,,,8.788157894736842e-07,6679,,,,,,,,,
43,,,,,,,,,,6679,0.07990724593400955,,,,,,,,
,,,,,,,,,8.794736842105263e-07,6684,,,,,,,,,
43,,,,,,,,,,6684,0.05448677018284798,,,,,,,,
43,,,,,,,,,,6687,,0.6499999761581421,0.7407407164573669,0.07618901133537292,0.07618901133537292,0.3735995590686798,0.6451612710952759,0.8695651888847351,0.3578307628631592
,,,,,,,,,8.801315789473684e-07,6689,,,,,,,,,
44,,,,,,,,,,6689,0.07060331851243973,,,,,,,,
,,,,,,,,,8.807894736842105e-07,6694,,,,,,,,,
44,,,,,,,,,,6694,0.059761933982372284,,,,,,,,
,,,,,,,,,8.814473684210526e-07,6699,,,,,,,,,
44,,,,,,,,,,6699,0.039277467876672745,,,,,,,,
,,,,,,,,,8.821052631578947e-07,6704,,,,,,,,,
44,,,,,,,,,,6704,0.04268868267536163,,,,,,,,
,,,,,,,,,8.827631578947368e-07,6709,,,,,,,,,
44,,,,,,,,,,6709,0.05635741353034973,,,,,,,,
,,,,,,,,,8.834210526315789e-07,6714,,,,,,,,,
44,,,,,,,,,,6714,0.01141617726534605,,,,,,,,
,,,,,,,,,8.84078947368421e-07,6719,,,,,,,,,
44,,,,,,,,,,6719,0.055012188851833344,,,,,,,,
,,,,,,,,,8.847368421052631e-07,6724,,,,,,,,,
44,,,,,,,,,,6724,0.037416137754917145,,,,,,,,
,,,,,,,,,8.853947368421052e-07,6729,,,,,,,,,
44,,,,,,,,,,6729,0.04338553547859192,,,,,,,,
,,,,,,,,,8.860526315789473e-07,6734,,,,,,,,,
44,,,,,,,,,,6734,0.04678790643811226,,,,,,,,
,,,,,,,,,8.867105263157894e-07,6739,,,,,,,,,
44,,,,,,,,,,6739,0.10224255174398422,,,,,,,,
,,,,,,,,,8.873684210526315e-07,6744,,,,,,,,,
44,,,,,,,,,,6744,0.07540964335203171,,,,,,,,
,,,,,,,,,8.880263157894736e-07,6749,,,,,,,,,
44,,,,,,,,,,6749,0.049765799194574356,,,,,,,,
,,,,,,,,,8.886842105263157e-07,6754,,,,,,,,,
44,,,,,,,,,,6754,0.06267914921045303,,,,,,,,
,,,,,,,,,8.893421052631578e-07,6759,,,,,,,,,
44,,,,,,,,,,6759,0.06309651583433151,,,,,,,,
,,,,,,,,,8.9e-07,6764,,,,,,,,,
44,,,,,,,,,,6764,0.025676662102341652,,,,,,,,
,,,,,,,,,8.906578947368421e-07,6769,,,,,,,,,
44,,,,,,,,,,6769,0.03494829684495926,,,,,,,,
,,,,,,,,,8.913157894736842e-07,6774,,,,,,,,,
44,,,,,,,,,,6774,0.045198068022727966,,,,,,,,
,,,,,,,,,8.919736842105264e-07,6779,,,,,,,,,
44,,,,,,,,,,6779,0.07679141312837601,,,,,,,,
,,,,,,,,,8.926315789473684e-07,6784,,,,,,,,,
44,,,,,,,,,,6784,0.11457153409719467,,,,,,,,
,,,,,,,,,8.932894736842105e-07,6789,,,,,,,,,
44,,,,,,,,,,6789,0.05002196505665779,,,,,,,,
,,,,,,,,,8.939473684210526e-07,6794,,,,,,,,,
44,,,,,,,,,,6794,0.053604356944561005,,,,,,,,
,,,,,,,,,8.946052631578948e-07,6799,,,,,,,,,
44,,,,,,,,,,6799,0.042746320366859436,,,,,,,,
,,,,,,,,,8.952631578947368e-07,6804,,,,,,,,,
44,,,,,,,,,,6804,0.0568472295999527,,,,,,,,
,,,,,,,,,8.959210526315789e-07,6809,,,,,,,,,
44,,,,,,,,,,6809,0.08007656782865524,,,,,,,,
,,,,,,,,,8.96578947368421e-07,6814,,,,,,,,,
44,,,,,,,,,,6814,0.05763362720608711,,,,,,,,
,,,,,,,,,8.972368421052631e-07,6819,,,,,,,,,
44,,,,,,,,,,6819,0.038623832166194916,,,,,,,,
,,,,,,,,,8.978947368421053e-07,6824,,,,,,,,,
44,,,,,,,,,,6824,0.06149517372250557,,,,,,,,
,,,,,,,,,8.985526315789473e-07,6829,,,,,,,,,
44,,,,,,,,,,6829,0.09074346721172333,,,,,,,,
,,,,,,,,,8.992105263157894e-07,6834,,,,,,,,,
44,,,,,,,,,,6834,0.06030670180916786,,,,,,,,
,,,,,,,,,8.998684210526315e-07,6839,,,,,,,,,
44,,,,,,,,,,6839,0.06552983820438385,,,,,,,,
44,,,,,,,,,,6839,,0.675000011920929,0.7547169923782349,0.07626382261514664,0.07626382261514664,0.3733738362789154,0.6666666865348816,0.8695651888847351,0.3344135880470276
,,,,,,,,,9.005263157894737e-07,6844,,,,,,,,,
45,,,,,,,,,,6844,0.055347394198179245,,,,,,,,
,,,,,,,,,9.011842105263157e-07,6849,,,,,,,,,
45,,,,,,,,,,6849,0.07721345871686935,,,,,,,,
,,,,,,,,,9.018421052631578e-07,6854,,,,,,,,,
45,,,,,,,,,,6854,0.01740299165248871,,,,,,,,
,,,,,,,,,9.024999999999999e-07,6859,,,,,,,,,
45,,,,,,,,,,6859,0.05426095426082611,,,,,,,,
,,,,,,,,,9.031578947368421e-07,6864,,,,,,,,,
45,,,,,,,,,,6864,0.04168977215886116,,,,,,,,
,,,,,,,,,9.038157894736843e-07,6869,,,,,,,,,
45,,,,,,,,,,6869,0.0661473199725151,,,,,,,,
,,,,,,,,,9.044736842105262e-07,6874,,,,,,,,,
45,,,,,,,,,,6874,0.045347120612859726,,,,,,,,
,,,,,,,,,9.051315789473684e-07,6879,,,,,,,,,
45,,,,,,,,,,6879,0.05041804537177086,,,,,,,,
,,,,,,,,,9.057894736842105e-07,6884,,,,,,,,,
45,,,,,,,,,,6884,0.07577278465032578,,,,,,,,
,,,,,,,,,9.064473684210527e-07,6889,,,,,,,,,
45,,,,,,,,,,6889,0.07282862067222595,,,,,,,,
,,,,,,,,,9.071052631578947e-07,6894,,,,,,,,,
45,,,,,,,,,,6894,0.041869886219501495,,,,,,,,
,,,,,,,,,9.077631578947368e-07,6899,,,,,,,,,
45,,,,,,,,,,6899,0.039927609264850616,,,,,,,,
,,,,,,,,,9.084210526315789e-07,6904,,,,,,,,,
45,,,,,,,,,,6904,0.06890943646430969,,,,,,,,
,,,,,,,,,9.090789473684211e-07,6909,,,,,,,,,
45,,,,,,,,,,6909,0.048964038491249084,,,,,,,,
,,,,,,,,,9.097368421052631e-07,6914,,,,,,,,,
45,,,,,,,,,,6914,0.08543173223733902,,,,,,,,
,,,,,,,,,9.103947368421052e-07,6919,,,,,,,,,
45,,,,,,,,,,6919,0.03583139181137085,,,,,,,,
,,,,,,,,,9.110526315789473e-07,6924,,,,,,,,,
45,,,,,,,,,,6924,0.09180352091789246,,,,,,,,
,,,,,,,,,9.117105263157895e-07,6929,,,,,,,,,
45,,,,,,,,,,6929,0.04741167649626732,,,,,,,,
,,,,,,,,,9.123684210526316e-07,6934,,,,,,,,,
45,,,,,,,,,,6934,0.027511799708008766,,,,,,,,
,,,,,,,,,9.130263157894736e-07,6939,,,,,,,,,
45,,,,,,,,,,6939,0.029092896729707718,,,,,,,,
,,,,,,,,,9.136842105263157e-07,6944,,,,,,,,,
45,,,,,,,,,,6944,0.022928552702069283,,,,,,,,
,,,,,,,,,9.143421052631578e-07,6949,,,,,,,,,
45,,,,,,,,,,6949,0.0827077105641365,,,,,,,,
,,,,,,,,,9.15e-07,6954,,,,,,,,,
45,,,,,,,,,,6954,0.05913166701793671,,,,,,,,
,,,,,,,,,9.15657894736842e-07,6959,,,,,,,,,
45,,,,,,,,,,6959,0.020980117842555046,,,,,,,,
,,,,,,,,,9.163157894736841e-07,6964,,,,,,,,,
45,,,,,,,,,,6964,0.08386003971099854,,,,,,,,
,,,,,,,,,9.169736842105262e-07,6969,,,,,,,,,
45,,,,,,,,,,6969,0.08219897001981735,,,,,,,,
,,,,,,,,,9.176315789473684e-07,6974,,,,,,,,,
45,,,,,,,,,,6974,0.05560506880283356,,,,,,,,
,,,,,,,,,9.182894736842106e-07,6979,,,,,,,,,
45,,,,,,,,,,6979,0.06092343479394913,,,,,,,,
,,,,,,,,,9.189473684210525e-07,6984,,,,,,,,,
45,,,,,,,,,,6984,0.06465412676334381,,,,,,,,
,,,,,,,,,9.196052631578947e-07,6989,,,,,,,,,
45,,,,,,,,,,6989,0.03063763678073883,,,,,,,,
45,,,,,,,,,,6991,,0.675000011920929,0.7450980544090271,0.07376475632190704,0.07376475632190704,0.3913727104663849,0.6785714030265808,0.8260869383811951,0.34555289149284363
,,,,,,,,,9.202631578947369e-07,6994,,,,,,,,,
46,,,,,,,,,,6994,0.040902476757764816,,,,,,,,
,,,,,,,,,9.20921052631579e-07,6999,,,,,,,,,
46,,,,,,,,,,6999,0.07807932049036026,,,,,,,,
,,,,,,,,,9.21578947368421e-07,7004,,,,,,,,,
46,,,,,,,,,,7004,0.0377902053296566,,,,,,,,
,,,,,,,,,9.222368421052631e-07,7009,,,,,,,,,
46,,,,,,,,,,7009,0.06845878809690475,,,,,,,,
,,,,,,,,,9.228947368421052e-07,7014,,,,,,,,,
46,,,,,,,,,,7014,0.0441381074488163,,,,,,,,
,,,,,,,,,9.235526315789474e-07,7019,,,,,,,,,
46,,,,,,,,,,7019,0.09462421387434006,,,,,,,,
,,,,,,,,,9.242105263157895e-07,7024,,,,,,,,,
46,,,,,,,,,,7024,0.0939202606678009,,,,,,,,
,,,,,,,,,9.248684210526315e-07,7029,,,,,,,,,
46,,,,,,,,,,7029,0.08406021445989609,,,,,,,,
,,,,,,,,,9.255263157894736e-07,7034,,,,,,,,,
46,,,,,,,,,,7034,0.05194845795631409,,,,,,,,
,,,,,,,,,9.261842105263158e-07,7039,,,,,,,,,
46,,,,,,,,,,7039,0.05517210066318512,,,,,,,,
,,,,,,,,,9.268421052631579e-07,7044,,,,,,,,,
46,,,,,,,,,,7044,0.059589747339487076,,,,,,,,
,,,,,,,,,9.274999999999999e-07,7049,,,,,,,,,
46,,,,,,,,,,7049,0.04410063102841377,,,,,,,,
,,,,,,,,,9.28157894736842e-07,7054,,,,,,,,,
46,,,,,,,,,,7054,0.04221809282898903,,,,,,,,
,,,,,,,,,9.288157894736842e-07,7059,,,,,,,,,
46,,,,,,,,,,7059,0.12568625807762146,,,,,,,,
,,,,,,,,,9.294736842105263e-07,7064,,,,,,,,,
46,,,,,,,,,,7064,0.060767143964767456,,,,,,,,
,,,,,,,,,9.301315789473683e-07,7069,,,,,,,,,
46,,,,,,,,,,7069,0.041759707033634186,,,,,,,,
,,,,,,,,,9.307894736842104e-07,7074,,,,,,,,,
46,,,,,,,,,,7074,0.06905203312635422,,,,,,,,
,,,,,,,,,9.314473684210525e-07,7079,,,,,,,,,
46,,,,,,,,,,7079,0.06411106139421463,,,,,,,,
,,,,,,,,,9.321052631578947e-07,7084,,,,,,,,,
46,,,,,,,,,,7084,0.056597743183374405,,,,,,,,
,,,,,,,,,9.327631578947368e-07,7089,,,,,,,,,
46,,,,,,,,,,7089,0.06693652272224426,,,,,,,,
,,,,,,,,,9.334210526315788e-07,7094,,,,,,,,,
46,,,,,,,,,,7094,0.02261446602642536,,,,,,,,
,,,,,,,,,9.34078947368421e-07,7099,,,,,,,,,
46,,,,,,,,,,7099,0.06744185835123062,,,,,,,,
,,,,,,,,,9.347368421052632e-07,7104,,,,,,,,,
46,,,,,,,,,,7104,0.06666556000709534,,,,,,,,
,,,,,,,,,9.353947368421053e-07,7109,,,,,,,,,
46,,,,,,,,,,7109,0.024997137486934662,,,,,,,,
,,,,,,,,,9.360526315789473e-07,7114,,,,,,,,,
46,,,,,,,,,,7114,0.07934150844812393,,,,,,,,
,,,,,,,,,9.367105263157894e-07,7119,,,,,,,,,
46,,,,,,,,,,7119,0.04349353909492493,,,,,,,,
,,,,,,,,,9.373684210526316e-07,7124,,,,,,,,,
46,,,,,,,,,,7124,0.0692884549498558,,,,,,,,
,,,,,,,,,9.380263157894737e-07,7129,,,,,,,,,
46,,,,,,,,,,7129,0.047983210533857346,,,,,,,,
,,,,,,,,,9.386842105263158e-07,7134,,,,,,,,,
46,,,,,,,,,,7134,0.03851289302110672,,,,,,,,
,,,,,,,,,9.393421052631578e-07,7139,,,,,,,,,
46,,,,,,,,,,7139,0.0661439374089241,,,,,,,,
46,,,,,,,,,,7143,,0.675000011920929,0.7400000095367432,0.07325252890586853,0.07325252890586853,0.38112398982048035,0.6851851940155029,0.804347813129425,0.3512340486049652
,,,,,,,,,9.399999999999999e-07,7144,,,,,,,,,
47,,,,,,,,,,7144,0.09754419326782227,,,,,,,,
,,,,,,,,,9.406578947368421e-07,7149,,,,,,,,,
47,,,,,,,,,,7149,0.06301531940698624,,,,,,,,
,,,,,,,,,9.413157894736842e-07,7154,,,,,,,,,
47,,,,,,,,,,7154,0.04682295024394989,,,,,,,,
,,,,,,,,,9.419736842105262e-07,7159,,,,,,,,,
47,,,,,,,,,,7159,0.06636828184127808,,,,,,,,
,,,,,,,,,9.426315789473683e-07,7164,,,,,,,,,
47,,,,,,,,,,7164,0.05451200529932976,,,,,,,,
,,,,,,,,,9.432894736842105e-07,7169,,,,,,,,,
47,,,,,,,,,,7169,0.04297710955142975,,,,,,,,
,,,,,,,,,9.439473684210526e-07,7174,,,,,,,,,
47,,,,,,,,,,7174,0.08156156539916992,,,,,,,,
,,,,,,,,,9.446052631578947e-07,7179,,,,,,,,,
47,,,,,,,,,,7179,0.044932302087545395,,,,,,,,
,,,,,,,,,9.452631578947367e-07,7184,,,,,,,,,
47,,,,,,,,,,7184,0.08969452977180481,,,,,,,,
,,,,,,,,,9.459210526315789e-07,7189,,,,,,,,,
47,,,,,,,,,,7189,0.07736160606145859,,,,,,,,
,,,,,,,,,9.46578947368421e-07,7194,,,,,,,,,
47,,,,,,,,,,7194,0.053696610033512115,,,,,,,,
,,,,,,,,,9.472368421052631e-07,7199,,,,,,,,,
47,,,,,,,,,,7199,0.029657743871212006,,,,,,,,
,,,,,,,,,9.478947368421051e-07,7204,,,,,,,,,
47,,,,,,,,,,7204,0.032193198800086975,,,,,,,,
,,,,,,,,,9.485526315789473e-07,7209,,,,,,,,,
47,,,,,,,,,,7209,0.05426497012376785,,,,,,,,
,,,,,,,,,9.492105263157895e-07,7214,,,,,,,,,
47,,,,,,,,,,7214,0.05078420042991638,,,,,,,,
,,,,,,,,,9.498684210526316e-07,7219,,,,,,,,,
47,,,,,,,,,,7219,0.03332684561610222,,,,,,,,
,,,,,,,,,9.505263157894737e-07,7224,,,,,,,,,
47,,,,,,,,,,7224,0.055911533534526825,,,,,,,,
,,,,,,,,,9.511842105263157e-07,7229,,,,,,,,,
47,,,,,,,,,,7229,0.07003745436668396,,,,,,,,
,,,,,,,,,9.518421052631579e-07,7234,,,,,,,,,
47,,,,,,,,,,7234,0.035357262939214706,,,,,,,,
,,,,,,,,,9.525e-07,7239,,,,,,,,,
47,,,,,,,,,,7239,0.04652988910675049,,,,,,,,
,,,,,,,,,9.531578947368421e-07,7244,,,,,,,,,
47,,,,,,,,,,7244,0.02423465996980667,,,,,,,,
,,,,,,,,,9.538157894736842e-07,7249,,,,,,,,,
47,,,,,,,,,,7249,0.09116730093955994,,,,,,,,
,,,,,,,,,9.544736842105264e-07,7254,,,,,,,,,
47,,,,,,,,,,7254,0.03579871729016304,,,,,,,,
,,,,,,,,,9.551315789473684e-07,7259,,,,,,,,,
47,,,,,,,,,,7259,0.08805475383996964,,,,,,,,
,,,,,,,,,9.557894736842104e-07,7264,,,,,,,,,
47,,,,,,,,,,7264,0.08681853115558624,,,,,,,,
,,,,,,,,,9.564473684210526e-07,7269,,,,,,,,,
47,,,,,,,,,,7269,0.05922975018620491,,,,,,,,
,,,,,,,,,9.571052631578948e-07,7274,,,,,,,,,
47,,,,,,,,,,7274,0.07515911757946014,,,,,,,,
,,,,,,,,,9.577631578947368e-07,7279,,,,,,,,,
47,,,,,,,,,,7279,0.03580838441848755,,,,,,,,
,,,,,,,,,9.584210526315788e-07,7284,,,,,,,,,
47,,,,,,,,,,7284,0.08625288307666779,,,,,,,,
,,,,,,,,,9.59078947368421e-07,7289,,,,,,,,,
47,,,,,,,,,,7289,0.04415959492325783,,,,,,,,
,,,,,,,,,9.59736842105263e-07,7294,,,,,,,,,
47,,,,,,,,,,7294,0.04747673124074936,,,,,,,,
47,,,,,,,,,,7295,,0.675000011920929,0.75,0.07683989405632019,0.07683989405632019,0.3721001148223877,0.6724137663841248,0.8478260636329651,0.3368198573589325
,,,,,,,,,9.603947368421052e-07,7299,,,,,,,,,
48,,,,,,,,,,7299,0.05094550549983978,,,,,,,,
,,,,,,,,,9.610526315789472e-07,7304,,,,,,,,,
48,,,,,,,,,,7304,0.099648617208004,,,,,,,,
,,,,,,,,,9.617105263157894e-07,7309,,,,,,,,,
48,,,,,,,,,,7309,0.04223233833909035,,,,,,,,
,,,,,,,,,9.623684210526314e-07,7314,,,,,,,,,
48,,,,,,,,,,7314,0.023925650864839554,,,,,,,,
,,,,,,,,,9.630263157894737e-07,7319,,,,,,,,,
48,,,,,,,,,,7319,0.02839898318052292,,,,,,,,
,,,,,,,,,9.636842105263159e-07,7324,,,,,,,,,
48,,,,,,,,,,7324,0.08227983117103577,,,,,,,,
,,,,,,,,,9.643421052631579e-07,7329,,,,,,,,,
48,,,,,,,,,,7329,0.033606331795454025,,,,,,,,
,,,,,,,,,9.649999999999999e-07,7334,,,,,,,,,
48,,,,,,,,,,7334,0.02994355745613575,,,,,,,,
,,,,,,,,,9.65657894736842e-07,7339,,,,,,,,,
48,,,,,,,,,,7339,0.06567876785993576,,,,,,,,
,,,,,,,,,9.663157894736843e-07,7344,,,,,,,,,
48,,,,,,,,,,7344,0.0856529250741005,,,,,,,,
,,,,,,,,,9.669736842105263e-07,7349,,,,,,,,,
48,,,,,,,,,,7349,0.09689564257860184,,,,,,,,
,,,,,,,,,9.676315789473683e-07,7354,,,,,,,,,
48,,,,,,,,,,7354,0.03590509667992592,,,,,,,,
,,,,,,,,,9.682894736842105e-07,7359,,,,,,,,,
48,,,,,,,,,,7359,0.06546758860349655,,,,,,,,
,,,,,,,,,9.689473684210527e-07,7364,,,,,,,,,
48,,,,,,,,,,7364,0.058373671025037766,,,,,,,,
,,,,,,,,,9.696052631578947e-07,7369,,,,,,,,,
48,,,,,,,,,,7369,0.05983617156744003,,,,,,,,
,,,,,,,,,9.702631578947367e-07,7374,,,,,,,,,
48,,,,,,,,,,7374,0.03810180351138115,,,,,,,,
,,,,,,,,,9.70921052631579e-07,7379,,,,,,,,,
48,,,,,,,,,,7379,0.05818141996860504,,,,,,,,
,,,,,,,,,9.715789473684211e-07,7384,,,,,,,,,
48,,,,,,,,,,7384,0.038123421370983124,,,,,,,,
,,,,,,,,,9.722368421052631e-07,7389,,,,,,,,,
48,,,,,,,,,,7389,0.07546863704919815,,,,,,,,
,,,,,,,,,9.728947368421051e-07,7394,,,,,,,,,
48,,,,,,,,,,7394,0.028339067474007607,,,,,,,,
,,,,,,,,,9.735526315789473e-07,7399,,,,,,,,,
48,,,,,,,,,,7399,0.07076124101877213,,,,,,,,
,,,,,,,,,9.742105263157895e-07,7404,,,,,,,,,
48,,,,,,,,,,7404,0.048641450703144073,,,,,,,,
,,,,,,,,,9.748684210526315e-07,7409,,,,,,,,,
48,,,,,,,,,,7409,0.025638936087489128,,,,,,,,
,,,,,,,,,9.755263157894735e-07,7414,,,,,,,,,
48,,,,,,,,,,7414,0.04571029916405678,,,,,,,,
,,,,,,,,,9.761842105263157e-07,7419,,,,,,,,,
48,,,,,,,,,,7419,0.04666982963681221,,,,,,,,
,,,,,,,,,9.768421052631577e-07,7424,,,,,,,,,
48,,,,,,,,,,7424,0.04845311865210533,,,,,,,,
,,,,,,,,,9.775e-07,7429,,,,,,,,,
48,,,,,,,,,,7429,0.06567618250846863,,,,,,,,
,,,,,,,,,9.781578947368422e-07,7434,,,,,,,,,
48,,,,,,,,,,7434,0.016949139535427094,,,,,,,,
,,,,,,,,,9.788157894736842e-07,7439,,,,,,,,,
48,,,,,,,,,,7439,0.06453650444746017,,,,,,,,
,,,,,,,,,9.794736842105262e-07,7444,,,,,,,,,
48,,,,,,,,,,7444,0.06915093213319778,,,,,,,,
48,,,,,,,,,,7447,,0.6625000238418579,0.7216494679450989,0.07407825440168381,0.07407825440168381,0.3651798367500305,0.686274528503418,0.760869562625885,0.34017691016197205
,,,,,,,,,9.801315789473684e-07,7449,,,,,,,,,
49,,,,,,,,,,7449,0.07388235628604889,,,,,,,,
,,,,,,,,,9.807894736842106e-07,7454,,,,,,,,,
49,,,,,,,,,,7454,0.008401881903409958,,,,,,,,
,,,,,,,,,9.814473684210526e-07,7459,,,,,,,,,
49,,,,,,,,,,7459,0.054176025092601776,,,,,,,,
,,,,,,,,,9.821052631578946e-07,7464,,,,,,,,,
49,,,,,,,,,,7464,0.06989823281764984,,,,,,,,
,,,,,,,,,9.827631578947368e-07,7469,,,,,,,,,
49,,,,,,,,,,7469,0.045516204088926315,,,,,,,,
,,,,,,,,,9.83421052631579e-07,7474,,,,,,,,,
49,,,,,,,,,,7474,0.0340195894241333,,,,,,,,
,,,,,,,,,9.84078947368421e-07,7479,,,,,,,,,
49,,,,,,,,,,7479,0.038452886044979095,,,,,,,,
,,,,,,,,,9.84736842105263e-07,7484,,,,,,,,,
49,,,,,,,,,,7484,0.08767340332269669,,,,,,,,
,,,,,,,,,9.853947368421052e-07,7489,,,,,,,,,
49,,,,,,,,,,7489,0.05642223358154297,,,,,,,,
,,,,,,,,,9.860526315789474e-07,7494,,,,,,,,,
49,,,,,,,,,,7494,0.047029536217451096,,,,,,,,
,,,,,,,,,9.867105263157894e-07,7499,,,,,,,,,
49,,,,,,,,,,7499,0.026886604726314545,,,,,,,,
,,,,,,,,,9.873684210526314e-07,7504,,,,,,,,,
49,,,,,,,,,,7504,0.018685907125473022,,,,,,,,
,,,,,,,,,9.880263157894736e-07,7509,,,,,,,,,
49,,,,,,,,,,7509,0.059642378240823746,,,,,,,,
,,,,,,,,,9.886842105263158e-07,7514,,,,,,,,,
49,,,,,,,,,,7514,0.046434156596660614,,,,,,,,
,,,,,,,,,9.893421052631578e-07,7519,,,,,,,,,
49,,,,,,,,,,7519,0.08041709661483765,,,,,,,,
,,,,,,,,,9.9e-07,7524,,,,,,,,,
49,,,,,,,,,,7524,0.05529898777604103,,,,,,,,
,,,,,,,,,9.90657894736842e-07,7529,,,,,,,,,
49,,,,,,,,,,7529,0.07267089933156967,,,,,,,,
,,,,,,,,,9.913157894736843e-07,7534,,,,,,,,,
49,,,,,,,,,,7534,0.05696151778101921,,,,,,,,
,,,,,,,,,9.919736842105263e-07,7539,,,,,,,,,
49,,,,,,,,,,7539,0.019838811829686165,,,,,,,,
,,,,,,,,,9.926315789473685e-07,7544,,,,,,,,,
49,,,,,,,,,,7544,0.02167052961885929,,,,,,,,
,,,,,,,,,9.932894736842105e-07,7549,,,,,,,,,
49,,,,,,,,,,7549,0.029800934717059135,,,,,,,,
,,,,,,,,,9.939473684210525e-07,7554,,,,,,,,,
49,,,,,,,,,,7554,0.03890028968453407,,,,,,,,
,,,,,,,,,9.946052631578947e-07,7559,,,,,,,,,
49,,,,,,,,,,7559,0.0770430788397789,,,,,,,,
,,,,,,,,,9.952631578947369e-07,7564,,,,,,,,,
49,,,,,,,,,,7564,0.033116668462753296,,,,,,,,
,,,,,,,,,9.959210526315789e-07,7569,,,,,,,,,
49,,,,,,,,,,7569,0.035976964980363846,,,,,,,,
,,,,,,,,,9.965789473684209e-07,7574,,,,,,,,,
49,,,,,,,,,,7574,0.08951308578252792,,,,,,,,
,,,,,,,,,9.97236842105263e-07,7579,,,,,,,,,
49,,,,,,,,,,7579,0.05870325118303299,,,,,,,,
,,,,,,,,,9.978947368421053e-07,7584,,,,,,,,,
49,,,,,,,,,,7584,0.09060981124639511,,,,,,,,
,,,,,,,,,9.985526315789473e-07,7589,,,,,,,,,
49,,,,,,,,,,7589,0.030897758901119232,,,,,,,,
,,,,,,,,,9.992105263157893e-07,7594,,,,,,,,,
49,,,,,,,,,,7594,0.037311237305402756,,,,,,,,
,,,,,,,,,9.998684210526315e-07,7599,,,,,,,,,
49,,,,,,,,,,7599,0.007038854528218508,,,,,,,,
49,,,,,,,,,,7599,,0.6625000238418579,0.7272727489471436,0.07399400323629379,0.07399400323629379,0.3856150209903717,0.6792452931404114,0.782608687877655,0.3583120107650757
,,,,,,,,,9.994736842105262e-07,7604,,,,,,,,,
50,,,,,,,,,,7604,0.1021956205368042,,,,,,,,
,,,,,,,,,9.988157894736842e-07,7609,,,,,,,,,
50,,,,,,,,,,7609,0.042546216398477554,,,,,,,,
,,,,,,,,,9.981578947368422e-07,7614,,,,,,,,,
50,,,,,,,,,,7614,0.03611896559596062,,,,,,,,
,,,,,,,,,9.975e-07,7619,,,,,,,,,
50,,,,,,,,,,7619,0.028081422671675682,,,,,,,,
,,,,,,,,,9.968421052631578e-07,7624,,,,,,,,,
50,,,,,,,,,,7624,0.0378790907561779,,,,,,,,
,,,,,,,,,9.961842105263158e-07,7629,,,,,,,,,
50,,,,,,,,,,7629,0.03839608281850815,,,,,,,,
,,,,,,,,,9.955263157894736e-07,7634,,,,,,,,,
50,,,,,,,,,,7634,0.04968052729964256,,,,,,,,
,,,,,,,,,9.948684210526316e-07,7639,,,,,,,,,
50,,,,,,,,,,7639,0.06279059499502182,,,,,,,,
,,,,,,,,,9.942105263157894e-07,7644,,,,,,,,,
50,,,,,,,,,,7644,0.03138197958469391,,,,,,,,
,,,,,,,,,9.935526315789474e-07,7649,,,,,,,,,
50,,,,,,,,,,7649,0.05055530369281769,,,,,,,,
,,,,,,,,,9.928947368421051e-07,7654,,,,,,,,,
50,,,,,,,,,,7654,0.050538595765829086,,,,,,,,
,,,,,,,,,9.922368421052631e-07,7659,,,,,,,,,
50,,,,,,,,,,7659,0.0389648862183094,,,,,,,,
,,,,,,,,,9.91578947368421e-07,7664,,,,,,,,,
50,,,,,,,,,,7664,0.04320767894387245,,,,,,,,
,,,,,,,,,9.90921052631579e-07,7669,,,,,,,,,
50,,,,,,,,,,7669,0.054754335433244705,,,,,,,,
,,,,,,,,,9.902631578947367e-07,7674,,,,,,,,,
50,,,,,,,,,,7674,0.030885612592101097,,,,,,,,
,,,,,,,,,9.896052631578947e-07,7679,,,,,,,,,
50,,,,,,,,,,7679,0.0506524033844471,,,,,,,,
,,,,,,,,,9.889473684210527e-07,7684,,,,,,,,,
50,,,,,,,,,,7684,0.030021825805306435,,,,,,,,
,,,,,,,,,9.882894736842105e-07,7689,,,,,,,,,
50,,,,,,,,,,7689,0.07632780820131302,,,,,,,,
,,,,,,,,,9.876315789473683e-07,7694,,,,,,,,,
50,,,,,,,,,,7694,0.04852631688117981,,,,,,,,
,,,,,,,,,9.869736842105263e-07,7699,,,,,,,,,
50,,,,,,,,,,7699,0.048783596605062485,,,,,,,,
,,,,,,,,,9.863157894736843e-07,7704,,,,,,,,,
50,,,,,,,,,,7704,0.035531435161828995,,,,,,,,
,,,,,,,,,9.85657894736842e-07,7709,,,,,,,,,
50,,,,,,,,,,7709,0.050924234092235565,,,,,,,,
,,,,,,,,,9.849999999999999e-07,7714,,,,,,,,,
50,,,,,,,,,,7714,0.056209057569503784,,,,,,,,
,,,,,,,,,9.843421052631579e-07,7719,,,,,,,,,
50,,,,,,,,,,7719,0.04134606197476387,,,,,,,,
,,,,,,,,,9.836842105263157e-07,7724,,,,,,,,,
50,,,,,,,,,,7724,0.036118198186159134,,,,,,,,
,,,,,,,,,9.830263157894737e-07,7729,,,,,,,,,
50,,,,,,,,,,7729,0.04460792988538742,,,,,,,,
,,,,,,,,,9.823684210526315e-07,7734,,,,,,,,,
50,,,,,,,,,,7734,0.08605267107486725,,,,,,,,
,,,,,,,,,9.817105263157895e-07,7739,,,,,,,,,
50,,,,,,,,,,7739,0.03595906123518944,,,,,,,,
,,,,,,,,,9.810526315789473e-07,7744,,,,,,,,,
50,,,,,,,,,,7744,0.043075788766145706,,,,,,,,
,,,,,,,,,9.803947368421053e-07,7749,,,,,,,,,
50,,,,,,,,,,7749,0.052180398255586624,,,,,,,,
50,,,,,,,,,,7751,,0.637499988079071,0.7128713130950928,0.07677960395812988,0.07677960395812988,0.38362419605255127,0.6545454263687134,0.782608687877655,0.3526778221130371
,,,,,,,,,9.79736842105263e-07,7754,,,,,,,,,
51,,,,,,,,,,7754,0.03593383729457855,,,,,,,,
,,,,,,,,,9.79078947368421e-07,7759,,,,,,,,,
51,,,,,,,,,,7759,0.03138324245810509,,,,,,,,
,,,,,,,,,9.784210526315788e-07,7764,,,,,,,,,
51,,,,,,,,,,7764,0.03916332498192787,,,,,,,,
,,,,,,,,,9.777631578947368e-07,7769,,,,,,,,,
51,,,,,,,,,,7769,0.027003662660717964,,,,,,,,
,,,,,,,,,9.771052631578946e-07,7774,,,,,,,,,
51,,,,,,,,,,7774,0.03780432045459747,,,,,,,,
,,,,,,,,,9.764473684210526e-07,7779,,,,,,,,,
51,,,,,,,,,,7779,0.040579088032245636,,,,,,,,
,,,,,,,,,9.757894736842104e-07,7784,,,,,,,,,
51,,,,,,,,,,7784,0.03335242345929146,,,,,,,,
,,,,,,,,,9.751315789473684e-07,7789,,,,,,,,,
51,,,,,,,,,,7789,0.07410372793674469,,,,,,,,
,,,,,,,,,9.744736842105262e-07,7794,,,,,,,,,
51,,,,,,,,,,7794,0.053914669901132584,,,,,,,,
,,,,,,,,,9.738157894736842e-07,7799,,,,,,,,,
51,,,,,,,,,,7799,0.03767317160964012,,,,,,,,
,,,,,,,,,9.73157894736842e-07,7804,,,,,,,,,
51,,,,,,,,,,7804,0.04986278712749481,,,,,,,,
,,,,,,,,,9.725e-07,7809,,,,,,,,,
51,,,,,,,,,,7809,0.05274408683180809,,,,,,,,
,,,,,,,,,9.718421052631578e-07,7814,,,,,,,,,
51,,,,,,,,,,7814,0.0541827529668808,,,,,,,,
,,,,,,,,,9.711842105263158e-07,7819,,,,,,,,,
51,,,,,,,,,,7819,0.02719021774828434,,,,,,,,
,,,,,,,,,9.705263157894736e-07,7824,,,,,,,,,
51,,,,,,,,,,7824,0.014174212701618671,,,,,,,,
,,,,,,,,,9.698684210526316e-07,7829,,,,,,,,,
51,,,,,,,,,,7829,0.10462335497140884,,,,,,,,
,,,,,,,,,9.692105263157894e-07,7834,,,,,,,,,
51,,,,,,,,,,7834,0.04960014671087265,,,,,,,,
,,,,,,,,,9.685526315789474e-07,7839,,,,,,,,,
51,,,,,,,,,,7839,0.05676114186644554,,,,,,,,
,,,,,,,,,9.678947368421052e-07,7844,,,,,,,,,
51,,,,,,,,,,7844,0.045292746275663376,,,,,,,,
,,,,,,,,,9.672368421052632e-07,7849,,,,,,,,,
51,,,,,,,,,,7849,0.07432425022125244,,,,,,,,
,,,,,,,,,9.66578947368421e-07,7854,,,,,,,,,
51,,,,,,,,,,7854,0.022146979346871376,,,,,,,,
,,,,,,,,,9.65921052631579e-07,7859,,,,,,,,,
51,,,,,,,,,,7859,0.06570693850517273,,,,,,,,
,,,,,,,,,9.652631578947368e-07,7864,,,,,,,,,
51,,,,,,,,,,7864,0.04481935128569603,,,,,,,,
,,,,,,,,,9.646052631578948e-07,7869,,,,,,,,,
51,,,,,,,,,,7869,0.03902428224682808,,,,,,,,
,,,,,,,,,9.639473684210525e-07,7874,,,,,,,,,
51,,,,,,,,,,7874,0.05247725546360016,,,,,,,,
,,,,,,,,,9.632894736842103e-07,7879,,,,,,,,,
51,,,,,,,,,,7879,0.09459740668535233,,,,,,,,
,,,,,,,,,9.626315789473683e-07,7884,,,,,,,,,
51,,,,,,,,,,7884,0.060474853962659836,,,,,,,,
,,,,,,,,,9.619736842105263e-07,7889,,,,,,,,,
51,,,,,,,,,,7889,0.03136489540338516,,,,,,,,
,,,,,,,,,9.613157894736841e-07,7894,,,,,,,,,
51,,,,,,,,,,7894,0.09180651605129242,,,,,,,,
,,,,,,,,,9.606578947368421e-07,7899,,,,,,,,,
51,,,,,,,,,,7899,0.035589881241321564,,,,,,,,
51,,,,,,,,,,7903,,0.637499988079071,0.6947368383407593,0.07485631853342056,0.07485631853342056,0.3647582232952118,0.6734693646430969,0.717391312122345,0.3576664328575134
,,,,,,,,,9.6e-07,7904,,,,,,,,,
52,,,,,,,,,,7904,0.03010009601712227,,,,,,,,
,,,,,,,,,9.59342105263158e-07,7909,,,,,,,,,
52,,,,,,,,,,7909,0.07459501922130585,,,,,,,,
,,,,,,,,,9.586842105263157e-07,7914,,,,,,,,,
52,,,,,,,,,,7914,0.04202987998723984,,,,,,,,
,,,,,,,,,9.580263157894737e-07,7919,,,,,,,,,
52,,,,,,,,,,7919,0.0403858907520771,,,,,,,,
,,,,,,,,,9.573684210526315e-07,7924,,,,,,,,,
52,,,,,,,,,,7924,0.059415578842163086,,,,,,,,
,,,,,,,,,9.567105263157895e-07,7929,,,,,,,,,
52,,,,,,,,,,7929,0.03970447927713394,,,,,,,,
,,,,,,,,,9.560526315789473e-07,7934,,,,,,,,,
52,,,,,,,,,,7934,0.036073751747608185,,,,,,,,
,,,,,,,,,9.553947368421053e-07,7939,,,,,,,,,
52,,,,,,,,,,7939,0.034767452627420425,,,,,,,,
,,,,,,,,,9.54736842105263e-07,7944,,,,,,,,,
52,,,,,,,,,,7944,0.03675622493028641,,,,,,,,
,,,,,,,,,9.54078947368421e-07,7949,,,,,,,,,
52,,,,,,,,,,7949,0.030462658032774925,,,,,,,,
,,,,,,,,,9.534210526315789e-07,7954,,,,,,,,,
52,,,,,,,,,,7954,0.030120139941573143,,,,,,,,
,,,,,,,,,9.527631578947369e-07,7959,,,,,,,,,
52,,,,,,,,,,7959,0.05022065341472626,,,,,,,,
,,,,,,,,,9.521052631578948e-07,7964,,,,,,,,,
52,,,,,,,,,,7964,0.05480927973985672,,,,,,,,
,,,,,,,,,9.514473684210526e-07,7969,,,,,,,,,
52,,,,,,,,,,7969,0.02640748769044876,,,,,,,,
,,,,,,,,,9.507894736842105e-07,7974,,,,,,,,,
52,,,,,,,,,,7974,0.04961206391453743,,,,,,,,
,,,,,,,,,9.501315789473683e-07,7979,,,,,,,,,
52,,,,,,,,,,7979,0.06471052020788193,,,,,,,,
,,,,,,,,,9.494736842105263e-07,7984,,,,,,,,,
52,,,,,,,,,,7984,0.056457579135894775,,,,,,,,
,,,,,,,,,9.488157894736841e-07,7989,,,,,,,,,
52,,,,,,,,,,7989,0.028034087270498276,,,,,,,,
,,,,,,,,,9.48157894736842e-07,7994,,,,,,,,,
52,,,,,,,,,,7994,0.03541868180036545,,,,,,,,
,,,,,,,,,9.474999999999999e-07,7999,,,,,,,,,
52,,,,,,,,,,7999,0.039654333144426346,,,,,,,,
,,,,,,,,,9.468421052631579e-07,8004,,,,,,,,,
52,,,,,,,,,,8004,0.027241559699177742,,,,,,,,
,,,,,,,,,9.461842105263157e-07,8009,,,,,,,,,
52,,,,,,,,,,8009,0.040368687361478806,,,,,,,,
,,,,,,,,,9.455263157894736e-07,8014,,,,,,,,,
52,,,,,,,,,,8014,0.08814781159162521,,,,,,,,
,,,,,,,,,9.448684210526315e-07,8019,,,,,,,,,
52,,,,,,,,,,8019,0.029751596972346306,,,,,,,,
,,,,,,,,,9.442105263157894e-07,8024,,,,,,,,,
52,,,,,,,,,,8024,0.034617096185684204,,,,,,,,
,,,,,,,,,9.435526315789474e-07,8029,,,,,,,,,
52,,,,,,,,,,8029,0.036980483680963516,,,,,,,,
,,,,,,,,,9.428947368421052e-07,8034,,,,,,,,,
52,,,,,,,,,,8034,0.03699039667844772,,,,,,,,
,,,,,,,,,9.422368421052631e-07,8039,,,,,,,,,
52,,,,,,,,,,8039,0.028786426410079002,,,,,,,,
,,,,,,,,,9.41578947368421e-07,8044,,,,,,,,,
52,,,,,,,,,,8044,0.026940548792481422,,,,,,,,
,,,,,,,,,9.40921052631579e-07,8049,,,,,,,,,
52,,,,,,,,,,8049,0.02624635398387909,,,,,,,,
,,,,,,,,,9.402631578947368e-07,8054,,,,,,,,,
52,,,,,,,,,,8054,0.02831207774579525,,,,,,,,
52,,,,,,,,,,8055,,0.6499999761581421,0.7083333134651184,0.07684218883514404,0.07684218883514404,0.36358484625816345,0.6800000071525574,0.739130437374115,0.36458006501197815
,,,,,,,,,9.396052631578947e-07,8059,,,,,,,,,
53,,,,,,,,,,8059,0.04292350262403488,,,,,,,,
,,,,,,,,,9.389473684210526e-07,8064,,,,,,,,,
53,,,,,,,,,,8064,0.05722285807132721,,,,,,,,
,,,,,,,,,9.382894736842106e-07,8069,,,,,,,,,
53,,,,,,,,,,8069,0.02426105923950672,,,,,,,,
,,,,,,,,,9.376315789473684e-07,8074,,,,,,,,,
53,,,,,,,,,,8074,0.059649527072906494,,,,,,,,
,,,,,,,,,9.369736842105263e-07,8079,,,,,,,,,
53,,,,,,,,,,8079,0.08879867941141129,,,,,,,,
,,,,,,,,,9.363157894736842e-07,8084,,,,,,,,,
53,,,,,,,,,,8084,0.037423327565193176,,,,,,,,
,,,,,,,,,9.35657894736842e-07,8089,,,,,,,,,
53,,,,,,,,,,8089,0.053993936628103256,,,,,,,,
,,,,,,,,,9.35e-07,8094,,,,,,,,,
53,,,,,,,,,,8094,0.07891377806663513,,,,,,,,
,,,,,,,,,9.343421052631578e-07,8099,,,,,,,,,
53,,,,,,,,,,8099,0.026592310518026352,,,,,,,,
,,,,,,,,,9.336842105263157e-07,8104,,,,,,,,,
53,,,,,,,,,,8104,0.04778073728084564,,,,,,,,
,,,,,,,,,9.330263157894736e-07,8109,,,,,,,,,
53,,,,,,,,,,8109,0.05591597035527229,,,,,,,,
,,,,,,,,,9.323684210526316e-07,8114,,,,,,,,,
53,,,,,,,,,,8114,0.030219577252864838,,,,,,,,
,,,,,,,,,9.317105263157894e-07,8119,,,,,,,,,
53,,,,,,,,,,8119,0.01838388666510582,,,,,,,,
,,,,,,,,,9.310526315789473e-07,8124,,,,,,,,,
53,,,,,,,,,,8124,0.04895169287919998,,,,,,,,
,,,,,,,,,9.303947368421052e-07,8129,,,,,,,,,
53,,,,,,,,,,8129,0.03209449723362923,,,,,,,,
,,,,,,,,,9.297368421052631e-07,8134,,,,,,,,,
53,,,,,,,,,,8134,0.038035374134778976,,,,,,,,
,,,,,,,,,9.29078947368421e-07,8139,,,,,,,,,
53,,,,,,,,,,8139,0.020250016823410988,,,,,,,,
,,,,,,,,,9.284210526315789e-07,8144,,,,,,,,,
53,,,,,,,,,,8144,0.02390322834253311,,,,,,,,
,,,,,,,,,9.277631578947368e-07,8149,,,,,,,,,
53,,,,,,,,,,8149,0.02935868501663208,,,,,,,,
,,,,,,,,,9.271052631578947e-07,8154,,,,,,,,,
53,,,,,,,,,,8154,0.015303220599889755,,,,,,,,
,,,,,,,,,9.264473684210527e-07,8159,,,,,,,,,
53,,,,,,,,,,8159,0.05664357915520668,,,,,,,,
,,,,,,,,,9.257894736842105e-07,8164,,,,,,,,,
53,,,,,,,,,,8164,0.025585833936929703,,,,,,,,
,,,,,,,,,9.251315789473684e-07,8169,,,,,,,,,
53,,,,,,,,,,8169,0.04817882180213928,,,,,,,,
,,,,,,,,,9.244736842105263e-07,8174,,,,,,,,,
53,,,,,,,,,,8174,0.07969582825899124,,,,,,,,
,,,,,,,,,9.238157894736842e-07,8179,,,,,,,,,
53,,,,,,,,,,8179,0.08090133965015411,,,,,,,,
,,,,,,,,,9.231578947368421e-07,8184,,,,,,,,,
53,,,,,,,,,,8184,0.024662435054779053,,,,,,,,
,,,,,,,,,9.225e-07,8189,,,,,,,,,
53,,,,,,,,,,8189,0.03273635730147362,,,,,,,,
,,,,,,,,,9.218421052631579e-07,8194,,,,,,,,,
53,,,,,,,,,,8194,0.042094048112630844,,,,,,,,
,,,,,,,,,9.211842105263157e-07,8199,,,,,,,,,
53,,,,,,,,,,8199,0.1285260170698166,,,,,,,,
,,,,,,,,,9.205263157894736e-07,8204,,,,,,,,,
53,,,,,,,,,,8204,0.07254524528980255,,,,,,,,
53,,,,,,,,,,8207,,0.637499988079071,0.6881720423698425,0.07514457404613495,0.07514457404613495,0.35373085737228394,0.6808510422706604,0.695652186870575,0.36615297198295593
,,,,,,,,,9.198684210526315e-07,8209,,,,,,,,,
54,,,,,,,,,,8209,0.042907096445560455,,,,,,,,
,,,,,,,,,9.192105263157894e-07,8214,,,,,,,,,
54,,,,,,,,,,8214,0.04813779518008232,,,,,,,,
,,,,,,,,,9.185526315789473e-07,8219,,,,,,,,,
54,,,,,,,,,,8219,0.061885133385658264,,,,,,,,
,,,,,,,,,9.178947368421051e-07,8224,,,,,,,,,
54,,,,,,,,,,8224,0.05904468521475792,,,,,,,,
,,,,,,,,,9.172368421052631e-07,8229,,,,,,,,,
54,,,,,,,,,,8229,0.03747710585594177,,,,,,,,
,,,,,,,,,9.16578947368421e-07,8234,,,,,,,,,
54,,,,,,,,,,8234,0.07516517490148544,,,,,,,,
,,,,,,,,,9.159210526315789e-07,8239,,,,,,,,,
54,,,,,,,,,,8239,0.016350891441106796,,,,,,,,
,,,,,,,,,9.152631578947368e-07,8244,,,,,,,,,
54,,,,,,,,,,8244,0.07439636439085007,,,,,,,,
,,,,,,,,,9.146052631578947e-07,8249,,,,,,,,,
54,,,,,,,,,,8249,0.08574922382831573,,,,,,,,
,,,,,,,,,9.139473684210526e-07,8254,,,,,,,,,
54,,,,,,,,,,8254,0.023858366534113884,,,,,,,,
,,,,,,,,,9.132894736842105e-07,8259,,,,,,,,,
54,,,,,,,,,,8259,0.04421359300613403,,,,,,,,
,,,,,,,,,9.126315789473684e-07,8264,,,,,,,,,
54,,,,,,,,,,8264,0.02059745602309704,,,,,,,,
,,,,,,,,,9.119736842105262e-07,8269,,,,,,,,,
54,,,,,,,,,,8269,0.03193136304616928,,,,,,,,
,,,,,,,,,9.113157894736842e-07,8274,,,,,,,,,
54,,,,,,,,,,8274,0.08257968723773956,,,,,,,,
,,,,,,,,,9.106578947368421e-07,8279,,,,,,,,,
54,,,,,,,,,,8279,0.030669352039694786,,,,,,,,
,,,,,,,,,9.1e-07,8284,,,,,,,,,
54,,,,,,,,,,8284,0.04366479441523552,,,,,,,,
,,,,,,,,,9.093421052631578e-07,8289,,,,,,,,,
54,,,,,,,,,,8289,0.03385308012366295,,,,,,,,
,,,,,,,,,9.086842105263158e-07,8294,,,,,,,,,
54,,,,,,,,,,8294,0.05838117003440857,,,,,,,,
,,,,,,,,,9.080263157894737e-07,8299,,,,,,,,,
54,,,,,,,,,,8299,0.034812651574611664,,,,,,,,
,,,,,,,,,9.073684210526316e-07,8304,,,,,,,,,
54,,,,,,,,,,8304,0.0408666655421257,,,,,,,,
,,,,,,,,,9.067105263157894e-07,8309,,,,,,,,,
54,,,,,,,,,,8309,0.05856986343860626,,,,,,,,
,,,,,,,,,9.060526315789473e-07,8314,,,,,,,,,
54,,,,,,,,,,8314,0.034242287278175354,,,,,,,,
,,,,,,,,,9.053947368421052e-07,8319,,,,,,,,,
54,,,,,,,,,,8319,0.03106735460460186,,,,,,,,
,,,,,,,,,9.047368421052631e-07,8324,,,,,,,,,
54,,,,,,,,,,8324,0.03329627215862274,,,,,,,,
,,,,,,,,,9.04078947368421e-07,8329,,,,,,,,,
54,,,,,,,,,,8329,0.04993347078561783,,,,,,,,
,,,,,,,,,9.034210526315788e-07,8334,,,,,,,,,
54,,,,,,,,,,8334,0.020592471584677696,,,,,,,,
,,,,,,,,,9.027631578947368e-07,8339,,,,,,,,,
54,,,,,,,,,,8339,0.07083605229854584,,,,,,,,
,,,,,,,,,9.021052631578947e-07,8344,,,,,,,,,
54,,,,,,,,,,8344,0.027372200042009354,,,,,,,,
,,,,,,,,,9.014473684210526e-07,8349,,,,,,,,,
54,,,,,,,,,,8349,0.0348055362701416,,,,,,,,
,,,,,,,,,9.007894736842104e-07,8354,,,,,,,,,
54,,,,,,,,,,8354,0.021562717854976654,,,,,,,,
,,,,,,,,,9.001315789473684e-07,8359,,,,,,,,,
54,,,,,,,,,,8359,0.03447375074028969,,,,,,,,
54,,,,,,,,,,8359,,0.637499988079071,0.7010309100151062,0.07626518607139587,0.07626518607139587,0.3781284689903259,0.6666666865348816,0.739130437374115,0.3977162539958954
,,,,,,,,,8.994736842105263e-07,8364,,,,,,,,,
55,,,,,,,,,,8364,0.037805505096912384,,,,,,,,
,,,,,,,,,8.988157894736842e-07,8369,,,,,,,,,
55,,,,,,,,,,8369,0.05488434061408043,,,,,,,,
,,,,,,,,,8.981578947368421e-07,8374,,,,,,,,,
55,,,,,,,,,,8374,0.013142055831849575,,,,,,,,
,,,,,,,,,8.974999999999999e-07,8379,,,,,,,,,
55,,,,,,,,,,8379,0.011905510909855366,,,,,,,,
,,,,,,,,,8.968421052631579e-07,8384,,,,,,,,,
55,,,,,,,,,,8384,0.037877123802900314,,,,,,,,
,,,,,,,,,8.961842105263158e-07,8389,,,,,,,,,
55,,,,,,,,,,8389,0.042990460991859436,,,,,,,,
,,,,,,,,,8.955263157894737e-07,8394,,,,,,,,,
55,,,,,,,,,,8394,0.031099602580070496,,,,,,,,
,,,,,,,,,8.948684210526315e-07,8399,,,,,,,,,
55,,,,,,,,,,8399,0.028430743142962456,,,,,,,,
,,,,,,,,,8.942105263157895e-07,8404,,,,,,,,,
55,,,,,,,,,,8404,0.023240815848112106,,,,,,,,
,,,,,,,,,8.935526315789474e-07,8409,,,,,,,,,
55,,,,,,,,,,8409,0.06299176812171936,,,,,,,,
,,,,,,,,,8.928947368421053e-07,8414,,,,,,,,,
55,,,,,,,,,,8414,0.043302107602357864,,,,,,,,
,,,,,,,,,8.92236842105263e-07,8419,,,,,,,,,
55,,,,,,,,,,8419,0.037178125232458115,,,,,,,,
,,,,,,,,,8.915789473684209e-07,8424,,,,,,,,,
55,,,,,,,,,,8424,0.02434840053319931,,,,,,,,
,,,,,,,,,8.909210526315789e-07,8429,,,,,,,,,
55,,,,,,,,,,8429,0.013884698040783405,,,,,,,,
,,,,,,,,,8.902631578947368e-07,8434,,,,,,,,,
55,,,,,,,,,,8434,0.055965323001146317,,,,,,,,
,,,,,,,,,8.896052631578947e-07,8439,,,,,,,,,
55,,,,,,,,,,8439,0.0225402619689703,,,,,,,,
,,,,,,,,,8.889473684210525e-07,8444,,,,,,,,,
55,,,,,,,,,,8444,0.05056450143456459,,,,,,,,
,,,,,,,,,8.882894736842105e-07,8449,,,,,,,,,
55,,,,,,,,,,8449,0.01746971346437931,,,,,,,,
,,,,,,,,,8.876315789473684e-07,8454,,,,,,,,,
55,,,,,,,,,,8454,0.06670989096164703,,,,,,,,
,,,,,,,,,8.869736842105263e-07,8459,,,,,,,,,
55,,,,,,,,,,8459,0.03941316530108452,,,,,,,,
,,,,,,,,,8.863157894736841e-07,8464,,,,,,,,,
55,,,,,,,,,,8464,0.040038369596004486,,,,,,,,
,,,,,,,,,8.85657894736842e-07,8469,,,,,,,,,
55,,,,,,,,,,8469,0.022748250514268875,,,,,,,,
,,,,,,,,,8.85e-07,8474,,,,,,,,,
55,,,,,,,,,,8474,0.026473935693502426,,,,,,,,
,,,,,,,,,8.843421052631579e-07,8479,,,,,,,,,
55,,,,,,,,,,8479,0.05842994526028633,,,,,,,,
,,,,,,,,,8.836842105263157e-07,8484,,,,,,,,,
55,,,,,,,,,,8484,0.044806282967329025,,,,,,,,
,,,,,,,,,8.830263157894736e-07,8489,,,,,,,,,
55,,,,,,,,,,8489,0.030248435214161873,,,,,,,,
,,,,,,,,,8.823684210526316e-07,8494,,,,,,,,,
55,,,,,,,,,,8494,0.09481589496135712,,,,,,,,
,,,,,,,,,8.817105263157895e-07,8499,,,,,,,,,
55,,,,,,,,,,8499,0.03412248194217682,,,,,,,,
,,,,,,,,,8.810526315789474e-07,8504,,,,,,,,,
55,,,,,,,,,,8504,0.026716534048318863,,,,,,,,
,,,,,,,,,8.803947368421052e-07,8509,,,,,,,,,
55,,,,,,,,,,8509,0.022400861606001854,,,,,,,,
55,,,,,,,,,,8511,,0.6625000238418579,0.7216494679450989,0.07705800235271454,0.07705800235271454,0.3837950825691223,0.686274528503418,0.760869562625885,0.405521959066391
,,,,,,,,,8.797368421052632e-07,8514,,,,,,,,,
56,,,,,,,,,,8514,0.012624570168554783,,,,,,,,
,,,,,,,,,8.790789473684211e-07,8519,,,,,,,,,
56,,,,,,,,,,8519,0.027179643511772156,,,,,,,,
,,,,,,,,,8.78421052631579e-07,8524,,,,,,,,,
56,,,,,,,,,,8524,0.07991226762533188,,,,,,,,
,,,,,,,,,8.777631578947367e-07,8529,,,,,,,,,
56,,,,,,,,,,8529,0.027071837335824966,,,,,,,,
,,,,,,,,,8.771052631578946e-07,8534,,,,,,,,,
56,,,,,,,,,,8534,0.01988694816827774,,,,,,,,
,,,,,,,,,8.764473684210526e-07,8539,,,,,,,,,
56,,,,,,,,,,8539,0.016727861016988754,,,,,,,,
,,,,,,,,,8.757894736842105e-07,8544,,,,,,,,,
56,,,,,,,,,,8544,0.030864618718624115,,,,,,,,
,,,,,,,,,8.751315789473683e-07,8549,,,,,,,,,
56,,,,,,,,,,8549,0.034942567348480225,,,,,,,,
,,,,,,,,,8.744736842105262e-07,8554,,,,,,,,,
56,,,,,,,,,,8554,0.04606719687581062,,,,,,,,
,,,,,,,,,8.738157894736842e-07,8559,,,,,,,,,
56,,,,,,,,,,8559,0.025441870093345642,,,,,,,,
,,,,,,,,,8.731578947368421e-07,8564,,,,,,,,,
56,,,,,,,,,,8564,0.05155022442340851,,,,,,,,
,,,,,,,,,8.725e-07,8569,,,,,,,,,
56,,,,,,,,,,8569,0.03377914801239967,,,,,,,,
,,,,,,,,,8.718421052631578e-07,8574,,,,,,,,,
56,,,,,,,,,,8574,0.01705750823020935,,,,,,,,
,,,,,,,,,8.711842105263157e-07,8579,,,,,,,,,
56,,,,,,,,,,8579,0.017198216170072556,,,,,,,,
,,,,,,,,,8.705263157894737e-07,8584,,,,,,,,,
56,,,,,,,,,,8584,0.050426263362169266,,,,,,,,
,,,,,,,,,8.698684210526316e-07,8589,,,,,,,,,
56,,,,,,,,,,8589,0.03257642313838005,,,,,,,,
,,,,,,,,,8.692105263157894e-07,8594,,,,,,,,,
56,,,,,,,,,,8594,0.026802554726600647,,,,,,,,
,,,,,,,,,8.685526315789473e-07,8599,,,,,,,,,
56,,,,,,,,,,8599,0.03764209523797035,,,,,,,,
,,,,,,,,,8.678947368421053e-07,8604,,,,,,,,,
56,,,,,,,,,,8604,0.06784511357545853,,,,,,,,
,,,,,,,,,8.672368421052632e-07,8609,,,,,,,,,
56,,,,,,,,,,8609,0.03474902734160423,,,,,,,,
,,,,,,,,,8.66578947368421e-07,8614,,,,,,,,,
56,,,,,,,,,,8614,0.03051440417766571,,,,,,,,
,,,,,,,,,8.659210526315789e-07,8619,,,,,,,,,
56,,,,,,,,,,8619,0.05687323585152626,,,,,,,,
,,,,,,,,,8.652631578947368e-07,8624,,,,,,,,,
56,,,,,,,,,,8624,0.04661239683628082,,,,,,,,
,,,,,,,,,8.646052631578948e-07,8629,,,,,,,,,
56,,,,,,,,,,8629,0.026936111971735954,,,,,,,,
,,,,,,,,,8.639473684210527e-07,8634,,,,,,,,,
56,,,,,,,,,,8634,0.02343250811100006,,,,,,,,
,,,,,,,,,8.632894736842104e-07,8639,,,,,,,,,
56,,,,,,,,,,8639,0.02275858260691166,,,,,,,,
,,,,,,,,,8.626315789473683e-07,8644,,,,,,,,,
56,,,,,,,,,,8644,0.03648601099848747,,,,,,,,
,,,,,,,,,8.619736842105263e-07,8649,,,,,,,,,
56,,,,,,,,,,8649,0.08140889555215836,,,,,,,,
,,,,,,,,,8.613157894736842e-07,8654,,,,,,,,,
56,,,,,,,,,,8654,0.01654074527323246,,,,,,,,
,,,,,,,,,8.60657894736842e-07,8659,,,,,,,,,
56,,,,,,,,,,8659,0.019711416214704514,,,,,,,,
56,,,,,,,,,,8663,,0.637499988079071,0.6947368383407593,0.07482455670833588,0.07482455670833588,0.39407122135162354,0.6734693646430969,0.717391312122345,0.4212038516998291
,,,,,,,,,8.599999999999999e-07,8664,,,,,,,,,
57,,,,,,,,,,8664,0.005777303595095873,,,,,,,,
,,,,,,,,,8.593421052631579e-07,8669,,,,,,,,,
57,,,,,,,,,,8669,0.04771333560347557,,,,,,,,
,,,,,,,,,8.586842105263158e-07,8674,,,,,,,,,
57,,,,,,,,,,8674,0.03334201127290726,,,,,,,,
,,,,,,,,,8.580263157894736e-07,8679,,,,,,,,,
57,,,,,,,,,,8679,0.02678655833005905,,,,,,,,
,,,,,,,,,8.573684210526315e-07,8684,,,,,,,,,
57,,,,,,,,,,8684,0.04920268431305885,,,,,,,,
,,,,,,,,,8.567105263157894e-07,8689,,,,,,,,,
57,,,,,,,,,,8689,0.046657744795084,,,,,,,,
,,,,,,,,,8.560526315789474e-07,8694,,,,,,,,,
57,,,,,,,,,,8694,0.02332930825650692,,,,,,,,
,,,,,,,,,8.553947368421052e-07,8699,,,,,,,,,
57,,,,,,,,,,8699,0.022189460694789886,,,,,,,,
,,,,,,,,,8.547368421052631e-07,8704,,,,,,,,,
57,,,,,,,,,,8704,0.09953244775533676,,,,,,,,
,,,,,,,,,8.54078947368421e-07,8709,,,,,,,,,
57,,,,,,,,,,8709,0.11105455458164215,,,,,,,,
,,,,,,,,,8.53421052631579e-07,8714,,,,,,,,,
57,,,,,,,,,,8714,0.07575835287570953,,,,,,,,
,,,,,,,,,8.527631578947369e-07,8719,,,,,,,,,
57,,,,,,,,,,8719,0.026715796440839767,,,,,,,,
,,,,,,,,,8.521052631578947e-07,8724,,,,,,,,,
57,,,,,,,,,,8724,0.018700070679187775,,,,,,,,
,,,,,,,,,8.514473684210526e-07,8729,,,,,,,,,
57,,,,,,,,,,8729,0.044401779770851135,,,,,,,,
,,,,,,,,,8.507894736842105e-07,8734,,,,,,,,,
57,,,,,,,,,,8734,0.037839051336050034,,,,,,,,
,,,,,,,,,8.501315789473685e-07,8739,,,,,,,,,
57,,,,,,,,,,8739,0.03277556225657463,,,,,,,,
,,,,,,,,,8.494736842105262e-07,8744,,,,,,,,,
57,,,,,,,,,,8744,0.10055819898843765,,,,,,,,
,,,,,,,,,8.488157894736841e-07,8749,,,,,,,,,
57,,,,,,,,,,8749,0.053511813282966614,,,,,,,,
,,,,,,,,,8.48157894736842e-07,8754,,,,,,,,,
57,,,,,,,,,,8754,0.054784659296274185,,,,,,,,
,,,,,,,,,8.475e-07,8759,,,,,,,,,
57,,,,,,,,,,8759,0.02520088665187359,,,,,,,,
,,,,,,,,,8.468421052631578e-07,8764,,,,,,,,,
57,,,,,,,,,,8764,0.060247037559747696,,,,,,,,
,,,,,,,,,8.461842105263157e-07,8769,,,,,,,,,
57,,,,,,,,,,8769,0.0180670116096735,,,,,,,,
,,,,,,,,,8.455263157894736e-07,8774,,,,,,,,,
57,,,,,,,,,,8774,0.02235252410173416,,,,,,,,
,,,,,,,,,8.448684210526315e-07,8779,,,,,,,,,
57,,,,,,,,,,8779,0.012064551934599876,,,,,,,,
,,,,,,,,,8.442105263157895e-07,8784,,,,,,,,,
57,,,,,,,,,,8784,0.030137088149785995,,,,,,,,
,,,,,,,,,8.435526315789473e-07,8789,,,,,,,,,
57,,,,,,,,,,8789,0.04088370129466057,,,,,,,,
,,,,,,,,,8.428947368421052e-07,8794,,,,,,,,,
57,,,,,,,,,,8794,0.015172584913671017,,,,,,,,
,,,,,,,,,8.422368421052631e-07,8799,,,,,,,,,
57,,,,,,,,,,8799,0.08510176092386246,,,,,,,,
,,,,,,,,,8.415789473684211e-07,8804,,,,,,,,,
57,,,,,,,,,,8804,0.017884068191051483,,,,,,,,
,,,,,,,,,8.409210526315789e-07,8809,,,,,,,,,
57,,,,,,,,,,8809,0.025301426649093628,,,,,,,,
,,,,,,,,,8.402631578947368e-07,8814,,,,,,,,,
57,,,,,,,,,,8814,0.05221737176179886,,,,,,,,
57,,,,,,,,,,8815,,0.6499999761581421,0.695652186870575,0.07392233610153198,0.07392233610153198,0.3770734369754791,0.695652186870575,0.695652186870575,0.41379719972610474
,,,,,,,,,8.396052631578947e-07,8819,,,,,,,,,
58,,,,,,,,,,8819,0.050750210881233215,,,,,,,,
,,,,,,,,,8.389473684210526e-07,8824,,,,,,,,,
58,,,,,,,,,,8824,0.05387277901172638,,,,,,,,
,,,,,,,,,8.382894736842105e-07,8829,,,,,,,,,
58,,,,,,,,,,8829,0.028247348964214325,,,,,,,,
,,,,,,,,,8.376315789473684e-07,8834,,,,,,,,,
58,,,,,,,,,,8834,0.019943194463849068,,,,,,,,
,,,,,,,,,8.369736842105263e-07,8839,,,,,,,,,
58,,,,,,,,,,8839,0.019535021856427193,,,,,,,,
,,,,,,,,,8.363157894736842e-07,8844,,,,,,,,,
58,,,,,,,,,,8844,0.013465872034430504,,,,,,,,
,,,,,,,,,8.356578947368422e-07,8849,,,,,,,,,
58,,,,,,,,,,8849,0.01646207459270954,,,,,,,,
,,,,,,,,,8.349999999999999e-07,8854,,,,,,,,,
58,,,,,,,,,,8854,0.030814221128821373,,,,,,,,
,,,,,,,,,8.343421052631578e-07,8859,,,,,,,,,
58,,,,,,,,,,8859,0.027822814881801605,,,,,,,,
,,,,,,,,,8.336842105263157e-07,8864,,,,,,,,,
58,,,,,,,,,,8864,0.017346160486340523,,,,,,,,
,,,,,,,,,8.330263157894737e-07,8869,,,,,,,,,
58,,,,,,,,,,8869,0.03768900781869888,,,,,,,,
,,,,,,,,,8.323684210526315e-07,8874,,,,,,,,,
58,,,,,,,,,,8874,0.020806362852454185,,,,,,,,
,,,,,,,,,8.317105263157894e-07,8879,,,,,,,,,
58,,,,,,,,,,8879,0.01819523796439171,,,,,,,,
,,,,,,,,,8.310526315789473e-07,8884,,,,,,,,,
58,,,,,,,,,,8884,0.059565603733062744,,,,,,,,
,,,,,,,,,8.303947368421052e-07,8889,,,,,,,,,
58,,,,,,,,,,8889,0.04967621713876724,,,,,,,,
,,,,,,,,,8.297368421052631e-07,8894,,,,,,,,,
58,,,,,,,,,,8894,0.012119255028665066,,,,,,,,
,,,,,,,,,8.29078947368421e-07,8899,,,,,,,,,
58,,,,,,,,,,8899,0.03560309112071991,,,,,,,,
,,,,,,,,,8.284210526315789e-07,8904,,,,,,,,,
58,,,,,,,,,,8904,0.05305933207273483,,,,,,,,
,,,,,,,,,8.277631578947368e-07,8909,,,,,,,,,
58,,,,,,,,,,8909,0.01737840101122856,,,,,,,,
,,,,,,,,,8.271052631578948e-07,8914,,,,,,,,,
58,,,,,,,,,,8914,0.07233935594558716,,,,,,,,
,,,,,,,,,8.264473684210526e-07,8919,,,,,,,,,
58,,,,,,,,,,8919,0.04664932191371918,,,,,,,,
,,,,,,,,,8.257894736842105e-07,8924,,,,,,,,,
58,,,,,,,,,,8924,0.024334492161870003,,,,,,,,
,,,,,,,,,8.251315789473684e-07,8929,,,,,,,,,
58,,,,,,,,,,8929,0.027538128197193146,,,,,,,,
,,,,,,,,,8.244736842105263e-07,8934,,,,,,,,,
58,,,,,,,,,,8934,0.03939933329820633,,,,,,,,
,,,,,,,,,8.238157894736842e-07,8939,,,,,,,,,
58,,,,,,,,,,8939,0.03734806925058365,,,,,,,,
,,,,,,,,,8.231578947368421e-07,8944,,,,,,,,,
58,,,,,,,,,,8944,0.03035048022866249,,,,,,,,
,,,,,,,,,8.225e-07,8949,,,,,,,,,
58,,,,,,,,,,8949,0.06509507447481155,,,,,,,,
,,,,,,,,,8.218421052631579e-07,8954,,,,,,,,,
58,,,,,,,,,,8954,0.08016085624694824,,,,,,,,
,,,,,,,,,8.211842105263158e-07,8959,,,,,,,,,
58,,,,,,,,,,8959,0.027429921552538872,,,,,,,,
,,,,,,,,,8.205263157894736e-07,8964,,,,,,,,,
58,,,,,,,,,,8964,0.0600496307015419,,,,,,,,
58,,,,,,,,,,8967,,0.6625000238418579,0.7216494679450989,0.0748976543545723,0.0748976543545723,0.4021768271923065,0.686274528503418,0.760869562625885,0.4346672594547272
,,,,,,,,,8.198684210526315e-07,8969,,,,,,,,,
59,,,,,,,,,,8969,0.09494263678789139,,,,,,,,
,,,,,,,,,8.192105263157894e-07,8974,,,,,,,,,
59,,,,,,,,,,8974,0.025843219831585884,,,,,,,,
,,,,,,,,,8.185526315789473e-07,8979,,,,,,,,,
59,,,,,,,,,,8979,0.029723048210144043,,,,,,,,
,,,,,,,,,8.178947368421052e-07,8984,,,,,,,,,
59,,,,,,,,,,8984,0.041687313467264175,,,,,,,,
,,,,,,,,,8.172368421052631e-07,8989,,,,,,,,,
59,,,,,,,,,,8989,0.021375339478254318,,,,,,,,
,,,,,,,,,8.16578947368421e-07,8994,,,,,,,,,
59,,,,,,,,,,8994,0.049919240176677704,,,,,,,,
,,,,,,,,,8.159210526315789e-07,8999,,,,,,,,,
59,,,,,,,,,,8999,0.038051117211580276,,,,,,,,
,,,,,,,,,8.152631578947368e-07,9004,,,,,,,,,
59,,,,,,,,,,9004,0.03569866344332695,,,,,,,,
,,,,,,,,,8.146052631578947e-07,9009,,,,,,,,,
59,,,,,,,,,,9009,0.043075621128082275,,,,,,,,
,,,,,,,,,8.139473684210526e-07,9014,,,,,,,,,
59,,,,,,,,,,9014,0.022729365155100822,,,,,,,,
,,,,,,,,,8.132894736842105e-07,9019,,,,,,,,,
59,,,,,,,,,,9019,0.0401335172355175,,,,,,,,
,,,,,,,,,8.126315789473683e-07,9024,,,,,,,,,
59,,,,,,,,,,9024,0.06613796204328537,,,,,,,,
,,,,,,,,,8.119736842105263e-07,9029,,,,,,,,,
59,,,,,,,,,,9029,0.037080295383930206,,,,,,,,
,,,,,,,,,8.113157894736842e-07,9034,,,,,,,,,
59,,,,,,,,,,9034,0.024708881974220276,,,,,,,,
,,,,,,,,,8.106578947368421e-07,9039,,,,,,,,,
59,,,,,,,,,,9039,0.029344189912080765,,,,,,,,
,,,,,,,,,8.1e-07,9044,,,,,,,,,
59,,,,,,,,,,9044,0.011886600404977798,,,,,,,,
,,,,,,,,,8.093421052631579e-07,9049,,,,,,,,,
59,,,,,,,,,,9049,0.02713708207011223,,,,,,,,
,,,,,,,,,8.086842105263158e-07,9054,,,,,,,,,
59,,,,,,,,,,9054,0.048755403608083725,,,,,,,,
,,,,,,,,,8.080263157894737e-07,9059,,,,,,,,,
59,,,,,,,,,,9059,0.019996510818600655,,,,,,,,
,,,,,,,,,8.073684210526316e-07,9064,,,,,,,,,
59,,,,,,,,,,9064,0.0352601632475853,,,,,,,,
,,,,,,,,,8.067105263157893e-07,9069,,,,,,,,,
59,,,,,,,,,,9069,0.056334298104047775,,,,,,,,
,,,,,,,,,8.060526315789473e-07,9074,,,,,,,,,
59,,,,,,,,,,9074,0.028344711288809776,,,,,,,,
,,,,,,,,,8.053947368421052e-07,9079,,,,,,,,,
59,,,,,,,,,,9079,0.02816365472972393,,,,,,,,
,,,,,,,,,8.047368421052631e-07,9084,,,,,,,,,
59,,,,,,,,,,9084,0.04044866934418678,,,,,,,,
,,,,,,,,,8.040789473684209e-07,9089,,,,,,,,,
59,,,,,,,,,,9089,0.02362239919602871,,,,,,,,
,,,,,,,,,8.034210526315789e-07,9094,,,,,,,,,
59,,,,,,,,,,9094,0.024494320154190063,,,,,,,,
,,,,,,,,,8.027631578947368e-07,9099,,,,,,,,,
59,,,,,,,,,,9099,0.02106577530503273,,,,,,,,
,,,,,,,,,8.021052631578947e-07,9104,,,,,,,,,
59,,,,,,,,,,9104,0.014753601513803005,,,,,,,,
,,,,,,,,,8.014473684210526e-07,9109,,,,,,,,,
59,,,,,,,,,,9109,0.01987706869840622,,,,,,,,
,,,,,,,,,8.007894736842105e-07,9114,,,,,,,,,
59,,,,,,,,,,9114,0.04366515204310417,,,,,,,,
,,,,,,,,,8.001315789473684e-07,9119,,,,,,,,,
59,,,,,,,,,,9119,0.03421356901526451,,,,,,,,
59,,,,,,,,,,9119,,0.6499999761581421,0.7083333134651184,0.07361570000648499,0.07361570000648499,0.4164223074913025,0.6800000071525574,0.739130437374115,0.4500908851623535
,,,,,,,,,7.994736842105263e-07,9124,,,,,,,,,
60,,,,,,,,,,9124,0.042344093322753906,,,,,,,,
,,,,,,,,,7.988157894736842e-07,9129,,,,,,,,,
60,,,,,,,,,,9129,0.027129080146551132,,,,,,,,
,,,,,,,,,7.98157894736842e-07,9134,,,,,,,,,
60,,,,,,,,,,9134,0.029307575896382332,,,,,,,,
,,,,,,,,,7.975e-07,9139,,,,,,,,,
60,,,,,,,,,,9139,0.025242194533348083,,,,,,,,
,,,,,,,,,7.968421052631579e-07,9144,,,,,,,,,
60,,,,,,,,,,9144,0.022131476551294327,,,,,,,,
,,,,,,,,,7.961842105263158e-07,9149,,,,,,,,,
60,,,,,,,,,,9149,0.06385011970996857,,,,,,,,
,,,,,,,,,7.955263157894736e-07,9154,,,,,,,,,
60,,,,,,,,,,9154,0.01684299297630787,,,,,,,,
,,,,,,,,,7.948684210526316e-07,9159,,,,,,,,,
60,,,,,,,,,,9159,0.05544520914554596,,,,,,,,
,,,,,,,,,7.942105263157895e-07,9164,,,,,,,,,
60,,,,,,,,,,9164,0.024451948702335358,,,,,,,,
,,,,,,,,,7.935526315789474e-07,9169,,,,,,,,,
60,,,,,,,,,,9169,0.01807648129761219,,,,,,,,
,,,,,,,,,7.928947368421052e-07,9174,,,,,,,,,
60,,,,,,,,,,9174,0.07208913564682007,,,,,,,,
,,,,,,,,,7.92236842105263e-07,9179,,,,,,,,,
60,,,,,,,,,,9179,0.0496874563395977,,,,,,,,
,,,,,,,,,7.91578947368421e-07,9184,,,,,,,,,
60,,,,,,,,,,9184,0.02934761345386505,,,,,,,,
,,,,,,,,,7.909210526315789e-07,9189,,,,,,,,,
60,,,,,,,,,,9189,0.03513363003730774,,,,,,,,
,,,,,,,,,7.902631578947368e-07,9194,,,,,,,,,
60,,,,,,,,,,9194,0.03032257966697216,,,,,,,,
,,,,,,,,,7.896052631578946e-07,9199,,,,,,,,,
60,,,,,,,,,,9199,0.02792370691895485,,,,,,,,
,,,,,,,,,7.889473684210526e-07,9204,,,,,,,,,
60,,,,,,,,,,9204,0.02255781926214695,,,,,,,,
,,,,,,,,,7.882894736842105e-07,9209,,,,,,,,,
60,,,,,,,,,,9209,0.015965189784765244,,,,,,,,
,,,,,,,,,7.876315789473684e-07,9214,,,,,,,,,
60,,,,,,,,,,9214,0.005258153658360243,,,,,,,,
,,,,,,,,,7.869736842105262e-07,9219,,,,,,,,,
60,,,,,,,,,,9219,0.036606237292289734,,,,,,,,
,,,,,,,,,7.863157894736841e-07,9224,,,,,,,,,
60,,,,,,,,,,9224,0.0309338066726923,,,,,,,,
,,,,,,,,,7.856578947368421e-07,9229,,,,,,,,,
60,,,,,,,,,,9229,0.011113633401691914,,,,,,,,
,,,,,,,,,7.85e-07,9234,,,,,,,,,
60,,,,,,,,,,9234,0.025693301111459732,,,,,,,,
,,,,,,,,,7.843421052631578e-07,9239,,,,,,,,,
60,,,,,,,,,,9239,0.04283557087182999,,,,,,,,
,,,,,,,,,7.836842105263157e-07,9244,,,,,,,,,
60,,,,,,,,,,9244,0.024017035961151123,,,,,,,,
,,,,,,,,,7.830263157894737e-07,9249,,,,,,,,,
60,,,,,,,,,,9249,0.02794008143246174,,,,,,,,
,,,,,,,,,7.823684210526316e-07,9254,,,,,,,,,
60,,,,,,,,,,9254,0.04345691204071045,,,,,,,,
,,,,,,,,,7.817105263157895e-07,9259,,,,,,,,,
60,,,,,,,,,,9259,0.0415893979370594,,,,,,,,
,,,,,,,,,7.810526315789473e-07,9264,,,,,,,,,
60,,,,,,,,,,9264,0.019611911848187447,,,,,,,,
,,,,,,,,,7.803947368421053e-07,9269,,,,,,,,,
60,,,,,,,,,,9269,0.022488951683044434,,,,,,,,
60,,,,,,,,,,9271,,0.675000011920929,0.7234042286872864,0.07262100279331207,0.07262100279331207,0.41043081879615784,0.7083333134651184,0.739130437374115,0.4508538544178009
,,,,,,,,,7.797368421052632e-07,9274,,,,,,,,,
61,,,,,,,,,,9274,0.03019145503640175,,,,,,,,
,,,,,,,,,7.790789473684211e-07,9279,,,,,,,,,
61,,,,,,,,,,9279,0.02787723019719124,,,,,,,,
,,,,,,,,,7.784210526315789e-07,9284,,,,,,,,,
61,,,,,,,,,,9284,0.021015390753746033,,,,,,,,
,,,,,,,,,7.777631578947367e-07,9289,,,,,,,,,
61,,,,,,,,,,9289,0.04869532957673073,,,,,,,,
,,,,,,,,,7.771052631578947e-07,9294,,,,,,,,,
61,,,,,,,,,,9294,0.03819044306874275,,,,,,,,
,,,,,,,,,7.764473684210526e-07,9299,,,,,,,,,
61,,,,,,,,,,9299,0.01250983402132988,,,,,,,,
,,,,,,,,,7.757894736842104e-07,9304,,,,,,,,,
61,,,,,,,,,,9304,0.012240269221365452,,,,,,,,
,,,,,,,,,7.751315789473683e-07,9309,,,,,,,,,
61,,,,,,,,,,9309,0.030592137947678566,,,,,,,,
,,,,,,,,,7.744736842105263e-07,9314,,,,,,,,,
61,,,,,,,,,,9314,0.02172199822962284,,,,,,,,
,,,,,,,,,7.738157894736842e-07,9319,,,,,,,,,
61,,,,,,,,,,9319,0.03488787263631821,,,,,,,,
,,,,,,,,,7.731578947368421e-07,9324,,,,,,,,,
61,,,,,,,,,,9324,0.01764504425227642,,,,,,,,
,,,,,,,,,7.724999999999999e-07,9329,,,,,,,,,
61,,,,,,,,,,9329,0.023851076140999794,,,,,,,,
,,,,,,,,,7.718421052631578e-07,9334,,,,,,,,,
61,,,,,,,,,,9334,0.026002034544944763,,,,,,,,
,,,,,,,,,7.711842105263158e-07,9339,,,,,,,,,
61,,,,,,,,,,9339,0.020561939105391502,,,,,,,,
,,,,,,,,,7.705263157894737e-07,9344,,,,,,,,,
61,,,,,,,,,,9344,0.04699257016181946,,,,,,,,
,,,,,,,,,7.698684210526315e-07,9349,,,,,,,,,
61,,,,,,,,,,9349,0.026697546243667603,,,,,,,,
,,,,,,,,,7.692105263157894e-07,9354,,,,,,,,,
61,,,,,,,,,,9354,0.02659117989242077,,,,,,,,
,,,,,,,,,7.685526315789474e-07,9359,,,,,,,,,
61,,,,,,,,,,9359,0.04742864891886711,,,,,,,,
,,,,,,,,,7.678947368421053e-07,9364,,,,,,,,,
61,,,,,,,,,,9364,0.009579266421496868,,,,,,,,
,,,,,,,,,7.672368421052631e-07,9369,,,,,,,,,
61,,,,,,,,,,9369,0.017581766471266747,,,,,,,,
,,,,,,,,,7.66578947368421e-07,9374,,,,,,,,,
61,,,,,,,,,,9374,0.021479375660419464,,,,,,,,
,,,,,,,,,7.659210526315789e-07,9379,,,,,,,,,
61,,,,,,,,,,9379,0.04170922562479973,,,,,,,,
,,,,,,,,,7.652631578947369e-07,9384,,,,,,,,,
61,,,,,,,,,,9384,0.03575930371880531,,,,,,,,
,,,,,,,,,7.646052631578948e-07,9389,,,,,,,,,
61,,,,,,,,,,9389,0.030685460194945335,,,,,,,,
,,,,,,,,,7.639473684210526e-07,9394,,,,,,,,,
61,,,,,,,,,,9394,0.021127905696630478,,,,,,,,
,,,,,,,,,7.632894736842104e-07,9399,,,,,,,,,
61,,,,,,,,,,9399,0.018574263900518417,,,,,,,,
,,,,,,,,,7.626315789473684e-07,9404,,,,,,,,,
61,,,,,,,,,,9404,0.0314503014087677,,,,,,,,
,,,,,,,,,7.619736842105263e-07,9409,,,,,,,,,
61,,,,,,,,,,9409,0.0576651506125927,,,,,,,,
,,,,,,,,,7.613157894736841e-07,9414,,,,,,,,,
61,,,,,,,,,,9414,0.02647238038480282,,,,,,,,
,,,,,,,,,7.60657894736842e-07,9419,,,,,,,,,
61,,,,,,,,,,9419,0.02251858077943325,,,,,,,,
61,,,,,,,,,,9423,,0.675000011920929,0.7234042286872864,0.0744645744562149,0.0744645744562149,0.41275355219841003,0.7083333134651184,0.739130437374115,0.44690990447998047
,,,,,,,,,7.599999999999999e-07,9424,,,,,,,,,
62,,,,,,,,,,9424,0.02120046317577362,,,,,,,,
,,,,,,,,,7.593421052631579e-07,9429,,,,,,,,,
62,,,,,,,,,,9429,0.019674835726618767,,,,,,,,
,,,,,,,,,7.586842105263157e-07,9434,,,,,,,,,
62,,,,,,,,,,9434,0.03406144678592682,,,,,,,,
,,,,,,,,,7.580263157894736e-07,9439,,,,,,,,,
62,,,,,,,,,,9439,0.049125753343105316,,,,,,,,
,,,,,,,,,7.573684210526315e-07,9444,,,,,,,,,
62,,,,,,,,,,9444,0.04321814328432083,,,,,,,,
,,,,,,,,,7.567105263157895e-07,9449,,,,,,,,,
62,,,,,,,,,,9449,0.03302942216396332,,,,,,,,
,,,,,,,,,7.560526315789474e-07,9454,,,,,,,,,
62,,,,,,,,,,9454,0.03285311162471771,,,,,,,,
,,,,,,,,,7.553947368421052e-07,9459,,,,,,,,,
62,,,,,,,,,,9459,0.012128637172281742,,,,,,,,
,,,,,,,,,7.547368421052631e-07,9464,,,,,,,,,
62,,,,,,,,,,9464,0.04528796672821045,,,,,,,,
,,,,,,,,,7.540789473684211e-07,9469,,,,,,,,,
62,,,,,,,,,,9469,0.07148342579603195,,,,,,,,
,,,,,,,,,7.53421052631579e-07,9474,,,,,,,,,
62,,,,,,,,,,9474,0.05731324851512909,,,,,,,,
,,,,,,,,,7.527631578947368e-07,9479,,,,,,,,,
62,,,,,,,,,,9479,0.026451777666807175,,,,,,,,
,,,,,,,,,7.521052631578947e-07,9484,,,,,,,,,
62,,,,,,,,,,9484,0.01970667764544487,,,,,,,,
,,,,,,,,,7.514473684210526e-07,9489,,,,,,,,,
62,,,,,,,,,,9489,0.023124203085899353,,,,,,,,
,,,,,,,,,7.507894736842106e-07,9494,,,,,,,,,
62,,,,,,,,,,9494,0.02328275889158249,,,,,,,,
,,,,,,,,,7.501315789473684e-07,9499,,,,,,,,,
62,,,,,,,,,,9499,0.014229404740035534,,,,,,,,
,,,,,,,,,7.494736842105263e-07,9504,,,,,,,,,
62,,,,,,,,,,9504,0.056555476039648056,,,,,,,,
,,,,,,,,,7.488157894736841e-07,9509,,,,,,,,,
62,,,,,,,,,,9509,0.012781449593603611,,,,,,,,
,,,,,,,,,7.481578947368421e-07,9514,,,,,,,,,
62,,,,,,,,,,9514,0.030409058555960655,,,,,,,,
,,,,,,,,,7.475e-07,9519,,,,,,,,,
62,,,,,,,,,,9519,0.0237688347697258,,,,,,,,
,,,,,,,,,7.468421052631578e-07,9524,,,,,,,,,
62,,,,,,,,,,9524,0.02522246167063713,,,,,,,,
,,,,,,,,,7.461842105263157e-07,9529,,,,,,,,,
62,,,,,,,,,,9529,0.029424453154206276,,,,,,,,
,,,,,,,,,7.455263157894736e-07,9534,,,,,,,,,
62,,,,,,,,,,9534,0.03209218382835388,,,,,,,,
,,,,,,,,,7.448684210526316e-07,9539,,,,,,,,,
62,,,,,,,,,,9539,0.03602034971117973,,,,,,,,
,,,,,,,,,7.442105263157894e-07,9544,,,,,,,,,
62,,,,,,,,,,9544,0.013087466359138489,,,,,,,,
,,,,,,,,,7.435526315789473e-07,9549,,,,,,,,,
62,,,,,,,,,,9549,0.010695490054786205,,,,,,,,
,,,,,,,,,7.428947368421052e-07,9554,,,,,,,,,
62,,,,,,,,,,9554,0.03069538250565529,,,,,,,,
,,,,,,,,,7.422368421052632e-07,9559,,,,,,,,,
62,,,,,,,,,,9559,0.01398918591439724,,,,,,,,
,,,,,,,,,7.41578947368421e-07,9564,,,,,,,,,
62,,,,,,,,,,9564,0.012154176831245422,,,,,,,,
,,,,,,,,,7.409210526315789e-07,9569,,,,,,,,,
62,,,,,,,,,,9569,0.021533362567424774,,,,,,,,
,,,,,,,,,7.402631578947368e-07,9574,,,,,,,,,
62,,,,,,,,,,9574,0.020652927458286285,,,,,,,,
62,,,,,,,,,,9575,,0.675000011920929,0.7234042286872864,0.07350166141986847,0.07350166141986847,0.42920297384262085,0.7083333134651184,0.739130437374115,0.45576030015945435
,,,,,,,,,7.396052631578947e-07,9579,,,,,,,,,
63,,,,,,,,,,9579,0.023808853700757027,,,,,,,,
,,,,,,,,,7.389473684210527e-07,9584,,,,,,,,,
63,,,,,,,,,,9584,0.02979540266096592,,,,,,,,
,,,,,,,,,7.382894736842105e-07,9589,,,,,,,,,
63,,,,,,,,,,9589,0.03561181202530861,,,,,,,,
,,,,,,,,,7.376315789473684e-07,9594,,,,,,,,,
63,,,,,,,,,,9594,0.06388413906097412,,,,,,,,
,,,,,,,,,7.369736842105263e-07,9599,,,,,,,,,
63,,,,,,,,,,9599,0.04890445992350578,,,,,,,,
,,,,,,,,,7.363157894736843e-07,9604,,,,,,,,,
63,,,,,,,,,,9604,0.016933146864175797,,,,,,,,
,,,,,,,,,7.356578947368421e-07,9609,,,,,,,,,
63,,,,,,,,,,9609,0.013999459333717823,,,,,,,,
,,,,,,,,,7.35e-07,9614,,,,,,,,,
63,,,,,,,,,,9614,0.03516724333167076,,,,,,,,
,,,,,,,,,7.343421052631578e-07,9619,,,,,,,,,
63,,,,,,,,,,9619,0.034585025161504745,,,,,,,,
,,,,,,,,,7.336842105263157e-07,9624,,,,,,,,,
63,,,,,,,,,,9624,0.032049939036369324,,,,,,,,
,,,,,,,,,7.330263157894736e-07,9629,,,,,,,,,
63,,,,,,,,,,9629,0.029404181987047195,,,,,,,,
,,,,,,,,,7.323684210526315e-07,9634,,,,,,,,,
63,,,,,,,,,,9634,0.023115817457437515,,,,,,,,
,,,,,,,,,7.317105263157894e-07,9639,,,,,,,,,
63,,,,,,,,,,9639,0.011157207190990448,,,,,,,,
,,,,,,,,,7.310526315789473e-07,9644,,,,,,,,,
63,,,,,,,,,,9644,0.02664424479007721,,,,,,,,
,,,,,,,,,7.303947368421052e-07,9649,,,,,,,,,
63,,,,,,,,,,9649,0.01627909205853939,,,,,,,,
,,,,,,,,,7.297368421052631e-07,9654,,,,,,,,,
63,,,,,,,,,,9654,0.023327995091676712,,,,,,,,
,,,,,,,,,7.29078947368421e-07,9659,,,,,,,,,
63,,,,,,,,,,9659,0.04787902161478996,,,,,,,,
,,,,,,,,,7.284210526315789e-07,9664,,,,,,,,,
63,,,,,,,,,,9664,0.03702706843614578,,,,,,,,
,,,,,,,,,7.277631578947369e-07,9669,,,,,,,,,
63,,,,,,,,,,9669,0.040205325931310654,,,,,,,,
,,,,,,,,,7.271052631578947e-07,9674,,,,,,,,,
63,,,,,,,,,,9674,0.022405236959457397,,,,,,,,
,,,,,,,,,7.264473684210526e-07,9679,,,,,,,,,
63,,,,,,,,,,9679,0.026206182315945625,,,,,,,,
,,,,,,,,,7.257894736842105e-07,9684,,,,,,,,,
63,,,,,,,,,,9684,0.03109992854297161,,,,,,,,
,,,,,,,,,7.251315789473684e-07,9689,,,,,,,,,
63,,,,,,,,,,9689,0.02171892672777176,,,,,,,,
,,,,,,,,,7.244736842105263e-07,9694,,,,,,,,,
63,,,,,,,,,,9694,0.05890801176428795,,,,,,,,
,,,,,,,,,7.238157894736842e-07,9699,,,,,,,,,
63,,,,,,,,,,9699,0.04744506999850273,,,,,,,,
,,,,,,,,,7.231578947368421e-07,9704,,,,,,,,,
63,,,,,,,,,,9704,0.040693625807762146,,,,,,,,
,,,,,,,,,7.225e-07,9709,,,,,,,,,
63,,,,,,,,,,9709,0.014999359846115112,,,,,,,,
,,,,,,,,,7.218421052631579e-07,9714,,,,,,,,,
63,,,,,,,,,,9714,0.019461220130324364,,,,,,,,
,,,,,,,,,7.211842105263158e-07,9719,,,,,,,,,
63,,,,,,,,,,9719,0.03351133316755295,,,,,,,,
,,,,,,,,,7.205263157894737e-07,9724,,,,,,,,,
63,,,,,,,,,,9724,0.03358598053455353,,,,,,,,
63,,,,,,,,,,9727,,0.675000011920929,0.7234042286872864,0.07390641421079636,0.07390641421079636,0.42939072847366333,0.7083333134651184,0.739130437374115,0.45963382720947266
,,,,,,,,,7.198684210526315e-07,9729,,,,,,,,,
64,,,,,,,,,,9729,0.01297807414084673,,,,,,,,
,,,,,,,,,7.192105263157894e-07,9734,,,,,,,,,
64,,,,,,,,,,9734,0.018515875563025475,,,,,,,,
,,,,,,,,,7.185526315789473e-07,9739,,,,,,,,,
64,,,,,,,,,,9739,0.046092286705970764,,,,,,,,
,,,,,,,,,7.178947368421052e-07,9744,,,,,,,,,
64,,,,,,,,,,9744,0.013334917835891247,,,,,,,,
,,,,,,,,,7.172368421052631e-07,9749,,,,,,,,,
64,,,,,,,,,,9749,0.08911024779081345,,,,,,,,
,,,,,,,,,7.16578947368421e-07,9754,,,,,,,,,
64,,,,,,,,,,9754,0.02178562618792057,,,,,,,,
,,,,,,,,,7.159210526315789e-07,9759,,,,,,,,,
64,,,,,,,,,,9759,0.0658654123544693,,,,,,,,
,,,,,,,,,7.152631578947368e-07,9764,,,,,,,,,
64,,,,,,,,,,9764,0.011237472295761108,,,,,,,,
,,,,,,,,,7.146052631578947e-07,9769,,,,,,,,,
64,,,,,,,,,,9769,0.028406241908669472,,,,,,,,
,,,,,,,,,7.139473684210526e-07,9774,,,,,,,,,
64,,,,,,,,,,9774,0.03139336779713631,,,,,,,,
,,,,,,,,,7.132894736842104e-07,9779,,,,,,,,,
64,,,,,,,,,,9779,0.01861884444952011,,,,,,,,
,,,,,,,,,7.126315789473684e-07,9784,,,,,,,,,
64,,,,,,,,,,9784,0.08190562576055527,,,,,,,,
,,,,,,,,,7.119736842105263e-07,9789,,,,,,,,,
64,,,,,,,,,,9789,0.03107498399913311,,,,,,,,
,,,,,,,,,7.113157894736842e-07,9794,,,,,,,,,
64,,,,,,,,,,9794,0.05482347682118416,,,,,,,,
,,,,,,,,,7.106578947368421e-07,9799,,,,,,,,,
64,,,,,,,,,,9799,0.038441553711891174,,,,,,,,
,,,,,,,,,7.1e-07,9804,,,,,,,,,
64,,,,,,,,,,9804,0.014836129732429981,,,,,,,,
,,,,,,,,,7.093421052631579e-07,9809,,,,,,,,,
64,,,,,,,,,,9809,0.051195211708545685,,,,,,,,
,,,,,,,,,7.086842105263158e-07,9814,,,,,,,,,
64,,,,,,,,,,9814,0.021300526335835457,,,,,,,,
,,,,,,,,,7.080263157894737e-07,9819,,,,,,,,,
64,,,,,,,,,,9819,0.027273816987872124,,,,,,,,
,,,,,,,,,7.073684210526315e-07,9824,,,,,,,,,
64,,,,,,,,,,9824,0.042341165244579315,,,,,,,,
,,,,,,,,,7.067105263157895e-07,9829,,,,,,,,,
64,,,,,,,,,,9829,0.043989431113004684,,,,,,,,
,,,,,,,,,7.060526315789474e-07,9834,,,,,,,,,
64,,,,,,,,,,9834,0.04008016362786293,,,,,,,,
,,,,,,,,,7.053947368421052e-07,9839,,,,,,,,,
64,,,,,,,,,,9839,0.03537004441022873,,,,,,,,
,,,,,,,,,7.04736842105263e-07,9844,,,,,,,,,
64,,,,,,,,,,9844,0.030414102599024773,,,,,,,,
,,,,,,,,,7.04078947368421e-07,9849,,,,,,,,,
64,,,,,,,,,,9849,0.03708643466234207,,,,,,,,
,,,,,,,,,7.034210526315789e-07,9854,,,,,,,,,
64,,,,,,,,,,9854,0.014840450137853622,,,,,,,,
,,,,,,,,,7.027631578947368e-07,9859,,,,,,,,,
64,,,,,,,,,,9859,0.029996396973729134,,,,,,,,
,,,,,,,,,7.021052631578947e-07,9864,,,,,,,,,
64,,,,,,,,,,9864,0.024045338854193687,,,,,,,,
,,,,,,,,,7.014473684210525e-07,9869,,,,,,,,,
64,,,,,,,,,,9869,0.04595428705215454,,,,,,,,
,,,,,,,,,7.007894736842105e-07,9874,,,,,,,,,
64,,,,,,,,,,9874,0.009531012736260891,,,,,,,,
,,,,,,,,,7.001315789473684e-07,9879,,,,,,,,,
64,,,,,,,,,,9879,0.018201664090156555,,,,,,,,
64,,,,,,,,,,9879,,0.6875,0.7422680258750916,0.07368410378694534,0.07368410378694534,0.4388386011123657,0.7058823704719543,0.782608687877655,0.4708435535430908
,,,,,,,,,6.994736842105263e-07,9884,,,,,,,,,
65,,,,,,,,,,9884,0.0269459318369627,,,,,,,,
,,,,,,,,,6.988157894736841e-07,9889,,,,,,,,,
65,,,,,,,,,,9889,0.031290389597415924,,,,,,,,
,,,,,,,,,6.981578947368421e-07,9894,,,,,,,,,
65,,,,,,,,,,9894,0.017855850979685783,,,,,,,,
,,,,,,,,,6.975e-07,9899,,,,,,,,,
65,,,,,,,,,,9899,0.06732992827892303,,,,,,,,
,,,,,,,,,6.968421052631579e-07,9904,,,,,,,,,
65,,,,,,,,,,9904,0.04712177813053131,,,,,,,,
,,,,,,,,,6.961842105263157e-07,9909,,,,,,,,,
65,,,,,,,,,,9909,0.04506751894950867,,,,,,,,
,,,,,,,,,6.955263157894737e-07,9914,,,,,,,,,
65,,,,,,,,,,9914,0.030363308265805244,,,,,,,,
,,,,,,,,,6.948684210526316e-07,9919,,,,,,,,,
65,,,,,,,,,,9919,0.06256385147571564,,,,,,,,
,,,,,,,,,6.942105263157895e-07,9924,,,,,,,,,
65,,,,,,,,,,9924,0.0394560806453228,,,,,,,,
,,,,,,,,,6.935526315789474e-07,9929,,,,,,,,,
65,,,,,,,,,,9929,0.01811259053647518,,,,,,,,
,,,,,,,,,6.928947368421052e-07,9934,,,,,,,,,
65,,,,,,,,,,9934,0.012239771895110607,,,,,,,,
,,,,,,,,,6.922368421052632e-07,9939,,,,,,,,,
65,,,,,,,,,,9939,0.029222650453448296,,,,,,,,
,,,,,,,,,6.91578947368421e-07,9944,,,,,,,,,
65,,,,,,,,,,9944,0.05056238919496536,,,,,,,,
,,,,,,,,,6.909210526315789e-07,9949,,,,,,,,,
65,,,,,,,,,,9949,0.03331873565912247,,,,,,,,
,,,,,,,,,6.902631578947367e-07,9954,,,,,,,,,
65,,,,,,,,,,9954,0.05591849610209465,,,,,,,,
,,,,,,,,,6.896052631578947e-07,9959,,,,,,,,,
65,,,,,,,,,,9959,0.013681761920452118,,,,,,,,
,,,,,,,,,6.889473684210526e-07,9964,,,,,,,,,
65,,,,,,,,,,9964,0.04065389558672905,,,,,,,,
,,,,,,,,,6.882894736842105e-07,9969,,,,,,,,,
65,,,,,,,,,,9969,0.003635699860751629,,,,,,,,
,,,,,,,,,6.876315789473683e-07,9974,,,,,,,,,
65,,,,,,,,,,9974,0.018171215429902077,,,,,,,,
,,,,,,,,,6.869736842105262e-07,9979,,,,,,,,,
65,,,,,,,,,,9979,0.03339294344186783,,,,,,,,
,,,,,,,,,6.863157894736842e-07,9984,,,,,,,,,
65,,,,,,,,,,9984,0.046168338507413864,,,,,,,,
,,,,,,,,,6.856578947368421e-07,9989,,,,,,,,,
65,,,,,,,,,,9989,0.037823792546987534,,,,,,,,
,,,,,,,,,6.85e-07,9994,,,,,,,,,
65,,,,,,,,,,9994,0.023447846993803978,,,,,,,,
,,,,,,,,,6.843421052631578e-07,9999,,,,,,,,,
65,,,,,,,,,,9999,0.010910898447036743,,,,,,,,
,,,,,,,,,6.836842105263158e-07,10004,,,,,,,,,
65,,,,,,,,,,10004,0.044555675238370895,,,,,,,,
,,,,,,,,,6.830263157894737e-07,10009,,,,,,,,,
65,,,,,,,,,,10009,0.011968008242547512,,,,,,,,
,,,,,,,,,6.823684210526316e-07,10014,,,,,,,,,
65,,,,,,,,,,10014,0.024387503042817116,,,,,,,,
,,,,,,,,,6.817105263157894e-07,10019,,,,,,,,,
65,,,,,,,,,,10019,0.03389174863696098,,,,,,,,
,,,,,,,,,6.810526315789473e-07,10024,,,,,,,,,
65,,,,,,,,,,10024,0.049534719437360764,,,,,,,,
,,,,,,,,,6.803947368421053e-07,10029,,,,,,,,,
65,,,,,,,,,,10029,0.02938859909772873,,,,,,,,
65,,,,,,,,,,10031,,0.699999988079071,0.7446808218955994,0.07250344753265381,0.07250344753265381,0.43260571360588074,0.7291666865348816,0.760869562625885,0.4693293571472168
,,,,,,,,,6.797368421052632e-07,10034,,,,,,,,,
66,,,,,,,,,,10034,0.03482537344098091,,,,,,,,
,,,,,,,,,6.79078947368421e-07,10039,,,,,,,,,
66,,,,,,,,,,10039,0.019682621583342552,,,,,,,,
,,,,,,,,,6.784210526315789e-07,10044,,,,,,,,,
66,,,,,,,,,,10044,0.02355397306382656,,,,,,,,
,,,,,,,,,6.777631578947369e-07,10049,,,,,,,,,
66,,,,,,,,,,10049,0.03388648107647896,,,,,,,,
,,,,,,,,,6.771052631578948e-07,10054,,,,,,,,,
66,,,,,,,,,,10054,0.02852812595665455,,,,,,,,
,,,,,,,,,6.764473684210526e-07,10059,,,,,,,,,
66,,,,,,,,,,10059,0.0664142444729805,,,,,,,,
,,,,,,,,,6.757894736842104e-07,10064,,,,,,,,,
66,,,,,,,,,,10064,0.016406400129199028,,,,,,,,
,,,,,,,,,6.751315789473684e-07,10069,,,,,,,,,
66,,,,,,,,,,10069,0.01480111200362444,,,,,,,,
,,,,,,,,,6.744736842105263e-07,10074,,,,,,,,,
66,,,,,,,,,,10074,0.05168304219841957,,,,,,,,
,,,,,,,,,6.738157894736842e-07,10079,,,,,,,,,
66,,,,,,,,,,10079,0.03340085595846176,,,,,,,,
,,,,,,,,,6.73157894736842e-07,10084,,,,,,,,,
66,,,,,,,,,,10084,0.014806500636041164,,,,,,,,
,,,,,,,,,6.724999999999999e-07,10089,,,,,,,,,
66,,,,,,,,,,10089,0.020220061764121056,,,,,,,,
,,,,,,,,,6.718421052631579e-07,10094,,,,,,,,,
66,,,,,,,,,,10094,0.03534616157412529,,,,,,,,
,,,,,,,,,6.711842105263158e-07,10099,,,,,,,,,
66,,,,,,,,,,10099,0.01651938073337078,,,,,,,,
,,,,,,,,,6.705263157894736e-07,10104,,,,,,,,,
66,,,,,,,,,,10104,0.01942049153149128,,,,,,,,
,,,,,,,,,6.698684210526315e-07,10109,,,,,,,,,
66,,,,,,,,,,10109,0.02203870192170143,,,,,,,,
,,,,,,,,,6.692105263157895e-07,10114,,,,,,,,,
66,,,,,,,,,,10114,0.03224501386284828,,,,,,,,
,,,,,,,,,6.685526315789474e-07,10119,,,,,,,,,
66,,,,,,,,,,10119,0.018146511167287827,,,,,,,,
,,,,,,,,,6.678947368421052e-07,10124,,,,,,,,,
66,,,,,,,,,,10124,0.00878085009753704,,,,,,,,
,,,,,,,,,6.672368421052631e-07,10129,,,,,,,,,
66,,,,,,,,,,10129,0.014193655923008919,,,,,,,,
,,,,,,,,,6.66578947368421e-07,10134,,,,,,,,,
66,,,,,,,,,,10134,0.029118547216057777,,,,,,,,
,,,,,,,,,6.65921052631579e-07,10139,,,,,,,,,
66,,,,,,,,,,10139,0.031152410432696342,,,,,,,,
,,,,,,,,,6.652631578947369e-07,10144,,,,,,,,,
66,,,,,,,,,,10144,0.030006183311343193,,,,,,,,
,,,,,,,,,6.646052631578947e-07,10149,,,,,,,,,
66,,,,,,,,,,10149,0.029464347288012505,,,,,,,,
,,,,,,,,,6.639473684210526e-07,10154,,,,,,,,,
66,,,,,,,,,,10154,0.02657345123589039,,,,,,,,
,,,,,,,,,6.632894736842106e-07,10159,,,,,,,,,
66,,,,,,,,,,10159,0.021043948829174042,,,,,,,,
,,,,,,,,,6.626315789473685e-07,10164,,,,,,,,,
66,,,,,,,,,,10164,0.03645478934049606,,,,,,,,
,,,,,,,,,6.619736842105262e-07,10169,,,,,,,,,
66,,,,,,,,,,10169,0.07365754246711731,,,,,,,,
,,,,,,,,,6.613157894736841e-07,10174,,,,,,,,,
66,,,,,,,,,,10174,0.042601145803928375,,,,,,,,
,,,,,,,,,6.60657894736842e-07,10179,,,,,,,,,
66,,,,,,,,,,10179,0.014105894602835178,,,,,,,,
66,,,,,,,,,,10183,,0.7124999761581421,0.7526881694793701,0.07310701161623001,0.07310701161623001,0.4289810359477997,0.7446808218955994,0.760869562625885,0.4561007022857666
,,,,,,,,,6.6e-07,10184,,,,,,,,,
67,,,,,,,,,,10184,0.014984353445470333,,,,,,,,
,,,,,,,,,6.593421052631578e-07,10189,,,,,,,,,
67,,,,,,,,,,10189,0.03268576040863991,,,,,,,,
,,,,,,,,,6.586842105263157e-07,10194,,,,,,,,,
67,,,,,,,,,,10194,0.028688183054327965,,,,,,,,
,,,,,,,,,6.580263157894736e-07,10199,,,,,,,,,
67,,,,,,,,,,10199,0.04460544139146805,,,,,,,,
,,,,,,,,,6.573684210526316e-07,10204,,,,,,,,,
67,,,,,,,,,,10204,0.019892236217856407,,,,,,,,
,,,,,,,,,6.567105263157895e-07,10209,,,,,,,,,
67,,,,,,,,,,10209,0.018781250342726707,,,,,,,,
,,,,,,,,,6.560526315789473e-07,10214,,,,,,,,,
67,,,,,,,,,,10214,0.010124312713742256,,,,,,,,
,,,,,,,,,6.553947368421052e-07,10219,,,,,,,,,
67,,,,,,,,,,10219,0.028983263298869133,,,,,,,,
,,,,,,,,,6.547368421052631e-07,10224,,,,,,,,,
67,,,,,,,,,,10224,0.01996949128806591,,,,,,,,
,,,,,,,,,6.540789473684211e-07,10229,,,,,,,,,
67,,,,,,,,,,10229,0.02057996392250061,,,,,,,,
,,,,,,,,,6.534210526315789e-07,10234,,,,,,,,,
67,,,,,,,,,,10234,0.034111328423023224,,,,,,,,
,,,,,,,,,6.527631578947368e-07,10239,,,,,,,,,
67,,,,,,,,,,10239,0.028942398726940155,,,,,,,,
,,,,,,,,,6.521052631578947e-07,10244,,,,,,,,,
67,,,,,,,,,,10244,0.014368015341460705,,,,,,,,
,,,,,,,,,6.514473684210527e-07,10249,,,,,,,,,
67,,,,,,,,,,10249,0.020488396286964417,,,,,,,,
,,,,,,,,,6.507894736842105e-07,10254,,,,,,,,,
67,,,,,,,,,,10254,0.016932152211666107,,,,,,,,
,,,,,,,,,6.501315789473684e-07,10259,,,,,,,,,
67,,,,,,,,,,10259,0.012780537828803062,,,,,,,,
,,,,,,,,,6.494736842105263e-07,10264,,,,,,,,,
67,,,,,,,,,,10264,0.014820138923823833,,,,,,,,
,,,,,,,,,6.488157894736843e-07,10269,,,,,,,,,
67,,,,,,,,,,10269,0.03796100988984108,,,,,,,,
,,,,,,,,,6.481578947368422e-07,10274,,,,,,,,,
67,,,,,,,,,,10274,0.018040284514427185,,,,,,,,
,,,,,,,,,6.474999999999999e-07,10279,,,,,,,,,
67,,,,,,,,,,10279,0.017570294439792633,,,,,,,,
,,,,,,,,,6.468421052631578e-07,10284,,,,,,,,,
67,,,,,,,,,,10284,0.03150179982185364,,,,,,,,
,,,,,,,,,6.461842105263157e-07,10289,,,,,,,,,
67,,,,,,,,,,10289,0.042932894080877304,,,,,,,,
,,,,,,,,,6.455263157894737e-07,10294,,,,,,,,,
67,,,,,,,,,,10294,0.02234872244298458,,,,,,,,
,,,,,,,,,6.448684210526315e-07,10299,,,,,,,,,
67,,,,,,,,,,10299,0.022294091060757637,,,,,,,,
,,,,,,,,,6.442105263157894e-07,10304,,,,,,,,,
67,,,,,,,,,,10304,0.041474439203739166,,,,,,,,
,,,,,,,,,6.435526315789473e-07,10309,,,,,,,,,
67,,,,,,,,,,10309,0.044902775436639786,,,,,,,,
,,,,,,,,,6.428947368421053e-07,10314,,,,,,,,,
67,,,,,,,,,,10314,0.04418793320655823,,,,,,,,
,,,,,,,,,6.422368421052631e-07,10319,,,,,,,,,
67,,,,,,,,,,10319,0.05270925909280777,,,,,,,,
,,,,,,,,,6.41578947368421e-07,10324,,,,,,,,,
67,,,,,,,,,,10324,0.013140340335667133,,,,,,,,
,,,,,,,,,6.409210526315789e-07,10329,,,,,,,,,
67,,,,,,,,,,10329,0.027087584137916565,,,,,,,,
,,,,,,,,,6.402631578947368e-07,10334,,,,,,,,,
67,,,,,,,,,,10334,0.020591599866747856,,,,,,,,
67,,,,,,,,,,10335,,0.7124999761581421,0.7526881694793701,0.07289960235357285,0.07289960235357285,0.4362497627735138,0.7446808218955994,0.760869562625885,0.4641294479370117
,,,,,,,,,6.396052631578948e-07,10339,,,,,,,,,
68,,,,,,,,,,10339,0.02304043620824814,,,,,,,,
,,,,,,,,,6.389473684210526e-07,10344,,,,,,,,,
68,,,,,,,,,,10344,0.02298804000020027,,,,,,,,
,,,,,,,,,6.382894736842105e-07,10349,,,,,,,,,
68,,,,,,,,,,10349,0.04976542294025421,,,,,,,,
,,,,,,,,,6.376315789473684e-07,10354,,,,,,,,,
68,,,,,,,,,,10354,0.015420174226164818,,,,,,,,
,,,,,,,,,6.369736842105264e-07,10359,,,,,,,,,
68,,,,,,,,,,10359,0.01886083371937275,,,,,,,,
,,,,,,,,,6.363157894736842e-07,10364,,,,,,,,,
68,,,,,,,,,,10364,0.02668372355401516,,,,,,,,
,,,,,,,,,6.356578947368421e-07,10369,,,,,,,,,
68,,,,,,,,,,10369,0.004245208576321602,,,,,,,,
,,,,,,,,,6.35e-07,10374,,,,,,,,,
68,,,,,,,,,,10374,0.02181745320558548,,,,,,,,
,,,,,,,,,6.343421052631579e-07,10379,,,,,,,,,
68,,,,,,,,,,10379,0.01097672339528799,,,,,,,,
,,,,,,,,,6.336842105263157e-07,10384,,,,,,,,,
68,,,,,,,,,,10384,0.024648744612932205,,,,,,,,
,,,,,,,,,6.330263157894736e-07,10389,,,,,,,,,
68,,,,,,,,,,10389,0.03413841500878334,,,,,,,,
,,,,,,,,,6.323684210526315e-07,10394,,,,,,,,,
68,,,,,,,,,,10394,0.013688571751117706,,,,,,,,
,,,,,,,,,6.317105263157894e-07,10399,,,,,,,,,
68,,,,,,,,,,10399,0.01797548681497574,,,,,,,,
,,,,,,,,,6.310526315789474e-07,10404,,,,,,,,,
68,,,,,,,,,,10404,0.020157193765044212,,,,,,,,
,,,,,,,,,6.303947368421052e-07,10409,,,,,,,,,
68,,,,,,,,,,10409,0.017736971378326416,,,,,,,,
,,,,,,,,,6.297368421052631e-07,10414,,,,,,,,,
68,,,,,,,,,,10414,0.061353202909231186,,,,,,,,
,,,,,,,,,6.29078947368421e-07,10419,,,,,,,,,
68,,,,,,,,,,10419,0.041735779494047165,,,,,,,,
,,,,,,,,,6.284210526315789e-07,10424,,,,,,,,,
68,,,,,,,,,,10424,0.02713133953511715,,,,,,,,
,,,,,,,,,6.277631578947368e-07,10429,,,,,,,,,
68,,,,,,,,,,10429,0.059203483164310455,,,,,,,,
,,,,,,,,,6.271052631578947e-07,10434,,,,,,,,,
68,,,,,,,,,,10434,0.029252177104353905,,,,,,,,
,,,,,,,,,6.264473684210526e-07,10439,,,,,,,,,
68,,,,,,,,,,10439,0.04631805419921875,,,,,,,,
,,,,,,,,,6.257894736842105e-07,10444,,,,,,,,,
68,,,,,,,,,,10444,0.03674811124801636,,,,,,,,
,,,,,,,,,6.251315789473684e-07,10449,,,,,,,,,
68,,,,,,,,,,10449,0.01863992027938366,,,,,,,,
,,,,,,,,,6.244736842105263e-07,10454,,,,,,,,,
68,,,,,,,,,,10454,0.02893824689090252,,,,,,,,
,,,,,,,,,6.238157894736842e-07,10459,,,,,,,,,
68,,,,,,,,,,10459,0.020671505481004715,,,,,,,,
,,,,,,,,,6.231578947368421e-07,10464,,,,,,,,,
68,,,,,,,,,,10464,0.043885812163352966,,,,,,,,
,,,,,,,,,6.225000000000001e-07,10469,,,,,,,,,
68,,,,,,,,,,10469,0.02333800122141838,,,,,,,,
,,,,,,,,,6.218421052631579e-07,10474,,,,,,,,,
68,,,,,,,,,,10474,0.02147219516336918,,,,,,,,
,,,,,,,,,6.211842105263158e-07,10479,,,,,,,,,
68,,,,,,,,,,10479,0.023787805810570717,,,,,,,,
,,,,,,,,,6.205263157894737e-07,10484,,,,,,,,,
68,,,,,,,,,,10484,0.0071374354884028435,,,,,,,,
68,,,,,,,,,,10487,,0.6875,0.7422680258750916,0.07412444055080414,0.07412444055080414,0.44819027185440063,0.7058823704719543,0.782608687877655,0.4625800549983978
,,,,,,,,,6.198684210526316e-07,10489,,,,,,,,,
69,,,,,,,,,,10489,0.022233741357922554,,,,,,,,
,,,,,,,,,6.192105263157894e-07,10494,,,,,,,,,
69,,,,,,,,,,10494,0.012190367095172405,,,,,,,,
,,,,,,,,,6.185526315789473e-07,10499,,,,,,,,,
69,,,,,,,,,,10499,0.02456437610089779,,,,,,,,
,,,,,,,,,6.178947368421052e-07,10504,,,,,,,,,
69,,,,,,,,,,10504,0.011690152809023857,,,,,,,,
,,,,,,,,,6.172368421052631e-07,10509,,,,,,,,,
69,,,,,,,,,,10509,0.02874440886080265,,,,,,,,
,,,,,,,,,6.16578947368421e-07,10514,,,,,,,,,
69,,,,,,,,,,10514,0.04544764757156372,,,,,,,,
,,,,,,,,,6.159210526315789e-07,10519,,,,,,,,,
69,,,,,,,,,,10519,0.03969099745154381,,,,,,,,
,,,,,,,,,6.152631578947368e-07,10524,,,,,,,,,
69,,,,,,,,,,10524,0.023427551612257957,,,,,,,,
,,,,,,,,,6.146052631578947e-07,10529,,,,,,,,,
69,,,,,,,,,,10529,0.02847752347588539,,,,,,,,
,,,,,,,,,6.139473684210526e-07,10534,,,,,,,,,
69,,,,,,,,,,10534,0.014767116867005825,,,,,,,,
,,,,,,,,,6.132894736842105e-07,10539,,,,,,,,,
69,,,,,,,,,,10539,0.021050075069069862,,,,,,,,
,,,,,,,,,6.126315789473684e-07,10544,,,,,,,,,
69,,,,,,,,,,10544,0.01711004599928856,,,,,,,,
,,,,,,,,,6.119736842105263e-07,10549,,,,,,,,,
69,,,,,,,,,,10549,0.03617530316114426,,,,,,,,
,,,,,,,,,6.113157894736842e-07,10554,,,,,,,,,
69,,,,,,,,,,10554,0.0254962295293808,,,,,,,,
,,,,,,,,,6.106578947368421e-07,10559,,,,,,,,,
69,,,,,,,,,,10559,0.026071619242429733,,,,,,,,
,,,,,,,,,6.1e-07,10564,,,,,,,,,
69,,,,,,,,,,10564,0.03935742750763893,,,,,,,,
,,,,,,,,,6.093421052631579e-07,10569,,,,,,,,,
69,,,,,,,,,,10569,0.008166145533323288,,,,,,,,
,,,,,,,,,6.086842105263158e-07,10574,,,,,,,,,
69,,,,,,,,,,10574,0.023368502035737038,,,,,,,,
,,,,,,,,,6.080263157894736e-07,10579,,,,,,,,,
69,,,,,,,,,,10579,0.018245501443743706,,,,,,,,
,,,,,,,,,6.073684210526316e-07,10584,,,,,,,,,
69,,,,,,,,,,10584,0.02918023057281971,,,,,,,,
,,,,,,,,,6.067105263157895e-07,10589,,,,,,,,,
69,,,,,,,,,,10589,0.039499375969171524,,,,,,,,
,,,,,,,,,6.060526315789474e-07,10594,,,,,,,,,
69,,,,,,,,,,10594,0.03536383807659149,,,,,,,,
,,,,,,,,,6.053947368421051e-07,10599,,,,,,,,,
69,,,,,,,,,,10599,0.019866943359375,,,,,,,,
,,,,,,,,,6.047368421052631e-07,10604,,,,,,,,,
69,,,,,,,,,,10604,0.01812925562262535,,,,,,,,
,,,,,,,,,6.04078947368421e-07,10609,,,,,,,,,
69,,,,,,,,,,10609,0.02709292434155941,,,,,,,,
,,,,,,,,,6.034210526315789e-07,10614,,,,,,,,,
69,,,,,,,,,,10614,0.011206265538930893,,,,,,,,
,,,,,,,,,6.027631578947368e-07,10619,,,,,,,,,
69,,,,,,,,,,10619,0.061558790504932404,,,,,,,,
,,,,,,,,,6.021052631578946e-07,10624,,,,,,,,,
69,,,,,,,,,,10624,0.03733232617378235,,,,,,,,
,,,,,,,,,6.014473684210526e-07,10629,,,,,,,,,
69,,,,,,,,,,10629,0.034260343760252,,,,,,,,
,,,,,,,,,6.007894736842105e-07,10634,,,,,,,,,
69,,,,,,,,,,10634,0.03758625313639641,,,,,,,,
,,,,,,,,,6.001315789473684e-07,10639,,,,,,,,,
69,,,,,,,,,,10639,0.0531189888715744,,,,,,,,
69,,,,,,,,,,10639,,0.7250000238418579,0.7555555701255798,0.07403971254825592,0.07403971254825592,0.43372973799705505,0.7727272510528564,0.739130437374115,0.45621806383132935
,,,,,,,,,5.994736842105262e-07,10644,,,,,,,,,
70,,,,,,,,,,10644,0.04410144314169884,,,,,,,,
,,,,,,,,,5.988157894736842e-07,10649,,,,,,,,,
70,,,,,,,,,,10649,0.03368033841252327,,,,,,,,
,,,,,,,,,5.981578947368421e-07,10654,,,,,,,,,
70,,,,,,,,,,10654,0.012693947181105614,,,,,,,,
,,,,,,,,,5.975e-07,10659,,,,,,,,,
70,,,,,,,,,,10659,0.06764917075634003,,,,,,,,
,,,,,,,,,5.968421052631578e-07,10664,,,,,,,,,
70,,,,,,,,,,10664,0.028958899900317192,,,,,,,,
,,,,,,,,,5.961842105263157e-07,10669,,,,,,,,,
70,,,,,,,,,,10669,0.025529377162456512,,,,,,,,
,,,,,,,,,5.955263157894737e-07,10674,,,,,,,,,
70,,,,,,,,,,10674,0.014689590781927109,,,,,,,,
,,,,,,,,,5.948684210526316e-07,10679,,,,,,,,,
70,,,,,,,,,,10679,0.005805026739835739,,,,,,,,
,,,,,,,,,5.942105263157895e-07,10684,,,,,,,,,
70,,,,,,,,,,10684,0.01541227102279663,,,,,,,,
,,,,,,,,,5.935526315789473e-07,10689,,,,,,,,,
70,,,,,,,,,,10689,0.0535968653857708,,,,,,,,
,,,,,,,,,5.928947368421053e-07,10694,,,,,,,,,
70,,,,,,,,,,10694,0.017056670039892197,,,,,,,,
,,,,,,,,,5.922368421052632e-07,10699,,,,,,,,,
70,,,,,,,,,,10699,0.05692467838525772,,,,,,,,
,,,,,,,,,5.915789473684211e-07,10704,,,,,,,,,
70,,,,,,,,,,10704,0.04452897608280182,,,,,,,,
,,,,,,,,,5.909210526315788e-07,10709,,,,,,,,,
70,,,,,,,,,,10709,0.02242690697312355,,,,,,,,
,,,,,,,,,5.902631578947368e-07,10714,,,,,,,,,
70,,,,,,,,,,10714,0.030004840344190598,,,,,,,,
,,,,,,,,,5.896052631578947e-07,10719,,,,,,,,,
70,,,,,,,,,,10719,0.024293135851621628,,,,,,,,
,,,,,,,,,5.889473684210526e-07,10724,,,,,,,,,
70,,,,,,,,,,10724,0.025051843374967575,,,,,,,,
,,,,,,,,,5.882894736842104e-07,10729,,,,,,,,,
70,,,,,,,,,,10729,0.029121074825525284,,,,,,,,
,,,,,,,,,5.876315789473683e-07,10734,,,,,,,,,
70,,,,,,,,,,10734,0.012527836486697197,,,,,,,,
,,,,,,,,,5.869736842105263e-07,10739,,,,,,,,,
70,,,,,,,,,,10739,0.07090796530246735,,,,,,,,
,,,,,,,,,5.863157894736842e-07,10744,,,,,,,,,
70,,,,,,,,,,10744,0.01382806058973074,,,,,,,,
,,,,,,,,,5.856578947368421e-07,10749,,,,,,,,,
70,,,,,,,,,,10749,0.03394261747598648,,,,,,,,
,,,,,,,,,5.849999999999999e-07,10754,,,,,,,,,
70,,,,,,,,,,10754,0.06162826716899872,,,,,,,,
,,,,,,,,,5.843421052631579e-07,10759,,,,,,,,,
70,,,,,,,,,,10759,0.010947942733764648,,,,,,,,
,,,,,,,,,5.836842105263158e-07,10764,,,,,,,,,
70,,,,,,,,,,10764,0.027796780690550804,,,,,,,,
,,,,,,,,,5.830263157894737e-07,10769,,,,,,,,,
70,,,,,,,,,,10769,0.021070023998618126,,,,,,,,
,,,,,,,,,5.823684210526315e-07,10774,,,,,,,,,
70,,,,,,,,,,10774,0.0021427476312965155,,,,,,,,
,,,,,,,,,5.817105263157894e-07,10779,,,,,,,,,
70,,,,,,,,,,10779,0.019588720053434372,,,,,,,,
,,,,,,,,,5.810526315789474e-07,10784,,,,,,,,,
70,,,,,,,,,,10784,0.01984225958585739,,,,,,,,
,,,,,,,,,5.803947368421053e-07,10789,,,,,,,,,
70,,,,,,,,,,10789,0.028049910441040993,,,,,,,,
70,,,,,,,,,,10791,,0.699999988079071,0.75,0.07436386495828629,0.07436386495828629,0.45257067680358887,0.7200000286102295,0.782608687877655,0.4756208658218384
,,,,,,,,,5.797368421052631e-07,10794,,,,,,,,,
71,,,,,,,,,,10794,0.0364375039935112,,,,,,,,
,,,,,,,,,5.79078947368421e-07,10799,,,,,,,,,
71,,,,,,,,,,10799,0.03080708533525467,,,,,,,,
,,,,,,,,,5.78421052631579e-07,10804,,,,,,,,,
71,,,,,,,,,,10804,0.005061832722276449,,,,,,,,
,,,,,,,,,5.777631578947369e-07,10809,,,,,,,,,
71,,,,,,,,,,10809,0.01686764322221279,,,,,,,,
,,,,,,,,,5.771052631578948e-07,10814,,,,,,,,,
71,,,,,,,,,,10814,0.04312269389629364,,,,,,,,
,,,,,,,,,5.764473684210525e-07,10819,,,,,,,,,
71,,,,,,,,,,10819,0.013403818011283875,,,,,,,,
,,,,,,,,,5.757894736842104e-07,10824,,,,,,,,,
71,,,,,,,,,,10824,0.02360195852816105,,,,,,,,
,,,,,,,,,5.751315789473684e-07,10829,,,,,,,,,
71,,,,,,,,,,10829,0.01655350998044014,,,,,,,,
,,,,,,,,,5.744736842105263e-07,10834,,,,,,,,,
71,,,,,,,,,,10834,0.07015171647071838,,,,,,,,
,,,,,,,,,5.738157894736841e-07,10839,,,,,,,,,
71,,,,,,,,,,10839,0.01824839599430561,,,,,,,,
,,,,,,,,,5.73157894736842e-07,10844,,,,,,,,,
71,,,,,,,,,,10844,0.023468483239412308,,,,,,,,
,,,,,,,,,5.725e-07,10849,,,,,,,,,
71,,,,,,,,,,10849,0.015207919292151928,,,,,,,,
,,,,,,,,,5.718421052631579e-07,10854,,,,,,,,,
71,,,,,,,,,,10854,0.020255088806152344,,,,,,,,
,,,,,,,,,5.711842105263157e-07,10859,,,,,,,,,
71,,,,,,,,,,10859,0.03163155913352966,,,,,,,,
,,,,,,,,,5.705263157894736e-07,10864,,,,,,,,,
71,,,,,,,,,,10864,0.008959721773862839,,,,,,,,
,,,,,,,,,5.698684210526316e-07,10869,,,,,,,,,
71,,,,,,,,,,10869,0.011633194983005524,,,,,,,,
,,,,,,,,,5.692105263157895e-07,10874,,,,,,,,,
71,,,,,,,,,,10874,0.006395651493221521,,,,,,,,
,,,,,,,,,5.685526315789474e-07,10879,,,,,,,,,
71,,,,,,,,,,10879,0.016784654930233955,,,,,,,,
,,,,,,,,,5.678947368421052e-07,10884,,,,,,,,,
71,,,,,,,,,,10884,0.02160114049911499,,,,,,,,
,,,,,,,,,5.672368421052631e-07,10889,,,,,,,,,
71,,,,,,,,,,10889,0.005560318939387798,,,,,,,,
,,,,,,,,,5.665789473684211e-07,10894,,,,,,,,,
71,,,,,,,,,,10894,0.02947823330760002,,,,,,,,
,,,,,,,,,5.65921052631579e-07,10899,,,,,,,,,
71,,,,,,,,,,10899,0.02575376257300377,,,,,,,,
,,,,,,,,,5.652631578947368e-07,10904,,,,,,,,,
71,,,,,,,,,,10904,0.04116719216108322,,,,,,,,
,,,,,,,,,5.646052631578947e-07,10909,,,,,,,,,
71,,,,,,,,,,10909,0.009965095669031143,,,,,,,,
,,,,,,,,,5.639473684210527e-07,10914,,,,,,,,,
71,,,,,,,,,,10914,0.04066580906510353,,,,,,,,
,,,,,,,,,5.632894736842106e-07,10919,,,,,,,,,
71,,,,,,,,,,10919,0.024926524609327316,,,,,,,,
,,,,,,,,,5.626315789473684e-07,10924,,,,,,,,,
71,,,,,,,,,,10924,0.025695830583572388,,,,,,,,
,,,,,,,,,5.619736842105262e-07,10929,,,,,,,,,
71,,,,,,,,,,10929,0.026935644447803497,,,,,,,,
,,,,,,,,,5.613157894736841e-07,10934,,,,,,,,,
71,,,,,,,,,,10934,0.004009625408798456,,,,,,,,
,,,,,,,,,5.606578947368421e-07,10939,,,,,,,,,
71,,,,,,,,,,10939,0.027394242584705353,,,,,,,,
71,,,,,,,,,,10943,,0.699999988079071,0.7272727489471436,0.0723358616232872,0.0723358616232872,0.4419166147708893,0.761904776096344,0.695652186870575,0.4698927700519562
,,,,,,,,,5.6e-07,10944,,,,,,,,,
72,,,,,,,,,,10944,0.025414196774363518,,,,,,,,
,,,,,,,,,5.593421052631578e-07,10949,,,,,,,,,
72,,,,,,,,,,10949,0.012124903500080109,,,,,,,,
,,,,,,,,,5.586842105263157e-07,10954,,,,,,,,,
72,,,,,,,,,,10954,0.030753562226891518,,,,,,,,
,,,,,,,,,5.580263157894737e-07,10959,,,,,,,,,
72,,,,,,,,,,10959,0.03320106491446495,,,,,,,,
,,,,,,,,,5.573684210526316e-07,10964,,,,,,,,,
72,,,,,,,,,,10964,0.016617780551314354,,,,,,,,
,,,,,,,,,5.567105263157894e-07,10969,,,,,,,,,
72,,,,,,,,,,10969,0.021058741956949234,,,,,,,,
,,,,,,,,,5.560526315789473e-07,10974,,,,,,,,,
72,,,,,,,,,,10974,0.025801463052630424,,,,,,,,
,,,,,,,,,5.553947368421052e-07,10979,,,,,,,,,
72,,,,,,,,,,10979,0.022097544744610786,,,,,,,,
,,,,,,,,,5.547368421052632e-07,10984,,,,,,,,,
72,,,,,,,,,,10984,0.01279933750629425,,,,,,,,
,,,,,,,,,5.54078947368421e-07,10989,,,,,,,,,
72,,,,,,,,,,10989,0.022419217973947525,,,,,,,,
,,,,,,,,,5.534210526315789e-07,10994,,,,,,,,,
72,,,,,,,,,,10994,0.016756562516093254,,,,,,,,
,,,,,,,,,5.527631578947368e-07,10999,,,,,,,,,
72,,,,,,,,,,10999,0.01840863563120365,,,,,,,,
,,,,,,,,,5.521052631578948e-07,11004,,,,,,,,,
72,,,,,,,,,,11004,0.029973212629556656,,,,,,,,
,,,,,,,,,5.514473684210527e-07,11009,,,,,,,,,
72,,,,,,,,,,11009,0.02741205506026745,,,,,,,,
,,,,,,,,,5.507894736842105e-07,11014,,,,,,,,,
72,,,,,,,,,,11014,0.04032714664936066,,,,,,,,
,,,,,,,,,5.501315789473684e-07,11019,,,,,,,,,
72,,,,,,,,,,11019,0.009555686265230179,,,,,,,,
,,,,,,,,,5.494736842105263e-07,11024,,,,,,,,,
72,,,,,,,,,,11024,0.021213846281170845,,,,,,,,
,,,,,,,,,5.488157894736843e-07,11029,,,,,,,,,
72,,,,,,,,,,11029,0.027685662731528282,,,,,,,,
,,,,,,,,,5.48157894736842e-07,11034,,,,,,,,,
72,,,,,,,,,,11034,0.029278123751282692,,,,,,,,
,,,,,,,,,5.474999999999999e-07,11039,,,,,,,,,
72,,,,,,,,,,11039,0.01454041339457035,,,,,,,,
,,,,,,,,,5.468421052631578e-07,11044,,,,,,,,,
72,,,,,,,,,,11044,0.022543322294950485,,,,,,,,
,,,,,,,,,5.461842105263158e-07,11049,,,,,,,,,
72,,,,,,,,,,11049,0.0382884219288826,,,,,,,,
,,,,,,,,,5.455263157894736e-07,11054,,,,,,,,,
72,,,,,,,,,,11054,0.010708078742027283,,,,,,,,
,,,,,,,,,5.448684210526315e-07,11059,,,,,,,,,
72,,,,,,,,,,11059,0.014874656684696674,,,,,,,,
,,,,,,,,,5.442105263157894e-07,11064,,,,,,,,,
72,,,,,,,,,,11064,0.029201501980423927,,,,,,,,
,,,,,,,,,5.435526315789474e-07,11069,,,,,,,,,
72,,,,,,,,,,11069,0.036504942923784256,,,,,,,,
,,,,,,,,,5.428947368421052e-07,11074,,,,,,,,,
72,,,,,,,,,,11074,0.035642873495817184,,,,,,,,
,,,,,,,,,5.422368421052631e-07,11079,,,,,,,,,
72,,,,,,,,,,11079,0.01666370779275894,,,,,,,,
,,,,,,,,,5.41578947368421e-07,11084,,,,,,,,,
72,,,,,,,,,,11084,0.014334199018776417,,,,,,,,
,,,,,,,,,5.409210526315789e-07,11089,,,,,,,,,
72,,,,,,,,,,11089,0.030339594930410385,,,,,,,,
,,,,,,,,,5.402631578947369e-07,11094,,,,,,,,,
72,,,,,,,,,,11094,0.01396897155791521,,,,,,,,
72,,,,,,,,,,11095,,0.6875,0.7422680258750916,0.07538390159606934,0.07538390159606934,0.45420941710472107,0.7058823704719543,0.782608687877655,0.47489312291145325
,,,,,,,,,5.396052631578947e-07,11099,,,,,,,,,
73,,,,,,,,,,11099,0.025781933218240738,,,,,,,,
,,,,,,,,,5.389473684210526e-07,11104,,,,,,,,,
73,,,,,,,,,,11104,0.01148155052214861,,,,,,,,
,,,,,,,,,5.382894736842105e-07,11109,,,,,,,,,
73,,,,,,,,,,11109,0.0306276623159647,,,,,,,,
,,,,,,,,,5.376315789473685e-07,11114,,,,,,,,,
73,,,,,,,,,,11114,0.02587447315454483,,,,,,,,
,,,,,,,,,5.369736842105263e-07,11119,,,,,,,,,
73,,,,,,,,,,11119,0.0189491119235754,,,,,,,,
,,,,,,,,,5.363157894736842e-07,11124,,,,,,,,,
73,,,,,,,,,,11124,0.02517317607998848,,,,,,,,
,,,,,,,,,5.356578947368421e-07,11129,,,,,,,,,
73,,,,,,,,,,11129,0.03737696632742882,,,,,,,,
,,,,,,,,,5.35e-07,11134,,,,,,,,,
73,,,,,,,,,,11134,0.017490506172180176,,,,,,,,
,,,,,,,,,5.343421052631579e-07,11139,,,,,,,,,
73,,,,,,,,,,11139,0.03246983513236046,,,,,,,,
,,,,,,,,,5.336842105263158e-07,11144,,,,,,,,,
73,,,,,,,,,,11144,0.021128296852111816,,,,,,,,
,,,,,,,,,5.330263157894736e-07,11149,,,,,,,,,
73,,,,,,,,,,11149,0.014898915775120258,,,,,,,,
,,,,,,,,,5.323684210526315e-07,11154,,,,,,,,,
73,,,,,,,,,,11154,0.023200081661343575,,,,,,,,
,,,,,,,,,5.317105263157895e-07,11159,,,,,,,,,
73,,,,,,,,,,11159,0.033680908381938934,,,,,,,,
,,,,,,,,,5.310526315789473e-07,11164,,,,,,,,,
73,,,,,,,,,,11164,0.009155689738690853,,,,,,,,
,,,,,,,,,5.303947368421052e-07,11169,,,,,,,,,
73,,,,,,,,,,11169,0.03992139920592308,,,,,,,,
,,,,,,,,,5.297368421052631e-07,11174,,,,,,,,,
73,,,,,,,,,,11174,0.006624083500355482,,,,,,,,
,,,,,,,,,5.29078947368421e-07,11179,,,,,,,,,
73,,,,,,,,,,11179,0.02368425764143467,,,,,,,,
,,,,,,,,,5.284210526315789e-07,11184,,,,,,,,,
73,,,,,,,,,,11184,0.03958269953727722,,,,,,,,
,,,,,,,,,5.277631578947368e-07,11189,,,,,,,,,
73,,,,,,,,,,11189,0.019514603540301323,,,,,,,,
,,,,,,,,,5.271052631578947e-07,11194,,,,,,,,,
73,,,,,,,,,,11194,0.027730587869882584,,,,,,,,
,,,,,,,,,5.264473684210526e-07,11199,,,,,,,,,
73,,,,,,,,,,11199,0.009656015783548355,,,,,,,,
,,,,,,,,,5.257894736842105e-07,11204,,,,,,,,,
73,,,,,,,,,,11204,0.009288757108151913,,,,,,,,
,,,,,,,,,5.251315789473684e-07,11209,,,,,,,,,
73,,,,,,,,,,11209,0.03397331014275551,,,,,,,,
,,,,,,,,,5.244736842105263e-07,11214,,,,,,,,,
73,,,,,,,,,,11214,0.03747563064098358,,,,,,,,
,,,,,,,,,5.238157894736842e-07,11219,,,,,,,,,
73,,,,,,,,,,11219,0.011087672784924507,,,,,,,,
,,,,,,,,,5.231578947368422e-07,11224,,,,,,,,,
73,,,,,,,,,,11224,0.01631094515323639,,,,,,,,
,,,,,,,,,5.225e-07,11229,,,,,,,,,
73,,,,,,,,,,11229,0.05300663039088249,,,,,,,,
,,,,,,,,,5.218421052631579e-07,11234,,,,,,,,,
73,,,,,,,,,,11234,0.019517794251441956,,,,,,,,
,,,,,,,,,5.211842105263158e-07,11239,,,,,,,,,
73,,,,,,,,,,11239,0.017331480979919434,,,,,,,,
,,,,,,,,,5.205263157894737e-07,11244,,,,,,,,,
73,,,,,,,,,,11244,0.05529245361685753,,,,,,,,
73,,,,,,,,,,11247,,0.7250000238418579,0.7555555701255798,0.07278696447610855,0.07278696447610855,0.4467596709728241,0.7727272510528564,0.739130437374115,0.474599689245224
,,,,,,,,,5.198684210526316e-07,11249,,,,,,,,,
74,,,,,,,,,,11249,0.026586107909679413,,,,,,,,
,,,,,,,,,5.192105263157895e-07,11254,,,,,,,,,
74,,,,,,,,,,11254,0.02095121331512928,,,,,,,,
,,,,,,,,,5.185526315789473e-07,11259,,,,,,,,,
74,,,,,,,,,,11259,0.023545920848846436,,,,,,,,
,,,,,,,,,5.178947368421052e-07,11264,,,,,,,,,
74,,,,,,,,,,11264,0.03194675222039223,,,,,,,,
,,,,,,,,,5.17236842105263e-07,11269,,,,,,,,,
74,,,,,,,,,,11269,0.017327232286334038,,,,,,,,
,,,,,,,,,5.16578947368421e-07,11274,,,,,,,,,
74,,,,,,,,,,11274,0.026115190237760544,,,,,,,,
,,,,,,,,,5.159210526315789e-07,11279,,,,,,,,,
74,,,,,,,,,,11279,0.03163895010948181,,,,,,,,
,,,,,,,,,5.152631578947368e-07,11284,,,,,,,,,
74,,,,,,,,,,11284,0.009627495892345905,,,,,,,,
,,,,,,,,,5.146052631578947e-07,11289,,,,,,,,,
74,,,,,,,,,,11289,0.02865026518702507,,,,,,,,
,,,,,,,,,5.139473684210526e-07,11294,,,,,,,,,
74,,,,,,,,,,11294,0.041593682020902634,,,,,,,,
,,,,,,,,,5.132894736842105e-07,11299,,,,,,,,,
74,,,,,,,,,,11299,0.02506190724670887,,,,,,,,
,,,,,,,,,5.126315789473684e-07,11304,,,,,,,,,
74,,,,,,,,,,11304,0.028921255841851234,,,,,,,,
,,,,,,,,,5.119736842105263e-07,11309,,,,,,,,,
74,,,,,,,,,,11309,0.06181647628545761,,,,,,,,
,,,,,,,,,5.113157894736842e-07,11314,,,,,,,,,
74,,,,,,,,,,11314,0.02580968104302883,,,,,,,,
,,,,,,,,,5.106578947368421e-07,11319,,,,,,,,,
74,,,,,,,,,,11319,0.021480148658156395,,,,,,,,
,,,,,,,,,5.1e-07,11324,,,,,,,,,
74,,,,,,,,,,11324,0.02979063056409359,,,,,,,,
,,,,,,,,,5.093421052631579e-07,11329,,,,,,,,,
74,,,,,,,,,,11329,0.01821732148528099,,,,,,,,
,,,,,,,,,5.086842105263157e-07,11334,,,,,,,,,
74,,,,,,,,,,11334,0.04570497199892998,,,,,,,,
,,,,,,,,,5.080263157894737e-07,11339,,,,,,,,,
74,,,,,,,,,,11339,0.02827763371169567,,,,,,,,
,,,,,,,,,5.073684210526316e-07,11344,,,,,,,,,
74,,,,,,,,,,11344,0.05713607743382454,,,,,,,,
,,,,,,,,,5.067105263157895e-07,11349,,,,,,,,,
74,,,,,,,,,,11349,0.020372724160552025,,,,,,,,
,,,,,,,,,5.060526315789474e-07,11354,,,,,,,,,
74,,,,,,,,,,11354,0.05196614935994148,,,,,,,,
,,,,,,,,,5.053947368421053e-07,11359,,,,,,,,,
74,,,,,,,,,,11359,0.03155536204576492,,,,,,,,
,,,,,,,,,5.047368421052632e-07,11364,,,,,,,,,
74,,,,,,,,,,11364,0.039819225668907166,,,,,,,,
,,,,,,,,,5.04078947368421e-07,11369,,,,,,,,,
74,,,,,,,,,,11369,0.07127957791090012,,,,,,,,
,,,,,,,,,5.034210526315789e-07,11374,,,,,,,,,
74,,,,,,,,,,11374,0.028500083833932877,,,,,,,,
,,,,,,,,,5.027631578947367e-07,11379,,,,,,,,,
74,,,,,,,,,,11379,0.01276532281190157,,,,,,,,
,,,,,,,,,5.021052631578947e-07,11384,,,,,,,,,
74,,,,,,,,,,11384,0.021814139559864998,,,,,,,,
,,,,,,,,,5.014473684210526e-07,11389,,,,,,,,,
74,,,,,,,,,,11389,0.02608826942741871,,,,,,,,
,,,,,,,,,5.007894736842105e-07,11394,,,,,,,,,
74,,,,,,,,,,11394,0.00827700924128294,,,,,,,,
,,,,,,,,,5.001315789473683e-07,11399,,,,,,,,,
74,,,,,,,,,,11399,0.018269488587975502,,,,,,,,
74,,,,,,,,,,11399,,0.7124999761581421,0.7472527623176575,0.07298071682453156,0.07298071682453156,0.44392186403274536,0.7555555701255798,0.739130437374115,0.48173633217811584
,,,,,,,,,4.994736842105263e-07,11404,,,,,,,,,
75,,,,,,,,,,11404,0.018611328676342964,,,,,,,,
,,,,,,,,,4.988157894736842e-07,11409,,,,,,,,,
75,,,,,,,,,,11409,0.022908296436071396,,,,,,,,
,,,,,,,,,4.981578947368421e-07,11414,,,,,,,,,
75,,,,,,,,,,11414,0.02747201919555664,,,,,,,,
,,,,,,,,,4.975e-07,11419,,,,,,,,,
75,,,,,,,,,,11419,0.021404065191745758,,,,,,,,
,,,,,,,,,4.968421052631579e-07,11424,,,,,,,,,
75,,,,,,,,,,11424,0.024927712976932526,,,,,,,,
,,,,,,,,,4.961842105263158e-07,11429,,,,,,,,,
75,,,,,,,,,,11429,0.013902520760893822,,,,,,,,
,,,,,,,,,4.955263157894737e-07,11434,,,,,,,,,
75,,,,,,,,,,11434,0.03774135932326317,,,,,,,,
,,,,,,,,,4.948684210526316e-07,11439,,,,,,,,,
75,,,,,,,,,,11439,0.06950733810663223,,,,,,,,
,,,,,,,,,4.942105263157895e-07,11444,,,,,,,,,
75,,,,,,,,,,11444,0.05567467585206032,,,,,,,,
,,,,,,,,,4.935526315789474e-07,11449,,,,,,,,,
75,,,,,,,,,,11449,0.016650937497615814,,,,,,,,
,,,,,,,,,4.928947368421053e-07,11454,,,,,,,,,
75,,,,,,,,,,11454,0.01712344028055668,,,,,,,,
,,,,,,,,,4.922368421052632e-07,11459,,,,,,,,,
75,,,,,,,,,,11459,0.05504049360752106,,,,,,,,
,,,,,,,,,4.915789473684211e-07,11464,,,,,,,,,
75,,,,,,,,,,11464,0.02313876710832119,,,,,,,,
,,,,,,,,,4.909210526315789e-07,11469,,,,,,,,,
75,,,,,,,,,,11469,0.01469558384269476,,,,,,,,
,,,,,,,,,4.902631578947369e-07,11474,,,,,,,,,
75,,,,,,,,,,11474,0.019189098849892616,,,,,,,,
,,,,,,,,,4.896052631578946e-07,11479,,,,,,,,,
75,,,,,,,,,,11479,0.015073923394083977,,,,,,,,
,,,,,,,,,4.889473684210526e-07,11484,,,,,,,,,
75,,,,,,,,,,11484,0.01224537380039692,,,,,,,,
,,,,,,,,,4.882894736842105e-07,11489,,,,,,,,,
75,,,,,,,,,,11489,0.015176119282841682,,,,,,,,
,,,,,,,,,4.876315789473684e-07,11494,,,,,,,,,
75,,,,,,,,,,11494,0.03589390963315964,,,,,,,,
,,,,,,,,,4.869736842105263e-07,11499,,,,,,,,,
75,,,,,,,,,,11499,0.015489998273551464,,,,,,,,
,,,,,,,,,4.863157894736842e-07,11504,,,,,,,,,
75,,,,,,,,,,11504,0.048343464732170105,,,,,,,,
,,,,,,,,,4.856578947368421e-07,11509,,,,,,,,,
75,,,,,,,,,,11509,0.014572509564459324,,,,,,,,
,,,,,,,,,4.85e-07,11514,,,,,,,,,
75,,,,,,,,,,11514,0.03910600021481514,,,,,,,,
,,,,,,,,,4.843421052631579e-07,11519,,,,,,,,,
75,,,,,,,,,,11519,0.03356402367353439,,,,,,,,
,,,,,,,,,4.836842105263157e-07,11524,,,,,,,,,
75,,,,,,,,,,11524,0.008755571208894253,,,,,,,,
,,,,,,,,,4.830263157894737e-07,11529,,,,,,,,,
75,,,,,,,,,,11529,0.026724543422460556,,,,,,,,
,,,,,,,,,4.823684210526315e-07,11534,,,,,,,,,
75,,,,,,,,,,11534,0.041265819221735,,,,,,,,
,,,,,,,,,4.817105263157895e-07,11539,,,,,,,,,
75,,,,,,,,,,11539,0.047352541238069534,,,,,,,,
,,,,,,,,,4.810526315789473e-07,11544,,,,,,,,,
75,,,,,,,,,,11544,0.026584947481751442,,,,,,,,
,,,,,,,,,4.803947368421053e-07,11549,,,,,,,,,
75,,,,,,,,,,11549,0.015452957712113857,,,,,,,,
75,,,,,,,,,,11551,,0.699999988079071,0.7446808218955994,0.0734553188085556,0.0734553188085556,0.45302119851112366,0.7291666865348816,0.760869562625885,0.4869949221611023
,,,,,,,,,4.797368421052632e-07,11554,,,,,,,,,
76,,,,,,,,,,11554,0.021882034838199615,,,,,,,,
,,,,,,,,,4.790789473684211e-07,11559,,,,,,,,,
76,,,,,,,,,,11559,0.04075741022825241,,,,,,,,
,,,,,,,,,4.78421052631579e-07,11564,,,,,,,,,
76,,,,,,,,,,11564,0.04747232794761658,,,,,,,,
,,,,,,,,,4.777631578947369e-07,11569,,,,,,,,,
76,,,,,,,,,,11569,0.026304112747311592,,,,,,,,
,,,,,,,,,4.771052631578948e-07,11574,,,,,,,,,
76,,,,,,,,,,11574,0.03316615894436836,,,,,,,,
,,,,,,,,,4.764473684210526e-07,11579,,,,,,,,,
76,,,,,,,,,,11579,0.02147572673857212,,,,,,,,
,,,,,,,,,4.757894736842105e-07,11584,,,,,,,,,
76,,,,,,,,,,11584,0.013268268667161465,,,,,,,,
,,,,,,,,,4.751315789473684e-07,11589,,,,,,,,,
76,,,,,,,,,,11589,0.03804377466440201,,,,,,,,
,,,,,,,,,4.744736842105263e-07,11594,,,,,,,,,
76,,,,,,,,,,11594,0.019419902935624123,,,,,,,,
,,,,,,,,,4.738157894736842e-07,11599,,,,,,,,,
76,,,,,,,,,,11599,0.024122176691889763,,,,,,,,
,,,,,,,,,4.731578947368421e-07,11604,,,,,,,,,
76,,,,,,,,,,11604,0.012271194718778133,,,,,,,,
,,,,,,,,,4.725e-07,11609,,,,,,,,,
76,,,,,,,,,,11609,0.007397744804620743,,,,,,,,
,,,,,,,,,4.7184210526315787e-07,11614,,,,,,,,,
76,,,,,,,,,,11614,0.020159274339675903,,,,,,,,
,,,,,,,,,4.711842105263158e-07,11619,,,,,,,,,
76,,,,,,,,,,11619,0.025577960535883904,,,,,,,,
,,,,,,,,,4.7052631578947366e-07,11624,,,,,,,,,
76,,,,,,,,,,11624,0.00688260467723012,,,,,,,,
,,,,,,,,,4.6986842105263156e-07,11629,,,,,,,,,
76,,,,,,,,,,11629,0.029588941484689713,,,,,,,,
,,,,,,,,,4.6921052631578945e-07,11634,,,,,,,,,
76,,,,,,,,,,11634,0.008534066379070282,,,,,,,,
,,,,,,,,,4.6855263157894735e-07,11639,,,,,,,,,
76,,,,,,,,,,11639,0.02948690392076969,,,,,,,,
,,,,,,,,,4.6789473684210524e-07,11644,,,,,,,,,
76,,,,,,,,,,11644,0.008831232786178589,,,,,,,,
,,,,,,,,,4.6723684210526314e-07,11649,,,,,,,,,
76,,,,,,,,,,11649,0.015008972957730293,,,,,,,,
,,,,,,,,,4.6657894736842104e-07,11654,,,,,,,,,
76,,,,,,,,,,11654,0.00790202897042036,,,,,,,,
,,,,,,,,,4.6592105263157893e-07,11659,,,,,,,,,
76,,,,,,,,,,11659,0.01568862982094288,,,,,,,,
,,,,,,,,,4.652631578947368e-07,11664,,,,,,,,,
76,,,,,,,,,,11664,0.01606222614645958,,,,,,,,
,,,,,,,,,4.646052631578947e-07,11669,,,,,,,,,
76,,,,,,,,,,11669,0.03586016595363617,,,,,,,,
,,,,,,,,,4.6394736842105256e-07,11674,,,,,,,,,
76,,,,,,,,,,11674,0.05879867821931839,,,,,,,,
,,,,,,,,,4.632894736842105e-07,11679,,,,,,,,,
76,,,,,,,,,,11679,0.043779902160167694,,,,,,,,
,,,,,,,,,4.6263157894736835e-07,11684,,,,,,,,,
76,,,,,,,,,,11684,0.02083987183868885,,,,,,,,
,,,,,,,,,4.619736842105263e-07,11689,,,,,,,,,
76,,,,,,,,,,11689,0.03190665692090988,,,,,,,,
,,,,,,,,,4.613157894736842e-07,11694,,,,,,,,,
76,,,,,,,,,,11694,0.015823183581233025,,,,,,,,
,,,,,,,,,4.606578947368421e-07,11699,,,,,,,,,
76,,,,,,,,,,11699,0.028238313272595406,,,,,,,,
76,,,,,,,,,,11703,,0.7124999761581421,0.7526881694793701,0.07409540563821793,0.07409540563821793,0.4451676309108734,0.7446808218955994,0.760869562625885,0.47012752294540405
,,,,,,,,,4.6e-07,11704,,,,,,,,,
77,,,,,,,,,,11704,0.01603543572127819,,,,,,,,
,,,,,,,,,4.593421052631579e-07,11709,,,,,,,,,
77,,,,,,,,,,11709,0.029044242575764656,,,,,,,,
,,,,,,,,,4.586842105263158e-07,11714,,,,,,,,,
77,,,,,,,,,,11714,0.015375320799648762,,,,,,,,
,,,,,,,,,4.580263157894736e-07,11719,,,,,,,,,
77,,,,,,,,,,11719,0.019151927903294563,,,,,,,,
,,,,,,,,,4.5736842105263157e-07,11724,,,,,,,,,
77,,,,,,,,,,11724,0.01279044896364212,,,,,,,,
,,,,,,,,,4.567105263157894e-07,11729,,,,,,,,,
77,,,,,,,,,,11729,0.025121554732322693,,,,,,,,
,,,,,,,,,4.5605263157894736e-07,11734,,,,,,,,,
77,,,,,,,,,,11734,0.026507845148444176,,,,,,,,
,,,,,,,,,4.553947368421052e-07,11739,,,,,,,,,
77,,,,,,,,,,11739,0.06102415919303894,,,,,,,,
,,,,,,,,,4.5473684210526315e-07,11744,,,,,,,,,
77,,,,,,,,,,11744,0.021355750039219856,,,,,,,,
,,,,,,,,,4.54078947368421e-07,11749,,,,,,,,,
77,,,,,,,,,,11749,0.03636893257498741,,,,,,,,
,,,,,,,,,4.5342105263157894e-07,11754,,,,,,,,,
77,,,,,,,,,,11754,0.016502313315868378,,,,,,,,
,,,,,,,,,4.5276315789473684e-07,11759,,,,,,,,,
77,,,,,,,,,,11759,0.028164414688944817,,,,,,,,
,,,,,,,,,4.5210526315789474e-07,11764,,,,,,,,,
77,,,,,,,,,,11764,0.015681039541959763,,,,,,,,
,,,,,,,,,4.5144736842105263e-07,11769,,,,,,,,,
77,,,,,,,,,,11769,0.02492021769285202,,,,,,,,
,,,,,,,,,4.5078947368421047e-07,11774,,,,,,,,,
77,,,,,,,,,,11774,0.021003948524594307,,,,,,,,
,,,,,,,,,4.501315789473684e-07,11779,,,,,,,,,
77,,,,,,,,,,11779,0.014407054521143436,,,,,,,,
,,,,,,,,,4.4947368421052626e-07,11784,,,,,,,,,
77,,,,,,,,,,11784,0.018125103786587715,,,,,,,,
,,,,,,,,,4.488157894736842e-07,11789,,,,,,,,,
77,,,,,,,,,,11789,0.049316536635160446,,,,,,,,
,,,,,,,,,4.4815789473684206e-07,11794,,,,,,,,,
77,,,,,,,,,,11794,0.00821397453546524,,,,,,,,
,,,,,,,,,4.475e-07,11799,,,,,,,,,
77,,,,,,,,,,11799,0.022465426474809647,,,,,,,,
,,,,,,,,,4.4684210526315785e-07,11804,,,,,,,,,
77,,,,,,,,,,11804,0.017949922010302544,,,,,,,,
,,,,,,,,,4.461842105263158e-07,11809,,,,,,,,,
77,,,,,,,,,,11809,0.057376645505428314,,,,,,,,
,,,,,,,,,4.4552631578947364e-07,11814,,,,,,,,,
77,,,,,,,,,,11814,0.028974220156669617,,,,,,,,
,,,,,,,,,4.448684210526316e-07,11819,,,,,,,,,
77,,,,,,,,,,11819,0.03931410610675812,,,,,,,,
,,,,,,,,,4.442105263157895e-07,11824,,,,,,,,,
77,,,,,,,,,,11824,0.023456202819943428,,,,,,,,
,,,,,,,,,4.435526315789473e-07,11829,,,,,,,,,
77,,,,,,,,,,11829,0.005237122997641563,,,,,,,,
,,,,,,,,,4.4289473684210527e-07,11834,,,,,,,,,
77,,,,,,,,,,11834,0.03142937272787094,,,,,,,,
,,,,,,,,,4.422368421052631e-07,11839,,,,,,,,,
77,,,,,,,,,,11839,0.05343847721815109,,,,,,,,
,,,,,,,,,4.4157894736842106e-07,11844,,,,,,,,,
77,,,,,,,,,,11844,0.02295662648975849,,,,,,,,
,,,,,,,,,4.409210526315789e-07,11849,,,,,,,,,
77,,,,,,,,,,11849,0.043906379491090775,,,,,,,,
,,,,,,,,,4.4026315789473685e-07,11854,,,,,,,,,
77,,,,,,,,,,11854,0.028200598433613777,,,,,,,,
77,,,,,,,,,,11855,,0.75,0.782608687877655,0.07253094762563705,0.07253094762563705,0.451815128326416,0.782608687877655,0.782608687877655,0.47917747497558594
,,,,,,,,,4.396052631578947e-07,11859,,,,,,,,,
78,,,,,,,,,,11859,0.011177919805049896,,,,,,,,
,,,,,,,,,4.3894736842105264e-07,11864,,,,,,,,,
78,,,,,,,,,,11864,0.011019757017493248,,,,,,,,
,,,,,,,,,4.382894736842105e-07,11869,,,,,,,,,
78,,,,,,,,,,11869,0.05934441462159157,,,,,,,,
,,,,,,,,,4.376315789473684e-07,11874,,,,,,,,,
78,,,,,,,,,,11874,0.025736523792147636,,,,,,,,
,,,,,,,,,4.369736842105263e-07,11879,,,,,,,,,
78,,,,,,,,,,11879,0.01689235493540764,,,,,,,,
,,,,,,,,,4.3631578947368417e-07,11884,,,,,,,,,
78,,,,,,,,,,11884,0.08158905804157257,,,,,,,,
,,,,,,,,,4.356578947368421e-07,11889,,,,,,,,,
78,,,,,,,,,,11889,0.02135533094406128,,,,,,,,
,,,,,,,,,4.3499999999999996e-07,11894,,,,,,,,,
78,,,,,,,,,,11894,0.018627066165208817,,,,,,,,
,,,,,,,,,4.343421052631579e-07,11899,,,,,,,,,
78,,,,,,,,,,11899,0.008967536501586437,,,,,,,,
,,,,,,,,,4.3368421052631576e-07,11904,,,,,,,,,
78,,,,,,,,,,11904,0.02622281387448311,,,,,,,,
,,,,,,,,,4.330263157894737e-07,11909,,,,,,,,,
78,,,,,,,,,,11909,0.030812446027994156,,,,,,,,
,,,,,,,,,4.3236842105263155e-07,11914,,,,,,,,,
78,,,,,,,,,,11914,0.02583182230591774,,,,,,,,
,,,,,,,,,4.317105263157895e-07,11919,,,,,,,,,
78,,,,,,,,,,11919,0.06734026223421097,,,,,,,,
,,,,,,,,,4.3105263157894734e-07,11924,,,,,,,,,
78,,,,,,,,,,11924,0.05602669343352318,,,,,,,,
,,,,,,,,,4.3039473684210523e-07,11929,,,,,,,,,
78,,,,,,,,,,11929,0.008630827069282532,,,,,,,,
,,,,,,,,,4.2973684210526313e-07,11934,,,,,,,,,
78,,,,,,,,,,11934,0.018644198775291443,,,,,,,,
,,,,,,,,,4.29078947368421e-07,11939,,,,,,,,,
78,,,,,,,,,,11939,0.003516408381983638,,,,,,,,
,,,,,,,,,4.284210526315789e-07,11944,,,,,,,,,
78,,,,,,,,,,11944,0.02547845058143139,,,,,,,,
,,,,,,,,,4.277631578947368e-07,11949,,,,,,,,,
78,,,,,,,,,,11949,0.015068410895764828,,,,,,,,
,,,,,,,,,4.271052631578947e-07,11954,,,,,,,,,
78,,,,,,,,,,11954,0.05535462871193886,,,,,,,,
,,,,,,,,,4.264473684210526e-07,11959,,,,,,,,,
78,,,,,,,,,,11959,0.015586962923407555,,,,,,,,
,,,,,,,,,4.2578947368421055e-07,11964,,,,,,,,,
78,,,,,,,,,,11964,0.028878482058644295,,,,,,,,
,,,,,,,,,4.251315789473684e-07,11969,,,,,,,,,
78,,,,,,,,,,11969,0.01343696378171444,,,,,,,,
,,,,,,,,,4.244736842105263e-07,11974,,,,,,,,,
78,,,,,,,,,,11974,0.03143642842769623,,,,,,,,
,,,,,,,,,4.238157894736842e-07,11979,,,,,,,,,
78,,,,,,,,,,11979,0.019130628556013107,,,,,,,,
,,,,,,,,,4.231578947368421e-07,11984,,,,,,,,,
78,,,,,,,,,,11984,0.024500910192728043,,,,,,,,
,,,,,,,,,4.225e-07,11989,,,,,,,,,
78,,,,,,,,,,11989,0.015112103894352913,,,,,,,,
,,,,,,,,,4.218421052631579e-07,11994,,,,,,,,,
78,,,,,,,,,,11994,0.03329479321837425,,,,,,,,
,,,,,,,,,4.2118421052631577e-07,11999,,,,,,,,,
78,,,,,,,,,,11999,0.03690840303897858,,,,,,,,
,,,,,,,,,4.2052631578947366e-07,12004,,,,,,,,,
78,,,,,,,,,,12004,0.027678456157445908,,,,,,,,
78,,,,,,,,,,12007,,0.75,0.782608687877655,0.07210125774145126,0.07210125774145126,0.4569355249404907,0.782608687877655,0.782608687877655,0.4857037365436554
,,,,,,,,,4.1986842105263156e-07,12009,,,,,,,,,
79,,,,,,,,,,12009,0.0061152284033596516,,,,,,,,
,,,,,,,,,4.1921052631578946e-07,12014,,,,,,,,,
79,,,,,,,,,,12014,0.01666511967778206,,,,,,,,
,,,,,,,,,4.185526315789473e-07,12019,,,,,,,,,
79,,,,,,,,,,12019,0.013551638461649418,,,,,,,,
,,,,,,,,,4.1789473684210525e-07,12024,,,,,,,,,
79,,,,,,,,,,12024,0.018377624452114105,,,,,,,,
,,,,,,,,,4.1723684210526314e-07,12029,,,,,,,,,
79,,,,,,,,,,12029,0.056609511375427246,,,,,,,,
,,,,,,,,,4.1657894736842104e-07,12034,,,,,,,,,
79,,,,,,,,,,12034,0.00988362729549408,,,,,,,,
,,,,,,,,,4.1592105263157893e-07,12039,,,,,,,,,
79,,,,,,,,,,12039,0.03205814212560654,,,,,,,,
,,,,,,,,,4.1526315789473683e-07,12044,,,,,,,,,
79,,,,,,,,,,12044,0.03226077929139137,,,,,,,,
,,,,,,,,,4.146052631578947e-07,12049,,,,,,,,,
79,,,,,,,,,,12049,0.033056195825338364,,,,,,,,
,,,,,,,,,4.139473684210526e-07,12054,,,,,,,,,
79,,,,,,,,,,12054,0.016503825783729553,,,,,,,,
,,,,,,,,,4.132894736842105e-07,12059,,,,,,,,,
79,,,,,,,,,,12059,0.02411719225347042,,,,,,,,
,,,,,,,,,4.126315789473684e-07,12064,,,,,,,,,
79,,,,,,,,,,12064,0.07404608279466629,,,,,,,,
,,,,,,,,,4.119736842105263e-07,12069,,,,,,,,,
79,,,,,,,,,,12069,0.03251730650663376,,,,,,,,
,,,,,,,,,4.1131578947368415e-07,12074,,,,,,,,,
79,,,,,,,,,,12074,0.02574240043759346,,,,,,,,
,,,,,,,,,4.106578947368421e-07,12079,,,,,,,,,
79,,,,,,,,,,12079,0.03946549817919731,,,,,,,,
,,,,,,,,,4.0999999999999994e-07,12084,,,,,,,,,
79,,,,,,,,,,12084,0.013786704279482365,,,,,,,,
,,,,,,,,,4.093421052631579e-07,12089,,,,,,,,,
79,,,,,,,,,,12089,0.022307926788926125,,,,,,,,
,,,,,,,,,4.086842105263158e-07,12094,,,,,,,,,
79,,,,,,,,,,12094,0.033589329570531845,,,,,,,,
,,,,,,,,,4.080263157894737e-07,12099,,,,,,,,,
79,,,,,,,,,,12099,0.011197144165635109,,,,,,,,
,,,,,,,,,4.073684210526316e-07,12104,,,,,,,,,
79,,,,,,,,,,12104,0.018913093954324722,,,,,,,,
,,,,,,,,,4.0671052631578947e-07,12109,,,,,,,,,
79,,,,,,,,,,12109,0.030033672228455544,,,,,,,,
,,,,,,,,,4.0605263157894736e-07,12114,,,,,,,,,
79,,,,,,,,,,12114,0.031796783208847046,,,,,,,,
,,,,,,,,,4.0539473684210526e-07,12119,,,,,,,,,
79,,,,,,,,,,12119,0.03618532419204712,,,,,,,,
,,,,,,,,,4.0473684210526316e-07,12124,,,,,,,,,
79,,,,,,,,,,12124,0.02385399490594864,,,,,,,,
,,,,,,,,,4.04078947368421e-07,12129,,,,,,,,,
79,,,,,,,,,,12129,0.0492812916636467,,,,,,,,
,,,,,,,,,4.0342105263157895e-07,12134,,,,,,,,,
79,,,,,,,,,,12134,0.015484919771552086,,,,,,,,
,,,,,,,,,4.027631578947368e-07,12139,,,,,,,,,
79,,,,,,,,,,12139,0.015546058304607868,,,,,,,,
,,,,,,,,,4.0210526315789474e-07,12144,,,,,,,,,
79,,,,,,,,,,12144,0.06193564832210541,,,,,,,,
,,,,,,,,,4.014473684210526e-07,12149,,,,,,,,,
79,,,,,,,,,,12149,0.025088833644986153,,,,,,,,
,,,,,,,,,4.0078947368421053e-07,12154,,,,,,,,,
79,,,,,,,,,,12154,0.03501887246966362,,,,,,,,
,,,,,,,,,4.0013157894736837e-07,12159,,,,,,,,,
79,,,,,,,,,,12159,0.0017990722553804517,,,,,,,,
79,,,,,,,,,,12159,,0.75,0.782608687877655,0.07195331156253815,0.07195331156253815,0.4558436870574951,0.782608687877655,0.782608687877655,0.48353222012519836
,,,,,,,,,3.994736842105263e-07,12164,,,,,,,,,
80,,,,,,,,,,12164,0.029010280966758728,,,,,,,,
,,,,,,,,,3.988157894736842e-07,12169,,,,,,,,,
80,,,,,,,,,,12169,0.02922244742512703,,,,,,,,
,,,,,,,,,3.9815789473684206e-07,12174,,,,,,,,,
80,,,,,,,,,,12174,0.011508699506521225,,,,,,,,
,,,,,,,,,3.975e-07,12179,,,,,,,,,
80,,,,,,,,,,12179,0.02777625434100628,,,,,,,,
,,,,,,,,,3.9684210526315785e-07,12184,,,,,,,,,
80,,,,,,,,,,12184,0.011018214747309685,,,,,,,,
,,,,,,,,,3.961842105263158e-07,12189,,,,,,,,,
80,,,,,,,,,,12189,0.024396730586886406,,,,,,,,
,,,,,,,,,3.9552631578947364e-07,12194,,,,,,,,,
80,,,,,,,,,,12194,0.04557253420352936,,,,,,,,
,,,,,,,,,3.948684210526316e-07,12199,,,,,,,,,
80,,,,,,,,,,12199,0.01899580843746662,,,,,,,,
,,,,,,,,,3.9421052631578943e-07,12204,,,,,,,,,
80,,,,,,,,,,12204,0.015570233575999737,,,,,,,,
,,,,,,,,,3.935526315789474e-07,12209,,,,,,,,,
80,,,,,,,,,,12209,0.03826205059885979,,,,,,,,
,,,,,,,,,3.928947368421052e-07,12214,,,,,,,,,
80,,,,,,,,,,12214,0.015722163021564484,,,,,,,,
,,,,,,,,,3.9223684210526317e-07,12219,,,,,,,,,
80,,,,,,,,,,12219,0.028478184714913368,,,,,,,,
,,,,,,,,,3.91578947368421e-07,12224,,,,,,,,,
80,,,,,,,,,,12224,0.03154916316270828,,,,,,,,
,,,,,,,,,3.909210526315789e-07,12229,,,,,,,,,
80,,,,,,,,,,12229,0.02236645296216011,,,,,,,,
,,,,,,,,,3.9026315789473686e-07,12234,,,,,,,,,
80,,,,,,,,,,12234,0.01731622964143753,,,,,,,,
,,,,,,,,,3.896052631578947e-07,12239,,,,,,,,,
80,,,,,,,,,,12239,0.017059994861483574,,,,,,,,
,,,,,,,,,3.8894736842105265e-07,12244,,,,,,,,,
80,,,,,,,,,,12244,0.023886658251285553,,,,,,,,
,,,,,,,,,3.882894736842105e-07,12249,,,,,,,,,
80,,,,,,,,,,12249,0.01299811340868473,,,,,,,,
,,,,,,,,,3.8763157894736844e-07,12254,,,,,,,,,
80,,,,,,,,,,12254,0.024009888991713524,,,,,,,,
,,,,,,,,,3.869736842105263e-07,12259,,,,,,,,,
80,,,,,,,,,,12259,0.016017476096749306,,,,,,,,
,,,,,,,,,3.8631578947368423e-07,12264,,,,,,,,,
80,,,,,,,,,,12264,0.039427317678928375,,,,,,,,
,,,,,,,,,3.8565789473684207e-07,12269,,,,,,,,,
80,,,,,,,,,,12269,0.044694941490888596,,,,,,,,
,,,,,,,,,3.8499999999999997e-07,12274,,,,,,,,,
80,,,,,,,,,,12274,0.05183853954076767,,,,,,,,
,,,,,,,,,3.8434210526315786e-07,12279,,,,,,,,,
80,,,,,,,,,,12279,0.04666722193360329,,,,,,,,
,,,,,,,,,3.8368421052631576e-07,12284,,,,,,,,,
80,,,,,,,,,,12284,0.005942708346992731,,,,,,,,
,,,,,,,,,3.8302631578947365e-07,12289,,,,,,,,,
80,,,,,,,,,,12289,0.038365598767995834,,,,,,,,
,,,,,,,,,3.8236842105263155e-07,12294,,,,,,,,,
80,,,,,,,,,,12294,0.03249946981668472,,,,,,,,
,,,,,,,,,3.817105263157895e-07,12299,,,,,,,,,
80,,,,,,,,,,12299,0.0507759228348732,,,,,,,,
,,,,,,,,,3.8105263157894734e-07,12304,,,,,,,,,
80,,,,,,,,,,12304,0.02171335741877556,,,,,,,,
,,,,,,,,,3.803947368421053e-07,12309,,,,,,,,,
80,,,,,,,,,,12309,0.028972038999199867,,,,,,,,
80,,,,,,,,,,12311,,0.7250000238418579,0.7555555701255798,0.07246218621730804,0.07246218621730804,0.45284342765808105,0.7727272510528564,0.739130437374115,0.4786375164985657
,,,,,,,,,3.7973684210526313e-07,12314,,,,,,,,,
81,,,,,,,,,,12314,0.014381002634763718,,,,,,,,
,,,,,,,,,3.790789473684211e-07,12319,,,,,,,,,
81,,,,,,,,,,12319,0.05001432076096535,,,,,,,,
,,,,,,,,,3.784210526315789e-07,12324,,,,,,,,,
81,,,,,,,,,,12324,0.020412039011716843,,,,,,,,
,,,,,,,,,3.777631578947368e-07,12329,,,,,,,,,
81,,,,,,,,,,12329,0.010051507502794266,,,,,,,,
,,,,,,,,,3.771052631578947e-07,12334,,,,,,,,,
81,,,,,,,,,,12334,0.03515992686152458,,,,,,,,
,,,,,,,,,3.764473684210526e-07,12339,,,,,,,,,
81,,,,,,,,,,12339,0.02372986637055874,,,,,,,,
,,,,,,,,,3.757894736842105e-07,12344,,,,,,,,,
81,,,,,,,,,,12344,0.011677196249365807,,,,,,,,
,,,,,,,,,3.751315789473684e-07,12349,,,,,,,,,
81,,,,,,,,,,12349,0.0688004195690155,,,,,,,,
,,,,,,,,,3.744736842105263e-07,12354,,,,,,,,,
81,,,,,,,,,,12354,0.008885335177183151,,,,,,,,
,,,,,,,,,3.738157894736842e-07,12359,,,,,,,,,
81,,,,,,,,,,12359,0.02406749129295349,,,,,,,,
,,,,,,,,,3.7315789473684214e-07,12364,,,,,,,,,
81,,,,,,,,,,12364,0.02172750048339367,,,,,,,,
,,,,,,,,,3.725e-07,12369,,,,,,,,,
81,,,,,,,,,,12369,0.016550520434975624,,,,,,,,
,,,,,,,,,3.718421052631579e-07,12374,,,,,,,,,
81,,,,,,,,,,12374,0.01465082447975874,,,,,,,,
,,,,,,,,,3.7118421052631577e-07,12379,,,,,,,,,
81,,,,,,,,,,12379,0.011123070493340492,,,,,,,,
,,,,,,,,,3.7052631578947367e-07,12384,,,,,,,,,
81,,,,,,,,,,12384,0.035061065107584,,,,,,,,
,,,,,,,,,3.6986842105263156e-07,12389,,,,,,,,,
81,,,,,,,,,,12389,0.05104532465338707,,,,,,,,
,,,,,,,,,3.6921052631578946e-07,12394,,,,,,,,,
81,,,,,,,,,,12394,0.012783735990524292,,,,,,,,
,,,,,,,,,3.6855263157894735e-07,12399,,,,,,,,,
81,,,,,,,,,,12399,0.031904906034469604,,,,,,,,
,,,,,,,,,3.6789473684210525e-07,12404,,,,,,,,,
81,,,,,,,,,,12404,0.022596044465899467,,,,,,,,
,,,,,,,,,3.6723684210526314e-07,12409,,,,,,,,,
81,,,,,,,,,,12409,0.03384452313184738,,,,,,,,
,,,,,,,,,3.6657894736842104e-07,12414,,,,,,,,,
81,,,,,,,,,,12414,0.03070172667503357,,,,,,,,
,,,,,,,,,3.659210526315789e-07,12419,,,,,,,,,
81,,,,,,,,,,12419,0.029245654121041298,,,,,,,,
,,,,,,,,,3.6526315789473683e-07,12424,,,,,,,,,
81,,,,,,,,,,12424,0.0507880300283432,,,,,,,,
,,,,,,,,,3.6460526315789467e-07,12429,,,,,,,,,
81,,,,,,,,,,12429,0.04383407160639763,,,,,,,,
,,,,,,,,,3.639473684210526e-07,12434,,,,,,,,,
81,,,,,,,,,,12434,0.022390546277165413,,,,,,,,
,,,,,,,,,3.632894736842105e-07,12439,,,,,,,,,
81,,,,,,,,,,12439,0.05156272277235985,,,,,,,,
,,,,,,,,,3.626315789473684e-07,12444,,,,,,,,,
81,,,,,,,,,,12444,0.028197990730404854,,,,,,,,
,,,,,,,,,3.619736842105263e-07,12449,,,,,,,,,
81,,,,,,,,,,12449,0.02569582872092724,,,,,,,,
,,,,,,,,,3.613157894736842e-07,12454,,,,,,,,,
81,,,,,,,,,,12454,0.06683208048343658,,,,,,,,
,,,,,,,,,3.606578947368421e-07,12459,,,,,,,,,
81,,,,,,,,,,12459,0.026803556829690933,,,,,,,,
81,,,,,,,,,,12463,,0.7250000238418579,0.760869562625885,0.07297170907258987,0.07297170907258987,0.4540587365627289,0.760869562625885,0.760869562625885,0.47577348351478577
,,,,,,,,,3.6e-07,12464,,,,,,,,,
82,,,,,,,,,,12464,0.03378189355134964,,,,,,,,
,,,,,,,,,3.593421052631579e-07,12469,,,,,,,,,
82,,,,,,,,,,12469,0.005872033070772886,,,,,,,,
,,,,,,,,,3.5868421052631573e-07,12474,,,,,,,,,
82,,,,,,,,,,12474,0.007459925953298807,,,,,,,,
,,,,,,,,,3.580263157894737e-07,12479,,,,,,,,,
82,,,,,,,,,,12479,0.04309295117855072,,,,,,,,
,,,,,,,,,3.573684210526315e-07,12484,,,,,,,,,
82,,,,,,,,,,12484,0.007338059134781361,,,,,,,,
,,,,,,,,,3.5671052631578947e-07,12489,,,,,,,,,
82,,,,,,,,,,12489,0.026539601385593414,,,,,,,,
,,,,,,,,,3.560526315789473e-07,12494,,,,,,,,,
82,,,,,,,,,,12494,0.02694873698055744,,,,,,,,
,,,,,,,,,3.5539473684210526e-07,12499,,,,,,,,,
82,,,,,,,,,,12499,0.018023334443569183,,,,,,,,
,,,,,,,,,3.5473684210526316e-07,12504,,,,,,,,,
82,,,,,,,,,,12504,0.02684435248374939,,,,,,,,
,,,,,,,,,3.5407894736842105e-07,12509,,,,,,,,,
82,,,,,,,,,,12509,0.045437175780534744,,,,,,,,
,,,,,,,,,3.5342105263157895e-07,12514,,,,,,,,,
82,,,,,,,,,,12514,0.014571319334208965,,,,,,,,
,,,,,,,,,3.5276315789473684e-07,12519,,,,,,,,,
82,,,,,,,,,,12519,0.0556897297501564,,,,,,,,
,,,,,,,,,3.5210526315789474e-07,12524,,,,,,,,,
82,,,,,,,,,,12524,0.047173622995615005,,,,,,,,
,,,,,,,,,3.514473684210526e-07,12529,,,,,,,,,
82,,,,,,,,,,12529,0.023038282990455627,,,,,,,,
,,,,,,,,,3.5078947368421053e-07,12534,,,,,,,,,
82,,,,,,,,,,12534,0.0423210933804512,,,,,,,,
,,,,,,,,,3.5013157894736837e-07,12539,,,,,,,,,
82,,,,,,,,,,12539,0.0056781223975121975,,,,,,,,
,,,,,,,,,3.494736842105263e-07,12544,,,,,,,,,
82,,,,,,,,,,12544,0.08787848055362701,,,,,,,,
,,,,,,,,,3.4881578947368416e-07,12549,,,,,,,,,
82,,,,,,,,,,12549,0.01185251772403717,,,,,,,,
,,,,,,,,,3.481578947368421e-07,12554,,,,,,,,,
82,,,,,,,,,,12554,0.025890519842505455,,,,,,,,
,,,,,,,,,3.4749999999999996e-07,12559,,,,,,,,,
82,,,,,,,,,,12559,0.036311160773038864,,,,,,,,
,,,,,,,,,3.468421052631579e-07,12564,,,,,,,,,
82,,,,,,,,,,12564,0.0592980831861496,,,,,,,,
,,,,,,,,,3.461842105263158e-07,12569,,,,,,,,,
82,,,,,,,,,,12569,0.035403117537498474,,,,,,,,
,,,,,,,,,3.4552631578947364e-07,12574,,,,,,,,,
82,,,,,,,,,,12574,0.010573911480605602,,,,,,,,
,,,,,,,,,3.448684210526316e-07,12579,,,,,,,,,
82,,,,,,,,,,12579,0.022509686648845673,,,,,,,,
,,,,,,,,,3.4421052631578943e-07,12584,,,,,,,,,
82,,,,,,,,,,12584,0.015336679294705391,,,,,,,,
,,,,,,,,,3.435526315789474e-07,12589,,,,,,,,,
82,,,,,,,,,,12589,0.01946539245545864,,,,,,,,
,,,,,,,,,3.428947368421052e-07,12594,,,,,,,,,
82,,,,,,,,,,12594,0.02424253337085247,,,,,,,,
,,,,,,,,,3.4223684210526317e-07,12599,,,,,,,,,
82,,,,,,,,,,12599,0.06183731183409691,,,,,,,,
,,,,,,,,,3.41578947368421e-07,12604,,,,,,,,,
82,,,,,,,,,,12604,0.027678262442350388,,,,,,,,
,,,,,,,,,3.4092105263157896e-07,12609,,,,,,,,,
82,,,,,,,,,,12609,0.0077189491130411625,,,,,,,,
,,,,,,,,,3.402631578947368e-07,12614,,,,,,,,,
82,,,,,,,,,,12614,0.009963789023458958,,,,,,,,
82,,,,,,,,,,12615,,0.7250000238418579,0.760869562625885,0.07321280986070633,0.07321280986070633,0.4562489092350006,0.760869562625885,0.760869562625885,0.484576940536499
,,,,,,,,,3.3960526315789475e-07,12619,,,,,,,,,
83,,,,,,,,,,12619,0.044563114643096924,,,,,,,,
,,,,,,,,,3.389473684210526e-07,12624,,,,,,,,,
83,,,,,,,,,,12624,0.006484024226665497,,,,,,,,
,,,,,,,,,3.382894736842105e-07,12629,,,,,,,,,
83,,,,,,,,,,12629,0.05638521909713745,,,,,,,,
,,,,,,,,,3.376315789473684e-07,12634,,,,,,,,,
83,,,,,,,,,,12634,0.028471671044826508,,,,,,,,
,,,,,,,,,3.369736842105263e-07,12639,,,,,,,,,
83,,,,,,,,,,12639,0.026970094069838524,,,,,,,,
,,,,,,,,,3.3631578947368423e-07,12644,,,,,,,,,
83,,,,,,,,,,12644,0.01707088202238083,,,,,,,,
,,,,,,,,,3.3565789473684207e-07,12649,,,,,,,,,
83,,,,,,,,,,12649,0.0083715645596385,,,,,,,,
,,,,,,,,,3.35e-07,12654,,,,,,,,,
83,,,,,,,,,,12654,0.023760559037327766,,,,,,,,
,,,,,,,,,3.3434210526315786e-07,12659,,,,,,,,,
83,,,,,,,,,,12659,0.007118753157556057,,,,,,,,
,,,,,,,,,3.336842105263158e-07,12664,,,,,,,,,
83,,,,,,,,,,12664,0.015840614214539528,,,,,,,,
,,,,,,,,,3.3302631578947366e-07,12669,,,,,,,,,
83,,,,,,,,,,12669,0.03540823236107826,,,,,,,,
,,,,,,,,,3.3236842105263155e-07,12674,,,,,,,,,
83,,,,,,,,,,12674,0.01458581630140543,,,,,,,,
,,,,,,,,,3.3171052631578945e-07,12679,,,,,,,,,
83,,,,,,,,,,12679,0.00897309836000204,,,,,,,,
,,,,,,,,,3.3105263157894734e-07,12684,,,,,,,,,
83,,,,,,,,,,12684,0.028839191421866417,,,,,,,,
,,,,,,,,,3.3039473684210524e-07,12689,,,,,,,,,
83,,,,,,,,,,12689,0.0030531438533216715,,,,,,,,
,,,,,,,,,3.2973684210526313e-07,12694,,,,,,,,,
83,,,,,,,,,,12694,0.027604445815086365,,,,,,,,
,,,,,,,,,3.2907894736842103e-07,12699,,,,,,,,,
83,,,,,,,,,,12699,0.018586445599794388,,,,,,,,
,,,,,,,,,3.284210526315789e-07,12704,,,,,,,,,
83,,,,,,,,,,12704,0.030240507796406746,,,,,,,,
,,,,,,,,,3.2776315789473687e-07,12709,,,,,,,,,
83,,,,,,,,,,12709,0.033486299216747284,,,,,,,,
,,,,,,,,,3.271052631578947e-07,12714,,,,,,,,,
83,,,,,,,,,,12714,0.032742734998464584,,,,,,,,
,,,,,,,,,3.2644736842105266e-07,12719,,,,,,,,,
83,,,,,,,,,,12719,0.056836795061826706,,,,,,,,
,,,,,,,,,3.257894736842105e-07,12724,,,,,,,,,
83,,,,,,,,,,12724,0.03043237328529358,,,,,,,,
,,,,,,,,,3.251315789473684e-07,12729,,,,,,,,,
83,,,,,,,,,,12729,0.006819473579525948,,,,,,,,
,,,,,,,,,3.244736842105263e-07,12734,,,,,,,,,
83,,,,,,,,,,12734,0.009822577238082886,,,,,,,,
,,,,,,,,,3.238157894736842e-07,12739,,,,,,,,,
83,,,,,,,,,,12739,0.013786735944449902,,,,,,,,
,,,,,,,,,3.231578947368421e-07,12744,,,,,,,,,
83,,,,,,,,,,12744,0.05962203070521355,,,,,,,,
,,,,,,,,,3.225e-07,12749,,,,,,,,,
83,,,,,,,,,,12749,0.01986246183514595,,,,,,,,
,,,,,,,,,3.218421052631579e-07,12754,,,,,,,,,
83,,,,,,,,,,12754,0.01171000488102436,,,,,,,,
,,,,,,,,,3.211842105263158e-07,12759,,,,,,,,,
83,,,,,,,,,,12759,0.015519524924457073,,,,,,,,
,,,,,,,,,3.2052631578947367e-07,12764,,,,,,,,,
83,,,,,,,,,,12764,0.011450684629380703,,,,,,,,
83,,,,,,,,,,12767,,0.7124999761581421,0.7415730357170105,0.07275508344173431,0.07275508344173431,0.4540444314479828,0.7674418687820435,0.717391312122345,0.48606762290000916
,,,,,,,,,3.1986842105263156e-07,12769,,,,,,,,,
84,,,,,,,,,,12769,0.023136090487241745,,,,,,,,
,,,,,,,,,3.1921052631578946e-07,12774,,,,,,,,,
84,,,,,,,,,,12774,0.01395386178046465,,,,,,,,
,,,,,,,,,3.1855263157894736e-07,12779,,,,,,,,,
84,,,,,,,,,,12779,0.025526082143187523,,,,,,,,
,,,,,,,,,3.1789473684210525e-07,12784,,,,,,,,,
84,,,,,,,,,,12784,0.015016618184745312,,,,,,,,
,,,,,,,,,3.1723684210526315e-07,12789,,,,,,,,,
84,,,,,,,,,,12789,0.015493420884013176,,,,,,,,
,,,,,,,,,3.1657894736842104e-07,12794,,,,,,,,,
84,,,,,,,,,,12794,0.024677790701389313,,,,,,,,
,,,,,,,,,3.1592105263157894e-07,12799,,,,,,,,,
84,,,,,,,,,,12799,0.025168146938085556,,,,,,,,
,,,,,,,,,3.1526315789473683e-07,12804,,,,,,,,,
84,,,,,,,,,,12804,0.027305301278829575,,,,,,,,
,,,,,,,,,3.1460526315789473e-07,12809,,,,,,,,,
84,,,,,,,,,,12809,0.02763926424086094,,,,,,,,
,,,,,,,,,3.139473684210526e-07,12814,,,,,,,,,
84,,,,,,,,,,12814,0.04825716093182564,,,,,,,,
,,,,,,,,,3.1328947368421047e-07,12819,,,,,,,,,
84,,,,,,,,,,12819,0.020823955535888672,,,,,,,,
,,,,,,,,,3.126315789473684e-07,12824,,,,,,,,,
84,,,,,,,,,,12824,0.021406834945082664,,,,,,,,
,,,,,,,,,3.1197368421052626e-07,12829,,,,,,,,,
84,,,,,,,,,,12829,0.009741978719830513,,,,,,,,
,,,,,,,,,3.113157894736842e-07,12834,,,,,,,,,
84,,,,,,,,,,12834,0.010951479896903038,,,,,,,,
,,,,,,,,,3.106578947368421e-07,12839,,,,,,,,,
84,,,,,,,,,,12839,0.04664291813969612,,,,,,,,
,,,,,,,,,3.1e-07,12844,,,,,,,,,
84,,,,,,,,,,12844,0.050116024911403656,,,,,,,,
,,,,,,,,,3.093421052631579e-07,12849,,,,,,,,,
84,,,,,,,,,,12849,0.018412087112665176,,,,,,,,
,,,,,,,,,3.086842105263158e-07,12854,,,,,,,,,
84,,,,,,,,,,12854,0.016559988260269165,,,,,,,,
,,,,,,,,,3.080263157894737e-07,12859,,,,,,,,,
84,,,,,,,,,,12859,0.008787876926362514,,,,,,,,
,,,,,,,,,3.073684210526316e-07,12864,,,,,,,,,
84,,,,,,,,,,12864,0.022862011566758156,,,,,,,,
,,,,,,,,,3.067105263157895e-07,12869,,,,,,,,,
84,,,,,,,,,,12869,0.00861648190766573,,,,,,,,
,,,,,,,,,3.060526315789473e-07,12874,,,,,,,,,
84,,,,,,,,,,12874,0.025802187621593475,,,,,,,,
,,,,,,,,,3.0539473684210526e-07,12879,,,,,,,,,
84,,,,,,,,,,12879,0.014240806922316551,,,,,,,,
,,,,,,,,,3.047368421052631e-07,12884,,,,,,,,,
84,,,,,,,,,,12884,0.07439699023962021,,,,,,,,
,,,,,,,,,3.0407894736842106e-07,12889,,,,,,,,,
84,,,,,,,,,,12889,0.05957848206162453,,,,,,,,
,,,,,,,,,3.034210526315789e-07,12894,,,,,,,,,
84,,,,,,,,,,12894,0.06261088699102402,,,,,,,,
,,,,,,,,,3.0276315789473685e-07,12899,,,,,,,,,
84,,,,,,,,,,12899,0.017375171184539795,,,,,,,,
,,,,,,,,,3.021052631578947e-07,12904,,,,,,,,,
84,,,,,,,,,,12904,0.017316598445177078,,,,,,,,
,,,,,,,,,3.0144736842105264e-07,12909,,,,,,,,,
84,,,,,,,,,,12909,0.007764960173517466,,,,,,,,
,,,,,,,,,3.0078947368421053e-07,12914,,,,,,,,,
84,,,,,,,,,,12914,0.06430710107088089,,,,,,,,
,,,,,,,,,3.0013157894736843e-07,12919,,,,,,,,,
84,,,,,,,,,,12919,0.059421878308057785,,,,,,,,
84,,,,,,,,,,12919,,0.737500011920929,0.7692307829856873,0.07380785048007965,0.07380785048007965,0.45271793007850647,0.7777777910232544,0.760869562625885,0.47981131076812744
,,,,,,,,,2.994736842105263e-07,12924,,,,,,,,,
85,,,,,,,,,,12924,0.03428438678383827,,,,,,,,
,,,,,,,,,2.9881578947368417e-07,12929,,,,,,,,,
85,,,,,,,,,,12929,0.017059406265616417,,,,,,,,
,,,,,,,,,2.981578947368421e-07,12934,,,,,,,,,
85,,,,,,,,,,12934,0.02482551895081997,,,,,,,,
,,,,,,,,,2.9749999999999996e-07,12939,,,,,,,,,
85,,,,,,,,,,12939,0.030154909938573837,,,,,,,,
,,,,,,,,,2.968421052631579e-07,12944,,,,,,,,,
85,,,,,,,,,,12944,0.008091224357485771,,,,,,,,
,,,,,,,,,2.9618421052631575e-07,12949,,,,,,,,,
85,,,,,,,,,,12949,0.015682201832532883,,,,,,,,
,,,,,,,,,2.955263157894737e-07,12954,,,,,,,,,
85,,,,,,,,,,12954,0.028110526502132416,,,,,,,,
,,,,,,,,,2.9486842105263154e-07,12959,,,,,,,,,
85,,,,,,,,,,12959,0.046278078109025955,,,,,,,,
,,,,,,,,,2.942105263157895e-07,12964,,,,,,,,,
85,,,,,,,,,,12964,0.020068954676389694,,,,,,,,
,,,,,,,,,2.9355263157894733e-07,12969,,,,,,,,,
85,,,,,,,,,,12969,0.012837839312851429,,,,,,,,
,,,,,,,,,2.928947368421052e-07,12974,,,,,,,,,
85,,,,,,,,,,12974,0.0239725261926651,,,,,,,,
,,,,,,,,,2.922368421052632e-07,12979,,,,,,,,,
85,,,,,,,,,,12979,0.007427305914461613,,,,,,,,
,,,,,,,,,2.91578947368421e-07,12984,,,,,,,,,
85,,,,,,,,,,12984,0.03438051789999008,,,,,,,,
,,,,,,,,,2.9092105263157896e-07,12989,,,,,,,,,
85,,,,,,,,,,12989,0.028610700741410255,,,,,,,,
,,,,,,,,,2.902631578947368e-07,12994,,,,,,,,,
85,,,,,,,,,,12994,0.014480134472250938,,,,,,,,
,,,,,,,,,2.8960526315789476e-07,12999,,,,,,,,,
85,,,,,,,,,,12999,0.049028899520635605,,,,,,,,
,,,,,,,,,2.889473684210526e-07,13004,,,,,,,,,
85,,,,,,,,,,13004,0.038730159401893616,,,,,,,,
,,,,,,,,,2.8828947368421055e-07,13009,,,,,,,,,
85,,,,,,,,,,13009,0.016610784456133842,,,,,,,,
,,,,,,,,,2.876315789473684e-07,13014,,,,,,,,,
85,,,,,,,,,,13014,0.00844490621238947,,,,,,,,
,,,,,,,,,2.8697368421052634e-07,13019,,,,,,,,,
85,,,,,,,,,,13019,0.023699674755334854,,,,,,,,
,,,,,,,,,2.863157894736842e-07,13024,,,,,,,,,
85,,,,,,,,,,13024,0.03659461811184883,,,,,,,,
,,,,,,,,,2.856578947368421e-07,13029,,,,,,,,,
85,,,,,,,,,,13029,0.009600001387298107,,,,,,,,
,,,,,,,,,2.8499999999999997e-07,13034,,,,,,,,,
85,,,,,,,,,,13034,0.022334406152367592,,,,,,,,
,,,,,,,,,2.8434210526315787e-07,13039,,,,,,,,,
85,,,,,,,,,,13039,0.007492436096072197,,,,,,,,
,,,,,,,,,2.836842105263158e-07,13044,,,,,,,,,
85,,,,,,,,,,13044,0.058368269354104996,,,,,,,,
,,,,,,,,,2.8302631578947366e-07,13049,,,,,,,,,
85,,,,,,,,,,13049,0.039578720927238464,,,,,,,,
,,,,,,,,,2.823684210526316e-07,13054,,,,,,,,,
85,,,,,,,,,,13054,0.019606320187449455,,,,,,,,
,,,,,,,,,2.8171052631578945e-07,13059,,,,,,,,,
85,,,,,,,,,,13059,0.020595842972397804,,,,,,,,
,,,,,,,,,2.810526315789474e-07,13064,,,,,,,,,
85,,,,,,,,,,13064,0.06929618120193481,,,,,,,,
,,,,,,,,,2.8039473684210524e-07,13069,,,,,,,,,
85,,,,,,,,,,13069,0.01204867847263813,,,,,,,,
85,,,,,,,,,,13071,,0.7250000238418579,0.7555555701255798,0.07343606650829315,0.07343606650829315,0.4485253691673279,0.7727272510528564,0.739130437374115,0.47415363788604736
,,,,,,,,,2.7973684210526313e-07,13074,,,,,,,,,
86,,,,,,,,,,13074,0.03639024496078491,,,,,,,,
,,,,,,,,,2.7907894736842103e-07,13079,,,,,,,,,
86,,,,,,,,,,13079,0.0077845011837780476,,,,,,,,
,,,,,,,,,2.784210526315789e-07,13084,,,,,,,,,
86,,,,,,,,,,13084,0.07053111493587494,,,,,,,,
,,,,,,,,,2.777631578947368e-07,13089,,,,,,,,,
86,,,,,,,,,,13089,0.03397660702466965,,,,,,,,
,,,,,,,,,2.771052631578947e-07,13094,,,,,,,,,
86,,,,,,,,,,13094,0.04160948097705841,,,,,,,,
,,,,,,,,,2.764473684210526e-07,13099,,,,,,,,,
86,,,,,,,,,,13099,0.012768564745783806,,,,,,,,
,,,,,,,,,2.757894736842105e-07,13104,,,,,,,,,
86,,,,,,,,,,13104,0.02640731818974018,,,,,,,,
,,,,,,,,,2.751315789473684e-07,13109,,,,,,,,,
86,,,,,,,,,,13109,0.00874729547649622,,,,,,,,
,,,,,,,,,2.744736842105263e-07,13114,,,,,,,,,
86,,,,,,,,,,13114,0.026832215487957,,,,,,,,
,,,,,,,,,2.7381578947368425e-07,13119,,,,,,,,,
86,,,,,,,,,,13119,0.012825428508222103,,,,,,,,
,,,,,,,,,2.731578947368421e-07,13124,,,,,,,,,
86,,,,,,,,,,13124,0.013636169955134392,,,,,,,,
,,,,,,,,,2.725e-07,13129,,,,,,,,,
86,,,,,,,,,,13129,0.03420291841030121,,,,,,,,
,,,,,,,,,2.718421052631579e-07,13134,,,,,,,,,
86,,,,,,,,,,13134,0.02079106494784355,,,,,,,,
,,,,,,,,,2.711842105263158e-07,13139,,,,,,,,,
86,,,,,,,,,,13139,0.015309308655560017,,,,,,,,
,,,,,,,,,2.7052631578947367e-07,13144,,,,,,,,,
86,,,,,,,,,,13144,0.01420170720666647,,,,,,,,
,,,,,,,,,2.6986842105263157e-07,13149,,,,,,,,,
86,,,,,,,,,,13149,0.033316660672426224,,,,,,,,
,,,,,,,,,2.6921052631578946e-07,13154,,,,,,,,,
86,,,,,,,,,,13154,0.046481870114803314,,,,,,,,
,,,,,,,,,2.6855263157894736e-07,13159,,,,,,,,,
86,,,,,,,,,,13159,0.013215498067438602,,,,,,,,
,,,,,,,,,2.6789473684210525e-07,13164,,,,,,,,,
86,,,,,,,,,,13164,0.023656196892261505,,,,,,,,
,,,,,,,,,2.6723684210526315e-07,13169,,,,,,,,,
86,,,,,,,,,,13169,0.027704352512955666,,,,,,,,
,,,,,,,,,2.66578947368421e-07,13174,,,,,,,,,
86,,,,,,,,,,13174,0.02510153502225876,,,,,,,,
,,,,,,,,,2.6592105263157894e-07,13179,,,,,,,,,
86,,,,,,,,,,13179,0.03243004158139229,,,,,,,,
,,,,,,,,,2.6526315789473684e-07,13184,,,,,,,,,
86,,,,,,,,,,13184,0.010271514765918255,,,,,,,,
,,,,,,,,,2.6460526315789473e-07,13189,,,,,,,,,
86,,,,,,,,,,13189,0.03058428131043911,,,,,,,,
,,,,,,,,,2.639473684210526e-07,13194,,,,,,,,,
86,,,,,,,,,,13194,0.02958380989730358,,,,,,,,
,,,,,,,,,2.632894736842105e-07,13199,,,,,,,,,
86,,,,,,,,,,13199,0.02529090642929077,,,,,,,,
,,,,,,,,,2.626315789473684e-07,13204,,,,,,,,,
86,,,,,,,,,,13204,0.029531344771385193,,,,,,,,
,,,,,,,,,2.619736842105263e-07,13209,,,,,,,,,
86,,,,,,,,,,13209,0.03606286272406578,,,,,,,,
,,,,,,,,,2.613157894736842e-07,13214,,,,,,,,,
86,,,,,,,,,,13214,0.021502388641238213,,,,,,,,
,,,,,,,,,2.6065789473684205e-07,13219,,,,,,,,,
86,,,,,,,,,,13219,0.021143091842532158,,,,,,,,
86,,,,,,,,,,13223,,0.7250000238418579,0.7659574747085571,0.07503325492143631,0.07503325492143631,0.45417189598083496,0.75,0.782608687877655,0.473238080739975
,,,,,,,,,2.6e-07,13224,,,,,,,,,
87,,,,,,,,,,13224,0.11301455646753311,,,,,,,,
,,,,,,,,,2.5934210526315784e-07,13229,,,,,,,,,
87,,,,,,,,,,13229,0.014471091330051422,,,,,,,,
,,,,,,,,,2.586842105263158e-07,13234,,,,,,,,,
87,,,,,,,,,,13234,0.02554773911833763,,,,,,,,
,,,,,,,,,2.5802631578947363e-07,13239,,,,,,,,,
87,,,,,,,,,,13239,0.0856342762708664,,,,,,,,
,,,,,,,,,2.573684210526316e-07,13244,,,,,,,,,
87,,,,,,,,,,13244,0.03956116735935211,,,,,,,,
,,,,,,,,,2.567105263157895e-07,13249,,,,,,,,,
87,,,,,,,,,,13249,0.02853642776608467,,,,,,,,
,,,,,,,,,2.5605263157894737e-07,13254,,,,,,,,,
87,,,,,,,,,,13254,0.029745984822511673,,,,,,,,
,,,,,,,,,2.5539473684210527e-07,13259,,,,,,,,,
87,,,,,,,,,,13259,0.038544267416000366,,,,,,,,
,,,,,,,,,2.5473684210526316e-07,13264,,,,,,,,,
87,,,,,,,,,,13264,0.01321911159902811,,,,,,,,
,,,,,,,,,2.5407894736842106e-07,13269,,,,,,,,,
87,,,,,,,,,,13269,0.010854496620595455,,,,,,,,
,,,,,,,,,2.534210526315789e-07,13274,,,,,,,,,
87,,,,,,,,,,13274,0.024527134373784065,,,,,,,,
,,,,,,,,,2.5276315789473685e-07,13279,,,,,,,,,
87,,,,,,,,,,13279,0.010493162088096142,,,,,,,,
,,,,,,,,,2.521052631578947e-07,13284,,,,,,,,,
87,,,,,,,,,,13284,0.021751977503299713,,,,,,,,
,,,,,,,,,2.5144736842105264e-07,13289,,,,,,,,,
87,,,,,,,,,,13289,0.022453876212239265,,,,,,,,
,,,,,,,,,2.507894736842105e-07,13294,,,,,,,,,
87,,,,,,,,,,13294,0.05504408851265907,,,,,,,,
,,,,,,,,,2.5013157894736843e-07,13299,,,,,,,,,
87,,,,,,,,,,13299,0.03206783905625343,,,,,,,,
,,,,,,,,,2.494736842105263e-07,13304,,,,,,,,,
87,,,,,,,,,,13304,0.01900644414126873,,,,,,,,
,,,,,,,,,2.488157894736842e-07,13309,,,,,,,,,
87,,,,,,,,,,13309,0.024902451783418655,,,,,,,,
,,,,,,,,,2.481578947368421e-07,13314,,,,,,,,,
87,,,,,,,,,,13314,0.034065160900354385,,,,,,,,
,,,,,,,,,2.475e-07,13319,,,,,,,,,
87,,,,,,,,,,13319,0.024285277351737022,,,,,,,,
,,,,,,,,,2.4684210526315786e-07,13324,,,,,,,,,
87,,,,,,,,,,13324,0.03824882581830025,,,,,,,,
,,,,,,,,,2.4618421052631575e-07,13329,,,,,,,,,
87,,,,,,,,,,13329,0.013900235295295715,,,,,,,,
,,,,,,,,,2.4552631578947365e-07,13334,,,,,,,,,
87,,,,,,,,,,13334,0.0233123991638422,,,,,,,,
,,,,,,,,,2.4486842105263154e-07,13339,,,,,,,,,
87,,,,,,,,,,13339,0.024589993059635162,,,,,,,,
,,,,,,,,,2.4421052631578944e-07,13344,,,,,,,,,
87,,,,,,,,,,13344,0.048921968787908554,,,,,,,,
,,,,,,,,,2.435526315789474e-07,13349,,,,,,,,,
87,,,,,,,,,,13349,0.04765162616968155,,,,,,,,
,,,,,,,,,2.428947368421053e-07,13354,,,,,,,,,
87,,,,,,,,,,13354,0.02344966121017933,,,,,,,,
,,,,,,,,,2.422368421052632e-07,13359,,,,,,,,,
87,,,,,,,,,,13359,0.030338672921061516,,,,,,,,
,,,,,,,,,2.4157894736842107e-07,13364,,,,,,,,,
87,,,,,,,,,,13364,0.010680899024009705,,,,,,,,
,,,,,,,,,2.4092105263157897e-07,13369,,,,,,,,,
87,,,,,,,,,,13369,0.005503595340996981,,,,,,,,
,,,,,,,,,2.402631578947368e-07,13374,,,,,,,,,
87,,,,,,,,,,13374,0.021819574758410454,,,,,,,,
87,,,,,,,,,,13375,,0.7124999761581421,0.75789475440979,0.07485432177782059,0.07485432177782059,0.45917943120002747,0.7346938848495483,0.782608687877655,0.4787079393863678
,,,,,,,,,2.396052631578947e-07,13379,,,,,,,,,
88,,,,,,,,,,13379,0.01962054707109928,,,,,,,,
,,,,,,,,,2.389473684210526e-07,13384,,,,,,,,,
88,,,,,,,,,,13384,0.005649826489388943,,,,,,,,
,,,,,,,,,2.3828947368421052e-07,13389,,,,,,,,,
88,,,,,,,,,,13389,0.013556317426264286,,,,,,,,
,,,,,,,,,2.3763157894736842e-07,13394,,,,,,,,,
88,,,,,,,,,,13394,0.03075386770069599,,,,,,,,
,,,,,,,,,2.369736842105263e-07,13399,,,,,,,,,
88,,,,,,,,,,13399,0.019297216087579727,,,,,,,,
,,,,,,,,,2.3631578947368418e-07,13404,,,,,,,,,
88,,,,,,,,,,13404,0.010194778442382812,,,,,,,,
,,,,,,,,,2.3565789473684208e-07,13409,,,,,,,,,
88,,,,,,,,,,13409,0.007761926855891943,,,,,,,,
,,,,,,,,,2.3499999999999997e-07,13414,,,,,,,,,
88,,,,,,,,,,13414,0.02101534605026245,,,,,,,,
,,,,,,,,,2.343421052631579e-07,13419,,,,,,,,,
88,,,,,,,,,,13419,0.017836736515164375,,,,,,,,
,,,,,,,,,2.336842105263158e-07,13424,,,,,,,,,
88,,,,,,,,,,13424,0.011620293371379375,,,,,,,,
,,,,,,,,,2.3302631578947369e-07,13429,,,,,,,,,
88,,,,,,,,,,13429,0.040608372539281845,,,,,,,,
,,,,,,,,,2.3236842105263158e-07,13434,,,,,,,,,
88,,,,,,,,,,13434,0.06673949211835861,,,,,,,,
,,,,,,,,,2.3171052631578948e-07,13439,,,,,,,,,
88,,,,,,,,,,13439,0.018075257539749146,,,,,,,,
,,,,,,,,,2.3105263157894737e-07,13444,,,,,,,,,
88,,,,,,,,,,13444,0.028591061010956764,,,,,,,,
,,,,,,,,,2.3039473684210524e-07,13449,,,,,,,,,
88,,,,,,,,,,13449,0.02252160757780075,,,,,,,,
,,,,,,,,,2.2973684210526314e-07,13454,,,,,,,,,
88,,,,,,,,,,13454,0.0039766887202858925,,,,,,,,
,,,,,,,,,2.2907894736842103e-07,13459,,,,,,,,,
88,,,,,,,,,,13459,0.015133746899664402,,,,,,,,
,,,,,,,,,2.2842105263157893e-07,13464,,,,,,,,,
88,,,,,,,,,,13464,0.013335521332919598,,,,,,,,
,,,,,,,,,2.2776315789473682e-07,13469,,,,,,,,,
88,,,,,,,,,,13469,0.044474340975284576,,,,,,,,
,,,,,,,,,2.2710526315789472e-07,13474,,,,,,,,,
88,,,,,,,,,,13474,0.017226098105311394,,,,,,,,
,,,,,,,,,2.2644736842105261e-07,13479,,,,,,,,,
88,,,,,,,,,,13479,0.024327702820301056,,,,,,,,
,,,,,,,,,2.2578947368421054e-07,13484,,,,,,,,,
88,,,,,,,,,,13484,0.051721446216106415,,,,,,,,
,,,,,,,,,2.2513157894736843e-07,13489,,,,,,,,,
88,,,,,,,,,,13489,0.018729524686932564,,,,,,,,
,,,,,,,,,2.2447368421052633e-07,13494,,,,,,,,,
88,,,,,,,,,,13494,0.016276970505714417,,,,,,,,
,,,,,,,,,2.238157894736842e-07,13499,,,,,,,,,
88,,,,,,,,,,13499,0.01556218508630991,,,,,,,,
,,,,,,,,,2.231578947368421e-07,13504,,,,,,,,,
88,,,,,,,,,,13504,0.04103075712919235,,,,,,,,
,,,,,,,,,2.225e-07,13509,,,,,,,,,
88,,,,,,,,,,13509,0.017513424158096313,,,,,,,,
,,,,,,,,,2.2184210526315788e-07,13514,,,,,,,,,
88,,,,,,,,,,13514,0.05353616923093796,,,,,,,,
,,,,,,,,,2.2118421052631578e-07,13519,,,,,,,,,
88,,,,,,,,,,13519,0.019134927541017532,,,,,,,,
,,,,,,,,,2.2052631578947367e-07,13524,,,,,,,,,
88,,,,,,,,,,13524,0.020836148411035538,,,,,,,,
88,,,,,,,,,,13527,,0.7250000238418579,0.760869562625885,0.07390366494655609,0.07390366494655609,0.45978251099586487,0.760869562625885,0.760869562625885,0.4845416843891144
,,,,,,,,,2.1986842105263157e-07,13529,,,,,,,,,
89,,,,,,,,,,13529,0.05364646017551422,,,,,,,,
,,,,,,,,,2.1921052631578946e-07,13534,,,,,,,,,
89,,,,,,,,,,13534,0.0660531222820282,,,,,,,,
,,,,,,,,,2.1855263157894736e-07,13539,,,,,,,,,
89,,,,,,,,,,13539,0.057165563106536865,,,,,,,,
,,,,,,,,,2.1789473684210526e-07,13544,,,,,,,,,
89,,,,,,,,,,13544,0.017557650804519653,,,,,,,,
,,,,,,,,,2.1723684210526312e-07,13549,,,,,,,,,
89,,,,,,,,,,13549,0.034446556121110916,,,,,,,,
,,,,,,,,,2.1657894736842105e-07,13554,,,,,,,,,
89,,,,,,,,,,13554,0.021126534789800644,,,,,,,,
,,,,,,,,,2.1592105263157894e-07,13559,,,,,,,,,
89,,,,,,,,,,13559,0.021787818521261215,,,,,,,,
,,,,,,,,,2.1526315789473684e-07,13564,,,,,,,,,
89,,,,,,,,,,13564,0.042790595442056656,,,,,,,,
,,,,,,,,,2.1460526315789473e-07,13569,,,,,,,,,
89,,,,,,,,,,13569,0.025552671402692795,,,,,,,,
,,,,,,,,,2.1394736842105263e-07,13574,,,,,,,,,
89,,,,,,,,,,13574,0.0036437627859413624,,,,,,,,
,,,,,,,,,2.1328947368421052e-07,13579,,,,,,,,,
89,,,,,,,,,,13579,0.019353553652763367,,,,,,,,
,,,,,,,,,2.1263157894736842e-07,13584,,,,,,,,,
89,,,,,,,,,,13584,0.05534568056464195,,,,,,,,
,,,,,,,,,2.1197368421052631e-07,13589,,,,,,,,,
89,,,,,,,,,,13589,0.03443397954106331,,,,,,,,
,,,,,,,,,2.113157894736842e-07,13594,,,,,,,,,
89,,,,,,,,,,13594,0.01713620498776436,,,,,,,,
,,,,,,,,,2.1065789473684208e-07,13599,,,,,,,,,
89,,,,,,,,,,13599,0.051409345120191574,,,,,,,,
,,,,,,,,,2.0999999999999997e-07,13604,,,,,,,,,
89,,,,,,,,,,13604,0.003977034706622362,,,,,,,,
,,,,,,,,,2.0934210526315787e-07,13609,,,,,,,,,
89,,,,,,,,,,13609,0.01191905327141285,,,,,,,,
,,,,,,,,,2.0868421052631577e-07,13614,,,,,,,,,
89,,,,,,,,,,13614,0.018157199025154114,,,,,,,,
,,,,,,,,,2.080263157894737e-07,13619,,,,,,,,,
89,,,,,,,,,,13619,0.04143839329481125,,,,,,,,
,,,,,,,,,2.0736842105263158e-07,13624,,,,,,,,,
89,,,,,,,,,,13624,0.013346441090106964,,,,,,,,
,,,,,,,,,2.0671052631578948e-07,13629,,,,,,,,,
89,,,,,,,,,,13629,0.013321276754140854,,,,,,,,
,,,,,,,,,2.0605263157894737e-07,13634,,,,,,,,,
89,,,,,,,,,,13634,0.0037478432059288025,,,,,,,,
,,,,,,,,,2.0539473684210527e-07,13639,,,,,,,,,
89,,,,,,,,,,13639,0.019955718889832497,,,,,,,,
,,,,,,,,,2.0473684210526316e-07,13644,,,,,,,,,
89,,,,,,,,,,13644,0.015940310433506966,,,,,,,,
,,,,,,,,,2.0407894736842103e-07,13649,,,,,,,,,
89,,,,,,,,,,13649,0.017829671502113342,,,,,,,,
,,,,,,,,,2.0342105263157893e-07,13654,,,,,,,,,
89,,,,,,,,,,13654,0.011245054192841053,,,,,,,,
,,,,,,,,,2.0276315789473682e-07,13659,,,,,,,,,
89,,,,,,,,,,13659,0.021707478910684586,,,,,,,,
,,,,,,,,,2.0210526315789472e-07,13664,,,,,,,,,
89,,,,,,,,,,13664,0.015355191193521023,,,,,,,,
,,,,,,,,,2.0144736842105262e-07,13669,,,,,,,,,
89,,,,,,,,,,13669,0.007641690317541361,,,,,,,,
,,,,,,,,,2.007894736842105e-07,13674,,,,,,,,,
89,,,,,,,,,,13674,0.021007735282182693,,,,,,,,
,,,,,,,,,2.001315789473684e-07,13679,,,,,,,,,
89,,,,,,,,,,13679,0.061483483761548996,,,,,,,,
89,,,,,,,,,,13679,,0.7124999761581421,0.75789475440979,0.07436291128396988,0.07436291128396988,0.4636162221431732,0.7346938848495483,0.782608687877655,0.4837200343608856
,,,,,,,,,1.994736842105263e-07,13684,,,,,,,,,
90,,,,,,,,,,13684,0.026833554729819298,,,,,,,,
,,,,,,,,,1.9881578947368422e-07,13689,,,,,,,,,
90,,,,,,,,,,13689,0.03446687012910843,,,,,,,,
,,,,,,,,,1.9815789473684212e-07,13694,,,,,,,,,
90,,,,,,,,,,13694,0.032145023345947266,,,,,,,,
,,,,,,,,,1.975e-07,13699,,,,,,,,,
90,,,,,,,,,,13699,0.011008025147020817,,,,,,,,
,,,,,,,,,1.9684210526315788e-07,13704,,,,,,,,,
90,,,,,,,,,,13704,0.030318662524223328,,,,,,,,
,,,,,,,,,1.9618421052631578e-07,13709,,,,,,,,,
90,,,,,,,,,,13709,0.015245649963617325,,,,,,,,
,,,,,,,,,1.9552631578947367e-07,13714,,,,,,,,,
90,,,,,,,,,,13714,0.018419336527585983,,,,,,,,
,,,,,,,,,1.9486842105263157e-07,13719,,,,,,,,,
90,,,,,,,,,,13719,0.034154392778873444,,,,,,,,
,,,,,,,,,1.9421052631578947e-07,13724,,,,,,,,,
90,,,,,,,,,,13724,0.036313287913799286,,,,,,,,
,,,,,,,,,1.9355263157894736e-07,13729,,,,,,,,,
90,,,,,,,,,,13729,0.02073940634727478,,,,,,,,
,,,,,,,,,1.9289473684210526e-07,13734,,,,,,,,,
90,,,,,,,,,,13734,0.014293220825493336,,,,,,,,
,,,,,,,,,1.9223684210526315e-07,13739,,,,,,,,,
90,,,,,,,,,,13739,0.016674138605594635,,,,,,,,
,,,,,,,,,1.9157894736842105e-07,13744,,,,,,,,,
90,,,,,,,,,,13744,0.017703907564282417,,,,,,,,
,,,,,,,,,1.9092105263157892e-07,13749,,,,,,,,,
90,,,,,,,,,,13749,0.035544633865356445,,,,,,,,
,,,,,,,,,1.902631578947368e-07,13754,,,,,,,,,
90,,,,,,,,,,13754,0.025974661111831665,,,,,,,,
,,,,,,,,,1.8960526315789473e-07,13759,,,,,,,,,
90,,,,,,,,,,13759,0.04066944867372513,,,,,,,,
,,,,,,,,,1.8894736842105263e-07,13764,,,,,,,,,
90,,,,,,,,,,13764,0.01879614219069481,,,,,,,,
,,,,,,,,,1.8828947368421052e-07,13769,,,,,,,,,
90,,,,,,,,,,13769,0.044788286089897156,,,,,,,,
,,,,,,,,,1.8763157894736842e-07,13774,,,,,,,,,
90,,,,,,,,,,13774,0.020202379673719406,,,,,,,,
,,,,,,,,,1.8697368421052632e-07,13779,,,,,,,,,
90,,,,,,,,,,13779,0.034788813441991806,,,,,,,,
,,,,,,,,,1.863157894736842e-07,13784,,,,,,,,,
90,,,,,,,,,,13784,0.024799032136797905,,,,,,,,
,,,,,,,,,1.856578947368421e-07,13789,,,,,,,,,
90,,,,,,,,,,13789,0.022689923644065857,,,,,,,,
,,,,,,,,,1.85e-07,13794,,,,,,,,,
90,,,,,,,,,,13794,0.04250355437397957,,,,,,,,
,,,,,,,,,1.8434210526315787e-07,13799,,,,,,,,,
90,,,,,,,,,,13799,0.017418883740901947,,,,,,,,
,,,,,,,,,1.8368421052631577e-07,13804,,,,,,,,,
90,,,,,,,,,,13804,0.02056199312210083,,,,,,,,
,,,,,,,,,1.8302631578947366e-07,13809,,,,,,,,,
90,,,,,,,,,,13809,0.010773356072604656,,,,,,,,
,,,,,,,,,1.8236842105263156e-07,13814,,,,,,,,,
90,,,,,,,,,,13814,0.01772894710302353,,,,,,,,
,,,,,,,,,1.8171052631578945e-07,13819,,,,,,,,,
90,,,,,,,,,,13819,0.013944598846137524,,,,,,,,
,,,,,,,,,1.8105263157894737e-07,13824,,,,,,,,,
90,,,,,,,,,,13824,0.029166849330067635,,,,,,,,
,,,,,,,,,1.8039473684210527e-07,13829,,,,,,,,,
90,,,,,,,,,,13829,0.025579752400517464,,,,,,,,
90,,,,,,,,,,13831,,0.737500011920929,0.7692307829856873,0.07385384291410446,0.07385384291410446,0.45842626690864563,0.7777777910232544,0.760869562625885,0.4799286723136902
,,,,,,,,,1.7973684210526317e-07,13834,,,,,,,,,
91,,,,,,,,,,13834,0.02789996564388275,,,,,,,,
,,,,,,,,,1.7907894736842106e-07,13839,,,,,,,,,
91,,,,,,,,,,13839,0.040746964514255524,,,,,,,,
,,,,,,,,,1.7842105263157896e-07,13844,,,,,,,,,
91,,,,,,,,,,13844,0.04189693555235863,,,,,,,,
,,,,,,,,,1.7776315789473683e-07,13849,,,,,,,,,
91,,,,,,,,,,13849,0.035551637411117554,,,,,,,,
,,,,,,,,,1.7710526315789472e-07,13854,,,,,,,,,
91,,,,,,,,,,13854,0.009930197149515152,,,,,,,,
,,,,,,,,,1.7644736842105262e-07,13859,,,,,,,,,
91,,,,,,,,,,13859,0.024044260382652283,,,,,,,,
,,,,,,,,,1.757894736842105e-07,13864,,,,,,,,,
91,,,,,,,,,,13864,0.017087524756789207,,,,,,,,
,,,,,,,,,1.751315789473684e-07,13869,,,,,,,,,
91,,,,,,,,,,13869,0.011841502040624619,,,,,,,,
,,,,,,,,,1.744736842105263e-07,13874,,,,,,,,,
91,,,,,,,,,,13874,0.025484545156359673,,,,,,,,
,,,,,,,,,1.738157894736842e-07,13879,,,,,,,,,
91,,,,,,,,,,13879,0.007108511868864298,,,,,,,,
,,,,,,,,,1.731578947368421e-07,13884,,,,,,,,,
91,,,,,,,,,,13884,0.01203660387545824,,,,,,,,
,,,,,,,,,1.725e-07,13889,,,,,,,,,
91,,,,,,,,,,13889,0.020016662776470184,,,,,,,,
,,,,,,,,,1.718421052631579e-07,13894,,,,,,,,,
91,,,,,,,,,,13894,0.00766018545255065,,,,,,,,
,,,,,,,,,1.7118421052631578e-07,13899,,,,,,,,,
91,,,,,,,,,,13899,0.015574214048683643,,,,,,,,
,,,,,,,,,1.7052631578947368e-07,13904,,,,,,,,,
91,,,,,,,,,,13904,0.05342189595103264,,,,,,,,
,,,,,,,,,1.6986842105263157e-07,13909,,,,,,,,,
91,,,,,,,,,,13909,0.012565690092742443,,,,,,,,
,,,,,,,,,1.6921052631578947e-07,13914,,,,,,,,,
91,,,,,,,,,,13914,0.02202518656849861,,,,,,,,
,,,,,,,,,1.6855263157894736e-07,13919,,,,,,,,,
91,,,,,,,,,,13919,0.03763216361403465,,,,,,,,
,,,,,,,,,1.6789473684210526e-07,13924,,,,,,,,,
91,,,,,,,,,,13924,0.008097061887383461,,,,,,,,
,,,,,,,,,1.6723684210526315e-07,13929,,,,,,,,,
91,,,,,,,,,,13929,0.012834973633289337,,,,,,,,
,,,,,,,,,1.6657894736842105e-07,13934,,,,,,,,,
91,,,,,,,,,,13934,0.028678424656391144,,,,,,,,
,,,,,,,,,1.6592105263157894e-07,13939,,,,,,,,,
91,,,,,,,,,,13939,0.08027532696723938,,,,,,,,
,,,,,,,,,1.6526315789473684e-07,13944,,,,,,,,,
91,,,,,,,,,,13944,0.052525535225868225,,,,,,,,
,,,,,,,,,1.646052631578947e-07,13949,,,,,,,,,
91,,,,,,,,,,13949,0.018823698163032532,,,,,,,,
,,,,,,,,,1.639473684210526e-07,13954,,,,,,,,,
91,,,,,,,,,,13954,0.03928200155496597,,,,,,,,
,,,,,,,,,1.6328947368421053e-07,13959,,,,,,,,,
91,,,,,,,,,,13959,0.03575311228632927,,,,,,,,
,,,,,,,,,1.6263157894736842e-07,13964,,,,,,,,,
91,,,,,,,,,,13964,0.03475777432322502,,,,,,,,
,,,,,,,,,1.6197368421052632e-07,13969,,,,,,,,,
91,,,,,,,,,,13969,0.015432971529662609,,,,,,,,
,,,,,,,,,1.613157894736842e-07,13974,,,,,,,,,
91,,,,,,,,,,13974,0.06579434871673584,,,,,,,,
,,,,,,,,,1.606578947368421e-07,13979,,,,,,,,,
91,,,,,,,,,,13979,0.012844588607549667,,,,,,,,
91,,,,,,,,,,13983,,0.737500011920929,0.7692307829856873,0.07376717776060104,0.07376717776060104,0.4568215012550354,0.7777777910232544,0.760869562625885,0.4775693714618683
,,,,,,,,,1.6e-07,13984,,,,,,,,,
92,,,,,,,,,,13984,0.020836608484387398,,,,,,,,
,,,,,,,,,1.593421052631579e-07,13989,,,,,,,,,
92,,,,,,,,,,13989,0.02179502509534359,,,,,,,,
,,,,,,,,,1.586842105263158e-07,13994,,,,,,,,,
92,,,,,,,,,,13994,0.016940344125032425,,,,,,,,
,,,,,,,,,1.5802631578947366e-07,13999,,,,,,,,,
92,,,,,,,,,,13999,0.0307762548327446,,,,,,,,
,,,,,,,,,1.5736842105263156e-07,14004,,,,,,,,,
92,,,,,,,,,,14004,0.020084520801901817,,,,,,,,
,,,,,,,,,1.5671052631578945e-07,14009,,,,,,,,,
92,,,,,,,,,,14009,0.02882671356201172,,,,,,,,
,,,,,,,,,1.5605263157894735e-07,14014,,,,,,,,,
92,,,,,,,,,,14014,0.02065504714846611,,,,,,,,
,,,,,,,,,1.5539473684210525e-07,14019,,,,,,,,,
92,,,,,,,,,,14019,0.00744674215093255,,,,,,,,
,,,,,,,,,1.5473684210526314e-07,14024,,,,,,,,,
92,,,,,,,,,,14024,0.014618056826293468,,,,,,,,
,,,,,,,,,1.5407894736842106e-07,14029,,,,,,,,,
92,,,,,,,,,,14029,0.019261334091424942,,,,,,,,
,,,,,,,,,1.5342105263157896e-07,14034,,,,,,,,,
92,,,,,,,,,,14034,0.019863951951265335,,,,,,,,
,,,,,,,,,1.5276315789473685e-07,14039,,,,,,,,,
92,,,,,,,,,,14039,0.020361250266432762,,,,,,,,
,,,,,,,,,1.5210526315789475e-07,14044,,,,,,,,,
92,,,,,,,,,,14044,0.04392246901988983,,,,,,,,
,,,,,,,,,1.5144736842105262e-07,14049,,,,,,,,,
92,,,,,,,,,,14049,0.0060919891111552715,,,,,,,,
,,,,,,,,,1.5078947368421051e-07,14054,,,,,,,,,
92,,,,,,,,,,14054,0.03656400740146637,,,,,,,,
,,,,,,,,,1.501315789473684e-07,14059,,,,,,,,,
92,,,,,,,,,,14059,0.014541637152433395,,,,,,,,
,,,,,,,,,1.494736842105263e-07,14064,,,,,,,,,
92,,,,,,,,,,14064,0.014879678376019001,,,,,,,,
,,,,,,,,,1.488157894736842e-07,14069,,,,,,,,,
92,,,,,,,,,,14069,0.020959481596946716,,,,,,,,
,,,,,,,,,1.481578947368421e-07,14074,,,,,,,,,
92,,,,,,,,,,14074,0.0139030572026968,,,,,,,,
,,,,,,,,,1.475e-07,14079,,,,,,,,,
92,,,,,,,,,,14079,0.013418899849057198,,,,,,,,
,,,,,,,,,1.4684210526315789e-07,14084,,,,,,,,,
92,,,,,,,,,,14084,0.022890008985996246,,,,,,,,
,,,,,,,,,1.4618421052631578e-07,14089,,,,,,,,,
92,,,,,,,,,,14089,0.007846727035939693,,,,,,,,
,,,,,,,,,1.455263157894737e-07,14094,,,,,,,,,
92,,,,,,,,,,14094,0.040548354387283325,,,,,,,,
,,,,,,,,,1.4486842105263157e-07,14099,,,,,,,,,
92,,,,,,,,,,14099,0.014338652603328228,,,,,,,,
,,,,,,,,,1.4421052631578947e-07,14104,,,,,,,,,
92,,,,,,,,,,14104,0.01050584763288498,,,,,,,,
,,,,,,,,,1.4355263157894736e-07,14109,,,,,,,,,
92,,,,,,,,,,14109,0.022919880226254463,,,,,,,,
,,,,,,,,,1.4289473684210526e-07,14114,,,,,,,,,
92,,,,,,,,,,14114,0.014310295693576336,,,,,,,,
,,,,,,,,,1.4223684210526315e-07,14119,,,,,,,,,
92,,,,,,,,,,14119,0.012344995513558388,,,,,,,,
,,,,,,,,,1.4157894736842105e-07,14124,,,,,,,,,
92,,,,,,,,,,14124,0.006948561407625675,,,,,,,,
,,,,,,,,,1.4092105263157895e-07,14129,,,,,,,,,
92,,,,,,,,,,14129,0.0179511159658432,,,,,,,,
,,,,,,,,,1.4026315789473684e-07,14134,,,,,,,,,
92,,,,,,,,,,14134,0.017722604796290398,,,,,,,,
92,,,,,,,,,,14135,,0.737500011920929,0.7692307829856873,0.07320217043161392,0.07320217043161392,0.45825013518333435,0.7777777910232544,0.760869562625885,0.48401349782943726
,,,,,,,,,1.3960526315789474e-07,14139,,,,,,,,,
93,,,,,,,,,,14139,0.014088884927332401,,,,,,,,
,,,,,,,,,1.3894736842105263e-07,14144,,,,,,,,,
93,,,,,,,,,,14144,0.01576116867363453,,,,,,,,
,,,,,,,,,1.382894736842105e-07,14149,,,,,,,,,
93,,,,,,,,,,14149,0.01472502015531063,,,,,,,,
,,,,,,,,,1.376315789473684e-07,14154,,,,,,,,,
93,,,,,,,,,,14154,0.02995928004384041,,,,,,,,
,,,,,,,,,1.369736842105263e-07,14159,,,,,,,,,
93,,,,,,,,,,14159,0.0054781013168394566,,,,,,,,
,,,,,,,,,1.3631578947368421e-07,14164,,,,,,,,,
93,,,,,,,,,,14164,0.058757420629262924,,,,,,,,
,,,,,,,,,1.356578947368421e-07,14169,,,,,,,,,
93,,,,,,,,,,14169,0.015294170938432217,,,,,,,,
,,,,,,,,,1.35e-07,14174,,,,,,,,,
93,,,,,,,,,,14174,0.025010323151946068,,,,,,,,
,,,,,,,,,1.343421052631579e-07,14179,,,,,,,,,
93,,,,,,,,,,14179,0.03793172538280487,,,,,,,,
,,,,,,,,,1.336842105263158e-07,14184,,,,,,,,,
93,,,,,,,,,,14184,0.02916180156171322,,,,,,,,
,,,,,,,,,1.330263157894737e-07,14189,,,,,,,,,
93,,,,,,,,,,14189,0.016891231760382652,,,,,,,,
,,,,,,,,,1.3236842105263159e-07,14194,,,,,,,,,
93,,,,,,,,,,14194,0.018200114369392395,,,,,,,,
,,,,,,,,,1.3171052631578946e-07,14199,,,,,,,,,
93,,,,,,,,,,14199,0.017102070152759552,,,,,,,,
,,,,,,,,,1.3105263157894735e-07,14204,,,,,,,,,
93,,,,,,,,,,14204,0.01786516234278679,,,,,,,,
,,,,,,,,,1.3039473684210525e-07,14209,,,,,,,,,
93,,,,,,,,,,14209,0.02145220898091793,,,,,,,,
,,,,,,,,,1.2973684210526314e-07,14214,,,,,,,,,
93,,,,,,,,,,14214,0.03159188851714134,,,,,,,,
,,,,,,,,,1.2907894736842104e-07,14219,,,,,,,,,
93,,,,,,,,,,14219,0.015314451418817043,,,,,,,,
,,,,,,,,,1.2842105263157893e-07,14224,,,,,,,,,
93,,,,,,,,,,14224,0.006336971186101437,,,,,,,,
,,,,,,,,,1.2776315789473683e-07,14229,,,,,,,,,
93,,,,,,,,,,14229,0.03364738076925278,,,,,,,,
,,,,,,,,,1.2710526315789475e-07,14234,,,,,,,,,
93,,,,,,,,,,14234,0.05409639701247215,,,,,,,,
,,,,,,,,,1.2644736842105265e-07,14239,,,,,,,,,
93,,,,,,,,,,14239,0.062355849891901016,,,,,,,,
,,,,,,,,,1.2578947368421054e-07,14244,,,,,,,,,
93,,,,,,,,,,14244,0.02497628703713417,,,,,,,,
,,,,,,,,,1.251315789473684e-07,14249,,,,,,,,,
93,,,,,,,,,,14249,0.020155787467956543,,,,,,,,
,,,,,,,,,1.244736842105263e-07,14254,,,,,,,,,
93,,,,,,,,,,14254,0.009780799970030785,,,,,,,,
,,,,,,,,,1.238157894736842e-07,14259,,,,,,,,,
93,,,,,,,,,,14259,0.003607269609346986,,,,,,,,
,,,,,,,,,1.231578947368421e-07,14264,,,,,,,,,
93,,,,,,,,,,14264,0.011106560938060284,,,,,,,,
,,,,,,,,,1.225e-07,14269,,,,,,,,,
93,,,,,,,,,,14269,0.03140241280198097,,,,,,,,
,,,,,,,,,1.218421052631579e-07,14274,,,,,,,,,
93,,,,,,,,,,14274,0.02896261401474476,,,,,,,,
,,,,,,,,,1.2118421052631578e-07,14279,,,,,,,,,
93,,,,,,,,,,14279,0.00574020529165864,,,,,,,,
,,,,,,,,,1.2052631578947368e-07,14284,,,,,,,,,
93,,,,,,,,,,14284,0.06081612408161163,,,,,,,,
93,,,,,,,,,,14287,,0.737500011920929,0.7692307829856873,0.07339601963758469,0.07339601963758469,0.46225273609161377,0.7777777910232544,0.760869562625885,0.48839178681373596
,,,,,,,,,1.1986842105263157e-07,14289,,,,,,,,,
94,,,,,,,,,,14289,0.009846339002251625,,,,,,,,
,,,,,,,,,1.1921052631578947e-07,14294,,,,,,,,,
94,,,,,,,,,,14294,0.009868579916656017,,,,,,,,
,,,,,,,,,1.1855263157894736e-07,14299,,,,,,,,,
94,,,,,,,,,,14299,0.034226030111312866,,,,,,,,
,,,,,,,,,1.1789473684210526e-07,14304,,,,,,,,,
94,,,,,,,,,,14304,0.016267355531454086,,,,,,,,
,,,,,,,,,1.1723684210526314e-07,14309,,,,,,,,,
94,,,,,,,,,,14309,0.04228619113564491,,,,,,,,
,,,,,,,,,1.1657894736842104e-07,14314,,,,,,,,,
94,,,,,,,,,,14314,0.028284670785069466,,,,,,,,
,,,,,,,,,1.1592105263157895e-07,14319,,,,,,,,,
94,,,,,,,,,,14319,0.021591031923890114,,,,,,,,
,,,,,,,,,1.1526315789473684e-07,14324,,,,,,,,,
94,,,,,,,,,,14324,0.0095951147377491,,,,,,,,
,,,,,,,,,1.1460526315789474e-07,14329,,,,,,,,,
94,,,,,,,,,,14329,0.03885244205594063,,,,,,,,
,,,,,,,,,1.1394736842105262e-07,14334,,,,,,,,,
94,,,,,,,,,,14334,0.020736444741487503,,,,,,,,
,,,,,,,,,1.1328947368421052e-07,14339,,,,,,,,,
94,,,,,,,,,,14339,0.029032360762357712,,,,,,,,
,,,,,,,,,1.1263157894736841e-07,14344,,,,,,,,,
94,,,,,,,,,,14344,0.02731613628566265,,,,,,,,
,,,,,,,,,1.1197368421052632e-07,14349,,,,,,,,,
94,,,,,,,,,,14349,0.013534827157855034,,,,,,,,
,,,,,,,,,1.1131578947368421e-07,14354,,,,,,,,,
94,,,,,,,,,,14354,0.03504769876599312,,,,,,,,
,,,,,,,,,1.106578947368421e-07,14359,,,,,,,,,
94,,,,,,,,,,14359,0.037840068340301514,,,,,,,,
,,,,,,,,,1.0999999999999999e-07,14364,,,,,,,,,
94,,,,,,,,,,14364,0.02137669548392296,,,,,,,,
,,,,,,,,,1.0934210526315789e-07,14369,,,,,,,,,
94,,,,,,,,,,14369,0.014900104142725468,,,,,,,,
,,,,,,,,,1.0868421052631578e-07,14374,,,,,,,,,
94,,,,,,,,,,14374,0.07162521779537201,,,,,,,,
,,,,,,,,,1.0802631578947368e-07,14379,,,,,,,,,
94,,,,,,,,,,14379,0.07890868186950684,,,,,,,,
,,,,,,,,,1.0736842105263157e-07,14384,,,,,,,,,
94,,,,,,,,,,14384,0.023172663524746895,,,,,,,,
,,,,,,,,,1.0671052631578947e-07,14389,,,,,,,,,
94,,,,,,,,,,14389,0.00872376374900341,,,,,,,,
,,,,,,,,,1.0605263157894737e-07,14394,,,,,,,,,
94,,,,,,,,,,14394,0.023313941434025764,,,,,,,,
,,,,,,,,,1.0539473684210526e-07,14399,,,,,,,,,
94,,,,,,,,,,14399,0.018023831769824028,,,,,,,,
,,,,,,,,,1.0473684210526316e-07,14404,,,,,,,,,
94,,,,,,,,,,14404,0.019616104662418365,,,,,,,,
,,,,,,,,,1.0407894736842104e-07,14409,,,,,,,,,
94,,,,,,,,,,14409,0.005651198793202639,,,,,,,,
,,,,,,,,,1.0342105263157893e-07,14414,,,,,,,,,
94,,,,,,,,,,14414,0.015251019969582558,,,,,,,,
,,,,,,,,,1.0276315789473684e-07,14419,,,,,,,,,
94,,,,,,,,,,14419,0.03238380700349808,,,,,,,,
,,,,,,,,,1.0210526315789474e-07,14424,,,,,,,,,
94,,,,,,,,,,14424,0.018886670470237732,,,,,,,,
,,,,,,,,,1.0144736842105263e-07,14429,,,,,,,,,
94,,,,,,,,,,14429,0.03613463416695595,,,,,,,,
,,,,,,,,,1.0078947368421052e-07,14434,,,,,,,,,
94,,,,,,,,,,14434,0.00682606128975749,,,,,,,,
,,,,,,,,,1.0013157894736841e-07,14439,,,,,,,,,
94,,,,,,,,,,14439,0.011650890111923218,,,,,,,,
94,,,,,,,,,,14439,,0.75,0.782608687877655,0.07355799525976181,0.07355799525976181,0.46417075395584106,0.782608687877655,0.782608687877655,0.48941293358802795
,,,,,,,,,9.94736842105263e-08,14444,,,,,,,,,
95,,,,,,,,,,14444,0.015398560091853142,,,,,,,,
,,,,,,,,,9.88157894736842e-08,14449,,,,,,,,,
95,,,,,,,,,,14449,0.01669902727007866,,,,,,,,
,,,,,,,,,9.815789473684211e-08,14454,,,,,,,,,
95,,,,,,,,,,14454,0.006427285261452198,,,,,,,,
,,,,,,,,,9.749999999999999e-08,14459,,,,,,,,,
95,,,,,,,,,,14459,0.024724094197154045,,,,,,,,
,,,,,,,,,9.684210526315789e-08,14464,,,,,,,,,
95,,,,,,,,,,14464,0.01781279593706131,,,,,,,,
,,,,,,,,,9.618421052631578e-08,14469,,,,,,,,,
95,,,,,,,,,,14469,0.017488796263933182,,,,,,,,
,,,,,,,,,9.552631578947368e-08,14474,,,,,,,,,
95,,,,,,,,,,14474,0.039401713758707047,,,,,,,,
,,,,,,,,,9.486842105263157e-08,14479,,,,,,,,,
95,,,,,,,,,,14479,0.03693052753806114,,,,,,,,
,,,,,,,,,9.421052631578946e-08,14484,,,,,,,,,
95,,,,,,,,,,14484,0.040344491600990295,,,,,,,,
,,,,,,,,,9.355263157894737e-08,14489,,,,,,,,,
95,,,,,,,,,,14489,0.024321475997567177,,,,,,,,
,,,,,,,,,9.289473684210526e-08,14494,,,,,,,,,
95,,,,,,,,,,14494,0.01789931394159794,,,,,,,,
,,,,,,,,,9.223684210526316e-08,14499,,,,,,,,,
95,,,,,,,,,,14499,0.06983089447021484,,,,,,,,
,,,,,,,,,9.157894736842105e-08,14504,,,,,,,,,
95,,,,,,,,,,14504,0.021808840334415436,,,,,,,,
,,,,,,,,,9.092105263157893e-08,14509,,,,,,,,,
95,,,,,,,,,,14509,0.027794869616627693,,,,,,,,
,,,,,,,,,9.026315789473683e-08,14514,,,,,,,,,
95,,,,,,,,,,14514,0.01861497573554516,,,,,,,,
,,,,,,,,,8.960526315789474e-08,14519,,,,,,,,,
95,,,,,,,,,,14519,0.008591357618570328,,,,,,,,
,,,,,,,,,8.894736842105263e-08,14524,,,,,,,,,
95,,,,,,,,,,14524,0.04370243847370148,,,,,,,,
,,,,,,,,,8.828947368421053e-08,14529,,,,,,,,,
95,,,,,,,,,,14529,0.019132694229483604,,,,,,,,
,,,,,,,,,8.763157894736841e-08,14534,,,,,,,,,
95,,,,,,,,,,14534,0.011501755565404892,,,,,,,,
,,,,,,,,,8.697368421052631e-08,14539,,,,,,,,,
95,,,,,,,,,,14539,0.01234997995197773,,,,,,,,
,,,,,,,,,8.63157894736842e-08,14544,,,,,,,,,
95,,,,,,,,,,14544,0.01706855557858944,,,,,,,,
,,,,,,,,,8.56578947368421e-08,14549,,,,,,,,,
95,,,,,,,,,,14549,0.02448583021759987,,,,,,,,
,,,,,,,,,8.500000000000001e-08,14554,,,,,,,,,
95,,,,,,,,,,14554,0.05443533509969711,,,,,,,,
,,,,,,,,,8.434210526315789e-08,14559,,,,,,,,,
95,,,,,,,,,,14559,0.010783093981444836,,,,,,,,
,,,,,,,,,8.368421052631578e-08,14564,,,,,,,,,
95,,,,,,,,,,14564,0.04943091794848442,,,,,,,,
,,,,,,,,,8.302631578947368e-08,14569,,,,,,,,,
95,,,,,,,,,,14569,0.047408949583768845,,,,,,,,
,,,,,,,,,8.236842105263158e-08,14574,,,,,,,,,
95,,,,,,,,,,14574,0.07020696997642517,,,,,,,,
,,,,,,,,,8.171052631578947e-08,14579,,,,,,,,,
95,,,,,,,,,,14579,0.041513167321681976,,,,,,,,
,,,,,,,,,8.105263157894735e-08,14584,,,,,,,,,
95,,,,,,,,,,14584,0.031592946499586105,,,,,,,,
,,,,,,,,,8.039473684210526e-08,14589,,,,,,,,,
95,,,,,,,,,,14589,0.006375837605446577,,,,,,,,
95,,,,,,,,,,14591,,0.75,0.782608687877655,0.07336334884166718,0.07336334884166718,0.4628032147884369,0.782608687877655,0.782608687877655,0.48801612854003906
,,,,,,,,,7.973684210526316e-08,14594,,,,,,,,,
96,,,,,,,,,,14594,0.017732150852680206,,,,,,,,
,,,,,,,,,7.907894736842105e-08,14599,,,,,,,,,
96,,,,,,,,,,14599,0.012068361975252628,,,,,,,,
,,,,,,,,,7.842105263157895e-08,14604,,,,,,,,,
96,,,,,,,,,,14604,0.029488936066627502,,,,,,,,
,,,,,,,,,7.776315789473683e-08,14609,,,,,,,,,
96,,,,,,,,,,14609,0.03766636177897453,,,,,,,,
,,,,,,,,,7.710526315789473e-08,14614,,,,,,,,,
96,,,,,,,,,,14614,0.010085714980959892,,,,,,,,
,,,,,,,,,7.644736842105262e-08,14619,,,,,,,,,
96,,,,,,,,,,14619,0.014701468870043755,,,,,,,,
,,,,,,,,,7.578947368421053e-08,14624,,,,,,,,,
96,,,,,,,,,,14624,0.03385933116078377,,,,,,,,
,,,,,,,,,7.513157894736843e-08,14629,,,,,,,,,
96,,,,,,,,,,14629,0.04543284326791763,,,,,,,,
,,,,,,,,,7.447368421052631e-08,14634,,,,,,,,,
96,,,,,,,,,,14634,0.007876524701714516,,,,,,,,
,,,,,,,,,7.38157894736842e-08,14639,,,,,,,,,
96,,,,,,,,,,14639,0.03137631714344025,,,,,,,,
,,,,,,,,,7.31578947368421e-08,14644,,,,,,,,,
96,,,,,,,,,,14644,0.060033168643713,,,,,,,,
,,,,,,,,,7.25e-08,14649,,,,,,,,,
96,,,,,,,,,,14649,0.027977246791124344,,,,,,,,
,,,,,,,,,7.18421052631579e-08,14654,,,,,,,,,
96,,,,,,,,,,14654,0.009904345497488976,,,,,,,,
,,,,,,,,,7.118421052631578e-08,14659,,,,,,,,,
96,,,,,,,,,,14659,0.02167201228439808,,,,,,,,
,,,,,,,,,7.052631578947368e-08,14664,,,,,,,,,
96,,,,,,,,,,14664,0.014384997077286243,,,,,,,,
,,,,,,,,,6.986842105263158e-08,14669,,,,,,,,,
96,,,,,,,,,,14669,0.009331353940069675,,,,,,,,
,,,,,,,,,6.921052631578947e-08,14674,,,,,,,,,
96,,,,,,,,,,14674,0.015255660749971867,,,,,,,,
,,,,,,,,,6.855263157894737e-08,14679,,,,,,,,,
96,,,,,,,,,,14679,0.02723666839301586,,,,,,,,
,,,,,,,,,6.789473684210525e-08,14684,,,,,,,,,
96,,,,,,,,,,14684,0.01836979389190674,,,,,,,,
,,,,,,,,,6.723684210526316e-08,14689,,,,,,,,,
96,,,,,,,,,,14689,0.03234037011861801,,,,,,,,
,,,,,,,,,6.657894736842105e-08,14694,,,,,,,,,
96,,,,,,,,,,14694,0.021238898858428,,,,,,,,
,,,,,,,,,6.592105263157895e-08,14699,,,,,,,,,
96,,,,,,,,,,14699,0.007654632907360792,,,,,,,,
,,,,,,,,,6.526315789473684e-08,14704,,,,,,,,,
96,,,,,,,,,,14704,0.02246272563934326,,,,,,,,
,,,,,,,,,6.460526315789473e-08,14709,,,,,,,,,
96,,,,,,,,,,14709,0.012022191658616066,,,,,,,,
,,,,,,,,,6.394736842105262e-08,14714,,,,,,,,,
96,,,,,,,,,,14714,0.009013266302645206,,,,,,,,
,,,,,,,,,6.328947368421052e-08,14719,,,,,,,,,
96,,,,,,,,,,14719,0.033542219549417496,,,,,,,,
,,,,,,,,,6.263157894736843e-08,14724,,,,,,,,,
96,,,,,,,,,,14724,0.0369306318461895,,,,,,,,
,,,,,,,,,6.197368421052631e-08,14729,,,,,,,,,
96,,,,,,,,,,14729,0.009415270760655403,,,,,,,,
,,,,,,,,,6.13157894736842e-08,14734,,,,,,,,,
96,,,,,,,,,,14734,0.01266774907708168,,,,,,,,
,,,,,,,,,6.06578947368421e-08,14739,,,,,,,,,
96,,,,,,,,,,14739,0.025228986516594887,,,,,,,,
96,,,,,,,,,,14743,,0.737500011920929,0.7692307829856873,0.07333794981241226,0.07333794981241226,0.463085412979126,0.7777777910232544,0.760869562625885,0.48842695355415344
,,,,,,,,,6e-08,14744,,,,,,,,,
97,,,,,,,,,,14744,0.03166024386882782,,,,,,,,
,,,,,,,,,5.93421052631579e-08,14749,,,,,,,,,
97,,,,,,,,,,14749,0.03651777654886246,,,,,,,,
,,,,,,,,,5.8684210526315786e-08,14754,,,,,,,,,
97,,,,,,,,,,14754,0.01010757964104414,,,,,,,,
,,,,,,,,,5.802631578947368e-08,14759,,,,,,,,,
97,,,,,,,,,,14759,0.04553188383579254,,,,,,,,
,,,,,,,,,5.736842105263157e-08,14764,,,,,,,,,
97,,,,,,,,,,14764,0.03962227702140808,,,,,,,,
,,,,,,,,,5.671052631578947e-08,14769,,,,,,,,,
97,,,,,,,,,,14769,0.008993301540613174,,,,,,,,
,,,,,,,,,5.605263157894737e-08,14774,,,,,,,,,
97,,,,,,,,,,14774,0.018907105550169945,,,,,,,,
,,,,,,,,,5.5394736842105256e-08,14779,,,,,,,,,
97,,,,,,,,,,14779,0.011876041069626808,,,,,,,,
,,,,,,,,,5.473684210526316e-08,14784,,,,,,,,,
97,,,,,,,,,,14784,0.008887073025107384,,,,,,,,
,,,,,,,,,5.407894736842105e-08,14789,,,,,,,,,
97,,,,,,,,,,14789,0.05488045513629913,,,,,,,,
,,,,,,,,,5.342105263157894e-08,14794,,,,,,,,,
97,,,,,,,,,,14794,0.01656963862478733,,,,,,,,
,,,,,,,,,5.2763157894736845e-08,14799,,,,,,,,,
97,,,,,,,,,,14799,0.03105941228568554,,,,,,,,
,,,,,,,,,5.2105263157894734e-08,14804,,,,,,,,,
97,,,,,,,,,,14804,0.02697061002254486,,,,,,,,
,,,,,,,,,5.144736842105263e-08,14809,,,,,,,,,
97,,,,,,,,,,14809,0.01869543269276619,,,,,,,,
,,,,,,,,,5.078947368421052e-08,14814,,,,,,,,,
97,,,,,,,,,,14814,0.02709372714161873,,,,,,,,
,,,,,,,,,5.013157894736842e-08,14819,,,,,,,,,
97,,,,,,,,,,14819,0.032971058040857315,,,,,,,,
,,,,,,,,,4.9473684210526315e-08,14824,,,,,,,,,
97,,,,,,,,,,14824,0.005963489878922701,,,,,,,,
,,,,,,,,,4.8815789473684204e-08,14829,,,,,,,,,
97,,,,,,,,,,14829,0.004967927932739258,,,,,,,,
,,,,,,,,,4.8157894736842106e-08,14834,,,,,,,,,
97,,,,,,,,,,14834,0.07082530111074448,,,,,,,,
,,,,,,,,,4.7499999999999995e-08,14839,,,,,,,,,
97,,,,,,,,,,14839,0.026889311149716377,,,,,,,,
,,,,,,,,,4.684210526315789e-08,14844,,,,,,,,,
97,,,,,,,,,,14844,0.017105676233768463,,,,,,,,
,,,,,,,,,4.618421052631579e-08,14849,,,,,,,,,
97,,,,,,,,,,14849,0.018543031066656113,,,,,,,,
,,,,,,,,,4.552631578947368e-08,14854,,,,,,,,,
97,,,,,,,,,,14854,0.024914326146245003,,,,,,,,
,,,,,,,,,4.486842105263158e-08,14859,,,,,,,,,
97,,,,,,,,,,14859,0.015762588009238243,,,,,,,,
,,,,,,,,,4.4210526315789466e-08,14864,,,,,,,,,
97,,,,,,,,,,14864,0.011903733946383,,,,,,,,
,,,,,,,,,4.355263157894737e-08,14869,,,,,,,,,
97,,,,,,,,,,14869,0.03574497997760773,,,,,,,,
,,,,,,,,,4.2894736842105263e-08,14874,,,,,,,,,
97,,,,,,,,,,14874,0.016959242522716522,,,,,,,,
,,,,,,,,,4.223684210526315e-08,14879,,,,,,,,,
97,,,,,,,,,,14879,0.021428992971777916,,,,,,,,
,,,,,,,,,4.1578947368421054e-08,14884,,,,,,,,,
97,,,,,,,,,,14884,0.01776433363556862,,,,,,,,
,,,,,,,,,4.092105263157894e-08,14889,,,,,,,,,
97,,,,,,,,,,14889,0.03005603514611721,,,,,,,,
,,,,,,,,,4.026315789473684e-08,14894,,,,,,,,,
97,,,,,,,,,,14894,0.011016079224646091,,,,,,,,
97,,,,,,,,,,14895,,0.737500011920929,0.7692307829856873,0.07336848974227905,0.07336848974227905,0.463368684053421,0.7777777910232544,0.760869562625885,0.4874410033226013
,,,,,,,,,3.9605263157894734e-08,14899,,,,,,,,,
98,,,,,,,,,,14899,0.02552000805735588,,,,,,,,
,,,,,,,,,3.894736842105263e-08,14904,,,,,,,,,
98,,,,,,,,,,14904,0.01848178543150425,,,,,,,,
,,,,,,,,,3.8289473684210525e-08,14909,,,,,,,,,
98,,,,,,,,,,14909,0.02221880853176117,,,,,,,,
,,,,,,,,,3.7631578947368414e-08,14914,,,,,,,,,
98,,,,,,,,,,14914,0.01213376596570015,,,,,,,,
,,,,,,,,,3.6973684210526316e-08,14919,,,,,,,,,
98,,,,,,,,,,14919,0.01617419719696045,,,,,,,,
,,,,,,,,,3.631578947368421e-08,14924,,,,,,,,,
98,,,,,,,,,,14924,0.03161327540874481,,,,,,,,
,,,,,,,,,3.56578947368421e-08,14929,,,,,,,,,
98,,,,,,,,,,14929,0.06017742305994034,,,,,,,,
,,,,,,,,,3.5e-08,14934,,,,,,,,,
98,,,,,,,,,,14934,0.018399054184556007,,,,,,,,
,,,,,,,,,3.434210526315789e-08,14939,,,,,,,,,
98,,,,,,,,,,14939,0.010166358202695847,,,,,,,,
,,,,,,,,,3.368421052631579e-08,14944,,,,,,,,,
98,,,,,,,,,,14944,0.03959481045603752,,,,,,,,
,,,,,,,,,3.302631578947368e-08,14949,,,,,,,,,
98,,,,,,,,,,14949,0.017334869131445885,,,,,,,,
,,,,,,,,,3.236842105263158e-08,14954,,,,,,,,,
98,,,,,,,,,,14954,0.025518082082271576,,,,,,,,
,,,,,,,,,3.171052631578947e-08,14959,,,,,,,,,
98,,,,,,,,,,14959,0.009904603473842144,,,,,,,,
,,,,,,,,,3.105263157894737e-08,14964,,,,,,,,,
98,,,,,,,,,,14964,0.02156207710504532,,,,,,,,
,,,,,,,,,3.0394736842105264e-08,14969,,,,,,,,,
98,,,,,,,,,,14969,0.012656665407121181,,,,,,,,
,,,,,,,,,2.9736842105263156e-08,14974,,,,,,,,,
98,,,,,,,,,,14974,0.06382369995117188,,,,,,,,
,,,,,,,,,2.907894736842105e-08,14979,,,,,,,,,
98,,,,,,,,,,14979,0.014237885363399982,,,,,,,,
,,,,,,,,,2.8421052631578947e-08,14984,,,,,,,,,
98,,,,,,,,,,14984,0.01457699853926897,,,,,,,,
,,,,,,,,,2.7763157894736843e-08,14989,,,,,,,,,
98,,,,,,,,,,14989,0.007029704749584198,,,,,,,,
,,,,,,,,,2.7105263157894735e-08,14994,,,,,,,,,
98,,,,,,,,,,14994,0.05010376125574112,,,,,,,,
,,,,,,,,,2.644736842105263e-08,14999,,,,,,,,,
98,,,,,,,,,,14999,0.018044281750917435,,,,,,,,
,,,,,,,,,2.5789473684210526e-08,15004,,,,,,,,,
98,,,,,,,,,,15004,0.014565842226147652,,,,,,,,
,,,,,,,,,2.513157894736842e-08,15009,,,,,,,,,
98,,,,,,,,,,15009,0.03113863244652748,,,,,,,,
,,,,,,,,,2.4473684210526313e-08,15014,,,,,,,,,
98,,,,,,,,,,15014,0.017772126942873,,,,,,,,
,,,,,,,,,2.381578947368421e-08,15019,,,,,,,,,
98,,,,,,,,,,15019,0.010310406796634197,,,,,,,,
,,,,,,,,,2.3157894736842104e-08,15024,,,,,,,,,
98,,,,,,,,,,15024,0.008137254975736141,,,,,,,,
,,,,,,,,,2.25e-08,15029,,,,,,,,,
98,,,,,,,,,,15029,0.016189778223633766,,,,,,,,
,,,,,,,,,2.1842105263157895e-08,15034,,,,,,,,,
98,,,,,,,,,,15034,0.052403274923563004,,,,,,,,
,,,,,,,,,2.1184210526315787e-08,15039,,,,,,,,,
98,,,,,,,,,,15039,0.028142787516117096,,,,,,,,
,,,,,,,,,2.0526315789473683e-08,15044,,,,,,,,,
98,,,,,,,,,,15044,0.01678014174103737,,,,,,,,
98,,,,,,,,,,15047,,0.737500011920929,0.7692307829856873,0.0732954889535904,0.0732954889535904,0.46289703249931335,0.7777777910232544,0.760869562625885,0.4878048896789551
,,,,,,,,,1.9868421052631578e-08,15049,,,,,,,,,
99,,,,,,,,,,15049,0.029180612415075302,,,,,,,,
,,,,,,,,,1.9210526315789474e-08,15054,,,,,,,,,
99,,,,,,,,,,15054,0.016634780913591385,,,,,,,,
,,,,,,,,,1.855263157894737e-08,15059,,,,,,,,,
99,,,,,,,,,,15059,0.05855772644281387,,,,,,,,
,,,,,,,,,1.789473684210526e-08,15064,,,,,,,,,
99,,,,,,,,,,15064,0.029758691787719727,,,,,,,,
,,,,,,,,,1.7236842105263157e-08,15069,,,,,,,,,
99,,,,,,,,,,15069,0.014594467356801033,,,,,,,,
,,,,,,,,,1.6578947368421052e-08,15074,,,,,,,,,
99,,,,,,,,,,15074,0.01811913214623928,,,,,,,,
,,,,,,,,,1.5921052631578948e-08,15079,,,,,,,,,
99,,,,,,,,,,15079,0.06582003086805344,,,,,,,,
,,,,,,,,,1.526315789473684e-08,15084,,,,,,,,,
99,,,,,,,,,,15084,0.011876597069203854,,,,,,,,
,,,,,,,,,1.4605263157894737e-08,15089,,,,,,,,,
99,,,,,,,,,,15089,0.013314379379153252,,,,,,,,
,,,,,,,,,1.394736842105263e-08,15094,,,,,,,,,
99,,,,,,,,,,15094,0.013171776197850704,,,,,,,,
,,,,,,,,,1.3289473684210526e-08,15099,,,,,,,,,
99,,,,,,,,,,15099,0.006431483197957277,,,,,,,,
,,,,,,,,,1.263157894736842e-08,15104,,,,,,,,,
99,,,,,,,,,,15104,0.01951032690703869,,,,,,,,
,,,,,,,,,1.1973684210526315e-08,15109,,,,,,,,,
99,,,,,,,,,,15109,0.03003607504069805,,,,,,,,
,,,,,,,,,1.1315789473684211e-08,15114,,,,,,,,,
99,,,,,,,,,,15114,0.03404039889574051,,,,,,,,
,,,,,,,,,1.0657894736842105e-08,15119,,,,,,,,,
99,,,,,,,,,,15119,0.009500928223133087,,,,,,,,
,,,,,,,,,1e-08,15124,,,,,,,,,
99,,,,,,,,,,15124,0.010570845566689968,,,,,,,,
,,,,,,,,,9.342105263157894e-09,15129,,,,,,,,,
99,,,,,,,,,,15129,0.019818823784589767,,,,,,,,
,,,,,,,,,8.68421052631579e-09,15134,,,,,,,,,
99,,,,,,,,,,15134,0.023115508258342743,,,,,,,,
,,,,,,,,,8.026315789473683e-09,15139,,,,,,,,,
99,,,,,,,,,,15139,0.024373142048716545,,,,,,,,
,,,,,,,,,7.368421052631579e-09,15144,,,,,,,,,
99,,,,,,,,,,15144,0.0017167277401313186,,,,,,,,
,,,,,,,,,6.710526315789473e-09,15149,,,,,,,,,
99,,,,,,,,,,15149,0.031427714973688126,,,,,,,,
,,,,,,,,,6.052631578947368e-09,15154,,,,,,,,,
99,,,,,,,,,,15154,0.022708041593432426,,,,,,,,
,,,,,,,,,5.394736842105263e-09,15159,,,,,,,,,
99,,,,,,,,,,15159,0.049787186086177826,,,,,,,,
,,,,,,,,,4.736842105263158e-09,15164,,,,,,,,,
99,,,,,,,,,,15164,0.019901501014828682,,,,,,,,
,,,,,,,,,4.078947368421053e-09,15169,,,,,,,,,
99,,,,,,,,,,15169,0.02085157111287117,,,,,,,,
,,,,,,,,,3.4210526315789474e-09,15174,,,,,,,,,
99,,,,,,,,,,15174,0.013867936097085476,,,,,,,,
,,,,,,,,,2.7631578947368416e-09,15179,,,,,,,,,
99,,,,,,,,,,15179,0.04650173336267471,,,,,,,,
,,,,,,,,,2.1052631578947367e-09,15184,,,,,,,,,
99,,,,,,,,,,15184,0.031767573207616806,,,,,,,,
,,,,,,,,,1.4473684210526315e-09,15189,,,,,,,,,
99,,,,,,,,,,15189,0.017517391592264175,,,,,,,,
,,,,,,,,,7.894736842105263e-10,15194,,,,,,,,,
99,,,,,,,,,,15194,0.041789792478084564,,,,,,,,
,,,,,,,,,1.3157894736842104e-10,15199,,,,,,,,,
99,,,,,,,,,,15199,0.029281025752425194,,,,,,,,
99,,,,,,,,,,15199,,0.737500011920929,0.7692307829856873,0.0732901394367218,0.0732901394367218,0.46257370710372925,0.7777777910232544,0.760869562625885,0.4869714677333832
100,0.6809815764427185,0.7400000095367432,0.0779813900589943,0.0779813900589943,0.39374592900276184,0.7400000095367432,0.7400000095367432,0.4015495181083679,,15200,,,,,,,,,
