epoch,eval_accuracy,eval_f1,eval_loss,eval_mse,eval_pearson,eval_precision,eval_recall,eval_spearman,lr-AdamW,step,train_loss,val_accuracy,val_f1,val_loss,val_mse,val_pearson,val_precision,val_recall,val_spearman
,,,,,,,,,2.64026402640264e-10,4,,,,,,,,,
0,,,,,,,,,,4,0.08747858554124832,,,,,,,,
,,,,,,,,,5.940594059405941e-10,9,,,,,,,,,
0,,,,,,,,,,9,0.07388660311698914,,,,,,,,
,,,,,,,,,9.24092409240924e-10,14,,,,,,,,,
0,,,,,,,,,,14,0.11674263328313828,,,,,,,,
,,,,,,,,,1.2541254125412543e-09,19,,,,,,,,,
0,,,,,,,,,,19,0.12608565390110016,,,,,,,,
,,,,,,,,,1.5841584158415842e-09,24,,,,,,,,,
0,,,,,,,,,,24,0.12127617746591568,,,,,,,,
,,,,,,,,,1.914191419141914e-09,29,,,,,,,,,
0,,,,,,,,,,29,0.09091366082429886,,,,,,,,
,,,,,,,,,2.2442244224422443e-09,34,,,,,,,,,
0,,,,,,,,,,34,0.11883187294006348,,,,,,,,
,,,,,,,,,2.5742574257425743e-09,39,,,,,,,,,
0,,,,,,,,,,39,0.05076782777905464,,,,,,,,
,,,,,,,,,2.9042904290429042e-09,44,,,,,,,,,
0,,,,,,,,,,44,0.1167752593755722,,,,,,,,
,,,,,,,,,3.234323432343234e-09,49,,,,,,,,,
0,,,,,,,,,,49,0.008516370318830013,,,,,,,,
,,,,,,,,,3.564356435643564e-09,54,,,,,,,,,
0,,,,,,,,,,54,0.1071641817688942,,,,,,,,
,,,,,,,,,3.894389438943894e-09,59,,,,,,,,,
0,,,,,,,,,,59,0.105760857462883,,,,,,,,
,,,,,,,,,4.224422442244224e-09,64,,,,,,,,,
0,,,,,,,,,,64,0.04576670005917549,,,,,,,,
,,,,,,,,,4.554455445544554e-09,69,,,,,,,,,
0,,,,,,,,,,69,0.05304691940546036,,,,,,,,
,,,,,,,,,4.884488448844884e-09,74,,,,,,,,,
0,,,,,,,,,,74,0.07901734113693237,,,,,,,,
,,,,,,,,,5.214521452145214e-09,79,,,,,,,,,
0,,,,,,,,,,79,0.08544003963470459,,,,,,,,
,,,,,,,,,5.544554455445544e-09,84,,,,,,,,,
0,,,,,,,,,,84,0.12552399933338165,,,,,,,,
,,,,,,,,,5.874587458745874e-09,89,,,,,,,,,
0,,,,,,,,,,89,0.11452163010835648,,,,,,,,
,,,,,,,,,6.204620462046204e-09,94,,,,,,,,,
0,,,,,,,,,,94,0.07039672136306763,,,,,,,,
,,,,,,,,,6.5346534653465345e-09,99,,,,,,,,,
0,,,,,,,,,,99,0.0629684180021286,,,,,,,,
,,,,,,,,,6.8646864686468644e-09,104,,,,,,,,,
0,,,,,,,,,,104,0.06630409508943558,,,,,,,,
,,,,,,,,,7.194719471947194e-09,109,,,,,,,,,
0,,,,,,,,,,109,0.0638100802898407,,,,,,,,
,,,,,,,,,7.524752475247524e-09,114,,,,,,,,,
0,,,,,,,,,,114,0.089097760617733,,,,,,,,
,,,,,,,,,7.854785478547854e-09,119,,,,,,,,,
0,,,,,,,,,,119,0.08117924630641937,,,,,,,,
,,,,,,,,,8.184818481848183e-09,124,,,,,,,,,
0,,,,,,,,,,124,0.057689908891916275,,,,,,,,
,,,,,,,,,8.514851485148516e-09,129,,,,,,,,,
0,,,,,,,,,,129,0.09345094859600067,,,,,,,,
,,,,,,,,,8.844884488448845e-09,134,,,,,,,,,
0,,,,,,,,,,134,0.0484536848962307,,,,,,,,
,,,,,,,,,9.174917491749176e-09,139,,,,,,,,,
0,,,,,,,,,,139,0.12185836583375931,,,,,,,,
,,,,,,,,,9.504950495049505e-09,144,,,,,,,,,
0,,,,,,,,,,144,0.12972626090049744,,,,,,,,
,,,,,,,,,9.834983498349836e-09,149,,,,,,,,,
0,,,,,,,,,,149,0.09303808212280273,,,,,,,,
,,,,,,,,,1.0165016501650165e-08,154,,,,,,,,,
0,,,,,,,,,,154,0.031959567219018936,,,,,,,,
,,,,,,,,,1.0495049504950496e-08,159,,,,,,,,,
0,,,,,,,,,,159,0.0591246634721756,,,,,,,,
,,,,,,,,,1.0825082508250825e-08,164,,,,,,,,,
0,,,,,,,,,,164,0.06021563708782196,,,,,,,,
,,,,,,,,,1.1155115511551155e-08,169,,,,,,,,,
0,,,,,,,,,,169,0.08438784629106522,,,,,,,,
,,,,,,,,,1.1485148514851485e-08,174,,,,,,,,,
0,,,,,,,,,,174,0.053741637617349625,,,,,,,,
,,,,,,,,,1.1815181518151815e-08,179,,,,,,,,,
0,,,,,,,,,,179,0.07450331002473831,,,,,,,,
,,,,,,,,,1.2145214521452144e-08,184,,,,,,,,,
0,,,,,,,,,,184,0.09706151485443115,,,,,,,,
,,,,,,,,,1.2475247524752475e-08,189,,,,,,,,,
0,,,,,,,,,,189,0.061305511742830276,,,,,,,,
,,,,,,,,,1.2805280528052804e-08,194,,,,,,,,,
0,,,,,,,,,,194,0.1045849621295929,,,,,,,,
,,,,,,,,,1.3135313531353135e-08,199,,,,,,,,,
0,,,,,,,,,,199,0.15754325687885284,,,,,,,,
,,,,,,,,,1.3465346534653464e-08,204,,,,,,,,,
0,,,,,,,,,,204,0.06795591115951538,,,,,,,,
,,,,,,,,,1.3795379537953795e-08,209,,,,,,,,,
0,,,,,,,,,,209,0.10037149488925934,,,,,,,,
,,,,,,,,,1.4125412541254124e-08,214,,,,,,,,,
0,,,,,,,,,,214,0.1094716340303421,,,,,,,,
,,,,,,,,,1.4455445544554455e-08,219,,,,,,,,,
0,,,,,,,,,,219,0.08669815212488174,,,,,,,,
,,,,,,,,,1.4785478547854784e-08,224,,,,,,,,,
0,,,,,,,,,,224,0.10714993625879288,,,,,,,,
,,,,,,,,,1.5115511551155115e-08,229,,,,,,,,,
0,,,,,,,,,,229,0.1051049530506134,,,,,,,,
,,,,,,,,,1.5445544554455444e-08,234,,,,,,,,,
0,,,,,,,,,,234,0.15103061497211456,,,,,,,,
,,,,,,,,,1.5775577557755773e-08,239,,,,,,,,,
0,,,,,,,,,,239,0.144545778632164,,,,,,,,
,,,,,,,,,1.6105610561056106e-08,244,,,,,,,,,
0,,,,,,,,,,244,0.08866014331579208,,,,,,,,
,,,,,,,,,1.6435643564356435e-08,249,,,,,,,,,
0,,,,,,,,,,249,0.08656278252601624,,,,,,,,
,,,,,,,,,1.6765676567656764e-08,254,,,,,,,,,
0,,,,,,,,,,254,0.1064608097076416,,,,,,,,
,,,,,,,,,1.7095709570957093e-08,259,,,,,,,,,
0,,,,,,,,,,259,0.044905826449394226,,,,,,,,
,,,,,,,,,1.7425742574257425e-08,264,,,,,,,,,
0,,,,,,,,,,264,0.07542060315608978,,,,,,,,
,,,,,,,,,1.7755775577557754e-08,269,,,,,,,,,
0,,,,,,,,,,269,0.09545037895441055,,,,,,,,
,,,,,,,,,1.8085808580858084e-08,274,,,,,,,,,
0,,,,,,,,,,274,0.0739780142903328,,,,,,,,
,,,,,,,,,1.8415841584158413e-08,279,,,,,,,,,
0,,,,,,,,,,279,0.12012926489114761,,,,,,,,
,,,,,,,,,1.8745874587458745e-08,284,,,,,,,,,
0,,,,,,,,,,284,0.08209703117609024,,,,,,,,
,,,,,,,,,1.9075907590759074e-08,289,,,,,,,,,
0,,,,,,,,,,289,0.07136038690805435,,,,,,,,
,,,,,,,,,1.9405940594059403e-08,294,,,,,,,,,
0,,,,,,,,,,294,0.05966510996222496,,,,,,,,
,,,,,,,,,1.9735973597359732e-08,299,,,,,,,,,
0,,,,,,,,,,299,0.07231155782938004,,,,,,,,
0,,,,,,,,,,302,,0.4437499940395355,0.021978022530674934,0.08423617482185364,0.08423617482185364,-0.04215434938669205,1.0,0.011111111380159855,-0.0812269002199173
,,,,,,,,,2.0066006600660068e-08,304,,,,,,,,,
1,,,,,,,,,,304,0.13089676201343536,,,,,,,,
,,,,,,,,,2.0396039603960397e-08,309,,,,,,,,,
1,,,,,,,,,,309,0.061901066452264786,,,,,,,,
,,,,,,,,,2.0726072607260726e-08,314,,,,,,,,,
1,,,,,,,,,,314,0.09637217968702316,,,,,,,,
,,,,,,,,,2.1056105610561056e-08,319,,,,,,,,,
1,,,,,,,,,,319,0.07312481850385666,,,,,,,,
,,,,,,,,,2.1386138613861388e-08,324,,,,,,,,,
1,,,,,,,,,,324,0.13128848373889923,,,,,,,,
,,,,,,,,,2.1716171617161717e-08,329,,,,,,,,,
1,,,,,,,,,,329,0.021251078695058823,,,,,,,,
,,,,,,,,,2.2046204620462046e-08,334,,,,,,,,,
1,,,,,,,,,,334,0.06294749677181244,,,,,,,,
,,,,,,,,,2.2376237623762375e-08,339,,,,,,,,,
1,,,,,,,,,,339,0.10134076327085495,,,,,,,,
,,,,,,,,,2.2706270627062708e-08,344,,,,,,,,,
1,,,,,,,,,,344,0.061781689524650574,,,,,,,,
,,,,,,,,,2.3036303630363037e-08,349,,,,,,,,,
1,,,,,,,,,,349,0.046989429742097855,,,,,,,,
,,,,,,,,,2.3366336633663366e-08,354,,,,,,,,,
1,,,,,,,,,,354,0.08156139403581619,,,,,,,,
,,,,,,,,,2.3696369636963695e-08,359,,,,,,,,,
1,,,,,,,,,,359,0.05752955749630928,,,,,,,,
,,,,,,,,,2.4026402640264028e-08,364,,,,,,,,,
1,,,,,,,,,,364,0.049790315330028534,,,,,,,,
,,,,,,,,,2.4356435643564357e-08,369,,,,,,,,,
1,,,,,,,,,,369,0.1003526970744133,,,,,,,,
,,,,,,,,,2.4686468646864686e-08,374,,,,,,,,,
1,,,,,,,,,,374,0.1184367835521698,,,,,,,,
,,,,,,,,,2.5016501650165015e-08,379,,,,,,,,,
1,,,,,,,,,,379,0.10716493427753448,,,,,,,,
,,,,,,,,,2.5346534653465347e-08,384,,,,,,,,,
1,,,,,,,,,,384,0.08418761193752289,,,,,,,,
,,,,,,,,,2.5676567656765677e-08,389,,,,,,,,,
1,,,,,,,,,,389,0.07225645333528519,,,,,,,,
,,,,,,,,,2.6006600660066006e-08,394,,,,,,,,,
1,,,,,,,,,,394,0.11186988651752472,,,,,,,,
,,,,,,,,,2.6336633663366335e-08,399,,,,,,,,,
1,,,,,,,,,,399,0.03778940811753273,,,,,,,,
,,,,,,,,,2.6666666666666667e-08,404,,,,,,,,,
1,,,,,,,,,,404,0.08482542634010315,,,,,,,,
,,,,,,,,,2.6996699669966996e-08,409,,,,,,,,,
1,,,,,,,,,,409,0.08702531456947327,,,,,,,,
,,,,,,,,,2.7326732673267325e-08,414,,,,,,,,,
1,,,,,,,,,,414,0.08182252943515778,,,,,,,,
,,,,,,,,,2.7656765676567655e-08,419,,,,,,,,,
1,,,,,,,,,,419,0.07843990623950958,,,,,,,,
,,,,,,,,,2.7986798679867987e-08,424,,,,,,,,,
1,,,,,,,,,,424,0.06580507010221481,,,,,,,,
,,,,,,,,,2.8316831683168316e-08,429,,,,,,,,,
1,,,,,,,,,,429,0.11239253729581833,,,,,,,,
,,,,,,,,,2.8646864686468645e-08,434,,,,,,,,,
1,,,,,,,,,,434,0.08133342862129211,,,,,,,,
,,,,,,,,,2.8976897689768974e-08,439,,,,,,,,,
1,,,,,,,,,,439,0.12142179161310196,,,,,,,,
,,,,,,,,,2.9306930693069304e-08,444,,,,,,,,,
1,,,,,,,,,,444,0.10242964327335358,,,,,,,,
,,,,,,,,,2.9636963696369636e-08,449,,,,,,,,,
1,,,,,,,,,,449,0.038914430886507034,,,,,,,,
,,,,,,,,,2.9966996699669965e-08,454,,,,,,,,,
1,,,,,,,,,,454,0.06187335401773453,,,,,,,,
,,,,,,,,,3.0297029702970294e-08,459,,,,,,,,,
1,,,,,,,,,,459,0.07613003998994827,,,,,,,,
,,,,,,,,,3.0627062706270623e-08,464,,,,,,,,,
1,,,,,,,,,,464,0.045571066439151764,,,,,,,,
,,,,,,,,,3.095709570957096e-08,469,,,,,,,,,
1,,,,,,,,,,469,0.10228285193443298,,,,,,,,
,,,,,,,,,3.128712871287129e-08,474,,,,,,,,,
1,,,,,,,,,,474,0.09938222169876099,,,,,,,,
,,,,,,,,,3.161716171617162e-08,479,,,,,,,,,
1,,,,,,,,,,479,0.08731499314308167,,,,,,,,
,,,,,,,,,3.1947194719471946e-08,484,,,,,,,,,
1,,,,,,,,,,484,0.10303995758295059,,,,,,,,
,,,,,,,,,3.2277227722772276e-08,489,,,,,,,,,
1,,,,,,,,,,489,0.07969474047422409,,,,,,,,
,,,,,,,,,3.2607260726072605e-08,494,,,,,,,,,
1,,,,,,,,,,494,0.0991213321685791,,,,,,,,
,,,,,,,,,3.2937293729372934e-08,499,,,,,,,,,
1,,,,,,,,,,499,0.07506271451711655,,,,,,,,
,,,,,,,,,3.326732673267327e-08,504,,,,,,,,,
1,,,,,,,,,,504,0.06947365403175354,,,,,,,,
,,,,,,,,,3.359735973597359e-08,509,,,,,,,,,
1,,,,,,,,,,509,0.08192454278469086,,,,,,,,
,,,,,,,,,3.392739273927393e-08,514,,,,,,,,,
1,,,,,,,,,,514,0.09645497798919678,,,,,,,,
,,,,,,,,,3.425742574257426e-08,519,,,,,,,,,
1,,,,,,,,,,519,0.06387323886156082,,,,,,,,
,,,,,,,,,3.4587458745874586e-08,524,,,,,,,,,
1,,,,,,,,,,524,0.06351766735315323,,,,,,,,
,,,,,,,,,3.4917491749174915e-08,529,,,,,,,,,
1,,,,,,,,,,529,0.10497085005044937,,,,,,,,
,,,,,,,,,3.5247524752475244e-08,534,,,,,,,,,
1,,,,,,,,,,534,0.07395250350236893,,,,,,,,
,,,,,,,,,3.5577557755775573e-08,539,,,,,,,,,
1,,,,,,,,,,539,0.057163164019584656,,,,,,,,
,,,,,,,,,3.590759075907591e-08,544,,,,,,,,,
1,,,,,,,,,,544,0.08037079125642776,,,,,,,,
,,,,,,,,,3.623762376237623e-08,549,,,,,,,,,
1,,,,,,,,,,549,0.07599151879549026,,,,,,,,
,,,,,,,,,3.656765676567657e-08,554,,,,,,,,,
1,,,,,,,,,,554,0.07023772597312927,,,,,,,,
,,,,,,,,,3.6897689768976896e-08,559,,,,,,,,,
1,,,,,,,,,,559,0.10266609489917755,,,,,,,,
,,,,,,,,,3.7227722772277226e-08,564,,,,,,,,,
1,,,,,,,,,,564,0.12447094172239304,,,,,,,,
,,,,,,,,,3.7557755775577555e-08,569,,,,,,,,,
1,,,,,,,,,,569,0.06643430888652802,,,,,,,,
,,,,,,,,,3.7887788778877884e-08,574,,,,,,,,,
1,,,,,,,,,,574,0.10498520731925964,,,,,,,,
,,,,,,,,,3.821782178217821e-08,579,,,,,,,,,
1,,,,,,,,,,579,0.04830443859100342,,,,,,,,
,,,,,,,,,3.854785478547855e-08,584,,,,,,,,,
1,,,,,,,,,,584,0.10777568817138672,,,,,,,,
,,,,,,,,,3.887788778877887e-08,589,,,,,,,,,
1,,,,,,,,,,589,0.07757741212844849,,,,,,,,
,,,,,,,,,3.920792079207921e-08,594,,,,,,,,,
1,,,,,,,,,,594,0.15359707176685333,,,,,,,,
,,,,,,,,,3.9537953795379536e-08,599,,,,,,,,,
1,,,,,,,,,,599,0.0637824609875679,,,,,,,,
,,,,,,,,,3.9867986798679865e-08,604,,,,,,,,,
1,,,,,,,,,,604,0.04931499809026718,,,,,,,,
1,,,,,,,,,,605,,0.44999998807907104,0.043478261679410934,0.08419059216976166,0.08419059216976166,-0.04400092735886574,1.0,0.02222222276031971,-0.08324936777353287
,,,,,,,,,4.0198019801980194e-08,609,,,,,,,,,
2,,,,,,,,,,609,0.04573306813836098,,,,,,,,
,,,,,,,,,4.0528052805280523e-08,614,,,,,,,,,
2,,,,,,,,,,614,0.04989638924598694,,,,,,,,
,,,,,,,,,4.085808580858085e-08,619,,,,,,,,,
2,,,,,,,,,,619,0.06935466080904007,,,,,,,,
,,,,,,,,,4.118811881188119e-08,624,,,,,,,,,
2,,,,,,,,,,624,0.06941226124763489,,,,,,,,
,,,,,,,,,4.151815181518151e-08,629,,,,,,,,,
2,,,,,,,,,,629,0.07831087708473206,,,,,,,,
,,,,,,,,,4.1848184818481847e-08,634,,,,,,,,,
2,,,,,,,,,,634,0.13743308186531067,,,,,,,,
,,,,,,,,,4.217821782178218e-08,639,,,,,,,,,
2,,,,,,,,,,639,0.11119245737791061,,,,,,,,
,,,,,,,,,4.2508250825082505e-08,644,,,,,,,,,
2,,,,,,,,,,644,0.06270913034677505,,,,,,,,
,,,,,,,,,4.283828382838284e-08,649,,,,,,,,,
2,,,,,,,,,,649,0.043314117938280106,,,,,,,,
,,,,,,,,,4.316831683168316e-08,654,,,,,,,,,
2,,,,,,,,,,654,0.07501786947250366,,,,,,,,
,,,,,,,,,4.34983498349835e-08,659,,,,,,,,,
2,,,,,,,,,,659,0.044215451925992966,,,,,,,,
,,,,,,,,,4.382838283828383e-08,664,,,,,,,,,
2,,,,,,,,,,664,0.09684520214796066,,,,,,,,
,,,,,,,,,4.415841584158416e-08,669,,,,,,,,,
2,,,,,,,,,,669,0.1421433538198471,,,,,,,,
,,,,,,,,,4.4488448844884486e-08,674,,,,,,,,,
2,,,,,,,,,,674,0.08266861736774445,,,,,,,,
,,,,,,,,,4.481848184818482e-08,679,,,,,,,,,
2,,,,,,,,,,679,0.0834905132651329,,,,,,,,
,,,,,,,,,4.5148514851485144e-08,684,,,,,,,,,
2,,,,,,,,,,684,0.06432905793190002,,,,,,,,
,,,,,,,,,4.547854785478548e-08,689,,,,,,,,,
2,,,,,,,,,,689,0.12710441648960114,,,,,,,,
,,,,,,,,,4.58085808580858e-08,694,,,,,,,,,
2,,,,,,,,,,694,0.12559561431407928,,,,,,,,
,,,,,,,,,4.613861386138614e-08,699,,,,,,,,,
2,,,,,,,,,,699,0.06121664121747017,,,,,,,,
,,,,,,,,,4.646864686468647e-08,704,,,,,,,,,
2,,,,,,,,,,704,0.09993315488100052,,,,,,,,
,,,,,,,,,4.6798679867986797e-08,709,,,,,,,,,
2,,,,,,,,,,709,0.04332227259874344,,,,,,,,
,,,,,,,,,4.7128712871287126e-08,714,,,,,,,,,
2,,,,,,,,,,714,0.06649970263242722,,,,,,,,
,,,,,,,,,4.745874587458746e-08,719,,,,,,,,,
2,,,,,,,,,,719,0.10754379630088806,,,,,,,,
,,,,,,,,,4.7788778877887784e-08,724,,,,,,,,,
2,,,,,,,,,,724,0.0696914941072464,,,,,,,,
,,,,,,,,,4.811881188118812e-08,729,,,,,,,,,
2,,,,,,,,,,729,0.1057276502251625,,,,,,,,
,,,,,,,,,4.844884488448844e-08,734,,,,,,,,,
2,,,,,,,,,,734,0.12986044585704803,,,,,,,,
,,,,,,,,,4.877887788778878e-08,739,,,,,,,,,
2,,,,,,,,,,739,0.0831664651632309,,,,,,,,
,,,,,,,,,4.910891089108911e-08,744,,,,,,,,,
2,,,,,,,,,,744,0.060297947376966476,,,,,,,,
,,,,,,,,,4.9438943894389436e-08,749,,,,,,,,,
2,,,,,,,,,,749,0.101802296936512,,,,,,,,
,,,,,,,,,4.9768976897689765e-08,754,,,,,,,,,
2,,,,,,,,,,754,0.10230878740549088,,,,,,,,
,,,,,,,,,5.00990099009901e-08,759,,,,,,,,,
2,,,,,,,,,,759,0.12817645072937012,,,,,,,,
,,,,,,,,,5.0429042904290424e-08,764,,,,,,,,,
2,,,,,,,,,,764,0.09984026849269867,,,,,,,,
,,,,,,,,,5.075907590759076e-08,769,,,,,,,,,
2,,,,,,,,,,769,0.10842501372098923,,,,,,,,
,,,,,,,,,5.108910891089108e-08,774,,,,,,,,,
2,,,,,,,,,,774,0.09342543035745621,,,,,,,,
,,,,,,,,,5.141914191419142e-08,779,,,,,,,,,
2,,,,,,,,,,779,0.03967087343335152,,,,,,,,
,,,,,,,,,5.174917491749175e-08,784,,,,,,,,,
2,,,,,,,,,,784,0.07989970594644547,,,,,,,,
,,,,,,,,,5.2079207920792076e-08,789,,,,,,,,,
2,,,,,,,,,,789,0.09796842187643051,,,,,,,,
,,,,,,,,,5.2409240924092405e-08,794,,,,,,,,,
2,,,,,,,,,,794,0.06912048906087875,,,,,,,,
,,,,,,,,,5.273927392739274e-08,799,,,,,,,,,
2,,,,,,,,,,799,0.10982631146907806,,,,,,,,
,,,,,,,,,5.306930693069306e-08,804,,,,,,,,,
2,,,,,,,,,,804,0.075402170419693,,,,,,,,
,,,,,,,,,5.33993399339934e-08,809,,,,,,,,,
2,,,,,,,,,,809,0.06480330228805542,,,,,,,,
,,,,,,,,,5.372937293729372e-08,814,,,,,,,,,
2,,,,,,,,,,814,0.14330025017261505,,,,,,,,
,,,,,,,,,5.405940594059406e-08,819,,,,,,,,,
2,,,,,,,,,,819,0.16522091627120972,,,,,,,,
,,,,,,,,,5.4389438943894386e-08,824,,,,,,,,,
2,,,,,,,,,,824,0.06184837594628334,,,,,,,,
,,,,,,,,,5.4719471947194715e-08,829,,,,,,,,,
2,,,,,,,,,,829,0.1435287445783615,,,,,,,,
,,,,,,,,,5.5049504950495045e-08,834,,,,,,,,,
2,,,,,,,,,,834,0.077535480260849,,,,,,,,
,,,,,,,,,5.537953795379538e-08,839,,,,,,,,,
2,,,,,,,,,,839,0.0629223883152008,,,,,,,,
,,,,,,,,,5.57095709570957e-08,844,,,,,,,,,
2,,,,,,,,,,844,0.039576634764671326,,,,,,,,
,,,,,,,,,5.603960396039604e-08,849,,,,,,,,,
2,,,,,,,,,,849,0.07174840569496155,,,,,,,,
,,,,,,,,,5.636963696369636e-08,854,,,,,,,,,
2,,,,,,,,,,854,0.11891742795705795,,,,,,,,
,,,,,,,,,5.66996699669967e-08,859,,,,,,,,,
2,,,,,,,,,,859,0.09164173156023026,,,,,,,,
,,,,,,,,,5.7029702970297026e-08,864,,,,,,,,,
2,,,,,,,,,,864,0.13323496282100677,,,,,,,,
,,,,,,,,,5.7359735973597355e-08,869,,,,,,,,,
2,,,,,,,,,,869,0.058754030615091324,,,,,,,,
,,,,,,,,,5.768976897689769e-08,874,,,,,,,,,
2,,,,,,,,,,874,0.08829369395971298,,,,,,,,
,,,,,,,,,5.801980198019802e-08,879,,,,,,,,,
2,,,,,,,,,,879,0.04296049475669861,,,,,,,,
,,,,,,,,,5.834983498349835e-08,884,,,,,,,,,
2,,,,,,,,,,884,0.12121012061834335,,,,,,,,
,,,,,,,,,5.867986798679868e-08,889,,,,,,,,,
2,,,,,,,,,,889,0.07493558526039124,,,,,,,,
,,,,,,,,,5.900990099009901e-08,894,,,,,,,,,
2,,,,,,,,,,894,0.07660228759050369,,,,,,,,
,,,,,,,,,5.9339933993399336e-08,899,,,,,,,,,
2,,,,,,,,,,899,0.05085572227835655,,,,,,,,
,,,,,,,,,5.966996699669967e-08,904,,,,,,,,,
2,,,,,,,,,,904,0.0894044041633606,,,,,,,,
2,,,,,,,,,,908,,0.4937500059604645,0.3305785059928894,0.08412065356969833,0.08412065356969833,-0.047488272190093994,0.6451612710952759,0.2222222238779068,-0.0828637108206749
,,,,,,,,,6e-08,909,,,,,,,,,
3,,,,,,,,,,909,0.06403638422489166,,,,,,,,
,,,,,,,,,6.033003300330033e-08,914,,,,,,,,,
3,,,,,,,,,,914,0.05583915486931801,,,,,,,,
,,,,,,,,,6.066006600660067e-08,919,,,,,,,,,
3,,,,,,,,,,919,0.0983664020895958,,,,,,,,
,,,,,,,,,6.099009900990099e-08,924,,,,,,,,,
3,,,,,,,,,,924,0.060732025653123856,,,,,,,,
,,,,,,,,,6.132013201320132e-08,929,,,,,,,,,
3,,,,,,,,,,929,0.06153341010212898,,,,,,,,
,,,,,,,,,6.165016501650165e-08,934,,,,,,,,,
3,,,,,,,,,,934,0.12584860622882843,,,,,,,,
,,,,,,,,,6.198019801980198e-08,939,,,,,,,,,
3,,,,,,,,,,939,0.08984377980232239,,,,,,,,
,,,,,,,,,6.23102310231023e-08,944,,,,,,,,,
3,,,,,,,,,,944,0.06463795155286789,,,,,,,,
,,,,,,,,,6.264026402640264e-08,949,,,,,,,,,
3,,,,,,,,,,949,0.0484306775033474,,,,,,,,
,,,,,,,,,6.297029702970296e-08,954,,,,,,,,,
3,,,,,,,,,,954,0.08014696091413498,,,,,,,,
,,,,,,,,,6.33003300330033e-08,959,,,,,,,,,
3,,,,,,,,,,959,0.050323486328125,,,,,,,,
,,,,,,,,,6.363036303630363e-08,964,,,,,,,,,
3,,,,,,,,,,964,0.04988443851470947,,,,,,,,
,,,,,,,,,6.396039603960396e-08,969,,,,,,,,,
3,,,,,,,,,,969,0.09124971181154251,,,,,,,,
,,,,,,,,,6.429042904290428e-08,974,,,,,,,,,
3,,,,,,,,,,974,0.07710263878107071,,,,,,,,
,,,,,,,,,6.462046204620463e-08,979,,,,,,,,,
3,,,,,,,,,,979,0.10198023170232773,,,,,,,,
,,,,,,,,,6.495049504950495e-08,984,,,,,,,,,
3,,,,,,,,,,984,0.058090195059776306,,,,,,,,
,,,,,,,,,6.528052805280527e-08,989,,,,,,,,,
3,,,,,,,,,,989,0.06372543424367905,,,,,,,,
,,,,,,,,,6.56105610561056e-08,994,,,,,,,,,
3,,,,,,,,,,994,0.04159362614154816,,,,,,,,
,,,,,,,,,6.594059405940595e-08,999,,,,,,,,,
3,,,,,,,,,,999,0.09074719250202179,,,,,,,,
,,,,,,,,,6.627062706270627e-08,1004,,,,,,,,,
3,,,,,,,,,,1004,0.0458562932908535,,,,,,,,
,,,,,,,,,6.660066006600659e-08,1009,,,,,,,,,
3,,,,,,,,,,1009,0.10632327944040298,,,,,,,,
,,,,,,,,,6.693069306930693e-08,1014,,,,,,,,,
3,,,,,,,,,,1014,0.09180287271738052,,,,,,,,
,,,,,,,,,6.726072607260726e-08,1019,,,,,,,,,
3,,,,,,,,,,1019,0.107406847178936,,,,,,,,
,,,,,,,,,6.759075907590758e-08,1024,,,,,,,,,
3,,,,,,,,,,1024,0.09259534627199173,,,,,,,,
,,,,,,,,,6.792079207920792e-08,1029,,,,,,,,,
3,,,,,,,,,,1029,0.1069488450884819,,,,,,,,
,,,,,,,,,6.825082508250824e-08,1034,,,,,,,,,
3,,,,,,,,,,1034,0.11941630393266678,,,,,,,,
,,,,,,,,,6.858085808580858e-08,1039,,,,,,,,,
3,,,,,,,,,,1039,0.10542109608650208,,,,,,,,
,,,,,,,,,6.891089108910891e-08,1044,,,,,,,,,
3,,,,,,,,,,1044,0.019056277349591255,,,,,,,,
,,,,,,,,,6.924092409240924e-08,1049,,,,,,,,,
3,,,,,,,,,,1049,0.11137014627456665,,,,,,,,
,,,,,,,,,6.957095709570956e-08,1054,,,,,,,,,
3,,,,,,,,,,1054,0.12111780792474747,,,,,,,,
,,,,,,,,,6.990099009900991e-08,1059,,,,,,,,,
3,,,,,,,,,,1059,0.10103307664394379,,,,,,,,
,,,,,,,,,7.023102310231023e-08,1064,,,,,,,,,
3,,,,,,,,,,1064,0.08428747206926346,,,,,,,,
,,,,,,,,,7.056105610561055e-08,1069,,,,,,,,,
3,,,,,,,,,,1069,0.1361834853887558,,,,,,,,
,,,,,,,,,7.089108910891088e-08,1074,,,,,,,,,
3,,,,,,,,,,1074,0.09442538022994995,,,,,,,,
,,,,,,,,,7.122112211221122e-08,1079,,,,,,,,,
3,,,,,,,,,,1079,0.07145430147647858,,,,,,,,
,,,,,,,,,7.155115511551155e-08,1084,,,,,,,,,
3,,,,,,,,,,1084,0.0794077217578888,,,,,,,,
,,,,,,,,,7.188118811881187e-08,1089,,,,,,,,,
3,,,,,,,,,,1089,0.09866833686828613,,,,,,,,
,,,,,,,,,7.221122112211222e-08,1094,,,,,,,,,
3,,,,,,,,,,1094,0.08199460059404373,,,,,,,,
,,,,,,,,,7.254125412541254e-08,1099,,,,,,,,,
3,,,,,,,,,,1099,0.09739631414413452,,,,,,,,
,,,,,,,,,7.287128712871286e-08,1104,,,,,,,,,
3,,,,,,,,,,1104,0.08185265213251114,,,,,,,,
,,,,,,,,,7.32013201320132e-08,1109,,,,,,,,,
3,,,,,,,,,,1109,0.05048804730176926,,,,,,,,
,,,,,,,,,7.353135313531353e-08,1114,,,,,,,,,
3,,,,,,,,,,1114,0.09306047856807709,,,,,,,,
,,,,,,,,,7.386138613861386e-08,1119,,,,,,,,,
3,,,,,,,,,,1119,0.09198309481143951,,,,,,,,
,,,,,,,,,7.419141914191419e-08,1124,,,,,,,,,
3,,,,,,,,,,1124,0.07786907255649567,,,,,,,,
,,,,,,,,,7.452145214521452e-08,1129,,,,,,,,,
3,,,,,,,,,,1129,0.08791118860244751,,,,,,,,
,,,,,,,,,7.485148514851485e-08,1134,,,,,,,,,
3,,,,,,,,,,1134,0.10812703520059586,,,,,,,,
,,,,,,,,,7.518151815181519e-08,1139,,,,,,,,,
3,,,,,,,,,,1139,0.08962699770927429,,,,,,,,
,,,,,,,,,7.551155115511551e-08,1144,,,,,,,,,
3,,,,,,,,,,1144,0.10101393610239029,,,,,,,,
,,,,,,,,,7.584158415841583e-08,1149,,,,,,,,,
3,,,,,,,,,,1149,0.09838607162237167,,,,,,,,
,,,,,,,,,7.617161716171617e-08,1154,,,,,,,,,
3,,,,,,,,,,1154,0.017354819923639297,,,,,,,,
,,,,,,,,,7.65016501650165e-08,1159,,,,,,,,,
3,,,,,,,,,,1159,0.07007529586553574,,,,,,,,
,,,,,,,,,7.683168316831683e-08,1164,,,,,,,,,
3,,,,,,,,,,1164,0.0302724689245224,,,,,,,,
,,,,,,,,,7.716171617161715e-08,1169,,,,,,,,,
3,,,,,,,,,,1169,0.11961957067251205,,,,,,,,
,,,,,,,,,7.74917491749175e-08,1174,,,,,,,,,
3,,,,,,,,,,1174,0.12443708628416061,,,,,,,,
,,,,,,,,,7.782178217821782e-08,1179,,,,,,,,,
3,,,,,,,,,,1179,0.09964299201965332,,,,,,,,
,,,,,,,,,7.815181518151814e-08,1184,,,,,,,,,
3,,,,,,,,,,1184,0.07277330011129379,,,,,,,,
,,,,,,,,,7.848184818481848e-08,1189,,,,,,,,,
3,,,,,,,,,,1189,0.13984183967113495,,,,,,,,
,,,,,,,,,7.881188118811881e-08,1194,,,,,,,,,
3,,,,,,,,,,1194,0.06625430285930634,,,,,,,,
,,,,,,,,,7.914191419141914e-08,1199,,,,,,,,,
3,,,,,,,,,,1199,0.06599914282560349,,,,,,,,
,,,,,,,,,7.947194719471947e-08,1204,,,,,,,,,
3,,,,,,,,,,1204,0.07158727198839188,,,,,,,,
,,,,,,,,,7.98019801980198e-08,1209,,,,,,,,,
3,,,,,,,,,,1209,0.05241437256336212,,,,,,,,
3,,,,,,,,,,1211,,0.44999998807907104,0.5319148898124695,0.08402089774608612,0.08402089774608612,-0.04746858775615692,0.5102040767669678,0.5555555820465088,-0.08144982904195786
,,,,,,,,,8.013201320132013e-08,1214,,,,,,,,,
4,,,,,,,,,,1214,0.059717368334531784,,,,,,,,
,,,,,,,,,8.046204620462047e-08,1219,,,,,,,,,
4,,,,,,,,,,1219,0.09824801236391068,,,,,,,,
,,,,,,,,,8.079207920792079e-08,1224,,,,,,,,,
4,,,,,,,,,,1224,0.052663400769233704,,,,,,,,
,,,,,,,,,8.112211221122111e-08,1229,,,,,,,,,
4,,,,,,,,,,1229,0.03619787096977234,,,,,,,,
,,,,,,,,,8.145214521452145e-08,1234,,,,,,,,,
4,,,,,,,,,,1234,0.1434716433286667,,,,,,,,
,,,,,,,,,8.178217821782178e-08,1239,,,,,,,,,
4,,,,,,,,,,1239,0.07691812515258789,,,,,,,,
,,,,,,,,,8.21122112211221e-08,1244,,,,,,,,,
4,,,,,,,,,,1244,0.11931328475475311,,,,,,,,
,,,,,,,,,8.244224422442243e-08,1249,,,,,,,,,
4,,,,,,,,,,1249,0.05631225183606148,,,,,,,,
,,,,,,,,,8.277227722772278e-08,1254,,,,,,,,,
4,,,,,,,,,,1254,0.06976013630628586,,,,,,,,
,,,,,,,,,8.31023102310231e-08,1259,,,,,,,,,
4,,,,,,,,,,1259,0.07727038115262985,,,,,,,,
,,,,,,,,,8.343234323432342e-08,1264,,,,,,,,,
4,,,,,,,,,,1264,0.10549206286668777,,,,,,,,
,,,,,,,,,8.376237623762376e-08,1269,,,,,,,,,
4,,,,,,,,,,1269,0.08753632754087448,,,,,,,,
,,,,,,,,,8.409240924092409e-08,1274,,,,,,,,,
4,,,,,,,,,,1274,0.12518493831157684,,,,,,,,
,,,,,,,,,8.442244224422442e-08,1279,,,,,,,,,
4,,,,,,,,,,1279,0.09943706542253494,,,,,,,,
,,,,,,,,,8.475247524752475e-08,1284,,,,,,,,,
4,,,,,,,,,,1284,0.10873651504516602,,,,,,,,
,,,,,,,,,8.508250825082507e-08,1289,,,,,,,,,
4,,,,,,,,,,1289,0.072738416492939,,,,,,,,
,,,,,,,,,8.541254125412541e-08,1294,,,,,,,,,
4,,,,,,,,,,1294,0.07969687879085541,,,,,,,,
,,,,,,,,,8.574257425742575e-08,1299,,,,,,,,,
4,,,,,,,,,,1299,0.10069803893566132,,,,,,,,
,,,,,,,,,8.607260726072607e-08,1304,,,,,,,,,
4,,,,,,,,,,1304,0.06037294864654541,,,,,,,,
,,,,,,,,,8.640264026402639e-08,1309,,,,,,,,,
4,,,,,,,,,,1309,0.11139045655727386,,,,,,,,
,,,,,,,,,8.673267326732673e-08,1314,,,,,,,,,
4,,,,,,,,,,1314,0.08844184875488281,,,,,,,,
,,,,,,,,,8.706270627062706e-08,1319,,,,,,,,,
4,,,,,,,,,,1319,0.07319647073745728,,,,,,,,
,,,,,,,,,8.739273927392738e-08,1324,,,,,,,,,
4,,,,,,,,,,1324,0.121311254799366,,,,,,,,
,,,,,,,,,8.772277227722771e-08,1329,,,,,,,,,
4,,,,,,,,,,1329,0.1548495590686798,,,,,,,,
,,,,,,,,,8.805280528052806e-08,1334,,,,,,,,,
4,,,,,,,,,,1334,0.08351320773363113,,,,,,,,
,,,,,,,,,8.838283828382838e-08,1339,,,,,,,,,
4,,,,,,,,,,1339,0.10150077193975449,,,,,,,,
,,,,,,,,,8.87128712871287e-08,1344,,,,,,,,,
4,,,,,,,,,,1344,0.08052019774913788,,,,,,,,
,,,,,,,,,8.904290429042905e-08,1349,,,,,,,,,
4,,,,,,,,,,1349,0.05495074763894081,,,,,,,,
,,,,,,,,,8.937293729372937e-08,1354,,,,,,,,,
4,,,,,,,,,,1354,0.08666529506444931,,,,,,,,
,,,,,,,,,8.97029702970297e-08,1359,,,,,,,,,
4,,,,,,,,,,1359,0.0671117901802063,,,,,,,,
,,,,,,,,,9.003300330033003e-08,1364,,,,,,,,,
4,,,,,,,,,,1364,0.09936172515153885,,,,,,,,
,,,,,,,,,9.036303630363037e-08,1369,,,,,,,,,
4,,,,,,,,,,1369,0.10809662193059921,,,,,,,,
,,,,,,,,,9.069306930693069e-08,1374,,,,,,,,,
4,,,,,,,,,,1374,0.04831871762871742,,,,,,,,
,,,,,,,,,9.102310231023102e-08,1379,,,,,,,,,
4,,,,,,,,,,1379,0.07843787968158722,,,,,,,,
,,,,,,,,,9.135313531353135e-08,1384,,,,,,,,,
4,,,,,,,,,,1384,0.051046643406152725,,,,,,,,
,,,,,,,,,9.168316831683168e-08,1389,,,,,,,,,
4,,,,,,,,,,1389,0.2007504254579544,,,,,,,,
,,,,,,,,,9.2013201320132e-08,1394,,,,,,,,,
4,,,,,,,,,,1394,0.036512378603219986,,,,,,,,
,,,,,,,,,9.234323432343234e-08,1399,,,,,,,,,
4,,,,,,,,,,1399,0.09245811402797699,,,,,,,,
,,,,,,,,,9.267326732673266e-08,1404,,,,,,,,,
4,,,,,,,,,,1404,0.07015999406576157,,,,,,,,
,,,,,,,,,9.3003300330033e-08,1409,,,,,,,,,
4,,,,,,,,,,1409,0.06677356362342834,,,,,,,,
,,,,,,,,,9.333333333333334e-08,1414,,,,,,,,,
4,,,,,,,,,,1414,0.06933769583702087,,,,,,,,
,,,,,,,,,9.366336633663366e-08,1419,,,,,,,,,
4,,,,,,,,,,1419,0.0935802087187767,,,,,,,,
,,,,,,,,,9.399339933993398e-08,1424,,,,,,,,,
4,,,,,,,,,,1424,0.05883924663066864,,,,,,,,
,,,,,,,,,9.432343234323433e-08,1429,,,,,,,,,
4,,,,,,,,,,1429,0.08511783182621002,,,,,,,,
,,,,,,,,,9.465346534653465e-08,1434,,,,,,,,,
4,,,,,,,,,,1434,0.08728313446044922,,,,,,,,
,,,,,,,,,9.498349834983497e-08,1439,,,,,,,,,
4,,,,,,,,,,1439,0.07316799461841583,,,,,,,,
,,,,,,,,,9.531353135313531e-08,1444,,,,,,,,,
4,,,,,,,,,,1444,0.056997451931238174,,,,,,,,
,,,,,,,,,9.564356435643565e-08,1449,,,,,,,,,
4,,,,,,,,,,1449,0.0557091049849987,,,,,,,,
,,,,,,,,,9.597359735973597e-08,1454,,,,,,,,,
4,,,,,,,,,,1454,0.04855870455503464,,,,,,,,
,,,,,,,,,9.63036303630363e-08,1459,,,,,,,,,
4,,,,,,,,,,1459,0.0774424746632576,,,,,,,,
,,,,,,,,,9.663366336633663e-08,1464,,,,,,,,,
4,,,,,,,,,,1464,0.11735347658395767,,,,,,,,
,,,,,,,,,9.696369636963696e-08,1469,,,,,,,,,
4,,,,,,,,,,1469,0.06454101949930191,,,,,,,,
,,,,,,,,,9.729372937293728e-08,1474,,,,,,,,,
4,,,,,,,,,,1474,0.1550866663455963,,,,,,,,
,,,,,,,,,9.762376237623762e-08,1479,,,,,,,,,
4,,,,,,,,,,1479,0.11353550851345062,,,,,,,,
,,,,,,,,,9.795379537953794e-08,1484,,,,,,,,,
4,,,,,,,,,,1484,0.07027790695428848,,,,,,,,
,,,,,,,,,9.828382838283828e-08,1489,,,,,,,,,
4,,,,,,,,,,1489,0.04537040367722511,,,,,,,,
,,,,,,,,,9.861386138613861e-08,1494,,,,,,,,,
4,,,,,,,,,,1494,0.07567208260297775,,,,,,,,
,,,,,,,,,9.894389438943894e-08,1499,,,,,,,,,
4,,,,,,,,,,1499,0.06537981331348419,,,,,,,,
,,,,,,,,,9.927392739273926e-08,1504,,,,,,,,,
4,,,,,,,,,,1504,0.047368280589580536,,,,,,,,
,,,,,,,,,9.960396039603961e-08,1509,,,,,,,,,
4,,,,,,,,,,1509,0.07221241295337677,,,,,,,,
,,,,,,,,,9.993399339933993e-08,1514,,,,,,,,,
4,,,,,,,,,,1514,0.04227299988269806,,,,,,,,
4,,,,,,,,,,1514,,0.5687500238418579,0.7160493731498718,0.08389373123645782,0.08389373123645782,-0.044497355818748474,0.5686274766921997,0.9666666388511658,-0.07474301010370255
,,,,,,,,,1.0026402640264025e-07,1519,,,,,,,,,
5,,,,,,,,,,1519,0.1356620043516159,,,,,,,,
,,,,,,,,,1.0059405940594059e-07,1524,,,,,,,,,
5,,,,,,,,,,1524,0.03595329821109772,,,,,,,,
,,,,,,,,,1.0092409240924092e-07,1529,,,,,,,,,
5,,,,,,,,,,1529,0.1400391012430191,,,,,,,,
,,,,,,,,,1.0125412541254125e-07,1534,,,,,,,,,
5,,,,,,,,,,1534,0.11499711126089096,,,,,,,,
,,,,,,,,,1.0158415841584157e-07,1539,,,,,,,,,
5,,,,,,,,,,1539,0.06154049187898636,,,,,,,,
,,,,,,,,,1.019141914191419e-07,1544,,,,,,,,,
5,,,,,,,,,,1544,0.11608872562646866,,,,,,,,
,,,,,,,,,1.0224422442244224e-07,1549,,,,,,,,,
5,,,,,,,,,,1549,0.10508250445127487,,,,,,,,
,,,,,,,,,1.0257425742574256e-07,1554,,,,,,,,,
5,,,,,,,,,,1554,0.061058610677719116,,,,,,,,
,,,,,,,,,1.029042904290429e-07,1559,,,,,,,,,
5,,,,,,,,,,1559,0.08256912976503372,,,,,,,,
,,,,,,,,,1.0323432343234324e-07,1564,,,,,,,,,
5,,,,,,,,,,1564,0.06476131826639175,,,,,,,,
,,,,,,,,,1.0356435643564356e-07,1569,,,,,,,,,
5,,,,,,,,,,1569,0.09908000379800797,,,,,,,,
,,,,,,,,,1.038943894389439e-07,1574,,,,,,,,,
5,,,,,,,,,,1574,0.08212270587682724,,,,,,,,
,,,,,,,,,1.0422442244224422e-07,1579,,,,,,,,,
5,,,,,,,,,,1579,0.06535526365041733,,,,,,,,
,,,,,,,,,1.0455445544554455e-07,1584,,,,,,,,,
5,,,,,,,,,,1584,0.12971267104148865,,,,,,,,
,,,,,,,,,1.0488448844884489e-07,1589,,,,,,,,,
5,,,,,,,,,,1589,0.1372494399547577,,,,,,,,
,,,,,,,,,1.0521452145214521e-07,1594,,,,,,,,,
5,,,,,,,,,,1594,0.08170261979103088,,,,,,,,
,,,,,,,,,1.0554455445544553e-07,1599,,,,,,,,,
5,,,,,,,,,,1599,0.07241402566432953,,,,,,,,
,,,,,,,,,1.0587458745874588e-07,1604,,,,,,,,,
5,,,,,,,,,,1604,0.08827198296785355,,,,,,,,
,,,,,,,,,1.062046204620462e-07,1609,,,,,,,,,
5,,,,,,,,,,1609,0.13309556245803833,,,,,,,,
,,,,,,,,,1.0653465346534653e-07,1614,,,,,,,,,
5,,,,,,,,,,1614,0.05358988419175148,,,,,,,,
,,,,,,,,,1.0686468646864685e-07,1619,,,,,,,,,
5,,,,,,,,,,1619,0.1599990576505661,,,,,,,,
,,,,,,,,,1.071947194719472e-07,1624,,,,,,,,,
5,,,,,,,,,,1624,0.1424926221370697,,,,,,,,
,,,,,,,,,1.0752475247524752e-07,1629,,,,,,,,,
5,,,,,,,,,,1629,0.10443301498889923,,,,,,,,
,,,,,,,,,1.0785478547854784e-07,1634,,,,,,,,,
5,,,,,,,,,,1634,0.0758514329791069,,,,,,,,
,,,,,,,,,1.0818481848184818e-07,1639,,,,,,,,,
5,,,,,,,,,,1639,0.06968294084072113,,,,,,,,
,,,,,,,,,1.0851485148514851e-07,1644,,,,,,,,,
5,,,,,,,,,,1644,0.07612363994121552,,,,,,,,
,,,,,,,,,1.0884488448844884e-07,1649,,,,,,,,,
5,,,,,,,,,,1649,0.0670105442404747,,,,,,,,
,,,,,,,,,1.0917491749174917e-07,1654,,,,,,,,,
5,,,,,,,,,,1654,0.08459615707397461,,,,,,,,
,,,,,,,,,1.095049504950495e-07,1659,,,,,,,,,
5,,,,,,,,,,1659,0.0640881285071373,,,,,,,,
,,,,,,,,,1.0983498349834983e-07,1664,,,,,,,,,
5,,,,,,,,,,1664,0.09236691892147064,,,,,,,,
,,,,,,,,,1.1016501650165017e-07,1669,,,,,,,,,
5,,,,,,,,,,1669,0.11049046367406845,,,,,,,,
,,,,,,,,,1.1049504950495049e-07,1674,,,,,,,,,
5,,,,,,,,,,1674,0.06562432646751404,,,,,,,,
,,,,,,,,,1.1082508250825081e-07,1679,,,,,,,,,
5,,,,,,,,,,1679,0.09126884490251541,,,,,,,,
,,,,,,,,,1.1115511551155116e-07,1684,,,,,,,,,
5,,,,,,,,,,1684,0.09342742711305618,,,,,,,,
,,,,,,,,,1.1148514851485148e-07,1689,,,,,,,,,
5,,,,,,,,,,1689,0.04176522418856621,,,,,,,,
,,,,,,,,,1.118151815181518e-07,1694,,,,,,,,,
5,,,,,,,,,,1694,0.14541326463222504,,,,,,,,
,,,,,,,,,1.1214521452145213e-07,1699,,,,,,,,,
5,,,,,,,,,,1699,0.14875340461730957,,,,,,,,
,,,,,,,,,1.1247524752475248e-07,1704,,,,,,,,,
5,,,,,,,,,,1704,0.09520544111728668,,,,,,,,
,,,,,,,,,1.128052805280528e-07,1709,,,,,,,,,
5,,,,,,,,,,1709,0.0941137820482254,,,,,,,,
,,,,,,,,,1.1313531353135312e-07,1714,,,,,,,,,
5,,,,,,,,,,1714,0.05854594707489014,,,,,,,,
,,,,,,,,,1.1346534653465346e-07,1719,,,,,,,,,
5,,,,,,,,,,1719,0.09896641969680786,,,,,,,,
,,,,,,,,,1.137953795379538e-07,1724,,,,,,,,,
5,,,,,,,,,,1724,0.0927552729845047,,,,,,,,
,,,,,,,,,1.1412541254125412e-07,1729,,,,,,,,,
5,,,,,,,,,,1729,0.07645057141780853,,,,,,,,
,,,,,,,,,1.1445544554455445e-07,1734,,,,,,,,,
5,,,,,,,,,,1734,0.046966299414634705,,,,,,,,
,,,,,,,,,1.1478547854785477e-07,1739,,,,,,,,,
5,,,,,,,,,,1739,0.08354274183511734,,,,,,,,
,,,,,,,,,1.1511551155115511e-07,1744,,,,,,,,,
5,,,,,,,,,,1744,0.040033113211393356,,,,,,,,
,,,,,,,,,1.1544554455445545e-07,1749,,,,,,,,,
5,,,,,,,,,,1749,0.11691481620073318,,,,,,,,
,,,,,,,,,1.1577557755775577e-07,1754,,,,,,,,,
5,,,,,,,,,,1754,0.07856255024671555,,,,,,,,
,,,,,,,,,1.1610561056105609e-07,1759,,,,,,,,,
5,,,,,,,,,,1759,0.0795833021402359,,,,,,,,
,,,,,,,,,1.1643564356435644e-07,1764,,,,,,,,,
5,,,,,,,,,,1764,0.07424725592136383,,,,,,,,
,,,,,,,,,1.1676567656765676e-07,1769,,,,,,,,,
5,,,,,,,,,,1769,0.08818555623292923,,,,,,,,
,,,,,,,,,1.1709570957095709e-07,1774,,,,,,,,,
5,,,,,,,,,,1774,0.0978911742568016,,,,,,,,
,,,,,,,,,1.1742574257425741e-07,1779,,,,,,,,,
5,,,,,,,,,,1779,0.052154168486595154,,,,,,,,
,,,,,,,,,1.1775577557755776e-07,1784,,,,,,,,,
5,,,,,,,,,,1784,0.11461029946804047,,,,,,,,
,,,,,,,,,1.1808580858085808e-07,1789,,,,,,,,,
5,,,,,,,,,,1789,0.09387942403554916,,,,,,,,
,,,,,,,,,1.184158415841584e-07,1794,,,,,,,,,
5,,,,,,,,,,1794,0.04941577836871147,,,,,,,,
,,,,,,,,,1.1874587458745875e-07,1799,,,,,,,,,
5,,,,,,,,,,1799,0.01848703995347023,,,,,,,,
,,,,,,,,,1.1907590759075907e-07,1804,,,,,,,,,
5,,,,,,,,,,1804,0.09788921475410461,,,,,,,,
,,,,,,,,,1.194059405940594e-07,1809,,,,,,,,,
5,,,,,,,,,,1809,0.06218637526035309,,,,,,,,
,,,,,,,,,1.1973597359735973e-07,1814,,,,,,,,,
5,,,,,,,,,,1814,0.08127663284540176,,,,,,,,
5,,,,,,,,,,1817,,0.5625,0.7200000286102295,0.08372911810874939,0.08372911810874939,-0.020612020045518875,0.5625,1.0,-0.04955392703413963
,,,,,,,,,1.2006600660066005e-07,1819,,,,,,,,,
6,,,,,,,,,,1819,0.14138759672641754,,,,,,,,
,,,,,,,,,1.2039603960396038e-07,1824,,,,,,,,,
6,,,,,,,,,,1824,0.1178504154086113,,,,,,,,
,,,,,,,,,1.2072607260726073e-07,1829,,,,,,,,,
6,,,,,,,,,,1829,0.07736873626708984,,,,,,,,
,,,,,,,,,1.2105610561056105e-07,1834,,,,,,,,,
6,,,,,,,,,,1834,0.07245682924985886,,,,,,,,
,,,,,,,,,1.2138613861386137e-07,1839,,,,,,,,,
6,,,,,,,,,,1839,0.05323885753750801,,,,,,,,
,,,,,,,,,1.2171617161716172e-07,1844,,,,,,,,,
6,,,,,,,,,,1844,0.03711537644267082,,,,,,,,
,,,,,,,,,1.2204620462046204e-07,1849,,,,,,,,,
6,,,,,,,,,,1849,0.07386533170938492,,,,,,,,
,,,,,,,,,1.2237623762376236e-07,1854,,,,,,,,,
6,,,,,,,,,,1854,0.06658288091421127,,,,,,,,
,,,,,,,,,1.2270627062706269e-07,1859,,,,,,,,,
6,,,,,,,,,,1859,0.13268238306045532,,,,,,,,
,,,,,,,,,1.2303630363036304e-07,1864,,,,,,,,,
6,,,,,,,,,,1864,0.09262920171022415,,,,,,,,
,,,,,,,,,1.2336633663366336e-07,1869,,,,,,,,,
6,,,,,,,,,,1869,0.11896023154258728,,,,,,,,
,,,,,,,,,1.2369636963696368e-07,1874,,,,,,,,,
6,,,,,,,,,,1874,0.04034886881709099,,,,,,,,
,,,,,,,,,1.2402640264026403e-07,1879,,,,,,,,,
6,,,,,,,,,,1879,0.1364915370941162,,,,,,,,
,,,,,,,,,1.2435643564356435e-07,1884,,,,,,,,,
6,,,,,,,,,,1884,0.06794050335884094,,,,,,,,
,,,,,,,,,1.2468646864686467e-07,1889,,,,,,,,,
6,,,,,,,,,,1889,0.1187855526804924,,,,,,,,
,,,,,,,,,1.25016501650165e-07,1894,,,,,,,,,
6,,,,,,,,,,1894,0.07434691488742828,,,,,,,,
,,,,,,,,,1.2534653465346535e-07,1899,,,,,,,,,
6,,,,,,,,,,1899,0.06961879879236221,,,,,,,,
,,,,,,,,,1.2567656765676567e-07,1904,,,,,,,,,
6,,,,,,,,,,1904,0.0728432685136795,,,,,,,,
,,,,,,,,,1.26006600660066e-07,1909,,,,,,,,,
6,,,,,,,,,,1909,0.0938016027212143,,,,,,,,
,,,,,,,,,1.2633663366336634e-07,1914,,,,,,,,,
6,,,,,,,,,,1914,0.06684740632772446,,,,,,,,
,,,,,,,,,1.2666666666666666e-07,1919,,,,,,,,,
6,,,,,,,,,,1919,0.08716126531362534,,,,,,,,
,,,,,,,,,1.2699669966996699e-07,1924,,,,,,,,,
6,,,,,,,,,,1924,0.10807142406702042,,,,,,,,
,,,,,,,,,1.2732673267326733e-07,1929,,,,,,,,,
6,,,,,,,,,,1929,0.09064941853284836,,,,,,,,
,,,,,,,,,1.2765676567656766e-07,1934,,,,,,,,,
6,,,,,,,,,,1934,0.06674159318208694,,,,,,,,
,,,,,,,,,1.2798679867986798e-07,1939,,,,,,,,,
6,,,,,,,,,,1939,0.04086470976471901,,,,,,,,
,,,,,,,,,1.283168316831683e-07,1944,,,,,,,,,
6,,,,,,,,,,1944,0.05032408982515335,,,,,,,,
,,,,,,,,,1.2864686468646865e-07,1949,,,,,,,,,
6,,,,,,,,,,1949,0.04847465083003044,,,,,,,,
,,,,,,,,,1.2897689768976897e-07,1954,,,,,,,,,
6,,,,,,,,,,1954,0.09176414459943771,,,,,,,,
,,,,,,,,,1.293069306930693e-07,1959,,,,,,,,,
6,,,,,,,,,,1959,0.08221009373664856,,,,,,,,
,,,,,,,,,1.2963696369636964e-07,1964,,,,,,,,,
6,,,,,,,,,,1964,0.1124824807047844,,,,,,,,
,,,,,,,,,1.2996699669966997e-07,1969,,,,,,,,,
6,,,,,,,,,,1969,0.051704250276088715,,,,,,,,
,,,,,,,,,1.302970297029703e-07,1974,,,,,,,,,
6,,,,,,,,,,1974,0.11606687307357788,,,,,,,,
,,,,,,,,,1.306270627062706e-07,1979,,,,,,,,,
6,,,,,,,,,,1979,0.08904863148927689,,,,,,,,
,,,,,,,,,1.3095709570957093e-07,1984,,,,,,,,,
6,,,,,,,,,,1984,0.1003352552652359,,,,,,,,
,,,,,,,,,1.3128712871287128e-07,1989,,,,,,,,,
6,,,,,,,,,,1989,0.04444131255149841,,,,,,,,
,,,,,,,,,1.316171617161716e-07,1994,,,,,,,,,
6,,,,,,,,,,1994,0.07478532940149307,,,,,,,,
,,,,,,,,,1.3194719471947193e-07,1999,,,,,,,,,
6,,,,,,,,,,1999,0.059161633253097534,,,,,,,,
,,,,,,,,,1.3227722772277228e-07,2004,,,,,,,,,
6,,,,,,,,,,2004,0.10038194805383682,,,,,,,,
,,,,,,,,,1.326072607260726e-07,2009,,,,,,,,,
6,,,,,,,,,,2009,0.09253691881895065,,,,,,,,
,,,,,,,,,1.3293729372937292e-07,2014,,,,,,,,,
6,,,,,,,,,,2014,0.11732123047113419,,,,,,,,
,,,,,,,,,1.3326732673267327e-07,2019,,,,,,,,,
6,,,,,,,,,,2019,0.10401718318462372,,,,,,,,
,,,,,,,,,1.3359735973597357e-07,2024,,,,,,,,,
6,,,,,,,,,,2024,0.09552555531263351,,,,,,,,
,,,,,,,,,1.3392739273927392e-07,2029,,,,,,,,,
6,,,,,,,,,,2029,0.06386245042085648,,,,,,,,
,,,,,,,,,1.3425742574257427e-07,2034,,,,,,,,,
6,,,,,,,,,,2034,0.10838393121957779,,,,,,,,
,,,,,,,,,1.3458745874587456e-07,2039,,,,,,,,,
6,,,,,,,,,,2039,0.08904833346605301,,,,,,,,
,,,,,,,,,1.349174917491749e-07,2044,,,,,,,,,
6,,,,,,,,,,2044,0.0690126046538353,,,,,,,,
,,,,,,,,,1.3524752475247526e-07,2049,,,,,,,,,
6,,,,,,,,,,2049,0.062080733478069305,,,,,,,,
,,,,,,,,,1.3557755775577556e-07,2054,,,,,,,,,
6,,,,,,,,,,2054,0.09674176573753357,,,,,,,,
,,,,,,,,,1.359075907590759e-07,2059,,,,,,,,,
6,,,,,,,,,,2059,0.09377814084291458,,,,,,,,
,,,,,,,,,1.3623762376237625e-07,2064,,,,,,,,,
6,,,,,,,,,,2064,0.09993507713079453,,,,,,,,
,,,,,,,,,1.3656765676567655e-07,2069,,,,,,,,,
6,,,,,,,,,,2069,0.11052802205085754,,,,,,,,
,,,,,,,,,1.368976897689769e-07,2074,,,,,,,,,
6,,,,,,,,,,2074,0.11583414673805237,,,,,,,,
,,,,,,,,,1.3722772277227722e-07,2079,,,,,,,,,
6,,,,,,,,,,2079,0.10208137333393097,,,,,,,,
,,,,,,,,,1.3755775577557754e-07,2084,,,,,,,,,
6,,,,,,,,,,2084,0.0566154420375824,,,,,,,,
,,,,,,,,,1.378877887788779e-07,2089,,,,,,,,,
6,,,,,,,,,,2089,0.038677114993333817,,,,,,,,
,,,,,,,,,1.3821782178217822e-07,2094,,,,,,,,,
6,,,,,,,,,,2094,0.048205580562353134,,,,,,,,
,,,,,,,,,1.3854785478547854e-07,2099,,,,,,,,,
6,,,,,,,,,,2099,0.06206793338060379,,,,,,,,
,,,,,,,,,1.3887788778877889e-07,2104,,,,,,,,,
6,,,,,,,,,,2104,0.10068046301603317,,,,,,,,
,,,,,,,,,1.392079207920792e-07,2109,,,,,,,,,
6,,,,,,,,,,2109,0.10602909326553345,,,,,,,,
,,,,,,,,,1.3953795379537953e-07,2114,,,,,,,,,
6,,,,,,,,,,2114,0.09131783992052078,,,,,,,,
,,,,,,,,,1.3986798679867985e-07,2119,,,,,,,,,
6,,,,,,,,,,2119,0.08074448257684708,,,,,,,,
6,,,,,,,,,,2120,,0.5625,0.7200000286102295,0.08356046676635742,0.08356046676635742,0.013148371130228043,0.5625,1.0,-0.005625928286463022
,,,,,,,,,1.401980198019802e-07,2124,,,,,,,,,
7,,,,,,,,,,2124,0.10012931376695633,,,,,,,,
,,,,,,,,,1.4052805280528053e-07,2129,,,,,,,,,
7,,,,,,,,,,2129,0.07441916316747665,,,,,,,,
,,,,,,,,,1.4085808580858085e-07,2134,,,,,,,,,
7,,,,,,,,,,2134,0.09524370729923248,,,,,,,,
,,,,,,,,,1.4118811881188117e-07,2139,,,,,,,,,
7,,,,,,,,,,2139,0.08087851852178574,,,,,,,,
,,,,,,,,,1.4151815181518152e-07,2144,,,,,,,,,
7,,,,,,,,,,2144,0.05900142714381218,,,,,,,,
,,,,,,,,,1.4184818481848184e-07,2149,,,,,,,,,
7,,,,,,,,,,2149,0.07285827398300171,,,,,,,,
,,,,,,,,,1.4217821782178216e-07,2154,,,,,,,,,
7,,,,,,,,,,2154,0.129645437002182,,,,,,,,
,,,,,,,,,1.425082508250825e-07,2159,,,,,,,,,
7,,,,,,,,,,2159,0.14910705387592316,,,,,,,,
,,,,,,,,,1.4283828382838284e-07,2164,,,,,,,,,
7,,,,,,,,,,2164,0.11679121851921082,,,,,,,,
,,,,,,,,,1.4316831683168316e-07,2169,,,,,,,,,
7,,,,,,,,,,2169,0.03401152789592743,,,,,,,,
,,,,,,,,,1.4349834983498348e-07,2174,,,,,,,,,
7,,,,,,,,,,2174,0.05129289999604225,,,,,,,,
,,,,,,,,,1.4382838283828383e-07,2179,,,,,,,,,
7,,,,,,,,,,2179,0.04827912524342537,,,,,,,,
,,,,,,,,,1.4415841584158415e-07,2184,,,,,,,,,
7,,,,,,,,,,2184,0.06304308772087097,,,,,,,,
,,,,,,,,,1.4448844884488448e-07,2189,,,,,,,,,
7,,,,,,,,,,2189,0.05933551862835884,,,,,,,,
,,,,,,,,,1.4481848184818482e-07,2194,,,,,,,,,
7,,,,,,,,,,2194,0.06902626156806946,,,,,,,,
,,,,,,,,,1.4514851485148512e-07,2199,,,,,,,,,
7,,,,,,,,,,2199,0.13959749042987823,,,,,,,,
,,,,,,,,,1.4547854785478547e-07,2204,,,,,,,,,
7,,,,,,,,,,2204,0.12019549310207367,,,,,,,,
,,,,,,,,,1.4580858085808582e-07,2209,,,,,,,,,
7,,,,,,,,,,2209,0.08638070523738861,,,,,,,,
,,,,,,,,,1.4613861386138611e-07,2214,,,,,,,,,
7,,,,,,,,,,2214,0.07381092756986618,,,,,,,,
,,,,,,,,,1.4646864686468646e-07,2219,,,,,,,,,
7,,,,,,,,,,2219,0.0553925447165966,,,,,,,,
,,,,,,,,,1.467986798679868e-07,2224,,,,,,,,,
7,,,,,,,,,,2224,0.03891507908701897,,,,,,,,
,,,,,,,,,1.471287128712871e-07,2229,,,,,,,,,
7,,,,,,,,,,2229,0.06717613339424133,,,,,,,,
,,,,,,,,,1.4745874587458746e-07,2234,,,,,,,,,
7,,,,,,,,,,2234,0.13083846867084503,,,,,,,,
,,,,,,,,,1.477887788778878e-07,2239,,,,,,,,,
7,,,,,,,,,,2239,0.07714375108480453,,,,,,,,
,,,,,,,,,1.481188118811881e-07,2244,,,,,,,,,
7,,,,,,,,,,2244,0.09408147633075714,,,,,,,,
,,,,,,,,,1.4844884488448845e-07,2249,,,,,,,,,
7,,,,,,,,,,2249,0.0925951823592186,,,,,,,,
,,,,,,,,,1.4877887788778877e-07,2254,,,,,,,,,
7,,,,,,,,,,2254,0.10859305411577225,,,,,,,,
,,,,,,,,,1.491089108910891e-07,2259,,,,,,,,,
7,,,,,,,,,,2259,0.09259054064750671,,,,,,,,
,,,,,,,,,1.4943894389438944e-07,2264,,,,,,,,,
7,,,,,,,,,,2264,0.04297350347042084,,,,,,,,
,,,,,,,,,1.4976897689768977e-07,2269,,,,,,,,,
7,,,,,,,,,,2269,0.030864784494042397,,,,,,,,
,,,,,,,,,1.500990099009901e-07,2274,,,,,,,,,
7,,,,,,,,,,2274,0.0727178230881691,,,,,,,,
,,,,,,,,,1.5042904290429044e-07,2279,,,,,,,,,
7,,,,,,,,,,2279,0.07953579723834991,,,,,,,,
,,,,,,,,,1.5075907590759076e-07,2284,,,,,,,,,
7,,,,,,,,,,2284,0.0997006818652153,,,,,,,,
,,,,,,,,,1.5108910891089108e-07,2289,,,,,,,,,
7,,,,,,,,,,2289,0.05647844821214676,,,,,,,,
,,,,,,,,,1.514191419141914e-07,2294,,,,,,,,,
7,,,,,,,,,,2294,0.09672053903341293,,,,,,,,
,,,,,,,,,1.5174917491749173e-07,2299,,,,,,,,,
7,,,,,,,,,,2299,0.12497939169406891,,,,,,,,
,,,,,,,,,1.5207920792079208e-07,2304,,,,,,,,,
7,,,,,,,,,,2304,0.07109335064888,,,,,,,,
,,,,,,,,,1.524092409240924e-07,2309,,,,,,,,,
7,,,,,,,,,,2309,0.07311777025461197,,,,,,,,
,,,,,,,,,1.5273927392739272e-07,2314,,,,,,,,,
7,,,,,,,,,,2314,0.06189111992716789,,,,,,,,
,,,,,,,,,1.5306930693069307e-07,2319,,,,,,,,,
7,,,,,,,,,,2319,0.08797338604927063,,,,,,,,
,,,,,,,,,1.533993399339934e-07,2324,,,,,,,,,
7,,,,,,,,,,2324,0.07962916046380997,,,,,,,,
,,,,,,,,,1.5372937293729372e-07,2329,,,,,,,,,
7,,,,,,,,,,2329,0.06599704921245575,,,,,,,,
,,,,,,,,,1.5405940594059404e-07,2334,,,,,,,,,
7,,,,,,,,,,2334,0.06553849577903748,,,,,,,,
,,,,,,,,,1.543894389438944e-07,2339,,,,,,,,,
7,,,,,,,,,,2339,0.049516625702381134,,,,,,,,
,,,,,,,,,1.547194719471947e-07,2344,,,,,,,,,
7,,,,,,,,,,2344,0.06517848372459412,,,,,,,,
,,,,,,,,,1.5504950495049503e-07,2349,,,,,,,,,
7,,,,,,,,,,2349,0.11353243142366409,,,,,,,,
,,,,,,,,,1.5537953795379538e-07,2354,,,,,,,,,
7,,,,,,,,,,2354,0.05387915298342705,,,,,,,,
,,,,,,,,,1.557095709570957e-07,2359,,,,,,,,,
7,,,,,,,,,,2359,0.11550828814506531,,,,,,,,
,,,,,,,,,1.5603960396039603e-07,2364,,,,,,,,,
7,,,,,,,,,,2364,0.11746297031641006,,,,,,,,
,,,,,,,,,1.5636963696369638e-07,2369,,,,,,,,,
7,,,,,,,,,,2369,0.0738946944475174,,,,,,,,
,,,,,,,,,1.5669966996699667e-07,2374,,,,,,,,,
7,,,,,,,,,,2374,0.11223110556602478,,,,,,,,
,,,,,,,,,1.5702970297029702e-07,2379,,,,,,,,,
7,,,,,,,,,,2379,0.07619768381118774,,,,,,,,
,,,,,,,,,1.5735973597359737e-07,2384,,,,,,,,,
7,,,,,,,,,,2384,0.09962700307369232,,,,,,,,
,,,,,,,,,1.5768976897689767e-07,2389,,,,,,,,,
7,,,,,,,,,,2389,0.10032446682453156,,,,,,,,
,,,,,,,,,1.5801980198019802e-07,2394,,,,,,,,,
7,,,,,,,,,,2394,0.09343940019607544,,,,,,,,
,,,,,,,,,1.5834983498349836e-07,2399,,,,,,,,,
7,,,,,,,,,,2399,0.05322372913360596,,,,,,,,
,,,,,,,,,1.5867986798679866e-07,2404,,,,,,,,,
7,,,,,,,,,,2404,0.07919949293136597,,,,,,,,
,,,,,,,,,1.59009900990099e-07,2409,,,,,,,,,
7,,,,,,,,,,2409,0.019462069496512413,,,,,,,,
,,,,,,,,,1.5933993399339933e-07,2414,,,,,,,,,
7,,,,,,,,,,2414,0.10513263195753098,,,,,,,,
,,,,,,,,,1.5966996699669965e-07,2419,,,,,,,,,
7,,,,,,,,,,2419,0.07070024311542511,,,,,,,,
7,,,,,,,,,,2423,,0.5625,0.7200000286102295,0.08339796960353851,0.08339796960353851,0.050822895020246506,0.5625,1.0,0.03984348103404045
,,,,,,,,,1.6e-07,2424,,,,,,,,,
8,,,,,,,,,,2424,0.08050768077373505,,,,,,,,
,,,,,,,,,1.6033003300330033e-07,2429,,,,,,,,,
8,,,,,,,,,,2429,0.07641974836587906,,,,,,,,
,,,,,,,,,1.6066006600660065e-07,2434,,,,,,,,,
8,,,,,,,,,,2434,0.029119295999407768,,,,,,,,
,,,,,,,,,1.60990099009901e-07,2439,,,,,,,,,
8,,,,,,,,,,2439,0.10443814843893051,,,,,,,,
,,,,,,,,,1.6132013201320132e-07,2444,,,,,,,,,
8,,,,,,,,,,2444,0.11510015279054642,,,,,,,,
,,,,,,,,,1.6165016501650164e-07,2449,,,,,,,,,
8,,,,,,,,,,2449,0.06048441305756569,,,,,,,,
,,,,,,,,,1.6198019801980196e-07,2454,,,,,,,,,
8,,,,,,,,,,2454,0.1251869797706604,,,,,,,,
,,,,,,,,,1.623102310231023e-07,2459,,,,,,,,,
8,,,,,,,,,,2459,0.11045636981725693,,,,,,,,
,,,,,,,,,1.6264026402640264e-07,2464,,,,,,,,,
8,,,,,,,,,,2464,0.07386228442192078,,,,,,,,
,,,,,,,,,1.6297029702970296e-07,2469,,,,,,,,,
8,,,,,,,,,,2469,0.07253224402666092,,,,,,,,
,,,,,,,,,1.6330033003300328e-07,2474,,,,,,,,,
8,,,,,,,,,,2474,0.06896543502807617,,,,,,,,
,,,,,,,,,1.6363036303630363e-07,2479,,,,,,,,,
8,,,,,,,,,,2479,0.06065960228443146,,,,,,,,
,,,,,,,,,1.6396039603960395e-07,2484,,,,,,,,,
8,,,,,,,,,,2484,0.09063128381967545,,,,,,,,
,,,,,,,,,1.6429042904290428e-07,2489,,,,,,,,,
8,,,,,,,,,,2489,0.10083823651075363,,,,,,,,
,,,,,,,,,1.6462046204620462e-07,2494,,,,,,,,,
8,,,,,,,,,,2494,0.059598177671432495,,,,,,,,
,,,,,,,,,1.6495049504950495e-07,2499,,,,,,,,,
8,,,,,,,,,,2499,0.10429662466049194,,,,,,,,
,,,,,,,,,1.6528052805280527e-07,2504,,,,,,,,,
8,,,,,,,,,,2504,0.0756770595908165,,,,,,,,
,,,,,,,,,1.656105610561056e-07,2509,,,,,,,,,
8,,,,,,,,,,2509,0.1407189965248108,,,,,,,,
,,,,,,,,,1.6594059405940594e-07,2514,,,,,,,,,
8,,,,,,,,,,2514,0.0743274986743927,,,,,,,,
,,,,,,,,,1.6627062706270626e-07,2519,,,,,,,,,
8,,,,,,,,,,2519,0.05985986441373825,,,,,,,,
,,,,,,,,,1.6660066006600659e-07,2524,,,,,,,,,
8,,,,,,,,,,2524,0.1003497913479805,,,,,,,,
,,,,,,,,,1.6693069306930693e-07,2529,,,,,,,,,
8,,,,,,,,,,2529,0.08408341556787491,,,,,,,,
,,,,,,,,,1.6726072607260726e-07,2534,,,,,,,,,
8,,,,,,,,,,2534,0.07330065965652466,,,,,,,,
,,,,,,,,,1.6759075907590758e-07,2539,,,,,,,,,
8,,,,,,,,,,2539,0.01586039550602436,,,,,,,,
,,,,,,,,,1.6792079207920793e-07,2544,,,,,,,,,
8,,,,,,,,,,2544,0.05480615422129631,,,,,,,,
,,,,,,,,,1.6825082508250822e-07,2549,,,,,,,,,
8,,,,,,,,,,2549,0.07374358922243118,,,,,,,,
,,,,,,,,,1.6858085808580857e-07,2554,,,,,,,,,
8,,,,,,,,,,2554,0.10094156861305237,,,,,,,,
,,,,,,,,,1.6891089108910892e-07,2559,,,,,,,,,
8,,,,,,,,,,2559,0.061956919729709625,,,,,,,,
,,,,,,,,,1.6924092409240922e-07,2564,,,,,,,,,
8,,,,,,,,,,2564,0.0824202373623848,,,,,,,,
,,,,,,,,,1.6957095709570957e-07,2569,,,,,,,,,
8,,,,,,,,,,2569,0.06670010089874268,,,,,,,,
,,,,,,,,,1.6990099009900992e-07,2574,,,,,,,,,
8,,,,,,,,,,2574,0.1120685487985611,,,,,,,,
,,,,,,,,,1.702310231023102e-07,2579,,,,,,,,,
8,,,,,,,,,,2579,0.04469051957130432,,,,,,,,
,,,,,,,,,1.7056105610561056e-07,2584,,,,,,,,,
8,,,,,,,,,,2584,0.09481141716241837,,,,,,,,
,,,,,,,,,1.7089108910891088e-07,2589,,,,,,,,,
8,,,,,,,,,,2589,0.040490858256816864,,,,,,,,
,,,,,,,,,1.712211221122112e-07,2594,,,,,,,,,
8,,,,,,,,,,2594,0.11103399097919464,,,,,,,,
,,,,,,,,,1.7155115511551156e-07,2599,,,,,,,,,
8,,,,,,,,,,2599,0.052491337060928345,,,,,,,,
,,,,,,,,,1.7188118811881185e-07,2604,,,,,,,,,
8,,,,,,,,,,2604,0.10763534903526306,,,,,,,,
,,,,,,,,,1.722112211221122e-07,2609,,,,,,,,,
8,,,,,,,,,,2609,0.04996821656823158,,,,,,,,
,,,,,,,,,1.7254125412541255e-07,2614,,,,,,,,,
8,,,,,,,,,,2614,0.09337110072374344,,,,,,,,
,,,,,,,,,1.7287128712871285e-07,2619,,,,,,,,,
8,,,,,,,,,,2619,0.10086260735988617,,,,,,,,
,,,,,,,,,1.732013201320132e-07,2624,,,,,,,,,
8,,,,,,,,,,2624,0.07011893391609192,,,,,,,,
,,,,,,,,,1.7353135313531352e-07,2629,,,,,,,,,
8,,,,,,,,,,2629,0.12437117099761963,,,,,,,,
,,,,,,,,,1.7386138613861384e-07,2634,,,,,,,,,
8,,,,,,,,,,2634,0.11139629036188126,,,,,,,,
,,,,,,,,,1.741914191419142e-07,2639,,,,,,,,,
8,,,,,,,,,,2639,0.06709662824869156,,,,,,,,
,,,,,,,,,1.745214521452145e-07,2644,,,,,,,,,
8,,,,,,,,,,2644,0.07924824208021164,,,,,,,,
,,,,,,,,,1.7485148514851483e-07,2649,,,,,,,,,
8,,,,,,,,,,2649,0.07244980335235596,,,,,,,,
,,,,,,,,,1.7518151815181518e-07,2654,,,,,,,,,
8,,,,,,,,,,2654,0.0775267481803894,,,,,,,,
,,,,,,,,,1.755115511551155e-07,2659,,,,,,,,,
8,,,,,,,,,,2659,0.07016423344612122,,,,,,,,
,,,,,,,,,1.7584158415841583e-07,2664,,,,,,,,,
8,,,,,,,,,,2664,0.04351334646344185,,,,,,,,
,,,,,,,,,1.7617161716171615e-07,2669,,,,,,,,,
8,,,,,,,,,,2669,0.09353270381689072,,,,,,,,
,,,,,,,,,1.765016501650165e-07,2674,,,,,,,,,
8,,,,,,,,,,2674,0.07082850486040115,,,,,,,,
,,,,,,,,,1.7683168316831682e-07,2679,,,,,,,,,
8,,,,,,,,,,2679,0.07819315791130066,,,,,,,,
,,,,,,,,,1.7716171617161714e-07,2684,,,,,,,,,
8,,,,,,,,,,2684,0.08247867971658707,,,,,,,,
,,,,,,,,,1.774917491749175e-07,2689,,,,,,,,,
8,,,,,,,,,,2689,0.07456999272108078,,,,,,,,
,,,,,,,,,1.7782178217821782e-07,2694,,,,,,,,,
8,,,,,,,,,,2694,0.0660155639052391,,,,,,,,
,,,,,,,,,1.7815181518151814e-07,2699,,,,,,,,,
8,,,,,,,,,,2699,0.09073663502931595,,,,,,,,
,,,,,,,,,1.784818481848185e-07,2704,,,,,,,,,
8,,,,,,,,,,2704,0.057456303387880325,,,,,,,,
,,,,,,,,,1.7881188118811878e-07,2709,,,,,,,,,
8,,,,,,,,,,2709,0.13318975269794464,,,,,,,,
,,,,,,,,,1.7914191419141913e-07,2714,,,,,,,,,
8,,,,,,,,,,2714,0.05626673623919487,,,,,,,,
,,,,,,,,,1.7947194719471948e-07,2719,,,,,,,,,
8,,,,,,,,,,2719,0.08752305805683136,,,,,,,,
,,,,,,,,,1.7980198019801978e-07,2724,,,,,,,,,
8,,,,,,,,,,2724,0.040803462266922,,,,,,,,
8,,,,,,,,,,2726,,0.5625,0.7200000286102295,0.08327122032642365,0.08327122032642365,0.08036470413208008,0.5625,1.0,0.07304614037275314
,,,,,,,,,1.8013201320132013e-07,2729,,,,,,,,,
9,,,,,,,,,,2729,0.08422299474477768,,,,,,,,
,,,,,,,,,1.8046204620462048e-07,2734,,,,,,,,,
9,,,,,,,,,,2734,0.1142403855919838,,,,,,,,
,,,,,,,,,1.8079207920792077e-07,2739,,,,,,,,,
9,,,,,,,,,,2739,0.14205536246299744,,,,,,,,
,,,,,,,,,1.8112211221122112e-07,2744,,,,,,,,,
9,,,,,,,,,,2744,0.08494933694601059,,,,,,,,
,,,,,,,,,1.8145214521452147e-07,2749,,,,,,,,,
9,,,,,,,,,,2749,0.06994146853685379,,,,,,,,
,,,,,,,,,1.8178217821782177e-07,2754,,,,,,,,,
9,,,,,,,,,,2754,0.08282463252544403,,,,,,,,
,,,,,,,,,1.8211221122112211e-07,2759,,,,,,,,,
9,,,,,,,,,,2759,0.10149722546339035,,,,,,,,
,,,,,,,,,1.824422442244224e-07,2764,,,,,,,,,
9,,,,,,,,,,2764,0.0540945939719677,,,,,,,,
,,,,,,,,,1.8277227722772276e-07,2769,,,,,,,,,
9,,,,,,,,,,2769,0.1271863579750061,,,,,,,,
,,,,,,,,,1.831023102310231e-07,2774,,,,,,,,,
9,,,,,,,,,,2774,0.042756587266922,,,,,,,,
,,,,,,,,,1.834323432343234e-07,2779,,,,,,,,,
9,,,,,,,,,,2779,0.06198481097817421,,,,,,,,
,,,,,,,,,1.8376237623762375e-07,2784,,,,,,,,,
9,,,,,,,,,,2784,0.07403980940580368,,,,,,,,
,,,,,,,,,1.840924092409241e-07,2789,,,,,,,,,
9,,,,,,,,,,2789,0.09374542534351349,,,,,,,,
,,,,,,,,,1.844224422442244e-07,2794,,,,,,,,,
9,,,,,,,,,,2794,0.14011353254318237,,,,,,,,
,,,,,,,,,1.8475247524752475e-07,2799,,,,,,,,,
9,,,,,,,,,,2799,0.06330544501543045,,,,,,,,
,,,,,,,,,1.8508250825082507e-07,2804,,,,,,,,,
9,,,,,,,,,,2804,0.05038566142320633,,,,,,,,
,,,,,,,,,1.854125412541254e-07,2809,,,,,,,,,
9,,,,,,,,,,2809,0.060515761375427246,,,,,,,,
,,,,,,,,,1.8574257425742574e-07,2814,,,,,,,,,
9,,,,,,,,,,2814,0.05943700671195984,,,,,,,,
,,,,,,,,,1.8607260726072606e-07,2819,,,,,,,,,
9,,,,,,,,,,2819,0.05075453221797943,,,,,,,,
,,,,,,,,,1.8640264026402639e-07,2824,,,,,,,,,
9,,,,,,,,,,2824,0.09174308180809021,,,,,,,,
,,,,,,,,,1.8673267326732674e-07,2829,,,,,,,,,
9,,,,,,,,,,2829,0.1143215224146843,,,,,,,,
,,,,,,,,,1.8706270627062706e-07,2834,,,,,,,,,
9,,,,,,,,,,2834,0.08498627692461014,,,,,,,,
,,,,,,,,,1.8739273927392738e-07,2839,,,,,,,,,
9,,,,,,,,,,2839,0.12068721652030945,,,,,,,,
,,,,,,,,,1.877227722772277e-07,2844,,,,,,,,,
9,,,,,,,,,,2844,0.12373404949903488,,,,,,,,
,,,,,,,,,1.8805280528052805e-07,2849,,,,,,,,,
9,,,,,,,,,,2849,0.040323406457901,,,,,,,,
,,,,,,,,,1.8838283828382837e-07,2854,,,,,,,,,
9,,,,,,,,,,2854,0.1037113219499588,,,,,,,,
,,,,,,,,,1.887128712871287e-07,2859,,,,,,,,,
9,,,,,,,,,,2859,0.14452296495437622,,,,,,,,
,,,,,,,,,1.8904290429042905e-07,2864,,,,,,,,,
9,,,,,,,,,,2864,0.12885944545269012,,,,,,,,
,,,,,,,,,1.8937293729372937e-07,2869,,,,,,,,,
9,,,,,,,,,,2869,0.10141902416944504,,,,,,,,
,,,,,,,,,1.897029702970297e-07,2874,,,,,,,,,
9,,,,,,,,,,2874,0.04346794635057449,,,,,,,,
,,,,,,,,,1.9003300330033004e-07,2879,,,,,,,,,
9,,,,,,,,,,2879,0.04535537585616112,,,,,,,,
,,,,,,,,,1.9036303630363034e-07,2884,,,,,,,,,
9,,,,,,,,,,2884,0.0992688313126564,,,,,,,,
,,,,,,,,,1.9069306930693068e-07,2889,,,,,,,,,
9,,,,,,,,,,2889,0.10622111707925797,,,,,,,,
,,,,,,,,,1.9102310231023103e-07,2894,,,,,,,,,
9,,,,,,,,,,2894,0.04554026573896408,,,,,,,,
,,,,,,,,,1.9135313531353133e-07,2899,,,,,,,,,
9,,,,,,,,,,2899,0.1342218667268753,,,,,,,,
,,,,,,,,,1.9168316831683168e-07,2904,,,,,,,,,
9,,,,,,,,,,2904,0.06381309777498245,,,,,,,,
,,,,,,,,,1.9201320132013203e-07,2909,,,,,,,,,
9,,,,,,,,,,2909,0.14295968413352966,,,,,,,,
,,,,,,,,,1.9234323432343232e-07,2914,,,,,,,,,
9,,,,,,,,,,2914,0.05294300243258476,,,,,,,,
,,,,,,,,,1.9267326732673267e-07,2919,,,,,,,,,
9,,,,,,,,,,2919,0.10280635952949524,,,,,,,,
,,,,,,,,,1.9300330033003297e-07,2924,,,,,,,,,
9,,,,,,,,,,2924,0.11448454111814499,,,,,,,,
,,,,,,,,,1.9333333333333332e-07,2929,,,,,,,,,
9,,,,,,,,,,2929,0.07277873903512955,,,,,,,,
,,,,,,,,,1.9366336633663367e-07,2934,,,,,,,,,
9,,,,,,,,,,2934,0.05284009501338005,,,,,,,,
,,,,,,,,,1.9399339933993396e-07,2939,,,,,,,,,
9,,,,,,,,,,2939,0.0489361397922039,,,,,,,,
,,,,,,,,,1.943234323432343e-07,2944,,,,,,,,,
9,,,,,,,,,,2944,0.06923740357160568,,,,,,,,
,,,,,,,,,1.9465346534653466e-07,2949,,,,,,,,,
9,,,,,,,,,,2949,0.1450643390417099,,,,,,,,
,,,,,,,,,1.9498349834983496e-07,2954,,,,,,,,,
9,,,,,,,,,,2954,0.09113188087940216,,,,,,,,
,,,,,,,,,1.953135313531353e-07,2959,,,,,,,,,
9,,,,,,,,,,2959,0.027259796857833862,,,,,,,,
,,,,,,,,,1.9564356435643565e-07,2964,,,,,,,,,
9,,,,,,,,,,2964,0.05504459887742996,,,,,,,,
,,,,,,,,,1.9597359735973595e-07,2969,,,,,,,,,
9,,,,,,,,,,2969,0.10417470335960388,,,,,,,,
,,,,,,,,,1.963036303630363e-07,2974,,,,,,,,,
9,,,,,,,,,,2974,0.07107894867658615,,,,,,,,
,,,,,,,,,1.9663366336633662e-07,2979,,,,,,,,,
9,,,,,,,,,,2979,0.025535764172673225,,,,,,,,
,,,,,,,,,1.9696369636963694e-07,2984,,,,,,,,,
9,,,,,,,,,,2984,0.07669518142938614,,,,,,,,
,,,,,,,,,1.972937293729373e-07,2989,,,,,,,,,
9,,,,,,,,,,2989,0.09849561750888824,,,,,,,,
,,,,,,,,,1.9762376237623762e-07,2994,,,,,,,,,
9,,,,,,,,,,2994,0.1325962394475937,,,,,,,,
,,,,,,,,,1.9795379537953794e-07,2999,,,,,,,,,
9,,,,,,,,,,2999,0.0928112268447876,,,,,,,,
,,,,,,,,,1.982838283828383e-07,3004,,,,,,,,,
9,,,,,,,,,,3004,0.10599556565284729,,,,,,,,
,,,,,,,,,1.986138613861386e-07,3009,,,,,,,,,
9,,,,,,,,,,3009,0.08485086262226105,,,,,,,,
,,,,,,,,,1.9894389438943893e-07,3014,,,,,,,,,
9,,,,,,,,,,3014,0.035490211099386215,,,,,,,,
,,,,,,,,,1.9927392739273925e-07,3019,,,,,,,,,
9,,,,,,,,,,3019,0.13088324666023254,,,,,,,,
,,,,,,,,,1.996039603960396e-07,3024,,,,,,,,,
9,,,,,,,,,,3024,0.13779695332050323,,,,,,,,
,,,,,,,,,1.9993399339933993e-07,3029,,,,,,,,,
9,,,,,,,,,,3029,0.07249613851308823,,,,,,,,
9,,,,,,,,,,3029,,0.5625,0.7200000286102295,0.08320549875497818,0.08320549875497818,0.09594651311635971,0.5625,1.0,0.08623099327087402
,,,,,,,,,2.0026402640264025e-07,3034,,,,,,,,,
10,,,,,,,,,,3034,0.11950838565826416,,,,,,,,
,,,,,,,,,2.005940594059406e-07,3039,,,,,,,,,
10,,,,,,,,,,3039,0.11289877444505692,,,,,,,,
,,,,,,,,,2.0092409240924092e-07,3044,,,,,,,,,
10,,,,,,,,,,3044,0.10454364120960236,,,,,,,,
,,,,,,,,,2.0125412541254124e-07,3049,,,,,,,,,
10,,,,,,,,,,3049,0.10383226722478867,,,,,,,,
,,,,,,,,,2.015841584158416e-07,3054,,,,,,,,,
10,,,,,,,,,,3054,0.06777014583349228,,,,,,,,
,,,,,,,,,2.019141914191419e-07,3059,,,,,,,,,
10,,,,,,,,,,3059,0.043109916150569916,,,,,,,,
,,,,,,,,,2.0224422442244224e-07,3064,,,,,,,,,
10,,,,,,,,,,3064,0.1036924198269844,,,,,,,,
,,,,,,,,,2.0257425742574259e-07,3069,,,,,,,,,
10,,,,,,,,,,3069,0.12736785411834717,,,,,,,,
,,,,,,,,,2.0290429042904288e-07,3074,,,,,,,,,
10,,,,,,,,,,3074,0.08386006951332092,,,,,,,,
,,,,,,,,,2.0323432343234323e-07,3079,,,,,,,,,
10,,,,,,,,,,3079,0.14981132745742798,,,,,,,,
,,,,,,,,,2.0356435643564355e-07,3084,,,,,,,,,
10,,,,,,,,,,3084,0.07376112043857574,,,,,,,,
,,,,,,,,,2.0389438943894388e-07,3089,,,,,,,,,
10,,,,,,,,,,3089,0.10801921039819717,,,,,,,,
,,,,,,,,,2.0422442244224422e-07,3094,,,,,,,,,
10,,,,,,,,,,3094,0.10775057971477509,,,,,,,,
,,,,,,,,,2.0455445544554452e-07,3099,,,,,,,,,
10,,,,,,,,,,3099,0.1062379777431488,,,,,,,,
,,,,,,,,,2.0488448844884487e-07,3104,,,,,,,,,
10,,,,,,,,,,3104,0.09327635914087296,,,,,,,,
,,,,,,,,,2.0521452145214522e-07,3109,,,,,,,,,
10,,,,,,,,,,3109,0.07842367887496948,,,,,,,,
,,,,,,,,,2.0554455445544551e-07,3114,,,,,,,,,
10,,,,,,,,,,3114,0.09758757054805756,,,,,,,,
,,,,,,,,,2.0587458745874586e-07,3119,,,,,,,,,
10,,,,,,,,,,3119,0.1097116768360138,,,,,,,,
,,,,,,,,,2.062046204620462e-07,3124,,,,,,,,,
10,,,,,,,,,,3124,0.06607800722122192,,,,,,,,
,,,,,,,,,2.065346534653465e-07,3129,,,,,,,,,
10,,,,,,,,,,3129,0.08544070273637772,,,,,,,,
,,,,,,,,,2.0686468646864686e-07,3134,,,,,,,,,
10,,,,,,,,,,3134,0.16518540680408478,,,,,,,,
,,,,,,,,,2.0719471947194718e-07,3139,,,,,,,,,
10,,,,,,,,,,3139,0.08442556858062744,,,,,,,,
,,,,,,,,,2.075247524752475e-07,3144,,,,,,,,,
10,,,,,,,,,,3144,0.07720565795898438,,,,,,,,
,,,,,,,,,2.0785478547854785e-07,3149,,,,,,,,,
10,,,,,,,,,,3149,0.056436605751514435,,,,,,,,
,,,,,,,,,2.0818481848184817e-07,3154,,,,,,,,,
10,,,,,,,,,,3154,0.08434232324361801,,,,,,,,
,,,,,,,,,2.085148514851485e-07,3159,,,,,,,,,
10,,,,,,,,,,3159,0.033630482852458954,,,,,,,,
,,,,,,,,,2.0884488448844885e-07,3164,,,,,,,,,
10,,,,,,,,,,3164,0.041642334312200546,,,,,,,,
,,,,,,,,,2.0917491749174917e-07,3169,,,,,,,,,
10,,,,,,,,,,3169,0.10394716262817383,,,,,,,,
,,,,,,,,,2.095049504950495e-07,3174,,,,,,,,,
10,,,,,,,,,,3174,0.0635586604475975,,,,,,,,
,,,,,,,,,2.0983498349834984e-07,3179,,,,,,,,,
10,,,,,,,,,,3179,0.11119724065065384,,,,,,,,
,,,,,,,,,2.1016501650165016e-07,3184,,,,,,,,,
10,,,,,,,,,,3184,0.07221642136573792,,,,,,,,
,,,,,,,,,2.1049504950495048e-07,3189,,,,,,,,,
10,,,,,,,,,,3189,0.07924913614988327,,,,,,,,
,,,,,,,,,2.108250825082508e-07,3194,,,,,,,,,
10,,,,,,,,,,3194,0.05799363553524017,,,,,,,,
,,,,,,,,,2.1115511551155116e-07,3199,,,,,,,,,
10,,,,,,,,,,3199,0.07066265493631363,,,,,,,,
,,,,,,,,,2.1148514851485148e-07,3204,,,,,,,,,
10,,,,,,,,,,3204,0.0658782497048378,,,,,,,,
,,,,,,,,,2.118151815181518e-07,3209,,,,,,,,,
10,,,,,,,,,,3209,0.06398967653512955,,,,,,,,
,,,,,,,,,2.1214521452145215e-07,3214,,,,,,,,,
10,,,,,,,,,,3214,0.11730989068746567,,,,,,,,
,,,,,,,,,2.1247524752475247e-07,3219,,,,,,,,,
10,,,,,,,,,,3219,0.09829337894916534,,,,,,,,
,,,,,,,,,2.128052805280528e-07,3224,,,,,,,,,
10,,,,,,,,,,3224,0.06622514873743057,,,,,,,,
,,,,,,,,,2.1313531353135314e-07,3229,,,,,,,,,
10,,,,,,,,,,3229,0.0971103310585022,,,,,,,,
,,,,,,,,,2.1346534653465344e-07,3234,,,,,,,,,
10,,,,,,,,,,3234,0.058887824416160583,,,,,,,,
,,,,,,,,,2.137953795379538e-07,3239,,,,,,,,,
10,,,,,,,,,,3239,0.0671144351363182,,,,,,,,
,,,,,,,,,2.141254125412541e-07,3244,,,,,,,,,
10,,,,,,,,,,3244,0.060307577252388,,,,,,,,
,,,,,,,,,2.1445544554455443e-07,3249,,,,,,,,,
10,,,,,,,,,,3249,0.10166279226541519,,,,,,,,
,,,,,,,,,2.1478547854785478e-07,3254,,,,,,,,,
10,,,,,,,,,,3254,0.03882019966840744,,,,,,,,
,,,,,,,,,2.151155115511551e-07,3259,,,,,,,,,
10,,,,,,,,,,3259,0.11910286545753479,,,,,,,,
,,,,,,,,,2.1544554455445543e-07,3264,,,,,,,,,
10,,,,,,,,,,3264,0.11720145493745804,,,,,,,,
,,,,,,,,,2.1577557755775578e-07,3269,,,,,,,,,
10,,,,,,,,,,3269,0.09004134684801102,,,,,,,,
,,,,,,,,,2.1610561056105607e-07,3274,,,,,,,,,
10,,,,,,,,,,3274,0.08922857791185379,,,,,,,,
,,,,,,,,,2.1643564356435642e-07,3279,,,,,,,,,
10,,,,,,,,,,3279,0.08974549174308777,,,,,,,,
,,,,,,,,,2.1676567656765677e-07,3284,,,,,,,,,
10,,,,,,,,,,3284,0.012829611077904701,,,,,,,,
,,,,,,,,,2.1709570957095707e-07,3289,,,,,,,,,
10,,,,,,,,,,3289,0.036240868270397186,,,,,,,,
,,,,,,,,,2.1742574257425742e-07,3294,,,,,,,,,
10,,,,,,,,,,3294,0.16046729683876038,,,,,,,,
,,,,,,,,,2.1775577557755777e-07,3299,,,,,,,,,
10,,,,,,,,,,3299,0.07766549289226532,,,,,,,,
,,,,,,,,,2.1808580858085806e-07,3304,,,,,,,,,
10,,,,,,,,,,3304,0.045682523399591446,,,,,,,,
,,,,,,,,,2.184158415841584e-07,3309,,,,,,,,,
10,,,,,,,,,,3309,0.06265052407979965,,,,,,,,
,,,,,,,,,2.1874587458745873e-07,3314,,,,,,,,,
10,,,,,,,,,,3314,0.1001930832862854,,,,,,,,
,,,,,,,,,2.1907590759075906e-07,3319,,,,,,,,,
10,,,,,,,,,,3319,0.08149872720241547,,,,,,,,
,,,,,,,,,2.194059405940594e-07,3324,,,,,,,,,
10,,,,,,,,,,3324,0.08235585689544678,,,,,,,,
,,,,,,,,,2.1973597359735973e-07,3329,,,,,,,,,
10,,,,,,,,,,3329,0.06456685811281204,,,,,,,,
10,,,,,,,,,,3332,,0.5625,0.7200000286102295,0.08319313824176788,0.08319313824176788,0.10063543915748596,0.5625,1.0,0.09275888651609421
,,,,,,,,,2.2006600660066005e-07,3334,,,,,,,,,
11,,,,,,,,,,3334,0.04247443005442619,,,,,,,,
,,,,,,,,,2.203960396039604e-07,3339,,,,,,,,,
11,,,,,,,,,,3339,0.10611705482006073,,,,,,,,
,,,,,,,,,2.2072607260726072e-07,3344,,,,,,,,,
11,,,,,,,,,,3344,0.06778889149427414,,,,,,,,
,,,,,,,,,2.2105610561056104e-07,3349,,,,,,,,,
11,,,,,,,,,,3349,0.10748942941427231,,,,,,,,
,,,,,,,,,2.2138613861386137e-07,3354,,,,,,,,,
11,,,,,,,,,,3354,0.14566203951835632,,,,,,,,
,,,,,,,,,2.2171617161716171e-07,3359,,,,,,,,,
11,,,,,,,,,,3359,0.05165539309382439,,,,,,,,
,,,,,,,,,2.2204620462046204e-07,3364,,,,,,,,,
11,,,,,,,,,,3364,0.0897873118519783,,,,,,,,
,,,,,,,,,2.2237623762376236e-07,3369,,,,,,,,,
11,,,,,,,,,,3369,0.07857251912355423,,,,,,,,
,,,,,,,,,2.227062706270627e-07,3374,,,,,,,,,
11,,,,,,,,,,3374,0.07544190436601639,,,,,,,,
,,,,,,,,,2.2303630363036303e-07,3379,,,,,,,,,
11,,,,,,,,,,3379,0.042183879762887955,,,,,,,,
,,,,,,,,,2.2336633663366335e-07,3384,,,,,,,,,
11,,,,,,,,,,3384,0.11178474128246307,,,,,,,,
,,,,,,,,,2.236963696369637e-07,3389,,,,,,,,,
11,,,,,,,,,,3389,0.08717244118452072,,,,,,,,
,,,,,,,,,2.24026402640264e-07,3394,,,,,,,,,
11,,,,,,,,,,3394,0.10590938478708267,,,,,,,,
,,,,,,,,,2.2435643564356435e-07,3399,,,,,,,,,
11,,,,,,,,,,3399,0.08480008691549301,,,,,,,,
,,,,,,,,,2.2468646864686467e-07,3404,,,,,,,,,
11,,,,,,,,,,3404,0.0890749916434288,,,,,,,,
,,,,,,,,,2.25016501650165e-07,3409,,,,,,,,,
11,,,,,,,,,,3409,0.0989416167140007,,,,,,,,
,,,,,,,,,2.2534653465346534e-07,3414,,,,,,,,,
11,,,,,,,,,,3414,0.10459117591381073,,,,,,,,
,,,,,,,,,2.2567656765676566e-07,3419,,,,,,,,,
11,,,,,,,,,,3419,0.08225712180137634,,,,,,,,
,,,,,,,,,2.2600660066006599e-07,3424,,,,,,,,,
11,,,,,,,,,,3424,0.10804180800914764,,,,,,,,
,,,,,,,,,2.2633663366336634e-07,3429,,,,,,,,,
11,,,,,,,,,,3429,0.10730908811092377,,,,,,,,
,,,,,,,,,2.2666666666666663e-07,3434,,,,,,,,,
11,,,,,,,,,,3434,0.11294659972190857,,,,,,,,
,,,,,,,,,2.2699669966996698e-07,3439,,,,,,,,,
11,,,,,,,,,,3439,0.08340847492218018,,,,,,,,
,,,,,,,,,2.2732673267326733e-07,3444,,,,,,,,,
11,,,,,,,,,,3444,0.06376360356807709,,,,,,,,
,,,,,,,,,2.2765676567656763e-07,3449,,,,,,,,,
11,,,,,,,,,,3449,0.09979137033224106,,,,,,,,
,,,,,,,,,2.2798679867986797e-07,3454,,,,,,,,,
11,,,,,,,,,,3454,0.14659619331359863,,,,,,,,
,,,,,,,,,2.2831683168316832e-07,3459,,,,,,,,,
11,,,,,,,,,,3459,0.09265200793743134,,,,,,,,
,,,,,,,,,2.2864686468646862e-07,3464,,,,,,,,,
11,,,,,,,,,,3464,0.062371548265218735,,,,,,,,
,,,,,,,,,2.2897689768976897e-07,3469,,,,,,,,,
11,,,,,,,,,,3469,0.08803030103445053,,,,,,,,
,,,,,,,,,2.2930693069306932e-07,3474,,,,,,,,,
11,,,,,,,,,,3474,0.07310263812541962,,,,,,,,
,,,,,,,,,2.2963696369636961e-07,3479,,,,,,,,,
11,,,,,,,,,,3479,0.07566244900226593,,,,,,,,
,,,,,,,,,2.2996699669966996e-07,3484,,,,,,,,,
11,,,,,,,,,,3484,0.13325533270835876,,,,,,,,
,,,,,,,,,2.3029702970297029e-07,3489,,,,,,,,,
11,,,,,,,,,,3489,0.047179315239191055,,,,,,,,
,,,,,,,,,2.306270627062706e-07,3494,,,,,,,,,
11,,,,,,,,,,3494,0.08558201789855957,,,,,,,,
,,,,,,,,,2.3095709570957096e-07,3499,,,,,,,,,
11,,,,,,,,,,3499,0.061529822647571564,,,,,,,,
,,,,,,,,,2.3128712871287128e-07,3504,,,,,,,,,
11,,,,,,,,,,3504,0.09287948906421661,,,,,,,,
,,,,,,,,,2.316171617161716e-07,3509,,,,,,,,,
11,,,,,,,,,,3509,0.10076037049293518,,,,,,,,
,,,,,,,,,2.3194719471947195e-07,3514,,,,,,,,,
11,,,,,,,,,,3514,0.04069972783327103,,,,,,,,
,,,,,,,,,2.3227722772277227e-07,3519,,,,,,,,,
11,,,,,,,,,,3519,0.10493229329586029,,,,,,,,
,,,,,,,,,2.326072607260726e-07,3524,,,,,,,,,
11,,,,,,,,,,3524,0.08996398746967316,,,,,,,,
,,,,,,,,,2.3293729372937292e-07,3529,,,,,,,,,
11,,,,,,,,,,3529,0.11528419703245163,,,,,,,,
,,,,,,,,,2.3326732673267327e-07,3534,,,,,,,,,
11,,,,,,,,,,3534,0.10474934428930283,,,,,,,,
,,,,,,,,,2.335973597359736e-07,3539,,,,,,,,,
11,,,,,,,,,,3539,0.06537642329931259,,,,,,,,
,,,,,,,,,2.339273927392739e-07,3544,,,,,,,,,
11,,,,,,,,,,3544,0.024491827934980392,,,,,,,,
,,,,,,,,,2.3425742574257426e-07,3549,,,,,,,,,
11,,,,,,,,,,3549,0.10089626163244247,,,,,,,,
,,,,,,,,,2.3458745874587458e-07,3554,,,,,,,,,
11,,,,,,,,,,3554,0.06404998153448105,,,,,,,,
,,,,,,,,,2.349174917491749e-07,3559,,,,,,,,,
11,,,,,,,,,,3559,0.07486988604068756,,,,,,,,
,,,,,,,,,2.3524752475247523e-07,3564,,,,,,,,,
11,,,,,,,,,,3564,0.04122935235500336,,,,,,,,
,,,,,,,,,2.3557755775577555e-07,3569,,,,,,,,,
11,,,,,,,,,,3569,0.06708542257547379,,,,,,,,
,,,,,,,,,2.359075907590759e-07,3574,,,,,,,,,
11,,,,,,,,,,3574,0.050694290548563004,,,,,,,,
,,,,,,,,,2.3623762376237622e-07,3579,,,,,,,,,
11,,,,,,,,,,3579,0.09524665027856827,,,,,,,,
,,,,,,,,,2.3656765676567655e-07,3584,,,,,,,,,
11,,,,,,,,,,3584,0.134365513920784,,,,,,,,
,,,,,,,,,2.368976897689769e-07,3589,,,,,,,,,
11,,,,,,,,,,3589,0.12664352357387543,,,,,,,,
,,,,,,,,,2.3722772277227722e-07,3594,,,,,,,,,
11,,,,,,,,,,3594,0.081831194460392,,,,,,,,
,,,,,,,,,2.3755775577557754e-07,3599,,,,,,,,,
11,,,,,,,,,,3599,0.08272930979728699,,,,,,,,
,,,,,,,,,2.378877887788779e-07,3604,,,,,,,,,
11,,,,,,,,,,3604,0.08821453899145126,,,,,,,,
,,,,,,,,,2.3821782178217818e-07,3609,,,,,,,,,
11,,,,,,,,,,3609,0.07431419938802719,,,,,,,,
,,,,,,,,,2.3854785478547856e-07,3614,,,,,,,,,
11,,,,,,,,,,3614,0.08430974930524826,,,,,,,,
,,,,,,,,,2.388778877887789e-07,3619,,,,,,,,,
11,,,,,,,,,,3619,0.03878374397754669,,,,,,,,
,,,,,,,,,2.392079207920792e-07,3624,,,,,,,,,
11,,,,,,,,,,3624,0.0851188451051712,,,,,,,,
,,,,,,,,,2.3953795379537953e-07,3629,,,,,,,,,
11,,,,,,,,,,3629,0.05516272410750389,,,,,,,,
,,,,,,,,,2.3986798679867985e-07,3634,,,,,,,,,
11,,,,,,,,,,3634,0.11163752526044846,,,,,,,,
11,,,,,,,,,,3635,,0.5625,0.7200000286102295,0.08321793377399445,0.08321793377399445,0.10225477814674377,0.5625,1.0,0.09973996877670288
,,,,,,,,,2.4019801980198017e-07,3639,,,,,,,,,
12,,,,,,,,,,3639,0.09240224212408066,,,,,,,,
,,,,,,,,,2.405280528052805e-07,3644,,,,,,,,,
12,,,,,,,,,,3644,0.15290649235248566,,,,,,,,
,,,,,,,,,2.4085808580858087e-07,3649,,,,,,,,,
12,,,,,,,,,,3649,0.022868139669299126,,,,,,,,
,,,,,,,,,2.411881188118812e-07,3654,,,,,,,,,
12,,,,,,,,,,3654,0.11064102500677109,,,,,,,,
,,,,,,,,,2.415181518151815e-07,3659,,,,,,,,,
12,,,,,,,,,,3659,0.027077049016952515,,,,,,,,
,,,,,,,,,2.4184818481848184e-07,3664,,,,,,,,,
12,,,,,,,,,,3664,0.07531136274337769,,,,,,,,
,,,,,,,,,2.4217821782178216e-07,3669,,,,,,,,,
12,,,,,,,,,,3669,0.08892624825239182,,,,,,,,
,,,,,,,,,2.425082508250825e-07,3674,,,,,,,,,
12,,,,,,,,,,3674,0.09637231379747391,,,,,,,,
,,,,,,,,,2.4283828382838286e-07,3679,,,,,,,,,
12,,,,,,,,,,3679,0.10845062136650085,,,,,,,,
,,,,,,,,,2.4316831683168313e-07,3684,,,,,,,,,
12,,,,,,,,,,3684,0.07146257907152176,,,,,,,,
,,,,,,,,,2.434983498349835e-07,3689,,,,,,,,,
12,,,,,,,,,,3689,0.0715508982539177,,,,,,,,
,,,,,,,,,2.438283828382838e-07,3694,,,,,,,,,
12,,,,,,,,,,3694,0.07189730554819107,,,,,,,,
,,,,,,,,,2.4415841584158415e-07,3699,,,,,,,,,
12,,,,,,,,,,3699,0.12045224756002426,,,,,,,,
,,,,,,,,,2.4448844884488447e-07,3704,,,,,,,,,
12,,,,,,,,,,3704,0.10870924592018127,,,,,,,,
,,,,,,,,,2.448184818481848e-07,3709,,,,,,,,,
12,,,,,,,,,,3709,0.06362703442573547,,,,,,,,
,,,,,,,,,2.451485148514851e-07,3714,,,,,,,,,
12,,,,,,,,,,3714,0.11591123789548874,,,,,,,,
,,,,,,,,,2.454785478547855e-07,3719,,,,,,,,,
12,,,,,,,,,,3719,0.06981588155031204,,,,,,,,
,,,,,,,,,2.4580858085808576e-07,3724,,,,,,,,,
12,,,,,,,,,,3724,0.03194836527109146,,,,,,,,
,,,,,,,,,2.4613861386138614e-07,3729,,,,,,,,,
12,,,,,,,,,,3729,0.12133999168872833,,,,,,,,
,,,,,,,,,2.4646864686468646e-07,3734,,,,,,,,,
12,,,,,,,,,,3734,0.11585685610771179,,,,,,,,
,,,,,,,,,2.467986798679868e-07,3739,,,,,,,,,
12,,,,,,,,,,3739,0.055890198796987534,,,,,,,,
,,,,,,,,,2.471287128712871e-07,3744,,,,,,,,,
12,,,,,,,,,,3744,0.06245122849941254,,,,,,,,
,,,,,,,,,2.474587458745875e-07,3749,,,,,,,,,
12,,,,,,,,,,3749,0.061217281967401505,,,,,,,,
,,,,,,,,,2.4778877887788775e-07,3754,,,,,,,,,
12,,,,,,,,,,3754,0.08476503938436508,,,,,,,,
,,,,,,,,,2.481188118811881e-07,3759,,,,,,,,,
12,,,,,,,,,,3759,0.04738399013876915,,,,,,,,
,,,,,,,,,2.4844884488448845e-07,3764,,,,,,,,,
12,,,,,,,,,,3764,0.06775130331516266,,,,,,,,
,,,,,,,,,2.4877887788778877e-07,3769,,,,,,,,,
12,,,,,,,,,,3769,0.08499472588300705,,,,,,,,
,,,,,,,,,2.491089108910891e-07,3774,,,,,,,,,
12,,,,,,,,,,3774,0.06263884902000427,,,,,,,,
,,,,,,,,,2.494389438943894e-07,3779,,,,,,,,,
12,,,,,,,,,,3779,0.0779619887471199,,,,,,,,
,,,,,,,,,2.4976897689768974e-07,3784,,,,,,,,,
12,,,,,,,,,,3784,0.09048111736774445,,,,,,,,
,,,,,,,,,2.500990099009901e-07,3789,,,,,,,,,
12,,,,,,,,,,3789,0.061814773827791214,,,,,,,,
,,,,,,,,,2.504290429042904e-07,3794,,,,,,,,,
12,,,,,,,,,,3794,0.08546674996614456,,,,,,,,
,,,,,,,,,2.5075907590759076e-07,3799,,,,,,,,,
12,,,,,,,,,,3799,0.06950253248214722,,,,,,,,
,,,,,,,,,2.510891089108911e-07,3804,,,,,,,,,
12,,,,,,,,,,3804,0.1160227507352829,,,,,,,,
,,,,,,,,,2.514191419141914e-07,3809,,,,,,,,,
12,,,,,,,,,,3809,0.08220294117927551,,,,,,,,
,,,,,,,,,2.517491749174918e-07,3814,,,,,,,,,
12,,,,,,,,,,3814,0.12193847447633743,,,,,,,,
,,,,,,,,,2.5207920792079205e-07,3819,,,,,,,,,
12,,,,,,,,,,3819,0.13146628439426422,,,,,,,,
,,,,,,,,,2.5240924092409237e-07,3824,,,,,,,,,
12,,,,,,,,,,3824,0.0630575641989708,,,,,,,,
,,,,,,,,,2.5273927392739274e-07,3829,,,,,,,,,
12,,,,,,,,,,3829,0.09121479839086533,,,,,,,,
,,,,,,,,,2.5306930693069307e-07,3834,,,,,,,,,
12,,,,,,,,,,3834,0.11747901886701584,,,,,,,,
,,,,,,,,,2.533993399339934e-07,3839,,,,,,,,,
12,,,,,,,,,,3839,0.0856647938489914,,,,,,,,
,,,,,,,,,2.5372937293729377e-07,3844,,,,,,,,,
12,,,,,,,,,,3844,0.05552230030298233,,,,,,,,
,,,,,,,,,2.5405940594059403e-07,3849,,,,,,,,,
12,,,,,,,,,,3849,0.0679287314414978,,,,,,,,
,,,,,,,,,2.5438943894389436e-07,3854,,,,,,,,,
12,,,,,,,,,,3854,0.07247157394886017,,,,,,,,
,,,,,,,,,2.5471947194719473e-07,3859,,,,,,,,,
12,,,,,,,,,,3859,0.086212657392025,,,,,,,,
,,,,,,,,,2.5504950495049506e-07,3864,,,,,,,,,
12,,,,,,,,,,3864,0.09681584686040878,,,,,,,,
,,,,,,,,,2.553795379537954e-07,3869,,,,,,,,,
12,,,,,,,,,,3869,0.03958991914987564,,,,,,,,
,,,,,,,,,2.557095709570957e-07,3874,,,,,,,,,
12,,,,,,,,,,3874,0.08764192461967468,,,,,,,,
,,,,,,,,,2.56039603960396e-07,3879,,,,,,,,,
12,,,,,,,,,,3879,0.153554767370224,,,,,,,,
,,,,,,,,,2.5636963696369635e-07,3884,,,,,,,,,
12,,,,,,,,,,3884,0.054561831057071686,,,,,,,,
,,,,,,,,,2.566996699669967e-07,3889,,,,,,,,,
12,,,,,,,,,,3889,0.048763953149318695,,,,,,,,
,,,,,,,,,2.5702970297029704e-07,3894,,,,,,,,,
12,,,,,,,,,,3894,0.10126017779111862,,,,,,,,
,,,,,,,,,2.573597359735973e-07,3899,,,,,,,,,
12,,,,,,,,,,3899,0.09823331236839294,,,,,,,,
,,,,,,,,,2.576897689768977e-07,3904,,,,,,,,,
12,,,,,,,,,,3904,0.07489538192749023,,,,,,,,
,,,,,,,,,2.58019801980198e-07,3909,,,,,,,,,
12,,,,,,,,,,3909,0.11834363639354706,,,,,,,,
,,,,,,,,,2.5834983498349833e-07,3914,,,,,,,,,
12,,,,,,,,,,3914,0.0816371738910675,,,,,,,,
,,,,,,,,,2.586798679867987e-07,3919,,,,,,,,,
12,,,,,,,,,,3919,0.09776069223880768,,,,,,,,
,,,,,,,,,2.5900990099009903e-07,3924,,,,,,,,,
12,,,,,,,,,,3924,0.10580137372016907,,,,,,,,
,,,,,,,,,2.593399339933993e-07,3929,,,,,,,,,
12,,,,,,,,,,3929,0.08567756414413452,,,,,,,,
,,,,,,,,,2.596699669966997e-07,3934,,,,,,,,,
12,,,,,,,,,,3934,0.07744558900594711,,,,,,,,
12,,,,,,,,,,3938,,0.5625,0.7200000286102295,0.08325494080781937,0.08325494080781937,0.10548071563243866,0.5625,1.0,0.1146920844912529
,,,,,,,,,2.6e-07,3939,,,,,,,,,
13,,,,,,,,,,3939,0.08444663137197495,,,,,,,,
,,,,,,,,,2.603300330033003e-07,3944,,,,,,,,,
13,,,,,,,,,,3944,0.04382326826453209,,,,,,,,
,,,,,,,,,2.6066006600660064e-07,3949,,,,,,,,,
13,,,,,,,,,,3949,0.09493926912546158,,,,,,,,
,,,,,,,,,2.6099009900990097e-07,3954,,,,,,,,,
13,,,,,,,,,,3954,0.06387274712324142,,,,,,,,
,,,,,,,,,2.613201320132013e-07,3959,,,,,,,,,
13,,,,,,,,,,3959,0.07892148196697235,,,,,,,,
,,,,,,,,,2.616501650165016e-07,3964,,,,,,,,,
13,,,,,,,,,,3964,0.07529650628566742,,,,,,,,
,,,,,,,,,2.61980198019802e-07,3969,,,,,,,,,
13,,,,,,,,,,3969,0.11579280346632004,,,,,,,,
,,,,,,,,,2.623102310231023e-07,3974,,,,,,,,,
13,,,,,,,,,,3974,0.01448780670762062,,,,,,,,
,,,,,,,,,2.626402640264026e-07,3979,,,,,,,,,
13,,,,,,,,,,3979,0.13580216467380524,,,,,,,,
,,,,,,,,,2.6297029702970295e-07,3984,,,,,,,,,
13,,,,,,,,,,3984,0.11189990490674973,,,,,,,,
,,,,,,,,,2.633003300330033e-07,3989,,,,,,,,,
13,,,,,,,,,,3989,0.05422508716583252,,,,,,,,
,,,,,,,,,2.636303630363036e-07,3994,,,,,,,,,
13,,,,,,,,,,3994,0.04418307542800903,,,,,,,,
,,,,,,,,,2.63960396039604e-07,3999,,,,,,,,,
13,,,,,,,,,,3999,0.08910508453845978,,,,,,,,
,,,,,,,,,2.642904290429043e-07,4004,,,,,,,,,
13,,,,,,,,,,4004,0.06436148285865784,,,,,,,,
,,,,,,,,,2.6462046204620457e-07,4009,,,,,,,,,
13,,,,,,,,,,4009,0.09176263958215714,,,,,,,,
,,,,,,,,,2.6495049504950494e-07,4014,,,,,,,,,
13,,,,,,,,,,4014,0.0769198089838028,,,,,,,,
,,,,,,,,,2.6528052805280526e-07,4019,,,,,,,,,
13,,,,,,,,,,4019,0.09502604603767395,,,,,,,,
,,,,,,,,,2.656105610561056e-07,4024,,,,,,,,,
13,,,,,,,,,,4024,0.04731125384569168,,,,,,,,
,,,,,,,,,2.6594059405940596e-07,4029,,,,,,,,,
13,,,,,,,,,,4029,0.06845415383577347,,,,,,,,
,,,,,,,,,2.6627062706270623e-07,4034,,,,,,,,,
13,,,,,,,,,,4034,0.09079844504594803,,,,,,,,
,,,,,,,,,2.6660066006600655e-07,4039,,,,,,,,,
13,,,,,,,,,,4039,0.043102096766233444,,,,,,,,
,,,,,,,,,2.6693069306930693e-07,4044,,,,,,,,,
13,,,,,,,,,,4044,0.03518516942858696,,,,,,,,
,,,,,,,,,2.6726072607260725e-07,4049,,,,,,,,,
13,,,,,,,,,,4049,0.12486861646175385,,,,,,,,
,,,,,,,,,2.675907590759076e-07,4054,,,,,,,,,
13,,,,,,,,,,4054,0.06425835192203522,,,,,,,,
,,,,,,,,,2.6792079207920795e-07,4059,,,,,,,,,
13,,,,,,,,,,4059,0.06493587046861649,,,,,,,,
,,,,,,,,,2.682508250825082e-07,4064,,,,,,,,,
13,,,,,,,,,,4064,0.08057408779859543,,,,,,,,
,,,,,,,,,2.6858085808580854e-07,4069,,,,,,,,,
13,,,,,,,,,,4069,0.1174374520778656,,,,,,,,
,,,,,,,,,2.689108910891089e-07,4074,,,,,,,,,
13,,,,,,,,,,4074,0.07079416513442993,,,,,,,,
,,,,,,,,,2.6924092409240924e-07,4079,,,,,,,,,
13,,,,,,,,,,4079,0.07505173981189728,,,,,,,,
,,,,,,,,,2.6957095709570956e-07,4084,,,,,,,,,
13,,,,,,,,,,4084,0.06087876856327057,,,,,,,,
,,,,,,,,,2.699009900990099e-07,4089,,,,,,,,,
13,,,,,,,,,,4089,0.05160995572805405,,,,,,,,
,,,,,,,,,2.702310231023102e-07,4094,,,,,,,,,
13,,,,,,,,,,4094,0.09084107726812363,,,,,,,,
,,,,,,,,,2.7056105610561053e-07,4099,,,,,,,,,
13,,,,,,,,,,4099,0.10362982749938965,,,,,,,,
,,,,,,,,,2.708910891089109e-07,4104,,,,,,,,,
13,,,,,,,,,,4104,0.10989753901958466,,,,,,,,
,,,,,,,,,2.7122112211221123e-07,4109,,,,,,,,,
13,,,,,,,,,,4109,0.0840180292725563,,,,,,,,
,,,,,,,,,2.715511551155115e-07,4114,,,,,,,,,
13,,,,,,,,,,4114,0.08652865141630173,,,,,,,,
,,,,,,,,,2.718811881188119e-07,4119,,,,,,,,,
13,,,,,,,,,,4119,0.06094883754849434,,,,,,,,
,,,,,,,,,2.722112211221122e-07,4124,,,,,,,,,
13,,,,,,,,,,4124,0.05537198856472969,,,,,,,,
,,,,,,,,,2.725412541254125e-07,4129,,,,,,,,,
13,,,,,,,,,,4129,0.04845453426241875,,,,,,,,
,,,,,,,,,2.728712871287129e-07,4134,,,,,,,,,
13,,,,,,,,,,4134,0.05350125581026077,,,,,,,,
,,,,,,,,,2.732013201320132e-07,4139,,,,,,,,,
13,,,,,,,,,,4139,0.073831707239151,,,,,,,,
,,,,,,,,,2.735313531353135e-07,4144,,,,,,,,,
13,,,,,,,,,,4144,0.1744924634695053,,,,,,,,
,,,,,,,,,2.7386138613861386e-07,4149,,,,,,,,,
13,,,,,,,,,,4149,0.0991327166557312,,,,,,,,
,,,,,,,,,2.741914191419142e-07,4154,,,,,,,,,
13,,,,,,,,,,4154,0.08175859600305557,,,,,,,,
,,,,,,,,,2.745214521452145e-07,4159,,,,,,,,,
13,,,,,,,,,,4159,0.10915771871805191,,,,,,,,
,,,,,,,,,2.748514851485149e-07,4164,,,,,,,,,
13,,,,,,,,,,4164,0.11170817166566849,,,,,,,,
,,,,,,,,,2.7518151815181515e-07,4169,,,,,,,,,
13,,,,,,,,,,4169,0.1023564338684082,,,,,,,,
,,,,,,,,,2.755115511551155e-07,4174,,,,,,,,,
13,,,,,,,,,,4174,0.09156124293804169,,,,,,,,
,,,,,,,,,2.7584158415841585e-07,4179,,,,,,,,,
13,,,,,,,,,,4179,0.08242864906787872,,,,,,,,
,,,,,,,,,2.7617161716171617e-07,4184,,,,,,,,,
13,,,,,,,,,,4184,0.07315414398908615,,,,,,,,
,,,,,,,,,2.765016501650165e-07,4189,,,,,,,,,
13,,,,,,,,,,4189,0.02999035269021988,,,,,,,,
,,,,,,,,,2.768316831683168e-07,4194,,,,,,,,,
13,,,,,,,,,,4194,0.0587347187101841,,,,,,,,
,,,,,,,,,2.7716171617161714e-07,4199,,,,,,,,,
13,,,,,,,,,,4199,0.09436890482902527,,,,,,,,
,,,,,,,,,2.7749174917491746e-07,4204,,,,,,,,,
13,,,,,,,,,,4204,0.13129189610481262,,,,,,,,
,,,,,,,,,2.7782178217821784e-07,4209,,,,,,,,,
13,,,,,,,,,,4209,0.08971051871776581,,,,,,,,
,,,,,,,,,2.7815181518151816e-07,4214,,,,,,,,,
13,,,,,,,,,,4214,0.08696600049734116,,,,,,,,
,,,,,,,,,2.784818481848185e-07,4219,,,,,,,,,
13,,,,,,,,,,4219,0.1040375605225563,,,,,,,,
,,,,,,,,,2.788118811881188e-07,4224,,,,,,,,,
13,,,,,,,,,,4224,0.05692465230822563,,,,,,,,
,,,,,,,,,2.7914191419141913e-07,4229,,,,,,,,,
13,,,,,,,,,,4229,0.07701928168535233,,,,,,,,
,,,,,,,,,2.7947194719471945e-07,4234,,,,,,,,,
13,,,,,,,,,,4234,0.05620806664228439,,,,,,,,
,,,,,,,,,2.798019801980198e-07,4239,,,,,,,,,
13,,,,,,,,,,4239,0.037469133734703064,,,,,,,,
13,,,,,,,,,,4241,,0.5625,0.7200000286102295,0.08330166339874268,0.08330166339874268,0.10340528190135956,0.5625,1.0,0.12267779558897018
,,,,,,,,,2.8013201320132015e-07,4244,,,,,,,,,
14,,,,,,,,,,4244,0.11743459850549698,,,,,,,,
,,,,,,,,,2.804620462046204e-07,4249,,,,,,,,,
14,,,,,,,,,,4249,0.030674414709210396,,,,,,,,
,,,,,,,,,2.807920792079208e-07,4254,,,,,,,,,
14,,,,,,,,,,4254,0.07564324140548706,,,,,,,,
,,,,,,,,,2.811221122112211e-07,4259,,,,,,,,,
14,,,,,,,,,,4259,0.05393875017762184,,,,,,,,
,,,,,,,,,2.8145214521452144e-07,4264,,,,,,,,,
14,,,,,,,,,,4264,0.06113329157233238,,,,,,,,
,,,,,,,,,2.8178217821782176e-07,4269,,,,,,,,,
14,,,,,,,,,,4269,0.04507633298635483,,,,,,,,
,,,,,,,,,2.821122112211221e-07,4274,,,,,,,,,
14,,,,,,,,,,4274,0.06492376327514648,,,,,,,,
,,,,,,,,,2.824422442244224e-07,4279,,,,,,,,,
14,,,,,,,,,,4279,0.08936723321676254,,,,,,,,
,,,,,,,,,2.8277227722772273e-07,4284,,,,,,,,,
14,,,,,,,,,,4284,0.09348240494728088,,,,,,,,
,,,,,,,,,2.831023102310231e-07,4289,,,,,,,,,
14,,,,,,,,,,4289,0.05531230568885803,,,,,,,,
,,,,,,,,,2.834323432343234e-07,4294,,,,,,,,,
14,,,,,,,,,,4294,0.09083936363458633,,,,,,,,
,,,,,,,,,2.8376237623762375e-07,4299,,,,,,,,,
14,,,,,,,,,,4299,0.04666220769286156,,,,,,,,
,,,,,,,,,2.8409240924092407e-07,4304,,,,,,,,,
14,,,,,,,,,,4304,0.09452087432146072,,,,,,,,
,,,,,,,,,2.844224422442244e-07,4309,,,,,,,,,
14,,,,,,,,,,4309,0.056790489703416824,,,,,,,,
,,,,,,,,,2.847524752475247e-07,4314,,,,,,,,,
14,,,,,,,,,,4314,0.10440484434366226,,,,,,,,
,,,,,,,,,2.850825082508251e-07,4319,,,,,,,,,
14,,,,,,,,,,4319,0.13526710867881775,,,,,,,,
,,,,,,,,,2.854125412541254e-07,4324,,,,,,,,,
14,,,,,,,,,,4324,0.09265100210905075,,,,,,,,
,,,,,,,,,2.857425742574257e-07,4329,,,,,,,,,
14,,,,,,,,,,4329,0.0779060646891594,,,,,,,,
,,,,,,,,,2.8607260726072606e-07,4334,,,,,,,,,
14,,,,,,,,,,4334,0.03938451409339905,,,,,,,,
,,,,,,,,,2.864026402640264e-07,4339,,,,,,,,,
14,,,,,,,,,,4339,0.08886993676424026,,,,,,,,
,,,,,,,,,2.867326732673267e-07,4344,,,,,,,,,
14,,,,,,,,,,4344,0.10469356179237366,,,,,,,,
,,,,,,,,,2.870627062706271e-07,4349,,,,,,,,,
14,,,,,,,,,,4349,0.06559164077043533,,,,,,,,
,,,,,,,,,2.873927392739274e-07,4354,,,,,,,,,
14,,,,,,,,,,4354,0.06152098998427391,,,,,,,,
,,,,,,,,,2.8772277227722767e-07,4359,,,,,,,,,
14,,,,,,,,,,4359,0.033591948449611664,,,,,,,,
,,,,,,,,,2.8805280528052805e-07,4364,,,,,,,,,
14,,,,,,,,,,4364,0.11978286504745483,,,,,,,,
,,,,,,,,,2.8838283828382837e-07,4369,,,,,,,,,
14,,,,,,,,,,4369,0.11791548877954483,,,,,,,,
,,,,,,,,,2.887128712871287e-07,4374,,,,,,,,,
14,,,,,,,,,,4374,0.1023937463760376,,,,,,,,
,,,,,,,,,2.8904290429042907e-07,4379,,,,,,,,,
14,,,,,,,,,,4379,0.06774946302175522,,,,,,,,
,,,,,,,,,2.8937293729372934e-07,4384,,,,,,,,,
14,,,,,,,,,,4384,0.10817400366067886,,,,,,,,
,,,,,,,,,2.8970297029702966e-07,4389,,,,,,,,,
14,,,,,,,,,,4389,0.13305248320102692,,,,,,,,
,,,,,,,,,2.9003300330033004e-07,4394,,,,,,,,,
14,,,,,,,,,,4394,0.10926628112792969,,,,,,,,
,,,,,,,,,2.9036303630363036e-07,4399,,,,,,,,,
14,,,,,,,,,,4399,0.04195210337638855,,,,,,,,
,,,,,,,,,2.906930693069307e-07,4404,,,,,,,,,
14,,,,,,,,,,4404,0.060971587896347046,,,,,,,,
,,,,,,,,,2.91023102310231e-07,4409,,,,,,,,,
14,,,,,,,,,,4409,0.0457247719168663,,,,,,,,
,,,,,,,,,2.913531353135313e-07,4414,,,,,,,,,
14,,,,,,,,,,4414,0.04504993557929993,,,,,,,,
,,,,,,,,,2.9168316831683165e-07,4419,,,,,,,,,
14,,,,,,,,,,4419,0.07001498341560364,,,,,,,,
,,,,,,,,,2.92013201320132e-07,4424,,,,,,,,,
14,,,,,,,,,,4424,0.07271217554807663,,,,,,,,
,,,,,,,,,2.9234323432343235e-07,4429,,,,,,,,,
14,,,,,,,,,,4429,0.08367090672254562,,,,,,,,
,,,,,,,,,2.9267326732673267e-07,4434,,,,,,,,,
14,,,,,,,,,,4434,0.07583749294281006,,,,,,,,
,,,,,,,,,2.93003300330033e-07,4439,,,,,,,,,
14,,,,,,,,,,4439,0.08354738354682922,,,,,,,,
,,,,,,,,,2.933333333333333e-07,4444,,,,,,,,,
14,,,,,,,,,,4444,0.05613347142934799,,,,,,,,
,,,,,,,,,2.9366336633663364e-07,4449,,,,,,,,,
14,,,,,,,,,,4449,0.060383111238479614,,,,,,,,
,,,,,,,,,2.93993399339934e-07,4454,,,,,,,,,
14,,,,,,,,,,4454,0.04576513543725014,,,,,,,,
,,,,,,,,,2.9432343234323433e-07,4459,,,,,,,,,
14,,,,,,,,,,4459,0.10290051996707916,,,,,,,,
,,,,,,,,,2.946534653465346e-07,4464,,,,,,,,,
14,,,,,,,,,,4464,0.09700008481740952,,,,,,,,
,,,,,,,,,2.94983498349835e-07,4469,,,,,,,,,
14,,,,,,,,,,4469,0.04140803590416908,,,,,,,,
,,,,,,,,,2.953135313531353e-07,4474,,,,,,,,,
14,,,,,,,,,,4474,0.03834002837538719,,,,,,,,
,,,,,,,,,2.956435643564356e-07,4479,,,,,,,,,
14,,,,,,,,,,4479,0.015510599128901958,,,,,,,,
,,,,,,,,,2.95973597359736e-07,4484,,,,,,,,,
14,,,,,,,,,,4484,0.0514826774597168,,,,,,,,
,,,,,,,,,2.9630363036303627e-07,4489,,,,,,,,,
14,,,,,,,,,,4489,0.06574244052171707,,,,,,,,
,,,,,,,,,2.966336633663366e-07,4494,,,,,,,,,
14,,,,,,,,,,4494,0.03912104293704033,,,,,,,,
,,,,,,,,,2.9696369636963697e-07,4499,,,,,,,,,
14,,,,,,,,,,4499,0.0945565477013588,,,,,,,,
,,,,,,,,,2.972937293729373e-07,4504,,,,,,,,,
14,,,,,,,,,,4504,0.0987047553062439,,,,,,,,
,,,,,,,,,2.976237623762376e-07,4509,,,,,,,,,
14,,,,,,,,,,4509,0.06905408203601837,,,,,,,,
,,,,,,,,,2.97953795379538e-07,4514,,,,,,,,,
14,,,,,,,,,,4514,0.08509562909603119,,,,,,,,
,,,,,,,,,2.9828382838283826e-07,4519,,,,,,,,,
14,,,,,,,,,,4519,0.09433075040578842,,,,,,,,
,,,,,,,,,2.986138613861386e-07,4524,,,,,,,,,
14,,,,,,,,,,4524,0.10140177607536316,,,,,,,,
,,,,,,,,,2.9894389438943895e-07,4529,,,,,,,,,
14,,,,,,,,,,4529,0.11527329683303833,,,,,,,,
,,,,,,,,,2.992739273927393e-07,4534,,,,,,,,,
14,,,,,,,,,,4534,0.06266646087169647,,,,,,,,
,,,,,,,,,2.996039603960396e-07,4539,,,,,,,,,
14,,,,,,,,,,4539,0.04982544481754303,,,,,,,,
,,,,,,,,,2.999339933993399e-07,4544,,,,,,,,,
14,,,,,,,,,,4544,0.09263870120048523,,,,,,,,
14,,,,,,,,,,4544,,0.5625,0.7200000286102295,0.08334989100694656,0.08334989100694656,0.09348868578672409,0.5625,1.0,0.11653121560811996
,,,,,,,,,3.0026402640264024e-07,4549,,,,,,,,,
15,,,,,,,,,,4549,0.0651242658495903,,,,,,,,
,,,,,,,,,3.0059405940594057e-07,4554,,,,,,,,,
15,,,,,,,,,,4554,0.05552089214324951,,,,,,,,
,,,,,,,,,3.0092409240924094e-07,4559,,,,,,,,,
15,,,,,,,,,,4559,0.06644712388515472,,,,,,,,
,,,,,,,,,3.0125412541254126e-07,4564,,,,,,,,,
15,,,,,,,,,,4564,0.06745105236768723,,,,,,,,
,,,,,,,,,3.0158415841584153e-07,4569,,,,,,,,,
15,,,,,,,,,,4569,0.07573894411325455,,,,,,,,
,,,,,,,,,3.019141914191419e-07,4574,,,,,,,,,
15,,,,,,,,,,4574,0.05685373768210411,,,,,,,,
,,,,,,,,,3.0224422442244223e-07,4579,,,,,,,,,
15,,,,,,,,,,4579,0.1153842955827713,,,,,,,,
,,,,,,,,,3.0257425742574255e-07,4584,,,,,,,,,
15,,,,,,,,,,4584,0.06008630618453026,,,,,,,,
,,,,,,,,,3.029042904290429e-07,4589,,,,,,,,,
15,,,,,,,,,,4589,0.09372106194496155,,,,,,,,
,,,,,,,,,3.0323432343234325e-07,4594,,,,,,,,,
15,,,,,,,,,,4594,0.06939120590686798,,,,,,,,
,,,,,,,,,3.035643564356435e-07,4599,,,,,,,,,
15,,,,,,,,,,4599,0.053463164716959,,,,,,,,
,,,,,,,,,3.0389438943894384e-07,4604,,,,,,,,,
15,,,,,,,,,,4604,0.040886204689741135,,,,,,,,
,,,,,,,,,3.042244224422442e-07,4609,,,,,,,,,
15,,,,,,,,,,4609,0.10459578782320023,,,,,,,,
,,,,,,,,,3.0455445544554454e-07,4614,,,,,,,,,
15,,,,,,,,,,4614,0.05782616138458252,,,,,,,,
,,,,,,,,,3.0488448844884487e-07,4619,,,,,,,,,
15,,,,,,,,,,4619,0.08009931445121765,,,,,,,,
,,,,,,,,,3.052145214521452e-07,4624,,,,,,,,,
15,,,,,,,,,,4624,0.13216085731983185,,,,,,,,
,,,,,,,,,3.055445544554455e-07,4629,,,,,,,,,
15,,,,,,,,,,4629,0.04089601710438728,,,,,,,,
,,,,,,,,,3.0587458745874583e-07,4634,,,,,,,,,
15,,,,,,,,,,4634,0.04917790740728378,,,,,,,,
,,,,,,,,,3.062046204620462e-07,4639,,,,,,,,,
15,,,,,,,,,,4639,0.1164318323135376,,,,,,,,
,,,,,,,,,3.0653465346534653e-07,4644,,,,,,,,,
15,,,,,,,,,,4644,0.07421489804983139,,,,,,,,
,,,,,,,,,3.0686468646864685e-07,4649,,,,,,,,,
15,,,,,,,,,,4649,0.07874437421560287,,,,,,,,
,,,,,,,,,3.071947194719472e-07,4654,,,,,,,,,
15,,,,,,,,,,4654,0.07660911977291107,,,,,,,,
,,,,,,,,,3.075247524752475e-07,4659,,,,,,,,,
15,,,,,,,,,,4659,0.04992254450917244,,,,,,,,
,,,,,,,,,3.078547854785478e-07,4664,,,,,,,,,
15,,,,,,,,,,4664,0.058466363698244095,,,,,,,,
,,,,,,,,,3.081848184818482e-07,4669,,,,,,,,,
15,,,,,,,,,,4669,0.08787598460912704,,,,,,,,
,,,,,,,,,3.085148514851485e-07,4674,,,,,,,,,
15,,,,,,,,,,4674,0.0741182491183281,,,,,,,,
,,,,,,,,,3.088448844884488e-07,4679,,,,,,,,,
15,,,,,,,,,,4679,0.08416275680065155,,,,,,,,
,,,,,,,,,3.0917491749174916e-07,4684,,,,,,,,,
15,,,,,,,,,,4684,0.0968133881688118,,,,,,,,
,,,,,,,,,3.095049504950495e-07,4689,,,,,,,,,
15,,,,,,,,,,4689,0.06851992011070251,,,,,,,,
,,,,,,,,,3.098349834983498e-07,4694,,,,,,,,,
15,,,,,,,,,,4694,0.08278284221887589,,,,,,,,
,,,,,,,,,3.101650165016502e-07,4699,,,,,,,,,
15,,,,,,,,,,4699,0.10139007121324539,,,,,,,,
,,,,,,,,,3.1049504950495045e-07,4704,,,,,,,,,
15,,,,,,,,,,4704,0.055937279015779495,,,,,,,,
,,,,,,,,,3.108250825082508e-07,4709,,,,,,,,,
15,,,,,,,,,,4709,0.0666399598121643,,,,,,,,
,,,,,,,,,3.1115511551155115e-07,4714,,,,,,,,,
15,,,,,,,,,,4714,0.11773045361042023,,,,,,,,
,,,,,,,,,3.114851485148515e-07,4719,,,,,,,,,
15,,,,,,,,,,4719,0.0790528655052185,,,,,,,,
,,,,,,,,,3.118151815181518e-07,4724,,,,,,,,,
15,,,,,,,,,,4724,0.07809187471866608,,,,,,,,
,,,,,,,,,3.1214521452145217e-07,4729,,,,,,,,,
15,,,,,,,,,,4729,0.11190945655107498,,,,,,,,
,,,,,,,,,3.1247524752475244e-07,4734,,,,,,,,,
15,,,,,,,,,,4734,0.09270771592855453,,,,,,,,
,,,,,,,,,3.1280528052805276e-07,4739,,,,,,,,,
15,,,,,,,,,,4739,0.08100764453411102,,,,,,,,
,,,,,,,,,3.1313531353135314e-07,4744,,,,,,,,,
15,,,,,,,,,,4744,0.10122653841972351,,,,,,,,
,,,,,,,,,3.1346534653465346e-07,4749,,,,,,,,,
15,,,,,,,,,,4749,0.07552788406610489,,,,,,,,
,,,,,,,,,3.137953795379538e-07,4754,,,,,,,,,
15,,,,,,,,,,4754,0.05029080808162689,,,,,,,,
,,,,,,,,,3.141254125412541e-07,4759,,,,,,,,,
15,,,,,,,,,,4759,0.1531812846660614,,,,,,,,
,,,,,,,,,3.1445544554455443e-07,4764,,,,,,,,,
15,,,,,,,,,,4764,0.03950951620936394,,,,,,,,
,,,,,,,,,3.1478547854785475e-07,4769,,,,,,,,,
15,,,,,,,,,,4769,0.09188447892665863,,,,,,,,
,,,,,,,,,3.1511551155115513e-07,4774,,,,,,,,,
15,,,,,,,,,,4774,0.08127182722091675,,,,,,,,
,,,,,,,,,3.1544554455445545e-07,4779,,,,,,,,,
15,,,,,,,,,,4779,0.04802151769399643,,,,,,,,
,,,,,,,,,3.157755775577557e-07,4784,,,,,,,,,
15,,,,,,,,,,4784,0.053901996463537216,,,,,,,,
,,,,,,,,,3.161056105610561e-07,4789,,,,,,,,,
15,,,,,,,,,,4789,0.05848405510187149,,,,,,,,
,,,,,,,,,3.164356435643564e-07,4794,,,,,,,,,
15,,,,,,,,,,4794,0.0701514407992363,,,,,,,,
,,,,,,,,,3.1676567656765674e-07,4799,,,,,,,,,
15,,,,,,,,,,4799,0.08151646703481674,,,,,,,,
,,,,,,,,,3.170957095709571e-07,4804,,,,,,,,,
15,,,,,,,,,,4804,0.0587322823703289,,,,,,,,
,,,,,,,,,3.1742574257425744e-07,4809,,,,,,,,,
15,,,,,,,,,,4809,0.05993741750717163,,,,,,,,
,,,,,,,,,3.177557755775577e-07,4814,,,,,,,,,
15,,,,,,,,,,4814,0.030121413990855217,,,,,,,,
,,,,,,,,,3.180858085808581e-07,4819,,,,,,,,,
15,,,,,,,,,,4819,0.0865565687417984,,,,,,,,
,,,,,,,,,3.184158415841584e-07,4824,,,,,,,,,
15,,,,,,,,,,4824,0.04938128590583801,,,,,,,,
,,,,,,,,,3.1874587458745873e-07,4829,,,,,,,,,
15,,,,,,,,,,4829,0.05716843158006668,,,,,,,,
,,,,,,,,,3.190759075907591e-07,4834,,,,,,,,,
15,,,,,,,,,,4834,0.056585781276226044,,,,,,,,
,,,,,,,,,3.1940594059405937e-07,4839,,,,,,,,,
15,,,,,,,,,,4839,0.039815422147512436,,,,,,,,
,,,,,,,,,3.197359735973597e-07,4844,,,,,,,,,
15,,,,,,,,,,4844,0.07640368491411209,,,,,,,,
15,,,,,,,,,,4847,,0.5625,0.7200000286102295,0.08339337259531021,0.08339337259531021,0.08346468955278397,0.5625,1.0,0.12000855803489685
,,,,,,,,,3.2006600660066007e-07,4849,,,,,,,,,
16,,,,,,,,,,4849,0.06798506528139114,,,,,,,,
,,,,,,,,,3.203960396039604e-07,4854,,,,,,,,,
16,,,,,,,,,,4854,0.07694481313228607,,,,,,,,
,,,,,,,,,3.207260726072607e-07,4859,,,,,,,,,
16,,,,,,,,,,4859,0.07864652574062347,,,,,,,,
,,,,,,,,,3.210561056105611e-07,4864,,,,,,,,,
16,,,,,,,,,,4864,0.08143280446529388,,,,,,,,
,,,,,,,,,3.2138613861386136e-07,4869,,,,,,,,,
16,,,,,,,,,,4869,0.08726026862859726,,,,,,,,
,,,,,,,,,3.217161716171617e-07,4874,,,,,,,,,
16,,,,,,,,,,4874,0.05790293961763382,,,,,,,,
,,,,,,,,,3.2204620462046206e-07,4879,,,,,,,,,
16,,,,,,,,,,4879,0.06206847354769707,,,,,,,,
,,,,,,,,,3.223762376237624e-07,4884,,,,,,,,,
16,,,,,,,,,,4884,0.045947540551424026,,,,,,,,
,,,,,,,,,3.227062706270627e-07,4889,,,,,,,,,
16,,,,,,,,,,4889,0.11486124247312546,,,,,,,,
,,,,,,,,,3.23036303630363e-07,4894,,,,,,,,,
16,,,,,,,,,,4894,0.08092718571424484,,,,,,,,
,,,,,,,,,3.2336633663366335e-07,4899,,,,,,,,,
16,,,,,,,,,,4899,0.07518859952688217,,,,,,,,
,,,,,,,,,3.2369636963696367e-07,4904,,,,,,,,,
16,,,,,,,,,,4904,0.09720177948474884,,,,,,,,
,,,,,,,,,3.24026402640264e-07,4909,,,,,,,,,
16,,,,,,,,,,4909,0.07377871125936508,,,,,,,,
,,,,,,,,,3.2435643564356437e-07,4914,,,,,,,,,
16,,,,,,,,,,4914,0.12623779475688934,,,,,,,,
,,,,,,,,,3.2468646864686464e-07,4919,,,,,,,,,
16,,,,,,,,,,4919,0.08376467227935791,,,,,,,,
,,,,,,,,,3.2501650165016496e-07,4924,,,,,,,,,
16,,,,,,,,,,4924,0.10829327255487442,,,,,,,,
,,,,,,,,,3.2534653465346534e-07,4929,,,,,,,,,
16,,,,,,,,,,4929,0.08813292533159256,,,,,,,,
,,,,,,,,,3.2567656765676566e-07,4934,,,,,,,,,
16,,,,,,,,,,4934,0.03200656920671463,,,,,,,,
,,,,,,,,,3.26006600660066e-07,4939,,,,,,,,,
16,,,,,,,,,,4939,0.08120061457157135,,,,,,,,
,,,,,,,,,3.2633663366336636e-07,4944,,,,,,,,,
16,,,,,,,,,,4944,0.042855843901634216,,,,,,,,
,,,,,,,,,3.2666666666666663e-07,4949,,,,,,,,,
16,,,,,,,,,,4949,0.045620255172252655,,,,,,,,
,,,,,,,,,3.2699669966996695e-07,4954,,,,,,,,,
16,,,,,,,,,,4954,0.07455457746982574,,,,,,,,
,,,,,,,,,3.273267326732673e-07,4959,,,,,,,,,
16,,,,,,,,,,4959,0.05020953714847565,,,,,,,,
,,,,,,,,,3.2765676567656765e-07,4964,,,,,,,,,
16,,,,,,,,,,4964,0.10401845723390579,,,,,,,,
,,,,,,,,,3.2798679867986797e-07,4969,,,,,,,,,
16,,,,,,,,,,4969,0.05725039169192314,,,,,,,,
,,,,,,,,,3.283168316831683e-07,4974,,,,,,,,,
16,,,,,,,,,,4974,0.11894204467535019,,,,,,,,
,,,,,,,,,3.286468646864686e-07,4979,,,,,,,,,
16,,,,,,,,,,4979,0.05978017300367355,,,,,,,,
,,,,,,,,,3.2897689768976894e-07,4984,,,,,,,,,
16,,,,,,,,,,4984,0.11057330667972565,,,,,,,,
,,,,,,,,,3.293069306930693e-07,4989,,,,,,,,,
16,,,,,,,,,,4989,0.05872609093785286,,,,,,,,
,,,,,,,,,3.2963696369636964e-07,4994,,,,,,,,,
16,,,,,,,,,,4994,0.09618694335222244,,,,,,,,
,,,,,,,,,3.299669966996699e-07,4999,,,,,,,,,
16,,,,,,,,,,4999,0.1282840222120285,,,,,,,,
,,,,,,,,,3.302970297029703e-07,5004,,,,,,,,,
16,,,,,,,,,,5004,0.04046820476651192,,,,,,,,
,,,,,,,,,3.306270627062706e-07,5009,,,,,,,,,
16,,,,,,,,,,5009,0.07973375171422958,,,,,,,,
,,,,,,,,,3.309570957095709e-07,5014,,,,,,,,,
16,,,,,,,,,,5014,0.08542568236589432,,,,,,,,
,,,,,,,,,3.312871287128713e-07,5019,,,,,,,,,
16,,,,,,,,,,5019,0.06243996322154999,,,,,,,,
,,,,,,,,,3.316171617161716e-07,5024,,,,,,,,,
16,,,,,,,,,,5024,0.07579334825277328,,,,,,,,
,,,,,,,,,3.319471947194719e-07,5029,,,,,,,,,
16,,,,,,,,,,5029,0.04290103539824486,,,,,,,,
,,,,,,,,,3.3227722772277227e-07,5034,,,,,,,,,
16,,,,,,,,,,5034,0.07345712929964066,,,,,,,,
,,,,,,,,,3.326072607260726e-07,5039,,,,,,,,,
16,,,,,,,,,,5039,0.06128915771842003,,,,,,,,
,,,,,,,,,3.329372937293729e-07,5044,,,,,,,,,
16,,,,,,,,,,5044,0.11674589663743973,,,,,,,,
,,,,,,,,,3.332673267326733e-07,5049,,,,,,,,,
16,,,,,,,,,,5049,0.060931265354156494,,,,,,,,
,,,,,,,,,3.3359735973597356e-07,5054,,,,,,,,,
16,,,,,,,,,,5054,0.0614929161965847,,,,,,,,
,,,,,,,,,3.339273927392739e-07,5059,,,,,,,,,
16,,,,,,,,,,5059,0.08862631767988205,,,,,,,,
,,,,,,,,,3.3425742574257426e-07,5064,,,,,,,,,
16,,,,,,,,,,5064,0.05808233097195625,,,,,,,,
,,,,,,,,,3.345874587458746e-07,5069,,,,,,,,,
16,,,,,,,,,,5069,0.13268154859542847,,,,,,,,
,,,,,,,,,3.349174917491749e-07,5074,,,,,,,,,
16,,,,,,,,,,5074,0.05871940031647682,,,,,,,,
,,,,,,,,,3.352475247524753e-07,5079,,,,,,,,,
16,,,,,,,,,,5079,0.01723785325884819,,,,,,,,
,,,,,,,,,3.3557755775577555e-07,5084,,,,,,,,,
16,,,,,,,,,,5084,0.11148203909397125,,,,,,,,
,,,,,,,,,3.3590759075907587e-07,5089,,,,,,,,,
16,,,,,,,,,,5089,0.06904753297567368,,,,,,,,
,,,,,,,,,3.3623762376237624e-07,5094,,,,,,,,,
16,,,,,,,,,,5094,0.10400979220867157,,,,,,,,
,,,,,,,,,3.3656765676567657e-07,5099,,,,,,,,,
16,,,,,,,,,,5099,0.09899929910898209,,,,,,,,
,,,,,,,,,3.368976897689769e-07,5104,,,,,,,,,
16,,,,,,,,,,5104,0.0365646667778492,,,,,,,,
,,,,,,,,,3.372277227722772e-07,5109,,,,,,,,,
16,,,,,,,,,,5109,0.06684593111276627,,,,,,,,
,,,,,,,,,3.3755775577557753e-07,5114,,,,,,,,,
16,,,,,,,,,,5114,0.09042511135339737,,,,,,,,
,,,,,,,,,3.3788778877887786e-07,5119,,,,,,,,,
16,,,,,,,,,,5119,0.06459947675466537,,,,,,,,
,,,,,,,,,3.3821782178217823e-07,5124,,,,,,,,,
16,,,,,,,,,,5124,0.08638329803943634,,,,,,,,
,,,,,,,,,3.3854785478547856e-07,5129,,,,,,,,,
16,,,,,,,,,,5129,0.07248573750257492,,,,,,,,
,,,,,,,,,3.388778877887788e-07,5134,,,,,,,,,
16,,,,,,,,,,5134,0.06843319535255432,,,,,,,,
,,,,,,,,,3.392079207920792e-07,5139,,,,,,,,,
16,,,,,,,,,,5139,0.07802494615316391,,,,,,,,
,,,,,,,,,3.395379537953795e-07,5144,,,,,,,,,
16,,,,,,,,,,5144,0.08201750367879868,,,,,,,,
,,,,,,,,,3.3986798679867985e-07,5149,,,,,,,,,
16,,,,,,,,,,5149,0.07458315044641495,,,,,,,,
16,,,,,,,,,,5150,,0.5625,0.7200000286102295,0.08345253020524979,0.08345253020524979,0.07531306892633438,0.5625,1.0,0.11390011757612228
,,,,,,,,,3.401980198019802e-07,5154,,,,,,,,,
17,,,,,,,,,,5154,0.07921551913022995,,,,,,,,
,,,,,,,,,3.4052805280528054e-07,5159,,,,,,,,,
17,,,,,,,,,,5159,0.04607563093304634,,,,,,,,
,,,,,,,,,3.408580858085808e-07,5164,,,,,,,,,
17,,,,,,,,,,5164,0.06941711902618408,,,,,,,,
,,,,,,,,,3.411881188118812e-07,5169,,,,,,,,,
17,,,,,,,,,,5169,0.11549577116966248,,,,,,,,
,,,,,,,,,3.415181518151815e-07,5174,,,,,,,,,
17,,,,,,,,,,5174,0.0698820948600769,,,,,,,,
,,,,,,,,,3.4184818481848183e-07,5179,,,,,,,,,
17,,,,,,,,,,5179,0.10219140350818634,,,,,,,,
,,,,,,,,,3.421782178217822e-07,5184,,,,,,,,,
17,,,,,,,,,,5184,0.11868471652269363,,,,,,,,
,,,,,,,,,3.425082508250825e-07,5189,,,,,,,,,
17,,,,,,,,,,5189,0.04442564770579338,,,,,,,,
,,,,,,,,,3.428382838283828e-07,5194,,,,,,,,,
17,,,,,,,,,,5194,0.13054059445858002,,,,,,,,
,,,,,,,,,3.431683168316832e-07,5199,,,,,,,,,
17,,,,,,,,,,5199,0.08908151090145111,,,,,,,,
,,,,,,,,,3.434983498349835e-07,5204,,,,,,,,,
17,,,,,,,,,,5204,0.1057579293847084,,,,,,,,
,,,,,,,,,3.438283828382838e-07,5209,,,,,,,,,
17,,,,,,,,,,5209,0.027126211673021317,,,,,,,,
,,,,,,,,,3.441584158415841e-07,5214,,,,,,,,,
17,,,,,,,,,,5214,0.07659255713224411,,,,,,,,
,,,,,,,,,3.4448844884488447e-07,5219,,,,,,,,,
17,,,,,,,,,,5219,0.11836393922567368,,,,,,,,
,,,,,,,,,3.448184818481848e-07,5224,,,,,,,,,
17,,,,,,,,,,5224,0.04831703007221222,,,,,,,,
,,,,,,,,,3.451485148514851e-07,5229,,,,,,,,,
17,,,,,,,,,,5229,0.09884849935770035,,,,,,,,
,,,,,,,,,3.454785478547855e-07,5234,,,,,,,,,
17,,,,,,,,,,5234,0.05982669070363045,,,,,,,,
,,,,,,,,,3.458085808580858e-07,5239,,,,,,,,,
17,,,,,,,,,,5239,0.09283941239118576,,,,,,,,
,,,,,,,,,3.461386138613861e-07,5244,,,,,,,,,
17,,,,,,,,,,5244,0.0740148052573204,,,,,,,,
,,,,,,,,,3.4646864686468645e-07,5249,,,,,,,,,
17,,,,,,,,,,5249,0.09038812667131424,,,,,,,,
,,,,,,,,,3.467986798679868e-07,5254,,,,,,,,,
17,,,,,,,,,,5254,0.1296553909778595,,,,,,,,
,,,,,,,,,3.471287128712871e-07,5259,,,,,,,,,
17,,,,,,,,,,5259,0.04078599438071251,,,,,,,,
,,,,,,,,,3.474587458745875e-07,5264,,,,,,,,,
17,,,,,,,,,,5264,0.10656201094388962,,,,,,,,
,,,,,,,,,3.4778877887788774e-07,5269,,,,,,,,,
17,,,,,,,,,,5269,0.10131116956472397,,,,,,,,
,,,,,,,,,3.4811881188118807e-07,5274,,,,,,,,,
17,,,,,,,,,,5274,0.040168892592191696,,,,,,,,
,,,,,,,,,3.4844884488448844e-07,5279,,,,,,,,,
17,,,,,,,,,,5279,0.0900004506111145,,,,,,,,
,,,,,,,,,3.4877887788778876e-07,5284,,,,,,,,,
17,,,,,,,,,,5284,0.019719889387488365,,,,,,,,
,,,,,,,,,3.491089108910891e-07,5289,,,,,,,,,
17,,,,,,,,,,5289,0.0418093316257,,,,,,,,
,,,,,,,,,3.4943894389438946e-07,5294,,,,,,,,,
17,,,,,,,,,,5294,0.05864185094833374,,,,,,,,
,,,,,,,,,3.4976897689768973e-07,5299,,,,,,,,,
17,,,,,,,,,,5299,0.11581743508577347,,,,,,,,
,,,,,,,,,3.5009900990099005e-07,5304,,,,,,,,,
17,,,,,,,,,,5304,0.07493701577186584,,,,,,,,
,,,,,,,,,3.5042904290429043e-07,5309,,,,,,,,,
17,,,,,,,,,,5309,0.07482844591140747,,,,,,,,
,,,,,,,,,3.5075907590759075e-07,5314,,,,,,,,,
17,,,,,,,,,,5314,0.11520878970623016,,,,,,,,
,,,,,,,,,3.510891089108911e-07,5319,,,,,,,,,
17,,,,,,,,,,5319,0.09086135029792786,,,,,,,,
,,,,,,,,,3.514191419141914e-07,5324,,,,,,,,,
17,,,,,,,,,,5324,0.10935977846384048,,,,,,,,
,,,,,,,,,3.517491749174917e-07,5329,,,,,,,,,
17,,,,,,,,,,5329,0.060547225177288055,,,,,,,,
,,,,,,,,,3.5207920792079204e-07,5334,,,,,,,,,
17,,,,,,,,,,5334,0.04198985919356346,,,,,,,,
,,,,,,,,,3.524092409240924e-07,5339,,,,,,,,,
17,,,,,,,,,,5339,0.10830356180667877,,,,,,,,
,,,,,,,,,3.5273927392739274e-07,5344,,,,,,,,,
17,,,,,,,,,,5344,0.08930886536836624,,,,,,,,
,,,,,,,,,3.53069306930693e-07,5349,,,,,,,,,
17,,,,,,,,,,5349,0.06894344091415405,,,,,,,,
,,,,,,,,,3.533993399339934e-07,5354,,,,,,,,,
17,,,,,,,,,,5354,0.08524025231599808,,,,,,,,
,,,,,,,,,3.537293729372937e-07,5359,,,,,,,,,
17,,,,,,,,,,5359,0.10664648562669754,,,,,,,,
,,,,,,,,,3.5405940594059403e-07,5364,,,,,,,,,
17,,,,,,,,,,5364,0.07307946681976318,,,,,,,,
,,,,,,,,,3.543894389438944e-07,5369,,,,,,,,,
17,,,,,,,,,,5369,0.0746283233165741,,,,,,,,
,,,,,,,,,3.5471947194719473e-07,5374,,,,,,,,,
17,,,,,,,,,,5374,0.0674399733543396,,,,,,,,
,,,,,,,,,3.55049504950495e-07,5379,,,,,,,,,
17,,,,,,,,,,5379,0.09962783008813858,,,,,,,,
,,,,,,,,,3.5537953795379537e-07,5384,,,,,,,,,
17,,,,,,,,,,5384,0.06969064474105835,,,,,,,,
,,,,,,,,,3.557095709570957e-07,5389,,,,,,,,,
17,,,,,,,,,,5389,0.06418593227863312,,,,,,,,
,,,,,,,,,3.56039603960396e-07,5394,,,,,,,,,
17,,,,,,,,,,5394,0.08774016797542572,,,,,,,,
,,,,,,,,,3.563696369636964e-07,5399,,,,,,,,,
17,,,,,,,,,,5399,0.11137545853853226,,,,,,,,
,,,,,,,,,3.5669966996699666e-07,5404,,,,,,,,,
17,,,,,,,,,,5404,0.07632928341627121,,,,,,,,
,,,,,,,,,3.57029702970297e-07,5409,,,,,,,,,
17,,,,,,,,,,5409,0.12190447747707367,,,,,,,,
,,,,,,,,,3.5735973597359736e-07,5414,,,,,,,,,
17,,,,,,,,,,5414,0.11548639088869095,,,,,,,,
,,,,,,,,,3.576897689768977e-07,5419,,,,,,,,,
17,,,,,,,,,,5419,0.08887700736522675,,,,,,,,
,,,,,,,,,3.58019801980198e-07,5424,,,,,,,,,
17,,,,,,,,,,5424,0.15322576463222504,,,,,,,,
,,,,,,,,,3.583498349834984e-07,5429,,,,,,,,,
17,,,,,,,,,,5429,0.032090820372104645,,,,,,,,
,,,,,,,,,3.5867986798679865e-07,5434,,,,,,,,,
17,,,,,,,,,,5434,0.08314315229654312,,,,,,,,
,,,,,,,,,3.59009900990099e-07,5439,,,,,,,,,
17,,,,,,,,,,5439,0.07933637499809265,,,,,,,,
,,,,,,,,,3.5933993399339935e-07,5444,,,,,,,,,
17,,,,,,,,,,5444,0.06266026198863983,,,,,,,,
,,,,,,,,,3.5966996699669967e-07,5449,,,,,,,,,
17,,,,,,,,,,5449,0.10371250659227371,,,,,,,,
17,,,,,,,,,,5453,,0.5625,0.7200000286102295,0.08328904211521149,0.08328904211521149,0.09238074719905853,0.5625,1.0,0.12406080961227417
,,,,,,,,,3.6e-07,5454,,,,,,,,,
18,,,,,,,,,,5454,0.02303888462483883,,,,,,,,
,,,,,,,,,3.603300330033003e-07,5459,,,,,,,,,
18,,,,,,,,,,5459,0.10313873738050461,,,,,,,,
,,,,,,,,,3.6066006600660064e-07,5464,,,,,,,,,
18,,,,,,,,,,5464,0.07626962661743164,,,,,,,,
,,,,,,,,,3.6099009900990096e-07,5469,,,,,,,,,
18,,,,,,,,,,5469,0.06845755130052567,,,,,,,,
,,,,,,,,,3.6132013201320134e-07,5474,,,,,,,,,
18,,,,,,,,,,5474,0.1223340705037117,,,,,,,,
,,,,,,,,,3.6165016501650166e-07,5479,,,,,,,,,
18,,,,,,,,,,5479,0.06474290043115616,,,,,,,,
,,,,,,,,,3.6198019801980193e-07,5484,,,,,,,,,
18,,,,,,,,,,5484,0.05448514223098755,,,,,,,,
,,,,,,,,,3.623102310231023e-07,5489,,,,,,,,,
18,,,,,,,,,,5489,0.11342500895261765,,,,,,,,
,,,,,,,,,3.6264026402640263e-07,5494,,,,,,,,,
18,,,,,,,,,,5494,0.06553018093109131,,,,,,,,
,,,,,,,,,3.6297029702970295e-07,5499,,,,,,,,,
18,,,,,,,,,,5499,0.0730191171169281,,,,,,,,
,,,,,,,,,3.633003300330033e-07,5504,,,,,,,,,
18,,,,,,,,,,5504,0.08953116089105606,,,,,,,,
,,,,,,,,,3.6363036303630365e-07,5509,,,,,,,,,
18,,,,,,,,,,5509,0.1339910477399826,,,,,,,,
,,,,,,,,,3.639603960396039e-07,5514,,,,,,,,,
18,,,,,,,,,,5514,0.043596427887678146,,,,,,,,
,,,,,,,,,3.642904290429043e-07,5519,,,,,,,,,
18,,,,,,,,,,5519,0.08725820481777191,,,,,,,,
,,,,,,,,,3.646204620462046e-07,5524,,,,,,,,,
18,,,,,,,,,,5524,0.07096162438392639,,,,,,,,
,,,,,,,,,3.6495049504950494e-07,5529,,,,,,,,,
18,,,,,,,,,,5529,0.1321428120136261,,,,,,,,
,,,,,,,,,3.6528052805280526e-07,5534,,,,,,,,,
18,,,,,,,,,,5534,0.08329018205404282,,,,,,,,
,,,,,,,,,3.656105610561056e-07,5539,,,,,,,,,
18,,,,,,,,,,5539,0.0876348614692688,,,,,,,,
,,,,,,,,,3.659405940594059e-07,5544,,,,,,,,,
18,,,,,,,,,,5544,0.10728289186954498,,,,,,,,
,,,,,,,,,3.6627062706270623e-07,5549,,,,,,,,,
18,,,,,,,,,,5549,0.0328165702521801,,,,,,,,
,,,,,,,,,3.666006600660066e-07,5554,,,,,,,,,
18,,,,,,,,,,5554,0.09747999906539917,,,,,,,,
,,,,,,,,,3.669306930693069e-07,5559,,,,,,,,,
18,,,,,,,,,,5559,0.0777999758720398,,,,,,,,
,,,,,,,,,3.672607260726072e-07,5564,,,,,,,,,
18,,,,,,,,,,5564,0.048707038164138794,,,,,,,,
,,,,,,,,,3.6759075907590757e-07,5569,,,,,,,,,
18,,,,,,,,,,5569,0.05786822363734245,,,,,,,,
,,,,,,,,,3.679207920792079e-07,5574,,,,,,,,,
18,,,,,,,,,,5574,0.09898582845926285,,,,,,,,
,,,,,,,,,3.682508250825082e-07,5579,,,,,,,,,
18,,,,,,,,,,5579,0.0742807388305664,,,,,,,,
,,,,,,,,,3.685808580858086e-07,5584,,,,,,,,,
18,,,,,,,,,,5584,0.07691390812397003,,,,,,,,
,,,,,,,,,3.689108910891089e-07,5589,,,,,,,,,
18,,,,,,,,,,5589,0.08379320800304413,,,,,,,,
,,,,,,,,,3.692409240924092e-07,5594,,,,,,,,,
18,,,,,,,,,,5594,0.07787347584962845,,,,,,,,
,,,,,,,,,3.6957095709570956e-07,5599,,,,,,,,,
18,,,,,,,,,,5599,0.10103362798690796,,,,,,,,
,,,,,,,,,3.699009900990099e-07,5604,,,,,,,,,
18,,,,,,,,,,5604,0.09453465789556503,,,,,,,,
,,,,,,,,,3.702310231023102e-07,5609,,,,,,,,,
18,,,,,,,,,,5609,0.07511500269174576,,,,,,,,
,,,,,,,,,3.705610561056106e-07,5614,,,,,,,,,
18,,,,,,,,,,5614,0.1255262941122055,,,,,,,,
,,,,,,,,,3.7089108910891085e-07,5619,,,,,,,,,
18,,,,,,,,,,5619,0.10451509058475494,,,,,,,,
,,,,,,,,,3.7122112211221117e-07,5624,,,,,,,,,
18,,,,,,,,,,5624,0.04063712805509567,,,,,,,,
,,,,,,,,,3.7155115511551155e-07,5629,,,,,,,,,
18,,,,,,,,,,5629,0.11128945648670197,,,,,,,,
,,,,,,,,,3.7188118811881187e-07,5634,,,,,,,,,
18,,,,,,,,,,5634,0.03335890173912048,,,,,,,,
,,,,,,,,,3.722112211221122e-07,5639,,,,,,,,,
18,,,,,,,,,,5639,0.0766371488571167,,,,,,,,
,,,,,,,,,3.7254125412541257e-07,5644,,,,,,,,,
18,,,,,,,,,,5644,0.08307527005672455,,,,,,,,
,,,,,,,,,3.7287128712871284e-07,5649,,,,,,,,,
18,,,,,,,,,,5649,0.0414666049182415,,,,,,,,
,,,,,,,,,3.7320132013201316e-07,5654,,,,,,,,,
18,,,,,,,,,,5654,0.041967883706092834,,,,,,,,
,,,,,,,,,3.7353135313531353e-07,5659,,,,,,,,,
18,,,,,,,,,,5659,0.08602867275476456,,,,,,,,
,,,,,,,,,3.7386138613861386e-07,5664,,,,,,,,,
18,,,,,,,,,,5664,0.037331242114305496,,,,,,,,
,,,,,,,,,3.741914191419142e-07,5669,,,,,,,,,
18,,,,,,,,,,5669,0.09182704985141754,,,,,,,,
,,,,,,,,,3.745214521452145e-07,5674,,,,,,,,,
18,,,,,,,,,,5674,0.1598808467388153,,,,,,,,
,,,,,,,,,3.748514851485148e-07,5679,,,,,,,,,
18,,,,,,,,,,5679,0.10185536742210388,,,,,,,,
,,,,,,,,,3.7518151815181515e-07,5684,,,,,,,,,
18,,,,,,,,,,5684,0.03418784216046333,,,,,,,,
,,,,,,,,,3.755115511551155e-07,5689,,,,,,,,,
18,,,,,,,,,,5689,0.06129851192235947,,,,,,,,
,,,,,,,,,3.7584158415841585e-07,5694,,,,,,,,,
18,,,,,,,,,,5694,0.07091747969388962,,,,,,,,
,,,,,,,,,3.761716171617161e-07,5699,,,,,,,,,
18,,,,,,,,,,5699,0.05616069585084915,,,,,,,,
,,,,,,,,,3.765016501650165e-07,5704,,,,,,,,,
18,,,,,,,,,,5704,0.043487127870321274,,,,,,,,
,,,,,,,,,3.768316831683168e-07,5709,,,,,,,,,
18,,,,,,,,,,5709,0.08154673129320145,,,,,,,,
,,,,,,,,,3.7716171617161714e-07,5714,,,,,,,,,
18,,,,,,,,,,5714,0.04476388543844223,,,,,,,,
,,,,,,,,,3.774917491749175e-07,5719,,,,,,,,,
18,,,,,,,,,,5719,0.10563551634550095,,,,,,,,
,,,,,,,,,3.7782178217821783e-07,5724,,,,,,,,,
18,,,,,,,,,,5724,0.06061120703816414,,,,,,,,
,,,,,,,,,3.781518151815181e-07,5729,,,,,,,,,
18,,,,,,,,,,5729,0.04371195286512375,,,,,,,,
,,,,,,,,,3.784818481848185e-07,5734,,,,,,,,,
18,,,,,,,,,,5734,0.11820486187934875,,,,,,,,
,,,,,,,,,3.788118811881188e-07,5739,,,,,,,,,
18,,,,,,,,,,5739,0.05302485451102257,,,,,,,,
,,,,,,,,,3.791419141914191e-07,5744,,,,,,,,,
18,,,,,,,,,,5744,0.1076073870062828,,,,,,,,
,,,,,,,,,3.794719471947195e-07,5749,,,,,,,,,
18,,,,,,,,,,5749,0.10340983420610428,,,,,,,,
,,,,,,,,,3.7980198019801977e-07,5754,,,,,,,,,
18,,,,,,,,,,5754,0.12752799689769745,,,,,,,,
18,,,,,,,,,,5756,,0.5625,0.7200000286102295,0.0832013264298439,0.0832013264298439,0.10143950581550598,0.5625,1.0,0.13221077620983124
,,,,,,,,,3.801320132013201e-07,5759,,,,,,,,,
19,,,,,,,,,,5759,0.06110311299562454,,,,,,,,
,,,,,,,,,3.8046204620462047e-07,5764,,,,,,,,,
19,,,,,,,,,,5764,0.0820704847574234,,,,,,,,
,,,,,,,,,3.807920792079208e-07,5769,,,,,,,,,
19,,,,,,,,,,5769,0.1176363006234169,,,,,,,,
,,,,,,,,,3.811221122112211e-07,5774,,,,,,,,,
19,,,,,,,,,,5774,0.10006255656480789,,,,,,,,
,,,,,,,,,3.8145214521452143e-07,5779,,,,,,,,,
19,,,,,,,,,,5779,0.09734269231557846,,,,,,,,
,,,,,,,,,3.8178217821782176e-07,5784,,,,,,,,,
19,,,,,,,,,,5784,0.0896913930773735,,,,,,,,
,,,,,,,,,3.821122112211221e-07,5789,,,,,,,,,
19,,,,,,,,,,5789,0.1126810759305954,,,,,,,,
,,,,,,,,,3.8244224422442245e-07,5794,,,,,,,,,
19,,,,,,,,,,5794,0.10962986946105957,,,,,,,,
,,,,,,,,,3.827722772277228e-07,5799,,,,,,,,,
19,,,,,,,,,,5799,0.013565282337367535,,,,,,,,
,,,,,,,,,3.831023102310231e-07,5804,,,,,,,,,
19,,,,,,,,,,5804,0.10203127562999725,,,,,,,,
,,,,,,,,,3.834323432343234e-07,5809,,,,,,,,,
19,,,,,,,,,,5809,0.053999047726392746,,,,,,,,
,,,,,,,,,3.8376237623762374e-07,5814,,,,,,,,,
19,,,,,,,,,,5814,0.08420800417661667,,,,,,,,
,,,,,,,,,3.8409240924092407e-07,5819,,,,,,,,,
19,,,,,,,,,,5819,0.07330213487148285,,,,,,,,
,,,,,,,,,3.8442244224422444e-07,5824,,,,,,,,,
19,,,,,,,,,,5824,0.09189840406179428,,,,,,,,
,,,,,,,,,3.8475247524752476e-07,5829,,,,,,,,,
19,,,,,,,,,,5829,0.12923209369182587,,,,,,,,
,,,,,,,,,3.8508250825082503e-07,5834,,,,,,,,,
19,,,,,,,,,,5834,0.06130143254995346,,,,,,,,
,,,,,,,,,3.854125412541254e-07,5839,,,,,,,,,
19,,,,,,,,,,5839,0.07819642871618271,,,,,,,,
,,,,,,,,,3.8574257425742573e-07,5844,,,,,,,,,
19,,,,,,,,,,5844,0.10616546124219894,,,,,,,,
,,,,,,,,,3.8607260726072605e-07,5849,,,,,,,,,
19,,,,,,,,,,5849,0.12034959346055984,,,,,,,,
,,,,,,,,,3.864026402640264e-07,5854,,,,,,,,,
19,,,,,,,,,,5854,0.06040385365486145,,,,,,,,
,,,,,,,,,3.867326732673267e-07,5859,,,,,,,,,
19,,,,,,,,,,5859,0.07079494744539261,,,,,,,,
,,,,,,,,,3.87062706270627e-07,5864,,,,,,,,,
19,,,,,,,,,,5864,0.0447453111410141,,,,,,,,
,,,,,,,,,3.8739273927392734e-07,5869,,,,,,,,,
19,,,,,,,,,,5869,0.054383065551519394,,,,,,,,
,,,,,,,,,3.877227722772277e-07,5874,,,,,,,,,
19,,,,,,,,,,5874,0.061774831265211105,,,,,,,,
,,,,,,,,,3.8805280528052804e-07,5879,,,,,,,,,
19,,,,,,,,,,5879,0.12810413539409637,,,,,,,,
,,,,,,,,,3.8838283828382837e-07,5884,,,,,,,,,
19,,,,,,,,,,5884,0.07536569237709045,,,,,,,,
,,,,,,,,,3.887128712871287e-07,5889,,,,,,,,,
19,,,,,,,,,,5889,0.07133998721837997,,,,,,,,
,,,,,,,,,3.89042904290429e-07,5894,,,,,,,,,
19,,,,,,,,,,5894,0.07792599499225616,,,,,,,,
,,,,,,,,,3.8937293729372933e-07,5899,,,,,,,,,
19,,,,,,,,,,5899,0.04185376688838005,,,,,,,,
,,,,,,,,,3.897029702970297e-07,5904,,,,,,,,,
19,,,,,,,,,,5904,0.08802918344736099,,,,,,,,
,,,,,,,,,3.9003300330033003e-07,5909,,,,,,,,,
19,,,,,,,,,,5909,0.13092106580734253,,,,,,,,
,,,,,,,,,3.903630363036303e-07,5914,,,,,,,,,
19,,,,,,,,,,5914,0.052336689084768295,,,,,,,,
,,,,,,,,,3.906930693069307e-07,5919,,,,,,,,,
19,,,,,,,,,,5919,0.05324355512857437,,,,,,,,
,,,,,,,,,3.91023102310231e-07,5924,,,,,,,,,
19,,,,,,,,,,5924,0.09906598180532455,,,,,,,,
,,,,,,,,,3.913531353135313e-07,5929,,,,,,,,,
19,,,,,,,,,,5929,0.10624749958515167,,,,,,,,
,,,,,,,,,3.916831683168317e-07,5934,,,,,,,,,
19,,,,,,,,,,5934,0.06116555258631706,,,,,,,,
,,,,,,,,,3.92013201320132e-07,5939,,,,,,,,,
19,,,,,,,,,,5939,0.0990971103310585,,,,,,,,
,,,,,,,,,3.923432343234323e-07,5944,,,,,,,,,
19,,,,,,,,,,5944,0.0317915678024292,,,,,,,,
,,,,,,,,,3.9267326732673266e-07,5949,,,,,,,,,
19,,,,,,,,,,5949,0.08381714671850204,,,,,,,,
,,,,,,,,,3.93003300330033e-07,5954,,,,,,,,,
19,,,,,,,,,,5954,0.0832996591925621,,,,,,,,
,,,,,,,,,3.933333333333333e-07,5959,,,,,,,,,
19,,,,,,,,,,5959,0.14993923902511597,,,,,,,,
,,,,,,,,,3.936633663366337e-07,5964,,,,,,,,,
19,,,,,,,,,,5964,0.05816187709569931,,,,,,,,
,,,,,,,,,3.9399339933993395e-07,5969,,,,,,,,,
19,,,,,,,,,,5969,0.11654962599277496,,,,,,,,
,,,,,,,,,3.943234323432343e-07,5974,,,,,,,,,
19,,,,,,,,,,5974,0.04859762638807297,,,,,,,,
,,,,,,,,,3.9465346534653465e-07,5979,,,,,,,,,
19,,,,,,,,,,5979,0.09733182936906815,,,,,,,,
,,,,,,,,,3.94983498349835e-07,5984,,,,,,,,,
19,,,,,,,,,,5984,0.046998195350170135,,,,,,,,
,,,,,,,,,3.953135313531353e-07,5989,,,,,,,,,
19,,,,,,,,,,5989,0.06602279096841812,,,,,,,,
,,,,,,,,,3.956435643564356e-07,5994,,,,,,,,,
19,,,,,,,,,,5994,0.10749267041683197,,,,,,,,
,,,,,,,,,3.9597359735973594e-07,5999,,,,,,,,,
19,,,,,,,,,,5999,0.08610985428094864,,,,,,,,
,,,,,,,,,3.9630363036303626e-07,6004,,,,,,,,,
19,,,,,,,,,,6004,0.06635355204343796,,,,,,,,
,,,,,,,,,3.9663366336633664e-07,6009,,,,,,,,,
19,,,,,,,,,,6009,0.08449219912290573,,,,,,,,
,,,,,,,,,3.9696369636963696e-07,6014,,,,,,,,,
19,,,,,,,,,,6014,0.09939653426408768,,,,,,,,
,,,,,,,,,3.972937293729373e-07,6019,,,,,,,,,
19,,,,,,,,,,6019,0.04812120646238327,,,,,,,,
,,,,,,,,,3.976237623762376e-07,6024,,,,,,,,,
19,,,,,,,,,,6024,0.06264989078044891,,,,,,,,
,,,,,,,,,3.9795379537953793e-07,6029,,,,,,,,,
19,,,,,,,,,,6029,0.03489426523447037,,,,,,,,
,,,,,,,,,3.9828382838283825e-07,6034,,,,,,,,,
19,,,,,,,,,,6034,0.09158855676651001,,,,,,,,
,,,,,,,,,3.9861386138613863e-07,6039,,,,,,,,,
19,,,,,,,,,,6039,0.12584573030471802,,,,,,,,
,,,,,,,,,3.9894389438943895e-07,6044,,,,,,,,,
19,,,,,,,,,,6044,0.09089184552431107,,,,,,,,
,,,,,,,,,3.992739273927392e-07,6049,,,,,,,,,
19,,,,,,,,,,6049,0.08557330071926117,,,,,,,,
,,,,,,,,,3.996039603960396e-07,6054,,,,,,,,,
19,,,,,,,,,,6054,0.05635830760002136,,,,,,,,
,,,,,,,,,3.999339933993399e-07,6059,,,,,,,,,
19,,,,,,,,,,6059,0.07180918753147125,,,,,,,,
19,,,,,,,,,,6059,,0.5625,0.7200000286102295,0.08327522873878479,0.08327522873878479,0.10179411619901657,0.5625,1.0,0.14075087010860443
,,,,,,,,,4.0026402640264024e-07,6064,,,,,,,,,
20,,,,,,,,,,6064,0.08420085161924362,,,,,,,,
,,,,,,,,,4.005940594059406e-07,6069,,,,,,,,,
20,,,,,,,,,,6069,0.044503699988126755,,,,,,,,
,,,,,,,,,4.009240924092409e-07,6074,,,,,,,,,
20,,,,,,,,,,6074,0.07852456718683243,,,,,,,,
,,,,,,,,,4.012541254125412e-07,6079,,,,,,,,,
20,,,,,,,,,,6079,0.06638631224632263,,,,,,,,
,,,,,,,,,4.015841584158416e-07,6084,,,,,,,,,
20,,,,,,,,,,6084,0.015338526107370853,,,,,,,,
,,,,,,,,,4.019141914191419e-07,6089,,,,,,,,,
20,,,,,,,,,,6089,0.08064525574445724,,,,,,,,
,,,,,,,,,4.0224422442244223e-07,6094,,,,,,,,,
20,,,,,,,,,,6094,0.06423972547054291,,,,,,,,
,,,,,,,,,4.025742574257426e-07,6099,,,,,,,,,
20,,,,,,,,,,6099,0.06235348805785179,,,,,,,,
,,,,,,,,,4.0290429042904287e-07,6104,,,,,,,,,
20,,,,,,,,,,6104,0.09878379106521606,,,,,,,,
,,,,,,,,,4.032343234323432e-07,6109,,,,,,,,,
20,,,,,,,,,,6109,0.13071386516094208,,,,,,,,
,,,,,,,,,4.0356435643564357e-07,6114,,,,,,,,,
20,,,,,,,,,,6114,0.131552055478096,,,,,,,,
,,,,,,,,,4.038943894389439e-07,6119,,,,,,,,,
20,,,,,,,,,,6119,0.08268308639526367,,,,,,,,
,,,,,,,,,4.042244224422442e-07,6124,,,,,,,,,
20,,,,,,,,,,6124,0.07309245318174362,,,,,,,,
,,,,,,,,,4.0455445544554454e-07,6129,,,,,,,,,
20,,,,,,,,,,6129,0.04207389056682587,,,,,,,,
,,,,,,,,,4.0488448844884486e-07,6134,,,,,,,,,
20,,,,,,,,,,6134,0.04785550758242607,,,,,,,,
,,,,,,,,,4.052145214521452e-07,6139,,,,,,,,,
20,,,,,,,,,,6139,0.0869850218296051,,,,,,,,
,,,,,,,,,4.0554455445544556e-07,6144,,,,,,,,,
20,,,,,,,,,,6144,0.07530481368303299,,,,,,,,
,,,,,,,,,4.058745874587459e-07,6149,,,,,,,,,
20,,,,,,,,,,6149,0.06737290322780609,,,,,,,,
,,,,,,,,,4.0620462046204615e-07,6154,,,,,,,,,
20,,,,,,,,,,6154,0.13529327511787415,,,,,,,,
,,,,,,,,,4.0653465346534647e-07,6159,,,,,,,,,
20,,,,,,,,,,6159,0.0592697374522686,,,,,,,,
,,,,,,,,,4.0686468646864685e-07,6164,,,,,,,,,
20,,,,,,,,,,6164,0.07681811600923538,,,,,,,,
,,,,,,,,,4.0719471947194717e-07,6169,,,,,,,,,
20,,,,,,,,,,6169,0.09072636067867279,,,,,,,,
,,,,,,,,,4.075247524752475e-07,6174,,,,,,,,,
20,,,,,,,,,,6174,0.06370770931243896,,,,,,,,
,,,,,,,,,4.0785478547854787e-07,6179,,,,,,,,,
20,,,,,,,,,,6179,0.06540913879871368,,,,,,,,
,,,,,,,,,4.0818481848184814e-07,6184,,,,,,,,,
20,,,,,,,,,,6184,0.12348795682191849,,,,,,,,
,,,,,,,,,4.0851485148514846e-07,6189,,,,,,,,,
20,,,,,,,,,,6189,0.0711023211479187,,,,,,,,
,,,,,,,,,4.0884488448844884e-07,6194,,,,,,,,,
20,,,,,,,,,,6194,0.06066793203353882,,,,,,,,
,,,,,,,,,4.0917491749174916e-07,6199,,,,,,,,,
20,,,,,,,,,,6199,0.03386765345931053,,,,,,,,
,,,,,,,,,4.095049504950495e-07,6204,,,,,,,,,
20,,,,,,,,,,6204,0.06957001984119415,,,,,,,,
,,,,,,,,,4.098349834983498e-07,6209,,,,,,,,,
20,,,,,,,,,,6209,0.09239007532596588,,,,,,,,
,,,,,,,,,4.1016501650165013e-07,6214,,,,,,,,,
20,,,,,,,,,,6214,0.03588258475065231,,,,,,,,
,,,,,,,,,4.1049504950495045e-07,6219,,,,,,,,,
20,,,,,,,,,,6219,0.0455671027302742,,,,,,,,
,,,,,,,,,4.108250825082508e-07,6224,,,,,,,,,
20,,,,,,,,,,6224,0.06792902201414108,,,,,,,,
,,,,,,,,,4.1115511551155115e-07,6229,,,,,,,,,
20,,,,,,,,,,6229,0.05155719071626663,,,,,,,,
,,,,,,,,,4.1148514851485147e-07,6234,,,,,,,,,
20,,,,,,,,,,6234,0.06872857362031937,,,,,,,,
,,,,,,,,,4.118151815181518e-07,6239,,,,,,,,,
20,,,,,,,,,,6239,0.11051072925329208,,,,,,,,
,,,,,,,,,4.121452145214521e-07,6244,,,,,,,,,
20,,,,,,,,,,6244,0.07017738372087479,,,,,,,,
,,,,,,,,,4.1247524752475244e-07,6249,,,,,,,,,
20,,,,,,,,,,6249,0.06853803992271423,,,,,,,,
,,,,,,,,,4.128052805280528e-07,6254,,,,,,,,,
20,,,,,,,,,,6254,0.07336989045143127,,,,,,,,
,,,,,,,,,4.1313531353135314e-07,6259,,,,,,,,,
20,,,,,,,,,,6259,0.04049870744347572,,,,,,,,
,,,,,,,,,4.134653465346534e-07,6264,,,,,,,,,
20,,,,,,,,,,6264,0.10630680620670319,,,,,,,,
,,,,,,,,,4.137953795379538e-07,6269,,,,,,,,,
20,,,,,,,,,,6269,0.12819717824459076,,,,,,,,
,,,,,,,,,4.141254125412541e-07,6274,,,,,,,,,
20,,,,,,,,,,6274,0.09510159492492676,,,,,,,,
,,,,,,,,,4.144554455445544e-07,6279,,,,,,,,,
20,,,,,,,,,,6279,0.08914867043495178,,,,,,,,
,,,,,,,,,4.147854785478548e-07,6284,,,,,,,,,
20,,,,,,,,,,6284,0.08980163186788559,,,,,,,,
,,,,,,,,,4.1511551155115507e-07,6289,,,,,,,,,
20,,,,,,,,,,6289,0.09813575446605682,,,,,,,,
,,,,,,,,,4.154455445544554e-07,6294,,,,,,,,,
20,,,,,,,,,,6294,0.05958494544029236,,,,,,,,
,,,,,,,,,4.1577557755775577e-07,6299,,,,,,,,,
20,,,,,,,,,,6299,0.12690243124961853,,,,,,,,
,,,,,,,,,4.161056105610561e-07,6304,,,,,,,,,
20,,,,,,,,,,6304,0.0949694961309433,,,,,,,,
,,,,,,,,,4.164356435643564e-07,6309,,,,,,,,,
20,,,,,,,,,,6309,0.08607125282287598,,,,,,,,
,,,,,,,,,4.167656765676568e-07,6314,,,,,,,,,
20,,,,,,,,,,6314,0.06268760561943054,,,,,,,,
,,,,,,,,,4.1709570957095706e-07,6319,,,,,,,,,
20,,,,,,,,,,6319,0.09625713527202606,,,,,,,,
,,,,,,,,,4.174257425742574e-07,6324,,,,,,,,,
20,,,,,,,,,,6324,0.08488327264785767,,,,,,,,
,,,,,,,,,4.1775577557755776e-07,6329,,,,,,,,,
20,,,,,,,,,,6329,0.1639460176229477,,,,,,,,
,,,,,,,,,4.180858085808581e-07,6334,,,,,,,,,
20,,,,,,,,,,6334,0.08580842614173889,,,,,,,,
,,,,,,,,,4.184158415841584e-07,6339,,,,,,,,,
20,,,,,,,,,,6339,0.09414753317832947,,,,,,,,
,,,,,,,,,4.187458745874587e-07,6344,,,,,,,,,
20,,,,,,,,,,6344,0.08978301286697388,,,,,,,,
,,,,,,,,,4.1907590759075905e-07,6349,,,,,,,,,
20,,,,,,,,,,6349,0.08420202136039734,,,,,,,,
,,,,,,,,,4.1940594059405937e-07,6354,,,,,,,,,
20,,,,,,,,,,6354,0.02776610292494297,,,,,,,,
,,,,,,,,,4.1973597359735974e-07,6359,,,,,,,,,
20,,,,,,,,,,6359,0.061691511422395706,,,,,,,,
20,,,,,,,,,,6362,,0.5625,0.7200000286102295,0.08315331488847733,0.08315331488847733,0.1159583106637001,0.5625,1.0,0.1561664491891861
,,,,,,,,,4.2006600660066007e-07,6364,,,,,,,,,
21,,,,,,,,,,6364,0.04354364797472954,,,,,,,,
,,,,,,,,,4.2039603960396034e-07,6369,,,,,,,,,
21,,,,,,,,,,6369,0.045334503054618835,,,,,,,,
,,,,,,,,,4.207260726072607e-07,6374,,,,,,,,,
21,,,,,,,,,,6374,0.10108261555433273,,,,,,,,
,,,,,,,,,4.2105610561056103e-07,6379,,,,,,,,,
21,,,,,,,,,,6379,0.1286560297012329,,,,,,,,
,,,,,,,,,4.2138613861386136e-07,6384,,,,,,,,,
21,,,,,,,,,,6384,0.08679622411727905,,,,,,,,
,,,,,,,,,4.2171617161716173e-07,6389,,,,,,,,,
21,,,,,,,,,,6389,0.03971818462014198,,,,,,,,
,,,,,,,,,4.2204620462046205e-07,6394,,,,,,,,,
21,,,,,,,,,,6394,0.04979628697037697,,,,,,,,
,,,,,,,,,4.223762376237623e-07,6399,,,,,,,,,
21,,,,,,,,,,6399,0.07266553491353989,,,,,,,,
,,,,,,,,,4.227062706270627e-07,6404,,,,,,,,,
21,,,,,,,,,,6404,0.09351694583892822,,,,,,,,
,,,,,,,,,4.23036303630363e-07,6409,,,,,,,,,
21,,,,,,,,,,6409,0.12060605734586716,,,,,,,,
,,,,,,,,,4.2336633663366334e-07,6414,,,,,,,,,
21,,,,,,,,,,6414,0.026792315766215324,,,,,,,,
,,,,,,,,,4.236963696369637e-07,6419,,,,,,,,,
21,,,,,,,,,,6419,0.1236385628581047,,,,,,,,
,,,,,,,,,4.24026402640264e-07,6424,,,,,,,,,
21,,,,,,,,,,6424,0.04342133551836014,,,,,,,,
,,,,,,,,,4.243564356435643e-07,6429,,,,,,,,,
21,,,,,,,,,,6429,0.0661185011267662,,,,,,,,
,,,,,,,,,4.246864686468647e-07,6434,,,,,,,,,
21,,,,,,,,,,6434,0.08875202387571335,,,,,,,,
,,,,,,,,,4.25016501650165e-07,6439,,,,,,,,,
21,,,,,,,,,,6439,0.1082245334982872,,,,,,,,
,,,,,,,,,4.2534653465346533e-07,6444,,,,,,,,,
21,,,,,,,,,,6444,0.04694226756691933,,,,,,,,
,,,,,,,,,4.256765676567657e-07,6449,,,,,,,,,
21,,,,,,,,,,6449,0.04229498282074928,,,,,,,,
,,,,,,,,,4.26006600660066e-07,6454,,,,,,,,,
21,,,,,,,,,,6454,0.06089790537953377,,,,,,,,
,,,,,,,,,4.263366336633663e-07,6459,,,,,,,,,
21,,,,,,,,,,6459,0.09388984739780426,,,,,,,,
,,,,,,,,,4.266666666666667e-07,6464,,,,,,,,,
21,,,,,,,,,,6464,0.0561613030731678,,,,,,,,
,,,,,,,,,4.26996699669967e-07,6469,,,,,,,,,
21,,,,,,,,,,6469,0.1072031706571579,,,,,,,,
,,,,,,,,,4.273267326732673e-07,6474,,,,,,,,,
21,,,,,,,,,,6474,0.055044811218976974,,,,,,,,
,,,,,,,,,4.276567656765676e-07,6479,,,,,,,,,
21,,,,,,,,,,6479,0.12201722711324692,,,,,,,,
,,,,,,,,,4.2798679867986797e-07,6484,,,,,,,,,
21,,,,,,,,,,6484,0.07517086714506149,,,,,,,,
,,,,,,,,,4.283168316831683e-07,6489,,,,,,,,,
21,,,,,,,,,,6489,0.04623090475797653,,,,,,,,
,,,,,,,,,4.286468646864686e-07,6494,,,,,,,,,
21,,,,,,,,,,6494,0.05808422714471817,,,,,,,,
,,,,,,,,,4.28976897689769e-07,6499,,,,,,,,,
21,,,,,,,,,,6499,0.04740947484970093,,,,,,,,
,,,,,,,,,4.2930693069306926e-07,6504,,,,,,,,,
21,,,,,,,,,,6504,0.03420456871390343,,,,,,,,
,,,,,,,,,4.296369636963696e-07,6509,,,,,,,,,
21,,,,,,,,,,6509,0.13560850918293,,,,,,,,
,,,,,,,,,4.2996699669966995e-07,6514,,,,,,,,,
21,,,,,,,,,,6514,0.13830024003982544,,,,,,,,
,,,,,,,,,4.302970297029703e-07,6519,,,,,,,,,
21,,,,,,,,,,6519,0.06154448539018631,,,,,,,,
,,,,,,,,,4.306270627062706e-07,6524,,,,,,,,,
21,,,,,,,,,,6524,0.03858870267868042,,,,,,,,
,,,,,,,,,4.30957095709571e-07,6529,,,,,,,,,
21,,,,,,,,,,6529,0.10888015478849411,,,,,,,,
,,,,,,,,,4.3128712871287124e-07,6534,,,,,,,,,
21,,,,,,,,,,6534,0.020905647426843643,,,,,,,,
,,,,,,,,,4.3161716171617157e-07,6539,,,,,,,,,
21,,,,,,,,,,6539,0.05462111160159111,,,,,,,,
,,,,,,,,,4.3194719471947194e-07,6544,,,,,,,,,
21,,,,,,,,,,6544,0.05329791083931923,,,,,,,,
,,,,,,,,,4.3227722772277226e-07,6549,,,,,,,,,
21,,,,,,,,,,6549,0.1139855831861496,,,,,,,,
,,,,,,,,,4.326072607260726e-07,6554,,,,,,,,,
21,,,,,,,,,,6554,0.08540825545787811,,,,,,,,
,,,,,,,,,4.329372937293729e-07,6559,,,,,,,,,
21,,,,,,,,,,6559,0.05315756797790527,,,,,,,,
,,,,,,,,,4.3326732673267323e-07,6564,,,,,,,,,
21,,,,,,,,,,6564,0.13564389944076538,,,,,,,,
,,,,,,,,,4.3359735973597355e-07,6569,,,,,,,,,
21,,,,,,,,,,6569,0.12744157016277313,,,,,,,,
,,,,,,,,,4.3392739273927393e-07,6574,,,,,,,,,
21,,,,,,,,,,6574,0.08510845899581909,,,,,,,,
,,,,,,,,,4.3425742574257425e-07,6579,,,,,,,,,
21,,,,,,,,,,6579,0.07331930100917816,,,,,,,,
,,,,,,,,,4.345874587458745e-07,6584,,,,,,,,,
21,,,,,,,,,,6584,0.0853797122836113,,,,,,,,
,,,,,,,,,4.349174917491749e-07,6589,,,,,,,,,
21,,,,,,,,,,6589,0.0849238708615303,,,,,,,,
,,,,,,,,,4.352475247524752e-07,6594,,,,,,,,,
21,,,,,,,,,,6594,0.11335787177085876,,,,,,,,
,,,,,,,,,4.3557755775577554e-07,6599,,,,,,,,,
21,,,,,,,,,,6599,0.04917863756418228,,,,,,,,
,,,,,,,,,4.359075907590759e-07,6604,,,,,,,,,
21,,,,,,,,,,6604,0.10475876927375793,,,,,,,,
,,,,,,,,,4.3623762376237624e-07,6609,,,,,,,,,
21,,,,,,,,,,6609,0.08048355579376221,,,,,,,,
,,,,,,,,,4.365676567656765e-07,6614,,,,,,,,,
21,,,,,,,,,,6614,0.09424828737974167,,,,,,,,
,,,,,,,,,4.368976897689769e-07,6619,,,,,,,,,
21,,,,,,,,,,6619,0.05359199643135071,,,,,,,,
,,,,,,,,,4.372277227722772e-07,6624,,,,,,,,,
21,,,,,,,,,,6624,0.0759006142616272,,,,,,,,
,,,,,,,,,4.3755775577557753e-07,6629,,,,,,,,,
21,,,,,,,,,,6629,0.03218527138233185,,,,,,,,
,,,,,,,,,4.378877887788779e-07,6634,,,,,,,,,
21,,,,,,,,,,6634,0.09233037382364273,,,,,,,,
,,,,,,,,,4.382178217821782e-07,6639,,,,,,,,,
21,,,,,,,,,,6639,0.13866454362869263,,,,,,,,
,,,,,,,,,4.385478547854785e-07,6644,,,,,,,,,
21,,,,,,,,,,6644,0.05006108060479164,,,,,,,,
,,,,,,,,,4.3887788778877887e-07,6649,,,,,,,,,
21,,,,,,,,,,6649,0.06846499443054199,,,,,,,,
,,,,,,,,,4.392079207920792e-07,6654,,,,,,,,,
21,,,,,,,,,,6654,0.0960438922047615,,,,,,,,
,,,,,,,,,4.395379537953795e-07,6659,,,,,,,,,
21,,,,,,,,,,6659,0.08847538381814957,,,,,,,,
,,,,,,,,,4.398679867986799e-07,6664,,,,,,,,,
21,,,,,,,,,,6664,0.07396750152111053,,,,,,,,
21,,,,,,,,,,6665,,0.5625,0.7200000286102295,0.08292827010154724,0.08292827010154724,0.12910935282707214,0.5625,1.0,0.15794837474822998
,,,,,,,,,4.4019801980198016e-07,6669,,,,,,,,,
22,,,,,,,,,,6669,0.08120042085647583,,,,,,,,
,,,,,,,,,4.405280528052805e-07,6674,,,,,,,,,
22,,,,,,,,,,6674,0.07044287025928497,,,,,,,,
,,,,,,,,,4.4085808580858086e-07,6679,,,,,,,,,
22,,,,,,,,,,6679,0.05019731819629669,,,,,,,,
,,,,,,,,,4.411881188118812e-07,6684,,,,,,,,,
22,,,,,,,,,,6684,0.0632384866476059,,,,,,,,
,,,,,,,,,4.415181518151815e-07,6689,,,,,,,,,
22,,,,,,,,,,6689,0.07100219279527664,,,,,,,,
,,,,,,,,,4.4184818481848183e-07,6694,,,,,,,,,
22,,,,,,,,,,6694,0.032969459891319275,,,,,,,,
,,,,,,,,,4.4217821782178215e-07,6699,,,,,,,,,
22,,,,,,,,,,6699,0.05965821444988251,,,,,,,,
,,,,,,,,,4.4250825082508247e-07,6704,,,,,,,,,
22,,,,,,,,,,6704,0.12526336312294006,,,,,,,,
,,,,,,,,,4.4283828382838285e-07,6709,,,,,,,,,
22,,,,,,,,,,6709,0.09266781061887741,,,,,,,,
,,,,,,,,,4.4316831683168317e-07,6714,,,,,,,,,
22,,,,,,,,,,6714,0.08835773169994354,,,,,,,,
,,,,,,,,,4.4349834983498344e-07,6719,,,,,,,,,
22,,,,,,,,,,6719,0.07139863818883896,,,,,,,,
,,,,,,,,,4.438283828382838e-07,6724,,,,,,,,,
22,,,,,,,,,,6724,0.06484510749578476,,,,,,,,
,,,,,,,,,4.4415841584158414e-07,6729,,,,,,,,,
22,,,,,,,,,,6729,0.04803605005145073,,,,,,,,
,,,,,,,,,4.4448844884488446e-07,6734,,,,,,,,,
22,,,,,,,,,,6734,0.04378397762775421,,,,,,,,
,,,,,,,,,4.4481848184818484e-07,6739,,,,,,,,,
22,,,,,,,,,,6739,0.059894416481256485,,,,,,,,
,,,,,,,,,4.4514851485148516e-07,6744,,,,,,,,,
22,,,,,,,,,,6744,0.07199256122112274,,,,,,,,
,,,,,,,,,4.4547854785478543e-07,6749,,,,,,,,,
22,,,,,,,,,,6749,0.0345289371907711,,,,,,,,
,,,,,,,,,4.458085808580858e-07,6754,,,,,,,,,
22,,,,,,,,,,6754,0.07024625688791275,,,,,,,,
,,,,,,,,,4.4613861386138613e-07,6759,,,,,,,,,
22,,,,,,,,,,6759,0.08744724094867706,,,,,,,,
,,,,,,,,,4.4646864686468645e-07,6764,,,,,,,,,
22,,,,,,,,,,6764,0.10842999815940857,,,,,,,,
,,,,,,,,,4.467986798679868e-07,6769,,,,,,,,,
22,,,,,,,,,,6769,0.10460012406110764,,,,,,,,
,,,,,,,,,4.471287128712871e-07,6774,,,,,,,,,
22,,,,,,,,,,6774,0.037078335881233215,,,,,,,,
,,,,,,,,,4.474587458745874e-07,6779,,,,,,,,,
22,,,,,,,,,,6779,0.13452699780464172,,,,,,,,
,,,,,,,,,4.477887788778878e-07,6784,,,,,,,,,
22,,,,,,,,,,6784,0.08145848661661148,,,,,,,,
,,,,,,,,,4.481188118811881e-07,6789,,,,,,,,,
22,,,,,,,,,,6789,0.046653058379888535,,,,,,,,
,,,,,,,,,4.4844884488448844e-07,6794,,,,,,,,,
22,,,,,,,,,,6794,0.06689689308404922,,,,,,,,
,,,,,,,,,4.487788778877887e-07,6799,,,,,,,,,
22,,,,,,,,,,6799,0.042031362652778625,,,,,,,,
,,,,,,,,,4.491089108910891e-07,6804,,,,,,,,,
22,,,,,,,,,,6804,0.07071886956691742,,,,,,,,
,,,,,,,,,4.494389438943894e-07,6809,,,,,,,,,
22,,,,,,,,,,6809,0.09350892901420593,,,,,,,,
,,,,,,,,,4.4976897689768973e-07,6814,,,,,,,,,
22,,,,,,,,,,6814,0.08818520605564117,,,,,,,,
,,,,,,,,,4.500990099009901e-07,6819,,,,,,,,,
22,,,,,,,,,,6819,0.07029744982719421,,,,,,,,
,,,,,,,,,4.504290429042904e-07,6824,,,,,,,,,
22,,,,,,,,,,6824,0.11020351946353912,,,,,,,,
,,,,,,,,,4.507590759075907e-07,6829,,,,,,,,,
22,,,,,,,,,,6829,0.10963758826255798,,,,,,,,
,,,,,,,,,4.5108910891089107e-07,6834,,,,,,,,,
22,,,,,,,,,,6834,0.08412349224090576,,,,,,,,
,,,,,,,,,4.514191419141914e-07,6839,,,,,,,,,
22,,,,,,,,,,6839,0.10220114886760712,,,,,,,,
,,,,,,,,,4.517491749174917e-07,6844,,,,,,,,,
22,,,,,,,,,,6844,0.07510000467300415,,,,,,,,
,,,,,,,,,4.520792079207921e-07,6849,,,,,,,,,
22,,,,,,,,,,6849,0.044806282967329025,,,,,,,,
,,,,,,,,,4.5240924092409236e-07,6854,,,,,,,,,
22,,,,,,,,,,6854,0.09023144096136093,,,,,,,,
,,,,,,,,,4.527392739273927e-07,6859,,,,,,,,,
22,,,,,,,,,,6859,0.09716793894767761,,,,,,,,
,,,,,,,,,4.5306930693069306e-07,6864,,,,,,,,,
22,,,,,,,,,,6864,0.1164512187242508,,,,,,,,
,,,,,,,,,4.533993399339934e-07,6869,,,,,,,,,
22,,,,,,,,,,6869,0.07809252291917801,,,,,,,,
,,,,,,,,,4.537293729372937e-07,6874,,,,,,,,,
22,,,,,,,,,,6874,0.06568113714456558,,,,,,,,
,,,,,,,,,4.540594059405941e-07,6879,,,,,,,,,
22,,,,,,,,,,6879,0.06648241728544235,,,,,,,,
,,,,,,,,,4.5438943894389435e-07,6884,,,,,,,,,
22,,,,,,,,,,6884,0.061172965914011,,,,,,,,
,,,,,,,,,4.5471947194719467e-07,6889,,,,,,,,,
22,,,,,,,,,,6889,0.0471954308450222,,,,,,,,
,,,,,,,,,4.5504950495049505e-07,6894,,,,,,,,,
22,,,,,,,,,,6894,0.0919344499707222,,,,,,,,
,,,,,,,,,4.5537953795379537e-07,6899,,,,,,,,,
22,,,,,,,,,,6899,0.10026074200868607,,,,,,,,
,,,,,,,,,4.557095709570957e-07,6904,,,,,,,,,
22,,,,,,,,,,6904,0.10231707245111465,,,,,,,,
,,,,,,,,,4.56039603960396e-07,6909,,,,,,,,,
22,,,,,,,,,,6909,0.0810328796505928,,,,,,,,
,,,,,,,,,4.5636963696369634e-07,6914,,,,,,,,,
22,,,,,,,,,,6914,0.12913814187049866,,,,,,,,
,,,,,,,,,4.5669966996699666e-07,6919,,,,,,,,,
22,,,,,,,,,,6919,0.06468672305345535,,,,,,,,
,,,,,,,,,4.5702970297029703e-07,6924,,,,,,,,,
22,,,,,,,,,,6924,0.11352341622114182,,,,,,,,
,,,,,,,,,4.5735973597359736e-07,6929,,,,,,,,,
22,,,,,,,,,,6929,0.05466233566403389,,,,,,,,
,,,,,,,,,4.576897689768976e-07,6934,,,,,,,,,
22,,,,,,,,,,6934,0.08406494557857513,,,,,,,,
,,,,,,,,,4.58019801980198e-07,6939,,,,,,,,,
22,,,,,,,,,,6939,0.0618373267352581,,,,,,,,
,,,,,,,,,4.583498349834983e-07,6944,,,,,,,,,
22,,,,,,,,,,6944,0.03701293468475342,,,,,,,,
,,,,,,,,,4.5867986798679865e-07,6949,,,,,,,,,
22,,,,,,,,,,6949,0.061027150601148605,,,,,,,,
,,,,,,,,,4.59009900990099e-07,6954,,,,,,,,,
22,,,,,,,,,,6954,0.08233051747083664,,,,,,,,
,,,,,,,,,4.5933993399339934e-07,6959,,,,,,,,,
22,,,,,,,,,,6959,0.10392770171165466,,,,,,,,
,,,,,,,,,4.596699669966996e-07,6964,,,,,,,,,
22,,,,,,,,,,6964,0.11723797023296356,,,,,,,,
22,,,,,,,,,,6968,,0.5562499761581421,0.7078189253807068,0.08243382722139359,0.08243382722139359,0.15351705253124237,0.5620915293693542,0.9555555582046509,0.17383180558681488
,,,,,,,,,4.6e-07,6969,,,,,,,,,
23,,,,,,,,,,6969,0.055503491312265396,,,,,,,,
,,,,,,,,,4.603300330033003e-07,6974,,,,,,,,,
23,,,,,,,,,,6974,0.09119956195354462,,,,,,,,
,,,,,,,,,4.6066006600660063e-07,6979,,,,,,,,,
23,,,,,,,,,,6979,0.07821359485387802,,,,,,,,
,,,,,,,,,4.60990099009901e-07,6984,,,,,,,,,
23,,,,,,,,,,6984,0.10878130048513412,,,,,,,,
,,,,,,,,,4.613201320132013e-07,6989,,,,,,,,,
23,,,,,,,,,,6989,0.07857773452997208,,,,,,,,
,,,,,,,,,4.616501650165016e-07,6994,,,,,,,,,
23,,,,,,,,,,6994,0.05640815570950508,,,,,,,,
,,,,,,,,,4.61980198019802e-07,6999,,,,,,,,,
23,,,,,,,,,,6999,0.09947085380554199,,,,,,,,
,,,,,,,,,4.623102310231023e-07,7004,,,,,,,,,
23,,,,,,,,,,7004,0.10108301043510437,,,,,,,,
,,,,,,,,,4.626402640264026e-07,7009,,,,,,,,,
23,,,,,,,,,,7009,0.10014689713716507,,,,,,,,
,,,,,,,,,4.62970297029703e-07,7014,,,,,,,,,
23,,,,,,,,,,7014,0.06548520177602768,,,,,,,,
,,,,,,,,,4.6330033003300327e-07,7019,,,,,,,,,
23,,,,,,,,,,7019,0.11980735510587692,,,,,,,,
,,,,,,,,,4.636303630363036e-07,7024,,,,,,,,,
23,,,,,,,,,,7024,0.05840657278895378,,,,,,,,
,,,,,,,,,4.6396039603960397e-07,7029,,,,,,,,,
23,,,,,,,,,,7029,0.11973248422145844,,,,,,,,
,,,,,,,,,4.642904290429043e-07,7034,,,,,,,,,
23,,,,,,,,,,7034,0.06439071893692017,,,,,,,,
,,,,,,,,,4.646204620462046e-07,7039,,,,,,,,,
23,,,,,,,,,,7039,0.1002468392252922,,,,,,,,
,,,,,,,,,4.6495049504950493e-07,7044,,,,,,,,,
23,,,,,,,,,,7044,0.057926617562770844,,,,,,,,
,,,,,,,,,4.6528052805280526e-07,7049,,,,,,,,,
23,,,,,,,,,,7049,0.05007534846663475,,,,,,,,
,,,,,,,,,4.656105610561056e-07,7054,,,,,,,,,
23,,,,,,,,,,7054,0.05239567160606384,,,,,,,,
,,,,,,,,,4.6594059405940595e-07,7059,,,,,,,,,
23,,,,,,,,,,7059,0.054411619901657104,,,,,,,,
,,,,,,,,,4.662706270627063e-07,7064,,,,,,,,,
23,,,,,,,,,,7064,0.0280102901160717,,,,,,,,
,,,,,,,,,4.6660066006600655e-07,7069,,,,,,,,,
23,,,,,,,,,,7069,0.06760081648826599,,,,,,,,
,,,,,,,,,4.669306930693069e-07,7074,,,,,,,,,
23,,,,,,,,,,7074,0.0848986878991127,,,,,,,,
,,,,,,,,,4.6726072607260724e-07,7079,,,,,,,,,
23,,,,,,,,,,7079,0.04719407856464386,,,,,,,,
,,,,,,,,,4.6759075907590757e-07,7084,,,,,,,,,
23,,,,,,,,,,7084,0.05536099895834923,,,,,,,,
,,,,,,,,,4.6792079207920794e-07,7089,,,,,,,,,
23,,,,,,,,,,7089,0.053355928510427475,,,,,,,,
,,,,,,,,,4.6825082508250826e-07,7094,,,,,,,,,
23,,,,,,,,,,7094,0.06198761984705925,,,,,,,,
,,,,,,,,,4.6858085808580853e-07,7099,,,,,,,,,
23,,,,,,,,,,7099,0.0836196318268776,,,,,,,,
,,,,,,,,,4.6891089108910886e-07,7104,,,,,,,,,
23,,,,,,,,,,7104,0.050857823342084885,,,,,,,,
,,,,,,,,,4.6924092409240923e-07,7109,,,,,,,,,
23,,,,,,,,,,7109,0.05196361243724823,,,,,,,,
,,,,,,,,,4.6957095709570955e-07,7114,,,,,,,,,
23,,,,,,,,,,7114,0.06477116793394089,,,,,,,,
,,,,,,,,,4.699009900990099e-07,7119,,,,,,,,,
23,,,,,,,,,,7119,0.10189804434776306,,,,,,,,
,,,,,,,,,4.702310231023102e-07,7124,,,,,,,,,
23,,,,,,,,,,7124,0.05426815152168274,,,,,,,,
,,,,,,,,,4.705610561056105e-07,7129,,,,,,,,,
23,,,,,,,,,,7129,0.062000811100006104,,,,,,,,
,,,,,,,,,4.7089108910891084e-07,7134,,,,,,,,,
23,,,,,,,,,,7134,0.0940157100558281,,,,,,,,
,,,,,,,,,4.712211221122112e-07,7139,,,,,,,,,
23,,,,,,,,,,7139,0.02336980402469635,,,,,,,,
,,,,,,,,,4.7155115511551154e-07,7144,,,,,,,,,
23,,,,,,,,,,7144,0.08975892513990402,,,,,,,,
,,,,,,,,,4.718811881188118e-07,7149,,,,,,,,,
23,,,,,,,,,,7149,0.045094083994627,,,,,,,,
,,,,,,,,,4.722112211221122e-07,7154,,,,,,,,,
23,,,,,,,,,,7154,0.10263849049806595,,,,,,,,
,,,,,,,,,4.725412541254125e-07,7159,,,,,,,,,
23,,,,,,,,,,7159,0.08993811160326004,,,,,,,,
,,,,,,,,,4.7287128712871283e-07,7164,,,,,,,,,
23,,,,,,,,,,7164,0.05209377408027649,,,,,,,,
,,,,,,,,,4.732013201320132e-07,7169,,,,,,,,,
23,,,,,,,,,,7169,0.09152881056070328,,,,,,,,
,,,,,,,,,4.7353135313531353e-07,7174,,,,,,,,,
23,,,,,,,,,,7174,0.11744341999292374,,,,,,,,
,,,,,,,,,4.738613861386138e-07,7179,,,,,,,,,
23,,,,,,,,,,7179,0.07087457180023193,,,,,,,,
,,,,,,,,,4.741914191419142e-07,7184,,,,,,,,,
23,,,,,,,,,,7184,0.06984618306159973,,,,,,,,
,,,,,,,,,4.745214521452145e-07,7189,,,,,,,,,
23,,,,,,,,,,7189,0.06719283014535904,,,,,,,,
,,,,,,,,,4.748514851485148e-07,7194,,,,,,,,,
23,,,,,,,,,,7194,0.07167956978082657,,,,,,,,
,,,,,,,,,4.751815181518152e-07,7199,,,,,,,,,
23,,,,,,,,,,7199,0.026052124798297882,,,,,,,,
,,,,,,,,,4.7551155115511547e-07,7204,,,,,,,,,
23,,,,,,,,,,7204,0.06829305738210678,,,,,,,,
,,,,,,,,,4.758415841584158e-07,7209,,,,,,,,,
23,,,,,,,,,,7209,0.06607841700315475,,,,,,,,
,,,,,,,,,4.7617161716171616e-07,7214,,,,,,,,,
23,,,,,,,,,,7214,0.04009159281849861,,,,,,,,
,,,,,,,,,4.765016501650165e-07,7219,,,,,,,,,
23,,,,,,,,,,7219,0.12515227496623993,,,,,,,,
,,,,,,,,,4.768316831683168e-07,7224,,,,,,,,,
23,,,,,,,,,,7224,0.0645606741309166,,,,,,,,
,,,,,,,,,4.771617161716171e-07,7229,,,,,,,,,
23,,,,,,,,,,7229,0.047498974949121475,,,,,,,,
,,,,,,,,,4.774917491749175e-07,7234,,,,,,,,,
23,,,,,,,,,,7234,0.04775698482990265,,,,,,,,
,,,,,,,,,4.778217821782178e-07,7239,,,,,,,,,
23,,,,,,,,,,7239,0.07658755034208298,,,,,,,,
,,,,,,,,,4.781518151815182e-07,7244,,,,,,,,,
23,,,,,,,,,,7244,0.0544273816049099,,,,,,,,
,,,,,,,,,4.784818481848184e-07,7249,,,,,,,,,
23,,,,,,,,,,7249,0.09190380573272705,,,,,,,,
,,,,,,,,,4.788118811881188e-07,7254,,,,,,,,,
23,,,,,,,,,,7254,0.049528416246175766,,,,,,,,
,,,,,,,,,4.791419141914192e-07,7259,,,,,,,,,
23,,,,,,,,,,7259,0.1183643564581871,,,,,,,,
,,,,,,,,,4.794719471947194e-07,7264,,,,,,,,,
23,,,,,,,,,,7264,0.14348354935646057,,,,,,,,
,,,,,,,,,4.798019801980197e-07,7269,,,,,,,,,
23,,,,,,,,,,7269,0.055851586163043976,,,,,,,,
23,,,,,,,,,,7271,,0.574999988079071,0.7166666388511658,0.08205201476812363,0.08205201476812363,0.16979481279850006,0.5733333230018616,0.9555555582046509,0.19532354176044464
,,,,,,,,,4.801320132013201e-07,7274,,,,,,,,,
24,,,,,,,,,,7274,0.06687474250793457,,,,,,,,
,,,,,,,,,4.804620462046205e-07,7279,,,,,,,,,
24,,,,,,,,,,7279,0.046732738614082336,,,,,,,,
,,,,,,,,,4.807920792079207e-07,7284,,,,,,,,,
24,,,,,,,,,,7284,0.11516107618808746,,,,,,,,
,,,,,,,,,4.811221122112211e-07,7289,,,,,,,,,
24,,,,,,,,,,7289,0.11793056130409241,,,,,,,,
,,,,,,,,,4.814521452145215e-07,7294,,,,,,,,,
24,,,,,,,,,,7294,0.06674972176551819,,,,,,,,
,,,,,,,,,4.817821782178218e-07,7299,,,,,,,,,
24,,,,,,,,,,7299,0.06697456538677216,,,,,,,,
,,,,,,,,,4.821122112211221e-07,7304,,,,,,,,,
24,,,,,,,,,,7304,0.10450530052185059,,,,,,,,
,,,,,,,,,4.824422442244224e-07,7309,,,,,,,,,
24,,,,,,,,,,7309,0.06937164068222046,,,,,,,,
,,,,,,,,,4.827722772277228e-07,7314,,,,,,,,,
24,,,,,,,,,,7314,0.10251111537218094,,,,,,,,
,,,,,,,,,4.831023102310231e-07,7319,,,,,,,,,
24,,,,,,,,,,7319,0.0562516525387764,,,,,,,,
,,,,,,,,,4.834323432343234e-07,7324,,,,,,,,,
24,,,,,,,,,,7324,0.11024823039770126,,,,,,,,
,,,,,,,,,4.837623762376237e-07,7329,,,,,,,,,
24,,,,,,,,,,7329,0.13779395818710327,,,,,,,,
,,,,,,,,,4.840924092409241e-07,7334,,,,,,,,,
24,,,,,,,,,,7334,0.07779838144779205,,,,,,,,
,,,,,,,,,4.844224422442244e-07,7339,,,,,,,,,
24,,,,,,,,,,7339,0.07887418568134308,,,,,,,,
,,,,,,,,,4.847524752475247e-07,7344,,,,,,,,,
24,,,,,,,,,,7344,0.09850876778364182,,,,,,,,
,,,,,,,,,4.850825082508251e-07,7349,,,,,,,,,
24,,,,,,,,,,7349,0.10966529697179794,,,,,,,,
,,,,,,,,,4.854125412541254e-07,7354,,,,,,,,,
24,,,,,,,,,,7354,0.08464469015598297,,,,,,,,
,,,,,,,,,4.857425742574257e-07,7359,,,,,,,,,
24,,,,,,,,,,7359,0.10095130652189255,,,,,,,,
,,,,,,,,,4.860726072607261e-07,7364,,,,,,,,,
24,,,,,,,,,,7364,0.04298368841409683,,,,,,,,
,,,,,,,,,4.864026402640264e-07,7369,,,,,,,,,
24,,,,,,,,,,7369,0.06056397408246994,,,,,,,,
,,,,,,,,,4.867326732673267e-07,7374,,,,,,,,,
24,,,,,,,,,,7374,0.02481529675424099,,,,,,,,
,,,,,,,,,4.87062706270627e-07,7379,,,,,,,,,
24,,,,,,,,,,7379,0.07744769006967545,,,,,,,,
,,,,,,,,,4.873927392739274e-07,7384,,,,,,,,,
24,,,,,,,,,,7384,0.0693875253200531,,,,,,,,
,,,,,,,,,4.877227722772277e-07,7389,,,,,,,,,
24,,,,,,,,,,7389,0.08729591220617294,,,,,,,,
,,,,,,,,,4.88052805280528e-07,7394,,,,,,,,,
24,,,,,,,,,,7394,0.07638008147478104,,,,,,,,
,,,,,,,,,4.883828382838284e-07,7399,,,,,,,,,
24,,,,,,,,,,7399,0.0675639808177948,,,,,,,,
,,,,,,,,,4.887128712871287e-07,7404,,,,,,,,,
24,,,,,,,,,,7404,0.062281787395477295,,,,,,,,
,,,,,,,,,4.890429042904291e-07,7409,,,,,,,,,
24,,,,,,,,,,7409,0.09058947116136551,,,,,,,,
,,,,,,,,,4.893729372937293e-07,7414,,,,,,,,,
24,,,,,,,,,,7414,0.051233742386102676,,,,,,,,
,,,,,,,,,4.897029702970297e-07,7419,,,,,,,,,
24,,,,,,,,,,7419,0.0469168983399868,,,,,,,,
,,,,,,,,,4.9003300330033e-07,7424,,,,,,,,,
24,,,,,,,,,,7424,0.06375423073768616,,,,,,,,
,,,,,,,,,4.903630363036303e-07,7429,,,,,,,,,
24,,,,,,,,,,7429,0.06443320214748383,,,,,,,,
,,,,,,,,,4.906930693069306e-07,7434,,,,,,,,,
24,,,,,,,,,,7434,0.11499253660440445,,,,,,,,
,,,,,,,,,4.91023102310231e-07,7439,,,,,,,,,
24,,,,,,,,,,7439,0.041677072644233704,,,,,,,,
,,,,,,,,,4.913531353135314e-07,7444,,,,,,,,,
24,,,,,,,,,,7444,0.08754604309797287,,,,,,,,
,,,,,,,,,4.916831683168316e-07,7449,,,,,,,,,
24,,,,,,,,,,7449,0.05139319226145744,,,,,,,,
,,,,,,,,,4.92013201320132e-07,7454,,,,,,,,,
24,,,,,,,,,,7454,0.08990217000246048,,,,,,,,
,,,,,,,,,4.923432343234323e-07,7459,,,,,,,,,
24,,,,,,,,,,7459,0.07951612025499344,,,,,,,,
,,,,,,,,,4.926732673267327e-07,7464,,,,,,,,,
24,,,,,,,,,,7464,0.05995745211839676,,,,,,,,
,,,,,,,,,4.930033003300329e-07,7469,,,,,,,,,
24,,,,,,,,,,7469,0.08971834182739258,,,,,,,,
,,,,,,,,,4.933333333333333e-07,7474,,,,,,,,,
24,,,,,,,,,,7474,0.041056737303733826,,,,,,,,
,,,,,,,,,4.936633663366337e-07,7479,,,,,,,,,
24,,,,,,,,,,7479,0.07071453332901001,,,,,,,,
,,,,,,,,,4.93993399339934e-07,7484,,,,,,,,,
24,,,,,,,,,,7484,0.1290988177061081,,,,,,,,
,,,,,,,,,4.943234323432343e-07,7489,,,,,,,,,
24,,,,,,,,,,7489,0.0509314090013504,,,,,,,,
,,,,,,,,,4.946534653465346e-07,7494,,,,,,,,,
24,,,,,,,,,,7494,0.06825453042984009,,,,,,,,
,,,,,,,,,4.94983498349835e-07,7499,,,,,,,,,
24,,,,,,,,,,7499,0.05594044178724289,,,,,,,,
,,,,,,,,,4.953135313531353e-07,7504,,,,,,,,,
24,,,,,,,,,,7504,0.10950282216072083,,,,,,,,
,,,,,,,,,4.956435643564356e-07,7509,,,,,,,,,
24,,,,,,,,,,7509,0.1193476989865303,,,,,,,,
,,,,,,,,,4.959735973597359e-07,7514,,,,,,,,,
24,,,,,,,,,,7514,0.07772419601678848,,,,,,,,
,,,,,,,,,4.963036303630363e-07,7519,,,,,,,,,
24,,,,,,,,,,7519,0.08105141669511795,,,,,,,,
,,,,,,,,,4.966336633663366e-07,7524,,,,,,,,,
24,,,,,,,,,,7524,0.05719717964529991,,,,,,,,
,,,,,,,,,4.969636963696369e-07,7529,,,,,,,,,
24,,,,,,,,,,7529,0.12636998295783997,,,,,,,,
,,,,,,,,,4.972937293729373e-07,7534,,,,,,,,,
24,,,,,,,,,,7534,0.06566401571035385,,,,,,,,
,,,,,,,,,4.976237623762375e-07,7539,,,,,,,,,
24,,,,,,,,,,7539,0.048853352665901184,,,,,,,,
,,,,,,,,,4.979537953795379e-07,7544,,,,,,,,,
24,,,,,,,,,,7544,0.04511762037873268,,,,,,,,
,,,,,,,,,4.982838283828383e-07,7549,,,,,,,,,
24,,,,,,,,,,7549,0.05713218078017235,,,,,,,,
,,,,,,,,,4.986138613861386e-07,7554,,,,,,,,,
24,,,,,,,,,,7554,0.04751782864332199,,,,,,,,
,,,,,,,,,4.989438943894389e-07,7559,,,,,,,,,
24,,,,,,,,,,7559,0.10384976118803024,,,,,,,,
,,,,,,,,,4.992739273927393e-07,7564,,,,,,,,,
24,,,,,,,,,,7564,0.09320824593305588,,,,,,,,
,,,,,,,,,4.996039603960396e-07,7569,,,,,,,,,
24,,,,,,,,,,7569,0.06127122417092323,,,,,,,,
,,,,,,,,,4.999339933993399e-07,7574,,,,,,,,,
24,,,,,,,,,,7574,0.10261162370443344,,,,,,,,
24,,,,,,,,,,7574,,0.612500011920929,0.7280701994895935,0.08161526918411255,0.08161526918411255,0.1606573760509491,0.6014492511749268,0.9222221970558167,0.17802484333515167
,,,,,,,,,5.002640264026402e-07,7579,,,,,,,,,
25,,,,,,,,,,7579,0.07335127890110016,,,,,,,,
,,,,,,,,,5.005940594059406e-07,7584,,,,,,,,,
25,,,,,,,,,,7584,0.07212033122777939,,,,,,,,
,,,,,,,,,5.00924092409241e-07,7589,,,,,,,,,
25,,,,,,,,,,7589,0.1342785656452179,,,,,,,,
,,,,,,,,,5.012541254125411e-07,7594,,,,,,,,,
25,,,,,,,,,,7594,0.11525771021842957,,,,,,,,
,,,,,,,,,5.015841584158415e-07,7599,,,,,,,,,
25,,,,,,,,,,7599,0.10942339152097702,,,,,,,,
,,,,,,,,,5.019141914191419e-07,7604,,,,,,,,,
25,,,,,,,,,,7604,0.08010748773813248,,,,,,,,
,,,,,,,,,5.022442244224422e-07,7609,,,,,,,,,
25,,,,,,,,,,7609,0.0908271074295044,,,,,,,,
,,,,,,,,,5.025742574257425e-07,7614,,,,,,,,,
25,,,,,,,,,,7614,0.06824540346860886,,,,,,,,
,,,,,,,,,5.029042904290429e-07,7619,,,,,,,,,
25,,,,,,,,,,7619,0.0631871223449707,,,,,,,,
,,,,,,,,,5.032343234323432e-07,7624,,,,,,,,,
25,,,,,,,,,,7624,0.03025882877409458,,,,,,,,
,,,,,,,,,5.035643564356436e-07,7629,,,,,,,,,
25,,,,,,,,,,7629,0.0741182267665863,,,,,,,,
,,,,,,,,,5.038943894389439e-07,7634,,,,,,,,,
25,,,,,,,,,,7634,0.10394681990146637,,,,,,,,
,,,,,,,,,5.042244224422442e-07,7639,,,,,,,,,
25,,,,,,,,,,7639,0.04777124151587486,,,,,,,,
,,,,,,,,,5.045544554455446e-07,7644,,,,,,,,,
25,,,,,,,,,,7644,0.059311412274837494,,,,,,,,
,,,,,,,,,5.048844884488449e-07,7649,,,,,,,,,
25,,,,,,,,,,7649,0.04439543932676315,,,,,,,,
,,,,,,,,,5.052145214521451e-07,7654,,,,,,,,,
25,,,,,,,,,,7654,0.060288187116384506,,,,,,,,
,,,,,,,,,5.055445544554455e-07,7659,,,,,,,,,
25,,,,,,,,,,7659,0.06621167808771133,,,,,,,,
,,,,,,,,,5.058745874587459e-07,7664,,,,,,,,,
25,,,,,,,,,,7664,0.06571105867624283,,,,,,,,
,,,,,,,,,5.062046204620461e-07,7669,,,,,,,,,
25,,,,,,,,,,7669,0.06601609289646149,,,,,,,,
,,,,,,,,,5.065346534653465e-07,7674,,,,,,,,,
25,,,,,,,,,,7674,0.10876727849245071,,,,,,,,
,,,,,,,,,5.068646864686469e-07,7679,,,,,,,,,
25,,,,,,,,,,7679,0.032174572348594666,,,,,,,,
,,,,,,,,,5.071947194719472e-07,7684,,,,,,,,,
25,,,,,,,,,,7684,0.09144411236047745,,,,,,,,
,,,,,,,,,5.075247524752475e-07,7689,,,,,,,,,
25,,,,,,,,,,7689,0.05928122624754906,,,,,,,,
,,,,,,,,,5.078547854785479e-07,7694,,,,,,,,,
25,,,,,,,,,,7694,0.06128644570708275,,,,,,,,
,,,,,,,,,5.081848184818481e-07,7699,,,,,,,,,
25,,,,,,,,,,7699,0.10034480690956116,,,,,,,,
,,,,,,,,,5.085148514851485e-07,7704,,,,,,,,,
25,,,,,,,,,,7704,0.08591890335083008,,,,,,,,
,,,,,,,,,5.088448844884488e-07,7709,,,,,,,,,
25,,,,,,,,,,7709,0.08430177718400955,,,,,,,,
,,,,,,,,,5.091749174917491e-07,7714,,,,,,,,,
25,,,,,,,,,,7714,0.05554354935884476,,,,,,,,
,,,,,,,,,5.095049504950495e-07,7719,,,,,,,,,
25,,,,,,,,,,7719,0.08208823949098587,,,,,,,,
,,,,,,,,,5.098349834983499e-07,7724,,,,,,,,,
25,,,,,,,,,,7724,0.05417073890566826,,,,,,,,
,,,,,,,,,5.101650165016501e-07,7729,,,,,,,,,
25,,,,,,,,,,7729,0.08433494716882706,,,,,,,,
,,,,,,,,,5.104950495049505e-07,7734,,,,,,,,,
25,,,,,,,,,,7734,0.0658278539776802,,,,,,,,
,,,,,,,,,5.108250825082509e-07,7739,,,,,,,,,
25,,,,,,,,,,7739,0.06379836797714233,,,,,,,,
,,,,,,,,,5.111551155115511e-07,7744,,,,,,,,,
25,,,,,,,,,,7744,0.049243614077568054,,,,,,,,
,,,,,,,,,5.114851485148515e-07,7749,,,,,,,,,
25,,,,,,,,,,7749,0.01736009493470192,,,,,,,,
,,,,,,,,,5.118151815181518e-07,7754,,,,,,,,,
25,,,,,,,,,,7754,0.06005798652768135,,,,,,,,
,,,,,,,,,5.121452145214521e-07,7759,,,,,,,,,
25,,,,,,,,,,7759,0.06369063258171082,,,,,,,,
,,,,,,,,,5.124752475247524e-07,7764,,,,,,,,,
25,,,,,,,,,,7764,0.11373338848352432,,,,,,,,
,,,,,,,,,5.128052805280528e-07,7769,,,,,,,,,
25,,,,,,,,,,7769,0.046590324491262436,,,,,,,,
,,,,,,,,,5.131353135313531e-07,7774,,,,,,,,,
25,,,,,,,,,,7774,0.030460940673947334,,,,,,,,
,,,,,,,,,5.134653465346535e-07,7779,,,,,,,,,
25,,,,,,,,,,7779,0.12561683356761932,,,,,,,,
,,,,,,,,,5.137953795379538e-07,7784,,,,,,,,,
25,,,,,,,,,,7784,0.09630558639764786,,,,,,,,
,,,,,,,,,5.141254125412541e-07,7789,,,,,,,,,
25,,,,,,,,,,7789,0.057800862938165665,,,,,,,,
,,,,,,,,,5.144554455445545e-07,7794,,,,,,,,,
25,,,,,,,,,,7794,0.03473228961229324,,,,,,,,
,,,,,,,,,5.147854785478548e-07,7799,,,,,,,,,
25,,,,,,,,,,7799,0.06778584420681,,,,,,,,
,,,,,,,,,5.151155115511551e-07,7804,,,,,,,,,
25,,,,,,,,,,7804,0.08250682055950165,,,,,,,,
,,,,,,,,,5.154455445544554e-07,7809,,,,,,,,,
25,,,,,,,,,,7809,0.024340219795703888,,,,,,,,
,,,,,,,,,5.157755775577558e-07,7814,,,,,,,,,
25,,,,,,,,,,7814,0.08192174136638641,,,,,,,,
,,,,,,,,,5.16105610561056e-07,7819,,,,,,,,,
25,,,,,,,,,,7819,0.026382161304354668,,,,,,,,
,,,,,,,,,5.164356435643564e-07,7824,,,,,,,,,
25,,,,,,,,,,7824,0.05001574382185936,,,,,,,,
,,,,,,,,,5.167656765676568e-07,7829,,,,,,,,,
25,,,,,,,,,,7829,0.060730092227458954,,,,,,,,
,,,,,,,,,5.170957095709571e-07,7834,,,,,,,,,
25,,,,,,,,,,7834,0.06537067145109177,,,,,,,,
,,,,,,,,,5.174257425742574e-07,7839,,,,,,,,,
25,,,,,,,,,,7839,0.06702039390802383,,,,,,,,
,,,,,,,,,5.177557755775578e-07,7844,,,,,,,,,
25,,,,,,,,,,7844,0.05442138388752937,,,,,,,,
,,,,,,,,,5.180858085808581e-07,7849,,,,,,,,,
25,,,,,,,,,,7849,0.06035621464252472,,,,,,,,
,,,,,,,,,5.184158415841584e-07,7854,,,,,,,,,
25,,,,,,,,,,7854,0.059176210314035416,,,,,,,,
,,,,,,,,,5.187458745874588e-07,7859,,,,,,,,,
25,,,,,,,,,,7859,0.06253505498170853,,,,,,,,
,,,,,,,,,5.19075907590759e-07,7864,,,,,,,,,
25,,,,,,,,,,7864,0.06425882130861282,,,,,,,,
,,,,,,,,,5.194059405940594e-07,7869,,,,,,,,,
25,,,,,,,,,,7869,0.07016468048095703,,,,,,,,
,,,,,,,,,5.197359735973597e-07,7874,,,,,,,,,
25,,,,,,,,,,7874,0.0628737360239029,,,,,,,,
25,,,,,,,,,,7877,,0.643750011920929,0.7323943376541138,0.08086557686328888,0.08086557686328888,0.18883296847343445,0.6341463327407837,0.8666666746139526,0.20712538063526154
,,,,,,,,,5.2006600660066e-07,7879,,,,,,,,,
26,,,,,,,,,,7879,0.03361404314637184,,,,,,,,
,,,,,,,,,5.203960396039604e-07,7884,,,,,,,,,
26,,,,,,,,,,7884,0.11331736296415329,,,,,,,,
,,,,,,,,,5.207260726072608e-07,7889,,,,,,,,,
26,,,,,,,,,,7889,0.024122022092342377,,,,,,,,
,,,,,,,,,5.21056105610561e-07,7894,,,,,,,,,
26,,,,,,,,,,7894,0.0553085021674633,,,,,,,,
,,,,,,,,,5.213861386138614e-07,7899,,,,,,,,,
26,,,,,,,,,,7899,0.04717276990413666,,,,,,,,
,,,,,,,,,5.217161716171617e-07,7904,,,,,,,,,
26,,,,,,,,,,7904,0.056922346353530884,,,,,,,,
,,,,,,,,,5.22046204620462e-07,7909,,,,,,,,,
26,,,,,,,,,,7909,0.07547799497842789,,,,,,,,
,,,,,,,,,5.223762376237623e-07,7914,,,,,,,,,
26,,,,,,,,,,7914,0.05493350699543953,,,,,,,,
,,,,,,,,,5.227062706270626e-07,7919,,,,,,,,,
26,,,,,,,,,,7919,0.06215345859527588,,,,,,,,
,,,,,,,,,5.23036303630363e-07,7924,,,,,,,,,
26,,,,,,,,,,7924,0.08512033522129059,,,,,,,,
,,,,,,,,,5.233663366336633e-07,7929,,,,,,,,,
26,,,,,,,,,,7929,0.05824544280767441,,,,,,,,
,,,,,,,,,5.236963696369636e-07,7934,,,,,,,,,
26,,,,,,,,,,7934,0.05117980018258095,,,,,,,,
,,,,,,,,,5.24026402640264e-07,7939,,,,,,,,,
26,,,,,,,,,,7939,0.0632534921169281,,,,,,,,
,,,,,,,,,5.243564356435644e-07,7944,,,,,,,,,
26,,,,,,,,,,7944,0.10781672596931458,,,,,,,,
,,,,,,,,,5.246864686468646e-07,7949,,,,,,,,,
26,,,,,,,,,,7949,0.07150501012802124,,,,,,,,
,,,,,,,,,5.25016501650165e-07,7954,,,,,,,,,
26,,,,,,,,,,7954,0.04665270820260048,,,,,,,,
,,,,,,,,,5.253465346534654e-07,7959,,,,,,,,,
26,,,,,,,,,,7959,0.07320962101221085,,,,,,,,
,,,,,,,,,5.256765676567657e-07,7964,,,,,,,,,
26,,,,,,,,,,7964,0.07511331140995026,,,,,,,,
,,,,,,,,,5.260066006600659e-07,7969,,,,,,,,,
26,,,,,,,,,,7969,0.05399937555193901,,,,,,,,
,,,,,,,,,5.263366336633663e-07,7974,,,,,,,,,
26,,,,,,,,,,7974,0.017230793833732605,,,,,,,,
,,,,,,,,,5.266666666666666e-07,7979,,,,,,,,,
26,,,,,,,,,,7979,0.13242238759994507,,,,,,,,
,,,,,,,,,5.269966996699669e-07,7984,,,,,,,,,
26,,,,,,,,,,7984,0.059795133769512177,,,,,,,,
,,,,,,,,,5.273267326732673e-07,7989,,,,,,,,,
26,,,,,,,,,,7989,0.05973806604743004,,,,,,,,
,,,,,,,,,5.276567656765676e-07,7994,,,,,,,,,
26,,,,,,,,,,7994,0.08992712944746017,,,,,,,,
,,,,,,,,,5.27986798679868e-07,7999,,,,,,,,,
26,,,,,,,,,,7999,0.08287494629621506,,,,,,,,
,,,,,,,,,5.283168316831683e-07,8004,,,,,,,,,
26,,,,,,,,,,8004,0.05445369333028793,,,,,,,,
,,,,,,,,,5.286468646864686e-07,8009,,,,,,,,,
26,,,,,,,,,,8009,0.0553797222673893,,,,,,,,
,,,,,,,,,5.28976897689769e-07,8014,,,,,,,,,
26,,,,,,,,,,8014,0.09923019260168076,,,,,,,,
,,,,,,,,,5.293069306930694e-07,8019,,,,,,,,,
26,,,,,,,,,,8019,0.09020449221134186,,,,,,,,
,,,,,,,,,5.296369636963695e-07,8024,,,,,,,,,
26,,,,,,,,,,8024,0.04204432666301727,,,,,,,,
,,,,,,,,,5.299669966996699e-07,8029,,,,,,,,,
26,,,,,,,,,,8029,0.06009289249777794,,,,,,,,
,,,,,,,,,5.302970297029703e-07,8034,,,,,,,,,
26,,,,,,,,,,8034,0.08296654373407364,,,,,,,,
,,,,,,,,,5.306270627062705e-07,8039,,,,,,,,,
26,,,,,,,,,,8039,0.080994613468647,,,,,,,,
,,,,,,,,,5.309570957095709e-07,8044,,,,,,,,,
26,,,,,,,,,,8044,0.07180188596248627,,,,,,,,
,,,,,,,,,5.312871287128713e-07,8049,,,,,,,,,
26,,,,,,,,,,8049,0.04288766160607338,,,,,,,,
,,,,,,,,,5.316171617161716e-07,8054,,,,,,,,,
26,,,,,,,,,,8054,0.09785059094429016,,,,,,,,
,,,,,,,,,5.319471947194719e-07,8059,,,,,,,,,
26,,,,,,,,,,8059,0.12359954416751862,,,,,,,,
,,,,,,,,,5.322772277227723e-07,8064,,,,,,,,,
26,,,,,,,,,,8064,0.070155069231987,,,,,,,,
,,,,,,,,,5.326072607260726e-07,8069,,,,,,,,,
26,,,,,,,,,,8069,0.03776906803250313,,,,,,,,
,,,,,,,,,5.32937293729373e-07,8074,,,,,,,,,
26,,,,,,,,,,8074,0.05550568178296089,,,,,,,,
,,,,,,,,,5.332673267326732e-07,8079,,,,,,,,,
26,,,,,,,,,,8079,0.058052752166986465,,,,,,,,
,,,,,,,,,5.335973597359735e-07,8084,,,,,,,,,
26,,,,,,,,,,8084,0.05796187371015549,,,,,,,,
,,,,,,,,,5.339273927392739e-07,8089,,,,,,,,,
26,,,,,,,,,,8089,0.09051563590765,,,,,,,,
,,,,,,,,,5.342574257425742e-07,8094,,,,,,,,,
26,,,,,,,,,,8094,0.05612224340438843,,,,,,,,
,,,,,,,,,5.345874587458745e-07,8099,,,,,,,,,
26,,,,,,,,,,8099,0.11335843801498413,,,,,,,,
,,,,,,,,,5.349174917491749e-07,8104,,,,,,,,,
26,,,,,,,,,,8104,0.06022708863019943,,,,,,,,
,,,,,,,,,5.352475247524753e-07,8109,,,,,,,,,
26,,,,,,,,,,8109,0.0706004723906517,,,,,,,,
,,,,,,,,,5.355775577557755e-07,8114,,,,,,,,,
26,,,,,,,,,,8114,0.0533415712416172,,,,,,,,
,,,,,,,,,5.359075907590759e-07,8119,,,,,,,,,
26,,,,,,,,,,8119,0.046748142689466476,,,,,,,,
,,,,,,,,,5.362376237623763e-07,8124,,,,,,,,,
26,,,,,,,,,,8124,0.057678110897541046,,,,,,,,
,,,,,,,,,5.365676567656765e-07,8129,,,,,,,,,
26,,,,,,,,,,8129,0.0861845389008522,,,,,,,,
,,,,,,,,,5.368976897689768e-07,8134,,,,,,,,,
26,,,,,,,,,,8134,0.06525523960590363,,,,,,,,
,,,,,,,,,5.372277227722772e-07,8139,,,,,,,,,
26,,,,,,,,,,8139,0.07766427844762802,,,,,,,,
,,,,,,,,,5.375577557755775e-07,8144,,,,,,,,,
26,,,,,,,,,,8144,0.11292064189910889,,,,,,,,
,,,,,,,,,5.378877887788778e-07,8149,,,,,,,,,
26,,,,,,,,,,8149,0.07124874740839005,,,,,,,,
,,,,,,,,,5.382178217821782e-07,8154,,,,,,,,,
26,,,,,,,,,,8154,0.03184807673096657,,,,,,,,
,,,,,,,,,5.385478547854785e-07,8159,,,,,,,,,
26,,,,,,,,,,8159,0.08283422887325287,,,,,,,,
,,,,,,,,,5.388778877887789e-07,8164,,,,,,,,,
26,,,,,,,,,,8164,0.05921577289700508,,,,,,,,
,,,,,,,,,5.392079207920792e-07,8169,,,,,,,,,
26,,,,,,,,,,8169,0.07341166585683823,,,,,,,,
,,,,,,,,,5.395379537953795e-07,8174,,,,,,,,,
26,,,,,,,,,,8174,0.024303508922457695,,,,,,,,
,,,,,,,,,5.398679867986799e-07,8179,,,,,,,,,
26,,,,,,,,,,8179,0.052974797785282135,,,,,,,,
26,,,,,,,,,,8180,,0.6187499761581421,0.7214611768722534,0.08081157505512238,0.08081157505512238,0.21984325349330902,0.6124030947685242,0.8777777552604675,0.23933808505535126
,,,,,,,,,5.401980198019802e-07,8184,,,,,,,,,
27,,,,,,,,,,8184,0.038533274084329605,,,,,,,,
,,,,,,,,,5.405280528052804e-07,8189,,,,,,,,,
27,,,,,,,,,,8189,0.058431535959243774,,,,,,,,
,,,,,,,,,5.408580858085808e-07,8194,,,,,,,,,
27,,,,,,,,,,8194,0.05496711656451225,,,,,,,,
,,,,,,,,,5.411881188118812e-07,8199,,,,,,,,,
27,,,,,,,,,,8199,0.053648460656404495,,,,,,,,
,,,,,,,,,5.415181518151814e-07,8204,,,,,,,,,
27,,,,,,,,,,8204,0.04773140326142311,,,,,,,,
,,,,,,,,,5.418481848184818e-07,8209,,,,,,,,,
27,,,,,,,,,,8209,0.06124906241893768,,,,,,,,
,,,,,,,,,5.421782178217822e-07,8214,,,,,,,,,
27,,,,,,,,,,8214,0.07128101587295532,,,,,,,,
,,,,,,,,,5.425082508250825e-07,8219,,,,,,,,,
27,,,,,,,,,,8219,0.0544537790119648,,,,,,,,
,,,,,,,,,5.428382838283828e-07,8224,,,,,,,,,
27,,,,,,,,,,8224,0.04612912982702255,,,,,,,,
,,,,,,,,,5.431683168316832e-07,8229,,,,,,,,,
27,,,,,,,,,,8229,0.055993564426898956,,,,,,,,
,,,,,,,,,5.434983498349835e-07,8234,,,,,,,,,
27,,,,,,,,,,8234,0.06983370333909988,,,,,,,,
,,,,,,,,,5.438283828382838e-07,8239,,,,,,,,,
27,,,,,,,,,,8239,0.09144005924463272,,,,,,,,
,,,,,,,,,5.441584158415841e-07,8244,,,,,,,,,
27,,,,,,,,,,8244,0.05954281613230705,,,,,,,,
,,,,,,,,,5.444884488448844e-07,8249,,,,,,,,,
27,,,,,,,,,,8249,0.05373825505375862,,,,,,,,
,,,,,,,,,5.448184818481848e-07,8254,,,,,,,,,
27,,,,,,,,,,8254,0.04013746604323387,,,,,,,,
,,,,,,,,,5.451485148514852e-07,8259,,,,,,,,,
27,,,,,,,,,,8259,0.07543869316577911,,,,,,,,
,,,,,,,,,5.454785478547854e-07,8264,,,,,,,,,
27,,,,,,,,,,8264,0.07217315584421158,,,,,,,,
,,,,,,,,,5.458085808580858e-07,8269,,,,,,,,,
27,,,,,,,,,,8269,0.06031849980354309,,,,,,,,
,,,,,,,,,5.461386138613862e-07,8274,,,,,,,,,
27,,,,,,,,,,8274,0.0150446193292737,,,,,,,,
,,,,,,,,,5.464686468646864e-07,8279,,,,,,,,,
27,,,,,,,,,,8279,0.08155584335327148,,,,,,,,
,,,,,,,,,5.467986798679868e-07,8284,,,,,,,,,
27,,,,,,,,,,8284,0.053841132670640945,,,,,,,,
,,,,,,,,,5.471287128712872e-07,8289,,,,,,,,,
27,,,,,,,,,,8289,0.050293873995542526,,,,,,,,
,,,,,,,,,5.474587458745874e-07,8294,,,,,,,,,
27,,,,,,,,,,8294,0.09234964102506638,,,,,,,,
,,,,,,,,,5.477887788778877e-07,8299,,,,,,,,,
27,,,,,,,,,,8299,0.06897151470184326,,,,,,,,
,,,,,,,,,5.481188118811881e-07,8304,,,,,,,,,
27,,,,,,,,,,8304,0.07129837572574615,,,,,,,,
,,,,,,,,,5.484488448844884e-07,8309,,,,,,,,,
27,,,,,,,,,,8309,0.05623171478509903,,,,,,,,
,,,,,,,,,5.487788778877888e-07,8314,,,,,,,,,
27,,,,,,,,,,8314,0.12353751063346863,,,,,,,,
,,,,,,,,,5.491089108910891e-07,8319,,,,,,,,,
27,,,,,,,,,,8319,0.07245772331953049,,,,,,,,
,,,,,,,,,5.494389438943894e-07,8324,,,,,,,,,
27,,,,,,,,,,8324,0.07896673679351807,,,,,,,,
,,,,,,,,,5.497689768976898e-07,8329,,,,,,,,,
27,,,,,,,,,,8329,0.1296301782131195,,,,,,,,
,,,,,,,,,5.500990099009902e-07,8334,,,,,,,,,
27,,,,,,,,,,8334,0.0662158876657486,,,,,,,,
,,,,,,,,,5.504290429042904e-07,8339,,,,,,,,,
27,,,,,,,,,,8339,0.027223823592066765,,,,,,,,
,,,,,,,,,5.507590759075907e-07,8344,,,,,,,,,
27,,,,,,,,,,8344,0.030164914205670357,,,,,,,,
,,,,,,,,,5.510891089108911e-07,8349,,,,,,,,,
27,,,,,,,,,,8349,0.05846701189875603,,,,,,,,
,,,,,,,,,5.514191419141913e-07,8354,,,,,,,,,
27,,,,,,,,,,8354,0.05452422425150871,,,,,,,,
,,,,,,,,,5.517491749174917e-07,8359,,,,,,,,,
27,,,,,,,,,,8359,0.02730722352862358,,,,,,,,
,,,,,,,,,5.520792079207921e-07,8364,,,,,,,,,
27,,,,,,,,,,8364,0.07988686859607697,,,,,,,,
,,,,,,,,,5.524092409240924e-07,8369,,,,,,,,,
27,,,,,,,,,,8369,0.05722303315997124,,,,,,,,
,,,,,,,,,5.527392739273927e-07,8374,,,,,,,,,
27,,,,,,,,,,8374,0.08537068217992783,,,,,,,,
,,,,,,,,,5.530693069306931e-07,8379,,,,,,,,,
27,,,,,,,,,,8379,0.02576136402785778,,,,,,,,
,,,,,,,,,5.533993399339934e-07,8384,,,,,,,,,
27,,,,,,,,,,8384,0.04994964972138405,,,,,,,,
,,,,,,,,,5.537293729372938e-07,8389,,,,,,,,,
27,,,,,,,,,,8389,0.06500091403722763,,,,,,,,
,,,,,,,,,5.540594059405941e-07,8394,,,,,,,,,
27,,,,,,,,,,8394,0.09283626824617386,,,,,,,,
,,,,,,,,,5.543894389438943e-07,8399,,,,,,,,,
27,,,,,,,,,,8399,0.06257123500108719,,,,,,,,
,,,,,,,,,5.547194719471947e-07,8404,,,,,,,,,
27,,,,,,,,,,8404,0.049340929836034775,,,,,,,,
,,,,,,,,,5.55049504950495e-07,8409,,,,,,,,,
27,,,,,,,,,,8409,0.0409671775996685,,,,,,,,
,,,,,,,,,5.553795379537953e-07,8414,,,,,,,,,
27,,,,,,,,,,8414,0.07035587728023529,,,,,,,,
,,,,,,,,,5.557095709570957e-07,8419,,,,,,,,,
27,,,,,,,,,,8419,0.05719728767871857,,,,,,,,
,,,,,,,,,5.560396039603961e-07,8424,,,,,,,,,
27,,,,,,,,,,8424,0.08059047162532806,,,,,,,,
,,,,,,,,,5.563696369636963e-07,8429,,,,,,,,,
27,,,,,,,,,,8429,0.10063629597425461,,,,,,,,
,,,,,,,,,5.566996699669967e-07,8434,,,,,,,,,
27,,,,,,,,,,8434,0.017502766102552414,,,,,,,,
,,,,,,,,,5.570297029702971e-07,8439,,,,,,,,,
27,,,,,,,,,,8439,0.059927258640527725,,,,,,,,
,,,,,,,,,5.573597359735974e-07,8444,,,,,,,,,
27,,,,,,,,,,8444,0.0402749627828598,,,,,,,,
,,,,,,,,,5.576897689768977e-07,8449,,,,,,,,,
27,,,,,,,,,,8449,0.05670540779829025,,,,,,,,
,,,,,,,,,5.58019801980198e-07,8454,,,,,,,,,
27,,,,,,,,,,8454,0.12881053984165192,,,,,,,,
,,,,,,,,,5.583498349834983e-07,8459,,,,,,,,,
27,,,,,,,,,,8459,0.07458467036485672,,,,,,,,
,,,,,,,,,5.586798679867986e-07,8464,,,,,,,,,
27,,,,,,,,,,8464,0.06106611713767052,,,,,,,,
,,,,,,,,,5.59009900990099e-07,8469,,,,,,,,,
27,,,,,,,,,,8469,0.05367735028266907,,,,,,,,
,,,,,,,,,5.593399339933993e-07,8474,,,,,,,,,
27,,,,,,,,,,8474,0.09477540850639343,,,,,,,,
,,,,,,,,,5.596699669966997e-07,8479,,,,,,,,,
27,,,,,,,,,,8479,0.10930846631526947,,,,,,,,
27,,,,,,,,,,8483,,0.637499988079071,0.7289719581604004,0.08009015768766403,0.08009015768766403,0.23841434717178345,0.6290322542190552,0.8666666746139526,0.24227716028690338
,,,,,,,,,5.6e-07,8484,,,,,,,,,
28,,,,,,,,,,8484,0.08823827654123306,,,,,,,,
,,,,,,,,,5.603300330033003e-07,8489,,,,,,,,,
28,,,,,,,,,,8489,0.07929050177335739,,,,,,,,
,,,,,,,,,5.606600660066007e-07,8494,,,,,,,,,
28,,,,,,,,,,8494,0.0801362544298172,,,,,,,,
,,,,,,,,,5.609900990099011e-07,8499,,,,,,,,,
28,,,,,,,,,,8499,0.061010830104351044,,,,,,,,
,,,,,,,,,5.613201320132012e-07,8504,,,,,,,,,
28,,,,,,,,,,8504,0.09075917303562164,,,,,,,,
,,,,,,,,,5.616501650165016e-07,8509,,,,,,,,,
28,,,,,,,,,,8509,0.07002294063568115,,,,,,,,
,,,,,,,,,5.61980198019802e-07,8514,,,,,,,,,
28,,,,,,,,,,8514,0.0663599818944931,,,,,,,,
,,,,,,,,,5.623102310231022e-07,8519,,,,,,,,,
28,,,,,,,,,,8519,0.04606396332383156,,,,,,,,
,,,,,,,,,5.626402640264026e-07,8524,,,,,,,,,
28,,,,,,,,,,8524,0.061407167464494705,,,,,,,,
,,,,,,,,,5.629702970297029e-07,8529,,,,,,,,,
28,,,,,,,,,,8529,0.05882991850376129,,,,,,,,
,,,,,,,,,5.633003300330033e-07,8534,,,,,,,,,
28,,,,,,,,,,8534,0.04858289659023285,,,,,,,,
,,,,,,,,,5.636303630363036e-07,8539,,,,,,,,,
28,,,,,,,,,,8539,0.0861956775188446,,,,,,,,
,,,,,,,,,5.639603960396039e-07,8544,,,,,,,,,
28,,,,,,,,,,8544,0.06023845821619034,,,,,,,,
,,,,,,,,,5.642904290429043e-07,8549,,,,,,,,,
28,,,,,,,,,,8549,0.048691507428884506,,,,,,,,
,,,,,,,,,5.646204620462047e-07,8554,,,,,,,,,
28,,,,,,,,,,8554,0.07962407916784286,,,,,,,,
,,,,,,,,,5.649504950495048e-07,8559,,,,,,,,,
28,,,,,,,,,,8559,0.06997396796941757,,,,,,,,
,,,,,,,,,5.652805280528052e-07,8564,,,,,,,,,
28,,,,,,,,,,8564,0.07348500192165375,,,,,,,,
,,,,,,,,,5.656105610561056e-07,8569,,,,,,,,,
28,,,,,,,,,,8569,0.11870890855789185,,,,,,,,
,,,,,,,,,5.659405940594058e-07,8574,,,,,,,,,
28,,,,,,,,,,8574,0.08297319710254669,,,,,,,,
,,,,,,,,,5.662706270627062e-07,8579,,,,,,,,,
28,,,,,,,,,,8579,0.021244363859295845,,,,,,,,
,,,,,,,,,5.666006600660066e-07,8584,,,,,,,,,
28,,,,,,,,,,8584,0.10493151843547821,,,,,,,,
,,,,,,,,,5.669306930693069e-07,8589,,,,,,,,,
28,,,,,,,,,,8589,0.06386584043502808,,,,,,,,
,,,,,,,,,5.672607260726072e-07,8594,,,,,,,,,
28,,,,,,,,,,8594,0.0747557207942009,,,,,,,,
,,,,,,,,,5.675907590759076e-07,8599,,,,,,,,,
28,,,,,,,,,,8599,0.08763296902179718,,,,,,,,
,,,,,,,,,5.679207920792079e-07,8604,,,,,,,,,
28,,,,,,,,,,8604,0.04489017650485039,,,,,,,,
,,,,,,,,,5.682508250825083e-07,8609,,,,,,,,,
28,,,,,,,,,,8609,0.09024757891893387,,,,,,,,
,,,,,,,,,5.685808580858085e-07,8614,,,,,,,,,
28,,,,,,,,,,8614,0.041523728519678116,,,,,,,,
,,,,,,,,,5.689108910891088e-07,8619,,,,,,,,,
28,,,,,,,,,,8619,0.04921567067503929,,,,,,,,
,,,,,,,,,5.692409240924092e-07,8624,,,,,,,,,
28,,,,,,,,,,8624,0.05172991380095482,,,,,,,,
,,,,,,,,,5.695709570957095e-07,8629,,,,,,,,,
28,,,,,,,,,,8629,0.07031603157520294,,,,,,,,
,,,,,,,,,5.699009900990098e-07,8634,,,,,,,,,
28,,,,,,,,,,8634,0.04709143191576004,,,,,,,,
,,,,,,,,,5.702310231023102e-07,8639,,,,,,,,,
28,,,,,,,,,,8639,0.06109623610973358,,,,,,,,
,,,,,,,,,5.705610561056106e-07,8644,,,,,,,,,
28,,,,,,,,,,8644,0.05474495142698288,,,,,,,,
,,,,,,,,,5.708910891089108e-07,8649,,,,,,,,,
28,,,,,,,,,,8649,0.016730735078454018,,,,,,,,
,,,,,,,,,5.712211221122112e-07,8654,,,,,,,,,
28,,,,,,,,,,8654,0.04634726047515869,,,,,,,,
,,,,,,,,,5.715511551155116e-07,8659,,,,,,,,,
28,,,,,,,,,,8659,0.061270859092473984,,,,,,,,
,,,,,,,,,5.718811881188119e-07,8664,,,,,,,,,
28,,,,,,,,,,8664,0.09830786287784576,,,,,,,,
,,,,,,,,,5.722112211221121e-07,8669,,,,,,,,,
28,,,,,,,,,,8669,0.07302886247634888,,,,,,,,
,,,,,,,,,5.725412541254125e-07,8674,,,,,,,,,
28,,,,,,,,,,8674,0.09431593120098114,,,,,,,,
,,,,,,,,,5.728712871287128e-07,8679,,,,,,,,,
28,,,,,,,,,,8679,0.035335615277290344,,,,,,,,
,,,,,,,,,5.732013201320132e-07,8684,,,,,,,,,
28,,,,,,,,,,8684,0.06213454529643059,,,,,,,,
,,,,,,,,,5.735313531353135e-07,8689,,,,,,,,,
28,,,,,,,,,,8689,0.010782888159155846,,,,,,,,
,,,,,,,,,5.738613861386138e-07,8694,,,,,,,,,
28,,,,,,,,,,8694,0.07425698637962341,,,,,,,,
,,,,,,,,,5.741914191419142e-07,8699,,,,,,,,,
28,,,,,,,,,,8699,0.08495614677667618,,,,,,,,
,,,,,,,,,5.745214521452145e-07,8704,,,,,,,,,
28,,,,,,,,,,8704,0.06978358328342438,,,,,,,,
,,,,,,,,,5.748514851485148e-07,8709,,,,,,,,,
28,,,,,,,,,,8709,0.06200791522860527,,,,,,,,
,,,,,,,,,5.751815181518152e-07,8714,,,,,,,,,
28,,,,,,,,,,8714,0.06890340149402618,,,,,,,,
,,,,,,,,,5.755115511551156e-07,8719,,,,,,,,,
28,,,,,,,,,,8719,0.07865652441978455,,,,,,,,
,,,,,,,,,5.758415841584157e-07,8724,,,,,,,,,
28,,,,,,,,,,8724,0.08110373467206955,,,,,,,,
,,,,,,,,,5.761716171617161e-07,8729,,,,,,,,,
28,,,,,,,,,,8729,0.05612628906965256,,,,,,,,
,,,,,,,,,5.765016501650165e-07,8734,,,,,,,,,
28,,,,,,,,,,8734,0.052437152713537216,,,,,,,,
,,,,,,,,,5.768316831683168e-07,8739,,,,,,,,,
28,,,,,,,,,,8739,0.04424092546105385,,,,,,,,
,,,,,,,,,5.771617161716171e-07,8744,,,,,,,,,
28,,,,,,,,,,8744,0.06796390563249588,,,,,,,,
,,,,,,,,,5.774917491749175e-07,8749,,,,,,,,,
28,,,,,,,,,,8749,0.09768096357584,,,,,,,,
,,,,,,,,,5.778217821782178e-07,8754,,,,,,,,,
28,,,,,,,,,,8754,0.07568328082561493,,,,,,,,
,,,,,,,,,5.781518151815181e-07,8759,,,,,,,,,
28,,,,,,,,,,8759,0.10575833916664124,,,,,,,,
,,,,,,,,,5.784818481848185e-07,8764,,,,,,,,,
28,,,,,,,,,,8764,0.04378445819020271,,,,,,,,
,,,,,,,,,5.788118811881188e-07,8769,,,,,,,,,
28,,,,,,,,,,8769,0.05799379572272301,,,,,,,,
,,,,,,,,,5.791419141914191e-07,8774,,,,,,,,,
28,,,,,,,,,,8774,0.07422688603401184,,,,,,,,
,,,,,,,,,5.794719471947194e-07,8779,,,,,,,,,
28,,,,,,,,,,8779,0.07954486459493637,,,,,,,,
,,,,,,,,,5.798019801980197e-07,8784,,,,,,,,,
28,,,,,,,,,,8784,0.026305891573429108,,,,,,,,
28,,,,,,,,,,8786,,0.6312500238418579,0.7093595862388611,0.07948620617389679,0.07948620617389679,0.2353556603193283,0.6371681690216064,0.800000011920929,0.24136199057102203
,,,,,,,,,5.801320132013201e-07,8789,,,,,,,,,
29,,,,,,,,,,8789,0.037818793207407,,,,,,,,
,,,,,,,,,5.804620462046205e-07,8794,,,,,,,,,
29,,,,,,,,,,8794,0.06086327135562897,,,,,,,,
,,,,,,,,,5.807920792079207e-07,8799,,,,,,,,,
29,,,,,,,,,,8799,0.08509158343076706,,,,,,,,
,,,,,,,,,5.811221122112211e-07,8804,,,,,,,,,
29,,,,,,,,,,8804,0.06967908889055252,,,,,,,,
,,,,,,,,,5.814521452145215e-07,8809,,,,,,,,,
29,,,,,,,,,,8809,0.045558132231235504,,,,,,,,
,,,,,,,,,5.817821782178217e-07,8814,,,,,,,,,
29,,,,,,,,,,8814,0.06758885085582733,,,,,,,,
,,,,,,,,,5.821122112211221e-07,8819,,,,,,,,,
29,,,,,,,,,,8819,0.11219751089811325,,,,,,,,
,,,,,,,,,5.824422442244225e-07,8824,,,,,,,,,
29,,,,,,,,,,8824,0.06389350444078445,,,,,,,,
,,,,,,,,,5.827722772277227e-07,8829,,,,,,,,,
29,,,,,,,,,,8829,0.0439080111682415,,,,,,,,
,,,,,,,,,5.83102310231023e-07,8834,,,,,,,,,
29,,,,,,,,,,8834,0.09537876397371292,,,,,,,,
,,,,,,,,,5.834323432343234e-07,8839,,,,,,,,,
29,,,,,,,,,,8839,0.08559903502464294,,,,,,,,
,,,,,,,,,5.837623762376237e-07,8844,,,,,,,,,
29,,,,,,,,,,8844,0.09034667909145355,,,,,,,,
,,,,,,,,,5.840924092409241e-07,8849,,,,,,,,,
29,,,,,,,,,,8849,0.04263162985444069,,,,,,,,
,,,,,,,,,5.844224422442244e-07,8854,,,,,,,,,
29,,,,,,,,,,8854,0.06682432442903519,,,,,,,,
,,,,,,,,,5.847524752475247e-07,8859,,,,,,,,,
29,,,,,,,,,,8859,0.050882600247859955,,,,,,,,
,,,,,,,,,5.850825082508251e-07,8864,,,,,,,,,
29,,,,,,,,,,8864,0.08715150505304337,,,,,,,,
,,,,,,,,,5.854125412541255e-07,8869,,,,,,,,,
29,,,,,,,,,,8869,0.05726945400238037,,,,,,,,
,,,,,,,,,5.857425742574257e-07,8874,,,,,,,,,
29,,,,,,,,,,8874,0.04507794603705406,,,,,,,,
,,,,,,,,,5.860726072607261e-07,8879,,,,,,,,,
29,,,,,,,,,,8879,0.08090626448392868,,,,,,,,
,,,,,,,,,5.864026402640264e-07,8884,,,,,,,,,
29,,,,,,,,,,8884,0.04775095731019974,,,,,,,,
,,,,,,,,,5.867326732673266e-07,8889,,,,,,,,,
29,,,,,,,,,,8889,0.07211505621671677,,,,,,,,
,,,,,,,,,5.87062706270627e-07,8894,,,,,,,,,
29,,,,,,,,,,8894,0.09932421892881393,,,,,,,,
,,,,,,,,,5.873927392739274e-07,8899,,,,,,,,,
29,,,,,,,,,,8899,0.06866917014122009,,,,,,,,
,,,,,,,,,5.877227722772277e-07,8904,,,,,,,,,
29,,,,,,,,,,8904,0.04083045944571495,,,,,,,,
,,,,,,,,,5.88052805280528e-07,8909,,,,,,,,,
29,,,,,,,,,,8909,0.02548288367688656,,,,,,,,
,,,,,,,,,5.883828382838284e-07,8914,,,,,,,,,
29,,,,,,,,,,8914,0.04178031161427498,,,,,,,,
,,,,,,,,,5.887128712871287e-07,8919,,,,,,,,,
29,,,,,,,,,,8919,0.08605160564184189,,,,,,,,
,,,,,,,,,5.890429042904291e-07,8924,,,,,,,,,
29,,,,,,,,,,8924,0.05873306468129158,,,,,,,,
,,,,,,,,,5.893729372937294e-07,8929,,,,,,,,,
29,,,,,,,,,,8929,0.01761907897889614,,,,,,,,
,,,,,,,,,5.897029702970296e-07,8934,,,,,,,,,
29,,,,,,,,,,8934,0.06836863607168198,,,,,,,,
,,,,,,,,,5.9003300330033e-07,8939,,,,,,,,,
29,,,,,,,,,,8939,0.023934852331876755,,,,,,,,
,,,,,,,,,5.903630363036303e-07,8944,,,,,,,,,
29,,,,,,,,,,8944,0.030576055869460106,,,,,,,,
,,,,,,,,,5.906930693069306e-07,8949,,,,,,,,,
29,,,,,,,,,,8949,0.062470078468322754,,,,,,,,
,,,,,,,,,5.91023102310231e-07,8954,,,,,,,,,
29,,,,,,,,,,8954,0.07459795475006104,,,,,,,,
,,,,,,,,,5.913531353135314e-07,8959,,,,,,,,,
29,,,,,,,,,,8959,0.06003253161907196,,,,,,,,
,,,,,,,,,5.916831683168316e-07,8964,,,,,,,,,
29,,,,,,,,,,8964,0.05681489780545235,,,,,,,,
,,,,,,,,,5.92013201320132e-07,8969,,,,,,,,,
29,,,,,,,,,,8969,0.05311042070388794,,,,,,,,
,,,,,,,,,5.923432343234324e-07,8974,,,,,,,,,
29,,,,,,,,,,8974,0.043156977742910385,,,,,,,,
,,,,,,,,,5.926732673267327e-07,8979,,,,,,,,,
29,,,,,,,,,,8979,0.08703296631574631,,,,,,,,
,,,,,,,,,5.93003300330033e-07,8984,,,,,,,,,
29,,,,,,,,,,8984,0.044321849942207336,,,,,,,,
,,,,,,,,,5.933333333333334e-07,8989,,,,,,,,,
29,,,,,,,,,,8989,0.023216230794787407,,,,,,,,
,,,,,,,,,5.936633663366336e-07,8994,,,,,,,,,
29,,,,,,,,,,8994,0.11016382277011871,,,,,,,,
,,,,,,,,,5.939933993399339e-07,8999,,,,,,,,,
29,,,,,,,,,,8999,0.0683971419930458,,,,,,,,
,,,,,,,,,5.943234323432343e-07,9004,,,,,,,,,
29,,,,,,,,,,9004,0.035630568861961365,,,,,,,,
,,,,,,,,,5.946534653465346e-07,9009,,,,,,,,,
29,,,,,,,,,,9009,0.04170849919319153,,,,,,,,
,,,,,,,,,5.94983498349835e-07,9014,,,,,,,,,
29,,,,,,,,,,9014,0.04924600571393967,,,,,,,,
,,,,,,,,,5.953135313531353e-07,9019,,,,,,,,,
29,,,,,,,,,,9019,0.049782827496528625,,,,,,,,
,,,,,,,,,5.956435643564356e-07,9024,,,,,,,,,
29,,,,,,,,,,9024,0.0489170104265213,,,,,,,,
,,,,,,,,,5.95973597359736e-07,9029,,,,,,,,,
29,,,,,,,,,,9029,0.05373591557145119,,,,,,,,
,,,,,,,,,5.963036303630364e-07,9034,,,,,,,,,
29,,,,,,,,,,9034,0.05838756263256073,,,,,,,,
,,,,,,,,,5.966336633663366e-07,9039,,,,,,,,,
29,,,,,,,,,,9039,0.07821790128946304,,,,,,,,
,,,,,,,,,5.969636963696369e-07,9044,,,,,,,,,
29,,,,,,,,,,9044,0.08921706676483154,,,,,,,,
,,,,,,,,,5.972937293729373e-07,9049,,,,,,,,,
29,,,,,,,,,,9049,0.08340069651603699,,,,,,,,
,,,,,,,,,5.976237623762375e-07,9054,,,,,,,,,
29,,,,,,,,,,9054,0.07843296229839325,,,,,,,,
,,,,,,,,,5.979537953795379e-07,9059,,,,,,,,,
29,,,,,,,,,,9059,0.06776214390993118,,,,,,,,
,,,,,,,,,5.982838283828383e-07,9064,,,,,,,,,
29,,,,,,,,,,9064,0.0879698172211647,,,,,,,,
,,,,,,,,,5.986138613861386e-07,9069,,,,,,,,,
29,,,,,,,,,,9069,0.05831792205572128,,,,,,,,
,,,,,,,,,5.989438943894389e-07,9074,,,,,,,,,
29,,,,,,,,,,9074,0.06767955422401428,,,,,,,,
,,,,,,,,,5.992739273927393e-07,9079,,,,,,,,,
29,,,,,,,,,,9079,0.0576920248568058,,,,,,,,
,,,,,,,,,5.996039603960396e-07,9084,,,,,,,,,
29,,,,,,,,,,9084,0.06010211631655693,,,,,,,,
,,,,,,,,,5.9993399339934e-07,9089,,,,,,,,,
29,,,,,,,,,,9089,0.0538153201341629,,,,,,,,
29,,,,,,,,,,9089,,0.625,0.7115384340286255,0.08082315325737,0.08082315325737,0.2393408566713333,0.6271186470985413,0.8222222328186035,0.25965651869773865
,,,,,,,,,6.002640264026403e-07,9094,,,,,,,,,
30,,,,,,,,,,9094,0.0624091811478138,,,,,,,,
,,,,,,,,,6.005940594059405e-07,9099,,,,,,,,,
30,,,,,,,,,,9099,0.024160446599125862,,,,,,,,
,,,,,,,,,6.009240924092409e-07,9104,,,,,,,,,
30,,,,,,,,,,9104,0.05923852697014809,,,,,,,,
,,,,,,,,,6.012541254125413e-07,9109,,,,,,,,,
30,,,,,,,,,,9109,0.0793565958738327,,,,,,,,
,,,,,,,,,6.015841584158415e-07,9114,,,,,,,,,
30,,,,,,,,,,9114,0.08861193060874939,,,,,,,,
,,,,,,,,,6.019141914191419e-07,9119,,,,,,,,,
30,,,,,,,,,,9119,0.02975168265402317,,,,,,,,
,,,,,,,,,6.022442244224423e-07,9124,,,,,,,,,
30,,,,,,,,,,9124,0.04019445180892944,,,,,,,,
,,,,,,,,,6.025742574257425e-07,9129,,,,,,,,,
30,,,,,,,,,,9129,0.06028561666607857,,,,,,,,
,,,,,,,,,6.029042904290429e-07,9134,,,,,,,,,
30,,,,,,,,,,9134,0.06464773416519165,,,,,,,,
,,,,,,,,,6.032343234323433e-07,9139,,,,,,,,,
30,,,,,,,,,,9139,0.042606256902217865,,,,,,,,
,,,,,,,,,6.035643564356436e-07,9144,,,,,,,,,
30,,,,,,,,,,9144,0.05462320148944855,,,,,,,,
,,,,,,,,,6.038943894389439e-07,9149,,,,,,,,,
30,,,,,,,,,,9149,0.046742361038923264,,,,,,,,
,,,,,,,,,6.042244224422441e-07,9154,,,,,,,,,
30,,,,,,,,,,9154,0.03738423436880112,,,,,,,,
,,,,,,,,,6.045544554455445e-07,9159,,,,,,,,,
30,,,,,,,,,,9159,0.0710105150938034,,,,,,,,
,,,,,,,,,6.048844884488449e-07,9164,,,,,,,,,
30,,,,,,,,,,9164,0.08605341613292694,,,,,,,,
,,,,,,,,,6.052145214521451e-07,9169,,,,,,,,,
30,,,,,,,,,,9169,0.07101618498563766,,,,,,,,
,,,,,,,,,6.055445544554455e-07,9174,,,,,,,,,
30,,,,,,,,,,9174,0.058029841631650925,,,,,,,,
,,,,,,,,,6.058745874587459e-07,9179,,,,,,,,,
30,,,,,,,,,,9179,0.03878125175833702,,,,,,,,
,,,,,,,,,6.062046204620461e-07,9184,,,,,,,,,
30,,,,,,,,,,9184,0.033203866332769394,,,,,,,,
,,,,,,,,,6.065346534653465e-07,9189,,,,,,,,,
30,,,,,,,,,,9189,0.04572096839547157,,,,,,,,
,,,,,,,,,6.068646864686469e-07,9194,,,,,,,,,
30,,,,,,,,,,9194,0.08126652240753174,,,,,,,,
,,,,,,,,,6.071947194719472e-07,9199,,,,,,,,,
30,,,,,,,,,,9199,0.05841663479804993,,,,,,,,
,,,,,,,,,6.075247524752474e-07,9204,,,,,,,,,
30,,,,,,,,,,9204,0.055105358362197876,,,,,,,,
,,,,,,,,,6.078547854785478e-07,9209,,,,,,,,,
30,,,,,,,,,,9209,0.046361975371837616,,,,,,,,
,,,,,,,,,6.081848184818481e-07,9214,,,,,,,,,
30,,,,,,,,,,9214,0.04157904163002968,,,,,,,,
,,,,,,,,,6.085148514851485e-07,9219,,,,,,,,,
30,,,,,,,,,,9219,0.06030154228210449,,,,,,,,
,,,,,,,,,6.088448844884488e-07,9224,,,,,,,,,
30,,,,,,,,,,9224,0.07091712951660156,,,,,,,,
,,,,,,,,,6.091749174917491e-07,9229,,,,,,,,,
30,,,,,,,,,,9229,0.09017881751060486,,,,,,,,
,,,,,,,,,6.095049504950495e-07,9234,,,,,,,,,
30,,,,,,,,,,9234,0.047080155462026596,,,,,,,,
,,,,,,,,,6.098349834983498e-07,9239,,,,,,,,,
30,,,,,,,,,,9239,0.04985102638602257,,,,,,,,
,,,,,,,,,6.101650165016501e-07,9244,,,,,,,,,
30,,,,,,,,,,9244,0.04625212401151657,,,,,,,,
,,,,,,,,,6.104950495049505e-07,9249,,,,,,,,,
30,,,,,,,,,,9249,0.051402486860752106,,,,,,,,
,,,,,,,,,6.108250825082509e-07,9254,,,,,,,,,
30,,,,,,,,,,9254,0.02668788656592369,,,,,,,,
,,,,,,,,,6.11155115511551e-07,9259,,,,,,,,,
30,,,,,,,,,,9259,0.04700653254985809,,,,,,,,
,,,,,,,,,6.114851485148514e-07,9264,,,,,,,,,
30,,,,,,,,,,9264,0.04391434043645859,,,,,,,,
,,,,,,,,,6.118151815181518e-07,9269,,,,,,,,,
30,,,,,,,,,,9269,0.05489606410264969,,,,,,,,
,,,,,,,,,6.12145214521452e-07,9274,,,,,,,,,
30,,,,,,,,,,9274,0.046450838446617126,,,,,,,,
,,,,,,,,,6.124752475247524e-07,9279,,,,,,,,,
30,,,,,,,,,,9279,0.07468286901712418,,,,,,,,
,,,,,,,,,6.128052805280528e-07,9284,,,,,,,,,
30,,,,,,,,,,9284,0.032345809042453766,,,,,,,,
,,,,,,,,,6.131353135313531e-07,9289,,,,,,,,,
30,,,,,,,,,,9289,0.03781646862626076,,,,,,,,
,,,,,,,,,6.134653465346534e-07,9294,,,,,,,,,
30,,,,,,,,,,9294,0.03667855262756348,,,,,,,,
,,,,,,,,,6.137953795379538e-07,9299,,,,,,,,,
30,,,,,,,,,,9299,0.027531256899237633,,,,,,,,
,,,,,,,,,6.141254125412541e-07,9304,,,,,,,,,
30,,,,,,,,,,9304,0.026010245084762573,,,,,,,,
,,,,,,,,,6.144554455445545e-07,9309,,,,,,,,,
30,,,,,,,,,,9309,0.07219841331243515,,,,,,,,
,,,,,,,,,6.147854785478547e-07,9314,,,,,,,,,
30,,,,,,,,,,9314,0.07399675250053406,,,,,,,,
,,,,,,,,,6.15115511551155e-07,9319,,,,,,,,,
30,,,,,,,,,,9319,0.05961592495441437,,,,,,,,
,,,,,,,,,6.154455445544554e-07,9324,,,,,,,,,
30,,,,,,,,,,9324,0.06916917860507965,,,,,,,,
,,,,,,,,,6.157755775577558e-07,9329,,,,,,,,,
30,,,,,,,,,,9329,0.04921639710664749,,,,,,,,
,,,,,,,,,6.16105610561056e-07,9334,,,,,,,,,
30,,,,,,,,,,9334,0.05462224781513214,,,,,,,,
,,,,,,,,,6.164356435643564e-07,9339,,,,,,,,,
30,,,,,,,,,,9339,0.08914981782436371,,,,,,,,
,,,,,,,,,6.167656765676568e-07,9344,,,,,,,,,
30,,,,,,,,,,9344,0.0556291900575161,,,,,,,,
,,,,,,,,,6.17095709570957e-07,9349,,,,,,,,,
30,,,,,,,,,,9349,0.058401212096214294,,,,,,,,
,,,,,,,,,6.174257425742574e-07,9354,,,,,,,,,
30,,,,,,,,,,9354,0.043622199445962906,,,,,,,,
,,,,,,,,,6.177557755775578e-07,9359,,,,,,,,,
30,,,,,,,,,,9359,0.08781332522630692,,,,,,,,
,,,,,,,,,6.18085808580858e-07,9364,,,,,,,,,
30,,,,,,,,,,9364,0.03848717734217644,,,,,,,,
,,,,,,,,,6.184158415841583e-07,9369,,,,,,,,,
30,,,,,,,,,,9369,0.07625656574964523,,,,,,,,
,,,,,,,,,6.187458745874587e-07,9374,,,,,,,,,
30,,,,,,,,,,9374,0.0764436274766922,,,,,,,,
,,,,,,,,,6.19075907590759e-07,9379,,,,,,,,,
30,,,,,,,,,,9379,0.03777593746781349,,,,,,,,
,,,,,,,,,6.194059405940594e-07,9384,,,,,,,,,
30,,,,,,,,,,9384,0.07025287300348282,,,,,,,,
,,,,,,,,,6.197359735973597e-07,9389,,,,,,,,,
30,,,,,,,,,,9389,0.082767553627491,,,,,,,,
30,,,,,,,,,,9392,,0.643750011920929,0.7219512462615967,0.0797610804438591,0.0797610804438591,0.2689245939254761,0.643478274345398,0.8222222328186035,0.2708594799041748
,,,,,,,,,6.2006600660066e-07,9394,,,,,,,,,
31,,,,,,,,,,9394,0.06776796281337738,,,,,,,,
,,,,,,,,,6.203960396039604e-07,9399,,,,,,,,,
31,,,,,,,,,,9399,0.03923574835062027,,,,,,,,
,,,,,,,,,6.207260726072608e-07,9404,,,,,,,,,
31,,,,,,,,,,9404,0.042157385498285294,,,,,,,,
,,,,,,,,,6.21056105610561e-07,9409,,,,,,,,,
31,,,,,,,,,,9409,0.06367798894643784,,,,,,,,
,,,,,,,,,6.213861386138614e-07,9414,,,,,,,,,
31,,,,,,,,,,9414,0.050974536687135696,,,,,,,,
,,,,,,,,,6.217161716171617e-07,9419,,,,,,,,,
31,,,,,,,,,,9419,0.06045931205153465,,,,,,,,
,,,,,,,,,6.220462046204619e-07,9424,,,,,,,,,
31,,,,,,,,,,9424,0.03518976643681526,,,,,,,,
,,,,,,,,,6.223762376237623e-07,9429,,,,,,,,,
31,,,,,,,,,,9429,0.08602821826934814,,,,,,,,
,,,,,,,,,6.227062706270627e-07,9434,,,,,,,,,
31,,,,,,,,,,9434,0.02357613667845726,,,,,,,,
,,,,,,,,,6.23036303630363e-07,9439,,,,,,,,,
31,,,,,,,,,,9439,0.040843211114406586,,,,,,,,
,,,,,,,,,6.233663366336633e-07,9444,,,,,,,,,
31,,,,,,,,,,9444,0.040122807025909424,,,,,,,,
,,,,,,,,,6.236963696369637e-07,9449,,,,,,,,,
31,,,,,,,,,,9449,0.06279865652322769,,,,,,,,
,,,,,,,,,6.24026402640264e-07,9454,,,,,,,,,
31,,,,,,,,,,9454,0.07595041394233704,,,,,,,,
,,,,,,,,,6.243564356435644e-07,9459,,,,,,,,,
31,,,,,,,,,,9459,0.06374680250883102,,,,,,,,
,,,,,,,,,6.246864686468647e-07,9464,,,,,,,,,
31,,,,,,,,,,9464,0.039230331778526306,,,,,,,,
,,,,,,,,,6.25016501650165e-07,9469,,,,,,,,,
31,,,,,,,,,,9469,0.04830311983823776,,,,,,,,
,,,,,,,,,6.253465346534653e-07,9474,,,,,,,,,
31,,,,,,,,,,9474,0.04950766637921333,,,,,,,,
,,,,,,,,,6.256765676567656e-07,9479,,,,,,,,,
31,,,,,,,,,,9479,0.07158908247947693,,,,,,,,
,,,,,,,,,6.260066006600659e-07,9484,,,,,,,,,
31,,,,,,,,,,9484,0.03721565380692482,,,,,,,,
,,,,,,,,,6.263366336633663e-07,9489,,,,,,,,,
31,,,,,,,,,,9489,0.057605430483818054,,,,,,,,
,,,,,,,,,6.266666666666667e-07,9494,,,,,,,,,
31,,,,,,,,,,9494,0.03832753375172615,,,,,,,,
,,,,,,,,,6.269966996699669e-07,9499,,,,,,,,,
31,,,,,,,,,,9499,0.025905009359121323,,,,,,,,
,,,,,,,,,6.273267326732673e-07,9504,,,,,,,,,
31,,,,,,,,,,9504,0.08632220327854156,,,,,,,,
,,,,,,,,,6.276567656765677e-07,9509,,,,,,,,,
31,,,,,,,,,,9509,0.0645364448428154,,,,,,,,
,,,,,,,,,6.27986798679868e-07,9514,,,,,,,,,
31,,,,,,,,,,9514,0.02883307822048664,,,,,,,,
,,,,,,,,,6.283168316831683e-07,9519,,,,,,,,,
31,,,,,,,,,,9519,0.09070925414562225,,,,,,,,
,,,,,,,,,6.286468646864687e-07,9524,,,,,,,,,
31,,,,,,,,,,9524,0.038729168474674225,,,,,,,,
,,,,,,,,,6.289768976897689e-07,9529,,,,,,,,,
31,,,,,,,,,,9529,0.05336378887295723,,,,,,,,
,,,,,,,,,6.293069306930692e-07,9534,,,,,,,,,
31,,,,,,,,,,9534,0.04491113871335983,,,,,,,,
,,,,,,,,,6.296369636963696e-07,9539,,,,,,,,,
31,,,,,,,,,,9539,0.033730313181877136,,,,,,,,
,,,,,,,,,6.299669966996699e-07,9544,,,,,,,,,
31,,,,,,,,,,9544,0.03276227042078972,,,,,,,,
,,,,,,,,,6.302970297029703e-07,9549,,,,,,,,,
31,,,,,,,,,,9549,0.08261536806821823,,,,,,,,
,,,,,,,,,6.306270627062706e-07,9554,,,,,,,,,
31,,,,,,,,,,9554,0.014638105407357216,,,,,,,,
,,,,,,,,,6.309570957095709e-07,9559,,,,,,,,,
31,,,,,,,,,,9559,0.02004976011812687,,,,,,,,
,,,,,,,,,6.312871287128713e-07,9564,,,,,,,,,
31,,,,,,,,,,9564,0.10882361978292465,,,,,,,,
,,,,,,,,,6.316171617161717e-07,9569,,,,,,,,,
31,,,,,,,,,,9569,0.08109361678361893,,,,,,,,
,,,,,,,,,6.319471947194719e-07,9574,,,,,,,,,
31,,,,,,,,,,9574,0.09963253140449524,,,,,,,,
,,,,,,,,,6.322772277227723e-07,9579,,,,,,,,,
31,,,,,,,,,,9579,0.07411135733127594,,,,,,,,
,,,,,,,,,6.326072607260726e-07,9584,,,,,,,,,
31,,,,,,,,,,9584,0.05140766128897667,,,,,,,,
,,,,,,,,,6.329372937293728e-07,9589,,,,,,,,,
31,,,,,,,,,,9589,0.050814125686883926,,,,,,,,
,,,,,,,,,6.332673267326732e-07,9594,,,,,,,,,
31,,,,,,,,,,9594,0.047290436923503876,,,,,,,,
,,,,,,,,,6.335973597359736e-07,9599,,,,,,,,,
31,,,,,,,,,,9599,0.06145920604467392,,,,,,,,
,,,,,,,,,6.339273927392739e-07,9604,,,,,,,,,
31,,,,,,,,,,9604,0.10735626518726349,,,,,,,,
,,,,,,,,,6.342574257425742e-07,9609,,,,,,,,,
31,,,,,,,,,,9609,0.03139166906476021,,,,,,,,
,,,,,,,,,6.345874587458746e-07,9614,,,,,,,,,
31,,,,,,,,,,9614,0.06466902792453766,,,,,,,,
,,,,,,,,,6.349174917491749e-07,9619,,,,,,,,,
31,,,,,,,,,,9619,0.04411592707037926,,,,,,,,
,,,,,,,,,6.352475247524753e-07,9624,,,,,,,,,
31,,,,,,,,,,9624,0.056881651282310486,,,,,,,,
,,,,,,,,,6.355775577557756e-07,9629,,,,,,,,,
31,,,,,,,,,,9629,0.07328074425458908,,,,,,,,
,,,,,,,,,6.359075907590758e-07,9634,,,,,,,,,
31,,,,,,,,,,9634,0.07999393343925476,,,,,,,,
,,,,,,,,,6.362376237623762e-07,9639,,,,,,,,,
31,,,,,,,,,,9639,0.0313703790307045,,,,,,,,
,,,,,,,,,6.365676567656766e-07,9644,,,,,,,,,
31,,,,,,,,,,9644,0.07113678753376007,,,,,,,,
,,,,,,,,,6.368976897689768e-07,9649,,,,,,,,,
31,,,,,,,,,,9649,0.052833441644907,,,,,,,,
,,,,,,,,,6.372277227722772e-07,9654,,,,,,,,,
31,,,,,,,,,,9654,0.03929034247994423,,,,,,,,
,,,,,,,,,6.375577557755776e-07,9659,,,,,,,,,
31,,,,,,,,,,9659,0.04020629823207855,,,,,,,,
,,,,,,,,,6.378877887788778e-07,9664,,,,,,,,,
31,,,,,,,,,,9664,0.047543641179800034,,,,,,,,
,,,,,,,,,6.382178217821782e-07,9669,,,,,,,,,
31,,,,,,,,,,9669,0.07408303767442703,,,,,,,,
,,,,,,,,,6.385478547854786e-07,9674,,,,,,,,,
31,,,,,,,,,,9674,0.028933541849255562,,,,,,,,
,,,,,,,,,6.388778877887789e-07,9679,,,,,,,,,
31,,,,,,,,,,9679,0.034644462168216705,,,,,,,,
,,,,,,,,,6.392079207920792e-07,9684,,,,,,,,,
31,,,,,,,,,,9684,0.066988006234169,,,,,,,,
,,,,,,,,,6.395379537953795e-07,9689,,,,,,,,,
31,,,,,,,,,,9689,0.05305184796452522,,,,,,,,
,,,,,,,,,6.398679867986798e-07,9694,,,,,,,,,
31,,,,,,,,,,9694,0.040666114538908005,,,,,,,,
31,,,,,,,,,,9695,,0.643750011920929,0.7015706896781921,0.07982044667005539,0.07982044667005539,0.2509528398513794,0.6633663177490234,0.7444444298744202,0.2506251335144043
,,,,,,,,,6.401980198019802e-07,9699,,,,,,,,,
32,,,,,,,,,,9699,0.03973662480711937,,,,,,,,
,,,,,,,,,6.405280528052805e-07,9704,,,,,,,,,
32,,,,,,,,,,9704,0.06228215619921684,,,,,,,,
,,,,,,,,,6.408580858085808e-07,9709,,,,,,,,,
32,,,,,,,,,,9709,0.03827327489852905,,,,,,,,
,,,,,,,,,6.411881188118812e-07,9714,,,,,,,,,
32,,,,,,,,,,9714,0.07364973425865173,,,,,,,,
,,,,,,,,,6.415181518151815e-07,9719,,,,,,,,,
32,,,,,,,,,,9719,0.05217946320772171,,,,,,,,
,,,,,,,,,6.418481848184818e-07,9724,,,,,,,,,
32,,,,,,,,,,9724,0.04081147909164429,,,,,,,,
,,,,,,,,,6.421782178217822e-07,9729,,,,,,,,,
32,,,,,,,,,,9729,0.051918186247348785,,,,,,,,
,,,,,,,,,6.425082508250826e-07,9734,,,,,,,,,
32,,,,,,,,,,9734,0.06302470713853836,,,,,,,,
,,,,,,,,,6.428382838283828e-07,9739,,,,,,,,,
32,,,,,,,,,,9739,0.02041950263082981,,,,,,,,
,,,,,,,,,6.431683168316831e-07,9744,,,,,,,,,
32,,,,,,,,,,9744,0.06593777984380722,,,,,,,,
,,,,,,,,,6.434983498349835e-07,9749,,,,,,,,,
32,,,,,,,,,,9749,0.01463274285197258,,,,,,,,
,,,,,,,,,6.438283828382838e-07,9754,,,,,,,,,
32,,,,,,,,,,9754,0.049657486379146576,,,,,,,,
,,,,,,,,,6.441584158415841e-07,9759,,,,,,,,,
32,,,,,,,,,,9759,0.01752495765686035,,,,,,,,
,,,,,,,,,6.444884488448845e-07,9764,,,,,,,,,
32,,,,,,,,,,9764,0.0542374886572361,,,,,,,,
,,,,,,,,,6.448184818481848e-07,9769,,,,,,,,,
32,,,,,,,,,,9769,0.09517884999513626,,,,,,,,
,,,,,,,,,6.451485148514852e-07,9774,,,,,,,,,
32,,,,,,,,,,9774,0.05651984363794327,,,,,,,,
,,,,,,,,,6.454785478547855e-07,9779,,,,,,,,,
32,,,,,,,,,,9779,0.06306169182062149,,,,,,,,
,,,,,,,,,6.458085808580858e-07,9784,,,,,,,,,
32,,,,,,,,,,9784,0.03450017049908638,,,,,,,,
,,,,,,,,,6.461386138613862e-07,9789,,,,,,,,,
32,,,,,,,,,,9789,0.030145840719342232,,,,,,,,
,,,,,,,,,6.464686468646863e-07,9794,,,,,,,,,
32,,,,,,,,,,9794,0.03233781084418297,,,,,,,,
,,,,,,,,,6.467986798679867e-07,9799,,,,,,,,,
32,,,,,,,,,,9799,0.025180598720908165,,,,,,,,
,,,,,,,,,6.471287128712871e-07,9804,,,,,,,,,
32,,,,,,,,,,9804,0.03684523329138756,,,,,,,,
,,,,,,,,,6.474587458745874e-07,9809,,,,,,,,,
32,,,,,,,,,,9809,0.08451201766729355,,,,,,,,
,,,,,,,,,6.477887788778877e-07,9814,,,,,,,,,
32,,,,,,,,,,9814,0.062003348022699356,,,,,,,,
,,,,,,,,,6.481188118811881e-07,9819,,,,,,,,,
32,,,,,,,,,,9819,0.0211956687271595,,,,,,,,
,,,,,,,,,6.484488448844884e-07,9824,,,,,,,,,
32,,,,,,,,,,9824,0.05009967461228371,,,,,,,,
,,,,,,,,,6.487788778877888e-07,9829,,,,,,,,,
32,,,,,,,,,,9829,0.064239501953125,,,,,,,,
,,,,,,,,,6.491089108910891e-07,9834,,,,,,,,,
32,,,,,,,,,,9834,0.03098904900252819,,,,,,,,
,,,,,,,,,6.494389438943894e-07,9839,,,,,,,,,
32,,,,,,,,,,9839,0.034825894981622696,,,,,,,,
,,,,,,,,,6.497689768976898e-07,9844,,,,,,,,,
32,,,,,,,,,,9844,0.040079765021800995,,,,,,,,
,,,,,,,,,6.5009900990099e-07,9849,,,,,,,,,
32,,,,,,,,,,9849,0.037527237087488174,,,,,,,,
,,,,,,,,,6.504290429042903e-07,9854,,,,,,,,,
32,,,,,,,,,,9854,0.09759898483753204,,,,,,,,
,,,,,,,,,6.507590759075907e-07,9859,,,,,,,,,
32,,,,,,,,,,9859,0.0779915526509285,,,,,,,,
,,,,,,,,,6.510891089108911e-07,9864,,,,,,,,,
32,,,,,,,,,,9864,0.08369851857423782,,,,,,,,
,,,,,,,,,6.514191419141913e-07,9869,,,,,,,,,
32,,,,,,,,,,9869,0.10713215172290802,,,,,,,,
,,,,,,,,,6.517491749174917e-07,9874,,,,,,,,,
32,,,,,,,,,,9874,0.05927718058228493,,,,,,,,
,,,,,,,,,6.520792079207921e-07,9879,,,,,,,,,
32,,,,,,,,,,9879,0.056104566901922226,,,,,,,,
,,,,,,,,,6.524092409240924e-07,9884,,,,,,,,,
32,,,,,,,,,,9884,0.06046077236533165,,,,,,,,
,,,,,,,,,6.527392739273927e-07,9889,,,,,,,,,
32,,,,,,,,,,9889,0.06780341267585754,,,,,,,,
,,,,,,,,,6.530693069306931e-07,9894,,,,,,,,,
32,,,,,,,,,,9894,0.048123352229595184,,,,,,,,
,,,,,,,,,6.533993399339934e-07,9899,,,,,,,,,
32,,,,,,,,,,9899,0.034396372735500336,,,,,,,,
,,,,,,,,,6.537293729372936e-07,9904,,,,,,,,,
32,,,,,,,,,,9904,0.03229080140590668,,,,,,,,
,,,,,,,,,6.54059405940594e-07,9909,,,,,,,,,
32,,,,,,,,,,9909,0.02317122370004654,,,,,,,,
,,,,,,,,,6.543894389438943e-07,9914,,,,,,,,,
32,,,,,,,,,,9914,0.1135791763663292,,,,,,,,
,,,,,,,,,6.547194719471947e-07,9919,,,,,,,,,
32,,,,,,,,,,9919,0.014830157160758972,,,,,,,,
,,,,,,,,,6.55049504950495e-07,9924,,,,,,,,,
32,,,,,,,,,,9924,0.06790022552013397,,,,,,,,
,,,,,,,,,6.553795379537953e-07,9929,,,,,,,,,
32,,,,,,,,,,9929,0.06482107192277908,,,,,,,,
,,,,,,,,,6.557095709570957e-07,9934,,,,,,,,,
32,,,,,,,,,,9934,0.0711856558918953,,,,,,,,
,,,,,,,,,6.560396039603961e-07,9939,,,,,,,,,
32,,,,,,,,,,9939,0.03228489309549332,,,,,,,,
,,,,,,,,,6.563696369636963e-07,9944,,,,,,,,,
32,,,,,,,,,,9944,0.03056410513818264,,,,,,,,
,,,,,,,,,6.566996699669967e-07,9949,,,,,,,,,
32,,,,,,,,,,9949,0.03233944997191429,,,,,,,,
,,,,,,,,,6.570297029702971e-07,9954,,,,,,,,,
32,,,,,,,,,,9954,0.06914065033197403,,,,,,,,
,,,,,,,,,6.573597359735972e-07,9959,,,,,,,,,
32,,,,,,,,,,9959,0.09209456294775009,,,,,,,,
,,,,,,,,,6.576897689768976e-07,9964,,,,,,,,,
32,,,,,,,,,,9964,0.07248062640428543,,,,,,,,
,,,,,,,,,6.58019801980198e-07,9969,,,,,,,,,
32,,,,,,,,,,9969,0.026758354157209396,,,,,,,,
,,,,,,,,,6.583498349834983e-07,9974,,,,,,,,,
32,,,,,,,,,,9974,0.045002084225416183,,,,,,,,
,,,,,,,,,6.586798679867986e-07,9979,,,,,,,,,
32,,,,,,,,,,9979,0.04276074841618538,,,,,,,,
,,,,,,,,,6.59009900990099e-07,9984,,,,,,,,,
32,,,,,,,,,,9984,0.02048150636255741,,,,,,,,
,,,,,,,,,6.593399339933993e-07,9989,,,,,,,,,
32,,,,,,,,,,9989,0.06702915579080582,,,,,,,,
,,,,,,,,,6.596699669966997e-07,9994,,,,,,,,,
32,,,,,,,,,,9994,0.07726461440324783,,,,,,,,
32,,,,,,,,,,9998,,0.625,0.6969696879386902,0.08141480386257172,0.08141480386257172,0.2642468512058258,0.6388888955116272,0.7666666507720947,0.2632291913032532
,,,,,,,,,6.6e-07,9999,,,,,,,,,
33,,,,,,,,,,9999,0.07291528582572937,,,,,,,,
,,,,,,,,,6.603300330033003e-07,10004,,,,,,,,,
33,,,,,,,,,,10004,0.04063285142183304,,,,,,,,
,,,,,,,,,6.606600660066006e-07,10009,,,,,,,,,
33,,,,,,,,,,10009,0.026483429595828056,,,,,,,,
,,,,,,,,,6.60990099009901e-07,10014,,,,,,,,,
33,,,,,,,,,,10014,0.026280295103788376,,,,,,,,
,,,,,,,,,6.613201320132012e-07,10019,,,,,,,,,
33,,,,,,,,,,10019,0.07099928706884384,,,,,,,,
,,,,,,,,,6.616501650165016e-07,10024,,,,,,,,,
33,,,,,,,,,,10024,0.04626613110303879,,,,,,,,
,,,,,,,,,6.61980198019802e-07,10029,,,,,,,,,
33,,,,,,,,,,10029,0.094022735953331,,,,,,,,
,,,,,,,,,6.623102310231022e-07,10034,,,,,,,,,
33,,,,,,,,,,10034,0.11289335042238235,,,,,,,,
,,,,,,,,,6.626402640264026e-07,10039,,,,,,,,,
33,,,,,,,,,,10039,0.05259035900235176,,,,,,,,
,,,,,,,,,6.62970297029703e-07,10044,,,,,,,,,
33,,,,,,,,,,10044,0.04209144786000252,,,,,,,,
,,,,,,,,,6.633003300330033e-07,10049,,,,,,,,,
33,,,,,,,,,,10049,0.05164606124162674,,,,,,,,
,,,,,,,,,6.636303630363036e-07,10054,,,,,,,,,
33,,,,,,,,,,10054,0.04073907807469368,,,,,,,,
,,,,,,,,,6.63960396039604e-07,10059,,,,,,,,,
33,,,,,,,,,,10059,0.027419276535511017,,,,,,,,
,,,,,,,,,6.642904290429042e-07,10064,,,,,,,,,
33,,,,,,,,,,10064,0.04108419641852379,,,,,,,,
,,,,,,,,,6.646204620462045e-07,10069,,,,,,,,,
33,,,,,,,,,,10069,0.03292743116617203,,,,,,,,
,,,,,,,,,6.649504950495049e-07,10074,,,,,,,,,
33,,,,,,,,,,10074,0.04827247932553291,,,,,,,,
,,,,,,,,,6.652805280528052e-07,10079,,,,,,,,,
33,,,,,,,,,,10079,0.03590567037463188,,,,,,,,
,,,,,,,,,6.656105610561056e-07,10084,,,,,,,,,
33,,,,,,,,,,10084,0.08338623493909836,,,,,,,,
,,,,,,,,,6.659405940594059e-07,10089,,,,,,,,,
33,,,,,,,,,,10089,0.05742437765002251,,,,,,,,
,,,,,,,,,6.662706270627062e-07,10094,,,,,,,,,
33,,,,,,,,,,10094,0.03778604418039322,,,,,,,,
,,,,,,,,,6.666006600660066e-07,10099,,,,,,,,,
33,,,,,,,,,,10099,0.007971903309226036,,,,,,,,
,,,,,,,,,6.66930693069307e-07,10104,,,,,,,,,
33,,,,,,,,,,10104,0.03585924953222275,,,,,,,,
,,,,,,,,,6.672607260726072e-07,10109,,,,,,,,,
33,,,,,,,,,,10109,0.0274282768368721,,,,,,,,
,,,,,,,,,6.675907590759076e-07,10114,,,,,,,,,
33,,,,,,,,,,10114,0.02784087508916855,,,,,,,,
,,,,,,,,,6.679207920792079e-07,10119,,,,,,,,,
33,,,,,,,,,,10119,0.08319985866546631,,,,,,,,
,,,,,,,,,6.682508250825081e-07,10124,,,,,,,,,
33,,,,,,,,,,10124,0.1053178459405899,,,,,,,,
,,,,,,,,,6.685808580858085e-07,10129,,,,,,,,,
33,,,,,,,,,,10129,0.09188118577003479,,,,,,,,
,,,,,,,,,6.689108910891089e-07,10134,,,,,,,,,
33,,,,,,,,,,10134,0.06307022273540497,,,,,,,,
,,,,,,,,,6.692409240924092e-07,10139,,,,,,,,,
33,,,,,,,,,,10139,0.06298714876174927,,,,,,,,
,,,,,,,,,6.695709570957095e-07,10144,,,,,,,,,
33,,,,,,,,,,10144,0.03353891894221306,,,,,,,,
,,,,,,,,,6.699009900990099e-07,10149,,,,,,,,,
33,,,,,,,,,,10149,0.02074817754328251,,,,,,,,
,,,,,,,,,6.702310231023102e-07,10154,,,,,,,,,
33,,,,,,,,,,10154,0.08913462609052658,,,,,,,,
,,,,,,,,,6.705610561056106e-07,10159,,,,,,,,,
33,,,,,,,,,,10159,0.05360279977321625,,,,,,,,
,,,,,,,,,6.708910891089109e-07,10164,,,,,,,,,
33,,,,,,,,,,10164,0.05847978964447975,,,,,,,,
,,,,,,,,,6.712211221122112e-07,10169,,,,,,,,,
33,,,,,,,,,,10169,0.057483166456222534,,,,,,,,
,,,,,,,,,6.715511551155115e-07,10174,,,,,,,,,
33,,,,,,,,,,10174,0.03494882211089134,,,,,,,,
,,,,,,,,,6.718811881188119e-07,10179,,,,,,,,,
33,,,,,,,,,,10179,0.03837894648313522,,,,,,,,
,,,,,,,,,6.722112211221121e-07,10184,,,,,,,,,
33,,,,,,,,,,10184,0.038617972284555435,,,,,,,,
,,,,,,,,,6.725412541254125e-07,10189,,,,,,,,,
33,,,,,,,,,,10189,0.03966815024614334,,,,,,,,
,,,,,,,,,6.728712871287129e-07,10194,,,,,,,,,
33,,,,,,,,,,10194,0.05373729020357132,,,,,,,,
,,,,,,,,,6.732013201320131e-07,10199,,,,,,,,,
33,,,,,,,,,,10199,0.024016639217734337,,,,,,,,
,,,,,,,,,6.735313531353135e-07,10204,,,,,,,,,
33,,,,,,,,,,10204,0.08877764642238617,,,,,,,,
,,,,,,,,,6.738613861386139e-07,10209,,,,,,,,,
33,,,,,,,,,,10209,0.0520147979259491,,,,,,,,
,,,,,,,,,6.741914191419142e-07,10214,,,,,,,,,
33,,,,,,,,,,10214,0.04137837514281273,,,,,,,,
,,,,,,,,,6.745214521452145e-07,10219,,,,,,,,,
33,,,,,,,,,,10219,0.056446000933647156,,,,,,,,
,,,,,,,,,6.748514851485149e-07,10224,,,,,,,,,
33,,,,,,,,,,10224,0.027287231758236885,,,,,,,,
,,,,,,,,,6.751815181518151e-07,10229,,,,,,,,,
33,,,,,,,,,,10229,0.06627868860960007,,,,,,,,
,,,,,,,,,6.755115511551155e-07,10234,,,,,,,,,
33,,,,,,,,,,10234,0.04767359048128128,,,,,,,,
,,,,,,,,,6.758415841584158e-07,10239,,,,,,,,,
33,,,,,,,,,,10239,0.03715592995285988,,,,,,,,
,,,,,,,,,6.761716171617161e-07,10244,,,,,,,,,
33,,,,,,,,,,10244,0.06085033714771271,,,,,,,,
,,,,,,,,,6.765016501650165e-07,10249,,,,,,,,,
33,,,,,,,,,,10249,0.08637150377035141,,,,,,,,
,,,,,,,,,6.768316831683169e-07,10254,,,,,,,,,
33,,,,,,,,,,10254,0.024702193215489388,,,,,,,,
,,,,,,,,,6.771617161716171e-07,10259,,,,,,,,,
33,,,,,,,,,,10259,0.04670386761426926,,,,,,,,
,,,,,,,,,6.774917491749175e-07,10264,,,,,,,,,
33,,,,,,,,,,10264,0.06461894512176514,,,,,,,,
,,,,,,,,,6.778217821782179e-07,10269,,,,,,,,,
33,,,,,,,,,,10269,0.07773064076900482,,,,,,,,
,,,,,,,,,6.781518151815181e-07,10274,,,,,,,,,
33,,,,,,,,,,10274,0.06143821403384209,,,,,,,,
,,,,,,,,,6.784818481848184e-07,10279,,,,,,,,,
33,,,,,,,,,,10279,0.05569269880652428,,,,,,,,
,,,,,,,,,6.788118811881188e-07,10284,,,,,,,,,
33,,,,,,,,,,10284,0.05933866649866104,,,,,,,,
,,,,,,,,,6.791419141914191e-07,10289,,,,,,,,,
33,,,,,,,,,,10289,0.025659000501036644,,,,,,,,
,,,,,,,,,6.794719471947194e-07,10294,,,,,,,,,
33,,,,,,,,,,10294,0.08967172354459763,,,,,,,,
,,,,,,,,,6.798019801980198e-07,10299,,,,,,,,,
33,,,,,,,,,,10299,0.08809744566679001,,,,,,,,
33,,,,,,,,,,10301,,0.637499988079071,0.7010309100151062,0.08093469589948654,0.08093469589948654,0.2767988443374634,0.6538461446762085,0.7555555701255798,0.27909502387046814
,,,,,,,,,6.801320132013201e-07,10304,,,,,,,,,
34,,,,,,,,,,10304,0.05348869413137436,,,,,,,,
,,,,,,,,,6.804620462046205e-07,10309,,,,,,,,,
34,,,,,,,,,,10309,0.05105692893266678,,,,,,,,
,,,,,,,,,6.807920792079208e-07,10314,,,,,,,,,
34,,,,,,,,,,10314,0.04878494516015053,,,,,,,,
,,,,,,,,,6.811221122112211e-07,10319,,,,,,,,,
34,,,,,,,,,,10319,0.033453769981861115,,,,,,,,
,,,,,,,,,6.814521452145215e-07,10324,,,,,,,,,
34,,,,,,,,,,10324,0.06415057927370071,,,,,,,,
,,,,,,,,,6.817821782178218e-07,10329,,,,,,,,,
34,,,,,,,,,,10329,0.0710861086845398,,,,,,,,
,,,,,,,,,6.82112211221122e-07,10334,,,,,,,,,
34,,,,,,,,,,10334,0.054174747318029404,,,,,,,,
,,,,,,,,,6.824422442244224e-07,10339,,,,,,,,,
34,,,,,,,,,,10339,0.08286107331514359,,,,,,,,
,,,,,,,,,6.827722772277228e-07,10344,,,,,,,,,
34,,,,,,,,,,10344,0.04728278890252113,,,,,,,,
,,,,,,,,,6.83102310231023e-07,10349,,,,,,,,,
34,,,,,,,,,,10349,0.017275886610150337,,,,,,,,
,,,,,,,,,6.834323432343234e-07,10354,,,,,,,,,
34,,,,,,,,,,10354,0.09477686136960983,,,,,,,,
,,,,,,,,,6.837623762376238e-07,10359,,,,,,,,,
34,,,,,,,,,,10359,0.07297593355178833,,,,,,,,
,,,,,,,,,6.840924092409241e-07,10364,,,,,,,,,
34,,,,,,,,,,10364,0.028951438143849373,,,,,,,,
,,,,,,,,,6.844224422442244e-07,10369,,,,,,,,,
34,,,,,,,,,,10369,0.05626877769827843,,,,,,,,
,,,,,,,,,6.847524752475248e-07,10374,,,,,,,,,
34,,,,,,,,,,10374,0.023415440693497658,,,,,,,,
,,,,,,,,,6.850825082508251e-07,10379,,,,,,,,,
34,,,,,,,,,,10379,0.10854281485080719,,,,,,,,
,,,,,,,,,6.854125412541254e-07,10384,,,,,,,,,
34,,,,,,,,,,10384,0.06676751375198364,,,,,,,,
,,,,,,,,,6.857425742574257e-07,10389,,,,,,,,,
34,,,,,,,,,,10389,0.09314122796058655,,,,,,,,
,,,,,,,,,6.86072607260726e-07,10394,,,,,,,,,
34,,,,,,,,,,10394,0.05113309249281883,,,,,,,,
,,,,,,,,,6.864026402640264e-07,10399,,,,,,,,,
34,,,,,,,,,,10399,0.044620197266340256,,,,,,,,
,,,,,,,,,6.867326732673267e-07,10404,,,,,,,,,
34,,,,,,,,,,10404,0.034229375422000885,,,,,,,,
,,,,,,,,,6.87062706270627e-07,10409,,,,,,,,,
34,,,,,,,,,,10409,0.03798734024167061,,,,,,,,
,,,,,,,,,6.873927392739274e-07,10414,,,,,,,,,
34,,,,,,,,,,10414,0.044226959347724915,,,,,,,,
,,,,,,,,,6.877227722772277e-07,10419,,,,,,,,,
34,,,,,,,,,,10419,0.023340895771980286,,,,,,,,
,,,,,,,,,6.88052805280528e-07,10424,,,,,,,,,
34,,,,,,,,,,10424,0.08775607496500015,,,,,,,,
,,,,,,,,,6.883828382838284e-07,10429,,,,,,,,,
34,,,,,,,,,,10429,0.015347079373896122,,,,,,,,
,,,,,,,,,6.887128712871287e-07,10434,,,,,,,,,
34,,,,,,,,,,10434,0.037142492830753326,,,,,,,,
,,,,,,,,,6.890429042904289e-07,10439,,,,,,,,,
34,,,,,,,,,,10439,0.04381188377737999,,,,,,,,
,,,,,,,,,6.893729372937293e-07,10444,,,,,,,,,
34,,,,,,,,,,10444,0.046979475766420364,,,,,,,,
,,,,,,,,,6.897029702970296e-07,10449,,,,,,,,,
34,,,,,,,,,,10449,0.03481686860322952,,,,,,,,
,,,,,,,,,6.9003300330033e-07,10454,,,,,,,,,
34,,,,,,,,,,10454,0.050466787070035934,,,,,,,,
,,,,,,,,,6.903630363036303e-07,10459,,,,,,,,,
34,,,,,,,,,,10459,0.06298205256462097,,,,,,,,
,,,,,,,,,6.906930693069306e-07,10464,,,,,,,,,
34,,,,,,,,,,10464,0.03725189343094826,,,,,,,,
,,,,,,,,,6.91023102310231e-07,10469,,,,,,,,,
34,,,,,,,,,,10469,0.04498207941651344,,,,,,,,
,,,,,,,,,6.913531353135314e-07,10474,,,,,,,,,
34,,,,,,,,,,10474,0.05209854245185852,,,,,,,,
,,,,,,,,,6.916831683168316e-07,10479,,,,,,,,,
34,,,,,,,,,,10479,0.036960668861866,,,,,,,,
,,,,,,,,,6.92013201320132e-07,10484,,,,,,,,,
34,,,,,,,,,,10484,0.05804847180843353,,,,,,,,
,,,,,,,,,6.923432343234324e-07,10489,,,,,,,,,
34,,,,,,,,,,10489,0.0533066987991333,,,,,,,,
,,,,,,,,,6.926732673267325e-07,10494,,,,,,,,,
34,,,,,,,,,,10494,0.04424285516142845,,,,,,,,
,,,,,,,,,6.930033003300329e-07,10499,,,,,,,,,
34,,,,,,,,,,10499,0.04778474196791649,,,,,,,,
,,,,,,,,,6.933333333333333e-07,10504,,,,,,,,,
34,,,,,,,,,,10504,0.03366181626915932,,,,,,,,
,,,,,,,,,6.936633663366336e-07,10509,,,,,,,,,
34,,,,,,,,,,10509,0.04435814544558525,,,,,,,,
,,,,,,,,,6.939933993399339e-07,10514,,,,,,,,,
34,,,,,,,,,,10514,0.03421779349446297,,,,,,,,
,,,,,,,,,6.943234323432343e-07,10519,,,,,,,,,
34,,,,,,,,,,10519,0.07392006367444992,,,,,,,,
,,,,,,,,,6.946534653465346e-07,10524,,,,,,,,,
34,,,,,,,,,,10524,0.030168049037456512,,,,,,,,
,,,,,,,,,6.94983498349835e-07,10529,,,,,,,,,
34,,,,,,,,,,10529,0.026988225057721138,,,,,,,,
,,,,,,,,,6.953135313531353e-07,10534,,,,,,,,,
34,,,,,,,,,,10534,0.032009001821279526,,,,,,,,
,,,,,,,,,6.956435643564356e-07,10539,,,,,,,,,
34,,,,,,,,,,10539,0.07467101514339447,,,,,,,,
,,,,,,,,,6.95973597359736e-07,10544,,,,,,,,,
34,,,,,,,,,,10544,0.01985945738852024,,,,,,,,
,,,,,,,,,6.963036303630363e-07,10549,,,,,,,,,
34,,,,,,,,,,10549,0.04975274205207825,,,,,,,,
,,,,,,,,,6.966336633663365e-07,10554,,,,,,,,,
34,,,,,,,,,,10554,0.02606526017189026,,,,,,,,
,,,,,,,,,6.969636963696369e-07,10559,,,,,,,,,
34,,,,,,,,,,10559,0.04214896261692047,,,,,,,,
,,,,,,,,,6.972937293729373e-07,10564,,,,,,,,,
34,,,,,,,,,,10564,0.023520369082689285,,,,,,,,
,,,,,,,,,6.976237623762375e-07,10569,,,,,,,,,
34,,,,,,,,,,10569,0.019417600706219673,,,,,,,,
,,,,,,,,,6.979537953795379e-07,10574,,,,,,,,,
34,,,,,,,,,,10574,0.056589525192976,,,,,,,,
,,,,,,,,,6.982838283828383e-07,10579,,,,,,,,,
34,,,,,,,,,,10579,0.0710638165473938,,,,,,,,
,,,,,,,,,6.986138613861386e-07,10584,,,,,,,,,
34,,,,,,,,,,10584,0.03953225538134575,,,,,,,,
,,,,,,,,,6.989438943894389e-07,10589,,,,,,,,,
34,,,,,,,,,,10589,0.07103323936462402,,,,,,,,
,,,,,,,,,6.992739273927393e-07,10594,,,,,,,,,
34,,,,,,,,,,10594,0.08275993913412094,,,,,,,,
,,,,,,,,,6.996039603960395e-07,10599,,,,,,,,,
34,,,,,,,,,,10599,0.12371606379747391,,,,,,,,
,,,,,,,,,6.999339933993399e-07,10604,,,,,,,,,
34,,,,,,,,,,10604,0.07121457904577255,,,,,,,,
34,,,,,,,,,,10604,,0.6625000238418579,0.7352941036224365,0.08240701258182526,0.08240701258182526,0.3061430752277374,0.6578947305679321,0.8333333134651184,0.32149189710617065
,,,,,,,,,7.002640264026402e-07,10609,,,,,,,,,
35,,,,,,,,,,10609,0.02728729508817196,,,,,,,,
,,,,,,,,,7.005940594059405e-07,10614,,,,,,,,,
35,,,,,,,,,,10614,0.03636952489614487,,,,,,,,
,,,,,,,,,7.009240924092409e-07,10619,,,,,,,,,
35,,,,,,,,,,10619,0.03239459544420242,,,,,,,,
,,,,,,,,,7.012541254125412e-07,10624,,,,,,,,,
35,,,,,,,,,,10624,0.05572446435689926,,,,,,,,
,,,,,,,,,7.015841584158415e-07,10629,,,,,,,,,
35,,,,,,,,,,10629,0.04704718664288521,,,,,,,,
,,,,,,,,,7.019141914191419e-07,10634,,,,,,,,,
35,,,,,,,,,,10634,0.05711238086223602,,,,,,,,
,,,,,,,,,7.022442244224423e-07,10639,,,,,,,,,
35,,,,,,,,,,10639,0.06503088027238846,,,,,,,,
,,,,,,,,,7.025742574257425e-07,10644,,,,,,,,,
35,,,,,,,,,,10644,0.036487236618995667,,,,,,,,
,,,,,,,,,7.029042904290429e-07,10649,,,,,,,,,
35,,,,,,,,,,10649,0.05566088855266571,,,,,,,,
,,,,,,,,,7.032343234323433e-07,10654,,,,,,,,,
35,,,,,,,,,,10654,0.031741026788949966,,,,,,,,
,,,,,,,,,7.035643564356435e-07,10659,,,,,,,,,
35,,,,,,,,,,10659,0.08886970579624176,,,,,,,,
,,,,,,,,,7.038943894389438e-07,10664,,,,,,,,,
35,,,,,,,,,,10664,0.06127871945500374,,,,,,,,
,,,,,,,,,7.042244224422442e-07,10669,,,,,,,,,
35,,,,,,,,,,10669,0.0377265028655529,,,,,,,,
,,,,,,,,,7.045544554455445e-07,10674,,,,,,,,,
35,,,,,,,,,,10674,0.06553635001182556,,,,,,,,
,,,,,,,,,7.048844884488448e-07,10679,,,,,,,,,
35,,,,,,,,,,10679,0.031191954389214516,,,,,,,,
,,,,,,,,,7.052145214521452e-07,10684,,,,,,,,,
35,,,,,,,,,,10684,0.06951061636209488,,,,,,,,
,,,,,,,,,7.055445544554455e-07,10689,,,,,,,,,
35,,,,,,,,,,10689,0.027131525799632072,,,,,,,,
,,,,,,,,,7.058745874587459e-07,10694,,,,,,,,,
35,,,,,,,,,,10694,0.03873850032687187,,,,,,,,
,,,,,,,,,7.062046204620462e-07,10699,,,,,,,,,
35,,,,,,,,,,10699,0.045352209359407425,,,,,,,,
,,,,,,,,,7.065346534653465e-07,10704,,,,,,,,,
35,,,,,,,,,,10704,0.024105966091156006,,,,,,,,
,,,,,,,,,7.068646864686468e-07,10709,,,,,,,,,
35,,,,,,,,,,10709,0.08067051321268082,,,,,,,,
,,,,,,,,,7.071947194719472e-07,10714,,,,,,,,,
35,,,,,,,,,,10714,0.05123622342944145,,,,,,,,
,,,,,,,,,7.075247524752474e-07,10719,,,,,,,,,
35,,,,,,,,,,10719,0.06556675583124161,,,,,,,,
,,,,,,,,,7.078547854785478e-07,10724,,,,,,,,,
35,,,,,,,,,,10724,0.05660848319530487,,,,,,,,
,,,,,,,,,7.081848184818482e-07,10729,,,,,,,,,
35,,,,,,,,,,10729,0.04524020850658417,,,,,,,,
,,,,,,,,,7.085148514851484e-07,10734,,,,,,,,,
35,,,,,,,,,,10734,0.020340297371149063,,,,,,,,
,,,,,,,,,7.088448844884488e-07,10739,,,,,,,,,
35,,,,,,,,,,10739,0.0775422528386116,,,,,,,,
,,,,,,,,,7.091749174917492e-07,10744,,,,,,,,,
35,,,,,,,,,,10744,0.029361046850681305,,,,,,,,
,,,,,,,,,7.095049504950495e-07,10749,,,,,,,,,
35,,,,,,,,,,10749,0.06543216854333878,,,,,,,,
,,,,,,,,,7.098349834983498e-07,10754,,,,,,,,,
35,,,,,,,,,,10754,0.03950248286128044,,,,,,,,
,,,,,,,,,7.101650165016502e-07,10759,,,,,,,,,
35,,,,,,,,,,10759,0.03120373748242855,,,,,,,,
,,,,,,,,,7.104950495049504e-07,10764,,,,,,,,,
35,,,,,,,,,,10764,0.06444445997476578,,,,,,,,
,,,,,,,,,7.108250825082508e-07,10769,,,,,,,,,
35,,,,,,,,,,10769,0.05001189559698105,,,,,,,,
,,,,,,,,,7.111551155115511e-07,10774,,,,,,,,,
35,,,,,,,,,,10774,0.042249664664268494,,,,,,,,
,,,,,,,,,7.114851485148514e-07,10779,,,,,,,,,
35,,,,,,,,,,10779,0.02823392115533352,,,,,,,,
,,,,,,,,,7.118151815181518e-07,10784,,,,,,,,,
35,,,,,,,,,,10784,0.10250157117843628,,,,,,,,
,,,,,,,,,7.121452145214522e-07,10789,,,,,,,,,
35,,,,,,,,,,10789,0.07510020583868027,,,,,,,,
,,,,,,,,,7.124752475247524e-07,10794,,,,,,,,,
35,,,,,,,,,,10794,0.041125863790512085,,,,,,,,
,,,,,,,,,7.128052805280528e-07,10799,,,,,,,,,
35,,,,,,,,,,10799,0.03487718105316162,,,,,,,,
,,,,,,,,,7.131353135313532e-07,10804,,,,,,,,,
35,,,,,,,,,,10804,0.02612980268895626,,,,,,,,
,,,,,,,,,7.134653465346534e-07,10809,,,,,,,,,
35,,,,,,,,,,10809,0.027229469269514084,,,,,,,,
,,,,,,,,,7.137953795379538e-07,10814,,,,,,,,,
35,,,,,,,,,,10814,0.044190578162670135,,,,,,,,
,,,,,,,,,7.141254125412541e-07,10819,,,,,,,,,
35,,,,,,,,,,10819,0.0660565122961998,,,,,,,,
,,,,,,,,,7.144554455445544e-07,10824,,,,,,,,,
35,,,,,,,,,,10824,0.05933080241084099,,,,,,,,
,,,,,,,,,7.147854785478547e-07,10829,,,,,,,,,
35,,,,,,,,,,10829,0.06602945923805237,,,,,,,,
,,,,,,,,,7.151155115511551e-07,10834,,,,,,,,,
35,,,,,,,,,,10834,0.01733044907450676,,,,,,,,
,,,,,,,,,7.154455445544554e-07,10839,,,,,,,,,
35,,,,,,,,,,10839,0.015931623056530952,,,,,,,,
,,,,,,,,,7.157755775577558e-07,10844,,,,,,,,,
35,,,,,,,,,,10844,0.037019968032836914,,,,,,,,
,,,,,,,,,7.161056105610561e-07,10849,,,,,,,,,
35,,,,,,,,,,10849,0.012928538024425507,,,,,,,,
,,,,,,,,,7.164356435643564e-07,10854,,,,,,,,,
35,,,,,,,,,,10854,0.058315664529800415,,,,,,,,
,,,,,,,,,7.167656765676568e-07,10859,,,,,,,,,
35,,,,,,,,,,10859,0.056233469396829605,,,,,,,,
,,,,,,,,,7.170957095709572e-07,10864,,,,,,,,,
35,,,,,,,,,,10864,0.053940873593091965,,,,,,,,
,,,,,,,,,7.174257425742573e-07,10869,,,,,,,,,
35,,,,,,,,,,10869,0.01312536746263504,,,,,,,,
,,,,,,,,,7.177557755775577e-07,10874,,,,,,,,,
35,,,,,,,,,,10874,0.0634300485253334,,,,,,,,
,,,,,,,,,7.180858085808581e-07,10879,,,,,,,,,
35,,,,,,,,,,10879,0.04903097823262215,,,,,,,,
,,,,,,,,,7.184158415841583e-07,10884,,,,,,,,,
35,,,,,,,,,,10884,0.042029235512018204,,,,,,,,
,,,,,,,,,7.187458745874587e-07,10889,,,,,,,,,
35,,,,,,,,,,10889,0.06511552631855011,,,,,,,,
,,,,,,,,,7.190759075907591e-07,10894,,,,,,,,,
35,,,,,,,,,,10894,0.07865447551012039,,,,,,,,
,,,,,,,,,7.194059405940594e-07,10899,,,,,,,,,
35,,,,,,,,,,10899,0.010562092997133732,,,,,,,,
,,,,,,,,,7.197359735973597e-07,10904,,,,,,,,,
35,,,,,,,,,,10904,0.04783177748322487,,,,,,,,
35,,,,,,,,,,10907,,0.637499988079071,0.7010309100151062,0.0832052007317543,0.0832052007317543,0.2884862720966339,0.6538461446762085,0.7555555701255798,0.29267439246177673
,,,,,,,,,7.200660066006601e-07,10909,,,,,,,,,
36,,,,,,,,,,10909,0.03558237478137016,,,,,,,,
,,,,,,,,,7.203960396039604e-07,10914,,,,,,,,,
36,,,,,,,,,,10914,0.02211214415729046,,,,,,,,
,,,,,,,,,7.207260726072608e-07,10919,,,,,,,,,
36,,,,,,,,,,10919,0.04445089027285576,,,,,,,,
,,,,,,,,,7.21056105610561e-07,10924,,,,,,,,,
36,,,,,,,,,,10924,0.04304923489689827,,,,,,,,
,,,,,,,,,7.213861386138613e-07,10929,,,,,,,,,
36,,,,,,,,,,10929,0.03545220196247101,,,,,,,,
,,,,,,,,,7.217161716171617e-07,10934,,,,,,,,,
36,,,,,,,,,,10934,0.042415205389261246,,,,,,,,
,,,,,,,,,7.22046204620462e-07,10939,,,,,,,,,
36,,,,,,,,,,10939,0.061615895479917526,,,,,,,,
,,,,,,,,,7.223762376237623e-07,10944,,,,,,,,,
36,,,,,,,,,,10944,0.1006617620587349,,,,,,,,
,,,,,,,,,7.227062706270627e-07,10949,,,,,,,,,
36,,,,,,,,,,10949,0.029891641810536385,,,,,,,,
,,,,,,,,,7.230363036303631e-07,10954,,,,,,,,,
36,,,,,,,,,,10954,0.011783271096646786,,,,,,,,
,,,,,,,,,7.233663366336633e-07,10959,,,,,,,,,
36,,,,,,,,,,10959,0.08087392151355743,,,,,,,,
,,,,,,,,,7.236963696369637e-07,10964,,,,,,,,,
36,,,,,,,,,,10964,0.030657263472676277,,,,,,,,
,,,,,,,,,7.240264026402641e-07,10969,,,,,,,,,
36,,,,,,,,,,10969,0.01892703026533127,,,,,,,,
,,,,,,,,,7.243564356435644e-07,10974,,,,,,,,,
36,,,,,,,,,,10974,0.050165314227342606,,,,,,,,
,,,,,,,,,7.246864686468646e-07,10979,,,,,,,,,
36,,,,,,,,,,10979,0.037199608981609344,,,,,,,,
,,,,,,,,,7.25016501650165e-07,10984,,,,,,,,,
36,,,,,,,,,,10984,0.06382188200950623,,,,,,,,
,,,,,,,,,7.253465346534653e-07,10989,,,,,,,,,
36,,,,,,,,,,10989,0.050700604915618896,,,,,,,,
,,,,,,,,,7.256765676567656e-07,10994,,,,,,,,,
36,,,,,,,,,,10994,0.029520144686102867,,,,,,,,
,,,,,,,,,7.26006600660066e-07,10999,,,,,,,,,
36,,,,,,,,,,10999,0.06136547401547432,,,,,,,,
,,,,,,,,,7.263366336633663e-07,11004,,,,,,,,,
36,,,,,,,,,,11004,0.025583544746041298,,,,,,,,
,,,,,,,,,7.266666666666667e-07,11009,,,,,,,,,
36,,,,,,,,,,11009,0.029187573119997978,,,,,,,,
,,,,,,,,,7.26996699669967e-07,11014,,,,,,,,,
36,,,,,,,,,,11014,0.03731705620884895,,,,,,,,
,,,,,,,,,7.273267326732673e-07,11019,,,,,,,,,
36,,,,,,,,,,11019,0.03614252060651779,,,,,,,,
,,,,,,,,,7.276567656765677e-07,11024,,,,,,,,,
36,,,,,,,,,,11024,0.0665651336312294,,,,,,,,
,,,,,,,,,7.279867986798681e-07,11029,,,,,,,,,
36,,,,,,,,,,11029,0.04617173597216606,,,,,,,,
,,,,,,,,,7.283168316831682e-07,11034,,,,,,,,,
36,,,,,,,,,,11034,0.04736161231994629,,,,,,,,
,,,,,,,,,7.286468646864686e-07,11039,,,,,,,,,
36,,,,,,,,,,11039,0.04216751083731651,,,,,,,,
,,,,,,,,,7.28976897689769e-07,11044,,,,,,,,,
36,,,,,,,,,,11044,0.03310994803905487,,,,,,,,
,,,,,,,,,7.293069306930692e-07,11049,,,,,,,,,
36,,,,,,,,,,11049,0.03434981033205986,,,,,,,,
,,,,,,,,,7.296369636963696e-07,11054,,,,,,,,,
36,,,,,,,,,,11054,0.019199980422854424,,,,,,,,
,,,,,,,,,7.299669966996699e-07,11059,,,,,,,,,
36,,,,,,,,,,11059,0.03620877489447594,,,,,,,,
,,,,,,,,,7.302970297029703e-07,11064,,,,,,,,,
36,,,,,,,,,,11064,0.08550217747688293,,,,,,,,
,,,,,,,,,7.306270627062706e-07,11069,,,,,,,,,
36,,,,,,,,,,11069,0.053842827677726746,,,,,,,,
,,,,,,,,,7.309570957095709e-07,11074,,,,,,,,,
36,,,,,,,,,,11074,0.05770961940288544,,,,,,,,
,,,,,,,,,7.312871287128713e-07,11079,,,,,,,,,
36,,,,,,,,,,11079,0.0401872880756855,,,,,,,,
,,,,,,,,,7.316171617161716e-07,11084,,,,,,,,,
36,,,,,,,,,,11084,0.06455643475055695,,,,,,,,
,,,,,,,,,7.319471947194718e-07,11089,,,,,,,,,
36,,,,,,,,,,11089,0.05600336194038391,,,,,,,,
,,,,,,,,,7.322772277227722e-07,11094,,,,,,,,,
36,,,,,,,,,,11094,0.02075648494064808,,,,,,,,
,,,,,,,,,7.326072607260726e-07,11099,,,,,,,,,
36,,,,,,,,,,11099,0.03422169387340546,,,,,,,,
,,,,,,,,,7.329372937293728e-07,11104,,,,,,,,,
36,,,,,,,,,,11104,0.05053930729627609,,,,,,,,
,,,,,,,,,7.332673267326732e-07,11109,,,,,,,,,
36,,,,,,,,,,11109,0.04718217998743057,,,,,,,,
,,,,,,,,,7.335973597359736e-07,11114,,,,,,,,,
36,,,,,,,,,,11114,0.019375000149011612,,,,,,,,
,,,,,,,,,7.339273927392739e-07,11119,,,,,,,,,
36,,,,,,,,,,11119,0.05840052291750908,,,,,,,,
,,,,,,,,,7.342574257425742e-07,11124,,,,,,,,,
36,,,,,,,,,,11124,0.07741785049438477,,,,,,,,
,,,,,,,,,7.345874587458746e-07,11129,,,,,,,,,
36,,,,,,,,,,11129,0.02636597864329815,,,,,,,,
,,,,,,,,,7.349174917491749e-07,11134,,,,,,,,,
36,,,,,,,,,,11134,0.038909412920475006,,,,,,,,
,,,,,,,,,7.352475247524752e-07,11139,,,,,,,,,
36,,,,,,,,,,11139,0.025102071464061737,,,,,,,,
,,,,,,,,,7.355775577557755e-07,11144,,,,,,,,,
36,,,,,,,,,,11144,0.011504722759127617,,,,,,,,
,,,,,,,,,7.359075907590758e-07,11149,,,,,,,,,
36,,,,,,,,,,11149,0.012033551000058651,,,,,,,,
,,,,,,,,,7.362376237623762e-07,11154,,,,,,,,,
36,,,,,,,,,,11154,0.06487192213535309,,,,,,,,
,,,,,,,,,7.365676567656765e-07,11159,,,,,,,,,
36,,,,,,,,,,11159,0.019694237038493156,,,,,,,,
,,,,,,,,,7.368976897689768e-07,11164,,,,,,,,,
36,,,,,,,,,,11164,0.07306323945522308,,,,,,,,
,,,,,,,,,7.372277227722772e-07,11169,,,,,,,,,
36,,,,,,,,,,11169,0.02662217803299427,,,,,,,,
,,,,,,,,,7.375577557755776e-07,11174,,,,,,,,,
36,,,,,,,,,,11174,0.028842829167842865,,,,,,,,
,,,,,,,,,7.378877887788778e-07,11179,,,,,,,,,
36,,,,,,,,,,11179,0.03168970346450806,,,,,,,,
,,,,,,,,,7.382178217821782e-07,11184,,,,,,,,,
36,,,,,,,,,,11184,0.054081231355667114,,,,,,,,
,,,,,,,,,7.385478547854786e-07,11189,,,,,,,,,
36,,,,,,,,,,11189,0.05600598081946373,,,,,,,,
,,,,,,,,,7.388778877887788e-07,11194,,,,,,,,,
36,,,,,,,,,,11194,0.047953084111213684,,,,,,,,
,,,,,,,,,7.392079207920791e-07,11199,,,,,,,,,
36,,,,,,,,,,11199,0.054712601006031036,,,,,,,,
,,,,,,,,,7.395379537953795e-07,11204,,,,,,,,,
36,,,,,,,,,,11204,0.028426354750990868,,,,,,,,
,,,,,,,,,7.398679867986798e-07,11209,,,,,,,,,
36,,,,,,,,,,11209,0.0720234364271164,,,,,,,,
36,,,,,,,,,,11210,,0.6499999761581421,0.7083333134651184,0.08442690223455429,0.08442690223455429,0.28319495916366577,0.6666666865348816,0.7555555701255798,0.2947027087211609
,,,,,,,,,7.401980198019801e-07,11214,,,,,,,,,
37,,,,,,,,,,11214,0.01680046133697033,,,,,,,,
,,,,,,,,,7.405280528052805e-07,11219,,,,,,,,,
37,,,,,,,,,,11219,0.01571667566895485,,,,,,,,
,,,,,,,,,7.408580858085808e-07,11224,,,,,,,,,
37,,,,,,,,,,11224,0.03165687620639801,,,,,,,,
,,,,,,,,,7.411881188118812e-07,11229,,,,,,,,,
37,,,,,,,,,,11229,0.012810732237994671,,,,,,,,
,,,,,,,,,7.415181518151815e-07,11234,,,,,,,,,
37,,,,,,,,,,11234,0.06972110271453857,,,,,,,,
,,,,,,,,,7.418481848184818e-07,11239,,,,,,,,,
37,,,,,,,,,,11239,0.11029747128486633,,,,,,,,
,,,,,,,,,7.421782178217822e-07,11244,,,,,,,,,
37,,,,,,,,,,11244,0.04501231387257576,,,,,,,,
,,,,,,,,,7.425082508250825e-07,11249,,,,,,,,,
37,,,,,,,,,,11249,0.035984985530376434,,,,,,,,
,,,,,,,,,7.428382838283827e-07,11254,,,,,,,,,
37,,,,,,,,,,11254,0.0887051597237587,,,,,,,,
,,,,,,,,,7.431683168316831e-07,11259,,,,,,,,,
37,,,,,,,,,,11259,0.022231750190258026,,,,,,,,
,,,,,,,,,7.434983498349835e-07,11264,,,,,,,,,
37,,,,,,,,,,11264,0.02846335433423519,,,,,,,,
,,,,,,,,,7.438283828382837e-07,11269,,,,,,,,,
37,,,,,,,,,,11269,0.051313601434230804,,,,,,,,
,,,,,,,,,7.441584158415841e-07,11274,,,,,,,,,
37,,,,,,,,,,11274,0.05679886415600777,,,,,,,,
,,,,,,,,,7.444884488448845e-07,11279,,,,,,,,,
37,,,,,,,,,,11279,0.020776525139808655,,,,,,,,
,,,,,,,,,7.448184818481848e-07,11284,,,,,,,,,
37,,,,,,,,,,11284,0.035145122557878494,,,,,,,,
,,,,,,,,,7.451485148514851e-07,11289,,,,,,,,,
37,,,,,,,,,,11289,0.05210573971271515,,,,,,,,
,,,,,,,,,7.454785478547855e-07,11294,,,,,,,,,
37,,,,,,,,,,11294,0.03401102125644684,,,,,,,,
,,,,,,,,,7.458085808580857e-07,11299,,,,,,,,,
37,,,,,,,,,,11299,0.059482600539922714,,,,,,,,
,,,,,,,,,7.461386138613861e-07,11304,,,,,,,,,
37,,,,,,,,,,11304,0.03363533690571785,,,,,,,,
,,,,,,,,,7.464686468646864e-07,11309,,,,,,,,,
37,,,,,,,,,,11309,0.029588254168629646,,,,,,,,
,,,,,,,,,7.467986798679867e-07,11314,,,,,,,,,
37,,,,,,,,,,11314,0.04352869093418121,,,,,,,,
,,,,,,,,,7.471287128712871e-07,11319,,,,,,,,,
37,,,,,,,,,,11319,0.09618405252695084,,,,,,,,
,,,,,,,,,7.474587458745875e-07,11324,,,,,,,,,
37,,,,,,,,,,11324,0.06062784790992737,,,,,,,,
,,,,,,,,,7.477887788778877e-07,11329,,,,,,,,,
37,,,,,,,,,,11329,0.025866784155368805,,,,,,,,
,,,,,,,,,7.481188118811881e-07,11334,,,,,,,,,
37,,,,,,,,,,11334,0.06770850718021393,,,,,,,,
,,,,,,,,,7.484488448844885e-07,11339,,,,,,,,,
37,,,,,,,,,,11339,0.0551370345056057,,,,,,,,
,,,,,,,,,7.487788778877887e-07,11344,,,,,,,,,
37,,,,,,,,,,11344,0.04526478797197342,,,,,,,,
,,,,,,,,,7.491089108910891e-07,11349,,,,,,,,,
37,,,,,,,,,,11349,0.05652444064617157,,,,,,,,
,,,,,,,,,7.494389438943894e-07,11354,,,,,,,,,
37,,,,,,,,,,11354,0.026829078793525696,,,,,,,,
,,,,,,,,,7.497689768976897e-07,11359,,,,,,,,,
37,,,,,,,,,,11359,0.01880837045609951,,,,,,,,
,,,,,,,,,7.5009900990099e-07,11364,,,,,,,,,
37,,,,,,,,,,11364,0.07040359079837799,,,,,,,,
,,,,,,,,,7.504290429042904e-07,11369,,,,,,,,,
37,,,,,,,,,,11369,0.05674281716346741,,,,,,,,
,,,,,,,,,7.507590759075907e-07,11374,,,,,,,,,
37,,,,,,,,,,11374,0.06548099964857101,,,,,,,,
,,,,,,,,,7.510891089108911e-07,11379,,,,,,,,,
37,,,,,,,,,,11379,0.06541571766138077,,,,,,,,
,,,,,,,,,7.514191419141914e-07,11384,,,,,,,,,
37,,,,,,,,,,11384,0.037591252475976944,,,,,,,,
,,,,,,,,,7.517491749174917e-07,11389,,,,,,,,,
37,,,,,,,,,,11389,0.052563127130270004,,,,,,,,
,,,,,,,,,7.520792079207921e-07,11394,,,,,,,,,
37,,,,,,,,,,11394,0.04401249811053276,,,,,,,,
,,,,,,,,,7.524092409240925e-07,11399,,,,,,,,,
37,,,,,,,,,,11399,0.01663474179804325,,,,,,,,
,,,,,,,,,7.527392739273927e-07,11404,,,,,,,,,
37,,,,,,,,,,11404,0.08477373421192169,,,,,,,,
,,,,,,,,,7.53069306930693e-07,11409,,,,,,,,,
37,,,,,,,,,,11409,0.015640445053577423,,,,,,,,
,,,,,,,,,7.533993399339934e-07,11414,,,,,,,,,
37,,,,,,,,,,11414,0.012434056028723717,,,,,,,,
,,,,,,,,,7.537293729372936e-07,11419,,,,,,,,,
37,,,,,,,,,,11419,0.037109099328517914,,,,,,,,
,,,,,,,,,7.54059405940594e-07,11424,,,,,,,,,
37,,,,,,,,,,11424,0.040069784969091415,,,,,,,,
,,,,,,,,,7.543894389438944e-07,11429,,,,,,,,,
37,,,,,,,,,,11429,0.045770201832056046,,,,,,,,
,,,,,,,,,7.547194719471947e-07,11434,,,,,,,,,
37,,,,,,,,,,11434,0.07777034491300583,,,,,,,,
,,,,,,,,,7.55049504950495e-07,11439,,,,,,,,,
37,,,,,,,,,,11439,0.0446130707859993,,,,,,,,
,,,,,,,,,7.553795379537954e-07,11444,,,,,,,,,
37,,,,,,,,,,11444,0.06328947842121124,,,,,,,,
,,,,,,,,,7.557095709570957e-07,11449,,,,,,,,,
37,,,,,,,,,,11449,0.0305881779640913,,,,,,,,
,,,,,,,,,7.560396039603961e-07,11454,,,,,,,,,
37,,,,,,,,,,11454,0.03628134727478027,,,,,,,,
,,,,,,,,,7.563696369636964e-07,11459,,,,,,,,,
37,,,,,,,,,,11459,0.009143880568444729,,,,,,,,
,,,,,,,,,7.566996699669966e-07,11464,,,,,,,,,
37,,,,,,,,,,11464,0.016242695972323418,,,,,,,,
,,,,,,,,,7.57029702970297e-07,11469,,,,,,,,,
37,,,,,,,,,,11469,0.05142845958471298,,,,,,,,
,,,,,,,,,7.573597359735973e-07,11474,,,,,,,,,
37,,,,,,,,,,11474,0.009898044168949127,,,,,,,,
,,,,,,,,,7.576897689768976e-07,11479,,,,,,,,,
37,,,,,,,,,,11479,0.027736835181713104,,,,,,,,
,,,,,,,,,7.58019801980198e-07,11484,,,,,,,,,
37,,,,,,,,,,11484,0.09466354548931122,,,,,,,,
,,,,,,,,,7.583498349834984e-07,11489,,,,,,,,,
37,,,,,,,,,,11489,0.04464239627122879,,,,,,,,
,,,,,,,,,7.586798679867986e-07,11494,,,,,,,,,
37,,,,,,,,,,11494,0.03079577162861824,,,,,,,,
,,,,,,,,,7.59009900990099e-07,11499,,,,,,,,,
37,,,,,,,,,,11499,0.043833568692207336,,,,,,,,
,,,,,,,,,7.593399339933994e-07,11504,,,,,,,,,
37,,,,,,,,,,11504,0.04821952059864998,,,,,,,,
,,,,,,,,,7.596699669966997e-07,11509,,,,,,,,,
37,,,,,,,,,,11509,0.03278686851263046,,,,,,,,
37,,,,,,,,,,11513,,0.643750011920929,0.7046632170677185,0.08333306014537811,0.08333306014537811,0.30829983949661255,0.6601941585540771,0.7555555701255798,0.3311817944049835
,,,,,,,,,7.599999999999999e-07,11514,,,,,,,,,
38,,,,,,,,,,11514,0.04698435589671135,,,,,,,,
,,,,,,,,,7.603300330033003e-07,11519,,,,,,,,,
38,,,,,,,,,,11519,0.04315584897994995,,,,,,,,
,,,,,,,,,7.606600660066006e-07,11524,,,,,,,,,
38,,,,,,,,,,11524,0.08624283224344254,,,,,,,,
,,,,,,,,,7.609900990099009e-07,11529,,,,,,,,,
38,,,,,,,,,,11529,0.028622036799788475,,,,,,,,
,,,,,,,,,7.613201320132013e-07,11534,,,,,,,,,
38,,,,,,,,,,11534,0.09595805406570435,,,,,,,,
,,,,,,,,,7.616501650165016e-07,11539,,,,,,,,,
38,,,,,,,,,,11539,0.031227750703692436,,,,,,,,
,,,,,,,,,7.61980198019802e-07,11544,,,,,,,,,
38,,,,,,,,,,11544,0.01694389060139656,,,,,,,,
,,,,,,,,,7.623102310231023e-07,11549,,,,,,,,,
38,,,,,,,,,,11549,0.014181124977767467,,,,,,,,
,,,,,,,,,7.626402640264026e-07,11554,,,,,,,,,
38,,,,,,,,,,11554,0.03346819803118706,,,,,,,,
,,,,,,,,,7.62970297029703e-07,11559,,,,,,,,,
38,,,,,,,,,,11559,0.07833366096019745,,,,,,,,
,,,,,,,,,7.633003300330034e-07,11564,,,,,,,,,
38,,,,,,,,,,11564,0.03508429974317551,,,,,,,,
,,,,,,,,,7.636303630363035e-07,11569,,,,,,,,,
38,,,,,,,,,,11569,0.03941090404987335,,,,,,,,
,,,,,,,,,7.639603960396039e-07,11574,,,,,,,,,
38,,,,,,,,,,11574,0.030493885278701782,,,,,,,,
,,,,,,,,,7.642904290429043e-07,11579,,,,,,,,,
38,,,,,,,,,,11579,0.040406081825494766,,,,,,,,
,,,,,,,,,7.646204620462045e-07,11584,,,,,,,,,
38,,,,,,,,,,11584,0.03026060201227665,,,,,,,,
,,,,,,,,,7.649504950495049e-07,11589,,,,,,,,,
38,,,,,,,,,,11589,0.008631576783955097,,,,,,,,
,,,,,,,,,7.652805280528053e-07,11594,,,,,,,,,
38,,,,,,,,,,11594,0.046634990721940994,,,,,,,,
,,,,,,,,,7.656105610561056e-07,11599,,,,,,,,,
38,,,,,,,,,,11599,0.029407115653157234,,,,,,,,
,,,,,,,,,7.659405940594059e-07,11604,,,,,,,,,
38,,,,,,,,,,11604,0.04884698987007141,,,,,,,,
,,,,,,,,,7.662706270627063e-07,11609,,,,,,,,,
38,,,,,,,,,,11609,0.05391320213675499,,,,,,,,
,,,,,,,,,7.666006600660066e-07,11614,,,,,,,,,
38,,,,,,,,,,11614,0.031340256333351135,,,,,,,,
,,,,,,,,,7.66930693069307e-07,11619,,,,,,,,,
38,,,,,,,,,,11619,0.05339355766773224,,,,,,,,
,,,,,,,,,7.672607260726072e-07,11624,,,,,,,,,
38,,,,,,,,,,11624,0.02545509673655033,,,,,,,,
,,,,,,,,,7.675907590759075e-07,11629,,,,,,,,,
38,,,,,,,,,,11629,0.08764699101448059,,,,,,,,
,,,,,,,,,7.679207920792079e-07,11634,,,,,,,,,
38,,,,,,,,,,11634,0.05789267271757126,,,,,,,,
,,,,,,,,,7.682508250825083e-07,11639,,,,,,,,,
38,,,,,,,,,,11639,0.021708928048610687,,,,,,,,
,,,,,,,,,7.685808580858085e-07,11644,,,,,,,,,
38,,,,,,,,,,11644,0.039518795907497406,,,,,,,,
,,,,,,,,,7.689108910891089e-07,11649,,,,,,,,,
38,,,,,,,,,,11649,0.035851772874593735,,,,,,,,
,,,,,,,,,7.692409240924093e-07,11654,,,,,,,,,
38,,,,,,,,,,11654,0.03563062101602554,,,,,,,,
,,,,,,,,,7.695709570957095e-07,11659,,,,,,,,,
38,,,,,,,,,,11659,0.026513220742344856,,,,,,,,
,,,,,,,,,7.699009900990099e-07,11664,,,,,,,,,
38,,,,,,,,,,11664,0.03225773200392723,,,,,,,,
,,,,,,,,,7.702310231023103e-07,11669,,,,,,,,,
38,,,,,,,,,,11669,0.049128782004117966,,,,,,,,
,,,,,,,,,7.705610561056105e-07,11674,,,,,,,,,
38,,,,,,,,,,11674,0.02808903157711029,,,,,,,,
,,,,,,,,,7.708910891089108e-07,11679,,,,,,,,,
38,,,,,,,,,,11679,0.027838435024023056,,,,,,,,
,,,,,,,,,7.712211221122111e-07,11684,,,,,,,,,
38,,,,,,,,,,11684,0.017339983955025673,,,,,,,,
,,,,,,,,,7.715511551155115e-07,11689,,,,,,,,,
38,,,,,,,,,,11689,0.0443197637796402,,,,,,,,
,,,,,,,,,7.718811881188119e-07,11694,,,,,,,,,
38,,,,,,,,,,11694,0.05333301052451134,,,,,,,,
,,,,,,,,,7.722112211221121e-07,11699,,,,,,,,,
38,,,,,,,,,,11699,0.03214557096362114,,,,,,,,
,,,,,,,,,7.725412541254125e-07,11704,,,,,,,,,
38,,,,,,,,,,11704,0.034874629229307175,,,,,,,,
,,,,,,,,,7.728712871287129e-07,11709,,,,,,,,,
38,,,,,,,,,,11709,0.025770336389541626,,,,,,,,
,,,,,,,,,7.732013201320131e-07,11714,,,,,,,,,
38,,,,,,,,,,11714,0.05614204332232475,,,,,,,,
,,,,,,,,,7.735313531353135e-07,11719,,,,,,,,,
38,,,,,,,,,,11719,0.046718861907720566,,,,,,,,
,,,,,,,,,7.738613861386139e-07,11724,,,,,,,,,
38,,,,,,,,,,11724,0.030968302860856056,,,,,,,,
,,,,,,,,,7.741914191419141e-07,11729,,,,,,,,,
38,,,,,,,,,,11729,0.03330769017338753,,,,,,,,
,,,,,,,,,7.745214521452144e-07,11734,,,,,,,,,
38,,,,,,,,,,11734,0.020394528284668922,,,,,,,,
,,,,,,,,,7.748514851485148e-07,11739,,,,,,,,,
38,,,,,,,,,,11739,0.022838769480586052,,,,,,,,
,,,,,,,,,7.751815181518151e-07,11744,,,,,,,,,
38,,,,,,,,,,11744,0.04275968298316002,,,,,,,,
,,,,,,,,,7.755115511551155e-07,11749,,,,,,,,,
38,,,,,,,,,,11749,0.09985469281673431,,,,,,,,
,,,,,,,,,7.758415841584158e-07,11754,,,,,,,,,
38,,,,,,,,,,11754,0.03706173226237297,,,,,,,,
,,,,,,,,,7.761716171617161e-07,11759,,,,,,,,,
38,,,,,,,,,,11759,0.01607673428952694,,,,,,,,
,,,,,,,,,7.765016501650165e-07,11764,,,,,,,,,
38,,,,,,,,,,11764,0.03221601992845535,,,,,,,,
,,,,,,,,,7.768316831683168e-07,11769,,,,,,,,,
38,,,,,,,,,,11769,0.03493068739771843,,,,,,,,
,,,,,,,,,7.771617161716171e-07,11774,,,,,,,,,
38,,,,,,,,,,11774,0.012221282348036766,,,,,,,,
,,,,,,,,,7.774917491749175e-07,11779,,,,,,,,,
38,,,,,,,,,,11779,0.06903285533189774,,,,,,,,
,,,,,,,,,7.778217821782178e-07,11784,,,,,,,,,
38,,,,,,,,,,11784,0.04689459502696991,,,,,,,,
,,,,,,,,,7.78151815181518e-07,11789,,,,,,,,,
38,,,,,,,,,,11789,0.04398540407419205,,,,,,,,
,,,,,,,,,7.784818481848184e-07,11794,,,,,,,,,
38,,,,,,,,,,11794,0.06087109073996544,,,,,,,,
,,,,,,,,,7.788118811881188e-07,11799,,,,,,,,,
38,,,,,,,,,,11799,0.037021201103925705,,,,,,,,
,,,,,,,,,7.79141914191419e-07,11804,,,,,,,,,
38,,,,,,,,,,11804,0.02214750461280346,,,,,,,,
,,,,,,,,,7.794719471947194e-07,11809,,,,,,,,,
38,,,,,,,,,,11809,0.04649462550878525,,,,,,,,
,,,,,,,,,7.798019801980198e-07,11814,,,,,,,,,
38,,,,,,,,,,11814,0.04230222851037979,,,,,,,,
38,,,,,,,,,,11816,,0.65625,0.7179487347602844,0.0860617458820343,0.0860617458820343,0.3072018027305603,0.6666666865348816,0.7777777910232544,0.3224393129348755
,,,,,,,,,7.801320132013201e-07,11819,,,,,,,,,
39,,,,,,,,,,11819,0.0360291488468647,,,,,,,,
,,,,,,,,,7.804620462046204e-07,11824,,,,,,,,,
39,,,,,,,,,,11824,0.02917190082371235,,,,,,,,
,,,,,,,,,7.807920792079208e-07,11829,,,,,,,,,
39,,,,,,,,,,11829,0.02537793666124344,,,,,,,,
,,,,,,,,,7.811221122112211e-07,11834,,,,,,,,,
39,,,,,,,,,,11834,0.03661103546619415,,,,,,,,
,,,,,,,,,7.814521452145214e-07,11839,,,,,,,,,
39,,,,,,,,,,11839,0.04642147198319435,,,,,,,,
,,,,,,,,,7.817821782178217e-07,11844,,,,,,,,,
39,,,,,,,,,,11844,0.01821272447705269,,,,,,,,
,,,,,,,,,7.82112211221122e-07,11849,,,,,,,,,
39,,,,,,,,,,11849,0.0280485600233078,,,,,,,,
,,,,,,,,,7.824422442244224e-07,11854,,,,,,,,,
39,,,,,,,,,,11854,0.03453927859663963,,,,,,,,
,,,,,,,,,7.827722772277228e-07,11859,,,,,,,,,
39,,,,,,,,,,11859,0.08448787778615952,,,,,,,,
,,,,,,,,,7.83102310231023e-07,11864,,,,,,,,,
39,,,,,,,,,,11864,0.033555228263139725,,,,,,,,
,,,,,,,,,7.834323432343234e-07,11869,,,,,,,,,
39,,,,,,,,,,11869,0.03534659743309021,,,,,,,,
,,,,,,,,,7.837623762376238e-07,11874,,,,,,,,,
39,,,,,,,,,,11874,0.06188620999455452,,,,,,,,
,,,,,,,,,7.84092409240924e-07,11879,,,,,,,,,
39,,,,,,,,,,11879,0.07693152874708176,,,,,,,,
,,,,,,,,,7.844224422442244e-07,11884,,,,,,,,,
39,,,,,,,,,,11884,0.03980753570795059,,,,,,,,
,,,,,,,,,7.847524752475248e-07,11889,,,,,,,,,
39,,,,,,,,,,11889,0.06219339743256569,,,,,,,,
,,,,,,,,,7.85082508250825e-07,11894,,,,,,,,,
39,,,,,,,,,,11894,0.050284937024116516,,,,,,,,
,,,,,,,,,7.854125412541253e-07,11899,,,,,,,,,
39,,,,,,,,,,11899,0.06578386574983597,,,,,,,,
,,,,,,,,,7.857425742574257e-07,11904,,,,,,,,,
39,,,,,,,,,,11904,0.02267976850271225,,,,,,,,
,,,,,,,,,7.86072607260726e-07,11909,,,,,,,,,
39,,,,,,,,,,11909,0.07879911363124847,,,,,,,,
,,,,,,,,,7.864026402640264e-07,11914,,,,,,,,,
39,,,,,,,,,,11914,0.03557220846414566,,,,,,,,
,,,,,,,,,7.867326732673267e-07,11919,,,,,,,,,
39,,,,,,,,,,11919,0.01864476129412651,,,,,,,,
,,,,,,,,,7.87062706270627e-07,11924,,,,,,,,,
39,,,,,,,,,,11924,0.04863321781158447,,,,,,,,
,,,,,,,,,7.873927392739274e-07,11929,,,,,,,,,
39,,,,,,,,,,11929,0.06092686206102371,,,,,,,,
,,,,,,,,,7.877227722772278e-07,11934,,,,,,,,,
39,,,,,,,,,,11934,0.02156568132340908,,,,,,,,
,,,,,,,,,7.88052805280528e-07,11939,,,,,,,,,
39,,,,,,,,,,11939,0.06669332087039948,,,,,,,,
,,,,,,,,,7.883828382838283e-07,11944,,,,,,,,,
39,,,,,,,,,,11944,0.010010804049670696,,,,,,,,
,,,,,,,,,7.887128712871287e-07,11949,,,,,,,,,
39,,,,,,,,,,11949,0.026035092771053314,,,,,,,,
,,,,,,,,,7.890429042904289e-07,11954,,,,,,,,,
39,,,,,,,,,,11954,0.038152314722537994,,,,,,,,
,,,,,,,,,7.893729372937293e-07,11959,,,,,,,,,
39,,,,,,,,,,11959,0.017879055812954903,,,,,,,,
,,,,,,,,,7.897029702970297e-07,11964,,,,,,,,,
39,,,,,,,,,,11964,0.037071920931339264,,,,,,,,
,,,,,,,,,7.9003300330033e-07,11969,,,,,,,,,
39,,,,,,,,,,11969,0.03283947706222534,,,,,,,,
,,,,,,,,,7.903630363036303e-07,11974,,,,,,,,,
39,,,,,,,,,,11974,0.03851579502224922,,,,,,,,
,,,,,,,,,7.906930693069307e-07,11979,,,,,,,,,
39,,,,,,,,,,11979,0.032406870275735855,,,,,,,,
,,,,,,,,,7.91023102310231e-07,11984,,,,,,,,,
39,,,,,,,,,,11984,0.01636360213160515,,,,,,,,
,,,,,,,,,7.913531353135314e-07,11989,,,,,,,,,
39,,,,,,,,,,11989,0.027826016768813133,,,,,,,,
,,,,,,,,,7.916831683168317e-07,11994,,,,,,,,,
39,,,,,,,,,,11994,0.029074357822537422,,,,,,,,
,,,,,,,,,7.920132013201319e-07,11999,,,,,,,,,
39,,,,,,,,,,11999,0.0243823304772377,,,,,,,,
,,,,,,,,,7.923432343234323e-07,12004,,,,,,,,,
39,,,,,,,,,,12004,0.09587184339761734,,,,,,,,
,,,,,,,,,7.926732673267326e-07,12009,,,,,,,,,
39,,,,,,,,,,12009,0.05687755346298218,,,,,,,,
,,,,,,,,,7.930033003300329e-07,12014,,,,,,,,,
39,,,,,,,,,,12014,0.058215316385030746,,,,,,,,
,,,,,,,,,7.933333333333333e-07,12019,,,,,,,,,
39,,,,,,,,,,12019,0.01886601373553276,,,,,,,,
,,,,,,,,,7.936633663366337e-07,12024,,,,,,,,,
39,,,,,,,,,,12024,0.0415937714278698,,,,,,,,
,,,,,,,,,7.939933993399339e-07,12029,,,,,,,,,
39,,,,,,,,,,12029,0.057081375271081924,,,,,,,,
,,,,,,,,,7.943234323432343e-07,12034,,,,,,,,,
39,,,,,,,,,,12034,0.01932355761528015,,,,,,,,
,,,,,,,,,7.946534653465347e-07,12039,,,,,,,,,
39,,,,,,,,,,12039,0.02593696303665638,,,,,,,,
,,,,,,,,,7.94983498349835e-07,12044,,,,,,,,,
39,,,,,,,,,,12044,0.03032970428466797,,,,,,,,
,,,,,,,,,7.953135313531353e-07,12049,,,,,,,,,
39,,,,,,,,,,12049,0.04142710193991661,,,,,,,,
,,,,,,,,,7.956435643564356e-07,12054,,,,,,,,,
39,,,,,,,,,,12054,0.025879252701997757,,,,,,,,
,,,,,,,,,7.959735973597359e-07,12059,,,,,,,,,
39,,,,,,,,,,12059,0.022548658773303032,,,,,,,,
,,,,,,,,,7.963036303630362e-07,12064,,,,,,,,,
39,,,,,,,,,,12064,0.046675268560647964,,,,,,,,
,,,,,,,,,7.966336633663366e-07,12069,,,,,,,,,
39,,,,,,,,,,12069,0.041423603892326355,,,,,,,,
,,,,,,,,,7.969636963696369e-07,12074,,,,,,,,,
39,,,,,,,,,,12074,0.03466762602329254,,,,,,,,
,,,,,,,,,7.972937293729373e-07,12079,,,,,,,,,
39,,,,,,,,,,12079,0.07477130740880966,,,,,,,,
,,,,,,,,,7.976237623762376e-07,12084,,,,,,,,,
39,,,,,,,,,,12084,0.010870601050555706,,,,,,,,
,,,,,,,,,7.979537953795379e-07,12089,,,,,,,,,
39,,,,,,,,,,12089,0.031686149537563324,,,,,,,,
,,,,,,,,,7.982838283828383e-07,12094,,,,,,,,,
39,,,,,,,,,,12094,0.09495500475168228,,,,,,,,
,,,,,,,,,7.986138613861387e-07,12099,,,,,,,,,
39,,,,,,,,,,12099,0.013214548118412495,,,,,,,,
,,,,,,,,,7.989438943894388e-07,12104,,,,,,,,,
39,,,,,,,,,,12104,0.0408344604074955,,,,,,,,
,,,,,,,,,7.992739273927392e-07,12109,,,,,,,,,
39,,,,,,,,,,12109,0.043390169739723206,,,,,,,,
,,,,,,,,,7.996039603960396e-07,12114,,,,,,,,,
39,,,,,,,,,,12114,0.02056494913995266,,,,,,,,
,,,,,,,,,7.999339933993398e-07,12119,,,,,,,,,
39,,,,,,,,,,12119,0.0541551373898983,,,,,,,,
39,,,,,,,,,,12119,,0.637499988079071,0.6979166865348816,0.08306582272052765,0.08306582272052765,0.3284156024456024,0.656862735748291,0.7444444298744202,0.3524843454360962
,,,,,,,,,8.002640264026402e-07,12124,,,,,,,,,
40,,,,,,,,,,12124,0.044689785689115524,,,,,,,,
,,,,,,,,,8.005940594059406e-07,12129,,,,,,,,,
40,,,,,,,,,,12129,0.05612660571932793,,,,,,,,
,,,,,,,,,8.009240924092409e-07,12134,,,,,,,,,
40,,,,,,,,,,12134,0.013337366282939911,,,,,,,,
,,,,,,,,,8.012541254125412e-07,12139,,,,,,,,,
40,,,,,,,,,,12139,0.044444531202316284,,,,,,,,
,,,,,,,,,8.015841584158416e-07,12144,,,,,,,,,
40,,,,,,,,,,12144,0.007809717673808336,,,,,,,,
,,,,,,,,,8.019141914191419e-07,12149,,,,,,,,,
40,,,,,,,,,,12149,0.04620363935828209,,,,,,,,
,,,,,,,,,8.022442244224423e-07,12154,,,,,,,,,
40,,,,,,,,,,12154,0.10536812990903854,,,,,,,,
,,,,,,,,,8.025742574257425e-07,12159,,,,,,,,,
40,,,,,,,,,,12159,0.05233253911137581,,,,,,,,
,,,,,,,,,8.029042904290428e-07,12164,,,,,,,,,
40,,,,,,,,,,12164,0.022052301093935966,,,,,,,,
,,,,,,,,,8.032343234323432e-07,12169,,,,,,,,,
40,,,,,,,,,,12169,0.042128317058086395,,,,,,,,
,,,,,,,,,8.035643564356436e-07,12174,,,,,,,,,
40,,,,,,,,,,12174,0.04969242587685585,,,,,,,,
,,,,,,,,,8.038943894389438e-07,12179,,,,,,,,,
40,,,,,,,,,,12179,0.03151451051235199,,,,,,,,
,,,,,,,,,8.042244224422442e-07,12184,,,,,,,,,
40,,,,,,,,,,12184,0.03330669179558754,,,,,,,,
,,,,,,,,,8.045544554455446e-07,12189,,,,,,,,,
40,,,,,,,,,,12189,0.014708876609802246,,,,,,,,
,,,,,,,,,8.048844884488448e-07,12194,,,,,,,,,
40,,,,,,,,,,12194,0.025438379496335983,,,,,,,,
,,,,,,,,,8.052145214521452e-07,12199,,,,,,,,,
40,,,,,,,,,,12199,0.04028857499361038,,,,,,,,
,,,,,,,,,8.055445544554456e-07,12204,,,,,,,,,
40,,,,,,,,,,12204,0.032138723880052567,,,,,,,,
,,,,,,,,,8.058745874587459e-07,12209,,,,,,,,,
40,,,,,,,,,,12209,0.0439528189599514,,,,,,,,
,,,,,,,,,8.062046204620461e-07,12214,,,,,,,,,
40,,,,,,,,,,12214,0.043645069003105164,,,,,,,,
,,,,,,,,,8.065346534653465e-07,12219,,,,,,,,,
40,,,,,,,,,,12219,0.03828676417469978,,,,,,,,
,,,,,,,,,8.068646864686468e-07,12224,,,,,,,,,
40,,,,,,,,,,12224,0.04851769655942917,,,,,,,,
,,,,,,,,,8.071947194719472e-07,12229,,,,,,,,,
40,,,,,,,,,,12229,0.021815385669469833,,,,,,,,
,,,,,,,,,8.075247524752475e-07,12234,,,,,,,,,
40,,,,,,,,,,12234,0.02321772836148739,,,,,,,,
,,,,,,,,,8.078547854785478e-07,12239,,,,,,,,,
40,,,,,,,,,,12239,0.02569461055099964,,,,,,,,
,,,,,,,,,8.081848184818482e-07,12244,,,,,,,,,
40,,,,,,,,,,12244,0.026103543117642403,,,,,,,,
,,,,,,,,,8.085148514851485e-07,12249,,,,,,,,,
40,,,,,,,,,,12249,0.04392659664154053,,,,,,,,
,,,,,,,,,8.088448844884488e-07,12254,,,,,,,,,
40,,,,,,,,,,12254,0.05051801726222038,,,,,,,,
,,,,,,,,,8.091749174917492e-07,12259,,,,,,,,,
40,,,,,,,,,,12259,0.04128095135092735,,,,,,,,
,,,,,,,,,8.095049504950496e-07,12264,,,,,,,,,
40,,,,,,,,,,12264,0.01938781514763832,,,,,,,,
,,,,,,,,,8.098349834983497e-07,12269,,,,,,,,,
40,,,,,,,,,,12269,0.016793804243206978,,,,,,,,
,,,,,,,,,8.101650165016501e-07,12274,,,,,,,,,
40,,,,,,,,,,12274,0.021830197423696518,,,,,,,,
,,,,,,,,,8.104950495049505e-07,12279,,,,,,,,,
40,,,,,,,,,,12279,0.024301579222083092,,,,,,,,
,,,,,,,,,8.108250825082508e-07,12284,,,,,,,,,
40,,,,,,,,,,12284,0.038993265479803085,,,,,,,,
,,,,,,,,,8.111551155115511e-07,12289,,,,,,,,,
40,,,,,,,,,,12289,0.046506136655807495,,,,,,,,
,,,,,,,,,8.114851485148515e-07,12294,,,,,,,,,
40,,,,,,,,,,12294,0.05484750494360924,,,,,,,,
,,,,,,,,,8.118151815181518e-07,12299,,,,,,,,,
40,,,,,,,,,,12299,0.041982501745224,,,,,,,,
,,,,,,,,,8.121452145214521e-07,12304,,,,,,,,,
40,,,,,,,,,,12304,0.032641489058732986,,,,,,,,
,,,,,,,,,8.124752475247525e-07,12309,,,,,,,,,
40,,,,,,,,,,12309,0.03694595769047737,,,,,,,,
,,,,,,,,,8.128052805280528e-07,12314,,,,,,,,,
40,,,,,,,,,,12314,0.057117100805044174,,,,,,,,
,,,,,,,,,8.131353135313532e-07,12319,,,,,,,,,
40,,,,,,,,,,12319,0.05071282759308815,,,,,,,,
,,,,,,,,,8.134653465346533e-07,12324,,,,,,,,,
40,,,,,,,,,,12324,0.02692113257944584,,,,,,,,
,,,,,,,,,8.137953795379537e-07,12329,,,,,,,,,
40,,,,,,,,,,12329,0.05274098739027977,,,,,,,,
,,,,,,,,,8.141254125412541e-07,12334,,,,,,,,,
40,,,,,,,,,,12334,0.07421745359897614,,,,,,,,
,,,,,,,,,8.144554455445544e-07,12339,,,,,,,,,
40,,,,,,,,,,12339,0.03590025007724762,,,,,,,,
,,,,,,,,,8.147854785478547e-07,12344,,,,,,,,,
40,,,,,,,,,,12344,0.04184652864933014,,,,,,,,
,,,,,,,,,8.151155115511551e-07,12349,,,,,,,,,
40,,,,,,,,,,12349,0.017386356368660927,,,,,,,,
,,,,,,,,,8.154455445544554e-07,12354,,,,,,,,,
40,,,,,,,,,,12354,0.06532611697912216,,,,,,,,
,,,,,,,,,8.157755775577558e-07,12359,,,,,,,,,
40,,,,,,,,,,12359,0.028711961582303047,,,,,,,,
,,,,,,,,,8.161056105610561e-07,12364,,,,,,,,,
40,,,,,,,,,,12364,0.061868567019701004,,,,,,,,
,,,,,,,,,8.164356435643564e-07,12369,,,,,,,,,
40,,,,,,,,,,12369,0.016060836613178253,,,,,,,,
,,,,,,,,,8.167656765676567e-07,12374,,,,,,,,,
40,,,,,,,,,,12374,0.019897842779755592,,,,,,,,
,,,,,,,,,8.17095709570957e-07,12379,,,,,,,,,
40,,,,,,,,,,12379,0.053351499140262604,,,,,,,,
,,,,,,,,,8.174257425742573e-07,12384,,,,,,,,,
40,,,,,,,,,,12384,0.04180412366986275,,,,,,,,
,,,,,,,,,8.177557755775577e-07,12389,,,,,,,,,
40,,,,,,,,,,12389,0.02472478710114956,,,,,,,,
,,,,,,,,,8.180858085808581e-07,12394,,,,,,,,,
40,,,,,,,,,,12394,0.028129898011684418,,,,,,,,
,,,,,,,,,8.184158415841583e-07,12399,,,,,,,,,
40,,,,,,,,,,12399,0.014615596272051334,,,,,,,,
,,,,,,,,,8.187458745874587e-07,12404,,,,,,,,,
40,,,,,,,,,,12404,0.038096535950899124,,,,,,,,
,,,,,,,,,8.190759075907591e-07,12409,,,,,,,,,
40,,,,,,,,,,12409,0.028001340106129646,,,,,,,,
,,,,,,,,,8.194059405940594e-07,12414,,,,,,,,,
40,,,,,,,,,,12414,0.04850097373127937,,,,,,,,
,,,,,,,,,8.197359735973597e-07,12419,,,,,,,,,
40,,,,,,,,,,12419,0.028755929321050644,,,,,,,,
40,,,,,,,,,,12422,,0.6625000238418579,0.7272727489471436,0.08611433207988739,0.08611433207988739,0.33285582065582275,0.6666666865348816,0.800000011920929,0.3802429139614105
,,,,,,,,,8.200660066006601e-07,12424,,,,,,,,,
41,,,,,,,,,,12424,0.025124816223978996,,,,,,,,
,,,,,,,,,8.203960396039603e-07,12429,,,,,,,,,
41,,,,,,,,,,12429,0.0335688591003418,,,,,,,,
,,,,,,,,,8.207260726072606e-07,12434,,,,,,,,,
41,,,,,,,,,,12434,0.04637438431382179,,,,,,,,
,,,,,,,,,8.21056105610561e-07,12439,,,,,,,,,
41,,,,,,,,,,12439,0.05109588801860809,,,,,,,,
,,,,,,,,,8.213861386138613e-07,12444,,,,,,,,,
41,,,,,,,,,,12444,0.021976971998810768,,,,,,,,
,,,,,,,,,8.217161716171617e-07,12449,,,,,,,,,
41,,,,,,,,,,12449,0.030256768688559532,,,,,,,,
,,,,,,,,,8.22046204620462e-07,12454,,,,,,,,,
41,,,,,,,,,,12454,0.051540471613407135,,,,,,,,
,,,,,,,,,8.223762376237623e-07,12459,,,,,,,,,
41,,,,,,,,,,12459,0.012363912537693977,,,,,,,,
,,,,,,,,,8.227062706270627e-07,12464,,,,,,,,,
41,,,,,,,,,,12464,0.06235480681061745,,,,,,,,
,,,,,,,,,8.230363036303631e-07,12469,,,,,,,,,
41,,,,,,,,,,12469,0.02792433649301529,,,,,,,,
,,,,,,,,,8.233663366336633e-07,12474,,,,,,,,,
41,,,,,,,,,,12474,0.04540630802512169,,,,,,,,
,,,,,,,,,8.236963696369637e-07,12479,,,,,,,,,
41,,,,,,,,,,12479,0.02494092471897602,,,,,,,,
,,,,,,,,,8.24026402640264e-07,12484,,,,,,,,,
41,,,,,,,,,,12484,0.03149465098977089,,,,,,,,
,,,,,,,,,8.243564356435642e-07,12489,,,,,,,,,
41,,,,,,,,,,12489,0.02391337975859642,,,,,,,,
,,,,,,,,,8.246864686468646e-07,12494,,,,,,,,,
41,,,,,,,,,,12494,0.02412942238152027,,,,,,,,
,,,,,,,,,8.25016501650165e-07,12499,,,,,,,,,
41,,,,,,,,,,12499,0.04439139738678932,,,,,,,,
,,,,,,,,,8.253465346534653e-07,12504,,,,,,,,,
41,,,,,,,,,,12504,0.017700545489788055,,,,,,,,
,,,,,,,,,8.256765676567656e-07,12509,,,,,,,,,
41,,,,,,,,,,12509,0.07207758724689484,,,,,,,,
,,,,,,,,,8.26006600660066e-07,12514,,,,,,,,,
41,,,,,,,,,,12514,0.09487756341695786,,,,,,,,
,,,,,,,,,8.263366336633663e-07,12519,,,,,,,,,
41,,,,,,,,,,12519,0.023967554792761803,,,,,,,,
,,,,,,,,,8.266666666666667e-07,12524,,,,,,,,,
41,,,,,,,,,,12524,0.06462997943162918,,,,,,,,
,,,,,,,,,8.26996699669967e-07,12529,,,,,,,,,
41,,,,,,,,,,12529,0.04993986338376999,,,,,,,,
,,,,,,,,,8.273267326732672e-07,12534,,,,,,,,,
41,,,,,,,,,,12534,0.03916528820991516,,,,,,,,
,,,,,,,,,8.276567656765676e-07,12539,,,,,,,,,
41,,,,,,,,,,12539,0.025141799822449684,,,,,,,,
,,,,,,,,,8.27986798679868e-07,12544,,,,,,,,,
41,,,,,,,,,,12544,0.03294060006737709,,,,,,,,
,,,,,,,,,8.283168316831682e-07,12549,,,,,,,,,
41,,,,,,,,,,12549,0.04928402975201607,,,,,,,,
,,,,,,,,,8.286468646864686e-07,12554,,,,,,,,,
41,,,,,,,,,,12554,0.026353036984801292,,,,,,,,
,,,,,,,,,8.28976897689769e-07,12559,,,,,,,,,
41,,,,,,,,,,12559,0.01950228586792946,,,,,,,,
,,,,,,,,,8.293069306930692e-07,12564,,,,,,,,,
41,,,,,,,,,,12564,0.009138735011219978,,,,,,,,
,,,,,,,,,8.296369636963696e-07,12569,,,,,,,,,
41,,,,,,,,,,12569,0.02120661549270153,,,,,,,,
,,,,,,,,,8.2996699669967e-07,12574,,,,,,,,,
41,,,,,,,,,,12574,0.048971012234687805,,,,,,,,
,,,,,,,,,8.302970297029703e-07,12579,,,,,,,,,
41,,,,,,,,,,12579,0.011614578776061535,,,,,,,,
,,,,,,,,,8.306270627062706e-07,12584,,,,,,,,,
41,,,,,,,,,,12584,0.061731964349746704,,,,,,,,
,,,,,,,,,8.309570957095709e-07,12589,,,,,,,,,
41,,,,,,,,,,12589,0.041018448770046234,,,,,,,,
,,,,,,,,,8.312871287128712e-07,12594,,,,,,,,,
41,,,,,,,,,,12594,0.027456248179078102,,,,,,,,
,,,,,,,,,8.316171617161715e-07,12599,,,,,,,,,
41,,,,,,,,,,12599,0.03431631997227669,,,,,,,,
,,,,,,,,,8.319471947194719e-07,12604,,,,,,,,,
41,,,,,,,,,,12604,0.01489756815135479,,,,,,,,
,,,,,,,,,8.322772277227722e-07,12609,,,,,,,,,
41,,,,,,,,,,12609,0.049243126064538956,,,,,,,,
,,,,,,,,,8.326072607260726e-07,12614,,,,,,,,,
41,,,,,,,,,,12614,0.060476526618003845,,,,,,,,
,,,,,,,,,8.329372937293729e-07,12619,,,,,,,,,
41,,,,,,,,,,12619,0.02124483697116375,,,,,,,,
,,,,,,,,,8.332673267326732e-07,12624,,,,,,,,,
41,,,,,,,,,,12624,0.04247026517987251,,,,,,,,
,,,,,,,,,8.335973597359736e-07,12629,,,,,,,,,
41,,,,,,,,,,12629,0.03941407799720764,,,,,,,,
,,,,,,,,,8.33927392739274e-07,12634,,,,,,,,,
41,,,,,,,,,,12634,0.022954881191253662,,,,,,,,
,,,,,,,,,8.342574257425742e-07,12639,,,,,,,,,
41,,,,,,,,,,12639,0.031806930899620056,,,,,,,,
,,,,,,,,,8.345874587458745e-07,12644,,,,,,,,,
41,,,,,,,,,,12644,0.04796832054853439,,,,,,,,
,,,,,,,,,8.349174917491749e-07,12649,,,,,,,,,
41,,,,,,,,,,12649,0.02833554521203041,,,,,,,,
,,,,,,,,,8.352475247524751e-07,12654,,,,,,,,,
41,,,,,,,,,,12654,0.017374077811837196,,,,,,,,
,,,,,,,,,8.355775577557755e-07,12659,,,,,,,,,
41,,,,,,,,,,12659,0.026327064260840416,,,,,,,,
,,,,,,,,,8.359075907590759e-07,12664,,,,,,,,,
41,,,,,,,,,,12664,0.08679990470409393,,,,,,,,
,,,,,,,,,8.362376237623762e-07,12669,,,,,,,,,
41,,,,,,,,,,12669,0.04073886573314667,,,,,,,,
,,,,,,,,,8.365676567656765e-07,12674,,,,,,,,,
41,,,,,,,,,,12674,0.040249165147542953,,,,,,,,
,,,,,,,,,8.368976897689769e-07,12679,,,,,,,,,
41,,,,,,,,,,12679,0.016319235786795616,,,,,,,,
,,,,,,,,,8.372277227722772e-07,12684,,,,,,,,,
41,,,,,,,,,,12684,0.022688105702400208,,,,,,,,
,,,,,,,,,8.375577557755776e-07,12689,,,,,,,,,
41,,,,,,,,,,12689,0.03790891543030739,,,,,,,,
,,,,,,,,,8.378877887788779e-07,12694,,,,,,,,,
41,,,,,,,,,,12694,0.02156684920191765,,,,,,,,
,,,,,,,,,8.382178217821781e-07,12699,,,,,,,,,
41,,,,,,,,,,12699,0.04274015501141548,,,,,,,,
,,,,,,,,,8.385478547854785e-07,12704,,,,,,,,,
41,,,,,,,,,,12704,0.06446308642625809,,,,,,,,
,,,,,,,,,8.388778877887789e-07,12709,,,,,,,,,
41,,,,,,,,,,12709,0.044143397361040115,,,,,,,,
,,,,,,,,,8.392079207920791e-07,12714,,,,,,,,,
41,,,,,,,,,,12714,0.020900407806038857,,,,,,,,
,,,,,,,,,8.395379537953795e-07,12719,,,,,,,,,
41,,,,,,,,,,12719,0.020423978567123413,,,,,,,,
,,,,,,,,,8.398679867986799e-07,12724,,,,,,,,,
41,,,,,,,,,,12724,0.0166182741522789,,,,,,,,
41,,,,,,,,,,12725,,0.643750011920929,0.7015706896781921,0.08401598781347275,0.08401598781347275,0.32639607787132263,0.6633663177490234,0.7444444298744202,0.3487166166305542
,,,,,,,,,8.401980198019801e-07,12729,,,,,,,,,
42,,,,,,,,,,12729,0.021263407543301582,,,,,,,,
,,,,,,,,,8.405280528052805e-07,12734,,,,,,,,,
42,,,,,,,,,,12734,0.03142910823225975,,,,,,,,
,,,,,,,,,8.408580858085809e-07,12739,,,,,,,,,
42,,,,,,,,,,12739,0.06176616623997688,,,,,,,,
,,,,,,,,,8.411881188118812e-07,12744,,,,,,,,,
42,,,,,,,,,,12744,0.012959981337189674,,,,,,,,
,,,,,,,,,8.415181518151814e-07,12749,,,,,,,,,
42,,,,,,,,,,12749,0.036591969430446625,,,,,,,,
,,,,,,,,,8.418481848184818e-07,12754,,,,,,,,,
42,,,,,,,,,,12754,0.023543035611510277,,,,,,,,
,,,,,,,,,8.421782178217821e-07,12759,,,,,,,,,
42,,,,,,,,,,12759,0.03187285363674164,,,,,,,,
,,,,,,,,,8.425082508250825e-07,12764,,,,,,,,,
42,,,,,,,,,,12764,0.02979460172355175,,,,,,,,
,,,,,,,,,8.428382838283828e-07,12769,,,,,,,,,
42,,,,,,,,,,12769,0.04865022748708725,,,,,,,,
,,,,,,,,,8.431683168316831e-07,12774,,,,,,,,,
42,,,,,,,,,,12774,0.02690955623984337,,,,,,,,
,,,,,,,,,8.434983498349835e-07,12779,,,,,,,,,
42,,,,,,,,,,12779,0.02679464779794216,,,,,,,,
,,,,,,,,,8.438283828382839e-07,12784,,,,,,,,,
42,,,,,,,,,,12784,0.05529320612549782,,,,,,,,
,,,,,,,,,8.441584158415841e-07,12789,,,,,,,,,
42,,,,,,,,,,12789,0.020102592185139656,,,,,,,,
,,,,,,,,,8.444884488448845e-07,12794,,,,,,,,,
42,,,,,,,,,,12794,0.05784403160214424,,,,,,,,
,,,,,,,,,8.448184818481849e-07,12799,,,,,,,,,
42,,,,,,,,,,12799,0.01897812820971012,,,,,,,,
,,,,,,,,,8.45148514851485e-07,12804,,,,,,,,,
42,,,,,,,,,,12804,0.0281025692820549,,,,,,,,
,,,,,,,,,8.454785478547854e-07,12809,,,,,,,,,
42,,,,,,,,,,12809,0.018667254596948624,,,,,,,,
,,,,,,,,,8.458085808580858e-07,12814,,,,,,,,,
42,,,,,,,,,,12814,0.012736025266349316,,,,,,,,
,,,,,,,,,8.461386138613861e-07,12819,,,,,,,,,
42,,,,,,,,,,12819,0.0682961493730545,,,,,,,,
,,,,,,,,,8.464686468646864e-07,12824,,,,,,,,,
42,,,,,,,,,,12824,0.024488380178809166,,,,,,,,
,,,,,,,,,8.467986798679868e-07,12829,,,,,,,,,
42,,,,,,,,,,12829,0.058891914784908295,,,,,,,,
,,,,,,,,,8.471287128712871e-07,12834,,,,,,,,,
42,,,,,,,,,,12834,0.03611771762371063,,,,,,,,
,,,,,,,,,8.474587458745875e-07,12839,,,,,,,,,
42,,,,,,,,,,12839,0.03102029114961624,,,,,,,,
,,,,,,,,,8.477887788778878e-07,12844,,,,,,,,,
42,,,,,,,,,,12844,0.028561558574438095,,,,,,,,
,,,,,,,,,8.481188118811881e-07,12849,,,,,,,,,
42,,,,,,,,,,12849,0.021120211109519005,,,,,,,,
,,,,,,,,,8.484488448844885e-07,12854,,,,,,,,,
42,,,,,,,,,,12854,0.010258194990456104,,,,,,,,
,,,,,,,,,8.487788778877887e-07,12859,,,,,,,,,
42,,,,,,,,,,12859,0.017555207014083862,,,,,,,,
,,,,,,,,,8.49108910891089e-07,12864,,,,,,,,,
42,,,,,,,,,,12864,0.024247651919722557,,,,,,,,
,,,,,,,,,8.494389438943894e-07,12869,,,,,,,,,
42,,,,,,,,,,12869,0.050028279423713684,,,,,,,,
,,,,,,,,,8.497689768976898e-07,12874,,,,,,,,,
42,,,,,,,,,,12874,0.046491820365190506,,,,,,,,
,,,,,,,,,8.5009900990099e-07,12879,,,,,,,,,
42,,,,,,,,,,12879,0.03307764604687691,,,,,,,,
,,,,,,,,,8.504290429042904e-07,12884,,,,,,,,,
42,,,,,,,,,,12884,0.08299794048070908,,,,,,,,
,,,,,,,,,8.507590759075908e-07,12889,,,,,,,,,
42,,,,,,,,,,12889,0.0624636635184288,,,,,,,,
,,,,,,,,,8.51089108910891e-07,12894,,,,,,,,,
42,,,,,,,,,,12894,0.05271825194358826,,,,,,,,
,,,,,,,,,8.514191419141914e-07,12899,,,,,,,,,
42,,,,,,,,,,12899,0.020524505525827408,,,,,,,,
,,,,,,,,,8.517491749174918e-07,12904,,,,,,,,,
42,,,,,,,,,,12904,0.052575383335351944,,,,,,,,
,,,,,,,,,8.520792079207921e-07,12909,,,,,,,,,
42,,,,,,,,,,12909,0.038344841450452805,,,,,,,,
,,,,,,,,,8.524092409240923e-07,12914,,,,,,,,,
42,,,,,,,,,,12914,0.03277888894081116,,,,,,,,
,,,,,,,,,8.527392739273927e-07,12919,,,,,,,,,
42,,,,,,,,,,12919,0.05067306384444237,,,,,,,,
,,,,,,,,,8.53069306930693e-07,12924,,,,,,,,,
42,,,,,,,,,,12924,0.05555925518274307,,,,,,,,
,,,,,,,,,8.533993399339934e-07,12929,,,,,,,,,
42,,,,,,,,,,12929,0.027000021189451218,,,,,,,,
,,,,,,,,,8.537293729372937e-07,12934,,,,,,,,,
42,,,,,,,,,,12934,0.03295007348060608,,,,,,,,
,,,,,,,,,8.54059405940594e-07,12939,,,,,,,,,
42,,,,,,,,,,12939,0.015221033245325089,,,,,,,,
,,,,,,,,,8.543894389438944e-07,12944,,,,,,,,,
42,,,,,,,,,,12944,0.03229844570159912,,,,,,,,
,,,,,,,,,8.547194719471947e-07,12949,,,,,,,,,
42,,,,,,,,,,12949,0.03474724292755127,,,,,,,,
,,,,,,,,,8.55049504950495e-07,12954,,,,,,,,,
42,,,,,,,,,,12954,0.014244779013097286,,,,,,,,
,,,,,,,,,8.553795379537954e-07,12959,,,,,,,,,
42,,,,,,,,,,12959,0.02458520419895649,,,,,,,,
,,,,,,,,,8.557095709570956e-07,12964,,,,,,,,,
42,,,,,,,,,,12964,0.056538961827754974,,,,,,,,
,,,,,,,,,8.560396039603959e-07,12969,,,,,,,,,
42,,,,,,,,,,12969,0.015705108642578125,,,,,,,,
,,,,,,,,,8.563696369636963e-07,12974,,,,,,,,,
42,,,,,,,,,,12974,0.02457280643284321,,,,,,,,
,,,,,,,,,8.566996699669966e-07,12979,,,,,,,,,
42,,,,,,,,,,12979,0.05743839591741562,,,,,,,,
,,,,,,,,,8.57029702970297e-07,12984,,,,,,,,,
42,,,,,,,,,,12984,0.016325591132044792,,,,,,,,
,,,,,,,,,8.573597359735973e-07,12989,,,,,,,,,
42,,,,,,,,,,12989,0.038506682962179184,,,,,,,,
,,,,,,,,,8.576897689768976e-07,12994,,,,,,,,,
42,,,,,,,,,,12994,0.09865429997444153,,,,,,,,
,,,,,,,,,8.58019801980198e-07,12999,,,,,,,,,
42,,,,,,,,,,12999,0.0364207997918129,,,,,,,,
,,,,,,,,,8.583498349834984e-07,13004,,,,,,,,,
42,,,,,,,,,,13004,0.01405921671539545,,,,,,,,
,,,,,,,,,8.586798679867986e-07,13009,,,,,,,,,
42,,,,,,,,,,13009,0.044577330350875854,,,,,,,,
,,,,,,,,,8.59009900990099e-07,13014,,,,,,,,,
42,,,,,,,,,,13014,0.019081715494394302,,,,,,,,
,,,,,,,,,8.593399339933993e-07,13019,,,,,,,,,
42,,,,,,,,,,13019,0.03611795976758003,,,,,,,,
,,,,,,,,,8.596699669966995e-07,13024,,,,,,,,,
42,,,,,,,,,,13024,0.028178300708532333,,,,,,,,
42,,,,,,,,,,13028,,0.6625000238418579,0.7272727489471436,0.08505302667617798,0.08505302667617798,0.35220056772232056,0.6666666865348816,0.800000011920929,0.3747827410697937
,,,,,,,,,8.599999999999999e-07,13029,,,,,,,,,
43,,,,,,,,,,13029,0.032602060586214066,,,,,,,,
,,,,,,,,,8.603300330033003e-07,13034,,,,,,,,,
43,,,,,,,,,,13034,0.036156270653009415,,,,,,,,
,,,,,,,,,8.606600660066006e-07,13039,,,,,,,,,
43,,,,,,,,,,13039,0.028767459094524384,,,,,,,,
,,,,,,,,,8.609900990099009e-07,13044,,,,,,,,,
43,,,,,,,,,,13044,0.05774565413594246,,,,,,,,
,,,,,,,,,8.613201320132013e-07,13049,,,,,,,,,
43,,,,,,,,,,13049,0.029390867799520493,,,,,,,,
,,,,,,,,,8.616501650165016e-07,13054,,,,,,,,,
43,,,,,,,,,,13054,0.039299849420785904,,,,,,,,
,,,,,,,,,8.61980198019802e-07,13059,,,,,,,,,
43,,,,,,,,,,13059,0.03380526974797249,,,,,,,,
,,,,,,,,,8.623102310231023e-07,13064,,,,,,,,,
43,,,,,,,,,,13064,0.04147007688879967,,,,,,,,
,,,,,,,,,8.626402640264026e-07,13069,,,,,,,,,
43,,,,,,,,,,13069,0.06711014360189438,,,,,,,,
,,,,,,,,,8.629702970297029e-07,13074,,,,,,,,,
43,,,,,,,,,,13074,0.01953626424074173,,,,,,,,
,,,,,,,,,8.633003300330032e-07,13079,,,,,,,,,
43,,,,,,,,,,13079,0.04593438282608986,,,,,,,,
,,,,,,,,,8.636303630363035e-07,13084,,,,,,,,,
43,,,,,,,,,,13084,0.025770539417862892,,,,,,,,
,,,,,,,,,8.639603960396039e-07,13089,,,,,,,,,
43,,,,,,,,,,13089,0.0244069155305624,,,,,,,,
,,,,,,,,,8.642904290429043e-07,13094,,,,,,,,,
43,,,,,,,,,,13094,0.027074921876192093,,,,,,,,
,,,,,,,,,8.646204620462045e-07,13099,,,,,,,,,
43,,,,,,,,,,13099,0.03948668763041496,,,,,,,,
,,,,,,,,,8.649504950495049e-07,13104,,,,,,,,,
43,,,,,,,,,,13104,0.09949877858161926,,,,,,,,
,,,,,,,,,8.652805280528053e-07,13109,,,,,,,,,
43,,,,,,,,,,13109,0.04288873448967934,,,,,,,,
,,,,,,,,,8.656105610561056e-07,13114,,,,,,,,,
43,,,,,,,,,,13114,0.026648640632629395,,,,,,,,
,,,,,,,,,8.659405940594059e-07,13119,,,,,,,,,
43,,,,,,,,,,13119,0.03032437525689602,,,,,,,,
,,,,,,,,,8.662706270627063e-07,13124,,,,,,,,,
43,,,,,,,,,,13124,0.08392311632633209,,,,,,,,
,,,,,,,,,8.666006600660065e-07,13129,,,,,,,,,
43,,,,,,,,,,13129,0.03307429328560829,,,,,,,,
,,,,,,,,,8.669306930693069e-07,13134,,,,,,,,,
43,,,,,,,,,,13134,0.03115646354854107,,,,,,,,
,,,,,,,,,8.672607260726072e-07,13139,,,,,,,,,
43,,,,,,,,,,13139,0.016073934733867645,,,,,,,,
,,,,,,,,,8.675907590759075e-07,13144,,,,,,,,,
43,,,,,,,,,,13144,0.027190428227186203,,,,,,,,
,,,,,,,,,8.679207920792079e-07,13149,,,,,,,,,
43,,,,,,,,,,13149,0.05219322815537453,,,,,,,,
,,,,,,,,,8.682508250825082e-07,13154,,,,,,,,,
43,,,,,,,,,,13154,0.03870880976319313,,,,,,,,
,,,,,,,,,8.685808580858085e-07,13159,,,,,,,,,
43,,,,,,,,,,13159,0.013329464010894299,,,,,,,,
,,,,,,,,,8.689108910891089e-07,13164,,,,,,,,,
43,,,,,,,,,,13164,0.02003582939505577,,,,,,,,
,,,,,,,,,8.692409240924093e-07,13169,,,,,,,,,
43,,,,,,,,,,13169,0.05090356990695,,,,,,,,
,,,,,,,,,8.695709570957095e-07,13174,,,,,,,,,
43,,,,,,,,,,13174,0.04433581605553627,,,,,,,,
,,,,,,,,,8.699009900990098e-07,13179,,,,,,,,,
43,,,,,,,,,,13179,0.03553156927227974,,,,,,,,
,,,,,,,,,8.702310231023102e-07,13184,,,,,,,,,
43,,,,,,,,,,13184,0.01943768374621868,,,,,,,,
,,,,,,,,,8.705610561056105e-07,13189,,,,,,,,,
43,,,,,,,,,,13189,0.01496160589158535,,,,,,,,
,,,,,,,,,8.708910891089108e-07,13194,,,,,,,,,
43,,,,,,,,,,13194,0.03747715428471565,,,,,,,,
,,,,,,,,,8.712211221122112e-07,13199,,,,,,,,,
43,,,,,,,,,,13199,0.04917570576071739,,,,,,,,
,,,,,,,,,8.715511551155115e-07,13204,,,,,,,,,
43,,,,,,,,,,13204,0.025212381035089493,,,,,,,,
,,,,,,,,,8.718811881188118e-07,13209,,,,,,,,,
43,,,,,,,,,,13209,0.01575488969683647,,,,,,,,
,,,,,,,,,8.722112211221122e-07,13214,,,,,,,,,
43,,,,,,,,,,13214,0.04239427670836449,,,,,,,,
,,,,,,,,,8.725412541254125e-07,13219,,,,,,,,,
43,,,,,,,,,,13219,0.017216064035892487,,,,,,,,
,,,,,,,,,8.728712871287129e-07,13224,,,,,,,,,
43,,,,,,,,,,13224,0.08078999072313309,,,,,,,,
,,,,,,,,,8.732013201320132e-07,13229,,,,,,,,,
43,,,,,,,,,,13229,0.03692026808857918,,,,,,,,
,,,,,,,,,8.735313531353134e-07,13234,,,,,,,,,
43,,,,,,,,,,13234,0.018044138327240944,,,,,,,,
,,,,,,,,,8.738613861386138e-07,13239,,,,,,,,,
43,,,,,,,,,,13239,0.03289497643709183,,,,,,,,
,,,,,,,,,8.741914191419142e-07,13244,,,,,,,,,
43,,,,,,,,,,13244,0.06106824055314064,,,,,,,,
,,,,,,,,,8.745214521452144e-07,13249,,,,,,,,,
43,,,,,,,,,,13249,0.0445067435503006,,,,,,,,
,,,,,,,,,8.748514851485148e-07,13254,,,,,,,,,
43,,,,,,,,,,13254,0.025653496384620667,,,,,,,,
,,,,,,,,,8.751815181518152e-07,13259,,,,,,,,,
43,,,,,,,,,,13259,0.05289502069354057,,,,,,,,
,,,,,,,,,8.755115511551154e-07,13264,,,,,,,,,
43,,,,,,,,,,13264,0.010300861671566963,,,,,,,,
,,,,,,,,,8.758415841584158e-07,13269,,,,,,,,,
43,,,,,,,,,,13269,0.009858375415205956,,,,,,,,
,,,,,,,,,8.761716171617162e-07,13274,,,,,,,,,
43,,,,,,,,,,13274,0.020297864452004433,,,,,,,,
,,,,,,,,,8.765016501650165e-07,13279,,,,,,,,,
43,,,,,,,,,,13279,0.04456322640180588,,,,,,,,
,,,,,,,,,8.768316831683168e-07,13284,,,,,,,,,
43,,,,,,,,,,13284,0.08313220739364624,,,,,,,,
,,,,,,,,,8.771617161716171e-07,13289,,,,,,,,,
43,,,,,,,,,,13289,0.03657475858926773,,,,,,,,
,,,,,,,,,8.774917491749174e-07,13294,,,,,,,,,
43,,,,,,,,,,13294,0.011270464397966862,,,,,,,,
,,,,,,,,,8.778217821782178e-07,13299,,,,,,,,,
43,,,,,,,,,,13299,0.012481894344091415,,,,,,,,
,,,,,,,,,8.781518151815181e-07,13304,,,,,,,,,
43,,,,,,,,,,13304,0.028359385207295418,,,,,,,,
,,,,,,,,,8.784818481848184e-07,13309,,,,,,,,,
43,,,,,,,,,,13309,0.0509842187166214,,,,,,,,
,,,,,,,,,8.788118811881188e-07,13314,,,,,,,,,
43,,,,,,,,,,13314,0.04187984764575958,,,,,,,,
,,,,,,,,,8.791419141914192e-07,13319,,,,,,,,,
43,,,,,,,,,,13319,0.039090048521757126,,,,,,,,
,,,,,,,,,8.794719471947194e-07,13324,,,,,,,,,
43,,,,,,,,,,13324,0.01632477529346943,,,,,,,,
,,,,,,,,,8.798019801980198e-07,13329,,,,,,,,,
43,,,,,,,,,,13329,0.03466467186808586,,,,,,,,
43,,,,,,,,,,13331,,0.6812499761581421,0.7272727489471436,0.07999478280544281,0.07999478280544281,0.3717673718929291,0.7010309100151062,0.7555555701255798,0.3940936326980591
,,,,,,,,,8.801320132013202e-07,13334,,,,,,,,,
44,,,,,,,,,,13334,0.0341947115957737,,,,,,,,
,,,,,,,,,8.804620462046203e-07,13339,,,,,,,,,
44,,,,,,,,,,13339,0.010323512367904186,,,,,,,,
,,,,,,,,,8.807920792079207e-07,13344,,,,,,,,,
44,,,,,,,,,,13344,0.008753648027777672,,,,,,,,
,,,,,,,,,8.811221122112211e-07,13349,,,,,,,,,
44,,,,,,,,,,13349,0.03176795691251755,,,,,,,,
,,,,,,,,,8.814521452145214e-07,13354,,,,,,,,,
44,,,,,,,,,,13354,0.014908700250089169,,,,,,,,
,,,,,,,,,8.817821782178217e-07,13359,,,,,,,,,
44,,,,,,,,,,13359,0.05579647421836853,,,,,,,,
,,,,,,,,,8.821122112211221e-07,13364,,,,,,,,,
44,,,,,,,,,,13364,0.017741747200489044,,,,,,,,
,,,,,,,,,8.824422442244224e-07,13369,,,,,,,,,
44,,,,,,,,,,13369,0.04212676361203194,,,,,,,,
,,,,,,,,,8.827722772277228e-07,13374,,,,,,,,,
44,,,,,,,,,,13374,0.027097083628177643,,,,,,,,
,,,,,,,,,8.831023102310231e-07,13379,,,,,,,,,
44,,,,,,,,,,13379,0.03294684365391731,,,,,,,,
,,,,,,,,,8.834323432343234e-07,13384,,,,,,,,,
44,,,,,,,,,,13384,0.013081245124340057,,,,,,,,
,,,,,,,,,8.837623762376238e-07,13389,,,,,,,,,
44,,,,,,,,,,13389,0.035206303000450134,,,,,,,,
,,,,,,,,,8.840924092409241e-07,13394,,,,,,,,,
44,,,,,,,,,,13394,0.029573487117886543,,,,,,,,
,,,,,,,,,8.844224422442243e-07,13399,,,,,,,,,
44,,,,,,,,,,13399,0.01584121398627758,,,,,,,,
,,,,,,,,,8.847524752475247e-07,13404,,,,,,,,,
44,,,,,,,,,,13404,0.06608028709888458,,,,,,,,
,,,,,,,,,8.850825082508251e-07,13409,,,,,,,,,
44,,,,,,,,,,13409,0.019642004743218422,,,,,,,,
,,,,,,,,,8.854125412541253e-07,13414,,,,,,,,,
44,,,,,,,,,,13414,0.02678328938782215,,,,,,,,
,,,,,,,,,8.857425742574257e-07,13419,,,,,,,,,
44,,,,,,,,,,13419,0.0443391352891922,,,,,,,,
,,,,,,,,,8.860726072607261e-07,13424,,,,,,,,,
44,,,,,,,,,,13424,0.018637333065271378,,,,,,,,
,,,,,,,,,8.864026402640264e-07,13429,,,,,,,,,
44,,,,,,,,,,13429,0.021273517981171608,,,,,,,,
,,,,,,,,,8.867326732673267e-07,13434,,,,,,,,,
44,,,,,,,,,,13434,0.04093534126877785,,,,,,,,
,,,,,,,,,8.870627062706271e-07,13439,,,,,,,,,
44,,,,,,,,,,13439,0.04241318628191948,,,,,,,,
,,,,,,,,,8.873927392739274e-07,13444,,,,,,,,,
44,,,,,,,,,,13444,0.08773031830787659,,,,,,,,
,,,,,,,,,8.877227722772276e-07,13449,,,,,,,,,
44,,,,,,,,,,13449,0.0765286460518837,,,,,,,,
,,,,,,,,,8.88052805280528e-07,13454,,,,,,,,,
44,,,,,,,,,,13454,0.04722820967435837,,,,,,,,
,,,,,,,,,8.883828382838283e-07,13459,,,,,,,,,
44,,,,,,,,,,13459,0.02323964424431324,,,,,,,,
,,,,,,,,,8.887128712871287e-07,13464,,,,,,,,,
44,,,,,,,,,,13464,0.020066749304533005,,,,,,,,
,,,,,,,,,8.89042904290429e-07,13469,,,,,,,,,
44,,,,,,,,,,13469,0.0588216632604599,,,,,,,,
,,,,,,,,,8.893729372937293e-07,13474,,,,,,,,,
44,,,,,,,,,,13474,0.015861311927437782,,,,,,,,
,,,,,,,,,8.897029702970297e-07,13479,,,,,,,,,
44,,,,,,,,,,13479,0.025068534538149834,,,,,,,,
,,,,,,,,,8.900330033003301e-07,13484,,,,,,,,,
44,,,,,,,,,,13484,0.03249157965183258,,,,,,,,
,,,,,,,,,8.903630363036303e-07,13489,,,,,,,,,
44,,,,,,,,,,13489,0.0748884305357933,,,,,,,,
,,,,,,,,,8.906930693069307e-07,13494,,,,,,,,,
44,,,,,,,,,,13494,0.014712055213749409,,,,,,,,
,,,,,,,,,8.910231023102311e-07,13499,,,,,,,,,
44,,,,,,,,,,13499,0.03923441842198372,,,,,,,,
,,,,,,,,,8.913531353135312e-07,13504,,,,,,,,,
44,,,,,,,,,,13504,0.03151537477970123,,,,,,,,
,,,,,,,,,8.916831683168316e-07,13509,,,,,,,,,
44,,,,,,,,,,13509,0.024203797802329063,,,,,,,,
,,,,,,,,,8.92013201320132e-07,13514,,,,,,,,,
44,,,,,,,,,,13514,0.018780367448925972,,,,,,,,
,,,,,,,,,8.923432343234323e-07,13519,,,,,,,,,
44,,,,,,,,,,13519,0.020715905353426933,,,,,,,,
,,,,,,,,,8.926732673267326e-07,13524,,,,,,,,,
44,,,,,,,,,,13524,0.05447050556540489,,,,,,,,
,,,,,,,,,8.93003300330033e-07,13529,,,,,,,,,
44,,,,,,,,,,13529,0.027854887768626213,,,,,,,,
,,,,,,,,,8.933333333333333e-07,13534,,,,,,,,,
44,,,,,,,,,,13534,0.02328205481171608,,,,,,,,
,,,,,,,,,8.936633663366337e-07,13539,,,,,,,,,
44,,,,,,,,,,13539,0.03237515315413475,,,,,,,,
,,,,,,,,,8.93993399339934e-07,13544,,,,,,,,,
44,,,,,,,,,,13544,0.00543567817658186,,,,,,,,
,,,,,,,,,8.943234323432343e-07,13549,,,,,,,,,
44,,,,,,,,,,13549,0.04059991613030434,,,,,,,,
,,,,,,,,,8.946534653465347e-07,13554,,,,,,,,,
44,,,,,,,,,,13554,0.013542464934289455,,,,,,,,
,,,,,,,,,8.94983498349835e-07,13559,,,,,,,,,
44,,,,,,,,,,13559,0.0224066823720932,,,,,,,,
,,,,,,,,,8.953135313531352e-07,13564,,,,,,,,,
44,,,,,,,,,,13564,0.02503012679517269,,,,,,,,
,,,,,,,,,8.956435643564356e-07,13569,,,,,,,,,
44,,,,,,,,,,13569,0.013803176581859589,,,,,,,,
,,,,,,,,,8.959735973597359e-07,13574,,,,,,,,,
44,,,,,,,,,,13574,0.05913584306836128,,,,,,,,
,,,,,,,,,8.963036303630362e-07,13579,,,,,,,,,
44,,,,,,,,,,13579,0.017466077581048012,,,,,,,,
,,,,,,,,,8.966336633663366e-07,13584,,,,,,,,,
44,,,,,,,,,,13584,0.02880021184682846,,,,,,,,
,,,,,,,,,8.969636963696369e-07,13589,,,,,,,,,
44,,,,,,,,,,13589,0.03693724051117897,,,,,,,,
,,,,,,,,,8.972937293729373e-07,13594,,,,,,,,,
44,,,,,,,,,,13594,0.025629593059420586,,,,,,,,
,,,,,,,,,8.976237623762376e-07,13599,,,,,,,,,
44,,,,,,,,,,13599,0.03677626699209213,,,,,,,,
,,,,,,,,,8.979537953795379e-07,13604,,,,,,,,,
44,,,,,,,,,,13604,0.021639317274093628,,,,,,,,
,,,,,,,,,8.982838283828382e-07,13609,,,,,,,,,
44,,,,,,,,,,13609,0.039622917771339417,,,,,,,,
,,,,,,,,,8.986138613861386e-07,13614,,,,,,,,,
44,,,,,,,,,,13614,0.0379164032638073,,,,,,,,
,,,,,,,,,8.989438943894388e-07,13619,,,,,,,,,
44,,,,,,,,,,13619,0.04966093972325325,,,,,,,,
,,,,,,,,,8.992739273927392e-07,13624,,,,,,,,,
44,,,,,,,,,,13624,0.03626592084765434,,,,,,,,
,,,,,,,,,8.996039603960396e-07,13629,,,,,,,,,
44,,,,,,,,,,13629,0.05089452117681503,,,,,,,,
,,,,,,,,,8.999339933993398e-07,13634,,,,,,,,,
44,,,,,,,,,,13634,0.028896624222397804,,,,,,,,
44,,,,,,,,,,13634,,0.6875,0.7311828136444092,0.08098917454481125,0.08098917454481125,0.3833257555961609,0.7083333134651184,0.7555555701255798,0.39977237582206726
,,,,,,,,,9.002640264026402e-07,13639,,,,,,,,,
45,,,,,,,,,,13639,0.03407260403037071,,,,,,,,
,,,,,,,,,9.005940594059406e-07,13644,,,,,,,,,
45,,,,,,,,,,13644,0.02679552510380745,,,,,,,,
,,,,,,,,,9.009240924092409e-07,13649,,,,,,,,,
45,,,,,,,,,,13649,0.024165259674191475,,,,,,,,
,,,,,,,,,9.012541254125412e-07,13654,,,,,,,,,
45,,,,,,,,,,13654,0.0641908347606659,,,,,,,,
,,,,,,,,,9.015841584158416e-07,13659,,,,,,,,,
45,,,,,,,,,,13659,0.03479056432843208,,,,,,,,
,,,,,,,,,9.019141914191418e-07,13664,,,,,,,,,
45,,,,,,,,,,13664,0.010145936161279678,,,,,,,,
,,,,,,,,,9.022442244224422e-07,13669,,,,,,,,,
45,,,,,,,,,,13669,0.046662718057632446,,,,,,,,
,,,,,,,,,9.025742574257425e-07,13674,,,,,,,,,
45,,,,,,,,,,13674,0.04013679549098015,,,,,,,,
,,,,,,,,,9.029042904290428e-07,13679,,,,,,,,,
45,,,,,,,,,,13679,0.04030301049351692,,,,,,,,
,,,,,,,,,9.032343234323432e-07,13684,,,,,,,,,
45,,,,,,,,,,13684,0.02199401520192623,,,,,,,,
,,,,,,,,,9.035643564356435e-07,13689,,,,,,,,,
45,,,,,,,,,,13689,0.031167512759566307,,,,,,,,
,,,,,,,,,9.038943894389438e-07,13694,,,,,,,,,
45,,,,,,,,,,13694,0.019732313230633736,,,,,,,,
,,,,,,,,,9.042244224422442e-07,13699,,,,,,,,,
45,,,,,,,,,,13699,0.0402878001332283,,,,,,,,
,,,,,,,,,9.045544554455446e-07,13704,,,,,,,,,
45,,,,,,,,,,13704,0.047016240656375885,,,,,,,,
,,,,,,,,,9.048844884488448e-07,13709,,,,,,,,,
45,,,,,,,,,,13709,0.026511959731578827,,,,,,,,
,,,,,,,,,9.052145214521452e-07,13714,,,,,,,,,
45,,,,,,,,,,13714,0.02062201127409935,,,,,,,,
,,,,,,,,,9.055445544554455e-07,13719,,,,,,,,,
45,,,,,,,,,,13719,0.026429392397403717,,,,,,,,
,,,,,,,,,9.058745874587458e-07,13724,,,,,,,,,
45,,,,,,,,,,13724,0.033711228519678116,,,,,,,,
,,,,,,,,,9.062046204620461e-07,13729,,,,,,,,,
45,,,,,,,,,,13729,0.013721845112740993,,,,,,,,
,,,,,,,,,9.065346534653465e-07,13734,,,,,,,,,
45,,,,,,,,,,13734,0.09390393644571304,,,,,,,,
,,,,,,,,,9.068646864686468e-07,13739,,,,,,,,,
45,,,,,,,,,,13739,0.020319655537605286,,,,,,,,
,,,,,,,,,9.071947194719471e-07,13744,,,,,,,,,
45,,,,,,,,,,13744,0.017983485013246536,,,,,,,,
,,,,,,,,,9.075247524752475e-07,13749,,,,,,,,,
45,,,,,,,,,,13749,0.010914104990661144,,,,,,,,
,,,,,,,,,9.078547854785478e-07,13754,,,,,,,,,
45,,,,,,,,,,13754,0.012171185575425625,,,,,,,,
,,,,,,,,,9.081848184818482e-07,13759,,,,,,,,,
45,,,,,,,,,,13759,0.07460905611515045,,,,,,,,
,,,,,,,,,9.085148514851485e-07,13764,,,,,,,,,
45,,,,,,,,,,13764,0.03198138624429703,,,,,,,,
,,,,,,,,,9.088448844884487e-07,13769,,,,,,,,,
45,,,,,,,,,,13769,0.016298379749059677,,,,,,,,
,,,,,,,,,9.091749174917491e-07,13774,,,,,,,,,
45,,,,,,,,,,13774,0.04151099920272827,,,,,,,,
,,,,,,,,,9.095049504950495e-07,13779,,,,,,,,,
45,,,,,,,,,,13779,0.045445363968610764,,,,,,,,
,,,,,,,,,9.098349834983497e-07,13784,,,,,,,,,
45,,,,,,,,,,13784,0.017930857837200165,,,,,,,,
,,,,,,,,,9.101650165016501e-07,13789,,,,,,,,,
45,,,,,,,,,,13789,0.018048681318759918,,,,,,,,
,,,,,,,,,9.104950495049505e-07,13794,,,,,,,,,
45,,,,,,,,,,13794,0.03124304488301277,,,,,,,,
,,,,,,,,,9.108250825082507e-07,13799,,,,,,,,,
45,,,,,,,,,,13799,0.021989447996020317,,,,,,,,
,,,,,,,,,9.111551155115511e-07,13804,,,,,,,,,
45,,,,,,,,,,13804,0.02835206128656864,,,,,,,,
,,,,,,,,,9.114851485148515e-07,13809,,,,,,,,,
45,,,,,,,,,,13809,0.010734643787145615,,,,,,,,
,,,,,,,,,9.118151815181518e-07,13814,,,,,,,,,
45,,,,,,,,,,13814,0.022796068340539932,,,,,,,,
,,,,,,,,,9.121452145214521e-07,13819,,,,,,,,,
45,,,,,,,,,,13819,0.027664026245474815,,,,,,,,
,,,,,,,,,9.124752475247524e-07,13824,,,,,,,,,
45,,,,,,,,,,13824,0.01400193851441145,,,,,,,,
,,,,,,,,,9.128052805280527e-07,13829,,,,,,,,,
45,,,,,,,,,,13829,0.04488711059093475,,,,,,,,
,,,,,,,,,9.131353135313531e-07,13834,,,,,,,,,
45,,,,,,,,,,13834,0.024708641692996025,,,,,,,,
,,,,,,,,,9.134653465346534e-07,13839,,,,,,,,,
45,,,,,,,,,,13839,0.020750654861330986,,,,,,,,
,,,,,,,,,9.137953795379537e-07,13844,,,,,,,,,
45,,,,,,,,,,13844,0.0244259275496006,,,,,,,,
,,,,,,,,,9.141254125412541e-07,13849,,,,,,,,,
45,,,,,,,,,,13849,0.009619349613785744,,,,,,,,
,,,,,,,,,9.144554455445545e-07,13854,,,,,,,,,
45,,,,,,,,,,13854,0.05344652384519577,,,,,,,,
,,,,,,,,,9.147854785478547e-07,13859,,,,,,,,,
45,,,,,,,,,,13859,0.017155053094029427,,,,,,,,
,,,,,,,,,9.151155115511551e-07,13864,,,,,,,,,
45,,,,,,,,,,13864,0.0304563045501709,,,,,,,,
,,,,,,,,,9.154455445544555e-07,13869,,,,,,,,,
45,,,,,,,,,,13869,0.0483727902173996,,,,,,,,
,,,,,,,,,9.157755775577557e-07,13874,,,,,,,,,
45,,,,,,,,,,13874,0.01902679353952408,,,,,,,,
,,,,,,,,,9.16105610561056e-07,13879,,,,,,,,,
45,,,,,,,,,,13879,0.014717387966811657,,,,,,,,
,,,,,,,,,9.164356435643564e-07,13884,,,,,,,,,
45,,,,,,,,,,13884,0.028894836083054543,,,,,,,,
,,,,,,,,,9.167656765676567e-07,13889,,,,,,,,,
45,,,,,,,,,,13889,0.08075016736984253,,,,,,,,
,,,,,,,,,9.17095709570957e-07,13894,,,,,,,,,
45,,,,,,,,,,13894,0.05661104992032051,,,,,,,,
,,,,,,,,,9.174257425742574e-07,13899,,,,,,,,,
45,,,,,,,,,,13899,0.030382346361875534,,,,,,,,
,,,,,,,,,9.177557755775577e-07,13904,,,,,,,,,
45,,,,,,,,,,13904,0.048008013516664505,,,,,,,,
,,,,,,,,,9.180858085808581e-07,13909,,,,,,,,,
45,,,,,,,,,,13909,0.06253547221422195,,,,,,,,
,,,,,,,,,9.184158415841584e-07,13914,,,,,,,,,
45,,,,,,,,,,13914,0.02212219312787056,,,,,,,,
,,,,,,,,,9.187458745874587e-07,13919,,,,,,,,,
45,,,,,,,,,,13919,0.01596386544406414,,,,,,,,
,,,,,,,,,9.190759075907591e-07,13924,,,,,,,,,
45,,,,,,,,,,13924,0.028998807072639465,,,,,,,,
,,,,,,,,,9.194059405940595e-07,13929,,,,,,,,,
45,,,,,,,,,,13929,0.020090946927666664,,,,,,,,
,,,,,,,,,9.197359735973596e-07,13934,,,,,,,,,
45,,,,,,,,,,13934,0.012462474405765533,,,,,,,,
45,,,,,,,,,,13937,,0.675000011920929,0.717391312122345,0.07766707241535187,0.07766707241535187,0.3897956311702728,0.7021276354789734,0.7333333492279053,0.40415021777153015
,,,,,,,,,9.2006600660066e-07,13939,,,,,,,,,
46,,,,,,,,,,13939,0.04135001450777054,,,,,,,,
,,,,,,,,,9.203960396039604e-07,13944,,,,,,,,,
46,,,,,,,,,,13944,0.035323578864336014,,,,,,,,
,,,,,,,,,9.207260726072606e-07,13949,,,,,,,,,
46,,,,,,,,,,13949,0.028645841404795647,,,,,,,,
,,,,,,,,,9.21056105610561e-07,13954,,,,,,,,,
46,,,,,,,,,,13954,0.03538614138960838,,,,,,,,
,,,,,,,,,9.213861386138614e-07,13959,,,,,,,,,
46,,,,,,,,,,13959,0.06119653582572937,,,,,,,,
,,,,,,,,,9.217161716171617e-07,13964,,,,,,,,,
46,,,,,,,,,,13964,0.016946695744991302,,,,,,,,
,,,,,,,,,9.22046204620462e-07,13969,,,,,,,,,
46,,,,,,,,,,13969,0.037840694189071655,,,,,,,,
,,,,,,,,,9.223762376237624e-07,13974,,,,,,,,,
46,,,,,,,,,,13974,0.02503082901239395,,,,,,,,
,,,,,,,,,9.227062706270627e-07,13979,,,,,,,,,
46,,,,,,,,,,13979,0.00461001368239522,,,,,,,,
,,,,,,,,,9.23036303630363e-07,13984,,,,,,,,,
46,,,,,,,,,,13984,0.050976578146219254,,,,,,,,
,,,,,,,,,9.233663366336633e-07,13989,,,,,,,,,
46,,,,,,,,,,13989,0.04662971571087837,,,,,,,,
,,,,,,,,,9.236963696369636e-07,13994,,,,,,,,,
46,,,,,,,,,,13994,0.030971378087997437,,,,,,,,
,,,,,,,,,9.24026402640264e-07,13999,,,,,,,,,
46,,,,,,,,,,13999,0.043014295399188995,,,,,,,,
,,,,,,,,,9.243564356435643e-07,14004,,,,,,,,,
46,,,,,,,,,,14004,0.031970031559467316,,,,,,,,
,,,,,,,,,9.246864686468646e-07,14009,,,,,,,,,
46,,,,,,,,,,14009,0.03143644705414772,,,,,,,,
,,,,,,,,,9.25016501650165e-07,14014,,,,,,,,,
46,,,,,,,,,,14014,0.03614677116274834,,,,,,,,
,,,,,,,,,9.253465346534654e-07,14019,,,,,,,,,
46,,,,,,,,,,14019,0.03512246161699295,,,,,,,,
,,,,,,,,,9.256765676567656e-07,14024,,,,,,,,,
46,,,,,,,,,,14024,0.05855671688914299,,,,,,,,
,,,,,,,,,9.26006600660066e-07,14029,,,,,,,,,
46,,,,,,,,,,14029,0.055610835552215576,,,,,,,,
,,,,,,,,,9.263366336633664e-07,14034,,,,,,,,,
46,,,,,,,,,,14034,0.021348224952816963,,,,,,,,
,,,,,,,,,9.266666666666665e-07,14039,,,,,,,,,
46,,,,,,,,,,14039,0.026411598548293114,,,,,,,,
,,,,,,,,,9.269966996699669e-07,14044,,,,,,,,,
46,,,,,,,,,,14044,0.03291910141706467,,,,,,,,
,,,,,,,,,9.273267326732673e-07,14049,,,,,,,,,
46,,,,,,,,,,14049,0.03346957266330719,,,,,,,,
,,,,,,,,,9.276567656765676e-07,14054,,,,,,,,,
46,,,,,,,,,,14054,0.017814936116337776,,,,,,,,
,,,,,,,,,9.279867986798679e-07,14059,,,,,,,,,
46,,,,,,,,,,14059,0.03338920697569847,,,,,,,,
,,,,,,,,,9.283168316831683e-07,14064,,,,,,,,,
46,,,,,,,,,,14064,0.03196307271718979,,,,,,,,
,,,,,,,,,9.286468646864686e-07,14069,,,,,,,,,
46,,,,,,,,,,14069,0.028300728648900986,,,,,,,,
,,,,,,,,,9.28976897689769e-07,14074,,,,,,,,,
46,,,,,,,,,,14074,0.02453436516225338,,,,,,,,
,,,,,,,,,9.293069306930693e-07,14079,,,,,,,,,
46,,,,,,,,,,14079,0.04714707285165787,,,,,,,,
,,,,,,,,,9.296369636963696e-07,14084,,,,,,,,,
46,,,,,,,,,,14084,0.030665788799524307,,,,,,,,
,,,,,,,,,9.2996699669967e-07,14089,,,,,,,,,
46,,,,,,,,,,14089,0.02091783843934536,,,,,,,,
,,,,,,,,,9.302970297029703e-07,14094,,,,,,,,,
46,,,,,,,,,,14094,0.01823994517326355,,,,,,,,
,,,,,,,,,9.306270627062705e-07,14099,,,,,,,,,
46,,,,,,,,,,14099,0.02120838314294815,,,,,,,,
,,,,,,,,,9.309570957095709e-07,14104,,,,,,,,,
46,,,,,,,,,,14104,0.0076829819008708,,,,,,,,
,,,,,,,,,9.312871287128713e-07,14109,,,,,,,,,
46,,,,,,,,,,14109,0.024639679118990898,,,,,,,,
,,,,,,,,,9.316171617161715e-07,14114,,,,,,,,,
46,,,,,,,,,,14114,0.06978224217891693,,,,,,,,
,,,,,,,,,9.319471947194719e-07,14119,,,,,,,,,
46,,,,,,,,,,14119,0.017770880833268166,,,,,,,,
,,,,,,,,,9.322772277227723e-07,14124,,,,,,,,,
46,,,,,,,,,,14124,0.023438334465026855,,,,,,,,
,,,,,,,,,9.326072607260726e-07,14129,,,,,,,,,
46,,,,,,,,,,14129,0.02767784707248211,,,,,,,,
,,,,,,,,,9.329372937293729e-07,14134,,,,,,,,,
46,,,,,,,,,,14134,0.04664700850844383,,,,,,,,
,,,,,,,,,9.332673267326733e-07,14139,,,,,,,,,
46,,,,,,,,,,14139,0.035064853727817535,,,,,,,,
,,,,,,,,,9.335973597359736e-07,14144,,,,,,,,,
46,,,,,,,,,,14144,0.02884521335363388,,,,,,,,
,,,,,,,,,9.339273927392739e-07,14149,,,,,,,,,
46,,,,,,,,,,14149,0.028936797752976418,,,,,,,,
,,,,,,,,,9.342574257425742e-07,14154,,,,,,,,,
46,,,,,,,,,,14154,0.026409663259983063,,,,,,,,
,,,,,,,,,9.345874587458745e-07,14159,,,,,,,,,
46,,,,,,,,,,14159,0.024323999881744385,,,,,,,,
,,,,,,,,,9.349174917491749e-07,14164,,,,,,,,,
46,,,,,,,,,,14164,0.00972534529864788,,,,,,,,
,,,,,,,,,9.352475247524752e-07,14169,,,,,,,,,
46,,,,,,,,,,14169,0.021338291466236115,,,,,,,,
,,,,,,,,,9.355775577557755e-07,14174,,,,,,,,,
46,,,,,,,,,,14174,0.029103782027959824,,,,,,,,
,,,,,,,,,9.359075907590759e-07,14179,,,,,,,,,
46,,,,,,,,,,14179,0.03597179427742958,,,,,,,,
,,,,,,,,,9.362376237623763e-07,14184,,,,,,,,,
46,,,,,,,,,,14184,0.015352263115346432,,,,,,,,
,,,,,,,,,9.365676567656765e-07,14189,,,,,,,,,
46,,,,,,,,,,14189,0.0396643802523613,,,,,,,,
,,,,,,,,,9.368976897689769e-07,14194,,,,,,,,,
46,,,,,,,,,,14194,0.02341482974588871,,,,,,,,
,,,,,,,,,9.372277227722773e-07,14199,,,,,,,,,
46,,,,,,,,,,14199,0.009112990461289883,,,,,,,,
,,,,,,,,,9.375577557755775e-07,14204,,,,,,,,,
46,,,,,,,,,,14204,0.01817834936082363,,,,,,,,
,,,,,,,,,9.378877887788778e-07,14209,,,,,,,,,
46,,,,,,,,,,14209,0.011057592928409576,,,,,,,,
,,,,,,,,,9.382178217821781e-07,14214,,,,,,,,,
46,,,,,,,,,,14214,0.0189257450401783,,,,,,,,
,,,,,,,,,9.385478547854785e-07,14219,,,,,,,,,
46,,,,,,,,,,14219,0.026709316298365593,,,,,,,,
,,,,,,,,,9.388778877887789e-07,14224,,,,,,,,,
46,,,,,,,,,,14224,0.0650278851389885,,,,,,,,
,,,,,,,,,9.392079207920791e-07,14229,,,,,,,,,
46,,,,,,,,,,14229,0.011019392870366573,,,,,,,,
,,,,,,,,,9.395379537953795e-07,14234,,,,,,,,,
46,,,,,,,,,,14234,0.05190082639455795,,,,,,,,
,,,,,,,,,9.398679867986799e-07,14239,,,,,,,,,
46,,,,,,,,,,14239,0.014357379637658596,,,,,,,,
46,,,,,,,,,,14240,,0.6812499761581421,0.7182320356369019,0.079014852643013,0.079014852643013,0.3861754238605499,0.7142857313156128,0.7222222089767456,0.3958990275859833
,,,,,,,,,9.401980198019801e-07,14244,,,,,,,,,
47,,,,,,,,,,14244,0.019900687038898468,,,,,,,,
,,,,,,,,,9.405280528052805e-07,14249,,,,,,,,,
47,,,,,,,,,,14249,0.01970113068819046,,,,,,,,
,,,,,,,,,9.408580858085808e-07,14254,,,,,,,,,
47,,,,,,,,,,14254,0.03930855542421341,,,,,,,,
,,,,,,,,,9.411881188118811e-07,14259,,,,,,,,,
47,,,,,,,,,,14259,0.07040917873382568,,,,,,,,
,,,,,,,,,9.415181518151814e-07,14264,,,,,,,,,
47,,,,,,,,,,14264,0.04161093011498451,,,,,,,,
,,,,,,,,,9.418481848184818e-07,14269,,,,,,,,,
47,,,,,,,,,,14269,0.06209983676671982,,,,,,,,
,,,,,,,,,9.421782178217821e-07,14274,,,,,,,,,
47,,,,,,,,,,14274,0.012356879189610481,,,,,,,,
,,,,,,,,,9.425082508250825e-07,14279,,,,,,,,,
47,,,,,,,,,,14279,0.020958034321665764,,,,,,,,
,,,,,,,,,9.428382838283828e-07,14284,,,,,,,,,
47,,,,,,,,,,14284,0.01988675631582737,,,,,,,,
,,,,,,,,,9.431683168316831e-07,14289,,,,,,,,,
47,,,,,,,,,,14289,0.03882136940956116,,,,,,,,
,,,,,,,,,9.434983498349835e-07,14294,,,,,,,,,
47,,,,,,,,,,14294,0.012325072661042213,,,,,,,,
,,,,,,,,,9.438283828382838e-07,14299,,,,,,,,,
47,,,,,,,,,,14299,0.07775085419416428,,,,,,,,
,,,,,,,,,9.441584158415841e-07,14304,,,,,,,,,
47,,,,,,,,,,14304,0.06849654763936996,,,,,,,,
,,,,,,,,,9.444884488448844e-07,14309,,,,,,,,,
47,,,,,,,,,,14309,0.01589074917137623,,,,,,,,
,,,,,,,,,9.448184818481848e-07,14314,,,,,,,,,
47,,,,,,,,,,14314,0.030903629958629608,,,,,,,,
,,,,,,,,,9.45148514851485e-07,14319,,,,,,,,,
47,,,,,,,,,,14319,0.014705698937177658,,,,,,,,
,,,,,,,,,9.454785478547854e-07,14324,,,,,,,,,
47,,,,,,,,,,14324,0.013993881642818451,,,,,,,,
,,,,,,,,,9.458085808580858e-07,14329,,,,,,,,,
47,,,,,,,,,,14329,0.007085707504302263,,,,,,,,
,,,,,,,,,9.46138613861386e-07,14334,,,,,,,,,
47,,,,,,,,,,14334,0.012356540188193321,,,,,,,,
,,,,,,,,,9.464686468646864e-07,14339,,,,,,,,,
47,,,,,,,,,,14339,0.02143361233174801,,,,,,,,
,,,,,,,,,9.467986798679868e-07,14344,,,,,,,,,
47,,,,,,,,,,14344,0.024685321375727654,,,,,,,,
,,,,,,,,,9.471287128712871e-07,14349,,,,,,,,,
47,,,,,,,,,,14349,0.014591585844755173,,,,,,,,
,,,,,,,,,9.474587458745874e-07,14354,,,,,,,,,
47,,,,,,,,,,14354,0.011768851429224014,,,,,,,,
,,,,,,,,,9.477887788778878e-07,14359,,,,,,,,,
47,,,,,,,,,,14359,0.008557028137147427,,,,,,,,
,,,,,,,,,9.48118811881188e-07,14364,,,,,,,,,
47,,,,,,,,,,14364,0.029091855511069298,,,,,,,,
,,,,,,,,,9.484488448844884e-07,14369,,,,,,,,,
47,,,,,,,,,,14369,0.018167322501540184,,,,,,,,
,,,,,,,,,9.487788778877887e-07,14374,,,,,,,,,
47,,,,,,,,,,14374,0.023032905533909798,,,,,,,,
,,,,,,,,,9.49108910891089e-07,14379,,,,,,,,,
47,,,,,,,,,,14379,0.04260893538594246,,,,,,,,
,,,,,,,,,9.494389438943894e-07,14384,,,,,,,,,
47,,,,,,,,,,14384,0.04351332411170006,,,,,,,,
,,,,,,,,,9.497689768976898e-07,14389,,,,,,,,,
47,,,,,,,,,,14389,0.018406298011541367,,,,,,,,
,,,,,,,,,9.5009900990099e-07,14394,,,,,,,,,
47,,,,,,,,,,14394,0.03488151356577873,,,,,,,,
,,,,,,,,,9.504290429042904e-07,14399,,,,,,,,,
47,,,,,,,,,,14399,0.036155231297016144,,,,,,,,
,,,,,,,,,9.507590759075908e-07,14404,,,,,,,,,
47,,,,,,,,,,14404,0.038689471781253815,,,,,,,,
,,,,,,,,,9.51089108910891e-07,14409,,,,,,,,,
47,,,,,,,,,,14409,0.05339588597416878,,,,,,,,
,,,,,,,,,9.514191419141913e-07,14414,,,,,,,,,
47,,,,,,,,,,14414,0.023831699043512344,,,,,,,,
,,,,,,,,,9.517491749174917e-07,14419,,,,,,,,,
47,,,,,,,,,,14419,0.07143886387348175,,,,,,,,
,,,,,,,,,9.52079207920792e-07,14424,,,,,,,,,
47,,,,,,,,,,14424,0.019684305414557457,,,,,,,,
,,,,,,,,,9.524092409240923e-07,14429,,,,,,,,,
47,,,,,,,,,,14429,0.034871865063905716,,,,,,,,
,,,,,,,,,9.527392739273927e-07,14434,,,,,,,,,
47,,,,,,,,,,14434,0.030255859717726707,,,,,,,,
,,,,,,,,,9.53069306930693e-07,14439,,,,,,,,,
47,,,,,,,,,,14439,0.0131367864087224,,,,,,,,
,,,,,,,,,9.533993399339934e-07,14444,,,,,,,,,
47,,,,,,,,,,14444,0.039454586803913116,,,,,,,,
,,,,,,,,,9.537293729372937e-07,14449,,,,,,,,,
47,,,,,,,,,,14449,0.0637974664568901,,,,,,,,
,,,,,,,,,9.54059405940594e-07,14454,,,,,,,,,
47,,,,,,,,,,14454,0.01091158576309681,,,,,,,,
,,,,,,,,,9.543894389438943e-07,14459,,,,,,,,,
47,,,,,,,,,,14459,0.023069527000188828,,,,,,,,
,,,,,,,,,9.547194719471948e-07,14464,,,,,,,,,
47,,,,,,,,,,14464,0.023922471329569817,,,,,,,,
,,,,,,,,,9.55049504950495e-07,14469,,,,,,,,,
47,,,,,,,,,,14469,0.062015846371650696,,,,,,,,
,,,,,,,,,9.553795379537953e-07,14474,,,,,,,,,
47,,,,,,,,,,14474,0.029161574319005013,,,,,,,,
,,,,,,,,,9.557095709570958e-07,14479,,,,,,,,,
47,,,,,,,,,,14479,0.020940562710165977,,,,,,,,
,,,,,,,,,9.56039603960396e-07,14484,,,,,,,,,
47,,,,,,,,,,14484,0.023156778886914253,,,,,,,,
,,,,,,,,,9.563696369636963e-07,14489,,,,,,,,,
47,,,,,,,,,,14489,0.031322088092565536,,,,,,,,
,,,,,,,,,9.566996699669968e-07,14494,,,,,,,,,
47,,,,,,,,,,14494,0.028563937172293663,,,,,,,,
,,,,,,,,,9.570297029702969e-07,14499,,,,,,,,,
47,,,,,,,,,,14499,0.03979705646634102,,,,,,,,
,,,,,,,,,9.573597359735973e-07,14504,,,,,,,,,
47,,,,,,,,,,14504,0.01759478636085987,,,,,,,,
,,,,,,,,,9.576897689768976e-07,14509,,,,,,,,,
47,,,,,,,,,,14509,0.02133222483098507,,,,,,,,
,,,,,,,,,9.580198019801979e-07,14514,,,,,,,,,
47,,,,,,,,,,14514,0.0120466947555542,,,,,,,,
,,,,,,,,,9.583498349834984e-07,14519,,,,,,,,,
47,,,,,,,,,,14519,0.024912629276514053,,,,,,,,
,,,,,,,,,9.586798679867986e-07,14524,,,,,,,,,
47,,,,,,,,,,14524,0.02940867468714714,,,,,,,,
,,,,,,,,,9.590099009900989e-07,14529,,,,,,,,,
47,,,,,,,,,,14529,0.010243882425129414,,,,,,,,
,,,,,,,,,9.593399339933994e-07,14534,,,,,,,,,
47,,,,,,,,,,14534,0.0476774238049984,,,,,,,,
,,,,,,,,,9.596699669966996e-07,14539,,,,,,,,,
47,,,,,,,,,,14539,0.01832984946668148,,,,,,,,
47,,,,,,,,,,14543,,0.699999988079071,0.7362637519836426,0.07978685200214386,0.07978685200214386,0.37960684299468994,0.72826087474823,0.7444444298744202,0.38935208320617676
,,,,,,,,,9.6e-07,14544,,,,,,,,,
48,,,,,,,,,,14544,0.041092414408922195,,,,,,,,
,,,,,,,,,9.603300330033002e-07,14549,,,,,,,,,
48,,,,,,,,,,14549,0.02358965203166008,,,,,,,,
,,,,,,,,,9.606600660066007e-07,14554,,,,,,,,,
48,,,,,,,,,,14554,0.023459535092115402,,,,,,,,
,,,,,,,,,9.60990099009901e-07,14559,,,,,,,,,
48,,,,,,,,,,14559,0.0126342149451375,,,,,,,,
,,,,,,,,,9.613201320132012e-07,14564,,,,,,,,,
48,,,,,,,,,,14564,0.023142578080296516,,,,,,,,
,,,,,,,,,9.616501650165017e-07,14569,,,,,,,,,
48,,,,,,,,,,14569,0.012593721970915794,,,,,,,,
,,,,,,,,,9.61980198019802e-07,14574,,,,,,,,,
48,,,,,,,,,,14574,0.012946189381182194,,,,,,,,
,,,,,,,,,9.623102310231022e-07,14579,,,,,,,,,
48,,,,,,,,,,14579,0.022458069026470184,,,,,,,,
,,,,,,,,,9.626402640264027e-07,14584,,,,,,,,,
48,,,,,,,,,,14584,0.02273266762495041,,,,,,,,
,,,,,,,,,9.62970297029703e-07,14589,,,,,,,,,
48,,,,,,,,,,14589,0.0497758612036705,,,,,,,,
,,,,,,,,,9.633003300330032e-07,14594,,,,,,,,,
48,,,,,,,,,,14594,0.02289574220776558,,,,,,,,
,,,,,,,,,9.636303630363037e-07,14599,,,,,,,,,
48,,,,,,,,,,14599,0.036786410957574844,,,,,,,,
,,,,,,,,,9.639603960396038e-07,14604,,,,,,,,,
48,,,,,,,,,,14604,0.017272965982556343,,,,,,,,
,,,,,,,,,9.642904290429043e-07,14609,,,,,,,,,
48,,,,,,,,,,14609,0.02673025242984295,,,,,,,,
,,,,,,,,,9.646204620462045e-07,14614,,,,,,,,,
48,,,,,,,,,,14614,0.01376676931977272,,,,,,,,
,,,,,,,,,9.649504950495048e-07,14619,,,,,,,,,
48,,,,,,,,,,14619,0.015458925627171993,,,,,,,,
,,,,,,,,,9.652805280528053e-07,14624,,,,,,,,,
48,,,,,,,,,,14624,0.013575864024460316,,,,,,,,
,,,,,,,,,9.656105610561056e-07,14629,,,,,,,,,
48,,,,,,,,,,14629,0.03847561776638031,,,,,,,,
,,,,,,,,,9.659405940594058e-07,14634,,,,,,,,,
48,,,,,,,,,,14634,0.03627024590969086,,,,,,,,
,,,,,,,,,9.662706270627063e-07,14639,,,,,,,,,
48,,,,,,,,,,14639,0.025470510125160217,,,,,,,,
,,,,,,,,,9.666006600660066e-07,14644,,,,,,,,,
48,,,,,,,,,,14644,0.034917134791612625,,,,,,,,
,,,,,,,,,9.669306930693068e-07,14649,,,,,,,,,
48,,,,,,,,,,14649,0.07043124735355377,,,,,,,,
,,,,,,,,,9.672607260726073e-07,14654,,,,,,,,,
48,,,,,,,,,,14654,0.04283663630485535,,,,,,,,
,,,,,,,,,9.675907590759076e-07,14659,,,,,,,,,
48,,,,,,,,,,14659,0.022062525153160095,,,,,,,,
,,,,,,,,,9.679207920792079e-07,14664,,,,,,,,,
48,,,,,,,,,,14664,0.02813790552318096,,,,,,,,
,,,,,,,,,9.682508250825081e-07,14669,,,,,,,,,
48,,,,,,,,,,14669,0.04509317874908447,,,,,,,,
,,,,,,,,,9.685808580858086e-07,14674,,,,,,,,,
48,,,,,,,,,,14674,0.04613398760557175,,,,,,,,
,,,,,,,,,9.689108910891089e-07,14679,,,,,,,,,
48,,,,,,,,,,14679,0.04945842921733856,,,,,,,,
,,,,,,,,,9.692409240924092e-07,14684,,,,,,,,,
48,,,,,,,,,,14684,0.012421655468642712,,,,,,,,
,,,,,,,,,9.695709570957096e-07,14689,,,,,,,,,
48,,,,,,,,,,14689,0.01616646721959114,,,,,,,,
,,,,,,,,,9.6990099009901e-07,14694,,,,,,,,,
48,,,,,,,,,,14694,0.018961088731884956,,,,,,,,
,,,,,,,,,9.702310231023102e-07,14699,,,,,,,,,
48,,,,,,,,,,14699,0.02332816645503044,,,,,,,,
,,,,,,,,,9.705610561056107e-07,14704,,,,,,,,,
48,,,,,,,,,,14704,0.050127413123846054,,,,,,,,
,,,,,,,,,9.708910891089107e-07,14709,,,,,,,,,
48,,,,,,,,,,14709,0.016572820022702217,,,,,,,,
,,,,,,,,,9.712211221122112e-07,14714,,,,,,,,,
48,,,,,,,,,,14714,0.018633592873811722,,,,,,,,
,,,,,,,,,9.715511551155115e-07,14719,,,,,,,,,
48,,,,,,,,,,14719,0.019714536145329475,,,,,,,,
,,,,,,,,,9.718811881188117e-07,14724,,,,,,,,,
48,,,,,,,,,,14724,0.008401122875511646,,,,,,,,
,,,,,,,,,9.722112211221122e-07,14729,,,,,,,,,
48,,,,,,,,,,14729,0.019027065485715866,,,,,,,,
,,,,,,,,,9.725412541254125e-07,14734,,,,,,,,,
48,,,,,,,,,,14734,0.039358578622341156,,,,,,,,
,,,,,,,,,9.728712871287128e-07,14739,,,,,,,,,
48,,,,,,,,,,14739,0.005362772848457098,,,,,,,,
,,,,,,,,,9.732013201320132e-07,14744,,,,,,,,,
48,,,,,,,,,,14744,0.012227325700223446,,,,,,,,
,,,,,,,,,9.735313531353135e-07,14749,,,,,,,,,
48,,,,,,,,,,14749,0.02177983708679676,,,,,,,,
,,,,,,,,,9.738613861386138e-07,14754,,,,,,,,,
48,,,,,,,,,,14754,0.027957728132605553,,,,,,,,
,,,,,,,,,9.741914191419143e-07,14759,,,,,,,,,
48,,,,,,,,,,14759,0.017488790675997734,,,,,,,,
,,,,,,,,,9.745214521452145e-07,14764,,,,,,,,,
48,,,,,,,,,,14764,0.030598109588027,,,,,,,,
,,,,,,,,,9.748514851485148e-07,14769,,,,,,,,,
48,,,,,,,,,,14769,0.024842925369739532,,,,,,,,
,,,,,,,,,9.75181518151815e-07,14774,,,,,,,,,
48,,,,,,,,,,14774,0.0166652649641037,,,,,,,,
,,,,,,,,,9.755115511551155e-07,14779,,,,,,,,,
48,,,,,,,,,,14779,0.023746328428387642,,,,,,,,
,,,,,,,,,9.758415841584158e-07,14784,,,,,,,,,
48,,,,,,,,,,14784,0.05212683603167534,,,,,,,,
,,,,,,,,,9.76171617161716e-07,14789,,,,,,,,,
48,,,,,,,,,,14789,0.021420305594801903,,,,,,,,
,,,,,,,,,9.765016501650166e-07,14794,,,,,,,,,
48,,,,,,,,,,14794,0.05144203454256058,,,,,,,,
,,,,,,,,,9.768316831683168e-07,14799,,,,,,,,,
48,,,,,,,,,,14799,0.017844311892986298,,,,,,,,
,,,,,,,,,9.771617161716171e-07,14804,,,,,,,,,
48,,,,,,,,,,14804,0.021625377237796783,,,,,,,,
,,,,,,,,,9.774917491749176e-07,14809,,,,,,,,,
48,,,,,,,,,,14809,0.021786190569400787,,,,,,,,
,,,,,,,,,9.778217821782179e-07,14814,,,,,,,,,
48,,,,,,,,,,14814,0.055135615170001984,,,,,,,,
,,,,,,,,,9.781518151815181e-07,14819,,,,,,,,,
48,,,,,,,,,,14819,0.008131008595228195,,,,,,,,
,,,,,,,,,9.784818481848184e-07,14824,,,,,,,,,
48,,,,,,,,,,14824,0.04624125733971596,,,,,,,,
,,,,,,,,,9.788118811881187e-07,14829,,,,,,,,,
48,,,,,,,,,,14829,0.04008714482188225,,,,,,,,
,,,,,,,,,9.791419141914191e-07,14834,,,,,,,,,
48,,,,,,,,,,14834,0.024687524884939194,,,,,,,,
,,,,,,,,,9.794719471947194e-07,14839,,,,,,,,,
48,,,,,,,,,,14839,0.005471466109156609,,,,,,,,
,,,,,,,,,9.798019801980197e-07,14844,,,,,,,,,
48,,,,,,,,,,14844,0.015226837247610092,,,,,,,,
48,,,,,,,,,,14846,,0.699999988079071,0.739130437374115,0.0793534442782402,0.0793534442782402,0.3979489505290985,0.7234042286872864,0.7555555701255798,0.4085441827774048
,,,,,,,,,9.801320132013202e-07,14849,,,,,,,,,
49,,,,,,,,,,14849,0.04691226780414581,,,,,,,,
,,,,,,,,,9.804620462046204e-07,14854,,,,,,,,,
49,,,,,,,,,,14854,0.01980089396238327,,,,,,,,
,,,,,,,,,9.807920792079207e-07,14859,,,,,,,,,
49,,,,,,,,,,14859,0.048055488616228104,,,,,,,,
,,,,,,,,,9.811221122112212e-07,14864,,,,,,,,,
49,,,,,,,,,,14864,0.024730218574404716,,,,,,,,
,,,,,,,,,9.814521452145215e-07,14869,,,,,,,,,
49,,,,,,,,,,14869,0.036258894950151443,,,,,,,,
,,,,,,,,,9.817821782178217e-07,14874,,,,,,,,,
49,,,,,,,,,,14874,0.011731200851500034,,,,,,,,
,,,,,,,,,9.82112211221122e-07,14879,,,,,,,,,
49,,,,,,,,,,14879,0.032289471477270126,,,,,,,,
,,,,,,,,,9.824422442244223e-07,14884,,,,,,,,,
49,,,,,,,,,,14884,0.028897255659103394,,,,,,,,
,,,,,,,,,9.827722772277227e-07,14889,,,,,,,,,
49,,,,,,,,,,14889,0.021099364385008812,,,,,,,,
,,,,,,,,,9.83102310231023e-07,14894,,,,,,,,,
49,,,,,,,,,,14894,0.01758481003344059,,,,,,,,
,,,,,,,,,9.834323432343233e-07,14899,,,,,,,,,
49,,,,,,,,,,14899,0.01619555987417698,,,,,,,,
,,,,,,,,,9.837623762376238e-07,14904,,,,,,,,,
49,,,,,,,,,,14904,0.04288783669471741,,,,,,,,
,,,,,,,,,9.84092409240924e-07,14909,,,,,,,,,
49,,,,,,,,,,14909,0.008946257643401623,,,,,,,,
,,,,,,,,,9.844224422442243e-07,14914,,,,,,,,,
49,,,,,,,,,,14914,0.0549769252538681,,,,,,,,
,,,,,,,,,9.847524752475248e-07,14919,,,,,,,,,
49,,,,,,,,,,14919,0.023522034287452698,,,,,,,,
,,,,,,,,,9.85082508250825e-07,14924,,,,,,,,,
49,,,,,,,,,,14924,0.031924933195114136,,,,,,,,
,,,,,,,,,9.854125412541253e-07,14929,,,,,,,,,
49,,,,,,,,,,14929,0.023949285969138145,,,,,,,,
,,,,,,,,,9.857425742574256e-07,14934,,,,,,,,,
49,,,,,,,,,,14934,0.020510664209723473,,,,,,,,
,,,,,,,,,9.86072607260726e-07,14939,,,,,,,,,
49,,,,,,,,,,14939,0.034093305468559265,,,,,,,,
,,,,,,,,,9.864026402640263e-07,14944,,,,,,,,,
49,,,,,,,,,,14944,0.06437988579273224,,,,,,,,
,,,,,,,,,9.867326732673266e-07,14949,,,,,,,,,
49,,,,,,,,,,14949,0.03400368615984917,,,,,,,,
,,,,,,,,,9.87062706270627e-07,14954,,,,,,,,,
49,,,,,,,,,,14954,0.021915530785918236,,,,,,,,
,,,,,,,,,9.873927392739274e-07,14959,,,,,,,,,
49,,,,,,,,,,14959,0.0388234406709671,,,,,,,,
,,,,,,,,,9.877227722772276e-07,14964,,,,,,,,,
49,,,,,,,,,,14964,0.028590738773345947,,,,,,,,
,,,,,,,,,9.880528052805281e-07,14969,,,,,,,,,
49,,,,,,,,,,14969,0.03491883724927902,,,,,,,,
,,,,,,,,,9.883828382838284e-07,14974,,,,,,,,,
49,,,,,,,,,,14974,0.02424263395369053,,,,,,,,
,,,,,,,,,9.887128712871287e-07,14979,,,,,,,,,
49,,,,,,,,,,14979,0.014850184321403503,,,,,,,,
,,,,,,,,,9.89042904290429e-07,14984,,,,,,,,,
49,,,,,,,,,,14984,0.03234090283513069,,,,,,,,
,,,,,,,,,9.893729372937292e-07,14989,,,,,,,,,
49,,,,,,,,,,14989,0.022405628114938736,,,,,,,,
,,,,,,,,,9.897029702970297e-07,14994,,,,,,,,,
49,,,,,,,,,,14994,0.03808688744902611,,,,,,,,
,,,,,,,,,9.9003300330033e-07,14999,,,,,,,,,
49,,,,,,,,,,14999,0.0203205905854702,,,,,,,,
,,,,,,,,,9.903630363036302e-07,15004,,,,,,,,,
49,,,,,,,,,,15004,0.03738176077604294,,,,,,,,
,,,,,,,,,9.906930693069307e-07,15009,,,,,,,,,
49,,,,,,,,,,15009,0.02101278305053711,,,,,,,,
,,,,,,,,,9.91023102310231e-07,15014,,,,,,,,,
49,,,,,,,,,,15014,0.007691513281315565,,,,,,,,
,,,,,,,,,9.913531353135312e-07,15019,,,,,,,,,
49,,,,,,,,,,15019,0.046784959733486176,,,,,,,,
,,,,,,,,,9.916831683168317e-07,15024,,,,,,,,,
49,,,,,,,,,,15024,0.06237580254673958,,,,,,,,
,,,,,,,,,9.92013201320132e-07,15029,,,,,,,,,
49,,,,,,,,,,15029,0.03190853074193001,,,,,,,,
,,,,,,,,,9.923432343234323e-07,15034,,,,,,,,,
49,,,,,,,,,,15034,0.030569493770599365,,,,,,,,
,,,,,,,,,9.926732673267325e-07,15039,,,,,,,,,
49,,,,,,,,,,15039,0.02445206418633461,,,,,,,,
,,,,,,,,,9.93003300330033e-07,15044,,,,,,,,,
49,,,,,,,,,,15044,0.020158832892775536,,,,,,,,
,,,,,,,,,9.933333333333333e-07,15049,,,,,,,,,
49,,,,,,,,,,15049,0.009756553918123245,,,,,,,,
,,,,,,,,,9.936633663366336e-07,15054,,,,,,,,,
49,,,,,,,,,,15054,0.0364903099834919,,,,,,,,
,,,,,,,,,9.93993399339934e-07,15059,,,,,,,,,
49,,,,,,,,,,15059,0.010618336498737335,,,,,,,,
,,,,,,,,,9.943234323432343e-07,15064,,,,,,,,,
49,,,,,,,,,,15064,0.07762603461742401,,,,,,,,
,,,,,,,,,9.946534653465346e-07,15069,,,,,,,,,
49,,,,,,,,,,15069,0.006127828732132912,,,,,,,,
,,,,,,,,,9.94983498349835e-07,15074,,,,,,,,,
49,,,,,,,,,,15074,0.017127789556980133,,,,,,,,
,,,,,,,,,9.953135313531353e-07,15079,,,,,,,,,
49,,,,,,,,,,15079,0.021419180557131767,,,,,,,,
,,,,,,,,,9.956435643564356e-07,15084,,,,,,,,,
49,,,,,,,,,,15084,0.007815632969141006,,,,,,,,
,,,,,,,,,9.959735973597359e-07,15089,,,,,,,,,
49,,,,,,,,,,15089,0.019411282613873482,,,,,,,,
,,,,,,,,,9.963036303630361e-07,15094,,,,,,,,,
49,,,,,,,,,,15094,0.01890798658132553,,,,,,,,
,,,,,,,,,9.966336633663366e-07,15099,,,,,,,,,
49,,,,,,,,,,15099,0.0361887626349926,,,,,,,,
,,,,,,,,,9.969636963696369e-07,15104,,,,,,,,,
49,,,,,,,,,,15104,0.0034365681931376457,,,,,,,,
,,,,,,,,,9.972937293729372e-07,15109,,,,,,,,,
49,,,,,,,,,,15109,0.033830925822257996,,,,,,,,
,,,,,,,,,9.976237623762376e-07,15114,,,,,,,,,
49,,,,,,,,,,15114,0.04518966004252434,,,,,,,,
,,,,,,,,,9.97953795379538e-07,15119,,,,,,,,,
49,,,,,,,,,,15119,0.05745171010494232,,,,,,,,
,,,,,,,,,9.982838283828382e-07,15124,,,,,,,,,
49,,,,,,,,,,15124,0.026737645268440247,,,,,,,,
,,,,,,,,,9.986138613861387e-07,15129,,,,,,,,,
49,,,,,,,,,,15129,0.022049397230148315,,,,,,,,
,,,,,,,,,9.98943894389439e-07,15134,,,,,,,,,
49,,,,,,,,,,15134,0.07357898354530334,,,,,,,,
,,,,,,,,,9.992739273927392e-07,15139,,,,,,,,,
49,,,,,,,,,,15139,0.019904358312487602,,,,,,,,
,,,,,,,,,9.996039603960395e-07,15144,,,,,,,,,
49,,,,,,,,,,15144,0.04169329255819321,,,,,,,,
,,,,,,,,,9.9993399339934e-07,15149,,,,,,,,,
49,,,,,,,,,,15149,0.012001416645944118,,,,,,,,
49,,,,,,,,,,15149,,0.6875,0.7222222089767456,0.07836626470088959,0.07836626470088959,0.4006655514240265,0.7222222089767456,0.7222222089767456,0.4058896005153656
,,,,,,,,,9.997359735973597e-07,15154,,,,,,,,,
50,,,,,,,,,,15154,0.05381812900304794,,,,,,,,
,,,,,,,,,9.994059405940594e-07,15159,,,,,,,,,
50,,,,,,,,,,15159,0.026514116674661636,,,,,,,,
,,,,,,,,,9.99075907590759e-07,15164,,,,,,,,,
50,,,,,,,,,,15164,0.015894709154963493,,,,,,,,
,,,,,,,,,9.987458745874587e-07,15169,,,,,,,,,
50,,,,,,,,,,15169,0.02744201198220253,,,,,,,,
,,,,,,,,,9.984158415841584e-07,15174,,,,,,,,,
50,,,,,,,,,,15174,0.025438634678721428,,,,,,,,
,,,,,,,,,9.98085808580858e-07,15179,,,,,,,,,
50,,,,,,,,,,15179,0.03966245427727699,,,,,,,,
,,,,,,,,,9.977557755775577e-07,15184,,,,,,,,,
50,,,,,,,,,,15184,0.015099016018211842,,,,,,,,
,,,,,,,,,9.974257425742574e-07,15189,,,,,,,,,
50,,,,,,,,,,15189,0.01760159246623516,,,,,,,,
,,,,,,,,,9.970957095709571e-07,15194,,,,,,,,,
50,,,,,,,,,,15194,0.01621536910533905,,,,,,,,
,,,,,,,,,9.967656765676568e-07,15199,,,,,,,,,
50,,,,,,,,,,15199,0.0537172369658947,,,,,,,,
,,,,,,,,,9.964356435643564e-07,15204,,,,,,,,,
50,,,,,,,,,,15204,0.016178380697965622,,,,,,,,
,,,,,,,,,9.96105610561056e-07,15209,,,,,,,,,
50,,,,,,,,,,15209,0.015667881816625595,,,,,,,,
,,,,,,,,,9.957755775577558e-07,15214,,,,,,,,,
50,,,,,,,,,,15214,0.022384880110621452,,,,,,,,
,,,,,,,,,9.954455445544553e-07,15219,,,,,,,,,
50,,,,,,,,,,15219,0.009285923093557358,,,,,,,,
,,,,,,,,,9.95115511551155e-07,15224,,,,,,,,,
50,,,,,,,,,,15224,0.014706384390592575,,,,,,,,
,,,,,,,,,9.947854785478548e-07,15229,,,,,,,,,
50,,,,,,,,,,15229,0.028392380103468895,,,,,,,,
,,,,,,,,,9.944554455445543e-07,15234,,,,,,,,,
50,,,,,,,,,,15234,0.028462303802371025,,,,,,,,
,,,,,,,,,9.94125412541254e-07,15239,,,,,,,,,
50,,,,,,,,,,15239,0.008550946600735188,,,,,,,,
,,,,,,,,,9.937953795379538e-07,15244,,,,,,,,,
50,,,,,,,,,,15244,0.009962390176951885,,,,,,,,
,,,,,,,,,9.934653465346535e-07,15249,,,,,,,,,
50,,,,,,,,,,15249,0.024872317910194397,,,,,,,,
,,,,,,,,,9.93135313531353e-07,15254,,,,,,,,,
50,,,,,,,,,,15254,0.044388219714164734,,,,,,,,
,,,,,,,,,9.928052805280528e-07,15259,,,,,,,,,
50,,,,,,,,,,15259,0.02561536617577076,,,,,,,,
,,,,,,,,,9.924752475247525e-07,15264,,,,,,,,,
50,,,,,,,,,,15264,0.043106868863105774,,,,,,,,
,,,,,,,,,9.92145214521452e-07,15269,,,,,,,,,
50,,,,,,,,,,15269,0.014836189337074757,,,,,,,,
,,,,,,,,,9.918151815181517e-07,15274,,,,,,,,,
50,,,,,,,,,,15274,0.025404196232557297,,,,,,,,
,,,,,,,,,9.914851485148515e-07,15279,,,,,,,,,
50,,,,,,,,,,15279,0.011228370480239391,,,,,,,,
,,,,,,,,,9.91155115511551e-07,15284,,,,,,,,,
50,,,,,,,,,,15284,0.013062071986496449,,,,,,,,
,,,,,,,,,9.908250825082507e-07,15289,,,,,,,,,
50,,,,,,,,,,15289,0.01831190101802349,,,,,,,,
,,,,,,,,,9.904950495049505e-07,15294,,,,,,,,,
50,,,,,,,,,,15294,0.01796709932386875,,,,,,,,
,,,,,,,,,9.9016501650165e-07,15299,,,,,,,,,
50,,,,,,,,,,15299,0.08319173753261566,,,,,,,,
,,,,,,,,,9.8983498349835e-07,15304,,,,,,,,,
50,,,,,,,,,,15304,0.03203772380948067,,,,,,,,
,,,,,,,,,9.895049504950494e-07,15309,,,,,,,,,
50,,,,,,,,,,15309,0.020625997334718704,,,,,,,,
,,,,,,,,,9.891749174917492e-07,15314,,,,,,,,,
50,,,,,,,,,,15314,0.023448655381798744,,,,,,,,
,,,,,,,,,9.88844884488449e-07,15319,,,,,,,,,
50,,,,,,,,,,15319,0.018031980842351913,,,,,,,,
,,,,,,,,,9.885148514851484e-07,15324,,,,,,,,,
50,,,,,,,,,,15324,0.0338248610496521,,,,,,,,
,,,,,,,,,9.881848184818481e-07,15329,,,,,,,,,
50,,,,,,,,,,15329,0.03786246106028557,,,,,,,,
,,,,,,,,,9.878547854785479e-07,15334,,,,,,,,,
50,,,,,,,,,,15334,0.018054084852337837,,,,,,,,
,,,,,,,,,9.875247524752474e-07,15339,,,,,,,,,
50,,,,,,,,,,15339,0.045797623693943024,,,,,,,,
,,,,,,,,,9.871947194719471e-07,15344,,,,,,,,,
50,,,,,,,,,,15344,0.02430577203631401,,,,,,,,
,,,,,,,,,9.868646864686469e-07,15349,,,,,,,,,
50,,,,,,,,,,15349,0.015995662659406662,,,,,,,,
,,,,,,,,,9.865346534653464e-07,15354,,,,,,,,,
50,,,,,,,,,,15354,0.014961382374167442,,,,,,,,
,,,,,,,,,9.86204620462046e-07,15359,,,,,,,,,
50,,,,,,,,,,15359,0.0214658435434103,,,,,,,,
,,,,,,,,,9.858745874587458e-07,15364,,,,,,,,,
50,,,,,,,,,,15364,0.05214215815067291,,,,,,,,
,,,,,,,,,9.855445544554456e-07,15369,,,,,,,,,
50,,,,,,,,,,15369,0.020136114209890366,,,,,,,,
,,,,,,,,,9.85214521452145e-07,15374,,,,,,,,,
50,,,,,,,,,,15374,0.04711776226758957,,,,,,,,
,,,,,,,,,9.848844884488448e-07,15379,,,,,,,,,
50,,,,,,,,,,15379,0.010631986893713474,,,,,,,,
,,,,,,,,,9.845544554455445e-07,15384,,,,,,,,,
50,,,,,,,,,,15384,0.01657727360725403,,,,,,,,
,,,,,,,,,9.84224422442244e-07,15389,,,,,,,,,
50,,,,,,,,,,15389,0.028865676373243332,,,,,,,,
,,,,,,,,,9.838943894389438e-07,15394,,,,,,,,,
50,,,,,,,,,,15394,0.039853136986494064,,,,,,,,
,,,,,,,,,9.835643564356435e-07,15399,,,,,,,,,
50,,,,,,,,,,15399,0.0310585405677557,,,,,,,,
,,,,,,,,,9.83234323432343e-07,15404,,,,,,,,,
50,,,,,,,,,,15404,0.032297540456056595,,,,,,,,
,,,,,,,,,9.82904290429043e-07,15409,,,,,,,,,
50,,,,,,,,,,15409,0.04879430681467056,,,,,,,,
,,,,,,,,,9.825742574257425e-07,15414,,,,,,,,,
50,,,,,,,,,,15414,0.010524015873670578,,,,,,,,
,,,,,,,,,9.822442244224422e-07,15419,,,,,,,,,
50,,,,,,,,,,15419,0.038073305040597916,,,,,,,,
,,,,,,,,,9.81914191419142e-07,15424,,,,,,,,,
50,,,,,,,,,,15424,0.03843970224261284,,,,,,,,
,,,,,,,,,9.815841584158415e-07,15429,,,,,,,,,
50,,,,,,,,,,15429,0.042525939643383026,,,,,,,,
,,,,,,,,,9.812541254125412e-07,15434,,,,,,,,,
50,,,,,,,,,,15434,0.03564358130097389,,,,,,,,
,,,,,,,,,9.80924092409241e-07,15439,,,,,,,,,
50,,,,,,,,,,15439,0.04077128320932388,,,,,,,,
,,,,,,,,,9.805940594059405e-07,15444,,,,,,,,,
50,,,,,,,,,,15444,0.03793076425790787,,,,,,,,
,,,,,,,,,9.802640264026402e-07,15449,,,,,,,,,
50,,,,,,,,,,15449,0.030514022335410118,,,,,,,,
50,,,,,,,,,,15452,,0.6812499761581421,0.7243243455886841,0.07992781698703766,0.07992781698703766,0.4044126272201538,0.7052631378173828,0.7444444298744202,0.4148506224155426
,,,,,,,,,9.7993399339934e-07,15454,,,,,,,,,
51,,,,,,,,,,15454,0.03066493198275566,,,,,,,,
,,,,,,,,,9.796039603960394e-07,15459,,,,,,,,,
51,,,,,,,,,,15459,0.029987942427396774,,,,,,,,
,,,,,,,,,9.792739273927392e-07,15464,,,,,,,,,
51,,,,,,,,,,15464,0.03582491725683212,,,,,,,,
,,,,,,,,,9.78943894389439e-07,15469,,,,,,,,,
51,,,,,,,,,,15469,0.018901357427239418,,,,,,,,
,,,,,,,,,9.786138613861386e-07,15474,,,,,,,,,
51,,,,,,,,,,15474,0.047668471932411194,,,,,,,,
,,,,,,,,,9.782838283828384e-07,15479,,,,,,,,,
51,,,,,,,,,,15479,0.036966439336538315,,,,,,,,
,,,,,,,,,9.779537953795379e-07,15484,,,,,,,,,
51,,,,,,,,,,15484,0.022191544994711876,,,,,,,,
,,,,,,,,,9.776237623762376e-07,15489,,,,,,,,,
51,,,,,,,,,,15489,0.010324472561478615,,,,,,,,
,,,,,,,,,9.772937293729373e-07,15494,,,,,,,,,
51,,,,,,,,,,15494,0.0522584468126297,,,,,,,,
,,,,,,,,,9.769636963696369e-07,15499,,,,,,,,,
51,,,,,,,,,,15499,0.05589120462536812,,,,,,,,
,,,,,,,,,9.766336633663366e-07,15504,,,,,,,,,
51,,,,,,,,,,15504,0.008289894089102745,,,,,,,,
,,,,,,,,,9.763036303630363e-07,15509,,,,,,,,,
51,,,,,,,,,,15509,0.006862107664346695,,,,,,,,
,,,,,,,,,9.759735973597358e-07,15514,,,,,,,,,
51,,,,,,,,,,15514,0.05197249352931976,,,,,,,,
,,,,,,,,,9.756435643564356e-07,15519,,,,,,,,,
51,,,,,,,,,,15519,0.018211938440799713,,,,,,,,
,,,,,,,,,9.753135313531353e-07,15524,,,,,,,,,
51,,,,,,,,,,15524,0.03648912161588669,,,,,,,,
,,,,,,,,,9.74983498349835e-07,15529,,,,,,,,,
51,,,,,,,,,,15529,0.0314084067940712,,,,,,,,
,,,,,,,,,9.746534653465346e-07,15534,,,,,,,,,
51,,,,,,,,,,15534,0.06856405735015869,,,,,,,,
,,,,,,,,,9.743234323432343e-07,15539,,,,,,,,,
51,,,,,,,,,,15539,0.018237246200442314,,,,,,,,
,,,,,,,,,9.73993399339934e-07,15544,,,,,,,,,
51,,,,,,,,,,15544,0.03388959914445877,,,,,,,,
,,,,,,,,,9.736633663366335e-07,15549,,,,,,,,,
51,,,,,,,,,,15549,0.030229516327381134,,,,,,,,
,,,,,,,,,9.733333333333333e-07,15554,,,,,,,,,
51,,,,,,,,,,15554,0.013125179335474968,,,,,,,,
,,,,,,,,,9.73003300330033e-07,15559,,,,,,,,,
51,,,,,,,,,,15559,0.011390662752091885,,,,,,,,
,,,,,,,,,9.726732673267325e-07,15564,,,,,,,,,
51,,,,,,,,,,15564,0.013037050142884254,,,,,,,,
,,,,,,,,,9.723432343234325e-07,15569,,,,,,,,,
51,,,,,,,,,,15569,0.01712193340063095,,,,,,,,
,,,,,,,,,9.72013201320132e-07,15574,,,,,,,,,
51,,,,,,,,,,15574,0.029574735090136528,,,,,,,,
,,,,,,,,,9.716831683168317e-07,15579,,,,,,,,,
51,,,,,,,,,,15579,0.017943408340215683,,,,,,,,
,,,,,,,,,9.713531353135314e-07,15584,,,,,,,,,
51,,,,,,,,,,15584,0.022181402891874313,,,,,,,,
,,,,,,,,,9.71023102310231e-07,15589,,,,,,,,,
51,,,,,,,,,,15589,0.03946983069181442,,,,,,,,
,,,,,,,,,9.706930693069307e-07,15594,,,,,,,,,
51,,,,,,,,,,15594,0.01482198666781187,,,,,,,,
,,,,,,,,,9.703630363036304e-07,15599,,,,,,,,,
51,,,,,,,,,,15599,0.05424967780709267,,,,,,,,
,,,,,,,,,9.7003300330033e-07,15604,,,,,,,,,
51,,,,,,,,,,15604,0.03613390401005745,,,,,,,,
,,,,,,,,,9.697029702970297e-07,15609,,,,,,,,,
51,,,,,,,,,,15609,0.023750092834234238,,,,,,,,
,,,,,,,,,9.693729372937294e-07,15614,,,,,,,,,
51,,,,,,,,,,15614,0.015867331996560097,,,,,,,,
,,,,,,,,,9.69042904290429e-07,15619,,,,,,,,,
51,,,,,,,,,,15619,0.022351549938321114,,,,,,,,
,,,,,,,,,9.687128712871286e-07,15624,,,,,,,,,
51,,,,,,,,,,15624,0.006963184569031,,,,,,,,
,,,,,,,,,9.683828382838284e-07,15629,,,,,,,,,
51,,,,,,,,,,15629,0.005640315357595682,,,,,,,,
,,,,,,,,,9.68052805280528e-07,15634,,,,,,,,,
51,,,,,,,,,,15634,0.0207070279866457,,,,,,,,
,,,,,,,,,9.677227722772276e-07,15639,,,,,,,,,
51,,,,,,,,,,15639,0.043042540550231934,,,,,,,,
,,,,,,,,,9.673927392739274e-07,15644,,,,,,,,,
51,,,,,,,,,,15644,0.018127407878637314,,,,,,,,
,,,,,,,,,9.67062706270627e-07,15649,,,,,,,,,
51,,,,,,,,,,15649,0.0136236771941185,,,,,,,,
,,,,,,,,,9.667326732673266e-07,15654,,,,,,,,,
51,,,,,,,,,,15654,0.030352246016263962,,,,,,,,
,,,,,,,,,9.664026402640263e-07,15659,,,,,,,,,
51,,,,,,,,,,15659,0.024455061182379723,,,,,,,,
,,,,,,,,,9.66072607260726e-07,15664,,,,,,,,,
51,,,,,,,,,,15664,0.044531550258398056,,,,,,,,
,,,,,,,,,9.657425742574256e-07,15669,,,,,,,,,
51,,,,,,,,,,15669,0.012145555578172207,,,,,,,,
,,,,,,,,,9.654125412541253e-07,15674,,,,,,,,,
51,,,,,,,,,,15674,0.034201730042696,,,,,,,,
,,,,,,,,,9.65082508250825e-07,15679,,,,,,,,,
51,,,,,,,,,,15679,0.032372668385505676,,,,,,,,
,,,,,,,,,9.647524752475248e-07,15684,,,,,,,,,
51,,,,,,,,,,15684,0.005465253721922636,,,,,,,,
,,,,,,,,,9.644224422442245e-07,15689,,,,,,,,,
51,,,,,,,,,,15689,0.038196396082639694,,,,,,,,
,,,,,,,,,9.64092409240924e-07,15694,,,,,,,,,
51,,,,,,,,,,15694,0.023613831028342247,,,,,,,,
,,,,,,,,,9.637623762376237e-07,15699,,,,,,,,,
51,,,,,,,,,,15699,0.035136979073286057,,,,,,,,
,,,,,,,,,9.634323432343235e-07,15704,,,,,,,,,
51,,,,,,,,,,15704,0.03862826153635979,,,,,,,,
,,,,,,,,,9.63102310231023e-07,15709,,,,,,,,,
51,,,,,,,,,,15709,0.013538495637476444,,,,,,,,
,,,,,,,,,9.627722772277227e-07,15714,,,,,,,,,
51,,,,,,,,,,15714,0.017001591622829437,,,,,,,,
,,,,,,,,,9.624422442244225e-07,15719,,,,,,,,,
51,,,,,,,,,,15719,0.0241652000695467,,,,,,,,
,,,,,,,,,9.62112211221122e-07,15724,,,,,,,,,
51,,,,,,,,,,15724,0.008052663877606392,,,,,,,,
,,,,,,,,,9.617821782178217e-07,15729,,,,,,,,,
51,,,,,,,,,,15729,0.03155389055609703,,,,,,,,
,,,,,,,,,9.614521452145214e-07,15734,,,,,,,,,
51,,,,,,,,,,15734,0.014710450544953346,,,,,,,,
,,,,,,,,,9.611221122112212e-07,15739,,,,,,,,,
51,,,,,,,,,,15739,0.0072581572458148,,,,,,,,
,,,,,,,,,9.607920792079207e-07,15744,,,,,,,,,
51,,,,,,,,,,15744,0.015594715252518654,,,,,,,,
,,,,,,,,,9.604620462046204e-07,15749,,,,,,,,,
51,,,,,,,,,,15749,0.01934736780822277,,,,,,,,
,,,,,,,,,9.601320132013201e-07,15754,,,,,,,,,
51,,,,,,,,,,15754,0.003527431981638074,,,,,,,,
51,,,,,,,,,,15755,,0.6812499761581421,0.7437185645103455,0.0852111428976059,0.0852111428976059,0.4171335995197296,0.6788991093635559,0.8222222328186035,0.43210092186927795
,,,,,,,,,9.598019801980197e-07,15759,,,,,,,,,
52,,,,,,,,,,15759,0.010748433880507946,,,,,,,,
,,,,,,,,,9.594719471947194e-07,15764,,,,,,,,,
52,,,,,,,,,,15764,0.0705883651971817,,,,,,,,
,,,,,,,,,9.591419141914191e-07,15769,,,,,,,,,
52,,,,,,,,,,15769,0.015755796805024147,,,,,,,,
,,,,,,,,,9.588118811881186e-07,15774,,,,,,,,,
52,,,,,,,,,,15774,0.012115524150431156,,,,,,,,
,,,,,,,,,9.584818481848184e-07,15779,,,,,,,,,
52,,,,,,,,,,15779,0.027230944484472275,,,,,,,,
,,,,,,,,,9.581518151815181e-07,15784,,,,,,,,,
52,,,,,,,,,,15784,0.04871571809053421,,,,,,,,
,,,,,,,,,9.578217821782178e-07,15789,,,,,,,,,
52,,,,,,,,,,15789,0.013356449082493782,,,,,,,,
,,,,,,,,,9.574917491749176e-07,15794,,,,,,,,,
52,,,,,,,,,,15794,0.011192278936505318,,,,,,,,
,,,,,,,,,9.57161716171617e-07,15799,,,,,,,,,
52,,,,,,,,,,15799,0.011801837012171745,,,,,,,,
,,,,,,,,,9.568316831683168e-07,15804,,,,,,,,,
52,,,,,,,,,,15804,0.011178205721080303,,,,,,,,
,,,,,,,,,9.565016501650165e-07,15809,,,,,,,,,
52,,,,,,,,,,15809,0.03219117224216461,,,,,,,,
,,,,,,,,,9.56171617161716e-07,15814,,,,,,,,,
52,,,,,,,,,,15814,0.036969199776649475,,,,,,,,
,,,,,,,,,9.558415841584158e-07,15819,,,,,,,,,
52,,,,,,,,,,15819,0.018117371946573257,,,,,,,,
,,,,,,,,,9.555115511551155e-07,15824,,,,,,,,,
52,,,,,,,,,,15824,0.04176362603902817,,,,,,,,
,,,,,,,,,9.55181518151815e-07,15829,,,,,,,,,
52,,,,,,,,,,15829,0.00800953060388565,,,,,,,,
,,,,,,,,,9.548514851485148e-07,15834,,,,,,,,,
52,,,,,,,,,,15834,0.03021639585494995,,,,,,,,
,,,,,,,,,9.545214521452145e-07,15839,,,,,,,,,
52,,,,,,,,,,15839,0.0052495962008833885,,,,,,,,
,,,,,,,,,9.541914191419142e-07,15844,,,,,,,,,
52,,,,,,,,,,15844,0.015365262515842915,,,,,,,,
,,,,,,,,,9.538613861386138e-07,15849,,,,,,,,,
52,,,,,,,,,,15849,0.050461772829294205,,,,,,,,
,,,,,,,,,9.535313531353135e-07,15854,,,,,,,,,
52,,,,,,,,,,15854,0.07223936915397644,,,,,,,,
,,,,,,,,,9.532013201320131e-07,15859,,,,,,,,,
52,,,,,,,,,,15859,0.027867089956998825,,,,,,,,
,,,,,,,,,9.528712871287127e-07,15864,,,,,,,,,
52,,,,,,,,,,15864,0.008288036100566387,,,,,,,,
,,,,,,,,,9.525412541254126e-07,15869,,,,,,,,,
52,,,,,,,,,,15869,0.013971235603094101,,,,,,,,
,,,,,,,,,9.522112211221122e-07,15874,,,,,,,,,
52,,,,,,,,,,15874,0.032677482813596725,,,,,,,,
,,,,,,,,,9.518811881188118e-07,15879,,,,,,,,,
52,,,,,,,,,,15879,0.05655841529369354,,,,,,,,
,,,,,,,,,9.515511551155116e-07,15884,,,,,,,,,
52,,,,,,,,,,15884,0.06984470039606094,,,,,,,,
,,,,,,,,,9.512211221122112e-07,15889,,,,,,,,,
52,,,,,,,,,,15889,0.046831998974084854,,,,,,,,
,,,,,,,,,9.508910891089108e-07,15894,,,,,,,,,
52,,,,,,,,,,15894,0.019429326057434082,,,,,,,,
,,,,,,,,,9.505610561056105e-07,15899,,,,,,,,,
52,,,,,,,,,,15899,0.020879829302430153,,,,,,,,
,,,,,,,,,9.502310231023102e-07,15904,,,,,,,,,
52,,,,,,,,,,15904,0.01224298682063818,,,,,,,,
,,,,,,,,,9.499009900990098e-07,15909,,,,,,,,,
52,,,,,,,,,,15909,0.01695510558784008,,,,,,,,
,,,,,,,,,9.495709570957095e-07,15914,,,,,,,,,
52,,,,,,,,,,15914,0.037283625453710556,,,,,,,,
,,,,,,,,,9.492409240924092e-07,15919,,,,,,,,,
52,,,,,,,,,,15919,0.01777220517396927,,,,,,,,
,,,,,,,,,9.489108910891089e-07,15924,,,,,,,,,
52,,,,,,,,,,15924,0.02114851213991642,,,,,,,,
,,,,,,,,,9.485808580858086e-07,15929,,,,,,,,,
52,,,,,,,,,,15929,0.02086608298122883,,,,,,,,
,,,,,,,,,9.482508250825082e-07,15934,,,,,,,,,
52,,,,,,,,,,15934,0.015411119908094406,,,,,,,,
,,,,,,,,,9.479207920792078e-07,15939,,,,,,,,,
52,,,,,,,,,,15939,0.06320863962173462,,,,,,,,
,,,,,,,,,9.475907590759076e-07,15944,,,,,,,,,
52,,,,,,,,,,15944,0.077534519135952,,,,,,,,
,,,,,,,,,9.472607260726072e-07,15949,,,,,,,,,
52,,,,,,,,,,15949,0.022772260010242462,,,,,,,,
,,,,,,,,,9.469306930693068e-07,15954,,,,,,,,,
52,,,,,,,,,,15954,0.03260839730501175,,,,,,,,
,,,,,,,,,9.466006600660066e-07,15959,,,,,,,,,
52,,,,,,,,,,15959,0.036279235035181046,,,,,,,,
,,,,,,,,,9.462706270627062e-07,15964,,,,,,,,,
52,,,,,,,,,,15964,0.02672906406223774,,,,,,,,
,,,,,,,,,9.459405940594058e-07,15969,,,,,,,,,
52,,,,,,,,,,15969,0.023950498551130295,,,,,,,,
,,,,,,,,,9.456105610561056e-07,15974,,,,,,,,,
52,,,,,,,,,,15974,0.04352874308824539,,,,,,,,
,,,,,,,,,9.452805280528053e-07,15979,,,,,,,,,
52,,,,,,,,,,15979,0.015213485807180405,,,,,,,,
,,,,,,,,,9.449504950495049e-07,15984,,,,,,,,,
52,,,,,,,,,,15984,0.01914922334253788,,,,,,,,
,,,,,,,,,9.446204620462046e-07,15989,,,,,,,,,
52,,,,,,,,,,15989,0.014550896361470222,,,,,,,,
,,,,,,,,,9.442904290429042e-07,15994,,,,,,,,,
52,,,,,,,,,,15994,0.009214535355567932,,,,,,,,
,,,,,,,,,9.439603960396039e-07,15999,,,,,,,,,
52,,,,,,,,,,15999,0.01873273216187954,,,,,,,,
,,,,,,,,,9.436303630363036e-07,16004,,,,,,,,,
52,,,,,,,,,,16004,0.023991120979189873,,,,,,,,
,,,,,,,,,9.433003300330032e-07,16009,,,,,,,,,
52,,,,,,,,,,16009,0.021025534719228745,,,,,,,,
,,,,,,,,,9.429702970297028e-07,16014,,,,,,,,,
52,,,,,,,,,,16014,0.013708350248634815,,,,,,,,
,,,,,,,,,9.426402640264026e-07,16019,,,,,,,,,
52,,,,,,,,,,16019,0.019843565300107002,,,,,,,,
,,,,,,,,,9.423102310231022e-07,16024,,,,,,,,,
52,,,,,,,,,,16024,0.013377952389419079,,,,,,,,
,,,,,,,,,9.419801980198019e-07,16029,,,,,,,,,
52,,,,,,,,,,16029,0.0122531708329916,,,,,,,,
,,,,,,,,,9.416501650165017e-07,16034,,,,,,,,,
52,,,,,,,,,,16034,0.04929324612021446,,,,,,,,
,,,,,,,,,9.413201320132013e-07,16039,,,,,,,,,
52,,,,,,,,,,16039,0.03264009952545166,,,,,,,,
,,,,,,,,,9.409900990099009e-07,16044,,,,,,,,,
52,,,,,,,,,,16044,0.018529921770095825,,,,,,,,
,,,,,,,,,9.406600660066006e-07,16049,,,,,,,,,
52,,,,,,,,,,16049,0.032873451709747314,,,,,,,,
,,,,,,,,,9.403300330033003e-07,16054,,,,,,,,,
52,,,,,,,,,,16054,0.019031941890716553,,,,,,,,
52,,,,,,,,,,16058,,0.6812499761581421,0.7243243455886841,0.0821419283747673,0.0821419283747673,0.40266987681388855,0.7052631378173828,0.7444444298744202,0.4145573079586029
,,,,,,,,,9.399999999999999e-07,16059,,,,,,,,,
53,,,,,,,,,,16059,0.010726111009716988,,,,,,,,
,,,,,,,,,9.396699669966996e-07,16064,,,,,,,,,
53,,,,,,,,,,16064,0.013409757055342197,,,,,,,,
,,,,,,,,,9.393399339933992e-07,16069,,,,,,,,,
53,,,,,,,,,,16069,0.018986042588949203,,,,,,,,
,,,,,,,,,9.390099009900989e-07,16074,,,,,,,,,
53,,,,,,,,,,16074,0.013810660690069199,,,,,,,,
,,,,,,,,,9.386798679867987e-07,16079,,,,,,,,,
53,,,,,,,,,,16079,0.039801131933927536,,,,,,,,
,,,,,,,,,9.383498349834983e-07,16084,,,,,,,,,
53,,,,,,,,,,16084,0.025520849972963333,,,,,,,,
,,,,,,,,,9.38019801980198e-07,16089,,,,,,,,,
53,,,,,,,,,,16089,0.02030964568257332,,,,,,,,
,,,,,,,,,9.376897689768977e-07,16094,,,,,,,,,
53,,,,,,,,,,16094,0.016453472897410393,,,,,,,,
,,,,,,,,,9.373597359735973e-07,16099,,,,,,,,,
53,,,,,,,,,,16099,0.02202438749372959,,,,,,,,
,,,,,,,,,9.37029702970297e-07,16104,,,,,,,,,
53,,,,,,,,,,16104,0.025059761479496956,,,,,,,,
,,,,,,,,,9.366996699669967e-07,16109,,,,,,,,,
53,,,,,,,,,,16109,0.035114824771881104,,,,,,,,
,,,,,,,,,9.363696369636963e-07,16114,,,,,,,,,
53,,,,,,,,,,16114,0.014811914414167404,,,,,,,,
,,,,,,,,,9.36039603960396e-07,16119,,,,,,,,,
53,,,,,,,,,,16119,0.01919987052679062,,,,,,,,
,,,,,,,,,9.357095709570956e-07,16124,,,,,,,,,
53,,,,,,,,,,16124,0.042843494564294815,,,,,,,,
,,,,,,,,,9.353795379537953e-07,16129,,,,,,,,,
53,,,,,,,,,,16129,0.009910103864967823,,,,,,,,
,,,,,,,,,9.350495049504951e-07,16134,,,,,,,,,
53,,,,,,,,,,16134,0.015503691509366035,,,,,,,,
,,,,,,,,,9.347194719471947e-07,16139,,,,,,,,,
53,,,,,,,,,,16139,0.013832024298608303,,,,,,,,
,,,,,,,,,9.343894389438944e-07,16144,,,,,,,,,
53,,,,,,,,,,16144,0.035222433507442474,,,,,,,,
,,,,,,,,,9.340594059405941e-07,16149,,,,,,,,,
53,,,,,,,,,,16149,0.027687832713127136,,,,,,,,
,,,,,,,,,9.337293729372937e-07,16154,,,,,,,,,
53,,,,,,,,,,16154,0.012132525444030762,,,,,,,,
,,,,,,,,,9.333993399339933e-07,16159,,,,,,,,,
53,,,,,,,,,,16159,0.016640007495880127,,,,,,,,
,,,,,,,,,9.330693069306931e-07,16164,,,,,,,,,
53,,,,,,,,,,16164,0.013809396885335445,,,,,,,,
,,,,,,,,,9.327392739273927e-07,16169,,,,,,,,,
53,,,,,,,,,,16169,0.008978446014225483,,,,,,,,
,,,,,,,,,9.324092409240923e-07,16174,,,,,,,,,
53,,,,,,,,,,16174,0.019114531576633453,,,,,,,,
,,,,,,,,,9.32079207920792e-07,16179,,,,,,,,,
53,,,,,,,,,,16179,0.018240023404359818,,,,,,,,
,,,,,,,,,9.317491749174917e-07,16184,,,,,,,,,
53,,,,,,,,,,16184,0.03891923651099205,,,,,,,,
,,,,,,,,,9.314191419141914e-07,16189,,,,,,,,,
53,,,,,,,,,,16189,0.022985197603702545,,,,,,,,
,,,,,,,,,9.310891089108911e-07,16194,,,,,,,,,
53,,,,,,,,,,16194,0.026956167072057724,,,,,,,,
,,,,,,,,,9.307590759075908e-07,16199,,,,,,,,,
53,,,,,,,,,,16199,0.030326973646879196,,,,,,,,
,,,,,,,,,9.304290429042904e-07,16204,,,,,,,,,
53,,,,,,,,,,16204,0.02352334000170231,,,,,,,,
,,,,,,,,,9.300990099009901e-07,16209,,,,,,,,,
53,,,,,,,,,,16209,0.024433206766843796,,,,,,,,
,,,,,,,,,9.297689768976897e-07,16214,,,,,,,,,
53,,,,,,,,,,16214,0.022638624534010887,,,,,,,,
,,,,,,,,,9.294389438943894e-07,16219,,,,,,,,,
53,,,,,,,,,,16219,0.027347387745976448,,,,,,,,
,,,,,,,,,9.291089108910891e-07,16224,,,,,,,,,
53,,,,,,,,,,16224,0.010903317481279373,,,,,,,,
,,,,,,,,,9.287788778877887e-07,16229,,,,,,,,,
53,,,,,,,,,,16229,0.018526608124375343,,,,,,,,
,,,,,,,,,9.284488448844883e-07,16234,,,,,,,,,
53,,,,,,,,,,16234,0.021125858649611473,,,,,,,,
,,,,,,,,,9.281188118811881e-07,16239,,,,,,,,,
53,,,,,,,,,,16239,0.018785720691084862,,,,,,,,
,,,,,,,,,9.277887788778878e-07,16244,,,,,,,,,
53,,,,,,,,,,16244,0.009865941479802132,,,,,,,,
,,,,,,,,,9.274587458745874e-07,16249,,,,,,,,,
53,,,,,,,,,,16249,0.02122347801923752,,,,,,,,
,,,,,,,,,9.271287128712872e-07,16254,,,,,,,,,
53,,,,,,,,,,16254,0.009226547554135323,,,,,,,,
,,,,,,,,,9.267986798679868e-07,16259,,,,,,,,,
53,,,,,,,,,,16259,0.07154542207717896,,,,,,,,
,,,,,,,,,9.264686468646864e-07,16264,,,,,,,,,
53,,,,,,,,,,16264,0.024984396994113922,,,,,,,,
,,,,,,,,,9.261386138613861e-07,16269,,,,,,,,,
53,,,,,,,,,,16269,0.03758819028735161,,,,,,,,
,,,,,,,,,9.258085808580858e-07,16274,,,,,,,,,
53,,,,,,,,,,16274,0.0271768718957901,,,,,,,,
,,,,,,,,,9.254785478547854e-07,16279,,,,,,,,,
53,,,,,,,,,,16279,0.009938810020685196,,,,,,,,
,,,,,,,,,9.251485148514851e-07,16284,,,,,,,,,
53,,,,,,,,,,16284,0.03434833884239197,,,,,,,,
,,,,,,,,,9.248184818481847e-07,16289,,,,,,,,,
53,,,,,,,,,,16289,0.06602057814598083,,,,,,,,
,,,,,,,,,9.244884488448844e-07,16294,,,,,,,,,
53,,,,,,,,,,16294,0.016296297311782837,,,,,,,,
,,,,,,,,,9.241584158415842e-07,16299,,,,,,,,,
53,,,,,,,,,,16299,0.028557876124978065,,,,,,,,
,,,,,,,,,9.238283828382838e-07,16304,,,,,,,,,
53,,,,,,,,,,16304,0.028345175087451935,,,,,,,,
,,,,,,,,,9.234983498349835e-07,16309,,,,,,,,,
53,,,,,,,,,,16309,0.016488518565893173,,,,,,,,
,,,,,,,,,9.231683168316832e-07,16314,,,,,,,,,
53,,,,,,,,,,16314,0.021500971168279648,,,,,,,,
,,,,,,,,,9.228382838283828e-07,16319,,,,,,,,,
53,,,,,,,,,,16319,0.03199974074959755,,,,,,,,
,,,,,,,,,9.225082508250824e-07,16324,,,,,,,,,
53,,,,,,,,,,16324,0.009051110595464706,,,,,,,,
,,,,,,,,,9.221782178217822e-07,16329,,,,,,,,,
53,,,,,,,,,,16329,0.03208930790424347,,,,,,,,
,,,,,,,,,9.218481848184818e-07,16334,,,,,,,,,
53,,,,,,,,,,16334,0.020936300978064537,,,,,,,,
,,,,,,,,,9.215181518151814e-07,16339,,,,,,,,,
53,,,,,,,,,,16339,0.034956954419612885,,,,,,,,
,,,,,,,,,9.211881188118811e-07,16344,,,,,,,,,
53,,,,,,,,,,16344,0.04523078724741936,,,,,,,,
,,,,,,,,,9.208580858085809e-07,16349,,,,,,,,,
53,,,,,,,,,,16349,0.01741194725036621,,,,,,,,
,,,,,,,,,9.205280528052805e-07,16354,,,,,,,,,
53,,,,,,,,,,16354,0.015747400000691414,,,,,,,,
,,,,,,,,,9.201980198019802e-07,16359,,,,,,,,,
53,,,,,,,,,,16359,0.013466025702655315,,,,,,,,
53,,,,,,,,,,16361,,0.699999988079071,0.7241379022598267,0.07968519628047943,0.07968519628047943,0.40092623233795166,0.75,0.699999988079071,0.41160061955451965
,,,,,,,,,9.198679867986799e-07,16364,,,,,,,,,
54,,,,,,,,,,16364,0.02560228481888771,,,,,,,,
,,,,,,,,,9.195379537953795e-07,16369,,,,,,,,,
54,,,,,,,,,,16369,0.029274389147758484,,,,,,,,
,,,,,,,,,9.192079207920792e-07,16374,,,,,,,,,
54,,,,,,,,,,16374,0.013256384059786797,,,,,,,,
,,,,,,,,,9.188778877887788e-07,16379,,,,,,,,,
54,,,,,,,,,,16379,0.021848108619451523,,,,,,,,
,,,,,,,,,9.185478547854785e-07,16384,,,,,,,,,
54,,,,,,,,,,16384,0.021867280825972557,,,,,,,,
,,,,,,,,,9.182178217821782e-07,16389,,,,,,,,,
54,,,,,,,,,,16389,0.028377670794725418,,,,,,,,
,,,,,,,,,9.178877887788778e-07,16394,,,,,,,,,
54,,,,,,,,,,16394,0.04545941203832626,,,,,,,,
,,,,,,,,,9.175577557755774e-07,16399,,,,,,,,,
54,,,,,,,,,,16399,0.038163844496011734,,,,,,,,
,,,,,,,,,9.172277227722773e-07,16404,,,,,,,,,
54,,,,,,,,,,16404,0.029057232663035393,,,,,,,,
,,,,,,,,,9.168976897689769e-07,16409,,,,,,,,,
54,,,,,,,,,,16409,0.024710243567824364,,,,,,,,
,,,,,,,,,9.165676567656765e-07,16414,,,,,,,,,
54,,,,,,,,,,16414,0.013562615029513836,,,,,,,,
,,,,,,,,,9.162376237623763e-07,16419,,,,,,,,,
54,,,,,,,,,,16419,0.03326096758246422,,,,,,,,
,,,,,,,,,9.159075907590759e-07,16424,,,,,,,,,
54,,,,,,,,,,16424,0.015654392540454865,,,,,,,,
,,,,,,,,,9.155775577557755e-07,16429,,,,,,,,,
54,,,,,,,,,,16429,0.04900538921356201,,,,,,,,
,,,,,,,,,9.152475247524752e-07,16434,,,,,,,,,
54,,,,,,,,,,16434,0.017876077443361282,,,,,,,,
,,,,,,,,,9.149174917491749e-07,16439,,,,,,,,,
54,,,,,,,,,,16439,0.029873158782720566,,,,,,,,
,,,,,,,,,9.145874587458745e-07,16444,,,,,,,,,
54,,,,,,,,,,16444,0.02319091372191906,,,,,,,,
,,,,,,,,,9.142574257425742e-07,16449,,,,,,,,,
54,,,,,,,,,,16449,0.030913541093468666,,,,,,,,
,,,,,,,,,9.139273927392738e-07,16454,,,,,,,,,
54,,,,,,,,,,16454,0.029278643429279327,,,,,,,,
,,,,,,,,,9.135973597359736e-07,16459,,,,,,,,,
54,,,,,,,,,,16459,0.021263452246785164,,,,,,,,
,,,,,,,,,9.132673267326733e-07,16464,,,,,,,,,
54,,,,,,,,,,16464,0.03237593173980713,,,,,,,,
,,,,,,,,,9.129372937293729e-07,16469,,,,,,,,,
54,,,,,,,,,,16469,0.017726361751556396,,,,,,,,
,,,,,,,,,9.126072607260725e-07,16474,,,,,,,,,
54,,,,,,,,,,16474,0.01648108661174774,,,,,,,,
,,,,,,,,,9.122772277227723e-07,16479,,,,,,,,,
54,,,,,,,,,,16479,0.04622885212302208,,,,,,,,
,,,,,,,,,9.119471947194719e-07,16484,,,,,,,,,
54,,,,,,,,,,16484,0.026316694915294647,,,,,,,,
,,,,,,,,,9.116171617161715e-07,16489,,,,,,,,,
54,,,,,,,,,,16489,0.023120032623410225,,,,,,,,
,,,,,,,,,9.112871287128713e-07,16494,,,,,,,,,
54,,,,,,,,,,16494,0.027935169637203217,,,,,,,,
,,,,,,,,,9.109570957095709e-07,16499,,,,,,,,,
54,,,,,,,,,,16499,0.05187128484249115,,,,,,,,
,,,,,,,,,9.106270627062705e-07,16504,,,,,,,,,
54,,,,,,,,,,16504,0.028473827987909317,,,,,,,,
,,,,,,,,,9.102970297029703e-07,16509,,,,,,,,,
54,,,,,,,,,,16509,0.026080986484885216,,,,,,,,
,,,,,,,,,9.0996699669967e-07,16514,,,,,,,,,
54,,,,,,,,,,16514,0.02379358559846878,,,,,,,,
,,,,,,,,,9.096369636963696e-07,16519,,,,,,,,,
54,,,,,,,,,,16519,0.03277398645877838,,,,,,,,
,,,,,,,,,9.093069306930693e-07,16524,,,,,,,,,
54,,,,,,,,,,16524,0.057096946984529495,,,,,,,,
,,,,,,,,,9.089768976897689e-07,16529,,,,,,,,,
54,,,,,,,,,,16529,0.04074638709425926,,,,,,,,
,,,,,,,,,9.086468646864686e-07,16534,,,,,,,,,
54,,,,,,,,,,16534,0.0231946874409914,,,,,,,,
,,,,,,,,,9.083168316831683e-07,16539,,,,,,,,,
54,,,,,,,,,,16539,0.027037937194108963,,,,,,,,
,,,,,,,,,9.079867986798679e-07,16544,,,,,,,,,
54,,,,,,,,,,16544,0.04433209449052811,,,,,,,,
,,,,,,,,,9.076567656765675e-07,16549,,,,,,,,,
54,,,,,,,,,,16549,0.016994422301650047,,,,,,,,
,,,,,,,,,9.073267326732673e-07,16554,,,,,,,,,
54,,,,,,,,,,16554,0.013457600958645344,,,,,,,,
,,,,,,,,,9.069966996699669e-07,16559,,,,,,,,,
54,,,,,,,,,,16559,0.0444108322262764,,,,,,,,
,,,,,,,,,9.066666666666665e-07,16564,,,,,,,,,
54,,,,,,,,,,16564,0.04292846471071243,,,,,,,,
,,,,,,,,,9.063366336633664e-07,16569,,,,,,,,,
54,,,,,,,,,,16569,0.01743123307824135,,,,,,,,
,,,,,,,,,9.06006600660066e-07,16574,,,,,,,,,
54,,,,,,,,,,16574,0.034628160297870636,,,,,,,,
,,,,,,,,,9.056765676567656e-07,16579,,,,,,,,,
54,,,,,,,,,,16579,0.030445873737335205,,,,,,,,
,,,,,,,,,9.053465346534653e-07,16584,,,,,,,,,
54,,,,,,,,,,16584,0.007862227037549019,,,,,,,,
,,,,,,,,,9.05016501650165e-07,16589,,,,,,,,,
54,,,,,,,,,,16589,0.012064424343407154,,,,,,,,
,,,,,,,,,9.046864686468646e-07,16594,,,,,,,,,
54,,,,,,,,,,16594,0.02328057773411274,,,,,,,,
,,,,,,,,,9.043564356435643e-07,16599,,,,,,,,,
54,,,,,,,,,,16599,0.020844141021370888,,,,,,,,
,,,,,,,,,9.040264026402639e-07,16604,,,,,,,,,
54,,,,,,,,,,16604,0.021086884662508965,,,,,,,,
,,,,,,,,,9.036963696369636e-07,16609,,,,,,,,,
54,,,,,,,,,,16609,0.0686265081167221,,,,,,,,
,,,,,,,,,9.033663366336633e-07,16614,,,,,,,,,
54,,,,,,,,,,16614,0.022725993767380714,,,,,,,,
,,,,,,,,,9.03036303630363e-07,16619,,,,,,,,,
54,,,,,,,,,,16619,0.04025861620903015,,,,,,,,
,,,,,,,,,9.027062706270627e-07,16624,,,,,,,,,
54,,,,,,,,,,16624,0.02660124935209751,,,,,,,,
,,,,,,,,,9.023762376237624e-07,16629,,,,,,,,,
54,,,,,,,,,,16629,0.013236929662525654,,,,,,,,
,,,,,,,,,9.02046204620462e-07,16634,,,,,,,,,
54,,,,,,,,,,16634,0.025146307423710823,,,,,,,,
,,,,,,,,,9.017161716171616e-07,16639,,,,,,,,,
54,,,,,,,,,,16639,0.027113907039165497,,,,,,,,
,,,,,,,,,9.013861386138614e-07,16644,,,,,,,,,
54,,,,,,,,,,16644,0.05110880360007286,,,,,,,,
,,,,,,,,,9.01056105610561e-07,16649,,,,,,,,,
54,,,,,,,,,,16649,0.023415517061948776,,,,,,,,
,,,,,,,,,9.007260726072606e-07,16654,,,,,,,,,
54,,,,,,,,,,16654,0.014709057286381721,,,,,,,,
,,,,,,,,,9.003960396039603e-07,16659,,,,,,,,,
54,,,,,,,,,,16659,0.048668742179870605,,,,,,,,
,,,,,,,,,9.0006600660066e-07,16664,,,,,,,,,
54,,,,,,,,,,16664,0.04504518583416939,,,,,,,,
54,,,,,,,,,,16664,,0.6875,0.7252747416496277,0.08001121878623962,0.08001121878623962,0.4157796800136566,0.717391312122345,0.7333333492279053,0.42817917466163635
,,,,,,,,,8.997359735973596e-07,16669,,,,,,,,,
55,,,,,,,,,,16669,0.009229733608663082,,,,,,,,
,,,,,,,,,8.994059405940594e-07,16674,,,,,,,,,
55,,,,,,,,,,16674,0.047552213072776794,,,,,,,,
,,,,,,,,,8.990759075907591e-07,16679,,,,,,,,,
55,,,,,,,,,,16679,0.016553442925214767,,,,,,,,
,,,,,,,,,8.987458745874587e-07,16684,,,,,,,,,
55,,,,,,,,,,16684,0.025522645562887192,,,,,,,,
,,,,,,,,,8.984158415841584e-07,16689,,,,,,,,,
55,,,,,,,,,,16689,0.04883969575166702,,,,,,,,
,,,,,,,,,8.98085808580858e-07,16694,,,,,,,,,
55,,,,,,,,,,16694,0.015145779587328434,,,,,,,,
,,,,,,,,,8.977557755775577e-07,16699,,,,,,,,,
55,,,,,,,,,,16699,0.012868834659457207,,,,,,,,
,,,,,,,,,8.974257425742574e-07,16704,,,,,,,,,
55,,,,,,,,,,16704,0.009939399547874928,,,,,,,,
,,,,,,,,,8.97095709570957e-07,16709,,,,,,,,,
55,,,,,,,,,,16709,0.04244376718997955,,,,,,,,
,,,,,,,,,8.967656765676566e-07,16714,,,,,,,,,
55,,,,,,,,,,16714,0.027394354343414307,,,,,,,,
,,,,,,,,,8.964356435643564e-07,16719,,,,,,,,,
55,,,,,,,,,,16719,0.02794547937810421,,,,,,,,
,,,,,,,,,8.96105610561056e-07,16724,,,,,,,,,
55,,,,,,,,,,16724,0.029735682532191277,,,,,,,,
,,,,,,,,,8.957755775577558e-07,16729,,,,,,,,,
55,,,,,,,,,,16729,0.052562911063432693,,,,,,,,
,,,,,,,,,8.954455445544555e-07,16734,,,,,,,,,
55,,,,,,,,,,16734,0.01578274369239807,,,,,,,,
,,,,,,,,,8.951155115511551e-07,16739,,,,,,,,,
55,,,,,,,,,,16739,0.03984541818499565,,,,,,,,
,,,,,,,,,8.947854785478548e-07,16744,,,,,,,,,
55,,,,,,,,,,16744,0.036387763917446136,,,,,,,,
,,,,,,,,,8.944554455445544e-07,16749,,,,,,,,,
55,,,,,,,,,,16749,0.00959767121821642,,,,,,,,
,,,,,,,,,8.941254125412541e-07,16754,,,,,,,,,
55,,,,,,,,,,16754,0.013193430379033089,,,,,,,,
,,,,,,,,,8.937953795379538e-07,16759,,,,,,,,,
55,,,,,,,,,,16759,0.005324955098330975,,,,,,,,
,,,,,,,,,8.934653465346534e-07,16764,,,,,,,,,
55,,,,,,,,,,16764,0.0287588182836771,,,,,,,,
,,,,,,,,,8.93135313531353e-07,16769,,,,,,,,,
55,,,,,,,,,,16769,0.015382608398795128,,,,,,,,
,,,,,,,,,8.928052805280528e-07,16774,,,,,,,,,
55,,,,,,,,,,16774,0.021304648369550705,,,,,,,,
,,,,,,,,,8.924752475247525e-07,16779,,,,,,,,,
55,,,,,,,,,,16779,0.025164155289530754,,,,,,,,
,,,,,,,,,8.921452145214521e-07,16784,,,,,,,,,
55,,,,,,,,,,16784,0.011574311181902885,,,,,,,,
,,,,,,,,,8.918151815181519e-07,16789,,,,,,,,,
55,,,,,,,,,,16789,0.01667763851583004,,,,,,,,
,,,,,,,,,8.914851485148515e-07,16794,,,,,,,,,
55,,,,,,,,,,16794,0.021262595430016518,,,,,,,,
,,,,,,,,,8.911551155115511e-07,16799,,,,,,,,,
55,,,,,,,,,,16799,0.01373386662453413,,,,,,,,
,,,,,,,,,8.908250825082508e-07,16804,,,,,,,,,
55,,,,,,,,,,16804,0.008280492387712002,,,,,,,,
,,,,,,,,,8.904950495049505e-07,16809,,,,,,,,,
55,,,,,,,,,,16809,0.043984055519104004,,,,,,,,
,,,,,,,,,8.901650165016501e-07,16814,,,,,,,,,
55,,,,,,,,,,16814,0.025993037968873978,,,,,,,,
,,,,,,,,,8.898349834983498e-07,16819,,,,,,,,,
55,,,,,,,,,,16819,0.032882604748010635,,,,,,,,
,,,,,,,,,8.895049504950494e-07,16824,,,,,,,,,
55,,,,,,,,,,16824,0.021960237994790077,,,,,,,,
,,,,,,,,,8.891749174917491e-07,16829,,,,,,,,,
55,,,,,,,,,,16829,0.0076254066079854965,,,,,,,,
,,,,,,,,,8.888448844884489e-07,16834,,,,,,,,,
55,,,,,,,,,,16834,0.013481291942298412,,,,,,,,
,,,,,,,,,8.885148514851485e-07,16839,,,,,,,,,
55,,,,,,,,,,16839,0.017973188310861588,,,,,,,,
,,,,,,,,,8.881848184818481e-07,16844,,,,,,,,,
55,,,,,,,,,,16844,0.022600557655096054,,,,,,,,
,,,,,,,,,8.878547854785479e-07,16849,,,,,,,,,
55,,,,,,,,,,16849,0.020917464047670364,,,,,,,,
,,,,,,,,,8.875247524752475e-07,16854,,,,,,,,,
55,,,,,,,,,,16854,0.026875877752900124,,,,,,,,
,,,,,,,,,8.871947194719471e-07,16859,,,,,,,,,
55,,,,,,,,,,16859,0.034818168729543686,,,,,,,,
,,,,,,,,,8.868646864686469e-07,16864,,,,,,,,,
55,,,,,,,,,,16864,0.06848423928022385,,,,,,,,
,,,,,,,,,8.865346534653465e-07,16869,,,,,,,,,
55,,,,,,,,,,16869,0.021784797310829163,,,,,,,,
,,,,,,,,,8.862046204620461e-07,16874,,,,,,,,,
55,,,,,,,,,,16874,0.0199232529848814,,,,,,,,
,,,,,,,,,8.858745874587458e-07,16879,,,,,,,,,
55,,,,,,,,,,16879,0.03637835383415222,,,,,,,,
,,,,,,,,,8.855445544554455e-07,16884,,,,,,,,,
55,,,,,,,,,,16884,0.01105559803545475,,,,,,,,
,,,,,,,,,8.852145214521452e-07,16889,,,,,,,,,
55,,,,,,,,,,16889,0.016626374796032906,,,,,,,,
,,,,,,,,,8.848844884488449e-07,16894,,,,,,,,,
55,,,,,,,,,,16894,0.04942523315548897,,,,,,,,
,,,,,,,,,8.845544554455445e-07,16899,,,,,,,,,
55,,,,,,,,,,16899,0.010954072698950768,,,,,,,,
,,,,,,,,,8.842244224422442e-07,16904,,,,,,,,,
55,,,,,,,,,,16904,0.024421080946922302,,,,,,,,
,,,,,,,,,8.838943894389439e-07,16909,,,,,,,,,
55,,,,,,,,,,16909,0.012438918463885784,,,,,,,,
,,,,,,,,,8.835643564356435e-07,16914,,,,,,,,,
55,,,,,,,,,,16914,0.024782352149486542,,,,,,,,
,,,,,,,,,8.832343234323432e-07,16919,,,,,,,,,
55,,,,,,,,,,16919,0.015813207253813744,,,,,,,,
,,,,,,,,,8.829042904290429e-07,16924,,,,,,,,,
55,,,,,,,,,,16924,0.0085134357213974,,,,,,,,
,,,,,,,,,8.825742574257425e-07,16929,,,,,,,,,
55,,,,,,,,,,16929,0.020527906715869904,,,,,,,,
,,,,,,,,,8.822442244224421e-07,16934,,,,,,,,,
55,,,,,,,,,,16934,0.07808896899223328,,,,,,,,
,,,,,,,,,8.81914191419142e-07,16939,,,,,,,,,
55,,,,,,,,,,16939,0.035152167081832886,,,,,,,,
,,,,,,,,,8.815841584158416e-07,16944,,,,,,,,,
55,,,,,,,,,,16944,0.02377971075475216,,,,,,,,
,,,,,,,,,8.812541254125412e-07,16949,,,,,,,,,
55,,,,,,,,,,16949,0.018540404736995697,,,,,,,,
,,,,,,,,,8.80924092409241e-07,16954,,,,,,,,,
55,,,,,,,,,,16954,0.040669627487659454,,,,,,,,
,,,,,,,,,8.805940594059406e-07,16959,,,,,,,,,
55,,,,,,,,,,16959,0.02014668472111225,,,,,,,,
,,,,,,,,,8.802640264026402e-07,16964,,,,,,,,,
55,,,,,,,,,,16964,0.041851531714200974,,,,,,,,
55,,,,,,,,,,16967,,0.6875,0.7311828136444092,0.08314279466867447,0.08314279466867447,0.40821409225463867,0.7083333134651184,0.7555555701255798,0.4260643422603607
,,,,,,,,,8.799339933993399e-07,16969,,,,,,,,,
56,,,,,,,,,,16969,0.05706275627017021,,,,,,,,
,,,,,,,,,8.796039603960396e-07,16974,,,,,,,,,
56,,,,,,,,,,16974,0.014130140654742718,,,,,,,,
,,,,,,,,,8.792739273927392e-07,16979,,,,,,,,,
56,,,,,,,,,,16979,0.013669567182660103,,,,,,,,
,,,,,,,,,8.789438943894389e-07,16984,,,,,,,,,
56,,,,,,,,,,16984,0.027797149494290352,,,,,,,,
,,,,,,,,,8.786138613861385e-07,16989,,,,,,,,,
56,,,,,,,,,,16989,0.01568969339132309,,,,,,,,
,,,,,,,,,8.782838283828383e-07,16994,,,,,,,,,
56,,,,,,,,,,16994,0.025384221225976944,,,,,,,,
,,,,,,,,,8.77953795379538e-07,16999,,,,,,,,,
56,,,,,,,,,,16999,0.02781246230006218,,,,,,,,
,,,,,,,,,8.776237623762376e-07,17004,,,,,,,,,
56,,,,,,,,,,17004,0.018954893574118614,,,,,,,,
,,,,,,,,,8.772937293729372e-07,17009,,,,,,,,,
56,,,,,,,,,,17009,0.008484410122036934,,,,,,,,
,,,,,,,,,8.76963696369637e-07,17014,,,,,,,,,
56,,,,,,,,,,17014,0.009946564212441444,,,,,,,,
,,,,,,,,,8.766336633663366e-07,17019,,,,,,,,,
56,,,,,,,,,,17019,0.016823619604110718,,,,,,,,
,,,,,,,,,8.763036303630362e-07,17024,,,,,,,,,
56,,,,,,,,,,17024,0.022562749683856964,,,,,,,,
,,,,,,,,,8.75973597359736e-07,17029,,,,,,,,,
56,,,,,,,,,,17029,0.013569408096373081,,,,,,,,
,,,,,,,,,8.756435643564356e-07,17034,,,,,,,,,
56,,,,,,,,,,17034,0.01653161644935608,,,,,,,,
,,,,,,,,,8.753135313531352e-07,17039,,,,,,,,,
56,,,,,,,,,,17039,0.00917577464133501,,,,,,,,
,,,,,,,,,8.749834983498349e-07,17044,,,,,,,,,
56,,,,,,,,,,17044,0.012203961610794067,,,,,,,,
,,,,,,,,,8.746534653465347e-07,17049,,,,,,,,,
56,,,,,,,,,,17049,0.024020425975322723,,,,,,,,
,,,,,,,,,8.743234323432343e-07,17054,,,,,,,,,
56,,,,,,,,,,17054,0.008296688087284565,,,,,,,,
,,,,,,,,,8.73993399339934e-07,17059,,,,,,,,,
56,,,,,,,,,,17059,0.011322908103466034,,,,,,,,
,,,,,,,,,8.736633663366336e-07,17064,,,,,,,,,
56,,,,,,,,,,17064,0.02987493947148323,,,,,,,,
,,,,,,,,,8.733333333333333e-07,17069,,,,,,,,,
56,,,,,,,,,,17069,0.028357939794659615,,,,,,,,
,,,,,,,,,8.73003300330033e-07,17074,,,,,,,,,
56,,,,,,,,,,17074,0.007358754053711891,,,,,,,,
,,,,,,,,,8.726732673267326e-07,17079,,,,,,,,,
56,,,,,,,,,,17079,0.0057191019877791405,,,,,,,,
,,,,,,,,,8.723432343234322e-07,17084,,,,,,,,,
56,,,,,,,,,,17084,0.08941181004047394,,,,,,,,
,,,,,,,,,8.72013201320132e-07,17089,,,,,,,,,
56,,,,,,,,,,17089,0.0039006108418107033,,,,,,,,
,,,,,,,,,8.716831683168316e-07,17094,,,,,,,,,
56,,,,,,,,,,17094,0.018205545842647552,,,,,,,,
,,,,,,,,,8.713531353135312e-07,17099,,,,,,,,,
56,,,,,,,,,,17099,0.019315222278237343,,,,,,,,
,,,,,,,,,8.710231023102311e-07,17104,,,,,,,,,
56,,,,,,,,,,17104,0.02120022103190422,,,,,,,,
,,,,,,,,,8.706930693069307e-07,17109,,,,,,,,,
56,,,,,,,,,,17109,0.041431911289691925,,,,,,,,
,,,,,,,,,8.703630363036303e-07,17114,,,,,,,,,
56,,,,,,,,,,17114,0.09795113652944565,,,,,,,,
,,,,,,,,,8.7003300330033e-07,17119,,,,,,,,,
56,,,,,,,,,,17119,0.022093432024121284,,,,,,,,
,,,,,,,,,8.697029702970297e-07,17124,,,,,,,,,
56,,,,,,,,,,17124,0.026469774544239044,,,,,,,,
,,,,,,,,,8.693729372937293e-07,17129,,,,,,,,,
56,,,,,,,,,,17129,0.03573091700673103,,,,,,,,
,,,,,,,,,8.69042904290429e-07,17134,,,,,,,,,
56,,,,,,,,,,17134,0.01266502682119608,,,,,,,,
,,,,,,,,,8.687128712871286e-07,17139,,,,,,,,,
56,,,,,,,,,,17139,0.01649739407002926,,,,,,,,
,,,,,,,,,8.683828382838283e-07,17144,,,,,,,,,
56,,,,,,,,,,17144,0.03025689534842968,,,,,,,,
,,,,,,,,,8.68052805280528e-07,17149,,,,,,,,,
56,,,,,,,,,,17149,0.009059270843863487,,,,,,,,
,,,,,,,,,8.677227722772276e-07,17154,,,,,,,,,
56,,,,,,,,,,17154,0.017429249361157417,,,,,,,,
,,,,,,,,,8.673927392739274e-07,17159,,,,,,,,,
56,,,,,,,,,,17159,0.021879833191633224,,,,,,,,
,,,,,,,,,8.670627062706271e-07,17164,,,,,,,,,
56,,,,,,,,,,17164,0.013554944656789303,,,,,,,,
,,,,,,,,,8.667326732673267e-07,17169,,,,,,,,,
56,,,,,,,,,,17169,0.010030390694737434,,,,,,,,
,,,,,,,,,8.664026402640263e-07,17174,,,,,,,,,
56,,,,,,,,,,17174,0.026807134971022606,,,,,,,,
,,,,,,,,,8.660726072607261e-07,17179,,,,,,,,,
56,,,,,,,,,,17179,0.017173318192362785,,,,,,,,
,,,,,,,,,8.657425742574257e-07,17184,,,,,,,,,
56,,,,,,,,,,17184,0.015894217416644096,,,,,,,,
,,,,,,,,,8.654125412541253e-07,17189,,,,,,,,,
56,,,,,,,,,,17189,0.037314288318157196,,,,,,,,
,,,,,,,,,8.65082508250825e-07,17194,,,,,,,,,
56,,,,,,,,,,17194,0.03344723582267761,,,,,,,,
,,,,,,,,,8.647524752475247e-07,17199,,,,,,,,,
56,,,,,,,,,,17199,0.02890784852206707,,,,,,,,
,,,,,,,,,8.644224422442243e-07,17204,,,,,,,,,
56,,,,,,,,,,17204,0.01943741738796234,,,,,,,,
,,,,,,,,,8.640924092409241e-07,17209,,,,,,,,,
56,,,,,,,,,,17209,0.012304024770855904,,,,,,,,
,,,,,,,,,8.637623762376238e-07,17214,,,,,,,,,
56,,,,,,,,,,17214,0.10284160822629929,,,,,,,,
,,,,,,,,,8.634323432343234e-07,17219,,,,,,,,,
56,,,,,,,,,,17219,0.02155771292746067,,,,,,,,
,,,,,,,,,8.631023102310231e-07,17224,,,,,,,,,
56,,,,,,,,,,17224,0.009583817794919014,,,,,,,,
,,,,,,,,,8.627722772277227e-07,17229,,,,,,,,,
56,,,,,,,,,,17229,0.031016385182738304,,,,,,,,
,,,,,,,,,8.624422442244224e-07,17234,,,,,,,,,
56,,,,,,,,,,17234,0.031162073835730553,,,,,,,,
,,,,,,,,,8.621122112211221e-07,17239,,,,,,,,,
56,,,,,,,,,,17239,0.05443524569272995,,,,,,,,
,,,,,,,,,8.617821782178217e-07,17244,,,,,,,,,
56,,,,,,,,,,17244,0.09690254181623459,,,,,,,,
,,,,,,,,,8.614521452145213e-07,17249,,,,,,,,,
56,,,,,,,,,,17249,0.011102325282990932,,,,,,,,
,,,,,,,,,8.611221122112211e-07,17254,,,,,,,,,
56,,,,,,,,,,17254,0.009633415378630161,,,,,,,,
,,,,,,,,,8.607920792079207e-07,17259,,,,,,,,,
56,,,,,,,,,,17259,0.008682169951498508,,,,,,,,
,,,,,,,,,8.604620462046204e-07,17264,,,,,,,,,
56,,,,,,,,,,17264,0.03317780792713165,,,,,,,,
,,,,,,,,,8.601320132013202e-07,17269,,,,,,,,,
56,,,,,,,,,,17269,0.016830774024128914,,,,,,,,
56,,,,,,,,,,17270,,0.706250011920929,0.7486631274223328,0.07947643846273422,0.07947643846273422,0.4336729645729065,0.7216494679450989,0.7777777910232544,0.44788461923599243
,,,,,,,,,8.598019801980198e-07,17274,,,,,,,,,
57,,,,,,,,,,17274,0.025553174316883087,,,,,,,,
,,,,,,,,,8.594719471947194e-07,17279,,,,,,,,,
57,,,,,,,,,,17279,0.016117099672555923,,,,,,,,
,,,,,,,,,8.591419141914191e-07,17284,,,,,,,,,
57,,,,,,,,,,17284,0.007967095822095871,,,,,,,,
,,,,,,,,,8.588118811881188e-07,17289,,,,,,,,,
57,,,,,,,,,,17289,0.015161414630711079,,,,,,,,
,,,,,,,,,8.584818481848184e-07,17294,,,,,,,,,
57,,,,,,,,,,17294,0.05556964501738548,,,,,,,,
,,,,,,,,,8.581518151815181e-07,17299,,,,,,,,,
57,,,,,,,,,,17299,0.01512997504323721,,,,,,,,
,,,,,,,,,8.578217821782177e-07,17304,,,,,,,,,
57,,,,,,,,,,17304,0.012969604693353176,,,,,,,,
,,,,,,,,,8.574917491749174e-07,17309,,,,,,,,,
57,,,,,,,,,,17309,0.03748076781630516,,,,,,,,
,,,,,,,,,8.571617161716171e-07,17314,,,,,,,,,
57,,,,,,,,,,17314,0.016274476423859596,,,,,,,,
,,,,,,,,,8.568316831683168e-07,17319,,,,,,,,,
57,,,,,,,,,,17319,0.010341054759919643,,,,,,,,
,,,,,,,,,8.565016501650164e-07,17324,,,,,,,,,
57,,,,,,,,,,17324,0.031969040632247925,,,,,,,,
,,,,,,,,,8.561716171617162e-07,17329,,,,,,,,,
57,,,,,,,,,,17329,0.0187707357108593,,,,,,,,
,,,,,,,,,8.558415841584158e-07,17334,,,,,,,,,
57,,,,,,,,,,17334,0.03265209123492241,,,,,,,,
,,,,,,,,,8.555115511551154e-07,17339,,,,,,,,,
57,,,,,,,,,,17339,0.06011667847633362,,,,,,,,
,,,,,,,,,8.551815181518152e-07,17344,,,,,,,,,
57,,,,,,,,,,17344,0.022230247035622597,,,,,,,,
,,,,,,,,,8.548514851485148e-07,17349,,,,,,,,,
57,,,,,,,,,,17349,0.0183696486055851,,,,,,,,
,,,,,,,,,8.545214521452144e-07,17354,,,,,,,,,
57,,,,,,,,,,17354,0.02237350307404995,,,,,,,,
,,,,,,,,,8.541914191419141e-07,17359,,,,,,,,,
57,,,,,,,,,,17359,0.012210524640977383,,,,,,,,
,,,,,,,,,8.538613861386138e-07,17364,,,,,,,,,
57,,,,,,,,,,17364,0.02001732587814331,,,,,,,,
,,,,,,,,,8.535313531353136e-07,17369,,,,,,,,,
57,,,,,,,,,,17369,0.02916051261126995,,,,,,,,
,,,,,,,,,8.532013201320132e-07,17374,,,,,,,,,
57,,,,,,,,,,17374,0.011619181372225285,,,,,,,,
,,,,,,,,,8.528712871287128e-07,17379,,,,,,,,,
57,,,,,,,,,,17379,0.03642348572611809,,,,,,,,
,,,,,,,,,8.525412541254126e-07,17384,,,,,,,,,
57,,,,,,,,,,17384,0.01854785531759262,,,,,,,,
,,,,,,,,,8.522112211221122e-07,17389,,,,,,,,,
57,,,,,,,,,,17389,0.028373079374432564,,,,,,,,
,,,,,,,,,8.518811881188118e-07,17394,,,,,,,,,
57,,,,,,,,,,17394,0.01810804195702076,,,,,,,,
,,,,,,,,,8.515511551155116e-07,17399,,,,,,,,,
57,,,,,,,,,,17399,0.06337796896696091,,,,,,,,
,,,,,,,,,8.512211221122112e-07,17404,,,,,,,,,
57,,,,,,,,,,17404,0.026082918047904968,,,,,,,,
,,,,,,,,,8.508910891089108e-07,17409,,,,,,,,,
57,,,,,,,,,,17409,0.016287287697196007,,,,,,,,
,,,,,,,,,8.505610561056105e-07,17414,,,,,,,,,
57,,,,,,,,,,17414,0.008829322643578053,,,,,,,,
,,,,,,,,,8.502310231023102e-07,17419,,,,,,,,,
57,,,,,,,,,,17419,0.020427778363227844,,,,,,,,
,,,,,,,,,8.499009900990099e-07,17424,,,,,,,,,
57,,,,,,,,,,17424,0.01728036440908909,,,,,,,,
,,,,,,,,,8.495709570957096e-07,17429,,,,,,,,,
57,,,,,,,,,,17429,0.026189833879470825,,,,,,,,
,,,,,,,,,8.492409240924092e-07,17434,,,,,,,,,
57,,,,,,,,,,17434,0.04334159940481186,,,,,,,,
,,,,,,,,,8.489108910891089e-07,17439,,,,,,,,,
57,,,,,,,,,,17439,0.04167409986257553,,,,,,,,
,,,,,,,,,8.485808580858086e-07,17444,,,,,,,,,
57,,,,,,,,,,17444,0.011444473639130592,,,,,,,,
,,,,,,,,,8.482508250825082e-07,17449,,,,,,,,,
57,,,,,,,,,,17449,0.037951961159706116,,,,,,,,
,,,,,,,,,8.479207920792079e-07,17454,,,,,,,,,
57,,,,,,,,,,17454,0.039862219244241714,,,,,,,,
,,,,,,,,,8.475907590759076e-07,17459,,,,,,,,,
57,,,,,,,,,,17459,0.01850278675556183,,,,,,,,
,,,,,,,,,8.472607260726072e-07,17464,,,,,,,,,
57,,,,,,,,,,17464,0.016449617221951485,,,,,,,,
,,,,,,,,,8.469306930693068e-07,17469,,,,,,,,,
57,,,,,,,,,,17469,0.030204322189092636,,,,,,,,
,,,,,,,,,8.466006600660066e-07,17474,,,,,,,,,
57,,,,,,,,,,17474,0.007878890261054039,,,,,,,,
,,,,,,,,,8.462706270627063e-07,17479,,,,,,,,,
57,,,,,,,,,,17479,0.02877398207783699,,,,,,,,
,,,,,,,,,8.459405940594059e-07,17484,,,,,,,,,
57,,,,,,,,,,17484,0.014493273571133614,,,,,,,,
,,,,,,,,,8.456105610561056e-07,17489,,,,,,,,,
57,,,,,,,,,,17489,0.019878190010786057,,,,,,,,
,,,,,,,,,8.452805280528053e-07,17494,,,,,,,,,
57,,,,,,,,,,17494,0.01041657105088234,,,,,,,,
,,,,,,,,,8.449504950495049e-07,17499,,,,,,,,,
57,,,,,,,,,,17499,0.022651448845863342,,,,,,,,
,,,,,,,,,8.446204620462046e-07,17504,,,,,,,,,
57,,,,,,,,,,17504,0.029407478868961334,,,,,,,,
,,,,,,,,,8.442904290429042e-07,17509,,,,,,,,,
57,,,,,,,,,,17509,0.04407760500907898,,,,,,,,
,,,,,,,,,8.439603960396039e-07,17514,,,,,,,,,
57,,,,,,,,,,17514,0.012830659747123718,,,,,,,,
,,,,,,,,,8.436303630363036e-07,17519,,,,,,,,,
57,,,,,,,,,,17519,0.04425396770238876,,,,,,,,
,,,,,,,,,8.433003300330032e-07,17524,,,,,,,,,
57,,,,,,,,,,17524,0.021537479013204575,,,,,,,,
,,,,,,,,,8.429702970297029e-07,17529,,,,,,,,,
57,,,,,,,,,,17529,0.026576662436127663,,,,,,,,
,,,,,,,,,8.426402640264027e-07,17534,,,,,,,,,
57,,,,,,,,,,17534,0.00809332262724638,,,,,,,,
,,,,,,,,,8.423102310231023e-07,17539,,,,,,,,,
57,,,,,,,,,,17539,0.03525776416063309,,,,,,,,
,,,,,,,,,8.419801980198019e-07,17544,,,,,,,,,
57,,,,,,,,,,17544,0.00817077700048685,,,,,,,,
,,,,,,,,,8.416501650165017e-07,17549,,,,,,,,,
57,,,,,,,,,,17549,0.02476677857339382,,,,,,,,
,,,,,,,,,8.413201320132013e-07,17554,,,,,,,,,
57,,,,,,,,,,17554,0.018341371789574623,,,,,,,,
,,,,,,,,,8.409900990099009e-07,17559,,,,,,,,,
57,,,,,,,,,,17559,0.03554707020521164,,,,,,,,
,,,,,,,,,8.406600660066006e-07,17564,,,,,,,,,
57,,,,,,,,,,17564,0.027885837480425835,,,,,,,,
,,,,,,,,,8.403300330033003e-07,17569,,,,,,,,,
57,,,,,,,,,,17569,0.024405626580119133,,,,,,,,
57,,,,,,,,,,17573,,0.706250011920929,0.745945930480957,0.07776395976543427,0.07776395976543427,0.429561585187912,0.7263157963752747,0.7666666507720947,0.44275879859924316
,,,,,,,,,8.399999999999999e-07,17574,,,,,,,,,
58,,,,,,,,,,17574,0.00906817615032196,,,,,,,,
,,,,,,,,,8.396699669966996e-07,17579,,,,,,,,,
58,,,,,,,,,,17579,0.020066536962985992,,,,,,,,
,,,,,,,,,8.393399339933994e-07,17584,,,,,,,,,
58,,,,,,,,,,17584,0.027847787365317345,,,,,,,,
,,,,,,,,,8.39009900990099e-07,17589,,,,,,,,,
58,,,,,,,,,,17589,0.009135840460658073,,,,,,,,
,,,,,,,,,8.386798679867987e-07,17594,,,,,,,,,
58,,,,,,,,,,17594,0.03546525537967682,,,,,,,,
,,,,,,,,,8.383498349834983e-07,17599,,,,,,,,,
58,,,,,,,,,,17599,0.010396890342235565,,,,,,,,
,,,,,,,,,8.38019801980198e-07,17604,,,,,,,,,
58,,,,,,,,,,17604,0.010308797471225262,,,,,,,,
,,,,,,,,,8.376897689768977e-07,17609,,,,,,,,,
58,,,,,,,,,,17609,0.03656899929046631,,,,,,,,
,,,,,,,,,8.373597359735973e-07,17614,,,,,,,,,
58,,,,,,,,,,17614,0.013902124017477036,,,,,,,,
,,,,,,,,,8.370297029702969e-07,17619,,,,,,,,,
58,,,,,,,,,,17619,0.03516996651887894,,,,,,,,
,,,,,,,,,8.366996699669967e-07,17624,,,,,,,,,
58,,,,,,,,,,17624,0.01776702143251896,,,,,,,,
,,,,,,,,,8.363696369636963e-07,17629,,,,,,,,,
58,,,,,,,,,,17629,0.016658293083310127,,,,,,,,
,,,,,,,,,8.360396039603959e-07,17634,,,,,,,,,
58,,,,,,,,,,17634,0.0063652158714830875,,,,,,,,
,,,,,,,,,8.357095709570958e-07,17639,,,,,,,,,
58,,,,,,,,,,17639,0.02100694365799427,,,,,,,,
,,,,,,,,,8.353795379537954e-07,17644,,,,,,,,,
58,,,,,,,,,,17644,0.029811901971697807,,,,,,,,
,,,,,,,,,8.35049504950495e-07,17649,,,,,,,,,
58,,,,,,,,,,17649,0.01962355524301529,,,,,,,,
,,,,,,,,,8.347194719471947e-07,17654,,,,,,,,,
58,,,,,,,,,,17654,0.03302884101867676,,,,,,,,
,,,,,,,,,8.343894389438944e-07,17659,,,,,,,,,
58,,,,,,,,,,17659,0.005456762854009867,,,,,,,,
,,,,,,,,,8.34059405940594e-07,17664,,,,,,,,,
58,,,,,,,,,,17664,0.028179842978715897,,,,,,,,
,,,,,,,,,8.337293729372937e-07,17669,,,,,,,,,
58,,,,,,,,,,17669,0.005756239406764507,,,,,,,,
,,,,,,,,,8.333993399339933e-07,17674,,,,,,,,,
58,,,,,,,,,,17674,0.004885197151452303,,,,,,,,
,,,,,,,,,8.33069306930693e-07,17679,,,,,,,,,
58,,,,,,,,,,17679,0.03583154454827309,,,,,,,,
,,,,,,,,,8.327392739273927e-07,17684,,,,,,,,,
58,,,,,,,,,,17684,0.05820414423942566,,,,,,,,
,,,,,,,,,8.324092409240923e-07,17689,,,,,,,,,
58,,,,,,,,,,17689,0.013387994840741158,,,,,,,,
,,,,,,,,,8.32079207920792e-07,17694,,,,,,,,,
58,,,,,,,,,,17694,0.02242169715464115,,,,,,,,
,,,,,,,,,8.317491749174918e-07,17699,,,,,,,,,
58,,,,,,,,,,17699,0.023788077756762505,,,,,,,,
,,,,,,,,,8.314191419141914e-07,17704,,,,,,,,,
58,,,,,,,,,,17704,0.037700265645980835,,,,,,,,
,,,,,,,,,8.31089108910891e-07,17709,,,,,,,,,
58,,,,,,,,,,17709,0.017386022955179214,,,,,,,,
,,,,,,,,,8.307590759075908e-07,17714,,,,,,,,,
58,,,,,,,,,,17714,0.0030115656554698944,,,,,,,,
,,,,,,,,,8.304290429042904e-07,17719,,,,,,,,,
58,,,,,,,,,,17719,0.007962191477417946,,,,,,,,
,,,,,,,,,8.3009900990099e-07,17724,,,,,,,,,
58,,,,,,,,,,17724,0.03472581133246422,,,,,,,,
,,,,,,,,,8.297689768976897e-07,17729,,,,,,,,,
58,,,,,,,,,,17729,0.011904711835086346,,,,,,,,
,,,,,,,,,8.294389438943894e-07,17734,,,,,,,,,
58,,,,,,,,,,17734,0.032486606389284134,,,,,,,,
,,,,,,,,,8.29108910891089e-07,17739,,,,,,,,,
58,,,,,,,,,,17739,0.013700478710234165,,,,,,,,
,,,,,,,,,8.287788778877887e-07,17744,,,,,,,,,
58,,,,,,,,,,17744,0.012486309744417667,,,,,,,,
,,,,,,,,,8.284488448844885e-07,17749,,,,,,,,,
58,,,,,,,,,,17749,0.01755257323384285,,,,,,,,
,,,,,,,,,8.281188118811881e-07,17754,,,,,,,,,
58,,,,,,,,,,17754,0.015610234811902046,,,,,,,,
,,,,,,,,,8.277887788778878e-07,17759,,,,,,,,,
58,,,,,,,,,,17759,0.03945305198431015,,,,,,,,
,,,,,,,,,8.274587458745874e-07,17764,,,,,,,,,
58,,,,,,,,,,17764,0.013615775853395462,,,,,,,,
,,,,,,,,,8.271287128712871e-07,17769,,,,,,,,,
58,,,,,,,,,,17769,0.05866751819849014,,,,,,,,
,,,,,,,,,8.267986798679868e-07,17774,,,,,,,,,
58,,,,,,,,,,17774,0.02468539960682392,,,,,,,,
,,,,,,,,,8.264686468646864e-07,17779,,,,,,,,,
58,,,,,,,,,,17779,0.02167482301592827,,,,,,,,
,,,,,,,,,8.26138613861386e-07,17784,,,,,,,,,
58,,,,,,,,,,17784,0.02385859005153179,,,,,,,,
,,,,,,,,,8.258085808580858e-07,17789,,,,,,,,,
58,,,,,,,,,,17789,0.013934305869042873,,,,,,,,
,,,,,,,,,8.254785478547854e-07,17794,,,,,,,,,
58,,,,,,,,,,17794,0.03937239572405815,,,,,,,,
,,,,,,,,,8.25148514851485e-07,17799,,,,,,,,,
58,,,,,,,,,,17799,0.019536927342414856,,,,,,,,
,,,,,,,,,8.248184818481849e-07,17804,,,,,,,,,
58,,,,,,,,,,17804,0.044202860444784164,,,,,,,,
,,,,,,,,,8.244884488448845e-07,17809,,,,,,,,,
58,,,,,,,,,,17809,0.015502135269343853,,,,,,,,
,,,,,,,,,8.241584158415841e-07,17814,,,,,,,,,
58,,,,,,,,,,17814,0.027133414521813393,,,,,,,,
,,,,,,,,,8.238283828382838e-07,17819,,,,,,,,,
58,,,,,,,,,,17819,0.023059958592057228,,,,,,,,
,,,,,,,,,8.234983498349835e-07,17824,,,,,,,,,
58,,,,,,,,,,17824,0.0440920852124691,,,,,,,,
,,,,,,,,,8.231683168316831e-07,17829,,,,,,,,,
58,,,,,,,,,,17829,0.050561029464006424,,,,,,,,
,,,,,,,,,8.228382838283828e-07,17834,,,,,,,,,
58,,,,,,,,,,17834,0.00732950447127223,,,,,,,,
,,,,,,,,,8.225082508250824e-07,17839,,,,,,,,,
58,,,,,,,,,,17839,0.01728128269314766,,,,,,,,
,,,,,,,,,8.221782178217821e-07,17844,,,,,,,,,
58,,,,,,,,,,17844,0.007782217115163803,,,,,,,,
,,,,,,,,,8.218481848184818e-07,17849,,,,,,,,,
58,,,,,,,,,,17849,0.08361946791410446,,,,,,,,
,,,,,,,,,8.215181518151815e-07,17854,,,,,,,,,
58,,,,,,,,,,17854,0.012257433496415615,,,,,,,,
,,,,,,,,,8.211881188118811e-07,17859,,,,,,,,,
58,,,,,,,,,,17859,0.019138233736157417,,,,,,,,
,,,,,,,,,8.208580858085809e-07,17864,,,,,,,,,
58,,,,,,,,,,17864,0.013829034753143787,,,,,,,,
,,,,,,,,,8.205280528052805e-07,17869,,,,,,,,,
58,,,,,,,,,,17869,0.02157028205692768,,,,,,,,
,,,,,,,,,8.201980198019801e-07,17874,,,,,,,,,
58,,,,,,,,,,17874,0.01759643480181694,,,,,,,,
58,,,,,,,,,,17876,,0.6937500238418579,0.7379679083824158,0.08320744335651398,0.08320744335651398,0.41384023427963257,0.7113401889801025,0.7666666507720947,0.425891250371933
,,,,,,,,,8.198679867986799e-07,17879,,,,,,,,,
59,,,,,,,,,,17879,0.019171060994267464,,,,,,,,
,,,,,,,,,8.195379537953795e-07,17884,,,,,,,,,
59,,,,,,,,,,17884,0.009745415300130844,,,,,,,,
,,,,,,,,,8.192079207920791e-07,17889,,,,,,,,,
59,,,,,,,,,,17889,0.016509652137756348,,,,,,,,
,,,,,,,,,8.188778877887788e-07,17894,,,,,,,,,
59,,,,,,,,,,17894,0.010844037868082523,,,,,,,,
,,,,,,,,,8.185478547854785e-07,17899,,,,,,,,,
59,,,,,,,,,,17899,0.048625558614730835,,,,,,,,
,,,,,,,,,8.182178217821781e-07,17904,,,,,,,,,
59,,,,,,,,,,17904,0.006312750279903412,,,,,,,,
,,,,,,,,,8.178877887788779e-07,17909,,,,,,,,,
59,,,,,,,,,,17909,0.03288714960217476,,,,,,,,
,,,,,,,,,8.175577557755775e-07,17914,,,,,,,,,
59,,,,,,,,,,17914,0.03149523586034775,,,,,,,,
,,,,,,,,,8.172277227722772e-07,17919,,,,,,,,,
59,,,,,,,,,,17919,0.046907421201467514,,,,,,,,
,,,,,,,,,8.168976897689769e-07,17924,,,,,,,,,
59,,,,,,,,,,17924,0.011900591664016247,,,,,,,,
,,,,,,,,,8.165676567656765e-07,17929,,,,,,,,,
59,,,,,,,,,,17929,0.018533458933234215,,,,,,,,
,,,,,,,,,8.162376237623761e-07,17934,,,,,,,,,
59,,,,,,,,,,17934,0.04780947417020798,,,,,,,,
,,,,,,,,,8.159075907590759e-07,17939,,,,,,,,,
59,,,,,,,,,,17939,0.022061608731746674,,,,,,,,
,,,,,,,,,8.155775577557755e-07,17944,,,,,,,,,
59,,,,,,,,,,17944,0.0035520100500434637,,,,,,,,
,,,,,,,,,8.152475247524751e-07,17949,,,,,,,,,
59,,,,,,,,,,17949,0.014882425777614117,,,,,,,,
,,,,,,,,,8.149174917491749e-07,17954,,,,,,,,,
59,,,,,,,,,,17954,0.010624637827277184,,,,,,,,
,,,,,,,,,8.145874587458745e-07,17959,,,,,,,,,
59,,,,,,,,,,17959,0.011530068702995777,,,,,,,,
,,,,,,,,,8.142574257425742e-07,17964,,,,,,,,,
59,,,,,,,,,,17964,0.012416939251124859,,,,,,,,
,,,,,,,,,8.139273927392739e-07,17969,,,,,,,,,
59,,,,,,,,,,17969,0.0021296804770827293,,,,,,,,
,,,,,,,,,8.135973597359736e-07,17974,,,,,,,,,
59,,,,,,,,,,17974,0.014890175312757492,,,,,,,,
,,,,,,,,,8.132673267326732e-07,17979,,,,,,,,,
59,,,,,,,,,,17979,0.007648130878806114,,,,,,,,
,,,,,,,,,8.129372937293729e-07,17984,,,,,,,,,
59,,,,,,,,,,17984,0.0463506281375885,,,,,,,,
,,,,,,,,,8.126072607260725e-07,17989,,,,,,,,,
59,,,,,,,,,,17989,0.029996903613209724,,,,,,,,
,,,,,,,,,8.122772277227723e-07,17994,,,,,,,,,
59,,,,,,,,,,17994,0.009910196997225285,,,,,,,,
,,,,,,,,,8.119471947194719e-07,17999,,,,,,,,,
59,,,,,,,,,,17999,0.016160733997821808,,,,,,,,
,,,,,,,,,8.116171617161715e-07,18004,,,,,,,,,
59,,,,,,,,,,18004,0.03498151898384094,,,,,,,,
,,,,,,,,,8.112871287128713e-07,18009,,,,,,,,,
59,,,,,,,,,,18009,0.03567797690629959,,,,,,,,
,,,,,,,,,8.10957095709571e-07,18014,,,,,,,,,
59,,,,,,,,,,18014,0.012173261493444443,,,,,,,,
,,,,,,,,,8.106270627062706e-07,18019,,,,,,,,,
59,,,,,,,,,,18019,0.02890753000974655,,,,,,,,
,,,,,,,,,8.102970297029703e-07,18024,,,,,,,,,
59,,,,,,,,,,18024,0.011337973177433014,,,,,,,,
,,,,,,,,,8.0996699669967e-07,18029,,,,,,,,,
59,,,,,,,,,,18029,0.018281614407896996,,,,,,,,
,,,,,,,,,8.096369636963696e-07,18034,,,,,,,,,
59,,,,,,,,,,18034,0.03844559192657471,,,,,,,,
,,,,,,,,,8.093069306930693e-07,18039,,,,,,,,,
59,,,,,,,,,,18039,0.03417098522186279,,,,,,,,
,,,,,,,,,8.08976897689769e-07,18044,,,,,,,,,
59,,,,,,,,,,18044,0.019025860354304314,,,,,,,,
,,,,,,,,,8.086468646864686e-07,18049,,,,,,,,,
59,,,,,,,,,,18049,0.009572281502187252,,,,,,,,
,,,,,,,,,8.083168316831683e-07,18054,,,,,,,,,
59,,,,,,,,,,18054,0.03110388107597828,,,,,,,,
,,,,,,,,,8.079867986798679e-07,18059,,,,,,,,,
59,,,,,,,,,,18059,0.010358110070228577,,,,,,,,
,,,,,,,,,8.076567656765676e-07,18064,,,,,,,,,
59,,,,,,,,,,18064,0.022270938381552696,,,,,,,,
,,,,,,,,,8.073267326732674e-07,18069,,,,,,,,,
59,,,,,,,,,,18069,0.03429361805319786,,,,,,,,
,,,,,,,,,8.06996699669967e-07,18074,,,,,,,,,
59,,,,,,,,,,18074,0.01564369723200798,,,,,,,,
,,,,,,,,,8.066666666666666e-07,18079,,,,,,,,,
59,,,,,,,,,,18079,0.014059966430068016,,,,,,,,
,,,,,,,,,8.063366336633664e-07,18084,,,,,,,,,
59,,,,,,,,,,18084,0.007884618826210499,,,,,,,,
,,,,,,,,,8.06006600660066e-07,18089,,,,,,,,,
59,,,,,,,,,,18089,0.008198677562177181,,,,,,,,
,,,,,,,,,8.056765676567656e-07,18094,,,,,,,,,
59,,,,,,,,,,18094,0.030253853648900986,,,,,,,,
,,,,,,,,,8.053465346534653e-07,18099,,,,,,,,,
59,,,,,,,,,,18099,0.040948618203401566,,,,,,,,
,,,,,,,,,8.05016501650165e-07,18104,,,,,,,,,
59,,,,,,,,,,18104,0.01835831254720688,,,,,,,,
,,,,,,,,,8.046864686468646e-07,18109,,,,,,,,,
59,,,,,,,,,,18109,0.03786918893456459,,,,,,,,
,,,,,,,,,8.043564356435643e-07,18114,,,,,,,,,
59,,,,,,,,,,18114,0.005535887088626623,,,,,,,,
,,,,,,,,,8.04026402640264e-07,18119,,,,,,,,,
59,,,,,,,,,,18119,0.0410756878554821,,,,,,,,
,,,,,,,,,8.036963696369637e-07,18124,,,,,,,,,
59,,,,,,,,,,18124,0.042917363345623016,,,,,,,,
,,,,,,,,,8.033663366336634e-07,18129,,,,,,,,,
59,,,,,,,,,,18129,0.020554108545184135,,,,,,,,
,,,,,,,,,8.03036303630363e-07,18134,,,,,,,,,
59,,,,,,,,,,18134,0.02980978786945343,,,,,,,,
,,,,,,,,,8.027062706270627e-07,18139,,,,,,,,,
59,,,,,,,,,,18139,0.01655009388923645,,,,,,,,
,,,,,,,,,8.023762376237624e-07,18144,,,,,,,,,
59,,,,,,,,,,18144,0.01778196543455124,,,,,,,,
,,,,,,,,,8.02046204620462e-07,18149,,,,,,,,,
59,,,,,,,,,,18149,0.01027395948767662,,,,,,,,
,,,,,,,,,8.017161716171616e-07,18154,,,,,,,,,
59,,,,,,,,,,18154,0.025444451719522476,,,,,,,,
,,,,,,,,,8.013861386138614e-07,18159,,,,,,,,,
59,,,,,,,,,,18159,0.015015281736850739,,,,,,,,
,,,,,,,,,8.01056105610561e-07,18164,,,,,,,,,
59,,,,,,,,,,18164,0.007042653393000364,,,,,,,,
,,,,,,,,,8.007260726072606e-07,18169,,,,,,,,,
59,,,,,,,,,,18169,0.022433975711464882,,,,,,,,
,,,,,,,,,8.003960396039605e-07,18174,,,,,,,,,
59,,,,,,,,,,18174,0.026620671153068542,,,,,,,,
,,,,,,,,,8.000660066006601e-07,18179,,,,,,,,,
59,,,,,,,,,,18179,0.013874364085495472,,,,,,,,
59,,,,,,,,,,18179,,0.6875,0.7340425252914429,0.07838737219572067,0.07838737219572067,0.42910492420196533,0.704081654548645,0.7666666507720947,0.44817060232162476
,,,,,,,,,7.997359735973597e-07,18184,,,,,,,,,
60,,,,,,,,,,18184,0.02051291987299919,,,,,,,,
,,,,,,,,,7.994059405940594e-07,18189,,,,,,,,,
60,,,,,,,,,,18189,0.04586515203118324,,,,,,,,
,,,,,,,,,7.990759075907591e-07,18194,,,,,,,,,
60,,,,,,,,,,18194,0.01197059266269207,,,,,,,,
,,,,,,,,,7.987458745874587e-07,18199,,,,,,,,,
60,,,,,,,,,,18199,0.030574209988117218,,,,,,,,
,,,,,,,,,7.984158415841584e-07,18204,,,,,,,,,
60,,,,,,,,,,18204,0.016262171790003777,,,,,,,,
,,,,,,,,,7.98085808580858e-07,18209,,,,,,,,,
60,,,,,,,,,,18209,0.012494582682847977,,,,,,,,
,,,,,,,,,7.977557755775577e-07,18214,,,,,,,,,
60,,,,,,,,,,18214,0.006688880268484354,,,,,,,,
,,,,,,,,,7.974257425742574e-07,18219,,,,,,,,,
60,,,,,,,,,,18219,0.0247028861194849,,,,,,,,
,,,,,,,,,7.97095709570957e-07,18224,,,,,,,,,
60,,,,,,,,,,18224,0.007595420815050602,,,,,,,,
,,,,,,,,,7.967656765676566e-07,18229,,,,,,,,,
60,,,,,,,,,,18229,0.02577909827232361,,,,,,,,
,,,,,,,,,7.964356435643565e-07,18234,,,,,,,,,
60,,,,,,,,,,18234,0.017799703404307365,,,,,,,,
,,,,,,,,,7.961056105610561e-07,18239,,,,,,,,,
60,,,,,,,,,,18239,0.021807612851262093,,,,,,,,
,,,,,,,,,7.957755775577557e-07,18244,,,,,,,,,
60,,,,,,,,,,18244,0.021417789161205292,,,,,,,,
,,,,,,,,,7.954455445544555e-07,18249,,,,,,,,,
60,,,,,,,,,,18249,0.0054012141190469265,,,,,,,,
,,,,,,,,,7.951155115511551e-07,18254,,,,,,,,,
60,,,,,,,,,,18254,0.012658816762268543,,,,,,,,
,,,,,,,,,7.947854785478547e-07,18259,,,,,,,,,
60,,,,,,,,,,18259,0.021803131327033043,,,,,,,,
,,,,,,,,,7.944554455445544e-07,18264,,,,,,,,,
60,,,,,,,,,,18264,0.023227842524647713,,,,,,,,
,,,,,,,,,7.941254125412541e-07,18269,,,,,,,,,
60,,,,,,,,,,18269,0.03463323786854744,,,,,,,,
,,,,,,,,,7.937953795379537e-07,18274,,,,,,,,,
60,,,,,,,,,,18274,0.039305511862039566,,,,,,,,
,,,,,,,,,7.934653465346534e-07,18279,,,,,,,,,
60,,,,,,,,,,18279,0.006769541651010513,,,,,,,,
,,,,,,,,,7.931353135313531e-07,18284,,,,,,,,,
60,,,,,,,,,,18284,0.03509384021162987,,,,,,,,
,,,,,,,,,7.928052805280528e-07,18289,,,,,,,,,
60,,,,,,,,,,18289,0.02664089761674404,,,,,,,,
,,,,,,,,,7.924752475247525e-07,18294,,,,,,,,,
60,,,,,,,,,,18294,0.029686544090509415,,,,,,,,
,,,,,,,,,7.921452145214521e-07,18299,,,,,,,,,
60,,,,,,,,,,18299,0.011428059078752995,,,,,,,,
,,,,,,,,,7.918151815181518e-07,18304,,,,,,,,,
60,,,,,,,,,,18304,0.021631836891174316,,,,,,,,
,,,,,,,,,7.914851485148515e-07,18309,,,,,,,,,
60,,,,,,,,,,18309,0.034447044134140015,,,,,,,,
,,,,,,,,,7.911551155115511e-07,18314,,,,,,,,,
60,,,,,,,,,,18314,0.014131786301732063,,,,,,,,
,,,,,,,,,7.908250825082507e-07,18319,,,,,,,,,
60,,,,,,,,,,18319,0.020078765228390694,,,,,,,,
,,,,,,,,,7.904950495049505e-07,18324,,,,,,,,,
60,,,,,,,,,,18324,0.02651302143931389,,,,,,,,
,,,,,,,,,7.901650165016501e-07,18329,,,,,,,,,
60,,,,,,,,,,18329,0.042831581085920334,,,,,,,,
,,,,,,,,,7.898349834983497e-07,18334,,,,,,,,,
60,,,,,,,,,,18334,0.03970128670334816,,,,,,,,
,,,,,,,,,7.895049504950495e-07,18339,,,,,,,,,
60,,,,,,,,,,18339,0.04354507848620415,,,,,,,,
,,,,,,,,,7.891749174917492e-07,18344,,,,,,,,,
60,,,,,,,,,,18344,0.032819632440805435,,,,,,,,
,,,,,,,,,7.888448844884488e-07,18349,,,,,,,,,
60,,,,,,,,,,18349,0.01596144773066044,,,,,,,,
,,,,,,,,,7.885148514851485e-07,18354,,,,,,,,,
60,,,,,,,,,,18354,0.03298255056142807,,,,,,,,
,,,,,,,,,7.881848184818482e-07,18359,,,,,,,,,
60,,,,,,,,,,18359,0.0038577744271606207,,,,,,,,
,,,,,,,,,7.878547854785478e-07,18364,,,,,,,,,
60,,,,,,,,,,18364,0.02324059046804905,,,,,,,,
,,,,,,,,,7.875247524752475e-07,18369,,,,,,,,,
60,,,,,,,,,,18369,0.0136864697560668,,,,,,,,
,,,,,,,,,7.871947194719471e-07,18374,,,,,,,,,
60,,,,,,,,,,18374,0.01948128454387188,,,,,,,,
,,,,,,,,,7.868646864686468e-07,18379,,,,,,,,,
60,,,,,,,,,,18379,0.06885141879320145,,,,,,,,
,,,,,,,,,7.865346534653465e-07,18384,,,,,,,,,
60,,,,,,,,,,18384,0.049582645297050476,,,,,,,,
,,,,,,,,,7.862046204620461e-07,18389,,,,,,,,,
60,,,,,,,,,,18389,0.031158369034528732,,,,,,,,
,,,,,,,,,7.858745874587458e-07,18394,,,,,,,,,
60,,,,,,,,,,18394,0.007316572591662407,,,,,,,,
,,,,,,,,,7.855445544554456e-07,18399,,,,,,,,,
60,,,,,,,,,,18399,0.030948277562856674,,,,,,,,
,,,,,,,,,7.852145214521452e-07,18404,,,,,,,,,
60,,,,,,,,,,18404,0.01192887220531702,,,,,,,,
,,,,,,,,,7.848844884488448e-07,18409,,,,,,,,,
60,,,,,,,,,,18409,0.025780417025089264,,,,,,,,
,,,,,,,,,7.845544554455446e-07,18414,,,,,,,,,
60,,,,,,,,,,18414,0.004884680267423391,,,,,,,,
,,,,,,,,,7.842244224422442e-07,18419,,,,,,,,,
60,,,,,,,,,,18419,0.009057420305907726,,,,,,,,
,,,,,,,,,7.838943894389438e-07,18424,,,,,,,,,
60,,,,,,,,,,18424,0.023640397936105728,,,,,,,,
,,,,,,,,,7.835643564356435e-07,18429,,,,,,,,,
60,,,,,,,,,,18429,0.03430387005209923,,,,,,,,
,,,,,,,,,7.832343234323432e-07,18434,,,,,,,,,
60,,,,,,,,,,18434,0.011274061165750027,,,,,,,,
,,,,,,,,,7.829042904290428e-07,18439,,,,,,,,,
60,,,,,,,,,,18439,0.01877945475280285,,,,,,,,
,,,,,,,,,7.825742574257426e-07,18444,,,,,,,,,
60,,,,,,,,,,18444,0.02297014184296131,,,,,,,,
,,,,,,,,,7.822442244224422e-07,18449,,,,,,,,,
60,,,,,,,,,,18449,0.010230653919279575,,,,,,,,
,,,,,,,,,7.819141914191419e-07,18454,,,,,,,,,
60,,,,,,,,,,18454,0.025404294952750206,,,,,,,,
,,,,,,,,,7.815841584158416e-07,18459,,,,,,,,,
60,,,,,,,,,,18459,0.027250437065958977,,,,,,,,
,,,,,,,,,7.812541254125412e-07,18464,,,,,,,,,
60,,,,,,,,,,18464,0.06417866796255112,,,,,,,,
,,,,,,,,,7.809240924092408e-07,18469,,,,,,,,,
60,,,,,,,,,,18469,0.012564264237880707,,,,,,,,
,,,,,,,,,7.805940594059406e-07,18474,,,,,,,,,
60,,,,,,,,,,18474,0.0029369392432272434,,,,,,,,
,,,,,,,,,7.802640264026402e-07,18479,,,,,,,,,
60,,,,,,,,,,18479,0.010927044786512852,,,,,,,,
60,,,,,,,,,,18482,,0.6875,0.7368420958518982,0.08271332085132599,0.08271332085132599,0.4230741262435913,0.699999988079071,0.7777777910232544,0.43809056282043457
,,,,,,,,,7.799339933993398e-07,18484,,,,,,,,,
61,,,,,,,,,,18484,0.006912535987794399,,,,,,,,
,,,,,,,,,7.796039603960396e-07,18489,,,,,,,,,
61,,,,,,,,,,18489,0.016584811732172966,,,,,,,,
,,,,,,,,,7.792739273927392e-07,18494,,,,,,,,,
61,,,,,,,,,,18494,0.014545027166604996,,,,,,,,
,,,,,,,,,7.789438943894389e-07,18499,,,,,,,,,
61,,,,,,,,,,18499,0.03822212293744087,,,,,,,,
,,,,,,,,,7.786138613861386e-07,18504,,,,,,,,,
61,,,,,,,,,,18504,0.01739432103931904,,,,,,,,
,,,,,,,,,7.782838283828383e-07,18509,,,,,,,,,
61,,,,,,,,,,18509,0.04223025590181351,,,,,,,,
,,,,,,,,,7.779537953795379e-07,18514,,,,,,,,,
61,,,,,,,,,,18514,0.011677858419716358,,,,,,,,
,,,,,,,,,7.776237623762376e-07,18519,,,,,,,,,
61,,,,,,,,,,18519,0.006733096670359373,,,,,,,,
,,,,,,,,,7.772937293729372e-07,18524,,,,,,,,,
61,,,,,,,,,,18524,0.02014421485364437,,,,,,,,
,,,,,,,,,7.769636963696369e-07,18529,,,,,,,,,
61,,,,,,,,,,18529,0.012703966349363327,,,,,,,,
,,,,,,,,,7.766336633663366e-07,18534,,,,,,,,,
61,,,,,,,,,,18534,0.006652351468801498,,,,,,,,
,,,,,,,,,7.763036303630362e-07,18539,,,,,,,,,
61,,,,,,,,,,18539,0.00986336451023817,,,,,,,,
,,,,,,,,,7.759735973597359e-07,18544,,,,,,,,,
61,,,,,,,,,,18544,0.029003087431192398,,,,,,,,
,,,,,,,,,7.756435643564356e-07,18549,,,,,,,,,
61,,,,,,,,,,18549,0.005340284667909145,,,,,,,,
,,,,,,,,,7.753135313531353e-07,18554,,,,,,,,,
61,,,,,,,,,,18554,0.005811214447021484,,,,,,,,
,,,,,,,,,7.749834983498349e-07,18559,,,,,,,,,
61,,,,,,,,,,18559,0.05464605242013931,,,,,,,,
,,,,,,,,,7.746534653465347e-07,18564,,,,,,,,,
61,,,,,,,,,,18564,0.035267822444438934,,,,,,,,
,,,,,,,,,7.743234323432343e-07,18569,,,,,,,,,
61,,,,,,,,,,18569,0.03565388172864914,,,,,,,,
,,,,,,,,,7.739933993399339e-07,18574,,,,,,,,,
61,,,,,,,,,,18574,0.013732603751122952,,,,,,,,
,,,,,,,,,7.736633663366336e-07,18579,,,,,,,,,
61,,,,,,,,,,18579,0.018982378765940666,,,,,,,,
,,,,,,,,,7.733333333333333e-07,18584,,,,,,,,,
61,,,,,,,,,,18584,0.006735153961926699,,,,,,,,
,,,,,,,,,7.730033003300329e-07,18589,,,,,,,,,
61,,,,,,,,,,18589,0.04459751397371292,,,,,,,,
,,,,,,,,,7.726732673267326e-07,18594,,,,,,,,,
61,,,,,,,,,,18594,0.01266025472432375,,,,,,,,
,,,,,,,,,7.723432343234322e-07,18599,,,,,,,,,
61,,,,,,,,,,18599,0.019184444099664688,,,,,,,,
,,,,,,,,,7.720132013201319e-07,18604,,,,,,,,,
61,,,,,,,,,,18604,0.028563758358359337,,,,,,,,
,,,,,,,,,7.716831683168317e-07,18609,,,,,,,,,
61,,,,,,,,,,18609,0.009623893536627293,,,,,,,,
,,,,,,,,,7.713531353135313e-07,18614,,,,,,,,,
61,,,,,,,,,,18614,0.03831278905272484,,,,,,,,
,,,,,,,,,7.71023102310231e-07,18619,,,,,,,,,
61,,,,,,,,,,18619,0.013874768279492855,,,,,,,,
,,,,,,,,,7.706930693069307e-07,18624,,,,,,,,,
61,,,,,,,,,,18624,0.039981551468372345,,,,,,,,
,,,,,,,,,7.703630363036303e-07,18629,,,,,,,,,
61,,,,,,,,,,18629,0.007002011872828007,,,,,,,,
,,,,,,,,,7.7003300330033e-07,18634,,,,,,,,,
61,,,,,,,,,,18634,0.011138384230434895,,,,,,,,
,,,,,,,,,7.697029702970297e-07,18639,,,,,,,,,
61,,,,,,,,,,18639,0.01780617982149124,,,,,,,,
,,,,,,,,,7.693729372937293e-07,18644,,,,,,,,,
61,,,,,,,,,,18644,0.0152741065248847,,,,,,,,
,,,,,,,,,7.69042904290429e-07,18649,,,,,,,,,
61,,,,,,,,,,18649,0.07421564310789108,,,,,,,,
,,,,,,,,,7.687128712871286e-07,18654,,,,,,,,,
61,,,,,,,,,,18654,0.01640385203063488,,,,,,,,
,,,,,,,,,7.683828382838284e-07,18659,,,,,,,,,
61,,,,,,,,,,18659,0.0471990741789341,,,,,,,,
,,,,,,,,,7.680528052805281e-07,18664,,,,,,,,,
61,,,,,,,,,,18664,0.016469338908791542,,,,,,,,
,,,,,,,,,7.677227722772277e-07,18669,,,,,,,,,
61,,,,,,,,,,18669,0.02984057180583477,,,,,,,,
,,,,,,,,,7.673927392739274e-07,18674,,,,,,,,,
61,,,,,,,,,,18674,0.02935526706278324,,,,,,,,
,,,,,,,,,7.670627062706271e-07,18679,,,,,,,,,
61,,,,,,,,,,18679,0.016568874940276146,,,,,,,,
,,,,,,,,,7.667326732673267e-07,18684,,,,,,,,,
61,,,,,,,,,,18684,0.01730690710246563,,,,,,,,
,,,,,,,,,7.664026402640263e-07,18689,,,,,,,,,
61,,,,,,,,,,18689,0.020291242748498917,,,,,,,,
,,,,,,,,,7.660726072607261e-07,18694,,,,,,,,,
61,,,,,,,,,,18694,0.022070759907364845,,,,,,,,
,,,,,,,,,7.657425742574257e-07,18699,,,,,,,,,
61,,,,,,,,,,18699,0.019152004271745682,,,,,,,,
,,,,,,,,,7.654125412541253e-07,18704,,,,,,,,,
61,,,,,,,,,,18704,0.02113233134150505,,,,,,,,
,,,,,,,,,7.65082508250825e-07,18709,,,,,,,,,
61,,,,,,,,,,18709,0.026886319741606712,,,,,,,,
,,,,,,,,,7.647524752475248e-07,18714,,,,,,,,,
61,,,,,,,,,,18714,0.014415732584893703,,,,,,,,
,,,,,,,,,7.644224422442244e-07,18719,,,,,,,,,
61,,,,,,,,,,18719,0.03132658451795578,,,,,,,,
,,,,,,,,,7.640924092409241e-07,18724,,,,,,,,,
61,,,,,,,,,,18724,0.03176405280828476,,,,,,,,
,,,,,,,,,7.637623762376238e-07,18729,,,,,,,,,
61,,,,,,,,,,18729,0.008109712041914463,,,,,,,,
,,,,,,,,,7.634323432343234e-07,18734,,,,,,,,,
61,,,,,,,,,,18734,0.03438954800367355,,,,,,,,
,,,,,,,,,7.631023102310231e-07,18739,,,,,,,,,
61,,,,,,,,,,18739,0.0329320915043354,,,,,,,,
,,,,,,,,,7.627722772277227e-07,18744,,,,,,,,,
61,,,,,,,,,,18744,0.022046266123652458,,,,,,,,
,,,,,,,,,7.624422442244224e-07,18749,,,,,,,,,
61,,,,,,,,,,18749,0.016973379999399185,,,,,,,,
,,,,,,,,,7.621122112211221e-07,18754,,,,,,,,,
61,,,,,,,,,,18754,0.010221467353403568,,,,,,,,
,,,,,,,,,7.617821782178217e-07,18759,,,,,,,,,
61,,,,,,,,,,18759,0.022436868399381638,,,,,,,,
,,,,,,,,,7.614521452145213e-07,18764,,,,,,,,,
61,,,,,,,,,,18764,0.010777541436254978,,,,,,,,
,,,,,,,,,7.611221122112212e-07,18769,,,,,,,,,
61,,,,,,,,,,18769,0.04703741893172264,,,,,,,,
,,,,,,,,,7.607920792079208e-07,18774,,,,,,,,,
61,,,,,,,,,,18774,0.03654094412922859,,,,,,,,
,,,,,,,,,7.604620462046204e-07,18779,,,,,,,,,
61,,,,,,,,,,18779,0.023586004972457886,,,,,,,,
,,,,,,,,,7.601320132013202e-07,18784,,,,,,,,,
61,,,,,,,,,,18784,0.015238912776112556,,,,,,,,
61,,,,,,,,,,18785,,0.71875,0.7540983557701111,0.07794766128063202,0.07794766128063202,0.4310350716114044,0.7419354915618896,0.7666666507720947,0.44745489954948425
,,,,,,,,,7.598019801980198e-07,18789,,,,,,,,,
62,,,,,,,,,,18789,0.06365098059177399,,,,,,,,
,,,,,,,,,7.594719471947194e-07,18794,,,,,,,,,
62,,,,,,,,,,18794,0.02292369306087494,,,,,,,,
,,,,,,,,,7.591419141914191e-07,18799,,,,,,,,,
62,,,,,,,,,,18799,0.015242937952280045,,,,,,,,
,,,,,,,,,7.588118811881188e-07,18804,,,,,,,,,
62,,,,,,,,,,18804,0.034283291548490524,,,,,,,,
,,,,,,,,,7.584818481848184e-07,18809,,,,,,,,,
62,,,,,,,,,,18809,0.028536435216665268,,,,,,,,
,,,,,,,,,7.581518151815181e-07,18814,,,,,,,,,
62,,,,,,,,,,18814,0.013993199914693832,,,,,,,,
,,,,,,,,,7.578217821782177e-07,18819,,,,,,,,,
62,,,,,,,,,,18819,0.014950425364077091,,,,,,,,
,,,,,,,,,7.574917491749175e-07,18824,,,,,,,,,
62,,,,,,,,,,18824,0.020245255902409554,,,,,,,,
,,,,,,,,,7.571617161716172e-07,18829,,,,,,,,,
62,,,,,,,,,,18829,0.017591463401913643,,,,,,,,
,,,,,,,,,7.568316831683168e-07,18834,,,,,,,,,
62,,,,,,,,,,18834,0.030346708372235298,,,,,,,,
,,,,,,,,,7.565016501650165e-07,18839,,,,,,,,,
62,,,,,,,,,,18839,0.03608190640807152,,,,,,,,
,,,,,,,,,7.561716171617162e-07,18844,,,,,,,,,
62,,,,,,,,,,18844,0.024528782814741135,,,,,,,,
,,,,,,,,,7.558415841584158e-07,18849,,,,,,,,,
62,,,,,,,,,,18849,0.009484125301241875,,,,,,,,
,,,,,,,,,7.555115511551154e-07,18854,,,,,,,,,
62,,,,,,,,,,18854,0.01174823846668005,,,,,,,,
,,,,,,,,,7.551815181518152e-07,18859,,,,,,,,,
62,,,,,,,,,,18859,0.019744012504816055,,,,,,,,
,,,,,,,,,7.548514851485148e-07,18864,,,,,,,,,
62,,,,,,,,,,18864,0.029014214873313904,,,,,,,,
,,,,,,,,,7.545214521452144e-07,18869,,,,,,,,,
62,,,,,,,,,,18869,0.0440019816160202,,,,,,,,
,,,,,,,,,7.541914191419142e-07,18874,,,,,,,,,
62,,,,,,,,,,18874,0.028395701199769974,,,,,,,,
,,,,,,,,,7.538613861386139e-07,18879,,,,,,,,,
62,,,,,,,,,,18879,0.005449886433780193,,,,,,,,
,,,,,,,,,7.535313531353135e-07,18884,,,,,,,,,
62,,,,,,,,,,18884,0.03557661175727844,,,,,,,,
,,,,,,,,,7.532013201320132e-07,18889,,,,,,,,,
62,,,,,,,,,,18889,0.01576927676796913,,,,,,,,
,,,,,,,,,7.528712871287129e-07,18894,,,,,,,,,
62,,,,,,,,,,18894,0.014434310607612133,,,,,,,,
,,,,,,,,,7.525412541254125e-07,18899,,,,,,,,,
62,,,,,,,,,,18899,0.004833403509110212,,,,,,,,
,,,,,,,,,7.522112211221122e-07,18904,,,,,,,,,
62,,,,,,,,,,18904,0.017445426434278488,,,,,,,,
,,,,,,,,,7.518811881188118e-07,18909,,,,,,,,,
62,,,,,,,,,,18909,0.023477647453546524,,,,,,,,
,,,,,,,,,7.515511551155115e-07,18914,,,,,,,,,
62,,,,,,,,,,18914,0.027662063017487526,,,,,,,,
,,,,,,,,,7.512211221122112e-07,18919,,,,,,,,,
62,,,,,,,,,,18919,0.021705932915210724,,,,,,,,
,,,,,,,,,7.508910891089108e-07,18924,,,,,,,,,
62,,,,,,,,,,18924,0.032512638717889786,,,,,,,,
,,,,,,,,,7.505610561056105e-07,18929,,,,,,,,,
62,,,,,,,,,,18929,0.0216576736420393,,,,,,,,
,,,,,,,,,7.502310231023103e-07,18934,,,,,,,,,
62,,,,,,,,,,18934,0.03623185306787491,,,,,,,,
,,,,,,,,,7.499009900990099e-07,18939,,,,,,,,,
62,,,,,,,,,,18939,0.053776733577251434,,,,,,,,
,,,,,,,,,7.495709570957095e-07,18944,,,,,,,,,
62,,,,,,,,,,18944,0.006456245668232441,,,,,,,,
,,,,,,,,,7.492409240924093e-07,18949,,,,,,,,,
62,,,,,,,,,,18949,0.015679705888032913,,,,,,,,
,,,,,,,,,7.489108910891089e-07,18954,,,,,,,,,
62,,,,,,,,,,18954,0.022535540163517,,,,,,,,
,,,,,,,,,7.485808580858085e-07,18959,,,,,,,,,
62,,,,,,,,,,18959,0.008011503145098686,,,,,,,,
,,,,,,,,,7.482508250825082e-07,18964,,,,,,,,,
62,,,,,,,,,,18964,0.05568157508969307,,,,,,,,
,,,,,,,,,7.479207920792079e-07,18969,,,,,,,,,
62,,,,,,,,,,18969,0.0035035114269703627,,,,,,,,
,,,,,,,,,7.475907590759075e-07,18974,,,,,,,,,
62,,,,,,,,,,18974,0.006703468039631844,,,,,,,,
,,,,,,,,,7.472607260726072e-07,18979,,,,,,,,,
62,,,,,,,,,,18979,0.007813219912350178,,,,,,,,
,,,,,,,,,7.469306930693069e-07,18984,,,,,,,,,
62,,,,,,,,,,18984,0.02459871396422386,,,,,,,,
,,,,,,,,,7.466006600660066e-07,18989,,,,,,,,,
62,,,,,,,,,,18989,0.019352613016963005,,,,,,,,
,,,,,,,,,7.462706270627063e-07,18994,,,,,,,,,
62,,,,,,,,,,18994,0.03521410748362541,,,,,,,,
,,,,,,,,,7.459405940594059e-07,18999,,,,,,,,,
62,,,,,,,,,,18999,0.02478157915174961,,,,,,,,
,,,,,,,,,7.456105610561055e-07,19004,,,,,,,,,
62,,,,,,,,,,19004,0.012370167300105095,,,,,,,,
,,,,,,,,,7.452805280528053e-07,19009,,,,,,,,,
62,,,,,,,,,,19009,0.005134019535034895,,,,,,,,
,,,,,,,,,7.449504950495049e-07,19014,,,,,,,,,
62,,,,,,,,,,19014,0.04728831350803375,,,,,,,,
,,,,,,,,,7.446204620462045e-07,19019,,,,,,,,,
62,,,,,,,,,,19019,0.006210979074239731,,,,,,,,
,,,,,,,,,7.442904290429043e-07,19024,,,,,,,,,
62,,,,,,,,,,19024,0.022924667224287987,,,,,,,,
,,,,,,,,,7.439603960396039e-07,19029,,,,,,,,,
62,,,,,,,,,,19029,0.018592892214655876,,,,,,,,
,,,,,,,,,7.436303630363035e-07,19034,,,,,,,,,
62,,,,,,,,,,19034,0.04227115958929062,,,,,,,,
,,,,,,,,,7.433003300330033e-07,19039,,,,,,,,,
62,,,,,,,,,,19039,0.030833587050437927,,,,,,,,
,,,,,,,,,7.42970297029703e-07,19044,,,,,,,,,
62,,,,,,,,,,19044,0.012117397971451283,,,,,,,,
,,,,,,,,,7.426402640264026e-07,19049,,,,,,,,,
62,,,,,,,,,,19049,0.01927698217332363,,,,,,,,
,,,,,,,,,7.423102310231023e-07,19054,,,,,,,,,
62,,,,,,,,,,19054,0.007234854158014059,,,,,,,,
,,,,,,,,,7.419801980198019e-07,19059,,,,,,,,,
62,,,,,,,,,,19059,0.013777622021734715,,,,,,,,
,,,,,,,,,7.416501650165016e-07,19064,,,,,,,,,
62,,,,,,,,,,19064,0.03165923058986664,,,,,,,,
,,,,,,,,,7.413201320132013e-07,19069,,,,,,,,,
62,,,,,,,,,,19069,0.012336988002061844,,,,,,,,
,,,,,,,,,7.409900990099009e-07,19074,,,,,,,,,
62,,,,,,,,,,19074,0.007189978379756212,,,,,,,,
,,,,,,,,,7.406600660066005e-07,19079,,,,,,,,,
62,,,,,,,,,,19079,0.01797887682914734,,,,,,,,
,,,,,,,,,7.403300330033003e-07,19084,,,,,,,,,
62,,,,,,,,,,19084,0.009099297225475311,,,,,,,,
62,,,,,,,,,,19088,,0.71875,0.7513812184333801,0.0793776884675026,0.0793776884675026,0.42247164249420166,0.7472527623176575,0.7555555701255798,0.4413185715675354
,,,,,,,,,7.4e-07,19089,,,,,,,,,
63,,,,,,,,,,19089,0.009555602446198463,,,,,,,,
,,,,,,,,,7.396699669966996e-07,19094,,,,,,,,,
63,,,,,,,,,,19094,0.017082327976822853,,,,,,,,
,,,,,,,,,7.393399339933994e-07,19099,,,,,,,,,
63,,,,,,,,,,19099,0.015162616036832333,,,,,,,,
,,,,,,,,,7.39009900990099e-07,19104,,,,,,,,,
63,,,,,,,,,,19104,0.015512260608375072,,,,,,,,
,,,,,,,,,7.386798679867986e-07,19109,,,,,,,,,
63,,,,,,,,,,19109,0.009044348262250423,,,,,,,,
,,,,,,,,,7.383498349834983e-07,19114,,,,,,,,,
63,,,,,,,,,,19114,0.028528090566396713,,,,,,,,
,,,,,,,,,7.38019801980198e-07,19119,,,,,,,,,
63,,,,,,,,,,19119,0.024967316538095474,,,,,,,,
,,,,,,,,,7.376897689768976e-07,19124,,,,,,,,,
63,,,,,,,,,,19124,0.019310418516397476,,,,,,,,
,,,,,,,,,7.373597359735973e-07,19129,,,,,,,,,
63,,,,,,,,,,19129,0.014874493703246117,,,,,,,,
,,,,,,,,,7.37029702970297e-07,19134,,,,,,,,,
63,,,,,,,,,,19134,0.019353507086634636,,,,,,,,
,,,,,,,,,7.366996699669966e-07,19139,,,,,,,,,
63,,,,,,,,,,19139,0.02872486226260662,,,,,,,,
,,,,,,,,,7.363696369636964e-07,19144,,,,,,,,,
63,,,,,,,,,,19144,0.02467268891632557,,,,,,,,
,,,,,,,,,7.36039603960396e-07,19149,,,,,,,,,
63,,,,,,,,,,19149,0.016566462814807892,,,,,,,,
,,,,,,,,,7.357095709570957e-07,19154,,,,,,,,,
63,,,,,,,,,,19154,0.007564852014183998,,,,,,,,
,,,,,,,,,7.353795379537954e-07,19159,,,,,,,,,
63,,,,,,,,,,19159,0.02409176714718342,,,,,,,,
,,,,,,,,,7.35049504950495e-07,19164,,,,,,,,,
63,,,,,,,,,,19164,0.022051118314266205,,,,,,,,
,,,,,,,,,7.347194719471946e-07,19169,,,,,,,,,
63,,,,,,,,,,19169,0.018342360854148865,,,,,,,,
,,,,,,,,,7.343894389438944e-07,19174,,,,,,,,,
63,,,,,,,,,,19174,0.028267404064536095,,,,,,,,
,,,,,,,,,7.34059405940594e-07,19179,,,,,,,,,
63,,,,,,,,,,19179,0.02622411400079727,,,,,,,,
,,,,,,,,,7.337293729372936e-07,19184,,,,,,,,,
63,,,,,,,,,,19184,0.014970974996685982,,,,,,,,
,,,,,,,,,7.333993399339933e-07,19189,,,,,,,,,
63,,,,,,,,,,19189,0.008069186471402645,,,,,,,,
,,,,,,,,,7.33069306930693e-07,19194,,,,,,,,,
63,,,,,,,,,,19194,0.045609403401613235,,,,,,,,
,,,,,,,,,7.327392739273927e-07,19199,,,,,,,,,
63,,,,,,,,,,19199,0.007043159566819668,,,,,,,,
,,,,,,,,,7.324092409240924e-07,19204,,,,,,,,,
63,,,,,,,,,,19204,0.0619104728102684,,,,,,,,
,,,,,,,,,7.320792079207921e-07,19209,,,,,,,,,
63,,,,,,,,,,19209,0.017335589975118637,,,,,,,,
,,,,,,,,,7.317491749174917e-07,19214,,,,,,,,,
63,,,,,,,,,,19214,0.07169385254383087,,,,,,,,
,,,,,,,,,7.314191419141914e-07,19219,,,,,,,,,
63,,,,,,,,,,19219,0.020504212006926537,,,,,,,,
,,,,,,,,,7.31089108910891e-07,19224,,,,,,,,,
63,,,,,,,,,,19224,0.05132700875401497,,,,,,,,
,,,,,,,,,7.307590759075907e-07,19229,,,,,,,,,
63,,,,,,,,,,19229,0.010668500326573849,,,,,,,,
,,,,,,,,,7.304290429042904e-07,19234,,,,,,,,,
63,,,,,,,,,,19234,0.009233567863702774,,,,,,,,
,,,,,,,,,7.3009900990099e-07,19239,,,,,,,,,
63,,,,,,,,,,19239,0.012636315077543259,,,,,,,,
,,,,,,,,,7.297689768976896e-07,19244,,,,,,,,,
63,,,,,,,,,,19244,0.02331242896616459,,,,,,,,
,,,,,,,,,7.294389438943895e-07,19249,,,,,,,,,
63,,,,,,,,,,19249,0.01955050230026245,,,,,,,,
,,,,,,,,,7.291089108910891e-07,19254,,,,,,,,,
63,,,,,,,,,,19254,0.03194161131978035,,,,,,,,
,,,,,,,,,7.287788778877888e-07,19259,,,,,,,,,
63,,,,,,,,,,19259,0.044522080570459366,,,,,,,,
,,,,,,,,,7.284488448844885e-07,19264,,,,,,,,,
63,,,,,,,,,,19264,0.025904743000864983,,,,,,,,
,,,,,,,,,7.281188118811881e-07,19269,,,,,,,,,
63,,,,,,,,,,19269,0.02944171614944935,,,,,,,,
,,,,,,,,,7.277887788778878e-07,19274,,,,,,,,,
63,,,,,,,,,,19274,0.015074131079018116,,,,,,,,
,,,,,,,,,7.274587458745874e-07,19279,,,,,,,,,
63,,,,,,,,,,19279,0.0023428290151059628,,,,,,,,
,,,,,,,,,7.271287128712871e-07,19284,,,,,,,,,
63,,,,,,,,,,19284,0.008355565369129181,,,,,,,,
,,,,,,,,,7.267986798679868e-07,19289,,,,,,,,,
63,,,,,,,,,,19289,0.0220318790525198,,,,,,,,
,,,,,,,,,7.264686468646864e-07,19294,,,,,,,,,
63,,,,,,,,,,19294,0.03289402648806572,,,,,,,,
,,,,,,,,,7.26138613861386e-07,19299,,,,,,,,,
63,,,,,,,,,,19299,0.018394609913229942,,,,,,,,
,,,,,,,,,7.258085808580859e-07,19304,,,,,,,,,
63,,,,,,,,,,19304,0.0075988247990608215,,,,,,,,
,,,,,,,,,7.254785478547855e-07,19309,,,,,,,,,
63,,,,,,,,,,19309,0.014769048430025578,,,,,,,,
,,,,,,,,,7.251485148514851e-07,19314,,,,,,,,,
63,,,,,,,,,,19314,0.0789899080991745,,,,,,,,
,,,,,,,,,7.248184818481849e-07,19319,,,,,,,,,
63,,,,,,,,,,19319,0.015202443115413189,,,,,,,,
,,,,,,,,,7.244884488448845e-07,19324,,,,,,,,,
63,,,,,,,,,,19324,0.020024530589580536,,,,,,,,
,,,,,,,,,7.241584158415841e-07,19329,,,,,,,,,
63,,,,,,,,,,19329,0.026833942160010338,,,,,,,,
,,,,,,,,,7.238283828382838e-07,19334,,,,,,,,,
63,,,,,,,,,,19334,0.02857811376452446,,,,,,,,
,,,,,,,,,7.234983498349835e-07,19339,,,,,,,,,
63,,,,,,,,,,19339,0.017083993181586266,,,,,,,,
,,,,,,,,,7.231683168316831e-07,19344,,,,,,,,,
63,,,,,,,,,,19344,0.016690710559487343,,,,,,,,
,,,,,,,,,7.228382838283828e-07,19349,,,,,,,,,
63,,,,,,,,,,19349,0.03176271542906761,,,,,,,,
,,,,,,,,,7.225082508250824e-07,19354,,,,,,,,,
63,,,,,,,,,,19354,0.020748119801282883,,,,,,,,
,,,,,,,,,7.221782178217822e-07,19359,,,,,,,,,
63,,,,,,,,,,19359,0.031489551067352295,,,,,,,,
,,,,,,,,,7.218481848184819e-07,19364,,,,,,,,,
63,,,,,,,,,,19364,0.03833102807402611,,,,,,,,
,,,,,,,,,7.215181518151815e-07,19369,,,,,,,,,
63,,,,,,,,,,19369,0.037445537745952606,,,,,,,,
,,,,,,,,,7.211881188118811e-07,19374,,,,,,,,,
63,,,,,,,,,,19374,0.0479721836745739,,,,,,,,
,,,,,,,,,7.208580858085809e-07,19379,,,,,,,,,
63,,,,,,,,,,19379,0.0791550949215889,,,,,,,,
,,,,,,,,,7.205280528052805e-07,19384,,,,,,,,,
63,,,,,,,,,,19384,0.014511076733469963,,,,,,,,
,,,,,,,,,7.201980198019801e-07,19389,,,,,,,,,
63,,,,,,,,,,19389,0.022297214716672897,,,,,,,,
63,,,,,,,,,,19391,,0.699999988079071,0.7473683953285217,0.0821593850851059,0.0821593850851059,0.4167613387107849,0.7099999785423279,0.7888888716697693,0.4313690662384033
,,,,,,,,,7.198679867986799e-07,19394,,,,,,,,,
64,,,,,,,,,,19394,0.01399161946028471,,,,,,,,
,,,,,,,,,7.195379537953795e-07,19399,,,,,,,,,
64,,,,,,,,,,19399,0.028302650898694992,,,,,,,,
,,,,,,,,,7.192079207920791e-07,19404,,,,,,,,,
64,,,,,,,,,,19404,0.02369082346558571,,,,,,,,
,,,,,,,,,7.188778877887788e-07,19409,,,,,,,,,
64,,,,,,,,,,19409,0.01104239746928215,,,,,,,,
,,,,,,,,,7.185478547854786e-07,19414,,,,,,,,,
64,,,,,,,,,,19414,0.011866308748722076,,,,,,,,
,,,,,,,,,7.182178217821782e-07,19419,,,,,,,,,
64,,,,,,,,,,19419,0.010003347881138325,,,,,,,,
,,,,,,,,,7.178877887788779e-07,19424,,,,,,,,,
64,,,,,,,,,,19424,0.011631684377789497,,,,,,,,
,,,,,,,,,7.175577557755775e-07,19429,,,,,,,,,
64,,,,,,,,,,19429,0.027421649545431137,,,,,,,,
,,,,,,,,,7.172277227722772e-07,19434,,,,,,,,,
64,,,,,,,,,,19434,0.02690730430185795,,,,,,,,
,,,,,,,,,7.168976897689769e-07,19439,,,,,,,,,
64,,,,,,,,,,19439,0.009865389205515385,,,,,,,,
,,,,,,,,,7.165676567656765e-07,19444,,,,,,,,,
64,,,,,,,,,,19444,0.011970174498856068,,,,,,,,
,,,,,,,,,7.162376237623762e-07,19449,,,,,,,,,
64,,,,,,,,,,19449,0.02546670287847519,,,,,,,,
,,,,,,,,,7.159075907590759e-07,19454,,,,,,,,,
64,,,,,,,,,,19454,0.018019551411271095,,,,,,,,
,,,,,,,,,7.155775577557755e-07,19459,,,,,,,,,
64,,,,,,,,,,19459,0.008579455316066742,,,,,,,,
,,,,,,,,,7.152475247524751e-07,19464,,,,,,,,,
64,,,,,,,,,,19464,0.004180616699159145,,,,,,,,
,,,,,,,,,7.14917491749175e-07,19469,,,,,,,,,
64,,,,,,,,,,19469,0.016256146132946014,,,,,,,,
,,,,,,,,,7.145874587458746e-07,19474,,,,,,,,,
64,,,,,,,,,,19474,0.022019164636731148,,,,,,,,
,,,,,,,,,7.142574257425742e-07,19479,,,,,,,,,
64,,,,,,,,,,19479,0.1080881729722023,,,,,,,,
,,,,,,,,,7.13927392739274e-07,19484,,,,,,,,,
64,,,,,,,,,,19484,0.020039262250065804,,,,,,,,
,,,,,,,,,7.135973597359736e-07,19489,,,,,,,,,
64,,,,,,,,,,19489,0.002770815510302782,,,,,,,,
,,,,,,,,,7.132673267326732e-07,19494,,,,,,,,,
64,,,,,,,,,,19494,0.01733923703432083,,,,,,,,
,,,,,,,,,7.129372937293729e-07,19499,,,,,,,,,
64,,,,,,,,,,19499,0.053081266582012177,,,,,,,,
,,,,,,,,,7.126072607260726e-07,19504,,,,,,,,,
64,,,,,,,,,,19504,0.04605172201991081,,,,,,,,
,,,,,,,,,7.122772277227722e-07,19509,,,,,,,,,
64,,,,,,,,,,19509,0.026154108345508575,,,,,,,,
,,,,,,,,,7.119471947194719e-07,19514,,,,,,,,,
64,,,,,,,,,,19514,0.037353988736867905,,,,,,,,
,,,,,,,,,7.116171617161716e-07,19519,,,,,,,,,
64,,,,,,,,,,19519,0.018250100314617157,,,,,,,,
,,,,,,,,,7.112871287128713e-07,19524,,,,,,,,,
64,,,,,,,,,,19524,0.03224179893732071,,,,,,,,
,,,,,,,,,7.10957095709571e-07,19529,,,,,,,,,
64,,,,,,,,,,19529,0.012854737229645252,,,,,,,,
,,,,,,,,,7.106270627062706e-07,19534,,,,,,,,,
64,,,,,,,,,,19534,0.023804526776075363,,,,,,,,
,,,,,,,,,7.102970297029702e-07,19539,,,,,,,,,
64,,,,,,,,,,19539,0.040814999490976334,,,,,,,,
,,,,,,,,,7.0996699669967e-07,19544,,,,,,,,,
64,,,,,,,,,,19544,0.045164063572883606,,,,,,,,
,,,,,,,,,7.096369636963696e-07,19549,,,,,,,,,
64,,,,,,,,,,19549,0.004592800047248602,,,,,,,,
,,,,,,,,,7.093069306930692e-07,19554,,,,,,,,,
64,,,,,,,,,,19554,0.04801952838897705,,,,,,,,
,,,,,,,,,7.08976897689769e-07,19559,,,,,,,,,
64,,,,,,,,,,19559,0.02071676217019558,,,,,,,,
,,,,,,,,,7.086468646864686e-07,19564,,,,,,,,,
64,,,,,,,,,,19564,0.005475999321788549,,,,,,,,
,,,,,,,,,7.083168316831682e-07,19569,,,,,,,,,
64,,,,,,,,,,19569,0.04772445186972618,,,,,,,,
,,,,,,,,,7.07986798679868e-07,19574,,,,,,,,,
64,,,,,,,,,,19574,0.01901608519256115,,,,,,,,
,,,,,,,,,7.076567656765677e-07,19579,,,,,,,,,
64,,,,,,,,,,19579,0.017389222979545593,,,,,,,,
,,,,,,,,,7.073267326732673e-07,19584,,,,,,,,,
64,,,,,,,,,,19584,0.018205352127552032,,,,,,,,
,,,,,,,,,7.06996699669967e-07,19589,,,,,,,,,
64,,,,,,,,,,19589,0.018326710909605026,,,,,,,,
,,,,,,,,,7.066666666666666e-07,19594,,,,,,,,,
64,,,,,,,,,,19594,0.02650916576385498,,,,,,,,
,,,,,,,,,7.063366336633663e-07,19599,,,,,,,,,
64,,,,,,,,,,19599,0.024912886321544647,,,,,,,,
,,,,,,,,,7.06006600660066e-07,19604,,,,,,,,,
64,,,,,,,,,,19604,0.028360875323414803,,,,,,,,
,,,,,,,,,7.056765676567656e-07,19609,,,,,,,,,
64,,,,,,,,,,19609,0.015573098324239254,,,,,,,,
,,,,,,,,,7.053465346534652e-07,19614,,,,,,,,,
64,,,,,,,,,,19614,0.042716775089502335,,,,,,,,
,,,,,,,,,7.05016501650165e-07,19619,,,,,,,,,
64,,,,,,,,,,19619,0.005557754542678595,,,,,,,,
,,,,,,,,,7.046864686468646e-07,19624,,,,,,,,,
64,,,,,,,,,,19624,0.022786756977438927,,,,,,,,
,,,,,,,,,7.043564356435643e-07,19629,,,,,,,,,
64,,,,,,,,,,19629,0.008616483770310879,,,,,,,,
,,,,,,,,,7.040264026402641e-07,19634,,,,,,,,,
64,,,,,,,,,,19634,0.014542470686137676,,,,,,,,
,,,,,,,,,7.036963696369637e-07,19639,,,,,,,,,
64,,,,,,,,,,19639,0.04223835468292236,,,,,,,,
,,,,,,,,,7.033663366336633e-07,19644,,,,,,,,,
64,,,,,,,,,,19644,0.011081818491220474,,,,,,,,
,,,,,,,,,7.03036303630363e-07,19649,,,,,,,,,
64,,,,,,,,,,19649,0.017723724246025085,,,,,,,,
,,,,,,,,,7.027062706270627e-07,19654,,,,,,,,,
64,,,,,,,,,,19654,0.019939672201871872,,,,,,,,
,,,,,,,,,7.023762376237623e-07,19659,,,,,,,,,
64,,,,,,,,,,19659,0.01023145206272602,,,,,,,,
,,,,,,,,,7.02046204620462e-07,19664,,,,,,,,,
64,,,,,,,,,,19664,0.033615000545978546,,,,,,,,
,,,,,,,,,7.017161716171616e-07,19669,,,,,,,,,
64,,,,,,,,,,19669,0.0068095531314611435,,,,,,,,
,,,,,,,,,7.013861386138613e-07,19674,,,,,,,,,
64,,,,,,,,,,19674,0.01211846899241209,,,,,,,,
,,,,,,,,,7.010561056105611e-07,19679,,,,,,,,,
64,,,,,,,,,,19679,0.08356226235628128,,,,,,,,
,,,,,,,,,7.007260726072607e-07,19684,,,,,,,,,
64,,,,,,,,,,19684,0.020016459748148918,,,,,,,,
,,,,,,,,,7.003960396039604e-07,19689,,,,,,,,,
64,,,,,,,,,,19689,0.013582563027739525,,,,,,,,
,,,,,,,,,7.000660066006601e-07,19694,,,,,,,,,
64,,,,,,,,,,19694,0.009726000018417835,,,,,,,,
64,,,,,,,,,,19694,,0.699999988079071,0.7446808218955994,0.08163758367300034,0.08163758367300034,0.4323054552078247,0.7142857313156128,0.7777777910232544,0.44950225949287415
,,,,,,,,,6.997359735973597e-07,19699,,,,,,,,,
65,,,,,,,,,,19699,0.017831401899456978,,,,,,,,
,,,,,,,,,6.994059405940593e-07,19704,,,,,,,,,
65,,,,,,,,,,19704,0.04830137640237808,,,,,,,,
,,,,,,,,,6.990759075907591e-07,19709,,,,,,,,,
65,,,,,,,,,,19709,0.01909460499882698,,,,,,,,
,,,,,,,,,6.987458745874587e-07,19714,,,,,,,,,
65,,,,,,,,,,19714,0.020128881558775902,,,,,,,,
,,,,,,,,,6.984158415841583e-07,19719,,,,,,,,,
65,,,,,,,,,,19719,0.02728559821844101,,,,,,,,
,,,,,,,,,6.98085808580858e-07,19724,,,,,,,,,
65,,,,,,,,,,19724,0.008853116072714329,,,,,,,,
,,,,,,,,,6.977557755775577e-07,19729,,,,,,,,,
65,,,,,,,,,,19729,0.03217098116874695,,,,,,,,
,,,,,,,,,6.974257425742574e-07,19734,,,,,,,,,
65,,,,,,,,,,19734,0.05035722628235817,,,,,,,,
,,,,,,,,,6.970957095709571e-07,19739,,,,,,,,,
65,,,,,,,,,,19739,0.008406862616539001,,,,,,,,
,,,,,,,,,6.967656765676568e-07,19744,,,,,,,,,
65,,,,,,,,,,19744,0.004906502086669207,,,,,,,,
,,,,,,,,,6.964356435643564e-07,19749,,,,,,,,,
65,,,,,,,,,,19749,0.02916521020233631,,,,,,,,
,,,,,,,,,6.961056105610561e-07,19754,,,,,,,,,
65,,,,,,,,,,19754,0.037433162331581116,,,,,,,,
,,,,,,,,,6.957755775577557e-07,19759,,,,,,,,,
65,,,,,,,,,,19759,0.022287512198090553,,,,,,,,
,,,,,,,,,6.954455445544554e-07,19764,,,,,,,,,
65,,,,,,,,,,19764,0.01657813973724842,,,,,,,,
,,,,,,,,,6.951155115511551e-07,19769,,,,,,,,,
65,,,,,,,,,,19769,0.02800154872238636,,,,,,,,
,,,,,,,,,6.947854785478547e-07,19774,,,,,,,,,
65,,,,,,,,,,19774,0.05055166780948639,,,,,,,,
,,,,,,,,,6.944554455445543e-07,19779,,,,,,,,,
65,,,,,,,,,,19779,0.026178060099482536,,,,,,,,
,,,,,,,,,6.941254125412541e-07,19784,,,,,,,,,
65,,,,,,,,,,19784,0.015202704817056656,,,,,,,,
,,,,,,,,,6.937953795379538e-07,19789,,,,,,,,,
65,,,,,,,,,,19789,0.036691248416900635,,,,,,,,
,,,,,,,,,6.934653465346534e-07,19794,,,,,,,,,
65,,,,,,,,,,19794,0.014354043640196323,,,,,,,,
,,,,,,,,,6.931353135313532e-07,19799,,,,,,,,,
65,,,,,,,,,,19799,0.0227507334202528,,,,,,,,
,,,,,,,,,6.928052805280528e-07,19804,,,,,,,,,
65,,,,,,,,,,19804,0.011712398380041122,,,,,,,,
,,,,,,,,,6.924752475247524e-07,19809,,,,,,,,,
65,,,,,,,,,,19809,0.010808303020894527,,,,,,,,
,,,,,,,,,6.921452145214521e-07,19814,,,,,,,,,
65,,,,,,,,,,19814,0.0236949622631073,,,,,,,,
,,,,,,,,,6.918151815181518e-07,19819,,,,,,,,,
65,,,,,,,,,,19819,0.017520643770694733,,,,,,,,
,,,,,,,,,6.914851485148514e-07,19824,,,,,,,,,
65,,,,,,,,,,19824,0.03780844807624817,,,,,,,,
,,,,,,,,,6.911551155115511e-07,19829,,,,,,,,,
65,,,,,,,,,,19829,0.03403390198945999,,,,,,,,
,,,,,,,,,6.908250825082507e-07,19834,,,,,,,,,
65,,,,,,,,,,19834,0.011090902611613274,,,,,,,,
,,,,,,,,,6.904950495049504e-07,19839,,,,,,,,,
65,,,,,,,,,,19839,0.03985254466533661,,,,,,,,
,,,,,,,,,6.901650165016502e-07,19844,,,,,,,,,
65,,,,,,,,,,19844,0.030065806582570076,,,,,,,,
,,,,,,,,,6.898349834983498e-07,19849,,,,,,,,,
65,,,,,,,,,,19849,0.010252377018332481,,,,,,,,
,,,,,,,,,6.895049504950494e-07,19854,,,,,,,,,
65,,,,,,,,,,19854,0.016765505075454712,,,,,,,,
,,,,,,,,,6.891749174917492e-07,19859,,,,,,,,,
65,,,,,,,,,,19859,0.013118492439389229,,,,,,,,
,,,,,,,,,6.888448844884488e-07,19864,,,,,,,,,
65,,,,,,,,,,19864,0.003098561894148588,,,,,,,,
,,,,,,,,,6.885148514851484e-07,19869,,,,,,,,,
65,,,,,,,,,,19869,0.014944094233214855,,,,,,,,
,,,,,,,,,6.881848184818482e-07,19874,,,,,,,,,
65,,,,,,,,,,19874,0.003495717654004693,,,,,,,,
,,,,,,,,,6.878547854785478e-07,19879,,,,,,,,,
65,,,,,,,,,,19879,0.02244885079562664,,,,,,,,
,,,,,,,,,6.875247524752474e-07,19884,,,,,,,,,
65,,,,,,,,,,19884,0.014859934337437153,,,,,,,,
,,,,,,,,,6.871947194719471e-07,19889,,,,,,,,,
65,,,,,,,,,,19889,0.029490692541003227,,,,,,,,
,,,,,,,,,6.868646864686468e-07,19894,,,,,,,,,
65,,,,,,,,,,19894,0.017597394064068794,,,,,,,,
,,,,,,,,,6.865346534653466e-07,19899,,,,,,,,,
65,,,,,,,,,,19899,0.01553280372172594,,,,,,,,
,,,,,,,,,6.862046204620462e-07,19904,,,,,,,,,
65,,,,,,,,,,19904,0.03676363453269005,,,,,,,,
,,,,,,,,,6.858745874587458e-07,19909,,,,,,,,,
65,,,,,,,,,,19909,0.014256843365728855,,,,,,,,
,,,,,,,,,6.855445544554456e-07,19914,,,,,,,,,
65,,,,,,,,,,19914,0.01678960956633091,,,,,,,,
,,,,,,,,,6.852145214521452e-07,19919,,,,,,,,,
65,,,,,,,,,,19919,0.01633024960756302,,,,,,,,
,,,,,,,,,6.848844884488448e-07,19924,,,,,,,,,
65,,,,,,,,,,19924,0.0220035407692194,,,,,,,,
,,,,,,,,,6.845544554455446e-07,19929,,,,,,,,,
65,,,,,,,,,,19929,0.02379138208925724,,,,,,,,
,,,,,,,,,6.842244224422442e-07,19934,,,,,,,,,
65,,,,,,,,,,19934,0.013767503201961517,,,,,,,,
,,,,,,,,,6.838943894389438e-07,19939,,,,,,,,,
65,,,,,,,,,,19939,0.025430545210838318,,,,,,,,
,,,,,,,,,6.835643564356435e-07,19944,,,,,,,,,
65,,,,,,,,,,19944,0.06750742346048355,,,,,,,,
,,,,,,,,,6.832343234323433e-07,19949,,,,,,,,,
65,,,,,,,,,,19949,0.013664073310792446,,,,,,,,
,,,,,,,,,6.829042904290429e-07,19954,,,,,,,,,
65,,,,,,,,,,19954,0.03341841697692871,,,,,,,,
,,,,,,,,,6.825742574257426e-07,19959,,,,,,,,,
65,,,,,,,,,,19959,0.026140617206692696,,,,,,,,
,,,,,,,,,6.822442244224422e-07,19964,,,,,,,,,
65,,,,,,,,,,19964,0.017698047682642937,,,,,,,,
,,,,,,,,,6.819141914191419e-07,19969,,,,,,,,,
65,,,,,,,,,,19969,0.02350463718175888,,,,,,,,
,,,,,,,,,6.815841584158416e-07,19974,,,,,,,,,
65,,,,,,,,,,19974,0.03738691285252571,,,,,,,,
,,,,,,,,,6.812541254125412e-07,19979,,,,,,,,,
65,,,,,,,,,,19979,0.021859126165509224,,,,,,,,
,,,,,,,,,6.809240924092409e-07,19984,,,,,,,,,
65,,,,,,,,,,19984,0.016594449058175087,,,,,,,,
,,,,,,,,,6.805940594059406e-07,19989,,,,,,,,,
65,,,,,,,,,,19989,0.022352684289216995,,,,,,,,
,,,,,,,,,6.802640264026402e-07,19994,,,,,,,,,
65,,,,,,,,,,19994,0.02052483707666397,,,,,,,,
65,,,,,,,,,,19997,,0.6875,0.7159090638160706,0.08106524497270584,0.08106524497270584,0.41682323813438416,0.7325581312179565,0.699999988079071,0.43069005012512207
,,,,,,,,,6.799339933993398e-07,19999,,,,,,,,,
66,,,,,,,,,,19999,0.011062519624829292,,,,,,,,
,,,,,,,,,6.796039603960397e-07,20004,,,,,,,,,
66,,,,,,,,,,20004,0.018482500687241554,,,,,,,,
,,,,,,,,,6.792739273927393e-07,20009,,,,,,,,,
66,,,,,,,,,,20009,0.009623060002923012,,,,,,,,
,,,,,,,,,6.789438943894389e-07,20014,,,,,,,,,
66,,,,,,,,,,20014,0.00985203217715025,,,,,,,,
,,,,,,,,,6.786138613861386e-07,20019,,,,,,,,,
66,,,,,,,,,,20019,0.014105554670095444,,,,,,,,
,,,,,,,,,6.782838283828383e-07,20024,,,,,,,,,
66,,,,,,,,,,20024,0.04556919261813164,,,,,,,,
,,,,,,,,,6.779537953795379e-07,20029,,,,,,,,,
66,,,,,,,,,,20029,0.04120117053389549,,,,,,,,
,,,,,,,,,6.776237623762376e-07,20034,,,,,,,,,
66,,,,,,,,,,20034,0.027091003954410553,,,,,,,,
,,,,,,,,,6.772937293729373e-07,20039,,,,,,,,,
66,,,,,,,,,,20039,0.03758930042386055,,,,,,,,
,,,,,,,,,6.769636963696369e-07,20044,,,,,,,,,
66,,,,,,,,,,20044,0.00801109243184328,,,,,,,,
,,,,,,,,,6.766336633663366e-07,20049,,,,,,,,,
66,,,,,,,,,,20049,0.013918268494307995,,,,,,,,
,,,,,,,,,6.763036303630362e-07,20054,,,,,,,,,
66,,,,,,,,,,20054,0.008936029858887196,,,,,,,,
,,,,,,,,,6.75973597359736e-07,20059,,,,,,,,,
66,,,,,,,,,,20059,0.032047271728515625,,,,,,,,
,,,,,,,,,6.756435643564357e-07,20064,,,,,,,,,
66,,,,,,,,,,20064,0.01953345723450184,,,,,,,,
,,,,,,,,,6.753135313531353e-07,20069,,,,,,,,,
66,,,,,,,,,,20069,0.013846583664417267,,,,,,,,
,,,,,,,,,6.749834983498349e-07,20074,,,,,,,,,
66,,,,,,,,,,20074,0.030739886686205864,,,,,,,,
,,,,,,,,,6.746534653465347e-07,20079,,,,,,,,,
66,,,,,,,,,,20079,0.01204049214720726,,,,,,,,
,,,,,,,,,6.743234323432343e-07,20084,,,,,,,,,
66,,,,,,,,,,20084,0.02461712248623371,,,,,,,,
,,,,,,,,,6.739933993399339e-07,20089,,,,,,,,,
66,,,,,,,,,,20089,0.03622531145811081,,,,,,,,
,,,,,,,,,6.736633663366337e-07,20094,,,,,,,,,
66,,,,,,,,,,20094,0.024018000811338425,,,,,,,,
,,,,,,,,,6.733333333333333e-07,20099,,,,,,,,,
66,,,,,,,,,,20099,0.01862298883497715,,,,,,,,
,,,,,,,,,6.730033003300329e-07,20104,,,,,,,,,
66,,,,,,,,,,20104,0.03671371191740036,,,,,,,,
,,,,,,,,,6.726732673267327e-07,20109,,,,,,,,,
66,,,,,,,,,,20109,0.024612996727228165,,,,,,,,
,,,,,,,,,6.723432343234324e-07,20114,,,,,,,,,
66,,,,,,,,,,20114,0.016572389751672745,,,,,,,,
,,,,,,,,,6.72013201320132e-07,20119,,,,,,,,,
66,,,,,,,,,,20119,0.025796957314014435,,,,,,,,
,,,,,,,,,6.716831683168317e-07,20124,,,,,,,,,
66,,,,,,,,,,20124,0.027475154027342796,,,,,,,,
,,,,,,,,,6.713531353135313e-07,20129,,,,,,,,,
66,,,,,,,,,,20129,0.04148368164896965,,,,,,,,
,,,,,,,,,6.71023102310231e-07,20134,,,,,,,,,
66,,,,,,,,,,20134,0.008224572986364365,,,,,,,,
,,,,,,,,,6.706930693069307e-07,20139,,,,,,,,,
66,,,,,,,,,,20139,0.013424902223050594,,,,,,,,
,,,,,,,,,6.703630363036303e-07,20144,,,,,,,,,
66,,,,,,,,,,20144,0.02270090952515602,,,,,,,,
,,,,,,,,,6.700330033003299e-07,20149,,,,,,,,,
66,,,,,,,,,,20149,0.011499006301164627,,,,,,,,
,,,,,,,,,6.697029702970297e-07,20154,,,,,,,,,
66,,,,,,,,,,20154,0.012193663977086544,,,,,,,,
,,,,,,,,,6.693729372937293e-07,20159,,,,,,,,,
66,,,,,,,,,,20159,0.014200449921190739,,,,,,,,
,,,,,,,,,6.69042904290429e-07,20164,,,,,,,,,
66,,,,,,,,,,20164,0.013886356726288795,,,,,,,,
,,,,,,,,,6.687128712871288e-07,20169,,,,,,,,,
66,,,,,,,,,,20169,0.007207386661320925,,,,,,,,
,,,,,,,,,6.683828382838284e-07,20174,,,,,,,,,
66,,,,,,,,,,20174,0.03254764527082443,,,,,,,,
,,,,,,,,,6.68052805280528e-07,20179,,,,,,,,,
66,,,,,,,,,,20179,0.023110659793019295,,,,,,,,
,,,,,,,,,6.677227722772277e-07,20184,,,,,,,,,
66,,,,,,,,,,20184,0.04123782739043236,,,,,,,,
,,,,,,,,,6.673927392739274e-07,20189,,,,,,,,,
66,,,,,,,,,,20189,0.01779138669371605,,,,,,,,
,,,,,,,,,6.67062706270627e-07,20194,,,,,,,,,
66,,,,,,,,,,20194,0.025206968188285828,,,,,,,,
,,,,,,,,,6.667326732673267e-07,20199,,,,,,,,,
66,,,,,,,,,,20199,0.005796433892101049,,,,,,,,
,,,,,,,,,6.664026402640263e-07,20204,,,,,,,,,
66,,,,,,,,,,20204,0.031033916398882866,,,,,,,,
,,,,,,,,,6.66072607260726e-07,20209,,,,,,,,,
66,,,,,,,,,,20209,0.01029082853347063,,,,,,,,
,,,,,,,,,6.657425742574257e-07,20214,,,,,,,,,
66,,,,,,,,,,20214,0.00899454578757286,,,,,,,,
,,,,,,,,,6.654125412541254e-07,20219,,,,,,,,,
66,,,,,,,,,,20219,0.03270589932799339,,,,,,,,
,,,,,,,,,6.650825082508251e-07,20224,,,,,,,,,
66,,,,,,,,,,20224,0.036013610661029816,,,,,,,,
,,,,,,,,,6.647524752475248e-07,20229,,,,,,,,,
66,,,,,,,,,,20229,0.015113758854568005,,,,,,,,
,,,,,,,,,6.644224422442244e-07,20234,,,,,,,,,
66,,,,,,,,,,20234,0.07163307070732117,,,,,,,,
,,,,,,,,,6.64092409240924e-07,20239,,,,,,,,,
66,,,,,,,,,,20239,0.011673599481582642,,,,,,,,
,,,,,,,,,6.637623762376238e-07,20244,,,,,,,,,
66,,,,,,,,,,20244,0.012786701321601868,,,,,,,,
,,,,,,,,,6.634323432343234e-07,20249,,,,,,,,,
66,,,,,,,,,,20249,0.011112231761217117,,,,,,,,
,,,,,,,,,6.63102310231023e-07,20254,,,,,,,,,
66,,,,,,,,,,20254,0.01528190914541483,,,,,,,,
,,,,,,,,,6.627722772277227e-07,20259,,,,,,,,,
66,,,,,,,,,,20259,0.022621484473347664,,,,,,,,
,,,,,,,,,6.624422442244224e-07,20264,,,,,,,,,
66,,,,,,,,,,20264,0.010093508288264275,,,,,,,,
,,,,,,,,,6.62112211221122e-07,20269,,,,,,,,,
66,,,,,,,,,,20269,0.04358815401792526,,,,,,,,
,,,,,,,,,6.617821782178218e-07,20274,,,,,,,,,
66,,,,,,,,,,20274,0.018607502803206444,,,,,,,,
,,,,,,,,,6.614521452145215e-07,20279,,,,,,,,,
66,,,,,,,,,,20279,0.02539237216114998,,,,,,,,
,,,,,,,,,6.611221122112211e-07,20284,,,,,,,,,
66,,,,,,,,,,20284,0.021039390936493874,,,,,,,,
,,,,,,,,,6.607920792079208e-07,20289,,,,,,,,,
66,,,,,,,,,,20289,0.02601899392902851,,,,,,,,
,,,,,,,,,6.604620462046204e-07,20294,,,,,,,,,
66,,,,,,,,,,20294,0.014004993252456188,,,,,,,,
,,,,,,,,,6.601320132013201e-07,20299,,,,,,,,,
66,,,,,,,,,,20299,0.02168373577296734,,,,,,,,
66,,,,,,,,,,20300,,0.706250011920929,0.7374301552772522,0.07919606566429138,0.07919606566429138,0.4268036186695099,0.7415730357170105,0.7333333492279053,0.44366076588630676
,,,,,,,,,6.598019801980198e-07,20304,,,,,,,,,
67,,,,,,,,,,20304,0.008565553463995457,,,,,,,,
,,,,,,,,,6.594719471947194e-07,20309,,,,,,,,,
67,,,,,,,,,,20309,0.02998986840248108,,,,,,,,
,,,,,,,,,6.59141914191419e-07,20314,,,,,,,,,
67,,,,,,,,,,20314,0.02278105728328228,,,,,,,,
,,,,,,,,,6.588118811881188e-07,20319,,,,,,,,,
67,,,,,,,,,,20319,0.013526852242648602,,,,,,,,
,,,,,,,,,6.584818481848185e-07,20324,,,,,,,,,
67,,,,,,,,,,20324,0.0068872664123773575,,,,,,,,
,,,,,,,,,6.581518151815181e-07,20329,,,,,,,,,
67,,,,,,,,,,20329,0.04250241070985794,,,,,,,,
,,,,,,,,,6.578217821782179e-07,20334,,,,,,,,,
67,,,,,,,,,,20334,0.0036677985917776823,,,,,,,,
,,,,,,,,,6.574917491749175e-07,20339,,,,,,,,,
67,,,,,,,,,,20339,0.019365284591913223,,,,,,,,
,,,,,,,,,6.571617161716171e-07,20344,,,,,,,,,
67,,,,,,,,,,20344,0.026823291555047035,,,,,,,,
,,,,,,,,,6.568316831683168e-07,20349,,,,,,,,,
67,,,,,,,,,,20349,0.02119702473282814,,,,,,,,
,,,,,,,,,6.565016501650165e-07,20354,,,,,,,,,
67,,,,,,,,,,20354,0.014913033694028854,,,,,,,,
,,,,,,,,,6.561716171617161e-07,20359,,,,,,,,,
67,,,,,,,,,,20359,0.020989812910556793,,,,,,,,
,,,,,,,,,6.558415841584158e-07,20364,,,,,,,,,
67,,,,,,,,,,20364,0.013731605373322964,,,,,,,,
,,,,,,,,,6.555115511551154e-07,20369,,,,,,,,,
67,,,,,,,,,,20369,0.011094587855041027,,,,,,,,
,,,,,,,,,6.551815181518151e-07,20374,,,,,,,,,
67,,,,,,,,,,20374,0.004104925785213709,,,,,,,,
,,,,,,,,,6.548514851485149e-07,20379,,,,,,,,,
67,,,,,,,,,,20379,0.031504448503255844,,,,,,,,
,,,,,,,,,6.545214521452145e-07,20384,,,,,,,,,
67,,,,,,,,,,20384,0.014080442488193512,,,,,,,,
,,,,,,,,,6.541914191419141e-07,20389,,,,,,,,,
67,,,,,,,,,,20389,0.012776878662407398,,,,,,,,
,,,,,,,,,6.538613861386139e-07,20394,,,,,,,,,
67,,,,,,,,,,20394,0.019383946433663368,,,,,,,,
,,,,,,,,,6.535313531353135e-07,20399,,,,,,,,,
67,,,,,,,,,,20399,0.01284613087773323,,,,,,,,
,,,,,,,,,6.532013201320131e-07,20404,,,,,,,,,
67,,,,,,,,,,20404,0.034663841128349304,,,,,,,,
,,,,,,,,,6.528712871287129e-07,20409,,,,,,,,,
67,,,,,,,,,,20409,0.01707025244832039,,,,,,,,
,,,,,,,,,6.525412541254125e-07,20414,,,,,,,,,
67,,,,,,,,,,20414,0.01601415127515793,,,,,,,,
,,,,,,,,,6.522112211221121e-07,20419,,,,,,,,,
67,,,,,,,,,,20419,0.032327800989151,,,,,,,,
,,,,,,,,,6.518811881188118e-07,20424,,,,,,,,,
67,,,,,,,,,,20424,0.032355897128582,,,,,,,,
,,,,,,,,,6.515511551155115e-07,20429,,,,,,,,,
67,,,,,,,,,,20429,0.01198927965015173,,,,,,,,
,,,,,,,,,6.512211221122112e-07,20434,,,,,,,,,
67,,,,,,,,,,20434,0.02880307100713253,,,,,,,,
,,,,,,,,,6.508910891089109e-07,20439,,,,,,,,,
67,,,,,,,,,,20439,0.021358290687203407,,,,,,,,
,,,,,,,,,6.505610561056105e-07,20444,,,,,,,,,
67,,,,,,,,,,20444,0.015318166464567184,,,,,,,,
,,,,,,,,,6.502310231023102e-07,20449,,,,,,,,,
67,,,,,,,,,,20449,0.007745727431029081,,,,,,,,
,,,,,,,,,6.499009900990099e-07,20454,,,,,,,,,
67,,,,,,,,,,20454,0.020984793081879616,,,,,,,,
,,,,,,,,,6.495709570957095e-07,20459,,,,,,,,,
67,,,,,,,,,,20459,0.07890681177377701,,,,,,,,
,,,,,,,,,6.492409240924091e-07,20464,,,,,,,,,
67,,,,,,,,,,20464,0.017610428854823112,,,,,,,,
,,,,,,,,,6.489108910891089e-07,20469,,,,,,,,,
67,,,,,,,,,,20469,0.028791865333914757,,,,,,,,
,,,,,,,,,6.485808580858085e-07,20474,,,,,,,,,
67,,,,,,,,,,20474,0.01704820618033409,,,,,,,,
,,,,,,,,,6.482508250825081e-07,20479,,,,,,,,,
67,,,,,,,,,,20479,0.02208574116230011,,,,,,,,
,,,,,,,,,6.479207920792079e-07,20484,,,,,,,,,
67,,,,,,,,,,20484,0.01235931646078825,,,,,,,,
,,,,,,,,,6.475907590759076e-07,20489,,,,,,,,,
67,,,,,,,,,,20489,0.028526106849312782,,,,,,,,
,,,,,,,,,6.472607260726072e-07,20494,,,,,,,,,
67,,,,,,,,,,20494,0.018924865871667862,,,,,,,,
,,,,,,,,,6.469306930693069e-07,20499,,,,,,,,,
67,,,,,,,,,,20499,0.026514248922467232,,,,,,,,
,,,,,,,,,6.466006600660066e-07,20504,,,,,,,,,
67,,,,,,,,,,20504,0.011765409260988235,,,,,,,,
,,,,,,,,,6.462706270627062e-07,20509,,,,,,,,,
67,,,,,,,,,,20509,0.032472025603055954,,,,,,,,
,,,,,,,,,6.459405940594059e-07,20514,,,,,,,,,
67,,,,,,,,,,20514,0.016537116840481758,,,,,,,,
,,,,,,,,,6.456105610561055e-07,20519,,,,,,,,,
67,,,,,,,,,,20519,0.015939777716994286,,,,,,,,
,,,,,,,,,6.452805280528053e-07,20524,,,,,,,,,
67,,,,,,,,,,20524,0.05425713583827019,,,,,,,,
,,,,,,,,,6.449504950495049e-07,20529,,,,,,,,,
67,,,,,,,,,,20529,0.012715408578515053,,,,,,,,
,,,,,,,,,6.446204620462045e-07,20534,,,,,,,,,
67,,,,,,,,,,20534,0.017775828018784523,,,,,,,,
,,,,,,,,,6.442904290429044e-07,20539,,,,,,,,,
67,,,,,,,,,,20539,0.017186561599373817,,,,,,,,
,,,,,,,,,6.43960396039604e-07,20544,,,,,,,,,
67,,,,,,,,,,20544,0.021045953035354614,,,,,,,,
,,,,,,,,,6.436303630363036e-07,20549,,,,,,,,,
67,,,,,,,,,,20549,0.018327990546822548,,,,,,,,
,,,,,,,,,6.433003300330033e-07,20554,,,,,,,,,
67,,,,,,,,,,20554,0.016402825713157654,,,,,,,,
,,,,,,,,,6.42970297029703e-07,20559,,,,,,,,,
67,,,,,,,,,,20559,0.017455434426665306,,,,,,,,
,,,,,,,,,6.426402640264026e-07,20564,,,,,,,,,
67,,,,,,,,,,20564,0.004467042628675699,,,,,,,,
,,,,,,,,,6.423102310231023e-07,20569,,,,,,,,,
67,,,,,,,,,,20569,0.02053122967481613,,,,,,,,
,,,,,,,,,6.41980198019802e-07,20574,,,,,,,,,
67,,,,,,,,,,20574,0.022198090329766273,,,,,,,,
,,,,,,,,,6.416501650165016e-07,20579,,,,,,,,,
67,,,,,,,,,,20579,0.027971044182777405,,,,,,,,
,,,,,,,,,6.413201320132013e-07,20584,,,,,,,,,
67,,,,,,,,,,20584,0.010913582518696785,,,,,,,,
,,,,,,,,,6.409900990099009e-07,20589,,,,,,,,,
67,,,,,,,,,,20589,0.015909872949123383,,,,,,,,
,,,,,,,,,6.406600660066007e-07,20594,,,,,,,,,
67,,,,,,,,,,20594,0.028145035728812218,,,,,,,,
,,,,,,,,,6.403300330033004e-07,20599,,,,,,,,,
67,,,,,,,,,,20599,0.03636617586016655,,,,,,,,
67,,,,,,,,,,20603,,0.7124999761581421,0.7526881694793701,0.08211673051118851,0.08211673051118851,0.424511194229126,0.7291666865348816,0.7777777910232544,0.440048485994339
,,,,,,,,,6.4e-07,20604,,,,,,,,,
68,,,,,,,,,,20604,0.003027170430868864,,,,,,,,
,,,,,,,,,6.396699669966996e-07,20609,,,,,,,,,
68,,,,,,,,,,20609,0.02710164710879326,,,,,,,,
,,,,,,,,,6.393399339933994e-07,20614,,,,,,,,,
68,,,,,,,,,,20614,0.01404868345707655,,,,,,,,
,,,,,,,,,6.39009900990099e-07,20619,,,,,,,,,
68,,,,,,,,,,20619,0.022305766120553017,,,,,,,,
,,,,,,,,,6.386798679867986e-07,20624,,,,,,,,,
68,,,,,,,,,,20624,0.021906156092882156,,,,,,,,
,,,,,,,,,6.383498349834983e-07,20629,,,,,,,,,
68,,,,,,,,,,20629,0.02219621278345585,,,,,,,,
,,,,,,,,,6.38019801980198e-07,20634,,,,,,,,,
68,,,,,,,,,,20634,0.009141930378973484,,,,,,,,
,,,,,,,,,6.376897689768976e-07,20639,,,,,,,,,
68,,,,,,,,,,20639,0.015763498842716217,,,,,,,,
,,,,,,,,,6.373597359735973e-07,20644,,,,,,,,,
68,,,,,,,,,,20644,0.010064649395644665,,,,,,,,
,,,,,,,,,6.370297029702971e-07,20649,,,,,,,,,
68,,,,,,,,,,20649,0.009847252629697323,,,,,,,,
,,,,,,,,,6.366996699669967e-07,20654,,,,,,,,,
68,,,,,,,,,,20654,0.011614267714321613,,,,,,,,
,,,,,,,,,6.363696369636964e-07,20659,,,,,,,,,
68,,,,,,,,,,20659,0.0035602874122560024,,,,,,,,
,,,,,,,,,6.36039603960396e-07,20664,,,,,,,,,
68,,,,,,,,,,20664,0.0463867112994194,,,,,,,,
,,,,,,,,,6.357095709570957e-07,20669,,,,,,,,,
68,,,,,,,,,,20669,0.054068710654973984,,,,,,,,
,,,,,,,,,6.353795379537954e-07,20674,,,,,,,,,
68,,,,,,,,,,20674,0.016588706523180008,,,,,,,,
,,,,,,,,,6.35049504950495e-07,20679,,,,,,,,,
68,,,,,,,,,,20679,0.050539083778858185,,,,,,,,
,,,,,,,,,6.347194719471946e-07,20684,,,,,,,,,
68,,,,,,,,,,20684,0.018189048394560814,,,,,,,,
,,,,,,,,,6.343894389438944e-07,20689,,,,,,,,,
68,,,,,,,,,,20689,0.054081156849861145,,,,,,,,
,,,,,,,,,6.34059405940594e-07,20694,,,,,,,,,
68,,,,,,,,,,20694,0.023681139573454857,,,,,,,,
,,,,,,,,,6.337293729372936e-07,20699,,,,,,,,,
68,,,,,,,,,,20699,0.010140079073607922,,,,,,,,
,,,,,,,,,6.333993399339935e-07,20704,,,,,,,,,
68,,,,,,,,,,20704,0.025458237156271935,,,,,,,,
,,,,,,,,,6.330693069306931e-07,20709,,,,,,,,,
68,,,,,,,,,,20709,0.0181505735963583,,,,,,,,
,,,,,,,,,6.327392739273927e-07,20714,,,,,,,,,
68,,,,,,,,,,20714,0.01244613528251648,,,,,,,,
,,,,,,,,,6.324092409240924e-07,20719,,,,,,,,,
68,,,,,,,,,,20719,0.015697667375206947,,,,,,,,
,,,,,,,,,6.320792079207921e-07,20724,,,,,,,,,
68,,,,,,,,,,20724,0.026238974183797836,,,,,,,,
,,,,,,,,,6.317491749174917e-07,20729,,,,,,,,,
68,,,,,,,,,,20729,0.020916327834129333,,,,,,,,
,,,,,,,,,6.314191419141914e-07,20734,,,,,,,,,
68,,,,,,,,,,20734,0.03182719647884369,,,,,,,,
,,,,,,,,,6.31089108910891e-07,20739,,,,,,,,,
68,,,,,,,,,,20739,0.023324862122535706,,,,,,,,
,,,,,,,,,6.307590759075907e-07,20744,,,,,,,,,
68,,,,,,,,,,20744,0.018768681213259697,,,,,,,,
,,,,,,,,,6.304290429042904e-07,20749,,,,,,,,,
68,,,,,,,,,,20749,0.013940834440290928,,,,,,,,
,,,,,,,,,6.300990099009901e-07,20754,,,,,,,,,
68,,,,,,,,,,20754,0.029396919533610344,,,,,,,,
,,,,,,,,,6.297689768976898e-07,20759,,,,,,,,,
68,,,,,,,,,,20759,0.007850658148527145,,,,,,,,
,,,,,,,,,6.294389438943895e-07,20764,,,,,,,,,
68,,,,,,,,,,20764,0.010762996040284634,,,,,,,,
,,,,,,,,,6.291089108910891e-07,20769,,,,,,,,,
68,,,,,,,,,,20769,0.03595855459570885,,,,,,,,
,,,,,,,,,6.287788778877887e-07,20774,,,,,,,,,
68,,,,,,,,,,20774,0.029739638790488243,,,,,,,,
,,,,,,,,,6.284488448844885e-07,20779,,,,,,,,,
68,,,,,,,,,,20779,0.0061145625077188015,,,,,,,,
,,,,,,,,,6.281188118811881e-07,20784,,,,,,,,,
68,,,,,,,,,,20784,0.04635588824748993,,,,,,,,
,,,,,,,,,6.277887788778877e-07,20789,,,,,,,,,
68,,,,,,,,,,20789,0.03622591868042946,,,,,,,,
,,,,,,,,,6.274587458745874e-07,20794,,,,,,,,,
68,,,,,,,,,,20794,0.01706530712544918,,,,,,,,
,,,,,,,,,6.271287128712871e-07,20799,,,,,,,,,
68,,,,,,,,,,20799,0.0074734012596309185,,,,,,,,
,,,,,,,,,6.267986798679867e-07,20804,,,,,,,,,
68,,,,,,,,,,20804,0.03871315345168114,,,,,,,,
,,,,,,,,,6.264686468646865e-07,20809,,,,,,,,,
68,,,,,,,,,,20809,0.026517823338508606,,,,,,,,
,,,,,,,,,6.261386138613862e-07,20814,,,,,,,,,
68,,,,,,,,,,20814,0.021542292088270187,,,,,,,,
,,,,,,,,,6.258085808580858e-07,20819,,,,,,,,,
68,,,,,,,,,,20819,0.04196176305413246,,,,,,,,
,,,,,,,,,6.254785478547855e-07,20824,,,,,,,,,
68,,,,,,,,,,20824,0.024629149585962296,,,,,,,,
,,,,,,,,,6.251485148514851e-07,20829,,,,,,,,,
68,,,,,,,,,,20829,0.019738782197237015,,,,,,,,
,,,,,,,,,6.248184818481848e-07,20834,,,,,,,,,
68,,,,,,,,,,20834,0.02066739834845066,,,,,,,,
,,,,,,,,,6.244884488448845e-07,20839,,,,,,,,,
68,,,,,,,,,,20839,0.012558482587337494,,,,,,,,
,,,,,,,,,6.241584158415841e-07,20844,,,,,,,,,
68,,,,,,,,,,20844,0.022219711914658546,,,,,,,,
,,,,,,,,,6.238283828382837e-07,20849,,,,,,,,,
68,,,,,,,,,,20849,0.020236795768141747,,,,,,,,
,,,,,,,,,6.234983498349835e-07,20854,,,,,,,,,
68,,,,,,,,,,20854,0.02387162856757641,,,,,,,,
,,,,,,,,,6.231683168316831e-07,20859,,,,,,,,,
68,,,,,,,,,,20859,0.02424696646630764,,,,,,,,
,,,,,,,,,6.228382838283828e-07,20864,,,,,,,,,
68,,,,,,,,,,20864,0.012509483844041824,,,,,,,,
,,,,,,,,,6.225082508250826e-07,20869,,,,,,,,,
68,,,,,,,,,,20869,0.02395111694931984,,,,,,,,
,,,,,,,,,6.221782178217822e-07,20874,,,,,,,,,
68,,,,,,,,,,20874,0.04354868829250336,,,,,,,,
,,,,,,,,,6.218481848184818e-07,20879,,,,,,,,,
68,,,,,,,,,,20879,0.02484842948615551,,,,,,,,
,,,,,,,,,6.215181518151815e-07,20884,,,,,,,,,
68,,,,,,,,,,20884,0.01115011889487505,,,,,,,,
,,,,,,,,,6.211881188118812e-07,20889,,,,,,,,,
68,,,,,,,,,,20889,0.009427404962480068,,,,,,,,
,,,,,,,,,6.208580858085808e-07,20894,,,,,,,,,
68,,,,,,,,,,20894,0.006172000430524349,,,,,,,,
,,,,,,,,,6.205280528052805e-07,20899,,,,,,,,,
68,,,,,,,,,,20899,0.008184430189430714,,,,,,,,
,,,,,,,,,6.201980198019801e-07,20904,,,,,,,,,
68,,,,,,,,,,20904,0.0643317922949791,,,,,,,,
68,,,,,,,,,,20906,,0.706250011920929,0.7486631274223328,0.08076644688844681,0.08076644688844681,0.42531269788742065,0.7216494679450989,0.7777777910232544,0.44327211380004883
,,,,,,,,,6.198679867986798e-07,20909,,,,,,,,,
69,,,,,,,,,,20909,0.01697116158902645,,,,,,,,
,,,,,,,,,6.195379537953796e-07,20914,,,,,,,,,
69,,,,,,,,,,20914,0.010612537153065205,,,,,,,,
,,,,,,,,,6.192079207920792e-07,20919,,,,,,,,,
69,,,,,,,,,,20919,0.02197933942079544,,,,,,,,
,,,,,,,,,6.188778877887788e-07,20924,,,,,,,,,
69,,,,,,,,,,20924,0.009343480691313744,,,,,,,,
,,,,,,,,,6.185478547854786e-07,20929,,,,,,,,,
69,,,,,,,,,,20929,0.0037729800678789616,,,,,,,,
,,,,,,,,,6.182178217821782e-07,20934,,,,,,,,,
69,,,,,,,,,,20934,0.013056740164756775,,,,,,,,
,,,,,,,,,6.178877887788778e-07,20939,,,,,,,,,
69,,,,,,,,,,20939,0.0033600975293666124,,,,,,,,
,,,,,,,,,6.175577557755776e-07,20944,,,,,,,,,
69,,,,,,,,,,20944,0.016720382496714592,,,,,,,,
,,,,,,,,,6.172277227722772e-07,20949,,,,,,,,,
69,,,,,,,,,,20949,0.013873161748051643,,,,,,,,
,,,,,,,,,6.168976897689768e-07,20954,,,,,,,,,
69,,,,,,,,,,20954,0.01577656902372837,,,,,,,,
,,,,,,,,,6.165676567656765e-07,20959,,,,,,,,,
69,,,,,,,,,,20959,0.018082041293382645,,,,,,,,
,,,,,,,,,6.162376237623762e-07,20964,,,,,,,,,
69,,,,,,,,,,20964,0.0024903854355216026,,,,,,,,
,,,,,,,,,6.159075907590758e-07,20969,,,,,,,,,
69,,,,,,,,,,20969,0.010470444336533546,,,,,,,,
,,,,,,,,,6.155775577557756e-07,20974,,,,,,,,,
69,,,,,,,,,,20974,0.01705745980143547,,,,,,,,
,,,,,,,,,6.152475247524752e-07,20979,,,,,,,,,
69,,,,,,,,,,20979,0.011109888553619385,,,,,,,,
,,,,,,,,,6.149174917491749e-07,20984,,,,,,,,,
69,,,,,,,,,,20984,0.019939029589295387,,,,,,,,
,,,,,,,,,6.145874587458746e-07,20989,,,,,,,,,
69,,,,,,,,,,20989,0.029370315372943878,,,,,,,,
,,,,,,,,,6.142574257425742e-07,20994,,,,,,,,,
69,,,,,,,,,,20994,0.015595068223774433,,,,,,,,
,,,,,,,,,6.139273927392738e-07,20999,,,,,,,,,
69,,,,,,,,,,20999,0.015084195882081985,,,,,,,,
,,,,,,,,,6.135973597359736e-07,21004,,,,,,,,,
69,,,,,,,,,,21004,0.025831807404756546,,,,,,,,
,,,,,,,,,6.132673267326732e-07,21009,,,,,,,,,
69,,,,,,,,,,21009,0.0037780723068863153,,,,,,,,
,,,,,,,,,6.129372937293728e-07,21014,,,,,,,,,
69,,,,,,,,,,21014,0.03251199796795845,,,,,,,,
,,,,,,,,,6.126072607260726e-07,21019,,,,,,,,,
69,,,,,,,,,,21019,0.01917826198041439,,,,,,,,
,,,,,,,,,6.122772277227723e-07,21024,,,,,,,,,
69,,,,,,,,,,21024,0.0373351089656353,,,,,,,,
,,,,,,,,,6.119471947194719e-07,21029,,,,,,,,,
69,,,,,,,,,,21029,0.00883165281265974,,,,,,,,
,,,,,,,,,6.116171617161716e-07,21034,,,,,,,,,
69,,,,,,,,,,21034,0.024013211950659752,,,,,,,,
,,,,,,,,,6.112871287128713e-07,21039,,,,,,,,,
69,,,,,,,,,,21039,0.02842152863740921,,,,,,,,
,,,,,,,,,6.109570957095709e-07,21044,,,,,,,,,
69,,,,,,,,,,21044,0.061954062432050705,,,,,,,,
,,,,,,,,,6.106270627062706e-07,21049,,,,,,,,,
69,,,,,,,,,,21049,0.020717497915029526,,,,,,,,
,,,,,,,,,6.102970297029702e-07,21054,,,,,,,,,
69,,,,,,,,,,21054,0.03592585772275925,,,,,,,,
,,,,,,,,,6.099669966996699e-07,21059,,,,,,,,,
69,,,,,,,,,,21059,0.032766882330179214,,,,,,,,
,,,,,,,,,6.096369636963696e-07,21064,,,,,,,,,
69,,,,,,,,,,21064,0.014352521859109402,,,,,,,,
,,,,,,,,,6.093069306930692e-07,21069,,,,,,,,,
69,,,,,,,,,,21069,0.003665528493002057,,,,,,,,
,,,,,,,,,6.089768976897689e-07,21074,,,,,,,,,
69,,,,,,,,,,21074,0.01983153074979782,,,,,,,,
,,,,,,,,,6.086468646864687e-07,21079,,,,,,,,,
69,,,,,,,,,,21079,0.013096327893435955,,,,,,,,
,,,,,,,,,6.083168316831683e-07,21084,,,,,,,,,
69,,,,,,,,,,21084,0.04131723567843437,,,,,,,,
,,,,,,,,,6.079867986798679e-07,21089,,,,,,,,,
69,,,,,,,,,,21089,0.006045934744179249,,,,,,,,
,,,,,,,,,6.076567656765677e-07,21094,,,,,,,,,
69,,,,,,,,,,21094,0.0064088464714586735,,,,,,,,
,,,,,,,,,6.073267326732673e-07,21099,,,,,,,,,
69,,,,,,,,,,21099,0.008121051825582981,,,,,,,,
,,,,,,,,,6.069966996699669e-07,21104,,,,,,,,,
69,,,,,,,,,,21104,0.008329278789460659,,,,,,,,
,,,,,,,,,6.066666666666666e-07,21109,,,,,,,,,
69,,,,,,,,,,21109,0.005712656304240227,,,,,,,,
,,,,,,,,,6.063366336633663e-07,21114,,,,,,,,,
69,,,,,,,,,,21114,0.02171783708035946,,,,,,,,
,,,,,,,,,6.060066006600659e-07,21119,,,,,,,,,
69,,,,,,,,,,21119,0.036828190088272095,,,,,,,,
,,,,,,,,,6.056765676567656e-07,21124,,,,,,,,,
69,,,,,,,,,,21124,0.02332965098321438,,,,,,,,
,,,,,,,,,6.053465346534653e-07,21129,,,,,,,,,
69,,,,,,,,,,21129,0.007555373478680849,,,,,,,,
,,,,,,,,,6.05016501650165e-07,21134,,,,,,,,,
69,,,,,,,,,,21134,0.018810618668794632,,,,,,,,
,,,,,,,,,6.046864686468647e-07,21139,,,,,,,,,
69,,,,,,,,,,21139,0.015547280199825764,,,,,,,,
,,,,,,,,,6.043564356435643e-07,21144,,,,,,,,,
69,,,,,,,,,,21144,0.01922795921564102,,,,,,,,
,,,,,,,,,6.040264026402641e-07,21149,,,,,,,,,
69,,,,,,,,,,21149,0.018038444221019745,,,,,,,,
,,,,,,,,,6.036963696369637e-07,21154,,,,,,,,,
69,,,,,,,,,,21154,0.006843844894319773,,,,,,,,
,,,,,,,,,6.033663366336633e-07,21159,,,,,,,,,
69,,,,,,,,,,21159,0.03093842789530754,,,,,,,,
,,,,,,,,,6.03036303630363e-07,21164,,,,,,,,,
69,,,,,,,,,,21164,0.021925432607531548,,,,,,,,
,,,,,,,,,6.027062706270627e-07,21169,,,,,,,,,
69,,,,,,,,,,21169,0.02102021314203739,,,,,,,,
,,,,,,,,,6.023762376237623e-07,21174,,,,,,,,,
69,,,,,,,,,,21174,0.009836334735155106,,,,,,,,
,,,,,,,,,6.02046204620462e-07,21179,,,,,,,,,
69,,,,,,,,,,21179,0.012616259045898914,,,,,,,,
,,,,,,,,,6.017161716171618e-07,21184,,,,,,,,,
69,,,,,,,,,,21184,0.03177257999777794,,,,,,,,
,,,,,,,,,6.013861386138614e-07,21189,,,,,,,,,
69,,,,,,,,,,21189,0.026181451976299286,,,,,,,,
,,,,,,,,,6.010561056105611e-07,21194,,,,,,,,,
69,,,,,,,,,,21194,0.010767856612801552,,,,,,,,
,,,,,,,,,6.007260726072607e-07,21199,,,,,,,,,
69,,,,,,,,,,21199,0.02346864342689514,,,,,,,,
,,,,,,,,,6.003960396039604e-07,21204,,,,,,,,,
69,,,,,,,,,,21204,0.01624581404030323,,,,,,,,
,,,,,,,,,6.000660066006601e-07,21209,,,,,,,,,
69,,,,,,,,,,21209,0.010186784900724888,,,,,,,,
69,,,,,,,,,,21209,,0.6812499761581421,0.7357512712478638,0.0832010954618454,0.0832010954618454,0.43095269799232483,0.6893203854560852,0.7888888716697693,0.4511023461818695
,,,,,,,,,5.997359735973597e-07,21214,,,,,,,,,
70,,,,,,,,,,21214,0.01719231903553009,,,,,,,,
,,,,,,,,,5.994059405940593e-07,21219,,,,,,,,,
70,,,,,,,,,,21219,0.03658211603760719,,,,,,,,
,,,,,,,,,5.990759075907591e-07,21224,,,,,,,,,
70,,,,,,,,,,21224,0.012791180983185768,,,,,,,,
,,,,,,,,,5.987458745874587e-07,21229,,,,,,,,,
70,,,,,,,,,,21229,0.015511749312281609,,,,,,,,
,,,,,,,,,5.984158415841583e-07,21234,,,,,,,,,
70,,,,,,,,,,21234,0.004590875469148159,,,,,,,,
,,,,,,,,,5.980858085808582e-07,21239,,,,,,,,,
70,,,,,,,,,,21239,0.00591768603771925,,,,,,,,
,,,,,,,,,5.977557755775578e-07,21244,,,,,,,,,
70,,,,,,,,,,21244,0.024988820776343346,,,,,,,,
,,,,,,,,,5.974257425742574e-07,21249,,,,,,,,,
70,,,,,,,,,,21249,0.0499451719224453,,,,,,,,
,,,,,,,,,5.970957095709571e-07,21254,,,,,,,,,
70,,,,,,,,,,21254,0.023799648508429527,,,,,,,,
,,,,,,,,,5.967656765676568e-07,21259,,,,,,,,,
70,,,,,,,,,,21259,0.0329754464328289,,,,,,,,
,,,,,,,,,5.964356435643564e-07,21264,,,,,,,,,
70,,,,,,,,,,21264,0.008149558678269386,,,,,,,,
,,,,,,,,,5.961056105610561e-07,21269,,,,,,,,,
70,,,,,,,,,,21269,0.015156411565840244,,,,,,,,
,,,,,,,,,5.957755775577557e-07,21274,,,,,,,,,
70,,,,,,,,,,21274,0.026847386732697487,,,,,,,,
,,,,,,,,,5.954455445544554e-07,21279,,,,,,,,,
70,,,,,,,,,,21279,0.04984923079609871,,,,,,,,
,,,,,,,,,5.951155115511551e-07,21284,,,,,,,,,
70,,,,,,,,,,21284,0.012223200872540474,,,,,,,,
,,,,,,,,,5.947854785478547e-07,21289,,,,,,,,,
70,,,,,,,,,,21289,0.01173277385532856,,,,,,,,
,,,,,,,,,5.944554455445544e-07,21294,,,,,,,,,
70,,,,,,,,,,21294,0.05630893632769585,,,,,,,,
,,,,,,,,,5.941254125412542e-07,21299,,,,,,,,,
70,,,,,,,,,,21299,0.0059125483967363834,,,,,,,,
,,,,,,,,,5.937953795379538e-07,21304,,,,,,,,,
70,,,,,,,,,,21304,0.008205322548747063,,,,,,,,
,,,,,,,,,5.934653465346534e-07,21309,,,,,,,,,
70,,,,,,,,,,21309,0.029004566371440887,,,,,,,,
,,,,,,,,,5.931353135313532e-07,21314,,,,,,,,,
70,,,,,,,,,,21314,0.018011119216680527,,,,,,,,
,,,,,,,,,5.928052805280528e-07,21319,,,,,,,,,
70,,,,,,,,,,21319,0.010887179523706436,,,,,,,,
,,,,,,,,,5.924752475247524e-07,21324,,,,,,,,,
70,,,,,,,,,,21324,0.019786328077316284,,,,,,,,
,,,,,,,,,5.921452145214521e-07,21329,,,,,,,,,
70,,,,,,,,,,21329,0.039998240768909454,,,,,,,,
,,,,,,,,,5.918151815181518e-07,21334,,,,,,,,,
70,,,,,,,,,,21334,0.012812376953661442,,,,,,,,
,,,,,,,,,5.914851485148514e-07,21339,,,,,,,,,
70,,,,,,,,,,21339,0.031574226915836334,,,,,,,,
,,,,,,,,,5.911551155115512e-07,21344,,,,,,,,,
70,,,,,,,,,,21344,0.017517054453492165,,,,,,,,
,,,,,,,,,5.908250825082508e-07,21349,,,,,,,,,
70,,,,,,,,,,21349,0.0162292942404747,,,,,,,,
,,,,,,,,,5.904950495049505e-07,21354,,,,,,,,,
70,,,,,,,,,,21354,0.04481545090675354,,,,,,,,
,,,,,,,,,5.901650165016502e-07,21359,,,,,,,,,
70,,,,,,,,,,21359,0.041692834347486496,,,,,,,,
,,,,,,,,,5.898349834983498e-07,21364,,,,,,,,,
70,,,,,,,,,,21364,0.02521497756242752,,,,,,,,
,,,,,,,,,5.895049504950495e-07,21369,,,,,,,,,
70,,,,,,,,,,21369,0.009069549851119518,,,,,,,,
,,,,,,,,,5.891749174917492e-07,21374,,,,,,,,,
70,,,,,,,,,,21374,0.014174766838550568,,,,,,,,
,,,,,,,,,5.888448844884488e-07,21379,,,,,,,,,
70,,,,,,,,,,21379,0.03740229457616806,,,,,,,,
,,,,,,,,,5.885148514851484e-07,21384,,,,,,,,,
70,,,,,,,,,,21384,0.03265080228447914,,,,,,,,
,,,,,,,,,5.881848184818482e-07,21389,,,,,,,,,
70,,,,,,,,,,21389,0.011054267175495625,,,,,,,,
,,,,,,,,,5.878547854785478e-07,21394,,,,,,,,,
70,,,,,,,,,,21394,0.022762035951018333,,,,,,,,
,,,,,,,,,5.875247524752475e-07,21399,,,,,,,,,
70,,,,,,,,,,21399,0.008252758532762527,,,,,,,,
,,,,,,,,,5.871947194719472e-07,21404,,,,,,,,,
70,,,,,,,,,,21404,0.038908109068870544,,,,,,,,
,,,,,,,,,5.868646864686469e-07,21409,,,,,,,,,
70,,,,,,,,,,21409,0.03190962225198746,,,,,,,,
,,,,,,,,,5.865346534653465e-07,21414,,,,,,,,,
70,,,,,,,,,,21414,0.04065266251564026,,,,,,,,
,,,,,,,,,5.862046204620462e-07,21419,,,,,,,,,
70,,,,,,,,,,21419,0.011087934486567974,,,,,,,,
,,,,,,,,,5.858745874587459e-07,21424,,,,,,,,,
70,,,,,,,,,,21424,0.028411075472831726,,,,,,,,
,,,,,,,,,5.855445544554455e-07,21429,,,,,,,,,
70,,,,,,,,,,21429,0.011980795301496983,,,,,,,,
,,,,,,,,,5.852145214521452e-07,21434,,,,,,,,,
70,,,,,,,,,,21434,0.031047314405441284,,,,,,,,
,,,,,,,,,5.848844884488448e-07,21439,,,,,,,,,
70,,,,,,,,,,21439,0.005905698984861374,,,,,,,,
,,,,,,,,,5.845544554455445e-07,21444,,,,,,,,,
70,,,,,,,,,,21444,0.010594865307211876,,,,,,,,
,,,,,,,,,5.842244224422442e-07,21449,,,,,,,,,
70,,,,,,,,,,21449,0.011072611436247826,,,,,,,,
,,,,,,,,,5.838943894389439e-07,21454,,,,,,,,,
70,,,,,,,,,,21454,0.01680663414299488,,,,,,,,
,,,,,,,,,5.835643564356435e-07,21459,,,,,,,,,
70,,,,,,,,,,21459,0.009216990321874619,,,,,,,,
,,,,,,,,,5.832343234323433e-07,21464,,,,,,,,,
70,,,,,,,,,,21464,0.021940264850854874,,,,,,,,
,,,,,,,,,5.829042904290429e-07,21469,,,,,,,,,
70,,,,,,,,,,21469,0.03128935396671295,,,,,,,,
,,,,,,,,,5.825742574257425e-07,21474,,,,,,,,,
70,,,,,,,,,,21474,0.023353680968284607,,,,,,,,
,,,,,,,,,5.822442244224423e-07,21479,,,,,,,,,
70,,,,,,,,,,21479,0.016135474666953087,,,,,,,,
,,,,,,,,,5.819141914191419e-07,21484,,,,,,,,,
70,,,,,,,,,,21484,0.009189747273921967,,,,,,,,
,,,,,,,,,5.815841584158415e-07,21489,,,,,,,,,
70,,,,,,,,,,21489,0.02263881266117096,,,,,,,,
,,,,,,,,,5.812541254125412e-07,21494,,,,,,,,,
70,,,,,,,,,,21494,0.022361403331160545,,,,,,,,
,,,,,,,,,5.809240924092409e-07,21499,,,,,,,,,
70,,,,,,,,,,21499,0.028493275865912437,,,,,,,,
,,,,,,,,,5.805940594059405e-07,21504,,,,,,,,,
70,,,,,,,,,,21504,0.014289923012256622,,,,,,,,
,,,,,,,,,5.802640264026403e-07,21509,,,,,,,,,
70,,,,,,,,,,21509,0.016906151548027992,,,,,,,,
70,,,,,,,,,,21512,,0.699999988079071,0.7473683953285217,0.08061431348323822,0.08061431348323822,0.44178637862205505,0.7099999785423279,0.7888888716697693,0.45734426379203796
,,,,,,,,,5.799339933993399e-07,21514,,,,,,,,,
71,,,,,,,,,,21514,0.03373641148209572,,,,,,,,
,,,,,,,,,5.796039603960396e-07,21519,,,,,,,,,
71,,,,,,,,,,21519,0.02247161976993084,,,,,,,,
,,,,,,,,,5.792739273927393e-07,21524,,,,,,,,,
71,,,,,,,,,,21524,0.011834022589027882,,,,,,,,
,,,,,,,,,5.789438943894389e-07,21529,,,,,,,,,
71,,,,,,,,,,21529,0.02271805889904499,,,,,,,,
,,,,,,,,,5.786138613861385e-07,21534,,,,,,,,,
71,,,,,,,,,,21534,0.025173136964440346,,,,,,,,
,,,,,,,,,5.782838283828383e-07,21539,,,,,,,,,
71,,,,,,,,,,21539,0.013396401889622211,,,,,,,,
,,,,,,,,,5.779537953795379e-07,21544,,,,,,,,,
71,,,,,,,,,,21544,0.024956833571195602,,,,,,,,
,,,,,,,,,5.776237623762375e-07,21549,,,,,,,,,
71,,,,,,,,,,21549,0.0036848033778369427,,,,,,,,
,,,,,,,,,5.772937293729373e-07,21554,,,,,,,,,
71,,,,,,,,,,21554,0.014880930073559284,,,,,,,,
,,,,,,,,,5.769636963696369e-07,21559,,,,,,,,,
71,,,,,,,,,,21559,0.010184179991483688,,,,,,,,
,,,,,,,,,5.766336633663366e-07,21564,,,,,,,,,
71,,,,,,,,,,21564,0.036299124360084534,,,,,,,,
,,,,,,,,,5.763036303630363e-07,21569,,,,,,,,,
71,,,,,,,,,,21569,0.013214297592639923,,,,,,,,
,,,,,,,,,5.75973597359736e-07,21574,,,,,,,,,
71,,,,,,,,,,21574,0.02366502210497856,,,,,,,,
,,,,,,,,,5.756435643564356e-07,21579,,,,,,,,,
71,,,,,,,,,,21579,0.02820824645459652,,,,,,,,
,,,,,,,,,5.753135313531353e-07,21584,,,,,,,,,
71,,,,,,,,,,21584,0.01653398387134075,,,,,,,,
,,,,,,,,,5.749834983498349e-07,21589,,,,,,,,,
71,,,,,,,,,,21589,0.019569749012589455,,,,,,,,
,,,,,,,,,5.746534653465346e-07,21594,,,,,,,,,
71,,,,,,,,,,21594,0.01275000162422657,,,,,,,,
,,,,,,,,,5.743234323432343e-07,21599,,,,,,,,,
71,,,,,,,,,,21599,0.007845268584787846,,,,,,,,
,,,,,,,,,5.739933993399339e-07,21604,,,,,,,,,
71,,,,,,,,,,21604,0.037923455238342285,,,,,,,,
,,,,,,,,,5.736633663366335e-07,21609,,,,,,,,,
71,,,,,,,,,,21609,0.00518218707293272,,,,,,,,
,,,,,,,,,5.733333333333334e-07,21614,,,,,,,,,
71,,,,,,,,,,21614,0.02245575562119484,,,,,,,,
,,,,,,,,,5.73003300330033e-07,21619,,,,,,,,,
71,,,,,,,,,,21619,0.06708087027072906,,,,,,,,
,,,,,,,,,5.726732673267326e-07,21624,,,,,,,,,
71,,,,,,,,,,21624,0.013294229283928871,,,,,,,,
,,,,,,,,,5.723432343234324e-07,21629,,,,,,,,,
71,,,,,,,,,,21629,0.02621607854962349,,,,,,,,
,,,,,,,,,5.72013201320132e-07,21634,,,,,,,,,
71,,,,,,,,,,21634,0.009070545434951782,,,,,,,,
,,,,,,,,,5.716831683168316e-07,21639,,,,,,,,,
71,,,,,,,,,,21639,0.009407583624124527,,,,,,,,
,,,,,,,,,5.713531353135313e-07,21644,,,,,,,,,
71,,,,,,,,,,21644,0.027452915906906128,,,,,,,,
,,,,,,,,,5.71023102310231e-07,21649,,,,,,,,,
71,,,,,,,,,,21649,0.036934126168489456,,,,,,,,
,,,,,,,,,5.706930693069306e-07,21654,,,,,,,,,
71,,,,,,,,,,21654,0.022625654935836792,,,,,,,,
,,,,,,,,,5.703630363036303e-07,21659,,,,,,,,,
71,,,,,,,,,,21659,0.008480696007609367,,,,,,,,
,,,,,,,,,5.7003300330033e-07,21664,,,,,,,,,
71,,,,,,,,,,21664,0.01541918981820345,,,,,,,,
,,,,,,,,,5.697029702970297e-07,21669,,,,,,,,,
71,,,,,,,,,,21669,0.04988886043429375,,,,,,,,
,,,,,,,,,5.693729372937294e-07,21674,,,,,,,,,
71,,,,,,,,,,21674,0.017635423690080643,,,,,,,,
,,,,,,,,,5.69042904290429e-07,21679,,,,,,,,,
71,,,,,,,,,,21679,0.015417098999023438,,,,,,,,
,,,,,,,,,5.687128712871287e-07,21684,,,,,,,,,
71,,,,,,,,,,21684,0.013567130081355572,,,,,,,,
,,,,,,,,,5.683828382838284e-07,21689,,,,,,,,,
71,,,,,,,,,,21689,0.0223425030708313,,,,,,,,
,,,,,,,,,5.68052805280528e-07,21694,,,,,,,,,
71,,,,,,,,,,21694,0.012009693309664726,,,,,,,,
,,,,,,,,,5.677227722772276e-07,21699,,,,,,,,,
71,,,,,,,,,,21699,0.006089624483138323,,,,,,,,
,,,,,,,,,5.673927392739274e-07,21704,,,,,,,,,
71,,,,,,,,,,21704,0.017508139833807945,,,,,,,,
,,,,,,,,,5.67062706270627e-07,21709,,,,,,,,,
71,,,,,,,,,,21709,0.024498777464032173,,,,,,,,
,,,,,,,,,5.667326732673266e-07,21714,,,,,,,,,
71,,,,,,,,,,21714,0.05398383364081383,,,,,,,,
,,,,,,,,,5.664026402640263e-07,21719,,,,,,,,,
71,,,,,,,,,,21719,0.016886519268155098,,,,,,,,
,,,,,,,,,5.660726072607261e-07,21724,,,,,,,,,
71,,,,,,,,,,21724,0.014215211383998394,,,,,,,,
,,,,,,,,,5.657425742574257e-07,21729,,,,,,,,,
71,,,,,,,,,,21729,0.024785444140434265,,,,,,,,
,,,,,,,,,5.654125412541254e-07,21734,,,,,,,,,
71,,,,,,,,,,21734,0.012246127240359783,,,,,,,,
,,,,,,,,,5.650825082508251e-07,21739,,,,,,,,,
71,,,,,,,,,,21739,0.03366599604487419,,,,,,,,
,,,,,,,,,5.647524752475247e-07,21744,,,,,,,,,
71,,,,,,,,,,21744,0.015139562077820301,,,,,,,,
,,,,,,,,,5.644224422442244e-07,21749,,,,,,,,,
71,,,,,,,,,,21749,0.010050121694803238,,,,,,,,
,,,,,,,,,5.64092409240924e-07,21754,,,,,,,,,
71,,,,,,,,,,21754,0.024386603385210037,,,,,,,,
,,,,,,,,,5.637623762376237e-07,21759,,,,,,,,,
71,,,,,,,,,,21759,0.011882592923939228,,,,,,,,
,,,,,,,,,5.634323432343234e-07,21764,,,,,,,,,
71,,,,,,,,,,21764,0.02727765403687954,,,,,,,,
,,,,,,,,,5.63102310231023e-07,21769,,,,,,,,,
71,,,,,,,,,,21769,0.033369287848472595,,,,,,,,
,,,,,,,,,5.627722772277226e-07,21774,,,,,,,,,
71,,,,,,,,,,21774,0.007906890474259853,,,,,,,,
,,,,,,,,,5.624422442244225e-07,21779,,,,,,,,,
71,,,,,,,,,,21779,0.007626182399690151,,,,,,,,
,,,,,,,,,5.621122112211221e-07,21784,,,,,,,,,
71,,,,,,,,,,21784,0.019369781017303467,,,,,,,,
,,,,,,,,,5.617821782178218e-07,21789,,,,,,,,,
71,,,,,,,,,,21789,0.026109497994184494,,,,,,,,
,,,,,,,,,5.614521452145215e-07,21794,,,,,,,,,
71,,,,,,,,,,21794,0.01164883840829134,,,,,,,,
,,,,,,,,,5.611221122112211e-07,21799,,,,,,,,,
71,,,,,,,,,,21799,0.03858815133571625,,,,,,,,
,,,,,,,,,5.607920792079208e-07,21804,,,,,,,,,
71,,,,,,,,,,21804,0.02117195539176464,,,,,,,,
,,,,,,,,,5.604620462046204e-07,21809,,,,,,,,,
71,,,,,,,,,,21809,0.019681349396705627,,,,,,,,
,,,,,,,,,5.601320132013201e-07,21814,,,,,,,,,
71,,,,,,,,,,21814,0.00901737343519926,,,,,,,,
71,,,,,,,,,,21815,,0.706250011920929,0.7486631274223328,0.08246152848005295,0.08246152848005295,0.4204329252243042,0.7216494679450989,0.7777777910232544,0.43403539061546326
,,,,,,,,,5.598019801980198e-07,21819,,,,,,,,,
72,,,,,,,,,,21819,0.008717148564755917,,,,,,,,
,,,,,,,,,5.594719471947194e-07,21824,,,,,,,,,
72,,,,,,,,,,21824,0.006226864643394947,,,,,,,,
,,,,,,,,,5.591419141914191e-07,21829,,,,,,,,,
72,,,,,,,,,,21829,0.12424095720052719,,,,,,,,
,,,,,,,,,5.588118811881189e-07,21834,,,,,,,,,
72,,,,,,,,,,21834,0.03637492284178734,,,,,,,,
,,,,,,,,,5.584818481848185e-07,21839,,,,,,,,,
72,,,,,,,,,,21839,0.04478636011481285,,,,,,,,
,,,,,,,,,5.581518151815181e-07,21844,,,,,,,,,
72,,,,,,,,,,21844,0.03181304410099983,,,,,,,,
,,,,,,,,,5.578217821782179e-07,21849,,,,,,,,,
72,,,,,,,,,,21849,0.009291554801166058,,,,,,,,
,,,,,,,,,5.574917491749175e-07,21854,,,,,,,,,
72,,,,,,,,,,21854,0.017823874950408936,,,,,,,,
,,,,,,,,,5.571617161716171e-07,21859,,,,,,,,,
72,,,,,,,,,,21859,0.008169346489012241,,,,,,,,
,,,,,,,,,5.568316831683168e-07,21864,,,,,,,,,
72,,,,,,,,,,21864,0.019861439242959023,,,,,,,,
,,,,,,,,,5.565016501650165e-07,21869,,,,,,,,,
72,,,,,,,,,,21869,0.049728862941265106,,,,,,,,
,,,,,,,,,5.561716171617161e-07,21874,,,,,,,,,
72,,,,,,,,,,21874,0.03501669690012932,,,,,,,,
,,,,,,,,,5.558415841584158e-07,21879,,,,,,,,,
72,,,,,,,,,,21879,0.010416343808174133,,,,,,,,
,,,,,,,,,5.555115511551155e-07,21884,,,,,,,,,
72,,,,,,,,,,21884,0.0063214972615242004,,,,,,,,
,,,,,,,,,5.551815181518152e-07,21889,,,,,,,,,
72,,,,,,,,,,21889,0.006650119554251432,,,,,,,,
,,,,,,,,,5.548514851485149e-07,21894,,,,,,,,,
72,,,,,,,,,,21894,0.04010455310344696,,,,,,,,
,,,,,,,,,5.545214521452145e-07,21899,,,,,,,,,
72,,,,,,,,,,21899,0.042289234697818756,,,,,,,,
,,,,,,,,,5.541914191419142e-07,21904,,,,,,,,,
72,,,,,,,,,,21904,0.00666690431535244,,,,,,,,
,,,,,,,,,5.538613861386139e-07,21909,,,,,,,,,
72,,,,,,,,,,21909,0.007364153861999512,,,,,,,,
,,,,,,,,,5.535313531353135e-07,21914,,,,,,,,,
72,,,,,,,,,,21914,0.026288112625479698,,,,,,,,
,,,,,,,,,5.532013201320131e-07,21919,,,,,,,,,
72,,,,,,,,,,21919,0.01113622821867466,,,,,,,,
,,,,,,,,,5.528712871287129e-07,21924,,,,,,,,,
72,,,,,,,,,,21924,0.004209060687571764,,,,,,,,
,,,,,,,,,5.525412541254125e-07,21929,,,,,,,,,
72,,,,,,,,,,21929,0.03059791401028633,,,,,,,,
,,,,,,,,,5.522112211221121e-07,21934,,,,,,,,,
72,,,,,,,,,,21934,0.04293791949748993,,,,,,,,
,,,,,,,,,5.518811881188119e-07,21939,,,,,,,,,
72,,,,,,,,,,21939,0.011162362061440945,,,,,,,,
,,,,,,,,,5.515511551155116e-07,21944,,,,,,,,,
72,,,,,,,,,,21944,0.003429377218708396,,,,,,,,
,,,,,,,,,5.512211221122112e-07,21949,,,,,,,,,
72,,,,,,,,,,21949,0.020584436133503914,,,,,,,,
,,,,,,,,,5.508910891089109e-07,21954,,,,,,,,,
72,,,,,,,,,,21954,0.007073699496686459,,,,,,,,
,,,,,,,,,5.505610561056105e-07,21959,,,,,,,,,
72,,,,,,,,,,21959,0.013058498501777649,,,,,,,,
,,,,,,,,,5.502310231023102e-07,21964,,,,,,,,,
72,,,,,,,,,,21964,0.00308064348064363,,,,,,,,
,,,,,,,,,5.499009900990099e-07,21969,,,,,,,,,
72,,,,,,,,,,21969,0.008892536163330078,,,,,,,,
,,,,,,,,,5.495709570957095e-07,21974,,,,,,,,,
72,,,,,,,,,,21974,0.024790018796920776,,,,,,,,
,,,,,,,,,5.492409240924092e-07,21979,,,,,,,,,
72,,,,,,,,,,21979,0.025335146114230156,,,,,,,,
,,,,,,,,,5.489108910891089e-07,21984,,,,,,,,,
72,,,,,,,,,,21984,0.027048340067267418,,,,,,,,
,,,,,,,,,5.485808580858086e-07,21989,,,,,,,,,
72,,,,,,,,,,21989,0.02245589904487133,,,,,,,,
,,,,,,,,,5.482508250825082e-07,21994,,,,,,,,,
72,,,,,,,,,,21994,0.01742769405245781,,,,,,,,
,,,,,,,,,5.47920792079208e-07,21999,,,,,,,,,
72,,,,,,,,,,21999,0.010320202447474003,,,,,,,,
,,,,,,,,,5.475907590759076e-07,22004,,,,,,,,,
72,,,,,,,,,,22004,0.026051370427012444,,,,,,,,
,,,,,,,,,5.472607260726072e-07,22009,,,,,,,,,
72,,,,,,,,,,22009,0.013145169243216515,,,,,,,,
,,,,,,,,,5.46930693069307e-07,22014,,,,,,,,,
72,,,,,,,,,,22014,0.013510052114725113,,,,,,,,
,,,,,,,,,5.466006600660066e-07,22019,,,,,,,,,
72,,,,,,,,,,22019,0.03178028017282486,,,,,,,,
,,,,,,,,,5.462706270627062e-07,22024,,,,,,,,,
72,,,,,,,,,,22024,0.013281578198075294,,,,,,,,
,,,,,,,,,5.459405940594059e-07,22029,,,,,,,,,
72,,,,,,,,,,22029,0.014508428052067757,,,,,,,,
,,,,,,,,,5.456105610561056e-07,22034,,,,,,,,,
72,,,,,,,,,,22034,0.017753444612026215,,,,,,,,
,,,,,,,,,5.452805280528052e-07,22039,,,,,,,,,
72,,,,,,,,,,22039,0.007048731204122305,,,,,,,,
,,,,,,,,,5.44950495049505e-07,22044,,,,,,,,,
72,,,,,,,,,,22044,0.07573234289884567,,,,,,,,
,,,,,,,,,5.446204620462046e-07,22049,,,,,,,,,
72,,,,,,,,,,22049,0.027397669851779938,,,,,,,,
,,,,,,,,,5.442904290429043e-07,22054,,,,,,,,,
72,,,,,,,,,,22054,0.03391403704881668,,,,,,,,
,,,,,,,,,5.43960396039604e-07,22059,,,,,,,,,
72,,,,,,,,,,22059,0.009884023107588291,,,,,,,,
,,,,,,,,,5.436303630363036e-07,22064,,,,,,,,,
72,,,,,,,,,,22064,0.006427224259823561,,,,,,,,
,,,,,,,,,5.433003300330032e-07,22069,,,,,,,,,
72,,,,,,,,,,22069,0.014310779049992561,,,,,,,,
,,,,,,,,,5.42970297029703e-07,22074,,,,,,,,,
72,,,,,,,,,,22074,0.02638162113726139,,,,,,,,
,,,,,,,,,5.426402640264026e-07,22079,,,,,,,,,
72,,,,,,,,,,22079,0.010030959732830524,,,,,,,,
,,,,,,,,,5.423102310231022e-07,22084,,,,,,,,,
72,,,,,,,,,,22084,0.004908983130007982,,,,,,,,
,,,,,,,,,5.41980198019802e-07,22089,,,,,,,,,
72,,,,,,,,,,22089,0.02610650658607483,,,,,,,,
,,,,,,,,,5.416501650165016e-07,22094,,,,,,,,,
72,,,,,,,,,,22094,0.008470035158097744,,,,,,,,
,,,,,,,,,5.413201320132013e-07,22099,,,,,,,,,
72,,,,,,,,,,22099,0.02259879931807518,,,,,,,,
,,,,,,,,,5.40990099009901e-07,22104,,,,,,,,,
72,,,,,,,,,,22104,0.06835499405860901,,,,,,,,
,,,,,,,,,5.406600660066007e-07,22109,,,,,,,,,
72,,,,,,,,,,22109,0.03973842039704323,,,,,,,,
,,,,,,,,,5.403300330033003e-07,22114,,,,,,,,,
72,,,,,,,,,,22114,0.03617902472615242,,,,,,,,
72,,,,,,,,,,22118,,0.6937500238418579,0.7434554696083069,0.08324677497148514,0.08324677497148514,0.430174857378006,0.7029703259468079,0.7888888716697693,0.44602641463279724
,,,,,,,,,5.4e-07,22119,,,,,,,,,
73,,,,,,,,,,22119,0.019738368690013885,,,,,,,,
,,,,,,,,,5.396699669966996e-07,22124,,,,,,,,,
73,,,,,,,,,,22124,0.005872583016753197,,,,,,,,
,,,,,,,,,5.393399339933993e-07,22129,,,,,,,,,
73,,,,,,,,,,22129,0.0078061847016215324,,,,,,,,
,,,,,,,,,5.39009900990099e-07,22134,,,,,,,,,
73,,,,,,,,,,22134,0.026964323595166206,,,,,,,,
,,,,,,,,,5.386798679867986e-07,22139,,,,,,,,,
73,,,,,,,,,,22139,0.025245891883969307,,,,,,,,
,,,,,,,,,5.383498349834982e-07,22144,,,,,,,,,
73,,,,,,,,,,22144,0.005361240357160568,,,,,,,,
,,,,,,,,,5.38019801980198e-07,22149,,,,,,,,,
73,,,,,,,,,,22149,0.02257958985865116,,,,,,,,
,,,,,,,,,5.376897689768977e-07,22154,,,,,,,,,
73,,,,,,,,,,22154,0.021589703857898712,,,,,,,,
,,,,,,,,,5.373597359735973e-07,22159,,,,,,,,,
73,,,,,,,,,,22159,0.011680209077894688,,,,,,,,
,,,,,,,,,5.370297029702971e-07,22164,,,,,,,,,
73,,,,,,,,,,22164,0.017312245443463326,,,,,,,,
,,,,,,,,,5.366996699669967e-07,22169,,,,,,,,,
73,,,,,,,,,,22169,0.005085499957203865,,,,,,,,
,,,,,,,,,5.363696369636963e-07,22174,,,,,,,,,
73,,,,,,,,,,22174,0.025724615901708603,,,,,,,,
,,,,,,,,,5.36039603960396e-07,22179,,,,,,,,,
73,,,,,,,,,,22179,0.014833089895546436,,,,,,,,
,,,,,,,,,5.357095709570957e-07,22184,,,,,,,,,
73,,,,,,,,,,22184,0.03142040967941284,,,,,,,,
,,,,,,,,,5.353795379537953e-07,22189,,,,,,,,,
73,,,,,,,,,,22189,0.019488636404275894,,,,,,,,
,,,,,,,,,5.35049504950495e-07,22194,,,,,,,,,
73,,,,,,,,,,22194,0.015289749018847942,,,,,,,,
,,,,,,,,,5.347194719471946e-07,22199,,,,,,,,,
73,,,,,,,,,,22199,0.025318065658211708,,,,,,,,
,,,,,,,,,5.343894389438943e-07,22204,,,,,,,,,
73,,,,,,,,,,22204,0.034792687743902206,,,,,,,,
,,,,,,,,,5.340594059405941e-07,22209,,,,,,,,,
73,,,,,,,,,,22209,0.01759994402527809,,,,,,,,
,,,,,,,,,5.337293729372937e-07,22214,,,,,,,,,
73,,,,,,,,,,22214,0.008111713454127312,,,,,,,,
,,,,,,,,,5.333993399339934e-07,22219,,,,,,,,,
73,,,,,,,,,,22219,0.03271736204624176,,,,,,,,
,,,,,,,,,5.330693069306931e-07,22224,,,,,,,,,
73,,,,,,,,,,22224,0.023212211206555367,,,,,,,,
,,,,,,,,,5.327392739273927e-07,22229,,,,,,,,,
73,,,,,,,,,,22229,0.028558386489748955,,,,,,,,
,,,,,,,,,5.324092409240923e-07,22234,,,,,,,,,
73,,,,,,,,,,22234,0.009569169953465462,,,,,,,,
,,,,,,,,,5.320792079207921e-07,22239,,,,,,,,,
73,,,,,,,,,,22239,0.01398926880210638,,,,,,,,
,,,,,,,,,5.317491749174917e-07,22244,,,,,,,,,
73,,,,,,,,,,22244,0.01890496164560318,,,,,,,,
,,,,,,,,,5.314191419141913e-07,22249,,,,,,,,,
73,,,,,,,,,,22249,0.006513989996165037,,,,,,,,
,,,,,,,,,5.31089108910891e-07,22254,,,,,,,,,
73,,,,,,,,,,22254,0.019753916189074516,,,,,,,,
,,,,,,,,,5.307590759075908e-07,22259,,,,,,,,,
73,,,,,,,,,,22259,0.006540910806506872,,,,,,,,
,,,,,,,,,5.304290429042904e-07,22264,,,,,,,,,
73,,,,,,,,,,22264,0.017277171835303307,,,,,,,,
,,,,,,,,,5.300990099009901e-07,22269,,,,,,,,,
73,,,,,,,,,,22269,0.0294661745429039,,,,,,,,
,,,,,,,,,5.297689768976898e-07,22274,,,,,,,,,
73,,,,,,,,,,22274,0.020622748881578445,,,,,,,,
,,,,,,,,,5.294389438943894e-07,22279,,,,,,,,,
73,,,,,,,,,,22279,0.032495226711034775,,,,,,,,
,,,,,,,,,5.291089108910891e-07,22284,,,,,,,,,
73,,,,,,,,,,22284,0.041711948812007904,,,,,,,,
,,,,,,,,,5.287788778877887e-07,22289,,,,,,,,,
73,,,,,,,,,,22289,0.04783396050333977,,,,,,,,
,,,,,,,,,5.284488448844884e-07,22294,,,,,,,,,
73,,,,,,,,,,22294,0.013643912971019745,,,,,,,,
,,,,,,,,,5.281188118811881e-07,22299,,,,,,,,,
73,,,,,,,,,,22299,0.026421062648296356,,,,,,,,
,,,,,,,,,5.277887788778877e-07,22304,,,,,,,,,
73,,,,,,,,,,22304,0.03549472242593765,,,,,,,,
,,,,,,,,,5.274587458745873e-07,22309,,,,,,,,,
73,,,,,,,,,,22309,0.04711711406707764,,,,,,,,
,,,,,,,,,5.271287128712872e-07,22314,,,,,,,,,
73,,,,,,,,,,22314,0.010978390462696552,,,,,,,,
,,,,,,,,,5.267986798679868e-07,22319,,,,,,,,,
73,,,,,,,,,,22319,0.026912877336144447,,,,,,,,
,,,,,,,,,5.264686468646864e-07,22324,,,,,,,,,
73,,,,,,,,,,22324,0.027280651032924652,,,,,,,,
,,,,,,,,,5.261386138613862e-07,22329,,,,,,,,,
73,,,,,,,,,,22329,0.007106600794941187,,,,,,,,
,,,,,,,,,5.258085808580858e-07,22334,,,,,,,,,
73,,,,,,,,,,22334,0.032989803701639175,,,,,,,,
,,,,,,,,,5.254785478547854e-07,22339,,,,,,,,,
73,,,,,,,,,,22339,0.014170723035931587,,,,,,,,
,,,,,,,,,5.251485148514851e-07,22344,,,,,,,,,
73,,,,,,,,,,22344,0.010931963101029396,,,,,,,,
,,,,,,,,,5.248184818481848e-07,22349,,,,,,,,,
73,,,,,,,,,,22349,0.015598627738654613,,,,,,,,
,,,,,,,,,5.244884488448844e-07,22354,,,,,,,,,
73,,,,,,,,,,22354,0.020128803327679634,,,,,,,,
,,,,,,,,,5.241584158415841e-07,22359,,,,,,,,,
73,,,,,,,,,,22359,0.024836517870426178,,,,,,,,
,,,,,,,,,5.238283828382837e-07,22364,,,,,,,,,
73,,,,,,,,,,22364,0.051896870136260986,,,,,,,,
,,,,,,,,,5.234983498349835e-07,22369,,,,,,,,,
73,,,,,,,,,,22369,0.030271030962467194,,,,,,,,
,,,,,,,,,5.231683168316832e-07,22374,,,,,,,,,
73,,,,,,,,,,22374,0.01716471090912819,,,,,,,,
,,,,,,,,,5.228382838283828e-07,22379,,,,,,,,,
73,,,,,,,,,,22379,0.00918621476739645,,,,,,,,
,,,,,,,,,5.225082508250824e-07,22384,,,,,,,,,
73,,,,,,,,,,22384,0.02387663722038269,,,,,,,,
,,,,,,,,,5.221782178217822e-07,22389,,,,,,,,,
73,,,,,,,,,,22389,0.01868232525885105,,,,,,,,
,,,,,,,,,5.218481848184818e-07,22394,,,,,,,,,
73,,,,,,,,,,22394,0.020197756588459015,,,,,,,,
,,,,,,,,,5.215181518151814e-07,22399,,,,,,,,,
73,,,,,,,,,,22399,0.01376807875931263,,,,,,,,
,,,,,,,,,5.211881188118812e-07,22404,,,,,,,,,
73,,,,,,,,,,22404,0.011571120470762253,,,,,,,,
,,,,,,,,,5.208580858085808e-07,22409,,,,,,,,,
73,,,,,,,,,,22409,0.018705977126955986,,,,,,,,
,,,,,,,,,5.205280528052805e-07,22414,,,,,,,,,
73,,,,,,,,,,22414,0.03235733509063721,,,,,,,,
,,,,,,,,,5.201980198019802e-07,22419,,,,,,,,,
73,,,,,,,,,,22419,0.026665175333619118,,,,,,,,
73,,,,,,,,,,22421,,0.7124999761581421,0.7444444298744202,0.08085016906261444,0.08085016906261444,0.42693573236465454,0.7444444298744202,0.7444444298744202,0.43873733282089233
,,,,,,,,,5.198679867986799e-07,22424,,,,,,,,,
74,,,,,,,,,,22424,0.036533087491989136,,,,,,,,
,,,,,,,,,5.195379537953796e-07,22429,,,,,,,,,
74,,,,,,,,,,22429,0.015628961846232414,,,,,,,,
,,,,,,,,,5.192079207920792e-07,22434,,,,,,,,,
74,,,,,,,,,,22434,0.01154283620417118,,,,,,,,
,,,,,,,,,5.188778877887788e-07,22439,,,,,,,,,
74,,,,,,,,,,22439,0.0055669210851192474,,,,,,,,
,,,,,,,,,5.185478547854786e-07,22444,,,,,,,,,
74,,,,,,,,,,22444,0.003611336462199688,,,,,,,,
,,,,,,,,,5.182178217821782e-07,22449,,,,,,,,,
74,,,,,,,,,,22449,0.047052398324012756,,,,,,,,
,,,,,,,,,5.178877887788778e-07,22454,,,,,,,,,
74,,,,,,,,,,22454,0.015530076809227467,,,,,,,,
,,,,,,,,,5.175577557755776e-07,22459,,,,,,,,,
74,,,,,,,,,,22459,0.012958086095750332,,,,,,,,
,,,,,,,,,5.172277227722772e-07,22464,,,,,,,,,
74,,,,,,,,,,22464,0.01246914267539978,,,,,,,,
,,,,,,,,,5.168976897689768e-07,22469,,,,,,,,,
74,,,,,,,,,,22469,0.018044114112854004,,,,,,,,
,,,,,,,,,5.165676567656766e-07,22474,,,,,,,,,
74,,,,,,,,,,22474,0.013673371635377407,,,,,,,,
,,,,,,,,,5.162376237623763e-07,22479,,,,,,,,,
74,,,,,,,,,,22479,0.024517633020877838,,,,,,,,
,,,,,,,,,5.159075907590759e-07,22484,,,,,,,,,
74,,,,,,,,,,22484,0.03136925399303436,,,,,,,,
,,,,,,,,,5.155775577557756e-07,22489,,,,,,,,,
74,,,,,,,,,,22489,0.006829669699072838,,,,,,,,
,,,,,,,,,5.152475247524752e-07,22494,,,,,,,,,
74,,,,,,,,,,22494,0.01894143782556057,,,,,,,,
,,,,,,,,,5.149174917491749e-07,22499,,,,,,,,,
74,,,,,,,,,,22499,0.0028227977454662323,,,,,,,,
,,,,,,,,,5.145874587458746e-07,22504,,,,,,,,,
74,,,,,,,,,,22504,0.006338963285088539,,,,,,,,
,,,,,,,,,5.142574257425742e-07,22509,,,,,,,,,
74,,,,,,,,,,22509,0.01739320158958435,,,,,,,,
,,,,,,,,,5.139273927392739e-07,22514,,,,,,,,,
74,,,,,,,,,,22514,0.021701987832784653,,,,,,,,
,,,,,,,,,5.135973597359736e-07,22519,,,,,,,,,
74,,,,,,,,,,22519,0.005449129268527031,,,,,,,,
,,,,,,,,,5.132673267326732e-07,22524,,,,,,,,,
74,,,,,,,,,,22524,0.013426638208329678,,,,,,,,
,,,,,,,,,5.129372937293729e-07,22529,,,,,,,,,
74,,,,,,,,,,22529,0.017487531527876854,,,,,,,,
,,,,,,,,,5.126072607260727e-07,22534,,,,,,,,,
74,,,,,,,,,,22534,0.00628716591745615,,,,,,,,
,,,,,,,,,5.122772277227723e-07,22539,,,,,,,,,
74,,,,,,,,,,22539,0.023101137951016426,,,,,,,,
,,,,,,,,,5.119471947194719e-07,22544,,,,,,,,,
74,,,,,,,,,,22544,0.02737954445183277,,,,,,,,
,,,,,,,,,5.116171617161716e-07,22549,,,,,,,,,
74,,,,,,,,,,22549,0.009891635738313198,,,,,,,,
,,,,,,,,,5.112871287128713e-07,22554,,,,,,,,,
74,,,,,,,,,,22554,0.013277247548103333,,,,,,,,
,,,,,,,,,5.109570957095709e-07,22559,,,,,,,,,
74,,,,,,,,,,22559,0.004278551321476698,,,,,,,,
,,,,,,,,,5.106270627062706e-07,22564,,,,,,,,,
74,,,,,,,,,,22564,0.01843748427927494,,,,,,,,
,,,,,,,,,5.102970297029703e-07,22569,,,,,,,,,
74,,,,,,,,,,22569,0.02181003801524639,,,,,,,,
,,,,,,,,,5.099669966996699e-07,22574,,,,,,,,,
74,,,,,,,,,,22574,0.009782899171113968,,,,,,,,
,,,,,,,,,5.096369636963697e-07,22579,,,,,,,,,
74,,,,,,,,,,22579,0.033938031643629074,,,,,,,,
,,,,,,,,,5.093069306930693e-07,22584,,,,,,,,,
74,,,,,,,,,,22584,0.012505295686423779,,,,,,,,
,,,,,,,,,5.08976897689769e-07,22589,,,,,,,,,
74,,,,,,,,,,22589,0.012236051261425018,,,,,,,,
,,,,,,,,,5.086468646864687e-07,22594,,,,,,,,,
74,,,,,,,,,,22594,0.007953713648021221,,,,,,,,
,,,,,,,,,5.083168316831683e-07,22599,,,,,,,,,
74,,,,,,,,,,22599,0.011830034665763378,,,,,,,,
,,,,,,,,,5.079867986798679e-07,22604,,,,,,,,,
74,,,,,,,,,,22604,0.009635163471102715,,,,,,,,
,,,,,,,,,5.076567656765677e-07,22609,,,,,,,,,
74,,,,,,,,,,22609,0.019712483510375023,,,,,,,,
,,,,,,,,,5.073267326732673e-07,22614,,,,,,,,,
74,,,,,,,,,,22614,0.0023905604612082243,,,,,,,,
,,,,,,,,,5.069966996699669e-07,22619,,,,,,,,,
74,,,,,,,,,,22619,0.0055260746739804745,,,,,,,,
,,,,,,,,,5.066666666666667e-07,22624,,,,,,,,,
74,,,,,,,,,,22624,0.04101786017417908,,,,,,,,
,,,,,,,,,5.063366336633663e-07,22629,,,,,,,,,
74,,,,,,,,,,22629,0.030824560672044754,,,,,,,,
,,,,,,,,,5.060066006600659e-07,22634,,,,,,,,,
74,,,,,,,,,,22634,0.04066804423928261,,,,,,,,
,,,,,,,,,5.056765676567657e-07,22639,,,,,,,,,
74,,,,,,,,,,22639,0.011030683293938637,,,,,,,,
,,,,,,,,,5.053465346534654e-07,22644,,,,,,,,,
74,,,,,,,,,,22644,0.017593203112483025,,,,,,,,
,,,,,,,,,5.05016501650165e-07,22649,,,,,,,,,
74,,,,,,,,,,22649,0.024814823642373085,,,,,,,,
,,,,,,,,,5.046864686468647e-07,22654,,,,,,,,,
74,,,,,,,,,,22654,0.02944682538509369,,,,,,,,
,,,,,,,,,5.043564356435643e-07,22659,,,,,,,,,
74,,,,,,,,,,22659,0.00831187330186367,,,,,,,,
,,,,,,,,,5.04026402640264e-07,22664,,,,,,,,,
74,,,,,,,,,,22664,0.024620315060019493,,,,,,,,
,,,,,,,,,5.036963696369637e-07,22669,,,,,,,,,
74,,,,,,,,,,22669,0.01858743652701378,,,,,,,,
,,,,,,,,,5.033663366336633e-07,22674,,,,,,,,,
74,,,,,,,,,,22674,0.016736239194869995,,,,,,,,
,,,,,,,,,5.030363036303629e-07,22679,,,,,,,,,
74,,,,,,,,,,22679,0.02258404903113842,,,,,,,,
,,,,,,,,,5.027062706270627e-07,22684,,,,,,,,,
74,,,,,,,,,,22684,0.01169744972139597,,,,,,,,
,,,,,,,,,5.023762376237624e-07,22689,,,,,,,,,
74,,,,,,,,,,22689,0.02362619899213314,,,,,,,,
,,,,,,,,,5.02046204620462e-07,22694,,,,,,,,,
74,,,,,,,,,,22694,0.020867150276899338,,,,,,,,
,,,,,,,,,5.017161716171618e-07,22699,,,,,,,,,
74,,,,,,,,,,22699,0.03679944574832916,,,,,,,,
,,,,,,,,,5.013861386138614e-07,22704,,,,,,,,,
74,,,,,,,,,,22704,0.024121202528476715,,,,,,,,
,,,,,,,,,5.01056105610561e-07,22709,,,,,,,,,
74,,,,,,,,,,22709,0.015054336749017239,,,,,,,,
,,,,,,,,,5.007260726072607e-07,22714,,,,,,,,,
74,,,,,,,,,,22714,0.0031617539934813976,,,,,,,,
,,,,,,,,,5.003960396039604e-07,22719,,,,,,,,,
74,,,,,,,,,,22719,0.02530248835682869,,,,,,,,
,,,,,,,,,5.0006600660066e-07,22724,,,,,,,,,
74,,,,,,,,,,22724,0.008438006974756718,,,,,,,,
74,,,,,,,,,,22724,,0.6937500238418579,0.7379679083824158,0.08215805888175964,0.08215805888175964,0.4289264678955078,0.7113401889801025,0.7666666507720947,0.4452182948589325
,,,,,,,,,4.997359735973597e-07,22729,,,,,,,,,
75,,,,,,,,,,22729,0.014202188700437546,,,,,,,,
,,,,,,,,,4.994059405940593e-07,22734,,,,,,,,,
75,,,,,,,,,,22734,0.02235298603773117,,,,,,,,
,,,,,,,,,4.990759075907591e-07,22739,,,,,,,,,
75,,,,,,,,,,22739,0.008187566883862019,,,,,,,,
,,,,,,,,,4.987458745874587e-07,22744,,,,,,,,,
75,,,,,,,,,,22744,0.019875992089509964,,,,,,,,
,,,,,,,,,4.984158415841584e-07,22749,,,,,,,,,
75,,,,,,,,,,22749,0.015064489096403122,,,,,,,,
,,,,,,,,,4.980858085808581e-07,22754,,,,,,,,,
75,,,,,,,,,,22754,0.03067830391228199,,,,,,,,
,,,,,,,,,4.977557755775577e-07,22759,,,,,,,,,
75,,,,,,,,,,22759,0.04474719986319542,,,,,,,,
,,,,,,,,,4.974257425742574e-07,22764,,,,,,,,,
75,,,,,,,,,,22764,0.034673795104026794,,,,,,,,
,,,,,,,,,4.970957095709571e-07,22769,,,,,,,,,
75,,,,,,,,,,22769,0.018781397491693497,,,,,,,,
,,,,,,,,,4.967656765676568e-07,22774,,,,,,,,,
75,,,,,,,,,,22774,0.03289376571774483,,,,,,,,
,,,,,,,,,4.964356435643564e-07,22779,,,,,,,,,
75,,,,,,,,,,22779,0.030500367283821106,,,,,,,,
,,,,,,,,,4.961056105610561e-07,22784,,,,,,,,,
75,,,,,,,,,,22784,0.00923589151352644,,,,,,,,
,,,,,,,,,4.957755775577557e-07,22789,,,,,,,,,
75,,,,,,,,,,22789,0.016150105744600296,,,,,,,,
,,,,,,,,,4.954455445544554e-07,22794,,,,,,,,,
75,,,,,,,,,,22794,0.019078383222222328,,,,,,,,
,,,,,,,,,4.951155115511551e-07,22799,,,,,,,,,
75,,,,,,,,,,22799,0.013576108030974865,,,,,,,,
,,,,,,,,,4.947854785478547e-07,22804,,,,,,,,,
75,,,,,,,,,,22804,0.06879156827926636,,,,,,,,
,,,,,,,,,4.944554455445545e-07,22809,,,,,,,,,
75,,,,,,,,,,22809,0.01620209775865078,,,,,,,,
,,,,,,,,,4.941254125412541e-07,22814,,,,,,,,,
75,,,,,,,,,,22814,0.0076951221562922,,,,,,,,
,,,,,,,,,4.937953795379537e-07,22819,,,,,,,,,
75,,,,,,,,,,22819,0.11215931177139282,,,,,,,,
,,,,,,,,,4.934653465346534e-07,22824,,,,,,,,,
75,,,,,,,,,,22824,0.008344565518200397,,,,,,,,
,,,,,,,,,4.931353135313532e-07,22829,,,,,,,,,
75,,,,,,,,,,22829,0.006581336725503206,,,,,,,,
,,,,,,,,,4.928052805280528e-07,22834,,,,,,,,,
75,,,,,,,,,,22834,0.008769921027123928,,,,,,,,
,,,,,,,,,4.924752475247524e-07,22839,,,,,,,,,
75,,,,,,,,,,22839,0.007220922037959099,,,,,,,,
,,,,,,,,,4.921452145214521e-07,22844,,,,,,,,,
75,,,,,,,,,,22844,0.01961417868733406,,,,,,,,
,,,,,,,,,4.918151815181518e-07,22849,,,,,,,,,
75,,,,,,,,,,22849,0.004651928320527077,,,,,,,,
,,,,,,,,,4.914851485148515e-07,22854,,,,,,,,,
75,,,,,,,,,,22854,0.013396689668297768,,,,,,,,
,,,,,,,,,4.911551155115511e-07,22859,,,,,,,,,
75,,,,,,,,,,22859,0.029953382909297943,,,,,,,,
,,,,,,,,,4.908250825082507e-07,22864,,,,,,,,,
75,,,,,,,,,,22864,0.013747751712799072,,,,,,,,
,,,,,,,,,4.904950495049505e-07,22869,,,,,,,,,
75,,,,,,,,,,22869,0.009403309784829617,,,,,,,,
,,,,,,,,,4.901650165016501e-07,22874,,,,,,,,,
75,,,,,,,,,,22874,0.022893711924552917,,,,,,,,
,,,,,,,,,4.898349834983498e-07,22879,,,,,,,,,
75,,,,,,,,,,22879,0.023265855386853218,,,,,,,,
,,,,,,,,,4.895049504950495e-07,22884,,,,,,,,,
75,,,,,,,,,,22884,0.003581573022529483,,,,,,,,
,,,,,,,,,4.891749174917492e-07,22889,,,,,,,,,
75,,,,,,,,,,22889,0.011026478372514248,,,,,,,,
,,,,,,,,,4.888448844884488e-07,22894,,,,,,,,,
75,,,,,,,,,,22894,0.004443380981683731,,,,,,,,
,,,,,,,,,4.885148514851484e-07,22899,,,,,,,,,
75,,,,,,,,,,22899,0.009581693448126316,,,,,,,,
,,,,,,,,,4.881848184818482e-07,22904,,,,,,,,,
75,,,,,,,,,,22904,0.034528858959674835,,,,,,,,
,,,,,,,,,4.878547854785479e-07,22909,,,,,,,,,
75,,,,,,,,,,22909,0.021697379648685455,,,,,,,,
,,,,,,,,,4.875247524752475e-07,22914,,,,,,,,,
75,,,,,,,,,,22914,0.02021852508187294,,,,,,,,
,,,,,,,,,4.871947194719471e-07,22919,,,,,,,,,
75,,,,,,,,,,22919,0.014599922113120556,,,,,,,,
,,,,,,,,,4.868646864686469e-07,22924,,,,,,,,,
75,,,,,,,,,,22924,0.017349286004900932,,,,,,,,
,,,,,,,,,4.865346534653465e-07,22929,,,,,,,,,
75,,,,,,,,,,22929,0.028600454330444336,,,,,,,,
,,,,,,,,,4.862046204620462e-07,22934,,,,,,,,,
75,,,,,,,,,,22934,0.0335196889936924,,,,,,,,
,,,,,,,,,4.858745874587459e-07,22939,,,,,,,,,
75,,,,,,,,,,22939,0.019953185692429543,,,,,,,,
,,,,,,,,,4.855445544554455e-07,22944,,,,,,,,,
75,,,,,,,,,,22944,0.0247114859521389,,,,,,,,
,,,,,,,,,4.852145214521452e-07,22949,,,,,,,,,
75,,,,,,,,,,22949,0.019299151375889778,,,,,,,,
,,,,,,,,,4.848844884488448e-07,22954,,,,,,,,,
75,,,,,,,,,,22954,0.044893328100442886,,,,,,,,
,,,,,,,,,4.845544554455446e-07,22959,,,,,,,,,
75,,,,,,,,,,22959,0.020697208121418953,,,,,,,,
,,,,,,,,,4.842244224422442e-07,22964,,,,,,,,,
75,,,,,,,,,,22964,0.009528852067887783,,,,,,,,
,,,,,,,,,4.838943894389439e-07,22969,,,,,,,,,
75,,,,,,,,,,22969,0.002213951200246811,,,,,,,,
,,,,,,,,,4.835643564356435e-07,22974,,,,,,,,,
75,,,,,,,,,,22974,0.011279929429292679,,,,,,,,
,,,,,,,,,4.832343234323432e-07,22979,,,,,,,,,
75,,,,,,,,,,22979,0.006946589332073927,,,,,,,,
,,,,,,,,,4.829042904290429e-07,22984,,,,,,,,,
75,,,,,,,,,,22984,0.005653273779898882,,,,,,,,
,,,,,,,,,4.825742574257425e-07,22989,,,,,,,,,
75,,,,,,,,,,22989,0.04651490971446037,,,,,,,,
,,,,,,,,,4.822442244224423e-07,22994,,,,,,,,,
75,,,,,,,,,,22994,0.03271035477519035,,,,,,,,
,,,,,,,,,4.819141914191419e-07,22999,,,,,,,,,
75,,,,,,,,,,22999,0.013573222793638706,,,,,,,,
,,,,,,,,,4.815841584158415e-07,23004,,,,,,,,,
75,,,,,,,,,,23004,0.042454324662685394,,,,,,,,
,,,,,,,,,4.812541254125412e-07,23009,,,,,,,,,
75,,,,,,,,,,23009,0.027374282479286194,,,,,,,,
,,,,,,,,,4.80924092409241e-07,23014,,,,,,,,,
75,,,,,,,,,,23014,0.01222123671323061,,,,,,,,
,,,,,,,,,4.805940594059406e-07,23019,,,,,,,,,
75,,,,,,,,,,23019,0.010887774638831615,,,,,,,,
,,,,,,,,,4.802640264026402e-07,23024,,,,,,,,,
75,,,,,,,,,,23024,0.008784589357674122,,,,,,,,
75,,,,,,,,,,23027,,0.699999988079071,0.7446808218955994,0.08075477182865143,0.08075477182865143,0.43730080127716064,0.7142857313156128,0.7777777910232544,0.4558703303337097
,,,,,,,,,4.799339933993399e-07,23029,,,,,,,,,
76,,,,,,,,,,23029,0.019470777362585068,,,,,,,,
,,,,,,,,,4.796039603960396e-07,23034,,,,,,,,,
76,,,,,,,,,,23034,0.04691997542977333,,,,,,,,
,,,,,,,,,4.792739273927393e-07,23039,,,,,,,,,
76,,,,,,,,,,23039,0.01205485500395298,,,,,,,,
,,,,,,,,,4.789438943894389e-07,23044,,,,,,,,,
76,,,,,,,,,,23044,0.008560816757380962,,,,,,,,
,,,,,,,,,4.786138613861385e-07,23049,,,,,,,,,
76,,,,,,,,,,23049,0.020224912092089653,,,,,,,,
,,,,,,,,,4.782838283828383e-07,23054,,,,,,,,,
76,,,,,,,,,,23054,0.023143785074353218,,,,,,,,
,,,,,,,,,4.779537953795379e-07,23059,,,,,,,,,
76,,,,,,,,,,23059,0.031037595123052597,,,,,,,,
,,,,,,,,,4.776237623762376e-07,23064,,,,,,,,,
76,,,,,,,,,,23064,0.023318754509091377,,,,,,,,
,,,,,,,,,4.772937293729373e-07,23069,,,,,,,,,
76,,,,,,,,,,23069,0.07591191679239273,,,,,,,,
,,,,,,,,,4.76963696369637e-07,23074,,,,,,,,,
76,,,,,,,,,,23074,0.007305740844458342,,,,,,,,
,,,,,,,,,4.766336633663366e-07,23079,,,,,,,,,
76,,,,,,,,,,23079,0.01218559592962265,,,,,,,,
,,,,,,,,,4.763036303630363e-07,23084,,,,,,,,,
76,,,,,,,,,,23084,0.018873265013098717,,,,,,,,
,,,,,,,,,4.7597359735973597e-07,23089,,,,,,,,,
76,,,,,,,,,,23089,0.012561693787574768,,,,,,,,
,,,,,,,,,4.756435643564356e-07,23094,,,,,,,,,
76,,,,,,,,,,23094,0.028248701244592667,,,,,,,,
,,,,,,,,,4.7531353135313527e-07,23099,,,,,,,,,
76,,,,,,,,,,23099,0.008367805741727352,,,,,,,,
,,,,,,,,,4.74983498349835e-07,23104,,,,,,,,,
76,,,,,,,,,,23104,0.01160050556063652,,,,,,,,
,,,,,,,,,4.7465346534653463e-07,23109,,,,,,,,,
76,,,,,,,,,,23109,0.004660217557102442,,,,,,,,
,,,,,,,,,4.743234323432343e-07,23114,,,,,,,,,
76,,,,,,,,,,23114,0.01546570286154747,,,,,,,,
,,,,,,,,,4.73993399339934e-07,23119,,,,,,,,,
76,,,,,,,,,,23119,0.06696631014347076,,,,,,,,
,,,,,,,,,4.736633663366336e-07,23124,,,,,,,,,
76,,,,,,,,,,23124,0.034474849700927734,,,,,,,,
,,,,,,,,,4.733333333333333e-07,23129,,,,,,,,,
76,,,,,,,,,,23129,0.0070187547244131565,,,,,,,,
,,,,,,,,,4.73003300330033e-07,23134,,,,,,,,,
76,,,,,,,,,,23134,0.02443574368953705,,,,,,,,
,,,,,,,,,4.7267326732673264e-07,23139,,,,,,,,,
76,,,,,,,,,,23139,0.0230729840695858,,,,,,,,
,,,,,,,,,4.723432343234323e-07,23144,,,,,,,,,
76,,,,,,,,,,23144,0.011631906032562256,,,,,,,,
,,,,,,,,,4.72013201320132e-07,23149,,,,,,,,,
76,,,,,,,,,,23149,0.005324132274836302,,,,,,,,
,,,,,,,,,4.716831683168316e-07,23154,,,,,,,,,
76,,,,,,,,,,23154,0.027136852964758873,,,,,,,,
,,,,,,,,,4.7135313531353135e-07,23159,,,,,,,,,
76,,,,,,,,,,23159,0.006357177626341581,,,,,,,,
,,,,,,,,,4.71023102310231e-07,23164,,,,,,,,,
76,,,,,,,,,,23164,0.01865951344370842,,,,,,,,
,,,,,,,,,4.7069306930693065e-07,23169,,,,,,,,,
76,,,,,,,,,,23169,0.013748444616794586,,,,,,,,
,,,,,,,,,4.7036303630363033e-07,23174,,,,,,,,,
76,,,,,,,,,,23174,0.010234197601675987,,,,,,,,
,,,,,,,,,4.7003300330033e-07,23179,,,,,,,,,
76,,,,,,,,,,23179,0.022015230730175972,,,,,,,,
,,,,,,,,,4.6970297029702963e-07,23184,,,,,,,,,
76,,,,,,,,,,23184,0.008612032048404217,,,,,,,,
,,,,,,,,,4.6937293729372936e-07,23189,,,,,,,,,
76,,,,,,,,,,23189,0.014685221016407013,,,,,,,,
,,,,,,,,,4.6904290429042904e-07,23194,,,,,,,,,
76,,,,,,,,,,23194,0.017022984102368355,,,,,,,,
,,,,,,,,,4.687128712871287e-07,23199,,,,,,,,,
76,,,,,,,,,,23199,0.020520050078630447,,,,,,,,
,,,,,,,,,4.6838283828382834e-07,23204,,,,,,,,,
76,,,,,,,,,,23204,0.0401112325489521,,,,,,,,
,,,,,,,,,4.68052805280528e-07,23209,,,,,,,,,
76,,,,,,,,,,23209,0.009527485817670822,,,,,,,,
,,,,,,,,,4.6772277227722775e-07,23214,,,,,,,,,
76,,,,,,,,,,23214,0.027274439111351967,,,,,,,,
,,,,,,,,,4.6739273927392737e-07,23219,,,,,,,,,
76,,,,,,,,,,23219,0.019181514158844948,,,,,,,,
,,,,,,,,,4.6706270627062705e-07,23224,,,,,,,,,
76,,,,,,,,,,23224,0.009597210213541985,,,,,,,,
,,,,,,,,,4.6673267326732673e-07,23229,,,,,,,,,
76,,,,,,,,,,23229,0.017539294436573982,,,,,,,,
,,,,,,,,,4.6640264026402635e-07,23234,,,,,,,,,
76,,,,,,,,,,23234,0.018557105213403702,,,,,,,,
,,,,,,,,,4.660726072607261e-07,23239,,,,,,,,,
76,,,,,,,,,,23239,0.06327030062675476,,,,,,,,
,,,,,,,,,4.6574257425742576e-07,23244,,,,,,,,,
76,,,,,,,,,,23244,0.01423250138759613,,,,,,,,
,,,,,,,,,4.654125412541254e-07,23249,,,,,,,,,
76,,,,,,,,,,23249,0.012974250130355358,,,,,,,,
,,,,,,,,,4.6508250825082506e-07,23254,,,,,,,,,
76,,,,,,,,,,23254,0.009736103937029839,,,,,,,,
,,,,,,,,,4.6475247524752474e-07,23259,,,,,,,,,
76,,,,,,,,,,23259,0.014574565924704075,,,,,,,,
,,,,,,,,,4.6442244224422436e-07,23264,,,,,,,,,
76,,,,,,,,,,23264,0.1508564054965973,,,,,,,,
,,,,,,,,,4.640924092409241e-07,23269,,,,,,,,,
76,,,,,,,,,,23269,0.009859385900199413,,,,,,,,
,,,,,,,,,4.6376237623762377e-07,23274,,,,,,,,,
76,,,,,,,,,,23274,0.005742735229432583,,,,,,,,
,,,,,,,,,4.634323432343234e-07,23279,,,,,,,,,
76,,,,,,,,,,23279,0.00832606665790081,,,,,,,,
,,,,,,,,,4.631023102310231e-07,23284,,,,,,,,,
76,,,,,,,,,,23284,0.025736713781952858,,,,,,,,
,,,,,,,,,4.6277227722772275e-07,23289,,,,,,,,,
76,,,,,,,,,,23289,0.015132088214159012,,,,,,,,
,,,,,,,,,4.6244224422442243e-07,23294,,,,,,,,,
76,,,,,,,,,,23294,0.0054883467964828014,,,,,,,,
,,,,,,,,,4.621122112211221e-07,23299,,,,,,,,,
76,,,,,,,,,,23299,0.02092278189957142,,,,,,,,
,,,,,,,,,4.617821782178218e-07,23304,,,,,,,,,
76,,,,,,,,,,23304,0.005340970121324062,,,,,,,,
,,,,,,,,,4.614521452145214e-07,23309,,,,,,,,,
76,,,,,,,,,,23309,0.004074493423104286,,,,,,,,
,,,,,,,,,4.611221122112211e-07,23314,,,,,,,,,
76,,,,,,,,,,23314,0.013830550014972687,,,,,,,,
,,,,,,,,,4.607920792079208e-07,23319,,,,,,,,,
76,,,,,,,,,,23319,0.00530273700132966,,,,,,,,
,,,,,,,,,4.6046204620462044e-07,23324,,,,,,,,,
76,,,,,,,,,,23324,0.01046007964760065,,,,,,,,
,,,,,,,,,4.601320132013201e-07,23329,,,,,,,,,
76,,,,,,,,,,23329,0.009973459877073765,,,,,,,,
76,,,,,,,,,,23330,,0.706250011920929,0.7486631274223328,0.08111561089754105,0.08111561089754105,0.43572065234184265,0.7216494679450989,0.7777777910232544,0.4506198465824127
,,,,,,,,,4.598019801980198e-07,23334,,,,,,,,,
77,,,,,,,,,,23334,0.024295998737215996,,,,,,,,
,,,,,,,,,4.594719471947194e-07,23339,,,,,,,,,
77,,,,,,,,,,23339,0.0339018851518631,,,,,,,,
,,,,,,,,,4.591419141914191e-07,23344,,,,,,,,,
77,,,,,,,,,,23344,0.005901847034692764,,,,,,,,
,,,,,,,,,4.5881188118811883e-07,23349,,,,,,,,,
77,,,,,,,,,,23349,0.005321719218045473,,,,,,,,
,,,,,,,,,4.5848184818481845e-07,23354,,,,,,,,,
77,,,,,,,,,,23354,0.028963221237063408,,,,,,,,
,,,,,,,,,4.5815181518151813e-07,23359,,,,,,,,,
77,,,,,,,,,,23359,0.00878745224326849,,,,,,,,
,,,,,,,,,4.578217821782178e-07,23364,,,,,,,,,
77,,,,,,,,,,23364,0.02676263637840748,,,,,,,,
,,,,,,,,,4.5749174917491743e-07,23369,,,,,,,,,
77,,,,,,,,,,23369,0.021248754113912582,,,,,,,,
,,,,,,,,,4.5716171617161716e-07,23374,,,,,,,,,
77,,,,,,,,,,23374,0.010247712023556232,,,,,,,,
,,,,,,,,,4.5683168316831684e-07,23379,,,,,,,,,
77,,,,,,,,,,23379,0.02086053229868412,,,,,,,,
,,,,,,,,,4.5650165016501647e-07,23384,,,,,,,,,
77,,,,,,,,,,23384,0.009181969799101353,,,,,,,,
,,,,,,,,,4.5617161716171614e-07,23389,,,,,,,,,
77,,,,,,,,,,23389,0.028714494779706,,,,,,,,
,,,,,,,,,4.558415841584158e-07,23394,,,,,,,,,
77,,,,,,,,,,23394,0.014853107742965221,,,,,,,,
,,,,,,,,,4.5551155115511544e-07,23399,,,,,,,,,
77,,,,,,,,,,23399,0.05342425778508186,,,,,,,,
,,,,,,,,,4.551815181518152e-07,23404,,,,,,,,,
77,,,,,,,,,,23404,0.007061443757265806,,,,,,,,
,,,,,,,,,4.5485148514851485e-07,23409,,,,,,,,,
77,,,,,,,,,,23409,0.003959206864237785,,,,,,,,
,,,,,,,,,4.545214521452145e-07,23414,,,,,,,,,
77,,,,,,,,,,23414,0.015250707976520061,,,,,,,,
,,,,,,,,,4.5419141914191415e-07,23419,,,,,,,,,
77,,,,,,,,,,23419,0.002251619240269065,,,,,,,,
,,,,,,,,,4.5386138613861383e-07,23424,,,,,,,,,
77,,,,,,,,,,23424,0.02417481690645218,,,,,,,,
,,,,,,,,,4.535313531353135e-07,23429,,,,,,,,,
77,,,,,,,,,,23429,0.016914281994104385,,,,,,,,
,,,,,,,,,4.532013201320132e-07,23434,,,,,,,,,
77,,,,,,,,,,23434,0.004736591130495071,,,,,,,,
,,,,,,,,,4.5287128712871286e-07,23439,,,,,,,,,
77,,,,,,,,,,23439,0.010888082906603813,,,,,,,,
,,,,,,,,,4.525412541254125e-07,23444,,,,,,,,,
77,,,,,,,,,,23444,0.03561495989561081,,,,,,,,
,,,,,,,,,4.5221122112211217e-07,23449,,,,,,,,,
77,,,,,,,,,,23449,0.0067672161385416985,,,,,,,,
,,,,,,,,,4.518811881188119e-07,23454,,,,,,,,,
77,,,,,,,,,,23454,0.023683292791247368,,,,,,,,
,,,,,,,,,4.515511551155115e-07,23459,,,,,,,,,
77,,,,,,,,,,23459,0.014826023951172829,,,,,,,,
,,,,,,,,,4.512211221122112e-07,23464,,,,,,,,,
77,,,,,,,,,,23464,0.025675488635897636,,,,,,,,
,,,,,,,,,4.508910891089109e-07,23469,,,,,,,,,
77,,,,,,,,,,23469,0.022967536002397537,,,,,,,,
,,,,,,,,,4.505610561056105e-07,23474,,,,,,,,,
77,,,,,,,,,,23474,0.016190730035305023,,,,,,,,
,,,,,,,,,4.502310231023102e-07,23479,,,,,,,,,
77,,,,,,,,,,23479,0.00933294277638197,,,,,,,,
,,,,,,,,,4.499009900990099e-07,23484,,,,,,,,,
77,,,,,,,,,,23484,0.032471250742673874,,,,,,,,
,,,,,,,,,4.4957095709570953e-07,23489,,,,,,,,,
77,,,,,,,,,,23489,0.03569621220231056,,,,,,,,
,,,,,,,,,4.492409240924092e-07,23494,,,,,,,,,
77,,,,,,,,,,23494,0.015226533636450768,,,,,,,,
,,,,,,,,,4.489108910891089e-07,23499,,,,,,,,,
77,,,,,,,,,,23499,0.016326256096363068,,,,,,,,
,,,,,,,,,4.485808580858085e-07,23504,,,,,,,,,
77,,,,,,,,,,23504,0.010725821368396282,,,,,,,,
,,,,,,,,,4.4825082508250824e-07,23509,,,,,,,,,
77,,,,,,,,,,23509,0.0027754430193454027,,,,,,,,
,,,,,,,,,4.479207920792079e-07,23514,,,,,,,,,
77,,,,,,,,,,23514,0.01620764657855034,,,,,,,,
,,,,,,,,,4.475907590759076e-07,23519,,,,,,,,,
77,,,,,,,,,,23519,0.01262938417494297,,,,,,,,
,,,,,,,,,4.472607260726072e-07,23524,,,,,,,,,
77,,,,,,,,,,23524,0.015967413783073425,,,,,,,,
,,,,,,,,,4.469306930693069e-07,23529,,,,,,,,,
77,,,,,,,,,,23529,0.005821317434310913,,,,,,,,
,,,,,,,,,4.4660066006600663e-07,23534,,,,,,,,,
77,,,,,,,,,,23534,0.012416582554578781,,,,,,,,
,,,,,,,,,4.4627062706270626e-07,23539,,,,,,,,,
77,,,,,,,,,,23539,0.02391338348388672,,,,,,,,
,,,,,,,,,4.4594059405940593e-07,23544,,,,,,,,,
77,,,,,,,,,,23544,0.017314961180090904,,,,,,,,
,,,,,,,,,4.456105610561056e-07,23549,,,,,,,,,
77,,,,,,,,,,23549,0.02115803211927414,,,,,,,,
,,,,,,,,,4.4528052805280524e-07,23554,,,,,,,,,
77,,,,,,,,,,23554,0.031037745997309685,,,,,,,,
,,,,,,,,,4.449504950495049e-07,23559,,,,,,,,,
77,,,,,,,,,,23559,0.012820077128708363,,,,,,,,
,,,,,,,,,4.4462046204620464e-07,23564,,,,,,,,,
77,,,,,,,,,,23564,0.01288099680095911,,,,,,,,
,,,,,,,,,4.4429042904290427e-07,23569,,,,,,,,,
77,,,,,,,,,,23569,0.01020658016204834,,,,,,,,
,,,,,,,,,4.4396039603960395e-07,23574,,,,,,,,,
77,,,,,,,,,,23574,0.013715222477912903,,,,,,,,
,,,,,,,,,4.436303630363036e-07,23579,,,,,,,,,
77,,,,,,,,,,23579,0.02532915212213993,,,,,,,,
,,,,,,,,,4.4330033003300325e-07,23584,,,,,,,,,
77,,,,,,,,,,23584,0.03477506712079048,,,,,,,,
,,,,,,,,,4.42970297029703e-07,23589,,,,,,,,,
77,,,,,,,,,,23589,0.03084738925099373,,,,,,,,
,,,,,,,,,4.4264026402640266e-07,23594,,,,,,,,,
77,,,,,,,,,,23594,0.03568119928240776,,,,,,,,
,,,,,,,,,4.423102310231023e-07,23599,,,,,,,,,
77,,,,,,,,,,23599,0.022522546350955963,,,,,,,,
,,,,,,,,,4.4198019801980196e-07,23604,,,,,,,,,
77,,,,,,,,,,23604,0.012670699506998062,,,,,,,,
,,,,,,,,,4.4165016501650163e-07,23609,,,,,,,,,
77,,,,,,,,,,23609,0.02874666452407837,,,,,,,,
,,,,,,,,,4.4132013201320126e-07,23614,,,,,,,,,
77,,,,,,,,,,23614,0.03553987666964531,,,,,,,,
,,,,,,,,,4.40990099009901e-07,23619,,,,,,,,,
77,,,,,,,,,,23619,0.02931763418018818,,,,,,,,
,,,,,,,,,4.4066006600660067e-07,23624,,,,,,,,,
77,,,,,,,,,,23624,0.01748627983033657,,,,,,,,
,,,,,,,,,4.403300330033003e-07,23629,,,,,,,,,
77,,,,,,,,,,23629,0.021536322310566902,,,,,,,,
77,,,,,,,,,,23633,,0.7124999761581421,0.7444444298744202,0.08137957751750946,0.08137957751750946,0.4261108934879303,0.7444444298744202,0.7444444298744202,0.43775469064712524
,,,,,,,,,4.3999999999999997e-07,23634,,,,,,,,,
78,,,,,,,,,,23634,0.010635346174240112,,,,,,,,
,,,,,,,,,4.3966996699669965e-07,23639,,,,,,,,,
78,,,,,,,,,,23639,0.017263399437069893,,,,,,,,
,,,,,,,,,4.393399339933993e-07,23644,,,,,,,,,
78,,,,,,,,,,23644,0.017779113724827766,,,,,,,,
,,,,,,,,,4.39009900990099e-07,23649,,,,,,,,,
78,,,,,,,,,,23649,0.01827090233564377,,,,,,,,
,,,,,,,,,4.386798679867987e-07,23654,,,,,,,,,
78,,,,,,,,,,23654,0.0014080230612307787,,,,,,,,
,,,,,,,,,4.383498349834983e-07,23659,,,,,,,,,
78,,,,,,,,,,23659,0.018140409141778946,,,,,,,,
,,,,,,,,,4.38019801980198e-07,23664,,,,,,,,,
78,,,,,,,,,,23664,0.006237280089408159,,,,,,,,
,,,,,,,,,4.376897689768977e-07,23669,,,,,,,,,
78,,,,,,,,,,23669,0.006265546660870314,,,,,,,,
,,,,,,,,,4.3735973597359734e-07,23674,,,,,,,,,
78,,,,,,,,,,23674,0.0066945478320121765,,,,,,,,
,,,,,,,,,4.37029702970297e-07,23679,,,,,,,,,
78,,,,,,,,,,23679,0.007519188802689314,,,,,,,,
,,,,,,,,,4.366996699669967e-07,23684,,,,,,,,,
78,,,,,,,,,,23684,0.010733013972640038,,,,,,,,
,,,,,,,,,4.363696369636963e-07,23689,,,,,,,,,
78,,,,,,,,,,23689,0.008386075496673584,,,,,,,,
,,,,,,,,,4.36039603960396e-07,23694,,,,,,,,,
78,,,,,,,,,,23694,0.02666308730840683,,,,,,,,
,,,,,,,,,4.357095709570957e-07,23699,,,,,,,,,
78,,,,,,,,,,23699,0.008047270588576794,,,,,,,,
,,,,,,,,,4.3537953795379535e-07,23704,,,,,,,,,
78,,,,,,,,,,23704,0.015188601799309254,,,,,,,,
,,,,,,,,,4.35049504950495e-07,23709,,,,,,,,,
78,,,,,,,,,,23709,0.0021366572473198175,,,,,,,,
,,,,,,,,,4.347194719471947e-07,23714,,,,,,,,,
78,,,,,,,,,,23714,0.02013150416314602,,,,,,,,
,,,,,,,,,4.3438943894389433e-07,23719,,,,,,,,,
78,,,,,,,,,,23719,0.019616883248090744,,,,,,,,
,,,,,,,,,4.3405940594059406e-07,23724,,,,,,,,,
78,,,,,,,,,,23724,0.01757139340043068,,,,,,,,
,,,,,,,,,4.3372937293729374e-07,23729,,,,,,,,,
78,,,,,,,,,,23729,0.010822422802448273,,,,,,,,
,,,,,,,,,4.3339933993399336e-07,23734,,,,,,,,,
78,,,,,,,,,,23734,0.012077491730451584,,,,,,,,
,,,,,,,,,4.3306930693069304e-07,23739,,,,,,,,,
78,,,,,,,,,,23739,0.004787936341017485,,,,,,,,
,,,,,,,,,4.327392739273927e-07,23744,,,,,,,,,
78,,,,,,,,,,23744,0.003960208501666784,,,,,,,,
,,,,,,,,,4.324092409240924e-07,23749,,,,,,,,,
78,,,,,,,,,,23749,0.011393165215849876,,,,,,,,
,,,,,,,,,4.3207920792079207e-07,23754,,,,,,,,,
78,,,,,,,,,,23754,0.054649703204631805,,,,,,,,
,,,,,,,,,4.3174917491749175e-07,23759,,,,,,,,,
78,,,,,,,,,,23759,0.027191326022148132,,,,,,,,
,,,,,,,,,4.3141914191419137e-07,23764,,,,,,,,,
78,,,,,,,,,,23764,0.01343667134642601,,,,,,,,
,,,,,,,,,4.3108910891089105e-07,23769,,,,,,,,,
78,,,,,,,,,,23769,0.017333118245005608,,,,,,,,
,,,,,,,,,4.3075907590759073e-07,23774,,,,,,,,,
78,,,,,,,,,,23774,0.07670418918132782,,,,,,,,
,,,,,,,,,4.304290429042904e-07,23779,,,,,,,,,
78,,,,,,,,,,23779,0.02631768397986889,,,,,,,,
,,,,,,,,,4.300990099009901e-07,23784,,,,,,,,,
78,,,,,,,,,,23784,0.023350724950432777,,,,,,,,
,,,,,,,,,4.2976897689768976e-07,23789,,,,,,,,,
78,,,,,,,,,,23789,0.01593574695289135,,,,,,,,
,,,,,,,,,4.294389438943894e-07,23794,,,,,,,,,
78,,,,,,,,,,23794,0.005108663812279701,,,,,,,,
,,,,,,,,,4.2910891089108906e-07,23799,,,,,,,,,
78,,,,,,,,,,23799,0.016124200075864792,,,,,,,,
,,,,,,,,,4.287788778877888e-07,23804,,,,,,,,,
78,,,,,,,,,,23804,0.02436332404613495,,,,,,,,
,,,,,,,,,4.284488448844884e-07,23809,,,,,,,,,
78,,,,,,,,,,23809,0.00940046738833189,,,,,,,,
,,,,,,,,,4.281188118811881e-07,23814,,,,,,,,,
78,,,,,,,,,,23814,0.007845142856240273,,,,,,,,
,,,,,,,,,4.2778877887788777e-07,23819,,,,,,,,,
78,,,,,,,,,,23819,0.01734759472310543,,,,,,,,
,,,,,,,,,4.274587458745874e-07,23824,,,,,,,,,
78,,,,,,,,,,23824,0.007360038813203573,,,,,,,,
,,,,,,,,,4.271287128712871e-07,23829,,,,,,,,,
78,,,,,,,,,,23829,0.015224726870656013,,,,,,,,
,,,,,,,,,4.267986798679868e-07,23834,,,,,,,,,
78,,,,,,,,,,23834,0.0072875418700277805,,,,,,,,
,,,,,,,,,4.264686468646865e-07,23839,,,,,,,,,
78,,,,,,,,,,23839,0.018770677968859673,,,,,,,,
,,,,,,,,,4.261386138613861e-07,23844,,,,,,,,,
78,,,,,,,,,,23844,0.010517497546970844,,,,,,,,
,,,,,,,,,4.258085808580858e-07,23849,,,,,,,,,
78,,,,,,,,,,23849,0.004916626028716564,,,,,,,,
,,,,,,,,,4.2547854785478546e-07,23854,,,,,,,,,
78,,,,,,,,,,23854,0.01670859009027481,,,,,,,,
,,,,,,,,,4.2514851485148514e-07,23859,,,,,,,,,
78,,,,,,,,,,23859,0.018747912719845772,,,,,,,,
,,,,,,,,,4.248184818481848e-07,23864,,,,,,,,,
78,,,,,,,,,,23864,0.05325991287827492,,,,,,,,
,,,,,,,,,4.244884488448845e-07,23869,,,,,,,,,
78,,,,,,,,,,23869,0.01573634333908558,,,,,,,,
,,,,,,,,,4.241584158415841e-07,23874,,,,,,,,,
78,,,,,,,,,,23874,0.015052304603159428,,,,,,,,
,,,,,,,,,4.238283828382838e-07,23879,,,,,,,,,
78,,,,,,,,,,23879,0.006125601474195719,,,,,,,,
,,,,,,,,,4.2349834983498353e-07,23884,,,,,,,,,
78,,,,,,,,,,23884,0.009768874384462833,,,,,,,,
,,,,,,,,,4.2316831683168315e-07,23889,,,,,,,,,
78,,,,,,,,,,23889,0.05678974464535713,,,,,,,,
,,,,,,,,,4.2283828382838283e-07,23894,,,,,,,,,
78,,,,,,,,,,23894,0.021671412512660027,,,,,,,,
,,,,,,,,,4.225082508250825e-07,23899,,,,,,,,,
78,,,,,,,,,,23899,0.01804063655436039,,,,,,,,
,,,,,,,,,4.2217821782178213e-07,23904,,,,,,,,,
78,,,,,,,,,,23904,0.005374194588512182,,,,,,,,
,,,,,,,,,4.218481848184818e-07,23909,,,,,,,,,
78,,,,,,,,,,23909,0.023646928369998932,,,,,,,,
,,,,,,,,,4.2151815181518154e-07,23914,,,,,,,,,
78,,,,,,,,,,23914,0.00377288949675858,,,,,,,,
,,,,,,,,,4.2118811881188116e-07,23919,,,,,,,,,
78,,,,,,,,,,23919,0.0076451851055026054,,,,,,,,
,,,,,,,,,4.2085808580858084e-07,23924,,,,,,,,,
78,,,,,,,,,,23924,0.016916055232286453,,,,,,,,
,,,,,,,,,4.205280528052805e-07,23929,,,,,,,,,
78,,,,,,,,,,23929,0.027124108746647835,,,,,,,,
,,,,,,,,,4.2019801980198014e-07,23934,,,,,,,,,
78,,,,,,,,,,23934,0.0036979864817112684,,,,,,,,
78,,,,,,,,,,23936,,0.6937500238418579,0.7379679083824158,0.08224450796842575,0.08224450796842575,0.4334356486797333,0.7113401889801025,0.7666666507720947,0.4498527944087982
,,,,,,,,,4.1986798679867987e-07,23939,,,,,,,,,
79,,,,,,,,,,23939,0.01316265482455492,,,,,,,,
,,,,,,,,,4.1953795379537955e-07,23944,,,,,,,,,
79,,,,,,,,,,23944,0.01846710778772831,,,,,,,,
,,,,,,,,,4.192079207920792e-07,23949,,,,,,,,,
79,,,,,,,,,,23949,0.010479412972927094,,,,,,,,
,,,,,,,,,4.1887788778877885e-07,23954,,,,,,,,,
79,,,,,,,,,,23954,0.008737857453525066,,,,,,,,
,,,,,,,,,4.1854785478547853e-07,23959,,,,,,,,,
79,,,,,,,,,,23959,0.006102471612393856,,,,,,,,
,,,,,,,,,4.182178217821782e-07,23964,,,,,,,,,
79,,,,,,,,,,23964,0.027598263695836067,,,,,,,,
,,,,,,,,,4.178877887788779e-07,23969,,,,,,,,,
79,,,,,,,,,,23969,0.01462528109550476,,,,,,,,
,,,,,,,,,4.1755775577557756e-07,23974,,,,,,,,,
79,,,,,,,,,,23974,0.013418806716799736,,,,,,,,
,,,,,,,,,4.172277227722772e-07,23979,,,,,,,,,
79,,,,,,,,,,23979,0.03568554297089577,,,,,,,,
,,,,,,,,,4.1689768976897686e-07,23984,,,,,,,,,
79,,,,,,,,,,23984,0.016022637486457825,,,,,,,,
,,,,,,,,,4.1656765676567654e-07,23989,,,,,,,,,
79,,,,,,,,,,23989,0.018057722598314285,,,,,,,,
,,,,,,,,,4.162376237623762e-07,23994,,,,,,,,,
79,,,,,,,,,,23994,0.015022356994450092,,,,,,,,
,,,,,,,,,4.159075907590759e-07,23999,,,,,,,,,
79,,,,,,,,,,23999,0.009025134146213531,,,,,,,,
,,,,,,,,,4.155775577557756e-07,24004,,,,,,,,,
79,,,,,,,,,,24004,0.005069018807262182,,,,,,,,
,,,,,,,,,4.152475247524752e-07,24009,,,,,,,,,
79,,,,,,,,,,24009,0.028934096917510033,,,,,,,,
,,,,,,,,,4.149174917491749e-07,24014,,,,,,,,,
79,,,,,,,,,,24014,0.004492867272347212,,,,,,,,
,,,,,,,,,4.145874587458746e-07,24019,,,,,,,,,
79,,,,,,,,,,24019,0.0175491776317358,,,,,,,,
,,,,,,,,,4.1425742574257423e-07,24024,,,,,,,,,
79,,,,,,,,,,24024,0.01552431471645832,,,,,,,,
,,,,,,,,,4.139273927392739e-07,24029,,,,,,,,,
79,,,,,,,,,,24029,0.007376988884061575,,,,,,,,
,,,,,,,,,4.135973597359736e-07,24034,,,,,,,,,
79,,,,,,,,,,24034,0.010464374907314777,,,,,,,,
,,,,,,,,,4.132673267326732e-07,24039,,,,,,,,,
79,,,,,,,,,,24039,0.009248336777091026,,,,,,,,
,,,,,,,,,4.1293729372937294e-07,24044,,,,,,,,,
79,,,,,,,,,,24044,0.014311591163277626,,,,,,,,
,,,,,,,,,4.126072607260726e-07,24049,,,,,,,,,
79,,,,,,,,,,24049,0.014551622793078423,,,,,,,,
,,,,,,,,,4.1227722772277224e-07,24054,,,,,,,,,
79,,,,,,,,,,24054,0.012708158232271671,,,,,,,,
,,,,,,,,,4.119471947194719e-07,24059,,,,,,,,,
79,,,,,,,,,,24059,0.038144148886203766,,,,,,,,
,,,,,,,,,4.116171617161716e-07,24064,,,,,,,,,
79,,,,,,,,,,24064,0.024667248129844666,,,,,,,,
,,,,,,,,,4.112871287128712e-07,24069,,,,,,,,,
79,,,,,,,,,,24069,0.017141105607151985,,,,,,,,
,,,,,,,,,4.1095709570957095e-07,24074,,,,,,,,,
79,,,,,,,,,,24074,0.006532155908644199,,,,,,,,
,,,,,,,,,4.1062706270627063e-07,24079,,,,,,,,,
79,,,,,,,,,,24079,0.007209138944745064,,,,,,,,
,,,,,,,,,4.1029702970297026e-07,24084,,,,,,,,,
79,,,,,,,,,,24084,0.0028106397949159145,,,,,,,,
,,,,,,,,,4.0996699669966993e-07,24089,,,,,,,,,
79,,,,,,,,,,24089,0.017416691407561302,,,,,,,,
,,,,,,,,,4.096369636963696e-07,24094,,,,,,,,,
79,,,,,,,,,,24094,0.009134829975664616,,,,,,,,
,,,,,,,,,4.093069306930693e-07,24099,,,,,,,,,
79,,,,,,,,,,24099,0.02865753136575222,,,,,,,,
,,,,,,,,,4.0897689768976897e-07,24104,,,,,,,,,
79,,,,,,,,,,24104,0.017414208501577377,,,,,,,,
,,,,,,,,,4.0864686468646864e-07,24109,,,,,,,,,
79,,,,,,,,,,24109,0.023930653929710388,,,,,,,,
,,,,,,,,,4.0831683168316827e-07,24114,,,,,,,,,
79,,,,,,,,,,24114,0.030333897098898888,,,,,,,,
,,,,,,,,,4.0798679867986795e-07,24119,,,,,,,,,
79,,,,,,,,,,24119,0.008188948035240173,,,,,,,,
,,,,,,,,,4.076567656765676e-07,24124,,,,,,,,,
79,,,,,,,,,,24124,0.015724780037999153,,,,,,,,
,,,,,,,,,4.073267326732673e-07,24129,,,,,,,,,
79,,,,,,,,,,24129,0.009703751653432846,,,,,,,,
,,,,,,,,,4.06996699669967e-07,24134,,,,,,,,,
79,,,,,,,,,,24134,0.01423703320324421,,,,,,,,
,,,,,,,,,4.0666666666666666e-07,24139,,,,,,,,,
79,,,,,,,,,,24139,0.023305144160985947,,,,,,,,
,,,,,,,,,4.063366336633663e-07,24144,,,,,,,,,
79,,,,,,,,,,24144,0.020194685086607933,,,,,,,,
,,,,,,,,,4.0600660066006596e-07,24149,,,,,,,,,
79,,,,,,,,,,24149,0.044978752732276917,,,,,,,,
,,,,,,,,,4.056765676567657e-07,24154,,,,,,,,,
79,,,,,,,,,,24154,0.007369629107415676,,,,,,,,
,,,,,,,,,4.0534653465346537e-07,24159,,,,,,,,,
79,,,,,,,,,,24159,0.03519114479422569,,,,,,,,
,,,,,,,,,4.05016501650165e-07,24164,,,,,,,,,
79,,,,,,,,,,24164,0.014472253620624542,,,,,,,,
,,,,,,,,,4.0468646864686467e-07,24169,,,,,,,,,
79,,,,,,,,,,24169,0.014412691816687584,,,,,,,,
,,,,,,,,,4.0435643564356434e-07,24174,,,,,,,,,
79,,,,,,,,,,24174,0.019063252955675125,,,,,,,,
,,,,,,,,,4.04026402640264e-07,24179,,,,,,,,,
79,,,,,,,,,,24179,0.010847189463675022,,,,,,,,
,,,,,,,,,4.036963696369637e-07,24184,,,,,,,,,
79,,,,,,,,,,24184,0.00791179109364748,,,,,,,,
,,,,,,,,,4.033663366336634e-07,24189,,,,,,,,,
79,,,,,,,,,,24189,0.008937735110521317,,,,,,,,
,,,,,,,,,4.03036303630363e-07,24194,,,,,,,,,
79,,,,,,,,,,24194,0.01225358061492443,,,,,,,,
,,,,,,,,,4.027062706270627e-07,24199,,,,,,,,,
79,,,,,,,,,,24199,0.01848478987812996,,,,,,,,
,,,,,,,,,4.0237623762376236e-07,24204,,,,,,,,,
79,,,,,,,,,,24204,0.021115021780133247,,,,,,,,
,,,,,,,,,4.0204620462046203e-07,24209,,,,,,,,,
79,,,,,,,,,,24209,0.032031990587711334,,,,,,,,
,,,,,,,,,4.017161716171617e-07,24214,,,,,,,,,
79,,,,,,,,,,24214,0.015162021853029728,,,,,,,,
,,,,,,,,,4.013861386138614e-07,24219,,,,,,,,,
79,,,,,,,,,,24219,0.018616028130054474,,,,,,,,
,,,,,,,,,4.01056105610561e-07,24224,,,,,,,,,
79,,,,,,,,,,24224,0.007510879542678595,,,,,,,,
,,,,,,,,,4.007260726072607e-07,24229,,,,,,,,,
79,,,,,,,,,,24229,0.04855216667056084,,,,,,,,
,,,,,,,,,4.003960396039604e-07,24234,,,,,,,,,
79,,,,,,,,,,24234,0.009442766197025776,,,,,,,,
,,,,,,,,,4.0006600660066005e-07,24239,,,,,,,,,
79,,,,,,,,,,24239,0.003933887463063002,,,,,,,,
79,,,,,,,,,,24239,,0.706250011920929,0.7374301552772522,0.08050302416086197,0.08050302416086197,0.42745664715766907,0.7415730357170105,0.7333333492279053,0.44135376811027527
,,,,,,,,,3.997359735973597e-07,24244,,,,,,,,,
80,,,,,,,,,,24244,0.020440801978111267,,,,,,,,
,,,,,,,,,3.994059405940594e-07,24249,,,,,,,,,
80,,,,,,,,,,24249,0.016504740342497826,,,,,,,,
,,,,,,,,,3.99075907590759e-07,24254,,,,,,,,,
80,,,,,,,,,,24254,0.009538053534924984,,,,,,,,
,,,,,,,,,3.9874587458745876e-07,24259,,,,,,,,,
80,,,,,,,,,,24259,0.04191238805651665,,,,,,,,
,,,,,,,,,3.9841584158415843e-07,24264,,,,,,,,,
80,,,,,,,,,,24264,0.017124738544225693,,,,,,,,
,,,,,,,,,3.9808580858085806e-07,24269,,,,,,,,,
80,,,,,,,,,,24269,0.024977849796414375,,,,,,,,
,,,,,,,,,3.9775577557755774e-07,24274,,,,,,,,,
80,,,,,,,,,,24274,0.014522830955684185,,,,,,,,
,,,,,,,,,3.974257425742574e-07,24279,,,,,,,,,
80,,,,,,,,,,24279,0.022047189995646477,,,,,,,,
,,,,,,,,,3.9709570957095704e-07,24284,,,,,,,,,
80,,,,,,,,,,24284,0.01916329190135002,,,,,,,,
,,,,,,,,,3.9676567656765677e-07,24289,,,,,,,,,
80,,,,,,,,,,24289,0.007063430268317461,,,,,,,,
,,,,,,,,,3.9643564356435645e-07,24294,,,,,,,,,
80,,,,,,,,,,24294,0.010884938761591911,,,,,,,,
,,,,,,,,,3.9610561056105607e-07,24299,,,,,,,,,
80,,,,,,,,,,24299,0.011054391041398048,,,,,,,,
,,,,,,,,,3.9577557755775575e-07,24304,,,,,,,,,
80,,,,,,,,,,24304,0.019603213295340538,,,,,,,,
,,,,,,,,,3.954455445544554e-07,24309,,,,,,,,,
80,,,,,,,,,,24309,0.007506814785301685,,,,,,,,
,,,,,,,,,3.951155115511551e-07,24314,,,,,,,,,
80,,,,,,,,,,24314,0.011879738420248032,,,,,,,,
,,,,,,,,,3.947854785478548e-07,24319,,,,,,,,,
80,,,,,,,,,,24319,0.02455272525548935,,,,,,,,
,,,,,,,,,3.9445544554455446e-07,24324,,,,,,,,,
80,,,,,,,,,,24324,0.016314104199409485,,,,,,,,
,,,,,,,,,3.941254125412541e-07,24329,,,,,,,,,
80,,,,,,,,,,24329,0.016312126070261,,,,,,,,
,,,,,,,,,3.9379537953795376e-07,24334,,,,,,,,,
80,,,,,,,,,,24334,0.013148901052772999,,,,,,,,
,,,,,,,,,3.9346534653465344e-07,24339,,,,,,,,,
80,,,,,,,,,,24339,0.02422640100121498,,,,,,,,
,,,,,,,,,3.931353135313531e-07,24344,,,,,,,,,
80,,,,,,,,,,24344,0.0031139799393713474,,,,,,,,
,,,,,,,,,3.928052805280528e-07,24349,,,,,,,,,
80,,,,,,,,,,24349,0.005675265099853277,,,,,,,,
,,,,,,,,,3.9247524752475247e-07,24354,,,,,,,,,
80,,,,,,,,,,24354,0.009866972453892231,,,,,,,,
,,,,,,,,,3.921452145214521e-07,24359,,,,,,,,,
80,,,,,,,,,,24359,0.028663882985711098,,,,,,,,
,,,,,,,,,3.9181518151815177e-07,24364,,,,,,,,,
80,,,,,,,,,,24364,0.010219649411737919,,,,,,,,
,,,,,,,,,3.914851485148515e-07,24369,,,,,,,,,
80,,,,,,,,,,24369,0.00876213051378727,,,,,,,,
,,,,,,,,,3.9115511551155113e-07,24374,,,,,,,,,
80,,,,,,,,,,24374,0.02284340374171734,,,,,,,,
,,,,,,,,,3.908250825082508e-07,24379,,,,,,,,,
80,,,,,,,,,,24379,0.07268113642930984,,,,,,,,
,,,,,,,,,3.904950495049505e-07,24384,,,,,,,,,
80,,,,,,,,,,24384,0.012909498065710068,,,,,,,,
,,,,,,,,,3.901650165016501e-07,24389,,,,,,,,,
80,,,,,,,,,,24389,0.014592336490750313,,,,,,,,
,,,,,,,,,3.8983498349834984e-07,24394,,,,,,,,,
80,,,,,,,,,,24394,0.006725418381392956,,,,,,,,
,,,,,,,,,3.895049504950495e-07,24399,,,,,,,,,
80,,,,,,,,,,24399,0.004456662572920322,,,,,,,,
,,,,,,,,,3.8917491749174914e-07,24404,,,,,,,,,
80,,,,,,,,,,24404,0.007692856714129448,,,,,,,,
,,,,,,,,,3.888448844884488e-07,24409,,,,,,,,,
80,,,,,,,,,,24409,0.01012193039059639,,,,,,,,
,,,,,,,,,3.885148514851485e-07,24414,,,,,,,,,
80,,,,,,,,,,24414,0.01759357936680317,,,,,,,,
,,,,,,,,,3.881848184818481e-07,24419,,,,,,,,,
80,,,,,,,,,,24419,0.014562932774424553,,,,,,,,
,,,,,,,,,3.8785478547854785e-07,24424,,,,,,,,,
80,,,,,,,,,,24424,0.009650906547904015,,,,,,,,
,,,,,,,,,3.8752475247524753e-07,24429,,,,,,,,,
80,,,,,,,,,,24429,0.03279741480946541,,,,,,,,
,,,,,,,,,3.8719471947194715e-07,24434,,,,,,,,,
80,,,,,,,,,,24434,0.039322417229413986,,,,,,,,
,,,,,,,,,3.8686468646864683e-07,24439,,,,,,,,,
80,,,,,,,,,,24439,0.01096294540911913,,,,,,,,
,,,,,,,,,3.865346534653465e-07,24444,,,,,,,,,
80,,,,,,,,,,24444,0.0019449974643066525,,,,,,,,
,,,,,,,,,3.862046204620462e-07,24449,,,,,,,,,
80,,,,,,,,,,24449,0.04155836999416351,,,,,,,,
,,,,,,,,,3.8587458745874586e-07,24454,,,,,,,,,
80,,,,,,,,,,24454,0.04024663195014,,,,,,,,
,,,,,,,,,3.8554455445544554e-07,24459,,,,,,,,,
80,,,,,,,,,,24459,0.017072336748242378,,,,,,,,
,,,,,,,,,3.852145214521452e-07,24464,,,,,,,,,
80,,,,,,,,,,24464,0.02230660803616047,,,,,,,,
,,,,,,,,,3.8488448844884484e-07,24469,,,,,,,,,
80,,,,,,,,,,24469,0.034925445914268494,,,,,,,,
,,,,,,,,,3.8455445544554457e-07,24474,,,,,,,,,
80,,,,,,,,,,24474,0.0076924823224544525,,,,,,,,
,,,,,,,,,3.8422442244224425e-07,24479,,,,,,,,,
80,,,,,,,,,,24479,0.02352210134267807,,,,,,,,
,,,,,,,,,3.8389438943894387e-07,24484,,,,,,,,,
80,,,,,,,,,,24484,0.02404552698135376,,,,,,,,
,,,,,,,,,3.8356435643564355e-07,24489,,,,,,,,,
80,,,,,,,,,,24489,0.020052075386047363,,,,,,,,
,,,,,,,,,3.8323432343234323e-07,24494,,,,,,,,,
80,,,,,,,,,,24494,0.01312851533293724,,,,,,,,
,,,,,,,,,3.8290429042904285e-07,24499,,,,,,,,,
80,,,,,,,,,,24499,0.03618960082530975,,,,,,,,
,,,,,,,,,3.825742574257426e-07,24504,,,,,,,,,
80,,,,,,,,,,24504,0.003643182571977377,,,,,,,,
,,,,,,,,,3.8224422442244226e-07,24509,,,,,,,,,
80,,,,,,,,,,24509,0.013433977961540222,,,,,,,,
,,,,,,,,,3.819141914191419e-07,24514,,,,,,,,,
80,,,,,,,,,,24514,0.008012929931282997,,,,,,,,
,,,,,,,,,3.8158415841584156e-07,24519,,,,,,,,,
80,,,,,,,,,,24519,0.03667441010475159,,,,,,,,
,,,,,,,,,3.8125412541254124e-07,24524,,,,,,,,,
80,,,,,,,,,,24524,0.0024227751418948174,,,,,,,,
,,,,,,,,,3.809240924092409e-07,24529,,,,,,,,,
80,,,,,,,,,,24529,0.01644115336239338,,,,,,,,
,,,,,,,,,3.805940594059406e-07,24534,,,,,,,,,
80,,,,,,,,,,24534,0.015366951003670692,,,,,,,,
,,,,,,,,,3.8026402640264027e-07,24539,,,,,,,,,
80,,,,,,,,,,24539,0.003985943738371134,,,,,,,,
80,,,,,,,,,,24542,,0.699999988079071,0.7446808218955994,0.08167526125907898,0.08167526125907898,0.4390893578529358,0.7142857313156128,0.7777777910232544,0.45270681381225586
,,,,,,,,,3.799339933993399e-07,24544,,,,,,,,,
81,,,,,,,,,,24544,0.0176274124532938,,,,,,,,
,,,,,,,,,3.796039603960396e-07,24549,,,,,,,,,
81,,,,,,,,,,24549,0.018340252339839935,,,,,,,,
,,,,,,,,,3.792739273927393e-07,24554,,,,,,,,,
81,,,,,,,,,,24554,0.008132335729897022,,,,,,,,
,,,,,,,,,3.7894389438943893e-07,24559,,,,,,,,,
81,,,,,,,,,,24559,0.005392713472247124,,,,,,,,
,,,,,,,,,3.786138613861386e-07,24564,,,,,,,,,
81,,,,,,,,,,24564,0.02598767913877964,,,,,,,,
,,,,,,,,,3.782838283828383e-07,24569,,,,,,,,,
81,,,,,,,,,,24569,0.006102770566940308,,,,,,,,
,,,,,,,,,3.779537953795379e-07,24574,,,,,,,,,
81,,,,,,,,,,24574,0.0315810889005661,,,,,,,,
,,,,,,,,,3.776237623762376e-07,24579,,,,,,,,,
81,,,,,,,,,,24579,0.01629742793738842,,,,,,,,
,,,,,,,,,3.772937293729373e-07,24584,,,,,,,,,
81,,,,,,,,,,24584,0.006149533204734325,,,,,,,,
,,,,,,,,,3.7696369636963694e-07,24589,,,,,,,,,
81,,,,,,,,,,24589,0.037098634988069534,,,,,,,,
,,,,,,,,,3.766336633663366e-07,24594,,,,,,,,,
81,,,,,,,,,,24594,0.008631274104118347,,,,,,,,
,,,,,,,,,3.763036303630363e-07,24599,,,,,,,,,
81,,,,,,,,,,24599,0.0170349832624197,,,,,,,,
,,,,,,,,,3.759735973597359e-07,24604,,,,,,,,,
81,,,,,,,,,,24604,0.013205214403569698,,,,,,,,
,,,,,,,,,3.7564356435643565e-07,24609,,,,,,,,,
81,,,,,,,,,,24609,0.026137324050068855,,,,,,,,
,,,,,,,,,3.7531353135313533e-07,24614,,,,,,,,,
81,,,,,,,,,,24614,0.012527032755315304,,,,,,,,
,,,,,,,,,3.7498349834983495e-07,24619,,,,,,,,,
81,,,,,,,,,,24619,0.02179148606956005,,,,,,,,
,,,,,,,,,3.7465346534653463e-07,24624,,,,,,,,,
81,,,,,,,,,,24624,0.01650787889957428,,,,,,,,
,,,,,,,,,3.743234323432343e-07,24629,,,,,,,,,
81,,,,,,,,,,24629,0.020408039912581444,,,,,,,,
,,,,,,,,,3.7399339933993393e-07,24634,,,,,,,,,
81,,,,,,,,,,24634,0.01716630719602108,,,,,,,,
,,,,,,,,,3.7366336633663366e-07,24639,,,,,,,,,
81,,,,,,,,,,24639,0.013849006034433842,,,,,,,,
,,,,,,,,,3.7333333333333334e-07,24644,,,,,,,,,
81,,,,,,,,,,24644,0.008729280903935432,,,,,,,,
,,,,,,,,,3.7300330033003297e-07,24649,,,,,,,,,
81,,,,,,,,,,24649,0.014044280163943768,,,,,,,,
,,,,,,,,,3.7267326732673264e-07,24654,,,,,,,,,
81,,,,,,,,,,24654,0.018429594114422798,,,,,,,,
,,,,,,,,,3.723432343234323e-07,24659,,,,,,,,,
81,,,,,,,,,,24659,0.0255624707788229,,,,,,,,
,,,,,,,,,3.72013201320132e-07,24664,,,,,,,,,
81,,,,,,,,,,24664,0.0051318504847586155,,,,,,,,
,,,,,,,,,3.716831683168317e-07,24669,,,,,,,,,
81,,,,,,,,,,24669,0.026663675904273987,,,,,,,,
,,,,,,,,,3.7135313531353135e-07,24674,,,,,,,,,
81,,,,,,,,,,24674,0.022232595831155777,,,,,,,,
,,,,,,,,,3.71023102310231e-07,24679,,,,,,,,,
81,,,,,,,,,,24679,0.01638544537127018,,,,,,,,
,,,,,,,,,3.7069306930693066e-07,24684,,,,,,,,,
81,,,,,,,,,,24684,0.009334461763501167,,,,,,,,
,,,,,,,,,3.703630363036304e-07,24689,,,,,,,,,
81,,,,,,,,,,24689,0.008789490908384323,,,,,,,,
,,,,,,,,,3.7003300330033e-07,24694,,,,,,,,,
81,,,,,,,,,,24694,0.07379839569330215,,,,,,,,
,,,,,,,,,3.697029702970297e-07,24699,,,,,,,,,
81,,,,,,,,,,24699,0.013337374664843082,,,,,,,,
,,,,,,,,,3.6937293729372937e-07,24704,,,,,,,,,
81,,,,,,,,,,24704,0.021530477330088615,,,,,,,,
,,,,,,,,,3.69042904290429e-07,24709,,,,,,,,,
81,,,,,,,,,,24709,0.005310384556651115,,,,,,,,
,,,,,,,,,3.6871287128712867e-07,24714,,,,,,,,,
81,,,,,,,,,,24714,0.007783262524753809,,,,,,,,
,,,,,,,,,3.683828382838284e-07,24719,,,,,,,,,
81,,,,,,,,,,24719,0.010846292600035667,,,,,,,,
,,,,,,,,,3.68052805280528e-07,24724,,,,,,,,,
81,,,,,,,,,,24724,0.01837836764752865,,,,,,,,
,,,,,,,,,3.677227722772277e-07,24729,,,,,,,,,
81,,,,,,,,,,24729,0.015096376650035381,,,,,,,,
,,,,,,,,,3.673927392739274e-07,24734,,,,,,,,,
81,,,,,,,,,,24734,0.004585528280586004,,,,,,,,
,,,,,,,,,3.67062706270627e-07,24739,,,,,,,,,
81,,,,,,,,,,24739,0.018962455913424492,,,,,,,,
,,,,,,,,,3.6673267326732673e-07,24744,,,,,,,,,
81,,,,,,,,,,24744,0.008050919510424137,,,,,,,,
,,,,,,,,,3.664026402640264e-07,24749,,,,,,,,,
81,,,,,,,,,,24749,0.056659746915102005,,,,,,,,
,,,,,,,,,3.6607260726072603e-07,24754,,,,,,,,,
81,,,,,,,,,,24754,0.010087201371788979,,,,,,,,
,,,,,,,,,3.657425742574257e-07,24759,,,,,,,,,
81,,,,,,,,,,24759,0.003583284094929695,,,,,,,,
,,,,,,,,,3.654125412541254e-07,24764,,,,,,,,,
81,,,,,,,,,,24764,0.04074446111917496,,,,,,,,
,,,,,,,,,3.65082508250825e-07,24769,,,,,,,,,
81,,,,,,,,,,24769,0.013343828730285168,,,,,,,,
,,,,,,,,,3.6475247524752474e-07,24774,,,,,,,,,
81,,,,,,,,,,24774,0.021297024562954903,,,,,,,,
,,,,,,,,,3.644224422442244e-07,24779,,,,,,,,,
81,,,,,,,,,,24779,0.009367292746901512,,,,,,,,
,,,,,,,,,3.640924092409241e-07,24784,,,,,,,,,
81,,,,,,,,,,24784,0.012611454352736473,,,,,,,,
,,,,,,,,,3.637623762376237e-07,24789,,,,,,,,,
81,,,,,,,,,,24789,0.029987884685397148,,,,,,,,
,,,,,,,,,3.634323432343234e-07,24794,,,,,,,,,
81,,,,,,,,,,24794,0.039902035146951675,,,,,,,,
,,,,,,,,,3.6310231023102313e-07,24799,,,,,,,,,
81,,,,,,,,,,24799,0.0038192502688616514,,,,,,,,
,,,,,,,,,3.6277227722772276e-07,24804,,,,,,,,,
81,,,,,,,,,,24804,0.028236035257577896,,,,,,,,
,,,,,,,,,3.6244224422442243e-07,24809,,,,,,,,,
81,,,,,,,,,,24809,0.011318022385239601,,,,,,,,
,,,,,,,,,3.621122112211221e-07,24814,,,,,,,,,
81,,,,,,,,,,24814,0.01425257883965969,,,,,,,,
,,,,,,,,,3.6178217821782174e-07,24819,,,,,,,,,
81,,,,,,,,,,24819,0.015180460177361965,,,,,,,,
,,,,,,,,,3.6145214521452147e-07,24824,,,,,,,,,
81,,,,,,,,,,24824,0.009402932599186897,,,,,,,,
,,,,,,,,,3.6112211221122114e-07,24829,,,,,,,,,
81,,,,,,,,,,24829,0.0077619124203920364,,,,,,,,
,,,,,,,,,3.6079207920792077e-07,24834,,,,,,,,,
81,,,,,,,,,,24834,0.053111813962459564,,,,,,,,
,,,,,,,,,3.6046204620462045e-07,24839,,,,,,,,,
81,,,,,,,,,,24839,0.018079150468111038,,,,,,,,
,,,,,,,,,3.601320132013201e-07,24844,,,,,,,,,
81,,,,,,,,,,24844,0.014680133201181889,,,,,,,,
81,,,,,,,,,,24845,,0.6937500238418579,0.7379679083824158,0.08190137892961502,0.08190137892961502,0.4325425326824188,0.7113401889801025,0.7666666507720947,0.44716301560401917
,,,,,,,,,3.5980198019801975e-07,24849,,,,,,,,,
82,,,,,,,,,,24849,0.04490127041935921,,,,,,,,
,,,,,,,,,3.594719471947195e-07,24854,,,,,,,,,
82,,,,,,,,,,24854,0.003158822190016508,,,,,,,,
,,,,,,,,,3.5914191419141916e-07,24859,,,,,,,,,
82,,,,,,,,,,24859,0.015511957928538322,,,,,,,,
,,,,,,,,,3.588118811881188e-07,24864,,,,,,,,,
82,,,,,,,,,,24864,0.017796454951167107,,,,,,,,
,,,,,,,,,3.5848184818481846e-07,24869,,,,,,,,,
82,,,,,,,,,,24869,0.010009611956775188,,,,,,,,
,,,,,,,,,3.5815181518151814e-07,24874,,,,,,,,,
82,,,,,,,,,,24874,0.011642403900623322,,,,,,,,
,,,,,,,,,3.578217821782178e-07,24879,,,,,,,,,
82,,,,,,,,,,24879,0.012899369932711124,,,,,,,,
,,,,,,,,,3.574917491749175e-07,24884,,,,,,,,,
82,,,,,,,,,,24884,0.007552292663604021,,,,,,,,
,,,,,,,,,3.5716171617161717e-07,24889,,,,,,,,,
82,,,,,,,,,,24889,0.006617692764848471,,,,,,,,
,,,,,,,,,3.568316831683168e-07,24894,,,,,,,,,
82,,,,,,,,,,24894,0.03159965202212334,,,,,,,,
,,,,,,,,,3.5650165016501647e-07,24899,,,,,,,,,
82,,,,,,,,,,24899,0.00962938740849495,,,,,,,,
,,,,,,,,,3.561716171617162e-07,24904,,,,,,,,,
82,,,,,,,,,,24904,0.016269855201244354,,,,,,,,
,,,,,,,,,3.558415841584158e-07,24909,,,,,,,,,
82,,,,,,,,,,24909,0.028473999351263046,,,,,,,,
,,,,,,,,,3.555115511551155e-07,24914,,,,,,,,,
82,,,,,,,,,,24914,0.013497906737029552,,,,,,,,
,,,,,,,,,3.551815181518152e-07,24919,,,,,,,,,
82,,,,,,,,,,24919,0.014706762507557869,,,,,,,,
,,,,,,,,,3.548514851485148e-07,24924,,,,,,,,,
82,,,,,,,,,,24924,0.06774851679801941,,,,,,,,
,,,,,,,,,3.545214521452145e-07,24929,,,,,,,,,
82,,,,,,,,,,24929,0.00799267366528511,,,,,,,,
,,,,,,,,,3.541914191419142e-07,24934,,,,,,,,,
82,,,,,,,,,,24934,0.010116464458405972,,,,,,,,
,,,,,,,,,3.5386138613861384e-07,24939,,,,,,,,,
82,,,,,,,,,,24939,0.02536744810640812,,,,,,,,
,,,,,,,,,3.535313531353135e-07,24944,,,,,,,,,
82,,,,,,,,,,24944,0.028263365849852562,,,,,,,,
,,,,,,,,,3.532013201320132e-07,24949,,,,,,,,,
82,,,,,,,,,,24949,0.0058939214795827866,,,,,,,,
,,,,,,,,,3.528712871287128e-07,24954,,,,,,,,,
82,,,,,,,,,,24954,0.017433496192097664,,,,,,,,
,,,,,,,,,3.5254125412541255e-07,24959,,,,,,,,,
82,,,,,,,,,,24959,0.006540555506944656,,,,,,,,
,,,,,,,,,3.522112211221122e-07,24964,,,,,,,,,
82,,,,,,,,,,24964,0.02455892041325569,,,,,,,,
,,,,,,,,,3.5188118811881185e-07,24969,,,,,,,,,
82,,,,,,,,,,24969,0.018852392211556435,,,,,,,,
,,,,,,,,,3.515511551155115e-07,24974,,,,,,,,,
82,,,,,,,,,,24974,0.020423859357833862,,,,,,,,
,,,,,,,,,3.512211221122112e-07,24979,,,,,,,,,
82,,,,,,,,,,24979,0.034575775265693665,,,,,,,,
,,,,,,,,,3.5089108910891083e-07,24984,,,,,,,,,
82,,,,,,,,,,24984,0.03297116979956627,,,,,,,,
,,,,,,,,,3.5056105610561056e-07,24989,,,,,,,,,
82,,,,,,,,,,24989,0.012460741214454174,,,,,,,,
,,,,,,,,,3.5023102310231024e-07,24994,,,,,,,,,
82,,,,,,,,,,24994,0.04185855761170387,,,,,,,,
,,,,,,,,,3.4990099009900986e-07,24999,,,,,,,,,
82,,,,,,,,,,24999,0.004543288145214319,,,,,,,,
,,,,,,,,,3.4957095709570954e-07,25004,,,,,,,,,
82,,,,,,,,,,25004,0.02071094885468483,,,,,,,,
,,,,,,,,,3.492409240924092e-07,25009,,,,,,,,,
82,,,,,,,,,,25009,0.03683031350374222,,,,,,,,
,,,,,,,,,3.489108910891089e-07,25014,,,,,,,,,
82,,,,,,,,,,25014,0.0030071900691837072,,,,,,,,
,,,,,,,,,3.4858085808580857e-07,25019,,,,,,,,,
82,,,,,,,,,,25019,0.016382696107029915,,,,,,,,
,,,,,,,,,3.4825082508250825e-07,25024,,,,,,,,,
82,,,,,,,,,,25024,0.0032259346917271614,,,,,,,,
,,,,,,,,,3.4792079207920787e-07,25029,,,,,,,,,
82,,,,,,,,,,25029,0.00676201144233346,,,,,,,,
,,,,,,,,,3.4759075907590755e-07,25034,,,,,,,,,
82,,,,,,,,,,25034,0.023613719269633293,,,,,,,,
,,,,,,,,,3.472607260726073e-07,25039,,,,,,,,,
82,,,,,,,,,,25039,0.03026464954018593,,,,,,,,
,,,,,,,,,3.469306930693069e-07,25044,,,,,,,,,
82,,,,,,,,,,25044,0.025679582729935646,,,,,,,,
,,,,,,,,,3.466006600660066e-07,25049,,,,,,,,,
82,,,,,,,,,,25049,0.00665099686011672,,,,,,,,
,,,,,,,,,3.4627062706270626e-07,25054,,,,,,,,,
82,,,,,,,,,,25054,0.015338733792304993,,,,,,,,
,,,,,,,,,3.459405940594059e-07,25059,,,,,,,,,
82,,,,,,,,,,25059,0.007228841073811054,,,,,,,,
,,,,,,,,,3.4561056105610556e-07,25064,,,,,,,,,
82,,,,,,,,,,25064,0.006697446573525667,,,,,,,,
,,,,,,,,,3.452805280528053e-07,25069,,,,,,,,,
82,,,,,,,,,,25069,0.023070169612765312,,,,,,,,
,,,,,,,,,3.449504950495049e-07,25074,,,,,,,,,
82,,,,,,,,,,25074,0.007842469960451126,,,,,,,,
,,,,,,,,,3.446204620462046e-07,25079,,,,,,,,,
82,,,,,,,,,,25079,0.014785680919885635,,,,,,,,
,,,,,,,,,3.4429042904290427e-07,25084,,,,,,,,,
82,,,,,,,,,,25084,0.024206215515732765,,,,,,,,
,,,,,,,,,3.439603960396039e-07,25089,,,,,,,,,
82,,,,,,,,,,25089,0.019822053611278534,,,,,,,,
,,,,,,,,,3.4363036303630363e-07,25094,,,,,,,,,
82,,,,,,,,,,25094,0.01402032095938921,,,,,,,,
,,,,,,,,,3.433003300330033e-07,25099,,,,,,,,,
82,,,,,,,,,,25099,0.01949196308851242,,,,,,,,
,,,,,,,,,3.42970297029703e-07,25104,,,,,,,,,
82,,,,,,,,,,25104,0.0290908832103014,,,,,,,,
,,,,,,,,,3.426402640264026e-07,25109,,,,,,,,,
82,,,,,,,,,,25109,0.01345770712941885,,,,,,,,
,,,,,,,,,3.423102310231023e-07,25114,,,,,,,,,
82,,,,,,,,,,25114,0.02388010546565056,,,,,,,,
,,,,,,,,,3.41980198019802e-07,25119,,,,,,,,,
82,,,,,,,,,,25119,0.013871653936803341,,,,,,,,
,,,,,,,,,3.4165016501650164e-07,25124,,,,,,,,,
82,,,,,,,,,,25124,0.012957406230270863,,,,,,,,
,,,,,,,,,3.413201320132013e-07,25129,,,,,,,,,
82,,,,,,,,,,25129,0.01955340802669525,,,,,,,,
,,,,,,,,,3.40990099009901e-07,25134,,,,,,,,,
82,,,,,,,,,,25134,0.02968909777700901,,,,,,,,
,,,,,,,,,3.406600660066006e-07,25139,,,,,,,,,
82,,,,,,,,,,25139,0.014873773790895939,,,,,,,,
,,,,,,,,,3.403300330033003e-07,25144,,,,,,,,,
82,,,,,,,,,,25144,0.005716636311262846,,,,,,,,
82,,,,,,,,,,25148,,0.6875,0.7311828136444092,0.08379722386598587,0.08379722386598587,0.4266718924045563,0.7083333134651184,0.7555555701255798,0.43971410393714905
,,,,,,,,,3.4000000000000003e-07,25149,,,,,,,,,
83,,,,,,,,,,25149,0.00916494894772768,,,,,,,,
,,,,,,,,,3.3966996699669965e-07,25154,,,,,,,,,
83,,,,,,,,,,25154,0.01427669357508421,,,,,,,,
,,,,,,,,,3.3933993399339933e-07,25159,,,,,,,,,
83,,,,,,,,,,25159,0.035573430359363556,,,,,,,,
,,,,,,,,,3.39009900990099e-07,25164,,,,,,,,,
83,,,,,,,,,,25164,0.006390786729753017,,,,,,,,
,,,,,,,,,3.3867986798679863e-07,25169,,,,,,,,,
83,,,,,,,,,,25169,0.017234420403838158,,,,,,,,
,,,,,,,,,3.3834983498349836e-07,25174,,,,,,,,,
83,,,,,,,,,,25174,0.016597408801317215,,,,,,,,
,,,,,,,,,3.3801980198019804e-07,25179,,,,,,,,,
83,,,,,,,,,,25179,0.011863320134580135,,,,,,,,
,,,,,,,,,3.3768976897689766e-07,25184,,,,,,,,,
83,,,,,,,,,,25184,0.0055202944204211235,,,,,,,,
,,,,,,,,,3.3735973597359734e-07,25189,,,,,,,,,
83,,,,,,,,,,25189,0.0125349760055542,,,,,,,,
,,,,,,,,,3.37029702970297e-07,25194,,,,,,,,,
83,,,,,,,,,,25194,0.0069305566139519215,,,,,,,,
,,,,,,,,,3.3669966996699664e-07,25199,,,,,,,,,
83,,,,,,,,,,25199,0.0038355677388608456,,,,,,,,
,,,,,,,,,3.3636963696369637e-07,25204,,,,,,,,,
83,,,,,,,,,,25204,0.008872726000845432,,,,,,,,
,,,,,,,,,3.3603960396039605e-07,25209,,,,,,,,,
83,,,,,,,,,,25209,0.02099568583071232,,,,,,,,
,,,,,,,,,3.357095709570957e-07,25214,,,,,,,,,
83,,,,,,,,,,25214,0.04256727546453476,,,,,,,,
,,,,,,,,,3.3537953795379535e-07,25219,,,,,,,,,
83,,,,,,,,,,25219,0.014223224483430386,,,,,,,,
,,,,,,,,,3.3504950495049503e-07,25224,,,,,,,,,
83,,,,,,,,,,25224,0.014530278742313385,,,,,,,,
,,,,,,,,,3.347194719471947e-07,25229,,,,,,,,,
83,,,,,,,,,,25229,0.013838175684213638,,,,,,,,
,,,,,,,,,3.343894389438944e-07,25234,,,,,,,,,
83,,,,,,,,,,25234,0.012338210828602314,,,,,,,,
,,,,,,,,,3.3405940594059406e-07,25239,,,,,,,,,
83,,,,,,,,,,25239,0.012989402748644352,,,,,,,,
,,,,,,,,,3.337293729372937e-07,25244,,,,,,,,,
83,,,,,,,,,,25244,0.004282438196241856,,,,,,,,
,,,,,,,,,3.3339933993399337e-07,25249,,,,,,,,,
83,,,,,,,,,,25249,0.030229618772864342,,,,,,,,
,,,,,,,,,3.330693069306931e-07,25254,,,,,,,,,
83,,,,,,,,,,25254,0.05394584685564041,,,,,,,,
,,,,,,,,,3.327392739273927e-07,25259,,,,,,,,,
83,,,,,,,,,,25259,0.026434827595949173,,,,,,,,
,,,,,,,,,3.324092409240924e-07,25264,,,,,,,,,
83,,,,,,,,,,25264,0.02469245158135891,,,,,,,,
,,,,,,,,,3.320792079207921e-07,25269,,,,,,,,,
83,,,,,,,,,,25269,0.012131130322813988,,,,,,,,
,,,,,,,,,3.317491749174917e-07,25274,,,,,,,,,
83,,,,,,,,,,25274,0.016428472474217415,,,,,,,,
,,,,,,,,,3.314191419141914e-07,25279,,,,,,,,,
83,,,,,,,,,,25279,0.025506198406219482,,,,,,,,
,,,,,,,,,3.310891089108911e-07,25284,,,,,,,,,
83,,,,,,,,,,25284,0.026218963786959648,,,,,,,,
,,,,,,,,,3.3075907590759073e-07,25289,,,,,,,,,
83,,,,,,,,,,25289,0.023403378203511238,,,,,,,,
,,,,,,,,,3.304290429042904e-07,25294,,,,,,,,,
83,,,,,,,,,,25294,0.01101033203303814,,,,,,,,
,,,,,,,,,3.300990099009901e-07,25299,,,,,,,,,
83,,,,,,,,,,25299,0.009862642735242844,,,,,,,,
,,,,,,,,,3.297689768976897e-07,25304,,,,,,,,,
83,,,,,,,,,,25304,0.005225162021815777,,,,,,,,
,,,,,,,,,3.2943894389438944e-07,25309,,,,,,,,,
83,,,,,,,,,,25309,0.07044000178575516,,,,,,,,
,,,,,,,,,3.291089108910891e-07,25314,,,,,,,,,
83,,,,,,,,,,25314,0.012152940966188908,,,,,,,,
,,,,,,,,,3.2877887788778874e-07,25319,,,,,,,,,
83,,,,,,,,,,25319,0.015396726317703724,,,,,,,,
,,,,,,,,,3.284488448844884e-07,25324,,,,,,,,,
83,,,,,,,,,,25324,0.018109628930687904,,,,,,,,
,,,,,,,,,3.281188118811881e-07,25329,,,,,,,,,
83,,,,,,,,,,25329,0.018566042184829712,,,,,,,,
,,,,,,,,,3.277887788778878e-07,25334,,,,,,,,,
83,,,,,,,,,,25334,0.012264884077012539,,,,,,,,
,,,,,,,,,3.2745874587458745e-07,25339,,,,,,,,,
83,,,,,,,,,,25339,0.012704593129456043,,,,,,,,
,,,,,,,,,3.2712871287128713e-07,25344,,,,,,,,,
83,,,,,,,,,,25344,0.025950467213988304,,,,,,,,
,,,,,,,,,3.2679867986798676e-07,25349,,,,,,,,,
83,,,,,,,,,,25349,0.029025552794337273,,,,,,,,
,,,,,,,,,3.2646864686468643e-07,25354,,,,,,,,,
83,,,,,,,,,,25354,0.017785266041755676,,,,,,,,
,,,,,,,,,3.261386138613861e-07,25359,,,,,,,,,
83,,,,,,,,,,25359,0.008249652571976185,,,,,,,,
,,,,,,,,,3.258085808580858e-07,25364,,,,,,,,,
83,,,,,,,,,,25364,0.02423367276787758,,,,,,,,
,,,,,,,,,3.2547854785478547e-07,25369,,,,,,,,,
83,,,,,,,,,,25369,0.012851146049797535,,,,,,,,
,,,,,,,,,3.2514851485148514e-07,25374,,,,,,,,,
83,,,,,,,,,,25374,0.019499989226460457,,,,,,,,
,,,,,,,,,3.2481848184818477e-07,25379,,,,,,,,,
83,,,,,,,,,,25379,0.018620768561959267,,,,,,,,
,,,,,,,,,3.2448844884488445e-07,25384,,,,,,,,,
83,,,,,,,,,,25384,0.003212536685168743,,,,,,,,
,,,,,,,,,3.241584158415842e-07,25389,,,,,,,,,
83,,,,,,,,,,25389,0.00972575880587101,,,,,,,,
,,,,,,,,,3.238283828382838e-07,25394,,,,,,,,,
83,,,,,,,,,,25394,0.043154776096343994,,,,,,,,
,,,,,,,,,3.234983498349835e-07,25399,,,,,,,,,
83,,,,,,,,,,25399,0.013870595023036003,,,,,,,,
,,,,,,,,,3.2316831683168316e-07,25404,,,,,,,,,
83,,,,,,,,,,25404,0.018428901210427284,,,,,,,,
,,,,,,,,,3.2283828382838283e-07,25409,,,,,,,,,
83,,,,,,,,,,25409,0.0075106313452124596,,,,,,,,
,,,,,,,,,3.2250825082508246e-07,25414,,,,,,,,,
83,,,,,,,,,,25414,0.012898311018943787,,,,,,,,
,,,,,,,,,3.221782178217822e-07,25419,,,,,,,,,
83,,,,,,,,,,25419,0.01166175864636898,,,,,,,,
,,,,,,,,,3.2184818481848187e-07,25424,,,,,,,,,
83,,,,,,,,,,25424,0.01663178950548172,,,,,,,,
,,,,,,,,,3.215181518151815e-07,25429,,,,,,,,,
83,,,,,,,,,,25429,0.01958637312054634,,,,,,,,
,,,,,,,,,3.2118811881188117e-07,25434,,,,,,,,,
83,,,,,,,,,,25434,0.026637447997927666,,,,,,,,
,,,,,,,,,3.2085808580858085e-07,25439,,,,,,,,,
83,,,,,,,,,,25439,0.028602752834558487,,,,,,,,
,,,,,,,,,3.205280528052805e-07,25444,,,,,,,,,
83,,,,,,,,,,25444,0.021237188950181007,,,,,,,,
,,,,,,,,,3.201980198019802e-07,25449,,,,,,,,,
83,,,,,,,,,,25449,0.021320698782801628,,,,,,,,
83,,,,,,,,,,25451,,0.699999988079071,0.7362637519836426,0.08246216177940369,0.08246216177940369,0.42598456144332886,0.72826087474823,0.7444444298744202,0.4444175362586975
,,,,,,,,,3.198679867986799e-07,25454,,,,,,,,,
84,,,,,,,,,,25454,0.011309999041259289,,,,,,,,
,,,,,,,,,3.195379537953795e-07,25459,,,,,,,,,
84,,,,,,,,,,25459,0.016222503036260605,,,,,,,,
,,,,,,,,,3.192079207920792e-07,25464,,,,,,,,,
84,,,,,,,,,,25464,0.04925822839140892,,,,,,,,
,,,,,,,,,3.188778877887789e-07,25469,,,,,,,,,
84,,,,,,,,,,25469,0.0015890218783169985,,,,,,,,
,,,,,,,,,3.1854785478547853e-07,25474,,,,,,,,,
84,,,,,,,,,,25474,0.034253742545843124,,,,,,,,
,,,,,,,,,3.182178217821782e-07,25479,,,,,,,,,
84,,,,,,,,,,25479,0.00986161082983017,,,,,,,,
,,,,,,,,,3.178877887788779e-07,25484,,,,,,,,,
84,,,,,,,,,,25484,0.01050037331879139,,,,,,,,
,,,,,,,,,3.175577557755775e-07,25489,,,,,,,,,
84,,,,,,,,,,25489,0.01344119943678379,,,,,,,,
,,,,,,,,,3.172277227722772e-07,25494,,,,,,,,,
84,,,,,,,,,,25494,0.009044874459505081,,,,,,,,
,,,,,,,,,3.168976897689769e-07,25499,,,,,,,,,
84,,,,,,,,,,25499,0.03193105757236481,,,,,,,,
,,,,,,,,,3.1656765676567655e-07,25504,,,,,,,,,
84,,,,,,,,,,25504,0.019505878910422325,,,,,,,,
,,,,,,,,,3.162376237623762e-07,25509,,,,,,,,,
84,,,,,,,,,,25509,0.013042286038398743,,,,,,,,
,,,,,,,,,3.159075907590759e-07,25514,,,,,,,,,
84,,,,,,,,,,25514,0.007490641437470913,,,,,,,,
,,,,,,,,,3.155775577557755e-07,25519,,,,,,,,,
84,,,,,,,,,,25519,0.013112478889524937,,,,,,,,
,,,,,,,,,3.1524752475247526e-07,25524,,,,,,,,,
84,,,,,,,,,,25524,0.02296609804034233,,,,,,,,
,,,,,,,,,3.1491749174917493e-07,25529,,,,,,,,,
84,,,,,,,,,,25529,0.007499403785914183,,,,,,,,
,,,,,,,,,3.1458745874587456e-07,25534,,,,,,,,,
84,,,,,,,,,,25534,0.010281205177307129,,,,,,,,
,,,,,,,,,3.1425742574257424e-07,25539,,,,,,,,,
84,,,,,,,,,,25539,0.006269640289247036,,,,,,,,
,,,,,,,,,3.139273927392739e-07,25544,,,,,,,,,
84,,,,,,,,,,25544,0.008459614589810371,,,,,,,,
,,,,,,,,,3.135973597359736e-07,25549,,,,,,,,,
84,,,,,,,,,,25549,0.028284193947911263,,,,,,,,
,,,,,,,,,3.1326732673267327e-07,25554,,,,,,,,,
84,,,,,,,,,,25554,0.009260951541364193,,,,,,,,
,,,,,,,,,3.1293729372937295e-07,25559,,,,,,,,,
84,,,,,,,,,,25559,0.015820154920220375,,,,,,,,
,,,,,,,,,3.1260726072607257e-07,25564,,,,,,,,,
84,,,,,,,,,,25564,0.01684175617992878,,,,,,,,
,,,,,,,,,3.1227722772277225e-07,25569,,,,,,,,,
84,,,,,,,,,,25569,0.02781505323946476,,,,,,,,
,,,,,,,,,3.119471947194719e-07,25574,,,,,,,,,
84,,,,,,,,,,25574,0.01765543222427368,,,,,,,,
,,,,,,,,,3.116171617161716e-07,25579,,,,,,,,,
84,,,,,,,,,,25579,0.02006857842206955,,,,,,,,
,,,,,,,,,3.112871287128713e-07,25584,,,,,,,,,
84,,,,,,,,,,25584,0.023838713765144348,,,,,,,,
,,,,,,,,,3.1095709570957096e-07,25589,,,,,,,,,
84,,,,,,,,,,25589,0.01270313747227192,,,,,,,,
,,,,,,,,,3.106270627062706e-07,25594,,,,,,,,,
84,,,,,,,,,,25594,0.06269922107458115,,,,,,,,
,,,,,,,,,3.1029702970297026e-07,25599,,,,,,,,,
84,,,,,,,,,,25599,0.012567331083118916,,,,,,,,
,,,,,,,,,3.0996699669967e-07,25604,,,,,,,,,
84,,,,,,,,,,25604,0.05113038048148155,,,,,,,,
,,,,,,,,,3.096369636963696e-07,25609,,,,,,,,,
84,,,,,,,,,,25609,0.009274091571569443,,,,,,,,
,,,,,,,,,3.093069306930693e-07,25614,,,,,,,,,
84,,,,,,,,,,25614,0.015541051514446735,,,,,,,,
,,,,,,,,,3.0897689768976897e-07,25619,,,,,,,,,
84,,,,,,,,,,25619,0.014625398442149162,,,,,,,,
,,,,,,,,,3.086468646864686e-07,25624,,,,,,,,,
84,,,,,,,,,,25624,0.025206804275512695,,,,,,,,
,,,,,,,,,3.083168316831683e-07,25629,,,,,,,,,
84,,,,,,,,,,25629,0.010777270421385765,,,,,,,,
,,,,,,,,,3.07986798679868e-07,25634,,,,,,,,,
84,,,,,,,,,,25634,0.012770146131515503,,,,,,,,
,,,,,,,,,3.0765676567656763e-07,25639,,,,,,,,,
84,,,,,,,,,,25639,0.007780368439853191,,,,,,,,
,,,,,,,,,3.073267326732673e-07,25644,,,,,,,,,
84,,,,,,,,,,25644,0.0034599043428897858,,,,,,,,
,,,,,,,,,3.06996699669967e-07,25649,,,,,,,,,
84,,,,,,,,,,25649,0.015969563275575638,,,,,,,,
,,,,,,,,,3.066666666666666e-07,25654,,,,,,,,,
84,,,,,,,,,,25654,0.006024537142366171,,,,,,,,
,,,,,,,,,3.0633663366336634e-07,25659,,,,,,,,,
84,,,,,,,,,,25659,0.03514702245593071,,,,,,,,
,,,,,,,,,3.06006600660066e-07,25664,,,,,,,,,
84,,,,,,,,,,25664,0.03378339856863022,,,,,,,,
,,,,,,,,,3.0567656765676564e-07,25669,,,,,,,,,
84,,,,,,,,,,25669,0.038982998579740524,,,,,,,,
,,,,,,,,,3.053465346534653e-07,25674,,,,,,,,,
84,,,,,,,,,,25674,0.01689702644944191,,,,,,,,
,,,,,,,,,3.05016501650165e-07,25679,,,,,,,,,
84,,,,,,,,,,25679,0.004182823467999697,,,,,,,,
,,,,,,,,,3.0468646864686467e-07,25684,,,,,,,,,
84,,,,,,,,,,25684,0.03630707785487175,,,,,,,,
,,,,,,,,,3.0435643564356435e-07,25689,,,,,,,,,
84,,,,,,,,,,25689,0.02396584115922451,,,,,,,,
,,,,,,,,,3.0402640264026403e-07,25694,,,,,,,,,
84,,,,,,,,,,25694,0.016678767278790474,,,,,,,,
,,,,,,,,,3.0369636963696365e-07,25699,,,,,,,,,
84,,,,,,,,,,25699,0.007788992952555418,,,,,,,,
,,,,,,,,,3.0336633663366333e-07,25704,,,,,,,,,
84,,,,,,,,,,25704,0.012859216891229153,,,,,,,,
,,,,,,,,,3.03036303630363e-07,25709,,,,,,,,,
84,,,,,,,,,,25709,0.0248173289000988,,,,,,,,
,,,,,,,,,3.027062706270627e-07,25714,,,,,,,,,
84,,,,,,,,,,25714,0.024359581992030144,,,,,,,,
,,,,,,,,,3.0237623762376236e-07,25719,,,,,,,,,
84,,,,,,,,,,25719,0.007929448038339615,,,,,,,,
,,,,,,,,,3.0204620462046204e-07,25724,,,,,,,,,
84,,,,,,,,,,25724,0.004601432941854,,,,,,,,
,,,,,,,,,3.017161716171617e-07,25729,,,,,,,,,
84,,,,,,,,,,25729,0.0071968561969697475,,,,,,,,
,,,,,,,,,3.0138613861386134e-07,25734,,,,,,,,,
84,,,,,,,,,,25734,0.0086918193846941,,,,,,,,
,,,,,,,,,3.0105610561056107e-07,25739,,,,,,,,,
84,,,,,,,,,,25739,0.02599019557237625,,,,,,,,
,,,,,,,,,3.0072607260726075e-07,25744,,,,,,,,,
84,,,,,,,,,,25744,0.01670313999056816,,,,,,,,
,,,,,,,,,3.0039603960396037e-07,25749,,,,,,,,,
84,,,,,,,,,,25749,0.03482414782047272,,,,,,,,
,,,,,,,,,3.0006600660066005e-07,25754,,,,,,,,,
84,,,,,,,,,,25754,0.03229476511478424,,,,,,,,
84,,,,,,,,,,25754,,0.6875,0.72826087474823,0.08259020745754242,0.08259020745754242,0.4247913360595703,0.7127659320831299,0.7444444298744202,0.4374716579914093
,,,,,,,,,2.9973597359735973e-07,25759,,,,,,,,,
85,,,,,,,,,,25759,0.028592023998498917,,,,,,,,
,,,,,,,,,2.994059405940594e-07,25764,,,,,,,,,
85,,,,,,,,,,25764,0.012411864474415779,,,,,,,,
,,,,,,,,,2.990759075907591e-07,25769,,,,,,,,,
85,,,,,,,,,,25769,0.0385901965200901,,,,,,,,
,,,,,,,,,2.9874587458745876e-07,25774,,,,,,,,,
85,,,,,,,,,,25774,0.03355986624956131,,,,,,,,
,,,,,,,,,2.984158415841584e-07,25779,,,,,,,,,
85,,,,,,,,,,25779,0.030001096427440643,,,,,,,,
,,,,,,,,,2.9808580858085806e-07,25784,,,,,,,,,
85,,,,,,,,,,25784,0.013926315121352673,,,,,,,,
,,,,,,,,,2.9775577557755774e-07,25789,,,,,,,,,
85,,,,,,,,,,25789,0.0077346437610685825,,,,,,,,
,,,,,,,,,2.974257425742574e-07,25794,,,,,,,,,
85,,,,,,,,,,25794,0.02036934345960617,,,,,,,,
,,,,,,,,,2.970957095709571e-07,25799,,,,,,,,,
85,,,,,,,,,,25799,0.009579912759363651,,,,,,,,
,,,,,,,,,2.9676567656765677e-07,25804,,,,,,,,,
85,,,,,,,,,,25804,0.0016012880951166153,,,,,,,,
,,,,,,,,,2.964356435643564e-07,25809,,,,,,,,,
85,,,,,,,,,,25809,0.015652138739824295,,,,,,,,
,,,,,,,,,2.961056105610561e-07,25814,,,,,,,,,
85,,,,,,,,,,25814,0.1087687686085701,,,,,,,,
,,,,,,,,,2.957755775577558e-07,25819,,,,,,,,,
85,,,,,,,,,,25819,0.01471500564366579,,,,,,,,
,,,,,,,,,2.9544554455445543e-07,25824,,,,,,,,,
85,,,,,,,,,,25824,0.008718157187104225,,,,,,,,
,,,,,,,,,2.951155115511551e-07,25829,,,,,,,,,
85,,,,,,,,,,25829,0.009715749882161617,,,,,,,,
,,,,,,,,,2.947854785478548e-07,25834,,,,,,,,,
85,,,,,,,,,,25834,0.012167233973741531,,,,,,,,
,,,,,,,,,2.944554455445544e-07,25839,,,,,,,,,
85,,,,,,,,,,25839,0.008258874528110027,,,,,,,,
,,,,,,,,,2.9412541254125414e-07,25844,,,,,,,,,
85,,,,,,,,,,25844,0.006119152065366507,,,,,,,,
,,,,,,,,,2.937953795379538e-07,25849,,,,,,,,,
85,,,,,,,,,,25849,0.0035314038395881653,,,,,,,,
,,,,,,,,,2.9346534653465344e-07,25854,,,,,,,,,
85,,,,,,,,,,25854,0.006403820123523474,,,,,,,,
,,,,,,,,,2.931353135313531e-07,25859,,,,,,,,,
85,,,,,,,,,,25859,0.006068866699934006,,,,,,,,
,,,,,,,,,2.928052805280528e-07,25864,,,,,,,,,
85,,,,,,,,,,25864,0.022557303309440613,,,,,,,,
,,,,,,,,,2.924752475247524e-07,25869,,,,,,,,,
85,,,,,,,,,,25869,0.003606092184782028,,,,,,,,
,,,,,,,,,2.9214521452145215e-07,25874,,,,,,,,,
85,,,,,,,,,,25874,0.0034509028773754835,,,,,,,,
,,,,,,,,,2.9181518151815183e-07,25879,,,,,,,,,
85,,,,,,,,,,25879,0.046898938715457916,,,,,,,,
,,,,,,,,,2.9148514851485145e-07,25884,,,,,,,,,
85,,,,,,,,,,25884,0.006422975566238165,,,,,,,,
,,,,,,,,,2.9115511551155113e-07,25889,,,,,,,,,
85,,,,,,,,,,25889,0.024495700374245644,,,,,,,,
,,,,,,,,,2.908250825082508e-07,25894,,,,,,,,,
85,,,,,,,,,,25894,0.018050935119390488,,,,,,,,
,,,,,,,,,2.904950495049505e-07,25899,,,,,,,,,
85,,,,,,,,,,25899,0.02448102831840515,,,,,,,,
,,,,,,,,,2.9016501650165016e-07,25904,,,,,,,,,
85,,,,,,,,,,25904,0.007972313091158867,,,,,,,,
,,,,,,,,,2.8983498349834984e-07,25909,,,,,,,,,
85,,,,,,,,,,25909,0.0407918356359005,,,,,,,,
,,,,,,,,,2.8950495049504947e-07,25914,,,,,,,,,
85,,,,,,,,,,25914,0.008122344501316547,,,,,,,,
,,,,,,,,,2.8917491749174914e-07,25919,,,,,,,,,
85,,,,,,,,,,25919,0.006256529130041599,,,,,,,,
,,,,,,,,,2.888448844884489e-07,25924,,,,,,,,,
85,,,,,,,,,,25924,0.022155674174427986,,,,,,,,
,,,,,,,,,2.885148514851485e-07,25929,,,,,,,,,
85,,,,,,,,,,25929,0.015890661627054214,,,,,,,,
,,,,,,,,,2.881848184818482e-07,25934,,,,,,,,,
85,,,,,,,,,,25934,0.013821418397128582,,,,,,,,
,,,,,,,,,2.8785478547854785e-07,25939,,,,,,,,,
85,,,,,,,,,,25939,0.006600025575608015,,,,,,,,
,,,,,,,,,2.875247524752475e-07,25944,,,,,,,,,
85,,,,,,,,,,25944,0.015344900079071522,,,,,,,,
,,,,,,,,,2.8719471947194716e-07,25949,,,,,,,,,
85,,,,,,,,,,25949,0.015622120350599289,,,,,,,,
,,,,,,,,,2.868646864686469e-07,25954,,,,,,,,,
85,,,,,,,,,,25954,0.010044745169579983,,,,,,,,
,,,,,,,,,2.865346534653465e-07,25959,,,,,,,,,
85,,,,,,,,,,25959,0.02032284624874592,,,,,,,,
,,,,,,,,,2.862046204620462e-07,25964,,,,,,,,,
85,,,,,,,,,,25964,0.026892589405179024,,,,,,,,
,,,,,,,,,2.8587458745874587e-07,25969,,,,,,,,,
85,,,,,,,,,,25969,0.010321632027626038,,,,,,,,
,,,,,,,,,2.855445544554455e-07,25974,,,,,,,,,
85,,,,,,,,,,25974,0.013466494157910347,,,,,,,,
,,,,,,,,,2.852145214521452e-07,25979,,,,,,,,,
85,,,,,,,,,,25979,0.013089083135128021,,,,,,,,
,,,,,,,,,2.848844884488449e-07,25984,,,,,,,,,
85,,,,,,,,,,25984,0.010086115449666977,,,,,,,,
,,,,,,,,,2.845544554455445e-07,25989,,,,,,,,,
85,,,,,,,,,,25989,0.030845586210489273,,,,,,,,
,,,,,,,,,2.842244224422442e-07,25994,,,,,,,,,
85,,,,,,,,,,25994,0.004938094411045313,,,,,,,,
,,,,,,,,,2.838943894389439e-07,25999,,,,,,,,,
85,,,,,,,,,,25999,0.009361005388200283,,,,,,,,
,,,,,,,,,2.835643564356435e-07,26004,,,,,,,,,
85,,,,,,,,,,26004,0.005572927184402943,,,,,,,,
,,,,,,,,,2.8323432343234323e-07,26009,,,,,,,,,
85,,,,,,,,,,26009,0.015234541147947311,,,,,,,,
,,,,,,,,,2.829042904290429e-07,26014,,,,,,,,,
85,,,,,,,,,,26014,0.00946409348398447,,,,,,,,
,,,,,,,,,2.8257425742574253e-07,26019,,,,,,,,,
85,,,,,,,,,,26019,0.012194948270916939,,,,,,,,
,,,,,,,,,2.822442244224422e-07,26024,,,,,,,,,
85,,,,,,,,,,26024,0.022158363834023476,,,,,,,,
,,,,,,,,,2.819141914191419e-07,26029,,,,,,,,,
85,,,,,,,,,,26029,0.011654513888061047,,,,,,,,
,,,,,,,,,2.8158415841584157e-07,26034,,,,,,,,,
85,,,,,,,,,,26034,0.01977279968559742,,,,,,,,
,,,,,,,,,2.8125412541254124e-07,26039,,,,,,,,,
85,,,,,,,,,,26039,0.010412979871034622,,,,,,,,
,,,,,,,,,2.809240924092409e-07,26044,,,,,,,,,
85,,,,,,,,,,26044,0.029103664681315422,,,,,,,,
,,,,,,,,,2.805940594059406e-07,26049,,,,,,,,,
85,,,,,,,,,,26049,0.006988706067204475,,,,,,,,
,,,,,,,,,2.802640264026402e-07,26054,,,,,,,,,
85,,,,,,,,,,26054,0.007245324552059174,,,,,,,,
85,,,,,,,,,,26057,,0.6937500238418579,0.7379679083824158,0.08354286849498749,0.08354286849498749,0.4341513216495514,0.7113401889801025,0.7666666507720947,0.4482116401195526
,,,,,,,,,2.7993399339933995e-07,26059,,,,,,,,,
86,,,,,,,,,,26059,0.03242563456296921,,,,,,,,
,,,,,,,,,2.7960396039603963e-07,26064,,,,,,,,,
86,,,,,,,,,,26064,0.01907186768949032,,,,,,,,
,,,,,,,,,2.7927392739273926e-07,26069,,,,,,,,,
86,,,,,,,,,,26069,0.017273327335715294,,,,,,,,
,,,,,,,,,2.7894389438943893e-07,26074,,,,,,,,,
86,,,,,,,,,,26074,0.01839814893901348,,,,,,,,
,,,,,,,,,2.786138613861386e-07,26079,,,,,,,,,
86,,,,,,,,,,26079,0.022731643170118332,,,,,,,,
,,,,,,,,,2.7828382838283824e-07,26084,,,,,,,,,
86,,,,,,,,,,26084,0.014344761148095131,,,,,,,,
,,,,,,,,,2.7795379537953797e-07,26089,,,,,,,,,
86,,,,,,,,,,26089,0.004059864208102226,,,,,,,,
,,,,,,,,,2.7762376237623764e-07,26094,,,,,,,,,
86,,,,,,,,,,26094,0.006605466827750206,,,,,,,,
,,,,,,,,,2.7729372937293727e-07,26099,,,,,,,,,
86,,,,,,,,,,26099,0.02111273631453514,,,,,,,,
,,,,,,,,,2.7696369636963695e-07,26104,,,,,,,,,
86,,,,,,,,,,26104,0.015850264579057693,,,,,,,,
,,,,,,,,,2.766336633663366e-07,26109,,,,,,,,,
86,,,,,,,,,,26109,0.016055427491664886,,,,,,,,
,,,,,,,,,2.763036303630363e-07,26114,,,,,,,,,
86,,,,,,,,,,26114,0.018747134134173393,,,,,,,,
,,,,,,,,,2.75973597359736e-07,26119,,,,,,,,,
86,,,,,,,,,,26119,0.03133451193571091,,,,,,,,
,,,,,,,,,2.7564356435643566e-07,26124,,,,,,,,,
86,,,,,,,,,,26124,0.024589765816926956,,,,,,,,
,,,,,,,,,2.753135313531353e-07,26129,,,,,,,,,
86,,,,,,,,,,26129,0.016992470249533653,,,,,,,,
,,,,,,,,,2.7498349834983496e-07,26134,,,,,,,,,
86,,,,,,,,,,26134,0.01361317839473486,,,,,,,,
,,,,,,,,,2.746534653465347e-07,26139,,,,,,,,,
86,,,,,,,,,,26139,0.006956292781978846,,,,,,,,
,,,,,,,,,2.743234323432343e-07,26144,,,,,,,,,
86,,,,,,,,,,26144,0.018025582656264305,,,,,,,,
,,,,,,,,,2.73993399339934e-07,26149,,,,,,,,,
86,,,,,,,,,,26149,0.02862834557890892,,,,,,,,
,,,,,,,,,2.7366336633663367e-07,26154,,,,,,,,,
86,,,,,,,,,,26154,0.026032501831650734,,,,,,,,
,,,,,,,,,2.733333333333333e-07,26159,,,,,,,,,
86,,,,,,,,,,26159,0.024891063570976257,,,,,,,,
,,,,,,,,,2.7300330033003297e-07,26164,,,,,,,,,
86,,,,,,,,,,26164,0.011555692180991173,,,,,,,,
,,,,,,,,,2.726732673267327e-07,26169,,,,,,,,,
86,,,,,,,,,,26169,0.0043550957925617695,,,,,,,,
,,,,,,,,,2.723432343234323e-07,26174,,,,,,,,,
86,,,,,,,,,,26174,0.0036791483871638775,,,,,,,,
,,,,,,,,,2.72013201320132e-07,26179,,,,,,,,,
86,,,,,,,,,,26179,0.004855978302657604,,,,,,,,
,,,,,,,,,2.716831683168317e-07,26184,,,,,,,,,
86,,,,,,,,,,26184,0.05173194408416748,,,,,,,,
,,,,,,,,,2.713531353135313e-07,26189,,,,,,,,,
86,,,,,,,,,,26189,0.0045838369987905025,,,,,,,,
,,,,,,,,,2.7102310231023104e-07,26194,,,,,,,,,
86,,,,,,,,,,26194,0.005310945212841034,,,,,,,,
,,,,,,,,,2.706930693069307e-07,26199,,,,,,,,,
86,,,,,,,,,,26199,0.016756948083639145,,,,,,,,
,,,,,,,,,2.7036303630363034e-07,26204,,,,,,,,,
86,,,,,,,,,,26204,0.005995634011924267,,,,,,,,
,,,,,,,,,2.7003300330033e-07,26209,,,,,,,,,
86,,,,,,,,,,26209,0.014702662825584412,,,,,,,,
,,,,,,,,,2.697029702970297e-07,26214,,,,,,,,,
86,,,,,,,,,,26214,0.009030400775372982,,,,,,,,
,,,,,,,,,2.693729372937293e-07,26219,,,,,,,,,
86,,,,,,,,,,26219,0.005510725546628237,,,,,,,,
,,,,,,,,,2.6904290429042905e-07,26224,,,,,,,,,
86,,,,,,,,,,26224,0.007611233741044998,,,,,,,,
,,,,,,,,,2.687128712871287e-07,26229,,,,,,,,,
86,,,,,,,,,,26229,0.02534344606101513,,,,,,,,
,,,,,,,,,2.6838283828382835e-07,26234,,,,,,,,,
86,,,,,,,,,,26234,0.030193880200386047,,,,,,,,
,,,,,,,,,2.6805280528052803e-07,26239,,,,,,,,,
86,,,,,,,,,,26239,0.002640753984451294,,,,,,,,
,,,,,,,,,2.677227722772277e-07,26244,,,,,,,,,
86,,,,,,,,,,26244,0.025189343839883804,,,,,,,,
,,,,,,,,,2.673927392739274e-07,26249,,,,,,,,,
86,,,,,,,,,,26249,0.007363989483565092,,,,,,,,
,,,,,,,,,2.6706270627062706e-07,26254,,,,,,,,,
86,,,,,,,,,,26254,0.023111939430236816,,,,,,,,
,,,,,,,,,2.6673267326732674e-07,26259,,,,,,,,,
86,,,,,,,,,,26259,0.027473313733935356,,,,,,,,
,,,,,,,,,2.6640264026402636e-07,26264,,,,,,,,,
86,,,,,,,,,,26264,0.02944369986653328,,,,,,,,
,,,,,,,,,2.6607260726072604e-07,26269,,,,,,,,,
86,,,,,,,,,,26269,0.011825772002339363,,,,,,,,
,,,,,,,,,2.6574257425742577e-07,26274,,,,,,,,,
86,,,,,,,,,,26274,0.01137830875813961,,,,,,,,
,,,,,,,,,2.654125412541254e-07,26279,,,,,,,,,
86,,,,,,,,,,26279,0.02872842736542225,,,,,,,,
,,,,,,,,,2.6508250825082507e-07,26284,,,,,,,,,
86,,,,,,,,,,26284,0.013987441547214985,,,,,,,,
,,,,,,,,,2.6475247524752475e-07,26289,,,,,,,,,
86,,,,,,,,,,26289,0.02065020613372326,,,,,,,,
,,,,,,,,,2.6442244224422437e-07,26294,,,,,,,,,
86,,,,,,,,,,26294,0.019092561677098274,,,,,,,,
,,,,,,,,,2.6409240924092405e-07,26299,,,,,,,,,
86,,,,,,,,,,26299,0.016258766874670982,,,,,,,,
,,,,,,,,,2.637623762376238e-07,26304,,,,,,,,,
86,,,,,,,,,,26304,0.021444039419293404,,,,,,,,
,,,,,,,,,2.634323432343234e-07,26309,,,,,,,,,
86,,,,,,,,,,26309,0.007451666984707117,,,,,,,,
,,,,,,,,,2.631023102310231e-07,26314,,,,,,,,,
86,,,,,,,,,,26314,0.018538452684879303,,,,,,,,
,,,,,,,,,2.6277227722772276e-07,26319,,,,,,,,,
86,,,,,,,,,,26319,0.007534889038652182,,,,,,,,
,,,,,,,,,2.624422442244224e-07,26324,,,,,,,,,
86,,,,,,,,,,26324,0.025957172736525536,,,,,,,,
,,,,,,,,,2.621122112211221e-07,26329,,,,,,,,,
86,,,,,,,,,,26329,0.005027054343372583,,,,,,,,
,,,,,,,,,2.617821782178218e-07,26334,,,,,,,,,
86,,,,,,,,,,26334,0.003930862993001938,,,,,,,,
,,,,,,,,,2.614521452145214e-07,26339,,,,,,,,,
86,,,,,,,,,,26339,0.006386225577443838,,,,,,,,
,,,,,,,,,2.611221122112211e-07,26344,,,,,,,,,
86,,,,,,,,,,26344,0.016826704144477844,,,,,,,,
,,,,,,,,,2.6079207920792077e-07,26349,,,,,,,,,
86,,,,,,,,,,26349,0.11592073738574982,,,,,,,,
,,,,,,,,,2.604620462046204e-07,26354,,,,,,,,,
86,,,,,,,,,,26354,0.016192665323615074,,,,,,,,
,,,,,,,,,2.6013201320132013e-07,26359,,,,,,,,,
86,,,,,,,,,,26359,0.014193953014910221,,,,,,,,
86,,,,,,,,,,26360,,0.6875,0.72826087474823,0.08224207907915115,0.08224207907915115,0.4277712106704712,0.7127659320831299,0.7444444298744202,0.44321346282958984
,,,,,,,,,2.598019801980198e-07,26364,,,,,,,,,
87,,,,,,,,,,26364,0.009854176081717014,,,,,,,,
,,,,,,,,,2.594719471947195e-07,26369,,,,,,,,,
87,,,,,,,,,,26369,0.01144277025014162,,,,,,,,
,,,,,,,,,2.591419141914191e-07,26374,,,,,,,,,
87,,,,,,,,,,26374,0.015878906473517418,,,,,,,,
,,,,,,,,,2.588118811881188e-07,26379,,,,,,,,,
87,,,,,,,,,,26379,0.008584324270486832,,,,,,,,
,,,,,,,,,2.584818481848185e-07,26384,,,,,,,,,
87,,,,,,,,,,26384,0.00963310431689024,,,,,,,,
,,,,,,,,,2.5815181518151814e-07,26389,,,,,,,,,
87,,,,,,,,,,26389,0.033099617809057236,,,,,,,,
,,,,,,,,,2.578217821782178e-07,26394,,,,,,,,,
87,,,,,,,,,,26394,0.019705887883901596,,,,,,,,
,,,,,,,,,2.574917491749175e-07,26399,,,,,,,,,
87,,,,,,,,,,26399,0.005565283820033073,,,,,,,,
,,,,,,,,,2.571617161716171e-07,26404,,,,,,,,,
87,,,,,,,,,,26404,0.012451579794287682,,,,,,,,
,,,,,,,,,2.5683168316831685e-07,26409,,,,,,,,,
87,,,,,,,,,,26409,0.01736420765519142,,,,,,,,
,,,,,,,,,2.5650165016501653e-07,26414,,,,,,,,,
87,,,,,,,,,,26414,0.029503226280212402,,,,,,,,
,,,,,,,,,2.5617161716171615e-07,26419,,,,,,,,,
87,,,,,,,,,,26419,0.02131013385951519,,,,,,,,
,,,,,,,,,2.5584158415841583e-07,26424,,,,,,,,,
87,,,,,,,,,,26424,0.018178174272179604,,,,,,,,
,,,,,,,,,2.555115511551155e-07,26429,,,,,,,,,
87,,,,,,,,,,26429,0.023571638390421867,,,,,,,,
,,,,,,,,,2.5518151815181513e-07,26434,,,,,,,,,
87,,,,,,,,,,26434,0.011480470187962055,,,,,,,,
,,,,,,,,,2.5485148514851486e-07,26439,,,,,,,,,
87,,,,,,,,,,26439,0.011466600000858307,,,,,,,,
,,,,,,,,,2.5452145214521454e-07,26444,,,,,,,,,
87,,,,,,,,,,26444,0.019750628620386124,,,,,,,,
,,,,,,,,,2.5419141914191416e-07,26449,,,,,,,,,
87,,,,,,,,,,26449,0.0074570938013494015,,,,,,,,
,,,,,,,,,2.5386138613861384e-07,26454,,,,,,,,,
87,,,,,,,,,,26454,0.005289081949740648,,,,,,,,
,,,,,,,,,2.535313531353135e-07,26459,,,,,,,,,
87,,,,,,,,,,26459,0.029125487431883812,,,,,,,,
,,,,,,,,,2.532013201320132e-07,26464,,,,,,,,,
87,,,,,,,,,,26464,0.02369830012321472,,,,,,,,
,,,,,,,,,2.528712871287129e-07,26469,,,,,,,,,
87,,,,,,,,,,26469,0.020589472725987434,,,,,,,,
,,,,,,,,,2.5254125412541255e-07,26474,,,,,,,,,
87,,,,,,,,,,26474,0.0050662667490541935,,,,,,,,
,,,,,,,,,2.522112211221122e-07,26479,,,,,,,,,
87,,,,,,,,,,26479,0.00324325542896986,,,,,,,,
,,,,,,,,,2.5188118811881185e-07,26484,,,,,,,,,
87,,,,,,,,,,26484,0.00852080900222063,,,,,,,,
,,,,,,,,,2.515511551155116e-07,26489,,,,,,,,,
87,,,,,,,,,,26489,0.005074677988886833,,,,,,,,
,,,,,,,,,2.512211221122112e-07,26494,,,,,,,,,
87,,,,,,,,,,26494,0.00854764599353075,,,,,,,,
,,,,,,,,,2.508910891089109e-07,26499,,,,,,,,,
87,,,,,,,,,,26499,0.01346930768340826,,,,,,,,
,,,,,,,,,2.5056105610561056e-07,26504,,,,,,,,,
87,,,,,,,,,,26504,0.007015427108854055,,,,,,,,
,,,,,,,,,2.502310231023102e-07,26509,,,,,,,,,
87,,,,,,,,,,26509,0.012286225333809853,,,,,,,,
,,,,,,,,,2.4990099009900987e-07,26514,,,,,,,,,
87,,,,,,,,,,26514,0.026490820571780205,,,,,,,,
,,,,,,,,,2.4957095709570954e-07,26519,,,,,,,,,
87,,,,,,,,,,26519,0.013387449085712433,,,,,,,,
,,,,,,,,,2.492409240924092e-07,26524,,,,,,,,,
87,,,,,,,,,,26524,0.046674761921167374,,,,,,,,
,,,,,,,,,2.489108910891089e-07,26529,,,,,,,,,
87,,,,,,,,,,26529,0.06443431973457336,,,,,,,,
,,,,,,,,,2.485808580858086e-07,26534,,,,,,,,,
87,,,,,,,,,,26534,0.005615983158349991,,,,,,,,
,,,,,,,,,2.4825082508250825e-07,26539,,,,,,,,,
87,,,,,,,,,,26539,0.050602883100509644,,,,,,,,
,,,,,,,,,2.4792079207920793e-07,26544,,,,,,,,,
87,,,,,,,,,,26544,0.012810626067221165,,,,,,,,
,,,,,,,,,2.4759075907590755e-07,26549,,,,,,,,,
87,,,,,,,,,,26549,0.00987355038523674,,,,,,,,
,,,,,,,,,2.4726072607260723e-07,26554,,,,,,,,,
87,,,,,,,,,,26554,0.012731536291539669,,,,,,,,
,,,,,,,,,2.469306930693069e-07,26559,,,,,,,,,
87,,,,,,,,,,26559,0.0029321182519197464,,,,,,,,
,,,,,,,,,2.466006600660066e-07,26564,,,,,,,,,
87,,,,,,,,,,26564,0.028943760320544243,,,,,,,,
,,,,,,,,,2.4627062706270626e-07,26569,,,,,,,,,
87,,,,,,,,,,26569,0.00466620409861207,,,,,,,,
,,,,,,,,,2.4594059405940594e-07,26574,,,,,,,,,
87,,,,,,,,,,26574,0.004754174966365099,,,,,,,,
,,,,,,,,,2.4561056105610557e-07,26579,,,,,,,,,
87,,,,,,,,,,26579,0.013493122532963753,,,,,,,,
,,,,,,,,,2.452805280528053e-07,26584,,,,,,,,,
87,,,,,,,,,,26584,0.011144878342747688,,,,,,,,
,,,,,,,,,2.449504950495049e-07,26589,,,,,,,,,
87,,,,,,,,,,26589,0.01765887811779976,,,,,,,,
,,,,,,,,,2.446204620462046e-07,26594,,,,,,,,,
87,,,,,,,,,,26594,0.013061512261629105,,,,,,,,
,,,,,,,,,2.442904290429043e-07,26599,,,,,,,,,
87,,,,,,,,,,26599,0.007836995646357536,,,,,,,,
,,,,,,,,,2.4396039603960395e-07,26604,,,,,,,,,
87,,,,,,,,,,26604,0.008968094363808632,,,,,,,,
,,,,,,,,,2.4363036303630363e-07,26609,,,,,,,,,
87,,,,,,,,,,26609,0.01381200086325407,,,,,,,,
,,,,,,,,,2.433003300330033e-07,26614,,,,,,,,,
87,,,,,,,,,,26614,0.009027134627103806,,,,,,,,
,,,,,,,,,2.4297029702970293e-07,26619,,,,,,,,,
87,,,,,,,,,,26619,0.013592836447060108,,,,,,,,
,,,,,,,,,2.4264026402640266e-07,26624,,,,,,,,,
87,,,,,,,,,,26624,0.05958850681781769,,,,,,,,
,,,,,,,,,2.423102310231023e-07,26629,,,,,,,,,
87,,,,,,,,,,26629,0.028851661831140518,,,,,,,,
,,,,,,,,,2.4198019801980197e-07,26634,,,,,,,,,
87,,,,,,,,,,26634,0.016163518652319908,,,,,,,,
,,,,,,,,,2.4165016501650164e-07,26639,,,,,,,,,
87,,,,,,,,,,26639,0.03412239998579025,,,,,,,,
,,,,,,,,,2.413201320132013e-07,26644,,,,,,,,,
87,,,,,,,,,,26644,0.007450599689036608,,,,,,,,
,,,,,,,,,2.4099009900990095e-07,26649,,,,,,,,,
87,,,,,,,,,,26649,0.011966273188591003,,,,,,,,
,,,,,,,,,2.406600660066007e-07,26654,,,,,,,,,
87,,,,,,,,,,26654,0.0076779527589678764,,,,,,,,
,,,,,,,,,2.403300330033003e-07,26659,,,,,,,,,
87,,,,,,,,,,26659,0.029999583959579468,,,,,,,,
87,,,,,,,,,,26663,,0.6937500238418579,0.7379679083824158,0.08480170369148254,0.08480170369148254,0.430196613073349,0.7113401889801025,0.7666666507720947,0.4449235200881958
,,,,,,,,,2.4e-07,26664,,,,,,,,,
88,,,,,,,,,,26664,0.009092103689908981,,,,,,,,
,,,,,,,,,2.3966996699669966e-07,26669,,,,,,,,,
88,,,,,,,,,,26669,0.021219823509454727,,,,,,,,
,,,,,,,,,2.3933993399339933e-07,26674,,,,,,,,,
88,,,,,,,,,,26674,0.019092539325356483,,,,,,,,
,,,,,,,,,2.39009900990099e-07,26679,,,,,,,,,
88,,,,,,,,,,26679,0.006099882535636425,,,,,,,,
,,,,,,,,,2.386798679867987e-07,26684,,,,,,,,,
88,,,,,,,,,,26684,0.026821283623576164,,,,,,,,
,,,,,,,,,2.3834983498349834e-07,26689,,,,,,,,,
88,,,,,,,,,,26689,0.01708264648914337,,,,,,,,
,,,,,,,,,2.38019801980198e-07,26694,,,,,,,,,
88,,,,,,,,,,26694,0.011113458313047886,,,,,,,,
,,,,,,,,,2.376897689768977e-07,26699,,,,,,,,,
88,,,,,,,,,,26699,0.011475073173642159,,,,,,,,
,,,,,,,,,2.3735973597359735e-07,26704,,,,,,,,,
88,,,,,,,,,,26704,0.03202875703573227,,,,,,,,
,,,,,,,,,2.37029702970297e-07,26709,,,,,,,,,
88,,,,,,,,,,26709,0.015454044565558434,,,,,,,,
,,,,,,,,,2.366996699669967e-07,26714,,,,,,,,,
88,,,,,,,,,,26714,0.03018222562968731,,,,,,,,
,,,,,,,,,2.3636963696369635e-07,26719,,,,,,,,,
88,,,,,,,,,,26719,0.03328002244234085,,,,,,,,
,,,,,,,,,2.3603960396039603e-07,26724,,,,,,,,,
88,,,,,,,,,,26724,0.011852607131004333,,,,,,,,
,,,,,,,,,2.357095709570957e-07,26729,,,,,,,,,
88,,,,,,,,,,26729,0.0036248972173780203,,,,,,,,
,,,,,,,,,2.3537953795379536e-07,26734,,,,,,,,,
88,,,,,,,,,,26734,0.01477761659771204,,,,,,,,
,,,,,,,,,2.3504950495049504e-07,26739,,,,,,,,,
88,,,,,,,,,,26739,0.022232698276638985,,,,,,,,
,,,,,,,,,2.347194719471947e-07,26744,,,,,,,,,
88,,,,,,,,,,26744,0.01614416390657425,,,,,,,,
,,,,,,,,,2.3438943894389436e-07,26749,,,,,,,,,
88,,,,,,,,,,26749,0.04120399430394173,,,,,,,,
,,,,,,,,,2.3405940594059407e-07,26754,,,,,,,,,
88,,,,,,,,,,26754,0.017300065606832504,,,,,,,,
,,,,,,,,,2.3372937293729372e-07,26759,,,,,,,,,
88,,,,,,,,,,26759,0.03770625591278076,,,,,,,,
,,,,,,,,,2.333993399339934e-07,26764,,,,,,,,,
88,,,,,,,,,,26764,0.033536646515131,,,,,,,,
,,,,,,,,,2.3306930693069307e-07,26769,,,,,,,,,
88,,,,,,,,,,26769,0.011746281757950783,,,,,,,,
,,,,,,,,,2.3273927392739272e-07,26774,,,,,,,,,
88,,,,,,,,,,26774,0.01738939806818962,,,,,,,,
,,,,,,,,,2.324092409240924e-07,26779,,,,,,,,,
88,,,,,,,,,,26779,0.04256778582930565,,,,,,,,
,,,,,,,,,2.3207920792079208e-07,26784,,,,,,,,,
88,,,,,,,,,,26784,0.011913652531802654,,,,,,,,
,,,,,,,,,2.3174917491749173e-07,26789,,,,,,,,,
88,,,,,,,,,,26789,0.02567845769226551,,,,,,,,
,,,,,,,,,2.314191419141914e-07,26794,,,,,,,,,
88,,,,,,,,,,26794,0.03119620494544506,,,,,,,,
,,,,,,,,,2.3108910891089109e-07,26799,,,,,,,,,
88,,,,,,,,,,26799,0.015189179219305515,,,,,,,,
,,,,,,,,,2.3075907590759076e-07,26804,,,,,,,,,
88,,,,,,,,,,26804,0.05052423104643822,,,,,,,,
,,,,,,,,,2.3042904290429041e-07,26809,,,,,,,,,
88,,,,,,,,,,26809,0.05462581291794777,,,,,,,,
,,,,,,,,,2.300990099009901e-07,26814,,,,,,,,,
88,,,,,,,,,,26814,0.0070915971882641315,,,,,,,,
,,,,,,,,,2.2976897689768977e-07,26819,,,,,,,,,
88,,,,,,,,,,26819,0.027020329609513283,,,,,,,,
,,,,,,,,,2.2943894389438942e-07,26824,,,,,,,,,
88,,,,,,,,,,26824,0.004102299455553293,,,,,,,,
,,,,,,,,,2.291089108910891e-07,26829,,,,,,,,,
88,,,,,,,,,,26829,0.014568028040230274,,,,,,,,
,,,,,,,,,2.2877887788778878e-07,26834,,,,,,,,,
88,,,,,,,,,,26834,0.008436601608991623,,,,,,,,
,,,,,,,,,2.2844884488448843e-07,26839,,,,,,,,,
88,,,,,,,,,,26839,0.013198197819292545,,,,,,,,
,,,,,,,,,2.281188118811881e-07,26844,,,,,,,,,
88,,,,,,,,,,26844,0.022989029064774513,,,,,,,,
,,,,,,,,,2.2778877887788778e-07,26849,,,,,,,,,
88,,,,,,,,,,26849,0.0068595013581216335,,,,,,,,
,,,,,,,,,2.2745874587458743e-07,26854,,,,,,,,,
88,,,,,,,,,,26854,0.024889744818210602,,,,,,,,
,,,,,,,,,2.2712871287128714e-07,26859,,,,,,,,,
88,,,,,,,,,,26859,0.007470160722732544,,,,,,,,
,,,,,,,,,2.267986798679868e-07,26864,,,,,,,,,
88,,,,,,,,,,26864,0.005940349772572517,,,,,,,,
,,,,,,,,,2.2646864686468644e-07,26869,,,,,,,,,
88,,,,,,,,,,26869,0.017498129978775978,,,,,,,,
,,,,,,,,,2.2613861386138614e-07,26874,,,,,,,,,
88,,,,,,,,,,26874,0.006033232901245356,,,,,,,,
,,,,,,,,,2.258085808580858e-07,26879,,,,,,,,,
88,,,,,,,,,,26879,0.022714955732226372,,,,,,,,
,,,,,,,,,2.2547854785478544e-07,26884,,,,,,,,,
88,,,,,,,,,,26884,0.04389031231403351,,,,,,,,
,,,,,,,,,2.2514851485148515e-07,26889,,,,,,,,,
88,,,,,,,,,,26889,0.01598765142261982,,,,,,,,
,,,,,,,,,2.248184818481848e-07,26894,,,,,,,,,
88,,,,,,,,,,26894,0.020117979496717453,,,,,,,,
,,,,,,,,,2.2448844884488448e-07,26899,,,,,,,,,
88,,,,,,,,,,26899,0.010688167065382004,,,,,,,,
,,,,,,,,,2.2415841584158415e-07,26904,,,,,,,,,
88,,,,,,,,,,26904,0.004396734293550253,,,,,,,,
,,,,,,,,,2.238283828382838e-07,26909,,,,,,,,,
88,,,,,,,,,,26909,0.009737750515341759,,,,,,,,
,,,,,,,,,2.234983498349835e-07,26914,,,,,,,,,
88,,,,,,,,,,26914,0.016105588525533676,,,,,,,,
,,,,,,,,,2.2316831683168316e-07,26919,,,,,,,,,
88,,,,,,,,,,26919,0.008073902688920498,,,,,,,,
,,,,,,,,,2.228382838283828e-07,26924,,,,,,,,,
88,,,,,,,,,,26924,0.0282074473798275,,,,,,,,
,,,,,,,,,2.2250825082508252e-07,26929,,,,,,,,,
88,,,,,,,,,,26929,0.00929272547364235,,,,,,,,
,,,,,,,,,2.2217821782178217e-07,26934,,,,,,,,,
88,,,,,,,,,,26934,0.030275871977210045,,,,,,,,
,,,,,,,,,2.2184818481848184e-07,26939,,,,,,,,,
88,,,,,,,,,,26939,0.025500791147351265,,,,,,,,
,,,,,,,,,2.2151815181518152e-07,26944,,,,,,,,,
88,,,,,,,,,,26944,0.021305516362190247,,,,,,,,
,,,,,,,,,2.2118811881188117e-07,26949,,,,,,,,,
88,,,,,,,,,,26949,0.005239349789917469,,,,,,,,
,,,,,,,,,2.2085808580858085e-07,26954,,,,,,,,,
88,,,,,,,,,,26954,0.021985940635204315,,,,,,,,
,,,,,,,,,2.2052805280528053e-07,26959,,,,,,,,,
88,,,,,,,,,,26959,0.009968183003365993,,,,,,,,
,,,,,,,,,2.2019801980198018e-07,26964,,,,,,,,,
88,,,,,,,,,,26964,0.020925825461745262,,,,,,,,
88,,,,,,,,,,26966,,0.6937500238418579,0.7351351380348206,0.08155161887407303,0.08155161887407303,0.4343207776546478,0.7157894968986511,0.7555555701255798,0.4496650695800781
,,,,,,,,,2.1986798679867986e-07,26969,,,,,,,,,
89,,,,,,,,,,26969,0.02573130838572979,,,,,,,,
,,,,,,,,,2.1953795379537953e-07,26974,,,,,,,,,
89,,,,,,,,,,26974,0.007183315232396126,,,,,,,,
,,,,,,,,,2.192079207920792e-07,26979,,,,,,,,,
89,,,,,,,,,,26979,0.04186897724866867,,,,,,,,
,,,,,,,,,2.1887788778877886e-07,26984,,,,,,,,,
89,,,,,,,,,,26984,0.004440000746399164,,,,,,,,
,,,,,,,,,2.1854785478547854e-07,26989,,,,,,,,,
89,,,,,,,,,,26989,0.026693889871239662,,,,,,,,
,,,,,,,,,2.1821782178217822e-07,26994,,,,,,,,,
89,,,,,,,,,,26994,0.007729937322437763,,,,,,,,
,,,,,,,,,2.1788778877887787e-07,26999,,,,,,,,,
89,,,,,,,,,,26999,0.011152748018503189,,,,,,,,
,,,,,,,,,2.1755775577557755e-07,27004,,,,,,,,,
89,,,,,,,,,,27004,0.0034568230621516705,,,,,,,,
,,,,,,,,,2.1722772277227722e-07,27009,,,,,,,,,
89,,,,,,,,,,27009,0.01827082224190235,,,,,,,,
,,,,,,,,,2.1689768976897687e-07,27014,,,,,,,,,
89,,,,,,,,,,27014,0.02125539258122444,,,,,,,,
,,,,,,,,,2.1656765676567658e-07,27019,,,,,,,,,
89,,,,,,,,,,27019,0.02613949589431286,,,,,,,,
,,,,,,,,,2.1623762376237623e-07,27024,,,,,,,,,
89,,,,,,,,,,27024,0.02114805579185486,,,,,,,,
,,,,,,,,,2.1590759075907588e-07,27029,,,,,,,,,
89,,,,,,,,,,27029,0.02758035995066166,,,,,,,,
,,,,,,,,,2.1557755775577558e-07,27034,,,,,,,,,
89,,,,,,,,,,27034,0.007773015182465315,,,,,,,,
,,,,,,,,,2.1524752475247523e-07,27039,,,,,,,,,
89,,,,,,,,,,27039,0.03491472080349922,,,,,,,,
,,,,,,,,,2.1491749174917489e-07,27044,,,,,,,,,
89,,,,,,,,,,27044,0.008848662488162518,,,,,,,,
,,,,,,,,,2.145874587458746e-07,27049,,,,,,,,,
89,,,,,,,,,,27049,0.026757657527923584,,,,,,,,
,,,,,,,,,2.1425742574257424e-07,27054,,,,,,,,,
89,,,,,,,,,,27054,0.012975651770830154,,,,,,,,
,,,,,,,,,2.139273927392739e-07,27059,,,,,,,,,
89,,,,,,,,,,27059,0.024947911500930786,,,,,,,,
,,,,,,,,,2.135973597359736e-07,27064,,,,,,,,,
89,,,,,,,,,,27064,0.016299167647957802,,,,,,,,
,,,,,,,,,2.1326732673267325e-07,27069,,,,,,,,,
89,,,,,,,,,,27069,0.014316560700535774,,,,,,,,
,,,,,,,,,2.1293729372937295e-07,27074,,,,,,,,,
89,,,,,,,,,,27074,0.03096146322786808,,,,,,,,
,,,,,,,,,2.126072607260726e-07,27079,,,,,,,,,
89,,,,,,,,,,27079,0.03348971903324127,,,,,,,,
,,,,,,,,,2.1227722772277225e-07,27084,,,,,,,,,
89,,,,,,,,,,27084,0.012428400106728077,,,,,,,,
,,,,,,,,,2.1194719471947196e-07,27089,,,,,,,,,
89,,,,,,,,,,27089,0.01498884242027998,,,,,,,,
,,,,,,,,,2.116171617161716e-07,27094,,,,,,,,,
89,,,,,,,,,,27094,0.010236487723886967,,,,,,,,
,,,,,,,,,2.1128712871287126e-07,27099,,,,,,,,,
89,,,,,,,,,,27099,0.004540571477264166,,,,,,,,
,,,,,,,,,2.1095709570957096e-07,27104,,,,,,,,,
89,,,,,,,,,,27104,0.004209928214550018,,,,,,,,
,,,,,,,,,2.1062706270627061e-07,27109,,,,,,,,,
89,,,,,,,,,,27109,0.03657583147287369,,,,,,,,
,,,,,,,,,2.102970297029703e-07,27114,,,,,,,,,
89,,,,,,,,,,27114,0.03166279196739197,,,,,,,,
,,,,,,,,,2.0996699669966997e-07,27119,,,,,,,,,
89,,,,,,,,,,27119,0.0049422201700508595,,,,,,,,
,,,,,,,,,2.0963696369636962e-07,27124,,,,,,,,,
89,,,,,,,,,,27124,0.05355047062039375,,,,,,,,
,,,,,,,,,2.093069306930693e-07,27129,,,,,,,,,
89,,,,,,,,,,27129,0.035270582884550095,,,,,,,,
,,,,,,,,,2.0897689768976897e-07,27134,,,,,,,,,
89,,,,,,,,,,27134,0.01688263565301895,,,,,,,,
,,,,,,,,,2.0864686468646863e-07,27139,,,,,,,,,
89,,,,,,,,,,27139,0.01028354186564684,,,,,,,,
,,,,,,,,,2.083168316831683e-07,27144,,,,,,,,,
89,,,,,,,,,,27144,0.010768390260636806,,,,,,,,
,,,,,,,,,2.0798679867986798e-07,27149,,,,,,,,,
89,,,,,,,,,,27149,0.04456282779574394,,,,,,,,
,,,,,,,,,2.0765676567656766e-07,27154,,,,,,,,,
89,,,,,,,,,,27154,0.029314585030078888,,,,,,,,
,,,,,,,,,2.073267326732673e-07,27159,,,,,,,,,
89,,,,,,,,,,27159,0.025706373155117035,,,,,,,,
,,,,,,,,,2.06996699669967e-07,27164,,,,,,,,,
89,,,,,,,,,,27164,0.01630253903567791,,,,,,,,
,,,,,,,,,2.0666666666666666e-07,27169,,,,,,,,,
89,,,,,,,,,,27169,0.008907514624297619,,,,,,,,
,,,,,,,,,2.0633663366336632e-07,27174,,,,,,,,,
89,,,,,,,,,,27174,0.017453916370868683,,,,,,,,
,,,,,,,,,2.06006600660066e-07,27179,,,,,,,,,
89,,,,,,,,,,27179,0.013533134013414383,,,,,,,,
,,,,,,,,,2.0567656765676567e-07,27184,,,,,,,,,
89,,,,,,,,,,27184,0.009687882848083973,,,,,,,,
,,,,,,,,,2.0534653465346532e-07,27189,,,,,,,,,
89,,,,,,,,,,27189,0.018532251939177513,,,,,,,,
,,,,,,,,,2.0501650165016503e-07,27194,,,,,,,,,
89,,,,,,,,,,27194,0.03595978394150734,,,,,,,,
,,,,,,,,,2.0468646864686468e-07,27199,,,,,,,,,
89,,,,,,,,,,27199,0.015337231568992138,,,,,,,,
,,,,,,,,,2.0435643564356433e-07,27204,,,,,,,,,
89,,,,,,,,,,27204,0.007783045526593924,,,,,,,,
,,,,,,,,,2.0402640264026403e-07,27209,,,,,,,,,
89,,,,,,,,,,27209,0.004892870783805847,,,,,,,,
,,,,,,,,,2.0369636963696368e-07,27214,,,,,,,,,
89,,,,,,,,,,27214,0.004298762418329716,,,,,,,,
,,,,,,,,,2.0336633663366333e-07,27219,,,,,,,,,
89,,,,,,,,,,27219,0.004858591593801975,,,,,,,,
,,,,,,,,,2.0303630363036304e-07,27224,,,,,,,,,
89,,,,,,,,,,27224,0.009267563931643963,,,,,,,,
,,,,,,,,,2.027062706270627e-07,27229,,,,,,,,,
89,,,,,,,,,,27229,0.017174240201711655,,,,,,,,
,,,,,,,,,2.023762376237624e-07,27234,,,,,,,,,
89,,,,,,,,,,27234,0.012820500880479813,,,,,,,,
,,,,,,,,,2.0204620462046204e-07,27239,,,,,,,,,
89,,,,,,,,,,27239,0.013322816230356693,,,,,,,,
,,,,,,,,,2.017161716171617e-07,27244,,,,,,,,,
89,,,,,,,,,,27244,0.06241707131266594,,,,,,,,
,,,,,,,,,2.013861386138614e-07,27249,,,,,,,,,
89,,,,,,,,,,27249,0.021569009870290756,,,,,,,,
,,,,,,,,,2.0105610561056105e-07,27254,,,,,,,,,
89,,,,,,,,,,27254,0.020174773409962654,,,,,,,,
,,,,,,,,,2.007260726072607e-07,27259,,,,,,,,,
89,,,,,,,,,,27259,0.009043006226420403,,,,,,,,
,,,,,,,,,2.003960396039604e-07,27264,,,,,,,,,
89,,,,,,,,,,27264,0.019425254315137863,,,,,,,,
,,,,,,,,,2.0006600660066006e-07,27269,,,,,,,,,
89,,,,,,,,,,27269,0.03562095761299133,,,,,,,,
89,,,,,,,,,,27269,,0.6875,0.72826087474823,0.08240151405334473,0.08240151405334473,0.4315243661403656,0.7127659320831299,0.7444444298744202,0.4461965262889862
,,,,,,,,,1.997359735973597e-07,27274,,,,,,,,,
90,,,,,,,,,,27274,0.029297923669219017,,,,,,,,
,,,,,,,,,1.994059405940594e-07,27279,,,,,,,,,
90,,,,,,,,,,27279,0.04291602969169617,,,,,,,,
,,,,,,,,,1.9907590759075906e-07,27284,,,,,,,,,
90,,,,,,,,,,27284,0.02277093008160591,,,,,,,,
,,,,,,,,,1.9874587458745874e-07,27289,,,,,,,,,
90,,,,,,,,,,27289,0.016623694449663162,,,,,,,,
,,,,,,,,,1.9841584158415842e-07,27294,,,,,,,,,
90,,,,,,,,,,27294,0.013266465626657009,,,,,,,,
,,,,,,,,,1.9808580858085807e-07,27299,,,,,,,,,
90,,,,,,,,,,27299,0.01076552551239729,,,,,,,,
,,,,,,,,,1.9775577557755774e-07,27304,,,,,,,,,
90,,,,,,,,,,27304,0.02958717755973339,,,,,,,,
,,,,,,,,,1.9742574257425742e-07,27309,,,,,,,,,
90,,,,,,,,,,27309,0.01007925532758236,,,,,,,,
,,,,,,,,,1.9709570957095707e-07,27314,,,,,,,,,
90,,,,,,,,,,27314,0.02982640638947487,,,,,,,,
,,,,,,,,,1.9676567656765675e-07,27319,,,,,,,,,
90,,,,,,,,,,27319,0.007613598369061947,,,,,,,,
,,,,,,,,,1.9643564356435643e-07,27324,,,,,,,,,
90,,,,,,,,,,27324,0.0032335000578314066,,,,,,,,
,,,,,,,,,1.961056105610561e-07,27329,,,,,,,,,
90,,,,,,,,,,27329,0.00429341709241271,,,,,,,,
,,,,,,,,,1.9577557755775576e-07,27334,,,,,,,,,
90,,,,,,,,,,27334,0.02435958757996559,,,,,,,,
,,,,,,,,,1.9544554455445543e-07,27339,,,,,,,,,
90,,,,,,,,,,27339,0.0060775731690227985,,,,,,,,
,,,,,,,,,1.951155115511551e-07,27344,,,,,,,,,
90,,,,,,,,,,27344,0.02546362765133381,,,,,,,,
,,,,,,,,,1.9478547854785476e-07,27349,,,,,,,,,
90,,,,,,,,,,27349,0.006245090626180172,,,,,,,,
,,,,,,,,,1.9445544554455444e-07,27354,,,,,,,,,
90,,,,,,,,,,27354,0.0049181836657226086,,,,,,,,
,,,,,,,,,1.9412541254125412e-07,27359,,,,,,,,,
90,,,,,,,,,,27359,0.029526837170124054,,,,,,,,
,,,,,,,,,1.9379537953795377e-07,27364,,,,,,,,,
90,,,,,,,,,,27364,0.04649244621396065,,,,,,,,
,,,,,,,,,1.9346534653465347e-07,27369,,,,,,,,,
90,,,,,,,,,,27369,0.012144193053245544,,,,,,,,
,,,,,,,,,1.9313531353135312e-07,27374,,,,,,,,,
90,,,,,,,,,,27374,0.01971711777150631,,,,,,,,
,,,,,,,,,1.9280528052805278e-07,27379,,,,,,,,,
90,,,,,,,,,,27379,0.007198895327746868,,,,,,,,
,,,,,,,,,1.9247524752475248e-07,27384,,,,,,,,,
90,,,,,,,,,,27384,0.02452438697218895,,,,,,,,
,,,,,,,,,1.9214521452145213e-07,27389,,,,,,,,,
90,,,,,,,,,,27389,0.01181250810623169,,,,,,,,
,,,,,,,,,1.918151815181518e-07,27394,,,,,,,,,
90,,,,,,,,,,27394,0.013038761913776398,,,,,,,,
,,,,,,,,,1.9148514851485149e-07,27399,,,,,,,,,
90,,,,,,,,,,27399,0.011688501574099064,,,,,,,,
,,,,,,,,,1.9115511551155114e-07,27404,,,,,,,,,
90,,,,,,,,,,27404,0.023848343640565872,,,,,,,,
,,,,,,,,,1.9082508250825084e-07,27409,,,,,,,,,
90,,,,,,,,,,27409,0.03550700470805168,,,,,,,,
,,,,,,,,,1.904950495049505e-07,27414,,,,,,,,,
90,,,,,,,,,,27414,0.009924518875777721,,,,,,,,
,,,,,,,,,1.9016501650165014e-07,27419,,,,,,,,,
90,,,,,,,,,,27419,0.026755189523100853,,,,,,,,
,,,,,,,,,1.8983498349834985e-07,27424,,,,,,,,,
90,,,,,,,,,,27424,0.019653445109725,,,,,,,,
,,,,,,,,,1.895049504950495e-07,27429,,,,,,,,,
90,,,,,,,,,,27429,0.02552669495344162,,,,,,,,
,,,,,,,,,1.8917491749174915e-07,27434,,,,,,,,,
90,,,,,,,,,,27434,0.003522221464663744,,,,,,,,
,,,,,,,,,1.8884488448844885e-07,27439,,,,,,,,,
90,,,,,,,,,,27439,0.006821831688284874,,,,,,,,
,,,,,,,,,1.885148514851485e-07,27444,,,,,,,,,
90,,,,,,,,,,27444,0.022239262238144875,,,,,,,,
,,,,,,,,,1.8818481848184818e-07,27449,,,,,,,,,
90,,,,,,,,,,27449,0.024924004450440407,,,,,,,,
,,,,,,,,,1.8785478547854786e-07,27454,,,,,,,,,
90,,,,,,,,,,27454,0.01964966580271721,,,,,,,,
,,,,,,,,,1.875247524752475e-07,27459,,,,,,,,,
90,,,,,,,,,,27459,0.023647774010896683,,,,,,,,
,,,,,,,,,1.8719471947194719e-07,27464,,,,,,,,,
90,,,,,,,,,,27464,0.005981931928545237,,,,,,,,
,,,,,,,,,1.8686468646864686e-07,27469,,,,,,,,,
90,,,,,,,,,,27469,0.00901083741337061,,,,,,,,
,,,,,,,,,1.8653465346534652e-07,27474,,,,,,,,,
90,,,,,,,,,,27474,0.007595016621053219,,,,,,,,
,,,,,,,,,1.862046204620462e-07,27479,,,,,,,,,
90,,,,,,,,,,27479,0.022963233292102814,,,,,,,,
,,,,,,,,,1.8587458745874587e-07,27484,,,,,,,,,
90,,,,,,,,,,27484,0.06678842753171921,,,,,,,,
,,,,,,,,,1.8554455445544555e-07,27489,,,,,,,,,
90,,,,,,,,,,27489,0.0021940898150205612,,,,,,,,
,,,,,,,,,1.852145214521452e-07,27494,,,,,,,,,
90,,,,,,,,,,27494,0.006557343062013388,,,,,,,,
,,,,,,,,,1.8488448844884488e-07,27499,,,,,,,,,
90,,,,,,,,,,27499,0.012070749886333942,,,,,,,,
,,,,,,,,,1.8455445544554455e-07,27504,,,,,,,,,
90,,,,,,,,,,27504,0.01391846127808094,,,,,,,,
,,,,,,,,,1.842244224422442e-07,27509,,,,,,,,,
90,,,,,,,,,,27509,0.009208396077156067,,,,,,,,
,,,,,,,,,1.8389438943894388e-07,27514,,,,,,,,,
90,,,,,,,,,,27514,0.0022485232912003994,,,,,,,,
,,,,,,,,,1.8356435643564356e-07,27519,,,,,,,,,
90,,,,,,,,,,27519,0.007222670130431652,,,,,,,,
,,,,,,,,,1.832343234323432e-07,27524,,,,,,,,,
90,,,,,,,,,,27524,0.02559637278318405,,,,,,,,
,,,,,,,,,1.829042904290429e-07,27529,,,,,,,,,
90,,,,,,,,,,27529,0.008541381917893887,,,,,,,,
,,,,,,,,,1.8257425742574257e-07,27534,,,,,,,,,
90,,,,,,,,,,27534,0.012220999225974083,,,,,,,,
,,,,,,,,,1.8224422442244224e-07,27539,,,,,,,,,
90,,,,,,,,,,27539,0.015474861487746239,,,,,,,,
,,,,,,,,,1.8191419141914192e-07,27544,,,,,,,,,
90,,,,,,,,,,27544,0.03317102789878845,,,,,,,,
,,,,,,,,,1.8158415841584157e-07,27549,,,,,,,,,
90,,,,,,,,,,27549,0.0063064307905733585,,,,,,,,
,,,,,,,,,1.8125412541254125e-07,27554,,,,,,,,,
90,,,,,,,,,,27554,0.005702507216483355,,,,,,,,
,,,,,,,,,1.8092409240924093e-07,27559,,,,,,,,,
90,,,,,,,,,,27559,0.0166169386357069,,,,,,,,
,,,,,,,,,1.8059405940594058e-07,27564,,,,,,,,,
90,,,,,,,,,,27564,0.010078941471874714,,,,,,,,
,,,,,,,,,1.8026402640264026e-07,27569,,,,,,,,,
90,,,,,,,,,,27569,0.06291034817695618,,,,,,,,
90,,,,,,,,,,27572,,0.6875,0.72826087474823,0.08249738067388535,0.08249738067388535,0.4298494756221771,0.7127659320831299,0.7444444298744202,0.4462713301181793
,,,,,,,,,1.7993399339933993e-07,27574,,,,,,,,,
91,,,,,,,,,,27574,0.01210454385727644,,,,,,,,
,,,,,,,,,1.7960396039603958e-07,27579,,,,,,,,,
91,,,,,,,,,,27579,0.013205647468566895,,,,,,,,
,,,,,,,,,1.792739273927393e-07,27584,,,,,,,,,
91,,,,,,,,,,27584,0.013523605652153492,,,,,,,,
,,,,,,,,,1.7894389438943894e-07,27589,,,,,,,,,
91,,,,,,,,,,27589,0.008909820578992367,,,,,,,,
,,,,,,,,,1.786138613861386e-07,27594,,,,,,,,,
91,,,,,,,,,,27594,0.010766195133328438,,,,,,,,
,,,,,,,,,1.782838283828383e-07,27599,,,,,,,,,
91,,,,,,,,,,27599,0.009172922000288963,,,,,,,,
,,,,,,,,,1.7795379537953794e-07,27604,,,,,,,,,
91,,,,,,,,,,27604,0.009597613476216793,,,,,,,,
,,,,,,,,,1.776237623762376e-07,27609,,,,,,,,,
91,,,,,,,,,,27609,0.004813079256564379,,,,,,,,
,,,,,,,,,1.772937293729373e-07,27614,,,,,,,,,
91,,,,,,,,,,27614,0.0181224774569273,,,,,,,,
,,,,,,,,,1.7696369636963695e-07,27619,,,,,,,,,
91,,,,,,,,,,27619,0.01892048679292202,,,,,,,,
,,,,,,,,,1.7663366336633663e-07,27624,,,,,,,,,
91,,,,,,,,,,27624,0.01847466453909874,,,,,,,,
,,,,,,,,,1.763036303630363e-07,27629,,,,,,,,,
91,,,,,,,,,,27629,0.01736985146999359,,,,,,,,
,,,,,,,,,1.7597359735973596e-07,27634,,,,,,,,,
91,,,,,,,,,,27634,0.005559171549975872,,,,,,,,
,,,,,,,,,1.7564356435643563e-07,27639,,,,,,,,,
91,,,,,,,,,,27639,0.008874011225998402,,,,,,,,
,,,,,,,,,1.753135313531353e-07,27644,,,,,,,,,
91,,,,,,,,,,27644,0.006800709292292595,,,,,,,,
,,,,,,,,,1.7498349834983496e-07,27649,,,,,,,,,
91,,,,,,,,,,27649,0.035963982343673706,,,,,,,,
,,,,,,,,,1.7465346534653464e-07,27654,,,,,,,,,
91,,,,,,,,,,27654,0.022006692364811897,,,,,,,,
,,,,,,,,,1.7432343234323432e-07,27659,,,,,,,,,
91,,,,,,,,,,27659,0.017171425744891167,,,,,,,,
,,,,,,,,,1.73993399339934e-07,27664,,,,,,,,,
91,,,,,,,,,,27664,0.03406704217195511,,,,,,,,
,,,,,,,,,1.7366336633663365e-07,27669,,,,,,,,,
91,,,,,,,,,,27669,0.012733323499560356,,,,,,,,
,,,,,,,,,1.7333333333333332e-07,27674,,,,,,,,,
91,,,,,,,,,,27674,0.02982754074037075,,,,,,,,
,,,,,,,,,1.73003300330033e-07,27679,,,,,,,,,
91,,,,,,,,,,27679,0.009944559074938297,,,,,,,,
,,,,,,,,,1.7267326732673265e-07,27684,,,,,,,,,
91,,,,,,,,,,27684,0.029451513662934303,,,,,,,,
,,,,,,,,,1.7234323432343233e-07,27689,,,,,,,,,
91,,,,,,,,,,27689,0.004028357565402985,,,,,,,,
,,,,,,,,,1.72013201320132e-07,27694,,,,,,,,,
91,,,,,,,,,,27694,0.035856179893016815,,,,,,,,
,,,,,,,,,1.7168316831683168e-07,27699,,,,,,,,,
91,,,,,,,,,,27699,0.04837154224514961,,,,,,,,
,,,,,,,,,1.7135313531353136e-07,27704,,,,,,,,,
91,,,,,,,,,,27704,0.00672613549977541,,,,,,,,
,,,,,,,,,1.7102310231023101e-07,27709,,,,,,,,,
91,,,,,,,,,,27709,0.02782493084669113,,,,,,,,
,,,,,,,,,1.706930693069307e-07,27714,,,,,,,,,
91,,,,,,,,,,27714,0.05373997986316681,,,,,,,,
,,,,,,,,,1.7036303630363037e-07,27719,,,,,,,,,
91,,,,,,,,,,27719,0.020771726965904236,,,,,,,,
,,,,,,,,,1.7003300330033002e-07,27724,,,,,,,,,
91,,,,,,,,,,27724,0.021263347938656807,,,,,,,,
,,,,,,,,,1.697029702970297e-07,27729,,,,,,,,,
91,,,,,,,,,,27729,0.011680427007377148,,,,,,,,
,,,,,,,,,1.6937293729372937e-07,27734,,,,,,,,,
91,,,,,,,,,,27734,0.008931238204240799,,,,,,,,
,,,,,,,,,1.6904290429042903e-07,27739,,,,,,,,,
91,,,,,,,,,,27739,0.015706827864050865,,,,,,,,
,,,,,,,,,1.6871287128712873e-07,27744,,,,,,,,,
91,,,,,,,,,,27744,0.026958903297781944,,,,,,,,
,,,,,,,,,1.6838283828382838e-07,27749,,,,,,,,,
91,,,,,,,,,,27749,0.01814303919672966,,,,,,,,
,,,,,,,,,1.6805280528052803e-07,27754,,,,,,,,,
91,,,,,,,,,,27754,0.00410790229216218,,,,,,,,
,,,,,,,,,1.6772277227722774e-07,27759,,,,,,,,,
91,,,,,,,,,,27759,0.022769754752516747,,,,,,,,
,,,,,,,,,1.6739273927392739e-07,27764,,,,,,,,,
91,,,,,,,,,,27764,0.01406825426965952,,,,,,,,
,,,,,,,,,1.6706270627062704e-07,27769,,,,,,,,,
91,,,,,,,,,,27769,0.018008261919021606,,,,,,,,
,,,,,,,,,1.6673267326732674e-07,27774,,,,,,,,,
91,,,,,,,,,,27774,0.00853846687823534,,,,,,,,
,,,,,,,,,1.664026402640264e-07,27779,,,,,,,,,
91,,,,,,,,,,27779,0.01418985240161419,,,,,,,,
,,,,,,,,,1.6607260726072604e-07,27784,,,,,,,,,
91,,,,,,,,,,27784,0.004521114286035299,,,,,,,,
,,,,,,,,,1.6574257425742575e-07,27789,,,,,,,,,
91,,,,,,,,,,27789,0.0323227196931839,,,,,,,,
,,,,,,,,,1.654125412541254e-07,27794,,,,,,,,,
91,,,,,,,,,,27794,0.009213631972670555,,,,,,,,
,,,,,,,,,1.6508250825082508e-07,27799,,,,,,,,,
91,,,,,,,,,,27799,0.026639189571142197,,,,,,,,
,,,,,,,,,1.6475247524752475e-07,27804,,,,,,,,,
91,,,,,,,,,,27804,0.0383099801838398,,,,,,,,
,,,,,,,,,1.644224422442244e-07,27809,,,,,,,,,
91,,,,,,,,,,27809,0.018440667539834976,,,,,,,,
,,,,,,,,,1.6409240924092408e-07,27814,,,,,,,,,
91,,,,,,,,,,27814,0.02111913450062275,,,,,,,,
,,,,,,,,,1.6376237623762376e-07,27819,,,,,,,,,
91,,,,,,,,,,27819,0.014790856279432774,,,,,,,,
,,,,,,,,,1.634323432343234e-07,27824,,,,,,,,,
91,,,,,,,,,,27824,0.015925100073218346,,,,,,,,
,,,,,,,,,1.631023102310231e-07,27829,,,,,,,,,
91,,,,,,,,,,27829,0.014207086525857449,,,,,,,,
,,,,,,,,,1.6277227722772277e-07,27834,,,,,,,,,
91,,,,,,,,,,27834,0.00942932441830635,,,,,,,,
,,,,,,,,,1.6244224422442244e-07,27839,,,,,,,,,
91,,,,,,,,,,27839,0.005612737033516169,,,,,,,,
,,,,,,,,,1.621122112211221e-07,27844,,,,,,,,,
91,,,,,,,,,,27844,0.02195809595286846,,,,,,,,
,,,,,,,,,1.6178217821782177e-07,27849,,,,,,,,,
91,,,,,,,,,,27849,0.006010788027197123,,,,,,,,
,,,,,,,,,1.6145214521452145e-07,27854,,,,,,,,,
91,,,,,,,,,,27854,0.018924783915281296,,,,,,,,
,,,,,,,,,1.6112211221122113e-07,27859,,,,,,,,,
91,,,,,,,,,,27859,0.006747683975845575,,,,,,,,
,,,,,,,,,1.6079207920792078e-07,27864,,,,,,,,,
91,,,,,,,,,,27864,0.010451452806591988,,,,,,,,
,,,,,,,,,1.6046204620462045e-07,27869,,,,,,,,,
91,,,,,,,,,,27869,0.013842644169926643,,,,,,,,
,,,,,,,,,1.6013201320132013e-07,27874,,,,,,,,,
91,,,,,,,,,,27874,0.018454017117619514,,,,,,,,
91,,,,,,,,,,27875,,0.6875,0.72826087474823,0.0822836309671402,0.0822836309671402,0.43015894293785095,0.7127659320831299,0.7444444298744202,0.4452402889728546
,,,,,,,,,1.598019801980198e-07,27879,,,,,,,,,
92,,,,,,,,,,27879,0.016074374318122864,,,,,,,,
,,,,,,,,,1.5947194719471946e-07,27884,,,,,,,,,
92,,,,,,,,,,27884,0.0036893219221383333,,,,,,,,
,,,,,,,,,1.5914191419141914e-07,27889,,,,,,,,,
92,,,,,,,,,,27889,0.010981551371514797,,,,,,,,
,,,,,,,,,1.5881188118811882e-07,27894,,,,,,,,,
92,,,,,,,,,,27894,0.004704199731349945,,,,,,,,
,,,,,,,,,1.5848184818481847e-07,27899,,,,,,,,,
92,,,,,,,,,,27899,0.01145281083881855,,,,,,,,
,,,,,,,,,1.5815181518151814e-07,27904,,,,,,,,,
92,,,,,,,,,,27904,0.005528699140995741,,,,,,,,
,,,,,,,,,1.5782178217821782e-07,27909,,,,,,,,,
92,,,,,,,,,,27909,0.017226094380021095,,,,,,,,
,,,,,,,,,1.5749174917491747e-07,27914,,,,,,,,,
92,,,,,,,,,,27914,0.01593751274049282,,,,,,,,
,,,,,,,,,1.5716171617161718e-07,27919,,,,,,,,,
92,,,,,,,,,,27919,0.013117288239300251,,,,,,,,
,,,,,,,,,1.5683168316831683e-07,27924,,,,,,,,,
92,,,,,,,,,,27924,0.01819659397006035,,,,,,,,
,,,,,,,,,1.5650165016501648e-07,27929,,,,,,,,,
92,,,,,,,,,,27929,0.02781607210636139,,,,,,,,
,,,,,,,,,1.5617161716171618e-07,27934,,,,,,,,,
92,,,,,,,,,,27934,0.006721217185258865,,,,,,,,
,,,,,,,,,1.5584158415841583e-07,27939,,,,,,,,,
92,,,,,,,,,,27939,0.011937886476516724,,,,,,,,
,,,,,,,,,1.5551155115511548e-07,27944,,,,,,,,,
92,,,,,,,,,,27944,0.016455376520752907,,,,,,,,
,,,,,,,,,1.551815181518152e-07,27949,,,,,,,,,
92,,,,,,,,,,27949,0.1229587271809578,,,,,,,,
,,,,,,,,,1.5485148514851484e-07,27954,,,,,,,,,
92,,,,,,,,,,27954,0.0029628388583660126,,,,,,,,
,,,,,,,,,1.545214521452145e-07,27959,,,,,,,,,
92,,,,,,,,,,27959,0.005408947356045246,,,,,,,,
,,,,,,,,,1.541914191419142e-07,27964,,,,,,,,,
92,,,,,,,,,,27964,0.0029114247299730778,,,,,,,,
,,,,,,,,,1.5386138613861385e-07,27969,,,,,,,,,
92,,,,,,,,,,27969,0.01999928429722786,,,,,,,,
,,,,,,,,,1.5353135313531352e-07,27974,,,,,,,,,
92,,,,,,,,,,27974,0.005967562086880207,,,,,,,,
,,,,,,,,,1.532013201320132e-07,27979,,,,,,,,,
92,,,,,,,,,,27979,0.009455403313040733,,,,,,,,
,,,,,,,,,1.5287128712871285e-07,27984,,,,,,,,,
92,,,,,,,,,,27984,0.02439698949456215,,,,,,,,
,,,,,,,,,1.5254125412541253e-07,27989,,,,,,,,,
92,,,,,,,,,,27989,0.01901240274310112,,,,,,,,
,,,,,,,,,1.522112211221122e-07,27994,,,,,,,,,
92,,,,,,,,,,27994,0.01650615595281124,,,,,,,,
,,,,,,,,,1.5188118811881186e-07,27999,,,,,,,,,
92,,,,,,,,,,27999,0.04150998219847679,,,,,,,,
,,,,,,,,,1.5155115511551154e-07,28004,,,,,,,,,
92,,,,,,,,,,28004,0.01275843009352684,,,,,,,,
,,,,,,,,,1.512211221122112e-07,28009,,,,,,,,,
92,,,,,,,,,,28009,0.013797827064990997,,,,,,,,
,,,,,,,,,1.508910891089109e-07,28014,,,,,,,,,
92,,,,,,,,,,28014,0.02840905636548996,,,,,,,,
,,,,,,,,,1.5056105610561057e-07,28019,,,,,,,,,
92,,,,,,,,,,28019,0.01524419616907835,,,,,,,,
,,,,,,,,,1.5023102310231022e-07,28024,,,,,,,,,
92,,,,,,,,,,28024,0.018523473292589188,,,,,,,,
,,,,,,,,,1.499009900990099e-07,28029,,,,,,,,,
92,,,,,,,,,,28029,0.02526792697608471,,,,,,,,
,,,,,,,,,1.4957095709570957e-07,28034,,,,,,,,,
92,,,,,,,,,,28034,0.00960199162364006,,,,,,,,
,,,,,,,,,1.4924092409240922e-07,28039,,,,,,,,,
92,,,,,,,,,,28039,0.014142821542918682,,,,,,,,
,,,,,,,,,1.489108910891089e-07,28044,,,,,,,,,
92,,,,,,,,,,28044,0.01261909119784832,,,,,,,,
,,,,,,,,,1.4858085808580858e-07,28049,,,,,,,,,
92,,,,,,,,,,28049,0.027478879317641258,,,,,,,,
,,,,,,,,,1.4825082508250826e-07,28054,,,,,,,,,
92,,,,,,,,,,28054,0.009990996681153774,,,,,,,,
,,,,,,,,,1.479207920792079e-07,28059,,,,,,,,,
92,,,,,,,,,,28059,0.01082209125161171,,,,,,,,
,,,,,,,,,1.4759075907590759e-07,28064,,,,,,,,,
92,,,,,,,,,,28064,0.017762070521712303,,,,,,,,
,,,,,,,,,1.4726072607260726e-07,28069,,,,,,,,,
92,,,,,,,,,,28069,0.02154519595205784,,,,,,,,
,,,,,,,,,1.4693069306930691e-07,28074,,,,,,,,,
92,,,,,,,,,,28074,0.016432341188192368,,,,,,,,
,,,,,,,,,1.466006600660066e-07,28079,,,,,,,,,
92,,,,,,,,,,28079,0.03439931944012642,,,,,,,,
,,,,,,,,,1.4627062706270627e-07,28084,,,,,,,,,
92,,,,,,,,,,28084,0.005850845016539097,,,,,,,,
,,,,,,,,,1.4594059405940592e-07,28089,,,,,,,,,
92,,,,,,,,,,28089,0.0171552374958992,,,,,,,,
,,,,,,,,,1.4561056105610562e-07,28094,,,,,,,,,
92,,,,,,,,,,28094,0.010774103924632072,,,,,,,,
,,,,,,,,,1.4528052805280528e-07,28099,,,,,,,,,
92,,,,,,,,,,28099,0.007558844517916441,,,,,,,,
,,,,,,,,,1.4495049504950493e-07,28104,,,,,,,,,
92,,,,,,,,,,28104,0.01776782236993313,,,,,,,,
,,,,,,,,,1.4462046204620463e-07,28109,,,,,,,,,
92,,,,,,,,,,28109,0.027441874146461487,,,,,,,,
,,,,,,,,,1.4429042904290428e-07,28114,,,,,,,,,
92,,,,,,,,,,28114,0.032467786222696304,,,,,,,,
,,,,,,,,,1.4396039603960393e-07,28119,,,,,,,,,
92,,,,,,,,,,28119,0.05156175047159195,,,,,,,,
,,,,,,,,,1.4363036303630364e-07,28124,,,,,,,,,
92,,,,,,,,,,28124,0.01872279681265354,,,,,,,,
,,,,,,,,,1.433003300330033e-07,28129,,,,,,,,,
92,,,,,,,,,,28129,0.06526865065097809,,,,,,,,
,,,,,,,,,1.4297029702970297e-07,28134,,,,,,,,,
92,,,,,,,,,,28134,0.007398593705147505,,,,,,,,
,,,,,,,,,1.4264026402640264e-07,28139,,,,,,,,,
92,,,,,,,,,,28139,0.012702597305178642,,,,,,,,
,,,,,,,,,1.423102310231023e-07,28144,,,,,,,,,
92,,,,,,,,,,28144,0.01079687848687172,,,,,,,,
,,,,,,,,,1.4198019801980197e-07,28149,,,,,,,,,
92,,,,,,,,,,28149,0.01377834752202034,,,,,,,,
,,,,,,,,,1.4165016501650165e-07,28154,,,,,,,,,
92,,,,,,,,,,28154,0.011481689289212227,,,,,,,,
,,,,,,,,,1.413201320132013e-07,28159,,,,,,,,,
92,,,,,,,,,,28159,0.0213905181735754,,,,,,,,
,,,,,,,,,1.4099009900990098e-07,28164,,,,,,,,,
92,,,,,,,,,,28164,0.014776987954974174,,,,,,,,
,,,,,,,,,1.4066006600660065e-07,28169,,,,,,,,,
92,,,,,,,,,,28169,0.008269282057881355,,,,,,,,
,,,,,,,,,1.403300330033003e-07,28174,,,,,,,,,
92,,,,,,,,,,28174,0.015539425425231457,,,,,,,,
92,,,,,,,,,,28178,,0.6937500238418579,0.7351351380348206,0.082289919257164,0.082289919257164,0.433411180973053,0.7157894968986511,0.7555555701255798,0.4464942514896393
,,,,,,,,,1.4e-07,28179,,,,,,,,,
93,,,,,,,,,,28179,0.013822158798575401,,,,,,,,
,,,,,,,,,1.3966996699669966e-07,28184,,,,,,,,,
93,,,,,,,,,,28184,0.021085169166326523,,,,,,,,
,,,,,,,,,1.3933993399339934e-07,28189,,,,,,,,,
93,,,,,,,,,,28189,0.01276358775794506,,,,,,,,
,,,,,,,,,1.3900990099009902e-07,28194,,,,,,,,,
93,,,,,,,,,,28194,0.011178430169820786,,,,,,,,
,,,,,,,,,1.3867986798679867e-07,28199,,,,,,,,,
93,,,,,,,,,,28199,0.03406190127134323,,,,,,,,
,,,,,,,,,1.3834983498349834e-07,28204,,,,,,,,,
93,,,,,,,,,,28204,0.02038857713341713,,,,,,,,
,,,,,,,,,1.3801980198019802e-07,28209,,,,,,,,,
93,,,,,,,,,,28209,0.009005064144730568,,,,,,,,
,,,,,,,,,1.3768976897689767e-07,28214,,,,,,,,,
93,,,,,,,,,,28214,0.011601212434470654,,,,,,,,
,,,,,,,,,1.3735973597359735e-07,28219,,,,,,,,,
93,,,,,,,,,,28219,0.015389562584459782,,,,,,,,
,,,,,,,,,1.3702970297029703e-07,28224,,,,,,,,,
93,,,,,,,,,,28224,0.0403827540576458,,,,,,,,
,,,,,,,,,1.366996699669967e-07,28229,,,,,,,,,
93,,,,,,,,,,28229,0.014386097900569439,,,,,,,,
,,,,,,,,,1.3636963696369636e-07,28234,,,,,,,,,
93,,,,,,,,,,28234,0.006245986092835665,,,,,,,,
,,,,,,,,,1.3603960396039603e-07,28239,,,,,,,,,
93,,,,,,,,,,28239,0.015844151377677917,,,,,,,,
,,,,,,,,,1.357095709570957e-07,28244,,,,,,,,,
93,,,,,,,,,,28244,0.017692333087325096,,,,,,,,
,,,,,,,,,1.3537953795379536e-07,28249,,,,,,,,,
93,,,,,,,,,,28249,0.01938425563275814,,,,,,,,
,,,,,,,,,1.3504950495049504e-07,28254,,,,,,,,,
93,,,,,,,,,,28254,0.03097204864025116,,,,,,,,
,,,,,,,,,1.3471947194719472e-07,28259,,,,,,,,,
93,,,,,,,,,,28259,0.019065633416175842,,,,,,,,
,,,,,,,,,1.3438943894389437e-07,28264,,,,,,,,,
93,,,,,,,,,,28264,0.009040710516273975,,,,,,,,
,,,,,,,,,1.3405940594059407e-07,28269,,,,,,,,,
93,,,,,,,,,,28269,0.010837722569704056,,,,,,,,
,,,,,,,,,1.3372937293729372e-07,28274,,,,,,,,,
93,,,,,,,,,,28274,0.010666366666555405,,,,,,,,
,,,,,,,,,1.3339933993399337e-07,28279,,,,,,,,,
93,,,,,,,,,,28279,0.03316890075802803,,,,,,,,
,,,,,,,,,1.3306930693069308e-07,28284,,,,,,,,,
93,,,,,,,,,,28284,0.012304117903113365,,,,,,,,
,,,,,,,,,1.3273927392739273e-07,28289,,,,,,,,,
93,,,,,,,,,,28289,0.003436097875237465,,,,,,,,
,,,,,,,,,1.3240924092409238e-07,28294,,,,,,,,,
93,,,,,,,,,,28294,0.005988793913275003,,,,,,,,
,,,,,,,,,1.3207920792079208e-07,28299,,,,,,,,,
93,,,,,,,,,,28299,0.004326087888330221,,,,,,,,
,,,,,,,,,1.3174917491749174e-07,28304,,,,,,,,,
93,,,,,,,,,,28304,0.0034762669820338488,,,,,,,,
,,,,,,,,,1.314191419141914e-07,28309,,,,,,,,,
93,,,,,,,,,,28309,0.005785973742604256,,,,,,,,
,,,,,,,,,1.310891089108911e-07,28314,,,,,,,,,
93,,,,,,,,,,28314,0.018405621871352196,,,,,,,,
,,,,,,,,,1.3075907590759074e-07,28319,,,,,,,,,
93,,,,,,,,,,28319,0.00925662461668253,,,,,,,,
,,,,,,,,,1.3042904290429042e-07,28324,,,,,,,,,
93,,,,,,,,,,28324,0.0048433151096105576,,,,,,,,
,,,,,,,,,1.300990099009901e-07,28329,,,,,,,,,
93,,,,,,,,,,28329,0.021125663071870804,,,,,,,,
,,,,,,,,,1.2976897689768975e-07,28334,,,,,,,,,
93,,,,,,,,,,28334,0.01520204171538353,,,,,,,,
,,,,,,,,,1.2943894389438945e-07,28339,,,,,,,,,
93,,,,,,,,,,28339,0.03328105807304382,,,,,,,,
,,,,,,,,,1.291089108910891e-07,28344,,,,,,,,,
93,,,,,,,,,,28344,0.03322140499949455,,,,,,,,
,,,,,,,,,1.2877887788778878e-07,28349,,,,,,,,,
93,,,,,,,,,,28349,0.009141851216554642,,,,,,,,
,,,,,,,,,1.2844884488448846e-07,28354,,,,,,,,,
93,,,,,,,,,,28354,0.014566285535693169,,,,,,,,
,,,,,,,,,1.281188118811881e-07,28359,,,,,,,,,
93,,,,,,,,,,28359,0.01284285169094801,,,,,,,,
,,,,,,,,,1.2778877887788779e-07,28364,,,,,,,,,
93,,,,,,,,,,28364,0.005322868935763836,,,,,,,,
,,,,,,,,,1.2745874587458746e-07,28369,,,,,,,,,
93,,,,,,,,,,28369,0.014357485808432102,,,,,,,,
,,,,,,,,,1.2712871287128711e-07,28374,,,,,,,,,
93,,,,,,,,,,28374,0.01164153590798378,,,,,,,,
,,,,,,,,,1.267986798679868e-07,28379,,,,,,,,,
93,,,,,,,,,,28379,0.038600098341703415,,,,,,,,
,,,,,,,,,1.2646864686468647e-07,28384,,,,,,,,,
93,,,,,,,,,,28384,0.016169849783182144,,,,,,,,
,,,,,,,,,1.2613861386138615e-07,28389,,,,,,,,,
93,,,,,,,,,,28389,0.014061667956411839,,,,,,,,
,,,,,,,,,1.258085808580858e-07,28394,,,,,,,,,
93,,,,,,,,,,28394,0.014217404648661613,,,,,,,,
,,,,,,,,,1.2547854785478548e-07,28399,,,,,,,,,
93,,,,,,,,,,28399,0.03520747646689415,,,,,,,,
,,,,,,,,,1.2514851485148515e-07,28404,,,,,,,,,
93,,,,,,,,,,28404,0.023560399189591408,,,,,,,,
,,,,,,,,,1.2481848184818483e-07,28409,,,,,,,,,
93,,,,,,,,,,28409,0.008974769152700901,,,,,,,,
,,,,,,,,,1.2448844884488448e-07,28414,,,,,,,,,
93,,,,,,,,,,28414,0.016753677278757095,,,,,,,,
,,,,,,,,,1.2415841584158416e-07,28419,,,,,,,,,
93,,,,,,,,,,28419,0.009055034257471561,,,,,,,,
,,,,,,,,,1.2382838283828384e-07,28424,,,,,,,,,
93,,,,,,,,,,28424,0.02022535726428032,,,,,,,,
,,,,,,,,,1.234983498349835e-07,28429,,,,,,,,,
93,,,,,,,,,,28429,0.010774068534374237,,,,,,,,
,,,,,,,,,1.2316831683168316e-07,28434,,,,,,,,,
93,,,,,,,,,,28434,0.021132389083504677,,,,,,,,
,,,,,,,,,1.2283828382838284e-07,28439,,,,,,,,,
93,,,,,,,,,,28439,0.01799636334180832,,,,,,,,
,,,,,,,,,1.225082508250825e-07,28444,,,,,,,,,
93,,,,,,,,,,28444,0.010323363356292248,,,,,,,,
,,,,,,,,,1.2217821782178217e-07,28449,,,,,,,,,
93,,,,,,,,,,28449,0.02088247984647751,,,,,,,,
,,,,,,,,,1.2184818481848185e-07,28454,,,,,,,,,
93,,,,,,,,,,28454,0.018385492265224457,,,,,,,,
,,,,,,,,,1.2151815181518153e-07,28459,,,,,,,,,
93,,,,,,,,,,28459,0.0382465124130249,,,,,,,,
,,,,,,,,,1.2118811881188118e-07,28464,,,,,,,,,
93,,,,,,,,,,28464,0.013467731885612011,,,,,,,,
,,,,,,,,,1.2085808580858085e-07,28469,,,,,,,,,
93,,,,,,,,,,28469,0.014277358539402485,,,,,,,,
,,,,,,,,,1.2052805280528053e-07,28474,,,,,,,,,
93,,,,,,,,,,28474,0.004617319907993078,,,,,,,,
,,,,,,,,,1.2019801980198018e-07,28479,,,,,,,,,
93,,,,,,,,,,28479,0.02199866808950901,,,,,,,,
93,,,,,,,,,,28481,,0.6875,0.72826087474823,0.08203346282243729,0.08203346282243729,0.4316878914833069,0.7127659320831299,0.7444444298744202,0.4457184076309204
,,,,,,,,,1.1986798679867986e-07,28484,,,,,,,,,
94,,,,,,,,,,28484,0.03237244486808777,,,,,,,,
,,,,,,,,,1.1953795379537954e-07,28489,,,,,,,,,
94,,,,,,,,,,28489,0.007128116209059954,,,,,,,,
,,,,,,,,,1.192079207920792e-07,28494,,,,,,,,,
94,,,,,,,,,,28494,0.006634576711803675,,,,,,,,
,,,,,,,,,1.1887788778877887e-07,28499,,,,,,,,,
94,,,,,,,,,,28499,0.010196981020271778,,,,,,,,
,,,,,,,,,1.1854785478547854e-07,28504,,,,,,,,,
94,,,,,,,,,,28504,0.032388657331466675,,,,,,,,
,,,,,,,,,1.1821782178217821e-07,28509,,,,,,,,,
94,,,,,,,,,,28509,0.014557769522070885,,,,,,,,
,,,,,,,,,1.1788778877887789e-07,28514,,,,,,,,,
94,,,,,,,,,,28514,0.01534087024629116,,,,,,,,
,,,,,,,,,1.1755775577557755e-07,28519,,,,,,,,,
94,,,,,,,,,,28519,0.01029174029827118,,,,,,,,
,,,,,,,,,1.1722772277227721e-07,28524,,,,,,,,,
94,,,,,,,,,,28524,0.017305349931120872,,,,,,,,
,,,,,,,,,1.1689768976897689e-07,28529,,,,,,,,,
94,,,,,,,,,,28529,0.012152295559644699,,,,,,,,
,,,,,,,,,1.1656765676567657e-07,28534,,,,,,,,,
94,,,,,,,,,,28534,0.006451514083892107,,,,,,,,
,,,,,,,,,1.1623762376237623e-07,28539,,,,,,,,,
94,,,,,,,,,,28539,0.008551549166440964,,,,,,,,
,,,,,,,,,1.159075907590759e-07,28544,,,,,,,,,
94,,,,,,,,,,28544,0.04847172275185585,,,,,,,,
,,,,,,,,,1.1557755775577558e-07,28549,,,,,,,,,
94,,,,,,,,,,28549,0.0038368876557797194,,,,,,,,
,,,,,,,,,1.1524752475247525e-07,28554,,,,,,,,,
94,,,,,,,,,,28554,0.012176661752164364,,,,,,,,
,,,,,,,,,1.149174917491749e-07,28559,,,,,,,,,
94,,,,,,,,,,28559,0.023556625470519066,,,,,,,,
,,,,,,,,,1.1458745874587458e-07,28564,,,,,,,,,
94,,,,,,,,,,28564,0.00884255114942789,,,,,,,,
,,,,,,,,,1.1425742574257426e-07,28569,,,,,,,,,
94,,,,,,,,,,28569,0.037069689482450485,,,,,,,,
,,,,,,,,,1.1392739273927392e-07,28574,,,,,,,,,
94,,,,,,,,,,28574,0.039841048419475555,,,,,,,,
,,,,,,,,,1.1359735973597359e-07,28579,,,,,,,,,
94,,,,,,,,,,28579,0.021038668230175972,,,,,,,,
,,,,,,,,,1.1326732673267326e-07,28584,,,,,,,,,
94,,,,,,,,,,28584,0.012467281892895699,,,,,,,,
,,,,,,,,,1.1293729372937293e-07,28589,,,,,,,,,
94,,,,,,,,,,28589,0.018190918490290642,,,,,,,,
,,,,,,,,,1.126072607260726e-07,28594,,,,,,,,,
94,,,,,,,,,,28594,0.01747484877705574,,,,,,,,
,,,,,,,,,1.1227722772277227e-07,28599,,,,,,,,,
94,,,,,,,,,,28599,0.014094818383455276,,,,,,,,
,,,,,,,,,1.1194719471947195e-07,28604,,,,,,,,,
94,,,,,,,,,,28604,0.01823289878666401,,,,,,,,
,,,,,,,,,1.1161716171617161e-07,28609,,,,,,,,,
94,,,,,,,,,,28609,0.016087250784039497,,,,,,,,
,,,,,,,,,1.1128712871287129e-07,28614,,,,,,,,,
94,,,,,,,,,,28614,0.02241061069071293,,,,,,,,
,,,,,,,,,1.1095709570957095e-07,28619,,,,,,,,,
94,,,,,,,,,,28619,0.0030591681133955717,,,,,,,,
,,,,,,,,,1.1062706270627062e-07,28624,,,,,,,,,
94,,,,,,,,,,28624,0.03999493643641472,,,,,,,,
,,,,,,,,,1.102970297029703e-07,28629,,,,,,,,,
94,,,,,,,,,,28629,0.027271253988146782,,,,,,,,
,,,,,,,,,1.0996699669966997e-07,28634,,,,,,,,,
94,,,,,,,,,,28634,0.011002641171216965,,,,,,,,
,,,,,,,,,1.0963696369636962e-07,28639,,,,,,,,,
94,,,,,,,,,,28639,0.009762388654053211,,,,,,,,
,,,,,,,,,1.093069306930693e-07,28644,,,,,,,,,
94,,,,,,,,,,28644,0.013810980133712292,,,,,,,,
,,,,,,,,,1.0897689768976898e-07,28649,,,,,,,,,
94,,,,,,,,,,28649,0.0031890145037323236,,,,,,,,
,,,,,,,,,1.0864686468646863e-07,28654,,,,,,,,,
94,,,,,,,,,,28654,0.023539764806628227,,,,,,,,
,,,,,,,,,1.0831683168316831e-07,28659,,,,,,,,,
94,,,,,,,,,,28659,0.019787773489952087,,,,,,,,
,,,,,,,,,1.0798679867986799e-07,28664,,,,,,,,,
94,,,,,,,,,,28664,0.011192135512828827,,,,,,,,
,,,,,,,,,1.0765676567656765e-07,28669,,,,,,,,,
94,,,,,,,,,,28669,0.015939408913254738,,,,,,,,
,,,,,,,,,1.0732673267326731e-07,28674,,,,,,,,,
94,,,,,,,,,,28674,0.0033542851451784372,,,,,,,,
,,,,,,,,,1.0699669966996699e-07,28679,,,,,,,,,
94,,,,,,,,,,28679,0.018869096413254738,,,,,,,,
,,,,,,,,,1.0666666666666667e-07,28684,,,,,,,,,
94,,,,,,,,,,28684,0.017004594206809998,,,,,,,,
,,,,,,,,,1.0633663366336633e-07,28689,,,,,,,,,
94,,,,,,,,,,28689,0.01990531012415886,,,,,,,,
,,,,,,,,,1.06006600660066e-07,28694,,,,,,,,,
94,,,,,,,,,,28694,0.009444636292755604,,,,,,,,
,,,,,,,,,1.0567656765676567e-07,28699,,,,,,,,,
94,,,,,,,,,,28699,0.011586061678826809,,,,,,,,
,,,,,,,,,1.0534653465346534e-07,28704,,,,,,,,,
94,,,,,,,,,,28704,0.032727647572755814,,,,,,,,
,,,,,,,,,1.0501650165016502e-07,28709,,,,,,,,,
94,,,,,,,,,,28709,0.022252921015024185,,,,,,,,
,,,,,,,,,1.0468646864686468e-07,28714,,,,,,,,,
94,,,,,,,,,,28714,0.011332242749631405,,,,,,,,
,,,,,,,,,1.0435643564356435e-07,28719,,,,,,,,,
94,,,,,,,,,,28719,0.04030953720211983,,,,,,,,
,,,,,,,,,1.0402640264026402e-07,28724,,,,,,,,,
94,,,,,,,,,,28724,0.007585300598293543,,,,,,,,
,,,,,,,,,1.036963696369637e-07,28729,,,,,,,,,
94,,,,,,,,,,28729,0.049343716353178024,,,,,,,,
,,,,,,,,,1.0336633663366335e-07,28734,,,,,,,,,
94,,,,,,,,,,28734,0.003588652005419135,,,,,,,,
,,,,,,,,,1.0303630363036303e-07,28739,,,,,,,,,
94,,,,,,,,,,28739,0.004328604321926832,,,,,,,,
,,,,,,,,,1.027062706270627e-07,28744,,,,,,,,,
94,,,,,,,,,,28744,0.026582220569252968,,,,,,,,
,,,,,,,,,1.0237623762376237e-07,28749,,,,,,,,,
94,,,,,,,,,,28749,0.023365842178463936,,,,,,,,
,,,,,,,,,1.0204620462046203e-07,28754,,,,,,,,,
94,,,,,,,,,,28754,0.018085317686200142,,,,,,,,
,,,,,,,,,1.0171617161716171e-07,28759,,,,,,,,,
94,,,,,,,,,,28759,0.018946805968880653,,,,,,,,
,,,,,,,,,1.0138613861386139e-07,28764,,,,,,,,,
94,,,,,,,,,,28764,0.007971442304551601,,,,,,,,
,,,,,,,,,1.0105610561056105e-07,28769,,,,,,,,,
94,,,,,,,,,,28769,0.010392718948423862,,,,,,,,
,,,,,,,,,1.0072607260726072e-07,28774,,,,,,,,,
94,,,,,,,,,,28774,0.021707184612751007,,,,,,,,
,,,,,,,,,1.003960396039604e-07,28779,,,,,,,,,
94,,,,,,,,,,28779,0.012197772972285748,,,,,,,,
,,,,,,,,,1.0006600660066006e-07,28784,,,,,,,,,
94,,,,,,,,,,28784,0.01926005817949772,,,,,,,,
94,,,,,,,,,,28784,,0.6937500238418579,0.7351351380348206,0.08251624554395676,0.08251624554395676,0.4335314929485321,0.7157894968986511,0.7555555701255798,0.44721436500549316
,,,,,,,,,9.973597359735974e-08,28789,,,,,,,,,
95,,,,,,,,,,28789,0.006806869059801102,,,,,,,,
,,,,,,,,,9.94059405940594e-08,28794,,,,,,,,,
95,,,,,,,,,,28794,0.016438832506537437,,,,,,,,
,,,,,,,,,9.907590759075907e-08,28799,,,,,,,,,
95,,,,,,,,,,28799,0.036513883620500565,,,,,,,,
,,,,,,,,,9.874587458745874e-08,28804,,,,,,,,,
95,,,,,,,,,,28804,0.01337882224470377,,,,,,,,
,,,,,,,,,9.841584158415842e-08,28809,,,,,,,,,
95,,,,,,,,,,28809,0.01527365855872631,,,,,,,,
,,,,,,,,,9.808580858085807e-08,28814,,,,,,,,,
95,,,,,,,,,,28814,0.003921229857951403,,,,,,,,
,,,,,,,,,9.775577557755775e-08,28819,,,,,,,,,
95,,,,,,,,,,28819,0.01159933116286993,,,,,,,,
,,,,,,,,,9.742574257425743e-08,28824,,,,,,,,,
95,,,,,,,,,,28824,0.034564077854156494,,,,,,,,
,,,,,,,,,9.709570957095709e-08,28829,,,,,,,,,
95,,,,,,,,,,28829,0.00949362013489008,,,,,,,,
,,,,,,,,,9.676567656765676e-08,28834,,,,,,,,,
95,,,,,,,,,,28834,0.030728349462151527,,,,,,,,
,,,,,,,,,9.643564356435643e-08,28839,,,,,,,,,
95,,,,,,,,,,28839,0.010329064913094044,,,,,,,,
,,,,,,,,,9.610561056105611e-08,28844,,,,,,,,,
95,,,,,,,,,,28844,0.007893899455666542,,,,,,,,
,,,,,,,,,9.577557755775577e-08,28849,,,,,,,,,
95,,,,,,,,,,28849,0.01864977926015854,,,,,,,,
,,,,,,,,,9.544554455445544e-08,28854,,,,,,,,,
95,,,,,,,,,,28854,0.02332744374871254,,,,,,,,
,,,,,,,,,9.511551155115512e-08,28859,,,,,,,,,
95,,,,,,,,,,28859,0.003078007372096181,,,,,,,,
,,,,,,,,,9.478547854785478e-08,28864,,,,,,,,,
95,,,,,,,,,,28864,0.021390313282608986,,,,,,,,
,,,,,,,,,9.445544554455446e-08,28869,,,,,,,,,
95,,,,,,,,,,28869,0.009122911840677261,,,,,,,,
,,,,,,,,,9.412541254125412e-08,28874,,,,,,,,,
95,,,,,,,,,,28874,0.03119940124452114,,,,,,,,
,,,,,,,,,9.379537953795379e-08,28879,,,,,,,,,
95,,,,,,,,,,28879,0.004768602084368467,,,,,,,,
,,,,,,,,,9.346534653465346e-08,28884,,,,,,,,,
95,,,,,,,,,,28884,0.020651578903198242,,,,,,,,
,,,,,,,,,9.313531353135314e-08,28889,,,,,,,,,
95,,,,,,,,,,28889,0.021187227219343185,,,,,,,,
,,,,,,,,,9.280528052805279e-08,28894,,,,,,,,,
95,,,,,,,,,,28894,0.0034210244193673134,,,,,,,,
,,,,,,,,,9.247524752475247e-08,28899,,,,,,,,,
95,,,,,,,,,,28899,0.009567915461957455,,,,,,,,
,,,,,,,,,9.214521452145215e-08,28904,,,,,,,,,
95,,,,,,,,,,28904,0.02064257673919201,,,,,,,,
,,,,,,,,,9.18151815181518e-08,28909,,,,,,,,,
95,,,,,,,,,,28909,0.011048744432628155,,,,,,,,
,,,,,,,,,9.148514851485148e-08,28914,,,,,,,,,
95,,,,,,,,,,28914,0.012436277233064175,,,,,,,,
,,,,,,,,,9.115511551155115e-08,28919,,,,,,,,,
95,,,,,,,,,,28919,0.0204949751496315,,,,,,,,
,,,,,,,,,9.082508250825083e-08,28924,,,,,,,,,
95,,,,,,,,,,28924,0.015118885785341263,,,,,,,,
,,,,,,,,,9.049504950495048e-08,28929,,,,,,,,,
95,,,,,,,,,,28929,0.0435217060148716,,,,,,,,
,,,,,,,,,9.016501650165016e-08,28934,,,,,,,,,
95,,,,,,,,,,28934,0.032297395169734955,,,,,,,,
,,,,,,,,,8.983498349834984e-08,28939,,,,,,,,,
95,,,,,,,,,,28939,0.013287974521517754,,,,,,,,
,,,,,,,,,8.95049504950495e-08,28944,,,,,,,,,
95,,,,,,,,,,28944,0.004688635468482971,,,,,,,,
,,,,,,,,,8.917491749174917e-08,28949,,,,,,,,,
95,,,,,,,,,,28949,0.04854695126414299,,,,,,,,
,,,,,,,,,8.884488448844884e-08,28954,,,,,,,,,
95,,,,,,,,,,28954,0.014912213198840618,,,,,,,,
,,,,,,,,,8.851485148514851e-08,28959,,,,,,,,,
95,,,,,,,,,,28959,0.022562218829989433,,,,,,,,
,,,,,,,,,8.818481848184819e-08,28964,,,,,,,,,
95,,,,,,,,,,28964,0.0037384689785540104,,,,,,,,
,,,,,,,,,8.785478547854785e-08,28969,,,,,,,,,
95,,,,,,,,,,28969,0.008705911226570606,,,,,,,,
,,,,,,,,,8.752475247524751e-08,28974,,,,,,,,,
95,,,,,,,,,,28974,0.013154113665223122,,,,,,,,
,,,,,,,,,8.719471947194719e-08,28979,,,,,,,,,
95,,,,,,,,,,28979,0.01785656437277794,,,,,,,,
,,,,,,,,,8.686468646864687e-08,28984,,,,,,,,,
95,,,,,,,,,,28984,0.03876287117600441,,,,,,,,
,,,,,,,,,8.653465346534652e-08,28989,,,,,,,,,
95,,,,,,,,,,28989,0.016465654596686363,,,,,,,,
,,,,,,,,,8.62046204620462e-08,28994,,,,,,,,,
95,,,,,,,,,,28994,0.015452070161700249,,,,,,,,
,,,,,,,,,8.587458745874587e-08,28999,,,,,,,,,
95,,,,,,,,,,28999,0.021503321826457977,,,,,,,,
,,,,,,,,,8.554455445544555e-08,29004,,,,,,,,,
95,,,,,,,,,,29004,0.016692394390702248,,,,,,,,
,,,,,,,,,8.52145214521452e-08,29009,,,,,,,,,
95,,,,,,,,,,29009,0.017871195450425148,,,,,,,,
,,,,,,,,,8.488448844884488e-08,29014,,,,,,,,,
95,,,,,,,,,,29014,0.027753809466958046,,,,,,,,
,,,,,,,,,8.455445544554456e-08,29019,,,,,,,,,
95,,,,,,,,,,29019,0.025518350303173065,,,,,,,,
,,,,,,,,,8.422442244224422e-08,29024,,,,,,,,,
95,,,,,,,,,,29024,0.010815656743943691,,,,,,,,
,,,,,,,,,8.389438943894389e-08,29029,,,,,,,,,
95,,,,,,,,,,29029,0.030785003677010536,,,,,,,,
,,,,,,,,,8.356435643564356e-08,29034,,,,,,,,,
95,,,,,,,,,,29034,0.03961382061243057,,,,,,,,
,,,,,,,,,8.323432343234323e-08,29039,,,,,,,,,
95,,,,,,,,,,29039,0.008221928030252457,,,,,,,,
,,,,,,,,,8.29042904290429e-08,29044,,,,,,,,,
95,,,,,,,,,,29044,0.013408967293798923,,,,,,,,
,,,,,,,,,8.257425742574257e-08,29049,,,,,,,,,
95,,,,,,,,,,29049,0.01067823451012373,,,,,,,,
,,,,,,,,,8.224422442244223e-08,29054,,,,,,,,,
95,,,,,,,,,,29054,0.02240610308945179,,,,,,,,
,,,,,,,,,8.191419141914191e-08,29059,,,,,,,,,
95,,,,,,,,,,29059,0.008676859550178051,,,,,,,,
,,,,,,,,,8.158415841584159e-08,29064,,,,,,,,,
95,,,,,,,,,,29064,0.03191521391272545,,,,,,,,
,,,,,,,,,8.125412541254124e-08,29069,,,,,,,,,
95,,,,,,,,,,29069,0.008749386295676231,,,,,,,,
,,,,,,,,,8.092409240924092e-08,29074,,,,,,,,,
95,,,,,,,,,,29074,0.02435419335961342,,,,,,,,
,,,,,,,,,8.05940594059406e-08,29079,,,,,,,,,
95,,,,,,,,,,29079,0.014529217965900898,,,,,,,,
,,,,,,,,,8.026402640264027e-08,29084,,,,,,,,,
95,,,,,,,,,,29084,0.006050411611795425,,,,,,,,
95,,,,,,,,,,29087,,0.6937500238418579,0.7351351380348206,0.08221866190433502,0.08221866190433502,0.43403223156929016,0.7157894968986511,0.7555555701255798,0.44965627789497375
,,,,,,,,,7.993399339933992e-08,29089,,,,,,,,,
96,,,,,,,,,,29089,0.004607539623975754,,,,,,,,
,,,,,,,,,7.96039603960396e-08,29094,,,,,,,,,
96,,,,,,,,,,29094,0.004711743909865618,,,,,,,,
,,,,,,,,,7.927392739273928e-08,29099,,,,,,,,,
96,,,,,,,,,,29099,0.01235028076916933,,,,,,,,
,,,,,,,,,7.894389438943893e-08,29104,,,,,,,,,
96,,,,,,,,,,29104,0.013798512518405914,,,,,,,,
,,,,,,,,,7.861386138613861e-08,29109,,,,,,,,,
96,,,,,,,,,,29109,0.027185847982764244,,,,,,,,
,,,,,,,,,7.828382838283828e-08,29114,,,,,,,,,
96,,,,,,,,,,29114,0.0023248230572789907,,,,,,,,
,,,,,,,,,7.795379537953795e-08,29119,,,,,,,,,
96,,,,,,,,,,29119,0.01767076924443245,,,,,,,,
,,,,,,,,,7.762376237623761e-08,29124,,,,,,,,,
96,,,,,,,,,,29124,0.0030344007536768913,,,,,,,,
,,,,,,,,,7.729372937293729e-08,29129,,,,,,,,,
96,,,,,,,,,,29129,0.011579961515963078,,,,,,,,
,,,,,,,,,7.696369636963696e-08,29134,,,,,,,,,
96,,,,,,,,,,29134,0.008126936852931976,,,,,,,,
,,,,,,,,,7.663366336633663e-08,29139,,,,,,,,,
96,,,,,,,,,,29139,0.0034477768931537867,,,,,,,,
,,,,,,,,,7.63036303630363e-08,29144,,,,,,,,,
96,,,,,,,,,,29144,0.008669216185808182,,,,,,,,
,,,,,,,,,7.597359735973596e-08,29149,,,,,,,,,
96,,,,,,,,,,29149,0.008966311812400818,,,,,,,,
,,,,,,,,,7.564356435643564e-08,29154,,,,,,,,,
96,,,,,,,,,,29154,0.021117640659213066,,,,,,,,
,,,,,,,,,7.531353135313532e-08,29159,,,,,,,,,
96,,,,,,,,,,29159,0.015535934828221798,,,,,,,,
,,,,,,,,,7.498349834983498e-08,29164,,,,,,,,,
96,,,,,,,,,,29164,0.03762596845626831,,,,,,,,
,,,,,,,,,7.465346534653464e-08,29169,,,,,,,,,
96,,,,,,,,,,29169,0.012189590372145176,,,,,,,,
,,,,,,,,,7.432343234323432e-08,29174,,,,,,,,,
96,,,,,,,,,,29174,0.012681039050221443,,,,,,,,
,,,,,,,,,7.3993399339934e-08,29179,,,,,,,,,
96,,,,,,,,,,29179,0.01979796402156353,,,,,,,,
,,,,,,,,,7.366336633663365e-08,29184,,,,,,,,,
96,,,,,,,,,,29184,0.017836615443229675,,,,,,,,
,,,,,,,,,7.333333333333333e-08,29189,,,,,,,,,
96,,,,,,,,,,29189,0.005751169752329588,,,,,,,,
,,,,,,,,,7.3003300330033e-08,29194,,,,,,,,,
96,,,,,,,,,,29194,0.03371138870716095,,,,,,,,
,,,,,,,,,7.267326732673267e-08,29199,,,,,,,,,
96,,,,,,,,,,29199,0.012457506731152534,,,,,,,,
,,,,,,,,,7.234323432343233e-08,29204,,,,,,,,,
96,,,,,,,,,,29204,0.022557370364665985,,,,,,,,
,,,,,,,,,7.201320132013201e-08,29209,,,,,,,,,
96,,,,,,,,,,29209,0.018031692132353783,,,,,,,,
,,,,,,,,,7.168316831683168e-08,29214,,,,,,,,,
96,,,,,,,,,,29214,0.017005115747451782,,,,,,,,
,,,,,,,,,7.135313531353135e-08,29219,,,,,,,,,
96,,,,,,,,,,29219,0.004659565165638924,,,,,,,,
,,,,,,,,,7.102310231023102e-08,29224,,,,,,,,,
96,,,,,,,,,,29224,0.02310381829738617,,,,,,,,
,,,,,,,,,7.069306930693068e-08,29229,,,,,,,,,
96,,,,,,,,,,29229,0.017368249595165253,,,,,,,,
,,,,,,,,,7.036303630363036e-08,29234,,,,,,,,,
96,,,,,,,,,,29234,0.0073707569390535355,,,,,,,,
,,,,,,,,,7.003300330033004e-08,29239,,,,,,,,,
96,,,,,,,,,,29239,0.013591162860393524,,,,,,,,
,,,,,,,,,6.97029702970297e-08,29244,,,,,,,,,
96,,,,,,,,,,29244,0.01107774581760168,,,,,,,,
,,,,,,,,,6.937293729372937e-08,29249,,,,,,,,,
96,,,,,,,,,,29249,0.008700796402990818,,,,,,,,
,,,,,,,,,6.904290429042904e-08,29254,,,,,,,,,
96,,,,,,,,,,29254,0.009007579647004604,,,,,,,,
,,,,,,,,,6.871287128712872e-08,29259,,,,,,,,,
96,,,,,,,,,,29259,0.016232077032327652,,,,,,,,
,,,,,,,,,6.838283828382837e-08,29264,,,,,,,,,
96,,,,,,,,,,29264,0.0041894251480698586,,,,,,,,
,,,,,,,,,6.805280528052805e-08,29269,,,,,,,,,
96,,,,,,,,,,29269,0.015602929517626762,,,,,,,,
,,,,,,,,,6.772277227722773e-08,29274,,,,,,,,,
96,,,,,,,,,,29274,0.023567168042063713,,,,,,,,
,,,,,,,,,6.739273927392739e-08,29279,,,,,,,,,
96,,,,,,,,,,29279,0.018301161006093025,,,,,,,,
,,,,,,,,,6.706270627062706e-08,29284,,,,,,,,,
96,,,,,,,,,,29284,0.021995065733790398,,,,,,,,
,,,,,,,,,6.673267326732673e-08,29289,,,,,,,,,
96,,,,,,,,,,29289,0.011139857582747936,,,,,,,,
,,,,,,,,,6.64026402640264e-08,29294,,,,,,,,,
96,,,,,,,,,,29294,0.006580225192010403,,,,,,,,
,,,,,,,,,6.607260726072607e-08,29299,,,,,,,,,
96,,,,,,,,,,29299,0.010480565018951893,,,,,,,,
,,,,,,,,,6.574257425742574e-08,29304,,,,,,,,,
96,,,,,,,,,,29304,0.012440606951713562,,,,,,,,
,,,,,,,,,6.54125412541254e-08,29309,,,,,,,,,
96,,,,,,,,,,29309,0.007255134638398886,,,,,,,,
,,,,,,,,,6.508250825082508e-08,29314,,,,,,,,,
96,,,,,,,,,,29314,0.006982795428484678,,,,,,,,
,,,,,,,,,6.475247524752476e-08,29319,,,,,,,,,
96,,,,,,,,,,29319,0.0016449308022856712,,,,,,,,
,,,,,,,,,6.442244224422442e-08,29324,,,,,,,,,
96,,,,,,,,,,29324,0.006716007832437754,,,,,,,,
,,,,,,,,,6.409240924092409e-08,29329,,,,,,,,,
96,,,,,,,,,,29329,0.005871230736374855,,,,,,,,
,,,,,,,,,6.376237623762376e-08,29334,,,,,,,,,
96,,,,,,,,,,29334,0.03995397686958313,,,,,,,,
,,,,,,,,,6.343234323432344e-08,29339,,,,,,,,,
96,,,,,,,,,,29339,0.006835498847067356,,,,,,,,
,,,,,,,,,6.310231023102309e-08,29344,,,,,,,,,
96,,,,,,,,,,29344,0.01576312817633152,,,,,,,,
,,,,,,,,,6.277227722772277e-08,29349,,,,,,,,,
96,,,,,,,,,,29349,0.012574897147715092,,,,,,,,
,,,,,,,,,6.244224422442243e-08,29354,,,,,,,,,
96,,,,,,,,,,29354,0.011940632946789265,,,,,,,,
,,,,,,,,,6.211221122112211e-08,29359,,,,,,,,,
96,,,,,,,,,,29359,0.019872965291142464,,,,,,,,
,,,,,,,,,6.178217821782178e-08,29364,,,,,,,,,
96,,,,,,,,,,29364,0.007418960798531771,,,,,,,,
,,,,,,,,,6.145214521452144e-08,29369,,,,,,,,,
96,,,,,,,,,,29369,0.019493434578180313,,,,,,,,
,,,,,,,,,6.112211221122112e-08,29374,,,,,,,,,
96,,,,,,,,,,29374,0.012464175932109356,,,,,,,,
,,,,,,,,,6.079207920792078e-08,29379,,,,,,,,,
96,,,,,,,,,,29379,0.027956217527389526,,,,,,,,
,,,,,,,,,6.046204620462046e-08,29384,,,,,,,,,
96,,,,,,,,,,29384,0.008687209337949753,,,,,,,,
,,,,,,,,,6.013201320132012e-08,29389,,,,,,,,,
96,,,,,,,,,,29389,0.004707132466137409,,,,,,,,
96,,,,,,,,,,29390,,0.6937500238418579,0.7351351380348206,0.08311913162469864,0.08311913162469864,0.4339577555656433,0.7157894968986511,0.7555555701255798,0.45018425583839417
,,,,,,,,,5.98019801980198e-08,29394,,,,,,,,,
97,,,,,,,,,,29394,0.002711618086323142,,,,,,,,
,,,,,,,,,5.947194719471947e-08,29399,,,,,,,,,
97,,,,,,,,,,29399,0.008801651187241077,,,,,,,,
,,,,,,,,,5.9141914191419136e-08,29404,,,,,,,,,
97,,,,,,,,,,29404,0.031501404941082,,,,,,,,
,,,,,,,,,5.881188118811881e-08,29409,,,,,,,,,
97,,,,,,,,,,29409,0.007563129998743534,,,,,,,,
,,,,,,,,,5.848184818481848e-08,29414,,,,,,,,,
97,,,,,,,,,,29414,0.011995858512818813,,,,,,,,
,,,,,,,,,5.815181518151815e-08,29419,,,,,,,,,
97,,,,,,,,,,29419,0.014935354702174664,,,,,,,,
,,,,,,,,,5.782178217821782e-08,29424,,,,,,,,,
97,,,,,,,,,,29424,0.005883254110813141,,,,,,,,
,,,,,,,,,5.749174917491749e-08,29429,,,,,,,,,
97,,,,,,,,,,29429,0.011025565676391125,,,,,,,,
,,,,,,,,,5.7161716171617155e-08,29434,,,,,,,,,
97,,,,,,,,,,29434,0.006053907331079245,,,,,,,,
,,,,,,,,,5.683168316831683e-08,29439,,,,,,,,,
97,,,,,,,,,,29439,0.004803503397852182,,,,,,,,
,,,,,,,,,5.6501650165016497e-08,29444,,,,,,,,,
97,,,,,,,,,,29444,0.01655273139476776,,,,,,,,
,,,,,,,,,5.617161716171617e-08,29449,,,,,,,,,
97,,,,,,,,,,29449,0.017480939626693726,,,,,,,,
,,,,,,,,,5.584158415841584e-08,29454,,,,,,,,,
97,,,,,,,,,,29454,0.02727239951491356,,,,,,,,
,,,,,,,,,5.551155115511551e-08,29459,,,,,,,,,
97,,,,,,,,,,29459,0.01987825706601143,,,,,,,,
,,,,,,,,,5.518151815181518e-08,29464,,,,,,,,,
97,,,,,,,,,,29464,0.0220160111784935,,,,,,,,
,,,,,,,,,5.485148514851485e-08,29469,,,,,,,,,
97,,,,,,,,,,29469,0.01570095680654049,,,,,,,,
,,,,,,,,,5.4521452145214515e-08,29474,,,,,,,,,
97,,,,,,,,,,29474,0.01322860922664404,,,,,,,,
,,,,,,,,,5.419141914191419e-08,29479,,,,,,,,,
97,,,,,,,,,,29479,0.01158824935555458,,,,,,,,
,,,,,,,,,5.386138613861386e-08,29484,,,,,,,,,
97,,,,,,,,,,29484,0.010928614996373653,,,,,,,,
,,,,,,,,,5.353135313531353e-08,29489,,,,,,,,,
97,,,,,,,,,,29489,0.025427300482988358,,,,,,,,
,,,,,,,,,5.32013201320132e-08,29494,,,,,,,,,
97,,,,,,,,,,29494,0.013479593209922314,,,,,,,,
,,,,,,,,,5.287128712871287e-08,29499,,,,,,,,,
97,,,,,,,,,,29499,0.011091478168964386,,,,,,,,
,,,,,,,,,5.254125412541254e-08,29504,,,,,,,,,
97,,,,,,,,,,29504,0.0035532324109226465,,,,,,,,
,,,,,,,,,5.221122112211221e-08,29509,,,,,,,,,
97,,,,,,,,,,29509,0.005468517541885376,,,,,,,,
,,,,,,,,,5.1881188118811876e-08,29514,,,,,,,,,
97,,,,,,,,,,29514,0.009384953416883945,,,,,,,,
,,,,,,,,,5.155115511551155e-08,29519,,,,,,,,,
97,,,,,,,,,,29519,0.010387256741523743,,,,,,,,
,,,,,,,,,5.122112211221122e-08,29524,,,,,,,,,
97,,,,,,,,,,29524,0.012388725765049458,,,,,,,,
,,,,,,,,,5.089108910891089e-08,29529,,,,,,,,,
97,,,,,,,,,,29529,0.03577631339430809,,,,,,,,
,,,,,,,,,5.056105610561056e-08,29534,,,,,,,,,
97,,,,,,,,,,29534,0.05370931327342987,,,,,,,,
,,,,,,,,,5.023102310231023e-08,29539,,,,,,,,,
97,,,,,,,,,,29539,0.028619883581995964,,,,,,,,
,,,,,,,,,4.99009900990099e-08,29544,,,,,,,,,
97,,,,,,,,,,29544,0.013717948459088802,,,,,,,,
,,,,,,,,,4.957095709570957e-08,29549,,,,,,,,,
97,,,,,,,,,,29549,0.015500982291996479,,,,,,,,
,,,,,,,,,4.9240924092409236e-08,29554,,,,,,,,,
97,,,,,,,,,,29554,0.04324774071574211,,,,,,,,
,,,,,,,,,4.8910891089108914e-08,29559,,,,,,,,,
97,,,,,,,,,,29559,0.011192817240953445,,,,,,,,
,,,,,,,,,4.858085808580858e-08,29564,,,,,,,,,
97,,,,,,,,,,29564,0.007184865418821573,,,,,,,,
,,,,,,,,,4.825082508250824e-08,29569,,,,,,,,,
97,,,,,,,,,,29569,0.0038907937705516815,,,,,,,,
,,,,,,,,,4.792079207920792e-08,29574,,,,,,,,,
97,,,,,,,,,,29574,0.0074087283574044704,,,,,,,,
,,,,,,,,,4.7590759075907584e-08,29579,,,,,,,,,
97,,,,,,,,,,29579,0.004316721577197313,,,,,,,,
,,,,,,,,,4.726072607260726e-08,29584,,,,,,,,,
97,,,,,,,,,,29584,0.030788561329245567,,,,,,,,
,,,,,,,,,4.6930693069306926e-08,29589,,,,,,,,,
97,,,,,,,,,,29589,0.025571899488568306,,,,,,,,
,,,,,,,,,4.6600660066006597e-08,29594,,,,,,,,,
97,,,,,,,,,,29594,0.01709570176899433,,,,,,,,
,,,,,,,,,4.627062706270627e-08,29599,,,,,,,,,
97,,,,,,,,,,29599,0.02988605760037899,,,,,,,,
,,,,,,,,,4.594059405940594e-08,29604,,,,,,,,,
97,,,,,,,,,,29604,0.008007396012544632,,,,,,,,
,,,,,,,,,4.56105610561056e-08,29609,,,,,,,,,
97,,,,,,,,,,29609,0.01242158468812704,,,,,,,,
,,,,,,,,,4.528052805280528e-08,29614,,,,,,,,,
97,,,,,,,,,,29614,0.018737077713012695,,,,,,,,
,,,,,,,,,4.4950495049504944e-08,29619,,,,,,,,,
97,,,,,,,,,,29619,0.007023753598332405,,,,,,,,
,,,,,,,,,4.462046204620462e-08,29624,,,,,,,,,
97,,,,,,,,,,29624,0.015420191921293736,,,,,,,,
,,,,,,,,,4.4290429042904286e-08,29629,,,,,,,,,
97,,,,,,,,,,29629,0.005872156471014023,,,,,,,,
,,,,,,,,,4.396039603960396e-08,29634,,,,,,,,,
97,,,,,,,,,,29634,0.016693314537405968,,,,,,,,
,,,,,,,,,4.363036303630363e-08,29639,,,,,,,,,
97,,,,,,,,,,29639,0.02820189669728279,,,,,,,,
,,,,,,,,,4.33003300330033e-08,29644,,,,,,,,,
97,,,,,,,,,,29644,0.02297484502196312,,,,,,,,
,,,,,,,,,4.297029702970296e-08,29649,,,,,,,,,
97,,,,,,,,,,29649,0.016302531585097313,,,,,,,,
,,,,,,,,,4.264026402640264e-08,29654,,,,,,,,,
97,,,,,,,,,,29654,0.013915800489485264,,,,,,,,
,,,,,,,,,4.2310231023102305e-08,29659,,,,,,,,,
97,,,,,,,,,,29659,0.002389508532360196,,,,,,,,
,,,,,,,,,4.198019801980198e-08,29664,,,,,,,,,
97,,,,,,,,,,29664,0.0479302816092968,,,,,,,,
,,,,,,,,,4.1650165016501646e-08,29669,,,,,,,,,
97,,,,,,,,,,29669,0.03375939279794693,,,,,,,,
,,,,,,,,,4.132013201320132e-08,29674,,,,,,,,,
97,,,,,,,,,,29674,0.018557382747530937,,,,,,,,
,,,,,,,,,4.099009900990099e-08,29679,,,,,,,,,
97,,,,,,,,,,29679,0.02707112953066826,,,,,,,,
,,,,,,,,,4.066006600660066e-08,29684,,,,,,,,,
97,,,,,,,,,,29684,0.004914654418826103,,,,,,,,
,,,,,,,,,4.033003300330033e-08,29689,,,,,,,,,
97,,,,,,,,,,29689,0.04857545718550682,,,,,,,,
97,,,,,,,,,,29693,,0.6937500238418579,0.7351351380348206,0.08276604861021042,0.08276604861021042,0.43328481912612915,0.7157894968986511,0.7555555701255798,0.44838473200798035
,,,,,,,,,4e-08,29694,,,,,,,,,
98,,,,,,,,,,29694,0.015620185993611813,,,,,,,,
,,,,,,,,,3.9669966996699665e-08,29699,,,,,,,,,
98,,,,,,,,,,29699,0.012843092903494835,,,,,,,,
,,,,,,,,,3.933993399339934e-08,29704,,,,,,,,,
98,,,,,,,,,,29704,0.012898780405521393,,,,,,,,
,,,,,,,,,3.900990099009901e-08,29709,,,,,,,,,
98,,,,,,,,,,29709,0.02560371533036232,,,,,,,,
,,,,,,,,,3.867986798679868e-08,29714,,,,,,,,,
98,,,,,,,,,,29714,0.009826526045799255,,,,,,,,
,,,,,,,,,3.834983498349835e-08,29719,,,,,,,,,
98,,,,,,,,,,29719,0.008148112334311008,,,,,,,,
,,,,,,,,,3.801980198019802e-08,29724,,,,,,,,,
98,,,,,,,,,,29724,0.010752653703093529,,,,,,,,
,,,,,,,,,3.768976897689769e-08,29729,,,,,,,,,
98,,,,,,,,,,29729,0.01916275918483734,,,,,,,,
,,,,,,,,,3.735973597359736e-08,29734,,,,,,,,,
98,,,,,,,,,,29734,0.006436527706682682,,,,,,,,
,,,,,,,,,3.7029702970297025e-08,29739,,,,,,,,,
98,,,,,,,,,,29739,0.012787616811692715,,,,,,,,
,,,,,,,,,3.66996699669967e-08,29744,,,,,,,,,
98,,,,,,,,,,29744,0.008495531976222992,,,,,,,,
,,,,,,,,,3.636963696369637e-08,29749,,,,,,,,,
98,,,,,,,,,,29749,0.025025665760040283,,,,,,,,
,,,,,,,,,3.603960396039604e-08,29754,,,,,,,,,
98,,,,,,,,,,29754,0.012058219872415066,,,,,,,,
,,,,,,,,,3.570957095709571e-08,29759,,,,,,,,,
98,,,,,,,,,,29759,0.002183071570470929,,,,,,,,
,,,,,,,,,3.537953795379538e-08,29764,,,,,,,,,
98,,,,,,,,,,29764,0.02510635368525982,,,,,,,,
,,,,,,,,,3.504950495049505e-08,29769,,,,,,,,,
98,,,,,,,,,,29769,0.01774538867175579,,,,,,,,
,,,,,,,,,3.471947194719472e-08,29774,,,,,,,,,
98,,,,,,,,,,29774,0.01245283242315054,,,,,,,,
,,,,,,,,,3.4389438943894386e-08,29779,,,,,,,,,
98,,,,,,,,,,29779,0.016245277598500252,,,,,,,,
,,,,,,,,,3.4059405940594063e-08,29784,,,,,,,,,
98,,,,,,,,,,29784,0.01684754714369774,,,,,,,,
,,,,,,,,,3.372937293729373e-08,29789,,,,,,,,,
98,,,,,,,,,,29789,0.0017030874732881784,,,,,,,,
,,,,,,,,,3.339933993399339e-08,29794,,,,,,,,,
98,,,,,,,,,,29794,0.024550974369049072,,,,,,,,
,,,,,,,,,3.306930693069307e-08,29799,,,,,,,,,
98,,,,,,,,,,29799,0.012353286147117615,,,,,,,,
,,,,,,,,,3.2739273927392734e-08,29804,,,,,,,,,
98,,,,,,,,,,29804,0.010921302251517773,,,,,,,,
,,,,,,,,,3.240924092409241e-08,29809,,,,,,,,,
98,,,,,,,,,,29809,0.0041157896630465984,,,,,,,,
,,,,,,,,,3.2079207920792075e-08,29814,,,,,,,,,
98,,,,,,,,,,29814,0.0069711715914309025,,,,,,,,
,,,,,,,,,3.1749174917491746e-08,29819,,,,,,,,,
98,,,,,,,,,,29819,0.006603467743843794,,,,,,,,
,,,,,,,,,3.141914191419142e-08,29824,,,,,,,,,
98,,,,,,,,,,29824,0.01673193834722042,,,,,,,,
,,,,,,,,,3.108910891089109e-08,29829,,,,,,,,,
98,,,,,,,,,,29829,0.006328195799142122,,,,,,,,
,,,,,,,,,3.075907590759076e-08,29834,,,,,,,,,
98,,,,,,,,,,29834,0.05422046780586243,,,,,,,,
,,,,,,,,,3.042904290429043e-08,29839,,,,,,,,,
98,,,,,,,,,,29839,0.012589707039296627,,,,,,,,
,,,,,,,,,3.0099009900990094e-08,29844,,,,,,,,,
98,,,,,,,,,,29844,0.01704389788210392,,,,,,,,
,,,,,,,,,2.9768976897689768e-08,29849,,,,,,,,,
98,,,,,,,,,,29849,0.01211658027023077,,,,,,,,
,,,,,,,,,2.943894389438944e-08,29854,,,,,,,,,
98,,,,,,,,,,29854,0.02903791144490242,,,,,,,,
,,,,,,,,,2.910891089108911e-08,29859,,,,,,,,,
98,,,,,,,,,,29859,0.008946608752012253,,,,,,,,
,,,,,,,,,2.8778877887788778e-08,29864,,,,,,,,,
98,,,,,,,,,,29864,0.027635948732495308,,,,,,,,
,,,,,,,,,2.844884488448845e-08,29869,,,,,,,,,
98,,,,,,,,,,29869,0.006178881973028183,,,,,,,,
,,,,,,,,,2.811881188118812e-08,29874,,,,,,,,,
98,,,,,,,,,,29874,0.03648243099451065,,,,,,,,
,,,,,,,,,2.778877887788779e-08,29879,,,,,,,,,
98,,,,,,,,,,29879,0.0012753084301948547,,,,,,,,
,,,,,,,,,2.7458745874587458e-08,29884,,,,,,,,,
98,,,,,,,,,,29884,0.012042980641126633,,,,,,,,
,,,,,,,,,2.712871287128713e-08,29889,,,,,,,,,
98,,,,,,,,,,29889,0.020059386268258095,,,,,,,,
,,,,,,,,,2.67986798679868e-08,29894,,,,,,,,,
98,,,,,,,,,,29894,0.009078451432287693,,,,,,,,
,,,,,,,,,2.646864686468647e-08,29899,,,,,,,,,
98,,,,,,,,,,29899,0.011582347564399242,,,,,,,,
,,,,,,,,,2.6138613861386138e-08,29904,,,,,,,,,
98,,,,,,,,,,29904,0.013294903561472893,,,,,,,,
,,,,,,,,,2.580858085808581e-08,29909,,,,,,,,,
98,,,,,,,,,,29909,0.012582537718117237,,,,,,,,
,,,,,,,,,2.5478547854785476e-08,29914,,,,,,,,,
98,,,,,,,,,,29914,0.0314294658601284,,,,,,,,
,,,,,,,,,2.5148514851485147e-08,29919,,,,,,,,,
98,,,,,,,,,,29919,0.003785562003031373,,,,,,,,
,,,,,,,,,2.4818481848184815e-08,29924,,,,,,,,,
98,,,,,,,,,,29924,0.00651757325977087,,,,,,,,
,,,,,,,,,2.4488448844884486e-08,29929,,,,,,,,,
98,,,,,,,,,,29929,0.0038460467476397753,,,,,,,,
,,,,,,,,,2.4158415841584157e-08,29934,,,,,,,,,
98,,,,,,,,,,29934,0.004567036870867014,,,,,,,,
,,,,,,,,,2.3828382838283828e-08,29939,,,,,,,,,
98,,,,,,,,,,29939,0.009861599653959274,,,,,,,,
,,,,,,,,,2.3498349834983495e-08,29944,,,,,,,,,
98,,,,,,,,,,29944,0.025816192850470543,,,,,,,,
,,,,,,,,,2.3168316831683166e-08,29949,,,,,,,,,
98,,,,,,,,,,29949,0.024707943201065063,,,,,,,,
,,,,,,,,,2.2838283828382837e-08,29954,,,,,,,,,
98,,,,,,,,,,29954,0.06226308271288872,,,,,,,,
,,,,,,,,,2.2508250825082508e-08,29959,,,,,,,,,
98,,,,,,,,,,29959,0.03418486565351486,,,,,,,,
,,,,,,,,,2.2178217821782175e-08,29964,,,,,,,,,
98,,,,,,,,,,29964,0.007309827022254467,,,,,,,,
,,,,,,,,,2.1848184818481846e-08,29969,,,,,,,,,
98,,,,,,,,,,29969,0.014604139141738415,,,,,,,,
,,,,,,,,,2.1518151815181517e-08,29974,,,,,,,,,
98,,,,,,,,,,29974,0.004515959415584803,,,,,,,,
,,,,,,,,,2.1188118811881188e-08,29979,,,,,,,,,
98,,,,,,,,,,29979,0.015917403623461723,,,,,,,,
,,,,,,,,,2.0858085808580855e-08,29984,,,,,,,,,
98,,,,,,,,,,29984,0.00903685949742794,,,,,,,,
,,,,,,,,,2.0528052805280526e-08,29989,,,,,,,,,
98,,,,,,,,,,29989,0.013273779302835464,,,,,,,,
,,,,,,,,,2.0198019801980197e-08,29994,,,,,,,,,
98,,,,,,,,,,29994,0.009620657190680504,,,,,,,,
98,,,,,,,,,,29996,,0.6937500238418579,0.7351351380348206,0.0824945867061615,0.0824945867061615,0.43367114663124084,0.7157894968986511,0.7555555701255798,0.44799312949180603
,,,,,,,,,1.9867986798679868e-08,29999,,,,,,,,,
99,,,,,,,,,,29999,0.004446364939212799,,,,,,,,
,,,,,,,,,1.9537953795379536e-08,30004,,,,,,,,,
99,,,,,,,,,,30004,0.021172143518924713,,,,,,,,
,,,,,,,,,1.9207920792079207e-08,30009,,,,,,,,,
99,,,,,,,,,,30009,0.011805226095020771,,,,,,,,
,,,,,,,,,1.8877887788778877e-08,30014,,,,,,,,,
99,,,,,,,,,,30014,0.004777742084115744,,,,,,,,
,,,,,,,,,1.8547854785478548e-08,30019,,,,,,,,,
99,,,,,,,,,,30019,0.02768617868423462,,,,,,,,
,,,,,,,,,1.8217821782178216e-08,30024,,,,,,,,,
99,,,,,,,,,,30024,0.023121172562241554,,,,,,,,
,,,,,,,,,1.7887788778877887e-08,30029,,,,,,,,,
99,,,,,,,,,,30029,0.01653500646352768,,,,,,,,
,,,,,,,,,1.7557755775577558e-08,30034,,,,,,,,,
99,,,,,,,,,,30034,0.02401179075241089,,,,,,,,
,,,,,,,,,1.722772277227723e-08,30039,,,,,,,,,
99,,,,,,,,,,30039,0.007322407327592373,,,,,,,,
,,,,,,,,,1.6897689768976896e-08,30044,,,,,,,,,
99,,,,,,,,,,30044,0.018526829779148102,,,,,,,,
,,,,,,,,,1.6567656765676567e-08,30049,,,,,,,,,
99,,,,,,,,,,30049,0.026352833956480026,,,,,,,,
,,,,,,,,,1.6237623762376238e-08,30054,,,,,,,,,
99,,,,,,,,,,30054,0.013505066744983196,,,,,,,,
,,,,,,,,,1.590759075907591e-08,30059,,,,,,,,,
99,,,,,,,,,,30059,0.03224966302514076,,,,,,,,
,,,,,,,,,1.5577557755775576e-08,30064,,,,,,,,,
99,,,,,,,,,,30064,0.0072866869159042835,,,,,,,,
,,,,,,,,,1.5247524752475247e-08,30069,,,,,,,,,
99,,,,,,,,,,30069,0.008505410514771938,,,,,,,,
,,,,,,,,,1.4917491749174918e-08,30074,,,,,,,,,
99,,,,,,,,,,30074,0.01574157178401947,,,,,,,,
,,,,,,,,,1.4587458745874587e-08,30079,,,,,,,,,
99,,,,,,,,,,30079,0.012999202124774456,,,,,,,,
,,,,,,,,,1.4257425742574256e-08,30084,,,,,,,,,
99,,,,,,,,,,30084,0.01149569358676672,,,,,,,,
,,,,,,,,,1.3927392739273926e-08,30089,,,,,,,,,
99,,,,,,,,,,30089,0.016774754971265793,,,,,,,,
,,,,,,,,,1.3597359735973597e-08,30094,,,,,,,,,
99,,,,,,,,,,30094,0.0512801855802536,,,,,,,,
,,,,,,,,,1.3267326732673266e-08,30099,,,,,,,,,
99,,,,,,,,,,30099,0.004816576838493347,,,,,,,,
,,,,,,,,,1.2937293729372937e-08,30104,,,,,,,,,
99,,,,,,,,,,30104,0.00886907521635294,,,,,,,,
,,,,,,,,,1.2607260726072606e-08,30109,,,,,,,,,
99,,,,,,,,,,30109,0.0116190854460001,,,,,,,,
,,,,,,,,,1.2277227722772277e-08,30114,,,,,,,,,
99,,,,,,,,,,30114,0.00111296062823385,,,,,,,,
,,,,,,,,,1.1947194719471946e-08,30119,,,,,,,,,
99,,,,,,,,,,30119,0.019152194261550903,,,,,,,,
,,,,,,,,,1.1617161716171617e-08,30124,,,,,,,,,
99,,,,,,,,,,30124,0.024888847023248672,,,,,,,,
,,,,,,,,,1.1287128712871286e-08,30129,,,,,,,,,
99,,,,,,,,,,30129,0.021305151283740997,,,,,,,,
,,,,,,,,,1.0957095709570957e-08,30134,,,,,,,,,
99,,,,,,,,,,30134,0.01537051796913147,,,,,,,,
,,,,,,,,,1.0627062706270626e-08,30139,,,,,,,,,
99,,,,,,,,,,30139,0.012906600721180439,,,,,,,,
,,,,,,,,,1.0297029702970297e-08,30144,,,,,,,,,
99,,,,,,,,,,30144,0.006255452521145344,,,,,,,,
,,,,,,,,,9.966996699669966e-09,30149,,,,,,,,,
99,,,,,,,,,,30149,0.012242940254509449,,,,,,,,
,,,,,,,,,9.636963696369637e-09,30154,,,,,,,,,
99,,,,,,,,,,30154,0.014004359021782875,,,,,,,,
,,,,,,,,,9.306930693069306e-09,30159,,,,,,,,,
99,,,,,,,,,,30159,0.02260763943195343,,,,,,,,
,,,,,,,,,8.976897689768977e-09,30164,,,,,,,,,
99,,,,,,,,,,30164,0.023368094116449356,,,,,,,,
,,,,,,,,,8.646864686468647e-09,30169,,,,,,,,,
99,,,,,,,,,,30169,0.021349040791392326,,,,,,,,
,,,,,,,,,8.316831683168317e-09,30174,,,,,,,,,
99,,,,,,,,,,30174,0.025725997984409332,,,,,,,,
,,,,,,,,,7.986798679867987e-09,30179,,,,,,,,,
99,,,,,,,,,,30179,0.014608744531869888,,,,,,,,
,,,,,,,,,7.656765676567656e-09,30184,,,,,,,,,
99,,,,,,,,,,30184,0.019963126629590988,,,,,,,,
,,,,,,,,,7.326732673267326e-09,30189,,,,,,,,,
99,,,,,,,,,,30189,0.004189100116491318,,,,,,,,
,,,,,,,,,6.996699669966997e-09,30194,,,,,,,,,
99,,,,,,,,,,30194,0.00831940770149231,,,,,,,,
,,,,,,,,,6.666666666666667e-09,30199,,,,,,,,,
99,,,,,,,,,,30199,0.01472123060375452,,,,,,,,
,,,,,,,,,6.336633663366337e-09,30204,,,,,,,,,
99,,,,,,,,,,30204,0.0010807921644300222,,,,,,,,
,,,,,,,,,6.006600660066007e-09,30209,,,,,,,,,
99,,,,,,,,,,30209,0.008832169696688652,,,,,,,,
,,,,,,,,,5.676567656765677e-09,30214,,,,,,,,,
99,,,,,,,,,,30214,0.015183505602180958,,,,,,,,
,,,,,,,,,5.346534653465347e-09,30219,,,,,,,,,
99,,,,,,,,,,30219,0.020916568115353584,,,,,,,,
,,,,,,,,,5.016501650165017e-09,30224,,,,,,,,,
99,,,,,,,,,,30224,0.026030421257019043,,,,,,,,
,,,,,,,,,4.686468646864686e-09,30229,,,,,,,,,
99,,,,,,,,,,30229,0.012862355448305607,,,,,,,,
,,,,,,,,,4.356435643564356e-09,30234,,,,,,,,,
99,,,,,,,,,,30234,0.023733559995889664,,,,,,,,
,,,,,,,,,4.026402640264026e-09,30239,,,,,,,,,
99,,,,,,,,,,30239,0.026416422799229622,,,,,,,,
,,,,,,,,,3.696369636963696e-09,30244,,,,,,,,,
99,,,,,,,,,,30244,0.01842903345823288,,,,,,,,
,,,,,,,,,3.366336633663366e-09,30249,,,,,,,,,
99,,,,,,,,,,30249,0.018937792629003525,,,,,,,,
,,,,,,,,,3.036303630363036e-09,30254,,,,,,,,,
99,,,,,,,,,,30254,0.012938464060425758,,,,,,,,
,,,,,,,,,2.706270627062706e-09,30259,,,,,,,,,
99,,,,,,,,,,30259,0.051276303827762604,,,,,,,,
,,,,,,,,,2.3762376237623762e-09,30264,,,,,,,,,
99,,,,,,,,,,30264,0.021655041724443436,,,,,,,,
,,,,,,,,,2.046204620462046e-09,30269,,,,,,,,,
99,,,,,,,,,,30269,0.02770897187292576,,,,,,,,
,,,,,,,,,1.7161716171617161e-09,30274,,,,,,,,,
99,,,,,,,,,,30274,0.017595920711755753,,,,,,,,
,,,,,,,,,1.386138613861386e-09,30279,,,,,,,,,
99,,,,,,,,,,30279,0.008538094349205494,,,,,,,,
,,,,,,,,,1.056105610561056e-09,30284,,,,,,,,,
99,,,,,,,,,,30284,0.03860865533351898,,,,,,,,
,,,,,,,,,7.260726072607261e-10,30289,,,,,,,,,
99,,,,,,,,,,30289,0.03811423107981682,,,,,,,,
,,,,,,,,,3.9603960396039605e-10,30294,,,,,,,,,
99,,,,,,,,,,30294,0.015887213870882988,,,,,,,,
,,,,,,,,,6.6006600660066e-11,30299,,,,,,,,,
99,,,,,,,,,,30299,0.02504737675189972,,,,,,,,
99,,,,,,,,,,30299,,0.6937500238418579,0.7351351380348206,0.08264682441949844,0.08264682441949844,0.4336494505405426,0.7157894968986511,0.7555555701255798,0.44901391863822937
100,0.6886503100395203,0.7452948689460754,0.08393023908138275,0.08393023908138275,0.4076198637485504,0.7576530575752258,0.7333333492279053,0.40792685747146606,,30300,,,,,,,,,
