epoch,eval_accuracy,eval_f1,eval_loss,eval_mse,eval_pearson,eval_precision,eval_recall,eval_spearman,lr-AdamW,step,train_loss,val_accuracy,val_f1,val_loss,val_mse,val_pearson,val_precision,val_recall,val_spearman
,,,,,,,,,2.64026402640264e-10,4,,,,,,,,,
0,,,,,,,,,,4,0.08844069391489029,,,,,,,,
,,,,,,,,,5.940594059405941e-10,9,,,,,,,,,
0,,,,,,,,,,9,0.06877782195806503,,,,,,,,
,,,,,,,,,9.24092409240924e-10,14,,,,,,,,,
0,,,,,,,,,,14,0.1171887069940567,,,,,,,,
,,,,,,,,,1.2541254125412543e-09,19,,,,,,,,,
0,,,,,,,,,,19,0.12739555537700653,,,,,,,,
,,,,,,,,,1.5841584158415842e-09,24,,,,,,,,,
0,,,,,,,,,,24,0.11608865857124329,,,,,,,,
,,,,,,,,,1.914191419141914e-09,29,,,,,,,,,
0,,,,,,,,,,29,0.0867183730006218,,,,,,,,
,,,,,,,,,2.2442244224422443e-09,34,,,,,,,,,
0,,,,,,,,,,34,0.11759944260120392,,,,,,,,
,,,,,,,,,2.5742574257425743e-09,39,,,,,,,,,
0,,,,,,,,,,39,0.04811122268438339,,,,,,,,
,,,,,,,,,2.9042904290429042e-09,44,,,,,,,,,
0,,,,,,,,,,44,0.11289043724536896,,,,,,,,
,,,,,,,,,3.234323432343234e-09,49,,,,,,,,,
0,,,,,,,,,,49,0.008707939647138119,,,,,,,,
,,,,,,,,,3.564356435643564e-09,54,,,,,,,,,
0,,,,,,,,,,54,0.1080850139260292,,,,,,,,
,,,,,,,,,3.894389438943894e-09,59,,,,,,,,,
0,,,,,,,,,,59,0.10247837007045746,,,,,,,,
,,,,,,,,,4.224422442244224e-09,64,,,,,,,,,
0,,,,,,,,,,64,0.042754121124744415,,,,,,,,
,,,,,,,,,4.554455445544554e-09,69,,,,,,,,,
0,,,,,,,,,,69,0.0564691536128521,,,,,,,,
,,,,,,,,,4.884488448844884e-09,74,,,,,,,,,
0,,,,,,,,,,74,0.0772547572851181,,,,,,,,
,,,,,,,,,5.214521452145214e-09,79,,,,,,,,,
0,,,,,,,,,,79,0.0849500447511673,,,,,,,,
,,,,,,,,,5.544554455445544e-09,84,,,,,,,,,
0,,,,,,,,,,84,0.11917008459568024,,,,,,,,
,,,,,,,,,5.874587458745874e-09,89,,,,,,,,,
0,,,,,,,,,,89,0.11540710180997849,,,,,,,,
,,,,,,,,,6.204620462046204e-09,94,,,,,,,,,
0,,,,,,,,,,94,0.07261776179075241,,,,,,,,
,,,,,,,,,6.5346534653465345e-09,99,,,,,,,,,
0,,,,,,,,,,99,0.0612185113132,,,,,,,,
,,,,,,,,,6.8646864686468644e-09,104,,,,,,,,,
0,,,,,,,,,,104,0.06411252170801163,,,,,,,,
,,,,,,,,,7.194719471947194e-09,109,,,,,,,,,
0,,,,,,,,,,109,0.06203518435359001,,,,,,,,
,,,,,,,,,7.524752475247524e-09,114,,,,,,,,,
0,,,,,,,,,,114,0.08925143629312515,,,,,,,,
,,,,,,,,,7.854785478547854e-09,119,,,,,,,,,
0,,,,,,,,,,119,0.07632551342248917,,,,,,,,
,,,,,,,,,8.184818481848183e-09,124,,,,,,,,,
0,,,,,,,,,,124,0.06064407527446747,,,,,,,,
,,,,,,,,,8.514851485148516e-09,129,,,,,,,,,
0,,,,,,,,,,129,0.0945683941245079,,,,,,,,
,,,,,,,,,8.844884488448845e-09,134,,,,,,,,,
0,,,,,,,,,,134,0.048042017966508865,,,,,,,,
,,,,,,,,,9.174917491749176e-09,139,,,,,,,,,
0,,,,,,,,,,139,0.11889826506376266,,,,,,,,
,,,,,,,,,9.504950495049505e-09,144,,,,,,,,,
0,,,,,,,,,,144,0.125303253531456,,,,,,,,
,,,,,,,,,9.834983498349836e-09,149,,,,,,,,,
0,,,,,,,,,,149,0.09478513896465302,,,,,,,,
,,,,,,,,,1.0165016501650165e-08,154,,,,,,,,,
0,,,,,,,,,,154,0.034751422703266144,,,,,,,,
,,,,,,,,,1.0495049504950496e-08,159,,,,,,,,,
0,,,,,,,,,,159,0.05844876170158386,,,,,,,,
,,,,,,,,,1.0825082508250825e-08,164,,,,,,,,,
0,,,,,,,,,,164,0.06030213087797165,,,,,,,,
,,,,,,,,,1.1155115511551155e-08,169,,,,,,,,,
0,,,,,,,,,,169,0.08261968195438385,,,,,,,,
,,,,,,,,,1.1485148514851485e-08,174,,,,,,,,,
0,,,,,,,,,,174,0.05055046081542969,,,,,,,,
,,,,,,,,,1.1815181518151815e-08,179,,,,,,,,,
0,,,,,,,,,,179,0.07754836976528168,,,,,,,,
,,,,,,,,,1.2145214521452144e-08,184,,,,,,,,,
0,,,,,,,,,,184,0.09540778398513794,,,,,,,,
,,,,,,,,,1.2475247524752475e-08,189,,,,,,,,,
0,,,,,,,,,,189,0.06477994471788406,,,,,,,,
,,,,,,,,,1.2805280528052804e-08,194,,,,,,,,,
0,,,,,,,,,,194,0.10094240307807922,,,,,,,,
,,,,,,,,,1.3135313531353135e-08,199,,,,,,,,,
0,,,,,,,,,,199,0.15285368263721466,,,,,,,,
,,,,,,,,,1.3465346534653464e-08,204,,,,,,,,,
0,,,,,,,,,,204,0.06855243444442749,,,,,,,,
,,,,,,,,,1.3795379537953795e-08,209,,,,,,,,,
0,,,,,,,,,,209,0.10007896274328232,,,,,,,,
,,,,,,,,,1.4125412541254124e-08,214,,,,,,,,,
0,,,,,,,,,,214,0.10660570859909058,,,,,,,,
,,,,,,,,,1.4455445544554455e-08,219,,,,,,,,,
0,,,,,,,,,,219,0.08432099968194962,,,,,,,,
,,,,,,,,,1.4785478547854784e-08,224,,,,,,,,,
0,,,,,,,,,,224,0.10592765361070633,,,,,,,,
,,,,,,,,,1.5115511551155115e-08,229,,,,,,,,,
0,,,,,,,,,,229,0.0975223109126091,,,,,,,,
,,,,,,,,,1.5445544554455444e-08,234,,,,,,,,,
0,,,,,,,,,,234,0.15291428565979004,,,,,,,,
,,,,,,,,,1.5775577557755773e-08,239,,,,,,,,,
0,,,,,,,,,,239,0.1492881029844284,,,,,,,,
,,,,,,,,,1.6105610561056106e-08,244,,,,,,,,,
0,,,,,,,,,,244,0.08826223760843277,,,,,,,,
,,,,,,,,,1.6435643564356435e-08,249,,,,,,,,,
0,,,,,,,,,,249,0.08356525003910065,,,,,,,,
,,,,,,,,,1.6765676567656764e-08,254,,,,,,,,,
0,,,,,,,,,,254,0.10070455074310303,,,,,,,,
,,,,,,,,,1.7095709570957093e-08,259,,,,,,,,,
0,,,,,,,,,,259,0.04398166388273239,,,,,,,,
,,,,,,,,,1.7425742574257425e-08,264,,,,,,,,,
0,,,,,,,,,,264,0.06972438842058182,,,,,,,,
,,,,,,,,,1.7755775577557754e-08,269,,,,,,,,,
0,,,,,,,,,,269,0.09558076411485672,,,,,,,,
,,,,,,,,,1.8085808580858084e-08,274,,,,,,,,,
0,,,,,,,,,,274,0.07575535774230957,,,,,,,,
,,,,,,,,,1.8415841584158413e-08,279,,,,,,,,,
0,,,,,,,,,,279,0.11697249859571457,,,,,,,,
,,,,,,,,,1.8745874587458745e-08,284,,,,,,,,,
0,,,,,,,,,,284,0.0843888595700264,,,,,,,,
,,,,,,,,,1.9075907590759074e-08,289,,,,,,,,,
0,,,,,,,,,,289,0.06828790158033371,,,,,,,,
,,,,,,,,,1.9405940594059403e-08,294,,,,,,,,,
0,,,,,,,,,,294,0.058351706713438034,,,,,,,,
,,,,,,,,,1.9735973597359732e-08,299,,,,,,,,,
0,,,,,,,,,,299,0.06949535757303238,,,,,,,,
0,,,,,,,,,,302,,0.5625,0.7200000286102295,0.08351597934961319,0.08351597934961319,0.03725144639611244,0.5625,1.0,0.033594269305467606
,,,,,,,,,2.0066006600660068e-08,304,,,,,,,,,
1,,,,,,,,,,304,0.12848734855651855,,,,,,,,
,,,,,,,,,2.0396039603960397e-08,309,,,,,,,,,
1,,,,,,,,,,309,0.05836830660700798,,,,,,,,
,,,,,,,,,2.0726072607260726e-08,314,,,,,,,,,
1,,,,,,,,,,314,0.08898252248764038,,,,,,,,
,,,,,,,,,2.1056105610561056e-08,319,,,,,,,,,
1,,,,,,,,,,319,0.07527586817741394,,,,,,,,
,,,,,,,,,2.1386138613861388e-08,324,,,,,,,,,
1,,,,,,,,,,324,0.1308901458978653,,,,,,,,
,,,,,,,,,2.1716171617161717e-08,329,,,,,,,,,
1,,,,,,,,,,329,0.020748743787407875,,,,,,,,
,,,,,,,,,2.2046204620462046e-08,334,,,,,,,,,
1,,,,,,,,,,334,0.06340623646974564,,,,,,,,
,,,,,,,,,2.2376237623762375e-08,339,,,,,,,,,
1,,,,,,,,,,339,0.09578561037778854,,,,,,,,
,,,,,,,,,2.2706270627062708e-08,344,,,,,,,,,
1,,,,,,,,,,344,0.05879766866564751,,,,,,,,
,,,,,,,,,2.3036303630363037e-08,349,,,,,,,,,
1,,,,,,,,,,349,0.0470891073346138,,,,,,,,
,,,,,,,,,2.3366336633663366e-08,354,,,,,,,,,
1,,,,,,,,,,354,0.0756167471408844,,,,,,,,
,,,,,,,,,2.3696369636963695e-08,359,,,,,,,,,
1,,,,,,,,,,359,0.05912470817565918,,,,,,,,
,,,,,,,,,2.4026402640264028e-08,364,,,,,,,,,
1,,,,,,,,,,364,0.05154603347182274,,,,,,,,
,,,,,,,,,2.4356435643564357e-08,369,,,,,,,,,
1,,,,,,,,,,369,0.09893622994422913,,,,,,,,
,,,,,,,,,2.4686468646864686e-08,374,,,,,,,,,
1,,,,,,,,,,374,0.11942499130964279,,,,,,,,
,,,,,,,,,2.5016501650165015e-08,379,,,,,,,,,
1,,,,,,,,,,379,0.1103893518447876,,,,,,,,
,,,,,,,,,2.5346534653465347e-08,384,,,,,,,,,
1,,,,,,,,,,384,0.07833359390497208,,,,,,,,
,,,,,,,,,2.5676567656765677e-08,389,,,,,,,,,
1,,,,,,,,,,389,0.07056700438261032,,,,,,,,
,,,,,,,,,2.6006600660066006e-08,394,,,,,,,,,
1,,,,,,,,,,394,0.10672254860401154,,,,,,,,
,,,,,,,,,2.6336633663366335e-08,399,,,,,,,,,
1,,,,,,,,,,399,0.038994789123535156,,,,,,,,
,,,,,,,,,2.6666666666666667e-08,404,,,,,,,,,
1,,,,,,,,,,404,0.07912055402994156,,,,,,,,
,,,,,,,,,2.6996699669966996e-08,409,,,,,,,,,
1,,,,,,,,,,409,0.08421329408884048,,,,,,,,
,,,,,,,,,2.7326732673267325e-08,414,,,,,,,,,
1,,,,,,,,,,414,0.07949989289045334,,,,,,,,
,,,,,,,,,2.7656765676567655e-08,419,,,,,,,,,
1,,,,,,,,,,419,0.07581663131713867,,,,,,,,
,,,,,,,,,2.7986798679867987e-08,424,,,,,,,,,
1,,,,,,,,,,424,0.06288935989141464,,,,,,,,
,,,,,,,,,2.8316831683168316e-08,429,,,,,,,,,
1,,,,,,,,,,429,0.10676388442516327,,,,,,,,
,,,,,,,,,2.8646864686468645e-08,434,,,,,,,,,
1,,,,,,,,,,434,0.08509070426225662,,,,,,,,
,,,,,,,,,2.8976897689768974e-08,439,,,,,,,,,
1,,,,,,,,,,439,0.12096051126718521,,,,,,,,
,,,,,,,,,2.9306930693069304e-08,444,,,,,,,,,
1,,,,,,,,,,444,0.09829500317573547,,,,,,,,
,,,,,,,,,2.9636963696369636e-08,449,,,,,,,,,
1,,,,,,,,,,449,0.037551406770944595,,,,,,,,
,,,,,,,,,2.9966996699669965e-08,454,,,,,,,,,
1,,,,,,,,,,454,0.05832022801041603,,,,,,,,
,,,,,,,,,3.0297029702970294e-08,459,,,,,,,,,
1,,,,,,,,,,459,0.07521520555019379,,,,,,,,
,,,,,,,,,3.0627062706270623e-08,464,,,,,,,,,
1,,,,,,,,,,464,0.04603768512606621,,,,,,,,
,,,,,,,,,3.095709570957096e-08,469,,,,,,,,,
1,,,,,,,,,,469,0.09931453317403793,,,,,,,,
,,,,,,,,,3.128712871287129e-08,474,,,,,,,,,
1,,,,,,,,,,474,0.10198818147182465,,,,,,,,
,,,,,,,,,3.161716171617162e-08,479,,,,,,,,,
1,,,,,,,,,,479,0.08659036457538605,,,,,,,,
,,,,,,,,,3.1947194719471946e-08,484,,,,,,,,,
1,,,,,,,,,,484,0.10111740231513977,,,,,,,,
,,,,,,,,,3.2277227722772276e-08,489,,,,,,,,,
1,,,,,,,,,,489,0.07385841757059097,,,,,,,,
,,,,,,,,,3.2607260726072605e-08,494,,,,,,,,,
1,,,,,,,,,,494,0.09311309456825256,,,,,,,,
,,,,,,,,,3.2937293729372934e-08,499,,,,,,,,,
1,,,,,,,,,,499,0.07706168293952942,,,,,,,,
,,,,,,,,,3.326732673267327e-08,504,,,,,,,,,
1,,,,,,,,,,504,0.06718458980321884,,,,,,,,
,,,,,,,,,3.359735973597359e-08,509,,,,,,,,,
1,,,,,,,,,,509,0.08147109299898148,,,,,,,,
,,,,,,,,,3.392739273927393e-08,514,,,,,,,,,
1,,,,,,,,,,514,0.09680800884962082,,,,,,,,
,,,,,,,,,3.425742574257426e-08,519,,,,,,,,,
1,,,,,,,,,,519,0.06472685933113098,,,,,,,,
,,,,,,,,,3.4587458745874586e-08,524,,,,,,,,,
1,,,,,,,,,,524,0.0598747655749321,,,,,,,,
,,,,,,,,,3.4917491749174915e-08,529,,,,,,,,,
1,,,,,,,,,,529,0.09886093437671661,,,,,,,,
,,,,,,,,,3.5247524752475244e-08,534,,,,,,,,,
1,,,,,,,,,,534,0.07365453988313675,,,,,,,,
,,,,,,,,,3.5577557755775573e-08,539,,,,,,,,,
1,,,,,,,,,,539,0.054845310747623444,,,,,,,,
,,,,,,,,,3.590759075907591e-08,544,,,,,,,,,
1,,,,,,,,,,544,0.08282863348722458,,,,,,,,
,,,,,,,,,3.623762376237623e-08,549,,,,,,,,,
1,,,,,,,,,,549,0.07368142902851105,,,,,,,,
,,,,,,,,,3.656765676567657e-08,554,,,,,,,,,
1,,,,,,,,,,554,0.06692279875278473,,,,,,,,
,,,,,,,,,3.6897689768976896e-08,559,,,,,,,,,
1,,,,,,,,,,559,0.10125827044248581,,,,,,,,
,,,,,,,,,3.7227722772277226e-08,564,,,,,,,,,
1,,,,,,,,,,564,0.12088806927204132,,,,,,,,
,,,,,,,,,3.7557755775577555e-08,569,,,,,,,,,
1,,,,,,,,,,569,0.06758608669042587,,,,,,,,
,,,,,,,,,3.7887788778877884e-08,574,,,,,,,,,
1,,,,,,,,,,574,0.1027679517865181,,,,,,,,
,,,,,,,,,3.821782178217821e-08,579,,,,,,,,,
1,,,,,,,,,,579,0.04884003475308418,,,,,,,,
,,,,,,,,,3.854785478547855e-08,584,,,,,,,,,
1,,,,,,,,,,584,0.11099924892187119,,,,,,,,
,,,,,,,,,3.887788778877887e-08,589,,,,,,,,,
1,,,,,,,,,,589,0.07501611113548279,,,,,,,,
,,,,,,,,,3.920792079207921e-08,594,,,,,,,,,
1,,,,,,,,,,594,0.1541738659143448,,,,,,,,
,,,,,,,,,3.9537953795379536e-08,599,,,,,,,,,
1,,,,,,,,,,599,0.06530352681875229,,,,,,,,
,,,,,,,,,3.9867986798679865e-08,604,,,,,,,,,
1,,,,,,,,,,604,0.050155770033597946,,,,,,,,
1,,,,,,,,,,605,,0.5625,0.7200000286102295,0.0834573358297348,0.0834573358297348,0.04263122379779816,0.5625,1.0,0.03801901265978813
,,,,,,,,,4.0198019801980194e-08,609,,,,,,,,,
2,,,,,,,,,,609,0.04897003620862961,,,,,,,,
,,,,,,,,,4.0528052805280523e-08,614,,,,,,,,,
2,,,,,,,,,,614,0.04662017151713371,,,,,,,,
,,,,,,,,,4.085808580858085e-08,619,,,,,,,,,
2,,,,,,,,,,619,0.07579730451107025,,,,,,,,
,,,,,,,,,4.118811881188119e-08,624,,,,,,,,,
2,,,,,,,,,,624,0.06816205382347107,,,,,,,,
,,,,,,,,,4.151815181518151e-08,629,,,,,,,,,
2,,,,,,,,,,629,0.0740659162402153,,,,,,,,
,,,,,,,,,4.1848184818481847e-08,634,,,,,,,,,
2,,,,,,,,,,634,0.1403152346611023,,,,,,,,
,,,,,,,,,4.217821782178218e-08,639,,,,,,,,,
2,,,,,,,,,,639,0.10998484492301941,,,,,,,,
,,,,,,,,,4.2508250825082505e-08,644,,,,,,,,,
2,,,,,,,,,,644,0.05959807708859444,,,,,,,,
,,,,,,,,,4.283828382838284e-08,649,,,,,,,,,
2,,,,,,,,,,649,0.04383616894483566,,,,,,,,
,,,,,,,,,4.316831683168316e-08,654,,,,,,,,,
2,,,,,,,,,,654,0.06949985772371292,,,,,,,,
,,,,,,,,,4.34983498349835e-08,659,,,,,,,,,
2,,,,,,,,,,659,0.0443405844271183,,,,,,,,
,,,,,,,,,4.382838283828383e-08,664,,,,,,,,,
2,,,,,,,,,,664,0.09633615612983704,,,,,,,,
,,,,,,,,,4.415841584158416e-08,669,,,,,,,,,
2,,,,,,,,,,669,0.1362386792898178,,,,,,,,
,,,,,,,,,4.4488448844884486e-08,674,,,,,,,,,
2,,,,,,,,,,674,0.08296868950128555,,,,,,,,
,,,,,,,,,4.481848184818482e-08,679,,,,,,,,,
2,,,,,,,,,,679,0.08214939385652542,,,,,,,,
,,,,,,,,,4.5148514851485144e-08,684,,,,,,,,,
2,,,,,,,,,,684,0.06616398692131042,,,,,,,,
,,,,,,,,,4.547854785478548e-08,689,,,,,,,,,
2,,,,,,,,,,689,0.12307558208703995,,,,,,,,
,,,,,,,,,4.58085808580858e-08,694,,,,,,,,,
2,,,,,,,,,,694,0.12695099413394928,,,,,,,,
,,,,,,,,,4.613861386138614e-08,699,,,,,,,,,
2,,,,,,,,,,699,0.06226034834980965,,,,,,,,
,,,,,,,,,4.646864686468647e-08,704,,,,,,,,,
2,,,,,,,,,,704,0.10120567679405212,,,,,,,,
,,,,,,,,,4.6798679867986797e-08,709,,,,,,,,,
2,,,,,,,,,,709,0.043291524052619934,,,,,,,,
,,,,,,,,,4.7128712871287126e-08,714,,,,,,,,,
2,,,,,,,,,,714,0.07177891582250595,,,,,,,,
,,,,,,,,,4.745874587458746e-08,719,,,,,,,,,
2,,,,,,,,,,719,0.10178370028734207,,,,,,,,
,,,,,,,,,4.7788778877887784e-08,724,,,,,,,,,
2,,,,,,,,,,724,0.06805305182933807,,,,,,,,
,,,,,,,,,4.811881188118812e-08,729,,,,,,,,,
2,,,,,,,,,,729,0.10345441102981567,,,,,,,,
,,,,,,,,,4.844884488448844e-08,734,,,,,,,,,
2,,,,,,,,,,734,0.12181280553340912,,,,,,,,
,,,,,,,,,4.877887788778878e-08,739,,,,,,,,,
2,,,,,,,,,,739,0.07736343890428543,,,,,,,,
,,,,,,,,,4.910891089108911e-08,744,,,,,,,,,
2,,,,,,,,,,744,0.05943657085299492,,,,,,,,
,,,,,,,,,4.9438943894389436e-08,749,,,,,,,,,
2,,,,,,,,,,749,0.10272158682346344,,,,,,,,
,,,,,,,,,4.9768976897689765e-08,754,,,,,,,,,
2,,,,,,,,,,754,0.09494374692440033,,,,,,,,
,,,,,,,,,5.00990099009901e-08,759,,,,,,,,,
2,,,,,,,,,,759,0.12698395550251007,,,,,,,,
,,,,,,,,,5.0429042904290424e-08,764,,,,,,,,,
2,,,,,,,,,,764,0.09816326200962067,,,,,,,,
,,,,,,,,,5.075907590759076e-08,769,,,,,,,,,
2,,,,,,,,,,769,0.10085773468017578,,,,,,,,
,,,,,,,,,5.108910891089108e-08,774,,,,,,,,,
2,,,,,,,,,,774,0.08905769139528275,,,,,,,,
,,,,,,,,,5.141914191419142e-08,779,,,,,,,,,
2,,,,,,,,,,779,0.03730456903576851,,,,,,,,
,,,,,,,,,5.174917491749175e-08,784,,,,,,,,,
2,,,,,,,,,,784,0.08063508570194244,,,,,,,,
,,,,,,,,,5.2079207920792076e-08,789,,,,,,,,,
2,,,,,,,,,,789,0.09602043777704239,,,,,,,,
,,,,,,,,,5.2409240924092405e-08,794,,,,,,,,,
2,,,,,,,,,,794,0.06943780928850174,,,,,,,,
,,,,,,,,,5.273927392739274e-08,799,,,,,,,,,
2,,,,,,,,,,799,0.10697641223669052,,,,,,,,
,,,,,,,,,5.306930693069306e-08,804,,,,,,,,,
2,,,,,,,,,,804,0.07428961992263794,,,,,,,,
,,,,,,,,,5.33993399339934e-08,809,,,,,,,,,
2,,,,,,,,,,809,0.05802716314792633,,,,,,,,
,,,,,,,,,5.372937293729372e-08,814,,,,,,,,,
2,,,,,,,,,,814,0.14327020943164825,,,,,,,,
,,,,,,,,,5.405940594059406e-08,819,,,,,,,,,
2,,,,,,,,,,819,0.15688808262348175,,,,,,,,
,,,,,,,,,5.4389438943894386e-08,824,,,,,,,,,
2,,,,,,,,,,824,0.05836664140224457,,,,,,,,
,,,,,,,,,5.4719471947194715e-08,829,,,,,,,,,
2,,,,,,,,,,829,0.13977059721946716,,,,,,,,
,,,,,,,,,5.5049504950495045e-08,834,,,,,,,,,
2,,,,,,,,,,834,0.07248386740684509,,,,,,,,
,,,,,,,,,5.537953795379538e-08,839,,,,,,,,,
2,,,,,,,,,,839,0.06016826629638672,,,,,,,,
,,,,,,,,,5.57095709570957e-08,844,,,,,,,,,
2,,,,,,,,,,844,0.03866500407457352,,,,,,,,
,,,,,,,,,5.603960396039604e-08,849,,,,,,,,,
2,,,,,,,,,,849,0.0684189647436142,,,,,,,,
,,,,,,,,,5.636963696369636e-08,854,,,,,,,,,
2,,,,,,,,,,854,0.11900714039802551,,,,,,,,
,,,,,,,,,5.66996699669967e-08,859,,,,,,,,,
2,,,,,,,,,,859,0.08914238959550858,,,,,,,,
,,,,,,,,,5.7029702970297026e-08,864,,,,,,,,,
2,,,,,,,,,,864,0.13511011004447937,,,,,,,,
,,,,,,,,,5.7359735973597355e-08,869,,,,,,,,,
2,,,,,,,,,,869,0.06252151727676392,,,,,,,,
,,,,,,,,,5.768976897689769e-08,874,,,,,,,,,
2,,,,,,,,,,874,0.08658047765493393,,,,,,,,
,,,,,,,,,5.801980198019802e-08,879,,,,,,,,,
2,,,,,,,,,,879,0.0435626357793808,,,,,,,,
,,,,,,,,,5.834983498349835e-08,884,,,,,,,,,
2,,,,,,,,,,884,0.11211545020341873,,,,,,,,
,,,,,,,,,5.867986798679868e-08,889,,,,,,,,,
2,,,,,,,,,,889,0.07024355232715607,,,,,,,,
,,,,,,,,,5.900990099009901e-08,894,,,,,,,,,
2,,,,,,,,,,894,0.07351565361022949,,,,,,,,
,,,,,,,,,5.9339933993399336e-08,899,,,,,,,,,
2,,,,,,,,,,899,0.04944174364209175,,,,,,,,
,,,,,,,,,5.966996699669967e-08,904,,,,,,,,,
2,,,,,,,,,,904,0.0917765349149704,,,,,,,,
2,,,,,,,,,,908,,0.5625,0.7200000286102295,0.08335147053003311,0.08335147053003311,0.05613153800368309,0.5625,1.0,0.04605458676815033
,,,,,,,,,6e-08,909,,,,,,,,,
3,,,,,,,,,,909,0.06220410764217377,,,,,,,,
,,,,,,,,,6.033003300330033e-08,914,,,,,,,,,
3,,,,,,,,,,914,0.059522781521081924,,,,,,,,
,,,,,,,,,6.066006600660067e-08,919,,,,,,,,,
3,,,,,,,,,,919,0.09805843234062195,,,,,,,,
,,,,,,,,,6.099009900990099e-08,924,,,,,,,,,
3,,,,,,,,,,924,0.0582837238907814,,,,,,,,
,,,,,,,,,6.132013201320132e-08,929,,,,,,,,,
3,,,,,,,,,,929,0.057278700172901154,,,,,,,,
,,,,,,,,,6.165016501650165e-08,934,,,,,,,,,
3,,,,,,,,,,934,0.12676329910755157,,,,,,,,
,,,,,,,,,6.198019801980198e-08,939,,,,,,,,,
3,,,,,,,,,,939,0.09058114886283875,,,,,,,,
,,,,,,,,,6.23102310231023e-08,944,,,,,,,,,
3,,,,,,,,,,944,0.05966495722532272,,,,,,,,
,,,,,,,,,6.264026402640264e-08,949,,,,,,,,,
3,,,,,,,,,,949,0.0506109781563282,,,,,,,,
,,,,,,,,,6.297029702970296e-08,954,,,,,,,,,
3,,,,,,,,,,954,0.07732661813497543,,,,,,,,
,,,,,,,,,6.33003300330033e-08,959,,,,,,,,,
3,,,,,,,,,,959,0.049966827034950256,,,,,,,,
,,,,,,,,,6.363036303630363e-08,964,,,,,,,,,
3,,,,,,,,,,964,0.05303572118282318,,,,,,,,
,,,,,,,,,6.396039603960396e-08,969,,,,,,,,,
3,,,,,,,,,,969,0.09414970874786377,,,,,,,,
,,,,,,,,,6.429042904290428e-08,974,,,,,,,,,
3,,,,,,,,,,974,0.07421666383743286,,,,,,,,
,,,,,,,,,6.462046204620463e-08,979,,,,,,,,,
3,,,,,,,,,,979,0.09798960387706757,,,,,,,,
,,,,,,,,,6.495049504950495e-08,984,,,,,,,,,
3,,,,,,,,,,984,0.05844173580408096,,,,,,,,
,,,,,,,,,6.528052805280527e-08,989,,,,,,,,,
3,,,,,,,,,,989,0.06394689530134201,,,,,,,,
,,,,,,,,,6.56105610561056e-08,994,,,,,,,,,
3,,,,,,,,,,994,0.04024453088641167,,,,,,,,
,,,,,,,,,6.594059405940595e-08,999,,,,,,,,,
3,,,,,,,,,,999,0.08866190910339355,,,,,,,,
,,,,,,,,,6.627062706270627e-08,1004,,,,,,,,,
3,,,,,,,,,,1004,0.047912001609802246,,,,,,,,
,,,,,,,,,6.660066006600659e-08,1009,,,,,,,,,
3,,,,,,,,,,1009,0.09994170069694519,,,,,,,,
,,,,,,,,,6.693069306930693e-08,1014,,,,,,,,,
3,,,,,,,,,,1014,0.08569774031639099,,,,,,,,
,,,,,,,,,6.726072607260726e-08,1019,,,,,,,,,
3,,,,,,,,,,1019,0.1028093546628952,,,,,,,,
,,,,,,,,,6.759075907590758e-08,1024,,,,,,,,,
3,,,,,,,,,,1024,0.0893331840634346,,,,,,,,
,,,,,,,,,6.792079207920792e-08,1029,,,,,,,,,
3,,,,,,,,,,1029,0.10487812757492065,,,,,,,,
,,,,,,,,,6.825082508250824e-08,1034,,,,,,,,,
3,,,,,,,,,,1034,0.11926012486219406,,,,,,,,
,,,,,,,,,6.858085808580858e-08,1039,,,,,,,,,
3,,,,,,,,,,1039,0.09866210073232651,,,,,,,,
,,,,,,,,,6.891089108910891e-08,1044,,,,,,,,,
3,,,,,,,,,,1044,0.019924825057387352,,,,,,,,
,,,,,,,,,6.924092409240924e-08,1049,,,,,,,,,
3,,,,,,,,,,1049,0.10876069217920303,,,,,,,,
,,,,,,,,,6.957095709570956e-08,1054,,,,,,,,,
3,,,,,,,,,,1054,0.12158830463886261,,,,,,,,
,,,,,,,,,6.990099009900991e-08,1059,,,,,,,,,
3,,,,,,,,,,1059,0.09657461196184158,,,,,,,,
,,,,,,,,,7.023102310231023e-08,1064,,,,,,,,,
3,,,,,,,,,,1064,0.08148481696844101,,,,,,,,
,,,,,,,,,7.056105610561055e-08,1069,,,,,,,,,
3,,,,,,,,,,1069,0.13173972070217133,,,,,,,,
,,,,,,,,,7.089108910891088e-08,1074,,,,,,,,,
3,,,,,,,,,,1074,0.0888887569308281,,,,,,,,
,,,,,,,,,7.122112211221122e-08,1079,,,,,,,,,
3,,,,,,,,,,1079,0.07626719772815704,,,,,,,,
,,,,,,,,,7.155115511551155e-08,1084,,,,,,,,,
3,,,,,,,,,,1084,0.07732408493757248,,,,,,,,
,,,,,,,,,7.188118811881187e-08,1089,,,,,,,,,
3,,,,,,,,,,1089,0.09954965114593506,,,,,,,,
,,,,,,,,,7.221122112211222e-08,1094,,,,,,,,,
3,,,,,,,,,,1094,0.08513669669628143,,,,,,,,
,,,,,,,,,7.254125412541254e-08,1099,,,,,,,,,
3,,,,,,,,,,1099,0.0954802855849266,,,,,,,,
,,,,,,,,,7.287128712871286e-08,1104,,,,,,,,,
3,,,,,,,,,,1104,0.0809723511338234,,,,,,,,
,,,,,,,,,7.32013201320132e-08,1109,,,,,,,,,
3,,,,,,,,,,1109,0.04552430659532547,,,,,,,,
,,,,,,,,,7.353135313531353e-08,1114,,,,,,,,,
3,,,,,,,,,,1114,0.09749069809913635,,,,,,,,
,,,,,,,,,7.386138613861386e-08,1119,,,,,,,,,
3,,,,,,,,,,1119,0.09458509832620621,,,,,,,,
,,,,,,,,,7.419141914191419e-08,1124,,,,,,,,,
3,,,,,,,,,,1124,0.07820205390453339,,,,,,,,
,,,,,,,,,7.452145214521452e-08,1129,,,,,,,,,
3,,,,,,,,,,1129,0.08839524537324905,,,,,,,,
,,,,,,,,,7.485148514851485e-08,1134,,,,,,,,,
3,,,,,,,,,,1134,0.11079716682434082,,,,,,,,
,,,,,,,,,7.518151815181519e-08,1139,,,,,,,,,
3,,,,,,,,,,1139,0.0941525474190712,,,,,,,,
,,,,,,,,,7.551155115511551e-08,1144,,,,,,,,,
3,,,,,,,,,,1144,0.09424775838851929,,,,,,,,
,,,,,,,,,7.584158415841583e-08,1149,,,,,,,,,
3,,,,,,,,,,1149,0.09277805685997009,,,,,,,,
,,,,,,,,,7.617161716171617e-08,1154,,,,,,,,,
3,,,,,,,,,,1154,0.016400037333369255,,,,,,,,
,,,,,,,,,7.65016501650165e-08,1159,,,,,,,,,
3,,,,,,,,,,1159,0.06695486605167389,,,,,,,,
,,,,,,,,,7.683168316831683e-08,1164,,,,,,,,,
3,,,,,,,,,,1164,0.03235616162419319,,,,,,,,
,,,,,,,,,7.716171617161715e-08,1169,,,,,,,,,
3,,,,,,,,,,1169,0.11390290409326553,,,,,,,,
,,,,,,,,,7.74917491749175e-08,1174,,,,,,,,,
3,,,,,,,,,,1174,0.12888072431087494,,,,,,,,
,,,,,,,,,7.782178217821782e-08,1179,,,,,,,,,
3,,,,,,,,,,1179,0.09783085435628891,,,,,,,,
,,,,,,,,,7.815181518151814e-08,1184,,,,,,,,,
3,,,,,,,,,,1184,0.07100098580121994,,,,,,,,
,,,,,,,,,7.848184818481848e-08,1189,,,,,,,,,
3,,,,,,,,,,1189,0.13462838530540466,,,,,,,,
,,,,,,,,,7.881188118811881e-08,1194,,,,,,,,,
3,,,,,,,,,,1194,0.06756855547428131,,,,,,,,
,,,,,,,,,7.914191419141914e-08,1199,,,,,,,,,
3,,,,,,,,,,1199,0.06482522189617157,,,,,,,,
,,,,,,,,,7.947194719471947e-08,1204,,,,,,,,,
3,,,,,,,,,,1204,0.06554708629846573,,,,,,,,
,,,,,,,,,7.98019801980198e-08,1209,,,,,,,,,
3,,,,,,,,,,1209,0.049196016043424606,,,,,,,,
3,,,,,,,,,,1211,,0.5625,0.7200000286102295,0.08324545621871948,0.08324545621871948,0.06663080304861069,0.5625,1.0,0.06464391201734543
,,,,,,,,,8.013201320132013e-08,1214,,,,,,,,,
4,,,,,,,,,,1214,0.05585801973938942,,,,,,,,
,,,,,,,,,8.046204620462047e-08,1219,,,,,,,,,
4,,,,,,,,,,1219,0.09735076129436493,,,,,,,,
,,,,,,,,,8.079207920792079e-08,1224,,,,,,,,,
4,,,,,,,,,,1224,0.054201580584049225,,,,,,,,
,,,,,,,,,8.112211221122111e-08,1229,,,,,,,,,
4,,,,,,,,,,1229,0.03987617790699005,,,,,,,,
,,,,,,,,,8.145214521452145e-08,1234,,,,,,,,,
4,,,,,,,,,,1234,0.14948616921901703,,,,,,,,
,,,,,,,,,8.178217821782178e-08,1239,,,,,,,,,
4,,,,,,,,,,1239,0.08004339039325714,,,,,,,,
,,,,,,,,,8.21122112211221e-08,1244,,,,,,,,,
4,,,,,,,,,,1244,0.11672239750623703,,,,,,,,
,,,,,,,,,8.244224422442243e-08,1249,,,,,,,,,
4,,,,,,,,,,1249,0.05698585882782936,,,,,,,,
,,,,,,,,,8.277227722772278e-08,1254,,,,,,,,,
4,,,,,,,,,,1254,0.06310127675533295,,,,,,,,
,,,,,,,,,8.31023102310231e-08,1259,,,,,,,,,
4,,,,,,,,,,1259,0.07908326387405396,,,,,,,,
,,,,,,,,,8.343234323432342e-08,1264,,,,,,,,,
4,,,,,,,,,,1264,0.1033274456858635,,,,,,,,
,,,,,,,,,8.376237623762376e-08,1269,,,,,,,,,
4,,,,,,,,,,1269,0.08776575326919556,,,,,,,,
,,,,,,,,,8.409240924092409e-08,1274,,,,,,,,,
4,,,,,,,,,,1274,0.11504381150007248,,,,,,,,
,,,,,,,,,8.442244224422442e-08,1279,,,,,,,,,
4,,,,,,,,,,1279,0.09769133478403091,,,,,,,,
,,,,,,,,,8.475247524752475e-08,1284,,,,,,,,,
4,,,,,,,,,,1284,0.10958316177129745,,,,,,,,
,,,,,,,,,8.508250825082507e-08,1289,,,,,,,,,
4,,,,,,,,,,1289,0.07580912113189697,,,,,,,,
,,,,,,,,,8.541254125412541e-08,1294,,,,,,,,,
4,,,,,,,,,,1294,0.07415115088224411,,,,,,,,
,,,,,,,,,8.574257425742575e-08,1299,,,,,,,,,
4,,,,,,,,,,1299,0.09499019384384155,,,,,,,,
,,,,,,,,,8.607260726072607e-08,1304,,,,,,,,,
4,,,,,,,,,,1304,0.058645498007535934,,,,,,,,
,,,,,,,,,8.640264026402639e-08,1309,,,,,,,,,
4,,,,,,,,,,1309,0.11172103136777878,,,,,,,,
,,,,,,,,,8.673267326732673e-08,1314,,,,,,,,,
4,,,,,,,,,,1314,0.0864524319767952,,,,,,,,
,,,,,,,,,8.706270627062706e-08,1319,,,,,,,,,
4,,,,,,,,,,1319,0.07502071559429169,,,,,,,,
,,,,,,,,,8.739273927392738e-08,1324,,,,,,,,,
4,,,,,,,,,,1324,0.1220618486404419,,,,,,,,
,,,,,,,,,8.772277227722771e-08,1329,,,,,,,,,
4,,,,,,,,,,1329,0.15547028183937073,,,,,,,,
,,,,,,,,,8.805280528052806e-08,1334,,,,,,,,,
4,,,,,,,,,,1334,0.07732076942920685,,,,,,,,
,,,,,,,,,8.838283828382838e-08,1339,,,,,,,,,
4,,,,,,,,,,1339,0.10338179022073746,,,,,,,,
,,,,,,,,,8.87128712871287e-08,1344,,,,,,,,,
4,,,,,,,,,,1344,0.07516266405582428,,,,,,,,
,,,,,,,,,8.904290429042905e-08,1349,,,,,,,,,
4,,,,,,,,,,1349,0.05881156027317047,,,,,,,,
,,,,,,,,,8.937293729372937e-08,1354,,,,,,,,,
4,,,,,,,,,,1354,0.08647193014621735,,,,,,,,
,,,,,,,,,8.97029702970297e-08,1359,,,,,,,,,
4,,,,,,,,,,1359,0.06717849522829056,,,,,,,,
,,,,,,,,,9.003300330033003e-08,1364,,,,,,,,,
4,,,,,,,,,,1364,0.09770509600639343,,,,,,,,
,,,,,,,,,9.036303630363037e-08,1369,,,,,,,,,
4,,,,,,,,,,1369,0.10343499481678009,,,,,,,,
,,,,,,,,,9.069306930693069e-08,1374,,,,,,,,,
4,,,,,,,,,,1374,0.04321439564228058,,,,,,,,
,,,,,,,,,9.102310231023102e-08,1379,,,,,,,,,
4,,,,,,,,,,1379,0.07076399773359299,,,,,,,,
,,,,,,,,,9.135313531353135e-08,1384,,,,,,,,,
4,,,,,,,,,,1384,0.054895348846912384,,,,,,,,
,,,,,,,,,9.168316831683168e-08,1389,,,,,,,,,
4,,,,,,,,,,1389,0.19114933907985687,,,,,,,,
,,,,,,,,,9.2013201320132e-08,1394,,,,,,,,,
4,,,,,,,,,,1394,0.035002317279577255,,,,,,,,
,,,,,,,,,9.234323432343234e-08,1399,,,,,,,,,
4,,,,,,,,,,1399,0.08816885948181152,,,,,,,,
,,,,,,,,,9.267326732673266e-08,1404,,,,,,,,,
4,,,,,,,,,,1404,0.06694474816322327,,,,,,,,
,,,,,,,,,9.3003300330033e-08,1409,,,,,,,,,
4,,,,,,,,,,1409,0.07026591151952744,,,,,,,,
,,,,,,,,,9.333333333333334e-08,1414,,,,,,,,,
4,,,,,,,,,,1414,0.07485021650791168,,,,,,,,
,,,,,,,,,9.366336633663366e-08,1419,,,,,,,,,
4,,,,,,,,,,1419,0.09699062258005142,,,,,,,,
,,,,,,,,,9.399339933993398e-08,1424,,,,,,,,,
4,,,,,,,,,,1424,0.05445484071969986,,,,,,,,
,,,,,,,,,9.432343234323433e-08,1429,,,,,,,,,
4,,,,,,,,,,1429,0.07959655672311783,,,,,,,,
,,,,,,,,,9.465346534653465e-08,1434,,,,,,,,,
4,,,,,,,,,,1434,0.09281035512685776,,,,,,,,
,,,,,,,,,9.498349834983497e-08,1439,,,,,,,,,
4,,,,,,,,,,1439,0.07193274050951004,,,,,,,,
,,,,,,,,,9.531353135313531e-08,1444,,,,,,,,,
4,,,,,,,,,,1444,0.0510614775121212,,,,,,,,
,,,,,,,,,9.564356435643565e-08,1449,,,,,,,,,
4,,,,,,,,,,1449,0.051991574466228485,,,,,,,,
,,,,,,,,,9.597359735973597e-08,1454,,,,,,,,,
4,,,,,,,,,,1454,0.04457775130867958,,,,,,,,
,,,,,,,,,9.63036303630363e-08,1459,,,,,,,,,
4,,,,,,,,,,1459,0.07613863050937653,,,,,,,,
,,,,,,,,,9.663366336633663e-08,1464,,,,,,,,,
4,,,,,,,,,,1464,0.10927078127861023,,,,,,,,
,,,,,,,,,9.696369636963696e-08,1469,,,,,,,,,
4,,,,,,,,,,1469,0.07022877782583237,,,,,,,,
,,,,,,,,,9.729372937293728e-08,1474,,,,,,,,,
4,,,,,,,,,,1474,0.14562566578388214,,,,,,,,
,,,,,,,,,9.762376237623762e-08,1479,,,,,,,,,
4,,,,,,,,,,1479,0.11104081571102142,,,,,,,,
,,,,,,,,,9.795379537953794e-08,1484,,,,,,,,,
4,,,,,,,,,,1484,0.06987115740776062,,,,,,,,
,,,,,,,,,9.828382838283828e-08,1489,,,,,,,,,
4,,,,,,,,,,1489,0.04217983037233353,,,,,,,,
,,,,,,,,,9.861386138613861e-08,1494,,,,,,,,,
4,,,,,,,,,,1494,0.07732082903385162,,,,,,,,
,,,,,,,,,9.894389438943894e-08,1499,,,,,,,,,
4,,,,,,,,,,1499,0.060024112462997437,,,,,,,,
,,,,,,,,,9.927392739273926e-08,1504,,,,,,,,,
4,,,,,,,,,,1504,0.04191899672150612,,,,,,,,
,,,,,,,,,9.960396039603961e-08,1509,,,,,,,,,
4,,,,,,,,,,1509,0.06998954713344574,,,,,,,,
,,,,,,,,,9.993399339933993e-08,1514,,,,,,,,,
4,,,,,,,,,,1514,0.03787349909543991,,,,,,,,
4,,,,,,,,,,1514,,0.5625,0.7200000286102295,0.08317959308624268,0.08317959308624268,0.07279636710882187,0.5625,1.0,0.07649120688438416
,,,,,,,,,1.0026402640264025e-07,1519,,,,,,,,,
5,,,,,,,,,,1519,0.12810863554477692,,,,,,,,
,,,,,,,,,1.0059405940594059e-07,1524,,,,,,,,,
5,,,,,,,,,,1524,0.03619831055402756,,,,,,,,
,,,,,,,,,1.0092409240924092e-07,1529,,,,,,,,,
5,,,,,,,,,,1529,0.1309666782617569,,,,,,,,
,,,,,,,,,1.0125412541254125e-07,1534,,,,,,,,,
5,,,,,,,,,,1534,0.11117790639400482,,,,,,,,
,,,,,,,,,1.0158415841584157e-07,1539,,,,,,,,,
5,,,,,,,,,,1539,0.057376716285943985,,,,,,,,
,,,,,,,,,1.019141914191419e-07,1544,,,,,,,,,
5,,,,,,,,,,1544,0.1155056357383728,,,,,,,,
,,,,,,,,,1.0224422442244224e-07,1549,,,,,,,,,
5,,,,,,,,,,1549,0.10576961189508438,,,,,,,,
,,,,,,,,,1.0257425742574256e-07,1554,,,,,,,,,
5,,,,,,,,,,1554,0.05552246421575546,,,,,,,,
,,,,,,,,,1.029042904290429e-07,1559,,,,,,,,,
5,,,,,,,,,,1559,0.074373759329319,,,,,,,,
,,,,,,,,,1.0323432343234324e-07,1564,,,,,,,,,
5,,,,,,,,,,1564,0.0594860278069973,,,,,,,,
,,,,,,,,,1.0356435643564356e-07,1569,,,,,,,,,
5,,,,,,,,,,1569,0.09607282280921936,,,,,,,,
,,,,,,,,,1.038943894389439e-07,1574,,,,,,,,,
5,,,,,,,,,,1574,0.07926744967699051,,,,,,,,
,,,,,,,,,1.0422442244224422e-07,1579,,,,,,,,,
5,,,,,,,,,,1579,0.06222546845674515,,,,,,,,
,,,,,,,,,1.0455445544554455e-07,1584,,,,,,,,,
5,,,,,,,,,,1584,0.12480628490447998,,,,,,,,
,,,,,,,,,1.0488448844884489e-07,1589,,,,,,,,,
5,,,,,,,,,,1589,0.13528434932231903,,,,,,,,
,,,,,,,,,1.0521452145214521e-07,1594,,,,,,,,,
5,,,,,,,,,,1594,0.08110938221216202,,,,,,,,
,,,,,,,,,1.0554455445544553e-07,1599,,,,,,,,,
5,,,,,,,,,,1599,0.07106024771928787,,,,,,,,
,,,,,,,,,1.0587458745874588e-07,1604,,,,,,,,,
5,,,,,,,,,,1604,0.0822862982749939,,,,,,,,
,,,,,,,,,1.062046204620462e-07,1609,,,,,,,,,
5,,,,,,,,,,1609,0.14203932881355286,,,,,,,,
,,,,,,,,,1.0653465346534653e-07,1614,,,,,,,,,
5,,,,,,,,,,1614,0.057280100882053375,,,,,,,,
,,,,,,,,,1.0686468646864685e-07,1619,,,,,,,,,
5,,,,,,,,,,1619,0.15188726782798767,,,,,,,,
,,,,,,,,,1.071947194719472e-07,1624,,,,,,,,,
5,,,,,,,,,,1624,0.13889427483081818,,,,,,,,
,,,,,,,,,1.0752475247524752e-07,1629,,,,,,,,,
5,,,,,,,,,,1629,0.09992751479148865,,,,,,,,
,,,,,,,,,1.0785478547854784e-07,1634,,,,,,,,,
5,,,,,,,,,,1634,0.07492797076702118,,,,,,,,
,,,,,,,,,1.0818481848184818e-07,1639,,,,,,,,,
5,,,,,,,,,,1639,0.07463646680116653,,,,,,,,
,,,,,,,,,1.0851485148514851e-07,1644,,,,,,,,,
5,,,,,,,,,,1644,0.06773871183395386,,,,,,,,
,,,,,,,,,1.0884488448844884e-07,1649,,,,,,,,,
5,,,,,,,,,,1649,0.06479174643754959,,,,,,,,
,,,,,,,,,1.0917491749174917e-07,1654,,,,,,,,,
5,,,,,,,,,,1654,0.08389189094305038,,,,,,,,
,,,,,,,,,1.095049504950495e-07,1659,,,,,,,,,
5,,,,,,,,,,1659,0.05966200679540634,,,,,,,,
,,,,,,,,,1.0983498349834983e-07,1664,,,,,,,,,
5,,,,,,,,,,1664,0.09257122129201889,,,,,,,,
,,,,,,,,,1.1016501650165017e-07,1669,,,,,,,,,
5,,,,,,,,,,1669,0.1006031408905983,,,,,,,,
,,,,,,,,,1.1049504950495049e-07,1674,,,,,,,,,
5,,,,,,,,,,1674,0.06706047803163528,,,,,,,,
,,,,,,,,,1.1082508250825081e-07,1679,,,,,,,,,
5,,,,,,,,,,1679,0.0820385068655014,,,,,,,,
,,,,,,,,,1.1115511551155116e-07,1684,,,,,,,,,
5,,,,,,,,,,1684,0.09356634318828583,,,,,,,,
,,,,,,,,,1.1148514851485148e-07,1689,,,,,,,,,
5,,,,,,,,,,1689,0.043825261294841766,,,,,,,,
,,,,,,,,,1.118151815181518e-07,1694,,,,,,,,,
5,,,,,,,,,,1694,0.15999148786067963,,,,,,,,
,,,,,,,,,1.1214521452145213e-07,1699,,,,,,,,,
5,,,,,,,,,,1699,0.1475878655910492,,,,,,,,
,,,,,,,,,1.1247524752475248e-07,1704,,,,,,,,,
5,,,,,,,,,,1704,0.09171704947948456,,,,,,,,
,,,,,,,,,1.128052805280528e-07,1709,,,,,,,,,
5,,,,,,,,,,1709,0.09236815571784973,,,,,,,,
,,,,,,,,,1.1313531353135312e-07,1714,,,,,,,,,
5,,,,,,,,,,1714,0.057146649807691574,,,,,,,,
,,,,,,,,,1.1346534653465346e-07,1719,,,,,,,,,
5,,,,,,,,,,1719,0.09066848456859589,,,,,,,,
,,,,,,,,,1.137953795379538e-07,1724,,,,,,,,,
5,,,,,,,,,,1724,0.09434876590967178,,,,,,,,
,,,,,,,,,1.1412541254125412e-07,1729,,,,,,,,,
5,,,,,,,,,,1729,0.07022832334041595,,,,,,,,
,,,,,,,,,1.1445544554455445e-07,1734,,,,,,,,,
5,,,,,,,,,,1734,0.05271080136299133,,,,,,,,
,,,,,,,,,1.1478547854785477e-07,1739,,,,,,,,,
5,,,,,,,,,,1739,0.0794757604598999,,,,,,,,
,,,,,,,,,1.1511551155115511e-07,1744,,,,,,,,,
5,,,,,,,,,,1744,0.044701363891363144,,,,,,,,
,,,,,,,,,1.1544554455445545e-07,1749,,,,,,,,,
5,,,,,,,,,,1749,0.10720799118280411,,,,,,,,
,,,,,,,,,1.1577557755775577e-07,1754,,,,,,,,,
5,,,,,,,,,,1754,0.07210616022348404,,,,,,,,
,,,,,,,,,1.1610561056105609e-07,1759,,,,,,,,,
5,,,,,,,,,,1759,0.07746206223964691,,,,,,,,
,,,,,,,,,1.1643564356435644e-07,1764,,,,,,,,,
5,,,,,,,,,,1764,0.07566191256046295,,,,,,,,
,,,,,,,,,1.1676567656765676e-07,1769,,,,,,,,,
5,,,,,,,,,,1769,0.08574384450912476,,,,,,,,
,,,,,,,,,1.1709570957095709e-07,1774,,,,,,,,,
5,,,,,,,,,,1774,0.09702841937541962,,,,,,,,
,,,,,,,,,1.1742574257425741e-07,1779,,,,,,,,,
5,,,,,,,,,,1779,0.04691195860505104,,,,,,,,
,,,,,,,,,1.1775577557755776e-07,1784,,,,,,,,,
5,,,,,,,,,,1784,0.10879674553871155,,,,,,,,
,,,,,,,,,1.1808580858085808e-07,1789,,,,,,,,,
5,,,,,,,,,,1789,0.09148013591766357,,,,,,,,
,,,,,,,,,1.184158415841584e-07,1794,,,,,,,,,
5,,,,,,,,,,1794,0.04768029600381851,,,,,,,,
,,,,,,,,,1.1874587458745875e-07,1799,,,,,,,,,
5,,,,,,,,,,1799,0.019169330596923828,,,,,,,,
,,,,,,,,,1.1907590759075907e-07,1804,,,,,,,,,
5,,,,,,,,,,1804,0.10131910443305969,,,,,,,,
,,,,,,,,,1.194059405940594e-07,1809,,,,,,,,,
5,,,,,,,,,,1809,0.05542678013443947,,,,,,,,
,,,,,,,,,1.1973597359735973e-07,1814,,,,,,,,,
5,,,,,,,,,,1814,0.08174780011177063,,,,,,,,
5,,,,,,,,,,1817,,0.5625,0.7200000286102295,0.08315853029489517,0.08315853029489517,0.0825994536280632,0.5625,1.0,0.09080242365598679
,,,,,,,,,1.2006600660066005e-07,1819,,,,,,,,,
6,,,,,,,,,,1819,0.13201908767223358,,,,,,,,
,,,,,,,,,1.2039603960396038e-07,1824,,,,,,,,,
6,,,,,,,,,,1824,0.11177650839090347,,,,,,,,
,,,,,,,,,1.2072607260726073e-07,1829,,,,,,,,,
6,,,,,,,,,,1829,0.07637546956539154,,,,,,,,
,,,,,,,,,1.2105610561056105e-07,1834,,,,,,,,,
6,,,,,,,,,,1834,0.06955189257860184,,,,,,,,
,,,,,,,,,1.2138613861386137e-07,1839,,,,,,,,,
6,,,,,,,,,,1839,0.046850044280290604,,,,,,,,
,,,,,,,,,1.2171617161716172e-07,1844,,,,,,,,,
6,,,,,,,,,,1844,0.038202229887247086,,,,,,,,
,,,,,,,,,1.2204620462046204e-07,1849,,,,,,,,,
6,,,,,,,,,,1849,0.08061185479164124,,,,,,,,
,,,,,,,,,1.2237623762376236e-07,1854,,,,,,,,,
6,,,,,,,,,,1854,0.06391288340091705,,,,,,,,
,,,,,,,,,1.2270627062706269e-07,1859,,,,,,,,,
6,,,,,,,,,,1859,0.1261342167854309,,,,,,,,
,,,,,,,,,1.2303630363036304e-07,1864,,,,,,,,,
6,,,,,,,,,,1864,0.08369472622871399,,,,,,,,
,,,,,,,,,1.2336633663366336e-07,1869,,,,,,,,,
6,,,,,,,,,,1869,0.11717202514410019,,,,,,,,
,,,,,,,,,1.2369636963696368e-07,1874,,,,,,,,,
6,,,,,,,,,,1874,0.041369494050741196,,,,,,,,
,,,,,,,,,1.2402640264026403e-07,1879,,,,,,,,,
6,,,,,,,,,,1879,0.13493464887142181,,,,,,,,
,,,,,,,,,1.2435643564356435e-07,1884,,,,,,,,,
6,,,,,,,,,,1884,0.06904352456331253,,,,,,,,
,,,,,,,,,1.2468646864686467e-07,1889,,,,,,,,,
6,,,,,,,,,,1889,0.11488937586545944,,,,,,,,
,,,,,,,,,1.25016501650165e-07,1894,,,,,,,,,
6,,,,,,,,,,1894,0.07534731924533844,,,,,,,,
,,,,,,,,,1.2534653465346535e-07,1899,,,,,,,,,
6,,,,,,,,,,1899,0.06355293095111847,,,,,,,,
,,,,,,,,,1.2567656765676567e-07,1904,,,,,,,,,
6,,,,,,,,,,1904,0.07010963559150696,,,,,,,,
,,,,,,,,,1.26006600660066e-07,1909,,,,,,,,,
6,,,,,,,,,,1909,0.09705710411071777,,,,,,,,
,,,,,,,,,1.2633663366336634e-07,1914,,,,,,,,,
6,,,,,,,,,,1914,0.06805089116096497,,,,,,,,
,,,,,,,,,1.2666666666666666e-07,1919,,,,,,,,,
6,,,,,,,,,,1919,0.07938937842845917,,,,,,,,
,,,,,,,,,1.2699669966996699e-07,1924,,,,,,,,,
6,,,,,,,,,,1924,0.10406029969453812,,,,,,,,
,,,,,,,,,1.2732673267326733e-07,1929,,,,,,,,,
6,,,,,,,,,,1929,0.09058122336864471,,,,,,,,
,,,,,,,,,1.2765676567656766e-07,1934,,,,,,,,,
6,,,,,,,,,,1934,0.07085169106721878,,,,,,,,
,,,,,,,,,1.2798679867986798e-07,1939,,,,,,,,,
6,,,,,,,,,,1939,0.03734925389289856,,,,,,,,
,,,,,,,,,1.283168316831683e-07,1944,,,,,,,,,
6,,,,,,,,,,1944,0.05350038409233093,,,,,,,,
,,,,,,,,,1.2864686468646865e-07,1949,,,,,,,,,
6,,,,,,,,,,1949,0.04474564269185066,,,,,,,,
,,,,,,,,,1.2897689768976897e-07,1954,,,,,,,,,
6,,,,,,,,,,1954,0.09471648931503296,,,,,,,,
,,,,,,,,,1.293069306930693e-07,1959,,,,,,,,,
6,,,,,,,,,,1959,0.0912930965423584,,,,,,,,
,,,,,,,,,1.2963696369636964e-07,1964,,,,,,,,,
6,,,,,,,,,,1964,0.09900886565446854,,,,,,,,
,,,,,,,,,1.2996699669966997e-07,1969,,,,,,,,,
6,,,,,,,,,,1969,0.05136837810277939,,,,,,,,
,,,,,,,,,1.302970297029703e-07,1974,,,,,,,,,
6,,,,,,,,,,1974,0.11193123459815979,,,,,,,,
,,,,,,,,,1.306270627062706e-07,1979,,,,,,,,,
6,,,,,,,,,,1979,0.0815902128815651,,,,,,,,
,,,,,,,,,1.3095709570957093e-07,1984,,,,,,,,,
6,,,,,,,,,,1984,0.09614621102809906,,,,,,,,
,,,,,,,,,1.3128712871287128e-07,1989,,,,,,,,,
6,,,,,,,,,,1989,0.043410059064626694,,,,,,,,
,,,,,,,,,1.316171617161716e-07,1994,,,,,,,,,
6,,,,,,,,,,1994,0.07221774011850357,,,,,,,,
,,,,,,,,,1.3194719471947193e-07,1999,,,,,,,,,
6,,,,,,,,,,1999,0.06324653327465057,,,,,,,,
,,,,,,,,,1.3227722772277228e-07,2004,,,,,,,,,
6,,,,,,,,,,2004,0.10187732428312302,,,,,,,,
,,,,,,,,,1.326072607260726e-07,2009,,,,,,,,,
6,,,,,,,,,,2009,0.08879806846380234,,,,,,,,
,,,,,,,,,1.3293729372937292e-07,2014,,,,,,,,,
6,,,,,,,,,,2014,0.10777244716882706,,,,,,,,
,,,,,,,,,1.3326732673267327e-07,2019,,,,,,,,,
6,,,,,,,,,,2019,0.10220158100128174,,,,,,,,
,,,,,,,,,1.3359735973597357e-07,2024,,,,,,,,,
6,,,,,,,,,,2024,0.08770234137773514,,,,,,,,
,,,,,,,,,1.3392739273927392e-07,2029,,,,,,,,,
6,,,,,,,,,,2029,0.06033604219555855,,,,,,,,
,,,,,,,,,1.3425742574257427e-07,2034,,,,,,,,,
6,,,,,,,,,,2034,0.1074773445725441,,,,,,,,
,,,,,,,,,1.3458745874587456e-07,2039,,,,,,,,,
6,,,,,,,,,,2039,0.0864378958940506,,,,,,,,
,,,,,,,,,1.349174917491749e-07,2044,,,,,,,,,
6,,,,,,,,,,2044,0.06085669621825218,,,,,,,,
,,,,,,,,,1.3524752475247526e-07,2049,,,,,,,,,
6,,,,,,,,,,2049,0.07014993578195572,,,,,,,,
,,,,,,,,,1.3557755775577556e-07,2054,,,,,,,,,
6,,,,,,,,,,2054,0.09182915091514587,,,,,,,,
,,,,,,,,,1.359075907590759e-07,2059,,,,,,,,,
6,,,,,,,,,,2059,0.08819561451673508,,,,,,,,
,,,,,,,,,1.3623762376237625e-07,2064,,,,,,,,,
6,,,,,,,,,,2064,0.10073933005332947,,,,,,,,
,,,,,,,,,1.3656765676567655e-07,2069,,,,,,,,,
6,,,,,,,,,,2069,0.11102880537509918,,,,,,,,
,,,,,,,,,1.368976897689769e-07,2074,,,,,,,,,
6,,,,,,,,,,2074,0.11161576211452484,,,,,,,,
,,,,,,,,,1.3722772277227722e-07,2079,,,,,,,,,
6,,,,,,,,,,2079,0.09940479695796967,,,,,,,,
,,,,,,,,,1.3755775577557754e-07,2084,,,,,,,,,
6,,,,,,,,,,2084,0.05798989161849022,,,,,,,,
,,,,,,,,,1.378877887788779e-07,2089,,,,,,,,,
6,,,,,,,,,,2089,0.03596557676792145,,,,,,,,
,,,,,,,,,1.3821782178217822e-07,2094,,,,,,,,,
6,,,,,,,,,,2094,0.0416700541973114,,,,,,,,
,,,,,,,,,1.3854785478547854e-07,2099,,,,,,,,,
6,,,,,,,,,,2099,0.055304791778326035,,,,,,,,
,,,,,,,,,1.3887788778877889e-07,2104,,,,,,,,,
6,,,,,,,,,,2104,0.09763771295547485,,,,,,,,
,,,,,,,,,1.392079207920792e-07,2109,,,,,,,,,
6,,,,,,,,,,2109,0.10673235356807709,,,,,,,,
,,,,,,,,,1.3953795379537953e-07,2114,,,,,,,,,
6,,,,,,,,,,2114,0.09067319333553314,,,,,,,,
,,,,,,,,,1.3986798679867985e-07,2119,,,,,,,,,
6,,,,,,,,,,2119,0.0752159059047699,,,,,,,,
6,,,,,,,,,,2120,,0.5625,0.7200000286102295,0.08317725360393524,0.08317725360393524,0.09350133687257767,0.5625,1.0,0.10230506956577301
,,,,,,,,,1.401980198019802e-07,2124,,,,,,,,,
7,,,,,,,,,,2124,0.0950915664434433,,,,,,,,
,,,,,,,,,1.4052805280528053e-07,2129,,,,,,,,,
7,,,,,,,,,,2129,0.07004475593566895,,,,,,,,
,,,,,,,,,1.4085808580858085e-07,2134,,,,,,,,,
7,,,,,,,,,,2134,0.09529753774404526,,,,,,,,
,,,,,,,,,1.4118811881188117e-07,2139,,,,,,,,,
7,,,,,,,,,,2139,0.08826608955860138,,,,,,,,
,,,,,,,,,1.4151815181518152e-07,2144,,,,,,,,,
7,,,,,,,,,,2144,0.062754325568676,,,,,,,,
,,,,,,,,,1.4184818481848184e-07,2149,,,,,,,,,
7,,,,,,,,,,2149,0.06534547358751297,,,,,,,,
,,,,,,,,,1.4217821782178216e-07,2154,,,,,,,,,
7,,,,,,,,,,2154,0.12660884857177734,,,,,,,,
,,,,,,,,,1.425082508250825e-07,2159,,,,,,,,,
7,,,,,,,,,,2159,0.1490767002105713,,,,,,,,
,,,,,,,,,1.4283828382838284e-07,2164,,,,,,,,,
7,,,,,,,,,,2164,0.11438658088445663,,,,,,,,
,,,,,,,,,1.4316831683168316e-07,2169,,,,,,,,,
7,,,,,,,,,,2169,0.02943907491862774,,,,,,,,
,,,,,,,,,1.4349834983498348e-07,2174,,,,,,,,,
7,,,,,,,,,,2174,0.05028681457042694,,,,,,,,
,,,,,,,,,1.4382838283828383e-07,2179,,,,,,,,,
7,,,,,,,,,,2179,0.052975669503211975,,,,,,,,
,,,,,,,,,1.4415841584158415e-07,2184,,,,,,,,,
7,,,,,,,,,,2184,0.07128919661045074,,,,,,,,
,,,,,,,,,1.4448844884488448e-07,2189,,,,,,,,,
7,,,,,,,,,,2189,0.0546288900077343,,,,,,,,
,,,,,,,,,1.4481848184818482e-07,2194,,,,,,,,,
7,,,,,,,,,,2194,0.07081713527441025,,,,,,,,
,,,,,,,,,1.4514851485148512e-07,2199,,,,,,,,,
7,,,,,,,,,,2199,0.13257232308387756,,,,,,,,
,,,,,,,,,1.4547854785478547e-07,2204,,,,,,,,,
7,,,,,,,,,,2204,0.10887230932712555,,,,,,,,
,,,,,,,,,1.4580858085808582e-07,2209,,,,,,,,,
7,,,,,,,,,,2209,0.0830366313457489,,,,,,,,
,,,,,,,,,1.4613861386138611e-07,2214,,,,,,,,,
7,,,,,,,,,,2214,0.07367381453514099,,,,,,,,
,,,,,,,,,1.4646864686468646e-07,2219,,,,,,,,,
7,,,,,,,,,,2219,0.048631373792886734,,,,,,,,
,,,,,,,,,1.467986798679868e-07,2224,,,,,,,,,
7,,,,,,,,,,2224,0.03651585057377815,,,,,,,,
,,,,,,,,,1.471287128712871e-07,2229,,,,,,,,,
7,,,,,,,,,,2229,0.06264427304267883,,,,,,,,
,,,,,,,,,1.4745874587458746e-07,2234,,,,,,,,,
7,,,,,,,,,,2234,0.13740776479244232,,,,,,,,
,,,,,,,,,1.477887788778878e-07,2239,,,,,,,,,
7,,,,,,,,,,2239,0.06959284842014313,,,,,,,,
,,,,,,,,,1.481188118811881e-07,2244,,,,,,,,,
7,,,,,,,,,,2244,0.09289707988500595,,,,,,,,
,,,,,,,,,1.4844884488448845e-07,2249,,,,,,,,,
7,,,,,,,,,,2249,0.09118050336837769,,,,,,,,
,,,,,,,,,1.4877887788778877e-07,2254,,,,,,,,,
7,,,,,,,,,,2254,0.1136150136590004,,,,,,,,
,,,,,,,,,1.491089108910891e-07,2259,,,,,,,,,
7,,,,,,,,,,2259,0.08999180048704147,,,,,,,,
,,,,,,,,,1.4943894389438944e-07,2264,,,,,,,,,
7,,,,,,,,,,2264,0.045330822467803955,,,,,,,,
,,,,,,,,,1.4976897689768977e-07,2269,,,,,,,,,
7,,,,,,,,,,2269,0.03209125995635986,,,,,,,,
,,,,,,,,,1.500990099009901e-07,2274,,,,,,,,,
7,,,,,,,,,,2274,0.06922932714223862,,,,,,,,
,,,,,,,,,1.5042904290429044e-07,2279,,,,,,,,,
7,,,,,,,,,,2279,0.073524110019207,,,,,,,,
,,,,,,,,,1.5075907590759076e-07,2284,,,,,,,,,
7,,,,,,,,,,2284,0.09474748373031616,,,,,,,,
,,,,,,,,,1.5108910891089108e-07,2289,,,,,,,,,
7,,,,,,,,,,2289,0.056549202650785446,,,,,,,,
,,,,,,,,,1.514191419141914e-07,2294,,,,,,,,,
7,,,,,,,,,,2294,0.08540036529302597,,,,,,,,
,,,,,,,,,1.5174917491749173e-07,2299,,,,,,,,,
7,,,,,,,,,,2299,0.12093537300825119,,,,,,,,
,,,,,,,,,1.5207920792079208e-07,2304,,,,,,,,,
7,,,,,,,,,,2304,0.07312636077404022,,,,,,,,
,,,,,,,,,1.524092409240924e-07,2309,,,,,,,,,
7,,,,,,,,,,2309,0.06763999164104462,,,,,,,,
,,,,,,,,,1.5273927392739272e-07,2314,,,,,,,,,
7,,,,,,,,,,2314,0.05871811509132385,,,,,,,,
,,,,,,,,,1.5306930693069307e-07,2319,,,,,,,,,
7,,,,,,,,,,2319,0.09127990901470184,,,,,,,,
,,,,,,,,,1.533993399339934e-07,2324,,,,,,,,,
7,,,,,,,,,,2324,0.08340700715780258,,,,,,,,
,,,,,,,,,1.5372937293729372e-07,2329,,,,,,,,,
7,,,,,,,,,,2329,0.061768725514411926,,,,,,,,
,,,,,,,,,1.5405940594059404e-07,2334,,,,,,,,,
7,,,,,,,,,,2334,0.068870410323143,,,,,,,,
,,,,,,,,,1.543894389438944e-07,2339,,,,,,,,,
7,,,,,,,,,,2339,0.04694877192378044,,,,,,,,
,,,,,,,,,1.547194719471947e-07,2344,,,,,,,,,
7,,,,,,,,,,2344,0.055903110653162,,,,,,,,
,,,,,,,,,1.5504950495049503e-07,2349,,,,,,,,,
7,,,,,,,,,,2349,0.1065625548362732,,,,,,,,
,,,,,,,,,1.5537953795379538e-07,2354,,,,,,,,,
7,,,,,,,,,,2354,0.055339645594358444,,,,,,,,
,,,,,,,,,1.557095709570957e-07,2359,,,,,,,,,
7,,,,,,,,,,2359,0.11310090124607086,,,,,,,,
,,,,,,,,,1.5603960396039603e-07,2364,,,,,,,,,
7,,,,,,,,,,2364,0.1234138235449791,,,,,,,,
,,,,,,,,,1.5636963696369638e-07,2369,,,,,,,,,
7,,,,,,,,,,2369,0.0730680450797081,,,,,,,,
,,,,,,,,,1.5669966996699667e-07,2374,,,,,,,,,
7,,,,,,,,,,2374,0.11022761464118958,,,,,,,,
,,,,,,,,,1.5702970297029702e-07,2379,,,,,,,,,
7,,,,,,,,,,2379,0.07500016689300537,,,,,,,,
,,,,,,,,,1.5735973597359737e-07,2384,,,,,,,,,
7,,,,,,,,,,2384,0.09142749011516571,,,,,,,,
,,,,,,,,,1.5768976897689767e-07,2389,,,,,,,,,
7,,,,,,,,,,2389,0.09830844402313232,,,,,,,,
,,,,,,,,,1.5801980198019802e-07,2394,,,,,,,,,
7,,,,,,,,,,2394,0.08986154943704605,,,,,,,,
,,,,,,,,,1.5834983498349836e-07,2399,,,,,,,,,
7,,,,,,,,,,2399,0.05887969955801964,,,,,,,,
,,,,,,,,,1.5867986798679866e-07,2404,,,,,,,,,
7,,,,,,,,,,2404,0.08221552520990372,,,,,,,,
,,,,,,,,,1.59009900990099e-07,2409,,,,,,,,,
7,,,,,,,,,,2409,0.01722133904695511,,,,,,,,
,,,,,,,,,1.5933993399339933e-07,2414,,,,,,,,,
7,,,,,,,,,,2414,0.10494959354400635,,,,,,,,
,,,,,,,,,1.5966996699669965e-07,2419,,,,,,,,,
7,,,,,,,,,,2419,0.06216088682413101,,,,,,,,
7,,,,,,,,,,2423,,0.5625,0.7200000286102295,0.08324563503265381,0.08324563503265381,0.09650906920433044,0.5625,1.0,0.10338889807462692
,,,,,,,,,1.6e-07,2424,,,,,,,,,
8,,,,,,,,,,2424,0.07612252235412598,,,,,,,,
,,,,,,,,,1.6033003300330033e-07,2429,,,,,,,,,
8,,,,,,,,,,2429,0.07672511041164398,,,,,,,,
,,,,,,,,,1.6066006600660065e-07,2434,,,,,,,,,
8,,,,,,,,,,2434,0.03267615661025047,,,,,,,,
,,,,,,,,,1.60990099009901e-07,2439,,,,,,,,,
8,,,,,,,,,,2439,0.10280347615480423,,,,,,,,
,,,,,,,,,1.6132013201320132e-07,2444,,,,,,,,,
8,,,,,,,,,,2444,0.11330841481685638,,,,,,,,
,,,,,,,,,1.6165016501650164e-07,2449,,,,,,,,,
8,,,,,,,,,,2449,0.05505239963531494,,,,,,,,
,,,,,,,,,1.6198019801980196e-07,2454,,,,,,,,,
8,,,,,,,,,,2454,0.12715494632720947,,,,,,,,
,,,,,,,,,1.623102310231023e-07,2459,,,,,,,,,
8,,,,,,,,,,2459,0.10526298731565475,,,,,,,,
,,,,,,,,,1.6264026402640264e-07,2464,,,,,,,,,
8,,,,,,,,,,2464,0.07619862258434296,,,,,,,,
,,,,,,,,,1.6297029702970296e-07,2469,,,,,,,,,
8,,,,,,,,,,2469,0.06849940121173859,,,,,,,,
,,,,,,,,,1.6330033003300328e-07,2474,,,,,,,,,
8,,,,,,,,,,2474,0.0650201290845871,,,,,,,,
,,,,,,,,,1.6363036303630363e-07,2479,,,,,,,,,
8,,,,,,,,,,2479,0.0557495579123497,,,,,,,,
,,,,,,,,,1.6396039603960395e-07,2484,,,,,,,,,
8,,,,,,,,,,2484,0.08155754208564758,,,,,,,,
,,,,,,,,,1.6429042904290428e-07,2489,,,,,,,,,
8,,,,,,,,,,2489,0.11306830495595932,,,,,,,,
,,,,,,,,,1.6462046204620462e-07,2494,,,,,,,,,
8,,,,,,,,,,2494,0.05814391374588013,,,,,,,,
,,,,,,,,,1.6495049504950495e-07,2499,,,,,,,,,
8,,,,,,,,,,2499,0.10277804732322693,,,,,,,,
,,,,,,,,,1.6528052805280527e-07,2504,,,,,,,,,
8,,,,,,,,,,2504,0.08061236143112183,,,,,,,,
,,,,,,,,,1.656105610561056e-07,2509,,,,,,,,,
8,,,,,,,,,,2509,0.12309142202138901,,,,,,,,
,,,,,,,,,1.6594059405940594e-07,2514,,,,,,,,,
8,,,,,,,,,,2514,0.08100036531686783,,,,,,,,
,,,,,,,,,1.6627062706270626e-07,2519,,,,,,,,,
8,,,,,,,,,,2519,0.05948098748922348,,,,,,,,
,,,,,,,,,1.6660066006600659e-07,2524,,,,,,,,,
8,,,,,,,,,,2524,0.09998480975627899,,,,,,,,
,,,,,,,,,1.6693069306930693e-07,2529,,,,,,,,,
8,,,,,,,,,,2529,0.08242551237344742,,,,,,,,
,,,,,,,,,1.6726072607260726e-07,2534,,,,,,,,,
8,,,,,,,,,,2534,0.07100215554237366,,,,,,,,
,,,,,,,,,1.6759075907590758e-07,2539,,,,,,,,,
8,,,,,,,,,,2539,0.015313541516661644,,,,,,,,
,,,,,,,,,1.6792079207920793e-07,2544,,,,,,,,,
8,,,,,,,,,,2544,0.053270623087882996,,,,,,,,
,,,,,,,,,1.6825082508250822e-07,2549,,,,,,,,,
8,,,,,,,,,,2549,0.06719069182872772,,,,,,,,
,,,,,,,,,1.6858085808580857e-07,2554,,,,,,,,,
8,,,,,,,,,,2554,0.09438613057136536,,,,,,,,
,,,,,,,,,1.6891089108910892e-07,2559,,,,,,,,,
8,,,,,,,,,,2559,0.06308932602405548,,,,,,,,
,,,,,,,,,1.6924092409240922e-07,2564,,,,,,,,,
8,,,,,,,,,,2564,0.07149060815572739,,,,,,,,
,,,,,,,,,1.6957095709570957e-07,2569,,,,,,,,,
8,,,,,,,,,,2569,0.060474105179309845,,,,,,,,
,,,,,,,,,1.6990099009900992e-07,2574,,,,,,,,,
8,,,,,,,,,,2574,0.10779315233230591,,,,,,,,
,,,,,,,,,1.702310231023102e-07,2579,,,,,,,,,
8,,,,,,,,,,2579,0.043079301714897156,,,,,,,,
,,,,,,,,,1.7056105610561056e-07,2584,,,,,,,,,
8,,,,,,,,,,2584,0.08472525328397751,,,,,,,,
,,,,,,,,,1.7089108910891088e-07,2589,,,,,,,,,
8,,,,,,,,,,2589,0.04073582962155342,,,,,,,,
,,,,,,,,,1.712211221122112e-07,2594,,,,,,,,,
8,,,,,,,,,,2594,0.10911712050437927,,,,,,,,
,,,,,,,,,1.7155115511551156e-07,2599,,,,,,,,,
8,,,,,,,,,,2599,0.052950359880924225,,,,,,,,
,,,,,,,,,1.7188118811881185e-07,2604,,,,,,,,,
8,,,,,,,,,,2604,0.10928785055875778,,,,,,,,
,,,,,,,,,1.722112211221122e-07,2609,,,,,,,,,
8,,,,,,,,,,2609,0.05132431536912918,,,,,,,,
,,,,,,,,,1.7254125412541255e-07,2614,,,,,,,,,
8,,,,,,,,,,2614,0.09500373899936676,,,,,,,,
,,,,,,,,,1.7287128712871285e-07,2619,,,,,,,,,
8,,,,,,,,,,2619,0.10134845972061157,,,,,,,,
,,,,,,,,,1.732013201320132e-07,2624,,,,,,,,,
8,,,,,,,,,,2624,0.0766458511352539,,,,,,,,
,,,,,,,,,1.7353135313531352e-07,2629,,,,,,,,,
8,,,,,,,,,,2629,0.13059014081954956,,,,,,,,
,,,,,,,,,1.7386138613861384e-07,2634,,,,,,,,,
8,,,,,,,,,,2634,0.1143665611743927,,,,,,,,
,,,,,,,,,1.741914191419142e-07,2639,,,,,,,,,
8,,,,,,,,,,2639,0.059524569660425186,,,,,,,,
,,,,,,,,,1.745214521452145e-07,2644,,,,,,,,,
8,,,,,,,,,,2644,0.07747001945972443,,,,,,,,
,,,,,,,,,1.7485148514851483e-07,2649,,,,,,,,,
8,,,,,,,,,,2649,0.07371798902750015,,,,,,,,
,,,,,,,,,1.7518151815181518e-07,2654,,,,,,,,,
8,,,,,,,,,,2654,0.06924731284379959,,,,,,,,
,,,,,,,,,1.755115511551155e-07,2659,,,,,,,,,
8,,,,,,,,,,2659,0.06725022196769714,,,,,,,,
,,,,,,,,,1.7584158415841583e-07,2664,,,,,,,,,
8,,,,,,,,,,2664,0.04024895653128624,,,,,,,,
,,,,,,,,,1.7617161716171615e-07,2669,,,,,,,,,
8,,,,,,,,,,2669,0.0943765938282013,,,,,,,,
,,,,,,,,,1.765016501650165e-07,2674,,,,,,,,,
8,,,,,,,,,,2674,0.06806585192680359,,,,,,,,
,,,,,,,,,1.7683168316831682e-07,2679,,,,,,,,,
8,,,,,,,,,,2679,0.07861071825027466,,,,,,,,
,,,,,,,,,1.7716171617161714e-07,2684,,,,,,,,,
8,,,,,,,,,,2684,0.07494132220745087,,,,,,,,
,,,,,,,,,1.774917491749175e-07,2689,,,,,,,,,
8,,,,,,,,,,2689,0.07040778547525406,,,,,,,,
,,,,,,,,,1.7782178217821782e-07,2694,,,,,,,,,
8,,,,,,,,,,2694,0.061195727437734604,,,,,,,,
,,,,,,,,,1.7815181518151814e-07,2699,,,,,,,,,
8,,,,,,,,,,2699,0.09040150791406631,,,,,,,,
,,,,,,,,,1.784818481848185e-07,2704,,,,,,,,,
8,,,,,,,,,,2704,0.049612000584602356,,,,,,,,
,,,,,,,,,1.7881188118811878e-07,2709,,,,,,,,,
8,,,,,,,,,,2709,0.14257623255252838,,,,,,,,
,,,,,,,,,1.7914191419141913e-07,2714,,,,,,,,,
8,,,,,,,,,,2714,0.04752239212393761,,,,,,,,
,,,,,,,,,1.7947194719471948e-07,2719,,,,,,,,,
8,,,,,,,,,,2719,0.08673153072595596,,,,,,,,
,,,,,,,,,1.7980198019801978e-07,2724,,,,,,,,,
8,,,,,,,,,,2724,0.0342852808535099,,,,,,,,
8,,,,,,,,,,2726,,0.5625,0.7200000286102295,0.08334267139434814,0.08334267139434814,0.10450460761785507,0.5625,1.0,0.11352172493934631
,,,,,,,,,1.8013201320132013e-07,2729,,,,,,,,,
9,,,,,,,,,,2729,0.08109388500452042,,,,,,,,
,,,,,,,,,1.8046204620462048e-07,2734,,,,,,,,,
9,,,,,,,,,,2734,0.12090956419706345,,,,,,,,
,,,,,,,,,1.8079207920792077e-07,2739,,,,,,,,,
9,,,,,,,,,,2739,0.14073258638381958,,,,,,,,
,,,,,,,,,1.8112211221122112e-07,2744,,,,,,,,,
9,,,,,,,,,,2744,0.08714653551578522,,,,,,,,
,,,,,,,,,1.8145214521452147e-07,2749,,,,,,,,,
9,,,,,,,,,,2749,0.0683656856417656,,,,,,,,
,,,,,,,,,1.8178217821782177e-07,2754,,,,,,,,,
9,,,,,,,,,,2754,0.08180302381515503,,,,,,,,
,,,,,,,,,1.8211221122112211e-07,2759,,,,,,,,,
9,,,,,,,,,,2759,0.09911108016967773,,,,,,,,
,,,,,,,,,1.824422442244224e-07,2764,,,,,,,,,
9,,,,,,,,,,2764,0.050737638026475906,,,,,,,,
,,,,,,,,,1.8277227722772276e-07,2769,,,,,,,,,
9,,,,,,,,,,2769,0.12147436290979385,,,,,,,,
,,,,,,,,,1.831023102310231e-07,2774,,,,,,,,,
9,,,,,,,,,,2774,0.03954172879457474,,,,,,,,
,,,,,,,,,1.834323432343234e-07,2779,,,,,,,,,
9,,,,,,,,,,2779,0.05733409523963928,,,,,,,,
,,,,,,,,,1.8376237623762375e-07,2784,,,,,,,,,
9,,,,,,,,,,2784,0.07266422361135483,,,,,,,,
,,,,,,,,,1.840924092409241e-07,2789,,,,,,,,,
9,,,,,,,,,,2789,0.09637758135795593,,,,,,,,
,,,,,,,,,1.844224422442244e-07,2794,,,,,,,,,
9,,,,,,,,,,2794,0.13396376371383667,,,,,,,,
,,,,,,,,,1.8475247524752475e-07,2799,,,,,,,,,
9,,,,,,,,,,2799,0.06446529179811478,,,,,,,,
,,,,,,,,,1.8508250825082507e-07,2804,,,,,,,,,
9,,,,,,,,,,2804,0.05326659232378006,,,,,,,,
,,,,,,,,,1.854125412541254e-07,2809,,,,,,,,,
9,,,,,,,,,,2809,0.062313102185726166,,,,,,,,
,,,,,,,,,1.8574257425742574e-07,2814,,,,,,,,,
9,,,,,,,,,,2814,0.055154912173748016,,,,,,,,
,,,,,,,,,1.8607260726072606e-07,2819,,,,,,,,,
9,,,,,,,,,,2819,0.055596865713596344,,,,,,,,
,,,,,,,,,1.8640264026402639e-07,2824,,,,,,,,,
9,,,,,,,,,,2824,0.10274729877710342,,,,,,,,
,,,,,,,,,1.8673267326732674e-07,2829,,,,,,,,,
9,,,,,,,,,,2829,0.11437343060970306,,,,,,,,
,,,,,,,,,1.8706270627062706e-07,2834,,,,,,,,,
9,,,,,,,,,,2834,0.07728946954011917,,,,,,,,
,,,,,,,,,1.8739273927392738e-07,2839,,,,,,,,,
9,,,,,,,,,,2839,0.11712004244327545,,,,,,,,
,,,,,,,,,1.877227722772277e-07,2844,,,,,,,,,
9,,,,,,,,,,2844,0.12420061975717545,,,,,,,,
,,,,,,,,,1.8805280528052805e-07,2849,,,,,,,,,
9,,,,,,,,,,2849,0.04336121678352356,,,,,,,,
,,,,,,,,,1.8838283828382837e-07,2854,,,,,,,,,
9,,,,,,,,,,2854,0.10994894057512283,,,,,,,,
,,,,,,,,,1.887128712871287e-07,2859,,,,,,,,,
9,,,,,,,,,,2859,0.14089643955230713,,,,,,,,
,,,,,,,,,1.8904290429042905e-07,2864,,,,,,,,,
9,,,,,,,,,,2864,0.12415404617786407,,,,,,,,
,,,,,,,,,1.8937293729372937e-07,2869,,,,,,,,,
9,,,,,,,,,,2869,0.10542484372854233,,,,,,,,
,,,,,,,,,1.897029702970297e-07,2874,,,,,,,,,
9,,,,,,,,,,2874,0.03863982483744621,,,,,,,,
,,,,,,,,,1.9003300330033004e-07,2879,,,,,,,,,
9,,,,,,,,,,2879,0.03748137131333351,,,,,,,,
,,,,,,,,,1.9036303630363034e-07,2884,,,,,,,,,
9,,,,,,,,,,2884,0.10567104071378708,,,,,,,,
,,,,,,,,,1.9069306930693068e-07,2889,,,,,,,,,
9,,,,,,,,,,2889,0.10065258294343948,,,,,,,,
,,,,,,,,,1.9102310231023103e-07,2894,,,,,,,,,
9,,,,,,,,,,2894,0.04314310476183891,,,,,,,,
,,,,,,,,,1.9135313531353133e-07,2899,,,,,,,,,
9,,,,,,,,,,2899,0.13001558184623718,,,,,,,,
,,,,,,,,,1.9168316831683168e-07,2904,,,,,,,,,
9,,,,,,,,,,2904,0.05545526742935181,,,,,,,,
,,,,,,,,,1.9201320132013203e-07,2909,,,,,,,,,
9,,,,,,,,,,2909,0.15058782696723938,,,,,,,,
,,,,,,,,,1.9234323432343232e-07,2914,,,,,,,,,
9,,,,,,,,,,2914,0.05182907357811928,,,,,,,,
,,,,,,,,,1.9267326732673267e-07,2919,,,,,,,,,
9,,,,,,,,,,2919,0.10253458470106125,,,,,,,,
,,,,,,,,,1.9300330033003297e-07,2924,,,,,,,,,
9,,,,,,,,,,2924,0.10554638504981995,,,,,,,,
,,,,,,,,,1.9333333333333332e-07,2929,,,,,,,,,
9,,,,,,,,,,2929,0.0669521689414978,,,,,,,,
,,,,,,,,,1.9366336633663367e-07,2934,,,,,,,,,
9,,,,,,,,,,2934,0.05461603030562401,,,,,,,,
,,,,,,,,,1.9399339933993396e-07,2939,,,,,,,,,
9,,,,,,,,,,2939,0.04377859830856323,,,,,,,,
,,,,,,,,,1.943234323432343e-07,2944,,,,,,,,,
9,,,,,,,,,,2944,0.062391262501478195,,,,,,,,
,,,,,,,,,1.9465346534653466e-07,2949,,,,,,,,,
9,,,,,,,,,,2949,0.14055204391479492,,,,,,,,
,,,,,,,,,1.9498349834983496e-07,2954,,,,,,,,,
9,,,,,,,,,,2954,0.08666916936635971,,,,,,,,
,,,,,,,,,1.953135313531353e-07,2959,,,,,,,,,
9,,,,,,,,,,2959,0.030400721356272697,,,,,,,,
,,,,,,,,,1.9564356435643565e-07,2964,,,,,,,,,
9,,,,,,,,,,2964,0.05187838152050972,,,,,,,,
,,,,,,,,,1.9597359735973595e-07,2969,,,,,,,,,
9,,,,,,,,,,2969,0.10932906717061996,,,,,,,,
,,,,,,,,,1.963036303630363e-07,2974,,,,,,,,,
9,,,,,,,,,,2974,0.06872797757387161,,,,,,,,
,,,,,,,,,1.9663366336633662e-07,2979,,,,,,,,,
9,,,,,,,,,,2979,0.023342255502939224,,,,,,,,
,,,,,,,,,1.9696369636963694e-07,2984,,,,,,,,,
9,,,,,,,,,,2984,0.0663919448852539,,,,,,,,
,,,,,,,,,1.972937293729373e-07,2989,,,,,,,,,
9,,,,,,,,,,2989,0.09799205511808395,,,,,,,,
,,,,,,,,,1.9762376237623762e-07,2994,,,,,,,,,
9,,,,,,,,,,2994,0.12143726646900177,,,,,,,,
,,,,,,,,,1.9795379537953794e-07,2999,,,,,,,,,
9,,,,,,,,,,2999,0.09533284604549408,,,,,,,,
,,,,,,,,,1.982838283828383e-07,3004,,,,,,,,,
9,,,,,,,,,,3004,0.1089959442615509,,,,,,,,
,,,,,,,,,1.986138613861386e-07,3009,,,,,,,,,
9,,,,,,,,,,3009,0.08081364631652832,,,,,,,,
,,,,,,,,,1.9894389438943893e-07,3014,,,,,,,,,
9,,,,,,,,,,3014,0.034842390567064285,,,,,,,,
,,,,,,,,,1.9927392739273925e-07,3019,,,,,,,,,
9,,,,,,,,,,3019,0.12417597323656082,,,,,,,,
,,,,,,,,,1.996039603960396e-07,3024,,,,,,,,,
9,,,,,,,,,,3024,0.1390646994113922,,,,,,,,
,,,,,,,,,1.9993399339933993e-07,3029,,,,,,,,,
9,,,,,,,,,,3029,0.07447344809770584,,,,,,,,
9,,,,,,,,,,3029,,0.5625,0.7200000286102295,0.08341316133737564,0.08341316133737564,0.12096530944108963,0.5625,1.0,0.13228705525398254
,,,,,,,,,2.0026402640264025e-07,3034,,,,,,,,,
10,,,,,,,,,,3034,0.10967732965946198,,,,,,,,
,,,,,,,,,2.005940594059406e-07,3039,,,,,,,,,
10,,,,,,,,,,3039,0.10362408310174942,,,,,,,,
,,,,,,,,,2.0092409240924092e-07,3044,,,,,,,,,
10,,,,,,,,,,3044,0.1061403751373291,,,,,,,,
,,,,,,,,,2.0125412541254124e-07,3049,,,,,,,,,
10,,,,,,,,,,3049,0.09928008913993835,,,,,,,,
,,,,,,,,,2.015841584158416e-07,3054,,,,,,,,,
10,,,,,,,,,,3054,0.06363662332296371,,,,,,,,
,,,,,,,,,2.019141914191419e-07,3059,,,,,,,,,
10,,,,,,,,,,3059,0.04315682128071785,,,,,,,,
,,,,,,,,,2.0224422442244224e-07,3064,,,,,,,,,
10,,,,,,,,,,3064,0.10661675035953522,,,,,,,,
,,,,,,,,,2.0257425742574259e-07,3069,,,,,,,,,
10,,,,,,,,,,3069,0.1305236518383026,,,,,,,,
,,,,,,,,,2.0290429042904288e-07,3074,,,,,,,,,
10,,,,,,,,,,3074,0.07936406135559082,,,,,,,,
,,,,,,,,,2.0323432343234323e-07,3079,,,,,,,,,
10,,,,,,,,,,3079,0.1464684009552002,,,,,,,,
,,,,,,,,,2.0356435643564355e-07,3084,,,,,,,,,
10,,,,,,,,,,3084,0.07108856737613678,,,,,,,,
,,,,,,,,,2.0389438943894388e-07,3089,,,,,,,,,
10,,,,,,,,,,3089,0.10922861844301224,,,,,,,,
,,,,,,,,,2.0422442244224422e-07,3094,,,,,,,,,
10,,,,,,,,,,3094,0.10696636140346527,,,,,,,,
,,,,,,,,,2.0455445544554452e-07,3099,,,,,,,,,
10,,,,,,,,,,3099,0.10893122851848602,,,,,,,,
,,,,,,,,,2.0488448844884487e-07,3104,,,,,,,,,
10,,,,,,,,,,3104,0.09424232691526413,,,,,,,,
,,,,,,,,,2.0521452145214522e-07,3109,,,,,,,,,
10,,,,,,,,,,3109,0.07038416713476181,,,,,,,,
,,,,,,,,,2.0554455445544551e-07,3114,,,,,,,,,
10,,,,,,,,,,3114,0.0952024832367897,,,,,,,,
,,,,,,,,,2.0587458745874586e-07,3119,,,,,,,,,
10,,,,,,,,,,3119,0.09864071756601334,,,,,,,,
,,,,,,,,,2.062046204620462e-07,3124,,,,,,,,,
10,,,,,,,,,,3124,0.06575655937194824,,,,,,,,
,,,,,,,,,2.065346534653465e-07,3129,,,,,,,,,
10,,,,,,,,,,3129,0.07855318486690521,,,,,,,,
,,,,,,,,,2.0686468646864686e-07,3134,,,,,,,,,
10,,,,,,,,,,3134,0.16099217534065247,,,,,,,,
,,,,,,,,,2.0719471947194718e-07,3139,,,,,,,,,
10,,,,,,,,,,3139,0.08422234654426575,,,,,,,,
,,,,,,,,,2.075247524752475e-07,3144,,,,,,,,,
10,,,,,,,,,,3144,0.0753014013171196,,,,,,,,
,,,,,,,,,2.0785478547854785e-07,3149,,,,,,,,,
10,,,,,,,,,,3149,0.05795467272400856,,,,,,,,
,,,,,,,,,2.0818481848184817e-07,3154,,,,,,,,,
10,,,,,,,,,,3154,0.07226625084877014,,,,,,,,
,,,,,,,,,2.085148514851485e-07,3159,,,,,,,,,
10,,,,,,,,,,3159,0.0327884703874588,,,,,,,,
,,,,,,,,,2.0884488448844885e-07,3164,,,,,,,,,
10,,,,,,,,,,3164,0.040856312960386276,,,,,,,,
,,,,,,,,,2.0917491749174917e-07,3169,,,,,,,,,
10,,,,,,,,,,3169,0.1025100126862526,,,,,,,,
,,,,,,,,,2.095049504950495e-07,3174,,,,,,,,,
10,,,,,,,,,,3174,0.06754931062459946,,,,,,,,
,,,,,,,,,2.0983498349834984e-07,3179,,,,,,,,,
10,,,,,,,,,,3179,0.11001618206501007,,,,,,,,
,,,,,,,,,2.1016501650165016e-07,3184,,,,,,,,,
10,,,,,,,,,,3184,0.07612371444702148,,,,,,,,
,,,,,,,,,2.1049504950495048e-07,3189,,,,,,,,,
10,,,,,,,,,,3189,0.07581549137830734,,,,,,,,
,,,,,,,,,2.108250825082508e-07,3194,,,,,,,,,
10,,,,,,,,,,3194,0.056606803089380264,,,,,,,,
,,,,,,,,,2.1115511551155116e-07,3199,,,,,,,,,
10,,,,,,,,,,3199,0.07242906838655472,,,,,,,,
,,,,,,,,,2.1148514851485148e-07,3204,,,,,,,,,
10,,,,,,,,,,3204,0.06657808274030685,,,,,,,,
,,,,,,,,,2.118151815181518e-07,3209,,,,,,,,,
10,,,,,,,,,,3209,0.0599978044629097,,,,,,,,
,,,,,,,,,2.1214521452145215e-07,3214,,,,,,,,,
10,,,,,,,,,,3214,0.1131320521235466,,,,,,,,
,,,,,,,,,2.1247524752475247e-07,3219,,,,,,,,,
10,,,,,,,,,,3219,0.09468265622854233,,,,,,,,
,,,,,,,,,2.128052805280528e-07,3224,,,,,,,,,
10,,,,,,,,,,3224,0.06972796469926834,,,,,,,,
,,,,,,,,,2.1313531353135314e-07,3229,,,,,,,,,
10,,,,,,,,,,3229,0.0967998132109642,,,,,,,,
,,,,,,,,,2.1346534653465344e-07,3234,,,,,,,,,
10,,,,,,,,,,3234,0.05569232255220413,,,,,,,,
,,,,,,,,,2.137953795379538e-07,3239,,,,,,,,,
10,,,,,,,,,,3239,0.06925994902849197,,,,,,,,
,,,,,,,,,2.141254125412541e-07,3244,,,,,,,,,
10,,,,,,,,,,3244,0.059005334973335266,,,,,,,,
,,,,,,,,,2.1445544554455443e-07,3249,,,,,,,,,
10,,,,,,,,,,3249,0.09769630432128906,,,,,,,,
,,,,,,,,,2.1478547854785478e-07,3254,,,,,,,,,
10,,,,,,,,,,3254,0.03864205628633499,,,,,,,,
,,,,,,,,,2.151155115511551e-07,3259,,,,,,,,,
10,,,,,,,,,,3259,0.12194034457206726,,,,,,,,
,,,,,,,,,2.1544554455445543e-07,3264,,,,,,,,,
10,,,,,,,,,,3264,0.11176156252622604,,,,,,,,
,,,,,,,,,2.1577557755775578e-07,3269,,,,,,,,,
10,,,,,,,,,,3269,0.08929823338985443,,,,,,,,
,,,,,,,,,2.1610561056105607e-07,3274,,,,,,,,,
10,,,,,,,,,,3274,0.08831239491701126,,,,,,,,
,,,,,,,,,2.1643564356435642e-07,3279,,,,,,,,,
10,,,,,,,,,,3279,0.08265019208192825,,,,,,,,
,,,,,,,,,2.1676567656765677e-07,3284,,,,,,,,,
10,,,,,,,,,,3284,0.013838263228535652,,,,,,,,
,,,,,,,,,2.1709570957095707e-07,3289,,,,,,,,,
10,,,,,,,,,,3289,0.036506008356809616,,,,,,,,
,,,,,,,,,2.1742574257425742e-07,3294,,,,,,,,,
10,,,,,,,,,,3294,0.15681882202625275,,,,,,,,
,,,,,,,,,2.1775577557755777e-07,3299,,,,,,,,,
10,,,,,,,,,,3299,0.06835798174142838,,,,,,,,
,,,,,,,,,2.1808580858085806e-07,3304,,,,,,,,,
10,,,,,,,,,,3304,0.04215608164668083,,,,,,,,
,,,,,,,,,2.184158415841584e-07,3309,,,,,,,,,
10,,,,,,,,,,3309,0.056843239814043045,,,,,,,,
,,,,,,,,,2.1874587458745873e-07,3314,,,,,,,,,
10,,,,,,,,,,3314,0.10035929083824158,,,,,,,,
,,,,,,,,,2.1907590759075906e-07,3319,,,,,,,,,
10,,,,,,,,,,3319,0.07720852643251419,,,,,,,,
,,,,,,,,,2.194059405940594e-07,3324,,,,,,,,,
10,,,,,,,,,,3324,0.08194649964570999,,,,,,,,
,,,,,,,,,2.1973597359735973e-07,3329,,,,,,,,,
10,,,,,,,,,,3329,0.05763832479715347,,,,,,,,
10,,,,,,,,,,3332,,0.5625,0.7200000286102295,0.08341072499752045,0.08341072499752045,0.13730566203594208,0.5625,1.0,0.15214498341083527
,,,,,,,,,2.2006600660066005e-07,3334,,,,,,,,,
11,,,,,,,,,,3334,0.04339178279042244,,,,,,,,
,,,,,,,,,2.203960396039604e-07,3339,,,,,,,,,
11,,,,,,,,,,3339,0.10293716937303543,,,,,,,,
,,,,,,,,,2.2072607260726072e-07,3344,,,,,,,,,
11,,,,,,,,,,3344,0.06834841519594193,,,,,,,,
,,,,,,,,,2.2105610561056104e-07,3349,,,,,,,,,
11,,,,,,,,,,3349,0.10640047490596771,,,,,,,,
,,,,,,,,,2.2138613861386137e-07,3354,,,,,,,,,
11,,,,,,,,,,3354,0.14914271235466003,,,,,,,,
,,,,,,,,,2.2171617161716171e-07,3359,,,,,,,,,
11,,,,,,,,,,3359,0.054608073085546494,,,,,,,,
,,,,,,,,,2.2204620462046204e-07,3364,,,,,,,,,
11,,,,,,,,,,3364,0.08900410681962967,,,,,,,,
,,,,,,,,,2.2237623762376236e-07,3369,,,,,,,,,
11,,,,,,,,,,3369,0.07125002145767212,,,,,,,,
,,,,,,,,,2.227062706270627e-07,3374,,,,,,,,,
11,,,,,,,,,,3374,0.0710715726017952,,,,,,,,
,,,,,,,,,2.2303630363036303e-07,3379,,,,,,,,,
11,,,,,,,,,,3379,0.046692170202732086,,,,,,,,
,,,,,,,,,2.2336633663366335e-07,3384,,,,,,,,,
11,,,,,,,,,,3384,0.10879459232091904,,,,,,,,
,,,,,,,,,2.236963696369637e-07,3389,,,,,,,,,
11,,,,,,,,,,3389,0.08596238493919373,,,,,,,,
,,,,,,,,,2.24026402640264e-07,3394,,,,,,,,,
11,,,,,,,,,,3394,0.10068120062351227,,,,,,,,
,,,,,,,,,2.2435643564356435e-07,3399,,,,,,,,,
11,,,,,,,,,,3399,0.07630795240402222,,,,,,,,
,,,,,,,,,2.2468646864686467e-07,3404,,,,,,,,,
11,,,,,,,,,,3404,0.08869436383247375,,,,,,,,
,,,,,,,,,2.25016501650165e-07,3409,,,,,,,,,
11,,,,,,,,,,3409,0.0993746891617775,,,,,,,,
,,,,,,,,,2.2534653465346534e-07,3414,,,,,,,,,
11,,,,,,,,,,3414,0.09827594459056854,,,,,,,,
,,,,,,,,,2.2567656765676566e-07,3419,,,,,,,,,
11,,,,,,,,,,3419,0.0743698850274086,,,,,,,,
,,,,,,,,,2.2600660066006599e-07,3424,,,,,,,,,
11,,,,,,,,,,3424,0.09682489931583405,,,,,,,,
,,,,,,,,,2.2633663366336634e-07,3429,,,,,,,,,
11,,,,,,,,,,3429,0.11230692267417908,,,,,,,,
,,,,,,,,,2.2666666666666663e-07,3434,,,,,,,,,
11,,,,,,,,,,3434,0.10837738960981369,,,,,,,,
,,,,,,,,,2.2699669966996698e-07,3439,,,,,,,,,
11,,,,,,,,,,3439,0.07934162020683289,,,,,,,,
,,,,,,,,,2.2732673267326733e-07,3444,,,,,,,,,
11,,,,,,,,,,3444,0.06738197058439255,,,,,,,,
,,,,,,,,,2.2765676567656763e-07,3449,,,,,,,,,
11,,,,,,,,,,3449,0.10312919318675995,,,,,,,,
,,,,,,,,,2.2798679867986797e-07,3454,,,,,,,,,
11,,,,,,,,,,3454,0.14361143112182617,,,,,,,,
,,,,,,,,,2.2831683168316832e-07,3459,,,,,,,,,
11,,,,,,,,,,3459,0.0892719030380249,,,,,,,,
,,,,,,,,,2.2864686468646862e-07,3464,,,,,,,,,
11,,,,,,,,,,3464,0.05883074924349785,,,,,,,,
,,,,,,,,,2.2897689768976897e-07,3469,,,,,,,,,
11,,,,,,,,,,3469,0.08757971972227097,,,,,,,,
,,,,,,,,,2.2930693069306932e-07,3474,,,,,,,,,
11,,,,,,,,,,3474,0.0725780501961708,,,,,,,,
,,,,,,,,,2.2963696369636961e-07,3479,,,,,,,,,
11,,,,,,,,,,3479,0.06926613301038742,,,,,,,,
,,,,,,,,,2.2996699669966996e-07,3484,,,,,,,,,
11,,,,,,,,,,3484,0.1303449422121048,,,,,,,,
,,,,,,,,,2.3029702970297029e-07,3489,,,,,,,,,
11,,,,,,,,,,3489,0.04604598507285118,,,,,,,,
,,,,,,,,,2.306270627062706e-07,3494,,,,,,,,,
11,,,,,,,,,,3494,0.08084435015916824,,,,,,,,
,,,,,,,,,2.3095709570957096e-07,3499,,,,,,,,,
11,,,,,,,,,,3499,0.052829399704933167,,,,,,,,
,,,,,,,,,2.3128712871287128e-07,3504,,,,,,,,,
11,,,,,,,,,,3504,0.0991082489490509,,,,,,,,
,,,,,,,,,2.316171617161716e-07,3509,,,,,,,,,
11,,,,,,,,,,3509,0.10222682356834412,,,,,,,,
,,,,,,,,,2.3194719471947195e-07,3514,,,,,,,,,
11,,,,,,,,,,3514,0.042256250977516174,,,,,,,,
,,,,,,,,,2.3227722772277227e-07,3519,,,,,,,,,
11,,,,,,,,,,3519,0.0959906354546547,,,,,,,,
,,,,,,,,,2.326072607260726e-07,3524,,,,,,,,,
11,,,,,,,,,,3524,0.08648718148469925,,,,,,,,
,,,,,,,,,2.3293729372937292e-07,3529,,,,,,,,,
11,,,,,,,,,,3529,0.11117740720510483,,,,,,,,
,,,,,,,,,2.3326732673267327e-07,3534,,,,,,,,,
11,,,,,,,,,,3534,0.10789600014686584,,,,,,,,
,,,,,,,,,2.335973597359736e-07,3539,,,,,,,,,
11,,,,,,,,,,3539,0.07041464000940323,,,,,,,,
,,,,,,,,,2.339273927392739e-07,3544,,,,,,,,,
11,,,,,,,,,,3544,0.02343650721013546,,,,,,,,
,,,,,,,,,2.3425742574257426e-07,3549,,,,,,,,,
11,,,,,,,,,,3549,0.09792439639568329,,,,,,,,
,,,,,,,,,2.3458745874587458e-07,3554,,,,,,,,,
11,,,,,,,,,,3554,0.06351561844348907,,,,,,,,
,,,,,,,,,2.349174917491749e-07,3559,,,,,,,,,
11,,,,,,,,,,3559,0.07407587766647339,,,,,,,,
,,,,,,,,,2.3524752475247523e-07,3564,,,,,,,,,
11,,,,,,,,,,3564,0.04157591611146927,,,,,,,,
,,,,,,,,,2.3557755775577555e-07,3569,,,,,,,,,
11,,,,,,,,,,3569,0.07199200242757797,,,,,,,,
,,,,,,,,,2.359075907590759e-07,3574,,,,,,,,,
11,,,,,,,,,,3574,0.04379264637827873,,,,,,,,
,,,,,,,,,2.3623762376237622e-07,3579,,,,,,,,,
11,,,,,,,,,,3579,0.09824717789888382,,,,,,,,
,,,,,,,,,2.3656765676567655e-07,3584,,,,,,,,,
11,,,,,,,,,,3584,0.13279013335704803,,,,,,,,
,,,,,,,,,2.368976897689769e-07,3589,,,,,,,,,
11,,,,,,,,,,3589,0.11874784529209137,,,,,,,,
,,,,,,,,,2.3722772277227722e-07,3594,,,,,,,,,
11,,,,,,,,,,3594,0.07522007822990417,,,,,,,,
,,,,,,,,,2.3755775577557754e-07,3599,,,,,,,,,
11,,,,,,,,,,3599,0.08461690694093704,,,,,,,,
,,,,,,,,,2.378877887788779e-07,3604,,,,,,,,,
11,,,,,,,,,,3604,0.0825362578034401,,,,,,,,
,,,,,,,,,2.3821782178217818e-07,3609,,,,,,,,,
11,,,,,,,,,,3609,0.07380469143390656,,,,,,,,
,,,,,,,,,2.3854785478547856e-07,3614,,,,,,,,,
11,,,,,,,,,,3614,0.0851641297340393,,,,,,,,
,,,,,,,,,2.388778877887789e-07,3619,,,,,,,,,
11,,,,,,,,,,3619,0.03868074715137482,,,,,,,,
,,,,,,,,,2.392079207920792e-07,3624,,,,,,,,,
11,,,,,,,,,,3624,0.08298491686582565,,,,,,,,
,,,,,,,,,2.3953795379537953e-07,3629,,,,,,,,,
11,,,,,,,,,,3629,0.05380398780107498,,,,,,,,
,,,,,,,,,2.3986798679867985e-07,3634,,,,,,,,,
11,,,,,,,,,,3634,0.11134659498929977,,,,,,,,
11,,,,,,,,,,3635,,0.5625,0.7200000286102295,0.08340111374855042,0.08340111374855042,0.14717620611190796,0.5625,1.0,0.16530637443065643
,,,,,,,,,2.4019801980198017e-07,3639,,,,,,,,,
12,,,,,,,,,,3639,0.09116547554731369,,,,,,,,
,,,,,,,,,2.405280528052805e-07,3644,,,,,,,,,
12,,,,,,,,,,3644,0.14704835414886475,,,,,,,,
,,,,,,,,,2.4085808580858087e-07,3649,,,,,,,,,
12,,,,,,,,,,3649,0.019244011491537094,,,,,,,,
,,,,,,,,,2.411881188118812e-07,3654,,,,,,,,,
12,,,,,,,,,,3654,0.10661160945892334,,,,,,,,
,,,,,,,,,2.415181518151815e-07,3659,,,,,,,,,
12,,,,,,,,,,3659,0.027398282662034035,,,,,,,,
,,,,,,,,,2.4184818481848184e-07,3664,,,,,,,,,
12,,,,,,,,,,3664,0.07261747121810913,,,,,,,,
,,,,,,,,,2.4217821782178216e-07,3669,,,,,,,,,
12,,,,,,,,,,3669,0.0853206068277359,,,,,,,,
,,,,,,,,,2.425082508250825e-07,3674,,,,,,,,,
12,,,,,,,,,,3674,0.09748253226280212,,,,,,,,
,,,,,,,,,2.4283828382838286e-07,3679,,,,,,,,,
12,,,,,,,,,,3679,0.10429096966981888,,,,,,,,
,,,,,,,,,2.4316831683168313e-07,3684,,,,,,,,,
12,,,,,,,,,,3684,0.06685557216405869,,,,,,,,
,,,,,,,,,2.434983498349835e-07,3689,,,,,,,,,
12,,,,,,,,,,3689,0.06282185018062592,,,,,,,,
,,,,,,,,,2.438283828382838e-07,3694,,,,,,,,,
12,,,,,,,,,,3694,0.0672740712761879,,,,,,,,
,,,,,,,,,2.4415841584158415e-07,3699,,,,,,,,,
12,,,,,,,,,,3699,0.12373661994934082,,,,,,,,
,,,,,,,,,2.4448844884488447e-07,3704,,,,,,,,,
12,,,,,,,,,,3704,0.10612509399652481,,,,,,,,
,,,,,,,,,2.448184818481848e-07,3709,,,,,,,,,
12,,,,,,,,,,3709,0.06659536063671112,,,,,,,,
,,,,,,,,,2.451485148514851e-07,3714,,,,,,,,,
12,,,,,,,,,,3714,0.11238519847393036,,,,,,,,
,,,,,,,,,2.454785478547855e-07,3719,,,,,,,,,
12,,,,,,,,,,3719,0.06339568644762039,,,,,,,,
,,,,,,,,,2.4580858085808576e-07,3724,,,,,,,,,
12,,,,,,,,,,3724,0.030651459470391273,,,,,,,,
,,,,,,,,,2.4613861386138614e-07,3729,,,,,,,,,
12,,,,,,,,,,3729,0.11819198727607727,,,,,,,,
,,,,,,,,,2.4646864686468646e-07,3734,,,,,,,,,
12,,,,,,,,,,3734,0.1143716424703598,,,,,,,,
,,,,,,,,,2.467986798679868e-07,3739,,,,,,,,,
12,,,,,,,,,,3739,0.04974345490336418,,,,,,,,
,,,,,,,,,2.471287128712871e-07,3744,,,,,,,,,
12,,,,,,,,,,3744,0.055367227643728256,,,,,,,,
,,,,,,,,,2.474587458745875e-07,3749,,,,,,,,,
12,,,,,,,,,,3749,0.059895358979701996,,,,,,,,
,,,,,,,,,2.4778877887788775e-07,3754,,,,,,,,,
12,,,,,,,,,,3754,0.08400887995958328,,,,,,,,
,,,,,,,,,2.481188118811881e-07,3759,,,,,,,,,
12,,,,,,,,,,3759,0.048786915838718414,,,,,,,,
,,,,,,,,,2.4844884488448845e-07,3764,,,,,,,,,
12,,,,,,,,,,3764,0.07462458312511444,,,,,,,,
,,,,,,,,,2.4877887788778877e-07,3769,,,,,,,,,
12,,,,,,,,,,3769,0.0825430303812027,,,,,,,,
,,,,,,,,,2.491089108910891e-07,3774,,,,,,,,,
12,,,,,,,,,,3774,0.059228889644145966,,,,,,,,
,,,,,,,,,2.494389438943894e-07,3779,,,,,,,,,
12,,,,,,,,,,3779,0.07216435670852661,,,,,,,,
,,,,,,,,,2.4976897689768974e-07,3784,,,,,,,,,
12,,,,,,,,,,3784,0.08608586341142654,,,,,,,,
,,,,,,,,,2.500990099009901e-07,3789,,,,,,,,,
12,,,,,,,,,,3789,0.06174179166555405,,,,,,,,
,,,,,,,,,2.504290429042904e-07,3794,,,,,,,,,
12,,,,,,,,,,3794,0.08143350481987,,,,,,,,
,,,,,,,,,2.5075907590759076e-07,3799,,,,,,,,,
12,,,,,,,,,,3799,0.06862180680036545,,,,,,,,
,,,,,,,,,2.510891089108911e-07,3804,,,,,,,,,
12,,,,,,,,,,3804,0.1154426857829094,,,,,,,,
,,,,,,,,,2.514191419141914e-07,3809,,,,,,,,,
12,,,,,,,,,,3809,0.08385301381349564,,,,,,,,
,,,,,,,,,2.517491749174918e-07,3814,,,,,,,,,
12,,,,,,,,,,3814,0.1167135164141655,,,,,,,,
,,,,,,,,,2.5207920792079205e-07,3819,,,,,,,,,
12,,,,,,,,,,3819,0.13070407509803772,,,,,,,,
,,,,,,,,,2.5240924092409237e-07,3824,,,,,,,,,
12,,,,,,,,,,3824,0.0641486719250679,,,,,,,,
,,,,,,,,,2.5273927392739274e-07,3829,,,,,,,,,
12,,,,,,,,,,3829,0.08473697304725647,,,,,,,,
,,,,,,,,,2.5306930693069307e-07,3834,,,,,,,,,
12,,,,,,,,,,3834,0.12297958880662918,,,,,,,,
,,,,,,,,,2.533993399339934e-07,3839,,,,,,,,,
12,,,,,,,,,,3839,0.08272579312324524,,,,,,,,
,,,,,,,,,2.5372937293729377e-07,3844,,,,,,,,,
12,,,,,,,,,,3844,0.0552409291267395,,,,,,,,
,,,,,,,,,2.5405940594059403e-07,3849,,,,,,,,,
12,,,,,,,,,,3849,0.06066855788230896,,,,,,,,
,,,,,,,,,2.5438943894389436e-07,3854,,,,,,,,,
12,,,,,,,,,,3854,0.06836909800767899,,,,,,,,
,,,,,,,,,2.5471947194719473e-07,3859,,,,,,,,,
12,,,,,,,,,,3859,0.08028450608253479,,,,,,,,
,,,,,,,,,2.5504950495049506e-07,3864,,,,,,,,,
12,,,,,,,,,,3864,0.09335155785083771,,,,,,,,
,,,,,,,,,2.553795379537954e-07,3869,,,,,,,,,
12,,,,,,,,,,3869,0.04230395331978798,,,,,,,,
,,,,,,,,,2.557095709570957e-07,3874,,,,,,,,,
12,,,,,,,,,,3874,0.08242497593164444,,,,,,,,
,,,,,,,,,2.56039603960396e-07,3879,,,,,,,,,
12,,,,,,,,,,3879,0.14443053305149078,,,,,,,,
,,,,,,,,,2.5636963696369635e-07,3884,,,,,,,,,
12,,,,,,,,,,3884,0.05119450390338898,,,,,,,,
,,,,,,,,,2.566996699669967e-07,3889,,,,,,,,,
12,,,,,,,,,,3889,0.046948593109846115,,,,,,,,
,,,,,,,,,2.5702970297029704e-07,3894,,,,,,,,,
12,,,,,,,,,,3894,0.09930725395679474,,,,,,,,
,,,,,,,,,2.573597359735973e-07,3899,,,,,,,,,
12,,,,,,,,,,3899,0.09178273379802704,,,,,,,,
,,,,,,,,,2.576897689768977e-07,3904,,,,,,,,,
12,,,,,,,,,,3904,0.07378336787223816,,,,,,,,
,,,,,,,,,2.58019801980198e-07,3909,,,,,,,,,
12,,,,,,,,,,3909,0.11729265004396439,,,,,,,,
,,,,,,,,,2.5834983498349833e-07,3914,,,,,,,,,
12,,,,,,,,,,3914,0.08291985839605331,,,,,,,,
,,,,,,,,,2.586798679867987e-07,3919,,,,,,,,,
12,,,,,,,,,,3919,0.10110779851675034,,,,,,,,
,,,,,,,,,2.5900990099009903e-07,3924,,,,,,,,,
12,,,,,,,,,,3924,0.1085357591509819,,,,,,,,
,,,,,,,,,2.593399339933993e-07,3929,,,,,,,,,
12,,,,,,,,,,3929,0.07916495203971863,,,,,,,,
,,,,,,,,,2.596699669966997e-07,3934,,,,,,,,,
12,,,,,,,,,,3934,0.07668302953243256,,,,,,,,
12,,,,,,,,,,3938,,0.5625,0.7200000286102295,0.08330818265676498,0.08330818265676498,0.16681547462940216,0.5625,1.0,0.19222165644168854
,,,,,,,,,2.6e-07,3939,,,,,,,,,
13,,,,,,,,,,3939,0.08072879165410995,,,,,,,,
,,,,,,,,,2.603300330033003e-07,3944,,,,,,,,,
13,,,,,,,,,,3944,0.04260881990194321,,,,,,,,
,,,,,,,,,2.6066006600660064e-07,3949,,,,,,,,,
13,,,,,,,,,,3949,0.09108446538448334,,,,,,,,
,,,,,,,,,2.6099009900990097e-07,3954,,,,,,,,,
13,,,,,,,,,,3954,0.0653373971581459,,,,,,,,
,,,,,,,,,2.613201320132013e-07,3959,,,,,,,,,
13,,,,,,,,,,3959,0.07436821609735489,,,,,,,,
,,,,,,,,,2.616501650165016e-07,3964,,,,,,,,,
13,,,,,,,,,,3964,0.07188282907009125,,,,,,,,
,,,,,,,,,2.61980198019802e-07,3969,,,,,,,,,
13,,,,,,,,,,3969,0.11449078470468521,,,,,,,,
,,,,,,,,,2.623102310231023e-07,3974,,,,,,,,,
13,,,,,,,,,,3974,0.014467576518654823,,,,,,,,
,,,,,,,,,2.626402640264026e-07,3979,,,,,,,,,
13,,,,,,,,,,3979,0.13269563019275665,,,,,,,,
,,,,,,,,,2.6297029702970295e-07,3984,,,,,,,,,
13,,,,,,,,,,3984,0.10710377991199493,,,,,,,,
,,,,,,,,,2.633003300330033e-07,3989,,,,,,,,,
13,,,,,,,,,,3989,0.05041547119617462,,,,,,,,
,,,,,,,,,2.636303630363036e-07,3994,,,,,,,,,
13,,,,,,,,,,3994,0.043287668377161026,,,,,,,,
,,,,,,,,,2.63960396039604e-07,3999,,,,,,,,,
13,,,,,,,,,,3999,0.08404947072267532,,,,,,,,
,,,,,,,,,2.642904290429043e-07,4004,,,,,,,,,
13,,,,,,,,,,4004,0.06382331997156143,,,,,,,,
,,,,,,,,,2.6462046204620457e-07,4009,,,,,,,,,
13,,,,,,,,,,4009,0.08953890949487686,,,,,,,,
,,,,,,,,,2.6495049504950494e-07,4014,,,,,,,,,
13,,,,,,,,,,4014,0.07549598067998886,,,,,,,,
,,,,,,,,,2.6528052805280526e-07,4019,,,,,,,,,
13,,,,,,,,,,4019,0.091656893491745,,,,,,,,
,,,,,,,,,2.656105610561056e-07,4024,,,,,,,,,
13,,,,,,,,,,4024,0.0422183983027935,,,,,,,,
,,,,,,,,,2.6594059405940596e-07,4029,,,,,,,,,
13,,,,,,,,,,4029,0.06592894345521927,,,,,,,,
,,,,,,,,,2.6627062706270623e-07,4034,,,,,,,,,
13,,,,,,,,,,4034,0.08553534746170044,,,,,,,,
,,,,,,,,,2.6660066006600655e-07,4039,,,,,,,,,
13,,,,,,,,,,4039,0.038694825023412704,,,,,,,,
,,,,,,,,,2.6693069306930693e-07,4044,,,,,,,,,
13,,,,,,,,,,4044,0.03422960638999939,,,,,,,,
,,,,,,,,,2.6726072607260725e-07,4049,,,,,,,,,
13,,,,,,,,,,4049,0.12434490770101547,,,,,,,,
,,,,,,,,,2.675907590759076e-07,4054,,,,,,,,,
13,,,,,,,,,,4054,0.06361662596464157,,,,,,,,
,,,,,,,,,2.6792079207920795e-07,4059,,,,,,,,,
13,,,,,,,,,,4059,0.058230601251125336,,,,,,,,
,,,,,,,,,2.682508250825082e-07,4064,,,,,,,,,
13,,,,,,,,,,4064,0.07527796179056168,,,,,,,,
,,,,,,,,,2.6858085808580854e-07,4069,,,,,,,,,
13,,,,,,,,,,4069,0.11655181646347046,,,,,,,,
,,,,,,,,,2.689108910891089e-07,4074,,,,,,,,,
13,,,,,,,,,,4074,0.06449510157108307,,,,,,,,
,,,,,,,,,2.6924092409240924e-07,4079,,,,,,,,,
13,,,,,,,,,,4079,0.07459475845098495,,,,,,,,
,,,,,,,,,2.6957095709570956e-07,4084,,,,,,,,,
13,,,,,,,,,,4084,0.05383867770433426,,,,,,,,
,,,,,,,,,2.699009900990099e-07,4089,,,,,,,,,
13,,,,,,,,,,4089,0.05162368342280388,,,,,,,,
,,,,,,,,,2.702310231023102e-07,4094,,,,,,,,,
13,,,,,,,,,,4094,0.08647079020738602,,,,,,,,
,,,,,,,,,2.7056105610561053e-07,4099,,,,,,,,,
13,,,,,,,,,,4099,0.10118966549634933,,,,,,,,
,,,,,,,,,2.708910891089109e-07,4104,,,,,,,,,
13,,,,,,,,,,4104,0.11323018372058868,,,,,,,,
,,,,,,,,,2.7122112211221123e-07,4109,,,,,,,,,
13,,,,,,,,,,4109,0.08353216201066971,,,,,,,,
,,,,,,,,,2.715511551155115e-07,4114,,,,,,,,,
13,,,,,,,,,,4114,0.08785627037286758,,,,,,,,
,,,,,,,,,2.718811881188119e-07,4119,,,,,,,,,
13,,,,,,,,,,4119,0.06070573255419731,,,,,,,,
,,,,,,,,,2.722112211221122e-07,4124,,,,,,,,,
13,,,,,,,,,,4124,0.05126478150486946,,,,,,,,
,,,,,,,,,2.725412541254125e-07,4129,,,,,,,,,
13,,,,,,,,,,4129,0.052547842264175415,,,,,,,,
,,,,,,,,,2.728712871287129e-07,4134,,,,,,,,,
13,,,,,,,,,,4134,0.05298101529479027,,,,,,,,
,,,,,,,,,2.732013201320132e-07,4139,,,,,,,,,
13,,,,,,,,,,4139,0.06674353033304214,,,,,,,,
,,,,,,,,,2.735313531353135e-07,4144,,,,,,,,,
13,,,,,,,,,,4144,0.1690119206905365,,,,,,,,
,,,,,,,,,2.7386138613861386e-07,4149,,,,,,,,,
13,,,,,,,,,,4149,0.09854614734649658,,,,,,,,
,,,,,,,,,2.741914191419142e-07,4154,,,,,,,,,
13,,,,,,,,,,4154,0.08499625325202942,,,,,,,,
,,,,,,,,,2.745214521452145e-07,4159,,,,,,,,,
13,,,,,,,,,,4159,0.10413546860218048,,,,,,,,
,,,,,,,,,2.748514851485149e-07,4164,,,,,,,,,
13,,,,,,,,,,4164,0.10863453894853592,,,,,,,,
,,,,,,,,,2.7518151815181515e-07,4169,,,,,,,,,
13,,,,,,,,,,4169,0.10419602692127228,,,,,,,,
,,,,,,,,,2.755115511551155e-07,4174,,,,,,,,,
13,,,,,,,,,,4174,0.0869305357336998,,,,,,,,
,,,,,,,,,2.7584158415841585e-07,4179,,,,,,,,,
13,,,,,,,,,,4179,0.08381737023591995,,,,,,,,
,,,,,,,,,2.7617161716171617e-07,4184,,,,,,,,,
13,,,,,,,,,,4184,0.06961072236299515,,,,,,,,
,,,,,,,,,2.765016501650165e-07,4189,,,,,,,,,
13,,,,,,,,,,4189,0.025995811447501183,,,,,,,,
,,,,,,,,,2.768316831683168e-07,4194,,,,,,,,,
13,,,,,,,,,,4194,0.06031213700771332,,,,,,,,
,,,,,,,,,2.7716171617161714e-07,4199,,,,,,,,,
13,,,,,,,,,,4199,0.08976555615663528,,,,,,,,
,,,,,,,,,2.7749174917491746e-07,4204,,,,,,,,,
13,,,,,,,,,,4204,0.12751305103302002,,,,,,,,
,,,,,,,,,2.7782178217821784e-07,4209,,,,,,,,,
13,,,,,,,,,,4209,0.08819910138845444,,,,,,,,
,,,,,,,,,2.7815181518151816e-07,4214,,,,,,,,,
13,,,,,,,,,,4214,0.07755190879106522,,,,,,,,
,,,,,,,,,2.784818481848185e-07,4219,,,,,,,,,
13,,,,,,,,,,4219,0.10252740979194641,,,,,,,,
,,,,,,,,,2.788118811881188e-07,4224,,,,,,,,,
13,,,,,,,,,,4224,0.059403762221336365,,,,,,,,
,,,,,,,,,2.7914191419141913e-07,4229,,,,,,,,,
13,,,,,,,,,,4229,0.07139027118682861,,,,,,,,
,,,,,,,,,2.7947194719471945e-07,4234,,,,,,,,,
13,,,,,,,,,,4234,0.05517495796084404,,,,,,,,
,,,,,,,,,2.798019801980198e-07,4239,,,,,,,,,
13,,,,,,,,,,4239,0.03344126045703888,,,,,,,,
13,,,,,,,,,,4241,,0.5625,0.7200000286102295,0.08328133076429367,0.08328133076429367,0.1686508059501648,0.5625,1.0,0.1980646550655365
,,,,,,,,,2.8013201320132015e-07,4244,,,,,,,,,
14,,,,,,,,,,4244,0.11479845643043518,,,,,,,,
,,,,,,,,,2.804620462046204e-07,4249,,,,,,,,,
14,,,,,,,,,,4249,0.029074765741825104,,,,,,,,
,,,,,,,,,2.807920792079208e-07,4254,,,,,,,,,
14,,,,,,,,,,4254,0.06741844862699509,,,,,,,,
,,,,,,,,,2.811221122112211e-07,4259,,,,,,,,,
14,,,,,,,,,,4259,0.04636349529027939,,,,,,,,
,,,,,,,,,2.8145214521452144e-07,4264,,,,,,,,,
14,,,,,,,,,,4264,0.055473361164331436,,,,,,,,
,,,,,,,,,2.8178217821782176e-07,4269,,,,,,,,,
14,,,,,,,,,,4269,0.044882893562316895,,,,,,,,
,,,,,,,,,2.821122112211221e-07,4274,,,,,,,,,
14,,,,,,,,,,4274,0.06452730298042297,,,,,,,,
,,,,,,,,,2.824422442244224e-07,4279,,,,,,,,,
14,,,,,,,,,,4279,0.08426886051893234,,,,,,,,
,,,,,,,,,2.8277227722772273e-07,4284,,,,,,,,,
14,,,,,,,,,,4284,0.08684135973453522,,,,,,,,
,,,,,,,,,2.831023102310231e-07,4289,,,,,,,,,
14,,,,,,,,,,4289,0.05756169930100441,,,,,,,,
,,,,,,,,,2.834323432343234e-07,4294,,,,,,,,,
14,,,,,,,,,,4294,0.08883572369813919,,,,,,,,
,,,,,,,,,2.8376237623762375e-07,4299,,,,,,,,,
14,,,,,,,,,,4299,0.04391002655029297,,,,,,,,
,,,,,,,,,2.8409240924092407e-07,4304,,,,,,,,,
14,,,,,,,,,,4304,0.09808491170406342,,,,,,,,
,,,,,,,,,2.844224422442244e-07,4309,,,,,,,,,
14,,,,,,,,,,4309,0.051332518458366394,,,,,,,,
,,,,,,,,,2.847524752475247e-07,4314,,,,,,,,,
14,,,,,,,,,,4314,0.09881759434938431,,,,,,,,
,,,,,,,,,2.850825082508251e-07,4319,,,,,,,,,
14,,,,,,,,,,4319,0.12486229836940765,,,,,,,,
,,,,,,,,,2.854125412541254e-07,4324,,,,,,,,,
14,,,,,,,,,,4324,0.0866798609495163,,,,,,,,
,,,,,,,,,2.857425742574257e-07,4329,,,,,,,,,
14,,,,,,,,,,4329,0.07784274220466614,,,,,,,,
,,,,,,,,,2.8607260726072606e-07,4334,,,,,,,,,
14,,,,,,,,,,4334,0.035628173500299454,,,,,,,,
,,,,,,,,,2.864026402640264e-07,4339,,,,,,,,,
14,,,,,,,,,,4339,0.08718092739582062,,,,,,,,
,,,,,,,,,2.867326732673267e-07,4344,,,,,,,,,
14,,,,,,,,,,4344,0.09610935300588608,,,,,,,,
,,,,,,,,,2.870627062706271e-07,4349,,,,,,,,,
14,,,,,,,,,,4349,0.06651780009269714,,,,,,,,
,,,,,,,,,2.873927392739274e-07,4354,,,,,,,,,
14,,,,,,,,,,4354,0.06524144113063812,,,,,,,,
,,,,,,,,,2.8772277227722767e-07,4359,,,,,,,,,
14,,,,,,,,,,4359,0.030541252344846725,,,,,,,,
,,,,,,,,,2.8805280528052805e-07,4364,,,,,,,,,
14,,,,,,,,,,4364,0.11292572319507599,,,,,,,,
,,,,,,,,,2.8838283828382837e-07,4369,,,,,,,,,
14,,,,,,,,,,4369,0.11871979385614395,,,,,,,,
,,,,,,,,,2.887128712871287e-07,4374,,,,,,,,,
14,,,,,,,,,,4374,0.0928485319018364,,,,,,,,
,,,,,,,,,2.8904290429042907e-07,4379,,,,,,,,,
14,,,,,,,,,,4379,0.06743034720420837,,,,,,,,
,,,,,,,,,2.8937293729372934e-07,4384,,,,,,,,,
14,,,,,,,,,,4384,0.1120196208357811,,,,,,,,
,,,,,,,,,2.8970297029702966e-07,4389,,,,,,,,,
14,,,,,,,,,,4389,0.13037268817424774,,,,,,,,
,,,,,,,,,2.9003300330033004e-07,4394,,,,,,,,,
14,,,,,,,,,,4394,0.10583056509494781,,,,,,,,
,,,,,,,,,2.9036303630363036e-07,4399,,,,,,,,,
14,,,,,,,,,,4399,0.04144865646958351,,,,,,,,
,,,,,,,,,2.906930693069307e-07,4404,,,,,,,,,
14,,,,,,,,,,4404,0.05446438863873482,,,,,,,,
,,,,,,,,,2.91023102310231e-07,4409,,,,,,,,,
14,,,,,,,,,,4409,0.0494881272315979,,,,,,,,
,,,,,,,,,2.913531353135313e-07,4414,,,,,,,,,
14,,,,,,,,,,4414,0.0456501841545105,,,,,,,,
,,,,,,,,,2.9168316831683165e-07,4419,,,,,,,,,
14,,,,,,,,,,4419,0.06979624181985855,,,,,,,,
,,,,,,,,,2.92013201320132e-07,4424,,,,,,,,,
14,,,,,,,,,,4424,0.06683909147977829,,,,,,,,
,,,,,,,,,2.9234323432343235e-07,4429,,,,,,,,,
14,,,,,,,,,,4429,0.0837271511554718,,,,,,,,
,,,,,,,,,2.9267326732673267e-07,4434,,,,,,,,,
14,,,,,,,,,,4434,0.07464490085840225,,,,,,,,
,,,,,,,,,2.93003300330033e-07,4439,,,,,,,,,
14,,,,,,,,,,4439,0.07744791358709335,,,,,,,,
,,,,,,,,,2.933333333333333e-07,4444,,,,,,,,,
14,,,,,,,,,,4444,0.056085940450429916,,,,,,,,
,,,,,,,,,2.9366336633663364e-07,4449,,,,,,,,,
14,,,,,,,,,,4449,0.061136797070503235,,,,,,,,
,,,,,,,,,2.93993399339934e-07,4454,,,,,,,,,
14,,,,,,,,,,4454,0.04418541118502617,,,,,,,,
,,,,,,,,,2.9432343234323433e-07,4459,,,,,,,,,
14,,,,,,,,,,4459,0.09572141617536545,,,,,,,,
,,,,,,,,,2.946534653465346e-07,4464,,,,,,,,,
14,,,,,,,,,,4464,0.09562262147665024,,,,,,,,
,,,,,,,,,2.94983498349835e-07,4469,,,,,,,,,
14,,,,,,,,,,4469,0.04310682415962219,,,,,,,,
,,,,,,,,,2.953135313531353e-07,4474,,,,,,,,,
14,,,,,,,,,,4474,0.036463264375925064,,,,,,,,
,,,,,,,,,2.956435643564356e-07,4479,,,,,,,,,
14,,,,,,,,,,4479,0.013921456411480904,,,,,,,,
,,,,,,,,,2.95973597359736e-07,4484,,,,,,,,,
14,,,,,,,,,,4484,0.05110030248761177,,,,,,,,
,,,,,,,,,2.9630363036303627e-07,4489,,,,,,,,,
14,,,,,,,,,,4489,0.06076453626155853,,,,,,,,
,,,,,,,,,2.966336633663366e-07,4494,,,,,,,,,
14,,,,,,,,,,4494,0.03910572826862335,,,,,,,,
,,,,,,,,,2.9696369636963697e-07,4499,,,,,,,,,
14,,,,,,,,,,4499,0.0931391716003418,,,,,,,,
,,,,,,,,,2.972937293729373e-07,4504,,,,,,,,,
14,,,,,,,,,,4504,0.09700164943933487,,,,,,,,
,,,,,,,,,2.976237623762376e-07,4509,,,,,,,,,
14,,,,,,,,,,4509,0.065569207072258,,,,,,,,
,,,,,,,,,2.97953795379538e-07,4514,,,,,,,,,
14,,,,,,,,,,4514,0.08069785684347153,,,,,,,,
,,,,,,,,,2.9828382838283826e-07,4519,,,,,,,,,
14,,,,,,,,,,4519,0.09137419611215591,,,,,,,,
,,,,,,,,,2.986138613861386e-07,4524,,,,,,,,,
14,,,,,,,,,,4524,0.09868362545967102,,,,,,,,
,,,,,,,,,2.9894389438943895e-07,4529,,,,,,,,,
14,,,,,,,,,,4529,0.10817130655050278,,,,,,,,
,,,,,,,,,2.992739273927393e-07,4534,,,,,,,,,
14,,,,,,,,,,4534,0.06177531182765961,,,,,,,,
,,,,,,,,,2.996039603960396e-07,4539,,,,,,,,,
14,,,,,,,,,,4539,0.04640868306159973,,,,,,,,
,,,,,,,,,2.999339933993399e-07,4544,,,,,,,,,
14,,,,,,,,,,4544,0.09946250170469284,,,,,,,,
14,,,,,,,,,,4544,,0.5625,0.7200000286102295,0.08309631049633026,0.08309631049633026,0.17831826210021973,0.5625,1.0,0.20767390727996826
,,,,,,,,,3.0026402640264024e-07,4549,,,,,,,,,
15,,,,,,,,,,4549,0.06228426843881607,,,,,,,,
,,,,,,,,,3.0059405940594057e-07,4554,,,,,,,,,
15,,,,,,,,,,4554,0.051754340529441833,,,,,,,,
,,,,,,,,,3.0092409240924094e-07,4559,,,,,,,,,
15,,,,,,,,,,4559,0.06727411597967148,,,,,,,,
,,,,,,,,,3.0125412541254126e-07,4564,,,,,,,,,
15,,,,,,,,,,4564,0.06266520917415619,,,,,,,,
,,,,,,,,,3.0158415841584153e-07,4569,,,,,,,,,
15,,,,,,,,,,4569,0.0714852511882782,,,,,,,,
,,,,,,,,,3.019141914191419e-07,4574,,,,,,,,,
15,,,,,,,,,,4574,0.05456182733178139,,,,,,,,
,,,,,,,,,3.0224422442244223e-07,4579,,,,,,,,,
15,,,,,,,,,,4579,0.10966841131448746,,,,,,,,
,,,,,,,,,3.0257425742574255e-07,4584,,,,,,,,,
15,,,,,,,,,,4584,0.057572271674871445,,,,,,,,
,,,,,,,,,3.029042904290429e-07,4589,,,,,,,,,
15,,,,,,,,,,4589,0.09030353277921677,,,,,,,,
,,,,,,,,,3.0323432343234325e-07,4594,,,,,,,,,
15,,,,,,,,,,4594,0.06054715812206268,,,,,,,,
,,,,,,,,,3.035643564356435e-07,4599,,,,,,,,,
15,,,,,,,,,,4599,0.051536139100790024,,,,,,,,
,,,,,,,,,3.0389438943894384e-07,4604,,,,,,,,,
15,,,,,,,,,,4604,0.03704151511192322,,,,,,,,
,,,,,,,,,3.042244224422442e-07,4609,,,,,,,,,
15,,,,,,,,,,4609,0.09651041775941849,,,,,,,,
,,,,,,,,,3.0455445544554454e-07,4614,,,,,,,,,
15,,,,,,,,,,4614,0.055264100432395935,,,,,,,,
,,,,,,,,,3.0488448844884487e-07,4619,,,,,,,,,
15,,,,,,,,,,4619,0.07396070659160614,,,,,,,,
,,,,,,,,,3.052145214521452e-07,4624,,,,,,,,,
15,,,,,,,,,,4624,0.13352487981319427,,,,,,,,
,,,,,,,,,3.055445544554455e-07,4629,,,,,,,,,
15,,,,,,,,,,4629,0.04013838991522789,,,,,,,,
,,,,,,,,,3.0587458745874583e-07,4634,,,,,,,,,
15,,,,,,,,,,4634,0.0491764061152935,,,,,,,,
,,,,,,,,,3.062046204620462e-07,4639,,,,,,,,,
15,,,,,,,,,,4639,0.10884752124547958,,,,,,,,
,,,,,,,,,3.0653465346534653e-07,4644,,,,,,,,,
15,,,,,,,,,,4644,0.07462911307811737,,,,,,,,
,,,,,,,,,3.0686468646864685e-07,4649,,,,,,,,,
15,,,,,,,,,,4649,0.07639618217945099,,,,,,,,
,,,,,,,,,3.071947194719472e-07,4654,,,,,,,,,
15,,,,,,,,,,4654,0.0736827403306961,,,,,,,,
,,,,,,,,,3.075247524752475e-07,4659,,,,,,,,,
15,,,,,,,,,,4659,0.04885149747133255,,,,,,,,
,,,,,,,,,3.078547854785478e-07,4664,,,,,,,,,
15,,,,,,,,,,4664,0.054269254207611084,,,,,,,,
,,,,,,,,,3.081848184818482e-07,4669,,,,,,,,,
15,,,,,,,,,,4669,0.08764573931694031,,,,,,,,
,,,,,,,,,3.085148514851485e-07,4674,,,,,,,,,
15,,,,,,,,,,4674,0.07014381140470505,,,,,,,,
,,,,,,,,,3.088448844884488e-07,4679,,,,,,,,,
15,,,,,,,,,,4679,0.08330263942480087,,,,,,,,
,,,,,,,,,3.0917491749174916e-07,4684,,,,,,,,,
15,,,,,,,,,,4684,0.09668795019388199,,,,,,,,
,,,,,,,,,3.095049504950495e-07,4689,,,,,,,,,
15,,,,,,,,,,4689,0.06737414002418518,,,,,,,,
,,,,,,,,,3.098349834983498e-07,4694,,,,,,,,,
15,,,,,,,,,,4694,0.07776788622140884,,,,,,,,
,,,,,,,,,3.101650165016502e-07,4699,,,,,,,,,
15,,,,,,,,,,4699,0.0991649404168129,,,,,,,,
,,,,,,,,,3.1049504950495045e-07,4704,,,,,,,,,
15,,,,,,,,,,4704,0.057861823588609695,,,,,,,,
,,,,,,,,,3.108250825082508e-07,4709,,,,,,,,,
15,,,,,,,,,,4709,0.06026124954223633,,,,,,,,
,,,,,,,,,3.1115511551155115e-07,4714,,,,,,,,,
15,,,,,,,,,,4714,0.10857439786195755,,,,,,,,
,,,,,,,,,3.114851485148515e-07,4719,,,,,,,,,
15,,,,,,,,,,4719,0.07493336498737335,,,,,,,,
,,,,,,,,,3.118151815181518e-07,4724,,,,,,,,,
15,,,,,,,,,,4724,0.07734547555446625,,,,,,,,
,,,,,,,,,3.1214521452145217e-07,4729,,,,,,,,,
15,,,,,,,,,,4729,0.10701791942119598,,,,,,,,
,,,,,,,,,3.1247524752475244e-07,4734,,,,,,,,,
15,,,,,,,,,,4734,0.08515726029872894,,,,,,,,
,,,,,,,,,3.1280528052805276e-07,4739,,,,,,,,,
15,,,,,,,,,,4739,0.0753638818860054,,,,,,,,
,,,,,,,,,3.1313531353135314e-07,4744,,,,,,,,,
15,,,,,,,,,,4744,0.09995469450950623,,,,,,,,
,,,,,,,,,3.1346534653465346e-07,4749,,,,,,,,,
15,,,,,,,,,,4749,0.06955312937498093,,,,,,,,
,,,,,,,,,3.137953795379538e-07,4754,,,,,,,,,
15,,,,,,,,,,4754,0.05166565254330635,,,,,,,,
,,,,,,,,,3.141254125412541e-07,4759,,,,,,,,,
15,,,,,,,,,,4759,0.14671379327774048,,,,,,,,
,,,,,,,,,3.1445544554455443e-07,4764,,,,,,,,,
15,,,,,,,,,,4764,0.03447701409459114,,,,,,,,
,,,,,,,,,3.1478547854785475e-07,4769,,,,,,,,,
15,,,,,,,,,,4769,0.09086401015520096,,,,,,,,
,,,,,,,,,3.1511551155115513e-07,4774,,,,,,,,,
15,,,,,,,,,,4774,0.0815497562289238,,,,,,,,
,,,,,,,,,3.1544554455445545e-07,4779,,,,,,,,,
15,,,,,,,,,,4779,0.04638586938381195,,,,,,,,
,,,,,,,,,3.157755775577557e-07,4784,,,,,,,,,
15,,,,,,,,,,4784,0.04999302327632904,,,,,,,,
,,,,,,,,,3.161056105610561e-07,4789,,,,,,,,,
15,,,,,,,,,,4789,0.05420945957303047,,,,,,,,
,,,,,,,,,3.164356435643564e-07,4794,,,,,,,,,
15,,,,,,,,,,4794,0.06891436874866486,,,,,,,,
,,,,,,,,,3.1676567656765674e-07,4799,,,,,,,,,
15,,,,,,,,,,4799,0.0758768618106842,,,,,,,,
,,,,,,,,,3.170957095709571e-07,4804,,,,,,,,,
15,,,,,,,,,,4804,0.05454820767045021,,,,,,,,
,,,,,,,,,3.1742574257425744e-07,4809,,,,,,,,,
15,,,,,,,,,,4809,0.0571759007871151,,,,,,,,
,,,,,,,,,3.177557755775577e-07,4814,,,,,,,,,
15,,,,,,,,,,4814,0.025016965344548225,,,,,,,,
,,,,,,,,,3.180858085808581e-07,4819,,,,,,,,,
15,,,,,,,,,,4819,0.08483802527189255,,,,,,,,
,,,,,,,,,3.184158415841584e-07,4824,,,,,,,,,
15,,,,,,,,,,4824,0.05318553000688553,,,,,,,,
,,,,,,,,,3.1874587458745873e-07,4829,,,,,,,,,
15,,,,,,,,,,4829,0.058358509093523026,,,,,,,,
,,,,,,,,,3.190759075907591e-07,4834,,,,,,,,,
15,,,,,,,,,,4834,0.05393306910991669,,,,,,,,
,,,,,,,,,3.1940594059405937e-07,4839,,,,,,,,,
15,,,,,,,,,,4839,0.037861816585063934,,,,,,,,
,,,,,,,,,3.197359735973597e-07,4844,,,,,,,,,
15,,,,,,,,,,4844,0.07333193719387054,,,,,,,,
15,,,,,,,,,,4847,,0.5625,0.7200000286102295,0.08278568834066391,0.08278568834066391,0.20338113605976105,0.5625,1.0,0.2229384034872055
,,,,,,,,,3.2006600660066007e-07,4849,,,,,,,,,
16,,,,,,,,,,4849,0.06405125558376312,,,,,,,,
,,,,,,,,,3.203960396039604e-07,4854,,,,,,,,,
16,,,,,,,,,,4854,0.07520519942045212,,,,,,,,
,,,,,,,,,3.207260726072607e-07,4859,,,,,,,,,
16,,,,,,,,,,4859,0.06833767145872116,,,,,,,,
,,,,,,,,,3.210561056105611e-07,4864,,,,,,,,,
16,,,,,,,,,,4864,0.07824990898370743,,,,,,,,
,,,,,,,,,3.2138613861386136e-07,4869,,,,,,,,,
16,,,,,,,,,,4869,0.0834750235080719,,,,,,,,
,,,,,,,,,3.217161716171617e-07,4874,,,,,,,,,
16,,,,,,,,,,4874,0.05204576253890991,,,,,,,,
,,,,,,,,,3.2204620462046206e-07,4879,,,,,,,,,
16,,,,,,,,,,4879,0.05691780149936676,,,,,,,,
,,,,,,,,,3.223762376237624e-07,4884,,,,,,,,,
16,,,,,,,,,,4884,0.04173117130994797,,,,,,,,
,,,,,,,,,3.227062706270627e-07,4889,,,,,,,,,
16,,,,,,,,,,4889,0.11007677763700485,,,,,,,,
,,,,,,,,,3.23036303630363e-07,4894,,,,,,,,,
16,,,,,,,,,,4894,0.07389594614505768,,,,,,,,
,,,,,,,,,3.2336633663366335e-07,4899,,,,,,,,,
16,,,,,,,,,,4899,0.07034476101398468,,,,,,,,
,,,,,,,,,3.2369636963696367e-07,4904,,,,,,,,,
16,,,,,,,,,,4904,0.09690633416175842,,,,,,,,
,,,,,,,,,3.24026402640264e-07,4909,,,,,,,,,
16,,,,,,,,,,4909,0.06975750625133514,,,,,,,,
,,,,,,,,,3.2435643564356437e-07,4914,,,,,,,,,
16,,,,,,,,,,4914,0.1289403885602951,,,,,,,,
,,,,,,,,,3.2468646864686464e-07,4919,,,,,,,,,
16,,,,,,,,,,4919,0.07825825363397598,,,,,,,,
,,,,,,,,,3.2501650165016496e-07,4924,,,,,,,,,
16,,,,,,,,,,4924,0.1079741045832634,,,,,,,,
,,,,,,,,,3.2534653465346534e-07,4929,,,,,,,,,
16,,,,,,,,,,4929,0.08363297581672668,,,,,,,,
,,,,,,,,,3.2567656765676566e-07,4934,,,,,,,,,
16,,,,,,,,,,4934,0.031050335615873337,,,,,,,,
,,,,,,,,,3.26006600660066e-07,4939,,,,,,,,,
16,,,,,,,,,,4939,0.07635699957609177,,,,,,,,
,,,,,,,,,3.2633663366336636e-07,4944,,,,,,,,,
16,,,,,,,,,,4944,0.041940707713365555,,,,,,,,
,,,,,,,,,3.2666666666666663e-07,4949,,,,,,,,,
16,,,,,,,,,,4949,0.03914601728320122,,,,,,,,
,,,,,,,,,3.2699669966996695e-07,4954,,,,,,,,,
16,,,,,,,,,,4954,0.07427144795656204,,,,,,,,
,,,,,,,,,3.273267326732673e-07,4959,,,,,,,,,
16,,,,,,,,,,4959,0.044391896575689316,,,,,,,,
,,,,,,,,,3.2765676567656765e-07,4964,,,,,,,,,
16,,,,,,,,,,4964,0.09913820028305054,,,,,,,,
,,,,,,,,,3.2798679867986797e-07,4969,,,,,,,,,
16,,,,,,,,,,4969,0.05242786183953285,,,,,,,,
,,,,,,,,,3.283168316831683e-07,4974,,,,,,,,,
16,,,,,,,,,,4974,0.11546933650970459,,,,,,,,
,,,,,,,,,3.286468646864686e-07,4979,,,,,,,,,
16,,,,,,,,,,4979,0.05575189366936684,,,,,,,,
,,,,,,,,,3.2897689768976894e-07,4984,,,,,,,,,
16,,,,,,,,,,4984,0.10405800491571426,,,,,,,,
,,,,,,,,,3.293069306930693e-07,4989,,,,,,,,,
16,,,,,,,,,,4989,0.05505457520484924,,,,,,,,
,,,,,,,,,3.2963696369636964e-07,4994,,,,,,,,,
16,,,,,,,,,,4994,0.08853422850370407,,,,,,,,
,,,,,,,,,3.299669966996699e-07,4999,,,,,,,,,
16,,,,,,,,,,4999,0.12134598195552826,,,,,,,,
,,,,,,,,,3.302970297029703e-07,5004,,,,,,,,,
16,,,,,,,,,,5004,0.03699852526187897,,,,,,,,
,,,,,,,,,3.306270627062706e-07,5009,,,,,,,,,
16,,,,,,,,,,5009,0.07358544319868088,,,,,,,,
,,,,,,,,,3.309570957095709e-07,5014,,,,,,,,,
16,,,,,,,,,,5014,0.0829148143529892,,,,,,,,
,,,,,,,,,3.312871287128713e-07,5019,,,,,,,,,
16,,,,,,,,,,5019,0.058596398681402206,,,,,,,,
,,,,,,,,,3.316171617161716e-07,5024,,,,,,,,,
16,,,,,,,,,,5024,0.07533766329288483,,,,,,,,
,,,,,,,,,3.319471947194719e-07,5029,,,,,,,,,
16,,,,,,,,,,5029,0.04482842981815338,,,,,,,,
,,,,,,,,,3.3227722772277227e-07,5034,,,,,,,,,
16,,,,,,,,,,5034,0.06676355004310608,,,,,,,,
,,,,,,,,,3.326072607260726e-07,5039,,,,,,,,,
16,,,,,,,,,,5039,0.05620866268873215,,,,,,,,
,,,,,,,,,3.329372937293729e-07,5044,,,,,,,,,
16,,,,,,,,,,5044,0.11335983872413635,,,,,,,,
,,,,,,,,,3.332673267326733e-07,5049,,,,,,,,,
16,,,,,,,,,,5049,0.058266106992959976,,,,,,,,
,,,,,,,,,3.3359735973597356e-07,5054,,,,,,,,,
16,,,,,,,,,,5054,0.055935561656951904,,,,,,,,
,,,,,,,,,3.339273927392739e-07,5059,,,,,,,,,
16,,,,,,,,,,5059,0.08401335775852203,,,,,,,,
,,,,,,,,,3.3425742574257426e-07,5064,,,,,,,,,
16,,,,,,,,,,5064,0.05480191484093666,,,,,,,,
,,,,,,,,,3.345874587458746e-07,5069,,,,,,,,,
16,,,,,,,,,,5069,0.1307038962841034,,,,,,,,
,,,,,,,,,3.349174917491749e-07,5074,,,,,,,,,
16,,,,,,,,,,5074,0.05719741806387901,,,,,,,,
,,,,,,,,,3.352475247524753e-07,5079,,,,,,,,,
16,,,,,,,,,,5079,0.01784505695104599,,,,,,,,
,,,,,,,,,3.3557755775577555e-07,5084,,,,,,,,,
16,,,,,,,,,,5084,0.10873481631278992,,,,,,,,
,,,,,,,,,3.3590759075907587e-07,5089,,,,,,,,,
16,,,,,,,,,,5089,0.06619511544704437,,,,,,,,
,,,,,,,,,3.3623762376237624e-07,5094,,,,,,,,,
16,,,,,,,,,,5094,0.0955469086766243,,,,,,,,
,,,,,,,,,3.3656765676567657e-07,5099,,,,,,,,,
16,,,,,,,,,,5099,0.10241805016994476,,,,,,,,
,,,,,,,,,3.368976897689769e-07,5104,,,,,,,,,
16,,,,,,,,,,5104,0.037054646760225296,,,,,,,,
,,,,,,,,,3.372277227722772e-07,5109,,,,,,,,,
16,,,,,,,,,,5109,0.0577438548207283,,,,,,,,
,,,,,,,,,3.3755775577557753e-07,5114,,,,,,,,,
16,,,,,,,,,,5114,0.0851331502199173,,,,,,,,
,,,,,,,,,3.3788778877887786e-07,5119,,,,,,,,,
16,,,,,,,,,,5119,0.056826021522283554,,,,,,,,
,,,,,,,,,3.3821782178217823e-07,5124,,,,,,,,,
16,,,,,,,,,,5124,0.07906921207904816,,,,,,,,
,,,,,,,,,3.3854785478547856e-07,5129,,,,,,,,,
16,,,,,,,,,,5129,0.07369047403335571,,,,,,,,
,,,,,,,,,3.388778877887788e-07,5134,,,,,,,,,
16,,,,,,,,,,5134,0.07117126137018204,,,,,,,,
,,,,,,,,,3.392079207920792e-07,5139,,,,,,,,,
16,,,,,,,,,,5139,0.07633910328149796,,,,,,,,
,,,,,,,,,3.395379537953795e-07,5144,,,,,,,,,
16,,,,,,,,,,5144,0.07419393211603165,,,,,,,,
,,,,,,,,,3.3986798679867985e-07,5149,,,,,,,,,
16,,,,,,,,,,5149,0.07331381738185883,,,,,,,,
16,,,,,,,,,,5150,,0.5625,0.7200000286102295,0.08241329342126846,0.08241329342126846,0.22992518544197083,0.5625,1.0,0.24271714687347412
,,,,,,,,,3.401980198019802e-07,5154,,,,,,,,,
17,,,,,,,,,,5154,0.07023979723453522,,,,,,,,
,,,,,,,,,3.4052805280528054e-07,5159,,,,,,,,,
17,,,,,,,,,,5159,0.04404904693365097,,,,,,,,
,,,,,,,,,3.408580858085808e-07,5164,,,,,,,,,
17,,,,,,,,,,5164,0.06237126141786575,,,,,,,,
,,,,,,,,,3.411881188118812e-07,5169,,,,,,,,,
17,,,,,,,,,,5169,0.1148076206445694,,,,,,,,
,,,,,,,,,3.415181518151815e-07,5174,,,,,,,,,
17,,,,,,,,,,5174,0.06750530749559402,,,,,,,,
,,,,,,,,,3.4184818481848183e-07,5179,,,,,,,,,
17,,,,,,,,,,5179,0.09827546775341034,,,,,,,,
,,,,,,,,,3.421782178217822e-07,5184,,,,,,,,,
17,,,,,,,,,,5184,0.11456753313541412,,,,,,,,
,,,,,,,,,3.425082508250825e-07,5189,,,,,,,,,
17,,,,,,,,,,5189,0.043642524629831314,,,,,,,,
,,,,,,,,,3.428382838283828e-07,5194,,,,,,,,,
17,,,,,,,,,,5194,0.12104539573192596,,,,,,,,
,,,,,,,,,3.431683168316832e-07,5199,,,,,,,,,
17,,,,,,,,,,5199,0.0814516469836235,,,,,,,,
,,,,,,,,,3.434983498349835e-07,5204,,,,,,,,,
17,,,,,,,,,,5204,0.09857049584388733,,,,,,,,
,,,,,,,,,3.438283828382838e-07,5209,,,,,,,,,
17,,,,,,,,,,5209,0.02294408157467842,,,,,,,,
,,,,,,,,,3.441584158415841e-07,5214,,,,,,,,,
17,,,,,,,,,,5214,0.06997866183519363,,,,,,,,
,,,,,,,,,3.4448844884488447e-07,5219,,,,,,,,,
17,,,,,,,,,,5219,0.11227232962846756,,,,,,,,
,,,,,,,,,3.448184818481848e-07,5224,,,,,,,,,
17,,,,,,,,,,5224,0.04653986915946007,,,,,,,,
,,,,,,,,,3.451485148514851e-07,5229,,,,,,,,,
17,,,,,,,,,,5229,0.09670570492744446,,,,,,,,
,,,,,,,,,3.454785478547855e-07,5234,,,,,,,,,
17,,,,,,,,,,5234,0.05055290833115578,,,,,,,,
,,,,,,,,,3.458085808580858e-07,5239,,,,,,,,,
17,,,,,,,,,,5239,0.07990887016057968,,,,,,,,
,,,,,,,,,3.461386138613861e-07,5244,,,,,,,,,
17,,,,,,,,,,5244,0.06426411122083664,,,,,,,,
,,,,,,,,,3.4646864686468645e-07,5249,,,,,,,,,
17,,,,,,,,,,5249,0.07922054082155228,,,,,,,,
,,,,,,,,,3.467986798679868e-07,5254,,,,,,,,,
17,,,,,,,,,,5254,0.12328211218118668,,,,,,,,
,,,,,,,,,3.471287128712871e-07,5259,,,,,,,,,
17,,,,,,,,,,5259,0.04062708839774132,,,,,,,,
,,,,,,,,,3.474587458745875e-07,5264,,,,,,,,,
17,,,,,,,,,,5264,0.09086726605892181,,,,,,,,
,,,,,,,,,3.4778877887788774e-07,5269,,,,,,,,,
17,,,,,,,,,,5269,0.09508854895830154,,,,,,,,
,,,,,,,,,3.4811881188118807e-07,5274,,,,,,,,,
17,,,,,,,,,,5274,0.04075443744659424,,,,,,,,
,,,,,,,,,3.4844884488448844e-07,5279,,,,,,,,,
17,,,,,,,,,,5279,0.08357695490121841,,,,,,,,
,,,,,,,,,3.4877887788778876e-07,5284,,,,,,,,,
17,,,,,,,,,,5284,0.02075115218758583,,,,,,,,
,,,,,,,,,3.491089108910891e-07,5289,,,,,,,,,
17,,,,,,,,,,5289,0.04039275646209717,,,,,,,,
,,,,,,,,,3.4943894389438946e-07,5294,,,,,,,,,
17,,,,,,,,,,5294,0.052751414477825165,,,,,,,,
,,,,,,,,,3.4976897689768973e-07,5299,,,,,,,,,
17,,,,,,,,,,5299,0.1061324030160904,,,,,,,,
,,,,,,,,,3.5009900990099005e-07,5304,,,,,,,,,
17,,,,,,,,,,5304,0.06774111092090607,,,,,,,,
,,,,,,,,,3.5042904290429043e-07,5309,,,,,,,,,
17,,,,,,,,,,5309,0.07135767489671707,,,,,,,,
,,,,,,,,,3.5075907590759075e-07,5314,,,,,,,,,
17,,,,,,,,,,5314,0.11297396570444107,,,,,,,,
,,,,,,,,,3.510891089108911e-07,5319,,,,,,,,,
17,,,,,,,,,,5319,0.07994115352630615,,,,,,,,
,,,,,,,,,3.514191419141914e-07,5324,,,,,,,,,
17,,,,,,,,,,5324,0.10654929280281067,,,,,,,,
,,,,,,,,,3.517491749174917e-07,5329,,,,,,,,,
17,,,,,,,,,,5329,0.05585353821516037,,,,,,,,
,,,,,,,,,3.5207920792079204e-07,5334,,,,,,,,,
17,,,,,,,,,,5334,0.041821155697107315,,,,,,,,
,,,,,,,,,3.524092409240924e-07,5339,,,,,,,,,
17,,,,,,,,,,5339,0.10575098544359207,,,,,,,,
,,,,,,,,,3.5273927392739274e-07,5344,,,,,,,,,
17,,,,,,,,,,5344,0.08153870701789856,,,,,,,,
,,,,,,,,,3.53069306930693e-07,5349,,,,,,,,,
17,,,,,,,,,,5349,0.06414797902107239,,,,,,,,
,,,,,,,,,3.533993399339934e-07,5354,,,,,,,,,
17,,,,,,,,,,5354,0.0869431421160698,,,,,,,,
,,,,,,,,,3.537293729372937e-07,5359,,,,,,,,,
17,,,,,,,,,,5359,0.1067470833659172,,,,,,,,
,,,,,,,,,3.5405940594059403e-07,5364,,,,,,,,,
17,,,,,,,,,,5364,0.07457142323255539,,,,,,,,
,,,,,,,,,3.543894389438944e-07,5369,,,,,,,,,
17,,,,,,,,,,5369,0.06675005704164505,,,,,,,,
,,,,,,,,,3.5471947194719473e-07,5374,,,,,,,,,
17,,,,,,,,,,5374,0.06368692219257355,,,,,,,,
,,,,,,,,,3.55049504950495e-07,5379,,,,,,,,,
17,,,,,,,,,,5379,0.09716428071260452,,,,,,,,
,,,,,,,,,3.5537953795379537e-07,5384,,,,,,,,,
17,,,,,,,,,,5384,0.06634148955345154,,,,,,,,
,,,,,,,,,3.557095709570957e-07,5389,,,,,,,,,
17,,,,,,,,,,5389,0.06400994211435318,,,,,,,,
,,,,,,,,,3.56039603960396e-07,5394,,,,,,,,,
17,,,,,,,,,,5394,0.08164931833744049,,,,,,,,
,,,,,,,,,3.563696369636964e-07,5399,,,,,,,,,
17,,,,,,,,,,5399,0.10505075752735138,,,,,,,,
,,,,,,,,,3.5669966996699666e-07,5404,,,,,,,,,
17,,,,,,,,,,5404,0.07502845674753189,,,,,,,,
,,,,,,,,,3.57029702970297e-07,5409,,,,,,,,,
17,,,,,,,,,,5409,0.12452179193496704,,,,,,,,
,,,,,,,,,3.5735973597359736e-07,5414,,,,,,,,,
17,,,,,,,,,,5414,0.10360993444919586,,,,,,,,
,,,,,,,,,3.576897689768977e-07,5419,,,,,,,,,
17,,,,,,,,,,5419,0.07491301000118256,,,,,,,,
,,,,,,,,,3.58019801980198e-07,5424,,,,,,,,,
17,,,,,,,,,,5424,0.14050346612930298,,,,,,,,
,,,,,,,,,3.583498349834984e-07,5429,,,,,,,,,
17,,,,,,,,,,5429,0.029904328286647797,,,,,,,,
,,,,,,,,,3.5867986798679865e-07,5434,,,,,,,,,
17,,,,,,,,,,5434,0.07716386020183563,,,,,,,,
,,,,,,,,,3.59009900990099e-07,5439,,,,,,,,,
17,,,,,,,,,,5439,0.07670880854129791,,,,,,,,
,,,,,,,,,3.5933993399339935e-07,5444,,,,,,,,,
17,,,,,,,,,,5444,0.060390207916498184,,,,,,,,
,,,,,,,,,3.5966996699669967e-07,5449,,,,,,,,,
17,,,,,,,,,,5449,0.09979316592216492,,,,,,,,
17,,,,,,,,,,5453,,0.5625,0.7200000286102295,0.08104630559682846,0.08104630559682846,0.2715851068496704,0.5625,1.0,0.27015015482902527
,,,,,,,,,3.6e-07,5454,,,,,,,,,
18,,,,,,,,,,5454,0.019182832911610603,,,,,,,,
,,,,,,,,,3.603300330033003e-07,5459,,,,,,,,,
18,,,,,,,,,,5459,0.09208287298679352,,,,,,,,
,,,,,,,,,3.6066006600660064e-07,5464,,,,,,,,,
18,,,,,,,,,,5464,0.07051833719015121,,,,,,,,
,,,,,,,,,3.6099009900990096e-07,5469,,,,,,,,,
18,,,,,,,,,,5469,0.06073123961687088,,,,,,,,
,,,,,,,,,3.6132013201320134e-07,5474,,,,,,,,,
18,,,,,,,,,,5474,0.11749421060085297,,,,,,,,
,,,,,,,,,3.6165016501650166e-07,5479,,,,,,,,,
18,,,,,,,,,,5479,0.056398656219244,,,,,,,,
,,,,,,,,,3.6198019801980193e-07,5484,,,,,,,,,
18,,,,,,,,,,5484,0.05210691690444946,,,,,,,,
,,,,,,,,,3.623102310231023e-07,5489,,,,,,,,,
18,,,,,,,,,,5489,0.1047598272562027,,,,,,,,
,,,,,,,,,3.6264026402640263e-07,5494,,,,,,,,,
18,,,,,,,,,,5494,0.05086641386151314,,,,,,,,
,,,,,,,,,3.6297029702970295e-07,5499,,,,,,,,,
18,,,,,,,,,,5499,0.07062020897865295,,,,,,,,
,,,,,,,,,3.633003300330033e-07,5504,,,,,,,,,
18,,,,,,,,,,5504,0.08051038533449173,,,,,,,,
,,,,,,,,,3.6363036303630365e-07,5509,,,,,,,,,
18,,,,,,,,,,5509,0.12972258031368256,,,,,,,,
,,,,,,,,,3.639603960396039e-07,5514,,,,,,,,,
18,,,,,,,,,,5514,0.03433188050985336,,,,,,,,
,,,,,,,,,3.642904290429043e-07,5519,,,,,,,,,
18,,,,,,,,,,5519,0.08395259827375412,,,,,,,,
,,,,,,,,,3.646204620462046e-07,5524,,,,,,,,,
18,,,,,,,,,,5524,0.06423622369766235,,,,,,,,
,,,,,,,,,3.6495049504950494e-07,5529,,,,,,,,,
18,,,,,,,,,,5529,0.1235886961221695,,,,,,,,
,,,,,,,,,3.6528052805280526e-07,5534,,,,,,,,,
18,,,,,,,,,,5534,0.08302243053913116,,,,,,,,
,,,,,,,,,3.656105610561056e-07,5539,,,,,,,,,
18,,,,,,,,,,5539,0.07891206443309784,,,,,,,,
,,,,,,,,,3.659405940594059e-07,5544,,,,,,,,,
18,,,,,,,,,,5544,0.10249606519937515,,,,,,,,
,,,,,,,,,3.6627062706270623e-07,5549,,,,,,,,,
18,,,,,,,,,,5549,0.03099353052675724,,,,,,,,
,,,,,,,,,3.666006600660066e-07,5554,,,,,,,,,
18,,,,,,,,,,5554,0.09095215797424316,,,,,,,,
,,,,,,,,,3.669306930693069e-07,5559,,,,,,,,,
18,,,,,,,,,,5559,0.07245238125324249,,,,,,,,
,,,,,,,,,3.672607260726072e-07,5564,,,,,,,,,
18,,,,,,,,,,5564,0.04398764669895172,,,,,,,,
,,,,,,,,,3.6759075907590757e-07,5569,,,,,,,,,
18,,,,,,,,,,5569,0.05295441299676895,,,,,,,,
,,,,,,,,,3.679207920792079e-07,5574,,,,,,,,,
18,,,,,,,,,,5574,0.09278158843517303,,,,,,,,
,,,,,,,,,3.682508250825082e-07,5579,,,,,,,,,
18,,,,,,,,,,5579,0.06827329844236374,,,,,,,,
,,,,,,,,,3.685808580858086e-07,5584,,,,,,,,,
18,,,,,,,,,,5584,0.07515036314725876,,,,,,,,
,,,,,,,,,3.689108910891089e-07,5589,,,,,,,,,
18,,,,,,,,,,5589,0.07463855296373367,,,,,,,,
,,,,,,,,,3.692409240924092e-07,5594,,,,,,,,,
18,,,,,,,,,,5594,0.07921150326728821,,,,,,,,
,,,,,,,,,3.6957095709570956e-07,5599,,,,,,,,,
18,,,,,,,,,,5599,0.09646672755479813,,,,,,,,
,,,,,,,,,3.699009900990099e-07,5604,,,,,,,,,
18,,,,,,,,,,5604,0.08638913184404373,,,,,,,,
,,,,,,,,,3.702310231023102e-07,5609,,,,,,,,,
18,,,,,,,,,,5609,0.07442325353622437,,,,,,,,
,,,,,,,,,3.705610561056106e-07,5614,,,,,,,,,
18,,,,,,,,,,5614,0.10718637704849243,,,,,,,,
,,,,,,,,,3.7089108910891085e-07,5619,,,,,,,,,
18,,,,,,,,,,5619,0.09814194589853287,,,,,,,,
,,,,,,,,,3.7122112211221117e-07,5624,,,,,,,,,
18,,,,,,,,,,5624,0.039790574461221695,,,,,,,,
,,,,,,,,,3.7155115511551155e-07,5629,,,,,,,,,
18,,,,,,,,,,5629,0.08931990712881088,,,,,,,,
,,,,,,,,,3.7188118811881187e-07,5634,,,,,,,,,
18,,,,,,,,,,5634,0.03258949890732765,,,,,,,,
,,,,,,,,,3.722112211221122e-07,5639,,,,,,,,,
18,,,,,,,,,,5639,0.07082624733448029,,,,,,,,
,,,,,,,,,3.7254125412541257e-07,5644,,,,,,,,,
18,,,,,,,,,,5644,0.07976885139942169,,,,,,,,
,,,,,,,,,3.7287128712871284e-07,5649,,,,,,,,,
18,,,,,,,,,,5649,0.03357769921422005,,,,,,,,
,,,,,,,,,3.7320132013201316e-07,5654,,,,,,,,,
18,,,,,,,,,,5654,0.03319370746612549,,,,,,,,
,,,,,,,,,3.7353135313531353e-07,5659,,,,,,,,,
18,,,,,,,,,,5659,0.08005674928426743,,,,,,,,
,,,,,,,,,3.7386138613861386e-07,5664,,,,,,,,,
18,,,,,,,,,,5664,0.030295977368950844,,,,,,,,
,,,,,,,,,3.741914191419142e-07,5669,,,,,,,,,
18,,,,,,,,,,5669,0.07151389867067337,,,,,,,,
,,,,,,,,,3.745214521452145e-07,5674,,,,,,,,,
18,,,,,,,,,,5674,0.1540953367948532,,,,,,,,
,,,,,,,,,3.748514851485148e-07,5679,,,,,,,,,
18,,,,,,,,,,5679,0.09446729719638824,,,,,,,,
,,,,,,,,,3.7518151815181515e-07,5684,,,,,,,,,
18,,,,,,,,,,5684,0.027146093547344208,,,,,,,,
,,,,,,,,,3.755115511551155e-07,5689,,,,,,,,,
18,,,,,,,,,,5689,0.05408015847206116,,,,,,,,
,,,,,,,,,3.7584158415841585e-07,5694,,,,,,,,,
18,,,,,,,,,,5694,0.062087532132864,,,,,,,,
,,,,,,,,,3.761716171617161e-07,5699,,,,,,,,,
18,,,,,,,,,,5699,0.04880662262439728,,,,,,,,
,,,,,,,,,3.765016501650165e-07,5704,,,,,,,,,
18,,,,,,,,,,5704,0.030820298939943314,,,,,,,,
,,,,,,,,,3.768316831683168e-07,5709,,,,,,,,,
18,,,,,,,,,,5709,0.07289807498455048,,,,,,,,
,,,,,,,,,3.7716171617161714e-07,5714,,,,,,,,,
18,,,,,,,,,,5714,0.044740624725818634,,,,,,,,
,,,,,,,,,3.774917491749175e-07,5719,,,,,,,,,
18,,,,,,,,,,5719,0.08823645859956741,,,,,,,,
,,,,,,,,,3.7782178217821783e-07,5724,,,,,,,,,
18,,,,,,,,,,5724,0.05454624444246292,,,,,,,,
,,,,,,,,,3.781518151815181e-07,5729,,,,,,,,,
18,,,,,,,,,,5729,0.03563927859067917,,,,,,,,
,,,,,,,,,3.784818481848185e-07,5734,,,,,,,,,
18,,,,,,,,,,5734,0.10892496258020401,,,,,,,,
,,,,,,,,,3.788118811881188e-07,5739,,,,,,,,,
18,,,,,,,,,,5739,0.05783918499946594,,,,,,,,
,,,,,,,,,3.791419141914191e-07,5744,,,,,,,,,
18,,,,,,,,,,5744,0.11762724816799164,,,,,,,,
,,,,,,,,,3.794719471947195e-07,5749,,,,,,,,,
18,,,,,,,,,,5749,0.08526825159788132,,,,,,,,
,,,,,,,,,3.7980198019801977e-07,5754,,,,,,,,,
18,,,,,,,,,,5754,0.12297940999269485,,,,,,,,
18,,,,,,,,,,5756,,0.6000000238418579,0.7355371713638306,0.07965530455112457,0.07965530455112457,0.28781503438949585,0.5855262875556946,0.9888888597488403,0.282895028591156
,,,,,,,,,3.801320132013201e-07,5759,,,,,,,,,
19,,,,,,,,,,5759,0.05642895773053169,,,,,,,,
,,,,,,,,,3.8046204620462047e-07,5764,,,,,,,,,
19,,,,,,,,,,5764,0.06804297119379044,,,,,,,,
,,,,,,,,,3.807920792079208e-07,5769,,,,,,,,,
19,,,,,,,,,,5769,0.10061171650886536,,,,,,,,
,,,,,,,,,3.811221122112211e-07,5774,,,,,,,,,
19,,,,,,,,,,5774,0.07927864044904709,,,,,,,,
,,,,,,,,,3.8145214521452143e-07,5779,,,,,,,,,
19,,,,,,,,,,5779,0.09225316345691681,,,,,,,,
,,,,,,,,,3.8178217821782176e-07,5784,,,,,,,,,
19,,,,,,,,,,5784,0.08680830150842667,,,,,,,,
,,,,,,,,,3.821122112211221e-07,5789,,,,,,,,,
19,,,,,,,,,,5789,0.10402216017246246,,,,,,,,
,,,,,,,,,3.8244224422442245e-07,5794,,,,,,,,,
19,,,,,,,,,,5794,0.10250106453895569,,,,,,,,
,,,,,,,,,3.827722772277228e-07,5799,,,,,,,,,
19,,,,,,,,,,5799,0.012774202041327953,,,,,,,,
,,,,,,,,,3.831023102310231e-07,5804,,,,,,,,,
19,,,,,,,,,,5804,0.10012147575616837,,,,,,,,
,,,,,,,,,3.834323432343234e-07,5809,,,,,,,,,
19,,,,,,,,,,5809,0.04427896812558174,,,,,,,,
,,,,,,,,,3.8376237623762374e-07,5814,,,,,,,,,
19,,,,,,,,,,5814,0.07136348634958267,,,,,,,,
,,,,,,,,,3.8409240924092407e-07,5819,,,,,,,,,
19,,,,,,,,,,5819,0.07091936469078064,,,,,,,,
,,,,,,,,,3.8442244224422444e-07,5824,,,,,,,,,
19,,,,,,,,,,5824,0.08584463596343994,,,,,,,,
,,,,,,,,,3.8475247524752476e-07,5829,,,,,,,,,
19,,,,,,,,,,5829,0.11130204796791077,,,,,,,,
,,,,,,,,,3.8508250825082503e-07,5834,,,,,,,,,
19,,,,,,,,,,5834,0.04903919994831085,,,,,,,,
,,,,,,,,,3.854125412541254e-07,5839,,,,,,,,,
19,,,,,,,,,,5839,0.07713054120540619,,,,,,,,
,,,,,,,,,3.8574257425742573e-07,5844,,,,,,,,,
19,,,,,,,,,,5844,0.10222727060317993,,,,,,,,
,,,,,,,,,3.8607260726072605e-07,5849,,,,,,,,,
19,,,,,,,,,,5849,0.11075206100940704,,,,,,,,
,,,,,,,,,3.864026402640264e-07,5854,,,,,,,,,
19,,,,,,,,,,5854,0.051288850605487823,,,,,,,,
,,,,,,,,,3.867326732673267e-07,5859,,,,,,,,,
19,,,,,,,,,,5859,0.05904446169734001,,,,,,,,
,,,,,,,,,3.87062706270627e-07,5864,,,,,,,,,
19,,,,,,,,,,5864,0.043075352907180786,,,,,,,,
,,,,,,,,,3.8739273927392734e-07,5869,,,,,,,,,
19,,,,,,,,,,5869,0.04397182911634445,,,,,,,,
,,,,,,,,,3.877227722772277e-07,5874,,,,,,,,,
19,,,,,,,,,,5874,0.053732819855213165,,,,,,,,
,,,,,,,,,3.8805280528052804e-07,5879,,,,,,,,,
19,,,,,,,,,,5879,0.11864447593688965,,,,,,,,
,,,,,,,,,3.8838283828382837e-07,5884,,,,,,,,,
19,,,,,,,,,,5884,0.06036956235766411,,,,,,,,
,,,,,,,,,3.887128712871287e-07,5889,,,,,,,,,
19,,,,,,,,,,5889,0.05732739344239235,,,,,,,,
,,,,,,,,,3.89042904290429e-07,5894,,,,,,,,,
19,,,,,,,,,,5894,0.06172743812203407,,,,,,,,
,,,,,,,,,3.8937293729372933e-07,5899,,,,,,,,,
19,,,,,,,,,,5899,0.03258041664958,,,,,,,,
,,,,,,,,,3.897029702970297e-07,5904,,,,,,,,,
19,,,,,,,,,,5904,0.07954328507184982,,,,,,,,
,,,,,,,,,3.9003300330033003e-07,5909,,,,,,,,,
19,,,,,,,,,,5909,0.11298272013664246,,,,,,,,
,,,,,,,,,3.903630363036303e-07,5914,,,,,,,,,
19,,,,,,,,,,5914,0.03964396193623543,,,,,,,,
,,,,,,,,,3.906930693069307e-07,5919,,,,,,,,,
19,,,,,,,,,,5919,0.04696075618267059,,,,,,,,
,,,,,,,,,3.91023102310231e-07,5924,,,,,,,,,
19,,,,,,,,,,5924,0.0847201943397522,,,,,,,,
,,,,,,,,,3.913531353135313e-07,5929,,,,,,,,,
19,,,,,,,,,,5929,0.08762906491756439,,,,,,,,
,,,,,,,,,3.916831683168317e-07,5934,,,,,,,,,
19,,,,,,,,,,5934,0.05578506737947464,,,,,,,,
,,,,,,,,,3.92013201320132e-07,5939,,,,,,,,,
19,,,,,,,,,,5939,0.10095283389091492,,,,,,,,
,,,,,,,,,3.923432343234323e-07,5944,,,,,,,,,
19,,,,,,,,,,5944,0.028449954465031624,,,,,,,,
,,,,,,,,,3.9267326732673266e-07,5949,,,,,,,,,
19,,,,,,,,,,5949,0.07992696762084961,,,,,,,,
,,,,,,,,,3.93003300330033e-07,5954,,,,,,,,,
19,,,,,,,,,,5954,0.07656325399875641,,,,,,,,
,,,,,,,,,3.933333333333333e-07,5959,,,,,,,,,
19,,,,,,,,,,5959,0.13036437332630157,,,,,,,,
,,,,,,,,,3.936633663366337e-07,5964,,,,,,,,,
19,,,,,,,,,,5964,0.052805252373218536,,,,,,,,
,,,,,,,,,3.9399339933993395e-07,5969,,,,,,,,,
19,,,,,,,,,,5969,0.09716005623340607,,,,,,,,
,,,,,,,,,3.943234323432343e-07,5974,,,,,,,,,
19,,,,,,,,,,5974,0.04763398319482803,,,,,,,,
,,,,,,,,,3.9465346534653465e-07,5979,,,,,,,,,
19,,,,,,,,,,5979,0.08027753978967667,,,,,,,,
,,,,,,,,,3.94983498349835e-07,5984,,,,,,,,,
19,,,,,,,,,,5984,0.036495137959718704,,,,,,,,
,,,,,,,,,3.953135313531353e-07,5989,,,,,,,,,
19,,,,,,,,,,5989,0.05862827226519585,,,,,,,,
,,,,,,,,,3.956435643564356e-07,5994,,,,,,,,,
19,,,,,,,,,,5994,0.08796395361423492,,,,,,,,
,,,,,,,,,3.9597359735973594e-07,5999,,,,,,,,,
19,,,,,,,,,,5999,0.07795148342847824,,,,,,,,
,,,,,,,,,3.9630363036303626e-07,6004,,,,,,,,,
19,,,,,,,,,,6004,0.07811132818460464,,,,,,,,
,,,,,,,,,3.9663366336633664e-07,6009,,,,,,,,,
19,,,,,,,,,,6009,0.0845097154378891,,,,,,,,
,,,,,,,,,3.9696369636963696e-07,6014,,,,,,,,,
19,,,,,,,,,,6014,0.08119387924671173,,,,,,,,
,,,,,,,,,3.972937293729373e-07,6019,,,,,,,,,
19,,,,,,,,,,6019,0.03378273919224739,,,,,,,,
,,,,,,,,,3.976237623762376e-07,6024,,,,,,,,,
19,,,,,,,,,,6024,0.0619000568985939,,,,,,,,
,,,,,,,,,3.9795379537953793e-07,6029,,,,,,,,,
19,,,,,,,,,,6029,0.030963722616434097,,,,,,,,
,,,,,,,,,3.9828382838283825e-07,6034,,,,,,,,,
19,,,,,,,,,,6034,0.07552789896726608,,,,,,,,
,,,,,,,,,3.9861386138613863e-07,6039,,,,,,,,,
19,,,,,,,,,,6039,0.11359267681837082,,,,,,,,
,,,,,,,,,3.9894389438943895e-07,6044,,,,,,,,,
19,,,,,,,,,,6044,0.07328692078590393,,,,,,,,
,,,,,,,,,3.992739273927392e-07,6049,,,,,,,,,
19,,,,,,,,,,6049,0.08760007470846176,,,,,,,,
,,,,,,,,,3.996039603960396e-07,6054,,,,,,,,,
19,,,,,,,,,,6054,0.04317137226462364,,,,,,,,
,,,,,,,,,3.999339933993399e-07,6059,,,,,,,,,
19,,,,,,,,,,6059,0.0730585977435112,,,,,,,,
19,,,,,,,,,,6059,,0.6187499761581421,0.7359307408332825,0.07848779857158661,0.07848779857158661,0.30490005016326904,0.6028369069099426,0.9444444179534912,0.2979014217853546
,,,,,,,,,4.0026402640264024e-07,6064,,,,,,,,,
20,,,,,,,,,,6064,0.06956011056900024,,,,,,,,
,,,,,,,,,4.005940594059406e-07,6069,,,,,,,,,
20,,,,,,,,,,6069,0.032750461250543594,,,,,,,,
,,,,,,,,,4.009240924092409e-07,6074,,,,,,,,,
20,,,,,,,,,,6074,0.057045288383960724,,,,,,,,
,,,,,,,,,4.012541254125412e-07,6079,,,,,,,,,
20,,,,,,,,,,6079,0.05792154371738434,,,,,,,,
,,,,,,,,,4.015841584158416e-07,6084,,,,,,,,,
20,,,,,,,,,,6084,0.017758961766958237,,,,,,,,
,,,,,,,,,4.019141914191419e-07,6089,,,,,,,,,
20,,,,,,,,,,6089,0.06672506034374237,,,,,,,,
,,,,,,,,,4.0224422442244223e-07,6094,,,,,,,,,
20,,,,,,,,,,6094,0.04549654945731163,,,,,,,,
,,,,,,,,,4.025742574257426e-07,6099,,,,,,,,,
20,,,,,,,,,,6099,0.05418803542852402,,,,,,,,
,,,,,,,,,4.0290429042904287e-07,6104,,,,,,,,,
20,,,,,,,,,,6104,0.08093830943107605,,,,,,,,
,,,,,,,,,4.032343234323432e-07,6109,,,,,,,,,
20,,,,,,,,,,6109,0.10637851059436798,,,,,,,,
,,,,,,,,,4.0356435643564357e-07,6114,,,,,,,,,
20,,,,,,,,,,6114,0.12419931590557098,,,,,,,,
,,,,,,,,,4.038943894389439e-07,6119,,,,,,,,,
20,,,,,,,,,,6119,0.07205868512392044,,,,,,,,
,,,,,,,,,4.042244224422442e-07,6124,,,,,,,,,
20,,,,,,,,,,6124,0.054581090807914734,,,,,,,,
,,,,,,,,,4.0455445544554454e-07,6129,,,,,,,,,
20,,,,,,,,,,6129,0.03448040038347244,,,,,,,,
,,,,,,,,,4.0488448844884486e-07,6134,,,,,,,,,
20,,,,,,,,,,6134,0.04439350962638855,,,,,,,,
,,,,,,,,,4.052145214521452e-07,6139,,,,,,,,,
20,,,,,,,,,,6139,0.06312540173530579,,,,,,,,
,,,,,,,,,4.0554455445544556e-07,6144,,,,,,,,,
20,,,,,,,,,,6144,0.05857270210981369,,,,,,,,
,,,,,,,,,4.058745874587459e-07,6149,,,,,,,,,
20,,,,,,,,,,6149,0.05013801157474518,,,,,,,,
,,,,,,,,,4.0620462046204615e-07,6154,,,,,,,,,
20,,,,,,,,,,6154,0.11514604836702347,,,,,,,,
,,,,,,,,,4.0653465346534647e-07,6159,,,,,,,,,
20,,,,,,,,,,6159,0.03783546760678291,,,,,,,,
,,,,,,,,,4.0686468646864685e-07,6164,,,,,,,,,
20,,,,,,,,,,6164,0.06379584223031998,,,,,,,,
,,,,,,,,,4.0719471947194717e-07,6169,,,,,,,,,
20,,,,,,,,,,6169,0.05789284035563469,,,,,,,,
,,,,,,,,,4.075247524752475e-07,6174,,,,,,,,,
20,,,,,,,,,,6174,0.045332591980695724,,,,,,,,
,,,,,,,,,4.0785478547854787e-07,6179,,,,,,,,,
20,,,,,,,,,,6179,0.03996116295456886,,,,,,,,
,,,,,,,,,4.0818481848184814e-07,6184,,,,,,,,,
20,,,,,,,,,,6184,0.10072480142116547,,,,,,,,
,,,,,,,,,4.0851485148514846e-07,6189,,,,,,,,,
20,,,,,,,,,,6189,0.05535712093114853,,,,,,,,
,,,,,,,,,4.0884488448844884e-07,6194,,,,,,,,,
20,,,,,,,,,,6194,0.0484708771109581,,,,,,,,
,,,,,,,,,4.0917491749174916e-07,6199,,,,,,,,,
20,,,,,,,,,,6199,0.01679360494017601,,,,,,,,
,,,,,,,,,4.095049504950495e-07,6204,,,,,,,,,
20,,,,,,,,,,6204,0.06339482963085175,,,,,,,,
,,,,,,,,,4.098349834983498e-07,6209,,,,,,,,,
20,,,,,,,,,,6209,0.06789224594831467,,,,,,,,
,,,,,,,,,4.1016501650165013e-07,6214,,,,,,,,,
20,,,,,,,,,,6214,0.020643843337893486,,,,,,,,
,,,,,,,,,4.1049504950495045e-07,6219,,,,,,,,,
20,,,,,,,,,,6219,0.06273678690195084,,,,,,,,
,,,,,,,,,4.108250825082508e-07,6224,,,,,,,,,
20,,,,,,,,,,6224,0.05183844640851021,,,,,,,,
,,,,,,,,,4.1115511551155115e-07,6229,,,,,,,,,
20,,,,,,,,,,6229,0.05463188886642456,,,,,,,,
,,,,,,,,,4.1148514851485147e-07,6234,,,,,,,,,
20,,,,,,,,,,6234,0.050751037895679474,,,,,,,,
,,,,,,,,,4.118151815181518e-07,6239,,,,,,,,,
20,,,,,,,,,,6239,0.08956245332956314,,,,,,,,
,,,,,,,,,4.121452145214521e-07,6244,,,,,,,,,
20,,,,,,,,,,6244,0.06144826114177704,,,,,,,,
,,,,,,,,,4.1247524752475244e-07,6249,,,,,,,,,
20,,,,,,,,,,6249,0.04509826377034187,,,,,,,,
,,,,,,,,,4.128052805280528e-07,6254,,,,,,,,,
20,,,,,,,,,,6254,0.044287391006946564,,,,,,,,
,,,,,,,,,4.1313531353135314e-07,6259,,,,,,,,,
20,,,,,,,,,,6259,0.031795207411050797,,,,,,,,
,,,,,,,,,4.134653465346534e-07,6264,,,,,,,,,
20,,,,,,,,,,6264,0.09874525666236877,,,,,,,,
,,,,,,,,,4.137953795379538e-07,6269,,,,,,,,,
20,,,,,,,,,,6269,0.08728642761707306,,,,,,,,
,,,,,,,,,4.141254125412541e-07,6274,,,,,,,,,
20,,,,,,,,,,6274,0.10867571085691452,,,,,,,,
,,,,,,,,,4.144554455445544e-07,6279,,,,,,,,,
20,,,,,,,,,,6279,0.07034105062484741,,,,,,,,
,,,,,,,,,4.147854785478548e-07,6284,,,,,,,,,
20,,,,,,,,,,6284,0.08289294689893723,,,,,,,,
,,,,,,,,,4.1511551155115507e-07,6289,,,,,,,,,
20,,,,,,,,,,6289,0.07055850327014923,,,,,,,,
,,,,,,,,,4.154455445544554e-07,6294,,,,,,,,,
20,,,,,,,,,,6294,0.055470820516347885,,,,,,,,
,,,,,,,,,4.1577557755775577e-07,6299,,,,,,,,,
20,,,,,,,,,,6299,0.11927596479654312,,,,,,,,
,,,,,,,,,4.161056105610561e-07,6304,,,,,,,,,
20,,,,,,,,,,6304,0.06603361666202545,,,,,,,,
,,,,,,,,,4.164356435643564e-07,6309,,,,,,,,,
20,,,,,,,,,,6309,0.08600399643182755,,,,,,,,
,,,,,,,,,4.167656765676568e-07,6314,,,,,,,,,
20,,,,,,,,,,6314,0.039468806236982346,,,,,,,,
,,,,,,,,,4.1709570957095706e-07,6319,,,,,,,,,
20,,,,,,,,,,6319,0.07521972805261612,,,,,,,,
,,,,,,,,,4.174257425742574e-07,6324,,,,,,,,,
20,,,,,,,,,,6324,0.07512031495571136,,,,,,,,
,,,,,,,,,4.1775577557755776e-07,6329,,,,,,,,,
20,,,,,,,,,,6329,0.11435636878013611,,,,,,,,
,,,,,,,,,4.180858085808581e-07,6334,,,,,,,,,
20,,,,,,,,,,6334,0.07155716419219971,,,,,,,,
,,,,,,,,,4.184158415841584e-07,6339,,,,,,,,,
20,,,,,,,,,,6339,0.06971506774425507,,,,,,,,
,,,,,,,,,4.187458745874587e-07,6344,,,,,,,,,
20,,,,,,,,,,6344,0.0652313381433487,,,,,,,,
,,,,,,,,,4.1907590759075905e-07,6349,,,,,,,,,
20,,,,,,,,,,6349,0.05979566276073456,,,,,,,,
,,,,,,,,,4.1940594059405937e-07,6354,,,,,,,,,
20,,,,,,,,,,6354,0.01896628737449646,,,,,,,,
,,,,,,,,,4.1973597359735974e-07,6359,,,,,,,,,
20,,,,,,,,,,6359,0.057804081588983536,,,,,,,,
20,,,,,,,,,,6362,,0.625,0.7115384340286255,0.07631964981555939,0.07631964981555939,0.3234387934207916,0.6271186470985413,0.8222222328186035,0.3313768804073334
,,,,,,,,,4.2006600660066007e-07,6364,,,,,,,,,
21,,,,,,,,,,6364,0.028575293719768524,,,,,,,,
,,,,,,,,,4.2039603960396034e-07,6369,,,,,,,,,
21,,,,,,,,,,6369,0.039774369448423386,,,,,,,,
,,,,,,,,,4.207260726072607e-07,6374,,,,,,,,,
21,,,,,,,,,,6374,0.07560500502586365,,,,,,,,
,,,,,,,,,4.2105610561056103e-07,6379,,,,,,,,,
21,,,,,,,,,,6379,0.1165984719991684,,,,,,,,
,,,,,,,,,4.2138613861386136e-07,6384,,,,,,,,,
21,,,,,,,,,,6384,0.0777534693479538,,,,,,,,
,,,,,,,,,4.2171617161716173e-07,6389,,,,,,,,,
21,,,,,,,,,,6389,0.02879832498729229,,,,,,,,
,,,,,,,,,4.2204620462046205e-07,6394,,,,,,,,,
21,,,,,,,,,,6394,0.03291267529129982,,,,,,,,
,,,,,,,,,4.223762376237623e-07,6399,,,,,,,,,
21,,,,,,,,,,6399,0.05202770605683327,,,,,,,,
,,,,,,,,,4.227062706270627e-07,6404,,,,,,,,,
21,,,,,,,,,,6404,0.06744016706943512,,,,,,,,
,,,,,,,,,4.23036303630363e-07,6409,,,,,,,,,
21,,,,,,,,,,6409,0.08768405765295029,,,,,,,,
,,,,,,,,,4.2336633663366334e-07,6414,,,,,,,,,
21,,,,,,,,,,6414,0.024164892733097076,,,,,,,,
,,,,,,,,,4.236963696369637e-07,6419,,,,,,,,,
21,,,,,,,,,,6419,0.08733294904232025,,,,,,,,
,,,,,,,,,4.24026402640264e-07,6424,,,,,,,,,
21,,,,,,,,,,6424,0.036842986941337585,,,,,,,,
,,,,,,,,,4.243564356435643e-07,6429,,,,,,,,,
21,,,,,,,,,,6429,0.05494265258312225,,,,,,,,
,,,,,,,,,4.246864686468647e-07,6434,,,,,,,,,
21,,,,,,,,,,6434,0.07536619901657104,,,,,,,,
,,,,,,,,,4.25016501650165e-07,6439,,,,,,,,,
21,,,,,,,,,,6439,0.07828175276517868,,,,,,,,
,,,,,,,,,4.2534653465346533e-07,6444,,,,,,,,,
21,,,,,,,,,,6444,0.04098142683506012,,,,,,,,
,,,,,,,,,4.256765676567657e-07,6449,,,,,,,,,
21,,,,,,,,,,6449,0.05020543932914734,,,,,,,,
,,,,,,,,,4.26006600660066e-07,6454,,,,,,,,,
21,,,,,,,,,,6454,0.04191000014543533,,,,,,,,
,,,,,,,,,4.263366336633663e-07,6459,,,,,,,,,
21,,,,,,,,,,6459,0.05727671459317207,,,,,,,,
,,,,,,,,,4.266666666666667e-07,6464,,,,,,,,,
21,,,,,,,,,,6464,0.06048514321446419,,,,,,,,
,,,,,,,,,4.26996699669967e-07,6469,,,,,,,,,
21,,,,,,,,,,6469,0.06487026810646057,,,,,,,,
,,,,,,,,,4.273267326732673e-07,6474,,,,,,,,,
21,,,,,,,,,,6474,0.0544007383286953,,,,,,,,
,,,,,,,,,4.276567656765676e-07,6479,,,,,,,,,
21,,,,,,,,,,6479,0.0959896594285965,,,,,,,,
,,,,,,,,,4.2798679867986797e-07,6484,,,,,,,,,
21,,,,,,,,,,6484,0.043357305228710175,,,,,,,,
,,,,,,,,,4.283168316831683e-07,6489,,,,,,,,,
21,,,,,,,,,,6489,0.03375007584691048,,,,,,,,
,,,,,,,,,4.286468646864686e-07,6494,,,,,,,,,
21,,,,,,,,,,6494,0.036740534007549286,,,,,,,,
,,,,,,,,,4.28976897689769e-07,6499,,,,,,,,,
21,,,,,,,,,,6499,0.04435492306947708,,,,,,,,
,,,,,,,,,4.2930693069306926e-07,6504,,,,,,,,,
21,,,,,,,,,,6504,0.019378583878278732,,,,,,,,
,,,,,,,,,4.296369636963696e-07,6509,,,,,,,,,
21,,,,,,,,,,6509,0.10557972639799118,,,,,,,,
,,,,,,,,,4.2996699669966995e-07,6514,,,,,,,,,
21,,,,,,,,,,6514,0.11378196626901627,,,,,,,,
,,,,,,,,,4.302970297029703e-07,6519,,,,,,,,,
21,,,,,,,,,,6519,0.058101896196603775,,,,,,,,
,,,,,,,,,4.306270627062706e-07,6524,,,,,,,,,
21,,,,,,,,,,6524,0.030334273353219032,,,,,,,,
,,,,,,,,,4.30957095709571e-07,6529,,,,,,,,,
21,,,,,,,,,,6529,0.06666547805070877,,,,,,,,
,,,,,,,,,4.3128712871287124e-07,6534,,,,,,,,,
21,,,,,,,,,,6534,0.011283551342785358,,,,,,,,
,,,,,,,,,4.3161716171617157e-07,6539,,,,,,,,,
21,,,,,,,,,,6539,0.03549046814441681,,,,,,,,
,,,,,,,,,4.3194719471947194e-07,6544,,,,,,,,,
21,,,,,,,,,,6544,0.034053362905979156,,,,,,,,
,,,,,,,,,4.3227722772277226e-07,6549,,,,,,,,,
21,,,,,,,,,,6549,0.06627536565065384,,,,,,,,
,,,,,,,,,4.326072607260726e-07,6554,,,,,,,,,
21,,,,,,,,,,6554,0.09137295931577682,,,,,,,,
,,,,,,,,,4.329372937293729e-07,6559,,,,,,,,,
21,,,,,,,,,,6559,0.03506099060177803,,,,,,,,
,,,,,,,,,4.3326732673267323e-07,6564,,,,,,,,,
21,,,,,,,,,,6564,0.11717654764652252,,,,,,,,
,,,,,,,,,4.3359735973597355e-07,6569,,,,,,,,,
21,,,,,,,,,,6569,0.09611690044403076,,,,,,,,
,,,,,,,,,4.3392739273927393e-07,6574,,,,,,,,,
21,,,,,,,,,,6574,0.04917261749505997,,,,,,,,
,,,,,,,,,4.3425742574257425e-07,6579,,,,,,,,,
21,,,,,,,,,,6579,0.0517338290810585,,,,,,,,
,,,,,,,,,4.345874587458745e-07,6584,,,,,,,,,
21,,,,,,,,,,6584,0.05152555927634239,,,,,,,,
,,,,,,,,,4.349174917491749e-07,6589,,,,,,,,,
21,,,,,,,,,,6589,0.07457949221134186,,,,,,,,
,,,,,,,,,4.352475247524752e-07,6594,,,,,,,,,
21,,,,,,,,,,6594,0.07578583061695099,,,,,,,,
,,,,,,,,,4.3557755775577554e-07,6599,,,,,,,,,
21,,,,,,,,,,6599,0.04798644781112671,,,,,,,,
,,,,,,,,,4.359075907590759e-07,6604,,,,,,,,,
21,,,,,,,,,,6604,0.05983420088887215,,,,,,,,
,,,,,,,,,4.3623762376237624e-07,6609,,,,,,,,,
21,,,,,,,,,,6609,0.07138606905937195,,,,,,,,
,,,,,,,,,4.365676567656765e-07,6614,,,,,,,,,
21,,,,,,,,,,6614,0.05819781497120857,,,,,,,,
,,,,,,,,,4.368976897689769e-07,6619,,,,,,,,,
21,,,,,,,,,,6619,0.0388902872800827,,,,,,,,
,,,,,,,,,4.372277227722772e-07,6624,,,,,,,,,
21,,,,,,,,,,6624,0.0801774188876152,,,,,,,,
,,,,,,,,,4.3755775577557753e-07,6629,,,,,,,,,
21,,,,,,,,,,6629,0.013382656499743462,,,,,,,,
,,,,,,,,,4.378877887788779e-07,6634,,,,,,,,,
21,,,,,,,,,,6634,0.05804015323519707,,,,,,,,
,,,,,,,,,4.382178217821782e-07,6639,,,,,,,,,
21,,,,,,,,,,6639,0.12152530997991562,,,,,,,,
,,,,,,,,,4.385478547854785e-07,6644,,,,,,,,,
21,,,,,,,,,,6644,0.03452599421143532,,,,,,,,
,,,,,,,,,4.3887788778877887e-07,6649,,,,,,,,,
21,,,,,,,,,,6649,0.04702717438340187,,,,,,,,
,,,,,,,,,4.392079207920792e-07,6654,,,,,,,,,
21,,,,,,,,,,6654,0.0781581774353981,,,,,,,,
,,,,,,,,,4.395379537953795e-07,6659,,,,,,,,,
21,,,,,,,,,,6659,0.04823976755142212,,,,,,,,
,,,,,,,,,4.398679867986799e-07,6664,,,,,,,,,
21,,,,,,,,,,6664,0.049504466354846954,,,,,,,,
21,,,,,,,,,,6665,,0.6312500238418579,0.7093595862388611,0.07490797340869904,0.07490797340869904,0.34273219108581543,0.6371681690216064,0.800000011920929,0.3488471508026123
,,,,,,,,,4.4019801980198016e-07,6669,,,,,,,,,
22,,,,,,,,,,6669,0.037288375198841095,,,,,,,,
,,,,,,,,,4.405280528052805e-07,6674,,,,,,,,,
22,,,,,,,,,,6674,0.058887094259262085,,,,,,,,
,,,,,,,,,4.4085808580858086e-07,6679,,,,,,,,,
22,,,,,,,,,,6679,0.03009580262005329,,,,,,,,
,,,,,,,,,4.411881188118812e-07,6684,,,,,,,,,
22,,,,,,,,,,6684,0.054683879017829895,,,,,,,,
,,,,,,,,,4.415181518151815e-07,6689,,,,,,,,,
22,,,,,,,,,,6689,0.06017613038420677,,,,,,,,
,,,,,,,,,4.4184818481848183e-07,6694,,,,,,,,,
22,,,,,,,,,,6694,0.018159108236432076,,,,,,,,
,,,,,,,,,4.4217821782178215e-07,6699,,,,,,,,,
22,,,,,,,,,,6699,0.057438597083091736,,,,,,,,
,,,,,,,,,4.4250825082508247e-07,6704,,,,,,,,,
22,,,,,,,,,,6704,0.09386943280696869,,,,,,,,
,,,,,,,,,4.4283828382838285e-07,6709,,,,,,,,,
22,,,,,,,,,,6709,0.06309882551431656,,,,,,,,
,,,,,,,,,4.4316831683168317e-07,6714,,,,,,,,,
22,,,,,,,,,,6714,0.056138474494218826,,,,,,,,
,,,,,,,,,4.4349834983498344e-07,6719,,,,,,,,,
22,,,,,,,,,,6719,0.04796347767114639,,,,,,,,
,,,,,,,,,4.438283828382838e-07,6724,,,,,,,,,
22,,,,,,,,,,6724,0.04750347137451172,,,,,,,,
,,,,,,,,,4.4415841584158414e-07,6729,,,,,,,,,
22,,,,,,,,,,6729,0.028471296653151512,,,,,,,,
,,,,,,,,,4.4448844884488446e-07,6734,,,,,,,,,
22,,,,,,,,,,6734,0.02367282100021839,,,,,,,,
,,,,,,,,,4.4481848184818484e-07,6739,,,,,,,,,
22,,,,,,,,,,6739,0.037800610065460205,,,,,,,,
,,,,,,,,,4.4514851485148516e-07,6744,,,,,,,,,
22,,,,,,,,,,6744,0.08386894315481186,,,,,,,,
,,,,,,,,,4.4547854785478543e-07,6749,,,,,,,,,
22,,,,,,,,,,6749,0.022188283503055573,,,,,,,,
,,,,,,,,,4.458085808580858e-07,6754,,,,,,,,,
22,,,,,,,,,,6754,0.06400128453969955,,,,,,,,
,,,,,,,,,4.4613861386138613e-07,6759,,,,,,,,,
22,,,,,,,,,,6759,0.05421105772256851,,,,,,,,
,,,,,,,,,4.4646864686468645e-07,6764,,,,,,,,,
22,,,,,,,,,,6764,0.060796696692705154,,,,,,,,
,,,,,,,,,4.467986798679868e-07,6769,,,,,,,,,
22,,,,,,,,,,6769,0.07316650450229645,,,,,,,,
,,,,,,,,,4.471287128712871e-07,6774,,,,,,,,,
22,,,,,,,,,,6774,0.011912275105714798,,,,,,,,
,,,,,,,,,4.474587458745874e-07,6779,,,,,,,,,
22,,,,,,,,,,6779,0.06940040737390518,,,,,,,,
,,,,,,,,,4.477887788778878e-07,6784,,,,,,,,,
22,,,,,,,,,,6784,0.05295679718255997,,,,,,,,
,,,,,,,,,4.481188118811881e-07,6789,,,,,,,,,
22,,,,,,,,,,6789,0.035437487065792084,,,,,,,,
,,,,,,,,,4.4844884488448844e-07,6794,,,,,,,,,
22,,,,,,,,,,6794,0.04763920605182648,,,,,,,,
,,,,,,,,,4.487788778877887e-07,6799,,,,,,,,,
22,,,,,,,,,,6799,0.027813659980893135,,,,,,,,
,,,,,,,,,4.491089108910891e-07,6804,,,,,,,,,
22,,,,,,,,,,6804,0.06416557729244232,,,,,,,,
,,,,,,,,,4.494389438943894e-07,6809,,,,,,,,,
22,,,,,,,,,,6809,0.06444673985242844,,,,,,,,
,,,,,,,,,4.4976897689768973e-07,6814,,,,,,,,,
22,,,,,,,,,,6814,0.04836750030517578,,,,,,,,
,,,,,,,,,4.500990099009901e-07,6819,,,,,,,,,
22,,,,,,,,,,6819,0.04228765517473221,,,,,,,,
,,,,,,,,,4.504290429042904e-07,6824,,,,,,,,,
22,,,,,,,,,,6824,0.07737551629543304,,,,,,,,
,,,,,,,,,4.507590759075907e-07,6829,,,,,,,,,
22,,,,,,,,,,6829,0.06894314289093018,,,,,,,,
,,,,,,,,,4.5108910891089107e-07,6834,,,,,,,,,
22,,,,,,,,,,6834,0.0651087835431099,,,,,,,,
,,,,,,,,,4.514191419141914e-07,6839,,,,,,,,,
22,,,,,,,,,,6839,0.09157190471887589,,,,,,,,
,,,,,,,,,4.517491749174917e-07,6844,,,,,,,,,
22,,,,,,,,,,6844,0.04581489786505699,,,,,,,,
,,,,,,,,,4.520792079207921e-07,6849,,,,,,,,,
22,,,,,,,,,,6849,0.023574216291308403,,,,,,,,
,,,,,,,,,4.5240924092409236e-07,6854,,,,,,,,,
22,,,,,,,,,,6854,0.06086910516023636,,,,,,,,
,,,,,,,,,4.527392739273927e-07,6859,,,,,,,,,
22,,,,,,,,,,6859,0.08275782316923141,,,,,,,,
,,,,,,,,,4.5306930693069306e-07,6864,,,,,,,,,
22,,,,,,,,,,6864,0.07125972956418991,,,,,,,,
,,,,,,,,,4.533993399339934e-07,6869,,,,,,,,,
22,,,,,,,,,,6869,0.053111732006073,,,,,,,,
,,,,,,,,,4.537293729372937e-07,6874,,,,,,,,,
22,,,,,,,,,,6874,0.04671436548233032,,,,,,,,
,,,,,,,,,4.540594059405941e-07,6879,,,,,,,,,
22,,,,,,,,,,6879,0.06434235721826553,,,,,,,,
,,,,,,,,,4.5438943894389435e-07,6884,,,,,,,,,
22,,,,,,,,,,6884,0.0346527025103569,,,,,,,,
,,,,,,,,,4.5471947194719467e-07,6889,,,,,,,,,
22,,,,,,,,,,6889,0.029047107324004173,,,,,,,,
,,,,,,,,,4.5504950495049505e-07,6894,,,,,,,,,
22,,,,,,,,,,6894,0.05633040890097618,,,,,,,,
,,,,,,,,,4.5537953795379537e-07,6899,,,,,,,,,
22,,,,,,,,,,6899,0.06521464884281158,,,,,,,,
,,,,,,,,,4.557095709570957e-07,6904,,,,,,,,,
22,,,,,,,,,,6904,0.05662783235311508,,,,,,,,
,,,,,,,,,4.56039603960396e-07,6909,,,,,,,,,
22,,,,,,,,,,6909,0.0706452950835228,,,,,,,,
,,,,,,,,,4.5636963696369634e-07,6914,,,,,,,,,
22,,,,,,,,,,6914,0.06675785779953003,,,,,,,,
,,,,,,,,,4.5669966996699666e-07,6919,,,,,,,,,
22,,,,,,,,,,6919,0.03129040449857712,,,,,,,,
,,,,,,,,,4.5702970297029703e-07,6924,,,,,,,,,
22,,,,,,,,,,6924,0.08284903317689896,,,,,,,,
,,,,,,,,,4.5735973597359736e-07,6929,,,,,,,,,
22,,,,,,,,,,6929,0.045600228011608124,,,,,,,,
,,,,,,,,,4.576897689768976e-07,6934,,,,,,,,,
22,,,,,,,,,,6934,0.04332653805613518,,,,,,,,
,,,,,,,,,4.58019801980198e-07,6939,,,,,,,,,
22,,,,,,,,,,6939,0.0433470755815506,,,,,,,,
,,,,,,,,,4.583498349834983e-07,6944,,,,,,,,,
22,,,,,,,,,,6944,0.03766598924994469,,,,,,,,
,,,,,,,,,4.5867986798679865e-07,6949,,,,,,,,,
22,,,,,,,,,,6949,0.04117846116423607,,,,,,,,
,,,,,,,,,4.59009900990099e-07,6954,,,,,,,,,
22,,,,,,,,,,6954,0.08538998663425446,,,,,,,,
,,,,,,,,,4.5933993399339934e-07,6959,,,,,,,,,
22,,,,,,,,,,6959,0.08952588587999344,,,,,,,,
,,,,,,,,,4.596699669966996e-07,6964,,,,,,,,,
22,,,,,,,,,,6964,0.09480971843004227,,,,,,,,
22,,,,,,,,,,6968,,0.6312500238418579,0.700507640838623,0.07369296252727509,0.07369296252727509,0.3653315007686615,0.644859790802002,0.7666666507720947,0.3682386875152588
,,,,,,,,,4.6e-07,6969,,,,,,,,,
23,,,,,,,,,,6969,0.03009367361664772,,,,,,,,
,,,,,,,,,4.603300330033003e-07,6974,,,,,,,,,
23,,,,,,,,,,6974,0.06260482966899872,,,,,,,,
,,,,,,,,,4.6066006600660063e-07,6979,,,,,,,,,
23,,,,,,,,,,6979,0.10548998415470123,,,,,,,,
,,,,,,,,,4.60990099009901e-07,6984,,,,,,,,,
23,,,,,,,,,,6984,0.05711911618709564,,,,,,,,
,,,,,,,,,4.613201320132013e-07,6989,,,,,,,,,
23,,,,,,,,,,6989,0.04924560338258743,,,,,,,,
,,,,,,,,,4.616501650165016e-07,6994,,,,,,,,,
23,,,,,,,,,,6994,0.03064781427383423,,,,,,,,
,,,,,,,,,4.61980198019802e-07,6999,,,,,,,,,
23,,,,,,,,,,6999,0.05270672217011452,,,,,,,,
,,,,,,,,,4.623102310231023e-07,7004,,,,,,,,,
23,,,,,,,,,,7004,0.0709613487124443,,,,,,,,
,,,,,,,,,4.626402640264026e-07,7009,,,,,,,,,
23,,,,,,,,,,7009,0.06297197937965393,,,,,,,,
,,,,,,,,,4.62970297029703e-07,7014,,,,,,,,,
23,,,,,,,,,,7014,0.033213187009096146,,,,,,,,
,,,,,,,,,4.6330033003300327e-07,7019,,,,,,,,,
23,,,,,,,,,,7019,0.05809082090854645,,,,,,,,
,,,,,,,,,4.636303630363036e-07,7024,,,,,,,,,
23,,,,,,,,,,7024,0.046117622405290604,,,,,,,,
,,,,,,,,,4.6396039603960397e-07,7029,,,,,,,,,
23,,,,,,,,,,7029,0.08428459614515305,,,,,,,,
,,,,,,,,,4.642904290429043e-07,7034,,,,,,,,,
23,,,,,,,,,,7034,0.057484373450279236,,,,,,,,
,,,,,,,,,4.646204620462046e-07,7039,,,,,,,,,
23,,,,,,,,,,7039,0.06214611977338791,,,,,,,,
,,,,,,,,,4.6495049504950493e-07,7044,,,,,,,,,
23,,,,,,,,,,7044,0.035205595195293427,,,,,,,,
,,,,,,,,,4.6528052805280526e-07,7049,,,,,,,,,
23,,,,,,,,,,7049,0.029148923233151436,,,,,,,,
,,,,,,,,,4.656105610561056e-07,7054,,,,,,,,,
23,,,,,,,,,,7054,0.03502300754189491,,,,,,,,
,,,,,,,,,4.6594059405940595e-07,7059,,,,,,,,,
23,,,,,,,,,,7059,0.02934888005256653,,,,,,,,
,,,,,,,,,4.662706270627063e-07,7064,,,,,,,,,
23,,,,,,,,,,7064,0.01239259634166956,,,,,,,,
,,,,,,,,,4.6660066006600655e-07,7069,,,,,,,,,
23,,,,,,,,,,7069,0.054335013031959534,,,,,,,,
,,,,,,,,,4.669306930693069e-07,7074,,,,,,,,,
23,,,,,,,,,,7074,0.061614472419023514,,,,,,,,
,,,,,,,,,4.6726072607260724e-07,7079,,,,,,,,,
23,,,,,,,,,,7079,0.05704183131456375,,,,,,,,
,,,,,,,,,4.6759075907590757e-07,7084,,,,,,,,,
23,,,,,,,,,,7084,0.027520356699824333,,,,,,,,
,,,,,,,,,4.6792079207920794e-07,7089,,,,,,,,,
23,,,,,,,,,,7089,0.03601028025150299,,,,,,,,
,,,,,,,,,4.6825082508250826e-07,7094,,,,,,,,,
23,,,,,,,,,,7094,0.04009135439991951,,,,,,,,
,,,,,,,,,4.6858085808580853e-07,7099,,,,,,,,,
23,,,,,,,,,,7099,0.057676997035741806,,,,,,,,
,,,,,,,,,4.6891089108910886e-07,7104,,,,,,,,,
23,,,,,,,,,,7104,0.034082796424627304,,,,,,,,
,,,,,,,,,4.6924092409240923e-07,7109,,,,,,,,,
23,,,,,,,,,,7109,0.053172580897808075,,,,,,,,
,,,,,,,,,4.6957095709570955e-07,7114,,,,,,,,,
23,,,,,,,,,,7114,0.06260664016008377,,,,,,,,
,,,,,,,,,4.699009900990099e-07,7119,,,,,,,,,
23,,,,,,,,,,7119,0.058950748294591904,,,,,,,,
,,,,,,,,,4.702310231023102e-07,7124,,,,,,,,,
23,,,,,,,,,,7124,0.043550070375204086,,,,,,,,
,,,,,,,,,4.705610561056105e-07,7129,,,,,,,,,
23,,,,,,,,,,7129,0.03706004098057747,,,,,,,,
,,,,,,,,,4.7089108910891084e-07,7134,,,,,,,,,
23,,,,,,,,,,7134,0.04546019434928894,,,,,,,,
,,,,,,,,,4.712211221122112e-07,7139,,,,,,,,,
23,,,,,,,,,,7139,0.020024310797452927,,,,,,,,
,,,,,,,,,4.7155115511551154e-07,7144,,,,,,,,,
23,,,,,,,,,,7144,0.03584899753332138,,,,,,,,
,,,,,,,,,4.718811881188118e-07,7149,,,,,,,,,
23,,,,,,,,,,7149,0.04249630868434906,,,,,,,,
,,,,,,,,,4.722112211221122e-07,7154,,,,,,,,,
23,,,,,,,,,,7154,0.05911123380064964,,,,,,,,
,,,,,,,,,4.725412541254125e-07,7159,,,,,,,,,
23,,,,,,,,,,7159,0.0832386165857315,,,,,,,,
,,,,,,,,,4.7287128712871283e-07,7164,,,,,,,,,
23,,,,,,,,,,7164,0.03819137439131737,,,,,,,,
,,,,,,,,,4.732013201320132e-07,7169,,,,,,,,,
23,,,,,,,,,,7169,0.06905699521303177,,,,,,,,
,,,,,,,,,4.7353135313531353e-07,7174,,,,,,,,,
23,,,,,,,,,,7174,0.05967116728425026,,,,,,,,
,,,,,,,,,4.738613861386138e-07,7179,,,,,,,,,
23,,,,,,,,,,7179,0.042078983038663864,,,,,,,,
,,,,,,,,,4.741914191419142e-07,7184,,,,,,,,,
23,,,,,,,,,,7184,0.06325548142194748,,,,,,,,
,,,,,,,,,4.745214521452145e-07,7189,,,,,,,,,
23,,,,,,,,,,7189,0.036032311618328094,,,,,,,,
,,,,,,,,,4.748514851485148e-07,7194,,,,,,,,,
23,,,,,,,,,,7194,0.055915240198373795,,,,,,,,
,,,,,,,,,4.751815181518152e-07,7199,,,,,,,,,
23,,,,,,,,,,7199,0.01106894388794899,,,,,,,,
,,,,,,,,,4.7551155115511547e-07,7204,,,,,,,,,
23,,,,,,,,,,7204,0.03535229340195656,,,,,,,,
,,,,,,,,,4.758415841584158e-07,7209,,,,,,,,,
23,,,,,,,,,,7209,0.050537094473838806,,,,,,,,
,,,,,,,,,4.7617161716171616e-07,7214,,,,,,,,,
23,,,,,,,,,,7214,0.02537156082689762,,,,,,,,
,,,,,,,,,4.765016501650165e-07,7219,,,,,,,,,
23,,,,,,,,,,7219,0.10078724473714828,,,,,,,,
,,,,,,,,,4.768316831683168e-07,7224,,,,,,,,,
23,,,,,,,,,,7224,0.033121731132268906,,,,,,,,
,,,,,,,,,4.771617161716171e-07,7229,,,,,,,,,
23,,,,,,,,,,7229,0.04816722497344017,,,,,,,,
,,,,,,,,,4.774917491749175e-07,7234,,,,,,,,,
23,,,,,,,,,,7234,0.026980480179190636,,,,,,,,
,,,,,,,,,4.778217821782178e-07,7239,,,,,,,,,
23,,,,,,,,,,7239,0.04716561734676361,,,,,,,,
,,,,,,,,,4.781518151815182e-07,7244,,,,,,,,,
23,,,,,,,,,,7244,0.023299042135477066,,,,,,,,
,,,,,,,,,4.784818481848184e-07,7249,,,,,,,,,
23,,,,,,,,,,7249,0.03811805322766304,,,,,,,,
,,,,,,,,,4.788118811881188e-07,7254,,,,,,,,,
23,,,,,,,,,,7254,0.039375144988298416,,,,,,,,
,,,,,,,,,4.791419141914192e-07,7259,,,,,,,,,
23,,,,,,,,,,7259,0.10706298798322678,,,,,,,,
,,,,,,,,,4.794719471947194e-07,7264,,,,,,,,,
23,,,,,,,,,,7264,0.09995178133249283,,,,,,,,
,,,,,,,,,4.798019801980197e-07,7269,,,,,,,,,
23,,,,,,,,,,7269,0.038768526166677475,,,,,,,,
23,,,,,,,,,,7271,,0.637499988079071,0.6914893388748169,0.07332666963338852,0.07332666963338852,0.3693263828754425,0.6632652878761292,0.7222222089767456,0.37543392181396484
,,,,,,,,,4.801320132013201e-07,7274,,,,,,,,,
24,,,,,,,,,,7274,0.06141071766614914,,,,,,,,
,,,,,,,,,4.804620462046205e-07,7279,,,,,,,,,
24,,,,,,,,,,7279,0.052700020372867584,,,,,,,,
,,,,,,,,,4.807920792079207e-07,7284,,,,,,,,,
24,,,,,,,,,,7284,0.0761522501707077,,,,,,,,
,,,,,,,,,4.811221122112211e-07,7289,,,,,,,,,
24,,,,,,,,,,7289,0.05314680561423302,,,,,,,,
,,,,,,,,,4.814521452145215e-07,7294,,,,,,,,,
24,,,,,,,,,,7294,0.05737503245472908,,,,,,,,
,,,,,,,,,4.817821782178218e-07,7299,,,,,,,,,
24,,,,,,,,,,7299,0.037598613649606705,,,,,,,,
,,,,,,,,,4.821122112211221e-07,7304,,,,,,,,,
24,,,,,,,,,,7304,0.05494668334722519,,,,,,,,
,,,,,,,,,4.824422442244224e-07,7309,,,,,,,,,
24,,,,,,,,,,7309,0.04398263245820999,,,,,,,,
,,,,,,,,,4.827722772277228e-07,7314,,,,,,,,,
24,,,,,,,,,,7314,0.04789602756500244,,,,,,,,
,,,,,,,,,4.831023102310231e-07,7319,,,,,,,,,
24,,,,,,,,,,7319,0.06012821942567825,,,,,,,,
,,,,,,,,,4.834323432343234e-07,7324,,,,,,,,,
24,,,,,,,,,,7324,0.04374299943447113,,,,,,,,
,,,,,,,,,4.837623762376237e-07,7329,,,,,,,,,
24,,,,,,,,,,7329,0.07750566303730011,,,,,,,,
,,,,,,,,,4.840924092409241e-07,7334,,,,,,,,,
24,,,,,,,,,,7334,0.04848697409033775,,,,,,,,
,,,,,,,,,4.844224422442244e-07,7339,,,,,,,,,
24,,,,,,,,,,7339,0.04615342989563942,,,,,,,,
,,,,,,,,,4.847524752475247e-07,7344,,,,,,,,,
24,,,,,,,,,,7344,0.07563811540603638,,,,,,,,
,,,,,,,,,4.850825082508251e-07,7349,,,,,,,,,
24,,,,,,,,,,7349,0.05946129187941551,,,,,,,,
,,,,,,,,,4.854125412541254e-07,7354,,,,,,,,,
24,,,,,,,,,,7354,0.048982445150613785,,,,,,,,
,,,,,,,,,4.857425742574257e-07,7359,,,,,,,,,
24,,,,,,,,,,7359,0.0579165555536747,,,,,,,,
,,,,,,,,,4.860726072607261e-07,7364,,,,,,,,,
24,,,,,,,,,,7364,0.030989205464720726,,,,,,,,
,,,,,,,,,4.864026402640264e-07,7369,,,,,,,,,
24,,,,,,,,,,7369,0.09634190052747726,,,,,,,,
,,,,,,,,,4.867326732673267e-07,7374,,,,,,,,,
24,,,,,,,,,,7374,0.013633583672344685,,,,,,,,
,,,,,,,,,4.87062706270627e-07,7379,,,,,,,,,
24,,,,,,,,,,7379,0.05642548203468323,,,,,,,,
,,,,,,,,,4.873927392739274e-07,7384,,,,,,,,,
24,,,,,,,,,,7384,0.034720174968242645,,,,,,,,
,,,,,,,,,4.877227722772277e-07,7389,,,,,,,,,
24,,,,,,,,,,7389,0.049440912902355194,,,,,,,,
,,,,,,,,,4.88052805280528e-07,7394,,,,,,,,,
24,,,,,,,,,,7394,0.03360559418797493,,,,,,,,
,,,,,,,,,4.883828382838284e-07,7399,,,,,,,,,
24,,,,,,,,,,7399,0.023730281740427017,,,,,,,,
,,,,,,,,,4.887128712871287e-07,7404,,,,,,,,,
24,,,,,,,,,,7404,0.03289712965488434,,,,,,,,
,,,,,,,,,4.890429042904291e-07,7409,,,,,,,,,
24,,,,,,,,,,7409,0.029915591701865196,,,,,,,,
,,,,,,,,,4.893729372937293e-07,7414,,,,,,,,,
24,,,,,,,,,,7414,0.052239179611206055,,,,,,,,
,,,,,,,,,4.897029702970297e-07,7419,,,,,,,,,
24,,,,,,,,,,7419,0.02001747116446495,,,,,,,,
,,,,,,,,,4.9003300330033e-07,7424,,,,,,,,,
24,,,,,,,,,,7424,0.029816167429089546,,,,,,,,
,,,,,,,,,4.903630363036303e-07,7429,,,,,,,,,
24,,,,,,,,,,7429,0.02357911318540573,,,,,,,,
,,,,,,,,,4.906930693069306e-07,7434,,,,,,,,,
24,,,,,,,,,,7434,0.05550849437713623,,,,,,,,
,,,,,,,,,4.91023102310231e-07,7439,,,,,,,,,
24,,,,,,,,,,7439,0.01190549973398447,,,,,,,,
,,,,,,,,,4.913531353135314e-07,7444,,,,,,,,,
24,,,,,,,,,,7444,0.04689721390604973,,,,,,,,
,,,,,,,,,4.916831683168316e-07,7449,,,,,,,,,
24,,,,,,,,,,7449,0.04049500823020935,,,,,,,,
,,,,,,,,,4.92013201320132e-07,7454,,,,,,,,,
24,,,,,,,,,,7454,0.04837604984641075,,,,,,,,
,,,,,,,,,4.923432343234323e-07,7459,,,,,,,,,
24,,,,,,,,,,7459,0.058862198144197464,,,,,,,,
,,,,,,,,,4.926732673267327e-07,7464,,,,,,,,,
24,,,,,,,,,,7464,0.05181127041578293,,,,,,,,
,,,,,,,,,4.930033003300329e-07,7469,,,,,,,,,
24,,,,,,,,,,7469,0.05134018138051033,,,,,,,,
,,,,,,,,,4.933333333333333e-07,7474,,,,,,,,,
24,,,,,,,,,,7474,0.006762704811990261,,,,,,,,
,,,,,,,,,4.936633663366337e-07,7479,,,,,,,,,
24,,,,,,,,,,7479,0.034775398671627045,,,,,,,,
,,,,,,,,,4.93993399339934e-07,7484,,,,,,,,,
24,,,,,,,,,,7484,0.08779118955135345,,,,,,,,
,,,,,,,,,4.943234323432343e-07,7489,,,,,,,,,
24,,,,,,,,,,7489,0.029848992824554443,,,,,,,,
,,,,,,,,,4.946534653465346e-07,7494,,,,,,,,,
24,,,,,,,,,,7494,0.033399853855371475,,,,,,,,
,,,,,,,,,4.94983498349835e-07,7499,,,,,,,,,
24,,,,,,,,,,7499,0.03827299922704697,,,,,,,,
,,,,,,,,,4.953135313531353e-07,7504,,,,,,,,,
24,,,,,,,,,,7504,0.06516825407743454,,,,,,,,
,,,,,,,,,4.956435643564356e-07,7509,,,,,,,,,
24,,,,,,,,,,7509,0.10725218057632446,,,,,,,,
,,,,,,,,,4.959735973597359e-07,7514,,,,,,,,,
24,,,,,,,,,,7514,0.05997038632631302,,,,,,,,
,,,,,,,,,4.963036303630363e-07,7519,,,,,,,,,
24,,,,,,,,,,7519,0.039631642401218414,,,,,,,,
,,,,,,,,,4.966336633663366e-07,7524,,,,,,,,,
24,,,,,,,,,,7524,0.022880367934703827,,,,,,,,
,,,,,,,,,4.969636963696369e-07,7529,,,,,,,,,
24,,,,,,,,,,7529,0.07674014568328857,,,,,,,,
,,,,,,,,,4.972937293729373e-07,7534,,,,,,,,,
24,,,,,,,,,,7534,0.06385938823223114,,,,,,,,
,,,,,,,,,4.976237623762375e-07,7539,,,,,,,,,
24,,,,,,,,,,7539,0.041189856827259064,,,,,,,,
,,,,,,,,,4.979537953795379e-07,7544,,,,,,,,,
24,,,,,,,,,,7544,0.026923272758722305,,,,,,,,
,,,,,,,,,4.982838283828383e-07,7549,,,,,,,,,
24,,,,,,,,,,7549,0.0322597473859787,,,,,,,,
,,,,,,,,,4.986138613861386e-07,7554,,,,,,,,,
24,,,,,,,,,,7554,0.036919884383678436,,,,,,,,
,,,,,,,,,4.989438943894389e-07,7559,,,,,,,,,
24,,,,,,,,,,7559,0.08434392511844635,,,,,,,,
,,,,,,,,,4.992739273927393e-07,7564,,,,,,,,,
24,,,,,,,,,,7564,0.08450276404619217,,,,,,,,
,,,,,,,,,4.996039603960396e-07,7569,,,,,,,,,
24,,,,,,,,,,7569,0.034793250262737274,,,,,,,,
,,,,,,,,,4.999339933993399e-07,7574,,,,,,,,,
24,,,,,,,,,,7574,0.0653221532702446,,,,,,,,
24,,,,,,,,,,7574,,0.637499988079071,0.6914893388748169,0.07301529496908188,0.07301529496908188,0.384988397359848,0.6632652878761292,0.7222222089767456,0.3889135718345642
,,,,,,,,,5.002640264026402e-07,7579,,,,,,,,,
25,,,,,,,,,,7579,0.06199363246560097,,,,,,,,
,,,,,,,,,5.005940594059406e-07,7584,,,,,,,,,
25,,,,,,,,,,7584,0.06537097692489624,,,,,,,,
,,,,,,,,,5.00924092409241e-07,7589,,,,,,,,,
25,,,,,,,,,,7589,0.07278909534215927,,,,,,,,
,,,,,,,,,5.012541254125411e-07,7594,,,,,,,,,
25,,,,,,,,,,7594,0.05266793817281723,,,,,,,,
,,,,,,,,,5.015841584158415e-07,7599,,,,,,,,,
25,,,,,,,,,,7599,0.04654453322291374,,,,,,,,
,,,,,,,,,5.019141914191419e-07,7604,,,,,,,,,
25,,,,,,,,,,7604,0.036003172397613525,,,,,,,,
,,,,,,,,,5.022442244224422e-07,7609,,,,,,,,,
25,,,,,,,,,,7609,0.042770277708768845,,,,,,,,
,,,,,,,,,5.025742574257425e-07,7614,,,,,,,,,
25,,,,,,,,,,7614,0.0595809705555439,,,,,,,,
,,,,,,,,,5.029042904290429e-07,7619,,,,,,,,,
25,,,,,,,,,,7619,0.037740226835012436,,,,,,,,
,,,,,,,,,5.032343234323432e-07,7624,,,,,,,,,
25,,,,,,,,,,7624,0.005058459006249905,,,,,,,,
,,,,,,,,,5.035643564356436e-07,7629,,,,,,,,,
25,,,,,,,,,,7629,0.037124767899513245,,,,,,,,
,,,,,,,,,5.038943894389439e-07,7634,,,,,,,,,
25,,,,,,,,,,7634,0.06292843818664551,,,,,,,,
,,,,,,,,,5.042244224422442e-07,7639,,,,,,,,,
25,,,,,,,,,,7639,0.012105900794267654,,,,,,,,
,,,,,,,,,5.045544554455446e-07,7644,,,,,,,,,
25,,,,,,,,,,7644,0.02070220559835434,,,,,,,,
,,,,,,,,,5.048844884488449e-07,7649,,,,,,,,,
25,,,,,,,,,,7649,0.042922958731651306,,,,,,,,
,,,,,,,,,5.052145214521451e-07,7654,,,,,,,,,
25,,,,,,,,,,7654,0.04020589590072632,,,,,,,,
,,,,,,,,,5.055445544554455e-07,7659,,,,,,,,,
25,,,,,,,,,,7659,0.06471297144889832,,,,,,,,
,,,,,,,,,5.058745874587459e-07,7664,,,,,,,,,
25,,,,,,,,,,7664,0.03411684185266495,,,,,,,,
,,,,,,,,,5.062046204620461e-07,7669,,,,,,,,,
25,,,,,,,,,,7669,0.03401557728648186,,,,,,,,
,,,,,,,,,5.065346534653465e-07,7674,,,,,,,,,
25,,,,,,,,,,7674,0.05406569689512253,,,,,,,,
,,,,,,,,,5.068646864686469e-07,7679,,,,,,,,,
25,,,,,,,,,,7679,0.029733289033174515,,,,,,,,
,,,,,,,,,5.071947194719472e-07,7684,,,,,,,,,
25,,,,,,,,,,7684,0.05539076030254364,,,,,,,,
,,,,,,,,,5.075247524752475e-07,7689,,,,,,,,,
25,,,,,,,,,,7689,0.025353701785206795,,,,,,,,
,,,,,,,,,5.078547854785479e-07,7694,,,,,,,,,
25,,,,,,,,,,7694,0.024445006623864174,,,,,,,,
,,,,,,,,,5.081848184818481e-07,7699,,,,,,,,,
25,,,,,,,,,,7699,0.05057482793927193,,,,,,,,
,,,,,,,,,5.085148514851485e-07,7704,,,,,,,,,
25,,,,,,,,,,7704,0.04015162214636803,,,,,,,,
,,,,,,,,,5.088448844884488e-07,7709,,,,,,,,,
25,,,,,,,,,,7709,0.04161088541150093,,,,,,,,
,,,,,,,,,5.091749174917491e-07,7714,,,,,,,,,
25,,,,,,,,,,7714,0.08875833451747894,,,,,,,,
,,,,,,,,,5.095049504950495e-07,7719,,,,,,,,,
25,,,,,,,,,,7719,0.032342780381441116,,,,,,,,
,,,,,,,,,5.098349834983499e-07,7724,,,,,,,,,
25,,,,,,,,,,7724,0.04090793803334236,,,,,,,,
,,,,,,,,,5.101650165016501e-07,7729,,,,,,,,,
25,,,,,,,,,,7729,0.06210720166563988,,,,,,,,
,,,,,,,,,5.104950495049505e-07,7734,,,,,,,,,
25,,,,,,,,,,7734,0.021690351888537407,,,,,,,,
,,,,,,,,,5.108250825082509e-07,7739,,,,,,,,,
25,,,,,,,,,,7739,0.03645366057753563,,,,,,,,
,,,,,,,,,5.111551155115511e-07,7744,,,,,,,,,
25,,,,,,,,,,7744,0.025512579828500748,,,,,,,,
,,,,,,,,,5.114851485148515e-07,7749,,,,,,,,,
25,,,,,,,,,,7749,0.011432969011366367,,,,,,,,
,,,,,,,,,5.118151815181518e-07,7754,,,,,,,,,
25,,,,,,,,,,7754,0.06247981637716293,,,,,,,,
,,,,,,,,,5.121452145214521e-07,7759,,,,,,,,,
25,,,,,,,,,,7759,0.022810259833931923,,,,,,,,
,,,,,,,,,5.124752475247524e-07,7764,,,,,,,,,
25,,,,,,,,,,7764,0.07390233129262924,,,,,,,,
,,,,,,,,,5.128052805280528e-07,7769,,,,,,,,,
25,,,,,,,,,,7769,0.02959059551358223,,,,,,,,
,,,,,,,,,5.131353135313531e-07,7774,,,,,,,,,
25,,,,,,,,,,7774,0.03519400209188461,,,,,,,,
,,,,,,,,,5.134653465346535e-07,7779,,,,,,,,,
25,,,,,,,,,,7779,0.05329478532075882,,,,,,,,
,,,,,,,,,5.137953795379538e-07,7784,,,,,,,,,
25,,,,,,,,,,7784,0.040973000228405,,,,,,,,
,,,,,,,,,5.141254125412541e-07,7789,,,,,,,,,
25,,,,,,,,,,7789,0.02555321343243122,,,,,,,,
,,,,,,,,,5.144554455445545e-07,7794,,,,,,,,,
25,,,,,,,,,,7794,0.01841283217072487,,,,,,,,
,,,,,,,,,5.147854785478548e-07,7799,,,,,,,,,
25,,,,,,,,,,7799,0.04933366924524307,,,,,,,,
,,,,,,,,,5.151155115511551e-07,7804,,,,,,,,,
25,,,,,,,,,,7804,0.048729315400123596,,,,,,,,
,,,,,,,,,5.154455445544554e-07,7809,,,,,,,,,
25,,,,,,,,,,7809,0.027610059827566147,,,,,,,,
,,,,,,,,,5.157755775577558e-07,7814,,,,,,,,,
25,,,,,,,,,,7814,0.08941133320331573,,,,,,,,
,,,,,,,,,5.16105610561056e-07,7819,,,,,,,,,
25,,,,,,,,,,7819,0.02843010053038597,,,,,,,,
,,,,,,,,,5.164356435643564e-07,7824,,,,,,,,,
25,,,,,,,,,,7824,0.05232197791337967,,,,,,,,
,,,,,,,,,5.167656765676568e-07,7829,,,,,,,,,
25,,,,,,,,,,7829,0.025296762585639954,,,,,,,,
,,,,,,,,,5.170957095709571e-07,7834,,,,,,,,,
25,,,,,,,,,,7834,0.04566005617380142,,,,,,,,
,,,,,,,,,5.174257425742574e-07,7839,,,,,,,,,
25,,,,,,,,,,7839,0.050965942442417145,,,,,,,,
,,,,,,,,,5.177557755775578e-07,7844,,,,,,,,,
25,,,,,,,,,,7844,0.06063592806458473,,,,,,,,
,,,,,,,,,5.180858085808581e-07,7849,,,,,,,,,
25,,,,,,,,,,7849,0.04298984631896019,,,,,,,,
,,,,,,,,,5.184158415841584e-07,7854,,,,,,,,,
25,,,,,,,,,,7854,0.048010773956775665,,,,,,,,
,,,,,,,,,5.187458745874588e-07,7859,,,,,,,,,
25,,,,,,,,,,7859,0.05645495280623436,,,,,,,,
,,,,,,,,,5.19075907590759e-07,7864,,,,,,,,,
25,,,,,,,,,,7864,0.05306333303451538,,,,,,,,
,,,,,,,,,5.194059405940594e-07,7869,,,,,,,,,
25,,,,,,,,,,7869,0.030908258631825447,,,,,,,,
,,,,,,,,,5.197359735973597e-07,7874,,,,,,,,,
25,,,,,,,,,,7874,0.07072985917329788,,,,,,,,
25,,,,,,,,,,7877,,0.6312500238418579,0.6703910827636719,0.07329988479614258,0.07329988479614258,0.375890851020813,0.6741573214530945,0.6666666865348816,0.38686323165893555
,,,,,,,,,5.2006600660066e-07,7879,,,,,,,,,
26,,,,,,,,,,7879,0.027294373139739037,,,,,,,,
,,,,,,,,,5.203960396039604e-07,7884,,,,,,,,,
26,,,,,,,,,,7884,0.05208556726574898,,,,,,,,
,,,,,,,,,5.207260726072608e-07,7889,,,,,,,,,
26,,,,,,,,,,7889,0.02580854296684265,,,,,,,,
,,,,,,,,,5.21056105610561e-07,7894,,,,,,,,,
26,,,,,,,,,,7894,0.020143721252679825,,,,,,,,
,,,,,,,,,5.213861386138614e-07,7899,,,,,,,,,
26,,,,,,,,,,7899,0.029289139434695244,,,,,,,,
,,,,,,,,,5.217161716171617e-07,7904,,,,,,,,,
26,,,,,,,,,,7904,0.03703910857439041,,,,,,,,
,,,,,,,,,5.22046204620462e-07,7909,,,,,,,,,
26,,,,,,,,,,7909,0.05253742262721062,,,,,,,,
,,,,,,,,,5.223762376237623e-07,7914,,,,,,,,,
26,,,,,,,,,,7914,0.053554464131593704,,,,,,,,
,,,,,,,,,5.227062706270626e-07,7919,,,,,,,,,
26,,,,,,,,,,7919,0.06271659582853317,,,,,,,,
,,,,,,,,,5.23036303630363e-07,7924,,,,,,,,,
26,,,,,,,,,,7924,0.03592279180884361,,,,,,,,
,,,,,,,,,5.233663366336633e-07,7929,,,,,,,,,
26,,,,,,,,,,7929,0.04662487655878067,,,,,,,,
,,,,,,,,,5.236963696369636e-07,7934,,,,,,,,,
26,,,,,,,,,,7934,0.016649410128593445,,,,,,,,
,,,,,,,,,5.24026402640264e-07,7939,,,,,,,,,
26,,,,,,,,,,7939,0.04227375239133835,,,,,,,,
,,,,,,,,,5.243564356435644e-07,7944,,,,,,,,,
26,,,,,,,,,,7944,0.031134074553847313,,,,,,,,
,,,,,,,,,5.246864686468646e-07,7949,,,,,,,,,
26,,,,,,,,,,7949,0.04446844384074211,,,,,,,,
,,,,,,,,,5.25016501650165e-07,7954,,,,,,,,,
26,,,,,,,,,,7954,0.050086747854948044,,,,,,,,
,,,,,,,,,5.253465346534654e-07,7959,,,,,,,,,
26,,,,,,,,,,7959,0.047776274383068085,,,,,,,,
,,,,,,,,,5.256765676567657e-07,7964,,,,,,,,,
26,,,,,,,,,,7964,0.051099587231874466,,,,,,,,
,,,,,,,,,5.260066006600659e-07,7969,,,,,,,,,
26,,,,,,,,,,7969,0.03409812971949577,,,,,,,,
,,,,,,,,,5.263366336633663e-07,7974,,,,,,,,,
26,,,,,,,,,,7974,0.01883283630013466,,,,,,,,
,,,,,,,,,5.266666666666666e-07,7979,,,,,,,,,
26,,,,,,,,,,7979,0.0515139102935791,,,,,,,,
,,,,,,,,,5.269966996699669e-07,7984,,,,,,,,,
26,,,,,,,,,,7984,0.04616187885403633,,,,,,,,
,,,,,,,,,5.273267326732673e-07,7989,,,,,,,,,
26,,,,,,,,,,7989,0.04888070747256279,,,,,,,,
,,,,,,,,,5.276567656765676e-07,7994,,,,,,,,,
26,,,,,,,,,,7994,0.06296336650848389,,,,,,,,
,,,,,,,,,5.27986798679868e-07,7999,,,,,,,,,
26,,,,,,,,,,7999,0.05964435264468193,,,,,,,,
,,,,,,,,,5.283168316831683e-07,8004,,,,,,,,,
26,,,,,,,,,,8004,0.02071199379861355,,,,,,,,
,,,,,,,,,5.286468646864686e-07,8009,,,,,,,,,
26,,,,,,,,,,8009,0.03470654785633087,,,,,,,,
,,,,,,,,,5.28976897689769e-07,8014,,,,,,,,,
26,,,,,,,,,,8014,0.049582552164793015,,,,,,,,
,,,,,,,,,5.293069306930694e-07,8019,,,,,,,,,
26,,,,,,,,,,8019,0.04356915131211281,,,,,,,,
,,,,,,,,,5.296369636963695e-07,8024,,,,,,,,,
26,,,,,,,,,,8024,0.016079651191830635,,,,,,,,
,,,,,,,,,5.299669966996699e-07,8029,,,,,,,,,
26,,,,,,,,,,8029,0.025948118418455124,,,,,,,,
,,,,,,,,,5.302970297029703e-07,8034,,,,,,,,,
26,,,,,,,,,,8034,0.04044593125581741,,,,,,,,
,,,,,,,,,5.306270627062705e-07,8039,,,,,,,,,
26,,,,,,,,,,8039,0.025959407910704613,,,,,,,,
,,,,,,,,,5.309570957095709e-07,8044,,,,,,,,,
26,,,,,,,,,,8044,0.02771947719156742,,,,,,,,
,,,,,,,,,5.312871287128713e-07,8049,,,,,,,,,
26,,,,,,,,,,8049,0.02562752552330494,,,,,,,,
,,,,,,,,,5.316171617161716e-07,8054,,,,,,,,,
26,,,,,,,,,,8054,0.05445082113146782,,,,,,,,
,,,,,,,,,5.319471947194719e-07,8059,,,,,,,,,
26,,,,,,,,,,8059,0.057134609669446945,,,,,,,,
,,,,,,,,,5.322772277227723e-07,8064,,,,,,,,,
26,,,,,,,,,,8064,0.02067112922668457,,,,,,,,
,,,,,,,,,5.326072607260726e-07,8069,,,,,,,,,
26,,,,,,,,,,8069,0.011881831102073193,,,,,,,,
,,,,,,,,,5.32937293729373e-07,8074,,,,,,,,,
26,,,,,,,,,,8074,0.019808590412139893,,,,,,,,
,,,,,,,,,5.332673267326732e-07,8079,,,,,,,,,
26,,,,,,,,,,8079,0.029450776055455208,,,,,,,,
,,,,,,,,,5.335973597359735e-07,8084,,,,,,,,,
26,,,,,,,,,,8084,0.025671588256955147,,,,,,,,
,,,,,,,,,5.339273927392739e-07,8089,,,,,,,,,
26,,,,,,,,,,8089,0.035827573388814926,,,,,,,,
,,,,,,,,,5.342574257425742e-07,8094,,,,,,,,,
26,,,,,,,,,,8094,0.02226272039115429,,,,,,,,
,,,,,,,,,5.345874587458745e-07,8099,,,,,,,,,
26,,,,,,,,,,8099,0.08449327200651169,,,,,,,,
,,,,,,,,,5.349174917491749e-07,8104,,,,,,,,,
26,,,,,,,,,,8104,0.06095343455672264,,,,,,,,
,,,,,,,,,5.352475247524753e-07,8109,,,,,,,,,
26,,,,,,,,,,8109,0.0327516533434391,,,,,,,,
,,,,,,,,,5.355775577557755e-07,8114,,,,,,,,,
26,,,,,,,,,,8114,0.028778770938515663,,,,,,,,
,,,,,,,,,5.359075907590759e-07,8119,,,,,,,,,
26,,,,,,,,,,8119,0.052720267325639725,,,,,,,,
,,,,,,,,,5.362376237623763e-07,8124,,,,,,,,,
26,,,,,,,,,,8124,0.03165179118514061,,,,,,,,
,,,,,,,,,5.365676567656765e-07,8129,,,,,,,,,
26,,,,,,,,,,8129,0.04744819924235344,,,,,,,,
,,,,,,,,,5.368976897689768e-07,8134,,,,,,,,,
26,,,,,,,,,,8134,0.06258007884025574,,,,,,,,
,,,,,,,,,5.372277227722772e-07,8139,,,,,,,,,
26,,,,,,,,,,8139,0.047884441912174225,,,,,,,,
,,,,,,,,,5.375577557755775e-07,8144,,,,,,,,,
26,,,,,,,,,,8144,0.0368952676653862,,,,,,,,
,,,,,,,,,5.378877887788778e-07,8149,,,,,,,,,
26,,,,,,,,,,8149,0.028766270726919174,,,,,,,,
,,,,,,,,,5.382178217821782e-07,8154,,,,,,,,,
26,,,,,,,,,,8154,0.024230193346738815,,,,,,,,
,,,,,,,,,5.385478547854785e-07,8159,,,,,,,,,
26,,,,,,,,,,8159,0.04942081868648529,,,,,,,,
,,,,,,,,,5.388778877887789e-07,8164,,,,,,,,,
26,,,,,,,,,,8164,0.026635318994522095,,,,,,,,
,,,,,,,,,5.392079207920792e-07,8169,,,,,,,,,
26,,,,,,,,,,8169,0.035004694014787674,,,,,,,,
,,,,,,,,,5.395379537953795e-07,8174,,,,,,,,,
26,,,,,,,,,,8174,0.006663916166871786,,,,,,,,
,,,,,,,,,5.398679867986799e-07,8179,,,,,,,,,
26,,,,,,,,,,8179,0.03819620609283447,,,,,,,,
26,,,,,,,,,,8180,,0.6625000238418579,0.7127659320831299,0.0720914676785469,0.0720914676785469,0.4059830605983734,0.6836734414100647,0.7444444298744202,0.4108966290950775
,,,,,,,,,5.401980198019802e-07,8184,,,,,,,,,
27,,,,,,,,,,8184,0.01142304390668869,,,,,,,,
,,,,,,,,,5.405280528052804e-07,8189,,,,,,,,,
27,,,,,,,,,,8189,0.024771368131041527,,,,,,,,
,,,,,,,,,5.408580858085808e-07,8194,,,,,,,,,
27,,,,,,,,,,8194,0.028599226847290993,,,,,,,,
,,,,,,,,,5.411881188118812e-07,8199,,,,,,,,,
27,,,,,,,,,,8199,0.01762176863849163,,,,,,,,
,,,,,,,,,5.415181518151814e-07,8204,,,,,,,,,
27,,,,,,,,,,8204,0.05059416592121124,,,,,,,,
,,,,,,,,,5.418481848184818e-07,8209,,,,,,,,,
27,,,,,,,,,,8209,0.038776349276304245,,,,,,,,
,,,,,,,,,5.421782178217822e-07,8214,,,,,,,,,
27,,,,,,,,,,8214,0.01992213912308216,,,,,,,,
,,,,,,,,,5.425082508250825e-07,8219,,,,,,,,,
27,,,,,,,,,,8219,0.039060723036527634,,,,,,,,
,,,,,,,,,5.428382838283828e-07,8224,,,,,,,,,
27,,,,,,,,,,8224,0.029452094808220863,,,,,,,,
,,,,,,,,,5.431683168316832e-07,8229,,,,,,,,,
27,,,,,,,,,,8229,0.038357920944690704,,,,,,,,
,,,,,,,,,5.434983498349835e-07,8234,,,,,,,,,
27,,,,,,,,,,8234,0.08326978981494904,,,,,,,,
,,,,,,,,,5.438283828382838e-07,8239,,,,,,,,,
27,,,,,,,,,,8239,0.03442173823714256,,,,,,,,
,,,,,,,,,5.441584158415841e-07,8244,,,,,,,,,
27,,,,,,,,,,8244,0.04636012390255928,,,,,,,,
,,,,,,,,,5.444884488448844e-07,8249,,,,,,,,,
27,,,,,,,,,,8249,0.011097104288637638,,,,,,,,
,,,,,,,,,5.448184818481848e-07,8254,,,,,,,,,
27,,,,,,,,,,8254,0.031681280583143234,,,,,,,,
,,,,,,,,,5.451485148514852e-07,8259,,,,,,,,,
27,,,,,,,,,,8259,0.04163844883441925,,,,,,,,
,,,,,,,,,5.454785478547854e-07,8264,,,,,,,,,
27,,,,,,,,,,8264,0.03214104846119881,,,,,,,,
,,,,,,,,,5.458085808580858e-07,8269,,,,,,,,,
27,,,,,,,,,,8269,0.04431271553039551,,,,,,,,
,,,,,,,,,5.461386138613862e-07,8274,,,,,,,,,
27,,,,,,,,,,8274,0.026863839477300644,,,,,,,,
,,,,,,,,,5.464686468646864e-07,8279,,,,,,,,,
27,,,,,,,,,,8279,0.037664033472537994,,,,,,,,
,,,,,,,,,5.467986798679868e-07,8284,,,,,,,,,
27,,,,,,,,,,8284,0.018964748829603195,,,,,,,,
,,,,,,,,,5.471287128712872e-07,8289,,,,,,,,,
27,,,,,,,,,,8289,0.052734293043613434,,,,,,,,
,,,,,,,,,5.474587458745874e-07,8294,,,,,,,,,
27,,,,,,,,,,8294,0.04042813926935196,,,,,,,,
,,,,,,,,,5.477887788778877e-07,8299,,,,,,,,,
27,,,,,,,,,,8299,0.04891638830304146,,,,,,,,
,,,,,,,,,5.481188118811881e-07,8304,,,,,,,,,
27,,,,,,,,,,8304,0.06428185105323792,,,,,,,,
,,,,,,,,,5.484488448844884e-07,8309,,,,,,,,,
27,,,,,,,,,,8309,0.009934925474226475,,,,,,,,
,,,,,,,,,5.487788778877888e-07,8314,,,,,,,,,
27,,,,,,,,,,8314,0.06357261538505554,,,,,,,,
,,,,,,,,,5.491089108910891e-07,8319,,,,,,,,,
27,,,,,,,,,,8319,0.04960817098617554,,,,,,,,
,,,,,,,,,5.494389438943894e-07,8324,,,,,,,,,
27,,,,,,,,,,8324,0.046300504356622696,,,,,,,,
,,,,,,,,,5.497689768976898e-07,8329,,,,,,,,,
27,,,,,,,,,,8329,0.038985006511211395,,,,,,,,
,,,,,,,,,5.500990099009902e-07,8334,,,,,,,,,
27,,,,,,,,,,8334,0.020155347883701324,,,,,,,,
,,,,,,,,,5.504290429042904e-07,8339,,,,,,,,,
27,,,,,,,,,,8339,0.04323388636112213,,,,,,,,
,,,,,,,,,5.507590759075907e-07,8344,,,,,,,,,
27,,,,,,,,,,8344,0.05846003070473671,,,,,,,,
,,,,,,,,,5.510891089108911e-07,8349,,,,,,,,,
27,,,,,,,,,,8349,0.030224036425352097,,,,,,,,
,,,,,,,,,5.514191419141913e-07,8354,,,,,,,,,
27,,,,,,,,,,8354,0.02246754802763462,,,,,,,,
,,,,,,,,,5.517491749174917e-07,8359,,,,,,,,,
27,,,,,,,,,,8359,0.015534964390099049,,,,,,,,
,,,,,,,,,5.520792079207921e-07,8364,,,,,,,,,
27,,,,,,,,,,8364,0.0782293975353241,,,,,,,,
,,,,,,,,,5.524092409240924e-07,8369,,,,,,,,,
27,,,,,,,,,,8369,0.04492776095867157,,,,,,,,
,,,,,,,,,5.527392739273927e-07,8374,,,,,,,,,
27,,,,,,,,,,8374,0.049498364329338074,,,,,,,,
,,,,,,,,,5.530693069306931e-07,8379,,,,,,,,,
27,,,,,,,,,,8379,0.024858254939317703,,,,,,,,
,,,,,,,,,5.533993399339934e-07,8384,,,,,,,,,
27,,,,,,,,,,8384,0.028884056955575943,,,,,,,,
,,,,,,,,,5.537293729372938e-07,8389,,,,,,,,,
27,,,,,,,,,,8389,0.035966403782367706,,,,,,,,
,,,,,,,,,5.540594059405941e-07,8394,,,,,,,,,
27,,,,,,,,,,8394,0.07641804218292236,,,,,,,,
,,,,,,,,,5.543894389438943e-07,8399,,,,,,,,,
27,,,,,,,,,,8399,0.0162799172103405,,,,,,,,
,,,,,,,,,5.547194719471947e-07,8404,,,,,,,,,
27,,,,,,,,,,8404,0.029502402991056442,,,,,,,,
,,,,,,,,,5.55049504950495e-07,8409,,,,,,,,,
27,,,,,,,,,,8409,0.021281033754348755,,,,,,,,
,,,,,,,,,5.553795379537953e-07,8414,,,,,,,,,
27,,,,,,,,,,8414,0.02988685481250286,,,,,,,,
,,,,,,,,,5.557095709570957e-07,8419,,,,,,,,,
27,,,,,,,,,,8419,0.01698356494307518,,,,,,,,
,,,,,,,,,5.560396039603961e-07,8424,,,,,,,,,
27,,,,,,,,,,8424,0.02633509784936905,,,,,,,,
,,,,,,,,,5.563696369636963e-07,8429,,,,,,,,,
27,,,,,,,,,,8429,0.05164838582277298,,,,,,,,
,,,,,,,,,5.566996699669967e-07,8434,,,,,,,,,
27,,,,,,,,,,8434,0.024023190140724182,,,,,,,,
,,,,,,,,,5.570297029702971e-07,8439,,,,,,,,,
27,,,,,,,,,,8439,0.01950889080762863,,,,,,,,
,,,,,,,,,5.573597359735974e-07,8444,,,,,,,,,
27,,,,,,,,,,8444,0.028121676295995712,,,,,,,,
,,,,,,,,,5.576897689768977e-07,8449,,,,,,,,,
27,,,,,,,,,,8449,0.025649510324001312,,,,,,,,
,,,,,,,,,5.58019801980198e-07,8454,,,,,,,,,
27,,,,,,,,,,8454,0.07713956385850906,,,,,,,,
,,,,,,,,,5.583498349834983e-07,8459,,,,,,,,,
27,,,,,,,,,,8459,0.01635463535785675,,,,,,,,
,,,,,,,,,5.586798679867986e-07,8464,,,,,,,,,
27,,,,,,,,,,8464,0.03516591340303421,,,,,,,,
,,,,,,,,,5.59009900990099e-07,8469,,,,,,,,,
27,,,,,,,,,,8469,0.022381309419870377,,,,,,,,
,,,,,,,,,5.593399339933993e-07,8474,,,,,,,,,
27,,,,,,,,,,8474,0.06874825060367584,,,,,,,,
,,,,,,,,,5.596699669966997e-07,8479,,,,,,,,,
27,,,,,,,,,,8479,0.06812648475170135,,,,,,,,
27,,,,,,,,,,8483,,0.637499988079071,0.6847826242446899,0.0748348981142044,0.0748348981142044,0.39064642786979675,0.6702127456665039,0.699999988079071,0.40338024497032166
,,,,,,,,,5.6e-07,8484,,,,,,,,,
28,,,,,,,,,,8484,0.04902106896042824,,,,,,,,
,,,,,,,,,5.603300330033003e-07,8489,,,,,,,,,
28,,,,,,,,,,8489,0.03456198424100876,,,,,,,,
,,,,,,,,,5.606600660066007e-07,8494,,,,,,,,,
28,,,,,,,,,,8494,0.04556210711598396,,,,,,,,
,,,,,,,,,5.609900990099011e-07,8499,,,,,,,,,
28,,,,,,,,,,8499,0.024201201274991035,,,,,,,,
,,,,,,,,,5.613201320132012e-07,8504,,,,,,,,,
28,,,,,,,,,,8504,0.044318679720163345,,,,,,,,
,,,,,,,,,5.616501650165016e-07,8509,,,,,,,,,
28,,,,,,,,,,8509,0.04054402932524681,,,,,,,,
,,,,,,,,,5.61980198019802e-07,8514,,,,,,,,,
28,,,,,,,,,,8514,0.030901148915290833,,,,,,,,
,,,,,,,,,5.623102310231022e-07,8519,,,,,,,,,
28,,,,,,,,,,8519,0.039761342108249664,,,,,,,,
,,,,,,,,,5.626402640264026e-07,8524,,,,,,,,,
28,,,,,,,,,,8524,0.021512160077691078,,,,,,,,
,,,,,,,,,5.629702970297029e-07,8529,,,,,,,,,
28,,,,,,,,,,8529,0.022669395431876183,,,,,,,,
,,,,,,,,,5.633003300330033e-07,8534,,,,,,,,,
28,,,,,,,,,,8534,0.03843672201037407,,,,,,,,
,,,,,,,,,5.636303630363036e-07,8539,,,,,,,,,
28,,,,,,,,,,8539,0.03856993466615677,,,,,,,,
,,,,,,,,,5.639603960396039e-07,8544,,,,,,,,,
28,,,,,,,,,,8544,0.02134857140481472,,,,,,,,
,,,,,,,,,5.642904290429043e-07,8549,,,,,,,,,
28,,,,,,,,,,8549,0.015187270939350128,,,,,,,,
,,,,,,,,,5.646204620462047e-07,8554,,,,,,,,,
28,,,,,,,,,,8554,0.03114495612680912,,,,,,,,
,,,,,,,,,5.649504950495048e-07,8559,,,,,,,,,
28,,,,,,,,,,8559,0.03639630228281021,,,,,,,,
,,,,,,,,,5.652805280528052e-07,8564,,,,,,,,,
28,,,,,,,,,,8564,0.026357246562838554,,,,,,,,
,,,,,,,,,5.656105610561056e-07,8569,,,,,,,,,
28,,,,,,,,,,8569,0.06914880871772766,,,,,,,,
,,,,,,,,,5.659405940594058e-07,8574,,,,,,,,,
28,,,,,,,,,,8574,0.0963779017329216,,,,,,,,
,,,,,,,,,5.662706270627062e-07,8579,,,,,,,,,
28,,,,,,,,,,8579,0.015718432143330574,,,,,,,,
,,,,,,,,,5.666006600660066e-07,8584,,,,,,,,,
28,,,,,,,,,,8584,0.05280030891299248,,,,,,,,
,,,,,,,,,5.669306930693069e-07,8589,,,,,,,,,
28,,,,,,,,,,8589,0.03781723231077194,,,,,,,,
,,,,,,,,,5.672607260726072e-07,8594,,,,,,,,,
28,,,,,,,,,,8594,0.022400949150323868,,,,,,,,
,,,,,,,,,5.675907590759076e-07,8599,,,,,,,,,
28,,,,,,,,,,8599,0.06658968329429626,,,,,,,,
,,,,,,,,,5.679207920792079e-07,8604,,,,,,,,,
28,,,,,,,,,,8604,0.026076583191752434,,,,,,,,
,,,,,,,,,5.682508250825083e-07,8609,,,,,,,,,
28,,,,,,,,,,8609,0.03951173275709152,,,,,,,,
,,,,,,,,,5.685808580858085e-07,8614,,,,,,,,,
28,,,,,,,,,,8614,0.015323704108595848,,,,,,,,
,,,,,,,,,5.689108910891088e-07,8619,,,,,,,,,
28,,,,,,,,,,8619,0.05966876819729805,,,,,,,,
,,,,,,,,,5.692409240924092e-07,8624,,,,,,,,,
28,,,,,,,,,,8624,0.03219390660524368,,,,,,,,
,,,,,,,,,5.695709570957095e-07,8629,,,,,,,,,
28,,,,,,,,,,8629,0.05323157086968422,,,,,,,,
,,,,,,,,,5.699009900990098e-07,8634,,,,,,,,,
28,,,,,,,,,,8634,0.04903745651245117,,,,,,,,
,,,,,,,,,5.702310231023102e-07,8639,,,,,,,,,
28,,,,,,,,,,8639,0.019578363746404648,,,,,,,,
,,,,,,,,,5.705610561056106e-07,8644,,,,,,,,,
28,,,,,,,,,,8644,0.03642577677965164,,,,,,,,
,,,,,,,,,5.708910891089108e-07,8649,,,,,,,,,
28,,,,,,,,,,8649,0.005170457996428013,,,,,,,,
,,,,,,,,,5.712211221122112e-07,8654,,,,,,,,,
28,,,,,,,,,,8654,0.04499144107103348,,,,,,,,
,,,,,,,,,5.715511551155116e-07,8659,,,,,,,,,
28,,,,,,,,,,8659,0.03705020248889923,,,,,,,,
,,,,,,,,,5.718811881188119e-07,8664,,,,,,,,,
28,,,,,,,,,,8664,0.04761281609535217,,,,,,,,
,,,,,,,,,5.722112211221121e-07,8669,,,,,,,,,
28,,,,,,,,,,8669,0.02133692242205143,,,,,,,,
,,,,,,,,,5.725412541254125e-07,8674,,,,,,,,,
28,,,,,,,,,,8674,0.06345749646425247,,,,,,,,
,,,,,,,,,5.728712871287128e-07,8679,,,,,,,,,
28,,,,,,,,,,8679,0.014672333374619484,,,,,,,,
,,,,,,,,,5.732013201320132e-07,8684,,,,,,,,,
28,,,,,,,,,,8684,0.04297632351517677,,,,,,,,
,,,,,,,,,5.735313531353135e-07,8689,,,,,,,,,
28,,,,,,,,,,8689,0.009679533541202545,,,,,,,,
,,,,,,,,,5.738613861386138e-07,8694,,,,,,,,,
28,,,,,,,,,,8694,0.03338195011019707,,,,,,,,
,,,,,,,,,5.741914191419142e-07,8699,,,,,,,,,
28,,,,,,,,,,8699,0.028381677344441414,,,,,,,,
,,,,,,,,,5.745214521452145e-07,8704,,,,,,,,,
28,,,,,,,,,,8704,0.02506754733622074,,,,,,,,
,,,,,,,,,5.748514851485148e-07,8709,,,,,,,,,
28,,,,,,,,,,8709,0.03773276507854462,,,,,,,,
,,,,,,,,,5.751815181518152e-07,8714,,,,,,,,,
28,,,,,,,,,,8714,0.040946122258901596,,,,,,,,
,,,,,,,,,5.755115511551156e-07,8719,,,,,,,,,
28,,,,,,,,,,8719,0.04225577414035797,,,,,,,,
,,,,,,,,,5.758415841584157e-07,8724,,,,,,,,,
28,,,,,,,,,,8724,0.03224211931228638,,,,,,,,
,,,,,,,,,5.761716171617161e-07,8729,,,,,,,,,
28,,,,,,,,,,8729,0.05782342702150345,,,,,,,,
,,,,,,,,,5.765016501650165e-07,8734,,,,,,,,,
28,,,,,,,,,,8734,0.031097443774342537,,,,,,,,
,,,,,,,,,5.768316831683168e-07,8739,,,,,,,,,
28,,,,,,,,,,8739,0.023208292201161385,,,,,,,,
,,,,,,,,,5.771617161716171e-07,8744,,,,,,,,,
28,,,,,,,,,,8744,0.04312283545732498,,,,,,,,
,,,,,,,,,5.774917491749175e-07,8749,,,,,,,,,
28,,,,,,,,,,8749,0.07769225537776947,,,,,,,,
,,,,,,,,,5.778217821782178e-07,8754,,,,,,,,,
28,,,,,,,,,,8754,0.054897796362638474,,,,,,,,
,,,,,,,,,5.781518151815181e-07,8759,,,,,,,,,
28,,,,,,,,,,8759,0.04728889465332031,,,,,,,,
,,,,,,,,,5.784818481848185e-07,8764,,,,,,,,,
28,,,,,,,,,,8764,0.04945366084575653,,,,,,,,
,,,,,,,,,5.788118811881188e-07,8769,,,,,,,,,
28,,,,,,,,,,8769,0.0722811371088028,,,,,,,,
,,,,,,,,,5.791419141914191e-07,8774,,,,,,,,,
28,,,,,,,,,,8774,0.05510341376066208,,,,,,,,
,,,,,,,,,5.794719471947194e-07,8779,,,,,,,,,
28,,,,,,,,,,8779,0.029867298901081085,,,,,,,,
,,,,,,,,,5.798019801980197e-07,8784,,,,,,,,,
28,,,,,,,,,,8784,0.016824042424559593,,,,,,,,
28,,,,,,,,,,8786,,0.6625000238418579,0.699999988079071,0.07308141887187958,0.07308141887187958,0.4036942720413208,0.699999988079071,0.699999988079071,0.419037789106369
,,,,,,,,,5.801320132013201e-07,8789,,,,,,,,,
29,,,,,,,,,,8789,0.01367160864174366,,,,,,,,
,,,,,,,,,5.804620462046205e-07,8794,,,,,,,,,
29,,,,,,,,,,8794,0.020626313984394073,,,,,,,,
,,,,,,,,,5.807920792079207e-07,8799,,,,,,,,,
29,,,,,,,,,,8799,0.01993766613304615,,,,,,,,
,,,,,,,,,5.811221122112211e-07,8804,,,,,,,,,
29,,,,,,,,,,8804,0.029562700539827347,,,,,,,,
,,,,,,,,,5.814521452145215e-07,8809,,,,,,,,,
29,,,,,,,,,,8809,0.02609066292643547,,,,,,,,
,,,,,,,,,5.817821782178217e-07,8814,,,,,,,,,
29,,,,,,,,,,8814,0.02730826660990715,,,,,,,,
,,,,,,,,,5.821122112211221e-07,8819,,,,,,,,,
29,,,,,,,,,,8819,0.06526432931423187,,,,,,,,
,,,,,,,,,5.824422442244225e-07,8824,,,,,,,,,
29,,,,,,,,,,8824,0.016381051391363144,,,,,,,,
,,,,,,,,,5.827722772277227e-07,8829,,,,,,,,,
29,,,,,,,,,,8829,0.050736069679260254,,,,,,,,
,,,,,,,,,5.83102310231023e-07,8834,,,,,,,,,
29,,,,,,,,,,8834,0.039166416972875595,,,,,,,,
,,,,,,,,,5.834323432343234e-07,8839,,,,,,,,,
29,,,,,,,,,,8839,0.040721774101257324,,,,,,,,
,,,,,,,,,5.837623762376237e-07,8844,,,,,,,,,
29,,,,,,,,,,8844,0.03331167250871658,,,,,,,,
,,,,,,,,,5.840924092409241e-07,8849,,,,,,,,,
29,,,,,,,,,,8849,0.025936206802725792,,,,,,,,
,,,,,,,,,5.844224422442244e-07,8854,,,,,,,,,
29,,,,,,,,,,8854,0.02869289368391037,,,,,,,,
,,,,,,,,,5.847524752475247e-07,8859,,,,,,,,,
29,,,,,,,,,,8859,0.03184814006090164,,,,,,,,
,,,,,,,,,5.850825082508251e-07,8864,,,,,,,,,
29,,,,,,,,,,8864,0.08098100125789642,,,,,,,,
,,,,,,,,,5.854125412541255e-07,8869,,,,,,,,,
29,,,,,,,,,,8869,0.024093249812722206,,,,,,,,
,,,,,,,,,5.857425742574257e-07,8874,,,,,,,,,
29,,,,,,,,,,8874,0.01364551205188036,,,,,,,,
,,,,,,,,,5.860726072607261e-07,8879,,,,,,,,,
29,,,,,,,,,,8879,0.01782374083995819,,,,,,,,
,,,,,,,,,5.864026402640264e-07,8884,,,,,,,,,
29,,,,,,,,,,8884,0.026148006319999695,,,,,,,,
,,,,,,,,,5.867326732673266e-07,8889,,,,,,,,,
29,,,,,,,,,,8889,0.015918781980872154,,,,,,,,
,,,,,,,,,5.87062706270627e-07,8894,,,,,,,,,
29,,,,,,,,,,8894,0.04943399876356125,,,,,,,,
,,,,,,,,,5.873927392739274e-07,8899,,,,,,,,,
29,,,,,,,,,,8899,0.04682207852602005,,,,,,,,
,,,,,,,,,5.877227722772277e-07,8904,,,,,,,,,
29,,,,,,,,,,8904,0.0173354409635067,,,,,,,,
,,,,,,,,,5.88052805280528e-07,8909,,,,,,,,,
29,,,,,,,,,,8909,0.034801892936229706,,,,,,,,
,,,,,,,,,5.883828382838284e-07,8914,,,,,,,,,
29,,,,,,,,,,8914,0.017398228868842125,,,,,,,,
,,,,,,,,,5.887128712871287e-07,8919,,,,,,,,,
29,,,,,,,,,,8919,0.042217276990413666,,,,,,,,
,,,,,,,,,5.890429042904291e-07,8924,,,,,,,,,
29,,,,,,,,,,8924,0.039812710136175156,,,,,,,,
,,,,,,,,,5.893729372937294e-07,8929,,,,,,,,,
29,,,,,,,,,,8929,0.02298520877957344,,,,,,,,
,,,,,,,,,5.897029702970296e-07,8934,,,,,,,,,
29,,,,,,,,,,8934,0.040497347712516785,,,,,,,,
,,,,,,,,,5.9003300330033e-07,8939,,,,,,,,,
29,,,,,,,,,,8939,0.027299128472805023,,,,,,,,
,,,,,,,,,5.903630363036303e-07,8944,,,,,,,,,
29,,,,,,,,,,8944,0.027333859354257584,,,,,,,,
,,,,,,,,,5.906930693069306e-07,8949,,,,,,,,,
29,,,,,,,,,,8949,0.029177140444517136,,,,,,,,
,,,,,,,,,5.91023102310231e-07,8954,,,,,,,,,
29,,,,,,,,,,8954,0.028997108340263367,,,,,,,,
,,,,,,,,,5.913531353135314e-07,8959,,,,,,,,,
29,,,,,,,,,,8959,0.026343226432800293,,,,,,,,
,,,,,,,,,5.916831683168316e-07,8964,,,,,,,,,
29,,,,,,,,,,8964,0.024966228753328323,,,,,,,,
,,,,,,,,,5.92013201320132e-07,8969,,,,,,,,,
29,,,,,,,,,,8969,0.020416077226400375,,,,,,,,
,,,,,,,,,5.923432343234324e-07,8974,,,,,,,,,
29,,,,,,,,,,8974,0.010830679908394814,,,,,,,,
,,,,,,,,,5.926732673267327e-07,8979,,,,,,,,,
29,,,,,,,,,,8979,0.04344823211431503,,,,,,,,
,,,,,,,,,5.93003300330033e-07,8984,,,,,,,,,
29,,,,,,,,,,8984,0.023685166612267494,,,,,,,,
,,,,,,,,,5.933333333333334e-07,8989,,,,,,,,,
29,,,,,,,,,,8989,0.007813316769897938,,,,,,,,
,,,,,,,,,5.936633663366336e-07,8994,,,,,,,,,
29,,,,,,,,,,8994,0.03992510214447975,,,,,,,,
,,,,,,,,,5.939933993399339e-07,8999,,,,,,,,,
29,,,,,,,,,,8999,0.017694581300020218,,,,,,,,
,,,,,,,,,5.943234323432343e-07,9004,,,,,,,,,
29,,,,,,,,,,9004,0.022188838571310043,,,,,,,,
,,,,,,,,,5.946534653465346e-07,9009,,,,,,,,,
29,,,,,,,,,,9009,0.01655701734125614,,,,,,,,
,,,,,,,,,5.94983498349835e-07,9014,,,,,,,,,
29,,,,,,,,,,9014,0.031677864491939545,,,,,,,,
,,,,,,,,,5.953135313531353e-07,9019,,,,,,,,,
29,,,,,,,,,,9019,0.020910395309329033,,,,,,,,
,,,,,,,,,5.956435643564356e-07,9024,,,,,,,,,
29,,,,,,,,,,9024,0.03795810043811798,,,,,,,,
,,,,,,,,,5.95973597359736e-07,9029,,,,,,,,,
29,,,,,,,,,,9029,0.028550591319799423,,,,,,,,
,,,,,,,,,5.963036303630364e-07,9034,,,,,,,,,
29,,,,,,,,,,9034,0.05705199018120766,,,,,,,,
,,,,,,,,,5.966336633663366e-07,9039,,,,,,,,,
29,,,,,,,,,,9039,0.054783545434474945,,,,,,,,
,,,,,,,,,5.969636963696369e-07,9044,,,,,,,,,
29,,,,,,,,,,9044,0.06530129164457321,,,,,,,,
,,,,,,,,,5.972937293729373e-07,9049,,,,,,,,,
29,,,,,,,,,,9049,0.04458640143275261,,,,,,,,
,,,,,,,,,5.976237623762375e-07,9054,,,,,,,,,
29,,,,,,,,,,9054,0.030200902372598648,,,,,,,,
,,,,,,,,,5.979537953795379e-07,9059,,,,,,,,,
29,,,,,,,,,,9059,0.04195479303598404,,,,,,,,
,,,,,,,,,5.982838283828383e-07,9064,,,,,,,,,
29,,,,,,,,,,9064,0.02725360356271267,,,,,,,,
,,,,,,,,,5.986138613861386e-07,9069,,,,,,,,,
29,,,,,,,,,,9069,0.025660039857029915,,,,,,,,
,,,,,,,,,5.989438943894389e-07,9074,,,,,,,,,
29,,,,,,,,,,9074,0.024359138682484627,,,,,,,,
,,,,,,,,,5.992739273927393e-07,9079,,,,,,,,,
29,,,,,,,,,,9079,0.015948260203003883,,,,,,,,
,,,,,,,,,5.996039603960396e-07,9084,,,,,,,,,
29,,,,,,,,,,9084,0.046440161764621735,,,,,,,,
,,,,,,,,,5.9993399339934e-07,9089,,,,,,,,,
29,,,,,,,,,,9089,0.08499008417129517,,,,,,,,
29,,,,,,,,,,9089,,0.668749988079071,0.7225130796432495,0.0726407840847969,0.0726407840847969,0.4308505356311798,0.6831682920455933,0.7666666507720947,0.4388297498226166
,,,,,,,,,6.002640264026403e-07,9094,,,,,,,,,
30,,,,,,,,,,9094,0.019077271223068237,,,,,,,,
,,,,,,,,,6.005940594059405e-07,9099,,,,,,,,,
30,,,,,,,,,,9099,0.019018447026610374,,,,,,,,
,,,,,,,,,6.009240924092409e-07,9104,,,,,,,,,
30,,,,,,,,,,9104,0.029621034860610962,,,,,,,,
,,,,,,,,,6.012541254125413e-07,9109,,,,,,,,,
30,,,,,,,,,,9109,0.03792571276426315,,,,,,,,
,,,,,,,,,6.015841584158415e-07,9114,,,,,,,,,
30,,,,,,,,,,9114,0.027410026639699936,,,,,,,,
,,,,,,,,,6.019141914191419e-07,9119,,,,,,,,,
30,,,,,,,,,,9119,0.012606577947735786,,,,,,,,
,,,,,,,,,6.022442244224423e-07,9124,,,,,,,,,
30,,,,,,,,,,9124,0.03263584151864052,,,,,,,,
,,,,,,,,,6.025742574257425e-07,9129,,,,,,,,,
30,,,,,,,,,,9129,0.022240253165364265,,,,,,,,
,,,,,,,,,6.029042904290429e-07,9134,,,,,,,,,
30,,,,,,,,,,9134,0.04164205119013786,,,,,,,,
,,,,,,,,,6.032343234323433e-07,9139,,,,,,,,,
30,,,,,,,,,,9139,0.04485933482646942,,,,,,,,
,,,,,,,,,6.035643564356436e-07,9144,,,,,,,,,
30,,,,,,,,,,9144,0.02586178295314312,,,,,,,,
,,,,,,,,,6.038943894389439e-07,9149,,,,,,,,,
30,,,,,,,,,,9149,0.022569403052330017,,,,,,,,
,,,,,,,,,6.042244224422441e-07,9154,,,,,,,,,
30,,,,,,,,,,9154,0.02327748015522957,,,,,,,,
,,,,,,,,,6.045544554455445e-07,9159,,,,,,,,,
30,,,,,,,,,,9159,0.03559619560837746,,,,,,,,
,,,,,,,,,6.048844884488449e-07,9164,,,,,,,,,
30,,,,,,,,,,9164,0.04113740846514702,,,,,,,,
,,,,,,,,,6.052145214521451e-07,9169,,,,,,,,,
30,,,,,,,,,,9169,0.02389184758067131,,,,,,,,
,,,,,,,,,6.055445544554455e-07,9174,,,,,,,,,
30,,,,,,,,,,9174,0.05353156477212906,,,,,,,,
,,,,,,,,,6.058745874587459e-07,9179,,,,,,,,,
30,,,,,,,,,,9179,0.03446400165557861,,,,,,,,
,,,,,,,,,6.062046204620461e-07,9184,,,,,,,,,
30,,,,,,,,,,9184,0.019361605867743492,,,,,,,,
,,,,,,,,,6.065346534653465e-07,9189,,,,,,,,,
30,,,,,,,,,,9189,0.015532063320279121,,,,,,,,
,,,,,,,,,6.068646864686469e-07,9194,,,,,,,,,
30,,,,,,,,,,9194,0.02390354871749878,,,,,,,,
,,,,,,,,,6.071947194719472e-07,9199,,,,,,,,,
30,,,,,,,,,,9199,0.030945975333452225,,,,,,,,
,,,,,,,,,6.075247524752474e-07,9204,,,,,,,,,
30,,,,,,,,,,9204,0.01597895845770836,,,,,,,,
,,,,,,,,,6.078547854785478e-07,9209,,,,,,,,,
30,,,,,,,,,,9209,0.041238829493522644,,,,,,,,
,,,,,,,,,6.081848184818481e-07,9214,,,,,,,,,
30,,,,,,,,,,9214,0.02017696015536785,,,,,,,,
,,,,,,,,,6.085148514851485e-07,9219,,,,,,,,,
30,,,,,,,,,,9219,0.027935149148106575,,,,,,,,
,,,,,,,,,6.088448844884488e-07,9224,,,,,,,,,
30,,,,,,,,,,9224,0.056277576833963394,,,,,,,,
,,,,,,,,,6.091749174917491e-07,9229,,,,,,,,,
30,,,,,,,,,,9229,0.027411606162786484,,,,,,,,
,,,,,,,,,6.095049504950495e-07,9234,,,,,,,,,
30,,,,,,,,,,9234,0.04306158795952797,,,,,,,,
,,,,,,,,,6.098349834983498e-07,9239,,,,,,,,,
30,,,,,,,,,,9239,0.016215523704886436,,,,,,,,
,,,,,,,,,6.101650165016501e-07,9244,,,,,,,,,
30,,,,,,,,,,9244,0.04207811504602432,,,,,,,,
,,,,,,,,,6.104950495049505e-07,9249,,,,,,,,,
30,,,,,,,,,,9249,0.022199813276529312,,,,,,,,
,,,,,,,,,6.108250825082509e-07,9254,,,,,,,,,
30,,,,,,,,,,9254,0.030230440199375153,,,,,,,,
,,,,,,,,,6.11155115511551e-07,9259,,,,,,,,,
30,,,,,,,,,,9259,0.04119647294282913,,,,,,,,
,,,,,,,,,6.114851485148514e-07,9264,,,,,,,,,
30,,,,,,,,,,9264,0.015032216906547546,,,,,,,,
,,,,,,,,,6.118151815181518e-07,9269,,,,,,,,,
30,,,,,,,,,,9269,0.036216508597135544,,,,,,,,
,,,,,,,,,6.12145214521452e-07,9274,,,,,,,,,
30,,,,,,,,,,9274,0.03704792261123657,,,,,,,,
,,,,,,,,,6.124752475247524e-07,9279,,,,,,,,,
30,,,,,,,,,,9279,0.0664818063378334,,,,,,,,
,,,,,,,,,6.128052805280528e-07,9284,,,,,,,,,
30,,,,,,,,,,9284,0.008831595070660114,,,,,,,,
,,,,,,,,,6.131353135313531e-07,9289,,,,,,,,,
30,,,,,,,,,,9289,0.01139429397881031,,,,,,,,
,,,,,,,,,6.134653465346534e-07,9294,,,,,,,,,
30,,,,,,,,,,9294,0.027630481868982315,,,,,,,,
,,,,,,,,,6.137953795379538e-07,9299,,,,,,,,,
30,,,,,,,,,,9299,0.01423332467675209,,,,,,,,
,,,,,,,,,6.141254125412541e-07,9304,,,,,,,,,
30,,,,,,,,,,9304,0.014820189215242863,,,,,,,,
,,,,,,,,,6.144554455445545e-07,9309,,,,,,,,,
30,,,,,,,,,,9309,0.04598173871636391,,,,,,,,
,,,,,,,,,6.147854785478547e-07,9314,,,,,,,,,
30,,,,,,,,,,9314,0.015122202225029469,,,,,,,,
,,,,,,,,,6.15115511551155e-07,9319,,,,,,,,,
30,,,,,,,,,,9319,0.026880836114287376,,,,,,,,
,,,,,,,,,6.154455445544554e-07,9324,,,,,,,,,
30,,,,,,,,,,9324,0.0472298301756382,,,,,,,,
,,,,,,,,,6.157755775577558e-07,9329,,,,,,,,,
30,,,,,,,,,,9329,0.027094274759292603,,,,,,,,
,,,,,,,,,6.16105610561056e-07,9334,,,,,,,,,
30,,,,,,,,,,9334,0.029567135497927666,,,,,,,,
,,,,,,,,,6.164356435643564e-07,9339,,,,,,,,,
30,,,,,,,,,,9339,0.053424183279275894,,,,,,,,
,,,,,,,,,6.167656765676568e-07,9344,,,,,,,,,
30,,,,,,,,,,9344,0.03165634721517563,,,,,,,,
,,,,,,,,,6.17095709570957e-07,9349,,,,,,,,,
30,,,,,,,,,,9349,0.025345349684357643,,,,,,,,
,,,,,,,,,6.174257425742574e-07,9354,,,,,,,,,
30,,,,,,,,,,9354,0.025387316942214966,,,,,,,,
,,,,,,,,,6.177557755775578e-07,9359,,,,,,,,,
30,,,,,,,,,,9359,0.02542790398001671,,,,,,,,
,,,,,,,,,6.18085808580858e-07,9364,,,,,,,,,
30,,,,,,,,,,9364,0.021459516137838364,,,,,,,,
,,,,,,,,,6.184158415841583e-07,9369,,,,,,,,,
30,,,,,,,,,,9369,0.060849547386169434,,,,,,,,
,,,,,,,,,6.187458745874587e-07,9374,,,,,,,,,
30,,,,,,,,,,9374,0.038066353648900986,,,,,,,,
,,,,,,,,,6.19075907590759e-07,9379,,,,,,,,,
30,,,,,,,,,,9379,0.020814869552850723,,,,,,,,
,,,,,,,,,6.194059405940594e-07,9384,,,,,,,,,
30,,,,,,,,,,9384,0.05499424412846565,,,,,,,,
,,,,,,,,,6.197359735973597e-07,9389,,,,,,,,,
30,,,,,,,,,,9389,0.06383682787418365,,,,,,,,
30,,,,,,,,,,9392,,0.6875,0.7368420958518982,0.07254697382450104,0.07254697382450104,0.43374720215797424,0.699999988079071,0.7777777910232544,0.4410502016544342
,,,,,,,,,6.2006600660066e-07,9394,,,,,,,,,
31,,,,,,,,,,9394,0.020192038267850876,,,,,,,,
,,,,,,,,,6.203960396039604e-07,9399,,,,,,,,,
31,,,,,,,,,,9399,0.03584311902523041,,,,,,,,
,,,,,,,,,6.207260726072608e-07,9404,,,,,,,,,
31,,,,,,,,,,9404,0.021991567686200142,,,,,,,,
,,,,,,,,,6.21056105610561e-07,9409,,,,,,,,,
31,,,,,,,,,,9409,0.007994089275598526,,,,,,,,
,,,,,,,,,6.213861386138614e-07,9414,,,,,,,,,
31,,,,,,,,,,9414,0.016722150146961212,,,,,,,,
,,,,,,,,,6.217161716171617e-07,9419,,,,,,,,,
31,,,,,,,,,,9419,0.031881824135780334,,,,,,,,
,,,,,,,,,6.220462046204619e-07,9424,,,,,,,,,
31,,,,,,,,,,9424,0.011947606690227985,,,,,,,,
,,,,,,,,,6.223762376237623e-07,9429,,,,,,,,,
31,,,,,,,,,,9429,0.03653038293123245,,,,,,,,
,,,,,,,,,6.227062706270627e-07,9434,,,,,,,,,
31,,,,,,,,,,9434,0.008068033494055271,,,,,,,,
,,,,,,,,,6.23036303630363e-07,9439,,,,,,,,,
31,,,,,,,,,,9439,0.01794866845011711,,,,,,,,
,,,,,,,,,6.233663366336633e-07,9444,,,,,,,,,
31,,,,,,,,,,9444,0.025804104283452034,,,,,,,,
,,,,,,,,,6.236963696369637e-07,9449,,,,,,,,,
31,,,,,,,,,,9449,0.03554202988743782,,,,,,,,
,,,,,,,,,6.24026402640264e-07,9454,,,,,,,,,
31,,,,,,,,,,9454,0.03752816095948219,,,,,,,,
,,,,,,,,,6.243564356435644e-07,9459,,,,,,,,,
31,,,,,,,,,,9459,0.03289693221449852,,,,,,,,
,,,,,,,,,6.246864686468647e-07,9464,,,,,,,,,
31,,,,,,,,,,9464,0.012088201940059662,,,,,,,,
,,,,,,,,,6.25016501650165e-07,9469,,,,,,,,,
31,,,,,,,,,,9469,0.030815264210104942,,,,,,,,
,,,,,,,,,6.253465346534653e-07,9474,,,,,,,,,
31,,,,,,,,,,9474,0.017373792827129364,,,,,,,,
,,,,,,,,,6.256765676567656e-07,9479,,,,,,,,,
31,,,,,,,,,,9479,0.03837301582098007,,,,,,,,
,,,,,,,,,6.260066006600659e-07,9484,,,,,,,,,
31,,,,,,,,,,9484,0.031184226274490356,,,,,,,,
,,,,,,,,,6.263366336633663e-07,9489,,,,,,,,,
31,,,,,,,,,,9489,0.028017599135637283,,,,,,,,
,,,,,,,,,6.266666666666667e-07,9494,,,,,,,,,
31,,,,,,,,,,9494,0.013441934250295162,,,,,,,,
,,,,,,,,,6.269966996699669e-07,9499,,,,,,,,,
31,,,,,,,,,,9499,0.021489497274160385,,,,,,,,
,,,,,,,,,6.273267326732673e-07,9504,,,,,,,,,
31,,,,,,,,,,9504,0.0327543281018734,,,,,,,,
,,,,,,,,,6.276567656765677e-07,9509,,,,,,,,,
31,,,,,,,,,,9509,0.05316074565052986,,,,,,,,
,,,,,,,,,6.27986798679868e-07,9514,,,,,,,,,
31,,,,,,,,,,9514,0.01394678931683302,,,,,,,,
,,,,,,,,,6.283168316831683e-07,9519,,,,,,,,,
31,,,,,,,,,,9519,0.03914196789264679,,,,,,,,
,,,,,,,,,6.286468646864687e-07,9524,,,,,,,,,
31,,,,,,,,,,9524,0.019009755924344063,,,,,,,,
,,,,,,,,,6.289768976897689e-07,9529,,,,,,,,,
31,,,,,,,,,,9529,0.021021507680416107,,,,,,,,
,,,,,,,,,6.293069306930692e-07,9534,,,,,,,,,
31,,,,,,,,,,9534,0.015379575081169605,,,,,,,,
,,,,,,,,,6.296369636963696e-07,9539,,,,,,,,,
31,,,,,,,,,,9539,0.009467660449445248,,,,,,,,
,,,,,,,,,6.299669966996699e-07,9544,,,,,,,,,
31,,,,,,,,,,9544,0.051673971116542816,,,,,,,,
,,,,,,,,,6.302970297029703e-07,9549,,,,,,,,,
31,,,,,,,,,,9549,0.03822025656700134,,,,,,,,
,,,,,,,,,6.306270627062706e-07,9554,,,,,,,,,
31,,,,,,,,,,9554,0.010073799639940262,,,,,,,,
,,,,,,,,,6.309570957095709e-07,9559,,,,,,,,,
31,,,,,,,,,,9559,0.014894912950694561,,,,,,,,
,,,,,,,,,6.312871287128713e-07,9564,,,,,,,,,
31,,,,,,,,,,9564,0.04333403334021568,,,,,,,,
,,,,,,,,,6.316171617161717e-07,9569,,,,,,,,,
31,,,,,,,,,,9569,0.03234320133924484,,,,,,,,
,,,,,,,,,6.319471947194719e-07,9574,,,,,,,,,
31,,,,,,,,,,9574,0.047145724296569824,,,,,,,,
,,,,,,,,,6.322772277227723e-07,9579,,,,,,,,,
31,,,,,,,,,,9579,0.059576280415058136,,,,,,,,
,,,,,,,,,6.326072607260726e-07,9584,,,,,,,,,
31,,,,,,,,,,9584,0.017450502142310143,,,,,,,,
,,,,,,,,,6.329372937293728e-07,9589,,,,,,,,,
31,,,,,,,,,,9589,0.016912147402763367,,,,,,,,
,,,,,,,,,6.332673267326732e-07,9594,,,,,,,,,
31,,,,,,,,,,9594,0.02297399938106537,,,,,,,,
,,,,,,,,,6.335973597359736e-07,9599,,,,,,,,,
31,,,,,,,,,,9599,0.0487632192671299,,,,,,,,
,,,,,,,,,6.339273927392739e-07,9604,,,,,,,,,
31,,,,,,,,,,9604,0.03179632127285004,,,,,,,,
,,,,,,,,,6.342574257425742e-07,9609,,,,,,,,,
31,,,,,,,,,,9609,0.04326898977160454,,,,,,,,
,,,,,,,,,6.345874587458746e-07,9614,,,,,,,,,
31,,,,,,,,,,9614,0.02644907683134079,,,,,,,,
,,,,,,,,,6.349174917491749e-07,9619,,,,,,,,,
31,,,,,,,,,,9619,0.02614731527864933,,,,,,,,
,,,,,,,,,6.352475247524753e-07,9624,,,,,,,,,
31,,,,,,,,,,9624,0.018138404935598373,,,,,,,,
,,,,,,,,,6.355775577557756e-07,9629,,,,,,,,,
31,,,,,,,,,,9629,0.034680020064115524,,,,,,,,
,,,,,,,,,6.359075907590758e-07,9634,,,,,,,,,
31,,,,,,,,,,9634,0.03985123708844185,,,,,,,,
,,,,,,,,,6.362376237623762e-07,9639,,,,,,,,,
31,,,,,,,,,,9639,0.015367920510470867,,,,,,,,
,,,,,,,,,6.365676567656766e-07,9644,,,,,,,,,
31,,,,,,,,,,9644,0.04115241765975952,,,,,,,,
,,,,,,,,,6.368976897689768e-07,9649,,,,,,,,,
31,,,,,,,,,,9649,0.01836223527789116,,,,,,,,
,,,,,,,,,6.372277227722772e-07,9654,,,,,,,,,
31,,,,,,,,,,9654,0.013136442750692368,,,,,,,,
,,,,,,,,,6.375577557755776e-07,9659,,,,,,,,,
31,,,,,,,,,,9659,0.01441593561321497,,,,,,,,
,,,,,,,,,6.378877887788778e-07,9664,,,,,,,,,
31,,,,,,,,,,9664,0.036031462252140045,,,,,,,,
,,,,,,,,,6.382178217821782e-07,9669,,,,,,,,,
31,,,,,,,,,,9669,0.04443681985139847,,,,,,,,
,,,,,,,,,6.385478547854786e-07,9674,,,,,,,,,
31,,,,,,,,,,9674,0.01791227236390114,,,,,,,,
,,,,,,,,,6.388778877887789e-07,9679,,,,,,,,,
31,,,,,,,,,,9679,0.008805602788925171,,,,,,,,
,,,,,,,,,6.392079207920792e-07,9684,,,,,,,,,
31,,,,,,,,,,9684,0.024151423946022987,,,,,,,,
,,,,,,,,,6.395379537953795e-07,9689,,,,,,,,,
31,,,,,,,,,,9689,0.02980116195976734,,,,,,,,
,,,,,,,,,6.398679867986798e-07,9694,,,,,,,,,
31,,,,,,,,,,9694,0.029643375426530838,,,,,,,,
31,,,,,,,,,,9695,,0.6937500238418579,0.7434554696083069,0.07197000831365585,0.07197000831365585,0.4417699873447418,0.7029703259468079,0.7888888716697693,0.44594573974609375
,,,,,,,,,6.401980198019802e-07,9699,,,,,,,,,
32,,,,,,,,,,9699,0.017909562215209007,,,,,,,,
,,,,,,,,,6.405280528052805e-07,9704,,,,,,,,,
32,,,,,,,,,,9704,0.03294961899518967,,,,,,,,
,,,,,,,,,6.408580858085808e-07,9709,,,,,,,,,
32,,,,,,,,,,9709,0.01644679717719555,,,,,,,,
,,,,,,,,,6.411881188118812e-07,9714,,,,,,,,,
32,,,,,,,,,,9714,0.030782878398895264,,,,,,,,
,,,,,,,,,6.415181518151815e-07,9719,,,,,,,,,
32,,,,,,,,,,9719,0.02477032132446766,,,,,,,,
,,,,,,,,,6.418481848184818e-07,9724,,,,,,,,,
32,,,,,,,,,,9724,0.034212104976177216,,,,,,,,
,,,,,,,,,6.421782178217822e-07,9729,,,,,,,,,
32,,,,,,,,,,9729,0.031024588271975517,,,,,,,,
,,,,,,,,,6.425082508250826e-07,9734,,,,,,,,,
32,,,,,,,,,,9734,0.020650817081332207,,,,,,,,
,,,,,,,,,6.428382838283828e-07,9739,,,,,,,,,
32,,,,,,,,,,9739,0.02366666868329048,,,,,,,,
,,,,,,,,,6.431683168316831e-07,9744,,,,,,,,,
32,,,,,,,,,,9744,0.016645455732941628,,,,,,,,
,,,,,,,,,6.434983498349835e-07,9749,,,,,,,,,
32,,,,,,,,,,9749,0.023848187178373337,,,,,,,,
,,,,,,,,,6.438283828382838e-07,9754,,,,,,,,,
32,,,,,,,,,,9754,0.0217424463480711,,,,,,,,
,,,,,,,,,6.441584158415841e-07,9759,,,,,,,,,
32,,,,,,,,,,9759,0.02496335096657276,,,,,,,,
,,,,,,,,,6.444884488448845e-07,9764,,,,,,,,,
32,,,,,,,,,,9764,0.052471328526735306,,,,,,,,
,,,,,,,,,6.448184818481848e-07,9769,,,,,,,,,
32,,,,,,,,,,9769,0.02861000970005989,,,,,,,,
,,,,,,,,,6.451485148514852e-07,9774,,,,,,,,,
32,,,,,,,,,,9774,0.028497660532593727,,,,,,,,
,,,,,,,,,6.454785478547855e-07,9779,,,,,,,,,
32,,,,,,,,,,9779,0.04212378337979317,,,,,,,,
,,,,,,,,,6.458085808580858e-07,9784,,,,,,,,,
32,,,,,,,,,,9784,0.02466553822159767,,,,,,,,
,,,,,,,,,6.461386138613862e-07,9789,,,,,,,,,
32,,,,,,,,,,9789,0.02524912729859352,,,,,,,,
,,,,,,,,,6.464686468646863e-07,9794,,,,,,,,,
32,,,,,,,,,,9794,0.02017742395401001,,,,,,,,
,,,,,,,,,6.467986798679867e-07,9799,,,,,,,,,
32,,,,,,,,,,9799,0.013794361613690853,,,,,,,,
,,,,,,,,,6.471287128712871e-07,9804,,,,,,,,,
32,,,,,,,,,,9804,0.031150510534644127,,,,,,,,
,,,,,,,,,6.474587458745874e-07,9809,,,,,,,,,
32,,,,,,,,,,9809,0.053325582295656204,,,,,,,,
,,,,,,,,,6.477887788778877e-07,9814,,,,,,,,,
32,,,,,,,,,,9814,0.015979617834091187,,,,,,,,
,,,,,,,,,6.481188118811881e-07,9819,,,,,,,,,
32,,,,,,,,,,9819,0.011266105808317661,,,,,,,,
,,,,,,,,,6.484488448844884e-07,9824,,,,,,,,,
32,,,,,,,,,,9824,0.019453706219792366,,,,,,,,
,,,,,,,,,6.487788778877888e-07,9829,,,,,,,,,
32,,,,,,,,,,9829,0.04507230222225189,,,,,,,,
,,,,,,,,,6.491089108910891e-07,9834,,,,,,,,,
32,,,,,,,,,,9834,0.02565009891986847,,,,,,,,
,,,,,,,,,6.494389438943894e-07,9839,,,,,,,,,
32,,,,,,,,,,9839,0.019750766456127167,,,,,,,,
,,,,,,,,,6.497689768976898e-07,9844,,,,,,,,,
32,,,,,,,,,,9844,0.014652609825134277,,,,,,,,
,,,,,,,,,6.5009900990099e-07,9849,,,,,,,,,
32,,,,,,,,,,9849,0.013863926753401756,,,,,,,,
,,,,,,,,,6.504290429042903e-07,9854,,,,,,,,,
32,,,,,,,,,,9854,0.028651610016822815,,,,,,,,
,,,,,,,,,6.507590759075907e-07,9859,,,,,,,,,
32,,,,,,,,,,9859,0.046743668615818024,,,,,,,,
,,,,,,,,,6.510891089108911e-07,9864,,,,,,,,,
32,,,,,,,,,,9864,0.03729986399412155,,,,,,,,
,,,,,,,,,6.514191419141913e-07,9869,,,,,,,,,
32,,,,,,,,,,9869,0.048359788954257965,,,,,,,,
,,,,,,,,,6.517491749174917e-07,9874,,,,,,,,,
32,,,,,,,,,,9874,0.030970612540841103,,,,,,,,
,,,,,,,,,6.520792079207921e-07,9879,,,,,,,,,
32,,,,,,,,,,9879,0.044833842664957047,,,,,,,,
,,,,,,,,,6.524092409240924e-07,9884,,,,,,,,,
32,,,,,,,,,,9884,0.03573128208518028,,,,,,,,
,,,,,,,,,6.527392739273927e-07,9889,,,,,,,,,
32,,,,,,,,,,9889,0.02565176784992218,,,,,,,,
,,,,,,,,,6.530693069306931e-07,9894,,,,,,,,,
32,,,,,,,,,,9894,0.030592670664191246,,,,,,,,
,,,,,,,,,6.533993399339934e-07,9899,,,,,,,,,
32,,,,,,,,,,9899,0.02451501041650772,,,,,,,,
,,,,,,,,,6.537293729372936e-07,9904,,,,,,,,,
32,,,,,,,,,,9904,0.010358420200645924,,,,,,,,
,,,,,,,,,6.54059405940594e-07,9909,,,,,,,,,
32,,,,,,,,,,9909,0.012418714351952076,,,,,,,,
,,,,,,,,,6.543894389438943e-07,9914,,,,,,,,,
32,,,,,,,,,,9914,0.08147628605365753,,,,,,,,
,,,,,,,,,6.547194719471947e-07,9919,,,,,,,,,
32,,,,,,,,,,9919,0.010945969261229038,,,,,,,,
,,,,,,,,,6.55049504950495e-07,9924,,,,,,,,,
32,,,,,,,,,,9924,0.02702048234641552,,,,,,,,
,,,,,,,,,6.553795379537953e-07,9929,,,,,,,,,
32,,,,,,,,,,9929,0.018650006502866745,,,,,,,,
,,,,,,,,,6.557095709570957e-07,9934,,,,,,,,,
32,,,,,,,,,,9934,0.0498589463531971,,,,,,,,
,,,,,,,,,6.560396039603961e-07,9939,,,,,,,,,
32,,,,,,,,,,9939,0.02217400260269642,,,,,,,,
,,,,,,,,,6.563696369636963e-07,9944,,,,,,,,,
32,,,,,,,,,,9944,0.03402440622448921,,,,,,,,
,,,,,,,,,6.566996699669967e-07,9949,,,,,,,,,
32,,,,,,,,,,9949,0.02324928529560566,,,,,,,,
,,,,,,,,,6.570297029702971e-07,9954,,,,,,,,,
32,,,,,,,,,,9954,0.041666045784950256,,,,,,,,
,,,,,,,,,6.573597359735972e-07,9959,,,,,,,,,
32,,,,,,,,,,9959,0.04210067167878151,,,,,,,,
,,,,,,,,,6.576897689768976e-07,9964,,,,,,,,,
32,,,,,,,,,,9964,0.02770073339343071,,,,,,,,
,,,,,,,,,6.58019801980198e-07,9969,,,,,,,,,
32,,,,,,,,,,9969,0.051092009991407394,,,,,,,,
,,,,,,,,,6.583498349834983e-07,9974,,,,,,,,,
32,,,,,,,,,,9974,0.015321840532124043,,,,,,,,
,,,,,,,,,6.586798679867986e-07,9979,,,,,,,,,
32,,,,,,,,,,9979,0.022231724113225937,,,,,,,,
,,,,,,,,,6.59009900990099e-07,9984,,,,,,,,,
32,,,,,,,,,,9984,0.034229736775159836,,,,,,,,
,,,,,,,,,6.593399339933993e-07,9989,,,,,,,,,
32,,,,,,,,,,9989,0.07548021525144577,,,,,,,,
,,,,,,,,,6.596699669966997e-07,9994,,,,,,,,,
32,,,,,,,,,,9994,0.026184894144535065,,,,,,,,
32,,,,,,,,,,9998,,0.6812499761581421,0.7150837779045105,0.07170210778713226,0.07170210778713226,0.4312517046928406,0.7191011309623718,0.7111111283302307,0.44923388957977295
,,,,,,,,,6.6e-07,9999,,,,,,,,,
33,,,,,,,,,,9999,0.01794428564608097,,,,,,,,
,,,,,,,,,6.603300330033003e-07,10004,,,,,,,,,
33,,,,,,,,,,10004,0.016755687072873116,,,,,,,,
,,,,,,,,,6.606600660066006e-07,10009,,,,,,,,,
33,,,,,,,,,,10009,0.015051438473165035,,,,,,,,
,,,,,,,,,6.60990099009901e-07,10014,,,,,,,,,
33,,,,,,,,,,10014,0.011898002587258816,,,,,,,,
,,,,,,,,,6.613201320132012e-07,10019,,,,,,,,,
33,,,,,,,,,,10019,0.03995252773165703,,,,,,,,
,,,,,,,,,6.616501650165016e-07,10024,,,,,,,,,
33,,,,,,,,,,10024,0.0320328064262867,,,,,,,,
,,,,,,,,,6.61980198019802e-07,10029,,,,,,,,,
33,,,,,,,,,,10029,0.027227308601140976,,,,,,,,
,,,,,,,,,6.623102310231022e-07,10034,,,,,,,,,
33,,,,,,,,,,10034,0.06719810515642166,,,,,,,,
,,,,,,,,,6.626402640264026e-07,10039,,,,,,,,,
33,,,,,,,,,,10039,0.04507239907979965,,,,,,,,
,,,,,,,,,6.62970297029703e-07,10044,,,,,,,,,
33,,,,,,,,,,10044,0.03808729350566864,,,,,,,,
,,,,,,,,,6.633003300330033e-07,10049,,,,,,,,,
33,,,,,,,,,,10049,0.026711249724030495,,,,,,,,
,,,,,,,,,6.636303630363036e-07,10054,,,,,,,,,
33,,,,,,,,,,10054,0.018583077937364578,,,,,,,,
,,,,,,,,,6.63960396039604e-07,10059,,,,,,,,,
33,,,,,,,,,,10059,0.016520880162715912,,,,,,,,
,,,,,,,,,6.642904290429042e-07,10064,,,,,,,,,
33,,,,,,,,,,10064,0.032807301729917526,,,,,,,,
,,,,,,,,,6.646204620462045e-07,10069,,,,,,,,,
33,,,,,,,,,,10069,0.02926013618707657,,,,,,,,
,,,,,,,,,6.649504950495049e-07,10074,,,,,,,,,
33,,,,,,,,,,10074,0.022369571030139923,,,,,,,,
,,,,,,,,,6.652805280528052e-07,10079,,,,,,,,,
33,,,,,,,,,,10079,0.029962362721562386,,,,,,,,
,,,,,,,,,6.656105610561056e-07,10084,,,,,,,,,
33,,,,,,,,,,10084,0.06624989211559296,,,,,,,,
,,,,,,,,,6.659405940594059e-07,10089,,,,,,,,,
33,,,,,,,,,,10089,0.025218810886144638,,,,,,,,
,,,,,,,,,6.662706270627062e-07,10094,,,,,,,,,
33,,,,,,,,,,10094,0.03581389784812927,,,,,,,,
,,,,,,,,,6.666006600660066e-07,10099,,,,,,,,,
33,,,,,,,,,,10099,0.011365204118192196,,,,,,,,
,,,,,,,,,6.66930693069307e-07,10104,,,,,,,,,
33,,,,,,,,,,10104,0.025385214015841484,,,,,,,,
,,,,,,,,,6.672607260726072e-07,10109,,,,,,,,,
33,,,,,,,,,,10109,0.0419795960187912,,,,,,,,
,,,,,,,,,6.675907590759076e-07,10114,,,,,,,,,
33,,,,,,,,,,10114,0.018143106251955032,,,,,,,,
,,,,,,,,,6.679207920792079e-07,10119,,,,,,,,,
33,,,,,,,,,,10119,0.07456594705581665,,,,,,,,
,,,,,,,,,6.682508250825081e-07,10124,,,,,,,,,
33,,,,,,,,,,10124,0.043673522770404816,,,,,,,,
,,,,,,,,,6.685808580858085e-07,10129,,,,,,,,,
33,,,,,,,,,,10129,0.0416799820959568,,,,,,,,
,,,,,,,,,6.689108910891089e-07,10134,,,,,,,,,
33,,,,,,,,,,10134,0.017246076837182045,,,,,,,,
,,,,,,,,,6.692409240924092e-07,10139,,,,,,,,,
33,,,,,,,,,,10139,0.018618138507008553,,,,,,,,
,,,,,,,,,6.695709570957095e-07,10144,,,,,,,,,
33,,,,,,,,,,10144,0.006047356873750687,,,,,,,,
,,,,,,,,,6.699009900990099e-07,10149,,,,,,,,,
33,,,,,,,,,,10149,0.02034742198884487,,,,,,,,
,,,,,,,,,6.702310231023102e-07,10154,,,,,,,,,
33,,,,,,,,,,10154,0.02037901058793068,,,,,,,,
,,,,,,,,,6.705610561056106e-07,10159,,,,,,,,,
33,,,,,,,,,,10159,0.018955161795020103,,,,,,,,
,,,,,,,,,6.708910891089109e-07,10164,,,,,,,,,
33,,,,,,,,,,10164,0.03708622232079506,,,,,,,,
,,,,,,,,,6.712211221122112e-07,10169,,,,,,,,,
33,,,,,,,,,,10169,0.046335842460393906,,,,,,,,
,,,,,,,,,6.715511551155115e-07,10174,,,,,,,,,
33,,,,,,,,,,10174,0.033003583550453186,,,,,,,,
,,,,,,,,,6.718811881188119e-07,10179,,,,,,,,,
33,,,,,,,,,,10179,0.042670924216508865,,,,,,,,
,,,,,,,,,6.722112211221121e-07,10184,,,,,,,,,
33,,,,,,,,,,10184,0.02533322013914585,,,,,,,,
,,,,,,,,,6.725412541254125e-07,10189,,,,,,,,,
33,,,,,,,,,,10189,0.02009204775094986,,,,,,,,
,,,,,,,,,6.728712871287129e-07,10194,,,,,,,,,
33,,,,,,,,,,10194,0.04899579659104347,,,,,,,,
,,,,,,,,,6.732013201320131e-07,10199,,,,,,,,,
33,,,,,,,,,,10199,0.017922010272741318,,,,,,,,
,,,,,,,,,6.735313531353135e-07,10204,,,,,,,,,
33,,,,,,,,,,10204,0.029905498027801514,,,,,,,,
,,,,,,,,,6.738613861386139e-07,10209,,,,,,,,,
33,,,,,,,,,,10209,0.02198169380426407,,,,,,,,
,,,,,,,,,6.741914191419142e-07,10214,,,,,,,,,
33,,,,,,,,,,10214,0.015251301229000092,,,,,,,,
,,,,,,,,,6.745214521452145e-07,10219,,,,,,,,,
33,,,,,,,,,,10219,0.033876027911901474,,,,,,,,
,,,,,,,,,6.748514851485149e-07,10224,,,,,,,,,
33,,,,,,,,,,10224,0.005719988141208887,,,,,,,,
,,,,,,,,,6.751815181518151e-07,10229,,,,,,,,,
33,,,,,,,,,,10229,0.01723032258450985,,,,,,,,
,,,,,,,,,6.755115511551155e-07,10234,,,,,,,,,
33,,,,,,,,,,10234,0.028528297320008278,,,,,,,,
,,,,,,,,,6.758415841584158e-07,10239,,,,,,,,,
33,,,,,,,,,,10239,0.02719597890973091,,,,,,,,
,,,,,,,,,6.761716171617161e-07,10244,,,,,,,,,
33,,,,,,,,,,10244,0.030905408784747124,,,,,,,,
,,,,,,,,,6.765016501650165e-07,10249,,,,,,,,,
33,,,,,,,,,,10249,0.04777328670024872,,,,,,,,
,,,,,,,,,6.768316831683169e-07,10254,,,,,,,,,
33,,,,,,,,,,10254,0.021652227267622948,,,,,,,,
,,,,,,,,,6.771617161716171e-07,10259,,,,,,,,,
33,,,,,,,,,,10259,0.014261884614825249,,,,,,,,
,,,,,,,,,6.774917491749175e-07,10264,,,,,,,,,
33,,,,,,,,,,10264,0.020352987572550774,,,,,,,,
,,,,,,,,,6.778217821782179e-07,10269,,,,,,,,,
33,,,,,,,,,,10269,0.029193246737122536,,,,,,,,
,,,,,,,,,6.781518151815181e-07,10274,,,,,,,,,
33,,,,,,,,,,10274,0.06304284185171127,,,,,,,,
,,,,,,,,,6.784818481848184e-07,10279,,,,,,,,,
33,,,,,,,,,,10279,0.018438490107655525,,,,,,,,
,,,,,,,,,6.788118811881188e-07,10284,,,,,,,,,
33,,,,,,,,,,10284,0.021924622356891632,,,,,,,,
,,,,,,,,,6.791419141914191e-07,10289,,,,,,,,,
33,,,,,,,,,,10289,0.011663907207548618,,,,,,,,
,,,,,,,,,6.794719471947194e-07,10294,,,,,,,,,
33,,,,,,,,,,10294,0.05141077935695648,,,,,,,,
,,,,,,,,,6.798019801980198e-07,10299,,,,,,,,,
33,,,,,,,,,,10299,0.06293072551488876,,,,,,,,
33,,,,,,,,,,10301,,0.668749988079071,0.7165775299072266,0.07245399057865143,0.07245399057865143,0.4490622878074646,0.6907216310501099,0.7444444298744202,0.4521377980709076
,,,,,,,,,6.801320132013201e-07,10304,,,,,,,,,
34,,,,,,,,,,10304,0.02442428283393383,,,,,,,,
,,,,,,,,,6.804620462046205e-07,10309,,,,,,,,,
34,,,,,,,,,,10309,0.03337649628520012,,,,,,,,
,,,,,,,,,6.807920792079208e-07,10314,,,,,,,,,
34,,,,,,,,,,10314,0.009121867828071117,,,,,,,,
,,,,,,,,,6.811221122112211e-07,10319,,,,,,,,,
34,,,,,,,,,,10319,0.013547788374125957,,,,,,,,
,,,,,,,,,6.814521452145215e-07,10324,,,,,,,,,
34,,,,,,,,,,10324,0.050493624061346054,,,,,,,,
,,,,,,,,,6.817821782178218e-07,10329,,,,,,,,,
34,,,,,,,,,,10329,0.06598729640245438,,,,,,,,
,,,,,,,,,6.82112211221122e-07,10334,,,,,,,,,
34,,,,,,,,,,10334,0.051572758704423904,,,,,,,,
,,,,,,,,,6.824422442244224e-07,10339,,,,,,,,,
34,,,,,,,,,,10339,0.018275326117873192,,,,,,,,
,,,,,,,,,6.827722772277228e-07,10344,,,,,,,,,
34,,,,,,,,,,10344,0.018259933218359947,,,,,,,,
,,,,,,,,,6.83102310231023e-07,10349,,,,,,,,,
34,,,,,,,,,,10349,0.007750656455755234,,,,,,,,
,,,,,,,,,6.834323432343234e-07,10354,,,,,,,,,
34,,,,,,,,,,10354,0.03604188933968544,,,,,,,,
,,,,,,,,,6.837623762376238e-07,10359,,,,,,,,,
34,,,,,,,,,,10359,0.018708698451519012,,,,,,,,
,,,,,,,,,6.840924092409241e-07,10364,,,,,,,,,
34,,,,,,,,,,10364,0.011192231439054012,,,,,,,,
,,,,,,,,,6.844224422442244e-07,10369,,,,,,,,,
34,,,,,,,,,,10369,0.020303014665842056,,,,,,,,
,,,,,,,,,6.847524752475248e-07,10374,,,,,,,,,
34,,,,,,,,,,10374,0.034225139766931534,,,,,,,,
,,,,,,,,,6.850825082508251e-07,10379,,,,,,,,,
34,,,,,,,,,,10379,0.026739172637462616,,,,,,,,
,,,,,,,,,6.854125412541254e-07,10384,,,,,,,,,
34,,,,,,,,,,10384,0.03103610686957836,,,,,,,,
,,,,,,,,,6.857425742574257e-07,10389,,,,,,,,,
34,,,,,,,,,,10389,0.03560137003660202,,,,,,,,
,,,,,,,,,6.86072607260726e-07,10394,,,,,,,,,
34,,,,,,,,,,10394,0.01788785308599472,,,,,,,,
,,,,,,,,,6.864026402640264e-07,10399,,,,,,,,,
34,,,,,,,,,,10399,0.029612617567181587,,,,,,,,
,,,,,,,,,6.867326732673267e-07,10404,,,,,,,,,
34,,,,,,,,,,10404,0.023291436955332756,,,,,,,,
,,,,,,,,,6.87062706270627e-07,10409,,,,,,,,,
34,,,,,,,,,,10409,0.04255005717277527,,,,,,,,
,,,,,,,,,6.873927392739274e-07,10414,,,,,,,,,
34,,,,,,,,,,10414,0.03760838136076927,,,,,,,,
,,,,,,,,,6.877227722772277e-07,10419,,,,,,,,,
34,,,,,,,,,,10419,0.02089262567460537,,,,,,,,
,,,,,,,,,6.88052805280528e-07,10424,,,,,,,,,
34,,,,,,,,,,10424,0.014490002766251564,,,,,,,,
,,,,,,,,,6.883828382838284e-07,10429,,,,,,,,,
34,,,,,,,,,,10429,0.004639538936316967,,,,,,,,
,,,,,,,,,6.887128712871287e-07,10434,,,,,,,,,
34,,,,,,,,,,10434,0.027687234804034233,,,,,,,,
,,,,,,,,,6.890429042904289e-07,10439,,,,,,,,,
34,,,,,,,,,,10439,0.022295769304037094,,,,,,,,
,,,,,,,,,6.893729372937293e-07,10444,,,,,,,,,
34,,,,,,,,,,10444,0.02073468640446663,,,,,,,,
,,,,,,,,,6.897029702970296e-07,10449,,,,,,,,,
34,,,,,,,,,,10449,0.02934785559773445,,,,,,,,
,,,,,,,,,6.9003300330033e-07,10454,,,,,,,,,
34,,,,,,,,,,10454,0.0072065978311002254,,,,,,,,
,,,,,,,,,6.903630363036303e-07,10459,,,,,,,,,
34,,,,,,,,,,10459,0.026167625561356544,,,,,,,,
,,,,,,,,,6.906930693069306e-07,10464,,,,,,,,,
34,,,,,,,,,,10464,0.009258881211280823,,,,,,,,
,,,,,,,,,6.91023102310231e-07,10469,,,,,,,,,
34,,,,,,,,,,10469,0.01959238015115261,,,,,,,,
,,,,,,,,,6.913531353135314e-07,10474,,,,,,,,,
34,,,,,,,,,,10474,0.017642738297581673,,,,,,,,
,,,,,,,,,6.916831683168316e-07,10479,,,,,,,,,
34,,,,,,,,,,10479,0.020418178290128708,,,,,,,,
,,,,,,,,,6.92013201320132e-07,10484,,,,,,,,,
34,,,,,,,,,,10484,0.050018683075904846,,,,,,,,
,,,,,,,,,6.923432343234324e-07,10489,,,,,,,,,
34,,,,,,,,,,10489,0.045124683529138565,,,,,,,,
,,,,,,,,,6.926732673267325e-07,10494,,,,,,,,,
34,,,,,,,,,,10494,0.009217179380357265,,,,,,,,
,,,,,,,,,6.930033003300329e-07,10499,,,,,,,,,
34,,,,,,,,,,10499,0.028258586302399635,,,,,,,,
,,,,,,,,,6.933333333333333e-07,10504,,,,,,,,,
34,,,,,,,,,,10504,0.033105045557022095,,,,,,,,
,,,,,,,,,6.936633663366336e-07,10509,,,,,,,,,
34,,,,,,,,,,10509,0.025351349264383316,,,,,,,,
,,,,,,,,,6.939933993399339e-07,10514,,,,,,,,,
34,,,,,,,,,,10514,0.021368348971009254,,,,,,,,
,,,,,,,,,6.943234323432343e-07,10519,,,,,,,,,
34,,,,,,,,,,10519,0.012706436216831207,,,,,,,,
,,,,,,,,,6.946534653465346e-07,10524,,,,,,,,,
34,,,,,,,,,,10524,0.012463412247598171,,,,,,,,
,,,,,,,,,6.94983498349835e-07,10529,,,,,,,,,
34,,,,,,,,,,10529,0.04199167713522911,,,,,,,,
,,,,,,,,,6.953135313531353e-07,10534,,,,,,,,,
34,,,,,,,,,,10534,0.01815767027437687,,,,,,,,
,,,,,,,,,6.956435643564356e-07,10539,,,,,,,,,
34,,,,,,,,,,10539,0.04615575820207596,,,,,,,,
,,,,,,,,,6.95973597359736e-07,10544,,,,,,,,,
34,,,,,,,,,,10544,0.013838207349181175,,,,,,,,
,,,,,,,,,6.963036303630363e-07,10549,,,,,,,,,
34,,,,,,,,,,10549,0.021686652675271034,,,,,,,,
,,,,,,,,,6.966336633663365e-07,10554,,,,,,,,,
34,,,,,,,,,,10554,0.014278779737651348,,,,,,,,
,,,,,,,,,6.969636963696369e-07,10559,,,,,,,,,
34,,,,,,,,,,10559,0.016904138028621674,,,,,,,,
,,,,,,,,,6.972937293729373e-07,10564,,,,,,,,,
34,,,,,,,,,,10564,0.01310995314270258,,,,,,,,
,,,,,,,,,6.976237623762375e-07,10569,,,,,,,,,
34,,,,,,,,,,10569,0.020509814843535423,,,,,,,,
,,,,,,,,,6.979537953795379e-07,10574,,,,,,,,,
34,,,,,,,,,,10574,0.009753724560141563,,,,,,,,
,,,,,,,,,6.982838283828383e-07,10579,,,,,,,,,
34,,,,,,,,,,10579,0.06450489163398743,,,,,,,,
,,,,,,,,,6.986138613861386e-07,10584,,,,,,,,,
34,,,,,,,,,,10584,0.021233627572655678,,,,,,,,
,,,,,,,,,6.989438943894389e-07,10589,,,,,,,,,
34,,,,,,,,,,10589,0.020747683942317963,,,,,,,,
,,,,,,,,,6.992739273927393e-07,10594,,,,,,,,,
34,,,,,,,,,,10594,0.036562032997608185,,,,,,,,
,,,,,,,,,6.996039603960395e-07,10599,,,,,,,,,
34,,,,,,,,,,10599,0.046477094292640686,,,,,,,,
,,,,,,,,,6.999339933993399e-07,10604,,,,,,,,,
34,,,,,,,,,,10604,0.02988484501838684,,,,,,,,
34,,,,,,,,,,10604,,0.6812499761581421,0.7272727489471436,0.07203198224306107,0.07203198224306107,0.4539177715778351,0.7010309100151062,0.7555555701255798,0.45822274684906006
,,,,,,,,,7.002640264026402e-07,10609,,,,,,,,,
35,,,,,,,,,,10609,0.008013980463147163,,,,,,,,
,,,,,,,,,7.005940594059405e-07,10614,,,,,,,,,
35,,,,,,,,,,10614,0.031913045793771744,,,,,,,,
,,,,,,,,,7.009240924092409e-07,10619,,,,,,,,,
35,,,,,,,,,,10619,0.028600580990314484,,,,,,,,
,,,,,,,,,7.012541254125412e-07,10624,,,,,,,,,
35,,,,,,,,,,10624,0.021894630044698715,,,,,,,,
,,,,,,,,,7.015841584158415e-07,10629,,,,,,,,,
35,,,,,,,,,,10629,0.020189952105283737,,,,,,,,
,,,,,,,,,7.019141914191419e-07,10634,,,,,,,,,
35,,,,,,,,,,10634,0.039613571017980576,,,,,,,,
,,,,,,,,,7.022442244224423e-07,10639,,,,,,,,,
35,,,,,,,,,,10639,0.03194613754749298,,,,,,,,
,,,,,,,,,7.025742574257425e-07,10644,,,,,,,,,
35,,,,,,,,,,10644,0.013215729035437107,,,,,,,,
,,,,,,,,,7.029042904290429e-07,10649,,,,,,,,,
35,,,,,,,,,,10649,0.009115921333432198,,,,,,,,
,,,,,,,,,7.032343234323433e-07,10654,,,,,,,,,
35,,,,,,,,,,10654,0.03145252913236618,,,,,,,,
,,,,,,,,,7.035643564356435e-07,10659,,,,,,,,,
35,,,,,,,,,,10659,0.032405659556388855,,,,,,,,
,,,,,,,,,7.038943894389438e-07,10664,,,,,,,,,
35,,,,,,,,,,10664,0.015840260311961174,,,,,,,,
,,,,,,,,,7.042244224422442e-07,10669,,,,,,,,,
35,,,,,,,,,,10669,0.02352050133049488,,,,,,,,
,,,,,,,,,7.045544554455445e-07,10674,,,,,,,,,
35,,,,,,,,,,10674,0.030160978436470032,,,,,,,,
,,,,,,,,,7.048844884488448e-07,10679,,,,,,,,,
35,,,,,,,,,,10679,0.03175945207476616,,,,,,,,
,,,,,,,,,7.052145214521452e-07,10684,,,,,,,,,
35,,,,,,,,,,10684,0.03145044296979904,,,,,,,,
,,,,,,,,,7.055445544554455e-07,10689,,,,,,,,,
35,,,,,,,,,,10689,0.019403057172894478,,,,,,,,
,,,,,,,,,7.058745874587459e-07,10694,,,,,,,,,
35,,,,,,,,,,10694,0.01765827275812626,,,,,,,,
,,,,,,,,,7.062046204620462e-07,10699,,,,,,,,,
35,,,,,,,,,,10699,0.020135626196861267,,,,,,,,
,,,,,,,,,7.065346534653465e-07,10704,,,,,,,,,
35,,,,,,,,,,10704,0.016143977642059326,,,,,,,,
,,,,,,,,,7.068646864686468e-07,10709,,,,,,,,,
35,,,,,,,,,,10709,0.01424268539994955,,,,,,,,
,,,,,,,,,7.071947194719472e-07,10714,,,,,,,,,
35,,,,,,,,,,10714,0.01944463700056076,,,,,,,,
,,,,,,,,,7.075247524752474e-07,10719,,,,,,,,,
35,,,,,,,,,,10719,0.02710144594311714,,,,,,,,
,,,,,,,,,7.078547854785478e-07,10724,,,,,,,,,
35,,,,,,,,,,10724,0.022582802921533585,,,,,,,,
,,,,,,,,,7.081848184818482e-07,10729,,,,,,,,,
35,,,,,,,,,,10729,0.0515717938542366,,,,,,,,
,,,,,,,,,7.085148514851484e-07,10734,,,,,,,,,
35,,,,,,,,,,10734,0.002074294025078416,,,,,,,,
,,,,,,,,,7.088448844884488e-07,10739,,,,,,,,,
35,,,,,,,,,,10739,0.02268880233168602,,,,,,,,
,,,,,,,,,7.091749174917492e-07,10744,,,,,,,,,
35,,,,,,,,,,10744,0.020355146378278732,,,,,,,,
,,,,,,,,,7.095049504950495e-07,10749,,,,,,,,,
35,,,,,,,,,,10749,0.018395965918898582,,,,,,,,
,,,,,,,,,7.098349834983498e-07,10754,,,,,,,,,
35,,,,,,,,,,10754,0.0172587800770998,,,,,,,,
,,,,,,,,,7.101650165016502e-07,10759,,,,,,,,,
35,,,,,,,,,,10759,0.02018737979233265,,,,,,,,
,,,,,,,,,7.104950495049504e-07,10764,,,,,,,,,
35,,,,,,,,,,10764,0.046421971172094345,,,,,,,,
,,,,,,,,,7.108250825082508e-07,10769,,,,,,,,,
35,,,,,,,,,,10769,0.023381559178233147,,,,,,,,
,,,,,,,,,7.111551155115511e-07,10774,,,,,,,,,
35,,,,,,,,,,10774,0.02764887548983097,,,,,,,,
,,,,,,,,,7.114851485148514e-07,10779,,,,,,,,,
35,,,,,,,,,,10779,0.02030002512037754,,,,,,,,
,,,,,,,,,7.118151815181518e-07,10784,,,,,,,,,
35,,,,,,,,,,10784,0.024088840931653976,,,,,,,,
,,,,,,,,,7.121452145214522e-07,10789,,,,,,,,,
35,,,,,,,,,,10789,0.05092887952923775,,,,,,,,
,,,,,,,,,7.124752475247524e-07,10794,,,,,,,,,
35,,,,,,,,,,10794,0.01845565065741539,,,,,,,,
,,,,,,,,,7.128052805280528e-07,10799,,,,,,,,,
35,,,,,,,,,,10799,0.0152780432254076,,,,,,,,
,,,,,,,,,7.131353135313532e-07,10804,,,,,,,,,
35,,,,,,,,,,10804,0.015537211671471596,,,,,,,,
,,,,,,,,,7.134653465346534e-07,10809,,,,,,,,,
35,,,,,,,,,,10809,0.02744561806321144,,,,,,,,
,,,,,,,,,7.137953795379538e-07,10814,,,,,,,,,
35,,,,,,,,,,10814,0.04844100400805473,,,,,,,,
,,,,,,,,,7.141254125412541e-07,10819,,,,,,,,,
35,,,,,,,,,,10819,0.03552045300602913,,,,,,,,
,,,,,,,,,7.144554455445544e-07,10824,,,,,,,,,
35,,,,,,,,,,10824,0.023545265197753906,,,,,,,,
,,,,,,,,,7.147854785478547e-07,10829,,,,,,,,,
35,,,,,,,,,,10829,0.021501369774341583,,,,,,,,
,,,,,,,,,7.151155115511551e-07,10834,,,,,,,,,
35,,,,,,,,,,10834,0.017205320298671722,,,,,,,,
,,,,,,,,,7.154455445544554e-07,10839,,,,,,,,,
35,,,,,,,,,,10839,0.016117418184876442,,,,,,,,
,,,,,,,,,7.157755775577558e-07,10844,,,,,,,,,
35,,,,,,,,,,10844,0.015198912471532822,,,,,,,,
,,,,,,,,,7.161056105610561e-07,10849,,,,,,,,,
35,,,,,,,,,,10849,0.02228294126689434,,,,,,,,
,,,,,,,,,7.164356435643564e-07,10854,,,,,,,,,
35,,,,,,,,,,10854,0.014998866245150566,,,,,,,,
,,,,,,,,,7.167656765676568e-07,10859,,,,,,,,,
35,,,,,,,,,,10859,0.02804313786327839,,,,,,,,
,,,,,,,,,7.170957095709572e-07,10864,,,,,,,,,
35,,,,,,,,,,10864,0.03311799839138985,,,,,,,,
,,,,,,,,,7.174257425742573e-07,10869,,,,,,,,,
35,,,,,,,,,,10869,0.008894541300833225,,,,,,,,
,,,,,,,,,7.177557755775577e-07,10874,,,,,,,,,
35,,,,,,,,,,10874,0.056321512907743454,,,,,,,,
,,,,,,,,,7.180858085808581e-07,10879,,,,,,,,,
35,,,,,,,,,,10879,0.0187491774559021,,,,,,,,
,,,,,,,,,7.184158415841583e-07,10884,,,,,,,,,
35,,,,,,,,,,10884,0.020285410806536674,,,,,,,,
,,,,,,,,,7.187458745874587e-07,10889,,,,,,,,,
35,,,,,,,,,,10889,0.03909413889050484,,,,,,,,
,,,,,,,,,7.190759075907591e-07,10894,,,,,,,,,
35,,,,,,,,,,10894,0.030492007732391357,,,,,,,,
,,,,,,,,,7.194059405940594e-07,10899,,,,,,,,,
35,,,,,,,,,,10899,0.02433987520635128,,,,,,,,
,,,,,,,,,7.197359735973597e-07,10904,,,,,,,,,
35,,,,,,,,,,10904,0.009878771379590034,,,,,,,,
35,,,,,,,,,,10907,,0.6937500238418579,0.7434554696083069,0.07254315912723541,0.07254315912723541,0.45672842860221863,0.7029703259468079,0.7888888716697693,0.46207115054130554
,,,,,,,,,7.200660066006601e-07,10909,,,,,,,,,
36,,,,,,,,,,10909,0.007464058231562376,,,,,,,,
,,,,,,,,,7.203960396039604e-07,10914,,,,,,,,,
36,,,,,,,,,,10914,0.007061578333377838,,,,,,,,
,,,,,,,,,7.207260726072608e-07,10919,,,,,,,,,
36,,,,,,,,,,10919,0.02197272889316082,,,,,,,,
,,,,,,,,,7.21056105610561e-07,10924,,,,,,,,,
36,,,,,,,,,,10924,0.016188981011509895,,,,,,,,
,,,,,,,,,7.213861386138613e-07,10929,,,,,,,,,
36,,,,,,,,,,10929,0.015943994745612144,,,,,,,,
,,,,,,,,,7.217161716171617e-07,10934,,,,,,,,,
36,,,,,,,,,,10934,0.02994486689567566,,,,,,,,
,,,,,,,,,7.22046204620462e-07,10939,,,,,,,,,
36,,,,,,,,,,10939,0.011309216730296612,,,,,,,,
,,,,,,,,,7.223762376237623e-07,10944,,,,,,,,,
36,,,,,,,,,,10944,0.0683780238032341,,,,,,,,
,,,,,,,,,7.227062706270627e-07,10949,,,,,,,,,
36,,,,,,,,,,10949,0.019589703530073166,,,,,,,,
,,,,,,,,,7.230363036303631e-07,10954,,,,,,,,,
36,,,,,,,,,,10954,0.026394570246338844,,,,,,,,
,,,,,,,,,7.233663366336633e-07,10959,,,,,,,,,
36,,,,,,,,,,10959,0.03145688399672508,,,,,,,,
,,,,,,,,,7.236963696369637e-07,10964,,,,,,,,,
36,,,,,,,,,,10964,0.01128943357616663,,,,,,,,
,,,,,,,,,7.240264026402641e-07,10969,,,,,,,,,
36,,,,,,,,,,10969,0.024667959660291672,,,,,,,,
,,,,,,,,,7.243564356435644e-07,10974,,,,,,,,,
36,,,,,,,,,,10974,0.022881854325532913,,,,,,,,
,,,,,,,,,7.246864686468646e-07,10979,,,,,,,,,
36,,,,,,,,,,10979,0.01759699359536171,,,,,,,,
,,,,,,,,,7.25016501650165e-07,10984,,,,,,,,,
36,,,,,,,,,,10984,0.03117542341351509,,,,,,,,
,,,,,,,,,7.253465346534653e-07,10989,,,,,,,,,
36,,,,,,,,,,10989,0.02139756642282009,,,,,,,,
,,,,,,,,,7.256765676567656e-07,10994,,,,,,,,,
36,,,,,,,,,,10994,0.024825550615787506,,,,,,,,
,,,,,,,,,7.26006600660066e-07,10999,,,,,,,,,
36,,,,,,,,,,10999,0.027958529070019722,,,,,,,,
,,,,,,,,,7.263366336633663e-07,11004,,,,,,,,,
36,,,,,,,,,,11004,0.009037158451974392,,,,,,,,
,,,,,,,,,7.266666666666667e-07,11009,,,,,,,,,
36,,,,,,,,,,11009,0.04129952937364578,,,,,,,,
,,,,,,,,,7.26996699669967e-07,11014,,,,,,,,,
36,,,,,,,,,,11014,0.050815399736166,,,,,,,,
,,,,,,,,,7.273267326732673e-07,11019,,,,,,,,,
36,,,,,,,,,,11019,0.010450992733240128,,,,,,,,
,,,,,,,,,7.276567656765677e-07,11024,,,,,,,,,
36,,,,,,,,,,11024,0.05186503380537033,,,,,,,,
,,,,,,,,,7.279867986798681e-07,11029,,,,,,,,,
36,,,,,,,,,,11029,0.027649713680148125,,,,,,,,
,,,,,,,,,7.283168316831682e-07,11034,,,,,,,,,
36,,,,,,,,,,11034,0.013211686164140701,,,,,,,,
,,,,,,,,,7.286468646864686e-07,11039,,,,,,,,,
36,,,,,,,,,,11039,0.04014822468161583,,,,,,,,
,,,,,,,,,7.28976897689769e-07,11044,,,,,,,,,
36,,,,,,,,,,11044,0.01832515001296997,,,,,,,,
,,,,,,,,,7.293069306930692e-07,11049,,,,,,,,,
36,,,,,,,,,,11049,0.024081259965896606,,,,,,,,
,,,,,,,,,7.296369636963696e-07,11054,,,,,,,,,
36,,,,,,,,,,11054,0.010089920833706856,,,,,,,,
,,,,,,,,,7.299669966996699e-07,11059,,,,,,,,,
36,,,,,,,,,,11059,0.01716037094593048,,,,,,,,
,,,,,,,,,7.302970297029703e-07,11064,,,,,,,,,
36,,,,,,,,,,11064,0.04093194007873535,,,,,,,,
,,,,,,,,,7.306270627062706e-07,11069,,,,,,,,,
36,,,,,,,,,,11069,0.018841372802853584,,,,,,,,
,,,,,,,,,7.309570957095709e-07,11074,,,,,,,,,
36,,,,,,,,,,11074,0.07400453835725784,,,,,,,,
,,,,,,,,,7.312871287128713e-07,11079,,,,,,,,,
36,,,,,,,,,,11079,0.020709313452243805,,,,,,,,
,,,,,,,,,7.316171617161716e-07,11084,,,,,,,,,
36,,,,,,,,,,11084,0.05057309567928314,,,,,,,,
,,,,,,,,,7.319471947194718e-07,11089,,,,,,,,,
36,,,,,,,,,,11089,0.020003966987133026,,,,,,,,
,,,,,,,,,7.322772277227722e-07,11094,,,,,,,,,
36,,,,,,,,,,11094,0.013658832758665085,,,,,,,,
,,,,,,,,,7.326072607260726e-07,11099,,,,,,,,,
36,,,,,,,,,,11099,0.025883091613650322,,,,,,,,
,,,,,,,,,7.329372937293728e-07,11104,,,,,,,,,
36,,,,,,,,,,11104,0.016107063740491867,,,,,,,,
,,,,,,,,,7.332673267326732e-07,11109,,,,,,,,,
36,,,,,,,,,,11109,0.030881483107805252,,,,,,,,
,,,,,,,,,7.335973597359736e-07,11114,,,,,,,,,
36,,,,,,,,,,11114,0.02755187265574932,,,,,,,,
,,,,,,,,,7.339273927392739e-07,11119,,,,,,,,,
36,,,,,,,,,,11119,0.027539299800992012,,,,,,,,
,,,,,,,,,7.342574257425742e-07,11124,,,,,,,,,
36,,,,,,,,,,11124,0.04750954732298851,,,,,,,,
,,,,,,,,,7.345874587458746e-07,11129,,,,,,,,,
36,,,,,,,,,,11129,0.01488496083766222,,,,,,,,
,,,,,,,,,7.349174917491749e-07,11134,,,,,,,,,
36,,,,,,,,,,11134,0.035932935774326324,,,,,,,,
,,,,,,,,,7.352475247524752e-07,11139,,,,,,,,,
36,,,,,,,,,,11139,0.00907835178077221,,,,,,,,
,,,,,,,,,7.355775577557755e-07,11144,,,,,,,,,
36,,,,,,,,,,11144,0.004497841000556946,,,,,,,,
,,,,,,,,,7.359075907590758e-07,11149,,,,,,,,,
36,,,,,,,,,,11149,0.021072659641504288,,,,,,,,
,,,,,,,,,7.362376237623762e-07,11154,,,,,,,,,
36,,,,,,,,,,11154,0.03857786953449249,,,,,,,,
,,,,,,,,,7.365676567656765e-07,11159,,,,,,,,,
36,,,,,,,,,,11159,0.012060001492500305,,,,,,,,
,,,,,,,,,7.368976897689768e-07,11164,,,,,,,,,
36,,,,,,,,,,11164,0.020618721842765808,,,,,,,,
,,,,,,,,,7.372277227722772e-07,11169,,,,,,,,,
36,,,,,,,,,,11169,0.007210456766188145,,,,,,,,
,,,,,,,,,7.375577557755776e-07,11174,,,,,,,,,
36,,,,,,,,,,11174,0.014538737013936043,,,,,,,,
,,,,,,,,,7.378877887788778e-07,11179,,,,,,,,,
36,,,,,,,,,,11179,0.01170501857995987,,,,,,,,
,,,,,,,,,7.382178217821782e-07,11184,,,,,,,,,
36,,,,,,,,,,11184,0.01571621373295784,,,,,,,,
,,,,,,,,,7.385478547854786e-07,11189,,,,,,,,,
36,,,,,,,,,,11189,0.03200586140155792,,,,,,,,
,,,,,,,,,7.388778877887788e-07,11194,,,,,,,,,
36,,,,,,,,,,11194,0.0584428645670414,,,,,,,,
,,,,,,,,,7.392079207920791e-07,11199,,,,,,,,,
36,,,,,,,,,,11199,0.04186346009373665,,,,,,,,
,,,,,,,,,7.395379537953795e-07,11204,,,,,,,,,
36,,,,,,,,,,11204,0.023649828508496284,,,,,,,,
,,,,,,,,,7.398679867986798e-07,11209,,,,,,,,,
36,,,,,,,,,,11209,0.06115037202835083,,,,,,,,
36,,,,,,,,,,11210,,0.7124999761581421,0.75,0.07383273541927338,0.07383273541927338,0.45164012908935547,0.7340425252914429,0.7666666507720947,0.45634108781814575
,,,,,,,,,7.401980198019801e-07,11214,,,,,,,,,
37,,,,,,,,,,11214,0.009732984006404877,,,,,,,,
,,,,,,,,,7.405280528052805e-07,11219,,,,,,,,,
37,,,,,,,,,,11219,0.008535142987966537,,,,,,,,
,,,,,,,,,7.408580858085808e-07,11224,,,,,,,,,
37,,,,,,,,,,11224,0.011149735189974308,,,,,,,,
,,,,,,,,,7.411881188118812e-07,11229,,,,,,,,,
37,,,,,,,,,,11229,0.009380624629557133,,,,,,,,
,,,,,,,,,7.415181518151815e-07,11234,,,,,,,,,
37,,,,,,,,,,11234,0.04484192654490471,,,,,,,,
,,,,,,,,,7.418481848184818e-07,11239,,,,,,,,,
37,,,,,,,,,,11239,0.027011947706341743,,,,,,,,
,,,,,,,,,7.421782178217822e-07,11244,,,,,,,,,
37,,,,,,,,,,11244,0.014853311702609062,,,,,,,,
,,,,,,,,,7.425082508250825e-07,11249,,,,,,,,,
37,,,,,,,,,,11249,0.01081954687833786,,,,,,,,
,,,,,,,,,7.428382838283827e-07,11254,,,,,,,,,
37,,,,,,,,,,11254,0.03646347299218178,,,,,,,,
,,,,,,,,,7.431683168316831e-07,11259,,,,,,,,,
37,,,,,,,,,,11259,0.01420349907130003,,,,,,,,
,,,,,,,,,7.434983498349835e-07,11264,,,,,,,,,
37,,,,,,,,,,11264,0.005224148277193308,,,,,,,,
,,,,,,,,,7.438283828382837e-07,11269,,,,,,,,,
37,,,,,,,,,,11269,0.04907163605093956,,,,,,,,
,,,,,,,,,7.441584158415841e-07,11274,,,,,,,,,
37,,,,,,,,,,11274,0.017906587570905685,,,,,,,,
,,,,,,,,,7.444884488448845e-07,11279,,,,,,,,,
37,,,,,,,,,,11279,0.044285181909799576,,,,,,,,
,,,,,,,,,7.448184818481848e-07,11284,,,,,,,,,
37,,,,,,,,,,11284,0.014426184818148613,,,,,,,,
,,,,,,,,,7.451485148514851e-07,11289,,,,,,,,,
37,,,,,,,,,,11289,0.022183556109666824,,,,,,,,
,,,,,,,,,7.454785478547855e-07,11294,,,,,,,,,
37,,,,,,,,,,11294,0.012069244869053364,,,,,,,,
,,,,,,,,,7.458085808580857e-07,11299,,,,,,,,,
37,,,,,,,,,,11299,0.03185049444437027,,,,,,,,
,,,,,,,,,7.461386138613861e-07,11304,,,,,,,,,
37,,,,,,,,,,11304,0.03031323291361332,,,,,,,,
,,,,,,,,,7.464686468646864e-07,11309,,,,,,,,,
37,,,,,,,,,,11309,0.015327305532991886,,,,,,,,
,,,,,,,,,7.467986798679867e-07,11314,,,,,,,,,
37,,,,,,,,,,11314,0.05459637567400932,,,,,,,,
,,,,,,,,,7.471287128712871e-07,11319,,,,,,,,,
37,,,,,,,,,,11319,0.054554156959056854,,,,,,,,
,,,,,,,,,7.474587458745875e-07,11324,,,,,,,,,
37,,,,,,,,,,11324,0.022399606183171272,,,,,,,,
,,,,,,,,,7.477887788778877e-07,11329,,,,,,,,,
37,,,,,,,,,,11329,0.00685977004468441,,,,,,,,
,,,,,,,,,7.481188118811881e-07,11334,,,,,,,,,
37,,,,,,,,,,11334,0.045665182173252106,,,,,,,,
,,,,,,,,,7.484488448844885e-07,11339,,,,,,,,,
37,,,,,,,,,,11339,0.0284655150026083,,,,,,,,
,,,,,,,,,7.487788778877887e-07,11344,,,,,,,,,
37,,,,,,,,,,11344,0.023325029760599136,,,,,,,,
,,,,,,,,,7.491089108910891e-07,11349,,,,,,,,,
37,,,,,,,,,,11349,0.023227378726005554,,,,,,,,
,,,,,,,,,7.494389438943894e-07,11354,,,,,,,,,
37,,,,,,,,,,11354,0.01606755517423153,,,,,,,,
,,,,,,,,,7.497689768976897e-07,11359,,,,,,,,,
37,,,,,,,,,,11359,0.03782548010349274,,,,,,,,
,,,,,,,,,7.5009900990099e-07,11364,,,,,,,,,
37,,,,,,,,,,11364,0.028690911829471588,,,,,,,,
,,,,,,,,,7.504290429042904e-07,11369,,,,,,,,,
37,,,,,,,,,,11369,0.04495349898934364,,,,,,,,
,,,,,,,,,7.507590759075907e-07,11374,,,,,,,,,
37,,,,,,,,,,11374,0.07026712596416473,,,,,,,,
,,,,,,,,,7.510891089108911e-07,11379,,,,,,,,,
37,,,,,,,,,,11379,0.037953414022922516,,,,,,,,
,,,,,,,,,7.514191419141914e-07,11384,,,,,,,,,
37,,,,,,,,,,11384,0.024534177035093307,,,,,,,,
,,,,,,,,,7.517491749174917e-07,11389,,,,,,,,,
37,,,,,,,,,,11389,0.0280243381857872,,,,,,,,
,,,,,,,,,7.520792079207921e-07,11394,,,,,,,,,
37,,,,,,,,,,11394,0.018437664955854416,,,,,,,,
,,,,,,,,,7.524092409240925e-07,11399,,,,,,,,,
37,,,,,,,,,,11399,0.021717628464102745,,,,,,,,
,,,,,,,,,7.527392739273927e-07,11404,,,,,,,,,
37,,,,,,,,,,11404,0.02604602463543415,,,,,,,,
,,,,,,,,,7.53069306930693e-07,11409,,,,,,,,,
37,,,,,,,,,,11409,0.022714680060744286,,,,,,,,
,,,,,,,,,7.533993399339934e-07,11414,,,,,,,,,
37,,,,,,,,,,11414,0.006554971449077129,,,,,,,,
,,,,,,,,,7.537293729372936e-07,11419,,,,,,,,,
37,,,,,,,,,,11419,0.018970435485243797,,,,,,,,
,,,,,,,,,7.54059405940594e-07,11424,,,,,,,,,
37,,,,,,,,,,11424,0.011243686079978943,,,,,,,,
,,,,,,,,,7.543894389438944e-07,11429,,,,,,,,,
37,,,,,,,,,,11429,0.023313969373703003,,,,,,,,
,,,,,,,,,7.547194719471947e-07,11434,,,,,,,,,
37,,,,,,,,,,11434,0.026952620595693588,,,,,,,,
,,,,,,,,,7.55049504950495e-07,11439,,,,,,,,,
37,,,,,,,,,,11439,0.03736568242311478,,,,,,,,
,,,,,,,,,7.553795379537954e-07,11444,,,,,,,,,
37,,,,,,,,,,11444,0.020276647061109543,,,,,,,,
,,,,,,,,,7.557095709570957e-07,11449,,,,,,,,,
37,,,,,,,,,,11449,0.019092997536063194,,,,,,,,
,,,,,,,,,7.560396039603961e-07,11454,,,,,,,,,
37,,,,,,,,,,11454,0.02357553131878376,,,,,,,,
,,,,,,,,,7.563696369636964e-07,11459,,,,,,,,,
37,,,,,,,,,,11459,0.013412795029580593,,,,,,,,
,,,,,,,,,7.566996699669966e-07,11464,,,,,,,,,
37,,,,,,,,,,11464,0.007878651842474937,,,,,,,,
,,,,,,,,,7.57029702970297e-07,11469,,,,,,,,,
37,,,,,,,,,,11469,0.009095903486013412,,,,,,,,
,,,,,,,,,7.573597359735973e-07,11474,,,,,,,,,
37,,,,,,,,,,11474,0.008023696951568127,,,,,,,,
,,,,,,,,,7.576897689768976e-07,11479,,,,,,,,,
37,,,,,,,,,,11479,0.01576058752834797,,,,,,,,
,,,,,,,,,7.58019801980198e-07,11484,,,,,,,,,
37,,,,,,,,,,11484,0.0742720440030098,,,,,,,,
,,,,,,,,,7.583498349834984e-07,11489,,,,,,,,,
37,,,,,,,,,,11489,0.030250174924731255,,,,,,,,
,,,,,,,,,7.586798679867986e-07,11494,,,,,,,,,
37,,,,,,,,,,11494,0.01688757725059986,,,,,,,,
,,,,,,,,,7.59009900990099e-07,11499,,,,,,,,,
37,,,,,,,,,,11499,0.018878862261772156,,,,,,,,
,,,,,,,,,7.593399339933994e-07,11504,,,,,,,,,
37,,,,,,,,,,11504,0.013876456767320633,,,,,,,,
,,,,,,,,,7.596699669966997e-07,11509,,,,,,,,,
37,,,,,,,,,,11509,0.03181479498744011,,,,,,,,
37,,,,,,,,,,11513,,0.6875,0.7222222089767456,0.07528628408908844,0.07528628408908844,0.4357663094997406,0.7222222089767456,0.7222222089767456,0.4424552023410797
,,,,,,,,,7.599999999999999e-07,11514,,,,,,,,,
38,,,,,,,,,,11514,0.013838403858244419,,,,,,,,
,,,,,,,,,7.603300330033003e-07,11519,,,,,,,,,
38,,,,,,,,,,11519,0.02963189035654068,,,,,,,,
,,,,,,,,,7.606600660066006e-07,11524,,,,,,,,,
38,,,,,,,,,,11524,0.05838269740343094,,,,,,,,
,,,,,,,,,7.609900990099009e-07,11529,,,,,,,,,
38,,,,,,,,,,11529,0.007140925619751215,,,,,,,,
,,,,,,,,,7.613201320132013e-07,11534,,,,,,,,,
38,,,,,,,,,,11534,0.02189861796796322,,,,,,,,
,,,,,,,,,7.616501650165016e-07,11539,,,,,,,,,
38,,,,,,,,,,11539,0.02789906971156597,,,,,,,,
,,,,,,,,,7.61980198019802e-07,11544,,,,,,,,,
38,,,,,,,,,,11544,0.009219297207891941,,,,,,,,
,,,,,,,,,7.623102310231023e-07,11549,,,,,,,,,
38,,,,,,,,,,11549,0.01911298930644989,,,,,,,,
,,,,,,,,,7.626402640264026e-07,11554,,,,,,,,,
38,,,,,,,,,,11554,0.06860903650522232,,,,,,,,
,,,,,,,,,7.62970297029703e-07,11559,,,,,,,,,
38,,,,,,,,,,11559,0.009303290396928787,,,,,,,,
,,,,,,,,,7.633003300330034e-07,11564,,,,,,,,,
38,,,,,,,,,,11564,0.010290062986314297,,,,,,,,
,,,,,,,,,7.636303630363035e-07,11569,,,,,,,,,
38,,,,,,,,,,11569,0.006972067523747683,,,,,,,,
,,,,,,,,,7.639603960396039e-07,11574,,,,,,,,,
38,,,,,,,,,,11574,0.0233582966029644,,,,,,,,
,,,,,,,,,7.642904290429043e-07,11579,,,,,,,,,
38,,,,,,,,,,11579,0.023485206067562103,,,,,,,,
,,,,,,,,,7.646204620462045e-07,11584,,,,,,,,,
38,,,,,,,,,,11584,0.016080757603049278,,,,,,,,
,,,,,,,,,7.649504950495049e-07,11589,,,,,,,,,
38,,,,,,,,,,11589,0.0069775511510670185,,,,,,,,
,,,,,,,,,7.652805280528053e-07,11594,,,,,,,,,
38,,,,,,,,,,11594,0.05865410342812538,,,,,,,,
,,,,,,,,,7.656105610561056e-07,11599,,,,,,,,,
38,,,,,,,,,,11599,0.009594018571078777,,,,,,,,
,,,,,,,,,7.659405940594059e-07,11604,,,,,,,,,
38,,,,,,,,,,11604,0.03873417526483536,,,,,,,,
,,,,,,,,,7.662706270627063e-07,11609,,,,,,,,,
38,,,,,,,,,,11609,0.04749872535467148,,,,,,,,
,,,,,,,,,7.666006600660066e-07,11614,,,,,,,,,
38,,,,,,,,,,11614,0.023940471932291985,,,,,,,,
,,,,,,,,,7.66930693069307e-07,11619,,,,,,,,,
38,,,,,,,,,,11619,0.027301166206598282,,,,,,,,
,,,,,,,,,7.672607260726072e-07,11624,,,,,,,,,
38,,,,,,,,,,11624,0.02508632093667984,,,,,,,,
,,,,,,,,,7.675907590759075e-07,11629,,,,,,,,,
38,,,,,,,,,,11629,0.057923823595047,,,,,,,,
,,,,,,,,,7.679207920792079e-07,11634,,,,,,,,,
38,,,,,,,,,,11634,0.015975365415215492,,,,,,,,
,,,,,,,,,7.682508250825083e-07,11639,,,,,,,,,
38,,,,,,,,,,11639,0.009044849313795567,,,,,,,,
,,,,,,,,,7.685808580858085e-07,11644,,,,,,,,,
38,,,,,,,,,,11644,0.033728014677762985,,,,,,,,
,,,,,,,,,7.689108910891089e-07,11649,,,,,,,,,
38,,,,,,,,,,11649,0.029018111526966095,,,,,,,,
,,,,,,,,,7.692409240924093e-07,11654,,,,,,,,,
38,,,,,,,,,,11654,0.022782137617468834,,,,,,,,
,,,,,,,,,7.695709570957095e-07,11659,,,,,,,,,
38,,,,,,,,,,11659,0.006993022747337818,,,,,,,,
,,,,,,,,,7.699009900990099e-07,11664,,,,,,,,,
38,,,,,,,,,,11664,0.010043163783848286,,,,,,,,
,,,,,,,,,7.702310231023103e-07,11669,,,,,,,,,
38,,,,,,,,,,11669,0.017202140763401985,,,,,,,,
,,,,,,,,,7.705610561056105e-07,11674,,,,,,,,,
38,,,,,,,,,,11674,0.02170734293758869,,,,,,,,
,,,,,,,,,7.708910891089108e-07,11679,,,,,,,,,
38,,,,,,,,,,11679,0.01879172958433628,,,,,,,,
,,,,,,,,,7.712211221122111e-07,11684,,,,,,,,,
38,,,,,,,,,,11684,0.007649767678231001,,,,,,,,
,,,,,,,,,7.715511551155115e-07,11689,,,,,,,,,
38,,,,,,,,,,11689,0.01823485642671585,,,,,,,,
,,,,,,,,,7.718811881188119e-07,11694,,,,,,,,,
38,,,,,,,,,,11694,0.013575336895883083,,,,,,,,
,,,,,,,,,7.722112211221121e-07,11699,,,,,,,,,
38,,,,,,,,,,11699,0.01043703593313694,,,,,,,,
,,,,,,,,,7.725412541254125e-07,11704,,,,,,,,,
38,,,,,,,,,,11704,0.021392760798335075,,,,,,,,
,,,,,,,,,7.728712871287129e-07,11709,,,,,,,,,
38,,,,,,,,,,11709,0.013310104608535767,,,,,,,,
,,,,,,,,,7.732013201320131e-07,11714,,,,,,,,,
38,,,,,,,,,,11714,0.03421005979180336,,,,,,,,
,,,,,,,,,7.735313531353135e-07,11719,,,,,,,,,
38,,,,,,,,,,11719,0.04167734086513519,,,,,,,,
,,,,,,,,,7.738613861386139e-07,11724,,,,,,,,,
38,,,,,,,,,,11724,0.022437935695052147,,,,,,,,
,,,,,,,,,7.741914191419141e-07,11729,,,,,,,,,
38,,,,,,,,,,11729,0.011697034351527691,,,,,,,,
,,,,,,,,,7.745214521452144e-07,11734,,,,,,,,,
38,,,,,,,,,,11734,0.013503368012607098,,,,,,,,
,,,,,,,,,7.748514851485148e-07,11739,,,,,,,,,
38,,,,,,,,,,11739,0.007230372633785009,,,,,,,,
,,,,,,,,,7.751815181518151e-07,11744,,,,,,,,,
38,,,,,,,,,,11744,0.014962504617869854,,,,,,,,
,,,,,,,,,7.755115511551155e-07,11749,,,,,,,,,
38,,,,,,,,,,11749,0.027148442342877388,,,,,,,,
,,,,,,,,,7.758415841584158e-07,11754,,,,,,,,,
38,,,,,,,,,,11754,0.009825080633163452,,,,,,,,
,,,,,,,,,7.761716171617161e-07,11759,,,,,,,,,
38,,,,,,,,,,11759,0.007811270654201508,,,,,,,,
,,,,,,,,,7.765016501650165e-07,11764,,,,,,,,,
38,,,,,,,,,,11764,0.02109038643538952,,,,,,,,
,,,,,,,,,7.768316831683168e-07,11769,,,,,,,,,
38,,,,,,,,,,11769,0.014667685143649578,,,,,,,,
,,,,,,,,,7.771617161716171e-07,11774,,,,,,,,,
38,,,,,,,,,,11774,0.009370426647365093,,,,,,,,
,,,,,,,,,7.774917491749175e-07,11779,,,,,,,,,
38,,,,,,,,,,11779,0.025065267458558083,,,,,,,,
,,,,,,,,,7.778217821782178e-07,11784,,,,,,,,,
38,,,,,,,,,,11784,0.021672435104846954,,,,,,,,
,,,,,,,,,7.78151815181518e-07,11789,,,,,,,,,
38,,,,,,,,,,11789,0.016110170632600784,,,,,,,,
,,,,,,,,,7.784818481848184e-07,11794,,,,,,,,,
38,,,,,,,,,,11794,0.040387291461229324,,,,,,,,
,,,,,,,,,7.788118811881188e-07,11799,,,,,,,,,
38,,,,,,,,,,11799,0.021275173872709274,,,,,,,,
,,,,,,,,,7.79141914191419e-07,11804,,,,,,,,,
38,,,,,,,,,,11804,0.00735079450532794,,,,,,,,
,,,,,,,,,7.794719471947194e-07,11809,,,,,,,,,
38,,,,,,,,,,11809,0.022400839254260063,,,,,,,,
,,,,,,,,,7.798019801980198e-07,11814,,,,,,,,,
38,,,,,,,,,,11814,0.03909473121166229,,,,,,,,
38,,,,,,,,,,11816,,0.71875,0.761904776096344,0.07492749392986298,0.07492749392986298,0.45579391717910767,0.7272727489471436,0.800000011920929,0.4558410048484802
,,,,,,,,,7.801320132013201e-07,11819,,,,,,,,,
39,,,,,,,,,,11819,0.015265838243067265,,,,,,,,
,,,,,,,,,7.804620462046204e-07,11824,,,,,,,,,
39,,,,,,,,,,11824,0.010958563536405563,,,,,,,,
,,,,,,,,,7.807920792079208e-07,11829,,,,,,,,,
39,,,,,,,,,,11829,0.014721104875206947,,,,,,,,
,,,,,,,,,7.811221122112211e-07,11834,,,,,,,,,
39,,,,,,,,,,11834,0.00850585289299488,,,,,,,,
,,,,,,,,,7.814521452145214e-07,11839,,,,,,,,,
39,,,,,,,,,,11839,0.02421732246875763,,,,,,,,
,,,,,,,,,7.817821782178217e-07,11844,,,,,,,,,
39,,,,,,,,,,11844,0.006312405690550804,,,,,,,,
,,,,,,,,,7.82112211221122e-07,11849,,,,,,,,,
39,,,,,,,,,,11849,0.019932685419917107,,,,,,,,
,,,,,,,,,7.824422442244224e-07,11854,,,,,,,,,
39,,,,,,,,,,11854,0.013860790990293026,,,,,,,,
,,,,,,,,,7.827722772277228e-07,11859,,,,,,,,,
39,,,,,,,,,,11859,0.02837011031806469,,,,,,,,
,,,,,,,,,7.83102310231023e-07,11864,,,,,,,,,
39,,,,,,,,,,11864,0.016647987067699432,,,,,,,,
,,,,,,,,,7.834323432343234e-07,11869,,,,,,,,,
39,,,,,,,,,,11869,0.03162987157702446,,,,,,,,
,,,,,,,,,7.837623762376238e-07,11874,,,,,,,,,
39,,,,,,,,,,11874,0.02746223844587803,,,,,,,,
,,,,,,,,,7.84092409240924e-07,11879,,,,,,,,,
39,,,,,,,,,,11879,0.05085591599345207,,,,,,,,
,,,,,,,,,7.844224422442244e-07,11884,,,,,,,,,
39,,,,,,,,,,11884,0.01238009613007307,,,,,,,,
,,,,,,,,,7.847524752475248e-07,11889,,,,,,,,,
39,,,,,,,,,,11889,0.02846374735236168,,,,,,,,
,,,,,,,,,7.85082508250825e-07,11894,,,,,,,,,
39,,,,,,,,,,11894,0.05194862186908722,,,,,,,,
,,,,,,,,,7.854125412541253e-07,11899,,,,,,,,,
39,,,,,,,,,,11899,0.03455803170800209,,,,,,,,
,,,,,,,,,7.857425742574257e-07,11904,,,,,,,,,
39,,,,,,,,,,11904,0.016659552231431007,,,,,,,,
,,,,,,,,,7.86072607260726e-07,11909,,,,,,,,,
39,,,,,,,,,,11909,0.042435575276613235,,,,,,,,
,,,,,,,,,7.864026402640264e-07,11914,,,,,,,,,
39,,,,,,,,,,11914,0.028089849278330803,,,,,,,,
,,,,,,,,,7.867326732673267e-07,11919,,,,,,,,,
39,,,,,,,,,,11919,0.005866409279406071,,,,,,,,
,,,,,,,,,7.87062706270627e-07,11924,,,,,,,,,
39,,,,,,,,,,11924,0.046201519668102264,,,,,,,,
,,,,,,,,,7.873927392739274e-07,11929,,,,,,,,,
39,,,,,,,,,,11929,0.016285844147205353,,,,,,,,
,,,,,,,,,7.877227722772278e-07,11934,,,,,,,,,
39,,,,,,,,,,11934,0.052319303154945374,,,,,,,,
,,,,,,,,,7.88052805280528e-07,11939,,,,,,,,,
39,,,,,,,,,,11939,0.024958811700344086,,,,,,,,
,,,,,,,,,7.883828382838283e-07,11944,,,,,,,,,
39,,,,,,,,,,11944,0.012213483452796936,,,,,,,,
,,,,,,,,,7.887128712871287e-07,11949,,,,,,,,,
39,,,,,,,,,,11949,0.0054479362443089485,,,,,,,,
,,,,,,,,,7.890429042904289e-07,11954,,,,,,,,,
39,,,,,,,,,,11954,0.017667843028903008,,,,,,,,
,,,,,,,,,7.893729372937293e-07,11959,,,,,,,,,
39,,,,,,,,,,11959,0.010003628209233284,,,,,,,,
,,,,,,,,,7.897029702970297e-07,11964,,,,,,,,,
39,,,,,,,,,,11964,0.02937370166182518,,,,,,,,
,,,,,,,,,7.9003300330033e-07,11969,,,,,,,,,
39,,,,,,,,,,11969,0.018293509259819984,,,,,,,,
,,,,,,,,,7.903630363036303e-07,11974,,,,,,,,,
39,,,,,,,,,,11974,0.023931849747896194,,,,,,,,
,,,,,,,,,7.906930693069307e-07,11979,,,,,,,,,
39,,,,,,,,,,11979,0.027086971327662468,,,,,,,,
,,,,,,,,,7.91023102310231e-07,11984,,,,,,,,,
39,,,,,,,,,,11984,0.01482983399182558,,,,,,,,
,,,,,,,,,7.913531353135314e-07,11989,,,,,,,,,
39,,,,,,,,,,11989,0.014549793675541878,,,,,,,,
,,,,,,,,,7.916831683168317e-07,11994,,,,,,,,,
39,,,,,,,,,,11994,0.018551185727119446,,,,,,,,
,,,,,,,,,7.920132013201319e-07,11999,,,,,,,,,
39,,,,,,,,,,11999,0.010390523821115494,,,,,,,,
,,,,,,,,,7.923432343234323e-07,12004,,,,,,,,,
39,,,,,,,,,,12004,0.04248397797346115,,,,,,,,
,,,,,,,,,7.926732673267326e-07,12009,,,,,,,,,
39,,,,,,,,,,12009,0.07067807018756866,,,,,,,,
,,,,,,,,,7.930033003300329e-07,12014,,,,,,,,,
39,,,,,,,,,,12014,0.028994984924793243,,,,,,,,
,,,,,,,,,7.933333333333333e-07,12019,,,,,,,,,
39,,,,,,,,,,12019,0.02157309092581272,,,,,,,,
,,,,,,,,,7.936633663366337e-07,12024,,,,,,,,,
39,,,,,,,,,,12024,0.036113910377025604,,,,,,,,
,,,,,,,,,7.939933993399339e-07,12029,,,,,,,,,
39,,,,,,,,,,12029,0.05749357491731644,,,,,,,,
,,,,,,,,,7.943234323432343e-07,12034,,,,,,,,,
39,,,,,,,,,,12034,0.008212268352508545,,,,,,,,
,,,,,,,,,7.946534653465347e-07,12039,,,,,,,,,
39,,,,,,,,,,12039,0.006183129269629717,,,,,,,,
,,,,,,,,,7.94983498349835e-07,12044,,,,,,,,,
39,,,,,,,,,,12044,0.011629919521510601,,,,,,,,
,,,,,,,,,7.953135313531353e-07,12049,,,,,,,,,
39,,,,,,,,,,12049,0.009408374316990376,,,,,,,,
,,,,,,,,,7.956435643564356e-07,12054,,,,,,,,,
39,,,,,,,,,,12054,0.019633255898952484,,,,,,,,
,,,,,,,,,7.959735973597359e-07,12059,,,,,,,,,
39,,,,,,,,,,12059,0.00921725295484066,,,,,,,,
,,,,,,,,,7.963036303630362e-07,12064,,,,,,,,,
39,,,,,,,,,,12064,0.03212590515613556,,,,,,,,
,,,,,,,,,7.966336633663366e-07,12069,,,,,,,,,
39,,,,,,,,,,12069,0.009758717380464077,,,,,,,,
,,,,,,,,,7.969636963696369e-07,12074,,,,,,,,,
39,,,,,,,,,,12074,0.010810520499944687,,,,,,,,
,,,,,,,,,7.972937293729373e-07,12079,,,,,,,,,
39,,,,,,,,,,12079,0.015949299558997154,,,,,,,,
,,,,,,,,,7.976237623762376e-07,12084,,,,,,,,,
39,,,,,,,,,,12084,0.011588643305003643,,,,,,,,
,,,,,,,,,7.979537953795379e-07,12089,,,,,,,,,
39,,,,,,,,,,12089,0.03687252849340439,,,,,,,,
,,,,,,,,,7.982838283828383e-07,12094,,,,,,,,,
39,,,,,,,,,,12094,0.04940442740917206,,,,,,,,
,,,,,,,,,7.986138613861387e-07,12099,,,,,,,,,
39,,,,,,,,,,12099,0.01000529807060957,,,,,,,,
,,,,,,,,,7.989438943894388e-07,12104,,,,,,,,,
39,,,,,,,,,,12104,0.040312450379133224,,,,,,,,
,,,,,,,,,7.992739273927392e-07,12109,,,,,,,,,
39,,,,,,,,,,12109,0.04570034518837929,,,,,,,,
,,,,,,,,,7.996039603960396e-07,12114,,,,,,,,,
39,,,,,,,,,,12114,0.0086846724152565,,,,,,,,
,,,,,,,,,7.999339933993398e-07,12119,,,,,,,,,
39,,,,,,,,,,12119,0.050594452768564224,,,,,,,,
39,,,,,,,,,,12119,,0.71875,0.7567567825317383,0.07573049515485764,0.07573049515485764,0.4415280222892761,0.7368420958518982,0.7777777910232544,0.4436284899711609
,,,,,,,,,8.002640264026402e-07,12124,,,,,,,,,
40,,,,,,,,,,12124,0.012583861127495766,,,,,,,,
,,,,,,,,,8.005940594059406e-07,12129,,,,,,,,,
40,,,,,,,,,,12129,0.02713150903582573,,,,,,,,
,,,,,,,,,8.009240924092409e-07,12134,,,,,,,,,
40,,,,,,,,,,12134,0.010928215458989143,,,,,,,,
,,,,,,,,,8.012541254125412e-07,12139,,,,,,,,,
40,,,,,,,,,,12139,0.014271741732954979,,,,,,,,
,,,,,,,,,8.015841584158416e-07,12144,,,,,,,,,
40,,,,,,,,,,12144,0.002569507574662566,,,,,,,,
,,,,,,,,,8.019141914191419e-07,12149,,,,,,,,,
40,,,,,,,,,,12149,0.011418718844652176,,,,,,,,
,,,,,,,,,8.022442244224423e-07,12154,,,,,,,,,
40,,,,,,,,,,12154,0.05424603819847107,,,,,,,,
,,,,,,,,,8.025742574257425e-07,12159,,,,,,,,,
40,,,,,,,,,,12159,0.04015320539474487,,,,,,,,
,,,,,,,,,8.029042904290428e-07,12164,,,,,,,,,
40,,,,,,,,,,12164,0.015414154157042503,,,,,,,,
,,,,,,,,,8.032343234323432e-07,12169,,,,,,,,,
40,,,,,,,,,,12169,0.008154485374689102,,,,,,,,
,,,,,,,,,8.035643564356436e-07,12174,,,,,,,,,
40,,,,,,,,,,12174,0.015483160503208637,,,,,,,,
,,,,,,,,,8.038943894389438e-07,12179,,,,,,,,,
40,,,,,,,,,,12179,0.0174165740609169,,,,,,,,
,,,,,,,,,8.042244224422442e-07,12184,,,,,,,,,
40,,,,,,,,,,12184,0.01852657087147236,,,,,,,,
,,,,,,,,,8.045544554455446e-07,12189,,,,,,,,,
40,,,,,,,,,,12189,0.013727376237511635,,,,,,,,
,,,,,,,,,8.048844884488448e-07,12194,,,,,,,,,
40,,,,,,,,,,12194,0.007071894593536854,,,,,,,,
,,,,,,,,,8.052145214521452e-07,12199,,,,,,,,,
40,,,,,,,,,,12199,0.015094226226210594,,,,,,,,
,,,,,,,,,8.055445544554456e-07,12204,,,,,,,,,
40,,,,,,,,,,12204,0.0178062804043293,,,,,,,,
,,,,,,,,,8.058745874587459e-07,12209,,,,,,,,,
40,,,,,,,,,,12209,0.03366724029183388,,,,,,,,
,,,,,,,,,8.062046204620461e-07,12214,,,,,,,,,
40,,,,,,,,,,12214,0.02503800205886364,,,,,,,,
,,,,,,,,,8.065346534653465e-07,12219,,,,,,,,,
40,,,,,,,,,,12219,0.04467834532260895,,,,,,,,
,,,,,,,,,8.068646864686468e-07,12224,,,,,,,,,
40,,,,,,,,,,12224,0.0145269725471735,,,,,,,,
,,,,,,,,,8.071947194719472e-07,12229,,,,,,,,,
40,,,,,,,,,,12229,0.01406732015311718,,,,,,,,
,,,,,,,,,8.075247524752475e-07,12234,,,,,,,,,
40,,,,,,,,,,12234,0.008286708034574986,,,,,,,,
,,,,,,,,,8.078547854785478e-07,12239,,,,,,,,,
40,,,,,,,,,,12239,0.006714755203574896,,,,,,,,
,,,,,,,,,8.081848184818482e-07,12244,,,,,,,,,
40,,,,,,,,,,12244,0.02574586123228073,,,,,,,,
,,,,,,,,,8.085148514851485e-07,12249,,,,,,,,,
40,,,,,,,,,,12249,0.03718423470854759,,,,,,,,
,,,,,,,,,8.088448844884488e-07,12254,,,,,,,,,
40,,,,,,,,,,12254,0.03694065287709236,,,,,,,,
,,,,,,,,,8.091749174917492e-07,12259,,,,,,,,,
40,,,,,,,,,,12259,0.013034605421125889,,,,,,,,
,,,,,,,,,8.095049504950496e-07,12264,,,,,,,,,
40,,,,,,,,,,12264,0.004933461081236601,,,,,,,,
,,,,,,,,,8.098349834983497e-07,12269,,,,,,,,,
40,,,,,,,,,,12269,0.009947363287210464,,,,,,,,
,,,,,,,,,8.101650165016501e-07,12274,,,,,,,,,
40,,,,,,,,,,12274,0.01503672543913126,,,,,,,,
,,,,,,,,,8.104950495049505e-07,12279,,,,,,,,,
40,,,,,,,,,,12279,0.010500939562916756,,,,,,,,
,,,,,,,,,8.108250825082508e-07,12284,,,,,,,,,
40,,,,,,,,,,12284,0.014265050180256367,,,,,,,,
,,,,,,,,,8.111551155115511e-07,12289,,,,,,,,,
40,,,,,,,,,,12289,0.02162017859518528,,,,,,,,
,,,,,,,,,8.114851485148515e-07,12294,,,,,,,,,
40,,,,,,,,,,12294,0.047536250203847885,,,,,,,,
,,,,,,,,,8.118151815181518e-07,12299,,,,,,,,,
40,,,,,,,,,,12299,0.027690473943948746,,,,,,,,
,,,,,,,,,8.121452145214521e-07,12304,,,,,,,,,
40,,,,,,,,,,12304,0.09027239680290222,,,,,,,,
,,,,,,,,,8.124752475247525e-07,12309,,,,,,,,,
40,,,,,,,,,,12309,0.014269302599132061,,,,,,,,
,,,,,,,,,8.128052805280528e-07,12314,,,,,,,,,
40,,,,,,,,,,12314,0.03193138167262077,,,,,,,,
,,,,,,,,,8.131353135313532e-07,12319,,,,,,,,,
40,,,,,,,,,,12319,0.017467491328716278,,,,,,,,
,,,,,,,,,8.134653465346533e-07,12324,,,,,,,,,
40,,,,,,,,,,12324,0.02468302845954895,,,,,,,,
,,,,,,,,,8.137953795379537e-07,12329,,,,,,,,,
40,,,,,,,,,,12329,0.00703319301828742,,,,,,,,
,,,,,,,,,8.141254125412541e-07,12334,,,,,,,,,
40,,,,,,,,,,12334,0.04235813394188881,,,,,,,,
,,,,,,,,,8.144554455445544e-07,12339,,,,,,,,,
40,,,,,,,,,,12339,0.022040357813239098,,,,,,,,
,,,,,,,,,8.147854785478547e-07,12344,,,,,,,,,
40,,,,,,,,,,12344,0.02658599615097046,,,,,,,,
,,,,,,,,,8.151155115511551e-07,12349,,,,,,,,,
40,,,,,,,,,,12349,0.02224433235824108,,,,,,,,
,,,,,,,,,8.154455445544554e-07,12354,,,,,,,,,
40,,,,,,,,,,12354,0.03827768936753273,,,,,,,,
,,,,,,,,,8.157755775577558e-07,12359,,,,,,,,,
40,,,,,,,,,,12359,0.014495027251541615,,,,,,,,
,,,,,,,,,8.161056105610561e-07,12364,,,,,,,,,
40,,,,,,,,,,12364,0.026769326999783516,,,,,,,,
,,,,,,,,,8.164356435643564e-07,12369,,,,,,,,,
40,,,,,,,,,,12369,0.008618644438683987,,,,,,,,
,,,,,,,,,8.167656765676567e-07,12374,,,,,,,,,
40,,,,,,,,,,12374,0.024984603747725487,,,,,,,,
,,,,,,,,,8.17095709570957e-07,12379,,,,,,,,,
40,,,,,,,,,,12379,0.025073086842894554,,,,,,,,
,,,,,,,,,8.174257425742573e-07,12384,,,,,,,,,
40,,,,,,,,,,12384,0.016963955014944077,,,,,,,,
,,,,,,,,,8.177557755775577e-07,12389,,,,,,,,,
40,,,,,,,,,,12389,0.02904818393290043,,,,,,,,
,,,,,,,,,8.180858085808581e-07,12394,,,,,,,,,
40,,,,,,,,,,12394,0.024142485111951828,,,,,,,,
,,,,,,,,,8.184158415841583e-07,12399,,,,,,,,,
40,,,,,,,,,,12399,0.007160000503063202,,,,,,,,
,,,,,,,,,8.187458745874587e-07,12404,,,,,,,,,
40,,,,,,,,,,12404,0.02759215608239174,,,,,,,,
,,,,,,,,,8.190759075907591e-07,12409,,,,,,,,,
40,,,,,,,,,,12409,0.020305294543504715,,,,,,,,
,,,,,,,,,8.194059405940594e-07,12414,,,,,,,,,
40,,,,,,,,,,12414,0.027024539187550545,,,,,,,,
,,,,,,,,,8.197359735973597e-07,12419,,,,,,,,,
40,,,,,,,,,,12419,0.015228843316435814,,,,,,,,
40,,,,,,,,,,12422,,0.699999988079071,0.739130437374115,0.07610584050416946,0.07610584050416946,0.4429433047771454,0.7234042286872864,0.7555555701255798,0.44753995537757874
,,,,,,,,,8.200660066006601e-07,12424,,,,,,,,,
41,,,,,,,,,,12424,0.015926027670502663,,,,,,,,
,,,,,,,,,8.203960396039603e-07,12429,,,,,,,,,
41,,,,,,,,,,12429,0.012430316768586636,,,,,,,,
,,,,,,,,,8.207260726072606e-07,12434,,,,,,,,,
41,,,,,,,,,,12434,0.019656160846352577,,,,,,,,
,,,,,,,,,8.21056105610561e-07,12439,,,,,,,,,
41,,,,,,,,,,12439,0.03296370431780815,,,,,,,,
,,,,,,,,,8.213861386138613e-07,12444,,,,,,,,,
41,,,,,,,,,,12444,0.012218546122312546,,,,,,,,
,,,,,,,,,8.217161716171617e-07,12449,,,,,,,,,
41,,,,,,,,,,12449,0.013605965301394463,,,,,,,,
,,,,,,,,,8.22046204620462e-07,12454,,,,,,,,,
41,,,,,,,,,,12454,0.027660969644784927,,,,,,,,
,,,,,,,,,8.223762376237623e-07,12459,,,,,,,,,
41,,,,,,,,,,12459,0.04407066851854324,,,,,,,,
,,,,,,,,,8.227062706270627e-07,12464,,,,,,,,,
41,,,,,,,,,,12464,0.04091848060488701,,,,,,,,
,,,,,,,,,8.230363036303631e-07,12469,,,,,,,,,
41,,,,,,,,,,12469,0.018952548503875732,,,,,,,,
,,,,,,,,,8.233663366336633e-07,12474,,,,,,,,,
41,,,,,,,,,,12474,0.03581966459751129,,,,,,,,
,,,,,,,,,8.236963696369637e-07,12479,,,,,,,,,
41,,,,,,,,,,12479,0.012697183527052402,,,,,,,,
,,,,,,,,,8.24026402640264e-07,12484,,,,,,,,,
41,,,,,,,,,,12484,0.020065419375896454,,,,,,,,
,,,,,,,,,8.243564356435642e-07,12489,,,,,,,,,
41,,,,,,,,,,12489,0.013729664497077465,,,,,,,,
,,,,,,,,,8.246864686468646e-07,12494,,,,,,,,,
41,,,,,,,,,,12494,0.021790355443954468,,,,,,,,
,,,,,,,,,8.25016501650165e-07,12499,,,,,,,,,
41,,,,,,,,,,12499,0.010853186249732971,,,,,,,,
,,,,,,,,,8.253465346534653e-07,12504,,,,,,,,,
41,,,,,,,,,,12504,0.004632425028830767,,,,,,,,
,,,,,,,,,8.256765676567656e-07,12509,,,,,,,,,
41,,,,,,,,,,12509,0.024537108838558197,,,,,,,,
,,,,,,,,,8.26006600660066e-07,12514,,,,,,,,,
41,,,,,,,,,,12514,0.07430423051118851,,,,,,,,
,,,,,,,,,8.263366336633663e-07,12519,,,,,,,,,
41,,,,,,,,,,12519,0.01663469895720482,,,,,,,,
,,,,,,,,,8.266666666666667e-07,12524,,,,,,,,,
41,,,,,,,,,,12524,0.015946056693792343,,,,,,,,
,,,,,,,,,8.26996699669967e-07,12529,,,,,,,,,
41,,,,,,,,,,12529,0.04401485621929169,,,,,,,,
,,,,,,,,,8.273267326732672e-07,12534,,,,,,,,,
41,,,,,,,,,,12534,0.031141193583607674,,,,,,,,
,,,,,,,,,8.276567656765676e-07,12539,,,,,,,,,
41,,,,,,,,,,12539,0.02063148468732834,,,,,,,,
,,,,,,,,,8.27986798679868e-07,12544,,,,,,,,,
41,,,,,,,,,,12544,0.026266010478138924,,,,,,,,
,,,,,,,,,8.283168316831682e-07,12549,,,,,,,,,
41,,,,,,,,,,12549,0.017047502100467682,,,,,,,,
,,,,,,,,,8.286468646864686e-07,12554,,,,,,,,,
41,,,,,,,,,,12554,0.012300075963139534,,,,,,,,
,,,,,,,,,8.28976897689769e-07,12559,,,,,,,,,
41,,,,,,,,,,12559,0.021779466420412064,,,,,,,,
,,,,,,,,,8.293069306930692e-07,12564,,,,,,,,,
41,,,,,,,,,,12564,0.005273874383419752,,,,,,,,
,,,,,,,,,8.296369636963696e-07,12569,,,,,,,,,
41,,,,,,,,,,12569,0.012910441495478153,,,,,,,,
,,,,,,,,,8.2996699669967e-07,12574,,,,,,,,,
41,,,,,,,,,,12574,0.020899135619401932,,,,,,,,
,,,,,,,,,8.302970297029703e-07,12579,,,,,,,,,
41,,,,,,,,,,12579,0.009472869336605072,,,,,,,,
,,,,,,,,,8.306270627062706e-07,12584,,,,,,,,,
41,,,,,,,,,,12584,0.020462293177843094,,,,,,,,
,,,,,,,,,8.309570957095709e-07,12589,,,,,,,,,
41,,,,,,,,,,12589,0.01967695727944374,,,,,,,,
,,,,,,,,,8.312871287128712e-07,12594,,,,,,,,,
41,,,,,,,,,,12594,0.008059537038207054,,,,,,,,
,,,,,,,,,8.316171617161715e-07,12599,,,,,,,,,
41,,,,,,,,,,12599,0.024813948199152946,,,,,,,,
,,,,,,,,,8.319471947194719e-07,12604,,,,,,,,,
41,,,,,,,,,,12604,0.0055077821016311646,,,,,,,,
,,,,,,,,,8.322772277227722e-07,12609,,,,,,,,,
41,,,,,,,,,,12609,0.05373060703277588,,,,,,,,
,,,,,,,,,8.326072607260726e-07,12614,,,,,,,,,
41,,,,,,,,,,12614,0.02423160895705223,,,,,,,,
,,,,,,,,,8.329372937293729e-07,12619,,,,,,,,,
41,,,,,,,,,,12619,0.013462400063872337,,,,,,,,
,,,,,,,,,8.332673267326732e-07,12624,,,,,,,,,
41,,,,,,,,,,12624,0.020512843504548073,,,,,,,,
,,,,,,,,,8.335973597359736e-07,12629,,,,,,,,,
41,,,,,,,,,,12629,0.035620588809251785,,,,,,,,
,,,,,,,,,8.33927392739274e-07,12634,,,,,,,,,
41,,,,,,,,,,12634,0.006795076187700033,,,,,,,,
,,,,,,,,,8.342574257425742e-07,12639,,,,,,,,,
41,,,,,,,,,,12639,0.01635684072971344,,,,,,,,
,,,,,,,,,8.345874587458745e-07,12644,,,,,,,,,
41,,,,,,,,,,12644,0.029442930594086647,,,,,,,,
,,,,,,,,,8.349174917491749e-07,12649,,,,,,,,,
41,,,,,,,,,,12649,0.023393593728542328,,,,,,,,
,,,,,,,,,8.352475247524751e-07,12654,,,,,,,,,
41,,,,,,,,,,12654,0.011673669330775738,,,,,,,,
,,,,,,,,,8.355775577557755e-07,12659,,,,,,,,,
41,,,,,,,,,,12659,0.017289618030190468,,,,,,,,
,,,,,,,,,8.359075907590759e-07,12664,,,,,,,,,
41,,,,,,,,,,12664,0.0740513727068901,,,,,,,,
,,,,,,,,,8.362376237623762e-07,12669,,,,,,,,,
41,,,,,,,,,,12669,0.007633966859430075,,,,,,,,
,,,,,,,,,8.365676567656765e-07,12674,,,,,,,,,
41,,,,,,,,,,12674,0.012781300581991673,,,,,,,,
,,,,,,,,,8.368976897689769e-07,12679,,,,,,,,,
41,,,,,,,,,,12679,0.013564055785536766,,,,,,,,
,,,,,,,,,8.372277227722772e-07,12684,,,,,,,,,
41,,,,,,,,,,12684,0.014871831052005291,,,,,,,,
,,,,,,,,,8.375577557755776e-07,12689,,,,,,,,,
41,,,,,,,,,,12689,0.03328659385442734,,,,,,,,
,,,,,,,,,8.378877887788779e-07,12694,,,,,,,,,
41,,,,,,,,,,12694,0.02135724388062954,,,,,,,,
,,,,,,,,,8.382178217821781e-07,12699,,,,,,,,,
41,,,,,,,,,,12699,0.002568490570411086,,,,,,,,
,,,,,,,,,8.385478547854785e-07,12704,,,,,,,,,
41,,,,,,,,,,12704,0.06046315282583237,,,,,,,,
,,,,,,,,,8.388778877887789e-07,12709,,,,,,,,,
41,,,,,,,,,,12709,0.025522707030177116,,,,,,,,
,,,,,,,,,8.392079207920791e-07,12714,,,,,,,,,
41,,,,,,,,,,12714,0.020818239077925682,,,,,,,,
,,,,,,,,,8.395379537953795e-07,12719,,,,,,,,,
41,,,,,,,,,,12719,0.020510155707597733,,,,,,,,
,,,,,,,,,8.398679867986799e-07,12724,,,,,,,,,
41,,,,,,,,,,12724,0.00479765422642231,,,,,,,,
41,,,,,,,,,,12725,,0.7124999761581421,0.7526881694793701,0.07702267915010452,0.07702267915010452,0.43938302993774414,0.7291666865348816,0.7777777910232544,0.4403960704803467
,,,,,,,,,8.401980198019801e-07,12729,,,,,,,,,
42,,,,,,,,,,12729,0.024434158578515053,,,,,,,,
,,,,,,,,,8.405280528052805e-07,12734,,,,,,,,,
42,,,,,,,,,,12734,0.037376273423433304,,,,,,,,
,,,,,,,,,8.408580858085809e-07,12739,,,,,,,,,
42,,,,,,,,,,12739,0.024605125188827515,,,,,,,,
,,,,,,,,,8.411881188118812e-07,12744,,,,,,,,,
42,,,,,,,,,,12744,0.006224611774086952,,,,,,,,
,,,,,,,,,8.415181518151814e-07,12749,,,,,,,,,
42,,,,,,,,,,12749,0.01027757115662098,,,,,,,,
,,,,,,,,,8.418481848184818e-07,12754,,,,,,,,,
42,,,,,,,,,,12754,0.01362164318561554,,,,,,,,
,,,,,,,,,8.421782178217821e-07,12759,,,,,,,,,
42,,,,,,,,,,12759,0.01012745313346386,,,,,,,,
,,,,,,,,,8.425082508250825e-07,12764,,,,,,,,,
42,,,,,,,,,,12764,0.011479762382805347,,,,,,,,
,,,,,,,,,8.428382838283828e-07,12769,,,,,,,,,
42,,,,,,,,,,12769,0.03846539184451103,,,,,,,,
,,,,,,,,,8.431683168316831e-07,12774,,,,,,,,,
42,,,,,,,,,,12774,0.005517182406038046,,,,,,,,
,,,,,,,,,8.434983498349835e-07,12779,,,,,,,,,
42,,,,,,,,,,12779,0.013108833692967892,,,,,,,,
,,,,,,,,,8.438283828382839e-07,12784,,,,,,,,,
42,,,,,,,,,,12784,0.01726517826318741,,,,,,,,
,,,,,,,,,8.441584158415841e-07,12789,,,,,,,,,
42,,,,,,,,,,12789,0.011564135551452637,,,,,,,,
,,,,,,,,,8.444884488448845e-07,12794,,,,,,,,,
42,,,,,,,,,,12794,0.09398894011974335,,,,,,,,
,,,,,,,,,8.448184818481849e-07,12799,,,,,,,,,
42,,,,,,,,,,12799,0.02525659278035164,,,,,,,,
,,,,,,,,,8.45148514851485e-07,12804,,,,,,,,,
42,,,,,,,,,,12804,0.015091615729033947,,,,,,,,
,,,,,,,,,8.454785478547854e-07,12809,,,,,,,,,
42,,,,,,,,,,12809,0.01302910316735506,,,,,,,,
,,,,,,,,,8.458085808580858e-07,12814,,,,,,,,,
42,,,,,,,,,,12814,0.003411249490454793,,,,,,,,
,,,,,,,,,8.461386138613861e-07,12819,,,,,,,,,
42,,,,,,,,,,12819,0.031423117965459824,,,,,,,,
,,,,,,,,,8.464686468646864e-07,12824,,,,,,,,,
42,,,,,,,,,,12824,0.016477180644869804,,,,,,,,
,,,,,,,,,8.467986798679868e-07,12829,,,,,,,,,
42,,,,,,,,,,12829,0.023287873715162277,,,,,,,,
,,,,,,,,,8.471287128712871e-07,12834,,,,,,,,,
42,,,,,,,,,,12834,0.012798264622688293,,,,,,,,
,,,,,,,,,8.474587458745875e-07,12839,,,,,,,,,
42,,,,,,,,,,12839,0.010592387057840824,,,,,,,,
,,,,,,,,,8.477887788778878e-07,12844,,,,,,,,,
42,,,,,,,,,,12844,0.008683090098202229,,,,,,,,
,,,,,,,,,8.481188118811881e-07,12849,,,,,,,,,
42,,,,,,,,,,12849,0.00790933333337307,,,,,,,,
,,,,,,,,,8.484488448844885e-07,12854,,,,,,,,,
42,,,,,,,,,,12854,0.0059934635646641254,,,,,,,,
,,,,,,,,,8.487788778877887e-07,12859,,,,,,,,,
42,,,,,,,,,,12859,0.01379784382879734,,,,,,,,
,,,,,,,,,8.49108910891089e-07,12864,,,,,,,,,
42,,,,,,,,,,12864,0.005993633531033993,,,,,,,,
,,,,,,,,,8.494389438943894e-07,12869,,,,,,,,,
42,,,,,,,,,,12869,0.032036181539297104,,,,,,,,
,,,,,,,,,8.497689768976898e-07,12874,,,,,,,,,
42,,,,,,,,,,12874,0.0151262441650033,,,,,,,,
,,,,,,,,,8.5009900990099e-07,12879,,,,,,,,,
42,,,,,,,,,,12879,0.007190415170043707,,,,,,,,
,,,,,,,,,8.504290429042904e-07,12884,,,,,,,,,
42,,,,,,,,,,12884,0.03490153327584267,,,,,,,,
,,,,,,,,,8.507590759075908e-07,12889,,,,,,,,,
42,,,,,,,,,,12889,0.007162374909967184,,,,,,,,
,,,,,,,,,8.51089108910891e-07,12894,,,,,,,,,
42,,,,,,,,,,12894,0.01831546612083912,,,,,,,,
,,,,,,,,,8.514191419141914e-07,12899,,,,,,,,,
42,,,,,,,,,,12899,0.0050888690166175365,,,,,,,,
,,,,,,,,,8.517491749174918e-07,12904,,,,,,,,,
42,,,,,,,,,,12904,0.0316474512219429,,,,,,,,
,,,,,,,,,8.520792079207921e-07,12909,,,,,,,,,
42,,,,,,,,,,12909,0.03846598044037819,,,,,,,,
,,,,,,,,,8.524092409240923e-07,12914,,,,,,,,,
42,,,,,,,,,,12914,0.05525228753685951,,,,,,,,
,,,,,,,,,8.527392739273927e-07,12919,,,,,,,,,
42,,,,,,,,,,12919,0.032019902020692825,,,,,,,,
,,,,,,,,,8.53069306930693e-07,12924,,,,,,,,,
42,,,,,,,,,,12924,0.02128705196082592,,,,,,,,
,,,,,,,,,8.533993399339934e-07,12929,,,,,,,,,
42,,,,,,,,,,12929,0.013889470137655735,,,,,,,,
,,,,,,,,,8.537293729372937e-07,12934,,,,,,,,,
42,,,,,,,,,,12934,0.020322296768426895,,,,,,,,
,,,,,,,,,8.54059405940594e-07,12939,,,,,,,,,
42,,,,,,,,,,12939,0.002352375304326415,,,,,,,,
,,,,,,,,,8.543894389438944e-07,12944,,,,,,,,,
42,,,,,,,,,,12944,0.04654906317591667,,,,,,,,
,,,,,,,,,8.547194719471947e-07,12949,,,,,,,,,
42,,,,,,,,,,12949,0.023381279781460762,,,,,,,,
,,,,,,,,,8.55049504950495e-07,12954,,,,,,,,,
42,,,,,,,,,,12954,0.012145336717367172,,,,,,,,
,,,,,,,,,8.553795379537954e-07,12959,,,,,,,,,
42,,,,,,,,,,12959,0.005835206713527441,,,,,,,,
,,,,,,,,,8.557095709570956e-07,12964,,,,,,,,,
42,,,,,,,,,,12964,0.05805118381977081,,,,,,,,
,,,,,,,,,8.560396039603959e-07,12969,,,,,,,,,
42,,,,,,,,,,12969,0.018308276310563087,,,,,,,,
,,,,,,,,,8.563696369636963e-07,12974,,,,,,,,,
42,,,,,,,,,,12974,0.012699063867330551,,,,,,,,
,,,,,,,,,8.566996699669966e-07,12979,,,,,,,,,
42,,,,,,,,,,12979,0.03480827063322067,,,,,,,,
,,,,,,,,,8.57029702970297e-07,12984,,,,,,,,,
42,,,,,,,,,,12984,0.006326690316200256,,,,,,,,
,,,,,,,,,8.573597359735973e-07,12989,,,,,,,,,
42,,,,,,,,,,12989,0.021189823746681213,,,,,,,,
,,,,,,,,,8.576897689768976e-07,12994,,,,,,,,,
42,,,,,,,,,,12994,0.03734637051820755,,,,,,,,
,,,,,,,,,8.58019801980198e-07,12999,,,,,,,,,
42,,,,,,,,,,12999,0.04461086541414261,,,,,,,,
,,,,,,,,,8.583498349834984e-07,13004,,,,,,,,,
42,,,,,,,,,,13004,0.018116263672709465,,,,,,,,
,,,,,,,,,8.586798679867986e-07,13009,,,,,,,,,
42,,,,,,,,,,13009,0.012818640097975731,,,,,,,,
,,,,,,,,,8.59009900990099e-07,13014,,,,,,,,,
42,,,,,,,,,,13014,0.01630203239619732,,,,,,,,
,,,,,,,,,8.593399339933993e-07,13019,,,,,,,,,
42,,,,,,,,,,13019,0.023155713453888893,,,,,,,,
,,,,,,,,,8.596699669966995e-07,13024,,,,,,,,,
42,,,,,,,,,,13024,0.01223807968199253,,,,,,,,
42,,,,,,,,,,13028,,0.706250011920929,0.7513227462768555,0.07834699749946594,0.07834699749946594,0.4422858655452728,0.7171717286109924,0.7888888716697693,0.4459369480609894
,,,,,,,,,8.599999999999999e-07,13029,,,,,,,,,
43,,,,,,,,,,13029,0.020345287397503853,,,,,,,,
,,,,,,,,,8.603300330033003e-07,13034,,,,,,,,,
43,,,,,,,,,,13034,0.01822294294834137,,,,,,,,
,,,,,,,,,8.606600660066006e-07,13039,,,,,,,,,
43,,,,,,,,,,13039,0.046999603509902954,,,,,,,,
,,,,,,,,,8.609900990099009e-07,13044,,,,,,,,,
43,,,,,,,,,,13044,0.018413864076137543,,,,,,,,
,,,,,,,,,8.613201320132013e-07,13049,,,,,,,,,
43,,,,,,,,,,13049,0.028232945129275322,,,,,,,,
,,,,,,,,,8.616501650165016e-07,13054,,,,,,,,,
43,,,,,,,,,,13054,0.01239067129790783,,,,,,,,
,,,,,,,,,8.61980198019802e-07,13059,,,,,,,,,
43,,,,,,,,,,13059,0.01805177703499794,,,,,,,,
,,,,,,,,,8.623102310231023e-07,13064,,,,,,,,,
43,,,,,,,,,,13064,0.014900253154337406,,,,,,,,
,,,,,,,,,8.626402640264026e-07,13069,,,,,,,,,
43,,,,,,,,,,13069,0.021631259471178055,,,,,,,,
,,,,,,,,,8.629702970297029e-07,13074,,,,,,,,,
43,,,,,,,,,,13074,0.00947802048176527,,,,,,,,
,,,,,,,,,8.633003300330032e-07,13079,,,,,,,,,
43,,,,,,,,,,13079,0.039742324501276016,,,,,,,,
,,,,,,,,,8.636303630363035e-07,13084,,,,,,,,,
43,,,,,,,,,,13084,0.013311690650880337,,,,,,,,
,,,,,,,,,8.639603960396039e-07,13089,,,,,,,,,
43,,,,,,,,,,13089,0.011956239119172096,,,,,,,,
,,,,,,,,,8.642904290429043e-07,13094,,,,,,,,,
43,,,,,,,,,,13094,0.009600911289453506,,,,,,,,
,,,,,,,,,8.646204620462045e-07,13099,,,,,,,,,
43,,,,,,,,,,13099,0.023907765746116638,,,,,,,,
,,,,,,,,,8.649504950495049e-07,13104,,,,,,,,,
43,,,,,,,,,,13104,0.032275352627038956,,,,,,,,
,,,,,,,,,8.652805280528053e-07,13109,,,,,,,,,
43,,,,,,,,,,13109,0.006147155538201332,,,,,,,,
,,,,,,,,,8.656105610561056e-07,13114,,,,,,,,,
43,,,,,,,,,,13114,0.014587074518203735,,,,,,,,
,,,,,,,,,8.659405940594059e-07,13119,,,,,,,,,
43,,,,,,,,,,13119,0.0073563712649047375,,,,,,,,
,,,,,,,,,8.662706270627063e-07,13124,,,,,,,,,
43,,,,,,,,,,13124,0.03720269724726677,,,,,,,,
,,,,,,,,,8.666006600660065e-07,13129,,,,,,,,,
43,,,,,,,,,,13129,0.01391640305519104,,,,,,,,
,,,,,,,,,8.669306930693069e-07,13134,,,,,,,,,
43,,,,,,,,,,13134,0.018030330538749695,,,,,,,,
,,,,,,,,,8.672607260726072e-07,13139,,,,,,,,,
43,,,,,,,,,,13139,0.017232075333595276,,,,,,,,
,,,,,,,,,8.675907590759075e-07,13144,,,,,,,,,
43,,,,,,,,,,13144,0.012083316221833229,,,,,,,,
,,,,,,,,,8.679207920792079e-07,13149,,,,,,,,,
43,,,,,,,,,,13149,0.041921310126781464,,,,,,,,
,,,,,,,,,8.682508250825082e-07,13154,,,,,,,,,
43,,,,,,,,,,13154,0.041030291467905045,,,,,,,,
,,,,,,,,,8.685808580858085e-07,13159,,,,,,,,,
43,,,,,,,,,,13159,0.012464143335819244,,,,,,,,
,,,,,,,,,8.689108910891089e-07,13164,,,,,,,,,
43,,,,,,,,,,13164,0.01383581105619669,,,,,,,,
,,,,,,,,,8.692409240924093e-07,13169,,,,,,,,,
43,,,,,,,,,,13169,0.03079885058104992,,,,,,,,
,,,,,,,,,8.695709570957095e-07,13174,,,,,,,,,
43,,,,,,,,,,13174,0.02250676602125168,,,,,,,,
,,,,,,,,,8.699009900990098e-07,13179,,,,,,,,,
43,,,,,,,,,,13179,0.011941303499042988,,,,,,,,
,,,,,,,,,8.702310231023102e-07,13184,,,,,,,,,
43,,,,,,,,,,13184,0.011371046304702759,,,,,,,,
,,,,,,,,,8.705610561056105e-07,13189,,,,,,,,,
43,,,,,,,,,,13189,0.005821510683745146,,,,,,,,
,,,,,,,,,8.708910891089108e-07,13194,,,,,,,,,
43,,,,,,,,,,13194,0.03550642356276512,,,,,,,,
,,,,,,,,,8.712211221122112e-07,13199,,,,,,,,,
43,,,,,,,,,,13199,0.006091114599257708,,,,,,,,
,,,,,,,,,8.715511551155115e-07,13204,,,,,,,,,
43,,,,,,,,,,13204,0.010162911377847195,,,,,,,,
,,,,,,,,,8.718811881188118e-07,13209,,,,,,,,,
43,,,,,,,,,,13209,0.002223301911726594,,,,,,,,
,,,,,,,,,8.722112211221122e-07,13214,,,,,,,,,
43,,,,,,,,,,13214,0.002949218265712261,,,,,,,,
,,,,,,,,,8.725412541254125e-07,13219,,,,,,,,,
43,,,,,,,,,,13219,0.0040829055942595005,,,,,,,,
,,,,,,,,,8.728712871287129e-07,13224,,,,,,,,,
43,,,,,,,,,,13224,0.029964148998260498,,,,,,,,
,,,,,,,,,8.732013201320132e-07,13229,,,,,,,,,
43,,,,,,,,,,13229,0.012740051373839378,,,,,,,,
,,,,,,,,,8.735313531353134e-07,13234,,,,,,,,,
43,,,,,,,,,,13234,0.010717576369643211,,,,,,,,
,,,,,,,,,8.738613861386138e-07,13239,,,,,,,,,
43,,,,,,,,,,13239,0.01667589507997036,,,,,,,,
,,,,,,,,,8.741914191419142e-07,13244,,,,,,,,,
43,,,,,,,,,,13244,0.04039011523127556,,,,,,,,
,,,,,,,,,8.745214521452144e-07,13249,,,,,,,,,
43,,,,,,,,,,13249,0.04517460614442825,,,,,,,,
,,,,,,,,,8.748514851485148e-07,13254,,,,,,,,,
43,,,,,,,,,,13254,0.008145411498844624,,,,,,,,
,,,,,,,,,8.751815181518152e-07,13259,,,,,,,,,
43,,,,,,,,,,13259,0.034406278282403946,,,,,,,,
,,,,,,,,,8.755115511551154e-07,13264,,,,,,,,,
43,,,,,,,,,,13264,0.01456084568053484,,,,,,,,
,,,,,,,,,8.758415841584158e-07,13269,,,,,,,,,
43,,,,,,,,,,13269,0.005210628267377615,,,,,,,,
,,,,,,,,,8.761716171617162e-07,13274,,,,,,,,,
43,,,,,,,,,,13274,0.018980687484145164,,,,,,,,
,,,,,,,,,8.765016501650165e-07,13279,,,,,,,,,
43,,,,,,,,,,13279,0.026420198380947113,,,,,,,,
,,,,,,,,,8.768316831683168e-07,13284,,,,,,,,,
43,,,,,,,,,,13284,0.0485178679227829,,,,,,,,
,,,,,,,,,8.771617161716171e-07,13289,,,,,,,,,
43,,,,,,,,,,13289,0.022186730057001114,,,,,,,,
,,,,,,,,,8.774917491749174e-07,13294,,,,,,,,,
43,,,,,,,,,,13294,0.01026261504739523,,,,,,,,
,,,,,,,,,8.778217821782178e-07,13299,,,,,,,,,
43,,,,,,,,,,13299,0.025884071364998817,,,,,,,,
,,,,,,,,,8.781518151815181e-07,13304,,,,,,,,,
43,,,,,,,,,,13304,0.005799161735922098,,,,,,,,
,,,,,,,,,8.784818481848184e-07,13309,,,,,,,,,
43,,,,,,,,,,13309,0.03434757888317108,,,,,,,,
,,,,,,,,,8.788118811881188e-07,13314,,,,,,,,,
43,,,,,,,,,,13314,0.02165803126990795,,,,,,,,
,,,,,,,,,8.791419141914192e-07,13319,,,,,,,,,
43,,,,,,,,,,13319,0.017326366156339645,,,,,,,,
,,,,,,,,,8.794719471947194e-07,13324,,,,,,,,,
43,,,,,,,,,,13324,0.012556128203868866,,,,,,,,
,,,,,,,,,8.798019801980198e-07,13329,,,,,,,,,
43,,,,,,,,,,13329,0.017608586698770523,,,,,,,,
43,,,,,,,,,,13331,,0.699999988079071,0.739130437374115,0.07732347398996353,0.07732347398996353,0.4429108202457428,0.7234042286872864,0.7555555701255798,0.4440772533416748
,,,,,,,,,8.801320132013202e-07,13334,,,,,,,,,
44,,,,,,,,,,13334,0.009366342797875404,,,,,,,,
,,,,,,,,,8.804620462046203e-07,13339,,,,,,,,,
44,,,,,,,,,,13339,0.004754966124892235,,,,,,,,
,,,,,,,,,8.807920792079207e-07,13344,,,,,,,,,
44,,,,,,,,,,13344,0.00695633701980114,,,,,,,,
,,,,,,,,,8.811221122112211e-07,13349,,,,,,,,,
44,,,,,,,,,,13349,0.01291193999350071,,,,,,,,
,,,,,,,,,8.814521452145214e-07,13354,,,,,,,,,
44,,,,,,,,,,13354,0.016724273562431335,,,,,,,,
,,,,,,,,,8.817821782178217e-07,13359,,,,,,,,,
44,,,,,,,,,,13359,0.04478242248296738,,,,,,,,
,,,,,,,,,8.821122112211221e-07,13364,,,,,,,,,
44,,,,,,,,,,13364,0.005005900282412767,,,,,,,,
,,,,,,,,,8.824422442244224e-07,13369,,,,,,,,,
44,,,,,,,,,,13369,0.03519502282142639,,,,,,,,
,,,,,,,,,8.827722772277228e-07,13374,,,,,,,,,
44,,,,,,,,,,13374,0.018687469884753227,,,,,,,,
,,,,,,,,,8.831023102310231e-07,13379,,,,,,,,,
44,,,,,,,,,,13379,0.03688653185963631,,,,,,,,
,,,,,,,,,8.834323432343234e-07,13384,,,,,,,,,
44,,,,,,,,,,13384,0.015298404730856419,,,,,,,,
,,,,,,,,,8.837623762376238e-07,13389,,,,,,,,,
44,,,,,,,,,,13389,0.006797265727072954,,,,,,,,
,,,,,,,,,8.840924092409241e-07,13394,,,,,,,,,
44,,,,,,,,,,13394,0.0201030932366848,,,,,,,,
,,,,,,,,,8.844224422442243e-07,13399,,,,,,,,,
44,,,,,,,,,,13399,0.011602387763559818,,,,,,,,
,,,,,,,,,8.847524752475247e-07,13404,,,,,,,,,
44,,,,,,,,,,13404,0.010242496617138386,,,,,,,,
,,,,,,,,,8.850825082508251e-07,13409,,,,,,,,,
44,,,,,,,,,,13409,0.009161184541881084,,,,,,,,
,,,,,,,,,8.854125412541253e-07,13414,,,,,,,,,
44,,,,,,,,,,13414,0.006675771437585354,,,,,,,,
,,,,,,,,,8.857425742574257e-07,13419,,,,,,,,,
44,,,,,,,,,,13419,0.005427348427474499,,,,,,,,
,,,,,,,,,8.860726072607261e-07,13424,,,,,,,,,
44,,,,,,,,,,13424,0.00958674494177103,,,,,,,,
,,,,,,,,,8.864026402640264e-07,13429,,,,,,,,,
44,,,,,,,,,,13429,0.012443406507372856,,,,,,,,
,,,,,,,,,8.867326732673267e-07,13434,,,,,,,,,
44,,,,,,,,,,13434,0.0176229365170002,,,,,,,,
,,,,,,,,,8.870627062706271e-07,13439,,,,,,,,,
44,,,,,,,,,,13439,0.03824179247021675,,,,,,,,
,,,,,,,,,8.873927392739274e-07,13444,,,,,,,,,
44,,,,,,,,,,13444,0.029940295964479446,,,,,,,,
,,,,,,,,,8.877227722772276e-07,13449,,,,,,,,,
44,,,,,,,,,,13449,0.04344702512025833,,,,,,,,
,,,,,,,,,8.88052805280528e-07,13454,,,,,,,,,
44,,,,,,,,,,13454,0.028744297102093697,,,,,,,,
,,,,,,,,,8.883828382838283e-07,13459,,,,,,,,,
44,,,,,,,,,,13459,0.012253137305378914,,,,,,,,
,,,,,,,,,8.887128712871287e-07,13464,,,,,,,,,
44,,,,,,,,,,13464,0.016186194494366646,,,,,,,,
,,,,,,,,,8.89042904290429e-07,13469,,,,,,,,,
44,,,,,,,,,,13469,0.017132902517914772,,,,,,,,
,,,,,,,,,8.893729372937293e-07,13474,,,,,,,,,
44,,,,,,,,,,13474,0.009456445463001728,,,,,,,,
,,,,,,,,,8.897029702970297e-07,13479,,,,,,,,,
44,,,,,,,,,,13479,0.018579930067062378,,,,,,,,
,,,,,,,,,8.900330033003301e-07,13484,,,,,,,,,
44,,,,,,,,,,13484,0.010225771926343441,,,,,,,,
,,,,,,,,,8.903630363036303e-07,13489,,,,,,,,,
44,,,,,,,,,,13489,0.033118974417448044,,,,,,,,
,,,,,,,,,8.906930693069307e-07,13494,,,,,,,,,
44,,,,,,,,,,13494,0.01248580776154995,,,,,,,,
,,,,,,,,,8.910231023102311e-07,13499,,,,,,,,,
44,,,,,,,,,,13499,0.014824816025793552,,,,,,,,
,,,,,,,,,8.913531353135312e-07,13504,,,,,,,,,
44,,,,,,,,,,13504,0.04312155395746231,,,,,,,,
,,,,,,,,,8.916831683168316e-07,13509,,,,,,,,,
44,,,,,,,,,,13509,0.009388474747538567,,,,,,,,
,,,,,,,,,8.92013201320132e-07,13514,,,,,,,,,
44,,,,,,,,,,13514,0.007562912069261074,,,,,,,,
,,,,,,,,,8.923432343234323e-07,13519,,,,,,,,,
44,,,,,,,,,,13519,0.020898453891277313,,,,,,,,
,,,,,,,,,8.926732673267326e-07,13524,,,,,,,,,
44,,,,,,,,,,13524,0.03586510941386223,,,,,,,,
,,,,,,,,,8.93003300330033e-07,13529,,,,,,,,,
44,,,,,,,,,,13529,0.016702737659215927,,,,,,,,
,,,,,,,,,8.933333333333333e-07,13534,,,,,,,,,
44,,,,,,,,,,13534,0.00603295536711812,,,,,,,,
,,,,,,,,,8.936633663366337e-07,13539,,,,,,,,,
44,,,,,,,,,,13539,0.03462475538253784,,,,,,,,
,,,,,,,,,8.93993399339934e-07,13544,,,,,,,,,
44,,,,,,,,,,13544,0.0026762031484395266,,,,,,,,
,,,,,,,,,8.943234323432343e-07,13549,,,,,,,,,
44,,,,,,,,,,13549,0.018888985738158226,,,,,,,,
,,,,,,,,,8.946534653465347e-07,13554,,,,,,,,,
44,,,,,,,,,,13554,0.022074643522500992,,,,,,,,
,,,,,,,,,8.94983498349835e-07,13559,,,,,,,,,
44,,,,,,,,,,13559,0.02885265089571476,,,,,,,,
,,,,,,,,,8.953135313531352e-07,13564,,,,,,,,,
44,,,,,,,,,,13564,0.03711710870265961,,,,,,,,
,,,,,,,,,8.956435643564356e-07,13569,,,,,,,,,
44,,,,,,,,,,13569,0.013276665471494198,,,,,,,,
,,,,,,,,,8.959735973597359e-07,13574,,,,,,,,,
44,,,,,,,,,,13574,0.034966737031936646,,,,,,,,
,,,,,,,,,8.963036303630362e-07,13579,,,,,,,,,
44,,,,,,,,,,13579,0.02087387628853321,,,,,,,,
,,,,,,,,,8.966336633663366e-07,13584,,,,,,,,,
44,,,,,,,,,,13584,0.007866306230425835,,,,,,,,
,,,,,,,,,8.969636963696369e-07,13589,,,,,,,,,
44,,,,,,,,,,13589,0.05515097826719284,,,,,,,,
,,,,,,,,,8.972937293729373e-07,13594,,,,,,,,,
44,,,,,,,,,,13594,0.015631118789315224,,,,,,,,
,,,,,,,,,8.976237623762376e-07,13599,,,,,,,,,
44,,,,,,,,,,13599,0.00839439406991005,,,,,,,,
,,,,,,,,,8.979537953795379e-07,13604,,,,,,,,,
44,,,,,,,,,,13604,0.010328944772481918,,,,,,,,
,,,,,,,,,8.982838283828382e-07,13609,,,,,,,,,
44,,,,,,,,,,13609,0.02087520994246006,,,,,,,,
,,,,,,,,,8.986138613861386e-07,13614,,,,,,,,,
44,,,,,,,,,,13614,0.0360279381275177,,,,,,,,
,,,,,,,,,8.989438943894388e-07,13619,,,,,,,,,
44,,,,,,,,,,13619,0.07469442486763,,,,,,,,
,,,,,,,,,8.992739273927392e-07,13624,,,,,,,,,
44,,,,,,,,,,13624,0.02542620524764061,,,,,,,,
,,,,,,,,,8.996039603960396e-07,13629,,,,,,,,,
44,,,,,,,,,,13629,0.04613552242517471,,,,,,,,
,,,,,,,,,8.999339933993398e-07,13634,,,,,,,,,
44,,,,,,,,,,13634,0.026780955493450165,,,,,,,,
44,,,,,,,,,,13634,,0.6937500238418579,0.7351351380348206,0.0775994211435318,0.0775994211435318,0.44184887409210205,0.7157894968986511,0.7555555701255798,0.4447680711746216
,,,,,,,,,9.002640264026402e-07,13639,,,,,,,,,
45,,,,,,,,,,13639,0.01965971104800701,,,,,,,,
,,,,,,,,,9.005940594059406e-07,13644,,,,,,,,,
45,,,,,,,,,,13644,0.00880494061857462,,,,,,,,
,,,,,,,,,9.009240924092409e-07,13649,,,,,,,,,
45,,,,,,,,,,13649,0.011029738932847977,,,,,,,,
,,,,,,,,,9.012541254125412e-07,13654,,,,,,,,,
45,,,,,,,,,,13654,0.02304050885140896,,,,,,,,
,,,,,,,,,9.015841584158416e-07,13659,,,,,,,,,
45,,,,,,,,,,13659,0.048531096428632736,,,,,,,,
,,,,,,,,,9.019141914191418e-07,13664,,,,,,,,,
45,,,,,,,,,,13664,0.009367614984512329,,,,,,,,
,,,,,,,,,9.022442244224422e-07,13669,,,,,,,,,
45,,,,,,,,,,13669,0.016792749986052513,,,,,,,,
,,,,,,,,,9.025742574257425e-07,13674,,,,,,,,,
45,,,,,,,,,,13674,0.012659662403166294,,,,,,,,
,,,,,,,,,9.029042904290428e-07,13679,,,,,,,,,
45,,,,,,,,,,13679,0.019119448959827423,,,,,,,,
,,,,,,,,,9.032343234323432e-07,13684,,,,,,,,,
45,,,,,,,,,,13684,0.03611736744642258,,,,,,,,
,,,,,,,,,9.035643564356435e-07,13689,,,,,,,,,
45,,,,,,,,,,13689,0.023727547377347946,,,,,,,,
,,,,,,,,,9.038943894389438e-07,13694,,,,,,,,,
45,,,,,,,,,,13694,0.04107379540801048,,,,,,,,
,,,,,,,,,9.042244224422442e-07,13699,,,,,,,,,
45,,,,,,,,,,13699,0.020075589418411255,,,,,,,,
,,,,,,,,,9.045544554455446e-07,13704,,,,,,,,,
45,,,,,,,,,,13704,0.02944771572947502,,,,,,,,
,,,,,,,,,9.048844884488448e-07,13709,,,,,,,,,
45,,,,,,,,,,13709,0.010960771702229977,,,,,,,,
,,,,,,,,,9.052145214521452e-07,13714,,,,,,,,,
45,,,,,,,,,,13714,0.014510582201182842,,,,,,,,
,,,,,,,,,9.055445544554455e-07,13719,,,,,,,,,
45,,,,,,,,,,13719,0.017101217061281204,,,,,,,,
,,,,,,,,,9.058745874587458e-07,13724,,,,,,,,,
45,,,,,,,,,,13724,0.033389680087566376,,,,,,,,
,,,,,,,,,9.062046204620461e-07,13729,,,,,,,,,
45,,,,,,,,,,13729,0.019626634195446968,,,,,,,,
,,,,,,,,,9.065346534653465e-07,13734,,,,,,,,,
45,,,,,,,,,,13734,0.039163414388895035,,,,,,,,
,,,,,,,,,9.068646864686468e-07,13739,,,,,,,,,
45,,,,,,,,,,13739,0.009152853861451149,,,,,,,,
,,,,,,,,,9.071947194719471e-07,13744,,,,,,,,,
45,,,,,,,,,,13744,0.008175818249583244,,,,,,,,
,,,,,,,,,9.075247524752475e-07,13749,,,,,,,,,
45,,,,,,,,,,13749,0.0025848918594419956,,,,,,,,
,,,,,,,,,9.078547854785478e-07,13754,,,,,,,,,
45,,,,,,,,,,13754,0.014063133858144283,,,,,,,,
,,,,,,,,,9.081848184818482e-07,13759,,,,,,,,,
45,,,,,,,,,,13759,0.017626216635107994,,,,,,,,
,,,,,,,,,9.085148514851485e-07,13764,,,,,,,,,
45,,,,,,,,,,13764,0.01385014969855547,,,,,,,,
,,,,,,,,,9.088448844884487e-07,13769,,,,,,,,,
45,,,,,,,,,,13769,0.0156666561961174,,,,,,,,
,,,,,,,,,9.091749174917491e-07,13774,,,,,,,,,
45,,,,,,,,,,13774,0.014775638468563557,,,,,,,,
,,,,,,,,,9.095049504950495e-07,13779,,,,,,,,,
45,,,,,,,,,,13779,0.027334468439221382,,,,,,,,
,,,,,,,,,9.098349834983497e-07,13784,,,,,,,,,
45,,,,,,,,,,13784,0.0068095168098807335,,,,,,,,
,,,,,,,,,9.101650165016501e-07,13789,,,,,,,,,
45,,,,,,,,,,13789,0.015333439223468304,,,,,,,,
,,,,,,,,,9.104950495049505e-07,13794,,,,,,,,,
45,,,,,,,,,,13794,0.021637191995978355,,,,,,,,
,,,,,,,,,9.108250825082507e-07,13799,,,,,,,,,
45,,,,,,,,,,13799,0.007515803910791874,,,,,,,,
,,,,,,,,,9.111551155115511e-07,13804,,,,,,,,,
45,,,,,,,,,,13804,0.01974991150200367,,,,,,,,
,,,,,,,,,9.114851485148515e-07,13809,,,,,,,,,
45,,,,,,,,,,13809,0.02373717725276947,,,,,,,,
,,,,,,,,,9.118151815181518e-07,13814,,,,,,,,,
45,,,,,,,,,,13814,0.00842124130576849,,,,,,,,
,,,,,,,,,9.121452145214521e-07,13819,,,,,,,,,
45,,,,,,,,,,13819,0.01552644744515419,,,,,,,,
,,,,,,,,,9.124752475247524e-07,13824,,,,,,,,,
45,,,,,,,,,,13824,0.019714361056685448,,,,,,,,
,,,,,,,,,9.128052805280527e-07,13829,,,,,,,,,
45,,,,,,,,,,13829,0.03022075816988945,,,,,,,,
,,,,,,,,,9.131353135313531e-07,13834,,,,,,,,,
45,,,,,,,,,,13834,0.027415389195084572,,,,,,,,
,,,,,,,,,9.134653465346534e-07,13839,,,,,,,,,
45,,,,,,,,,,13839,0.010961000807583332,,,,,,,,
,,,,,,,,,9.137953795379537e-07,13844,,,,,,,,,
45,,,,,,,,,,13844,0.011883768253028393,,,,,,,,
,,,,,,,,,9.141254125412541e-07,13849,,,,,,,,,
45,,,,,,,,,,13849,0.006729999557137489,,,,,,,,
,,,,,,,,,9.144554455445545e-07,13854,,,,,,,,,
45,,,,,,,,,,13854,0.019603563472628593,,,,,,,,
,,,,,,,,,9.147854785478547e-07,13859,,,,,,,,,
45,,,,,,,,,,13859,0.004668858367949724,,,,,,,,
,,,,,,,,,9.151155115511551e-07,13864,,,,,,,,,
45,,,,,,,,,,13864,0.015246118418872356,,,,,,,,
,,,,,,,,,9.154455445544555e-07,13869,,,,,,,,,
45,,,,,,,,,,13869,0.017490187659859657,,,,,,,,
,,,,,,,,,9.157755775577557e-07,13874,,,,,,,,,
45,,,,,,,,,,13874,0.023274481296539307,,,,,,,,
,,,,,,,,,9.16105610561056e-07,13879,,,,,,,,,
45,,,,,,,,,,13879,0.004187143407762051,,,,,,,,
,,,,,,,,,9.164356435643564e-07,13884,,,,,,,,,
45,,,,,,,,,,13884,0.03132239729166031,,,,,,,,
,,,,,,,,,9.167656765676567e-07,13889,,,,,,,,,
45,,,,,,,,,,13889,0.027544967830181122,,,,,,,,
,,,,,,,,,9.17095709570957e-07,13894,,,,,,,,,
45,,,,,,,,,,13894,0.023518498986959457,,,,,,,,
,,,,,,,,,9.174257425742574e-07,13899,,,,,,,,,
45,,,,,,,,,,13899,0.008746763691306114,,,,,,,,
,,,,,,,,,9.177557755775577e-07,13904,,,,,,,,,
45,,,,,,,,,,13904,0.03307091444730759,,,,,,,,
,,,,,,,,,9.180858085808581e-07,13909,,,,,,,,,
45,,,,,,,,,,13909,0.050035204738378525,,,,,,,,
,,,,,,,,,9.184158415841584e-07,13914,,,,,,,,,
45,,,,,,,,,,13914,0.026225648820400238,,,,,,,,
,,,,,,,,,9.187458745874587e-07,13919,,,,,,,,,
45,,,,,,,,,,13919,0.01506838109344244,,,,,,,,
,,,,,,,,,9.190759075907591e-07,13924,,,,,,,,,
45,,,,,,,,,,13924,0.012508207932114601,,,,,,,,
,,,,,,,,,9.194059405940595e-07,13929,,,,,,,,,
45,,,,,,,,,,13929,0.0070807752199471,,,,,,,,
,,,,,,,,,9.197359735973596e-07,13934,,,,,,,,,
45,,,,,,,,,,13934,0.0136951245367527,,,,,,,,
45,,,,,,,,,,13937,,0.6875,0.7252747416496277,0.07597211748361588,0.07597211748361588,0.44342172145843506,0.717391312122345,0.7333333492279053,0.4455820322036743
,,,,,,,,,9.2006600660066e-07,13939,,,,,,,,,
46,,,,,,,,,,13939,0.023545149713754654,,,,,,,,
,,,,,,,,,9.203960396039604e-07,13944,,,,,,,,,
46,,,,,,,,,,13944,0.011420429684221745,,,,,,,,
,,,,,,,,,9.207260726072606e-07,13949,,,,,,,,,
46,,,,,,,,,,13949,0.025626201182603836,,,,,,,,
,,,,,,,,,9.21056105610561e-07,13954,,,,,,,,,
46,,,,,,,,,,13954,0.007084695156663656,,,,,,,,
,,,,,,,,,9.213861386138614e-07,13959,,,,,,,,,
46,,,,,,,,,,13959,0.06916794925928116,,,,,,,,
,,,,,,,,,9.217161716171617e-07,13964,,,,,,,,,
46,,,,,,,,,,13964,0.017821578308939934,,,,,,,,
,,,,,,,,,9.22046204620462e-07,13969,,,,,,,,,
46,,,,,,,,,,13969,0.01829303242266178,,,,,,,,
,,,,,,,,,9.223762376237624e-07,13974,,,,,,,,,
46,,,,,,,,,,13974,0.0074140229262411594,,,,,,,,
,,,,,,,,,9.227062706270627e-07,13979,,,,,,,,,
46,,,,,,,,,,13979,0.03528215363621712,,,,,,,,
,,,,,,,,,9.23036303630363e-07,13984,,,,,,,,,
46,,,,,,,,,,13984,0.025423508137464523,,,,,,,,
,,,,,,,,,9.233663366336633e-07,13989,,,,,,,,,
46,,,,,,,,,,13989,0.026515115052461624,,,,,,,,
,,,,,,,,,9.236963696369636e-07,13994,,,,,,,,,
46,,,,,,,,,,13994,0.01377855148166418,,,,,,,,
,,,,,,,,,9.24026402640264e-07,13999,,,,,,,,,
46,,,,,,,,,,13999,0.014860309660434723,,,,,,,,
,,,,,,,,,9.243564356435643e-07,14004,,,,,,,,,
46,,,,,,,,,,14004,0.02195649966597557,,,,,,,,
,,,,,,,,,9.246864686468646e-07,14009,,,,,,,,,
46,,,,,,,,,,14009,0.035180624574422836,,,,,,,,
,,,,,,,,,9.25016501650165e-07,14014,,,,,,,,,
46,,,,,,,,,,14014,0.02328489162027836,,,,,,,,
,,,,,,,,,9.253465346534654e-07,14019,,,,,,,,,
46,,,,,,,,,,14019,0.00797418411821127,,,,,,,,
,,,,,,,,,9.256765676567656e-07,14024,,,,,,,,,
46,,,,,,,,,,14024,0.010742024518549442,,,,,,,,
,,,,,,,,,9.26006600660066e-07,14029,,,,,,,,,
46,,,,,,,,,,14029,0.09158910810947418,,,,,,,,
,,,,,,,,,9.263366336633664e-07,14034,,,,,,,,,
46,,,,,,,,,,14034,0.008444839157164097,,,,,,,,
,,,,,,,,,9.266666666666665e-07,14039,,,,,,,,,
46,,,,,,,,,,14039,0.020148247480392456,,,,,,,,
,,,,,,,,,9.269966996699669e-07,14044,,,,,,,,,
46,,,,,,,,,,14044,0.025202061980962753,,,,,,,,
,,,,,,,,,9.273267326732673e-07,14049,,,,,,,,,
46,,,,,,,,,,14049,0.013253391720354557,,,,,,,,
,,,,,,,,,9.276567656765676e-07,14054,,,,,,,,,
46,,,,,,,,,,14054,0.009635861963033676,,,,,,,,
,,,,,,,,,9.279867986798679e-07,14059,,,,,,,,,
46,,,,,,,,,,14059,0.027612151578068733,,,,,,,,
,,,,,,,,,9.283168316831683e-07,14064,,,,,,,,,
46,,,,,,,,,,14064,0.0074390508234500885,,,,,,,,
,,,,,,,,,9.286468646864686e-07,14069,,,,,,,,,
46,,,,,,,,,,14069,0.03247348964214325,,,,,,,,
,,,,,,,,,9.28976897689769e-07,14074,,,,,,,,,
46,,,,,,,,,,14074,0.009690781123936176,,,,,,,,
,,,,,,,,,9.293069306930693e-07,14079,,,,,,,,,
46,,,,,,,,,,14079,0.03063562698662281,,,,,,,,
,,,,,,,,,9.296369636963696e-07,14084,,,,,,,,,
46,,,,,,,,,,14084,0.021159978583455086,,,,,,,,
,,,,,,,,,9.2996699669967e-07,14089,,,,,,,,,
46,,,,,,,,,,14089,0.01392658706754446,,,,,,,,
,,,,,,,,,9.302970297029703e-07,14094,,,,,,,,,
46,,,,,,,,,,14094,0.016383610665798187,,,,,,,,
,,,,,,,,,9.306270627062705e-07,14099,,,,,,,,,
46,,,,,,,,,,14099,0.014458580873906612,,,,,,,,
,,,,,,,,,9.309570957095709e-07,14104,,,,,,,,,
46,,,,,,,,,,14104,0.01423946488648653,,,,,,,,
,,,,,,,,,9.312871287128713e-07,14109,,,,,,,,,
46,,,,,,,,,,14109,0.005029486492276192,,,,,,,,
,,,,,,,,,9.316171617161715e-07,14114,,,,,,,,,
46,,,,,,,,,,14114,0.03895018249750137,,,,,,,,
,,,,,,,,,9.319471947194719e-07,14119,,,,,,,,,
46,,,,,,,,,,14119,0.011228579096496105,,,,,,,,
,,,,,,,,,9.322772277227723e-07,14124,,,,,,,,,
46,,,,,,,,,,14124,0.01867208257317543,,,,,,,,
,,,,,,,,,9.326072607260726e-07,14129,,,,,,,,,
46,,,,,,,,,,14129,0.015324780717492104,,,,,,,,
,,,,,,,,,9.329372937293729e-07,14134,,,,,,,,,
46,,,,,,,,,,14134,0.022819822654128075,,,,,,,,
,,,,,,,,,9.332673267326733e-07,14139,,,,,,,,,
46,,,,,,,,,,14139,0.014786957763135433,,,,,,,,
,,,,,,,,,9.335973597359736e-07,14144,,,,,,,,,
46,,,,,,,,,,14144,0.011711707338690758,,,,,,,,
,,,,,,,,,9.339273927392739e-07,14149,,,,,,,,,
46,,,,,,,,,,14149,0.02763998880982399,,,,,,,,
,,,,,,,,,9.342574257425742e-07,14154,,,,,,,,,
46,,,,,,,,,,14154,0.012167522683739662,,,,,,,,
,,,,,,,,,9.345874587458745e-07,14159,,,,,,,,,
46,,,,,,,,,,14159,0.012761239893734455,,,,,,,,
,,,,,,,,,9.349174917491749e-07,14164,,,,,,,,,
46,,,,,,,,,,14164,0.008689867332577705,,,,,,,,
,,,,,,,,,9.352475247524752e-07,14169,,,,,,,,,
46,,,,,,,,,,14169,0.012025129050016403,,,,,,,,
,,,,,,,,,9.355775577557755e-07,14174,,,,,,,,,
46,,,,,,,,,,14174,0.009880421683192253,,,,,,,,
,,,,,,,,,9.359075907590759e-07,14179,,,,,,,,,
46,,,,,,,,,,14179,0.05005935952067375,,,,,,,,
,,,,,,,,,9.362376237623763e-07,14184,,,,,,,,,
46,,,,,,,,,,14184,0.006567886099219322,,,,,,,,
,,,,,,,,,9.365676567656765e-07,14189,,,,,,,,,
46,,,,,,,,,,14189,0.03978760167956352,,,,,,,,
,,,,,,,,,9.368976897689769e-07,14194,,,,,,,,,
46,,,,,,,,,,14194,0.012641205452382565,,,,,,,,
,,,,,,,,,9.372277227722773e-07,14199,,,,,,,,,
46,,,,,,,,,,14199,0.0019817540887743235,,,,,,,,
,,,,,,,,,9.375577557755775e-07,14204,,,,,,,,,
46,,,,,,,,,,14204,0.010771485976874828,,,,,,,,
,,,,,,,,,9.378877887788778e-07,14209,,,,,,,,,
46,,,,,,,,,,14209,0.007924319244921207,,,,,,,,
,,,,,,,,,9.382178217821781e-07,14214,,,,,,,,,
46,,,,,,,,,,14214,0.015138231217861176,,,,,,,,
,,,,,,,,,9.385478547854785e-07,14219,,,,,,,,,
46,,,,,,,,,,14219,0.012100528925657272,,,,,,,,
,,,,,,,,,9.388778877887789e-07,14224,,,,,,,,,
46,,,,,,,,,,14224,0.055287688970565796,,,,,,,,
,,,,,,,,,9.392079207920791e-07,14229,,,,,,,,,
46,,,,,,,,,,14229,0.008543579839169979,,,,,,,,
,,,,,,,,,9.395379537953795e-07,14234,,,,,,,,,
46,,,,,,,,,,14234,0.03996003419160843,,,,,,,,
,,,,,,,,,9.398679867986799e-07,14239,,,,,,,,,
46,,,,,,,,,,14239,0.007446807809174061,,,,,,,,
46,,,,,,,,,,14240,,0.6812499761581421,0.7243243455886841,0.07832822948694229,0.07832822948694229,0.4338841736316681,0.7052631378173828,0.7444444298744202,0.4375288486480713
,,,,,,,,,9.401980198019801e-07,14244,,,,,,,,,
47,,,,,,,,,,14244,0.01226371806114912,,,,,,,,
,,,,,,,,,9.405280528052805e-07,14249,,,,,,,,,
47,,,,,,,,,,14249,0.014990856871008873,,,,,,,,
,,,,,,,,,9.408580858085808e-07,14254,,,,,,,,,
47,,,,,,,,,,14254,0.02674729749560356,,,,,,,,
,,,,,,,,,9.411881188118811e-07,14259,,,,,,,,,
47,,,,,,,,,,14259,0.01754074916243553,,,,,,,,
,,,,,,,,,9.415181518151814e-07,14264,,,,,,,,,
47,,,,,,,,,,14264,0.03207605704665184,,,,,,,,
,,,,,,,,,9.418481848184818e-07,14269,,,,,,,,,
47,,,,,,,,,,14269,0.027698513120412827,,,,,,,,
,,,,,,,,,9.421782178217821e-07,14274,,,,,,,,,
47,,,,,,,,,,14274,0.010616591200232506,,,,,,,,
,,,,,,,,,9.425082508250825e-07,14279,,,,,,,,,
47,,,,,,,,,,14279,0.016649633646011353,,,,,,,,
,,,,,,,,,9.428382838283828e-07,14284,,,,,,,,,
47,,,,,,,,,,14284,0.008214068599045277,,,,,,,,
,,,,,,,,,9.431683168316831e-07,14289,,,,,,,,,
47,,,,,,,,,,14289,0.031119689345359802,,,,,,,,
,,,,,,,,,9.434983498349835e-07,14294,,,,,,,,,
47,,,,,,,,,,14294,0.012665258720517159,,,,,,,,
,,,,,,,,,9.438283828382838e-07,14299,,,,,,,,,
47,,,,,,,,,,14299,0.06337527185678482,,,,,,,,
,,,,,,,,,9.441584158415841e-07,14304,,,,,,,,,
47,,,,,,,,,,14304,0.029335446655750275,,,,,,,,
,,,,,,,,,9.444884488448844e-07,14309,,,,,,,,,
47,,,,,,,,,,14309,0.008256743662059307,,,,,,,,
,,,,,,,,,9.448184818481848e-07,14314,,,,,,,,,
47,,,,,,,,,,14314,0.021356038749217987,,,,,,,,
,,,,,,,,,9.45148514851485e-07,14319,,,,,,,,,
47,,,,,,,,,,14319,0.016404997557401657,,,,,,,,
,,,,,,,,,9.454785478547854e-07,14324,,,,,,,,,
47,,,,,,,,,,14324,0.009226786904036999,,,,,,,,
,,,,,,,,,9.458085808580858e-07,14329,,,,,,,,,
47,,,,,,,,,,14329,0.020178107544779778,,,,,,,,
,,,,,,,,,9.46138613861386e-07,14334,,,,,,,,,
47,,,,,,,,,,14334,0.021851036697626114,,,,,,,,
,,,,,,,,,9.464686468646864e-07,14339,,,,,,,,,
47,,,,,,,,,,14339,0.009530661627650261,,,,,,,,
,,,,,,,,,9.467986798679868e-07,14344,,,,,,,,,
47,,,,,,,,,,14344,0.018648341298103333,,,,,,,,
,,,,,,,,,9.471287128712871e-07,14349,,,,,,,,,
47,,,,,,,,,,14349,0.016530867666006088,,,,,,,,
,,,,,,,,,9.474587458745874e-07,14354,,,,,,,,,
47,,,,,,,,,,14354,0.014207510277628899,,,,,,,,
,,,,,,,,,9.477887788778878e-07,14359,,,,,,,,,
47,,,,,,,,,,14359,0.009631219319999218,,,,,,,,
,,,,,,,,,9.48118811881188e-07,14364,,,,,,,,,
47,,,,,,,,,,14364,0.020795082673430443,,,,,,,,
,,,,,,,,,9.484488448844884e-07,14369,,,,,,,,,
47,,,,,,,,,,14369,0.007463714107871056,,,,,,,,
,,,,,,,,,9.487788778877887e-07,14374,,,,,,,,,
47,,,,,,,,,,14374,0.008971224538981915,,,,,,,,
,,,,,,,,,9.49108910891089e-07,14379,,,,,,,,,
47,,,,,,,,,,14379,0.056343019008636475,,,,,,,,
,,,,,,,,,9.494389438943894e-07,14384,,,,,,,,,
47,,,,,,,,,,14384,0.02627548761665821,,,,,,,,
,,,,,,,,,9.497689768976898e-07,14389,,,,,,,,,
47,,,,,,,,,,14389,0.0073276483453810215,,,,,,,,
,,,,,,,,,9.5009900990099e-07,14394,,,,,,,,,
47,,,,,,,,,,14394,0.02361283078789711,,,,,,,,
,,,,,,,,,9.504290429042904e-07,14399,,,,,,,,,
47,,,,,,,,,,14399,0.023388085886836052,,,,,,,,
,,,,,,,,,9.507590759075908e-07,14404,,,,,,,,,
47,,,,,,,,,,14404,0.028213413432240486,,,,,,,,
,,,,,,,,,9.51089108910891e-07,14409,,,,,,,,,
47,,,,,,,,,,14409,0.014690510928630829,,,,,,,,
,,,,,,,,,9.514191419141913e-07,14414,,,,,,,,,
47,,,,,,,,,,14414,0.017162956297397614,,,,,,,,
,,,,,,,,,9.517491749174917e-07,14419,,,,,,,,,
47,,,,,,,,,,14419,0.044671960175037384,,,,,,,,
,,,,,,,,,9.52079207920792e-07,14424,,,,,,,,,
47,,,,,,,,,,14424,0.009184774942696095,,,,,,,,
,,,,,,,,,9.524092409240923e-07,14429,,,,,,,,,
47,,,,,,,,,,14429,0.01108428742736578,,,,,,,,
,,,,,,,,,9.527392739273927e-07,14434,,,,,,,,,
47,,,,,,,,,,14434,0.015012930147349834,,,,,,,,
,,,,,,,,,9.53069306930693e-07,14439,,,,,,,,,
47,,,,,,,,,,14439,0.00733790872618556,,,,,,,,
,,,,,,,,,9.533993399339934e-07,14444,,,,,,,,,
47,,,,,,,,,,14444,0.029142610728740692,,,,,,,,
,,,,,,,,,9.537293729372937e-07,14449,,,,,,,,,
47,,,,,,,,,,14449,0.03952394053339958,,,,,,,,
,,,,,,,,,9.54059405940594e-07,14454,,,,,,,,,
47,,,,,,,,,,14454,0.004326444584876299,,,,,,,,
,,,,,,,,,9.543894389438943e-07,14459,,,,,,,,,
47,,,,,,,,,,14459,0.009632646106183529,,,,,,,,
,,,,,,,,,9.547194719471948e-07,14464,,,,,,,,,
47,,,,,,,,,,14464,0.007034542504698038,,,,,,,,
,,,,,,,,,9.55049504950495e-07,14469,,,,,,,,,
47,,,,,,,,,,14469,0.015274125151336193,,,,,,,,
,,,,,,,,,9.553795379537953e-07,14474,,,,,,,,,
47,,,,,,,,,,14474,0.04111817479133606,,,,,,,,
,,,,,,,,,9.557095709570958e-07,14479,,,,,,,,,
47,,,,,,,,,,14479,0.009880674071609974,,,,,,,,
,,,,,,,,,9.56039603960396e-07,14484,,,,,,,,,
47,,,,,,,,,,14484,0.019123811274766922,,,,,,,,
,,,,,,,,,9.563696369636963e-07,14489,,,,,,,,,
47,,,,,,,,,,14489,0.015896713361144066,,,,,,,,
,,,,,,,,,9.566996699669968e-07,14494,,,,,,,,,
47,,,,,,,,,,14494,0.008378318510949612,,,,,,,,
,,,,,,,,,9.570297029702969e-07,14499,,,,,,,,,
47,,,,,,,,,,14499,0.009040538221597672,,,,,,,,
,,,,,,,,,9.573597359735973e-07,14504,,,,,,,,,
47,,,,,,,,,,14504,0.006542278919368982,,,,,,,,
,,,,,,,,,9.576897689768976e-07,14509,,,,,,,,,
47,,,,,,,,,,14509,0.0334758423268795,,,,,,,,
,,,,,,,,,9.580198019801979e-07,14514,,,,,,,,,
47,,,,,,,,,,14514,0.006181853823363781,,,,,,,,
,,,,,,,,,9.583498349834984e-07,14519,,,,,,,,,
47,,,,,,,,,,14519,0.029919827356934547,,,,,,,,
,,,,,,,,,9.586798679867986e-07,14524,,,,,,,,,
47,,,,,,,,,,14524,0.018707120791077614,,,,,,,,
,,,,,,,,,9.590099009900989e-07,14529,,,,,,,,,
47,,,,,,,,,,14529,0.015178888104856014,,,,,,,,
,,,,,,,,,9.593399339933994e-07,14534,,,,,,,,,
47,,,,,,,,,,14534,0.04089463874697685,,,,,,,,
,,,,,,,,,9.596699669966996e-07,14539,,,,,,,,,
47,,,,,,,,,,14539,0.02891288511455059,,,,,,,,
47,,,,,,,,,,14543,,0.699999988079071,0.7446808218955994,0.07853908836841583,0.07853908836841583,0.4408130943775177,0.7142857313156128,0.7777777910232544,0.441366970539093
,,,,,,,,,9.6e-07,14544,,,,,,,,,
48,,,,,,,,,,14544,0.029977204278111458,,,,,,,,
,,,,,,,,,9.603300330033002e-07,14549,,,,,,,,,
48,,,,,,,,,,14549,0.009083274751901627,,,,,,,,
,,,,,,,,,9.606600660066007e-07,14554,,,,,,,,,
48,,,,,,,,,,14554,0.006704855710268021,,,,,,,,
,,,,,,,,,9.60990099009901e-07,14559,,,,,,,,,
48,,,,,,,,,,14559,0.0061410763300955296,,,,,,,,
,,,,,,,,,9.613201320132012e-07,14564,,,,,,,,,
48,,,,,,,,,,14564,0.003258943557739258,,,,,,,,
,,,,,,,,,9.616501650165017e-07,14569,,,,,,,,,
48,,,,,,,,,,14569,0.011601937934756279,,,,,,,,
,,,,,,,,,9.61980198019802e-07,14574,,,,,,,,,
48,,,,,,,,,,14574,0.010839338414371014,,,,,,,,
,,,,,,,,,9.623102310231022e-07,14579,,,,,,,,,
48,,,,,,,,,,14579,0.007342573720961809,,,,,,,,
,,,,,,,,,9.626402640264027e-07,14584,,,,,,,,,
48,,,,,,,,,,14584,0.020811110734939575,,,,,,,,
,,,,,,,,,9.62970297029703e-07,14589,,,,,,,,,
48,,,,,,,,,,14589,0.01632084511220455,,,,,,,,
,,,,,,,,,9.633003300330032e-07,14594,,,,,,,,,
48,,,,,,,,,,14594,0.029936933889985085,,,,,,,,
,,,,,,,,,9.636303630363037e-07,14599,,,,,,,,,
48,,,,,,,,,,14599,0.014905450865626335,,,,,,,,
,,,,,,,,,9.639603960396038e-07,14604,,,,,,,,,
48,,,,,,,,,,14604,0.025127191096544266,,,,,,,,
,,,,,,,,,9.642904290429043e-07,14609,,,,,,,,,
48,,,,,,,,,,14609,0.01265605166554451,,,,,,,,
,,,,,,,,,9.646204620462045e-07,14614,,,,,,,,,
48,,,,,,,,,,14614,0.010463733226060867,,,,,,,,
,,,,,,,,,9.649504950495048e-07,14619,,,,,,,,,
48,,,,,,,,,,14619,0.028675878420472145,,,,,,,,
,,,,,,,,,9.652805280528053e-07,14624,,,,,,,,,
48,,,,,,,,,,14624,0.03447477146983147,,,,,,,,
,,,,,,,,,9.656105610561056e-07,14629,,,,,,,,,
48,,,,,,,,,,14629,0.01839393749833107,,,,,,,,
,,,,,,,,,9.659405940594058e-07,14634,,,,,,,,,
48,,,,,,,,,,14634,0.0178101547062397,,,,,,,,
,,,,,,,,,9.662706270627063e-07,14639,,,,,,,,,
48,,,,,,,,,,14639,0.021034616976976395,,,,,,,,
,,,,,,,,,9.666006600660066e-07,14644,,,,,,,,,
48,,,,,,,,,,14644,0.03256986290216446,,,,,,,,
,,,,,,,,,9.669306930693068e-07,14649,,,,,,,,,
48,,,,,,,,,,14649,0.012664192356169224,,,,,,,,
,,,,,,,,,9.672607260726073e-07,14654,,,,,,,,,
48,,,,,,,,,,14654,0.015296868979930878,,,,,,,,
,,,,,,,,,9.675907590759076e-07,14659,,,,,,,,,
48,,,,,,,,,,14659,0.00587067473679781,,,,,,,,
,,,,,,,,,9.679207920792079e-07,14664,,,,,,,,,
48,,,,,,,,,,14664,0.015306086279451847,,,,,,,,
,,,,,,,,,9.682508250825081e-07,14669,,,,,,,,,
48,,,,,,,,,,14669,0.02242269553244114,,,,,,,,
,,,,,,,,,9.685808580858086e-07,14674,,,,,,,,,
48,,,,,,,,,,14674,0.015094351023435593,,,,,,,,
,,,,,,,,,9.689108910891089e-07,14679,,,,,,,,,
48,,,,,,,,,,14679,0.03626212850213051,,,,,,,,
,,,,,,,,,9.692409240924092e-07,14684,,,,,,,,,
48,,,,,,,,,,14684,0.006451677065342665,,,,,,,,
,,,,,,,,,9.695709570957096e-07,14689,,,,,,,,,
48,,,,,,,,,,14689,0.01128715742379427,,,,,,,,
,,,,,,,,,9.6990099009901e-07,14694,,,,,,,,,
48,,,,,,,,,,14694,0.011639476753771305,,,,,,,,
,,,,,,,,,9.702310231023102e-07,14699,,,,,,,,,
48,,,,,,,,,,14699,0.010029084049165249,,,,,,,,
,,,,,,,,,9.705610561056107e-07,14704,,,,,,,,,
48,,,,,,,,,,14704,0.06916268169879913,,,,,,,,
,,,,,,,,,9.708910891089107e-07,14709,,,,,,,,,
48,,,,,,,,,,14709,0.003679047105833888,,,,,,,,
,,,,,,,,,9.712211221122112e-07,14714,,,,,,,,,
48,,,,,,,,,,14714,0.005806860513985157,,,,,,,,
,,,,,,,,,9.715511551155115e-07,14719,,,,,,,,,
48,,,,,,,,,,14719,0.014031507074832916,,,,,,,,
,,,,,,,,,9.718811881188117e-07,14724,,,,,,,,,
48,,,,,,,,,,14724,0.014773362316191196,,,,,,,,
,,,,,,,,,9.722112211221122e-07,14729,,,,,,,,,
48,,,,,,,,,,14729,0.007087023928761482,,,,,,,,
,,,,,,,,,9.725412541254125e-07,14734,,,,,,,,,
48,,,,,,,,,,14734,0.035941559821367264,,,,,,,,
,,,,,,,,,9.728712871287128e-07,14739,,,,,,,,,
48,,,,,,,,,,14739,0.00555297639220953,,,,,,,,
,,,,,,,,,9.732013201320132e-07,14744,,,,,,,,,
48,,,,,,,,,,14744,0.006329415366053581,,,,,,,,
,,,,,,,,,9.735313531353135e-07,14749,,,,,,,,,
48,,,,,,,,,,14749,0.03217819705605507,,,,,,,,
,,,,,,,,,9.738613861386138e-07,14754,,,,,,,,,
48,,,,,,,,,,14754,0.01414591632783413,,,,,,,,
,,,,,,,,,9.741914191419143e-07,14759,,,,,,,,,
48,,,,,,,,,,14759,0.012417620047926903,,,,,,,,
,,,,,,,,,9.745214521452145e-07,14764,,,,,,,,,
48,,,,,,,,,,14764,0.01943220943212509,,,,,,,,
,,,,,,,,,9.748514851485148e-07,14769,,,,,,,,,
48,,,,,,,,,,14769,0.01679334044456482,,,,,,,,
,,,,,,,,,9.75181518151815e-07,14774,,,,,,,,,
48,,,,,,,,,,14774,0.013919174671173096,,,,,,,,
,,,,,,,,,9.755115511551155e-07,14779,,,,,,,,,
48,,,,,,,,,,14779,0.011032258160412312,,,,,,,,
,,,,,,,,,9.758415841584158e-07,14784,,,,,,,,,
48,,,,,,,,,,14784,0.02283583953976631,,,,,,,,
,,,,,,,,,9.76171617161716e-07,14789,,,,,,,,,
48,,,,,,,,,,14789,0.009258152917027473,,,,,,,,
,,,,,,,,,9.765016501650166e-07,14794,,,,,,,,,
48,,,,,,,,,,14794,0.02290036529302597,,,,,,,,
,,,,,,,,,9.768316831683168e-07,14799,,,,,,,,,
48,,,,,,,,,,14799,0.01594827137887478,,,,,,,,
,,,,,,,,,9.771617161716171e-07,14804,,,,,,,,,
48,,,,,,,,,,14804,0.011754302307963371,,,,,,,,
,,,,,,,,,9.774917491749176e-07,14809,,,,,,,,,
48,,,,,,,,,,14809,0.004885236267000437,,,,,,,,
,,,,,,,,,9.778217821782179e-07,14814,,,,,,,,,
48,,,,,,,,,,14814,0.037817951291799545,,,,,,,,
,,,,,,,,,9.781518151815181e-07,14819,,,,,,,,,
48,,,,,,,,,,14819,0.013285909779369831,,,,,,,,
,,,,,,,,,9.784818481848184e-07,14824,,,,,,,,,
48,,,,,,,,,,14824,0.0444423146545887,,,,,,,,
,,,,,,,,,9.788118811881187e-07,14829,,,,,,,,,
48,,,,,,,,,,14829,0.038168054074048996,,,,,,,,
,,,,,,,,,9.791419141914191e-07,14834,,,,,,,,,
48,,,,,,,,,,14834,0.0076139685697853565,,,,,,,,
,,,,,,,,,9.794719471947194e-07,14839,,,,,,,,,
48,,,,,,,,,,14839,0.014792587608098984,,,,,,,,
,,,,,,,,,9.798019801980197e-07,14844,,,,,,,,,
48,,,,,,,,,,14844,0.020110778510570526,,,,,,,,
48,,,,,,,,,,14846,,0.706250011920929,0.7486631274223328,0.07703123986721039,0.07703123986721039,0.45384952425956726,0.7216494679450989,0.7777777910232544,0.4529004395008087
,,,,,,,,,9.801320132013202e-07,14849,,,,,,,,,
49,,,,,,,,,,14849,0.05378787964582443,,,,,,,,
,,,,,,,,,9.804620462046204e-07,14854,,,,,,,,,
49,,,,,,,,,,14854,0.0043550822883844376,,,,,,,,
,,,,,,,,,9.807920792079207e-07,14859,,,,,,,,,
49,,,,,,,,,,14859,0.009038090705871582,,,,,,,,
,,,,,,,,,9.811221122112212e-07,14864,,,,,,,,,
49,,,,,,,,,,14864,0.014118804596364498,,,,,,,,
,,,,,,,,,9.814521452145215e-07,14869,,,,,,,,,
49,,,,,,,,,,14869,0.030382884666323662,,,,,,,,
,,,,,,,,,9.817821782178217e-07,14874,,,,,,,,,
49,,,,,,,,,,14874,0.013110833242535591,,,,,,,,
,,,,,,,,,9.82112211221122e-07,14879,,,,,,,,,
49,,,,,,,,,,14879,0.02425646409392357,,,,,,,,
,,,,,,,,,9.824422442244223e-07,14884,,,,,,,,,
49,,,,,,,,,,14884,0.017123930156230927,,,,,,,,
,,,,,,,,,9.827722772277227e-07,14889,,,,,,,,,
49,,,,,,,,,,14889,0.017750360071659088,,,,,,,,
,,,,,,,,,9.83102310231023e-07,14894,,,,,,,,,
49,,,,,,,,,,14894,0.019943147897720337,,,,,,,,
,,,,,,,,,9.834323432343233e-07,14899,,,,,,,,,
49,,,,,,,,,,14899,0.009254264645278454,,,,,,,,
,,,,,,,,,9.837623762376238e-07,14904,,,,,,,,,
49,,,,,,,,,,14904,0.02745809219777584,,,,,,,,
,,,,,,,,,9.84092409240924e-07,14909,,,,,,,,,
49,,,,,,,,,,14909,0.009041381068527699,,,,,,,,
,,,,,,,,,9.844224422442243e-07,14914,,,,,,,,,
49,,,,,,,,,,14914,0.032865699380636215,,,,,,,,
,,,,,,,,,9.847524752475248e-07,14919,,,,,,,,,
49,,,,,,,,,,14919,0.011447436176240444,,,,,,,,
,,,,,,,,,9.85082508250825e-07,14924,,,,,,,,,
49,,,,,,,,,,14924,0.02640492469072342,,,,,,,,
,,,,,,,,,9.854125412541253e-07,14929,,,,,,,,,
49,,,,,,,,,,14929,0.006595283281058073,,,,,,,,
,,,,,,,,,9.857425742574256e-07,14934,,,,,,,,,
49,,,,,,,,,,14934,0.029767047613859177,,,,,,,,
,,,,,,,,,9.86072607260726e-07,14939,,,,,,,,,
49,,,,,,,,,,14939,0.009245608933269978,,,,,,,,
,,,,,,,,,9.864026402640263e-07,14944,,,,,,,,,
49,,,,,,,,,,14944,0.03741534426808357,,,,,,,,
,,,,,,,,,9.867326732673266e-07,14949,,,,,,,,,
49,,,,,,,,,,14949,0.02967706508934498,,,,,,,,
,,,,,,,,,9.87062706270627e-07,14954,,,,,,,,,
49,,,,,,,,,,14954,0.010724225081503391,,,,,,,,
,,,,,,,,,9.873927392739274e-07,14959,,,,,,,,,
49,,,,,,,,,,14959,0.019878916442394257,,,,,,,,
,,,,,,,,,9.877227722772276e-07,14964,,,,,,,,,
49,,,,,,,,,,14964,0.020361101254820824,,,,,,,,
,,,,,,,,,9.880528052805281e-07,14969,,,,,,,,,
49,,,,,,,,,,14969,0.024198053404688835,,,,,,,,
,,,,,,,,,9.883828382838284e-07,14974,,,,,,,,,
49,,,,,,,,,,14974,0.02631566859781742,,,,,,,,
,,,,,,,,,9.887128712871287e-07,14979,,,,,,,,,
49,,,,,,,,,,14979,0.005190912168473005,,,,,,,,
,,,,,,,,,9.89042904290429e-07,14984,,,,,,,,,
49,,,,,,,,,,14984,0.023663118481636047,,,,,,,,
,,,,,,,,,9.893729372937292e-07,14989,,,,,,,,,
49,,,,,,,,,,14989,0.023688850924372673,,,,,,,,
,,,,,,,,,9.897029702970297e-07,14994,,,,,,,,,
49,,,,,,,,,,14994,0.01105765625834465,,,,,,,,
,,,,,,,,,9.9003300330033e-07,14999,,,,,,,,,
49,,,,,,,,,,14999,0.014365114271640778,,,,,,,,
,,,,,,,,,9.903630363036302e-07,15004,,,,,,,,,
49,,,,,,,,,,15004,0.038947951048612595,,,,,,,,
,,,,,,,,,9.906930693069307e-07,15009,,,,,,,,,
49,,,,,,,,,,15009,0.002790224039927125,,,,,,,,
,,,,,,,,,9.91023102310231e-07,15014,,,,,,,,,
49,,,,,,,,,,15014,0.006260357331484556,,,,,,,,
,,,,,,,,,9.913531353135312e-07,15019,,,,,,,,,
49,,,,,,,,,,15019,0.02115122601389885,,,,,,,,
,,,,,,,,,9.916831683168317e-07,15024,,,,,,,,,
49,,,,,,,,,,15024,0.018907800316810608,,,,,,,,
,,,,,,,,,9.92013201320132e-07,15029,,,,,,,,,
49,,,,,,,,,,15029,0.019231995567679405,,,,,,,,
,,,,,,,,,9.923432343234323e-07,15034,,,,,,,,,
49,,,,,,,,,,15034,0.011662879958748817,,,,,,,,
,,,,,,,,,9.926732673267325e-07,15039,,,,,,,,,
49,,,,,,,,,,15039,0.009764239192008972,,,,,,,,
,,,,,,,,,9.93003300330033e-07,15044,,,,,,,,,
49,,,,,,,,,,15044,0.019996928051114082,,,,,,,,
,,,,,,,,,9.933333333333333e-07,15049,,,,,,,,,
49,,,,,,,,,,15049,0.023924827575683594,,,,,,,,
,,,,,,,,,9.936633663366336e-07,15054,,,,,,,,,
49,,,,,,,,,,15054,0.03525419533252716,,,,,,,,
,,,,,,,,,9.93993399339934e-07,15059,,,,,,,,,
49,,,,,,,,,,15059,0.01246549654752016,,,,,,,,
,,,,,,,,,9.943234323432343e-07,15064,,,,,,,,,
49,,,,,,,,,,15064,0.035067118704319,,,,,,,,
,,,,,,,,,9.946534653465346e-07,15069,,,,,,,,,
49,,,,,,,,,,15069,0.0049811676144599915,,,,,,,,
,,,,,,,,,9.94983498349835e-07,15074,,,,,,,,,
49,,,,,,,,,,15074,0.02281159907579422,,,,,,,,
,,,,,,,,,9.953135313531353e-07,15079,,,,,,,,,
49,,,,,,,,,,15079,0.01892414130270481,,,,,,,,
,,,,,,,,,9.956435643564356e-07,15084,,,,,,,,,
49,,,,,,,,,,15084,0.0026348396204411983,,,,,,,,
,,,,,,,,,9.959735973597359e-07,15089,,,,,,,,,
49,,,,,,,,,,15089,0.01644318364560604,,,,,,,,
,,,,,,,,,9.963036303630361e-07,15094,,,,,,,,,
49,,,,,,,,,,15094,0.011805204674601555,,,,,,,,
,,,,,,,,,9.966336633663366e-07,15099,,,,,,,,,
49,,,,,,,,,,15099,0.011741423979401588,,,,,,,,
,,,,,,,,,9.969636963696369e-07,15104,,,,,,,,,
49,,,,,,,,,,15104,0.005973701365292072,,,,,,,,
,,,,,,,,,9.972937293729372e-07,15109,,,,,,,,,
49,,,,,,,,,,15109,0.02097945660352707,,,,,,,,
,,,,,,,,,9.976237623762376e-07,15114,,,,,,,,,
49,,,,,,,,,,15114,0.04129868373274803,,,,,,,,
,,,,,,,,,9.97953795379538e-07,15119,,,,,,,,,
49,,,,,,,,,,15119,0.03829203546047211,,,,,,,,
,,,,,,,,,9.982838283828382e-07,15124,,,,,,,,,
49,,,,,,,,,,15124,0.010292977094650269,,,,,,,,
,,,,,,,,,9.986138613861387e-07,15129,,,,,,,,,
49,,,,,,,,,,15129,0.016037164255976677,,,,,,,,
,,,,,,,,,9.98943894389439e-07,15134,,,,,,,,,
49,,,,,,,,,,15134,0.04345865175127983,,,,,,,,
,,,,,,,,,9.992739273927392e-07,15139,,,,,,,,,
49,,,,,,,,,,15139,0.010564656928181648,,,,,,,,
,,,,,,,,,9.996039603960395e-07,15144,,,,,,,,,
49,,,,,,,,,,15144,0.04014362022280693,,,,,,,,
,,,,,,,,,9.9993399339934e-07,15149,,,,,,,,,
49,,,,,,,,,,15149,0.0059526823461055756,,,,,,,,
49,,,,,,,,,,15149,,0.6937500238418579,0.7379679083824158,0.07851222902536392,0.07851222902536392,0.4409525990486145,0.7113401889801025,0.7666666507720947,0.4366166293621063
,,,,,,,,,9.997359735973597e-07,15154,,,,,,,,,
50,,,,,,,,,,15154,0.02980692870914936,,,,,,,,
,,,,,,,,,9.994059405940594e-07,15159,,,,,,,,,
50,,,,,,,,,,15159,0.007491530384868383,,,,,,,,
,,,,,,,,,9.99075907590759e-07,15164,,,,,,,,,
50,,,,,,,,,,15164,0.0092434361577034,,,,,,,,
,,,,,,,,,9.987458745874587e-07,15169,,,,,,,,,
50,,,,,,,,,,15169,0.01725725270807743,,,,,,,,
,,,,,,,,,9.984158415841584e-07,15174,,,,,,,,,
50,,,,,,,,,,15174,0.029871564358472824,,,,,,,,
,,,,,,,,,9.98085808580858e-07,15179,,,,,,,,,
50,,,,,,,,,,15179,0.03037174977362156,,,,,,,,
,,,,,,,,,9.977557755775577e-07,15184,,,,,,,,,
50,,,,,,,,,,15184,0.008585890755057335,,,,,,,,
,,,,,,,,,9.974257425742574e-07,15189,,,,,,,,,
50,,,,,,,,,,15189,0.01677786186337471,,,,,,,,
,,,,,,,,,9.970957095709571e-07,15194,,,,,,,,,
50,,,,,,,,,,15194,0.018000811338424683,,,,,,,,
,,,,,,,,,9.967656765676568e-07,15199,,,,,,,,,
50,,,,,,,,,,15199,0.04634658619761467,,,,,,,,
,,,,,,,,,9.964356435643564e-07,15204,,,,,,,,,
50,,,,,,,,,,15204,0.006035997997969389,,,,,,,,
,,,,,,,,,9.96105610561056e-07,15209,,,,,,,,,
50,,,,,,,,,,15209,0.0037020412273705006,,,,,,,,
,,,,,,,,,9.957755775577558e-07,15214,,,,,,,,,
50,,,,,,,,,,15214,0.009305676445364952,,,,,,,,
,,,,,,,,,9.954455445544553e-07,15219,,,,,,,,,
50,,,,,,,,,,15219,0.005010448861867189,,,,,,,,
,,,,,,,,,9.95115511551155e-07,15224,,,,,,,,,
50,,,,,,,,,,15224,0.017708247527480125,,,,,,,,
,,,,,,,,,9.947854785478548e-07,15229,,,,,,,,,
50,,,,,,,,,,15229,0.010123212821781635,,,,,,,,
,,,,,,,,,9.944554455445543e-07,15234,,,,,,,,,
50,,,,,,,,,,15234,0.006941887084394693,,,,,,,,
,,,,,,,,,9.94125412541254e-07,15239,,,,,,,,,
50,,,,,,,,,,15239,0.016769949346780777,,,,,,,,
,,,,,,,,,9.937953795379538e-07,15244,,,,,,,,,
50,,,,,,,,,,15244,0.006467515602707863,,,,,,,,
,,,,,,,,,9.934653465346535e-07,15249,,,,,,,,,
50,,,,,,,,,,15249,0.014726562425494194,,,,,,,,
,,,,,,,,,9.93135313531353e-07,15254,,,,,,,,,
50,,,,,,,,,,15254,0.06494052708148956,,,,,,,,
,,,,,,,,,9.928052805280528e-07,15259,,,,,,,,,
50,,,,,,,,,,15259,0.015383721329271793,,,,,,,,
,,,,,,,,,9.924752475247525e-07,15264,,,,,,,,,
50,,,,,,,,,,15264,0.024505656212568283,,,,,,,,
,,,,,,,,,9.92145214521452e-07,15269,,,,,,,,,
50,,,,,,,,,,15269,0.010216299444437027,,,,,,,,
,,,,,,,,,9.918151815181517e-07,15274,,,,,,,,,
50,,,,,,,,,,15274,0.004929015878587961,,,,,,,,
,,,,,,,,,9.914851485148515e-07,15279,,,,,,,,,
50,,,,,,,,,,15279,0.01288007665425539,,,,,,,,
,,,,,,,,,9.91155115511551e-07,15284,,,,,,,,,
50,,,,,,,,,,15284,0.007176488637924194,,,,,,,,
,,,,,,,,,9.908250825082507e-07,15289,,,,,,,,,
50,,,,,,,,,,15289,0.027248559519648552,,,,,,,,
,,,,,,,,,9.904950495049505e-07,15294,,,,,,,,,
50,,,,,,,,,,15294,0.024725019931793213,,,,,,,,
,,,,,,,,,9.9016501650165e-07,15299,,,,,,,,,
50,,,,,,,,,,15299,0.05617273971438408,,,,,,,,
,,,,,,,,,9.8983498349835e-07,15304,,,,,,,,,
50,,,,,,,,,,15304,0.01573128253221512,,,,,,,,
,,,,,,,,,9.895049504950494e-07,15309,,,,,,,,,
50,,,,,,,,,,15309,0.008387851528823376,,,,,,,,
,,,,,,,,,9.891749174917492e-07,15314,,,,,,,,,
50,,,,,,,,,,15314,0.02452237904071808,,,,,,,,
,,,,,,,,,9.88844884488449e-07,15319,,,,,,,,,
50,,,,,,,,,,15319,0.010755798779428005,,,,,,,,
,,,,,,,,,9.885148514851484e-07,15324,,,,,,,,,
50,,,,,,,,,,15324,0.009176813997328281,,,,,,,,
,,,,,,,,,9.881848184818481e-07,15329,,,,,,,,,
50,,,,,,,,,,15329,0.03356786072254181,,,,,,,,
,,,,,,,,,9.878547854785479e-07,15334,,,,,,,,,
50,,,,,,,,,,15334,0.00889037549495697,,,,,,,,
,,,,,,,,,9.875247524752474e-07,15339,,,,,,,,,
50,,,,,,,,,,15339,0.016679052263498306,,,,,,,,
,,,,,,,,,9.871947194719471e-07,15344,,,,,,,,,
50,,,,,,,,,,15344,0.018008248880505562,,,,,,,,
,,,,,,,,,9.868646864686469e-07,15349,,,,,,,,,
50,,,,,,,,,,15349,0.016093097627162933,,,,,,,,
,,,,,,,,,9.865346534653464e-07,15354,,,,,,,,,
50,,,,,,,,,,15354,0.005735405720770359,,,,,,,,
,,,,,,,,,9.86204620462046e-07,15359,,,,,,,,,
50,,,,,,,,,,15359,0.01980254426598549,,,,,,,,
,,,,,,,,,9.858745874587458e-07,15364,,,,,,,,,
50,,,,,,,,,,15364,0.024057118222117424,,,,,,,,
,,,,,,,,,9.855445544554456e-07,15369,,,,,,,,,
50,,,,,,,,,,15369,0.021612904965877533,,,,,,,,
,,,,,,,,,9.85214521452145e-07,15374,,,,,,,,,
50,,,,,,,,,,15374,0.021908311173319817,,,,,,,,
,,,,,,,,,9.848844884488448e-07,15379,,,,,,,,,
50,,,,,,,,,,15379,0.013955763541162014,,,,,,,,
,,,,,,,,,9.845544554455445e-07,15384,,,,,,,,,
50,,,,,,,,,,15384,0.01813260093331337,,,,,,,,
,,,,,,,,,9.84224422442244e-07,15389,,,,,,,,,
50,,,,,,,,,,15389,0.003944202326238155,,,,,,,,
,,,,,,,,,9.838943894389438e-07,15394,,,,,,,,,
50,,,,,,,,,,15394,0.047117672860622406,,,,,,,,
,,,,,,,,,9.835643564356435e-07,15399,,,,,,,,,
50,,,,,,,,,,15399,0.02019518055021763,,,,,,,,
,,,,,,,,,9.83234323432343e-07,15404,,,,,,,,,
50,,,,,,,,,,15404,0.02189079485833645,,,,,,,,
,,,,,,,,,9.82904290429043e-07,15409,,,,,,,,,
50,,,,,,,,,,15409,0.026649191975593567,,,,,,,,
,,,,,,,,,9.825742574257425e-07,15414,,,,,,,,,
50,,,,,,,,,,15414,0.002714225323870778,,,,,,,,
,,,,,,,,,9.822442244224422e-07,15419,,,,,,,,,
50,,,,,,,,,,15419,0.02687934786081314,,,,,,,,
,,,,,,,,,9.81914191419142e-07,15424,,,,,,,,,
50,,,,,,,,,,15424,0.03162761777639389,,,,,,,,
,,,,,,,,,9.815841584158415e-07,15429,,,,,,,,,
50,,,,,,,,,,15429,0.01825029030442238,,,,,,,,
,,,,,,,,,9.812541254125412e-07,15434,,,,,,,,,
50,,,,,,,,,,15434,0.01966698467731476,,,,,,,,
,,,,,,,,,9.80924092409241e-07,15439,,,,,,,,,
50,,,,,,,,,,15439,0.013500988483428955,,,,,,,,
,,,,,,,,,9.805940594059405e-07,15444,,,,,,,,,
50,,,,,,,,,,15444,0.01238764077425003,,,,,,,,
,,,,,,,,,9.802640264026402e-07,15449,,,,,,,,,
50,,,,,,,,,,15449,0.025907006114721298,,,,,,,,
50,,,,,,,,,,15452,,0.699999988079071,0.7473683953285217,0.07708393037319183,0.07708393037319183,0.45481133460998535,0.7099999785423279,0.7888888716697693,0.45006105303764343
,,,,,,,,,9.7993399339934e-07,15454,,,,,,,,,
51,,,,,,,,,,15454,0.02362973429262638,,,,,,,,
,,,,,,,,,9.796039603960394e-07,15459,,,,,,,,,
51,,,,,,,,,,15459,0.016847584396600723,,,,,,,,
,,,,,,,,,9.792739273927392e-07,15464,,,,,,,,,
51,,,,,,,,,,15464,0.023064009845256805,,,,,,,,
,,,,,,,,,9.78943894389439e-07,15469,,,,,,,,,
51,,,,,,,,,,15469,0.008944682776927948,,,,,,,,
,,,,,,,,,9.786138613861386e-07,15474,,,,,,,,,
51,,,,,,,,,,15474,0.03585537523031235,,,,,,,,
,,,,,,,,,9.782838283828384e-07,15479,,,,,,,,,
51,,,,,,,,,,15479,0.01061984896659851,,,,,,,,
,,,,,,,,,9.779537953795379e-07,15484,,,,,,,,,
51,,,,,,,,,,15484,0.020931130275130272,,,,,,,,
,,,,,,,,,9.776237623762376e-07,15489,,,,,,,,,
51,,,,,,,,,,15489,0.037590544670820236,,,,,,,,
,,,,,,,,,9.772937293729373e-07,15494,,,,,,,,,
51,,,,,,,,,,15494,0.03822353109717369,,,,,,,,
,,,,,,,,,9.769636963696369e-07,15499,,,,,,,,,
51,,,,,,,,,,15499,0.04016895964741707,,,,,,,,
,,,,,,,,,9.766336633663366e-07,15504,,,,,,,,,
51,,,,,,,,,,15504,0.007129392120987177,,,,,,,,
,,,,,,,,,9.763036303630363e-07,15509,,,,,,,,,
51,,,,,,,,,,15509,0.011282525025308132,,,,,,,,
,,,,,,,,,9.759735973597358e-07,15514,,,,,,,,,
51,,,,,,,,,,15514,0.03405473008751869,,,,,,,,
,,,,,,,,,9.756435643564356e-07,15519,,,,,,,,,
51,,,,,,,,,,15519,0.003420699154958129,,,,,,,,
,,,,,,,,,9.753135313531353e-07,15524,,,,,,,,,
51,,,,,,,,,,15524,0.018134919926524162,,,,,,,,
,,,,,,,,,9.74983498349835e-07,15529,,,,,,,,,
51,,,,,,,,,,15529,0.00941753014922142,,,,,,,,
,,,,,,,,,9.746534653465346e-07,15534,,,,,,,,,
51,,,,,,,,,,15534,0.09508487582206726,,,,,,,,
,,,,,,,,,9.743234323432343e-07,15539,,,,,,,,,
51,,,,,,,,,,15539,0.008383248001337051,,,,,,,,
,,,,,,,,,9.73993399339934e-07,15544,,,,,,,,,
51,,,,,,,,,,15544,0.029011044651269913,,,,,,,,
,,,,,,,,,9.736633663366335e-07,15549,,,,,,,,,
51,,,,,,,,,,15549,0.010769370943307877,,,,,,,,
,,,,,,,,,9.733333333333333e-07,15554,,,,,,,,,
51,,,,,,,,,,15554,0.01374521479010582,,,,,,,,
,,,,,,,,,9.73003300330033e-07,15559,,,,,,,,,
51,,,,,,,,,,15559,0.0034623821265995502,,,,,,,,
,,,,,,,,,9.726732673267325e-07,15564,,,,,,,,,
51,,,,,,,,,,15564,0.00932611245661974,,,,,,,,
,,,,,,,,,9.723432343234325e-07,15569,,,,,,,,,
51,,,,,,,,,,15569,0.010404247790575027,,,,,,,,
,,,,,,,,,9.72013201320132e-07,15574,,,,,,,,,
51,,,,,,,,,,15574,0.023116212338209152,,,,,,,,
,,,,,,,,,9.716831683168317e-07,15579,,,,,,,,,
51,,,,,,,,,,15579,0.009090867824852467,,,,,,,,
,,,,,,,,,9.713531353135314e-07,15584,,,,,,,,,
51,,,,,,,,,,15584,0.010101553983986378,,,,,,,,
,,,,,,,,,9.71023102310231e-07,15589,,,,,,,,,
51,,,,,,,,,,15589,0.03147762641310692,,,,,,,,
,,,,,,,,,9.706930693069307e-07,15594,,,,,,,,,
51,,,,,,,,,,15594,0.005198779050260782,,,,,,,,
,,,,,,,,,9.703630363036304e-07,15599,,,,,,,,,
51,,,,,,,,,,15599,0.04077782854437828,,,,,,,,
,,,,,,,,,9.7003300330033e-07,15604,,,,,,,,,
51,,,,,,,,,,15604,0.028028739616274834,,,,,,,,
,,,,,,,,,9.697029702970297e-07,15609,,,,,,,,,
51,,,,,,,,,,15609,0.01886281743645668,,,,,,,,
,,,,,,,,,9.693729372937294e-07,15614,,,,,,,,,
51,,,,,,,,,,15614,0.010933851823210716,,,,,,,,
,,,,,,,,,9.69042904290429e-07,15619,,,,,,,,,
51,,,,,,,,,,15619,0.009596170857548714,,,,,,,,
,,,,,,,,,9.687128712871286e-07,15624,,,,,,,,,
51,,,,,,,,,,15624,0.00620317691937089,,,,,,,,
,,,,,,,,,9.683828382838284e-07,15629,,,,,,,,,
51,,,,,,,,,,15629,0.0065495409071445465,,,,,,,,
,,,,,,,,,9.68052805280528e-07,15634,,,,,,,,,
51,,,,,,,,,,15634,0.015874352306127548,,,,,,,,
,,,,,,,,,9.677227722772276e-07,15639,,,,,,,,,
51,,,,,,,,,,15639,0.01892950013279915,,,,,,,,
,,,,,,,,,9.673927392739274e-07,15644,,,,,,,,,
51,,,,,,,,,,15644,0.012550764717161655,,,,,,,,
,,,,,,,,,9.67062706270627e-07,15649,,,,,,,,,
51,,,,,,,,,,15649,0.01829945482313633,,,,,,,,
,,,,,,,,,9.667326732673266e-07,15654,,,,,,,,,
51,,,,,,,,,,15654,0.013831951655447483,,,,,,,,
,,,,,,,,,9.664026402640263e-07,15659,,,,,,,,,
51,,,,,,,,,,15659,0.011165972799062729,,,,,,,,
,,,,,,,,,9.66072607260726e-07,15664,,,,,,,,,
51,,,,,,,,,,15664,0.010197808966040611,,,,,,,,
,,,,,,,,,9.657425742574256e-07,15669,,,,,,,,,
51,,,,,,,,,,15669,0.009258990176022053,,,,,,,,
,,,,,,,,,9.654125412541253e-07,15674,,,,,,,,,
51,,,,,,,,,,15674,0.04036279395222664,,,,,,,,
,,,,,,,,,9.65082508250825e-07,15679,,,,,,,,,
51,,,,,,,,,,15679,0.026095237582921982,,,,,,,,
,,,,,,,,,9.647524752475248e-07,15684,,,,,,,,,
51,,,,,,,,,,15684,0.004365985281765461,,,,,,,,
,,,,,,,,,9.644224422442245e-07,15689,,,,,,,,,
51,,,,,,,,,,15689,0.03522247448563576,,,,,,,,
,,,,,,,,,9.64092409240924e-07,15694,,,,,,,,,
51,,,,,,,,,,15694,0.01883656159043312,,,,,,,,
,,,,,,,,,9.637623762376237e-07,15699,,,,,,,,,
51,,,,,,,,,,15699,0.023770945146679878,,,,,,,,
,,,,,,,,,9.634323432343235e-07,15704,,,,,,,,,
51,,,,,,,,,,15704,0.03453120216727257,,,,,,,,
,,,,,,,,,9.63102310231023e-07,15709,,,,,,,,,
51,,,,,,,,,,15709,0.010452691465616226,,,,,,,,
,,,,,,,,,9.627722772277227e-07,15714,,,,,,,,,
51,,,,,,,,,,15714,0.011274627409875393,,,,,,,,
,,,,,,,,,9.624422442244225e-07,15719,,,,,,,,,
51,,,,,,,,,,15719,0.01804972253739834,,,,,,,,
,,,,,,,,,9.62112211221122e-07,15724,,,,,,,,,
51,,,,,,,,,,15724,0.011438615620136261,,,,,,,,
,,,,,,,,,9.617821782178217e-07,15729,,,,,,,,,
51,,,,,,,,,,15729,0.0159879382699728,,,,,,,,
,,,,,,,,,9.614521452145214e-07,15734,,,,,,,,,
51,,,,,,,,,,15734,0.011217429302632809,,,,,,,,
,,,,,,,,,9.611221122112212e-07,15739,,,,,,,,,
51,,,,,,,,,,15739,0.009261990897357464,,,,,,,,
,,,,,,,,,9.607920792079207e-07,15744,,,,,,,,,
51,,,,,,,,,,15744,0.006616621278226376,,,,,,,,
,,,,,,,,,9.604620462046204e-07,15749,,,,,,,,,
51,,,,,,,,,,15749,0.021023867651820183,,,,,,,,
,,,,,,,,,9.601320132013201e-07,15754,,,,,,,,,
51,,,,,,,,,,15754,0.005466980393975973,,,,,,,,
51,,,,,,,,,,15755,,0.6937500238418579,0.7379679083824158,0.07757019251585007,0.07757019251585007,0.43688246607780457,0.7113401889801025,0.7666666507720947,0.4336056411266327
,,,,,,,,,9.598019801980197e-07,15759,,,,,,,,,
52,,,,,,,,,,15759,0.006522511597722769,,,,,,,,
,,,,,,,,,9.594719471947194e-07,15764,,,,,,,,,
52,,,,,,,,,,15764,0.04663267731666565,,,,,,,,
,,,,,,,,,9.591419141914191e-07,15769,,,,,,,,,
52,,,,,,,,,,15769,0.017374714836478233,,,,,,,,
,,,,,,,,,9.588118811881186e-07,15774,,,,,,,,,
52,,,,,,,,,,15774,0.004353260155767202,,,,,,,,
,,,,,,,,,9.584818481848184e-07,15779,,,,,,,,,
52,,,,,,,,,,15779,0.010406888090074062,,,,,,,,
,,,,,,,,,9.581518151815181e-07,15784,,,,,,,,,
52,,,,,,,,,,15784,0.03457731753587723,,,,,,,,
,,,,,,,,,9.578217821782178e-07,15789,,,,,,,,,
52,,,,,,,,,,15789,0.005145087372511625,,,,,,,,
,,,,,,,,,9.574917491749176e-07,15794,,,,,,,,,
52,,,,,,,,,,15794,0.009264027699828148,,,,,,,,
,,,,,,,,,9.57161716171617e-07,15799,,,,,,,,,
52,,,,,,,,,,15799,0.00854560174047947,,,,,,,,
,,,,,,,,,9.568316831683168e-07,15804,,,,,,,,,
52,,,,,,,,,,15804,0.0028744605369865894,,,,,,,,
,,,,,,,,,9.565016501650165e-07,15809,,,,,,,,,
52,,,,,,,,,,15809,0.02683003805577755,,,,,,,,
,,,,,,,,,9.56171617161716e-07,15814,,,,,,,,,
52,,,,,,,,,,15814,0.0479138009250164,,,,,,,,
,,,,,,,,,9.558415841584158e-07,15819,,,,,,,,,
52,,,,,,,,,,15819,0.01346831489354372,,,,,,,,
,,,,,,,,,9.555115511551155e-07,15824,,,,,,,,,
52,,,,,,,,,,15824,0.04434606805443764,,,,,,,,
,,,,,,,,,9.55181518151815e-07,15829,,,,,,,,,
52,,,,,,,,,,15829,0.004991409834474325,,,,,,,,
,,,,,,,,,9.548514851485148e-07,15834,,,,,,,,,
52,,,,,,,,,,15834,0.016063323244452477,,,,,,,,
,,,,,,,,,9.545214521452145e-07,15839,,,,,,,,,
52,,,,,,,,,,15839,0.0024620231706649065,,,,,,,,
,,,,,,,,,9.541914191419142e-07,15844,,,,,,,,,
52,,,,,,,,,,15844,0.012945820577442646,,,,,,,,
,,,,,,,,,9.538613861386138e-07,15849,,,,,,,,,
52,,,,,,,,,,15849,0.03288663923740387,,,,,,,,
,,,,,,,,,9.535313531353135e-07,15854,,,,,,,,,
52,,,,,,,,,,15854,0.050142377614974976,,,,,,,,
,,,,,,,,,9.532013201320131e-07,15859,,,,,,,,,
52,,,,,,,,,,15859,0.01279149204492569,,,,,,,,
,,,,,,,,,9.528712871287127e-07,15864,,,,,,,,,
52,,,,,,,,,,15864,0.006276755128055811,,,,,,,,
,,,,,,,,,9.525412541254126e-07,15869,,,,,,,,,
52,,,,,,,,,,15869,0.007921739481389523,,,,,,,,
,,,,,,,,,9.522112211221122e-07,15874,,,,,,,,,
52,,,,,,,,,,15874,0.02091100998222828,,,,,,,,
,,,,,,,,,9.518811881188118e-07,15879,,,,,,,,,
52,,,,,,,,,,15879,0.030936971306800842,,,,,,,,
,,,,,,,,,9.515511551155116e-07,15884,,,,,,,,,
52,,,,,,,,,,15884,0.05071798339486122,,,,,,,,
,,,,,,,,,9.512211221122112e-07,15889,,,,,,,,,
52,,,,,,,,,,15889,0.0341673269867897,,,,,,,,
,,,,,,,,,9.508910891089108e-07,15894,,,,,,,,,
52,,,,,,,,,,15894,0.0188277754932642,,,,,,,,
,,,,,,,,,9.505610561056105e-07,15899,,,,,,,,,
52,,,,,,,,,,15899,0.020291198045015335,,,,,,,,
,,,,,,,,,9.502310231023102e-07,15904,,,,,,,,,
52,,,,,,,,,,15904,0.020577220246195793,,,,,,,,
,,,,,,,,,9.499009900990098e-07,15909,,,,,,,,,
52,,,,,,,,,,15909,0.009816260077059269,,,,,,,,
,,,,,,,,,9.495709570957095e-07,15914,,,,,,,,,
52,,,,,,,,,,15914,0.028295041993260384,,,,,,,,
,,,,,,,,,9.492409240924092e-07,15919,,,,,,,,,
52,,,,,,,,,,15919,0.0110550532117486,,,,,,,,
,,,,,,,,,9.489108910891089e-07,15924,,,,,,,,,
52,,,,,,,,,,15924,0.009760983288288116,,,,,,,,
,,,,,,,,,9.485808580858086e-07,15929,,,,,,,,,
52,,,,,,,,,,15929,0.020231034606695175,,,,,,,,
,,,,,,,,,9.482508250825082e-07,15934,,,,,,,,,
52,,,,,,,,,,15934,0.0034869336523115635,,,,,,,,
,,,,,,,,,9.479207920792078e-07,15939,,,,,,,,,
52,,,,,,,,,,15939,0.02664138376712799,,,,,,,,
,,,,,,,,,9.475907590759076e-07,15944,,,,,,,,,
52,,,,,,,,,,15944,0.06279539316892624,,,,,,,,
,,,,,,,,,9.472607260726072e-07,15949,,,,,,,,,
52,,,,,,,,,,15949,0.02130906656384468,,,,,,,,
,,,,,,,,,9.469306930693068e-07,15954,,,,,,,,,
52,,,,,,,,,,15954,0.02707035280764103,,,,,,,,
,,,,,,,,,9.466006600660066e-07,15959,,,,,,,,,
52,,,,,,,,,,15959,0.02244926057755947,,,,,,,,
,,,,,,,,,9.462706270627062e-07,15964,,,,,,,,,
52,,,,,,,,,,15964,0.019416654482483864,,,,,,,,
,,,,,,,,,9.459405940594058e-07,15969,,,,,,,,,
52,,,,,,,,,,15969,0.007744724862277508,,,,,,,,
,,,,,,,,,9.456105610561056e-07,15974,,,,,,,,,
52,,,,,,,,,,15974,0.02100411430001259,,,,,,,,
,,,,,,,,,9.452805280528053e-07,15979,,,,,,,,,
52,,,,,,,,,,15979,0.009122880175709724,,,,,,,,
,,,,,,,,,9.449504950495049e-07,15984,,,,,,,,,
52,,,,,,,,,,15984,0.0069899591617286205,,,,,,,,
,,,,,,,,,9.446204620462046e-07,15989,,,,,,,,,
52,,,,,,,,,,15989,0.010430659167468548,,,,,,,,
,,,,,,,,,9.442904290429042e-07,15994,,,,,,,,,
52,,,,,,,,,,15994,0.0032309959642589092,,,,,,,,
,,,,,,,,,9.439603960396039e-07,15999,,,,,,,,,
52,,,,,,,,,,15999,0.014150912873446941,,,,,,,,
,,,,,,,,,9.436303630363036e-07,16004,,,,,,,,,
52,,,,,,,,,,16004,0.021226486191153526,,,,,,,,
,,,,,,,,,9.433003300330032e-07,16009,,,,,,,,,
52,,,,,,,,,,16009,0.00946134701371193,,,,,,,,
,,,,,,,,,9.429702970297028e-07,16014,,,,,,,,,
52,,,,,,,,,,16014,0.021004177629947662,,,,,,,,
,,,,,,,,,9.426402640264026e-07,16019,,,,,,,,,
52,,,,,,,,,,16019,0.013003830797970295,,,,,,,,
,,,,,,,,,9.423102310231022e-07,16024,,,,,,,,,
52,,,,,,,,,,16024,0.005203796084970236,,,,,,,,
,,,,,,,,,9.419801980198019e-07,16029,,,,,,,,,
52,,,,,,,,,,16029,0.00977106299251318,,,,,,,,
,,,,,,,,,9.416501650165017e-07,16034,,,,,,,,,
52,,,,,,,,,,16034,0.05548252537846565,,,,,,,,
,,,,,,,,,9.413201320132013e-07,16039,,,,,,,,,
52,,,,,,,,,,16039,0.008909429423511028,,,,,,,,
,,,,,,,,,9.409900990099009e-07,16044,,,,,,,,,
52,,,,,,,,,,16044,0.012549630366265774,,,,,,,,
,,,,,,,,,9.406600660066006e-07,16049,,,,,,,,,
52,,,,,,,,,,16049,0.031162766739726067,,,,,,,,
,,,,,,,,,9.403300330033003e-07,16054,,,,,,,,,
52,,,,,,,,,,16054,0.007022928912192583,,,,,,,,
52,,,,,,,,,,16058,,0.6875,0.72826087474823,0.07930289208889008,0.07930289208889008,0.43727537989616394,0.7127659320831299,0.7444444298744202,0.43953371047973633
,,,,,,,,,9.399999999999999e-07,16059,,,,,,,,,
53,,,,,,,,,,16059,0.009383603930473328,,,,,,,,
,,,,,,,,,9.396699669966996e-07,16064,,,,,,,,,
53,,,,,,,,,,16064,0.007170107681304216,,,,,,,,
,,,,,,,,,9.393399339933992e-07,16069,,,,,,,,,
53,,,,,,,,,,16069,0.009350266307592392,,,,,,,,
,,,,,,,,,9.390099009900989e-07,16074,,,,,,,,,
53,,,,,,,,,,16074,0.011061313562095165,,,,,,,,
,,,,,,,,,9.386798679867987e-07,16079,,,,,,,,,
53,,,,,,,,,,16079,0.030375204980373383,,,,,,,,
,,,,,,,,,9.383498349834983e-07,16084,,,,,,,,,
53,,,,,,,,,,16084,0.013974304310977459,,,,,,,,
,,,,,,,,,9.38019801980198e-07,16089,,,,,,,,,
53,,,,,,,,,,16089,0.011716830544173717,,,,,,,,
,,,,,,,,,9.376897689768977e-07,16094,,,,,,,,,
53,,,,,,,,,,16094,0.01610584929585457,,,,,,,,
,,,,,,,,,9.373597359735973e-07,16099,,,,,,,,,
53,,,,,,,,,,16099,0.013125814497470856,,,,,,,,
,,,,,,,,,9.37029702970297e-07,16104,,,,,,,,,
53,,,,,,,,,,16104,0.011890544556081295,,,,,,,,
,,,,,,,,,9.366996699669967e-07,16109,,,,,,,,,
53,,,,,,,,,,16109,0.07965412735939026,,,,,,,,
,,,,,,,,,9.363696369636963e-07,16114,,,,,,,,,
53,,,,,,,,,,16114,0.007166622206568718,,,,,,,,
,,,,,,,,,9.36039603960396e-07,16119,,,,,,,,,
53,,,,,,,,,,16119,0.023318689316511154,,,,,,,,
,,,,,,,,,9.357095709570956e-07,16124,,,,,,,,,
53,,,,,,,,,,16124,0.01809564419090748,,,,,,,,
,,,,,,,,,9.353795379537953e-07,16129,,,,,,,,,
53,,,,,,,,,,16129,0.005235783290117979,,,,,,,,
,,,,,,,,,9.350495049504951e-07,16134,,,,,,,,,
53,,,,,,,,,,16134,0.011551621370017529,,,,,,,,
,,,,,,,,,9.347194719471947e-07,16139,,,,,,,,,
53,,,,,,,,,,16139,0.004896695259958506,,,,,,,,
,,,,,,,,,9.343894389438944e-07,16144,,,,,,,,,
53,,,,,,,,,,16144,0.03360166400671005,,,,,,,,
,,,,,,,,,9.340594059405941e-07,16149,,,,,,,,,
53,,,,,,,,,,16149,0.014344897121191025,,,,,,,,
,,,,,,,,,9.337293729372937e-07,16154,,,,,,,,,
53,,,,,,,,,,16154,0.005687761586159468,,,,,,,,
,,,,,,,,,9.333993399339933e-07,16159,,,,,,,,,
53,,,,,,,,,,16159,0.00426171300932765,,,,,,,,
,,,,,,,,,9.330693069306931e-07,16164,,,,,,,,,
53,,,,,,,,,,16164,0.011714025400578976,,,,,,,,
,,,,,,,,,9.327392739273927e-07,16169,,,,,,,,,
53,,,,,,,,,,16169,0.009300253354012966,,,,,,,,
,,,,,,,,,9.324092409240923e-07,16174,,,,,,,,,
53,,,,,,,,,,16174,0.02751772291958332,,,,,,,,
,,,,,,,,,9.32079207920792e-07,16179,,,,,,,,,
53,,,,,,,,,,16179,0.006722210440784693,,,,,,,,
,,,,,,,,,9.317491749174917e-07,16184,,,,,,,,,
53,,,,,,,,,,16184,0.025919683277606964,,,,,,,,
,,,,,,,,,9.314191419141914e-07,16189,,,,,,,,,
53,,,,,,,,,,16189,0.013684953562915325,,,,,,,,
,,,,,,,,,9.310891089108911e-07,16194,,,,,,,,,
53,,,,,,,,,,16194,0.01707204431295395,,,,,,,,
,,,,,,,,,9.307590759075908e-07,16199,,,,,,,,,
53,,,,,,,,,,16199,0.02772832289338112,,,,,,,,
,,,,,,,,,9.304290429042904e-07,16204,,,,,,,,,
53,,,,,,,,,,16204,0.02096441574394703,,,,,,,,
,,,,,,,,,9.300990099009901e-07,16209,,,,,,,,,
53,,,,,,,,,,16209,0.02222752757370472,,,,,,,,
,,,,,,,,,9.297689768976897e-07,16214,,,,,,,,,
53,,,,,,,,,,16214,0.025252848863601685,,,,,,,,
,,,,,,,,,9.294389438943894e-07,16219,,,,,,,,,
53,,,,,,,,,,16219,0.01340270321816206,,,,,,,,
,,,,,,,,,9.291089108910891e-07,16224,,,,,,,,,
53,,,,,,,,,,16224,0.014007806777954102,,,,,,,,
,,,,,,,,,9.287788778877887e-07,16229,,,,,,,,,
53,,,,,,,,,,16229,0.011503949761390686,,,,,,,,
,,,,,,,,,9.284488448844883e-07,16234,,,,,,,,,
53,,,,,,,,,,16234,0.008615635335445404,,,,,,,,
,,,,,,,,,9.281188118811881e-07,16239,,,,,,,,,
53,,,,,,,,,,16239,0.010695873759686947,,,,,,,,
,,,,,,,,,9.277887788778878e-07,16244,,,,,,,,,
53,,,,,,,,,,16244,0.0035500347148627043,,,,,,,,
,,,,,,,,,9.274587458745874e-07,16249,,,,,,,,,
53,,,,,,,,,,16249,0.015021411702036858,,,,,,,,
,,,,,,,,,9.271287128712872e-07,16254,,,,,,,,,
53,,,,,,,,,,16254,0.004318714141845703,,,,,,,,
,,,,,,,,,9.267986798679868e-07,16259,,,,,,,,,
53,,,,,,,,,,16259,0.04027780145406723,,,,,,,,
,,,,,,,,,9.264686468646864e-07,16264,,,,,,,,,
53,,,,,,,,,,16264,0.019428525120019913,,,,,,,,
,,,,,,,,,9.261386138613861e-07,16269,,,,,,,,,
53,,,,,,,,,,16269,0.02305103838443756,,,,,,,,
,,,,,,,,,9.258085808580858e-07,16274,,,,,,,,,
53,,,,,,,,,,16274,0.022844098508358,,,,,,,,
,,,,,,,,,9.254785478547854e-07,16279,,,,,,,,,
53,,,,,,,,,,16279,0.013848763890564442,,,,,,,,
,,,,,,,,,9.251485148514851e-07,16284,,,,,,,,,
53,,,,,,,,,,16284,0.024613942950963974,,,,,,,,
,,,,,,,,,9.248184818481847e-07,16289,,,,,,,,,
53,,,,,,,,,,16289,0.05883868411183357,,,,,,,,
,,,,,,,,,9.244884488448844e-07,16294,,,,,,,,,
53,,,,,,,,,,16294,0.015076851472258568,,,,,,,,
,,,,,,,,,9.241584158415842e-07,16299,,,,,,,,,
53,,,,,,,,,,16299,0.018928147852420807,,,,,,,,
,,,,,,,,,9.238283828382838e-07,16304,,,,,,,,,
53,,,,,,,,,,16304,0.017964741215109825,,,,,,,,
,,,,,,,,,9.234983498349835e-07,16309,,,,,,,,,
53,,,,,,,,,,16309,0.010674727149307728,,,,,,,,
,,,,,,,,,9.231683168316832e-07,16314,,,,,,,,,
53,,,,,,,,,,16314,0.011942261829972267,,,,,,,,
,,,,,,,,,9.228382838283828e-07,16319,,,,,,,,,
53,,,,,,,,,,16319,0.016137592494487762,,,,,,,,
,,,,,,,,,9.225082508250824e-07,16324,,,,,,,,,
53,,,,,,,,,,16324,0.013298151083290577,,,,,,,,
,,,,,,,,,9.221782178217822e-07,16329,,,,,,,,,
53,,,,,,,,,,16329,0.0347207747399807,,,,,,,,
,,,,,,,,,9.218481848184818e-07,16334,,,,,,,,,
53,,,,,,,,,,16334,0.02043977379798889,,,,,,,,
,,,,,,,,,9.215181518151814e-07,16339,,,,,,,,,
53,,,,,,,,,,16339,0.03605005145072937,,,,,,,,
,,,,,,,,,9.211881188118811e-07,16344,,,,,,,,,
53,,,,,,,,,,16344,0.03725944459438324,,,,,,,,
,,,,,,,,,9.208580858085809e-07,16349,,,,,,,,,
53,,,,,,,,,,16349,0.007551509886980057,,,,,,,,
,,,,,,,,,9.205280528052805e-07,16354,,,,,,,,,
53,,,,,,,,,,16354,0.01364162564277649,,,,,,,,
,,,,,,,,,9.201980198019802e-07,16359,,,,,,,,,
53,,,,,,,,,,16359,0.006527800112962723,,,,,,,,
53,,,,,,,,,,16361,,0.6875,0.72826087474823,0.07901661843061447,0.07901661843061447,0.4342815577983856,0.7127659320831299,0.7444444298744202,0.4345017671585083
,,,,,,,,,9.198679867986799e-07,16364,,,,,,,,,
54,,,,,,,,,,16364,0.02626204863190651,,,,,,,,
,,,,,,,,,9.195379537953795e-07,16369,,,,,,,,,
54,,,,,,,,,,16369,0.007779751904308796,,,,,,,,
,,,,,,,,,9.192079207920792e-07,16374,,,,,,,,,
54,,,,,,,,,,16374,0.010011639446020126,,,,,,,,
,,,,,,,,,9.188778877887788e-07,16379,,,,,,,,,
54,,,,,,,,,,16379,0.01281353272497654,,,,,,,,
,,,,,,,,,9.185478547854785e-07,16384,,,,,,,,,
54,,,,,,,,,,16384,0.017542334273457527,,,,,,,,
,,,,,,,,,9.182178217821782e-07,16389,,,,,,,,,
54,,,,,,,,,,16389,0.013307789340615273,,,,,,,,
,,,,,,,,,9.178877887788778e-07,16394,,,,,,,,,
54,,,,,,,,,,16394,0.03581198677420616,,,,,,,,
,,,,,,,,,9.175577557755774e-07,16399,,,,,,,,,
54,,,,,,,,,,16399,0.034265026450157166,,,,,,,,
,,,,,,,,,9.172277227722773e-07,16404,,,,,,,,,
54,,,,,,,,,,16404,0.029134634882211685,,,,,,,,
,,,,,,,,,9.168976897689769e-07,16409,,,,,,,,,
54,,,,,,,,,,16409,0.010145838372409344,,,,,,,,
,,,,,,,,,9.165676567656765e-07,16414,,,,,,,,,
54,,,,,,,,,,16414,0.007270514965057373,,,,,,,,
,,,,,,,,,9.162376237623763e-07,16419,,,,,,,,,
54,,,,,,,,,,16419,0.0144233712926507,,,,,,,,
,,,,,,,,,9.159075907590759e-07,16424,,,,,,,,,
54,,,,,,,,,,16424,0.03879285603761673,,,,,,,,
,,,,,,,,,9.155775577557755e-07,16429,,,,,,,,,
54,,,,,,,,,,16429,0.04595526307821274,,,,,,,,
,,,,,,,,,9.152475247524752e-07,16434,,,,,,,,,
54,,,,,,,,,,16434,0.011565813794732094,,,,,,,,
,,,,,,,,,9.149174917491749e-07,16439,,,,,,,,,
54,,,,,,,,,,16439,0.012544885277748108,,,,,,,,
,,,,,,,,,9.145874587458745e-07,16444,,,,,,,,,
54,,,,,,,,,,16444,0.023045461624860764,,,,,,,,
,,,,,,,,,9.142574257425742e-07,16449,,,,,,,,,
54,,,,,,,,,,16449,0.018544770777225494,,,,,,,,
,,,,,,,,,9.139273927392738e-07,16454,,,,,,,,,
54,,,,,,,,,,16454,0.013859972357749939,,,,,,,,
,,,,,,,,,9.135973597359736e-07,16459,,,,,,,,,
54,,,,,,,,,,16459,0.013686972670257092,,,,,,,,
,,,,,,,,,9.132673267326733e-07,16464,,,,,,,,,
54,,,,,,,,,,16464,0.024765620008111,,,,,,,,
,,,,,,,,,9.129372937293729e-07,16469,,,,,,,,,
54,,,,,,,,,,16469,0.013286063447594643,,,,,,,,
,,,,,,,,,9.126072607260725e-07,16474,,,,,,,,,
54,,,,,,,,,,16474,0.014350741170346737,,,,,,,,
,,,,,,,,,9.122772277227723e-07,16479,,,,,,,,,
54,,,,,,,,,,16479,0.027986060827970505,,,,,,,,
,,,,,,,,,9.119471947194719e-07,16484,,,,,,,,,
54,,,,,,,,,,16484,0.0163163710385561,,,,,,,,
,,,,,,,,,9.116171617161715e-07,16489,,,,,,,,,
54,,,,,,,,,,16489,0.01321246474981308,,,,,,,,
,,,,,,,,,9.112871287128713e-07,16494,,,,,,,,,
54,,,,,,,,,,16494,0.015493245795369148,,,,,,,,
,,,,,,,,,9.109570957095709e-07,16499,,,,,,,,,
54,,,,,,,,,,16499,0.01948985457420349,,,,,,,,
,,,,,,,,,9.106270627062705e-07,16504,,,,,,,,,
54,,,,,,,,,,16504,0.014325887896120548,,,,,,,,
,,,,,,,,,9.102970297029703e-07,16509,,,,,,,,,
54,,,,,,,,,,16509,0.015954380854964256,,,,,,,,
,,,,,,,,,9.0996699669967e-07,16514,,,,,,,,,
54,,,,,,,,,,16514,0.026777705177664757,,,,,,,,
,,,,,,,,,9.096369636963696e-07,16519,,,,,,,,,
54,,,,,,,,,,16519,0.034739769995212555,,,,,,,,
,,,,,,,,,9.093069306930693e-07,16524,,,,,,,,,
54,,,,,,,,,,16524,0.028254065662622452,,,,,,,,
,,,,,,,,,9.089768976897689e-07,16529,,,,,,,,,
54,,,,,,,,,,16529,0.032643530517816544,,,,,,,,
,,,,,,,,,9.086468646864686e-07,16534,,,,,,,,,
54,,,,,,,,,,16534,0.005620822310447693,,,,,,,,
,,,,,,,,,9.083168316831683e-07,16539,,,,,,,,,
54,,,,,,,,,,16539,0.010266623459756374,,,,,,,,
,,,,,,,,,9.079867986798679e-07,16544,,,,,,,,,
54,,,,,,,,,,16544,0.03276380896568298,,,,,,,,
,,,,,,,,,9.076567656765675e-07,16549,,,,,,,,,
54,,,,,,,,,,16549,0.005361075047403574,,,,,,,,
,,,,,,,,,9.073267326732673e-07,16554,,,,,,,,,
54,,,,,,,,,,16554,0.006840623915195465,,,,,,,,
,,,,,,,,,9.069966996699669e-07,16559,,,,,,,,,
54,,,,,,,,,,16559,0.022863393649458885,,,,,,,,
,,,,,,,,,9.066666666666665e-07,16564,,,,,,,,,
54,,,,,,,,,,16564,0.0288420170545578,,,,,,,,
,,,,,,,,,9.063366336633664e-07,16569,,,,,,,,,
54,,,,,,,,,,16569,0.005068166181445122,,,,,,,,
,,,,,,,,,9.06006600660066e-07,16574,,,,,,,,,
54,,,,,,,,,,16574,0.02345246635377407,,,,,,,,
,,,,,,,,,9.056765676567656e-07,16579,,,,,,,,,
54,,,,,,,,,,16579,0.021423356607556343,,,,,,,,
,,,,,,,,,9.053465346534653e-07,16584,,,,,,,,,
54,,,,,,,,,,16584,0.0027944371104240417,,,,,,,,
,,,,,,,,,9.05016501650165e-07,16589,,,,,,,,,
54,,,,,,,,,,16589,0.004532888997346163,,,,,,,,
,,,,,,,,,9.046864686468646e-07,16594,,,,,,,,,
54,,,,,,,,,,16594,0.016486747190356255,,,,,,,,
,,,,,,,,,9.043564356435643e-07,16599,,,,,,,,,
54,,,,,,,,,,16599,0.024754300713539124,,,,,,,,
,,,,,,,,,9.040264026402639e-07,16604,,,,,,,,,
54,,,,,,,,,,16604,0.019130593165755272,,,,,,,,
,,,,,,,,,9.036963696369636e-07,16609,,,,,,,,,
54,,,,,,,,,,16609,0.043952759355306625,,,,,,,,
,,,,,,,,,9.033663366336633e-07,16614,,,,,,,,,
54,,,,,,,,,,16614,0.01672123186290264,,,,,,,,
,,,,,,,,,9.03036303630363e-07,16619,,,,,,,,,
54,,,,,,,,,,16619,0.027385834604501724,,,,,,,,
,,,,,,,,,9.027062706270627e-07,16624,,,,,,,,,
54,,,,,,,,,,16624,0.011423347517848015,,,,,,,,
,,,,,,,,,9.023762376237624e-07,16629,,,,,,,,,
54,,,,,,,,,,16629,0.013287078589200974,,,,,,,,
,,,,,,,,,9.02046204620462e-07,16634,,,,,,,,,
54,,,,,,,,,,16634,0.018175534904003143,,,,,,,,
,,,,,,,,,9.017161716171616e-07,16639,,,,,,,,,
54,,,,,,,,,,16639,0.031175773590803146,,,,,,,,
,,,,,,,,,9.013861386138614e-07,16644,,,,,,,,,
54,,,,,,,,,,16644,0.03383645415306091,,,,,,,,
,,,,,,,,,9.01056105610561e-07,16649,,,,,,,,,
54,,,,,,,,,,16649,0.015426727943122387,,,,,,,,
,,,,,,,,,9.007260726072606e-07,16654,,,,,,,,,
54,,,,,,,,,,16654,0.016235269606113434,,,,,,,,
,,,,,,,,,9.003960396039603e-07,16659,,,,,,,,,
54,,,,,,,,,,16659,0.02695147879421711,,,,,,,,
,,,,,,,,,9.0006600660066e-07,16664,,,,,,,,,
54,,,,,,,,,,16664,0.03819092735648155,,,,,,,,
54,,,,,,,,,,16664,,0.706250011920929,0.7431694269180298,0.07904677093029022,0.07904677093029022,0.4462398588657379,0.7311828136444092,0.7555555701255798,0.44653236865997314
,,,,,,,,,8.997359735973596e-07,16669,,,,,,,,,
55,,,,,,,,,,16669,0.010738330893218517,,,,,,,,
,,,,,,,,,8.994059405940594e-07,16674,,,,,,,,,
55,,,,,,,,,,16674,0.04070331156253815,,,,,,,,
,,,,,,,,,8.990759075907591e-07,16679,,,,,,,,,
55,,,,,,,,,,16679,0.011082861572504044,,,,,,,,
,,,,,,,,,8.987458745874587e-07,16684,,,,,,,,,
55,,,,,,,,,,16684,0.015931595116853714,,,,,,,,
,,,,,,,,,8.984158415841584e-07,16689,,,,,,,,,
55,,,,,,,,,,16689,0.02756529115140438,,,,,,,,
,,,,,,,,,8.98085808580858e-07,16694,,,,,,,,,
55,,,,,,,,,,16694,0.017474347725510597,,,,,,,,
,,,,,,,,,8.977557755775577e-07,16699,,,,,,,,,
55,,,,,,,,,,16699,0.005698612425476313,,,,,,,,
,,,,,,,,,8.974257425742574e-07,16704,,,,,,,,,
55,,,,,,,,,,16704,0.005903037264943123,,,,,,,,
,,,,,,,,,8.97095709570957e-07,16709,,,,,,,,,
55,,,,,,,,,,16709,0.021516526117920876,,,,,,,,
,,,,,,,,,8.967656765676566e-07,16714,,,,,,,,,
55,,,,,,,,,,16714,0.013221661560237408,,,,,,,,
,,,,,,,,,8.964356435643564e-07,16719,,,,,,,,,
55,,,,,,,,,,16719,0.026839815080165863,,,,,,,,
,,,,,,,,,8.96105610561056e-07,16724,,,,,,,,,
55,,,,,,,,,,16724,0.024584485217928886,,,,,,,,
,,,,,,,,,8.957755775577558e-07,16729,,,,,,,,,
55,,,,,,,,,,16729,0.02904355339705944,,,,,,,,
,,,,,,,,,8.954455445544555e-07,16734,,,,,,,,,
55,,,,,,,,,,16734,0.011807676404714584,,,,,,,,
,,,,,,,,,8.951155115511551e-07,16739,,,,,,,,,
55,,,,,,,,,,16739,0.0379580557346344,,,,,,,,
,,,,,,,,,8.947854785478548e-07,16744,,,,,,,,,
55,,,,,,,,,,16744,0.025206906720995903,,,,,,,,
,,,,,,,,,8.944554455445544e-07,16749,,,,,,,,,
55,,,,,,,,,,16749,0.008963325060904026,,,,,,,,
,,,,,,,,,8.941254125412541e-07,16754,,,,,,,,,
55,,,,,,,,,,16754,0.007906709797680378,,,,,,,,
,,,,,,,,,8.937953795379538e-07,16759,,,,,,,,,
55,,,,,,,,,,16759,0.003752581775188446,,,,,,,,
,,,,,,,,,8.934653465346534e-07,16764,,,,,,,,,
55,,,,,,,,,,16764,0.015943393111228943,,,,,,,,
,,,,,,,,,8.93135313531353e-07,16769,,,,,,,,,
55,,,,,,,,,,16769,0.014383303001523018,,,,,,,,
,,,,,,,,,8.928052805280528e-07,16774,,,,,,,,,
55,,,,,,,,,,16774,0.01244684774428606,,,,,,,,
,,,,,,,,,8.924752475247525e-07,16779,,,,,,,,,
55,,,,,,,,,,16779,0.006907792761921883,,,,,,,,
,,,,,,,,,8.921452145214521e-07,16784,,,,,,,,,
55,,,,,,,,,,16784,0.005974992178380489,,,,,,,,
,,,,,,,,,8.918151815181519e-07,16789,,,,,,,,,
55,,,,,,,,,,16789,0.014140862040221691,,,,,,,,
,,,,,,,,,8.914851485148515e-07,16794,,,,,,,,,
55,,,,,,,,,,16794,0.009496261365711689,,,,,,,,
,,,,,,,,,8.911551155115511e-07,16799,,,,,,,,,
55,,,,,,,,,,16799,0.004587462171912193,,,,,,,,
,,,,,,,,,8.908250825082508e-07,16804,,,,,,,,,
55,,,,,,,,,,16804,0.005796787329018116,,,,,,,,
,,,,,,,,,8.904950495049505e-07,16809,,,,,,,,,
55,,,,,,,,,,16809,0.03991914913058281,,,,,,,,
,,,,,,,,,8.901650165016501e-07,16814,,,,,,,,,
55,,,,,,,,,,16814,0.009644532576203346,,,,,,,,
,,,,,,,,,8.898349834983498e-07,16819,,,,,,,,,
55,,,,,,,,,,16819,0.023624662309885025,,,,,,,,
,,,,,,,,,8.895049504950494e-07,16824,,,,,,,,,
55,,,,,,,,,,16824,0.014105650596320629,,,,,,,,
,,,,,,,,,8.891749174917491e-07,16829,,,,,,,,,
55,,,,,,,,,,16829,0.010444309562444687,,,,,,,,
,,,,,,,,,8.888448844884489e-07,16834,,,,,,,,,
55,,,,,,,,,,16834,0.010438469238579273,,,,,,,,
,,,,,,,,,8.885148514851485e-07,16839,,,,,,,,,
55,,,,,,,,,,16839,0.013897300697863102,,,,,,,,
,,,,,,,,,8.881848184818481e-07,16844,,,,,,,,,
55,,,,,,,,,,16844,0.014238542877137661,,,,,,,,
,,,,,,,,,8.878547854785479e-07,16849,,,,,,,,,
55,,,,,,,,,,16849,0.015562957152724266,,,,,,,,
,,,,,,,,,8.875247524752475e-07,16854,,,,,,,,,
55,,,,,,,,,,16854,0.007301526144146919,,,,,,,,
,,,,,,,,,8.871947194719471e-07,16859,,,,,,,,,
55,,,,,,,,,,16859,0.021221226081252098,,,,,,,,
,,,,,,,,,8.868646864686469e-07,16864,,,,,,,,,
55,,,,,,,,,,16864,0.06369450688362122,,,,,,,,
,,,,,,,,,8.865346534653465e-07,16869,,,,,,,,,
55,,,,,,,,,,16869,0.014472243376076221,,,,,,,,
,,,,,,,,,8.862046204620461e-07,16874,,,,,,,,,
55,,,,,,,,,,16874,0.005048970691859722,,,,,,,,
,,,,,,,,,8.858745874587458e-07,16879,,,,,,,,,
55,,,,,,,,,,16879,0.030214611440896988,,,,,,,,
,,,,,,,,,8.855445544554455e-07,16884,,,,,,,,,
55,,,,,,,,,,16884,0.026570802554488182,,,,,,,,
,,,,,,,,,8.852145214521452e-07,16889,,,,,,,,,
55,,,,,,,,,,16889,0.010840552859008312,,,,,,,,
,,,,,,,,,8.848844884488449e-07,16894,,,,,,,,,
55,,,,,,,,,,16894,0.04269595071673393,,,,,,,,
,,,,,,,,,8.845544554455445e-07,16899,,,,,,,,,
55,,,,,,,,,,16899,0.009193905629217625,,,,,,,,
,,,,,,,,,8.842244224422442e-07,16904,,,,,,,,,
55,,,,,,,,,,16904,0.010099312290549278,,,,,,,,
,,,,,,,,,8.838943894389439e-07,16909,,,,,,,,,
55,,,,,,,,,,16909,0.01969078555703163,,,,,,,,
,,,,,,,,,8.835643564356435e-07,16914,,,,,,,,,
55,,,,,,,,,,16914,0.016326038166880608,,,,,,,,
,,,,,,,,,8.832343234323432e-07,16919,,,,,,,,,
55,,,,,,,,,,16919,0.01489317137748003,,,,,,,,
,,,,,,,,,8.829042904290429e-07,16924,,,,,,,,,
55,,,,,,,,,,16924,0.003871230175718665,,,,,,,,
,,,,,,,,,8.825742574257425e-07,16929,,,,,,,,,
55,,,,,,,,,,16929,0.023794354870915413,,,,,,,,
,,,,,,,,,8.822442244224421e-07,16934,,,,,,,,,
55,,,,,,,,,,16934,0.045670635998249054,,,,,,,,
,,,,,,,,,8.81914191419142e-07,16939,,,,,,,,,
55,,,,,,,,,,16939,0.021658122539520264,,,,,,,,
,,,,,,,,,8.815841584158416e-07,16944,,,,,,,,,
55,,,,,,,,,,16944,0.01819908618927002,,,,,,,,
,,,,,,,,,8.812541254125412e-07,16949,,,,,,,,,
55,,,,,,,,,,16949,0.006419407203793526,,,,,,,,
,,,,,,,,,8.80924092409241e-07,16954,,,,,,,,,
55,,,,,,,,,,16954,0.02108624577522278,,,,,,,,
,,,,,,,,,8.805940594059406e-07,16959,,,,,,,,,
55,,,,,,,,,,16959,0.013088859617710114,,,,,,,,
,,,,,,,,,8.802640264026402e-07,16964,,,,,,,,,
55,,,,,,,,,,16964,0.03717178851366043,,,,,,,,
55,,,,,,,,,,16967,,0.6937500238418579,0.7322404384613037,0.07824260741472244,0.07824260741472244,0.44401901960372925,0.7204301357269287,0.7444444298744202,0.4374672472476959
,,,,,,,,,8.799339933993399e-07,16969,,,,,,,,,
56,,,,,,,,,,16969,0.017642933875322342,,,,,,,,
,,,,,,,,,8.796039603960396e-07,16974,,,,,,,,,
56,,,,,,,,,,16974,0.015640027821063995,,,,,,,,
,,,,,,,,,8.792739273927392e-07,16979,,,,,,,,,
56,,,,,,,,,,16979,0.01074923574924469,,,,,,,,
,,,,,,,,,8.789438943894389e-07,16984,,,,,,,,,
56,,,,,,,,,,16984,0.009434917941689491,,,,,,,,
,,,,,,,,,8.786138613861385e-07,16989,,,,,,,,,
56,,,,,,,,,,16989,0.006919114384800196,,,,,,,,
,,,,,,,,,8.782838283828383e-07,16994,,,,,,,,,
56,,,,,,,,,,16994,0.013162285089492798,,,,,,,,
,,,,,,,,,8.77953795379538e-07,16999,,,,,,,,,
56,,,,,,,,,,16999,0.009585375897586346,,,,,,,,
,,,,,,,,,8.776237623762376e-07,17004,,,,,,,,,
56,,,,,,,,,,17004,0.017111068591475487,,,,,,,,
,,,,,,,,,8.772937293729372e-07,17009,,,,,,,,,
56,,,,,,,,,,17009,0.010601998306810856,,,,,,,,
,,,,,,,,,8.76963696369637e-07,17014,,,,,,,,,
56,,,,,,,,,,17014,0.0028908345848321915,,,,,,,,
,,,,,,,,,8.766336633663366e-07,17019,,,,,,,,,
56,,,,,,,,,,17019,0.011379378847777843,,,,,,,,
,,,,,,,,,8.763036303630362e-07,17024,,,,,,,,,
56,,,,,,,,,,17024,0.021420946344733238,,,,,,,,
,,,,,,,,,8.75973597359736e-07,17029,,,,,,,,,
56,,,,,,,,,,17029,0.008442619815468788,,,,,,,,
,,,,,,,,,8.756435643564356e-07,17034,,,,,,,,,
56,,,,,,,,,,17034,0.014171495102345943,,,,,,,,
,,,,,,,,,8.753135313531352e-07,17039,,,,,,,,,
56,,,,,,,,,,17039,0.008692430332303047,,,,,,,,
,,,,,,,,,8.749834983498349e-07,17044,,,,,,,,,
56,,,,,,,,,,17044,0.0033115041442215443,,,,,,,,
,,,,,,,,,8.746534653465347e-07,17049,,,,,,,,,
56,,,,,,,,,,17049,0.0022241277620196342,,,,,,,,
,,,,,,,,,8.743234323432343e-07,17054,,,,,,,,,
56,,,,,,,,,,17054,0.007713142782449722,,,,,,,,
,,,,,,,,,8.73993399339934e-07,17059,,,,,,,,,
56,,,,,,,,,,17059,0.010374525561928749,,,,,,,,
,,,,,,,,,8.736633663366336e-07,17064,,,,,,,,,
56,,,,,,,,,,17064,0.01857747696340084,,,,,,,,
,,,,,,,,,8.733333333333333e-07,17069,,,,,,,,,
56,,,,,,,,,,17069,0.027658570557832718,,,,,,,,
,,,,,,,,,8.73003300330033e-07,17074,,,,,,,,,
56,,,,,,,,,,17074,0.007018293719738722,,,,,,,,
,,,,,,,,,8.726732673267326e-07,17079,,,,,,,,,
56,,,,,,,,,,17079,0.0019586989656090736,,,,,,,,
,,,,,,,,,8.723432343234322e-07,17084,,,,,,,,,
56,,,,,,,,,,17084,0.04297977313399315,,,,,,,,
,,,,,,,,,8.72013201320132e-07,17089,,,,,,,,,
56,,,,,,,,,,17089,0.005793591029942036,,,,,,,,
,,,,,,,,,8.716831683168316e-07,17094,,,,,,,,,
56,,,,,,,,,,17094,0.012220376171171665,,,,,,,,
,,,,,,,,,8.713531353135312e-07,17099,,,,,,,,,
56,,,,,,,,,,17099,0.02027108334004879,,,,,,,,
,,,,,,,,,8.710231023102311e-07,17104,,,,,,,,,
56,,,,,,,,,,17104,0.01186335925012827,,,,,,,,
,,,,,,,,,8.706930693069307e-07,17109,,,,,,,,,
56,,,,,,,,,,17109,0.04077424108982086,,,,,,,,
,,,,,,,,,8.703630363036303e-07,17114,,,,,,,,,
56,,,,,,,,,,17114,0.0857190489768982,,,,,,,,
,,,,,,,,,8.7003300330033e-07,17119,,,,,,,,,
56,,,,,,,,,,17119,0.00925444159656763,,,,,,,,
,,,,,,,,,8.697029702970297e-07,17124,,,,,,,,,
56,,,,,,,,,,17124,0.02032930590212345,,,,,,,,
,,,,,,,,,8.693729372937293e-07,17129,,,,,,,,,
56,,,,,,,,,,17129,0.019411152228713036,,,,,,,,
,,,,,,,,,8.69042904290429e-07,17134,,,,,,,,,
56,,,,,,,,,,17134,0.011157162487506866,,,,,,,,
,,,,,,,,,8.687128712871286e-07,17139,,,,,,,,,
56,,,,,,,,,,17139,0.015819605439901352,,,,,,,,
,,,,,,,,,8.683828382838283e-07,17144,,,,,,,,,
56,,,,,,,,,,17144,0.011021903716027737,,,,,,,,
,,,,,,,,,8.68052805280528e-07,17149,,,,,,,,,
56,,,,,,,,,,17149,0.00818221177905798,,,,,,,,
,,,,,,,,,8.677227722772276e-07,17154,,,,,,,,,
56,,,,,,,,,,17154,0.007987521588802338,,,,,,,,
,,,,,,,,,8.673927392739274e-07,17159,,,,,,,,,
56,,,,,,,,,,17159,0.017625659704208374,,,,,,,,
,,,,,,,,,8.670627062706271e-07,17164,,,,,,,,,
56,,,,,,,,,,17164,0.00789294857531786,,,,,,,,
,,,,,,,,,8.667326732673267e-07,17169,,,,,,,,,
56,,,,,,,,,,17169,0.003162762615829706,,,,,,,,
,,,,,,,,,8.664026402640263e-07,17174,,,,,,,,,
56,,,,,,,,,,17174,0.015165017917752266,,,,,,,,
,,,,,,,,,8.660726072607261e-07,17179,,,,,,,,,
56,,,,,,,,,,17179,0.012780221179127693,,,,,,,,
,,,,,,,,,8.657425742574257e-07,17184,,,,,,,,,
56,,,,,,,,,,17184,0.010286591947078705,,,,,,,,
,,,,,,,,,8.654125412541253e-07,17189,,,,,,,,,
56,,,,,,,,,,17189,0.047573890537023544,,,,,,,,
,,,,,,,,,8.65082508250825e-07,17194,,,,,,,,,
56,,,,,,,,,,17194,0.006188890431076288,,,,,,,,
,,,,,,,,,8.647524752475247e-07,17199,,,,,,,,,
56,,,,,,,,,,17199,0.023479493334889412,,,,,,,,
,,,,,,,,,8.644224422442243e-07,17204,,,,,,,,,
56,,,,,,,,,,17204,0.013218870386481285,,,,,,,,
,,,,,,,,,8.640924092409241e-07,17209,,,,,,,,,
56,,,,,,,,,,17209,0.017596496269106865,,,,,,,,
,,,,,,,,,8.637623762376238e-07,17214,,,,,,,,,
56,,,,,,,,,,17214,0.03383361175656319,,,,,,,,
,,,,,,,,,8.634323432343234e-07,17219,,,,,,,,,
56,,,,,,,,,,17219,0.03016829863190651,,,,,,,,
,,,,,,,,,8.631023102310231e-07,17224,,,,,,,,,
56,,,,,,,,,,17224,0.006384260021150112,,,,,,,,
,,,,,,,,,8.627722772277227e-07,17229,,,,,,,,,
56,,,,,,,,,,17229,0.02635323628783226,,,,,,,,
,,,,,,,,,8.624422442244224e-07,17234,,,,,,,,,
56,,,,,,,,,,17234,0.019722502678632736,,,,,,,,
,,,,,,,,,8.621122112211221e-07,17239,,,,,,,,,
56,,,,,,,,,,17239,0.03928232938051224,,,,,,,,
,,,,,,,,,8.617821782178217e-07,17244,,,,,,,,,
56,,,,,,,,,,17244,0.04787760600447655,,,,,,,,
,,,,,,,,,8.614521452145213e-07,17249,,,,,,,,,
56,,,,,,,,,,17249,0.020336532965302467,,,,,,,,
,,,,,,,,,8.611221122112211e-07,17254,,,,,,,,,
56,,,,,,,,,,17254,0.005944627337157726,,,,,,,,
,,,,,,,,,8.607920792079207e-07,17259,,,,,,,,,
56,,,,,,,,,,17259,0.00836886465549469,,,,,,,,
,,,,,,,,,8.604620462046204e-07,17264,,,,,,,,,
56,,,,,,,,,,17264,0.026007143780589104,,,,,,,,
,,,,,,,,,8.601320132013202e-07,17269,,,,,,,,,
56,,,,,,,,,,17269,0.030018072575330734,,,,,,,,
56,,,,,,,,,,17270,,0.6937500238418579,0.7379679083824158,0.07992199063301086,0.07992199063301086,0.4420979917049408,0.7113401889801025,0.7666666507720947,0.4383266866207123
,,,,,,,,,8.598019801980198e-07,17274,,,,,,,,,
57,,,,,,,,,,17274,0.027403563261032104,,,,,,,,
,,,,,,,,,8.594719471947194e-07,17279,,,,,,,,,
57,,,,,,,,,,17279,0.006124479230493307,,,,,,,,
,,,,,,,,,8.591419141914191e-07,17284,,,,,,,,,
57,,,,,,,,,,17284,0.0020329768303781748,,,,,,,,
,,,,,,,,,8.588118811881188e-07,17289,,,,,,,,,
57,,,,,,,,,,17289,0.014587569050490856,,,,,,,,
,,,,,,,,,8.584818481848184e-07,17294,,,,,,,,,
57,,,,,,,,,,17294,0.041592761874198914,,,,,,,,
,,,,,,,,,8.581518151815181e-07,17299,,,,,,,,,
57,,,,,,,,,,17299,0.007383154705166817,,,,,,,,
,,,,,,,,,8.578217821782177e-07,17304,,,,,,,,,
57,,,,,,,,,,17304,0.005733784753829241,,,,,,,,
,,,,,,,,,8.574917491749174e-07,17309,,,,,,,,,
57,,,,,,,,,,17309,0.018593432381749153,,,,,,,,
,,,,,,,,,8.571617161716171e-07,17314,,,,,,,,,
57,,,,,,,,,,17314,0.006359714083373547,,,,,,,,
,,,,,,,,,8.568316831683168e-07,17319,,,,,,,,,
57,,,,,,,,,,17319,0.007734653539955616,,,,,,,,
,,,,,,,,,8.565016501650164e-07,17324,,,,,,,,,
57,,,,,,,,,,17324,0.031031331047415733,,,,,,,,
,,,,,,,,,8.561716171617162e-07,17329,,,,,,,,,
57,,,,,,,,,,17329,0.018235353752970695,,,,,,,,
,,,,,,,,,8.558415841584158e-07,17334,,,,,,,,,
57,,,,,,,,,,17334,0.020047307014465332,,,,,,,,
,,,,,,,,,8.555115511551154e-07,17339,,,,,,,,,
57,,,,,,,,,,17339,0.027477236464619637,,,,,,,,
,,,,,,,,,8.551815181518152e-07,17344,,,,,,,,,
57,,,,,,,,,,17344,0.01809174381196499,,,,,,,,
,,,,,,,,,8.548514851485148e-07,17349,,,,,,,,,
57,,,,,,,,,,17349,0.010935199446976185,,,,,,,,
,,,,,,,,,8.545214521452144e-07,17354,,,,,,,,,
57,,,,,,,,,,17354,0.01690051704645157,,,,,,,,
,,,,,,,,,8.541914191419141e-07,17359,,,,,,,,,
57,,,,,,,,,,17359,0.005603724624961615,,,,,,,,
,,,,,,,,,8.538613861386138e-07,17364,,,,,,,,,
57,,,,,,,,,,17364,0.007543811108916998,,,,,,,,
,,,,,,,,,8.535313531353136e-07,17369,,,,,,,,,
57,,,,,,,,,,17369,0.04816924408078194,,,,,,,,
,,,,,,,,,8.532013201320132e-07,17374,,,,,,,,,
57,,,,,,,,,,17374,0.006178153678774834,,,,,,,,
,,,,,,,,,8.528712871287128e-07,17379,,,,,,,,,
57,,,,,,,,,,17379,0.035977717489004135,,,,,,,,
,,,,,,,,,8.525412541254126e-07,17384,,,,,,,,,
57,,,,,,,,,,17384,0.010797408409416676,,,,,,,,
,,,,,,,,,8.522112211221122e-07,17389,,,,,,,,,
57,,,,,,,,,,17389,0.02067366987466812,,,,,,,,
,,,,,,,,,8.518811881188118e-07,17394,,,,,,,,,
57,,,,,,,,,,17394,0.009763611480593681,,,,,,,,
,,,,,,,,,8.515511551155116e-07,17399,,,,,,,,,
57,,,,,,,,,,17399,0.011413455940783024,,,,,,,,
,,,,,,,,,8.512211221122112e-07,17404,,,,,,,,,
57,,,,,,,,,,17404,0.015904748812317848,,,,,,,,
,,,,,,,,,8.508910891089108e-07,17409,,,,,,,,,
57,,,,,,,,,,17409,0.01504901610314846,,,,,,,,
,,,,,,,,,8.505610561056105e-07,17414,,,,,,,,,
57,,,,,,,,,,17414,0.010344128124415874,,,,,,,,
,,,,,,,,,8.502310231023102e-07,17419,,,,,,,,,
57,,,,,,,,,,17419,0.011391224339604378,,,,,,,,
,,,,,,,,,8.499009900990099e-07,17424,,,,,,,,,
57,,,,,,,,,,17424,0.006977368146181107,,,,,,,,
,,,,,,,,,8.495709570957096e-07,17429,,,,,,,,,
57,,,,,,,,,,17429,0.05815470591187477,,,,,,,,
,,,,,,,,,8.492409240924092e-07,17434,,,,,,,,,
57,,,,,,,,,,17434,0.026633573696017265,,,,,,,,
,,,,,,,,,8.489108910891089e-07,17439,,,,,,,,,
57,,,,,,,,,,17439,0.025069575756788254,,,,,,,,
,,,,,,,,,8.485808580858086e-07,17444,,,,,,,,,
57,,,,,,,,,,17444,0.012231303378939629,,,,,,,,
,,,,,,,,,8.482508250825082e-07,17449,,,,,,,,,
57,,,,,,,,,,17449,0.038727257400751114,,,,,,,,
,,,,,,,,,8.479207920792079e-07,17454,,,,,,,,,
57,,,,,,,,,,17454,0.01931159384548664,,,,,,,,
,,,,,,,,,8.475907590759076e-07,17459,,,,,,,,,
57,,,,,,,,,,17459,0.007049804553389549,,,,,,,,
,,,,,,,,,8.472607260726072e-07,17464,,,,,,,,,
57,,,,,,,,,,17464,0.004212918691337109,,,,,,,,
,,,,,,,,,8.469306930693068e-07,17469,,,,,,,,,
57,,,,,,,,,,17469,0.027931973338127136,,,,,,,,
,,,,,,,,,8.466006600660066e-07,17474,,,,,,,,,
57,,,,,,,,,,17474,0.0071269795298576355,,,,,,,,
,,,,,,,,,8.462706270627063e-07,17479,,,,,,,,,
57,,,,,,,,,,17479,0.024021122604608536,,,,,,,,
,,,,,,,,,8.459405940594059e-07,17484,,,,,,,,,
57,,,,,,,,,,17484,0.007504178676754236,,,,,,,,
,,,,,,,,,8.456105610561056e-07,17489,,,,,,,,,
57,,,,,,,,,,17489,0.021356336772441864,,,,,,,,
,,,,,,,,,8.452805280528053e-07,17494,,,,,,,,,
57,,,,,,,,,,17494,0.00247945892624557,,,,,,,,
,,,,,,,,,8.449504950495049e-07,17499,,,,,,,,,
57,,,,,,,,,,17499,0.014990430325269699,,,,,,,,
,,,,,,,,,8.446204620462046e-07,17504,,,,,,,,,
57,,,,,,,,,,17504,0.023833567276597023,,,,,,,,
,,,,,,,,,8.442904290429042e-07,17509,,,,,,,,,
57,,,,,,,,,,17509,0.01925702579319477,,,,,,,,
,,,,,,,,,8.439603960396039e-07,17514,,,,,,,,,
57,,,,,,,,,,17514,0.004358371719717979,,,,,,,,
,,,,,,,,,8.436303630363036e-07,17519,,,,,,,,,
57,,,,,,,,,,17519,0.042644958943128586,,,,,,,,
,,,,,,,,,8.433003300330032e-07,17524,,,,,,,,,
57,,,,,,,,,,17524,0.01613849401473999,,,,,,,,
,,,,,,,,,8.429702970297029e-07,17529,,,,,,,,,
57,,,,,,,,,,17529,0.014811508357524872,,,,,,,,
,,,,,,,,,8.426402640264027e-07,17534,,,,,,,,,
57,,,,,,,,,,17534,0.011675911955535412,,,,,,,,
,,,,,,,,,8.423102310231023e-07,17539,,,,,,,,,
57,,,,,,,,,,17539,0.048082638531923294,,,,,,,,
,,,,,,,,,8.419801980198019e-07,17544,,,,,,,,,
57,,,,,,,,,,17544,0.0032959224190562963,,,,,,,,
,,,,,,,,,8.416501650165017e-07,17549,,,,,,,,,
57,,,,,,,,,,17549,0.01721316948533058,,,,,,,,
,,,,,,,,,8.413201320132013e-07,17554,,,,,,,,,
57,,,,,,,,,,17554,0.013893157243728638,,,,,,,,
,,,,,,,,,8.409900990099009e-07,17559,,,,,,,,,
57,,,,,,,,,,17559,0.0371953584253788,,,,,,,,
,,,,,,,,,8.406600660066006e-07,17564,,,,,,,,,
57,,,,,,,,,,17564,0.011962655000388622,,,,,,,,
,,,,,,,,,8.403300330033003e-07,17569,,,,,,,,,
57,,,,,,,,,,17569,0.019291501492261887,,,,,,,,
57,,,,,,,,,,17573,,0.6875,0.7252747416496277,0.07928131520748138,0.07928131520748138,0.4350626766681671,0.717391312122345,0.7333333492279053,0.43308794498443604
,,,,,,,,,8.399999999999999e-07,17574,,,,,,,,,
58,,,,,,,,,,17574,0.008351143449544907,,,,,,,,
,,,,,,,,,8.396699669966996e-07,17579,,,,,,,,,
58,,,,,,,,,,17579,0.0196298249065876,,,,,,,,
,,,,,,,,,8.393399339933994e-07,17584,,,,,,,,,
58,,,,,,,,,,17584,0.017423205077648163,,,,,,,,
,,,,,,,,,8.39009900990099e-07,17589,,,,,,,,,
58,,,,,,,,,,17589,0.004319966770708561,,,,,,,,
,,,,,,,,,8.386798679867987e-07,17594,,,,,,,,,
58,,,,,,,,,,17594,0.02285808138549328,,,,,,,,
,,,,,,,,,8.383498349834983e-07,17599,,,,,,,,,
58,,,,,,,,,,17599,0.015310408547520638,,,,,,,,
,,,,,,,,,8.38019801980198e-07,17604,,,,,,,,,
58,,,,,,,,,,17604,0.01477871835231781,,,,,,,,
,,,,,,,,,8.376897689768977e-07,17609,,,,,,,,,
58,,,,,,,,,,17609,0.020574083551764488,,,,,,,,
,,,,,,,,,8.373597359735973e-07,17614,,,,,,,,,
58,,,,,,,,,,17614,0.01140910480171442,,,,,,,,
,,,,,,,,,8.370297029702969e-07,17619,,,,,,,,,
58,,,,,,,,,,17619,0.02938467636704445,,,,,,,,
,,,,,,,,,8.366996699669967e-07,17624,,,,,,,,,
58,,,,,,,,,,17624,0.010889043100178242,,,,,,,,
,,,,,,,,,8.363696369636963e-07,17629,,,,,,,,,
58,,,,,,,,,,17629,0.011233579367399216,,,,,,,,
,,,,,,,,,8.360396039603959e-07,17634,,,,,,,,,
58,,,,,,,,,,17634,0.005543328355997801,,,,,,,,
,,,,,,,,,8.357095709570958e-07,17639,,,,,,,,,
58,,,,,,,,,,17639,0.01606723852455616,,,,,,,,
,,,,,,,,,8.353795379537954e-07,17644,,,,,,,,,
58,,,,,,,,,,17644,0.028631193563342094,,,,,,,,
,,,,,,,,,8.35049504950495e-07,17649,,,,,,,,,
58,,,,,,,,,,17649,0.015020901337265968,,,,,,,,
,,,,,,,,,8.347194719471947e-07,17654,,,,,,,,,
58,,,,,,,,,,17654,0.023118916898965836,,,,,,,,
,,,,,,,,,8.343894389438944e-07,17659,,,,,,,,,
58,,,,,,,,,,17659,0.00417424226179719,,,,,,,,
,,,,,,,,,8.34059405940594e-07,17664,,,,,,,,,
58,,,,,,,,,,17664,0.014263827353715897,,,,,,,,
,,,,,,,,,8.337293729372937e-07,17669,,,,,,,,,
58,,,,,,,,,,17669,0.0037817531265318394,,,,,,,,
,,,,,,,,,8.333993399339933e-07,17674,,,,,,,,,
58,,,,,,,,,,17674,0.004114469047635794,,,,,,,,
,,,,,,,,,8.33069306930693e-07,17679,,,,,,,,,
58,,,,,,,,,,17679,0.018144162371754646,,,,,,,,
,,,,,,,,,8.327392739273927e-07,17684,,,,,,,,,
58,,,,,,,,,,17684,0.04264130815863609,,,,,,,,
,,,,,,,,,8.324092409240923e-07,17689,,,,,,,,,
58,,,,,,,,,,17689,0.008802320808172226,,,,,,,,
,,,,,,,,,8.32079207920792e-07,17694,,,,,,,,,
58,,,,,,,,,,17694,0.007124117109924555,,,,,,,,
,,,,,,,,,8.317491749174918e-07,17699,,,,,,,,,
58,,,,,,,,,,17699,0.014789530076086521,,,,,,,,
,,,,,,,,,8.314191419141914e-07,17704,,,,,,,,,
58,,,,,,,,,,17704,0.02611340396106243,,,,,,,,
,,,,,,,,,8.31089108910891e-07,17709,,,,,,,,,
58,,,,,,,,,,17709,0.013197878375649452,,,,,,,,
,,,,,,,,,8.307590759075908e-07,17714,,,,,,,,,
58,,,,,,,,,,17714,0.0007240190170705318,,,,,,,,
,,,,,,,,,8.304290429042904e-07,17719,,,,,,,,,
58,,,,,,,,,,17719,0.004700059071183205,,,,,,,,
,,,,,,,,,8.3009900990099e-07,17724,,,,,,,,,
58,,,,,,,,,,17724,0.02537374012172222,,,,,,,,
,,,,,,,,,8.297689768976897e-07,17729,,,,,,,,,
58,,,,,,,,,,17729,0.00626796018332243,,,,,,,,
,,,,,,,,,8.294389438943894e-07,17734,,,,,,,,,
58,,,,,,,,,,17734,0.02748275361955166,,,,,,,,
,,,,,,,,,8.29108910891089e-07,17739,,,,,,,,,
58,,,,,,,,,,17739,0.006982061080634594,,,,,,,,
,,,,,,,,,8.287788778877887e-07,17744,,,,,,,,,
58,,,,,,,,,,17744,0.00864384789019823,,,,,,,,
,,,,,,,,,8.284488448844885e-07,17749,,,,,,,,,
58,,,,,,,,,,17749,0.01174924522638321,,,,,,,,
,,,,,,,,,8.281188118811881e-07,17754,,,,,,,,,
58,,,,,,,,,,17754,0.00893709622323513,,,,,,,,
,,,,,,,,,8.277887788778878e-07,17759,,,,,,,,,
58,,,,,,,,,,17759,0.025374026969075203,,,,,,,,
,,,,,,,,,8.274587458745874e-07,17764,,,,,,,,,
58,,,,,,,,,,17764,0.008952454663813114,,,,,,,,
,,,,,,,,,8.271287128712871e-07,17769,,,,,,,,,
58,,,,,,,,,,17769,0.009245122782886028,,,,,,,,
,,,,,,,,,8.267986798679868e-07,17774,,,,,,,,,
58,,,,,,,,,,17774,0.02061527781188488,,,,,,,,
,,,,,,,,,8.264686468646864e-07,17779,,,,,,,,,
58,,,,,,,,,,17779,0.013733018189668655,,,,,,,,
,,,,,,,,,8.26138613861386e-07,17784,,,,,,,,,
58,,,,,,,,,,17784,0.019462844356894493,,,,,,,,
,,,,,,,,,8.258085808580858e-07,17789,,,,,,,,,
58,,,,,,,,,,17789,0.007712644524872303,,,,,,,,
,,,,,,,,,8.254785478547854e-07,17794,,,,,,,,,
58,,,,,,,,,,17794,0.018276909366250038,,,,,,,,
,,,,,,,,,8.25148514851485e-07,17799,,,,,,,,,
58,,,,,,,,,,17799,0.013218102045357227,,,,,,,,
,,,,,,,,,8.248184818481849e-07,17804,,,,,,,,,
58,,,,,,,,,,17804,0.030454274266958237,,,,,,,,
,,,,,,,,,8.244884488448845e-07,17809,,,,,,,,,
58,,,,,,,,,,17809,0.007753509562462568,,,,,,,,
,,,,,,,,,8.241584158415841e-07,17814,,,,,,,,,
58,,,,,,,,,,17814,0.011252783238887787,,,,,,,,
,,,,,,,,,8.238283828382838e-07,17819,,,,,,,,,
58,,,,,,,,,,17819,0.027117010205984116,,,,,,,,
,,,,,,,,,8.234983498349835e-07,17824,,,,,,,,,
58,,,,,,,,,,17824,0.032475795596838,,,,,,,,
,,,,,,,,,8.231683168316831e-07,17829,,,,,,,,,
58,,,,,,,,,,17829,0.04065021872520447,,,,,,,,
,,,,,,,,,8.228382838283828e-07,17834,,,,,,,,,
58,,,,,,,,,,17834,0.008368374779820442,,,,,,,,
,,,,,,,,,8.225082508250824e-07,17839,,,,,,,,,
58,,,,,,,,,,17839,0.00821275170892477,,,,,,,,
,,,,,,,,,8.221782178217821e-07,17844,,,,,,,,,
58,,,,,,,,,,17844,0.0034658312797546387,,,,,,,,
,,,,,,,,,8.218481848184818e-07,17849,,,,,,,,,
58,,,,,,,,,,17849,0.05523280054330826,,,,,,,,
,,,,,,,,,8.215181518151815e-07,17854,,,,,,,,,
58,,,,,,,,,,17854,0.01455756090581417,,,,,,,,
,,,,,,,,,8.211881188118811e-07,17859,,,,,,,,,
58,,,,,,,,,,17859,0.013322432525455952,,,,,,,,
,,,,,,,,,8.208580858085809e-07,17864,,,,,,,,,
58,,,,,,,,,,17864,0.007256769575178623,,,,,,,,
,,,,,,,,,8.205280528052805e-07,17869,,,,,,,,,
58,,,,,,,,,,17869,0.00929693691432476,,,,,,,,
,,,,,,,,,8.201980198019801e-07,17874,,,,,,,,,
58,,,,,,,,,,17874,0.01536060031503439,,,,,,,,
58,,,,,,,,,,17876,,0.6812499761581421,0.7272727489471436,0.08004291355609894,0.08004291355609894,0.4524429440498352,0.7010309100151062,0.7555555701255798,0.4509938359260559
,,,,,,,,,8.198679867986799e-07,17879,,,,,,,,,
59,,,,,,,,,,17879,0.010402251966297626,,,,,,,,
,,,,,,,,,8.195379537953795e-07,17884,,,,,,,,,
59,,,,,,,,,,17884,0.008260687813162804,,,,,,,,
,,,,,,,,,8.192079207920791e-07,17889,,,,,,,,,
59,,,,,,,,,,17889,0.009604967199265957,,,,,,,,
,,,,,,,,,8.188778877887788e-07,17894,,,,,,,,,
59,,,,,,,,,,17894,0.003570998553186655,,,,,,,,
,,,,,,,,,8.185478547854785e-07,17899,,,,,,,,,
59,,,,,,,,,,17899,0.038200803101062775,,,,,,,,
,,,,,,,,,8.182178217821781e-07,17904,,,,,,,,,
59,,,,,,,,,,17904,0.004136992618441582,,,,,,,,
,,,,,,,,,8.178877887788779e-07,17909,,,,,,,,,
59,,,,,,,,,,17909,0.0373929999768734,,,,,,,,
,,,,,,,,,8.175577557755775e-07,17914,,,,,,,,,
59,,,,,,,,,,17914,0.010667896829545498,,,,,,,,
,,,,,,,,,8.172277227722772e-07,17919,,,,,,,,,
59,,,,,,,,,,17919,0.014039027504622936,,,,,,,,
,,,,,,,,,8.168976897689769e-07,17924,,,,,,,,,
59,,,,,,,,,,17924,0.014785217121243477,,,,,,,,
,,,,,,,,,8.165676567656765e-07,17929,,,,,,,,,
59,,,,,,,,,,17929,0.03036571852862835,,,,,,,,
,,,,,,,,,8.162376237623761e-07,17934,,,,,,,,,
59,,,,,,,,,,17934,0.045202504843473434,,,,,,,,
,,,,,,,,,8.159075907590759e-07,17939,,,,,,,,,
59,,,,,,,,,,17939,0.012260682880878448,,,,,,,,
,,,,,,,,,8.155775577557755e-07,17944,,,,,,,,,
59,,,,,,,,,,17944,0.0022718391846865416,,,,,,,,
,,,,,,,,,8.152475247524751e-07,17949,,,,,,,,,
59,,,,,,,,,,17949,0.009594934992492199,,,,,,,,
,,,,,,,,,8.149174917491749e-07,17954,,,,,,,,,
59,,,,,,,,,,17954,0.005842877551913261,,,,,,,,
,,,,,,,,,8.145874587458745e-07,17959,,,,,,,,,
59,,,,,,,,,,17959,0.013525150716304779,,,,,,,,
,,,,,,,,,8.142574257425742e-07,17964,,,,,,,,,
59,,,,,,,,,,17964,0.010266857221722603,,,,,,,,
,,,,,,,,,8.139273927392739e-07,17969,,,,,,,,,
59,,,,,,,,,,17969,0.004809541627764702,,,,,,,,
,,,,,,,,,8.135973597359736e-07,17974,,,,,,,,,
59,,,,,,,,,,17974,0.008224601857364178,,,,,,,,
,,,,,,,,,8.132673267326732e-07,17979,,,,,,,,,
59,,,,,,,,,,17979,0.009793389588594437,,,,,,,,
,,,,,,,,,8.129372937293729e-07,17984,,,,,,,,,
59,,,,,,,,,,17984,0.03049483336508274,,,,,,,,
,,,,,,,,,8.126072607260725e-07,17989,,,,,,,,,
59,,,,,,,,,,17989,0.014727616682648659,,,,,,,,
,,,,,,,,,8.122772277227723e-07,17994,,,,,,,,,
59,,,,,,,,,,17994,0.010278481990098953,,,,,,,,
,,,,,,,,,8.119471947194719e-07,17999,,,,,,,,,
59,,,,,,,,,,17999,0.017198586836457253,,,,,,,,
,,,,,,,,,8.116171617161715e-07,18004,,,,,,,,,
59,,,,,,,,,,18004,0.027511361986398697,,,,,,,,
,,,,,,,,,8.112871287128713e-07,18009,,,,,,,,,
59,,,,,,,,,,18009,0.021684963256120682,,,,,,,,
,,,,,,,,,8.10957095709571e-07,18014,,,,,,,,,
59,,,,,,,,,,18014,0.010594602674245834,,,,,,,,
,,,,,,,,,8.106270627062706e-07,18019,,,,,,,,,
59,,,,,,,,,,18019,0.025208361446857452,,,,,,,,
,,,,,,,,,8.102970297029703e-07,18024,,,,,,,,,
59,,,,,,,,,,18024,0.015074809081852436,,,,,,,,
,,,,,,,,,8.0996699669967e-07,18029,,,,,,,,,
59,,,,,,,,,,18029,0.011167767457664013,,,,,,,,
,,,,,,,,,8.096369636963696e-07,18034,,,,,,,,,
59,,,,,,,,,,18034,0.024866528809070587,,,,,,,,
,,,,,,,,,8.093069306930693e-07,18039,,,,,,,,,
59,,,,,,,,,,18039,0.032723020762205124,,,,,,,,
,,,,,,,,,8.08976897689769e-07,18044,,,,,,,,,
59,,,,,,,,,,18044,0.003964242525398731,,,,,,,,
,,,,,,,,,8.086468646864686e-07,18049,,,,,,,,,
59,,,,,,,,,,18049,0.008287192322313786,,,,,,,,
,,,,,,,,,8.083168316831683e-07,18054,,,,,,,,,
59,,,,,,,,,,18054,0.026652904227375984,,,,,,,,
,,,,,,,,,8.079867986798679e-07,18059,,,,,,,,,
59,,,,,,,,,,18059,0.010332399979233742,,,,,,,,
,,,,,,,,,8.076567656765676e-07,18064,,,,,,,,,
59,,,,,,,,,,18064,0.012614471837878227,,,,,,,,
,,,,,,,,,8.073267326732674e-07,18069,,,,,,,,,
59,,,,,,,,,,18069,0.023277508094906807,,,,,,,,
,,,,,,,,,8.06996699669967e-07,18074,,,,,,,,,
59,,,,,,,,,,18074,0.013680065050721169,,,,,,,,
,,,,,,,,,8.066666666666666e-07,18079,,,,,,,,,
59,,,,,,,,,,18079,0.0065347482450306416,,,,,,,,
,,,,,,,,,8.063366336633664e-07,18084,,,,,,,,,
59,,,,,,,,,,18084,0.008559029549360275,,,,,,,,
,,,,,,,,,8.06006600660066e-07,18089,,,,,,,,,
59,,,,,,,,,,18089,0.011056283488869667,,,,,,,,
,,,,,,,,,8.056765676567656e-07,18094,,,,,,,,,
59,,,,,,,,,,18094,0.02378958836197853,,,,,,,,
,,,,,,,,,8.053465346534653e-07,18099,,,,,,,,,
59,,,,,,,,,,18099,0.024803033098578453,,,,,,,,
,,,,,,,,,8.05016501650165e-07,18104,,,,,,,,,
59,,,,,,,,,,18104,0.01931997947394848,,,,,,,,
,,,,,,,,,8.046864686468646e-07,18109,,,,,,,,,
59,,,,,,,,,,18109,0.03915533050894737,,,,,,,,
,,,,,,,,,8.043564356435643e-07,18114,,,,,,,,,
59,,,,,,,,,,18114,0.00775212561711669,,,,,,,,
,,,,,,,,,8.04026402640264e-07,18119,,,,,,,,,
59,,,,,,,,,,18119,0.03264240920543671,,,,,,,,
,,,,,,,,,8.036963696369637e-07,18124,,,,,,,,,
59,,,,,,,,,,18124,0.0480213388800621,,,,,,,,
,,,,,,,,,8.033663366336634e-07,18129,,,,,,,,,
59,,,,,,,,,,18129,0.013148457743227482,,,,,,,,
,,,,,,,,,8.03036303630363e-07,18134,,,,,,,,,
59,,,,,,,,,,18134,0.01410586480051279,,,,,,,,
,,,,,,,,,8.027062706270627e-07,18139,,,,,,,,,
59,,,,,,,,,,18139,0.01444318052381277,,,,,,,,
,,,,,,,,,8.023762376237624e-07,18144,,,,,,,,,
59,,,,,,,,,,18144,0.0069880797527730465,,,,,,,,
,,,,,,,,,8.02046204620462e-07,18149,,,,,,,,,
59,,,,,,,,,,18149,0.008711070753633976,,,,,,,,
,,,,,,,,,8.017161716171616e-07,18154,,,,,,,,,
59,,,,,,,,,,18154,0.01694951206445694,,,,,,,,
,,,,,,,,,8.013861386138614e-07,18159,,,,,,,,,
59,,,,,,,,,,18159,0.014274435117840767,,,,,,,,
,,,,,,,,,8.01056105610561e-07,18164,,,,,,,,,
59,,,,,,,,,,18164,0.005515619181096554,,,,,,,,
,,,,,,,,,8.007260726072606e-07,18169,,,,,,,,,
59,,,,,,,,,,18169,0.012734164483845234,,,,,,,,
,,,,,,,,,8.003960396039605e-07,18174,,,,,,,,,
59,,,,,,,,,,18174,0.018673378974199295,,,,,,,,
,,,,,,,,,8.000660066006601e-07,18179,,,,,,,,,
59,,,,,,,,,,18179,0.009009700268507004,,,,,,,,
59,,,,,,,,,,18179,,0.668749988079071,0.7103825211524963,0.08016695082187653,0.08016695082187653,0.437860369682312,0.698924720287323,0.7222222089767456,0.436858594417572
,,,,,,,,,7.997359735973597e-07,18184,,,,,,,,,
60,,,,,,,,,,18184,0.015246262773871422,,,,,,,,
,,,,,,,,,7.994059405940594e-07,18189,,,,,,,,,
60,,,,,,,,,,18189,0.014496100135147572,,,,,,,,
,,,,,,,,,7.990759075907591e-07,18194,,,,,,,,,
60,,,,,,,,,,18194,0.009189371950924397,,,,,,,,
,,,,,,,,,7.987458745874587e-07,18199,,,,,,,,,
60,,,,,,,,,,18199,0.015945013612508774,,,,,,,,
,,,,,,,,,7.984158415841584e-07,18204,,,,,,,,,
60,,,,,,,,,,18204,0.024257319048047066,,,,,,,,
,,,,,,,,,7.98085808580858e-07,18209,,,,,,,,,
60,,,,,,,,,,18209,0.0066064088605344296,,,,,,,,
,,,,,,,,,7.977557755775577e-07,18214,,,,,,,,,
60,,,,,,,,,,18214,0.0033537885174155235,,,,,,,,
,,,,,,,,,7.974257425742574e-07,18219,,,,,,,,,
60,,,,,,,,,,18219,0.01295960508286953,,,,,,,,
,,,,,,,,,7.97095709570957e-07,18224,,,,,,,,,
60,,,,,,,,,,18224,0.006376884412020445,,,,,,,,
,,,,,,,,,7.967656765676566e-07,18229,,,,,,,,,
60,,,,,,,,,,18229,0.01634357124567032,,,,,,,,
,,,,,,,,,7.964356435643565e-07,18234,,,,,,,,,
60,,,,,,,,,,18234,0.01197876874357462,,,,,,,,
,,,,,,,,,7.961056105610561e-07,18239,,,,,,,,,
60,,,,,,,,,,18239,0.014308184385299683,,,,,,,,
,,,,,,,,,7.957755775577557e-07,18244,,,,,,,,,
60,,,,,,,,,,18244,0.008408528752624989,,,,,,,,
,,,,,,,,,7.954455445544555e-07,18249,,,,,,,,,
60,,,,,,,,,,18249,0.003059077775105834,,,,,,,,
,,,,,,,,,7.951155115511551e-07,18254,,,,,,,,,
60,,,,,,,,,,18254,0.007195669692009687,,,,,,,,
,,,,,,,,,7.947854785478547e-07,18259,,,,,,,,,
60,,,,,,,,,,18259,0.003753209952265024,,,,,,,,
,,,,,,,,,7.944554455445544e-07,18264,,,,,,,,,
60,,,,,,,,,,18264,0.02302553504705429,,,,,,,,
,,,,,,,,,7.941254125412541e-07,18269,,,,,,,,,
60,,,,,,,,,,18269,0.010495270602405071,,,,,,,,
,,,,,,,,,7.937953795379537e-07,18274,,,,,,,,,
60,,,,,,,,,,18274,0.027183666825294495,,,,,,,,
,,,,,,,,,7.934653465346534e-07,18279,,,,,,,,,
60,,,,,,,,,,18279,0.004886535461992025,,,,,,,,
,,,,,,,,,7.931353135313531e-07,18284,,,,,,,,,
60,,,,,,,,,,18284,0.032365135848522186,,,,,,,,
,,,,,,,,,7.928052805280528e-07,18289,,,,,,,,,
60,,,,,,,,,,18289,0.022547293454408646,,,,,,,,
,,,,,,,,,7.924752475247525e-07,18294,,,,,,,,,
60,,,,,,,,,,18294,0.032727550715208054,,,,,,,,
,,,,,,,,,7.921452145214521e-07,18299,,,,,,,,,
60,,,,,,,,,,18299,0.005555255338549614,,,,,,,,
,,,,,,,,,7.918151815181518e-07,18304,,,,,,,,,
60,,,,,,,,,,18304,0.016526412218809128,,,,,,,,
,,,,,,,,,7.914851485148515e-07,18309,,,,,,,,,
60,,,,,,,,,,18309,0.043150875717401505,,,,,,,,
,,,,,,,,,7.911551155115511e-07,18314,,,,,,,,,
60,,,,,,,,,,18314,0.009702786803245544,,,,,,,,
,,,,,,,,,7.908250825082507e-07,18319,,,,,,,,,
60,,,,,,,,,,18319,0.01392843946814537,,,,,,,,
,,,,,,,,,7.904950495049505e-07,18324,,,,,,,,,
60,,,,,,,,,,18324,0.02278432808816433,,,,,,,,
,,,,,,,,,7.901650165016501e-07,18329,,,,,,,,,
60,,,,,,,,,,18329,0.030740998685359955,,,,,,,,
,,,,,,,,,7.898349834983497e-07,18334,,,,,,,,,
60,,,,,,,,,,18334,0.028732899576425552,,,,,,,,
,,,,,,,,,7.895049504950495e-07,18339,,,,,,,,,
60,,,,,,,,,,18339,0.02686269022524357,,,,,,,,
,,,,,,,,,7.891749174917492e-07,18344,,,,,,,,,
60,,,,,,,,,,18344,0.015045230276882648,,,,,,,,
,,,,,,,,,7.888448844884488e-07,18349,,,,,,,,,
60,,,,,,,,,,18349,0.013689312152564526,,,,,,,,
,,,,,,,,,7.885148514851485e-07,18354,,,,,,,,,
60,,,,,,,,,,18354,0.03700138255953789,,,,,,,,
,,,,,,,,,7.881848184818482e-07,18359,,,,,,,,,
60,,,,,,,,,,18359,0.003327500307932496,,,,,,,,
,,,,,,,,,7.878547854785478e-07,18364,,,,,,,,,
60,,,,,,,,,,18364,0.014070028439164162,,,,,,,,
,,,,,,,,,7.875247524752475e-07,18369,,,,,,,,,
60,,,,,,,,,,18369,0.009270265698432922,,,,,,,,
,,,,,,,,,7.871947194719471e-07,18374,,,,,,,,,
60,,,,,,,,,,18374,0.015242082066833973,,,,,,,,
,,,,,,,,,7.868646864686468e-07,18379,,,,,,,,,
60,,,,,,,,,,18379,0.05086073279380798,,,,,,,,
,,,,,,,,,7.865346534653465e-07,18384,,,,,,,,,
60,,,,,,,,,,18384,0.03517889976501465,,,,,,,,
,,,,,,,,,7.862046204620461e-07,18389,,,,,,,,,
60,,,,,,,,,,18389,0.03007759153842926,,,,,,,,
,,,,,,,,,7.858745874587458e-07,18394,,,,,,,,,
60,,,,,,,,,,18394,0.0074122133664786816,,,,,,,,
,,,,,,,,,7.855445544554456e-07,18399,,,,,,,,,
60,,,,,,,,,,18399,0.02107657492160797,,,,,,,,
,,,,,,,,,7.852145214521452e-07,18404,,,,,,,,,
60,,,,,,,,,,18404,0.015103848651051521,,,,,,,,
,,,,,,,,,7.848844884488448e-07,18409,,,,,,,,,
60,,,,,,,,,,18409,0.025260066613554955,,,,,,,,
,,,,,,,,,7.845544554455446e-07,18414,,,,,,,,,
60,,,,,,,,,,18414,0.0077745188027620316,,,,,,,,
,,,,,,,,,7.842244224422442e-07,18419,,,,,,,,,
60,,,,,,,,,,18419,0.005101111251860857,,,,,,,,
,,,,,,,,,7.838943894389438e-07,18424,,,,,,,,,
60,,,,,,,,,,18424,0.02394249476492405,,,,,,,,
,,,,,,,,,7.835643564356435e-07,18429,,,,,,,,,
60,,,,,,,,,,18429,0.03188313543796539,,,,,,,,
,,,,,,,,,7.832343234323432e-07,18434,,,,,,,,,
60,,,,,,,,,,18434,0.005432333331555128,,,,,,,,
,,,,,,,,,7.829042904290428e-07,18439,,,,,,,,,
60,,,,,,,,,,18439,0.017740759998559952,,,,,,,,
,,,,,,,,,7.825742574257426e-07,18444,,,,,,,,,
60,,,,,,,,,,18444,0.017488664016127586,,,,,,,,
,,,,,,,,,7.822442244224422e-07,18449,,,,,,,,,
60,,,,,,,,,,18449,0.01054568774998188,,,,,,,,
,,,,,,,,,7.819141914191419e-07,18454,,,,,,,,,
60,,,,,,,,,,18454,0.014512027613818645,,,,,,,,
,,,,,,,,,7.815841584158416e-07,18459,,,,,,,,,
60,,,,,,,,,,18459,0.013646735809743404,,,,,,,,
,,,,,,,,,7.812541254125412e-07,18464,,,,,,,,,
60,,,,,,,,,,18464,0.06543616205453873,,,,,,,,
,,,,,,,,,7.809240924092408e-07,18469,,,,,,,,,
60,,,,,,,,,,18469,0.012374632060527802,,,,,,,,
,,,,,,,,,7.805940594059406e-07,18474,,,,,,,,,
60,,,,,,,,,,18474,0.0021162370685487986,,,,,,,,
,,,,,,,,,7.802640264026402e-07,18479,,,,,,,,,
60,,,,,,,,,,18479,0.012250490486621857,,,,,,,,
60,,,,,,,,,,18482,,0.6937500238418579,0.7322404384613037,0.08157102763652802,0.08157102763652802,0.43160104751586914,0.7204301357269287,0.7444444298744202,0.4287673234939575
,,,,,,,,,7.799339933993398e-07,18484,,,,,,,,,
61,,,,,,,,,,18484,0.011511363089084625,,,,,,,,
,,,,,,,,,7.796039603960396e-07,18489,,,,,,,,,
61,,,,,,,,,,18489,0.008702392689883709,,,,,,,,
,,,,,,,,,7.792739273927392e-07,18494,,,,,,,,,
61,,,,,,,,,,18494,0.012369465082883835,,,,,,,,
,,,,,,,,,7.789438943894389e-07,18499,,,,,,,,,
61,,,,,,,,,,18499,0.023961763828992844,,,,,,,,
,,,,,,,,,7.786138613861386e-07,18504,,,,,,,,,
61,,,,,,,,,,18504,0.010938773863017559,,,,,,,,
,,,,,,,,,7.782838283828383e-07,18509,,,,,,,,,
61,,,,,,,,,,18509,0.0077385674230754375,,,,,,,,
,,,,,,,,,7.779537953795379e-07,18514,,,,,,,,,
61,,,,,,,,,,18514,0.006994904018938541,,,,,,,,
,,,,,,,,,7.776237623762376e-07,18519,,,,,,,,,
61,,,,,,,,,,18519,0.0011032393667846918,,,,,,,,
,,,,,,,,,7.772937293729372e-07,18524,,,,,,,,,
61,,,,,,,,,,18524,0.023444034159183502,,,,,,,,
,,,,,,,,,7.769636963696369e-07,18529,,,,,,,,,
61,,,,,,,,,,18529,0.005344876088202,,,,,,,,
,,,,,,,,,7.766336633663366e-07,18534,,,,,,,,,
61,,,,,,,,,,18534,0.005213436204940081,,,,,,,,
,,,,,,,,,7.763036303630362e-07,18539,,,,,,,,,
61,,,,,,,,,,18539,0.005883124656975269,,,,,,,,
,,,,,,,,,7.759735973597359e-07,18544,,,,,,,,,
61,,,,,,,,,,18544,0.02936347760260105,,,,,,,,
,,,,,,,,,7.756435643564356e-07,18549,,,,,,,,,
61,,,,,,,,,,18549,0.001448529539629817,,,,,,,,
,,,,,,,,,7.753135313531353e-07,18554,,,,,,,,,
61,,,,,,,,,,18554,0.0033371932804584503,,,,,,,,
,,,,,,,,,7.749834983498349e-07,18559,,,,,,,,,
61,,,,,,,,,,18559,0.0033927124459296465,,,,,,,,
,,,,,,,,,7.746534653465347e-07,18564,,,,,,,,,
61,,,,,,,,,,18564,0.05212826281785965,,,,,,,,
,,,,,,,,,7.743234323432343e-07,18569,,,,,,,,,
61,,,,,,,,,,18569,0.029362153261899948,,,,,,,,
,,,,,,,,,7.739933993399339e-07,18574,,,,,,,,,
61,,,,,,,,,,18574,0.0041874987073242664,,,,,,,,
,,,,,,,,,7.736633663366336e-07,18579,,,,,,,,,
61,,,,,,,,,,18579,0.008466019295156002,,,,,,,,
,,,,,,,,,7.733333333333333e-07,18584,,,,,,,,,
61,,,,,,,,,,18584,0.00219913711771369,,,,,,,,
,,,,,,,,,7.730033003300329e-07,18589,,,,,,,,,
61,,,,,,,,,,18589,0.043382130563259125,,,,,,,,
,,,,,,,,,7.726732673267326e-07,18594,,,,,,,,,
61,,,,,,,,,,18594,0.0062041194178164005,,,,,,,,
,,,,,,,,,7.723432343234322e-07,18599,,,,,,,,,
61,,,,,,,,,,18599,0.012620337307453156,,,,,,,,
,,,,,,,,,7.720132013201319e-07,18604,,,,,,,,,
61,,,,,,,,,,18604,0.011304636485874653,,,,,,,,
,,,,,,,,,7.716831683168317e-07,18609,,,,,,,,,
61,,,,,,,,,,18609,0.0022275319788604975,,,,,,,,
,,,,,,,,,7.713531353135313e-07,18614,,,,,,,,,
61,,,,,,,,,,18614,0.027041975408792496,,,,,,,,
,,,,,,,,,7.71023102310231e-07,18619,,,,,,,,,
61,,,,,,,,,,18619,0.01027716789394617,,,,,,,,
,,,,,,,,,7.706930693069307e-07,18624,,,,,,,,,
61,,,,,,,,,,18624,0.024283474311232567,,,,,,,,
,,,,,,,,,7.703630363036303e-07,18629,,,,,,,,,
61,,,,,,,,,,18629,0.004078005440533161,,,,,,,,
,,,,,,,,,7.7003300330033e-07,18634,,,,,,,,,
61,,,,,,,,,,18634,0.01489104051142931,,,,,,,,
,,,,,,,,,7.697029702970297e-07,18639,,,,,,,,,
61,,,,,,,,,,18639,0.011482063680887222,,,,,,,,
,,,,,,,,,7.693729372937293e-07,18644,,,,,,,,,
61,,,,,,,,,,18644,0.009969491511583328,,,,,,,,
,,,,,,,,,7.69042904290429e-07,18649,,,,,,,,,
61,,,,,,,,,,18649,0.05049630254507065,,,,,,,,
,,,,,,,,,7.687128712871286e-07,18654,,,,,,,,,
61,,,,,,,,,,18654,0.014516683295369148,,,,,,,,
,,,,,,,,,7.683828382838284e-07,18659,,,,,,,,,
61,,,,,,,,,,18659,0.043881434947252274,,,,,,,,
,,,,,,,,,7.680528052805281e-07,18664,,,,,,,,,
61,,,,,,,,,,18664,0.008736683987081051,,,,,,,,
,,,,,,,,,7.677227722772277e-07,18669,,,,,,,,,
61,,,,,,,,,,18669,0.021807236596941948,,,,,,,,
,,,,,,,,,7.673927392739274e-07,18674,,,,,,,,,
61,,,,,,,,,,18674,0.014629049226641655,,,,,,,,
,,,,,,,,,7.670627062706271e-07,18679,,,,,,,,,
61,,,,,,,,,,18679,0.01137466263025999,,,,,,,,
,,,,,,,,,7.667326732673267e-07,18684,,,,,,,,,
61,,,,,,,,,,18684,0.05943373218178749,,,,,,,,
,,,,,,,,,7.664026402640263e-07,18689,,,,,,,,,
61,,,,,,,,,,18689,0.019085386767983437,,,,,,,,
,,,,,,,,,7.660726072607261e-07,18694,,,,,,,,,
61,,,,,,,,,,18694,0.009347976185381413,,,,,,,,
,,,,,,,,,7.657425742574257e-07,18699,,,,,,,,,
61,,,,,,,,,,18699,0.007714948151260614,,,,,,,,
,,,,,,,,,7.654125412541253e-07,18704,,,,,,,,,
61,,,,,,,,,,18704,0.011016211472451687,,,,,,,,
,,,,,,,,,7.65082508250825e-07,18709,,,,,,,,,
61,,,,,,,,,,18709,0.005913677625358105,,,,,,,,
,,,,,,,,,7.647524752475248e-07,18714,,,,,,,,,
61,,,,,,,,,,18714,0.011468501761555672,,,,,,,,
,,,,,,,,,7.644224422442244e-07,18719,,,,,,,,,
61,,,,,,,,,,18719,0.016335416585206985,,,,,,,,
,,,,,,,,,7.640924092409241e-07,18724,,,,,,,,,
61,,,,,,,,,,18724,0.02813323214650154,,,,,,,,
,,,,,,,,,7.637623762376238e-07,18729,,,,,,,,,
61,,,,,,,,,,18729,0.007321314886212349,,,,,,,,
,,,,,,,,,7.634323432343234e-07,18734,,,,,,,,,
61,,,,,,,,,,18734,0.019482610747218132,,,,,,,,
,,,,,,,,,7.631023102310231e-07,18739,,,,,,,,,
61,,,,,,,,,,18739,0.03384719043970108,,,,,,,,
,,,,,,,,,7.627722772277227e-07,18744,,,,,,,,,
61,,,,,,,,,,18744,0.013665325939655304,,,,,,,,
,,,,,,,,,7.624422442244224e-07,18749,,,,,,,,,
61,,,,,,,,,,18749,0.01264909002929926,,,,,,,,
,,,,,,,,,7.621122112211221e-07,18754,,,,,,,,,
61,,,,,,,,,,18754,0.008141295053064823,,,,,,,,
,,,,,,,,,7.617821782178217e-07,18759,,,,,,,,,
61,,,,,,,,,,18759,0.01751873642206192,,,,,,,,
,,,,,,,,,7.614521452145213e-07,18764,,,,,,,,,
61,,,,,,,,,,18764,0.006172982510179281,,,,,,,,
,,,,,,,,,7.611221122112212e-07,18769,,,,,,,,,
61,,,,,,,,,,18769,0.02043776586651802,,,,,,,,
,,,,,,,,,7.607920792079208e-07,18774,,,,,,,,,
61,,,,,,,,,,18774,0.026130985468626022,,,,,,,,
,,,,,,,,,7.604620462046204e-07,18779,,,,,,,,,
61,,,,,,,,,,18779,0.016995377838611603,,,,,,,,
,,,,,,,,,7.601320132013202e-07,18784,,,,,,,,,
61,,,,,,,,,,18784,0.011958764865994453,,,,,,,,
61,,,,,,,,,,18785,,0.699999988079071,0.7362637519836426,0.08100923895835876,0.08100923895835876,0.4355853199958801,0.72826087474823,0.7444444298744202,0.4342392385005951
,,,,,,,,,7.598019801980198e-07,18789,,,,,,,,,
62,,,,,,,,,,18789,0.03207709267735481,,,,,,,,
,,,,,,,,,7.594719471947194e-07,18794,,,,,,,,,
62,,,,,,,,,,18794,0.01771973818540573,,,,,,,,
,,,,,,,,,7.591419141914191e-07,18799,,,,,,,,,
62,,,,,,,,,,18799,0.005822216160595417,,,,,,,,
,,,,,,,,,7.588118811881188e-07,18804,,,,,,,,,
62,,,,,,,,,,18804,0.018920855596661568,,,,,,,,
,,,,,,,,,7.584818481848184e-07,18809,,,,,,,,,
62,,,,,,,,,,18809,0.023456186056137085,,,,,,,,
,,,,,,,,,7.581518151815181e-07,18814,,,,,,,,,
62,,,,,,,,,,18814,0.01775400899350643,,,,,,,,
,,,,,,,,,7.578217821782177e-07,18819,,,,,,,,,
62,,,,,,,,,,18819,0.016694027930498123,,,,,,,,
,,,,,,,,,7.574917491749175e-07,18824,,,,,,,,,
62,,,,,,,,,,18824,0.012697624042630196,,,,,,,,
,,,,,,,,,7.571617161716172e-07,18829,,,,,,,,,
62,,,,,,,,,,18829,0.017525747418403625,,,,,,,,
,,,,,,,,,7.568316831683168e-07,18834,,,,,,,,,
62,,,,,,,,,,18834,0.029298871755599976,,,,,,,,
,,,,,,,,,7.565016501650165e-07,18839,,,,,,,,,
62,,,,,,,,,,18839,0.03173619136214256,,,,,,,,
,,,,,,,,,7.561716171617162e-07,18844,,,,,,,,,
62,,,,,,,,,,18844,0.01957845129072666,,,,,,,,
,,,,,,,,,7.558415841584158e-07,18849,,,,,,,,,
62,,,,,,,,,,18849,0.01380870770663023,,,,,,,,
,,,,,,,,,7.555115511551154e-07,18854,,,,,,,,,
62,,,,,,,,,,18854,0.007560047786682844,,,,,,,,
,,,,,,,,,7.551815181518152e-07,18859,,,,,,,,,
62,,,,,,,,,,18859,0.018466796725988388,,,,,,,,
,,,,,,,,,7.548514851485148e-07,18864,,,,,,,,,
62,,,,,,,,,,18864,0.013889187015593052,,,,,,,,
,,,,,,,,,7.545214521452144e-07,18869,,,,,,,,,
62,,,,,,,,,,18869,0.023264629766345024,,,,,,,,
,,,,,,,,,7.541914191419142e-07,18874,,,,,,,,,
62,,,,,,,,,,18874,0.015157484449446201,,,,,,,,
,,,,,,,,,7.538613861386139e-07,18879,,,,,,,,,
62,,,,,,,,,,18879,0.007190909702330828,,,,,,,,
,,,,,,,,,7.535313531353135e-07,18884,,,,,,,,,
62,,,,,,,,,,18884,0.021595098078250885,,,,,,,,
,,,,,,,,,7.532013201320132e-07,18889,,,,,,,,,
62,,,,,,,,,,18889,0.01669817417860031,,,,,,,,
,,,,,,,,,7.528712871287129e-07,18894,,,,,,,,,
62,,,,,,,,,,18894,0.0039296383038163185,,,,,,,,
,,,,,,,,,7.525412541254125e-07,18899,,,,,,,,,
62,,,,,,,,,,18899,0.0013691940112039447,,,,,,,,
,,,,,,,,,7.522112211221122e-07,18904,,,,,,,,,
62,,,,,,,,,,18904,0.011517846956849098,,,,,,,,
,,,,,,,,,7.518811881188118e-07,18909,,,,,,,,,
62,,,,,,,,,,18909,0.02974364161491394,,,,,,,,
,,,,,,,,,7.515511551155115e-07,18914,,,,,,,,,
62,,,,,,,,,,18914,0.021363480016589165,,,,,,,,
,,,,,,,,,7.512211221122112e-07,18919,,,,,,,,,
62,,,,,,,,,,18919,0.012134725227952003,,,,,,,,
,,,,,,,,,7.508910891089108e-07,18924,,,,,,,,,
62,,,,,,,,,,18924,0.027263004332780838,,,,,,,,
,,,,,,,,,7.505610561056105e-07,18929,,,,,,,,,
62,,,,,,,,,,18929,0.016440782696008682,,,,,,,,
,,,,,,,,,7.502310231023103e-07,18934,,,,,,,,,
62,,,,,,,,,,18934,0.034893594682216644,,,,,,,,
,,,,,,,,,7.499009900990099e-07,18939,,,,,,,,,
62,,,,,,,,,,18939,0.05813096463680267,,,,,,,,
,,,,,,,,,7.495709570957095e-07,18944,,,,,,,,,
62,,,,,,,,,,18944,0.004991211462765932,,,,,,,,
,,,,,,,,,7.492409240924093e-07,18949,,,,,,,,,
62,,,,,,,,,,18949,0.008185235783457756,,,,,,,,
,,,,,,,,,7.489108910891089e-07,18954,,,,,,,,,
62,,,,,,,,,,18954,0.01697564870119095,,,,,,,,
,,,,,,,,,7.485808580858085e-07,18959,,,,,,,,,
62,,,,,,,,,,18959,0.009169576689600945,,,,,,,,
,,,,,,,,,7.482508250825082e-07,18964,,,,,,,,,
62,,,,,,,,,,18964,0.03924551606178284,,,,,,,,
,,,,,,,,,7.479207920792079e-07,18969,,,,,,,,,
62,,,,,,,,,,18969,0.0031072923447936773,,,,,,,,
,,,,,,,,,7.475907590759075e-07,18974,,,,,,,,,
62,,,,,,,,,,18974,0.0017759923357516527,,,,,,,,
,,,,,,,,,7.472607260726072e-07,18979,,,,,,,,,
62,,,,,,,,,,18979,0.01209084689617157,,,,,,,,
,,,,,,,,,7.469306930693069e-07,18984,,,,,,,,,
62,,,,,,,,,,18984,0.023509494960308075,,,,,,,,
,,,,,,,,,7.466006600660066e-07,18989,,,,,,,,,
62,,,,,,,,,,18989,0.03193894401192665,,,,,,,,
,,,,,,,,,7.462706270627063e-07,18994,,,,,,,,,
62,,,,,,,,,,18994,0.01227941457182169,,,,,,,,
,,,,,,,,,7.459405940594059e-07,18999,,,,,,,,,
62,,,,,,,,,,18999,0.02358415350317955,,,,,,,,
,,,,,,,,,7.456105610561055e-07,19004,,,,,,,,,
62,,,,,,,,,,19004,0.004943124949932098,,,,,,,,
,,,,,,,,,7.452805280528053e-07,19009,,,,,,,,,
62,,,,,,,,,,19009,0.0016240610275417566,,,,,,,,
,,,,,,,,,7.449504950495049e-07,19014,,,,,,,,,
62,,,,,,,,,,19014,0.025710508227348328,,,,,,,,
,,,,,,,,,7.446204620462045e-07,19019,,,,,,,,,
62,,,,,,,,,,19019,0.002631529001519084,,,,,,,,
,,,,,,,,,7.442904290429043e-07,19024,,,,,,,,,
62,,,,,,,,,,19024,0.01586250588297844,,,,,,,,
,,,,,,,,,7.439603960396039e-07,19029,,,,,,,,,
62,,,,,,,,,,19029,0.008895213715732098,,,,,,,,
,,,,,,,,,7.436303630363035e-07,19034,,,,,,,,,
62,,,,,,,,,,19034,0.030912473797798157,,,,,,,,
,,,,,,,,,7.433003300330033e-07,19039,,,,,,,,,
62,,,,,,,,,,19039,0.024125298485159874,,,,,,,,
,,,,,,,,,7.42970297029703e-07,19044,,,,,,,,,
62,,,,,,,,,,19044,0.013386303558945656,,,,,,,,
,,,,,,,,,7.426402640264026e-07,19049,,,,,,,,,
62,,,,,,,,,,19049,0.02215662971138954,,,,,,,,
,,,,,,,,,7.423102310231023e-07,19054,,,,,,,,,
62,,,,,,,,,,19054,0.0033173896372318268,,,,,,,,
,,,,,,,,,7.419801980198019e-07,19059,,,,,,,,,
62,,,,,,,,,,19059,0.012333029881119728,,,,,,,,
,,,,,,,,,7.416501650165016e-07,19064,,,,,,,,,
62,,,,,,,,,,19064,0.020912885665893555,,,,,,,,
,,,,,,,,,7.413201320132013e-07,19069,,,,,,,,,
62,,,,,,,,,,19069,0.006293357349932194,,,,,,,,
,,,,,,,,,7.409900990099009e-07,19074,,,,,,,,,
62,,,,,,,,,,19074,0.0039879740215837955,,,,,,,,
,,,,,,,,,7.406600660066005e-07,19079,,,,,,,,,
62,,,,,,,,,,19079,0.017993580549955368,,,,,,,,
,,,,,,,,,7.403300330033003e-07,19084,,,,,,,,,
62,,,,,,,,,,19084,0.007342490367591381,,,,,,,,
62,,,,,,,,,,19088,,0.6875,0.72826087474823,0.08023349940776825,0.08023349940776825,0.4407601058483124,0.7127659320831299,0.7444444298744202,0.43833988904953003
,,,,,,,,,7.4e-07,19089,,,,,,,,,
63,,,,,,,,,,19089,0.0064752185717225075,,,,,,,,
,,,,,,,,,7.396699669966996e-07,19094,,,,,,,,,
63,,,,,,,,,,19094,0.008336128666996956,,,,,,,,
,,,,,,,,,7.393399339933994e-07,19099,,,,,,,,,
63,,,,,,,,,,19099,0.005249994806945324,,,,,,,,
,,,,,,,,,7.39009900990099e-07,19104,,,,,,,,,
63,,,,,,,,,,19104,0.020229745656251907,,,,,,,,
,,,,,,,,,7.386798679867986e-07,19109,,,,,,,,,
63,,,,,,,,,,19109,0.0066148824989795685,,,,,,,,
,,,,,,,,,7.383498349834983e-07,19114,,,,,,,,,
63,,,,,,,,,,19114,0.019101306796073914,,,,,,,,
,,,,,,,,,7.38019801980198e-07,19119,,,,,,,,,
63,,,,,,,,,,19119,0.019805923104286194,,,,,,,,
,,,,,,,,,7.376897689768976e-07,19124,,,,,,,,,
63,,,,,,,,,,19124,0.014005440287292004,,,,,,,,
,,,,,,,,,7.373597359735973e-07,19129,,,,,,,,,
63,,,,,,,,,,19129,0.01564680226147175,,,,,,,,
,,,,,,,,,7.37029702970297e-07,19134,,,,,,,,,
63,,,,,,,,,,19134,0.011969534680247307,,,,,,,,
,,,,,,,,,7.366996699669966e-07,19139,,,,,,,,,
63,,,,,,,,,,19139,0.023819593712687492,,,,,,,,
,,,,,,,,,7.363696369636964e-07,19144,,,,,,,,,
63,,,,,,,,,,19144,0.013138970360159874,,,,,,,,
,,,,,,,,,7.36039603960396e-07,19149,,,,,,,,,
63,,,,,,,,,,19149,0.010765684768557549,,,,,,,,
,,,,,,,,,7.357095709570957e-07,19154,,,,,,,,,
63,,,,,,,,,,19154,0.005277118179947138,,,,,,,,
,,,,,,,,,7.353795379537954e-07,19159,,,,,,,,,
63,,,,,,,,,,19159,0.014867369085550308,,,,,,,,
,,,,,,,,,7.35049504950495e-07,19164,,,,,,,,,
63,,,,,,,,,,19164,0.025914523750543594,,,,,,,,
,,,,,,,,,7.347194719471946e-07,19169,,,,,,,,,
63,,,,,,,,,,19169,0.007546090520918369,,,,,,,,
,,,,,,,,,7.343894389438944e-07,19174,,,,,,,,,
63,,,,,,,,,,19174,0.017607636749744415,,,,,,,,
,,,,,,,,,7.34059405940594e-07,19179,,,,,,,,,
63,,,,,,,,,,19179,0.009212893433868885,,,,,,,,
,,,,,,,,,7.337293729372936e-07,19184,,,,,,,,,
63,,,,,,,,,,19184,0.0028626054991036654,,,,,,,,
,,,,,,,,,7.333993399339933e-07,19189,,,,,,,,,
63,,,,,,,,,,19189,0.005303783807903528,,,,,,,,
,,,,,,,,,7.33069306930693e-07,19194,,,,,,,,,
63,,,,,,,,,,19194,0.039775550365448,,,,,,,,
,,,,,,,,,7.327392739273927e-07,19199,,,,,,,,,
63,,,,,,,,,,19199,0.005115625914186239,,,,,,,,
,,,,,,,,,7.324092409240924e-07,19204,,,,,,,,,
63,,,,,,,,,,19204,0.04254087433218956,,,,,,,,
,,,,,,,,,7.320792079207921e-07,19209,,,,,,,,,
63,,,,,,,,,,19209,0.008305050432682037,,,,,,,,
,,,,,,,,,7.317491749174917e-07,19214,,,,,,,,,
63,,,,,,,,,,19214,0.05118132382631302,,,,,,,,
,,,,,,,,,7.314191419141914e-07,19219,,,,,,,,,
63,,,,,,,,,,19219,0.020908113569021225,,,,,,,,
,,,,,,,,,7.31089108910891e-07,19224,,,,,,,,,
63,,,,,,,,,,19224,0.03196972981095314,,,,,,,,
,,,,,,,,,7.307590759075907e-07,19229,,,,,,,,,
63,,,,,,,,,,19229,0.0070719607174396515,,,,,,,,
,,,,,,,,,7.304290429042904e-07,19234,,,,,,,,,
63,,,,,,,,,,19234,0.006480306386947632,,,,,,,,
,,,,,,,,,7.3009900990099e-07,19239,,,,,,,,,
63,,,,,,,,,,19239,0.009218772873282433,,,,,,,,
,,,,,,,,,7.297689768976896e-07,19244,,,,,,,,,
63,,,,,,,,,,19244,0.017093539237976074,,,,,,,,
,,,,,,,,,7.294389438943895e-07,19249,,,,,,,,,
63,,,,,,,,,,19249,0.015943065285682678,,,,,,,,
,,,,,,,,,7.291089108910891e-07,19254,,,,,,,,,
63,,,,,,,,,,19254,0.014771084301173687,,,,,,,,
,,,,,,,,,7.287788778877888e-07,19259,,,,,,,,,
63,,,,,,,,,,19259,0.034601788967847824,,,,,,,,
,,,,,,,,,7.284488448844885e-07,19264,,,,,,,,,
63,,,,,,,,,,19264,0.021300068125128746,,,,,,,,
,,,,,,,,,7.281188118811881e-07,19269,,,,,,,,,
63,,,,,,,,,,19269,0.02401871420443058,,,,,,,,
,,,,,,,,,7.277887788778878e-07,19274,,,,,,,,,
63,,,,,,,,,,19274,0.01056508719921112,,,,,,,,
,,,,,,,,,7.274587458745874e-07,19279,,,,,,,,,
63,,,,,,,,,,19279,0.001974180806428194,,,,,,,,
,,,,,,,,,7.271287128712871e-07,19284,,,,,,,,,
63,,,,,,,,,,19284,0.008104654029011726,,,,,,,,
,,,,,,,,,7.267986798679868e-07,19289,,,,,,,,,
63,,,,,,,,,,19289,0.022069763392210007,,,,,,,,
,,,,,,,,,7.264686468646864e-07,19294,,,,,,,,,
63,,,,,,,,,,19294,0.03539104759693146,,,,,,,,
,,,,,,,,,7.26138613861386e-07,19299,,,,,,,,,
63,,,,,,,,,,19299,0.009877958334982395,,,,,,,,
,,,,,,,,,7.258085808580859e-07,19304,,,,,,,,,
63,,,,,,,,,,19304,0.0020389403216540813,,,,,,,,
,,,,,,,,,7.254785478547855e-07,19309,,,,,,,,,
63,,,,,,,,,,19309,0.012528407387435436,,,,,,,,
,,,,,,,,,7.251485148514851e-07,19314,,,,,,,,,
63,,,,,,,,,,19314,0.05731416866183281,,,,,,,,
,,,,,,,,,7.248184818481849e-07,19319,,,,,,,,,
63,,,,,,,,,,19319,0.008139346726238728,,,,,,,,
,,,,,,,,,7.244884488448845e-07,19324,,,,,,,,,
63,,,,,,,,,,19324,0.00559850363060832,,,,,,,,
,,,,,,,,,7.241584158415841e-07,19329,,,,,,,,,
63,,,,,,,,,,19329,0.005834743846207857,,,,,,,,
,,,,,,,,,7.238283828382838e-07,19334,,,,,,,,,
63,,,,,,,,,,19334,0.019688643515110016,,,,,,,,
,,,,,,,,,7.234983498349835e-07,19339,,,,,,,,,
63,,,,,,,,,,19339,0.009964337572455406,,,,,,,,
,,,,,,,,,7.231683168316831e-07,19344,,,,,,,,,
63,,,,,,,,,,19344,0.01885874755680561,,,,,,,,
,,,,,,,,,7.228382838283828e-07,19349,,,,,,,,,
63,,,,,,,,,,19349,0.051147107034921646,,,,,,,,
,,,,,,,,,7.225082508250824e-07,19354,,,,,,,,,
63,,,,,,,,,,19354,0.016893601045012474,,,,,,,,
,,,,,,,,,7.221782178217822e-07,19359,,,,,,,,,
63,,,,,,,,,,19359,0.018876537680625916,,,,,,,,
,,,,,,,,,7.218481848184819e-07,19364,,,,,,,,,
63,,,,,,,,,,19364,0.0321216881275177,,,,,,,,
,,,,,,,,,7.215181518151815e-07,19369,,,,,,,,,
63,,,,,,,,,,19369,0.03339515998959541,,,,,,,,
,,,,,,,,,7.211881188118811e-07,19374,,,,,,,,,
63,,,,,,,,,,19374,0.038068726658821106,,,,,,,,
,,,,,,,,,7.208580858085809e-07,19379,,,,,,,,,
63,,,,,,,,,,19379,0.065791055560112,,,,,,,,
,,,,,,,,,7.205280528052805e-07,19384,,,,,,,,,
63,,,,,,,,,,19384,0.016387000679969788,,,,,,,,
,,,,,,,,,7.201980198019801e-07,19389,,,,,,,,,
63,,,,,,,,,,19389,0.01205966342240572,,,,,,,,
63,,,,,,,,,,19391,,0.6875,0.7311828136444092,0.08207620680332184,0.08207620680332184,0.43589940667152405,0.7083333134651184,0.7555555701255798,0.4345325529575348
,,,,,,,,,7.198679867986799e-07,19394,,,,,,,,,
64,,,,,,,,,,19394,0.015253785066306591,,,,,,,,
,,,,,,,,,7.195379537953795e-07,19399,,,,,,,,,
64,,,,,,,,,,19399,0.03079640120267868,,,,,,,,
,,,,,,,,,7.192079207920791e-07,19404,,,,,,,,,
64,,,,,,,,,,19404,0.02446840889751911,,,,,,,,
,,,,,,,,,7.188778877887788e-07,19409,,,,,,,,,
64,,,,,,,,,,19409,0.009430448524653912,,,,,,,,
,,,,,,,,,7.185478547854786e-07,19414,,,,,,,,,
64,,,,,,,,,,19414,0.009671644307672977,,,,,,,,
,,,,,,,,,7.182178217821782e-07,19419,,,,,,,,,
64,,,,,,,,,,19419,0.006997032091021538,,,,,,,,
,,,,,,,,,7.178877887788779e-07,19424,,,,,,,,,
64,,,,,,,,,,19424,0.005621229764074087,,,,,,,,
,,,,,,,,,7.175577557755775e-07,19429,,,,,,,,,
64,,,,,,,,,,19429,0.02011970430612564,,,,,,,,
,,,,,,,,,7.172277227722772e-07,19434,,,,,,,,,
64,,,,,,,,,,19434,0.011582067236304283,,,,,,,,
,,,,,,,,,7.168976897689769e-07,19439,,,,,,,,,
64,,,,,,,,,,19439,0.0033574241679161787,,,,,,,,
,,,,,,,,,7.165676567656765e-07,19444,,,,,,,,,
64,,,,,,,,,,19444,0.006882547866553068,,,,,,,,
,,,,,,,,,7.162376237623762e-07,19449,,,,,,,,,
64,,,,,,,,,,19449,0.016393180936574936,,,,,,,,
,,,,,,,,,7.159075907590759e-07,19454,,,,,,,,,
64,,,,,,,,,,19454,0.016746848821640015,,,,,,,,
,,,,,,,,,7.155775577557755e-07,19459,,,,,,,,,
64,,,,,,,,,,19459,0.006649348419159651,,,,,,,,
,,,,,,,,,7.152475247524751e-07,19464,,,,,,,,,
64,,,,,,,,,,19464,0.008681933395564556,,,,,,,,
,,,,,,,,,7.14917491749175e-07,19469,,,,,,,,,
64,,,,,,,,,,19469,0.0168924480676651,,,,,,,,
,,,,,,,,,7.145874587458746e-07,19474,,,,,,,,,
64,,,,,,,,,,19474,0.014977057464420795,,,,,,,,
,,,,,,,,,7.142574257425742e-07,19479,,,,,,,,,
64,,,,,,,,,,19479,0.032230447977781296,,,,,,,,
,,,,,,,,,7.13927392739274e-07,19484,,,,,,,,,
64,,,,,,,,,,19484,0.015135756693780422,,,,,,,,
,,,,,,,,,7.135973597359736e-07,19489,,,,,,,,,
64,,,,,,,,,,19489,0.002918802434578538,,,,,,,,
,,,,,,,,,7.132673267326732e-07,19494,,,,,,,,,
64,,,,,,,,,,19494,0.01022643968462944,,,,,,,,
,,,,,,,,,7.129372937293729e-07,19499,,,,,,,,,
64,,,,,,,,,,19499,0.016796501353383064,,,,,,,,
,,,,,,,,,7.126072607260726e-07,19504,,,,,,,,,
64,,,,,,,,,,19504,0.04367256909608841,,,,,,,,
,,,,,,,,,7.122772277227722e-07,19509,,,,,,,,,
64,,,,,,,,,,19509,0.019910048693418503,,,,,,,,
,,,,,,,,,7.119471947194719e-07,19514,,,,,,,,,
64,,,,,,,,,,19514,0.023268137127161026,,,,,,,,
,,,,,,,,,7.116171617161716e-07,19519,,,,,,,,,
64,,,,,,,,,,19519,0.008228023536503315,,,,,,,,
,,,,,,,,,7.112871287128713e-07,19524,,,,,,,,,
64,,,,,,,,,,19524,0.02440611831843853,,,,,,,,
,,,,,,,,,7.10957095709571e-07,19529,,,,,,,,,
64,,,,,,,,,,19529,0.011114856228232384,,,,,,,,
,,,,,,,,,7.106270627062706e-07,19534,,,,,,,,,
64,,,,,,,,,,19534,0.015976782888174057,,,,,,,,
,,,,,,,,,7.102970297029702e-07,19539,,,,,,,,,
64,,,,,,,,,,19539,0.028738958761096,,,,,,,,
,,,,,,,,,7.0996699669967e-07,19544,,,,,,,,,
64,,,,,,,,,,19544,0.023427389562129974,,,,,,,,
,,,,,,,,,7.096369636963696e-07,19549,,,,,,,,,
64,,,,,,,,,,19549,0.0026476772036403418,,,,,,,,
,,,,,,,,,7.093069306930692e-07,19554,,,,,,,,,
64,,,,,,,,,,19554,0.02402263507246971,,,,,,,,
,,,,,,,,,7.08976897689769e-07,19559,,,,,,,,,
64,,,,,,,,,,19559,0.008712303824722767,,,,,,,,
,,,,,,,,,7.086468646864686e-07,19564,,,,,,,,,
64,,,,,,,,,,19564,0.001922290655784309,,,,,,,,
,,,,,,,,,7.083168316831682e-07,19569,,,,,,,,,
64,,,,,,,,,,19569,0.021140381693840027,,,,,,,,
,,,,,,,,,7.07986798679868e-07,19574,,,,,,,,,
64,,,,,,,,,,19574,0.017011811956763268,,,,,,,,
,,,,,,,,,7.076567656765677e-07,19579,,,,,,,,,
64,,,,,,,,,,19579,0.015670599415898323,,,,,,,,
,,,,,,,,,7.073267326732673e-07,19584,,,,,,,,,
64,,,,,,,,,,19584,0.010363144800066948,,,,,,,,
,,,,,,,,,7.06996699669967e-07,19589,,,,,,,,,
64,,,,,,,,,,19589,0.015206566080451012,,,,,,,,
,,,,,,,,,7.066666666666666e-07,19594,,,,,,,,,
64,,,,,,,,,,19594,0.020156655460596085,,,,,,,,
,,,,,,,,,7.063366336633663e-07,19599,,,,,,,,,
64,,,,,,,,,,19599,0.01690722443163395,,,,,,,,
,,,,,,,,,7.06006600660066e-07,19604,,,,,,,,,
64,,,,,,,,,,19604,0.018167613074183464,,,,,,,,
,,,,,,,,,7.056765676567656e-07,19609,,,,,,,,,
64,,,,,,,,,,19609,0.008725984953343868,,,,,,,,
,,,,,,,,,7.053465346534652e-07,19614,,,,,,,,,
64,,,,,,,,,,19614,0.025205813348293304,,,,,,,,
,,,,,,,,,7.05016501650165e-07,19619,,,,,,,,,
64,,,,,,,,,,19619,0.003787962021306157,,,,,,,,
,,,,,,,,,7.046864686468646e-07,19624,,,,,,,,,
64,,,,,,,,,,19624,0.016770370304584503,,,,,,,,
,,,,,,,,,7.043564356435643e-07,19629,,,,,,,,,
64,,,,,,,,,,19629,0.003714305115863681,,,,,,,,
,,,,,,,,,7.040264026402641e-07,19634,,,,,,,,,
64,,,,,,,,,,19634,0.014131111092865467,,,,,,,,
,,,,,,,,,7.036963696369637e-07,19639,,,,,,,,,
64,,,,,,,,,,19639,0.020853323861956596,,,,,,,,
,,,,,,,,,7.033663366336633e-07,19644,,,,,,,,,
64,,,,,,,,,,19644,0.0051909382455050945,,,,,,,,
,,,,,,,,,7.03036303630363e-07,19649,,,,,,,,,
64,,,,,,,,,,19649,0.005316898692399263,,,,,,,,
,,,,,,,,,7.027062706270627e-07,19654,,,,,,,,,
64,,,,,,,,,,19654,0.017472269013524055,,,,,,,,
,,,,,,,,,7.023762376237623e-07,19659,,,,,,,,,
64,,,,,,,,,,19659,0.0050771888345479965,,,,,,,,
,,,,,,,,,7.02046204620462e-07,19664,,,,,,,,,
64,,,,,,,,,,19664,0.01644172891974449,,,,,,,,
,,,,,,,,,7.017161716171616e-07,19669,,,,,,,,,
64,,,,,,,,,,19669,0.0019998333882540464,,,,,,,,
,,,,,,,,,7.013861386138613e-07,19674,,,,,,,,,
64,,,,,,,,,,19674,0.02105558291077614,,,,,,,,
,,,,,,,,,7.010561056105611e-07,19679,,,,,,,,,
64,,,,,,,,,,19679,0.05392652004957199,,,,,,,,
,,,,,,,,,7.007260726072607e-07,19684,,,,,,,,,
64,,,,,,,,,,19684,0.013030312955379486,,,,,,,,
,,,,,,,,,7.003960396039604e-07,19689,,,,,,,,,
64,,,,,,,,,,19689,0.012776702642440796,,,,,,,,
,,,,,,,,,7.000660066006601e-07,19694,,,,,,,,,
64,,,,,,,,,,19694,0.009538782760500908,,,,,,,,
64,,,,,,,,,,19694,,0.6875,0.7368420958518982,0.08071688562631607,0.08071688562631607,0.44894784688949585,0.699999988079071,0.7777777910232544,0.44552043080329895
,,,,,,,,,6.997359735973597e-07,19699,,,,,,,,,
65,,,,,,,,,,19699,0.014111044816672802,,,,,,,,
,,,,,,,,,6.994059405940593e-07,19704,,,,,,,,,
65,,,,,,,,,,19704,0.03904818370938301,,,,,,,,
,,,,,,,,,6.990759075907591e-07,19709,,,,,,,,,
65,,,,,,,,,,19709,0.011480696499347687,,,,,,,,
,,,,,,,,,6.987458745874587e-07,19714,,,,,,,,,
65,,,,,,,,,,19714,0.016920974478125572,,,,,,,,
,,,,,,,,,6.984158415841583e-07,19719,,,,,,,,,
65,,,,,,,,,,19719,0.007523718755692244,,,,,,,,
,,,,,,,,,6.98085808580858e-07,19724,,,,,,,,,
65,,,,,,,,,,19724,0.0039604660123586655,,,,,,,,
,,,,,,,,,6.977557755775577e-07,19729,,,,,,,,,
65,,,,,,,,,,19729,0.026595357805490494,,,,,,,,
,,,,,,,,,6.974257425742574e-07,19734,,,,,,,,,
65,,,,,,,,,,19734,0.05766061320900917,,,,,,,,
,,,,,,,,,6.970957095709571e-07,19739,,,,,,,,,
65,,,,,,,,,,19739,0.008733873255550861,,,,,,,,
,,,,,,,,,6.967656765676568e-07,19744,,,,,,,,,
65,,,,,,,,,,19744,0.004724767990410328,,,,,,,,
,,,,,,,,,6.964356435643564e-07,19749,,,,,,,,,
65,,,,,,,,,,19749,0.03518702834844589,,,,,,,,
,,,,,,,,,6.961056105610561e-07,19754,,,,,,,,,
65,,,,,,,,,,19754,0.030033867806196213,,,,,,,,
,,,,,,,,,6.957755775577557e-07,19759,,,,,,,,,
65,,,,,,,,,,19759,0.017556337639689445,,,,,,,,
,,,,,,,,,6.954455445544554e-07,19764,,,,,,,,,
65,,,,,,,,,,19764,0.015401423908770084,,,,,,,,
,,,,,,,,,6.951155115511551e-07,19769,,,,,,,,,
65,,,,,,,,,,19769,0.02315564639866352,,,,,,,,
,,,,,,,,,6.947854785478547e-07,19774,,,,,,,,,
65,,,,,,,,,,19774,0.03378548473119736,,,,,,,,
,,,,,,,,,6.944554455445543e-07,19779,,,,,,,,,
65,,,,,,,,,,19779,0.021660158410668373,,,,,,,,
,,,,,,,,,6.941254125412541e-07,19784,,,,,,,,,
65,,,,,,,,,,19784,0.006586296018213034,,,,,,,,
,,,,,,,,,6.937953795379538e-07,19789,,,,,,,,,
65,,,,,,,,,,19789,0.05087124556303024,,,,,,,,
,,,,,,,,,6.934653465346534e-07,19794,,,,,,,,,
65,,,,,,,,,,19794,0.014243103563785553,,,,,,,,
,,,,,,,,,6.931353135313532e-07,19799,,,,,,,,,
65,,,,,,,,,,19799,0.024431070312857628,,,,,,,,
,,,,,,,,,6.928052805280528e-07,19804,,,,,,,,,
65,,,,,,,,,,19804,0.018072601407766342,,,,,,,,
,,,,,,,,,6.924752475247524e-07,19809,,,,,,,,,
65,,,,,,,,,,19809,0.006217396818101406,,,,,,,,
,,,,,,,,,6.921452145214521e-07,19814,,,,,,,,,
65,,,,,,,,,,19814,0.014884588308632374,,,,,,,,
,,,,,,,,,6.918151815181518e-07,19819,,,,,,,,,
65,,,,,,,,,,19819,0.005874821450561285,,,,,,,,
,,,,,,,,,6.914851485148514e-07,19824,,,,,,,,,
65,,,,,,,,,,19824,0.027804194018244743,,,,,,,,
,,,,,,,,,6.911551155115511e-07,19829,,,,,,,,,
65,,,,,,,,,,19829,0.01886618137359619,,,,,,,,
,,,,,,,,,6.908250825082507e-07,19834,,,,,,,,,
65,,,,,,,,,,19834,0.006497458554804325,,,,,,,,
,,,,,,,,,6.904950495049504e-07,19839,,,,,,,,,
65,,,,,,,,,,19839,0.02673150971531868,,,,,,,,
,,,,,,,,,6.901650165016502e-07,19844,,,,,,,,,
65,,,,,,,,,,19844,0.028496650978922844,,,,,,,,
,,,,,,,,,6.898349834983498e-07,19849,,,,,,,,,
65,,,,,,,,,,19849,0.004790677689015865,,,,,,,,
,,,,,,,,,6.895049504950494e-07,19854,,,,,,,,,
65,,,,,,,,,,19854,0.01210587564855814,,,,,,,,
,,,,,,,,,6.891749174917492e-07,19859,,,,,,,,,
65,,,,,,,,,,19859,0.015019157901406288,,,,,,,,
,,,,,,,,,6.888448844884488e-07,19864,,,,,,,,,
65,,,,,,,,,,19864,0.0013947932748124003,,,,,,,,
,,,,,,,,,6.885148514851484e-07,19869,,,,,,,,,
65,,,,,,,,,,19869,0.009032674133777618,,,,,,,,
,,,,,,,,,6.881848184818482e-07,19874,,,,,,,,,
65,,,,,,,,,,19874,0.0035048234276473522,,,,,,,,
,,,,,,,,,6.878547854785478e-07,19879,,,,,,,,,
65,,,,,,,,,,19879,0.012779835611581802,,,,,,,,
,,,,,,,,,6.875247524752474e-07,19884,,,,,,,,,
65,,,,,,,,,,19884,0.014621149748563766,,,,,,,,
,,,,,,,,,6.871947194719471e-07,19889,,,,,,,,,
65,,,,,,,,,,19889,0.027072325348854065,,,,,,,,
,,,,,,,,,6.868646864686468e-07,19894,,,,,,,,,
65,,,,,,,,,,19894,0.013056717813014984,,,,,,,,
,,,,,,,,,6.865346534653466e-07,19899,,,,,,,,,
65,,,,,,,,,,19899,0.020698484033346176,,,,,,,,
,,,,,,,,,6.862046204620462e-07,19904,,,,,,,,,
65,,,,,,,,,,19904,0.02855413407087326,,,,,,,,
,,,,,,,,,6.858745874587458e-07,19909,,,,,,,,,
65,,,,,,,,,,19909,0.017525039613246918,,,,,,,,
,,,,,,,,,6.855445544554456e-07,19914,,,,,,,,,
65,,,,,,,,,,19914,0.019919736310839653,,,,,,,,
,,,,,,,,,6.852145214521452e-07,19919,,,,,,,,,
65,,,,,,,,,,19919,0.00801513995975256,,,,,,,,
,,,,,,,,,6.848844884488448e-07,19924,,,,,,,,,
65,,,,,,,,,,19924,0.019431862980127335,,,,,,,,
,,,,,,,,,6.845544554455446e-07,19929,,,,,,,,,
65,,,,,,,,,,19929,0.01796659827232361,,,,,,,,
,,,,,,,,,6.842244224422442e-07,19934,,,,,,,,,
65,,,,,,,,,,19934,0.010879706591367722,,,,,,,,
,,,,,,,,,6.838943894389438e-07,19939,,,,,,,,,
65,,,,,,,,,,19939,0.0160688366740942,,,,,,,,
,,,,,,,,,6.835643564356435e-07,19944,,,,,,,,,
65,,,,,,,,,,19944,0.005456037353724241,,,,,,,,
,,,,,,,,,6.832343234323433e-07,19949,,,,,,,,,
65,,,,,,,,,,19949,0.013578251004219055,,,,,,,,
,,,,,,,,,6.829042904290429e-07,19954,,,,,,,,,
65,,,,,,,,,,19954,0.02073742263019085,,,,,,,,
,,,,,,,,,6.825742574257426e-07,19959,,,,,,,,,
65,,,,,,,,,,19959,0.01850998029112816,,,,,,,,
,,,,,,,,,6.822442244224422e-07,19964,,,,,,,,,
65,,,,,,,,,,19964,0.011736285872757435,,,,,,,,
,,,,,,,,,6.819141914191419e-07,19969,,,,,,,,,
65,,,,,,,,,,19969,0.011456670239567757,,,,,,,,
,,,,,,,,,6.815841584158416e-07,19974,,,,,,,,,
65,,,,,,,,,,19974,0.033102814108133316,,,,,,,,
,,,,,,,,,6.812541254125412e-07,19979,,,,,,,,,
65,,,,,,,,,,19979,0.012181445024907589,,,,,,,,
,,,,,,,,,6.809240924092409e-07,19984,,,,,,,,,
65,,,,,,,,,,19984,0.011220930144190788,,,,,,,,
,,,,,,,,,6.805940594059406e-07,19989,,,,,,,,,
65,,,,,,,,,,19989,0.027960829436779022,,,,,,,,
,,,,,,,,,6.802640264026402e-07,19994,,,,,,,,,
65,,,,,,,,,,19994,0.017950337380170822,,,,,,,,
65,,,,,,,,,,19997,,0.6875,0.72826087474823,0.08220195025205612,0.08220195025205612,0.4319149851799011,0.7127659320831299,0.7444444298744202,0.43478479981422424
,,,,,,,,,6.799339933993398e-07,19999,,,,,,,,,
66,,,,,,,,,,19999,0.0031188763678073883,,,,,,,,
,,,,,,,,,6.796039603960397e-07,20004,,,,,,,,,
66,,,,,,,,,,20004,0.017251839861273766,,,,,,,,
,,,,,,,,,6.792739273927393e-07,20009,,,,,,,,,
66,,,,,,,,,,20009,0.0052381898276507854,,,,,,,,
,,,,,,,,,6.789438943894389e-07,20014,,,,,,,,,
66,,,,,,,,,,20014,0.0046461476013064384,,,,,,,,
,,,,,,,,,6.786138613861386e-07,20019,,,,,,,,,
66,,,,,,,,,,20019,0.034810107201337814,,,,,,,,
,,,,,,,,,6.782838283828383e-07,20024,,,,,,,,,
66,,,,,,,,,,20024,0.053775276988744736,,,,,,,,
,,,,,,,,,6.779537953795379e-07,20029,,,,,,,,,
66,,,,,,,,,,20029,0.032549019902944565,,,,,,,,
,,,,,,,,,6.776237623762376e-07,20034,,,,,,,,,
66,,,,,,,,,,20034,0.017066458240151405,,,,,,,,
,,,,,,,,,6.772937293729373e-07,20039,,,,,,,,,
66,,,,,,,,,,20039,0.009294466115534306,,,,,,,,
,,,,,,,,,6.769636963696369e-07,20044,,,,,,,,,
66,,,,,,,,,,20044,0.008312396705150604,,,,,,,,
,,,,,,,,,6.766336633663366e-07,20049,,,,,,,,,
66,,,,,,,,,,20049,0.013523834757506847,,,,,,,,
,,,,,,,,,6.763036303630362e-07,20054,,,,,,,,,
66,,,,,,,,,,20054,0.004918938968330622,,,,,,,,
,,,,,,,,,6.75973597359736e-07,20059,,,,,,,,,
66,,,,,,,,,,20059,0.026887299492955208,,,,,,,,
,,,,,,,,,6.756435643564357e-07,20064,,,,,,,,,
66,,,,,,,,,,20064,0.011054071597754955,,,,,,,,
,,,,,,,,,6.753135313531353e-07,20069,,,,,,,,,
66,,,,,,,,,,20069,0.012167854234576225,,,,,,,,
,,,,,,,,,6.749834983498349e-07,20074,,,,,,,,,
66,,,,,,,,,,20074,0.02925214171409607,,,,,,,,
,,,,,,,,,6.746534653465347e-07,20079,,,,,,,,,
66,,,,,,,,,,20079,0.01380353793501854,,,,,,,,
,,,,,,,,,6.743234323432343e-07,20084,,,,,,,,,
66,,,,,,,,,,20084,0.015893105417490005,,,,,,,,
,,,,,,,,,6.739933993399339e-07,20089,,,,,,,,,
66,,,,,,,,,,20089,0.0334443524479866,,,,,,,,
,,,,,,,,,6.736633663366337e-07,20094,,,,,,,,,
66,,,,,,,,,,20094,0.018162472173571587,,,,,,,,
,,,,,,,,,6.733333333333333e-07,20099,,,,,,,,,
66,,,,,,,,,,20099,0.01263132318854332,,,,,,,,
,,,,,,,,,6.730033003300329e-07,20104,,,,,,,,,
66,,,,,,,,,,20104,0.036662496626377106,,,,,,,,
,,,,,,,,,6.726732673267327e-07,20109,,,,,,,,,
66,,,,,,,,,,20109,0.01674485020339489,,,,,,,,
,,,,,,,,,6.723432343234324e-07,20114,,,,,,,,,
66,,,,,,,,,,20114,0.015422255732119083,,,,,,,,
,,,,,,,,,6.72013201320132e-07,20119,,,,,,,,,
66,,,,,,,,,,20119,0.02142884023487568,,,,,,,,
,,,,,,,,,6.716831683168317e-07,20124,,,,,,,,,
66,,,,,,,,,,20124,0.017496982589364052,,,,,,,,
,,,,,,,,,6.713531353135313e-07,20129,,,,,,,,,
66,,,,,,,,,,20129,0.021524561569094658,,,,,,,,
,,,,,,,,,6.71023102310231e-07,20134,,,,,,,,,
66,,,,,,,,,,20134,0.006029727403074503,,,,,,,,
,,,,,,,,,6.706930693069307e-07,20139,,,,,,,,,
66,,,,,,,,,,20139,0.009325304999947548,,,,,,,,
,,,,,,,,,6.703630363036303e-07,20144,,,,,,,,,
66,,,,,,,,,,20144,0.014400588348507881,,,,,,,,
,,,,,,,,,6.700330033003299e-07,20149,,,,,,,,,
66,,,,,,,,,,20149,0.007594956550747156,,,,,,,,
,,,,,,,,,6.697029702970297e-07,20154,,,,,,,,,
66,,,,,,,,,,20154,0.008326390758156776,,,,,,,,
,,,,,,,,,6.693729372937293e-07,20159,,,,,,,,,
66,,,,,,,,,,20159,0.00992629211395979,,,,,,,,
,,,,,,,,,6.69042904290429e-07,20164,,,,,,,,,
66,,,,,,,,,,20164,0.005864833481609821,,,,,,,,
,,,,,,,,,6.687128712871288e-07,20169,,,,,,,,,
66,,,,,,,,,,20169,0.01122160442173481,,,,,,,,
,,,,,,,,,6.683828382838284e-07,20174,,,,,,,,,
66,,,,,,,,,,20174,0.02966492250561714,,,,,,,,
,,,,,,,,,6.68052805280528e-07,20179,,,,,,,,,
66,,,,,,,,,,20179,0.012277164496481419,,,,,,,,
,,,,,,,,,6.677227722772277e-07,20184,,,,,,,,,
66,,,,,,,,,,20184,0.028159355744719505,,,,,,,,
,,,,,,,,,6.673927392739274e-07,20189,,,,,,,,,
66,,,,,,,,,,20189,0.015559734776616096,,,,,,,,
,,,,,,,,,6.67062706270627e-07,20194,,,,,,,,,
66,,,,,,,,,,20194,0.014427538961172104,,,,,,,,
,,,,,,,,,6.667326732673267e-07,20199,,,,,,,,,
66,,,,,,,,,,20199,0.0018259689677506685,,,,,,,,
,,,,,,,,,6.664026402640263e-07,20204,,,,,,,,,
66,,,,,,,,,,20204,0.017731254920363426,,,,,,,,
,,,,,,,,,6.66072607260726e-07,20209,,,,,,,,,
66,,,,,,,,,,20209,0.010246898978948593,,,,,,,,
,,,,,,,,,6.657425742574257e-07,20214,,,,,,,,,
66,,,,,,,,,,20214,0.004013009835034609,,,,,,,,
,,,,,,,,,6.654125412541254e-07,20219,,,,,,,,,
66,,,,,,,,,,20219,0.02033124677836895,,,,,,,,
,,,,,,,,,6.650825082508251e-07,20224,,,,,,,,,
66,,,,,,,,,,20224,0.021517254412174225,,,,,,,,
,,,,,,,,,6.647524752475248e-07,20229,,,,,,,,,
66,,,,,,,,,,20229,0.011119496077299118,,,,,,,,
,,,,,,,,,6.644224422442244e-07,20234,,,,,,,,,
66,,,,,,,,,,20234,0.05390968546271324,,,,,,,,
,,,,,,,,,6.64092409240924e-07,20239,,,,,,,,,
66,,,,,,,,,,20239,0.005932706408202648,,,,,,,,
,,,,,,,,,6.637623762376238e-07,20244,,,,,,,,,
66,,,,,,,,,,20244,0.012381643988192081,,,,,,,,
,,,,,,,,,6.634323432343234e-07,20249,,,,,,,,,
66,,,,,,,,,,20249,0.008742503821849823,,,,,,,,
,,,,,,,,,6.63102310231023e-07,20254,,,,,,,,,
66,,,,,,,,,,20254,0.01622910611331463,,,,,,,,
,,,,,,,,,6.627722772277227e-07,20259,,,,,,,,,
66,,,,,,,,,,20259,0.0258389450609684,,,,,,,,
,,,,,,,,,6.624422442244224e-07,20264,,,,,,,,,
66,,,,,,,,,,20264,0.00621005380526185,,,,,,,,
,,,,,,,,,6.62112211221122e-07,20269,,,,,,,,,
66,,,,,,,,,,20269,0.033072371035814285,,,,,,,,
,,,,,,,,,6.617821782178218e-07,20274,,,,,,,,,
66,,,,,,,,,,20274,0.013210407458245754,,,,,,,,
,,,,,,,,,6.614521452145215e-07,20279,,,,,,,,,
66,,,,,,,,,,20279,0.024342210963368416,,,,,,,,
,,,,,,,,,6.611221122112211e-07,20284,,,,,,,,,
66,,,,,,,,,,20284,0.02879784069955349,,,,,,,,
,,,,,,,,,6.607920792079208e-07,20289,,,,,,,,,
66,,,,,,,,,,20289,0.01968279480934143,,,,,,,,
,,,,,,,,,6.604620462046204e-07,20294,,,,,,,,,
66,,,,,,,,,,20294,0.015223106369376183,,,,,,,,
,,,,,,,,,6.601320132013201e-07,20299,,,,,,,,,
66,,,,,,,,,,20299,0.013129646889865398,,,,,,,,
66,,,,,,,,,,20300,,0.675000011920929,0.7204301357269287,0.0810539498925209,0.0810539498925209,0.43510672450065613,0.6979166865348816,0.7444444298744202,0.43894854187965393
,,,,,,,,,6.598019801980198e-07,20304,,,,,,,,,
67,,,,,,,,,,20304,0.008626041002571583,,,,,,,,
,,,,,,,,,6.594719471947194e-07,20309,,,,,,,,,
67,,,,,,,,,,20309,0.02679319679737091,,,,,,,,
,,,,,,,,,6.59141914191419e-07,20314,,,,,,,,,
67,,,,,,,,,,20314,0.015804126858711243,,,,,,,,
,,,,,,,,,6.588118811881188e-07,20319,,,,,,,,,
67,,,,,,,,,,20319,0.012413570657372475,,,,,,,,
,,,,,,,,,6.584818481848185e-07,20324,,,,,,,,,
67,,,,,,,,,,20324,0.0047068847343325615,,,,,,,,
,,,,,,,,,6.581518151815181e-07,20329,,,,,,,,,
67,,,,,,,,,,20329,0.03433549776673317,,,,,,,,
,,,,,,,,,6.578217821782179e-07,20334,,,,,,,,,
67,,,,,,,,,,20334,0.0018747008871287107,,,,,,,,
,,,,,,,,,6.574917491749175e-07,20339,,,,,,,,,
67,,,,,,,,,,20339,0.011914481408894062,,,,,,,,
,,,,,,,,,6.571617161716171e-07,20344,,,,,,,,,
67,,,,,,,,,,20344,0.022404946386814117,,,,,,,,
,,,,,,,,,6.568316831683168e-07,20349,,,,,,,,,
67,,,,,,,,,,20349,0.04368165507912636,,,,,,,,
,,,,,,,,,6.565016501650165e-07,20354,,,,,,,,,
67,,,,,,,,,,20354,0.016480185091495514,,,,,,,,
,,,,,,,,,6.561716171617161e-07,20359,,,,,,,,,
67,,,,,,,,,,20359,0.0133368456736207,,,,,,,,
,,,,,,,,,6.558415841584158e-07,20364,,,,,,,,,
67,,,,,,,,,,20364,0.01253910269588232,,,,,,,,
,,,,,,,,,6.555115511551154e-07,20369,,,,,,,,,
67,,,,,,,,,,20369,0.011112179607152939,,,,,,,,
,,,,,,,,,6.551815181518151e-07,20374,,,,,,,,,
67,,,,,,,,,,20374,0.004312909673899412,,,,,,,,
,,,,,,,,,6.548514851485149e-07,20379,,,,,,,,,
67,,,,,,,,,,20379,0.018458280712366104,,,,,,,,
,,,,,,,,,6.545214521452145e-07,20384,,,,,,,,,
67,,,,,,,,,,20384,0.009904593229293823,,,,,,,,
,,,,,,,,,6.541914191419141e-07,20389,,,,,,,,,
67,,,,,,,,,,20389,0.0047827367670834064,,,,,,,,
,,,,,,,,,6.538613861386139e-07,20394,,,,,,,,,
67,,,,,,,,,,20394,0.02147507295012474,,,,,,,,
,,,,,,,,,6.535313531353135e-07,20399,,,,,,,,,
67,,,,,,,,,,20399,0.008375060744583607,,,,,,,,
,,,,,,,,,6.532013201320131e-07,20404,,,,,,,,,
67,,,,,,,,,,20404,0.01698884926736355,,,,,,,,
,,,,,,,,,6.528712871287129e-07,20409,,,,,,,,,
67,,,,,,,,,,20409,0.013167301192879677,,,,,,,,
,,,,,,,,,6.525412541254125e-07,20414,,,,,,,,,
67,,,,,,,,,,20414,0.006682222243398428,,,,,,,,
,,,,,,,,,6.522112211221121e-07,20419,,,,,,,,,
67,,,,,,,,,,20419,0.018306134268641472,,,,,,,,
,,,,,,,,,6.518811881188118e-07,20424,,,,,,,,,
67,,,,,,,,,,20424,0.024211961776018143,,,,,,,,
,,,,,,,,,6.515511551155115e-07,20429,,,,,,,,,
67,,,,,,,,,,20429,0.008869118057191372,,,,,,,,
,,,,,,,,,6.512211221122112e-07,20434,,,,,,,,,
67,,,,,,,,,,20434,0.0212660301476717,,,,,,,,
,,,,,,,,,6.508910891089109e-07,20439,,,,,,,,,
67,,,,,,,,,,20439,0.018566949293017387,,,,,,,,
,,,,,,,,,6.505610561056105e-07,20444,,,,,,,,,
67,,,,,,,,,,20444,0.007350061554461718,,,,,,,,
,,,,,,,,,6.502310231023102e-07,20449,,,,,,,,,
67,,,,,,,,,,20449,0.004050965886563063,,,,,,,,
,,,,,,,,,6.499009900990099e-07,20454,,,,,,,,,
67,,,,,,,,,,20454,0.01900426112115383,,,,,,,,
,,,,,,,,,6.495709570957095e-07,20459,,,,,,,,,
67,,,,,,,,,,20459,0.02307121641933918,,,,,,,,
,,,,,,,,,6.492409240924091e-07,20464,,,,,,,,,
67,,,,,,,,,,20464,0.021289898082613945,,,,,,,,
,,,,,,,,,6.489108910891089e-07,20469,,,,,,,,,
67,,,,,,,,,,20469,0.023480478674173355,,,,,,,,
,,,,,,,,,6.485808580858085e-07,20474,,,,,,,,,
67,,,,,,,,,,20474,0.015789572149515152,,,,,,,,
,,,,,,,,,6.482508250825081e-07,20479,,,,,,,,,
67,,,,,,,,,,20479,0.02257106825709343,,,,,,,,
,,,,,,,,,6.479207920792079e-07,20484,,,,,,,,,
67,,,,,,,,,,20484,0.0055952188558876514,,,,,,,,
,,,,,,,,,6.475907590759076e-07,20489,,,,,,,,,
67,,,,,,,,,,20489,0.014595460146665573,,,,,,,,
,,,,,,,,,6.472607260726072e-07,20494,,,,,,,,,
67,,,,,,,,,,20494,0.012104799970984459,,,,,,,,
,,,,,,,,,6.469306930693069e-07,20499,,,,,,,,,
67,,,,,,,,,,20499,0.015727922320365906,,,,,,,,
,,,,,,,,,6.466006600660066e-07,20504,,,,,,,,,
67,,,,,,,,,,20504,0.007265510503202677,,,,,,,,
,,,,,,,,,6.462706270627062e-07,20509,,,,,,,,,
67,,,,,,,,,,20509,0.02552264928817749,,,,,,,,
,,,,,,,,,6.459405940594059e-07,20514,,,,,,,,,
67,,,,,,,,,,20514,0.02168133109807968,,,,,,,,
,,,,,,,,,6.456105610561055e-07,20519,,,,,,,,,
67,,,,,,,,,,20519,0.01292264275252819,,,,,,,,
,,,,,,,,,6.452805280528053e-07,20524,,,,,,,,,
67,,,,,,,,,,20524,0.0373307429254055,,,,,,,,
,,,,,,,,,6.449504950495049e-07,20529,,,,,,,,,
67,,,,,,,,,,20529,0.01759588159620762,,,,,,,,
,,,,,,,,,6.446204620462045e-07,20534,,,,,,,,,
67,,,,,,,,,,20534,0.015545401722192764,,,,,,,,
,,,,,,,,,6.442904290429044e-07,20539,,,,,,,,,
67,,,,,,,,,,20539,0.019447067752480507,,,,,,,,
,,,,,,,,,6.43960396039604e-07,20544,,,,,,,,,
67,,,,,,,,,,20544,0.027656400576233864,,,,,,,,
,,,,,,,,,6.436303630363036e-07,20549,,,,,,,,,
67,,,,,,,,,,20549,0.01197643019258976,,,,,,,,
,,,,,,,,,6.433003300330033e-07,20554,,,,,,,,,
67,,,,,,,,,,20554,0.01504090242087841,,,,,,,,
,,,,,,,,,6.42970297029703e-07,20559,,,,,,,,,
67,,,,,,,,,,20559,0.01206322479993105,,,,,,,,
,,,,,,,,,6.426402640264026e-07,20564,,,,,,,,,
67,,,,,,,,,,20564,0.006677690427750349,,,,,,,,
,,,,,,,,,6.423102310231023e-07,20569,,,,,,,,,
67,,,,,,,,,,20569,0.018012244254350662,,,,,,,,
,,,,,,,,,6.41980198019802e-07,20574,,,,,,,,,
67,,,,,,,,,,20574,0.013331868685781956,,,,,,,,
,,,,,,,,,6.416501650165016e-07,20579,,,,,,,,,
67,,,,,,,,,,20579,0.01741066388785839,,,,,,,,
,,,,,,,,,6.413201320132013e-07,20584,,,,,,,,,
67,,,,,,,,,,20584,0.010276054963469505,,,,,,,,
,,,,,,,,,6.409900990099009e-07,20589,,,,,,,,,
67,,,,,,,,,,20589,0.01753988116979599,,,,,,,,
,,,,,,,,,6.406600660066007e-07,20594,,,,,,,,,
67,,,,,,,,,,20594,0.02276010811328888,,,,,,,,
,,,,,,,,,6.403300330033004e-07,20599,,,,,,,,,
67,,,,,,,,,,20599,0.027477165684103966,,,,,,,,
67,,,,,,,,,,20603,,0.6937500238418579,0.7322404384613037,0.08158998191356659,0.08158998191356659,0.43551596999168396,0.7204301357269287,0.7444444298744202,0.4328342080116272
,,,,,,,,,6.4e-07,20604,,,,,,,,,
68,,,,,,,,,,20604,0.000611278519500047,,,,,,,,
,,,,,,,,,6.396699669966996e-07,20609,,,,,,,,,
68,,,,,,,,,,20609,0.018834689632058144,,,,,,,,
,,,,,,,,,6.393399339933994e-07,20614,,,,,,,,,
68,,,,,,,,,,20614,0.005188638344407082,,,,,,,,
,,,,,,,,,6.39009900990099e-07,20619,,,,,,,,,
68,,,,,,,,,,20619,0.014527448453009129,,,,,,,,
,,,,,,,,,6.386798679867986e-07,20624,,,,,,,,,
68,,,,,,,,,,20624,0.02035500295460224,,,,,,,,
,,,,,,,,,6.383498349834983e-07,20629,,,,,,,,,
68,,,,,,,,,,20629,0.01801692135632038,,,,,,,,
,,,,,,,,,6.38019801980198e-07,20634,,,,,,,,,
68,,,,,,,,,,20634,0.005545719992369413,,,,,,,,
,,,,,,,,,6.376897689768976e-07,20639,,,,,,,,,
68,,,,,,,,,,20639,0.015165742486715317,,,,,,,,
,,,,,,,,,6.373597359735973e-07,20644,,,,,,,,,
68,,,,,,,,,,20644,0.003093063598498702,,,,,,,,
,,,,,,,,,6.370297029702971e-07,20649,,,,,,,,,
68,,,,,,,,,,20649,0.008832065388560295,,,,,,,,
,,,,,,,,,6.366996699669967e-07,20654,,,,,,,,,
68,,,,,,,,,,20654,0.007934543304145336,,,,,,,,
,,,,,,,,,6.363696369636964e-07,20659,,,,,,,,,
68,,,,,,,,,,20659,0.002851842436939478,,,,,,,,
,,,,,,,,,6.36039603960396e-07,20664,,,,,,,,,
68,,,,,,,,,,20664,0.02393644116818905,,,,,,,,
,,,,,,,,,6.357095709570957e-07,20669,,,,,,,,,
68,,,,,,,,,,20669,0.03961677849292755,,,,,,,,
,,,,,,,,,6.353795379537954e-07,20674,,,,,,,,,
68,,,,,,,,,,20674,0.006062564440071583,,,,,,,,
,,,,,,,,,6.35049504950495e-07,20679,,,,,,,,,
68,,,,,,,,,,20679,0.03694881126284599,,,,,,,,
,,,,,,,,,6.347194719471946e-07,20684,,,,,,,,,
68,,,,,,,,,,20684,0.00974145159125328,,,,,,,,
,,,,,,,,,6.343894389438944e-07,20689,,,,,,,,,
68,,,,,,,,,,20689,0.03121023252606392,,,,,,,,
,,,,,,,,,6.34059405940594e-07,20694,,,,,,,,,
68,,,,,,,,,,20694,0.01199865248054266,,,,,,,,
,,,,,,,,,6.337293729372936e-07,20699,,,,,,,,,
68,,,,,,,,,,20699,0.005867430940270424,,,,,,,,
,,,,,,,,,6.333993399339935e-07,20704,,,,,,,,,
68,,,,,,,,,,20704,0.023655476048588753,,,,,,,,
,,,,,,,,,6.330693069306931e-07,20709,,,,,,,,,
68,,,,,,,,,,20709,0.010945734567940235,,,,,,,,
,,,,,,,,,6.327392739273927e-07,20714,,,,,,,,,
68,,,,,,,,,,20714,0.024104788899421692,,,,,,,,
,,,,,,,,,6.324092409240924e-07,20719,,,,,,,,,
68,,,,,,,,,,20719,0.011718685738742352,,,,,,,,
,,,,,,,,,6.320792079207921e-07,20724,,,,,,,,,
68,,,,,,,,,,20724,0.021741578355431557,,,,,,,,
,,,,,,,,,6.317491749174917e-07,20729,,,,,,,,,
68,,,,,,,,,,20729,0.018825460225343704,,,,,,,,
,,,,,,,,,6.314191419141914e-07,20734,,,,,,,,,
68,,,,,,,,,,20734,0.018289458006620407,,,,,,,,
,,,,,,,,,6.31089108910891e-07,20739,,,,,,,,,
68,,,,,,,,,,20739,0.010543457232415676,,,,,,,,
,,,,,,,,,6.307590759075907e-07,20744,,,,,,,,,
68,,,,,,,,,,20744,0.009939786046743393,,,,,,,,
,,,,,,,,,6.304290429042904e-07,20749,,,,,,,,,
68,,,,,,,,,,20749,0.007076073903590441,,,,,,,,
,,,,,,,,,6.300990099009901e-07,20754,,,,,,,,,
68,,,,,,,,,,20754,0.029612185433506966,,,,,,,,
,,,,,,,,,6.297689768976898e-07,20759,,,,,,,,,
68,,,,,,,,,,20759,0.005759806837886572,,,,,,,,
,,,,,,,,,6.294389438943895e-07,20764,,,,,,,,,
68,,,,,,,,,,20764,0.0027831909246742725,,,,,,,,
,,,,,,,,,6.291089108910891e-07,20769,,,,,,,,,
68,,,,,,,,,,20769,0.025725848972797394,,,,,,,,
,,,,,,,,,6.287788778877887e-07,20774,,,,,,,,,
68,,,,,,,,,,20774,0.013255998492240906,,,,,,,,
,,,,,,,,,6.284488448844885e-07,20779,,,,,,,,,
68,,,,,,,,,,20779,0.00392253277823329,,,,,,,,
,,,,,,,,,6.281188118811881e-07,20784,,,,,,,,,
68,,,,,,,,,,20784,0.029494810849428177,,,,,,,,
,,,,,,,,,6.277887788778877e-07,20789,,,,,,,,,
68,,,,,,,,,,20789,0.023930566385388374,,,,,,,,
,,,,,,,,,6.274587458745874e-07,20794,,,,,,,,,
68,,,,,,,,,,20794,0.011944360099732876,,,,,,,,
,,,,,,,,,6.271287128712871e-07,20799,,,,,,,,,
68,,,,,,,,,,20799,0.005618560593575239,,,,,,,,
,,,,,,,,,6.267986798679867e-07,20804,,,,,,,,,
68,,,,,,,,,,20804,0.024256883189082146,,,,,,,,
,,,,,,,,,6.264686468646865e-07,20809,,,,,,,,,
68,,,,,,,,,,20809,0.022642988711595535,,,,,,,,
,,,,,,,,,6.261386138613862e-07,20814,,,,,,,,,
68,,,,,,,,,,20814,0.01052013784646988,,,,,,,,
,,,,,,,,,6.258085808580858e-07,20819,,,,,,,,,
68,,,,,,,,,,20819,0.03820968419313431,,,,,,,,
,,,,,,,,,6.254785478547855e-07,20824,,,,,,,,,
68,,,,,,,,,,20824,0.022767672315239906,,,,,,,,
,,,,,,,,,6.251485148514851e-07,20829,,,,,,,,,
68,,,,,,,,,,20829,0.010272782295942307,,,,,,,,
,,,,,,,,,6.248184818481848e-07,20834,,,,,,,,,
68,,,,,,,,,,20834,0.0016241741832345724,,,,,,,,
,,,,,,,,,6.244884488448845e-07,20839,,,,,,,,,
68,,,,,,,,,,20839,0.013984995894134045,,,,,,,,
,,,,,,,,,6.241584158415841e-07,20844,,,,,,,,,
68,,,,,,,,,,20844,0.018956191837787628,,,,,,,,
,,,,,,,,,6.238283828382837e-07,20849,,,,,,,,,
68,,,,,,,,,,20849,0.013134201988577843,,,,,,,,
,,,,,,,,,6.234983498349835e-07,20854,,,,,,,,,
68,,,,,,,,,,20854,0.010958025231957436,,,,,,,,
,,,,,,,,,6.231683168316831e-07,20859,,,,,,,,,
68,,,,,,,,,,20859,0.015966249629855156,,,,,,,,
,,,,,,,,,6.228382838283828e-07,20864,,,,,,,,,
68,,,,,,,,,,20864,0.003710502525791526,,,,,,,,
,,,,,,,,,6.225082508250826e-07,20869,,,,,,,,,
68,,,,,,,,,,20869,0.02349940873682499,,,,,,,,
,,,,,,,,,6.221782178217822e-07,20874,,,,,,,,,
68,,,,,,,,,,20874,0.034351371228694916,,,,,,,,
,,,,,,,,,6.218481848184818e-07,20879,,,,,,,,,
68,,,,,,,,,,20879,0.01445858459919691,,,,,,,,
,,,,,,,,,6.215181518151815e-07,20884,,,,,,,,,
68,,,,,,,,,,20884,0.008934049867093563,,,,,,,,
,,,,,,,,,6.211881188118812e-07,20889,,,,,,,,,
68,,,,,,,,,,20889,0.006610744632780552,,,,,,,,
,,,,,,,,,6.208580858085808e-07,20894,,,,,,,,,
68,,,,,,,,,,20894,0.006079587619751692,,,,,,,,
,,,,,,,,,6.205280528052805e-07,20899,,,,,,,,,
68,,,,,,,,,,20899,0.009309866465628147,,,,,,,,
,,,,,,,,,6.201980198019801e-07,20904,,,,,,,,,
68,,,,,,,,,,20904,0.05095657333731651,,,,,,,,
68,,,,,,,,,,20906,,0.6812499761581421,0.7272727489471436,0.08270956575870514,0.08270956575870514,0.437287837266922,0.7010309100151062,0.7555555701255798,0.4351455867290497
,,,,,,,,,6.198679867986798e-07,20909,,,,,,,,,
69,,,,,,,,,,20909,0.006220505107194185,,,,,,,,
,,,,,,,,,6.195379537953796e-07,20914,,,,,,,,,
69,,,,,,,,,,20914,0.004858054220676422,,,,,,,,
,,,,,,,,,6.192079207920792e-07,20919,,,,,,,,,
69,,,,,,,,,,20919,0.019611461088061333,,,,,,,,
,,,,,,,,,6.188778877887788e-07,20924,,,,,,,,,
69,,,,,,,,,,20924,0.006830807775259018,,,,,,,,
,,,,,,,,,6.185478547854786e-07,20929,,,,,,,,,
69,,,,,,,,,,20929,0.0035073289182037115,,,,,,,,
,,,,,,,,,6.182178217821782e-07,20934,,,,,,,,,
69,,,,,,,,,,20934,0.011802135966718197,,,,,,,,
,,,,,,,,,6.178877887788778e-07,20939,,,,,,,,,
69,,,,,,,,,,20939,0.0009699052316136658,,,,,,,,
,,,,,,,,,6.175577557755776e-07,20944,,,,,,,,,
69,,,,,,,,,,20944,0.01636100932955742,,,,,,,,
,,,,,,,,,6.172277227722772e-07,20949,,,,,,,,,
69,,,,,,,,,,20949,0.015594898723065853,,,,,,,,
,,,,,,,,,6.168976897689768e-07,20954,,,,,,,,,
69,,,,,,,,,,20954,0.013636740855872631,,,,,,,,
,,,,,,,,,6.165676567656765e-07,20959,,,,,,,,,
69,,,,,,,,,,20959,0.011623219586908817,,,,,,,,
,,,,,,,,,6.162376237623762e-07,20964,,,,,,,,,
69,,,,,,,,,,20964,0.004383669700473547,,,,,,,,
,,,,,,,,,6.159075907590758e-07,20969,,,,,,,,,
69,,,,,,,,,,20969,0.007299281656742096,,,,,,,,
,,,,,,,,,6.155775577557756e-07,20974,,,,,,,,,
69,,,,,,,,,,20974,0.009971861727535725,,,,,,,,
,,,,,,,,,6.152475247524752e-07,20979,,,,,,,,,
69,,,,,,,,,,20979,0.009639700874686241,,,,,,,,
,,,,,,,,,6.149174917491749e-07,20984,,,,,,,,,
69,,,,,,,,,,20984,0.016201626509428024,,,,,,,,
,,,,,,,,,6.145874587458746e-07,20989,,,,,,,,,
69,,,,,,,,,,20989,0.02228989079594612,,,,,,,,
,,,,,,,,,6.142574257425742e-07,20994,,,,,,,,,
69,,,,,,,,,,20994,0.010008084587752819,,,,,,,,
,,,,,,,,,6.139273927392738e-07,20999,,,,,,,,,
69,,,,,,,,,,20999,0.014124411158263683,,,,,,,,
,,,,,,,,,6.135973597359736e-07,21004,,,,,,,,,
69,,,,,,,,,,21004,0.03231719881296158,,,,,,,,
,,,,,,,,,6.132673267326732e-07,21009,,,,,,,,,
69,,,,,,,,,,21009,0.003211724804714322,,,,,,,,
,,,,,,,,,6.129372937293728e-07,21014,,,,,,,,,
69,,,,,,,,,,21014,0.02916301228106022,,,,,,,,
,,,,,,,,,6.126072607260726e-07,21019,,,,,,,,,
69,,,,,,,,,,21019,0.016350261867046356,,,,,,,,
,,,,,,,,,6.122772277227723e-07,21024,,,,,,,,,
69,,,,,,,,,,21024,0.004178077448159456,,,,,,,,
,,,,,,,,,6.119471947194719e-07,21029,,,,,,,,,
69,,,,,,,,,,21029,0.003650041064247489,,,,,,,,
,,,,,,,,,6.116171617161716e-07,21034,,,,,,,,,
69,,,,,,,,,,21034,0.018975896760821342,,,,,,,,
,,,,,,,,,6.112871287128713e-07,21039,,,,,,,,,
69,,,,,,,,,,21039,0.021971458569169044,,,,,,,,
,,,,,,,,,6.109570957095709e-07,21044,,,,,,,,,
69,,,,,,,,,,21044,0.03923923522233963,,,,,,,,
,,,,,,,,,6.106270627062706e-07,21049,,,,,,,,,
69,,,,,,,,,,21049,0.02404101751744747,,,,,,,,
,,,,,,,,,6.102970297029702e-07,21054,,,,,,,,,
69,,,,,,,,,,21054,0.03851798176765442,,,,,,,,
,,,,,,,,,6.099669966996699e-07,21059,,,,,,,,,
69,,,,,,,,,,21059,0.024213433265686035,,,,,,,,
,,,,,,,,,6.096369636963696e-07,21064,,,,,,,,,
69,,,,,,,,,,21064,0.013653973117470741,,,,,,,,
,,,,,,,,,6.093069306930692e-07,21069,,,,,,,,,
69,,,,,,,,,,21069,0.0041586668230593204,,,,,,,,
,,,,,,,,,6.089768976897689e-07,21074,,,,,,,,,
69,,,,,,,,,,21074,0.018279949203133583,,,,,,,,
,,,,,,,,,6.086468646864687e-07,21079,,,,,,,,,
69,,,,,,,,,,21079,0.00824350118637085,,,,,,,,
,,,,,,,,,6.083168316831683e-07,21084,,,,,,,,,
69,,,,,,,,,,21084,0.03174877166748047,,,,,,,,
,,,,,,,,,6.079867986798679e-07,21089,,,,,,,,,
69,,,,,,,,,,21089,0.0033847864251583815,,,,,,,,
,,,,,,,,,6.076567656765677e-07,21094,,,,,,,,,
69,,,,,,,,,,21094,0.009391197003424168,,,,,,,,
,,,,,,,,,6.073267326732673e-07,21099,,,,,,,,,
69,,,,,,,,,,21099,0.006998888216912746,,,,,,,,
,,,,,,,,,6.069966996699669e-07,21104,,,,,,,,,
69,,,,,,,,,,21104,0.007842782884836197,,,,,,,,
,,,,,,,,,6.066666666666666e-07,21109,,,,,,,,,
69,,,,,,,,,,21109,0.008602931164205074,,,,,,,,
,,,,,,,,,6.063366336633663e-07,21114,,,,,,,,,
69,,,,,,,,,,21114,0.009625044651329517,,,,,,,,
,,,,,,,,,6.060066006600659e-07,21119,,,,,,,,,
69,,,,,,,,,,21119,0.026555445045232773,,,,,,,,
,,,,,,,,,6.056765676567656e-07,21124,,,,,,,,,
69,,,,,,,,,,21124,0.02309875376522541,,,,,,,,
,,,,,,,,,6.053465346534653e-07,21129,,,,,,,,,
69,,,,,,,,,,21129,0.004399849567562342,,,,,,,,
,,,,,,,,,6.05016501650165e-07,21134,,,,,,,,,
69,,,,,,,,,,21134,0.011847379617393017,,,,,,,,
,,,,,,,,,6.046864686468647e-07,21139,,,,,,,,,
69,,,,,,,,,,21139,0.014409257099032402,,,,,,,,
,,,,,,,,,6.043564356435643e-07,21144,,,,,,,,,
69,,,,,,,,,,21144,0.015019066631793976,,,,,,,,
,,,,,,,,,6.040264026402641e-07,21149,,,,,,,,,
69,,,,,,,,,,21149,0.015921154990792274,,,,,,,,
,,,,,,,,,6.036963696369637e-07,21154,,,,,,,,,
69,,,,,,,,,,21154,0.005402340553700924,,,,,,,,
,,,,,,,,,6.033663366336633e-07,21159,,,,,,,,,
69,,,,,,,,,,21159,0.02675369568169117,,,,,,,,
,,,,,,,,,6.03036303630363e-07,21164,,,,,,,,,
69,,,,,,,,,,21164,0.02095835469663143,,,,,,,,
,,,,,,,,,6.027062706270627e-07,21169,,,,,,,,,
69,,,,,,,,,,21169,0.019810417667031288,,,,,,,,
,,,,,,,,,6.023762376237623e-07,21174,,,,,,,,,
69,,,,,,,,,,21174,0.014183569699525833,,,,,,,,
,,,,,,,,,6.02046204620462e-07,21179,,,,,,,,,
69,,,,,,,,,,21179,0.010131209157407284,,,,,,,,
,,,,,,,,,6.017161716171618e-07,21184,,,,,,,,,
69,,,,,,,,,,21184,0.021611923351883888,,,,,,,,
,,,,,,,,,6.013861386138614e-07,21189,,,,,,,,,
69,,,,,,,,,,21189,0.010306749492883682,,,,,,,,
,,,,,,,,,6.010561056105611e-07,21194,,,,,,,,,
69,,,,,,,,,,21194,0.004494463559240103,,,,,,,,
,,,,,,,,,6.007260726072607e-07,21199,,,,,,,,,
69,,,,,,,,,,21199,0.019280293956398964,,,,,,,,
,,,,,,,,,6.003960396039604e-07,21204,,,,,,,,,
69,,,,,,,,,,21204,0.012426638044416904,,,,,,,,
,,,,,,,,,6.000660066006601e-07,21209,,,,,,,,,
69,,,,,,,,,,21209,0.006041679065674543,,,,,,,,
69,,,,,,,,,,21209,,0.6812499761581421,0.7301587462425232,0.08200795203447342,0.08200795203447342,0.44309303164482117,0.6969696879386902,0.7666666507720947,0.4378383159637451
,,,,,,,,,5.997359735973597e-07,21214,,,,,,,,,
70,,,,,,,,,,21214,0.0011132127838209271,,,,,,,,
,,,,,,,,,5.994059405940593e-07,21219,,,,,,,,,
70,,,,,,,,,,21219,0.024800145998597145,,,,,,,,
,,,,,,,,,5.990759075907591e-07,21224,,,,,,,,,
70,,,,,,,,,,21224,0.01284969411790371,,,,,,,,
,,,,,,,,,5.987458745874587e-07,21229,,,,,,,,,
70,,,,,,,,,,21229,0.010910416953265667,,,,,,,,
,,,,,,,,,5.984158415841583e-07,21234,,,,,,,,,
70,,,,,,,,,,21234,0.0020889127627015114,,,,,,,,
,,,,,,,,,5.980858085808582e-07,21239,,,,,,,,,
70,,,,,,,,,,21239,0.004371874965727329,,,,,,,,
,,,,,,,,,5.977557755775578e-07,21244,,,,,,,,,
70,,,,,,,,,,21244,0.027858227491378784,,,,,,,,
,,,,,,,,,5.974257425742574e-07,21249,,,,,,,,,
70,,,,,,,,,,21249,0.04699818789958954,,,,,,,,
,,,,,,,,,5.970957095709571e-07,21254,,,,,,,,,
70,,,,,,,,,,21254,0.013595539145171642,,,,,,,,
,,,,,,,,,5.967656765676568e-07,21259,,,,,,,,,
70,,,,,,,,,,21259,0.024144792929291725,,,,,,,,
,,,,,,,,,5.964356435643564e-07,21264,,,,,,,,,
70,,,,,,,,,,21264,0.008881068788468838,,,,,,,,
,,,,,,,,,5.961056105610561e-07,21269,,,,,,,,,
70,,,,,,,,,,21269,0.005882393568754196,,,,,,,,
,,,,,,,,,5.957755775577557e-07,21274,,,,,,,,,
70,,,,,,,,,,21274,0.01465577818453312,,,,,,,,
,,,,,,,,,5.954455445544554e-07,21279,,,,,,,,,
70,,,,,,,,,,21279,0.0285334512591362,,,,,,,,
,,,,,,,,,5.951155115511551e-07,21284,,,,,,,,,
70,,,,,,,,,,21284,0.010673615150153637,,,,,,,,
,,,,,,,,,5.947854785478547e-07,21289,,,,,,,,,
70,,,,,,,,,,21289,0.013591806404292583,,,,,,,,
,,,,,,,,,5.944554455445544e-07,21294,,,,,,,,,
70,,,,,,,,,,21294,0.018243413418531418,,,,,,,,
,,,,,,,,,5.941254125412542e-07,21299,,,,,,,,,
70,,,,,,,,,,21299,0.003378430614247918,,,,,,,,
,,,,,,,,,5.937953795379538e-07,21304,,,,,,,,,
70,,,,,,,,,,21304,0.005437064915895462,,,,,,,,
,,,,,,,,,5.934653465346534e-07,21309,,,,,,,,,
70,,,,,,,,,,21309,0.021464483812451363,,,,,,,,
,,,,,,,,,5.931353135313532e-07,21314,,,,,,,,,
70,,,,,,,,,,21314,0.009354572743177414,,,,,,,,
,,,,,,,,,5.928052805280528e-07,21319,,,,,,,,,
70,,,,,,,,,,21319,0.010454941540956497,,,,,,,,
,,,,,,,,,5.924752475247524e-07,21324,,,,,,,,,
70,,,,,,,,,,21324,0.014186576008796692,,,,,,,,
,,,,,,,,,5.921452145214521e-07,21329,,,,,,,,,
70,,,,,,,,,,21329,0.045743413269519806,,,,,,,,
,,,,,,,,,5.918151815181518e-07,21334,,,,,,,,,
70,,,,,,,,,,21334,0.016192136332392693,,,,,,,,
,,,,,,,,,5.914851485148514e-07,21339,,,,,,,,,
70,,,,,,,,,,21339,0.023102881386876106,,,,,,,,
,,,,,,,,,5.911551155115512e-07,21344,,,,,,,,,
70,,,,,,,,,,21344,0.008419368416070938,,,,,,,,
,,,,,,,,,5.908250825082508e-07,21349,,,,,,,,,
70,,,,,,,,,,21349,0.01113835722208023,,,,,,,,
,,,,,,,,,5.904950495049505e-07,21354,,,,,,,,,
70,,,,,,,,,,21354,0.020078130066394806,,,,,,,,
,,,,,,,,,5.901650165016502e-07,21359,,,,,,,,,
70,,,,,,,,,,21359,0.03509686887264252,,,,,,,,
,,,,,,,,,5.898349834983498e-07,21364,,,,,,,,,
70,,,,,,,,,,21364,0.02881055325269699,,,,,,,,
,,,,,,,,,5.895049504950495e-07,21369,,,,,,,,,
70,,,,,,,,,,21369,0.003551182337105274,,,,,,,,
,,,,,,,,,5.891749174917492e-07,21374,,,,,,,,,
70,,,,,,,,,,21374,0.008173204958438873,,,,,,,,
,,,,,,,,,5.888448844884488e-07,21379,,,,,,,,,
70,,,,,,,,,,21379,0.018210597336292267,,,,,,,,
,,,,,,,,,5.885148514851484e-07,21384,,,,,,,,,
70,,,,,,,,,,21384,0.019515741616487503,,,,,,,,
,,,,,,,,,5.881848184818482e-07,21389,,,,,,,,,
70,,,,,,,,,,21389,0.010828769765794277,,,,,,,,
,,,,,,,,,5.878547854785478e-07,21394,,,,,,,,,
70,,,,,,,,,,21394,0.02501455321907997,,,,,,,,
,,,,,,,,,5.875247524752475e-07,21399,,,,,,,,,
70,,,,,,,,,,21399,0.002964058890938759,,,,,,,,
,,,,,,,,,5.871947194719472e-07,21404,,,,,,,,,
70,,,,,,,,,,21404,0.0405108779668808,,,,,,,,
,,,,,,,,,5.868646864686469e-07,21409,,,,,,,,,
70,,,,,,,,,,21409,0.02077171951532364,,,,,,,,
,,,,,,,,,5.865346534653465e-07,21414,,,,,,,,,
70,,,,,,,,,,21414,0.03258686140179634,,,,,,,,
,,,,,,,,,5.862046204620462e-07,21419,,,,,,,,,
70,,,,,,,,,,21419,0.00824086181819439,,,,,,,,
,,,,,,,,,5.858745874587459e-07,21424,,,,,,,,,
70,,,,,,,,,,21424,0.019495703279972076,,,,,,,,
,,,,,,,,,5.855445544554455e-07,21429,,,,,,,,,
70,,,,,,,,,,21429,0.008409748785197735,,,,,,,,
,,,,,,,,,5.852145214521452e-07,21434,,,,,,,,,
70,,,,,,,,,,21434,0.028896678239107132,,,,,,,,
,,,,,,,,,5.848844884488448e-07,21439,,,,,,,,,
70,,,,,,,,,,21439,0.005829756613820791,,,,,,,,
,,,,,,,,,5.845544554455445e-07,21444,,,,,,,,,
70,,,,,,,,,,21444,0.00847434438765049,,,,,,,,
,,,,,,,,,5.842244224422442e-07,21449,,,,,,,,,
70,,,,,,,,,,21449,0.006565888412296772,,,,,,,,
,,,,,,,,,5.838943894389439e-07,21454,,,,,,,,,
70,,,,,,,,,,21454,0.018981710076332092,,,,,,,,
,,,,,,,,,5.835643564356435e-07,21459,,,,,,,,,
70,,,,,,,,,,21459,0.004785589873790741,,,,,,,,
,,,,,,,,,5.832343234323433e-07,21464,,,,,,,,,
70,,,,,,,,,,21464,0.01059498731046915,,,,,,,,
,,,,,,,,,5.829042904290429e-07,21469,,,,,,,,,
70,,,,,,,,,,21469,0.022344456985592842,,,,,,,,
,,,,,,,,,5.825742574257425e-07,21474,,,,,,,,,
70,,,,,,,,,,21474,0.01288246177136898,,,,,,,,
,,,,,,,,,5.822442244224423e-07,21479,,,,,,,,,
70,,,,,,,,,,21479,0.010172589682042599,,,,,,,,
,,,,,,,,,5.819141914191419e-07,21484,,,,,,,,,
70,,,,,,,,,,21484,0.002245417796075344,,,,,,,,
,,,,,,,,,5.815841584158415e-07,21489,,,,,,,,,
70,,,,,,,,,,21489,0.02750847488641739,,,,,,,,
,,,,,,,,,5.812541254125412e-07,21494,,,,,,,,,
70,,,,,,,,,,21494,0.019998442381620407,,,,,,,,
,,,,,,,,,5.809240924092409e-07,21499,,,,,,,,,
70,,,,,,,,,,21499,0.02404656447470188,,,,,,,,
,,,,,,,,,5.805940594059405e-07,21504,,,,,,,,,
70,,,,,,,,,,21504,0.011411778628826141,,,,,,,,
,,,,,,,,,5.802640264026403e-07,21509,,,,,,,,,
70,,,,,,,,,,21509,0.018074218183755875,,,,,,,,
70,,,,,,,,,,21512,,0.6937500238418579,0.7379679083824158,0.08272671699523926,0.08272671699523926,0.44382843375205994,0.7113401889801025,0.7666666507720947,0.44183775782585144
,,,,,,,,,5.799339933993399e-07,21514,,,,,,,,,
71,,,,,,,,,,21514,0.029723690822720528,,,,,,,,
,,,,,,,,,5.796039603960396e-07,21519,,,,,,,,,
71,,,,,,,,,,21519,0.015458284877240658,,,,,,,,
,,,,,,,,,5.792739273927393e-07,21524,,,,,,,,,
71,,,,,,,,,,21524,0.010777452029287815,,,,,,,,
,,,,,,,,,5.789438943894389e-07,21529,,,,,,,,,
71,,,,,,,,,,21529,0.018624410033226013,,,,,,,,
,,,,,,,,,5.786138613861385e-07,21534,,,,,,,,,
71,,,,,,,,,,21534,0.010758875869214535,,,,,,,,
,,,,,,,,,5.782838283828383e-07,21539,,,,,,,,,
71,,,,,,,,,,21539,0.009489231742918491,,,,,,,,
,,,,,,,,,5.779537953795379e-07,21544,,,,,,,,,
71,,,,,,,,,,21544,0.018678374588489532,,,,,,,,
,,,,,,,,,5.776237623762375e-07,21549,,,,,,,,,
71,,,,,,,,,,21549,0.0017676446586847305,,,,,,,,
,,,,,,,,,5.772937293729373e-07,21554,,,,,,,,,
71,,,,,,,,,,21554,0.007369840983301401,,,,,,,,
,,,,,,,,,5.769636963696369e-07,21559,,,,,,,,,
71,,,,,,,,,,21559,0.008030174300074577,,,,,,,,
,,,,,,,,,5.766336633663366e-07,21564,,,,,,,,,
71,,,,,,,,,,21564,0.016544857993721962,,,,,,,,
,,,,,,,,,5.763036303630363e-07,21569,,,,,,,,,
71,,,,,,,,,,21569,0.005480481777340174,,,,,,,,
,,,,,,,,,5.75973597359736e-07,21574,,,,,,,,,
71,,,,,,,,,,21574,0.027106769382953644,,,,,,,,
,,,,,,,,,5.756435643564356e-07,21579,,,,,,,,,
71,,,,,,,,,,21579,0.026081053540110588,,,,,,,,
,,,,,,,,,5.753135313531353e-07,21584,,,,,,,,,
71,,,,,,,,,,21584,0.014832031913101673,,,,,,,,
,,,,,,,,,5.749834983498349e-07,21589,,,,,,,,,
71,,,,,,,,,,21589,0.016028329730033875,,,,,,,,
,,,,,,,,,5.746534653465346e-07,21594,,,,,,,,,
71,,,,,,,,,,21594,0.016487687826156616,,,,,,,,
,,,,,,,,,5.743234323432343e-07,21599,,,,,,,,,
71,,,,,,,,,,21599,0.008495141752064228,,,,,,,,
,,,,,,,,,5.739933993399339e-07,21604,,,,,,,,,
71,,,,,,,,,,21604,0.01516267191618681,,,,,,,,
,,,,,,,,,5.736633663366335e-07,21609,,,,,,,,,
71,,,,,,,,,,21609,0.004472391214221716,,,,,,,,
,,,,,,,,,5.733333333333334e-07,21614,,,,,,,,,
71,,,,,,,,,,21614,0.015363803133368492,,,,,,,,
,,,,,,,,,5.73003300330033e-07,21619,,,,,,,,,
71,,,,,,,,,,21619,0.009459728375077248,,,,,,,,
,,,,,,,,,5.726732673267326e-07,21624,,,,,,,,,
71,,,,,,,,,,21624,0.012417054735124111,,,,,,,,
,,,,,,,,,5.723432343234324e-07,21629,,,,,,,,,
71,,,,,,,,,,21629,0.011609179899096489,,,,,,,,
,,,,,,,,,5.72013201320132e-07,21634,,,,,,,,,
71,,,,,,,,,,21634,0.012288003228604794,,,,,,,,
,,,,,,,,,5.716831683168316e-07,21639,,,,,,,,,
71,,,,,,,,,,21639,0.0039469110779464245,,,,,,,,
,,,,,,,,,5.713531353135313e-07,21644,,,,,,,,,
71,,,,,,,,,,21644,0.02035210281610489,,,,,,,,
,,,,,,,,,5.71023102310231e-07,21649,,,,,,,,,
71,,,,,,,,,,21649,0.01631777733564377,,,,,,,,
,,,,,,,,,5.706930693069306e-07,21654,,,,,,,,,
71,,,,,,,,,,21654,0.02176673337817192,,,,,,,,
,,,,,,,,,5.703630363036303e-07,21659,,,,,,,,,
71,,,,,,,,,,21659,0.0065936255268752575,,,,,,,,
,,,,,,,,,5.7003300330033e-07,21664,,,,,,,,,
71,,,,,,,,,,21664,0.007010242901742458,,,,,,,,
,,,,,,,,,5.697029702970297e-07,21669,,,,,,,,,
71,,,,,,,,,,21669,0.03467417135834694,,,,,,,,
,,,,,,,,,5.693729372937294e-07,21674,,,,,,,,,
71,,,,,,,,,,21674,0.013710408471524715,,,,,,,,
,,,,,,,,,5.69042904290429e-07,21679,,,,,,,,,
71,,,,,,,,,,21679,0.012140619568526745,,,,,,,,
,,,,,,,,,5.687128712871287e-07,21684,,,,,,,,,
71,,,,,,,,,,21684,0.011986790224909782,,,,,,,,
,,,,,,,,,5.683828382838284e-07,21689,,,,,,,,,
71,,,,,,,,,,21689,0.013527456670999527,,,,,,,,
,,,,,,,,,5.68052805280528e-07,21694,,,,,,,,,
71,,,,,,,,,,21694,0.007938413880765438,,,,,,,,
,,,,,,,,,5.677227722772276e-07,21699,,,,,,,,,
71,,,,,,,,,,21699,0.0028622495010495186,,,,,,,,
,,,,,,,,,5.673927392739274e-07,21704,,,,,,,,,
71,,,,,,,,,,21704,0.009206228889524937,,,,,,,,
,,,,,,,,,5.67062706270627e-07,21709,,,,,,,,,
71,,,,,,,,,,21709,0.019239729270339012,,,,,,,,
,,,,,,,,,5.667326732673266e-07,21714,,,,,,,,,
71,,,,,,,,,,21714,0.044825002551078796,,,,,,,,
,,,,,,,,,5.664026402640263e-07,21719,,,,,,,,,
71,,,,,,,,,,21719,0.015022056177258492,,,,,,,,
,,,,,,,,,5.660726072607261e-07,21724,,,,,,,,,
71,,,,,,,,,,21724,0.012817003764212132,,,,,,,,
,,,,,,,,,5.657425742574257e-07,21729,,,,,,,,,
71,,,,,,,,,,21729,0.023244351148605347,,,,,,,,
,,,,,,,,,5.654125412541254e-07,21734,,,,,,,,,
71,,,,,,,,,,21734,0.00839261431246996,,,,,,,,
,,,,,,,,,5.650825082508251e-07,21739,,,,,,,,,
71,,,,,,,,,,21739,0.0326203815639019,,,,,,,,
,,,,,,,,,5.647524752475247e-07,21744,,,,,,,,,
71,,,,,,,,,,21744,0.015047028660774231,,,,,,,,
,,,,,,,,,5.644224422442244e-07,21749,,,,,,,,,
71,,,,,,,,,,21749,0.007928946986794472,,,,,,,,
,,,,,,,,,5.64092409240924e-07,21754,,,,,,,,,
71,,,,,,,,,,21754,0.01360619068145752,,,,,,,,
,,,,,,,,,5.637623762376237e-07,21759,,,,,,,,,
71,,,,,,,,,,21759,0.006104317028075457,,,,,,,,
,,,,,,,,,5.634323432343234e-07,21764,,,,,,,,,
71,,,,,,,,,,21764,0.0210624597966671,,,,,,,,
,,,,,,,,,5.63102310231023e-07,21769,,,,,,,,,
71,,,,,,,,,,21769,0.018594913184642792,,,,,,,,
,,,,,,,,,5.627722772277226e-07,21774,,,,,,,,,
71,,,,,,,,,,21774,0.004601276945322752,,,,,,,,
,,,,,,,,,5.624422442244225e-07,21779,,,,,,,,,
71,,,,,,,,,,21779,0.007856273092329502,,,,,,,,
,,,,,,,,,5.621122112211221e-07,21784,,,,,,,,,
71,,,,,,,,,,21784,0.02111159823834896,,,,,,,,
,,,,,,,,,5.617821782178218e-07,21789,,,,,,,,,
71,,,,,,,,,,21789,0.025187086313962936,,,,,,,,
,,,,,,,,,5.614521452145215e-07,21794,,,,,,,,,
71,,,,,,,,,,21794,0.007054011337459087,,,,,,,,
,,,,,,,,,5.611221122112211e-07,21799,,,,,,,,,
71,,,,,,,,,,21799,0.05300670117139816,,,,,,,,
,,,,,,,,,5.607920792079208e-07,21804,,,,,,,,,
71,,,,,,,,,,21804,0.01666557975113392,,,,,,,,
,,,,,,,,,5.604620462046204e-07,21809,,,,,,,,,
71,,,,,,,,,,21809,0.019268397241830826,,,,,,,,
,,,,,,,,,5.601320132013201e-07,21814,,,,,,,,,
71,,,,,,,,,,21814,0.009985954500734806,,,,,,,,
71,,,,,,,,,,21815,,0.6812499761581421,0.7243243455886841,0.08266925811767578,0.08266925811767578,0.4319992661476135,0.7052631378173828,0.7444444298744202,0.4337303042411804
,,,,,,,,,5.598019801980198e-07,21819,,,,,,,,,
72,,,,,,,,,,21819,0.00644044391810894,,,,,,,,
,,,,,,,,,5.594719471947194e-07,21824,,,,,,,,,
72,,,,,,,,,,21824,0.0013585879933089018,,,,,,,,
,,,,,,,,,5.591419141914191e-07,21829,,,,,,,,,
72,,,,,,,,,,21829,0.03732497617602348,,,,,,,,
,,,,,,,,,5.588118811881189e-07,21834,,,,,,,,,
72,,,,,,,,,,21834,0.017888005822896957,,,,,,,,
,,,,,,,,,5.584818481848185e-07,21839,,,,,,,,,
72,,,,,,,,,,21839,0.031240351498126984,,,,,,,,
,,,,,,,,,5.581518151815181e-07,21844,,,,,,,,,
72,,,,,,,,,,21844,0.03505128249526024,,,,,,,,
,,,,,,,,,5.578217821782179e-07,21849,,,,,,,,,
72,,,,,,,,,,21849,0.009592758491635323,,,,,,,,
,,,,,,,,,5.574917491749175e-07,21854,,,,,,,,,
72,,,,,,,,,,21854,0.01233595423400402,,,,,,,,
,,,,,,,,,5.571617161716171e-07,21859,,,,,,,,,
72,,,,,,,,,,21859,0.0071949949488043785,,,,,,,,
,,,,,,,,,5.568316831683168e-07,21864,,,,,,,,,
72,,,,,,,,,,21864,0.013935022056102753,,,,,,,,
,,,,,,,,,5.565016501650165e-07,21869,,,,,,,,,
72,,,,,,,,,,21869,0.054003503173589706,,,,,,,,
,,,,,,,,,5.561716171617161e-07,21874,,,,,,,,,
72,,,,,,,,,,21874,0.031717415899038315,,,,,,,,
,,,,,,,,,5.558415841584158e-07,21879,,,,,,,,,
72,,,,,,,,,,21879,0.007691525854170322,,,,,,,,
,,,,,,,,,5.555115511551155e-07,21884,,,,,,,,,
72,,,,,,,,,,21884,0.004442947451025248,,,,,,,,
,,,,,,,,,5.551815181518152e-07,21889,,,,,,,,,
72,,,,,,,,,,21889,0.004004557151347399,,,,,,,,
,,,,,,,,,5.548514851485149e-07,21894,,,,,,,,,
72,,,,,,,,,,21894,0.045306429266929626,,,,,,,,
,,,,,,,,,5.545214521452145e-07,21899,,,,,,,,,
72,,,,,,,,,,21899,0.026440128684043884,,,,,,,,
,,,,,,,,,5.541914191419142e-07,21904,,,,,,,,,
72,,,,,,,,,,21904,0.0031354704406112432,,,,,,,,
,,,,,,,,,5.538613861386139e-07,21909,,,,,,,,,
72,,,,,,,,,,21909,0.0070187184028327465,,,,,,,,
,,,,,,,,,5.535313531353135e-07,21914,,,,,,,,,
72,,,,,,,,,,21914,0.012985181994736195,,,,,,,,
,,,,,,,,,5.532013201320131e-07,21919,,,,,,,,,
72,,,,,,,,,,21919,0.010590109042823315,,,,,,,,
,,,,,,,,,5.528712871287129e-07,21924,,,,,,,,,
72,,,,,,,,,,21924,0.005311581306159496,,,,,,,,
,,,,,,,,,5.525412541254125e-07,21929,,,,,,,,,
72,,,,,,,,,,21929,0.03188496455550194,,,,,,,,
,,,,,,,,,5.522112211221121e-07,21934,,,,,,,,,
72,,,,,,,,,,21934,0.037639882415533066,,,,,,,,
,,,,,,,,,5.518811881188119e-07,21939,,,,,,,,,
72,,,,,,,,,,21939,0.0020745720248669386,,,,,,,,
,,,,,,,,,5.515511551155116e-07,21944,,,,,,,,,
72,,,,,,,,,,21944,0.002853466896340251,,,,,,,,
,,,,,,,,,5.512211221122112e-07,21949,,,,,,,,,
72,,,,,,,,,,21949,0.01134455669671297,,,,,,,,
,,,,,,,,,5.508910891089109e-07,21954,,,,,,,,,
72,,,,,,,,,,21954,0.007657861802726984,,,,,,,,
,,,,,,,,,5.505610561056105e-07,21959,,,,,,,,,
72,,,,,,,,,,21959,0.011504165828227997,,,,,,,,
,,,,,,,,,5.502310231023102e-07,21964,,,,,,,,,
72,,,,,,,,,,21964,0.0011694392887875438,,,,,,,,
,,,,,,,,,5.499009900990099e-07,21969,,,,,,,,,
72,,,,,,,,,,21969,0.000867525115609169,,,,,,,,
,,,,,,,,,5.495709570957095e-07,21974,,,,,,,,,
72,,,,,,,,,,21974,0.016171835362911224,,,,,,,,
,,,,,,,,,5.492409240924092e-07,21979,,,,,,,,,
72,,,,,,,,,,21979,0.01581912487745285,,,,,,,,
,,,,,,,,,5.489108910891089e-07,21984,,,,,,,,,
72,,,,,,,,,,21984,0.014775562100112438,,,,,,,,
,,,,,,,,,5.485808580858086e-07,21989,,,,,,,,,
72,,,,,,,,,,21989,0.015223948284983635,,,,,,,,
,,,,,,,,,5.482508250825082e-07,21994,,,,,,,,,
72,,,,,,,,,,21994,0.011332595720887184,,,,,,,,
,,,,,,,,,5.47920792079208e-07,21999,,,,,,,,,
72,,,,,,,,,,21999,0.006416308227926493,,,,,,,,
,,,,,,,,,5.475907590759076e-07,22004,,,,,,,,,
72,,,,,,,,,,22004,0.02849237062036991,,,,,,,,
,,,,,,,,,5.472607260726072e-07,22009,,,,,,,,,
72,,,,,,,,,,22009,0.011823531240224838,,,,,,,,
,,,,,,,,,5.46930693069307e-07,22014,,,,,,,,,
72,,,,,,,,,,22014,0.013003025203943253,,,,,,,,
,,,,,,,,,5.466006600660066e-07,22019,,,,,,,,,
72,,,,,,,,,,22019,0.027649955824017525,,,,,,,,
,,,,,,,,,5.462706270627062e-07,22024,,,,,,,,,
72,,,,,,,,,,22024,0.011618481017649174,,,,,,,,
,,,,,,,,,5.459405940594059e-07,22029,,,,,,,,,
72,,,,,,,,,,22029,0.009184383787214756,,,,,,,,
,,,,,,,,,5.456105610561056e-07,22034,,,,,,,,,
72,,,,,,,,,,22034,0.016626641154289246,,,,,,,,
,,,,,,,,,5.452805280528052e-07,22039,,,,,,,,,
72,,,,,,,,,,22039,0.007535564247518778,,,,,,,,
,,,,,,,,,5.44950495049505e-07,22044,,,,,,,,,
72,,,,,,,,,,22044,0.060637444257736206,,,,,,,,
,,,,,,,,,5.446204620462046e-07,22049,,,,,,,,,
72,,,,,,,,,,22049,0.02024056948721409,,,,,,,,
,,,,,,,,,5.442904290429043e-07,22054,,,,,,,,,
72,,,,,,,,,,22054,0.03585445135831833,,,,,,,,
,,,,,,,,,5.43960396039604e-07,22059,,,,,,,,,
72,,,,,,,,,,22059,0.007665091194212437,,,,,,,,
,,,,,,,,,5.436303630363036e-07,22064,,,,,,,,,
72,,,,,,,,,,22064,0.003578697796911001,,,,,,,,
,,,,,,,,,5.433003300330032e-07,22069,,,,,,,,,
72,,,,,,,,,,22069,0.009079319424927235,,,,,,,,
,,,,,,,,,5.42970297029703e-07,22074,,,,,,,,,
72,,,,,,,,,,22074,0.03391028195619583,,,,,,,,
,,,,,,,,,5.426402640264026e-07,22079,,,,,,,,,
72,,,,,,,,,,22079,0.007776425685733557,,,,,,,,
,,,,,,,,,5.423102310231022e-07,22084,,,,,,,,,
72,,,,,,,,,,22084,0.006299133412539959,,,,,,,,
,,,,,,,,,5.41980198019802e-07,22089,,,,,,,,,
72,,,,,,,,,,22089,0.017694799229502678,,,,,,,,
,,,,,,,,,5.416501650165016e-07,22094,,,,,,,,,
72,,,,,,,,,,22094,0.007653461769223213,,,,,,,,
,,,,,,,,,5.413201320132013e-07,22099,,,,,,,,,
72,,,,,,,,,,22099,0.01740986853837967,,,,,,,,
,,,,,,,,,5.40990099009901e-07,22104,,,,,,,,,
72,,,,,,,,,,22104,0.055338140577077866,,,,,,,,
,,,,,,,,,5.406600660066007e-07,22109,,,,,,,,,
72,,,,,,,,,,22109,0.035366740077733994,,,,,,,,
,,,,,,,,,5.403300330033003e-07,22114,,,,,,,,,
72,,,,,,,,,,22114,0.025155330076813698,,,,,,,,
72,,,,,,,,,,22118,,0.6875,0.7340425252914429,0.08209467679262161,0.08209467679262161,0.4414864480495453,0.704081654548645,0.7666666507720947,0.4392741024494171
,,,,,,,,,5.4e-07,22119,,,,,,,,,
73,,,,,,,,,,22119,0.010812104679644108,,,,,,,,
,,,,,,,,,5.396699669966996e-07,22124,,,,,,,,,
73,,,,,,,,,,22124,0.0033078393898904324,,,,,,,,
,,,,,,,,,5.393399339933993e-07,22129,,,,,,,,,
73,,,,,,,,,,22129,0.006499313749372959,,,,,,,,
,,,,,,,,,5.39009900990099e-07,22134,,,,,,,,,
73,,,,,,,,,,22134,0.01463466975837946,,,,,,,,
,,,,,,,,,5.386798679867986e-07,22139,,,,,,,,,
73,,,,,,,,,,22139,0.012087990529835224,,,,,,,,
,,,,,,,,,5.383498349834982e-07,22144,,,,,,,,,
73,,,,,,,,,,22144,0.0030335632618516684,,,,,,,,
,,,,,,,,,5.38019801980198e-07,22149,,,,,,,,,
73,,,,,,,,,,22149,0.017913969233632088,,,,,,,,
,,,,,,,,,5.376897689768977e-07,22154,,,,,,,,,
73,,,,,,,,,,22154,0.01824851520359516,,,,,,,,
,,,,,,,,,5.373597359735973e-07,22159,,,,,,,,,
73,,,,,,,,,,22159,0.0066065238788723946,,,,,,,,
,,,,,,,,,5.370297029702971e-07,22164,,,,,,,,,
73,,,,,,,,,,22164,0.029914073646068573,,,,,,,,
,,,,,,,,,5.366996699669967e-07,22169,,,,,,,,,
73,,,,,,,,,,22169,0.004654366057366133,,,,,,,,
,,,,,,,,,5.363696369636963e-07,22174,,,,,,,,,
73,,,,,,,,,,22174,0.010107682086527348,,,,,,,,
,,,,,,,,,5.36039603960396e-07,22179,,,,,,,,,
73,,,,,,,,,,22179,0.010549348779022694,,,,,,,,
,,,,,,,,,5.357095709570957e-07,22184,,,,,,,,,
73,,,,,,,,,,22184,0.017435885965824127,,,,,,,,
,,,,,,,,,5.353795379537953e-07,22189,,,,,,,,,
73,,,,,,,,,,22189,0.011733893305063248,,,,,,,,
,,,,,,,,,5.35049504950495e-07,22194,,,,,,,,,
73,,,,,,,,,,22194,0.013178043067455292,,,,,,,,
,,,,,,,,,5.347194719471946e-07,22199,,,,,,,,,
73,,,,,,,,,,22199,0.015163932926952839,,,,,,,,
,,,,,,,,,5.343894389438943e-07,22204,,,,,,,,,
73,,,,,,,,,,22204,0.030502069741487503,,,,,,,,
,,,,,,,,,5.340594059405941e-07,22209,,,,,,,,,
73,,,,,,,,,,22209,0.019034093245863914,,,,,,,,
,,,,,,,,,5.337293729372937e-07,22214,,,,,,,,,
73,,,,,,,,,,22214,0.00914200209081173,,,,,,,,
,,,,,,,,,5.333993399339934e-07,22219,,,,,,,,,
73,,,,,,,,,,22219,0.013307584449648857,,,,,,,,
,,,,,,,,,5.330693069306931e-07,22224,,,,,,,,,
73,,,,,,,,,,22224,0.01527643296867609,,,,,,,,
,,,,,,,,,5.327392739273927e-07,22229,,,,,,,,,
73,,,,,,,,,,22229,0.023902641609311104,,,,,,,,
,,,,,,,,,5.324092409240923e-07,22234,,,,,,,,,
73,,,,,,,,,,22234,0.006912024226039648,,,,,,,,
,,,,,,,,,5.320792079207921e-07,22239,,,,,,,,,
73,,,,,,,,,,22239,0.007446495350450277,,,,,,,,
,,,,,,,,,5.317491749174917e-07,22244,,,,,,,,,
73,,,,,,,,,,22244,0.010996203869581223,,,,,,,,
,,,,,,,,,5.314191419141913e-07,22249,,,,,,,,,
73,,,,,,,,,,22249,0.008605916053056717,,,,,,,,
,,,,,,,,,5.31089108910891e-07,22254,,,,,,,,,
73,,,,,,,,,,22254,0.017716726288199425,,,,,,,,
,,,,,,,,,5.307590759075908e-07,22259,,,,,,,,,
73,,,,,,,,,,22259,0.0030724741518497467,,,,,,,,
,,,,,,,,,5.304290429042904e-07,22264,,,,,,,,,
73,,,,,,,,,,22264,0.011829725466668606,,,,,,,,
,,,,,,,,,5.300990099009901e-07,22269,,,,,,,,,
73,,,,,,,,,,22269,0.02390921860933304,,,,,,,,
,,,,,,,,,5.297689768976898e-07,22274,,,,,,,,,
73,,,,,,,,,,22274,0.019616909325122833,,,,,,,,
,,,,,,,,,5.294389438943894e-07,22279,,,,,,,,,
73,,,,,,,,,,22279,0.025079326704144478,,,,,,,,
,,,,,,,,,5.291089108910891e-07,22284,,,,,,,,,
73,,,,,,,,,,22284,0.033047255128622055,,,,,,,,
,,,,,,,,,5.287788778877887e-07,22289,,,,,,,,,
73,,,,,,,,,,22289,0.027447566390037537,,,,,,,,
,,,,,,,,,5.284488448844884e-07,22294,,,,,,,,,
73,,,,,,,,,,22294,0.00798551645129919,,,,,,,,
,,,,,,,,,5.281188118811881e-07,22299,,,,,,,,,
73,,,,,,,,,,22299,0.01693643629550934,,,,,,,,
,,,,,,,,,5.277887788778877e-07,22304,,,,,,,,,
73,,,,,,,,,,22304,0.039086367934942245,,,,,,,,
,,,,,,,,,5.274587458745873e-07,22309,,,,,,,,,
73,,,,,,,,,,22309,0.02329772710800171,,,,,,,,
,,,,,,,,,5.271287128712872e-07,22314,,,,,,,,,
73,,,,,,,,,,22314,0.014768910594284534,,,,,,,,
,,,,,,,,,5.267986798679868e-07,22319,,,,,,,,,
73,,,,,,,,,,22319,0.022346485406160355,,,,,,,,
,,,,,,,,,5.264686468646864e-07,22324,,,,,,,,,
73,,,,,,,,,,22324,0.0058967312797904015,,,,,,,,
,,,,,,,,,5.261386138613862e-07,22329,,,,,,,,,
73,,,,,,,,,,22329,0.010333984158933163,,,,,,,,
,,,,,,,,,5.258085808580858e-07,22334,,,,,,,,,
73,,,,,,,,,,22334,0.016355853527784348,,,,,,,,
,,,,,,,,,5.254785478547854e-07,22339,,,,,,,,,
73,,,,,,,,,,22339,0.01199517585337162,,,,,,,,
,,,,,,,,,5.251485148514851e-07,22344,,,,,,,,,
73,,,,,,,,,,22344,0.005429537501186132,,,,,,,,
,,,,,,,,,5.248184818481848e-07,22349,,,,,,,,,
73,,,,,,,,,,22349,0.00832648016512394,,,,,,,,
,,,,,,,,,5.244884488448844e-07,22354,,,,,,,,,
73,,,,,,,,,,22354,0.015235810540616512,,,,,,,,
,,,,,,,,,5.241584158415841e-07,22359,,,,,,,,,
73,,,,,,,,,,22359,0.011935997754335403,,,,,,,,
,,,,,,,,,5.238283828382837e-07,22364,,,,,,,,,
73,,,,,,,,,,22364,0.04898523911833763,,,,,,,,
,,,,,,,,,5.234983498349835e-07,22369,,,,,,,,,
73,,,,,,,,,,22369,0.019508114084601402,,,,,,,,
,,,,,,,,,5.231683168316832e-07,22374,,,,,,,,,
73,,,,,,,,,,22374,0.010343224741518497,,,,,,,,
,,,,,,,,,5.228382838283828e-07,22379,,,,,,,,,
73,,,,,,,,,,22379,0.003170229960232973,,,,,,,,
,,,,,,,,,5.225082508250824e-07,22384,,,,,,,,,
73,,,,,,,,,,22384,0.01652621664106846,,,,,,,,
,,,,,,,,,5.221782178217822e-07,22389,,,,,,,,,
73,,,,,,,,,,22389,0.0038143813144415617,,,,,,,,
,,,,,,,,,5.218481848184818e-07,22394,,,,,,,,,
73,,,,,,,,,,22394,0.021513978019356728,,,,,,,,
,,,,,,,,,5.215181518151814e-07,22399,,,,,,,,,
73,,,,,,,,,,22399,0.012716847471892834,,,,,,,,
,,,,,,,,,5.211881188118812e-07,22404,,,,,,,,,
73,,,,,,,,,,22404,0.006828790996223688,,,,,,,,
,,,,,,,,,5.208580858085808e-07,22409,,,,,,,,,
73,,,,,,,,,,22409,0.017145367339253426,,,,,,,,
,,,,,,,,,5.205280528052805e-07,22414,,,,,,,,,
73,,,,,,,,,,22414,0.022822963073849678,,,,,,,,
,,,,,,,,,5.201980198019802e-07,22419,,,,,,,,,
73,,,,,,,,,,22419,0.022554626688361168,,,,,,,,
73,,,,,,,,,,22421,,0.6812499761581421,0.7243243455886841,0.08158288896083832,0.08158288896083832,0.43940821290016174,0.7052631378173828,0.7444444298744202,0.437822163105011
,,,,,,,,,5.198679867986799e-07,22424,,,,,,,,,
74,,,,,,,,,,22424,0.017364628612995148,,,,,,,,
,,,,,,,,,5.195379537953796e-07,22429,,,,,,,,,
74,,,,,,,,,,22429,0.011313747614622116,,,,,,,,
,,,,,,,,,5.192079207920792e-07,22434,,,,,,,,,
74,,,,,,,,,,22434,0.005552015267312527,,,,,,,,
,,,,,,,,,5.188778877887788e-07,22439,,,,,,,,,
74,,,,,,,,,,22439,0.0027368522714823484,,,,,,,,
,,,,,,,,,5.185478547854786e-07,22444,,,,,,,,,
74,,,,,,,,,,22444,0.0008375704637728631,,,,,,,,
,,,,,,,,,5.182178217821782e-07,22449,,,,,,,,,
74,,,,,,,,,,22449,0.04084937646985054,,,,,,,,
,,,,,,,,,5.178877887788778e-07,22454,,,,,,,,,
74,,,,,,,,,,22454,0.009018301963806152,,,,,,,,
,,,,,,,,,5.175577557755776e-07,22459,,,,,,,,,
74,,,,,,,,,,22459,0.022093232721090317,,,,,,,,
,,,,,,,,,5.172277227722772e-07,22464,,,,,,,,,
74,,,,,,,,,,22464,0.01168847642838955,,,,,,,,
,,,,,,,,,5.168976897689768e-07,22469,,,,,,,,,
74,,,,,,,,,,22469,0.01875928044319153,,,,,,,,
,,,,,,,,,5.165676567656766e-07,22474,,,,,,,,,
74,,,,,,,,,,22474,0.008579855784773827,,,,,,,,
,,,,,,,,,5.162376237623763e-07,22479,,,,,,,,,
74,,,,,,,,,,22479,0.010297650471329689,,,,,,,,
,,,,,,,,,5.159075907590759e-07,22484,,,,,,,,,
74,,,,,,,,,,22484,0.021110013127326965,,,,,,,,
,,,,,,,,,5.155775577557756e-07,22489,,,,,,,,,
74,,,,,,,,,,22489,0.005208458751440048,,,,,,,,
,,,,,,,,,5.152475247524752e-07,22494,,,,,,,,,
74,,,,,,,,,,22494,0.013531348668038845,,,,,,,,
,,,,,,,,,5.149174917491749e-07,22499,,,,,,,,,
74,,,,,,,,,,22499,0.0024479092098772526,,,,,,,,
,,,,,,,,,5.145874587458746e-07,22504,,,,,,,,,
74,,,,,,,,,,22504,0.0034520437475293875,,,,,,,,
,,,,,,,,,5.142574257425742e-07,22509,,,,,,,,,
74,,,,,,,,,,22509,0.016997771337628365,,,,,,,,
,,,,,,,,,5.139273927392739e-07,22514,,,,,,,,,
74,,,,,,,,,,22514,0.015980524942278862,,,,,,,,
,,,,,,,,,5.135973597359736e-07,22519,,,,,,,,,
74,,,,,,,,,,22519,0.0035374187864363194,,,,,,,,
,,,,,,,,,5.132673267326732e-07,22524,,,,,,,,,
74,,,,,,,,,,22524,0.014167147688567638,,,,,,,,
,,,,,,,,,5.129372937293729e-07,22529,,,,,,,,,
74,,,,,,,,,,22529,0.015384449623525143,,,,,,,,
,,,,,,,,,5.126072607260727e-07,22534,,,,,,,,,
74,,,,,,,,,,22534,0.003528781933709979,,,,,,,,
,,,,,,,,,5.122772277227723e-07,22539,,,,,,,,,
74,,,,,,,,,,22539,0.011574680916965008,,,,,,,,
,,,,,,,,,5.119471947194719e-07,22544,,,,,,,,,
74,,,,,,,,,,22544,0.01794581487774849,,,,,,,,
,,,,,,,,,5.116171617161716e-07,22549,,,,,,,,,
74,,,,,,,,,,22549,0.008183308877050877,,,,,,,,
,,,,,,,,,5.112871287128713e-07,22554,,,,,,,,,
74,,,,,,,,,,22554,0.01185433566570282,,,,,,,,
,,,,,,,,,5.109570957095709e-07,22559,,,,,,,,,
74,,,,,,,,,,22559,0.0030728676356375217,,,,,,,,
,,,,,,,,,5.106270627062706e-07,22564,,,,,,,,,
74,,,,,,,,,,22564,0.012195792980492115,,,,,,,,
,,,,,,,,,5.102970297029703e-07,22569,,,,,,,,,
74,,,,,,,,,,22569,0.015340394340455532,,,,,,,,
,,,,,,,,,5.099669966996699e-07,22574,,,,,,,,,
74,,,,,,,,,,22574,0.005868510343134403,,,,,,,,
,,,,,,,,,5.096369636963697e-07,22579,,,,,,,,,
74,,,,,,,,,,22579,0.013388930819928646,,,,,,,,
,,,,,,,,,5.093069306930693e-07,22584,,,,,,,,,
74,,,,,,,,,,22584,0.0055947196669876575,,,,,,,,
,,,,,,,,,5.08976897689769e-07,22589,,,,,,,,,
74,,,,,,,,,,22589,0.008747040294110775,,,,,,,,
,,,,,,,,,5.086468646864687e-07,22594,,,,,,,,,
74,,,,,,,,,,22594,0.0031971505377441645,,,,,,,,
,,,,,,,,,5.083168316831683e-07,22599,,,,,,,,,
74,,,,,,,,,,22599,0.006673302035778761,,,,,,,,
,,,,,,,,,5.079867986798679e-07,22604,,,,,,,,,
74,,,,,,,,,,22604,0.005582157056778669,,,,,,,,
,,,,,,,,,5.076567656765677e-07,22609,,,,,,,,,
74,,,,,,,,,,22609,0.020419981330633163,,,,,,,,
,,,,,,,,,5.073267326732673e-07,22614,,,,,,,,,
74,,,,,,,,,,22614,0.002894841367378831,,,,,,,,
,,,,,,,,,5.069966996699669e-07,22619,,,,,,,,,
74,,,,,,,,,,22619,0.0061925118789076805,,,,,,,,
,,,,,,,,,5.066666666666667e-07,22624,,,,,,,,,
74,,,,,,,,,,22624,0.03643134981393814,,,,,,,,
,,,,,,,,,5.063366336633663e-07,22629,,,,,,,,,
74,,,,,,,,,,22629,0.01826673373579979,,,,,,,,
,,,,,,,,,5.060066006600659e-07,22634,,,,,,,,,
74,,,,,,,,,,22634,0.03733893111348152,,,,,,,,
,,,,,,,,,5.056765676567657e-07,22639,,,,,,,,,
74,,,,,,,,,,22639,0.008774126879870892,,,,,,,,
,,,,,,,,,5.053465346534654e-07,22644,,,,,,,,,
74,,,,,,,,,,22644,0.020603591576218605,,,,,,,,
,,,,,,,,,5.05016501650165e-07,22649,,,,,,,,,
74,,,,,,,,,,22649,0.0247336532920599,,,,,,,,
,,,,,,,,,5.046864686468647e-07,22654,,,,,,,,,
74,,,,,,,,,,22654,0.018984565511345863,,,,,,,,
,,,,,,,,,5.043564356435643e-07,22659,,,,,,,,,
74,,,,,,,,,,22659,0.004021340515464544,,,,,,,,
,,,,,,,,,5.04026402640264e-07,22664,,,,,,,,,
74,,,,,,,,,,22664,0.019131574779748917,,,,,,,,
,,,,,,,,,5.036963696369637e-07,22669,,,,,,,,,
74,,,,,,,,,,22669,0.014548171311616898,,,,,,,,
,,,,,,,,,5.033663366336633e-07,22674,,,,,,,,,
74,,,,,,,,,,22674,0.015412195585668087,,,,,,,,
,,,,,,,,,5.030363036303629e-07,22679,,,,,,,,,
74,,,,,,,,,,22679,0.010541469790041447,,,,,,,,
,,,,,,,,,5.027062706270627e-07,22684,,,,,,,,,
74,,,,,,,,,,22684,0.00967316422611475,,,,,,,,
,,,,,,,,,5.023762376237624e-07,22689,,,,,,,,,
74,,,,,,,,,,22689,0.013666467741131783,,,,,,,,
,,,,,,,,,5.02046204620462e-07,22694,,,,,,,,,
74,,,,,,,,,,22694,0.01314265001565218,,,,,,,,
,,,,,,,,,5.017161716171618e-07,22699,,,,,,,,,
74,,,,,,,,,,22699,0.03819902613759041,,,,,,,,
,,,,,,,,,5.013861386138614e-07,22704,,,,,,,,,
74,,,,,,,,,,22704,0.018389390781521797,,,,,,,,
,,,,,,,,,5.01056105610561e-07,22709,,,,,,,,,
74,,,,,,,,,,22709,0.013774196617305279,,,,,,,,
,,,,,,,,,5.007260726072607e-07,22714,,,,,,,,,
74,,,,,,,,,,22714,0.002073324518278241,,,,,,,,
,,,,,,,,,5.003960396039604e-07,22719,,,,,,,,,
74,,,,,,,,,,22719,0.015163148753345013,,,,,,,,
,,,,,,,,,5.0006600660066e-07,22724,,,,,,,,,
74,,,,,,,,,,22724,0.00839226134121418,,,,,,,,
74,,,,,,,,,,22724,,0.6875,0.72826087474823,0.08332802355289459,0.08332802355289459,0.43024444580078125,0.7127659320831299,0.7444444298744202,0.43157437443733215
,,,,,,,,,4.997359735973597e-07,22729,,,,,,,,,
75,,,,,,,,,,22729,0.006378375459462404,,,,,,,,
,,,,,,,,,4.994059405940593e-07,22734,,,,,,,,,
75,,,,,,,,,,22734,0.014207725413143635,,,,,,,,
,,,,,,,,,4.990759075907591e-07,22739,,,,,,,,,
75,,,,,,,,,,22739,0.0038206963799893856,,,,,,,,
,,,,,,,,,4.987458745874587e-07,22744,,,,,,,,,
75,,,,,,,,,,22744,0.01692180708050728,,,,,,,,
,,,,,,,,,4.984158415841584e-07,22749,,,,,,,,,
75,,,,,,,,,,22749,0.012902677059173584,,,,,,,,
,,,,,,,,,4.980858085808581e-07,22754,,,,,,,,,
75,,,,,,,,,,22754,0.03304808586835861,,,,,,,,
,,,,,,,,,4.977557755775577e-07,22759,,,,,,,,,
75,,,,,,,,,,22759,0.03182612359523773,,,,,,,,
,,,,,,,,,4.974257425742574e-07,22764,,,,,,,,,
75,,,,,,,,,,22764,0.02917483076453209,,,,,,,,
,,,,,,,,,4.970957095709571e-07,22769,,,,,,,,,
75,,,,,,,,,,22769,0.017189394682645798,,,,,,,,
,,,,,,,,,4.967656765676568e-07,22774,,,,,,,,,
75,,,,,,,,,,22774,0.022497037425637245,,,,,,,,
,,,,,,,,,4.964356435643564e-07,22779,,,,,,,,,
75,,,,,,,,,,22779,0.027302362024784088,,,,,,,,
,,,,,,,,,4.961056105610561e-07,22784,,,,,,,,,
75,,,,,,,,,,22784,0.0065428754314780235,,,,,,,,
,,,,,,,,,4.957755775577557e-07,22789,,,,,,,,,
75,,,,,,,,,,22789,0.011957312002778053,,,,,,,,
,,,,,,,,,4.954455445544554e-07,22794,,,,,,,,,
75,,,,,,,,,,22794,0.01811082474887371,,,,,,,,
,,,,,,,,,4.951155115511551e-07,22799,,,,,,,,,
75,,,,,,,,,,22799,0.010988733731210232,,,,,,,,
,,,,,,,,,4.947854785478547e-07,22804,,,,,,,,,
75,,,,,,,,,,22804,0.06320767849683762,,,,,,,,
,,,,,,,,,4.944554455445545e-07,22809,,,,,,,,,
75,,,,,,,,,,22809,0.011599955148994923,,,,,,,,
,,,,,,,,,4.941254125412541e-07,22814,,,,,,,,,
75,,,,,,,,,,22814,0.006293583661317825,,,,,,,,
,,,,,,,,,4.937953795379537e-07,22819,,,,,,,,,
75,,,,,,,,,,22819,0.0343281626701355,,,,,,,,
,,,,,,,,,4.934653465346534e-07,22824,,,,,,,,,
75,,,,,,,,,,22824,0.008502885699272156,,,,,,,,
,,,,,,,,,4.931353135313532e-07,22829,,,,,,,,,
75,,,,,,,,,,22829,0.007644988130778074,,,,,,,,
,,,,,,,,,4.928052805280528e-07,22834,,,,,,,,,
75,,,,,,,,,,22834,0.007810103241354227,,,,,,,,
,,,,,,,,,4.924752475247524e-07,22839,,,,,,,,,
75,,,,,,,,,,22839,0.0045578633435070515,,,,,,,,
,,,,,,,,,4.921452145214521e-07,22844,,,,,,,,,
75,,,,,,,,,,22844,0.013582493178546429,,,,,,,,
,,,,,,,,,4.918151815181518e-07,22849,,,,,,,,,
75,,,,,,,,,,22849,0.0035184004809707403,,,,,,,,
,,,,,,,,,4.914851485148515e-07,22854,,,,,,,,,
75,,,,,,,,,,22854,0.006137181539088488,,,,,,,,
,,,,,,,,,4.911551155115511e-07,22859,,,,,,,,,
75,,,,,,,,,,22859,0.01936832070350647,,,,,,,,
,,,,,,,,,4.908250825082507e-07,22864,,,,,,,,,
75,,,,,,,,,,22864,0.011973475106060505,,,,,,,,
,,,,,,,,,4.904950495049505e-07,22869,,,,,,,,,
75,,,,,,,,,,22869,0.0039231013506650925,,,,,,,,
,,,,,,,,,4.901650165016501e-07,22874,,,,,,,,,
75,,,,,,,,,,22874,0.011785979382693768,,,,,,,,
,,,,,,,,,4.898349834983498e-07,22879,,,,,,,,,
75,,,,,,,,,,22879,0.012240219861268997,,,,,,,,
,,,,,,,,,4.895049504950495e-07,22884,,,,,,,,,
75,,,,,,,,,,22884,0.002344514010474086,,,,,,,,
,,,,,,,,,4.891749174917492e-07,22889,,,,,,,,,
75,,,,,,,,,,22889,0.007750785443931818,,,,,,,,
,,,,,,,,,4.888448844884488e-07,22894,,,,,,,,,
75,,,,,,,,,,22894,0.0038299509324133396,,,,,,,,
,,,,,,,,,4.885148514851484e-07,22899,,,,,,,,,
75,,,,,,,,,,22899,0.008399399928748608,,,,,,,,
,,,,,,,,,4.881848184818482e-07,22904,,,,,,,,,
75,,,,,,,,,,22904,0.028297701850533485,,,,,,,,
,,,,,,,,,4.878547854785479e-07,22909,,,,,,,,,
75,,,,,,,,,,22909,0.02922798879444599,,,,,,,,
,,,,,,,,,4.875247524752475e-07,22914,,,,,,,,,
75,,,,,,,,,,22914,0.019747285172343254,,,,,,,,
,,,,,,,,,4.871947194719471e-07,22919,,,,,,,,,
75,,,,,,,,,,22919,0.014411061070859432,,,,,,,,
,,,,,,,,,4.868646864686469e-07,22924,,,,,,,,,
75,,,,,,,,,,22924,0.013537059538066387,,,,,,,,
,,,,,,,,,4.865346534653465e-07,22929,,,,,,,,,
75,,,,,,,,,,22929,0.026097482070326805,,,,,,,,
,,,,,,,,,4.862046204620462e-07,22934,,,,,,,,,
75,,,,,,,,,,22934,0.023687519133090973,,,,,,,,
,,,,,,,,,4.858745874587459e-07,22939,,,,,,,,,
75,,,,,,,,,,22939,0.021000947803258896,,,,,,,,
,,,,,,,,,4.855445544554455e-07,22944,,,,,,,,,
75,,,,,,,,,,22944,0.03585696965456009,,,,,,,,
,,,,,,,,,4.852145214521452e-07,22949,,,,,,,,,
75,,,,,,,,,,22949,0.01739468425512314,,,,,,,,
,,,,,,,,,4.848844884488448e-07,22954,,,,,,,,,
75,,,,,,,,,,22954,0.03263768553733826,,,,,,,,
,,,,,,,,,4.845544554455446e-07,22959,,,,,,,,,
75,,,,,,,,,,22959,0.02026410400867462,,,,,,,,
,,,,,,,,,4.842244224422442e-07,22964,,,,,,,,,
75,,,,,,,,,,22964,0.007799809332937002,,,,,,,,
,,,,,,,,,4.838943894389439e-07,22969,,,,,,,,,
75,,,,,,,,,,22969,0.003045031800866127,,,,,,,,
,,,,,,,,,4.835643564356435e-07,22974,,,,,,,,,
75,,,,,,,,,,22974,0.011314024217426777,,,,,,,,
,,,,,,,,,4.832343234323432e-07,22979,,,,,,,,,
75,,,,,,,,,,22979,0.006597916129976511,,,,,,,,
,,,,,,,,,4.829042904290429e-07,22984,,,,,,,,,
75,,,,,,,,,,22984,0.005039636045694351,,,,,,,,
,,,,,,,,,4.825742574257425e-07,22989,,,,,,,,,
75,,,,,,,,,,22989,0.03996123746037483,,,,,,,,
,,,,,,,,,4.822442244224423e-07,22994,,,,,,,,,
75,,,,,,,,,,22994,0.03209632262587547,,,,,,,,
,,,,,,,,,4.819141914191419e-07,22999,,,,,,,,,
75,,,,,,,,,,22999,0.00383659265935421,,,,,,,,
,,,,,,,,,4.815841584158415e-07,23004,,,,,,,,,
75,,,,,,,,,,23004,0.04257827252149582,,,,,,,,
,,,,,,,,,4.812541254125412e-07,23009,,,,,,,,,
75,,,,,,,,,,23009,0.03810488432645798,,,,,,,,
,,,,,,,,,4.80924092409241e-07,23014,,,,,,,,,
75,,,,,,,,,,23014,0.008097781799733639,,,,,,,,
,,,,,,,,,4.805940594059406e-07,23019,,,,,,,,,
75,,,,,,,,,,23019,0.007298080250620842,,,,,,,,
,,,,,,,,,4.802640264026402e-07,23024,,,,,,,,,
75,,,,,,,,,,23024,0.00658086221665144,,,,,,,,
75,,,,,,,,,,23027,,0.6812499761581421,0.7272727489471436,0.08261553943157196,0.08261553943157196,0.440805584192276,0.7010309100151062,0.7555555701255798,0.43904826045036316
,,,,,,,,,4.799339933993399e-07,23029,,,,,,,,,
76,,,,,,,,,,23029,0.013081214390695095,,,,,,,,
,,,,,,,,,4.796039603960396e-07,23034,,,,,,,,,
76,,,,,,,,,,23034,0.03826356679201126,,,,,,,,
,,,,,,,,,4.792739273927393e-07,23039,,,,,,,,,
76,,,,,,,,,,23039,0.00809477549046278,,,,,,,,
,,,,,,,,,4.789438943894389e-07,23044,,,,,,,,,
76,,,,,,,,,,23044,0.005124075338244438,,,,,,,,
,,,,,,,,,4.786138613861385e-07,23049,,,,,,,,,
76,,,,,,,,,,23049,0.015436379238963127,,,,,,,,
,,,,,,,,,4.782838283828383e-07,23054,,,,,,,,,
76,,,,,,,,,,23054,0.013914087787270546,,,,,,,,
,,,,,,,,,4.779537953795379e-07,23059,,,,,,,,,
76,,,,,,,,,,23059,0.017182637006044388,,,,,,,,
,,,,,,,,,4.776237623762376e-07,23064,,,,,,,,,
76,,,,,,,,,,23064,0.02618633583188057,,,,,,,,
,,,,,,,,,4.772937293729373e-07,23069,,,,,,,,,
76,,,,,,,,,,23069,0.01848425716161728,,,,,,,,
,,,,,,,,,4.76963696369637e-07,23074,,,,,,,,,
76,,,,,,,,,,23074,0.004417841322720051,,,,,,,,
,,,,,,,,,4.766336633663366e-07,23079,,,,,,,,,
76,,,,,,,,,,23079,0.014762389473617077,,,,,,,,
,,,,,,,,,4.763036303630363e-07,23084,,,,,,,,,
76,,,,,,,,,,23084,0.01435398031026125,,,,,,,,
,,,,,,,,,4.7597359735973597e-07,23089,,,,,,,,,
76,,,,,,,,,,23089,0.012113193981349468,,,,,,,,
,,,,,,,,,4.756435643564356e-07,23094,,,,,,,,,
76,,,,,,,,,,23094,0.02651968039572239,,,,,,,,
,,,,,,,,,4.7531353135313527e-07,23099,,,,,,,,,
76,,,,,,,,,,23099,0.00673207500949502,,,,,,,,
,,,,,,,,,4.74983498349835e-07,23104,,,,,,,,,
76,,,,,,,,,,23104,0.008053328841924667,,,,,,,,
,,,,,,,,,4.7465346534653463e-07,23109,,,,,,,,,
76,,,,,,,,,,23109,0.005511122290045023,,,,,,,,
,,,,,,,,,4.743234323432343e-07,23114,,,,,,,,,
76,,,,,,,,,,23114,0.01261349581182003,,,,,,,,
,,,,,,,,,4.73993399339934e-07,23119,,,,,,,,,
76,,,,,,,,,,23119,0.0688859149813652,,,,,,,,
,,,,,,,,,4.736633663366336e-07,23124,,,,,,,,,
76,,,,,,,,,,23124,0.021652763709425926,,,,,,,,
,,,,,,,,,4.733333333333333e-07,23129,,,,,,,,,
76,,,,,,,,,,23129,0.004222347401082516,,,,,,,,
,,,,,,,,,4.73003300330033e-07,23134,,,,,,,,,
76,,,,,,,,,,23134,0.021223563700914383,,,,,,,,
,,,,,,,,,4.7267326732673264e-07,23139,,,,,,,,,
76,,,,,,,,,,23139,0.01424285490065813,,,,,,,,
,,,,,,,,,4.723432343234323e-07,23144,,,,,,,,,
76,,,,,,,,,,23144,0.02635805681347847,,,,,,,,
,,,,,,,,,4.72013201320132e-07,23149,,,,,,,,,
76,,,,,,,,,,23149,0.0027435196097940207,,,,,,,,
,,,,,,,,,4.716831683168316e-07,23154,,,,,,,,,
76,,,,,,,,,,23154,0.032105837017297745,,,,,,,,
,,,,,,,,,4.7135313531353135e-07,23159,,,,,,,,,
76,,,,,,,,,,23159,0.006333944387733936,,,,,,,,
,,,,,,,,,4.71023102310231e-07,23164,,,,,,,,,
76,,,,,,,,,,23164,0.00801924429833889,,,,,,,,
,,,,,,,,,4.7069306930693065e-07,23169,,,,,,,,,
76,,,,,,,,,,23169,0.006879367865622044,,,,,,,,
,,,,,,,,,4.7036303630363033e-07,23174,,,,,,,,,
76,,,,,,,,,,23174,0.015664245933294296,,,,,,,,
,,,,,,,,,4.7003300330033e-07,23179,,,,,,,,,
76,,,,,,,,,,23179,0.0224510096013546,,,,,,,,
,,,,,,,,,4.6970297029702963e-07,23184,,,,,,,,,
76,,,,,,,,,,23184,0.006829561199992895,,,,,,,,
,,,,,,,,,4.6937293729372936e-07,23189,,,,,,,,,
76,,,,,,,,,,23189,0.006568902172148228,,,,,,,,
,,,,,,,,,4.6904290429042904e-07,23194,,,,,,,,,
76,,,,,,,,,,23194,0.01905197463929653,,,,,,,,
,,,,,,,,,4.687128712871287e-07,23199,,,,,,,,,
76,,,,,,,,,,23199,0.010547664016485214,,,,,,,,
,,,,,,,,,4.6838283828382834e-07,23204,,,,,,,,,
76,,,,,,,,,,23204,0.037354663014411926,,,,,,,,
,,,,,,,,,4.68052805280528e-07,23209,,,,,,,,,
76,,,,,,,,,,23209,0.0073067559860646725,,,,,,,,
,,,,,,,,,4.6772277227722775e-07,23214,,,,,,,,,
76,,,,,,,,,,23214,0.023660320788621902,,,,,,,,
,,,,,,,,,4.6739273927392737e-07,23219,,,,,,,,,
76,,,,,,,,,,23219,0.012426546774804592,,,,,,,,
,,,,,,,,,4.6706270627062705e-07,23224,,,,,,,,,
76,,,,,,,,,,23224,0.006483670324087143,,,,,,,,
,,,,,,,,,4.6673267326732673e-07,23229,,,,,,,,,
76,,,,,,,,,,23229,0.008378935977816582,,,,,,,,
,,,,,,,,,4.6640264026402635e-07,23234,,,,,,,,,
76,,,,,,,,,,23234,0.013649996370077133,,,,,,,,
,,,,,,,,,4.660726072607261e-07,23239,,,,,,,,,
76,,,,,,,,,,23239,0.029253771528601646,,,,,,,,
,,,,,,,,,4.6574257425742576e-07,23244,,,,,,,,,
76,,,,,,,,,,23244,0.015226878225803375,,,,,,,,
,,,,,,,,,4.654125412541254e-07,23249,,,,,,,,,
76,,,,,,,,,,23249,0.010084552690386772,,,,,,,,
,,,,,,,,,4.6508250825082506e-07,23254,,,,,,,,,
76,,,,,,,,,,23254,0.0069008697755634785,,,,,,,,
,,,,,,,,,4.6475247524752474e-07,23259,,,,,,,,,
76,,,,,,,,,,23259,0.006368973758071661,,,,,,,,
,,,,,,,,,4.6442244224422436e-07,23264,,,,,,,,,
76,,,,,,,,,,23264,0.05958167091012001,,,,,,,,
,,,,,,,,,4.640924092409241e-07,23269,,,,,,,,,
76,,,,,,,,,,23269,0.004015343729406595,,,,,,,,
,,,,,,,,,4.6376237623762377e-07,23274,,,,,,,,,
76,,,,,,,,,,23274,0.0028915468137711287,,,,,,,,
,,,,,,,,,4.634323432343234e-07,23279,,,,,,,,,
76,,,,,,,,,,23279,0.002624313347041607,,,,,,,,
,,,,,,,,,4.631023102310231e-07,23284,,,,,,,,,
76,,,,,,,,,,23284,0.019402170553803444,,,,,,,,
,,,,,,,,,4.6277227722772275e-07,23289,,,,,,,,,
76,,,,,,,,,,23289,0.012280208058655262,,,,,,,,
,,,,,,,,,4.6244224422442243e-07,23294,,,,,,,,,
76,,,,,,,,,,23294,0.003900208044797182,,,,,,,,
,,,,,,,,,4.621122112211221e-07,23299,,,,,,,,,
76,,,,,,,,,,23299,0.014499979093670845,,,,,,,,
,,,,,,,,,4.617821782178218e-07,23304,,,,,,,,,
76,,,,,,,,,,23304,0.00721866125240922,,,,,,,,
,,,,,,,,,4.614521452145214e-07,23309,,,,,,,,,
76,,,,,,,,,,23309,0.0031127948313951492,,,,,,,,
,,,,,,,,,4.611221122112211e-07,23314,,,,,,,,,
76,,,,,,,,,,23314,0.01522339228540659,,,,,,,,
,,,,,,,,,4.607920792079208e-07,23319,,,,,,,,,
76,,,,,,,,,,23319,0.0034631993621587753,,,,,,,,
,,,,,,,,,4.6046204620462044e-07,23324,,,,,,,,,
76,,,,,,,,,,23324,0.010263527743518353,,,,,,,,
,,,,,,,,,4.601320132013201e-07,23329,,,,,,,,,
76,,,,,,,,,,23329,0.007376115769147873,,,,,,,,
76,,,,,,,,,,23330,,0.6875,0.7311828136444092,0.0826927125453949,0.0826927125453949,0.43701639771461487,0.7083333134651184,0.7555555701255798,0.4373733699321747
,,,,,,,,,4.598019801980198e-07,23334,,,,,,,,,
77,,,,,,,,,,23334,0.01741417497396469,,,,,,,,
,,,,,,,,,4.594719471947194e-07,23339,,,,,,,,,
77,,,,,,,,,,23339,0.03163038566708565,,,,,,,,
,,,,,,,,,4.591419141914191e-07,23344,,,,,,,,,
77,,,,,,,,,,23344,0.0029042481910437346,,,,,,,,
,,,,,,,,,4.5881188118811883e-07,23349,,,,,,,,,
77,,,,,,,,,,23349,0.003682201961055398,,,,,,,,
,,,,,,,,,4.5848184818481845e-07,23354,,,,,,,,,
77,,,,,,,,,,23354,0.02788192592561245,,,,,,,,
,,,,,,,,,4.5815181518151813e-07,23359,,,,,,,,,
77,,,,,,,,,,23359,0.003257302101701498,,,,,,,,
,,,,,,,,,4.578217821782178e-07,23364,,,,,,,,,
77,,,,,,,,,,23364,0.026091953739523888,,,,,,,,
,,,,,,,,,4.5749174917491743e-07,23369,,,,,,,,,
77,,,,,,,,,,23369,0.017203612253069878,,,,,,,,
,,,,,,,,,4.5716171617161716e-07,23374,,,,,,,,,
77,,,,,,,,,,23374,0.007220156956464052,,,,,,,,
,,,,,,,,,4.5683168316831684e-07,23379,,,,,,,,,
77,,,,,,,,,,23379,0.021796565502882004,,,,,,,,
,,,,,,,,,4.5650165016501647e-07,23384,,,,,,,,,
77,,,,,,,,,,23384,0.004743028897792101,,,,,,,,
,,,,,,,,,4.5617161716171614e-07,23389,,,,,,,,,
77,,,,,,,,,,23389,0.01611013524234295,,,,,,,,
,,,,,,,,,4.558415841584158e-07,23394,,,,,,,,,
77,,,,,,,,,,23394,0.007980394177138805,,,,,,,,
,,,,,,,,,4.5551155115511544e-07,23399,,,,,,,,,
77,,,,,,,,,,23399,0.039474084973335266,,,,,,,,
,,,,,,,,,4.551815181518152e-07,23404,,,,,,,,,
77,,,,,,,,,,23404,0.00646366598084569,,,,,,,,
,,,,,,,,,4.5485148514851485e-07,23409,,,,,,,,,
77,,,,,,,,,,23409,0.0013712132349610329,,,,,,,,
,,,,,,,,,4.545214521452145e-07,23414,,,,,,,,,
77,,,,,,,,,,23414,0.009848476387560368,,,,,,,,
,,,,,,,,,4.5419141914191415e-07,23419,,,,,,,,,
77,,,,,,,,,,23419,0.0014448474394157529,,,,,,,,
,,,,,,,,,4.5386138613861383e-07,23424,,,,,,,,,
77,,,,,,,,,,23424,0.0166454017162323,,,,,,,,
,,,,,,,,,4.535313531353135e-07,23429,,,,,,,,,
77,,,,,,,,,,23429,0.016975203529000282,,,,,,,,
,,,,,,,,,4.532013201320132e-07,23434,,,,,,,,,
77,,,,,,,,,,23434,0.0024871232453733683,,,,,,,,
,,,,,,,,,4.5287128712871286e-07,23439,,,,,,,,,
77,,,,,,,,,,23439,0.006094969343394041,,,,,,,,
,,,,,,,,,4.525412541254125e-07,23444,,,,,,,,,
77,,,,,,,,,,23444,0.026138192042708397,,,,,,,,
,,,,,,,,,4.5221122112211217e-07,23449,,,,,,,,,
77,,,,,,,,,,23449,0.006853992585092783,,,,,,,,
,,,,,,,,,4.518811881188119e-07,23454,,,,,,,,,
77,,,,,,,,,,23454,0.019353235140442848,,,,,,,,
,,,,,,,,,4.515511551155115e-07,23459,,,,,,,,,
77,,,,,,,,,,23459,0.010642159730196,,,,,,,,
,,,,,,,,,4.512211221122112e-07,23464,,,,,,,,,
77,,,,,,,,,,23464,0.014488923363387585,,,,,,,,
,,,,,,,,,4.508910891089109e-07,23469,,,,,,,,,
77,,,,,,,,,,23469,0.007254655938595533,,,,,,,,
,,,,,,,,,4.505610561056105e-07,23474,,,,,,,,,
77,,,,,,,,,,23474,0.013912893831729889,,,,,,,,
,,,,,,,,,4.502310231023102e-07,23479,,,,,,,,,
77,,,,,,,,,,23479,0.01000140979886055,,,,,,,,
,,,,,,,,,4.499009900990099e-07,23484,,,,,,,,,
77,,,,,,,,,,23484,0.02500174753367901,,,,,,,,
,,,,,,,,,4.4957095709570953e-07,23489,,,,,,,,,
77,,,,,,,,,,23489,0.028438176959753036,,,,,,,,
,,,,,,,,,4.492409240924092e-07,23494,,,,,,,,,
77,,,,,,,,,,23494,0.012879179790616035,,,,,,,,
,,,,,,,,,4.489108910891089e-07,23499,,,,,,,,,
77,,,,,,,,,,23499,0.012147259898483753,,,,,,,,
,,,,,,,,,4.485808580858085e-07,23504,,,,,,,,,
77,,,,,,,,,,23504,0.006255291402339935,,,,,,,,
,,,,,,,,,4.4825082508250824e-07,23509,,,,,,,,,
77,,,,,,,,,,23509,0.0038304694462567568,,,,,,,,
,,,,,,,,,4.479207920792079e-07,23514,,,,,,,,,
77,,,,,,,,,,23514,0.010832578875124454,,,,,,,,
,,,,,,,,,4.475907590759076e-07,23519,,,,,,,,,
77,,,,,,,,,,23519,0.008825561963021755,,,,,,,,
,,,,,,,,,4.472607260726072e-07,23524,,,,,,,,,
77,,,,,,,,,,23524,0.013712530955672264,,,,,,,,
,,,,,,,,,4.469306930693069e-07,23529,,,,,,,,,
77,,,,,,,,,,23529,0.004283495247364044,,,,,,,,
,,,,,,,,,4.4660066006600663e-07,23534,,,,,,,,,
77,,,,,,,,,,23534,0.008663225919008255,,,,,,,,
,,,,,,,,,4.4627062706270626e-07,23539,,,,,,,,,
77,,,,,,,,,,23539,0.01994742639362812,,,,,,,,
,,,,,,,,,4.4594059405940593e-07,23544,,,,,,,,,
77,,,,,,,,,,23544,0.012242786586284637,,,,,,,,
,,,,,,,,,4.456105610561056e-07,23549,,,,,,,,,
77,,,,,,,,,,23549,0.019108986482024193,,,,,,,,
,,,,,,,,,4.4528052805280524e-07,23554,,,,,,,,,
77,,,,,,,,,,23554,0.02171616442501545,,,,,,,,
,,,,,,,,,4.449504950495049e-07,23559,,,,,,,,,
77,,,,,,,,,,23559,0.005358398426324129,,,,,,,,
,,,,,,,,,4.4462046204620464e-07,23564,,,,,,,,,
77,,,,,,,,,,23564,0.013388175517320633,,,,,,,,
,,,,,,,,,4.4429042904290427e-07,23569,,,,,,,,,
77,,,,,,,,,,23569,0.005931786261498928,,,,,,,,
,,,,,,,,,4.4396039603960395e-07,23574,,,,,,,,,
77,,,,,,,,,,23574,0.01554770115762949,,,,,,,,
,,,,,,,,,4.436303630363036e-07,23579,,,,,,,,,
77,,,,,,,,,,23579,0.02166946791112423,,,,,,,,
,,,,,,,,,4.4330033003300325e-07,23584,,,,,,,,,
77,,,,,,,,,,23584,0.025508567690849304,,,,,,,,
,,,,,,,,,4.42970297029703e-07,23589,,,,,,,,,
77,,,,,,,,,,23589,0.022738251835107803,,,,,,,,
,,,,,,,,,4.4264026402640266e-07,23594,,,,,,,,,
77,,,,,,,,,,23594,0.03149519860744476,,,,,,,,
,,,,,,,,,4.423102310231023e-07,23599,,,,,,,,,
77,,,,,,,,,,23599,0.0035554037895053625,,,,,,,,
,,,,,,,,,4.4198019801980196e-07,23604,,,,,,,,,
77,,,,,,,,,,23604,0.009794714860618114,,,,,,,,
,,,,,,,,,4.4165016501650163e-07,23609,,,,,,,,,
77,,,,,,,,,,23609,0.022740095853805542,,,,,,,,
,,,,,,,,,4.4132013201320126e-07,23614,,,,,,,,,
77,,,,,,,,,,23614,0.022182878106832504,,,,,,,,
,,,,,,,,,4.40990099009901e-07,23619,,,,,,,,,
77,,,,,,,,,,23619,0.020695019513368607,,,,,,,,
,,,,,,,,,4.4066006600660067e-07,23624,,,,,,,,,
77,,,,,,,,,,23624,0.013065052218735218,,,,,,,,
,,,,,,,,,4.403300330033003e-07,23629,,,,,,,,,
77,,,,,,,,,,23629,0.015145902521908283,,,,,,,,
77,,,,,,,,,,23633,,0.6812499761581421,0.7243243455886841,0.08326414972543716,0.08326414972543716,0.43510738015174866,0.7052631378173828,0.7444444298744202,0.4351177513599396
,,,,,,,,,4.3999999999999997e-07,23634,,,,,,,,,
78,,,,,,,,,,23634,0.007881123572587967,,,,,,,,
,,,,,,,,,4.3966996699669965e-07,23639,,,,,,,,,
78,,,,,,,,,,23639,0.014316633343696594,,,,,,,,
,,,,,,,,,4.393399339933993e-07,23644,,,,,,,,,
78,,,,,,,,,,23644,0.010687184520065784,,,,,,,,
,,,,,,,,,4.39009900990099e-07,23649,,,,,,,,,
78,,,,,,,,,,23649,0.016704920679330826,,,,,,,,
,,,,,,,,,4.386798679867987e-07,23654,,,,,,,,,
78,,,,,,,,,,23654,0.0008283256902359426,,,,,,,,
,,,,,,,,,4.383498349834983e-07,23659,,,,,,,,,
78,,,,,,,,,,23659,0.014474128372967243,,,,,,,,
,,,,,,,,,4.38019801980198e-07,23664,,,,,,,,,
78,,,,,,,,,,23664,0.0042735505849123,,,,,,,,
,,,,,,,,,4.376897689768977e-07,23669,,,,,,,,,
78,,,,,,,,,,23669,0.0024017230607569218,,,,,,,,
,,,,,,,,,4.3735973597359734e-07,23674,,,,,,,,,
78,,,,,,,,,,23674,0.005584149621427059,,,,,,,,
,,,,,,,,,4.37029702970297e-07,23679,,,,,,,,,
78,,,,,,,,,,23679,0.005742703098803759,,,,,,,,
,,,,,,,,,4.366996699669967e-07,23684,,,,,,,,,
78,,,,,,,,,,23684,0.006071483716368675,,,,,,,,
,,,,,,,,,4.363696369636963e-07,23689,,,,,,,,,
78,,,,,,,,,,23689,0.023064715787768364,,,,,,,,
,,,,,,,,,4.36039603960396e-07,23694,,,,,,,,,
78,,,,,,,,,,23694,0.023154400289058685,,,,,,,,
,,,,,,,,,4.357095709570957e-07,23699,,,,,,,,,
78,,,,,,,,,,23699,0.004934391938149929,,,,,,,,
,,,,,,,,,4.3537953795379535e-07,23704,,,,,,,,,
78,,,,,,,,,,23704,0.01413310132920742,,,,,,,,
,,,,,,,,,4.35049504950495e-07,23709,,,,,,,,,
78,,,,,,,,,,23709,0.0010403902269899845,,,,,,,,
,,,,,,,,,4.347194719471947e-07,23714,,,,,,,,,
78,,,,,,,,,,23714,0.013384443707764149,,,,,,,,
,,,,,,,,,4.3438943894389433e-07,23719,,,,,,,,,
78,,,,,,,,,,23719,0.015421624295413494,,,,,,,,
,,,,,,,,,4.3405940594059406e-07,23724,,,,,,,,,
78,,,,,,,,,,23724,0.015707246959209442,,,,,,,,
,,,,,,,,,4.3372937293729374e-07,23729,,,,,,,,,
78,,,,,,,,,,23729,0.012048940174281597,,,,,,,,
,,,,,,,,,4.3339933993399336e-07,23734,,,,,,,,,
78,,,,,,,,,,23734,0.005914169829338789,,,,,,,,
,,,,,,,,,4.3306930693069304e-07,23739,,,,,,,,,
78,,,,,,,,,,23739,0.002664172323420644,,,,,,,,
,,,,,,,,,4.327392739273927e-07,23744,,,,,,,,,
78,,,,,,,,,,23744,0.0016938337357714772,,,,,,,,
,,,,,,,,,4.324092409240924e-07,23749,,,,,,,,,
78,,,,,,,,,,23749,0.017077898606657982,,,,,,,,
,,,,,,,,,4.3207920792079207e-07,23754,,,,,,,,,
78,,,,,,,,,,23754,0.0534440279006958,,,,,,,,
,,,,,,,,,4.3174917491749175e-07,23759,,,,,,,,,
78,,,,,,,,,,23759,0.01966790296137333,,,,,,,,
,,,,,,,,,4.3141914191419137e-07,23764,,,,,,,,,
78,,,,,,,,,,23764,0.012615706771612167,,,,,,,,
,,,,,,,,,4.3108910891089105e-07,23769,,,,,,,,,
78,,,,,,,,,,23769,0.013658060692250729,,,,,,,,
,,,,,,,,,4.3075907590759073e-07,23774,,,,,,,,,
78,,,,,,,,,,23774,0.0170882735401392,,,,,,,,
,,,,,,,,,4.304290429042904e-07,23779,,,,,,,,,
78,,,,,,,,,,23779,0.018378501757979393,,,,,,,,
,,,,,,,,,4.300990099009901e-07,23784,,,,,,,,,
78,,,,,,,,,,23784,0.022881511598825455,,,,,,,,
,,,,,,,,,4.2976897689768976e-07,23789,,,,,,,,,
78,,,,,,,,,,23789,0.013496208004653454,,,,,,,,
,,,,,,,,,4.294389438943894e-07,23794,,,,,,,,,
78,,,,,,,,,,23794,0.003139382228255272,,,,,,,,
,,,,,,,,,4.2910891089108906e-07,23799,,,,,,,,,
78,,,,,,,,,,23799,0.012497397139668465,,,,,,,,
,,,,,,,,,4.287788778877888e-07,23804,,,,,,,,,
78,,,,,,,,,,23804,0.01956946589052677,,,,,,,,
,,,,,,,,,4.284488448844884e-07,23809,,,,,,,,,
78,,,,,,,,,,23809,0.0062782419845461845,,,,,,,,
,,,,,,,,,4.281188118811881e-07,23814,,,,,,,,,
78,,,,,,,,,,23814,0.009866204112768173,,,,,,,,
,,,,,,,,,4.2778877887788777e-07,23819,,,,,,,,,
78,,,,,,,,,,23819,0.010968541726469994,,,,,,,,
,,,,,,,,,4.274587458745874e-07,23824,,,,,,,,,
78,,,,,,,,,,23824,0.008543945848941803,,,,,,,,
,,,,,,,,,4.271287128712871e-07,23829,,,,,,,,,
78,,,,,,,,,,23829,0.00876537524163723,,,,,,,,
,,,,,,,,,4.267986798679868e-07,23834,,,,,,,,,
78,,,,,,,,,,23834,0.008325394243001938,,,,,,,,
,,,,,,,,,4.264686468646865e-07,23839,,,,,,,,,
78,,,,,,,,,,23839,0.014327091164886951,,,,,,,,
,,,,,,,,,4.261386138613861e-07,23844,,,,,,,,,
78,,,,,,,,,,23844,0.014393714256584644,,,,,,,,
,,,,,,,,,4.258085808580858e-07,23849,,,,,,,,,
78,,,,,,,,,,23849,0.0031407747883349657,,,,,,,,
,,,,,,,,,4.2547854785478546e-07,23854,,,,,,,,,
78,,,,,,,,,,23854,0.0191667377948761,,,,,,,,
,,,,,,,,,4.2514851485148514e-07,23859,,,,,,,,,
78,,,,,,,,,,23859,0.014369442127645016,,,,,,,,
,,,,,,,,,4.248184818481848e-07,23864,,,,,,,,,
78,,,,,,,,,,23864,0.04633460193872452,,,,,,,,
,,,,,,,,,4.244884488448845e-07,23869,,,,,,,,,
78,,,,,,,,,,23869,0.02254312112927437,,,,,,,,
,,,,,,,,,4.241584158415841e-07,23874,,,,,,,,,
78,,,,,,,,,,23874,0.01648610085248947,,,,,,,,
,,,,,,,,,4.238283828382838e-07,23879,,,,,,,,,
78,,,,,,,,,,23879,0.004897316452115774,,,,,,,,
,,,,,,,,,4.2349834983498353e-07,23884,,,,,,,,,
78,,,,,,,,,,23884,0.008209527470171452,,,,,,,,
,,,,,,,,,4.2316831683168315e-07,23889,,,,,,,,,
78,,,,,,,,,,23889,0.03409465774893761,,,,,,,,
,,,,,,,,,4.2283828382838283e-07,23894,,,,,,,,,
78,,,,,,,,,,23894,0.015735600143671036,,,,,,,,
,,,,,,,,,4.225082508250825e-07,23899,,,,,,,,,
78,,,,,,,,,,23899,0.012656088918447495,,,,,,,,
,,,,,,,,,4.2217821782178213e-07,23904,,,,,,,,,
78,,,,,,,,,,23904,0.0021985145285725594,,,,,,,,
,,,,,,,,,4.218481848184818e-07,23909,,,,,,,,,
78,,,,,,,,,,23909,0.01411545928567648,,,,,,,,
,,,,,,,,,4.2151815181518154e-07,23914,,,,,,,,,
78,,,,,,,,,,23914,0.011052197776734829,,,,,,,,
,,,,,,,,,4.2118811881188116e-07,23919,,,,,,,,,
78,,,,,,,,,,23919,0.003029999788850546,,,,,,,,
,,,,,,,,,4.2085808580858084e-07,23924,,,,,,,,,
78,,,,,,,,,,23924,0.009333894588053226,,,,,,,,
,,,,,,,,,4.205280528052805e-07,23929,,,,,,,,,
78,,,,,,,,,,23929,0.021014412865042686,,,,,,,,
,,,,,,,,,4.2019801980198014e-07,23934,,,,,,,,,
78,,,,,,,,,,23934,0.003634008811786771,,,,,,,,
78,,,,,,,,,,23936,,0.6812499761581421,0.7243243455886841,0.08227939158678055,0.08227939158678055,0.43613699078559875,0.7052631378173828,0.7444444298744202,0.43652862310409546
,,,,,,,,,4.1986798679867987e-07,23939,,,,,,,,,
79,,,,,,,,,,23939,0.00999217014759779,,,,,,,,
,,,,,,,,,4.1953795379537955e-07,23944,,,,,,,,,
79,,,,,,,,,,23944,0.01695951074361801,,,,,,,,
,,,,,,,,,4.192079207920792e-07,23949,,,,,,,,,
79,,,,,,,,,,23949,0.0044472492299973965,,,,,,,,
,,,,,,,,,4.1887788778877885e-07,23954,,,,,,,,,
79,,,,,,,,,,23954,0.005972673185169697,,,,,,,,
,,,,,,,,,4.1854785478547853e-07,23959,,,,,,,,,
79,,,,,,,,,,23959,0.005665051285177469,,,,,,,,
,,,,,,,,,4.182178217821782e-07,23964,,,,,,,,,
79,,,,,,,,,,23964,0.02581188455224037,,,,,,,,
,,,,,,,,,4.178877887788779e-07,23969,,,,,,,,,
79,,,,,,,,,,23969,0.008571778424084187,,,,,,,,
,,,,,,,,,4.1755775577557756e-07,23974,,,,,,,,,
79,,,,,,,,,,23974,0.006398917641490698,,,,,,,,
,,,,,,,,,4.172277227722772e-07,23979,,,,,,,,,
79,,,,,,,,,,23979,0.028019603341817856,,,,,,,,
,,,,,,,,,4.1689768976897686e-07,23984,,,,,,,,,
79,,,,,,,,,,23984,0.009717859327793121,,,,,,,,
,,,,,,,,,4.1656765676567654e-07,23989,,,,,,,,,
79,,,,,,,,,,23989,0.010229756124317646,,,,,,,,
,,,,,,,,,4.162376237623762e-07,23994,,,,,,,,,
79,,,,,,,,,,23994,0.014859991148114204,,,,,,,,
,,,,,,,,,4.159075907590759e-07,23999,,,,,,,,,
79,,,,,,,,,,23999,0.005442701745778322,,,,,,,,
,,,,,,,,,4.155775577557756e-07,24004,,,,,,,,,
79,,,,,,,,,,24004,0.005379464011639357,,,,,,,,
,,,,,,,,,4.152475247524752e-07,24009,,,,,,,,,
79,,,,,,,,,,24009,0.0219557024538517,,,,,,,,
,,,,,,,,,4.149174917491749e-07,24014,,,,,,,,,
79,,,,,,,,,,24014,0.005129538476467133,,,,,,,,
,,,,,,,,,4.145874587458746e-07,24019,,,,,,,,,
79,,,,,,,,,,24019,0.016630619764328003,,,,,,,,
,,,,,,,,,4.1425742574257423e-07,24024,,,,,,,,,
79,,,,,,,,,,24024,0.016833974048495293,,,,,,,,
,,,,,,,,,4.139273927392739e-07,24029,,,,,,,,,
79,,,,,,,,,,24029,0.006122455932199955,,,,,,,,
,,,,,,,,,4.135973597359736e-07,24034,,,,,,,,,
79,,,,,,,,,,24034,0.00833656545728445,,,,,,,,
,,,,,,,,,4.132673267326732e-07,24039,,,,,,,,,
79,,,,,,,,,,24039,0.006727437488734722,,,,,,,,
,,,,,,,,,4.1293729372937294e-07,24044,,,,,,,,,
79,,,,,,,,,,24044,0.011091460473835468,,,,,,,,
,,,,,,,,,4.126072607260726e-07,24049,,,,,,,,,
79,,,,,,,,,,24049,0.009177302941679955,,,,,,,,
,,,,,,,,,4.1227722772277224e-07,24054,,,,,,,,,
79,,,,,,,,,,24054,0.008363433182239532,,,,,,,,
,,,,,,,,,4.119471947194719e-07,24059,,,,,,,,,
79,,,,,,,,,,24059,0.03025628812611103,,,,,,,,
,,,,,,,,,4.116171617161716e-07,24064,,,,,,,,,
79,,,,,,,,,,24064,0.01846354268491268,,,,,,,,
,,,,,,,,,4.112871287128712e-07,24069,,,,,,,,,
79,,,,,,,,,,24069,0.013304732739925385,,,,,,,,
,,,,,,,,,4.1095709570957095e-07,24074,,,,,,,,,
79,,,,,,,,,,24074,0.0035026073455810547,,,,,,,,
,,,,,,,,,4.1062706270627063e-07,24079,,,,,,,,,
79,,,,,,,,,,24079,0.004683546256273985,,,,,,,,
,,,,,,,,,4.1029702970297026e-07,24084,,,,,,,,,
79,,,,,,,,,,24084,0.0036767662968486547,,,,,,,,
,,,,,,,,,4.0996699669966993e-07,24089,,,,,,,,,
79,,,,,,,,,,24089,0.01162698958069086,,,,,,,,
,,,,,,,,,4.096369636963696e-07,24094,,,,,,,,,
79,,,,,,,,,,24094,0.005308516789227724,,,,,,,,
,,,,,,,,,4.093069306930693e-07,24099,,,,,,,,,
79,,,,,,,,,,24099,0.02333735302090645,,,,,,,,
,,,,,,,,,4.0897689768976897e-07,24104,,,,,,,,,
79,,,,,,,,,,24104,0.010834215208888054,,,,,,,,
,,,,,,,,,4.0864686468646864e-07,24109,,,,,,,,,
79,,,,,,,,,,24109,0.016090404242277145,,,,,,,,
,,,,,,,,,4.0831683168316827e-07,24114,,,,,,,,,
79,,,,,,,,,,24114,0.01272993627935648,,,,,,,,
,,,,,,,,,4.0798679867986795e-07,24119,,,,,,,,,
79,,,,,,,,,,24119,0.007115339860320091,,,,,,,,
,,,,,,,,,4.076567656765676e-07,24124,,,,,,,,,
79,,,,,,,,,,24124,0.011099119670689106,,,,,,,,
,,,,,,,,,4.073267326732673e-07,24129,,,,,,,,,
79,,,,,,,,,,24129,0.0067694722674787045,,,,,,,,
,,,,,,,,,4.06996699669967e-07,24134,,,,,,,,,
79,,,,,,,,,,24134,0.01782161183655262,,,,,,,,
,,,,,,,,,4.0666666666666666e-07,24139,,,,,,,,,
79,,,,,,,,,,24139,0.020574456080794334,,,,,,,,
,,,,,,,,,4.063366336633663e-07,24144,,,,,,,,,
79,,,,,,,,,,24144,0.018610529601573944,,,,,,,,
,,,,,,,,,4.0600660066006596e-07,24149,,,,,,,,,
79,,,,,,,,,,24149,0.026696842163801193,,,,,,,,
,,,,,,,,,4.056765676567657e-07,24154,,,,,,,,,
79,,,,,,,,,,24154,0.004206026438623667,,,,,,,,
,,,,,,,,,4.0534653465346537e-07,24159,,,,,,,,,
79,,,,,,,,,,24159,0.047052282840013504,,,,,,,,
,,,,,,,,,4.05016501650165e-07,24164,,,,,,,,,
79,,,,,,,,,,24164,0.008806776255369186,,,,,,,,
,,,,,,,,,4.0468646864686467e-07,24169,,,,,,,,,
79,,,,,,,,,,24169,0.011786853894591331,,,,,,,,
,,,,,,,,,4.0435643564356434e-07,24174,,,,,,,,,
79,,,,,,,,,,24174,0.02379094623029232,,,,,,,,
,,,,,,,,,4.04026402640264e-07,24179,,,,,,,,,
79,,,,,,,,,,24179,0.010169664397835732,,,,,,,,
,,,,,,,,,4.036963696369637e-07,24184,,,,,,,,,
79,,,,,,,,,,24184,0.006013000383973122,,,,,,,,
,,,,,,,,,4.033663366336634e-07,24189,,,,,,,,,
79,,,,,,,,,,24189,0.0065581887029111385,,,,,,,,
,,,,,,,,,4.03036303630363e-07,24194,,,,,,,,,
79,,,,,,,,,,24194,0.005479011684656143,,,,,,,,
,,,,,,,,,4.027062706270627e-07,24199,,,,,,,,,
79,,,,,,,,,,24199,0.012978600338101387,,,,,,,,
,,,,,,,,,4.0237623762376236e-07,24204,,,,,,,,,
79,,,,,,,,,,24204,0.013716979883611202,,,,,,,,
,,,,,,,,,4.0204620462046203e-07,24209,,,,,,,,,
79,,,,,,,,,,24209,0.02834526263177395,,,,,,,,
,,,,,,,,,4.017161716171617e-07,24214,,,,,,,,,
79,,,,,,,,,,24214,0.00688091991469264,,,,,,,,
,,,,,,,,,4.013861386138614e-07,24219,,,,,,,,,
79,,,,,,,,,,24219,0.01417566742748022,,,,,,,,
,,,,,,,,,4.01056105610561e-07,24224,,,,,,,,,
79,,,,,,,,,,24224,0.007126352749764919,,,,,,,,
,,,,,,,,,4.007260726072607e-07,24229,,,,,,,,,
79,,,,,,,,,,24229,0.04064033553004265,,,,,,,,
,,,,,,,,,4.003960396039604e-07,24234,,,,,,,,,
79,,,,,,,,,,24234,0.002468711929395795,,,,,,,,
,,,,,,,,,4.0006600660066005e-07,24239,,,,,,,,,
79,,,,,,,,,,24239,0.004608480725437403,,,,,,,,
79,,,,,,,,,,24239,,0.6812499761581421,0.7243243455886841,0.08276000618934631,0.08276000618934631,0.432579904794693,0.7052631378173828,0.7444444298744202,0.4340999126434326
,,,,,,,,,3.997359735973597e-07,24244,,,,,,,,,
80,,,,,,,,,,24244,0.011472017504274845,,,,,,,,
,,,,,,,,,3.994059405940594e-07,24249,,,,,,,,,
80,,,,,,,,,,24249,0.015609142370522022,,,,,,,,
,,,,,,,,,3.99075907590759e-07,24254,,,,,,,,,
80,,,,,,,,,,24254,0.006256459280848503,,,,,,,,
,,,,,,,,,3.9874587458745876e-07,24259,,,,,,,,,
80,,,,,,,,,,24259,0.02572750672698021,,,,,,,,
,,,,,,,,,3.9841584158415843e-07,24264,,,,,,,,,
80,,,,,,,,,,24264,0.01612376794219017,,,,,,,,
,,,,,,,,,3.9808580858085806e-07,24269,,,,,,,,,
80,,,,,,,,,,24269,0.01798495091497898,,,,,,,,
,,,,,,,,,3.9775577557755774e-07,24274,,,,,,,,,
80,,,,,,,,,,24274,0.011381201446056366,,,,,,,,
,,,,,,,,,3.974257425742574e-07,24279,,,,,,,,,
80,,,,,,,,,,24279,0.02060779370367527,,,,,,,,
,,,,,,,,,3.9709570957095704e-07,24284,,,,,,,,,
80,,,,,,,,,,24284,0.01351503748446703,,,,,,,,
,,,,,,,,,3.9676567656765677e-07,24289,,,,,,,,,
80,,,,,,,,,,24289,0.0035206626635044813,,,,,,,,
,,,,,,,,,3.9643564356435645e-07,24294,,,,,,,,,
80,,,,,,,,,,24294,0.0018916440894827247,,,,,,,,
,,,,,,,,,3.9610561056105607e-07,24299,,,,,,,,,
80,,,,,,,,,,24299,0.0116273807361722,,,,,,,,
,,,,,,,,,3.9577557755775575e-07,24304,,,,,,,,,
80,,,,,,,,,,24304,0.012459807097911835,,,,,,,,
,,,,,,,,,3.954455445544554e-07,24309,,,,,,,,,
80,,,,,,,,,,24309,0.006411878392100334,,,,,,,,
,,,,,,,,,3.951155115511551e-07,24314,,,,,,,,,
80,,,,,,,,,,24314,0.012201754376292229,,,,,,,,
,,,,,,,,,3.947854785478548e-07,24319,,,,,,,,,
80,,,,,,,,,,24319,0.015016553923487663,,,,,,,,
,,,,,,,,,3.9445544554455446e-07,24324,,,,,,,,,
80,,,,,,,,,,24324,0.005614167544990778,,,,,,,,
,,,,,,,,,3.941254125412541e-07,24329,,,,,,,,,
80,,,,,,,,,,24329,0.006540100555866957,,,,,,,,
,,,,,,,,,3.9379537953795376e-07,24334,,,,,,,,,
80,,,,,,,,,,24334,0.009637024253606796,,,,,,,,
,,,,,,,,,3.9346534653465344e-07,24339,,,,,,,,,
80,,,,,,,,,,24339,0.01942058652639389,,,,,,,,
,,,,,,,,,3.931353135313531e-07,24344,,,,,,,,,
80,,,,,,,,,,24344,0.001538864686153829,,,,,,,,
,,,,,,,,,3.928052805280528e-07,24349,,,,,,,,,
80,,,,,,,,,,24349,0.0055690244771540165,,,,,,,,
,,,,,,,,,3.9247524752475247e-07,24354,,,,,,,,,
80,,,,,,,,,,24354,0.006181133445352316,,,,,,,,
,,,,,,,,,3.921452145214521e-07,24359,,,,,,,,,
80,,,,,,,,,,24359,0.02465270645916462,,,,,,,,
,,,,,,,,,3.9181518151815177e-07,24364,,,,,,,,,
80,,,,,,,,,,24364,0.004717174451798201,,,,,,,,
,,,,,,,,,3.914851485148515e-07,24369,,,,,,,,,
80,,,,,,,,,,24369,0.007327503990381956,,,,,,,,
,,,,,,,,,3.9115511551155113e-07,24374,,,,,,,,,
80,,,,,,,,,,24374,0.010402983985841274,,,,,,,,
,,,,,,,,,3.908250825082508e-07,24379,,,,,,,,,
80,,,,,,,,,,24379,0.012000933289527893,,,,,,,,
,,,,,,,,,3.904950495049505e-07,24384,,,,,,,,,
80,,,,,,,,,,24384,0.009974011220037937,,,,,,,,
,,,,,,,,,3.901650165016501e-07,24389,,,,,,,,,
80,,,,,,,,,,24389,0.014930072240531445,,,,,,,,
,,,,,,,,,3.8983498349834984e-07,24394,,,,,,,,,
80,,,,,,,,,,24394,0.002526039956137538,,,,,,,,
,,,,,,,,,3.895049504950495e-07,24399,,,,,,,,,
80,,,,,,,,,,24399,0.004073459655046463,,,,,,,,
,,,,,,,,,3.8917491749174914e-07,24404,,,,,,,,,
80,,,,,,,,,,24404,0.006571960635483265,,,,,,,,
,,,,,,,,,3.888448844884488e-07,24409,,,,,,,,,
80,,,,,,,,,,24409,0.007516344543546438,,,,,,,,
,,,,,,,,,3.885148514851485e-07,24414,,,,,,,,,
80,,,,,,,,,,24414,0.009503558278083801,,,,,,,,
,,,,,,,,,3.881848184818481e-07,24419,,,,,,,,,
80,,,,,,,,,,24419,0.006183368619531393,,,,,,,,
,,,,,,,,,3.8785478547854785e-07,24424,,,,,,,,,
80,,,,,,,,,,24424,0.006474894471466541,,,,,,,,
,,,,,,,,,3.8752475247524753e-07,24429,,,,,,,,,
80,,,,,,,,,,24429,0.02730225957930088,,,,,,,,
,,,,,,,,,3.8719471947194715e-07,24434,,,,,,,,,
80,,,,,,,,,,24434,0.030561668798327446,,,,,,,,
,,,,,,,,,3.8686468646864683e-07,24439,,,,,,,,,
80,,,,,,,,,,24439,0.005530378315597773,,,,,,,,
,,,,,,,,,3.865346534653465e-07,24444,,,,,,,,,
80,,,,,,,,,,24444,0.007955451495945454,,,,,,,,
,,,,,,,,,3.862046204620462e-07,24449,,,,,,,,,
80,,,,,,,,,,24449,0.03191779926419258,,,,,,,,
,,,,,,,,,3.8587458745874586e-07,24454,,,,,,,,,
80,,,,,,,,,,24454,0.04526529833674431,,,,,,,,
,,,,,,,,,3.8554455445544554e-07,24459,,,,,,,,,
80,,,,,,,,,,24459,0.010343534871935844,,,,,,,,
,,,,,,,,,3.852145214521452e-07,24464,,,,,,,,,
80,,,,,,,,,,24464,0.016499212011694908,,,,,,,,
,,,,,,,,,3.8488448844884484e-07,24469,,,,,,,,,
80,,,,,,,,,,24469,0.029541602358222008,,,,,,,,
,,,,,,,,,3.8455445544554457e-07,24474,,,,,,,,,
80,,,,,,,,,,24474,0.0026565289590507746,,,,,,,,
,,,,,,,,,3.8422442244224425e-07,24479,,,,,,,,,
80,,,,,,,,,,24479,0.012354772537946701,,,,,,,,
,,,,,,,,,3.8389438943894387e-07,24484,,,,,,,,,
80,,,,,,,,,,24484,0.013044853694736958,,,,,,,,
,,,,,,,,,3.8356435643564355e-07,24489,,,,,,,,,
80,,,,,,,,,,24489,0.012690061703324318,,,,,,,,
,,,,,,,,,3.8323432343234323e-07,24494,,,,,,,,,
80,,,,,,,,,,24494,0.008817666210234165,,,,,,,,
,,,,,,,,,3.8290429042904285e-07,24499,,,,,,,,,
80,,,,,,,,,,24499,0.03125857934355736,,,,,,,,
,,,,,,,,,3.825742574257426e-07,24504,,,,,,,,,
80,,,,,,,,,,24504,0.0030709553975611925,,,,,,,,
,,,,,,,,,3.8224422442244226e-07,24509,,,,,,,,,
80,,,,,,,,,,24509,0.00902912113815546,,,,,,,,
,,,,,,,,,3.819141914191419e-07,24514,,,,,,,,,
80,,,,,,,,,,24514,0.005829042289406061,,,,,,,,
,,,,,,,,,3.8158415841584156e-07,24519,,,,,,,,,
80,,,,,,,,,,24519,0.018171239644289017,,,,,,,,
,,,,,,,,,3.8125412541254124e-07,24524,,,,,,,,,
80,,,,,,,,,,24524,0.0019789079669862986,,,,,,,,
,,,,,,,,,3.809240924092409e-07,24529,,,,,,,,,
80,,,,,,,,,,24529,0.033598072826862335,,,,,,,,
,,,,,,,,,3.805940594059406e-07,24534,,,,,,,,,
80,,,,,,,,,,24534,0.004008006304502487,,,,,,,,
,,,,,,,,,3.8026402640264027e-07,24539,,,,,,,,,
80,,,,,,,,,,24539,0.004275610204786062,,,,,,,,
80,,,,,,,,,,24542,,0.6875,0.7311828136444092,0.08246631920337677,0.08246631920337677,0.43988773226737976,0.7083333134651184,0.7555555701255798,0.4381316304206848
,,,,,,,,,3.799339933993399e-07,24544,,,,,,,,,
81,,,,,,,,,,24544,0.012845967896282673,,,,,,,,
,,,,,,,,,3.796039603960396e-07,24549,,,,,,,,,
81,,,,,,,,,,24549,0.011568917892873287,,,,,,,,
,,,,,,,,,3.792739273927393e-07,24554,,,,,,,,,
81,,,,,,,,,,24554,0.005916552618145943,,,,,,,,
,,,,,,,,,3.7894389438943893e-07,24559,,,,,,,,,
81,,,,,,,,,,24559,0.004308650735765696,,,,,,,,
,,,,,,,,,3.786138613861386e-07,24564,,,,,,,,,
81,,,,,,,,,,24564,0.020028486847877502,,,,,,,,
,,,,,,,,,3.782838283828383e-07,24569,,,,,,,,,
81,,,,,,,,,,24569,0.0019735039677470922,,,,,,,,
,,,,,,,,,3.779537953795379e-07,24574,,,,,,,,,
81,,,,,,,,,,24574,0.024916404858231544,,,,,,,,
,,,,,,,,,3.776237623762376e-07,24579,,,,,,,,,
81,,,,,,,,,,24579,0.017962317913770676,,,,,,,,
,,,,,,,,,3.772937293729373e-07,24584,,,,,,,,,
81,,,,,,,,,,24584,0.00400305911898613,,,,,,,,
,,,,,,,,,3.7696369636963694e-07,24589,,,,,,,,,
81,,,,,,,,,,24589,0.028664834797382355,,,,,,,,
,,,,,,,,,3.766336633663366e-07,24594,,,,,,,,,
81,,,,,,,,,,24594,0.0028385487385094166,,,,,,,,
,,,,,,,,,3.763036303630363e-07,24599,,,,,,,,,
81,,,,,,,,,,24599,0.01656302623450756,,,,,,,,
,,,,,,,,,3.759735973597359e-07,24604,,,,,,,,,
81,,,,,,,,,,24604,0.00813054945319891,,,,,,,,
,,,,,,,,,3.7564356435643565e-07,24609,,,,,,,,,
81,,,,,,,,,,24609,0.025795001536607742,,,,,,,,
,,,,,,,,,3.7531353135313533e-07,24614,,,,,,,,,
81,,,,,,,,,,24614,0.009453210979700089,,,,,,,,
,,,,,,,,,3.7498349834983495e-07,24619,,,,,,,,,
81,,,,,,,,,,24619,0.020375989377498627,,,,,,,,
,,,,,,,,,3.7465346534653463e-07,24624,,,,,,,,,
81,,,,,,,,,,24624,0.014677894301712513,,,,,,,,
,,,,,,,,,3.743234323432343e-07,24629,,,,,,,,,
81,,,,,,,,,,24629,0.019948860630393028,,,,,,,,
,,,,,,,,,3.7399339933993393e-07,24634,,,,,,,,,
81,,,,,,,,,,24634,0.01098538376390934,,,,,,,,
,,,,,,,,,3.7366336633663366e-07,24639,,,,,,,,,
81,,,,,,,,,,24639,0.011050318367779255,,,,,,,,
,,,,,,,,,3.7333333333333334e-07,24644,,,,,,,,,
81,,,,,,,,,,24644,0.005860370583832264,,,,,,,,
,,,,,,,,,3.7300330033003297e-07,24649,,,,,,,,,
81,,,,,,,,,,24649,0.007829815149307251,,,,,,,,
,,,,,,,,,3.7267326732673264e-07,24654,,,,,,,,,
81,,,,,,,,,,24654,0.014249344356358051,,,,,,,,
,,,,,,,,,3.723432343234323e-07,24659,,,,,,,,,
81,,,,,,,,,,24659,0.0080596674233675,,,,,,,,
,,,,,,,,,3.72013201320132e-07,24664,,,,,,,,,
81,,,,,,,,,,24664,0.0059930249117314816,,,,,,,,
,,,,,,,,,3.716831683168317e-07,24669,,,,,,,,,
81,,,,,,,,,,24669,0.021425677463412285,,,,,,,,
,,,,,,,,,3.7135313531353135e-07,24674,,,,,,,,,
81,,,,,,,,,,24674,0.009937739931046963,,,,,,,,
,,,,,,,,,3.71023102310231e-07,24679,,,,,,,,,
81,,,,,,,,,,24679,0.02119378000497818,,,,,,,,
,,,,,,,,,3.7069306930693066e-07,24684,,,,,,,,,
81,,,,,,,,,,24684,0.007164843380451202,,,,,,,,
,,,,,,,,,3.703630363036304e-07,24689,,,,,,,,,
81,,,,,,,,,,24689,0.01671566627919674,,,,,,,,
,,,,,,,,,3.7003300330033e-07,24694,,,,,,,,,
81,,,,,,,,,,24694,0.058163587003946304,,,,,,,,
,,,,,,,,,3.697029702970297e-07,24699,,,,,,,,,
81,,,,,,,,,,24699,0.009743580594658852,,,,,,,,
,,,,,,,,,3.6937293729372937e-07,24704,,,,,,,,,
81,,,,,,,,,,24704,0.014349754899740219,,,,,,,,
,,,,,,,,,3.69042904290429e-07,24709,,,,,,,,,
81,,,,,,,,,,24709,0.003707703435793519,,,,,,,,
,,,,,,,,,3.6871287128712867e-07,24714,,,,,,,,,
81,,,,,,,,,,24714,0.006288956385105848,,,,,,,,
,,,,,,,,,3.683828382838284e-07,24719,,,,,,,,,
81,,,,,,,,,,24719,0.00856607872992754,,,,,,,,
,,,,,,,,,3.68052805280528e-07,24724,,,,,,,,,
81,,,,,,,,,,24724,0.010016823187470436,,,,,,,,
,,,,,,,,,3.677227722772277e-07,24729,,,,,,,,,
81,,,,,,,,,,24729,0.010423853993415833,,,,,,,,
,,,,,,,,,3.673927392739274e-07,24734,,,,,,,,,
81,,,,,,,,,,24734,0.005329468287527561,,,,,,,,
,,,,,,,,,3.67062706270627e-07,24739,,,,,,,,,
81,,,,,,,,,,24739,0.01089295744895935,,,,,,,,
,,,,,,,,,3.6673267326732673e-07,24744,,,,,,,,,
81,,,,,,,,,,24744,0.002667914377525449,,,,,,,,
,,,,,,,,,3.664026402640264e-07,24749,,,,,,,,,
81,,,,,,,,,,24749,0.03898046165704727,,,,,,,,
,,,,,,,,,3.6607260726072603e-07,24754,,,,,,,,,
81,,,,,,,,,,24754,0.005654199980199337,,,,,,,,
,,,,,,,,,3.657425742574257e-07,24759,,,,,,,,,
81,,,,,,,,,,24759,0.0027334410697221756,,,,,,,,
,,,,,,,,,3.654125412541254e-07,24764,,,,,,,,,
81,,,,,,,,,,24764,0.030269794166088104,,,,,,,,
,,,,,,,,,3.65082508250825e-07,24769,,,,,,,,,
81,,,,,,,,,,24769,0.013037767261266708,,,,,,,,
,,,,,,,,,3.6475247524752474e-07,24774,,,,,,,,,
81,,,,,,,,,,24774,0.006645509507507086,,,,,,,,
,,,,,,,,,3.644224422442244e-07,24779,,,,,,,,,
81,,,,,,,,,,24779,0.00171523611061275,,,,,,,,
,,,,,,,,,3.640924092409241e-07,24784,,,,,,,,,
81,,,,,,,,,,24784,0.014746242202818394,,,,,,,,
,,,,,,,,,3.637623762376237e-07,24789,,,,,,,,,
81,,,,,,,,,,24789,0.023725176230072975,,,,,,,,
,,,,,,,,,3.634323432343234e-07,24794,,,,,,,,,
81,,,,,,,,,,24794,0.020525678992271423,,,,,,,,
,,,,,,,,,3.6310231023102313e-07,24799,,,,,,,,,
81,,,,,,,,,,24799,0.0016064909286797047,,,,,,,,
,,,,,,,,,3.6277227722772276e-07,24804,,,,,,,,,
81,,,,,,,,,,24804,0.01907023787498474,,,,,,,,
,,,,,,,,,3.6244224422442243e-07,24809,,,,,,,,,
81,,,,,,,,,,24809,0.008460592478513718,,,,,,,,
,,,,,,,,,3.621122112211221e-07,24814,,,,,,,,,
81,,,,,,,,,,24814,0.015825552865862846,,,,,,,,
,,,,,,,,,3.6178217821782174e-07,24819,,,,,,,,,
81,,,,,,,,,,24819,0.00934438593685627,,,,,,,,
,,,,,,,,,3.6145214521452147e-07,24824,,,,,,,,,
81,,,,,,,,,,24824,0.0026295343413949013,,,,,,,,
,,,,,,,,,3.6112211221122114e-07,24829,,,,,,,,,
81,,,,,,,,,,24829,0.004437327850610018,,,,,,,,
,,,,,,,,,3.6079207920792077e-07,24834,,,,,,,,,
81,,,,,,,,,,24834,0.041494254022836685,,,,,,,,
,,,,,,,,,3.6046204620462045e-07,24839,,,,,,,,,
81,,,,,,,,,,24839,0.00935009028762579,,,,,,,,
,,,,,,,,,3.601320132013201e-07,24844,,,,,,,,,
81,,,,,,,,,,24844,0.005593475420027971,,,,,,,,
81,,,,,,,,,,24845,,0.6875,0.7311828136444092,0.0836622565984726,0.0836622565984726,0.43193113803863525,0.7083333134651184,0.7555555701255798,0.43128105998039246
,,,,,,,,,3.5980198019801975e-07,24849,,,,,,,,,
82,,,,,,,,,,24849,0.033565953373909,,,,,,,,
,,,,,,,,,3.594719471947195e-07,24854,,,,,,,,,
82,,,,,,,,,,24854,0.000779678113758564,,,,,,,,
,,,,,,,,,3.5914191419141916e-07,24859,,,,,,,,,
82,,,,,,,,,,24859,0.015420637093484402,,,,,,,,
,,,,,,,,,3.588118811881188e-07,24864,,,,,,,,,
82,,,,,,,,,,24864,0.01884966902434826,,,,,,,,
,,,,,,,,,3.5848184818481846e-07,24869,,,,,,,,,
82,,,,,,,,,,24869,0.006353107281029224,,,,,,,,
,,,,,,,,,3.5815181518151814e-07,24874,,,,,,,,,
82,,,,,,,,,,24874,0.005368115846067667,,,,,,,,
,,,,,,,,,3.578217821782178e-07,24879,,,,,,,,,
82,,,,,,,,,,24879,0.007754485588520765,,,,,,,,
,,,,,,,,,3.574917491749175e-07,24884,,,,,,,,,
82,,,,,,,,,,24884,0.010525369085371494,,,,,,,,
,,,,,,,,,3.5716171617161717e-07,24889,,,,,,,,,
82,,,,,,,,,,24889,0.0023975041694939137,,,,,,,,
,,,,,,,,,3.568316831683168e-07,24894,,,,,,,,,
82,,,,,,,,,,24894,0.02484576404094696,,,,,,,,
,,,,,,,,,3.5650165016501647e-07,24899,,,,,,,,,
82,,,,,,,,,,24899,0.005238095764070749,,,,,,,,
,,,,,,,,,3.561716171617162e-07,24904,,,,,,,,,
82,,,,,,,,,,24904,0.009910018183290958,,,,,,,,
,,,,,,,,,3.558415841584158e-07,24909,,,,,,,,,
82,,,,,,,,,,24909,0.025551216676831245,,,,,,,,
,,,,,,,,,3.555115511551155e-07,24914,,,,,,,,,
82,,,,,,,,,,24914,0.010549165308475494,,,,,,,,
,,,,,,,,,3.551815181518152e-07,24919,,,,,,,,,
82,,,,,,,,,,24919,0.014334268867969513,,,,,,,,
,,,,,,,,,3.548514851485148e-07,24924,,,,,,,,,
82,,,,,,,,,,24924,0.009289709851145744,,,,,,,,
,,,,,,,,,3.545214521452145e-07,24929,,,,,,,,,
82,,,,,,,,,,24929,0.009662935510277748,,,,,,,,
,,,,,,,,,3.541914191419142e-07,24934,,,,,,,,,
82,,,,,,,,,,24934,0.009633698500692844,,,,,,,,
,,,,,,,,,3.5386138613861384e-07,24939,,,,,,,,,
82,,,,,,,,,,24939,0.023506786674261093,,,,,,,,
,,,,,,,,,3.535313531353135e-07,24944,,,,,,,,,
82,,,,,,,,,,24944,0.021964838728308678,,,,,,,,
,,,,,,,,,3.532013201320132e-07,24949,,,,,,,,,
82,,,,,,,,,,24949,0.003551643341779709,,,,,,,,
,,,,,,,,,3.528712871287128e-07,24954,,,,,,,,,
82,,,,,,,,,,24954,0.015306874178349972,,,,,,,,
,,,,,,,,,3.5254125412541255e-07,24959,,,,,,,,,
82,,,,,,,,,,24959,0.005053216125816107,,,,,,,,
,,,,,,,,,3.522112211221122e-07,24964,,,,,,,,,
82,,,,,,,,,,24964,0.012670252472162247,,,,,,,,
,,,,,,,,,3.5188118811881185e-07,24969,,,,,,,,,
82,,,,,,,,,,24969,0.018744895234704018,,,,,,,,
,,,,,,,,,3.515511551155115e-07,24974,,,,,,,,,
82,,,,,,,,,,24974,0.011325271800160408,,,,,,,,
,,,,,,,,,3.512211221122112e-07,24979,,,,,,,,,
82,,,,,,,,,,24979,0.023220635950565338,,,,,,,,
,,,,,,,,,3.5089108910891083e-07,24984,,,,,,,,,
82,,,,,,,,,,24984,0.04996422305703163,,,,,,,,
,,,,,,,,,3.5056105610561056e-07,24989,,,,,,,,,
82,,,,,,,,,,24989,0.007838238961994648,,,,,,,,
,,,,,,,,,3.5023102310231024e-07,24994,,,,,,,,,
82,,,,,,,,,,24994,0.031005097553133965,,,,,,,,
,,,,,,,,,3.4990099009900986e-07,24999,,,,,,,,,
82,,,,,,,,,,24999,0.006006236653774977,,,,,,,,
,,,,,,,,,3.4957095709570954e-07,25004,,,,,,,,,
82,,,,,,,,,,25004,0.014626980759203434,,,,,,,,
,,,,,,,,,3.492409240924092e-07,25009,,,,,,,,,
82,,,,,,,,,,25009,0.03328563645482063,,,,,,,,
,,,,,,,,,3.489108910891089e-07,25014,,,,,,,,,
82,,,,,,,,,,25014,0.0032677389681339264,,,,,,,,
,,,,,,,,,3.4858085808580857e-07,25019,,,,,,,,,
82,,,,,,,,,,25019,0.013242087326943874,,,,,,,,
,,,,,,,,,3.4825082508250825e-07,25024,,,,,,,,,
82,,,,,,,,,,25024,0.002417748561128974,,,,,,,,
,,,,,,,,,3.4792079207920787e-07,25029,,,,,,,,,
82,,,,,,,,,,25029,0.02399189956486225,,,,,,,,
,,,,,,,,,3.4759075907590755e-07,25034,,,,,,,,,
82,,,,,,,,,,25034,0.019437555223703384,,,,,,,,
,,,,,,,,,3.472607260726073e-07,25039,,,,,,,,,
82,,,,,,,,,,25039,0.0204203762114048,,,,,,,,
,,,,,,,,,3.469306930693069e-07,25044,,,,,,,,,
82,,,,,,,,,,25044,0.024808716028928757,,,,,,,,
,,,,,,,,,3.466006600660066e-07,25049,,,,,,,,,
82,,,,,,,,,,25049,0.005103094037622213,,,,,,,,
,,,,,,,,,3.4627062706270626e-07,25054,,,,,,,,,
82,,,,,,,,,,25054,0.007541030645370483,,,,,,,,
,,,,,,,,,3.459405940594059e-07,25059,,,,,,,,,
82,,,,,,,,,,25059,0.017516622319817543,,,,,,,,
,,,,,,,,,3.4561056105610556e-07,25064,,,,,,,,,
82,,,,,,,,,,25064,0.00449407147243619,,,,,,,,
,,,,,,,,,3.452805280528053e-07,25069,,,,,,,,,
82,,,,,,,,,,25069,0.00908169150352478,,,,,,,,
,,,,,,,,,3.449504950495049e-07,25074,,,,,,,,,
82,,,,,,,,,,25074,0.003887556027621031,,,,,,,,
,,,,,,,,,3.446204620462046e-07,25079,,,,,,,,,
82,,,,,,,,,,25079,0.015286217443645,,,,,,,,
,,,,,,,,,3.4429042904290427e-07,25084,,,,,,,,,
82,,,,,,,,,,25084,0.018031876534223557,,,,,,,,
,,,,,,,,,3.439603960396039e-07,25089,,,,,,,,,
82,,,,,,,,,,25089,0.014377227984368801,,,,,,,,
,,,,,,,,,3.4363036303630363e-07,25094,,,,,,,,,
82,,,,,,,,,,25094,0.011313057504594326,,,,,,,,
,,,,,,,,,3.433003300330033e-07,25099,,,,,,,,,
82,,,,,,,,,,25099,0.015776269137859344,,,,,,,,
,,,,,,,,,3.42970297029703e-07,25104,,,,,,,,,
82,,,,,,,,,,25104,0.02556784264743328,,,,,,,,
,,,,,,,,,3.426402640264026e-07,25109,,,,,,,,,
82,,,,,,,,,,25109,0.010478510521352291,,,,,,,,
,,,,,,,,,3.423102310231023e-07,25114,,,,,,,,,
82,,,,,,,,,,25114,0.016729021444916725,,,,,,,,
,,,,,,,,,3.41980198019802e-07,25119,,,,,,,,,
82,,,,,,,,,,25119,0.014594596810638905,,,,,,,,
,,,,,,,,,3.4165016501650164e-07,25124,,,,,,,,,
82,,,,,,,,,,25124,0.009762901812791824,,,,,,,,
,,,,,,,,,3.413201320132013e-07,25129,,,,,,,,,
82,,,,,,,,,,25129,0.0154185825958848,,,,,,,,
,,,,,,,,,3.40990099009901e-07,25134,,,,,,,,,
82,,,,,,,,,,25134,0.01862882450222969,,,,,,,,
,,,,,,,,,3.406600660066006e-07,25139,,,,,,,,,
82,,,,,,,,,,25139,0.012121370062232018,,,,,,,,
,,,,,,,,,3.403300330033003e-07,25144,,,,,,,,,
82,,,,,,,,,,25144,0.005439480766654015,,,,,,,,
82,,,,,,,,,,25148,,0.6875,0.7311828136444092,0.08378563821315765,0.08378563821315765,0.43111252784729004,0.7083333134651184,0.7555555701255798,0.42875558137893677
,,,,,,,,,3.4000000000000003e-07,25149,,,,,,,,,
83,,,,,,,,,,25149,0.01052036415785551,,,,,,,,
,,,,,,,,,3.3966996699669965e-07,25154,,,,,,,,,
83,,,,,,,,,,25154,0.01494632288813591,,,,,,,,
,,,,,,,,,3.3933993399339933e-07,25159,,,,,,,,,
83,,,,,,,,,,25159,0.029911907389760017,,,,,,,,
,,,,,,,,,3.39009900990099e-07,25164,,,,,,,,,
83,,,,,,,,,,25164,0.006048502866178751,,,,,,,,
,,,,,,,,,3.3867986798679863e-07,25169,,,,,,,,,
83,,,,,,,,,,25169,0.01523887924849987,,,,,,,,
,,,,,,,,,3.3834983498349836e-07,25174,,,,,,,,,
83,,,,,,,,,,25174,0.016408558934926987,,,,,,,,
,,,,,,,,,3.3801980198019804e-07,25179,,,,,,,,,
83,,,,,,,,,,25179,0.007342755328863859,,,,,,,,
,,,,,,,,,3.3768976897689766e-07,25184,,,,,,,,,
83,,,,,,,,,,25184,0.006619985215365887,,,,,,,,
,,,,,,,,,3.3735973597359734e-07,25189,,,,,,,,,
83,,,,,,,,,,25189,0.007169140502810478,,,,,,,,
,,,,,,,,,3.37029702970297e-07,25194,,,,,,,,,
83,,,,,,,,,,25194,0.005973252933472395,,,,,,,,
,,,,,,,,,3.3669966996699664e-07,25199,,,,,,,,,
83,,,,,,,,,,25199,0.0025457078590989113,,,,,,,,
,,,,,,,,,3.3636963696369637e-07,25204,,,,,,,,,
83,,,,,,,,,,25204,0.005138090346008539,,,,,,,,
,,,,,,,,,3.3603960396039605e-07,25209,,,,,,,,,
83,,,,,,,,,,25209,0.01841869205236435,,,,,,,,
,,,,,,,,,3.357095709570957e-07,25214,,,,,,,,,
83,,,,,,,,,,25214,0.046595923602581024,,,,,,,,
,,,,,,,,,3.3537953795379535e-07,25219,,,,,,,,,
83,,,,,,,,,,25219,0.00680642481893301,,,,,,,,
,,,,,,,,,3.3504950495049503e-07,25224,,,,,,,,,
83,,,,,,,,,,25224,0.010779869742691517,,,,,,,,
,,,,,,,,,3.347194719471947e-07,25229,,,,,,,,,
83,,,,,,,,,,25229,0.009724575094878674,,,,,,,,
,,,,,,,,,3.343894389438944e-07,25234,,,,,,,,,
83,,,,,,,,,,25234,0.009443369694054127,,,,,,,,
,,,,,,,,,3.3405940594059406e-07,25239,,,,,,,,,
83,,,,,,,,,,25239,0.011174825951457024,,,,,,,,
,,,,,,,,,3.337293729372937e-07,25244,,,,,,,,,
83,,,,,,,,,,25244,0.00481547974050045,,,,,,,,
,,,,,,,,,3.3339933993399337e-07,25249,,,,,,,,,
83,,,,,,,,,,25249,0.026960432529449463,,,,,,,,
,,,,,,,,,3.330693069306931e-07,25254,,,,,,,,,
83,,,,,,,,,,25254,0.03705761581659317,,,,,,,,
,,,,,,,,,3.327392739273927e-07,25259,,,,,,,,,
83,,,,,,,,,,25259,0.03254539147019386,,,,,,,,
,,,,,,,,,3.324092409240924e-07,25264,,,,,,,,,
83,,,,,,,,,,25264,0.019897859543561935,,,,,,,,
,,,,,,,,,3.320792079207921e-07,25269,,,,,,,,,
83,,,,,,,,,,25269,0.011746065691113472,,,,,,,,
,,,,,,,,,3.317491749174917e-07,25274,,,,,,,,,
83,,,,,,,,,,25274,0.016253823414444923,,,,,,,,
,,,,,,,,,3.314191419141914e-07,25279,,,,,,,,,
83,,,,,,,,,,25279,0.01996108517050743,,,,,,,,
,,,,,,,,,3.310891089108911e-07,25284,,,,,,,,,
83,,,,,,,,,,25284,0.017291098833084106,,,,,,,,
,,,,,,,,,3.3075907590759073e-07,25289,,,,,,,,,
83,,,,,,,,,,25289,0.02005293406546116,,,,,,,,
,,,,,,,,,3.304290429042904e-07,25294,,,,,,,,,
83,,,,,,,,,,25294,0.008322181180119514,,,,,,,,
,,,,,,,,,3.300990099009901e-07,25299,,,,,,,,,
83,,,,,,,,,,25299,0.007321199402213097,,,,,,,,
,,,,,,,,,3.297689768976897e-07,25304,,,,,,,,,
83,,,,,,,,,,25304,0.00311646843329072,,,,,,,,
,,,,,,,,,3.2943894389438944e-07,25309,,,,,,,,,
83,,,,,,,,,,25309,0.05821296200156212,,,,,,,,
,,,,,,,,,3.291089108910891e-07,25314,,,,,,,,,
83,,,,,,,,,,25314,0.006601098459213972,,,,,,,,
,,,,,,,,,3.2877887788778874e-07,25319,,,,,,,,,
83,,,,,,,,,,25319,0.009114713408052921,,,,,,,,
,,,,,,,,,3.284488448844884e-07,25324,,,,,,,,,
83,,,,,,,,,,25324,0.009151079691946507,,,,,,,,
,,,,,,,,,3.281188118811881e-07,25329,,,,,,,,,
83,,,,,,,,,,25329,0.005133154336363077,,,,,,,,
,,,,,,,,,3.277887788778878e-07,25334,,,,,,,,,
83,,,,,,,,,,25334,0.008178247138857841,,,,,,,,
,,,,,,,,,3.2745874587458745e-07,25339,,,,,,,,,
83,,,,,,,,,,25339,0.0034199729561805725,,,,,,,,
,,,,,,,,,3.2712871287128713e-07,25344,,,,,,,,,
83,,,,,,,,,,25344,0.014934884384274483,,,,,,,,
,,,,,,,,,3.2679867986798676e-07,25349,,,,,,,,,
83,,,,,,,,,,25349,0.02802213840186596,,,,,,,,
,,,,,,,,,3.2646864686468643e-07,25354,,,,,,,,,
83,,,,,,,,,,25354,0.015953881666064262,,,,,,,,
,,,,,,,,,3.261386138613861e-07,25359,,,,,,,,,
83,,,,,,,,,,25359,0.00747909490019083,,,,,,,,
,,,,,,,,,3.258085808580858e-07,25364,,,,,,,,,
83,,,,,,,,,,25364,0.02349819615483284,,,,,,,,
,,,,,,,,,3.2547854785478547e-07,25369,,,,,,,,,
83,,,,,,,,,,25369,0.009974141605198383,,,,,,,,
,,,,,,,,,3.2514851485148514e-07,25374,,,,,,,,,
83,,,,,,,,,,25374,0.012272275984287262,,,,,,,,
,,,,,,,,,3.2481848184818477e-07,25379,,,,,,,,,
83,,,,,,,,,,25379,0.01949489861726761,,,,,,,,
,,,,,,,,,3.2448844884488445e-07,25384,,,,,,,,,
83,,,,,,,,,,25384,0.0021431532222777605,,,,,,,,
,,,,,,,,,3.241584158415842e-07,25389,,,,,,,,,
83,,,,,,,,,,25389,0.009011892601847649,,,,,,,,
,,,,,,,,,3.238283828382838e-07,25394,,,,,,,,,
83,,,,,,,,,,25394,0.03376888483762741,,,,,,,,
,,,,,,,,,3.234983498349835e-07,25399,,,,,,,,,
83,,,,,,,,,,25399,0.012640668079257011,,,,,,,,
,,,,,,,,,3.2316831683168316e-07,25404,,,,,,,,,
83,,,,,,,,,,25404,0.014829184859991074,,,,,,,,
,,,,,,,,,3.2283828382838283e-07,25409,,,,,,,,,
83,,,,,,,,,,25409,0.00911345612257719,,,,,,,,
,,,,,,,,,3.2250825082508246e-07,25414,,,,,,,,,
83,,,,,,,,,,25414,0.010873638093471527,,,,,,,,
,,,,,,,,,3.221782178217822e-07,25419,,,,,,,,,
83,,,,,,,,,,25419,0.007811361458152533,,,,,,,,
,,,,,,,,,3.2184818481848187e-07,25424,,,,,,,,,
83,,,,,,,,,,25424,0.012631356716156006,,,,,,,,
,,,,,,,,,3.215181518151815e-07,25429,,,,,,,,,
83,,,,,,,,,,25429,0.007610762491822243,,,,,,,,
,,,,,,,,,3.2118811881188117e-07,25434,,,,,,,,,
83,,,,,,,,,,25434,0.021191775798797607,,,,,,,,
,,,,,,,,,3.2085808580858085e-07,25439,,,,,,,,,
83,,,,,,,,,,25439,0.01895984262228012,,,,,,,,
,,,,,,,,,3.205280528052805e-07,25444,,,,,,,,,
83,,,,,,,,,,25444,0.02032553404569626,,,,,,,,
,,,,,,,,,3.201980198019802e-07,25449,,,,,,,,,
83,,,,,,,,,,25449,0.018318649381399155,,,,,,,,
83,,,,,,,,,,25451,,0.6875,0.7311828136444092,0.08413095772266388,0.08413095772266388,0.4298790395259857,0.7083333134651184,0.7555555701255798,0.429601788520813
,,,,,,,,,3.198679867986799e-07,25454,,,,,,,,,
84,,,,,,,,,,25454,0.007715543732047081,,,,,,,,
,,,,,,,,,3.195379537953795e-07,25459,,,,,,,,,
84,,,,,,,,,,25459,0.01476239413022995,,,,,,,,
,,,,,,,,,3.192079207920792e-07,25464,,,,,,,,,
84,,,,,,,,,,25464,0.031253617256879807,,,,,,,,
,,,,,,,,,3.188778877887789e-07,25469,,,,,,,,,
84,,,,,,,,,,25469,0.0006220547948032618,,,,,,,,
,,,,,,,,,3.1854785478547853e-07,25474,,,,,,,,,
84,,,,,,,,,,25474,0.02956351451575756,,,,,,,,
,,,,,,,,,3.182178217821782e-07,25479,,,,,,,,,
84,,,,,,,,,,25479,0.008872749283909798,,,,,,,,
,,,,,,,,,3.178877887788779e-07,25484,,,,,,,,,
84,,,,,,,,,,25484,0.011414863169193268,,,,,,,,
,,,,,,,,,3.175577557755775e-07,25489,,,,,,,,,
84,,,,,,,,,,25489,0.0161203071475029,,,,,,,,
,,,,,,,,,3.172277227722772e-07,25494,,,,,,,,,
84,,,,,,,,,,25494,0.009607563726603985,,,,,,,,
,,,,,,,,,3.168976897689769e-07,25499,,,,,,,,,
84,,,,,,,,,,25499,0.03235523775219917,,,,,,,,
,,,,,,,,,3.1656765676567655e-07,25504,,,,,,,,,
84,,,,,,,,,,25504,0.017286259680986404,,,,,,,,
,,,,,,,,,3.162376237623762e-07,25509,,,,,,,,,
84,,,,,,,,,,25509,0.01277567632496357,,,,,,,,
,,,,,,,,,3.159075907590759e-07,25514,,,,,,,,,
84,,,,,,,,,,25514,0.0031700818799436092,,,,,,,,
,,,,,,,,,3.155775577557755e-07,25519,,,,,,,,,
84,,,,,,,,,,25519,0.004462105687707663,,,,,,,,
,,,,,,,,,3.1524752475247526e-07,25524,,,,,,,,,
84,,,,,,,,,,25524,0.01439087837934494,,,,,,,,
,,,,,,,,,3.1491749174917493e-07,25529,,,,,,,,,
84,,,,,,,,,,25529,0.0060105351731181145,,,,,,,,
,,,,,,,,,3.1458745874587456e-07,25534,,,,,,,,,
84,,,,,,,,,,25534,0.008459650911390781,,,,,,,,
,,,,,,,,,3.1425742574257424e-07,25539,,,,,,,,,
84,,,,,,,,,,25539,0.006730847526341677,,,,,,,,
,,,,,,,,,3.139273927392739e-07,25544,,,,,,,,,
84,,,,,,,,,,25544,0.006855140905827284,,,,,,,,
,,,,,,,,,3.135973597359736e-07,25549,,,,,,,,,
84,,,,,,,,,,25549,0.02164360135793686,,,,,,,,
,,,,,,,,,3.1326732673267327e-07,25554,,,,,,,,,
84,,,,,,,,,,25554,0.00826671626418829,,,,,,,,
,,,,,,,,,3.1293729372937295e-07,25559,,,,,,,,,
84,,,,,,,,,,25559,0.013036616146564484,,,,,,,,
,,,,,,,,,3.1260726072607257e-07,25564,,,,,,,,,
84,,,,,,,,,,25564,0.013244387693703175,,,,,,,,
,,,,,,,,,3.1227722772277225e-07,25569,,,,,,,,,
84,,,,,,,,,,25569,0.010046274401247501,,,,,,,,
,,,,,,,,,3.119471947194719e-07,25574,,,,,,,,,
84,,,,,,,,,,25574,0.01563424989581108,,,,,,,,
,,,,,,,,,3.116171617161716e-07,25579,,,,,,,,,
84,,,,,,,,,,25579,0.004090301692485809,,,,,,,,
,,,,,,,,,3.112871287128713e-07,25584,,,,,,,,,
84,,,,,,,,,,25584,0.01825442723929882,,,,,,,,
,,,,,,,,,3.1095709570957096e-07,25589,,,,,,,,,
84,,,,,,,,,,25589,0.003829085035249591,,,,,,,,
,,,,,,,,,3.106270627062706e-07,25594,,,,,,,,,
84,,,,,,,,,,25594,0.04085271805524826,,,,,,,,
,,,,,,,,,3.1029702970297026e-07,25599,,,,,,,,,
84,,,,,,,,,,25599,0.010352838784456253,,,,,,,,
,,,,,,,,,3.0996699669967e-07,25604,,,,,,,,,
84,,,,,,,,,,25604,0.039906974881887436,,,,,,,,
,,,,,,,,,3.096369636963696e-07,25609,,,,,,,,,
84,,,,,,,,,,25609,0.008226633071899414,,,,,,,,
,,,,,,,,,3.093069306930693e-07,25614,,,,,,,,,
84,,,,,,,,,,25614,0.015714742243289948,,,,,,,,
,,,,,,,,,3.0897689768976897e-07,25619,,,,,,,,,
84,,,,,,,,,,25619,0.013308574445545673,,,,,,,,
,,,,,,,,,3.086468646864686e-07,25624,,,,,,,,,
84,,,,,,,,,,25624,0.017058424651622772,,,,,,,,
,,,,,,,,,3.083168316831683e-07,25629,,,,,,,,,
84,,,,,,,,,,25629,0.007790317293256521,,,,,,,,
,,,,,,,,,3.07986798679868e-07,25634,,,,,,,,,
84,,,,,,,,,,25634,0.010760747827589512,,,,,,,,
,,,,,,,,,3.0765676567656763e-07,25639,,,,,,,,,
84,,,,,,,,,,25639,0.00861047487705946,,,,,,,,
,,,,,,,,,3.073267326732673e-07,25644,,,,,,,,,
84,,,,,,,,,,25644,0.0024333170149475336,,,,,,,,
,,,,,,,,,3.06996699669967e-07,25649,,,,,,,,,
84,,,,,,,,,,25649,0.014917825348675251,,,,,,,,
,,,,,,,,,3.066666666666666e-07,25654,,,,,,,,,
84,,,,,,,,,,25654,0.0063250805251300335,,,,,,,,
,,,,,,,,,3.0633663366336634e-07,25659,,,,,,,,,
84,,,,,,,,,,25659,0.030840130522847176,,,,,,,,
,,,,,,,,,3.06006600660066e-07,25664,,,,,,,,,
84,,,,,,,,,,25664,0.03254702314734459,,,,,,,,
,,,,,,,,,3.0567656765676564e-07,25669,,,,,,,,,
84,,,,,,,,,,25669,0.02535809390246868,,,,,,,,
,,,,,,,,,3.053465346534653e-07,25674,,,,,,,,,
84,,,,,,,,,,25674,0.01128328312188387,,,,,,,,
,,,,,,,,,3.05016501650165e-07,25679,,,,,,,,,
84,,,,,,,,,,25679,0.004559983499348164,,,,,,,,
,,,,,,,,,3.0468646864686467e-07,25684,,,,,,,,,
84,,,,,,,,,,25684,0.02691439725458622,,,,,,,,
,,,,,,,,,3.0435643564356435e-07,25689,,,,,,,,,
84,,,,,,,,,,25689,0.02130366861820221,,,,,,,,
,,,,,,,,,3.0402640264026403e-07,25694,,,,,,,,,
84,,,,,,,,,,25694,0.011487552896142006,,,,,,,,
,,,,,,,,,3.0369636963696365e-07,25699,,,,,,,,,
84,,,,,,,,,,25699,0.0016010585241019726,,,,,,,,
,,,,,,,,,3.0336633663366333e-07,25704,,,,,,,,,
84,,,,,,,,,,25704,0.00766797037795186,,,,,,,,
,,,,,,,,,3.03036303630363e-07,25709,,,,,,,,,
84,,,,,,,,,,25709,0.017547456547617912,,,,,,,,
,,,,,,,,,3.027062706270627e-07,25714,,,,,,,,,
84,,,,,,,,,,25714,0.020299023017287254,,,,,,,,
,,,,,,,,,3.0237623762376236e-07,25719,,,,,,,,,
84,,,,,,,,,,25719,0.004866648465394974,,,,,,,,
,,,,,,,,,3.0204620462046204e-07,25724,,,,,,,,,
84,,,,,,,,,,25724,0.0012417022371664643,,,,,,,,
,,,,,,,,,3.017161716171617e-07,25729,,,,,,,,,
84,,,,,,,,,,25729,0.0076169101521372795,,,,,,,,
,,,,,,,,,3.0138613861386134e-07,25734,,,,,,,,,
84,,,,,,,,,,25734,0.006602508947253227,,,,,,,,
,,,,,,,,,3.0105610561056107e-07,25739,,,,,,,,,
84,,,,,,,,,,25739,0.013606040738523006,,,,,,,,
,,,,,,,,,3.0072607260726075e-07,25744,,,,,,,,,
84,,,,,,,,,,25744,0.0072186971083283424,,,,,,,,
,,,,,,,,,3.0039603960396037e-07,25749,,,,,,,,,
84,,,,,,,,,,25749,0.027918070554733276,,,,,,,,
,,,,,,,,,3.0006600660066005e-07,25754,,,,,,,,,
84,,,,,,,,,,25754,0.026828646659851074,,,,,,,,
84,,,,,,,,,,25754,,0.6812499761581421,0.7243243455886841,0.08390037715435028,0.08390037715435028,0.4296676218509674,0.7052631378173828,0.7444444298744202,0.428911030292511
,,,,,,,,,2.9973597359735973e-07,25759,,,,,,,,,
85,,,,,,,,,,25759,0.043508004397153854,,,,,,,,
,,,,,,,,,2.994059405940594e-07,25764,,,,,,,,,
85,,,,,,,,,,25764,0.008091337978839874,,,,,,,,
,,,,,,,,,2.990759075907591e-07,25769,,,,,,,,,
85,,,,,,,,,,25769,0.023532621562480927,,,,,,,,
,,,,,,,,,2.9874587458745876e-07,25774,,,,,,,,,
85,,,,,,,,,,25774,0.02191070280969143,,,,,,,,
,,,,,,,,,2.984158415841584e-07,25779,,,,,,,,,
85,,,,,,,,,,25779,0.021414950489997864,,,,,,,,
,,,,,,,,,2.9808580858085806e-07,25784,,,,,,,,,
85,,,,,,,,,,25784,0.01185046136379242,,,,,,,,
,,,,,,,,,2.9775577557755774e-07,25789,,,,,,,,,
85,,,,,,,,,,25789,0.011001001112163067,,,,,,,,
,,,,,,,,,2.974257425742574e-07,25794,,,,,,,,,
85,,,,,,,,,,25794,0.014815875329077244,,,,,,,,
,,,,,,,,,2.970957095709571e-07,25799,,,,,,,,,
85,,,,,,,,,,25799,0.0009329812019132078,,,,,,,,
,,,,,,,,,2.9676567656765677e-07,25804,,,,,,,,,
85,,,,,,,,,,25804,0.002346651628613472,,,,,,,,
,,,,,,,,,2.964356435643564e-07,25809,,,,,,,,,
85,,,,,,,,,,25809,0.01293171476572752,,,,,,,,
,,,,,,,,,2.961056105610561e-07,25814,,,,,,,,,
85,,,,,,,,,,25814,0.024835627526044846,,,,,,,,
,,,,,,,,,2.957755775577558e-07,25819,,,,,,,,,
85,,,,,,,,,,25819,0.013655204325914383,,,,,,,,
,,,,,,,,,2.9544554455445543e-07,25824,,,,,,,,,
85,,,,,,,,,,25824,0.010402361862361431,,,,,,,,
,,,,,,,,,2.951155115511551e-07,25829,,,,,,,,,
85,,,,,,,,,,25829,0.0037981118075549603,,,,,,,,
,,,,,,,,,2.947854785478548e-07,25834,,,,,,,,,
85,,,,,,,,,,25834,0.006428436376154423,,,,,,,,
,,,,,,,,,2.944554455445544e-07,25839,,,,,,,,,
85,,,,,,,,,,25839,0.007606253027915955,,,,,,,,
,,,,,,,,,2.9412541254125414e-07,25844,,,,,,,,,
85,,,,,,,,,,25844,0.002342087449505925,,,,,,,,
,,,,,,,,,2.937953795379538e-07,25849,,,,,,,,,
85,,,,,,,,,,25849,0.002015578094869852,,,,,,,,
,,,,,,,,,2.9346534653465344e-07,25854,,,,,,,,,
85,,,,,,,,,,25854,0.006868856959044933,,,,,,,,
,,,,,,,,,2.931353135313531e-07,25859,,,,,,,,,
85,,,,,,,,,,25859,0.007210669573396444,,,,,,,,
,,,,,,,,,2.928052805280528e-07,25864,,,,,,,,,
85,,,,,,,,,,25864,0.012085524387657642,,,,,,,,
,,,,,,,,,2.924752475247524e-07,25869,,,,,,,,,
85,,,,,,,,,,25869,0.0025912837591022253,,,,,,,,
,,,,,,,,,2.9214521452145215e-07,25874,,,,,,,,,
85,,,,,,,,,,25874,0.0021365415304899216,,,,,,,,
,,,,,,,,,2.9181518151815183e-07,25879,,,,,,,,,
85,,,,,,,,,,25879,0.0272478386759758,,,,,,,,
,,,,,,,,,2.9148514851485145e-07,25884,,,,,,,,,
85,,,,,,,,,,25884,0.004303335677832365,,,,,,,,
,,,,,,,,,2.9115511551155113e-07,25889,,,,,,,,,
85,,,,,,,,,,25889,0.019108768552541733,,,,,,,,
,,,,,,,,,2.908250825082508e-07,25894,,,,,,,,,
85,,,,,,,,,,25894,0.014374790713191032,,,,,,,,
,,,,,,,,,2.904950495049505e-07,25899,,,,,,,,,
85,,,,,,,,,,25899,0.022549625486135483,,,,,,,,
,,,,,,,,,2.9016501650165016e-07,25904,,,,,,,,,
85,,,,,,,,,,25904,0.005563211161643267,,,,,,,,
,,,,,,,,,2.8983498349834984e-07,25909,,,,,,,,,
85,,,,,,,,,,25909,0.0367543026804924,,,,,,,,
,,,,,,,,,2.8950495049504947e-07,25914,,,,,,,,,
85,,,,,,,,,,25914,0.0037259962409734726,,,,,,,,
,,,,,,,,,2.8917491749174914e-07,25919,,,,,,,,,
85,,,,,,,,,,25919,0.004727322142571211,,,,,,,,
,,,,,,,,,2.888448844884489e-07,25924,,,,,,,,,
85,,,,,,,,,,25924,0.018845312297344208,,,,,,,,
,,,,,,,,,2.885148514851485e-07,25929,,,,,,,,,
85,,,,,,,,,,25929,0.015170342288911343,,,,,,,,
,,,,,,,,,2.881848184818482e-07,25934,,,,,,,,,
85,,,,,,,,,,25934,0.013185646384954453,,,,,,,,
,,,,,,,,,2.8785478547854785e-07,25939,,,,,,,,,
85,,,,,,,,,,25939,0.007491016760468483,,,,,,,,
,,,,,,,,,2.875247524752475e-07,25944,,,,,,,,,
85,,,,,,,,,,25944,0.012660854496061802,,,,,,,,
,,,,,,,,,2.8719471947194716e-07,25949,,,,,,,,,
85,,,,,,,,,,25949,0.011039379052817822,,,,,,,,
,,,,,,,,,2.868646864686469e-07,25954,,,,,,,,,
85,,,,,,,,,,25954,0.006422460079193115,,,,,,,,
,,,,,,,,,2.865346534653465e-07,25959,,,,,,,,,
85,,,,,,,,,,25959,0.02609737403690815,,,,,,,,
,,,,,,,,,2.862046204620462e-07,25964,,,,,,,,,
85,,,,,,,,,,25964,0.013316700235009193,,,,,,,,
,,,,,,,,,2.8587458745874587e-07,25969,,,,,,,,,
85,,,,,,,,,,25969,0.006458162795752287,,,,,,,,
,,,,,,,,,2.855445544554455e-07,25974,,,,,,,,,
85,,,,,,,,,,25974,0.030987512320280075,,,,,,,,
,,,,,,,,,2.852145214521452e-07,25979,,,,,,,,,
85,,,,,,,,,,25979,0.008559194393455982,,,,,,,,
,,,,,,,,,2.848844884488449e-07,25984,,,,,,,,,
85,,,,,,,,,,25984,0.007716079242527485,,,,,,,,
,,,,,,,,,2.845544554455445e-07,25989,,,,,,,,,
85,,,,,,,,,,25989,0.02427428588271141,,,,,,,,
,,,,,,,,,2.842244224422442e-07,25994,,,,,,,,,
85,,,,,,,,,,25994,0.004931813105940819,,,,,,,,
,,,,,,,,,2.838943894389439e-07,25999,,,,,,,,,
85,,,,,,,,,,25999,0.004600439686328173,,,,,,,,
,,,,,,,,,2.835643564356435e-07,26004,,,,,,,,,
85,,,,,,,,,,26004,0.0056989178992807865,,,,,,,,
,,,,,,,,,2.8323432343234323e-07,26009,,,,,,,,,
85,,,,,,,,,,26009,0.009313516318798065,,,,,,,,
,,,,,,,,,2.829042904290429e-07,26014,,,,,,,,,
85,,,,,,,,,,26014,0.008117449469864368,,,,,,,,
,,,,,,,,,2.8257425742574253e-07,26019,,,,,,,,,
85,,,,,,,,,,26019,0.009310651570558548,,,,,,,,
,,,,,,,,,2.822442244224422e-07,26024,,,,,,,,,
85,,,,,,,,,,26024,0.015311719849705696,,,,,,,,
,,,,,,,,,2.819141914191419e-07,26029,,,,,,,,,
85,,,,,,,,,,26029,0.010472363792359829,,,,,,,,
,,,,,,,,,2.8158415841584157e-07,26034,,,,,,,,,
85,,,,,,,,,,26034,0.020330123603343964,,,,,,,,
,,,,,,,,,2.8125412541254124e-07,26039,,,,,,,,,
85,,,,,,,,,,26039,0.011993377469480038,,,,,,,,
,,,,,,,,,2.809240924092409e-07,26044,,,,,,,,,
85,,,,,,,,,,26044,0.01107342541217804,,,,,,,,
,,,,,,,,,2.805940594059406e-07,26049,,,,,,,,,
85,,,,,,,,,,26049,0.003463813802227378,,,,,,,,
,,,,,,,,,2.802640264026402e-07,26054,,,,,,,,,
85,,,,,,,,,,26054,0.010341432876884937,,,,,,,,
85,,,,,,,,,,26057,,0.6875,0.7311828136444092,0.0843600183725357,0.0843600183725357,0.43395301699638367,0.7083333134651184,0.7555555701255798,0.43124881386756897
,,,,,,,,,2.7993399339933995e-07,26059,,,,,,,,,
86,,,,,,,,,,26059,0.02377338893711567,,,,,,,,
,,,,,,,,,2.7960396039603963e-07,26064,,,,,,,,,
86,,,,,,,,,,26064,0.009561575017869473,,,,,,,,
,,,,,,,,,2.7927392739273926e-07,26069,,,,,,,,,
86,,,,,,,,,,26069,0.008518092334270477,,,,,,,,
,,,,,,,,,2.7894389438943893e-07,26074,,,,,,,,,
86,,,,,,,,,,26074,0.00687253987416625,,,,,,,,
,,,,,,,,,2.786138613861386e-07,26079,,,,,,,,,
86,,,,,,,,,,26079,0.017603224143385887,,,,,,,,
,,,,,,,,,2.7828382838283824e-07,26084,,,,,,,,,
86,,,,,,,,,,26084,0.014021831564605236,,,,,,,,
,,,,,,,,,2.7795379537953797e-07,26089,,,,,,,,,
86,,,,,,,,,,26089,0.003808367997407913,,,,,,,,
,,,,,,,,,2.7762376237623764e-07,26094,,,,,,,,,
86,,,,,,,,,,26094,0.004749160725623369,,,,,,,,
,,,,,,,,,2.7729372937293727e-07,26099,,,,,,,,,
86,,,,,,,,,,26099,0.015113970264792442,,,,,,,,
,,,,,,,,,2.7696369636963695e-07,26104,,,,,,,,,
86,,,,,,,,,,26104,0.010903054848313332,,,,,,,,
,,,,,,,,,2.766336633663366e-07,26109,,,,,,,,,
86,,,,,,,,,,26109,0.012005834840238094,,,,,,,,
,,,,,,,,,2.763036303630363e-07,26114,,,,,,,,,
86,,,,,,,,,,26114,0.01106953527778387,,,,,,,,
,,,,,,,,,2.75973597359736e-07,26119,,,,,,,,,
86,,,,,,,,,,26119,0.018069375306367874,,,,,,,,
,,,,,,,,,2.7564356435643566e-07,26124,,,,,,,,,
86,,,,,,,,,,26124,0.014653350226581097,,,,,,,,
,,,,,,,,,2.753135313531353e-07,26129,,,,,,,,,
86,,,,,,,,,,26129,0.016161927953362465,,,,,,,,
,,,,,,,,,2.7498349834983496e-07,26134,,,,,,,,,
86,,,,,,,,,,26134,0.012440856546163559,,,,,,,,
,,,,,,,,,2.746534653465347e-07,26139,,,,,,,,,
86,,,,,,,,,,26139,0.0009808021131902933,,,,,,,,
,,,,,,,,,2.743234323432343e-07,26144,,,,,,,,,
86,,,,,,,,,,26144,0.010463796555995941,,,,,,,,
,,,,,,,,,2.73993399339934e-07,26149,,,,,,,,,
86,,,,,,,,,,26149,0.027613451704382896,,,,,,,,
,,,,,,,,,2.7366336633663367e-07,26154,,,,,,,,,
86,,,,,,,,,,26154,0.0236714705824852,,,,,,,,
,,,,,,,,,2.733333333333333e-07,26159,,,,,,,,,
86,,,,,,,,,,26159,0.03143148869276047,,,,,,,,
,,,,,,,,,2.7300330033003297e-07,26164,,,,,,,,,
86,,,,,,,,,,26164,0.007718994282186031,,,,,,,,
,,,,,,,,,2.726732673267327e-07,26169,,,,,,,,,
86,,,,,,,,,,26169,0.004083570558577776,,,,,,,,
,,,,,,,,,2.723432343234323e-07,26174,,,,,,,,,
86,,,,,,,,,,26174,0.003914457745850086,,,,,,,,
,,,,,,,,,2.72013201320132e-07,26179,,,,,,,,,
86,,,,,,,,,,26179,0.0060376813635230064,,,,,,,,
,,,,,,,,,2.716831683168317e-07,26184,,,,,,,,,
86,,,,,,,,,,26184,0.03159762918949127,,,,,,,,
,,,,,,,,,2.713531353135313e-07,26189,,,,,,,,,
86,,,,,,,,,,26189,0.00170509226154536,,,,,,,,
,,,,,,,,,2.7102310231023104e-07,26194,,,,,,,,,
86,,,,,,,,,,26194,0.004422971047461033,,,,,,,,
,,,,,,,,,2.706930693069307e-07,26199,,,,,,,,,
86,,,,,,,,,,26199,0.020852457731962204,,,,,,,,
,,,,,,,,,2.7036303630363034e-07,26204,,,,,,,,,
86,,,,,,,,,,26204,0.0028541660867631435,,,,,,,,
,,,,,,,,,2.7003300330033e-07,26209,,,,,,,,,
86,,,,,,,,,,26209,0.018545283004641533,,,,,,,,
,,,,,,,,,2.697029702970297e-07,26214,,,,,,,,,
86,,,,,,,,,,26214,0.004589423071593046,,,,,,,,
,,,,,,,,,2.693729372937293e-07,26219,,,,,,,,,
86,,,,,,,,,,26219,0.0030549427028745413,,,,,,,,
,,,,,,,,,2.6904290429042905e-07,26224,,,,,,,,,
86,,,,,,,,,,26224,0.010865393094718456,,,,,,,,
,,,,,,,,,2.687128712871287e-07,26229,,,,,,,,,
86,,,,,,,,,,26229,0.017992569133639336,,,,,,,,
,,,,,,,,,2.6838283828382835e-07,26234,,,,,,,,,
86,,,,,,,,,,26234,0.028876040130853653,,,,,,,,
,,,,,,,,,2.6805280528052803e-07,26239,,,,,,,,,
86,,,,,,,,,,26239,0.002433803863823414,,,,,,,,
,,,,,,,,,2.677227722772277e-07,26244,,,,,,,,,
86,,,,,,,,,,26244,0.01712278090417385,,,,,,,,
,,,,,,,,,2.673927392739274e-07,26249,,,,,,,,,
86,,,,,,,,,,26249,0.0035130062606185675,,,,,,,,
,,,,,,,,,2.6706270627062706e-07,26254,,,,,,,,,
86,,,,,,,,,,26254,0.01798151060938835,,,,,,,,
,,,,,,,,,2.6673267326732674e-07,26259,,,,,,,,,
86,,,,,,,,,,26259,0.02022414095699787,,,,,,,,
,,,,,,,,,2.6640264026402636e-07,26264,,,,,,,,,
86,,,,,,,,,,26264,0.026750773191452026,,,,,,,,
,,,,,,,,,2.6607260726072604e-07,26269,,,,,,,,,
86,,,,,,,,,,26269,0.0475916787981987,,,,,,,,
,,,,,,,,,2.6574257425742577e-07,26274,,,,,,,,,
86,,,,,,,,,,26274,0.007548713590949774,,,,,,,,
,,,,,,,,,2.654125412541254e-07,26279,,,,,,,,,
86,,,,,,,,,,26279,0.024877799674868584,,,,,,,,
,,,,,,,,,2.6508250825082507e-07,26284,,,,,,,,,
86,,,,,,,,,,26284,0.0033266597893089056,,,,,,,,
,,,,,,,,,2.6475247524752475e-07,26289,,,,,,,,,
86,,,,,,,,,,26289,0.015676943585276604,,,,,,,,
,,,,,,,,,2.6442244224422437e-07,26294,,,,,,,,,
86,,,,,,,,,,26294,0.011326410807669163,,,,,,,,
,,,,,,,,,2.6409240924092405e-07,26299,,,,,,,,,
86,,,,,,,,,,26299,0.0165111031383276,,,,,,,,
,,,,,,,,,2.637623762376238e-07,26304,,,,,,,,,
86,,,,,,,,,,26304,0.02290421538054943,,,,,,,,
,,,,,,,,,2.634323432343234e-07,26309,,,,,,,,,
86,,,,,,,,,,26309,0.007511916570365429,,,,,,,,
,,,,,,,,,2.631023102310231e-07,26314,,,,,,,,,
86,,,,,,,,,,26314,0.021890638396143913,,,,,,,,
,,,,,,,,,2.6277227722772276e-07,26319,,,,,,,,,
86,,,,,,,,,,26319,0.007294099777936935,,,,,,,,
,,,,,,,,,2.624422442244224e-07,26324,,,,,,,,,
86,,,,,,,,,,26324,0.027906177565455437,,,,,,,,
,,,,,,,,,2.621122112211221e-07,26329,,,,,,,,,
86,,,,,,,,,,26329,0.007717525120824575,,,,,,,,
,,,,,,,,,2.617821782178218e-07,26334,,,,,,,,,
86,,,,,,,,,,26334,0.00279789580963552,,,,,,,,
,,,,,,,,,2.614521452145214e-07,26339,,,,,,,,,
86,,,,,,,,,,26339,0.0041071465238928795,,,,,,,,
,,,,,,,,,2.611221122112211e-07,26344,,,,,,,,,
86,,,,,,,,,,26344,0.009781967848539352,,,,,,,,
,,,,,,,,,2.6079207920792077e-07,26349,,,,,,,,,
86,,,,,,,,,,26349,0.03297588974237442,,,,,,,,
,,,,,,,,,2.604620462046204e-07,26354,,,,,,,,,
86,,,,,,,,,,26354,0.006767679937183857,,,,,,,,
,,,,,,,,,2.6013201320132013e-07,26359,,,,,,,,,
86,,,,,,,,,,26359,0.009695515967905521,,,,,,,,
86,,,,,,,,,,26360,,0.6875,0.7311828136444092,0.08375389128923416,0.08375389128923416,0.429156631231308,0.7083333134651184,0.7555555701255798,0.4291016757488251
,,,,,,,,,2.598019801980198e-07,26364,,,,,,,,,
87,,,,,,,,,,26364,0.010181494988501072,,,,,,,,
,,,,,,,,,2.594719471947195e-07,26369,,,,,,,,,
87,,,,,,,,,,26369,0.0014553399523720145,,,,,,,,
,,,,,,,,,2.591419141914191e-07,26374,,,,,,,,,
87,,,,,,,,,,26374,0.01164493802934885,,,,,,,,
,,,,,,,,,2.588118811881188e-07,26379,,,,,,,,,
87,,,,,,,,,,26379,0.005374477710574865,,,,,,,,
,,,,,,,,,2.584818481848185e-07,26384,,,,,,,,,
87,,,,,,,,,,26384,0.008146677166223526,,,,,,,,
,,,,,,,,,2.5815181518151814e-07,26389,,,,,,,,,
87,,,,,,,,,,26389,0.029859883710741997,,,,,,,,
,,,,,,,,,2.578217821782178e-07,26394,,,,,,,,,
87,,,,,,,,,,26394,0.009320981800556183,,,,,,,,
,,,,,,,,,2.574917491749175e-07,26399,,,,,,,,,
87,,,,,,,,,,26399,0.0038124003913253546,,,,,,,,
,,,,,,,,,2.571617161716171e-07,26404,,,,,,,,,
87,,,,,,,,,,26404,0.007481747772544622,,,,,,,,
,,,,,,,,,2.5683168316831685e-07,26409,,,,,,,,,
87,,,,,,,,,,26409,0.01446087658405304,,,,,,,,
,,,,,,,,,2.5650165016501653e-07,26414,,,,,,,,,
87,,,,,,,,,,26414,0.02004549652338028,,,,,,,,
,,,,,,,,,2.5617161716171615e-07,26419,,,,,,,,,
87,,,,,,,,,,26419,0.01729820854961872,,,,,,,,
,,,,,,,,,2.5584158415841583e-07,26424,,,,,,,,,
87,,,,,,,,,,26424,0.010539000853896141,,,,,,,,
,,,,,,,,,2.555115511551155e-07,26429,,,,,,,,,
87,,,,,,,,,,26429,0.014705842360854149,,,,,,,,
,,,,,,,,,2.5518151815181513e-07,26434,,,,,,,,,
87,,,,,,,,,,26434,0.006325859110802412,,,,,,,,
,,,,,,,,,2.5485148514851486e-07,26439,,,,,,,,,
87,,,,,,,,,,26439,0.005900141783058643,,,,,,,,
,,,,,,,,,2.5452145214521454e-07,26444,,,,,,,,,
87,,,,,,,,,,26444,0.012524723075330257,,,,,,,,
,,,,,,,,,2.5419141914191416e-07,26449,,,,,,,,,
87,,,,,,,,,,26449,0.004038899205625057,,,,,,,,
,,,,,,,,,2.5386138613861384e-07,26454,,,,,,,,,
87,,,,,,,,,,26454,0.007665393408387899,,,,,,,,
,,,,,,,,,2.535313531353135e-07,26459,,,,,,,,,
87,,,,,,,,,,26459,0.027786005288362503,,,,,,,,
,,,,,,,,,2.532013201320132e-07,26464,,,,,,,,,
87,,,,,,,,,,26464,0.02838308736681938,,,,,,,,
,,,,,,,,,2.528712871287129e-07,26469,,,,,,,,,
87,,,,,,,,,,26469,0.0113822715356946,,,,,,,,
,,,,,,,,,2.5254125412541255e-07,26474,,,,,,,,,
87,,,,,,,,,,26474,0.005286164581775665,,,,,,,,
,,,,,,,,,2.522112211221122e-07,26479,,,,,,,,,
87,,,,,,,,,,26479,0.002977009629830718,,,,,,,,
,,,,,,,,,2.5188118811881185e-07,26484,,,,,,,,,
87,,,,,,,,,,26484,0.006761412136256695,,,,,,,,
,,,,,,,,,2.515511551155116e-07,26489,,,,,,,,,
87,,,,,,,,,,26489,0.005048906430602074,,,,,,,,
,,,,,,,,,2.512211221122112e-07,26494,,,,,,,,,
87,,,,,,,,,,26494,0.006889727897942066,,,,,,,,
,,,,,,,,,2.508910891089109e-07,26499,,,,,,,,,
87,,,,,,,,,,26499,0.013506123796105385,,,,,,,,
,,,,,,,,,2.5056105610561056e-07,26504,,,,,,,,,
87,,,,,,,,,,26504,0.00775381363928318,,,,,,,,
,,,,,,,,,2.502310231023102e-07,26509,,,,,,,,,
87,,,,,,,,,,26509,0.010313218459486961,,,,,,,,
,,,,,,,,,2.4990099009900987e-07,26514,,,,,,,,,
87,,,,,,,,,,26514,0.022990945726633072,,,,,,,,
,,,,,,,,,2.4957095709570954e-07,26519,,,,,,,,,
87,,,,,,,,,,26519,0.008043828420341015,,,,,,,,
,,,,,,,,,2.492409240924092e-07,26524,,,,,,,,,
87,,,,,,,,,,26524,0.03182116150856018,,,,,,,,
,,,,,,,,,2.489108910891089e-07,26529,,,,,,,,,
87,,,,,,,,,,26529,0.054413579404354095,,,,,,,,
,,,,,,,,,2.485808580858086e-07,26534,,,,,,,,,
87,,,,,,,,,,26534,0.0052930130623281,,,,,,,,
,,,,,,,,,2.4825082508250825e-07,26539,,,,,,,,,
87,,,,,,,,,,26539,0.03780784085392952,,,,,,,,
,,,,,,,,,2.4792079207920793e-07,26544,,,,,,,,,
87,,,,,,,,,,26544,0.012080362066626549,,,,,,,,
,,,,,,,,,2.4759075907590755e-07,26549,,,,,,,,,
87,,,,,,,,,,26549,0.0092915715649724,,,,,,,,
,,,,,,,,,2.4726072607260723e-07,26554,,,,,,,,,
87,,,,,,,,,,26554,0.00674836291000247,,,,,,,,
,,,,,,,,,2.469306930693069e-07,26559,,,,,,,,,
87,,,,,,,,,,26559,0.0011234935373067856,,,,,,,,
,,,,,,,,,2.466006600660066e-07,26564,,,,,,,,,
87,,,,,,,,,,26564,0.022927099838852882,,,,,,,,
,,,,,,,,,2.4627062706270626e-07,26569,,,,,,,,,
87,,,,,,,,,,26569,0.00229530013166368,,,,,,,,
,,,,,,,,,2.4594059405940594e-07,26574,,,,,,,,,
87,,,,,,,,,,26574,0.0038001458160579205,,,,,,,,
,,,,,,,,,2.4561056105610557e-07,26579,,,,,,,,,
87,,,,,,,,,,26579,0.010813640430569649,,,,,,,,
,,,,,,,,,2.452805280528053e-07,26584,,,,,,,,,
87,,,,,,,,,,26584,0.010567487217485905,,,,,,,,
,,,,,,,,,2.449504950495049e-07,26589,,,,,,,,,
87,,,,,,,,,,26589,0.01590748131275177,,,,,,,,
,,,,,,,,,2.446204620462046e-07,26594,,,,,,,,,
87,,,,,,,,,,26594,0.007263734471052885,,,,,,,,
,,,,,,,,,2.442904290429043e-07,26599,,,,,,,,,
87,,,,,,,,,,26599,0.004368016496300697,,,,,,,,
,,,,,,,,,2.4396039603960395e-07,26604,,,,,,,,,
87,,,,,,,,,,26604,0.005542076658457518,,,,,,,,
,,,,,,,,,2.4363036303630363e-07,26609,,,,,,,,,
87,,,,,,,,,,26609,0.010791167616844177,,,,,,,,
,,,,,,,,,2.433003300330033e-07,26614,,,,,,,,,
87,,,,,,,,,,26614,0.009911331348121166,,,,,,,,
,,,,,,,,,2.4297029702970293e-07,26619,,,,,,,,,
87,,,,,,,,,,26619,0.009914510883390903,,,,,,,,
,,,,,,,,,2.4264026402640266e-07,26624,,,,,,,,,
87,,,,,,,,,,26624,0.041995685547590256,,,,,,,,
,,,,,,,,,2.423102310231023e-07,26629,,,,,,,,,
87,,,,,,,,,,26629,0.02225726656615734,,,,,,,,
,,,,,,,,,2.4198019801980197e-07,26634,,,,,,,,,
87,,,,,,,,,,26634,0.017167462036013603,,,,,,,,
,,,,,,,,,2.4165016501650164e-07,26639,,,,,,,,,
87,,,,,,,,,,26639,0.02213270589709282,,,,,,,,
,,,,,,,,,2.413201320132013e-07,26644,,,,,,,,,
87,,,,,,,,,,26644,0.006628727540373802,,,,,,,,
,,,,,,,,,2.4099009900990095e-07,26649,,,,,,,,,
87,,,,,,,,,,26649,0.007489832118153572,,,,,,,,
,,,,,,,,,2.406600660066007e-07,26654,,,,,,,,,
87,,,,,,,,,,26654,0.009815962053835392,,,,,,,,
,,,,,,,,,2.403300330033003e-07,26659,,,,,,,,,
87,,,,,,,,,,26659,0.024510692805051804,,,,,,,,
87,,,,,,,,,,26663,,0.6875,0.7311828136444092,0.08427146077156067,0.08427146077156067,0.4294986426830292,0.7083333134651184,0.7555555701255798,0.42857515811920166
,,,,,,,,,2.4e-07,26664,,,,,,,,,
88,,,,,,,,,,26664,0.005195659585297108,,,,,,,,
,,,,,,,,,2.3966996699669966e-07,26669,,,,,,,,,
88,,,,,,,,,,26669,0.0105782775208354,,,,,,,,
,,,,,,,,,2.3933993399339933e-07,26674,,,,,,,,,
88,,,,,,,,,,26674,0.01456774864345789,,,,,,,,
,,,,,,,,,2.39009900990099e-07,26679,,,,,,,,,
88,,,,,,,,,,26679,0.005499070044606924,,,,,,,,
,,,,,,,,,2.386798679867987e-07,26684,,,,,,,,,
88,,,,,,,,,,26684,0.021614398807287216,,,,,,,,
,,,,,,,,,2.3834983498349834e-07,26689,,,,,,,,,
88,,,,,,,,,,26689,0.01979783922433853,,,,,,,,
,,,,,,,,,2.38019801980198e-07,26694,,,,,,,,,
88,,,,,,,,,,26694,0.007820983417332172,,,,,,,,
,,,,,,,,,2.376897689768977e-07,26699,,,,,,,,,
88,,,,,,,,,,26699,0.005130446050316095,,,,,,,,
,,,,,,,,,2.3735973597359735e-07,26704,,,,,,,,,
88,,,,,,,,,,26704,0.030767951160669327,,,,,,,,
,,,,,,,,,2.37029702970297e-07,26709,,,,,,,,,
88,,,,,,,,,,26709,0.0064096408896148205,,,,,,,,
,,,,,,,,,2.366996699669967e-07,26714,,,,,,,,,
88,,,,,,,,,,26714,0.02270711213350296,,,,,,,,
,,,,,,,,,2.3636963696369635e-07,26719,,,,,,,,,
88,,,,,,,,,,26719,0.028317511081695557,,,,,,,,
,,,,,,,,,2.3603960396039603e-07,26724,,,,,,,,,
88,,,,,,,,,,26724,0.007679483387619257,,,,,,,,
,,,,,,,,,2.357095709570957e-07,26729,,,,,,,,,
88,,,,,,,,,,26729,0.003381674410775304,,,,,,,,
,,,,,,,,,2.3537953795379536e-07,26734,,,,,,,,,
88,,,,,,,,,,26734,0.010484033264219761,,,,,,,,
,,,,,,,,,2.3504950495049504e-07,26739,,,,,,,,,
88,,,,,,,,,,26739,0.019401246681809425,,,,,,,,
,,,,,,,,,2.347194719471947e-07,26744,,,,,,,,,
88,,,,,,,,,,26744,0.01424497552216053,,,,,,,,
,,,,,,,,,2.3438943894389436e-07,26749,,,,,,,,,
88,,,,,,,,,,26749,0.024269243702292442,,,,,,,,
,,,,,,,,,2.3405940594059407e-07,26754,,,,,,,,,
88,,,,,,,,,,26754,0.010329348035156727,,,,,,,,
,,,,,,,,,2.3372937293729372e-07,26759,,,,,,,,,
88,,,,,,,,,,26759,0.032771896570920944,,,,,,,,
,,,,,,,,,2.333993399339934e-07,26764,,,,,,,,,
88,,,,,,,,,,26764,0.020094819366931915,,,,,,,,
,,,,,,,,,2.3306930693069307e-07,26769,,,,,,,,,
88,,,,,,,,,,26769,0.011603140272200108,,,,,,,,
,,,,,,,,,2.3273927392739272e-07,26774,,,,,,,,,
88,,,,,,,,,,26774,0.017622506245970726,,,,,,,,
,,,,,,,,,2.324092409240924e-07,26779,,,,,,,,,
88,,,,,,,,,,26779,0.03675912693142891,,,,,,,,
,,,,,,,,,2.3207920792079208e-07,26784,,,,,,,,,
88,,,,,,,,,,26784,0.00976251345127821,,,,,,,,
,,,,,,,,,2.3174917491749173e-07,26789,,,,,,,,,
88,,,,,,,,,,26789,0.05642910301685333,,,,,,,,
,,,,,,,,,2.314191419141914e-07,26794,,,,,,,,,
88,,,,,,,,,,26794,0.009905466809868813,,,,,,,,
,,,,,,,,,2.3108910891089109e-07,26799,,,,,,,,,
88,,,,,,,,,,26799,0.010397332720458508,,,,,,,,
,,,,,,,,,2.3075907590759076e-07,26804,,,,,,,,,
88,,,,,,,,,,26804,0.04259355366230011,,,,,,,,
,,,,,,,,,2.3042904290429041e-07,26809,,,,,,,,,
88,,,,,,,,,,26809,0.025699660181999207,,,,,,,,
,,,,,,,,,2.300990099009901e-07,26814,,,,,,,,,
88,,,,,,,,,,26814,0.006315753795206547,,,,,,,,
,,,,,,,,,2.2976897689768977e-07,26819,,,,,,,,,
88,,,,,,,,,,26819,0.01693122088909149,,,,,,,,
,,,,,,,,,2.2943894389438942e-07,26824,,,,,,,,,
88,,,,,,,,,,26824,0.003562911879271269,,,,,,,,
,,,,,,,,,2.291089108910891e-07,26829,,,,,,,,,
88,,,,,,,,,,26829,0.010605297051370144,,,,,,,,
,,,,,,,,,2.2877887788778878e-07,26834,,,,,,,,,
88,,,,,,,,,,26834,0.005256932228803635,,,,,,,,
,,,,,,,,,2.2844884488448843e-07,26839,,,,,,,,,
88,,,,,,,,,,26839,0.01045337412506342,,,,,,,,
,,,,,,,,,2.281188118811881e-07,26844,,,,,,,,,
88,,,,,,,,,,26844,0.02037026360630989,,,,,,,,
,,,,,,,,,2.2778877887788778e-07,26849,,,,,,,,,
88,,,,,,,,,,26849,0.005121143534779549,,,,,,,,
,,,,,,,,,2.2745874587458743e-07,26854,,,,,,,,,
88,,,,,,,,,,26854,0.009472018107771873,,,,,,,,
,,,,,,,,,2.2712871287128714e-07,26859,,,,,,,,,
88,,,,,,,,,,26859,0.00421228539198637,,,,,,,,
,,,,,,,,,2.267986798679868e-07,26864,,,,,,,,,
88,,,,,,,,,,26864,0.007243370171636343,,,,,,,,
,,,,,,,,,2.2646864686468644e-07,26869,,,,,,,,,
88,,,,,,,,,,26869,0.00975179485976696,,,,,,,,
,,,,,,,,,2.2613861386138614e-07,26874,,,,,,,,,
88,,,,,,,,,,26874,0.003196896519511938,,,,,,,,
,,,,,,,,,2.258085808580858e-07,26879,,,,,,,,,
88,,,,,,,,,,26879,0.025995908305048943,,,,,,,,
,,,,,,,,,2.2547854785478544e-07,26884,,,,,,,,,
88,,,,,,,,,,26884,0.0409211739897728,,,,,,,,
,,,,,,,,,2.2514851485148515e-07,26889,,,,,,,,,
88,,,,,,,,,,26889,0.015146829187870026,,,,,,,,
,,,,,,,,,2.248184818481848e-07,26894,,,,,,,,,
88,,,,,,,,,,26894,0.02242007479071617,,,,,,,,
,,,,,,,,,2.2448844884488448e-07,26899,,,,,,,,,
88,,,,,,,,,,26899,0.007921689189970493,,,,,,,,
,,,,,,,,,2.2415841584158415e-07,26904,,,,,,,,,
88,,,,,,,,,,26904,0.0011413396568968892,,,,,,,,
,,,,,,,,,2.238283828382838e-07,26909,,,,,,,,,
88,,,,,,,,,,26909,0.003403410082682967,,,,,,,,
,,,,,,,,,2.234983498349835e-07,26914,,,,,,,,,
88,,,,,,,,,,26914,0.010752961039543152,,,,,,,,
,,,,,,,,,2.2316831683168316e-07,26919,,,,,,,,,
88,,,,,,,,,,26919,0.005974330939352512,,,,,,,,
,,,,,,,,,2.228382838283828e-07,26924,,,,,,,,,
88,,,,,,,,,,26924,0.025054270401597023,,,,,,,,
,,,,,,,,,2.2250825082508252e-07,26929,,,,,,,,,
88,,,,,,,,,,26929,0.007246946915984154,,,,,,,,
,,,,,,,,,2.2217821782178217e-07,26934,,,,,,,,,
88,,,,,,,,,,26934,0.02639932557940483,,,,,,,,
,,,,,,,,,2.2184818481848184e-07,26939,,,,,,,,,
88,,,,,,,,,,26939,0.02601834572851658,,,,,,,,
,,,,,,,,,2.2151815181518152e-07,26944,,,,,,,,,
88,,,,,,,,,,26944,0.01142824999988079,,,,,,,,
,,,,,,,,,2.2118811881188117e-07,26949,,,,,,,,,
88,,,,,,,,,,26949,0.009189203381538391,,,,,,,,
,,,,,,,,,2.2085808580858085e-07,26954,,,,,,,,,
88,,,,,,,,,,26954,0.015438606962561607,,,,,,,,
,,,,,,,,,2.2052805280528053e-07,26959,,,,,,,,,
88,,,,,,,,,,26959,0.00695415074005723,,,,,,,,
,,,,,,,,,2.2019801980198018e-07,26964,,,,,,,,,
88,,,,,,,,,,26964,0.022137658670544624,,,,,,,,
88,,,,,,,,,,26966,,0.6875,0.7311828136444092,0.08439145982265472,0.08439145982265472,0.42822492122650146,0.7083333134651184,0.7555555701255798,0.42953288555145264
,,,,,,,,,2.1986798679867986e-07,26969,,,,,,,,,
89,,,,,,,,,,26969,0.01631552167236805,,,,,,,,
,,,,,,,,,2.1953795379537953e-07,26974,,,,,,,,,
89,,,,,,,,,,26974,0.005025025922805071,,,,,,,,
,,,,,,,,,2.192079207920792e-07,26979,,,,,,,,,
89,,,,,,,,,,26979,0.040365442633628845,,,,,,,,
,,,,,,,,,2.1887788778877886e-07,26984,,,,,,,,,
89,,,,,,,,,,26984,0.0019106422550976276,,,,,,,,
,,,,,,,,,2.1854785478547854e-07,26989,,,,,,,,,
89,,,,,,,,,,26989,0.023076290264725685,,,,,,,,
,,,,,,,,,2.1821782178217822e-07,26994,,,,,,,,,
89,,,,,,,,,,26994,0.003936573397368193,,,,,,,,
,,,,,,,,,2.1788778877887787e-07,26999,,,,,,,,,
89,,,,,,,,,,26999,0.005972924176603556,,,,,,,,
,,,,,,,,,2.1755775577557755e-07,27004,,,,,,,,,
89,,,,,,,,,,27004,0.002621839754283428,,,,,,,,
,,,,,,,,,2.1722772277227722e-07,27009,,,,,,,,,
89,,,,,,,,,,27009,0.012232593260705471,,,,,,,,
,,,,,,,,,2.1689768976897687e-07,27014,,,,,,,,,
89,,,,,,,,,,27014,0.022286390885710716,,,,,,,,
,,,,,,,,,2.1656765676567658e-07,27019,,,,,,,,,
89,,,,,,,,,,27019,0.017427828162908554,,,,,,,,
,,,,,,,,,2.1623762376237623e-07,27024,,,,,,,,,
89,,,,,,,,,,27024,0.019779713824391365,,,,,,,,
,,,,,,,,,2.1590759075907588e-07,27029,,,,,,,,,
89,,,,,,,,,,27029,0.04466807469725609,,,,,,,,
,,,,,,,,,2.1557755775577558e-07,27034,,,,,,,,,
89,,,,,,,,,,27034,0.006986415013670921,,,,,,,,
,,,,,,,,,2.1524752475247523e-07,27039,,,,,,,,,
89,,,,,,,,,,27039,0.034373000264167786,,,,,,,,
,,,,,,,,,2.1491749174917489e-07,27044,,,,,,,,,
89,,,,,,,,,,27044,0.007562736049294472,,,,,,,,
,,,,,,,,,2.145874587458746e-07,27049,,,,,,,,,
89,,,,,,,,,,27049,0.021185336634516716,,,,,,,,
,,,,,,,,,2.1425742574257424e-07,27054,,,,,,,,,
89,,,,,,,,,,27054,0.011263641528785229,,,,,,,,
,,,,,,,,,2.139273927392739e-07,27059,,,,,,,,,
89,,,,,,,,,,27059,0.01978078857064247,,,,,,,,
,,,,,,,,,2.135973597359736e-07,27064,,,,,,,,,
89,,,,,,,,,,27064,0.010770472697913647,,,,,,,,
,,,,,,,,,2.1326732673267325e-07,27069,,,,,,,,,
89,,,,,,,,,,27069,0.012082042172551155,,,,,,,,
,,,,,,,,,2.1293729372937295e-07,27074,,,,,,,,,
89,,,,,,,,,,27074,0.029099278151988983,,,,,,,,
,,,,,,,,,2.126072607260726e-07,27079,,,,,,,,,
89,,,,,,,,,,27079,0.02675090730190277,,,,,,,,
,,,,,,,,,2.1227722772277225e-07,27084,,,,,,,,,
89,,,,,,,,,,27084,0.0084692956879735,,,,,,,,
,,,,,,,,,2.1194719471947196e-07,27089,,,,,,,,,
89,,,,,,,,,,27089,0.00938804354518652,,,,,,,,
,,,,,,,,,2.116171617161716e-07,27094,,,,,,,,,
89,,,,,,,,,,27094,0.006748987827450037,,,,,,,,
,,,,,,,,,2.1128712871287126e-07,27099,,,,,,,,,
89,,,,,,,,,,27099,0.003460249397903681,,,,,,,,
,,,,,,,,,2.1095709570957096e-07,27104,,,,,,,,,
89,,,,,,,,,,27104,0.002959985751658678,,,,,,,,
,,,,,,,,,2.1062706270627061e-07,27109,,,,,,,,,
89,,,,,,,,,,27109,0.030498038977384567,,,,,,,,
,,,,,,,,,2.102970297029703e-07,27114,,,,,,,,,
89,,,,,,,,,,27114,0.03224989399313927,,,,,,,,
,,,,,,,,,2.0996699669966997e-07,27119,,,,,,,,,
89,,,,,,,,,,27119,0.004079179372638464,,,,,,,,
,,,,,,,,,2.0963696369636962e-07,27124,,,,,,,,,
89,,,,,,,,,,27124,0.039822421967983246,,,,,,,,
,,,,,,,,,2.093069306930693e-07,27129,,,,,,,,,
89,,,,,,,,,,27129,0.029400968924164772,,,,,,,,
,,,,,,,,,2.0897689768976897e-07,27134,,,,,,,,,
89,,,,,,,,,,27134,0.014533009380102158,,,,,,,,
,,,,,,,,,2.0864686468646863e-07,27139,,,,,,,,,
89,,,,,,,,,,27139,0.007626619655638933,,,,,,,,
,,,,,,,,,2.083168316831683e-07,27144,,,,,,,,,
89,,,,,,,,,,27144,0.010137524455785751,,,,,,,,
,,,,,,,,,2.0798679867986798e-07,27149,,,,,,,,,
89,,,,,,,,,,27149,0.03507694602012634,,,,,,,,
,,,,,,,,,2.0765676567656766e-07,27154,,,,,,,,,
89,,,,,,,,,,27154,0.024539534002542496,,,,,,,,
,,,,,,,,,2.073267326732673e-07,27159,,,,,,,,,
89,,,,,,,,,,27159,0.014688367955386639,,,,,,,,
,,,,,,,,,2.06996699669967e-07,27164,,,,,,,,,
89,,,,,,,,,,27164,0.013012342154979706,,,,,,,,
,,,,,,,,,2.0666666666666666e-07,27169,,,,,,,,,
89,,,,,,,,,,27169,0.026000041514635086,,,,,,,,
,,,,,,,,,2.0633663366336632e-07,27174,,,,,,,,,
89,,,,,,,,,,27174,0.014522911980748177,,,,,,,,
,,,,,,,,,2.06006600660066e-07,27179,,,,,,,,,
89,,,,,,,,,,27179,0.006382374092936516,,,,,,,,
,,,,,,,,,2.0567656765676567e-07,27184,,,,,,,,,
89,,,,,,,,,,27184,0.005626970902085304,,,,,,,,
,,,,,,,,,2.0534653465346532e-07,27189,,,,,,,,,
89,,,,,,,,,,27189,0.013391810469329357,,,,,,,,
,,,,,,,,,2.0501650165016503e-07,27194,,,,,,,,,
89,,,,,,,,,,27194,0.027654457837343216,,,,,,,,
,,,,,,,,,2.0468646864686468e-07,27199,,,,,,,,,
89,,,,,,,,,,27199,0.010812163352966309,,,,,,,,
,,,,,,,,,2.0435643564356433e-07,27204,,,,,,,,,
89,,,,,,,,,,27204,0.0051744659431278706,,,,,,,,
,,,,,,,,,2.0402640264026403e-07,27209,,,,,,,,,
89,,,,,,,,,,27209,0.003488515503704548,,,,,,,,
,,,,,,,,,2.0369636963696368e-07,27214,,,,,,,,,
89,,,,,,,,,,27214,0.006473994813859463,,,,,,,,
,,,,,,,,,2.0336633663366333e-07,27219,,,,,,,,,
89,,,,,,,,,,27219,0.0007888395921327174,,,,,,,,
,,,,,,,,,2.0303630363036304e-07,27224,,,,,,,,,
89,,,,,,,,,,27224,0.0065986900590360165,,,,,,,,
,,,,,,,,,2.027062706270627e-07,27229,,,,,,,,,
89,,,,,,,,,,27229,0.012624754570424557,,,,,,,,
,,,,,,,,,2.023762376237624e-07,27234,,,,,,,,,
89,,,,,,,,,,27234,0.00717097707092762,,,,,,,,
,,,,,,,,,2.0204620462046204e-07,27239,,,,,,,,,
89,,,,,,,,,,27239,0.011751475743949413,,,,,,,,
,,,,,,,,,2.017161716171617e-07,27244,,,,,,,,,
89,,,,,,,,,,27244,0.05468267574906349,,,,,,,,
,,,,,,,,,2.013861386138614e-07,27249,,,,,,,,,
89,,,,,,,,,,27249,0.016945065930485725,,,,,,,,
,,,,,,,,,2.0105610561056105e-07,27254,,,,,,,,,
89,,,,,,,,,,27254,0.02158007025718689,,,,,,,,
,,,,,,,,,2.007260726072607e-07,27259,,,,,,,,,
89,,,,,,,,,,27259,0.006383865140378475,,,,,,,,
,,,,,,,,,2.003960396039604e-07,27264,,,,,,,,,
89,,,,,,,,,,27264,0.016141649335622787,,,,,,,,
,,,,,,,,,2.0006600660066006e-07,27269,,,,,,,,,
89,,,,,,,,,,27269,0.02854628674685955,,,,,,,,
89,,,,,,,,,,27269,,0.6875,0.7311828136444092,0.08478138595819473,0.08478138595819473,0.4279579222202301,0.7083333134651184,0.7555555701255798,0.42659085988998413
,,,,,,,,,1.997359735973597e-07,27274,,,,,,,,,
90,,,,,,,,,,27274,0.02476416900753975,,,,,,,,
,,,,,,,,,1.994059405940594e-07,27279,,,,,,,,,
90,,,,,,,,,,27279,0.02425200864672661,,,,,,,,
,,,,,,,,,1.9907590759075906e-07,27284,,,,,,,,,
90,,,,,,,,,,27284,0.021374326199293137,,,,,,,,
,,,,,,,,,1.9874587458745874e-07,27289,,,,,,,,,
90,,,,,,,,,,27289,0.008510769344866276,,,,,,,,
,,,,,,,,,1.9841584158415842e-07,27294,,,,,,,,,
90,,,,,,,,,,27294,0.012139680795371532,,,,,,,,
,,,,,,,,,1.9808580858085807e-07,27299,,,,,,,,,
90,,,,,,,,,,27299,0.009085100144147873,,,,,,,,
,,,,,,,,,1.9775577557755774e-07,27304,,,,,,,,,
90,,,,,,,,,,27304,0.029411939904093742,,,,,,,,
,,,,,,,,,1.9742574257425742e-07,27309,,,,,,,,,
90,,,,,,,,,,27309,0.009579336270689964,,,,,,,,
,,,,,,,,,1.9709570957095707e-07,27314,,,,,,,,,
90,,,,,,,,,,27314,0.018032198771834373,,,,,,,,
,,,,,,,,,1.9676567656765675e-07,27319,,,,,,,,,
90,,,,,,,,,,27319,0.00370347429998219,,,,,,,,
,,,,,,,,,1.9643564356435643e-07,27324,,,,,,,,,
90,,,,,,,,,,27324,0.0020265376660972834,,,,,,,,
,,,,,,,,,1.961056105610561e-07,27329,,,,,,,,,
90,,,,,,,,,,27329,0.004348059184849262,,,,,,,,
,,,,,,,,,1.9577557755775576e-07,27334,,,,,,,,,
90,,,,,,,,,,27334,0.01686360128223896,,,,,,,,
,,,,,,,,,1.9544554455445543e-07,27339,,,,,,,,,
90,,,,,,,,,,27339,0.005939362104982138,,,,,,,,
,,,,,,,,,1.951155115511551e-07,27344,,,,,,,,,
90,,,,,,,,,,27344,0.01981859654188156,,,,,,,,
,,,,,,,,,1.9478547854785476e-07,27349,,,,,,,,,
90,,,,,,,,,,27349,0.003412398975342512,,,,,,,,
,,,,,,,,,1.9445544554455444e-07,27354,,,,,,,,,
90,,,,,,,,,,27354,0.004218000452965498,,,,,,,,
,,,,,,,,,1.9412541254125412e-07,27359,,,,,,,,,
90,,,,,,,,,,27359,0.02633201703429222,,,,,,,,
,,,,,,,,,1.9379537953795377e-07,27364,,,,,,,,,
90,,,,,,,,,,27364,0.03760647401213646,,,,,,,,
,,,,,,,,,1.9346534653465347e-07,27369,,,,,,,,,
90,,,,,,,,,,27369,0.011134473606944084,,,,,,,,
,,,,,,,,,1.9313531353135312e-07,27374,,,,,,,,,
90,,,,,,,,,,27374,0.015453689731657505,,,,,,,,
,,,,,,,,,1.9280528052805278e-07,27379,,,,,,,,,
90,,,,,,,,,,27379,0.0038660885766148567,,,,,,,,
,,,,,,,,,1.9247524752475248e-07,27384,,,,,,,,,
90,,,,,,,,,,27384,0.013000273145735264,,,,,,,,
,,,,,,,,,1.9214521452145213e-07,27389,,,,,,,,,
90,,,,,,,,,,27389,0.009413601830601692,,,,,,,,
,,,,,,,,,1.918151815181518e-07,27394,,,,,,,,,
90,,,,,,,,,,27394,0.010259203612804413,,,,,,,,
,,,,,,,,,1.9148514851485149e-07,27399,,,,,,,,,
90,,,,,,,,,,27399,0.01200919970870018,,,,,,,,
,,,,,,,,,1.9115511551155114e-07,27404,,,,,,,,,
90,,,,,,,,,,27404,0.013053221628069878,,,,,,,,
,,,,,,,,,1.9082508250825084e-07,27409,,,,,,,,,
90,,,,,,,,,,27409,0.01947120949625969,,,,,,,,
,,,,,,,,,1.904950495049505e-07,27414,,,,,,,,,
90,,,,,,,,,,27414,0.012524455785751343,,,,,,,,
,,,,,,,,,1.9016501650165014e-07,27419,,,,,,,,,
90,,,,,,,,,,27419,0.015356707386672497,,,,,,,,
,,,,,,,,,1.8983498349834985e-07,27424,,,,,,,,,
90,,,,,,,,,,27424,0.011892030946910381,,,,,,,,
,,,,,,,,,1.895049504950495e-07,27429,,,,,,,,,
90,,,,,,,,,,27429,0.02250257320702076,,,,,,,,
,,,,,,,,,1.8917491749174915e-07,27434,,,,,,,,,
90,,,,,,,,,,27434,0.0027526048943400383,,,,,,,,
,,,,,,,,,1.8884488448844885e-07,27439,,,,,,,,,
90,,,,,,,,,,27439,0.003341961419209838,,,,,,,,
,,,,,,,,,1.885148514851485e-07,27444,,,,,,,,,
90,,,,,,,,,,27444,0.00962287187576294,,,,,,,,
,,,,,,,,,1.8818481848184818e-07,27449,,,,,,,,,
90,,,,,,,,,,27449,0.019378749653697014,,,,,,,,
,,,,,,,,,1.8785478547854786e-07,27454,,,,,,,,,
90,,,,,,,,,,27454,0.015833716839551926,,,,,,,,
,,,,,,,,,1.875247524752475e-07,27459,,,,,,,,,
90,,,,,,,,,,27459,0.01564009301364422,,,,,,,,
,,,,,,,,,1.8719471947194719e-07,27464,,,,,,,,,
90,,,,,,,,,,27464,0.006372785195708275,,,,,,,,
,,,,,,,,,1.8686468646864686e-07,27469,,,,,,,,,
90,,,,,,,,,,27469,0.008445237763226032,,,,,,,,
,,,,,,,,,1.8653465346534652e-07,27474,,,,,,,,,
90,,,,,,,,,,27474,0.003918629139661789,,,,,,,,
,,,,,,,,,1.862046204620462e-07,27479,,,,,,,,,
90,,,,,,,,,,27479,0.015311893075704575,,,,,,,,
,,,,,,,,,1.8587458745874587e-07,27484,,,,,,,,,
90,,,,,,,,,,27484,0.05378197133541107,,,,,,,,
,,,,,,,,,1.8554455445544555e-07,27489,,,,,,,,,
90,,,,,,,,,,27489,0.002935656812041998,,,,,,,,
,,,,,,,,,1.852145214521452e-07,27494,,,,,,,,,
90,,,,,,,,,,27494,0.0033746615517884493,,,,,,,,
,,,,,,,,,1.8488448844884488e-07,27499,,,,,,,,,
90,,,,,,,,,,27499,0.010871632024645805,,,,,,,,
,,,,,,,,,1.8455445544554455e-07,27504,,,,,,,,,
90,,,,,,,,,,27504,0.006363460328429937,,,,,,,,
,,,,,,,,,1.842244224422442e-07,27509,,,,,,,,,
90,,,,,,,,,,27509,0.0036747439298778772,,,,,,,,
,,,,,,,,,1.8389438943894388e-07,27514,,,,,,,,,
90,,,,,,,,,,27514,0.0021062963642179966,,,,,,,,
,,,,,,,,,1.8356435643564356e-07,27519,,,,,,,,,
90,,,,,,,,,,27519,0.004960980266332626,,,,,,,,
,,,,,,,,,1.832343234323432e-07,27524,,,,,,,,,
90,,,,,,,,,,27524,0.015119320712983608,,,,,,,,
,,,,,,,,,1.829042904290429e-07,27529,,,,,,,,,
90,,,,,,,,,,27529,0.004958761390298605,,,,,,,,
,,,,,,,,,1.8257425742574257e-07,27534,,,,,,,,,
90,,,,,,,,,,27534,0.008944924920797348,,,,,,,,
,,,,,,,,,1.8224422442244224e-07,27539,,,,,,,,,
90,,,,,,,,,,27539,0.014457972720265388,,,,,,,,
,,,,,,,,,1.8191419141914192e-07,27544,,,,,,,,,
90,,,,,,,,,,27544,0.019988643005490303,,,,,,,,
,,,,,,,,,1.8158415841584157e-07,27549,,,,,,,,,
90,,,,,,,,,,27549,0.0040984246879816055,,,,,,,,
,,,,,,,,,1.8125412541254125e-07,27554,,,,,,,,,
90,,,,,,,,,,27554,0.0047832452692091465,,,,,,,,
,,,,,,,,,1.8092409240924093e-07,27559,,,,,,,,,
90,,,,,,,,,,27559,0.01852082833647728,,,,,,,,
,,,,,,,,,1.8059405940594058e-07,27564,,,,,,,,,
90,,,,,,,,,,27564,0.007093274034559727,,,,,,,,
,,,,,,,,,1.8026402640264026e-07,27569,,,,,,,,,
90,,,,,,,,,,27569,0.055497393012046814,,,,,,,,
90,,,,,,,,,,27572,,0.6937500238418579,0.7351351380348206,0.08444751799106598,0.08444751799106598,0.4269656240940094,0.7157894968986511,0.7555555701255798,0.4278711974620819
,,,,,,,,,1.7993399339933993e-07,27574,,,,,,,,,
91,,,,,,,,,,27574,0.008136563003063202,,,,,,,,
,,,,,,,,,1.7960396039603958e-07,27579,,,,,,,,,
91,,,,,,,,,,27579,0.007532683201134205,,,,,,,,
,,,,,,,,,1.792739273927393e-07,27584,,,,,,,,,
91,,,,,,,,,,27584,0.011796972714364529,,,,,,,,
,,,,,,,,,1.7894389438943894e-07,27589,,,,,,,,,
91,,,,,,,,,,27589,0.011501920409500599,,,,,,,,
,,,,,,,,,1.786138613861386e-07,27594,,,,,,,,,
91,,,,,,,,,,27594,0.004661397077143192,,,,,,,,
,,,,,,,,,1.782838283828383e-07,27599,,,,,,,,,
91,,,,,,,,,,27599,0.004384927451610565,,,,,,,,
,,,,,,,,,1.7795379537953794e-07,27604,,,,,,,,,
91,,,,,,,,,,27604,0.009459572844207287,,,,,,,,
,,,,,,,,,1.776237623762376e-07,27609,,,,,,,,,
91,,,,,,,,,,27609,0.0038269299548119307,,,,,,,,
,,,,,,,,,1.772937293729373e-07,27614,,,,,,,,,
91,,,,,,,,,,27614,0.01301105972379446,,,,,,,,
,,,,,,,,,1.7696369636963695e-07,27619,,,,,,,,,
91,,,,,,,,,,27619,0.01435065921396017,,,,,,,,
,,,,,,,,,1.7663366336633663e-07,27624,,,,,,,,,
91,,,,,,,,,,27624,0.01174138579517603,,,,,,,,
,,,,,,,,,1.763036303630363e-07,27629,,,,,,,,,
91,,,,,,,,,,27629,0.014867639169096947,,,,,,,,
,,,,,,,,,1.7597359735973596e-07,27634,,,,,,,,,
91,,,,,,,,,,27634,0.002746949205175042,,,,,,,,
,,,,,,,,,1.7564356435643563e-07,27639,,,,,,,,,
91,,,,,,,,,,27639,0.009083213284611702,,,,,,,,
,,,,,,,,,1.753135313531353e-07,27644,,,,,,,,,
91,,,,,,,,,,27644,0.004279733169823885,,,,,,,,
,,,,,,,,,1.7498349834983496e-07,27649,,,,,,,,,
91,,,,,,,,,,27649,0.032321322709321976,,,,,,,,
,,,,,,,,,1.7465346534653464e-07,27654,,,,,,,,,
91,,,,,,,,,,27654,0.014846574515104294,,,,,,,,
,,,,,,,,,1.7432343234323432e-07,27659,,,,,,,,,
91,,,,,,,,,,27659,0.01430393848568201,,,,,,,,
,,,,,,,,,1.73993399339934e-07,27664,,,,,,,,,
91,,,,,,,,,,27664,0.02730933390557766,,,,,,,,
,,,,,,,,,1.7366336633663365e-07,27669,,,,,,,,,
91,,,,,,,,,,27669,0.00886163953691721,,,,,,,,
,,,,,,,,,1.7333333333333332e-07,27674,,,,,,,,,
91,,,,,,,,,,27674,0.01856917329132557,,,,,,,,
,,,,,,,,,1.73003300330033e-07,27679,,,,,,,,,
91,,,,,,,,,,27679,0.006776918191462755,,,,,,,,
,,,,,,,,,1.7267326732673265e-07,27684,,,,,,,,,
91,,,,,,,,,,27684,0.00919991172850132,,,,,,,,
,,,,,,,,,1.7234323432343233e-07,27689,,,,,,,,,
91,,,,,,,,,,27689,0.0014854278415441513,,,,,,,,
,,,,,,,,,1.72013201320132e-07,27694,,,,,,,,,
91,,,,,,,,,,27694,0.027835523709654808,,,,,,,,
,,,,,,,,,1.7168316831683168e-07,27699,,,,,,,,,
91,,,,,,,,,,27699,0.03393670171499252,,,,,,,,
,,,,,,,,,1.7135313531353136e-07,27704,,,,,,,,,
91,,,,,,,,,,27704,0.005350763909518719,,,,,,,,
,,,,,,,,,1.7102310231023101e-07,27709,,,,,,,,,
91,,,,,,,,,,27709,0.012074664235115051,,,,,,,,
,,,,,,,,,1.706930693069307e-07,27714,,,,,,,,,
91,,,,,,,,,,27714,0.07228656113147736,,,,,,,,
,,,,,,,,,1.7036303630363037e-07,27719,,,,,,,,,
91,,,,,,,,,,27719,0.005762070417404175,,,,,,,,
,,,,,,,,,1.7003300330033002e-07,27724,,,,,,,,,
91,,,,,,,,,,27724,0.01711900718510151,,,,,,,,
,,,,,,,,,1.697029702970297e-07,27729,,,,,,,,,
91,,,,,,,,,,27729,0.007061243522912264,,,,,,,,
,,,,,,,,,1.6937293729372937e-07,27734,,,,,,,,,
91,,,,,,,,,,27734,0.0070376917719841,,,,,,,,
,,,,,,,,,1.6904290429042903e-07,27739,,,,,,,,,
91,,,,,,,,,,27739,0.011430863291025162,,,,,,,,
,,,,,,,,,1.6871287128712873e-07,27744,,,,,,,,,
91,,,,,,,,,,27744,0.02509959042072296,,,,,,,,
,,,,,,,,,1.6838283828382838e-07,27749,,,,,,,,,
91,,,,,,,,,,27749,0.009603631682693958,,,,,,,,
,,,,,,,,,1.6805280528052803e-07,27754,,,,,,,,,
91,,,,,,,,,,27754,0.004659299738705158,,,,,,,,
,,,,,,,,,1.6772277227722774e-07,27759,,,,,,,,,
91,,,,,,,,,,27759,0.014892006292939186,,,,,,,,
,,,,,,,,,1.6739273927392739e-07,27764,,,,,,,,,
91,,,,,,,,,,27764,0.012354915961623192,,,,,,,,
,,,,,,,,,1.6706270627062704e-07,27769,,,,,,,,,
91,,,,,,,,,,27769,0.012288281694054604,,,,,,,,
,,,,,,,,,1.6673267326732674e-07,27774,,,,,,,,,
91,,,,,,,,,,27774,0.009613403119146824,,,,,,,,
,,,,,,,,,1.664026402640264e-07,27779,,,,,,,,,
91,,,,,,,,,,27779,0.009622767567634583,,,,,,,,
,,,,,,,,,1.6607260726072604e-07,27784,,,,,,,,,
91,,,,,,,,,,27784,0.004577873274683952,,,,,,,,
,,,,,,,,,1.6574257425742575e-07,27789,,,,,,,,,
91,,,,,,,,,,27789,0.02474517747759819,,,,,,,,
,,,,,,,,,1.654125412541254e-07,27794,,,,,,,,,
91,,,,,,,,,,27794,0.008449518121778965,,,,,,,,
,,,,,,,,,1.6508250825082508e-07,27799,,,,,,,,,
91,,,,,,,,,,27799,0.025667553767561913,,,,,,,,
,,,,,,,,,1.6475247524752475e-07,27804,,,,,,,,,
91,,,,,,,,,,27804,0.02263668365776539,,,,,,,,
,,,,,,,,,1.644224422442244e-07,27809,,,,,,,,,
91,,,,,,,,,,27809,0.009008174762129784,,,,,,,,
,,,,,,,,,1.6409240924092408e-07,27814,,,,,,,,,
91,,,,,,,,,,27814,0.019387314096093178,,,,,,,,
,,,,,,,,,1.6376237623762376e-07,27819,,,,,,,,,
91,,,,,,,,,,27819,0.013904917985200882,,,,,,,,
,,,,,,,,,1.634323432343234e-07,27824,,,,,,,,,
91,,,,,,,,,,27824,0.005962119437754154,,,,,,,,
,,,,,,,,,1.631023102310231e-07,27829,,,,,,,,,
91,,,,,,,,,,27829,0.008748093619942665,,,,,,,,
,,,,,,,,,1.6277227722772277e-07,27834,,,,,,,,,
91,,,,,,,,,,27834,0.007966306991875172,,,,,,,,
,,,,,,,,,1.6244224422442244e-07,27839,,,,,,,,,
91,,,,,,,,,,27839,0.0033482874277979136,,,,,,,,
,,,,,,,,,1.621122112211221e-07,27844,,,,,,,,,
91,,,,,,,,,,27844,0.010127292945981026,,,,,,,,
,,,,,,,,,1.6178217821782177e-07,27849,,,,,,,,,
91,,,,,,,,,,27849,0.0030689984560012817,,,,,,,,
,,,,,,,,,1.6145214521452145e-07,27854,,,,,,,,,
91,,,,,,,,,,27854,0.015815675258636475,,,,,,,,
,,,,,,,,,1.6112211221122113e-07,27859,,,,,,,,,
91,,,,,,,,,,27859,0.004138892516493797,,,,,,,,
,,,,,,,,,1.6079207920792078e-07,27864,,,,,,,,,
91,,,,,,,,,,27864,0.0057123079895973206,,,,,,,,
,,,,,,,,,1.6046204620462045e-07,27869,,,,,,,,,
91,,,,,,,,,,27869,0.013814731501042843,,,,,,,,
,,,,,,,,,1.6013201320132013e-07,27874,,,,,,,,,
91,,,,,,,,,,27874,0.022107386961579323,,,,,,,,
91,,,,,,,,,,27875,,0.6875,0.7311828136444092,0.08479995280504227,0.08479995280504227,0.42582571506500244,0.7083333134651184,0.7555555701255798,0.4273417592048645
,,,,,,,,,1.598019801980198e-07,27879,,,,,,,,,
92,,,,,,,,,,27879,0.0149312075227499,,,,,,,,
,,,,,,,,,1.5947194719471946e-07,27884,,,,,,,,,
92,,,,,,,,,,27884,0.002637644065544009,,,,,,,,
,,,,,,,,,1.5914191419141914e-07,27889,,,,,,,,,
92,,,,,,,,,,27889,0.007382365874946117,,,,,,,,
,,,,,,,,,1.5881188118811882e-07,27894,,,,,,,,,
92,,,,,,,,,,27894,0.0027074713725596666,,,,,,,,
,,,,,,,,,1.5848184818481847e-07,27899,,,,,,,,,
92,,,,,,,,,,27899,0.010882001370191574,,,,,,,,
,,,,,,,,,1.5815181518151814e-07,27904,,,,,,,,,
92,,,,,,,,,,27904,0.0029059804510325193,,,,,,,,
,,,,,,,,,1.5782178217821782e-07,27909,,,,,,,,,
92,,,,,,,,,,27909,0.012173871509730816,,,,,,,,
,,,,,,,,,1.5749174917491747e-07,27914,,,,,,,,,
92,,,,,,,,,,27914,0.022848088294267654,,,,,,,,
,,,,,,,,,1.5716171617161718e-07,27919,,,,,,,,,
92,,,,,,,,,,27919,0.0095370477065444,,,,,,,,
,,,,,,,,,1.5683168316831683e-07,27924,,,,,,,,,
92,,,,,,,,,,27924,0.015999889001250267,,,,,,,,
,,,,,,,,,1.5650165016501648e-07,27929,,,,,,,,,
92,,,,,,,,,,27929,0.024729222059249878,,,,,,,,
,,,,,,,,,1.5617161716171618e-07,27934,,,,,,,,,
92,,,,,,,,,,27934,0.006734048016369343,,,,,,,,
,,,,,,,,,1.5584158415841583e-07,27939,,,,,,,,,
92,,,,,,,,,,27939,0.012433762662112713,,,,,,,,
,,,,,,,,,1.5551155115511548e-07,27944,,,,,,,,,
92,,,,,,,,,,27944,0.012584798038005829,,,,,,,,
,,,,,,,,,1.551815181518152e-07,27949,,,,,,,,,
92,,,,,,,,,,27949,0.03510146215558052,,,,,,,,
,,,,,,,,,1.5485148514851484e-07,27954,,,,,,,,,
92,,,,,,,,,,27954,0.003419233486056328,,,,,,,,
,,,,,,,,,1.545214521452145e-07,27959,,,,,,,,,
92,,,,,,,,,,27959,0.008618575520813465,,,,,,,,
,,,,,,,,,1.541914191419142e-07,27964,,,,,,,,,
92,,,,,,,,,,27964,0.0025994041934609413,,,,,,,,
,,,,,,,,,1.5386138613861385e-07,27969,,,,,,,,,
92,,,,,,,,,,27969,0.0195391196757555,,,,,,,,
,,,,,,,,,1.5353135313531352e-07,27974,,,,,,,,,
92,,,,,,,,,,27974,0.004044349305331707,,,,,,,,
,,,,,,,,,1.532013201320132e-07,27979,,,,,,,,,
92,,,,,,,,,,27979,0.00973984319716692,,,,,,,,
,,,,,,,,,1.5287128712871285e-07,27984,,,,,,,,,
92,,,,,,,,,,27984,0.016256676986813545,,,,,,,,
,,,,,,,,,1.5254125412541253e-07,27989,,,,,,,,,
92,,,,,,,,,,27989,0.012798130512237549,,,,,,,,
,,,,,,,,,1.522112211221122e-07,27994,,,,,,,,,
92,,,,,,,,,,27994,0.008295130915939808,,,,,,,,
,,,,,,,,,1.5188118811881186e-07,27999,,,,,,,,,
92,,,,,,,,,,27999,0.02710726112127304,,,,,,,,
,,,,,,,,,1.5155115511551154e-07,28004,,,,,,,,,
92,,,,,,,,,,28004,0.010279949754476547,,,,,,,,
,,,,,,,,,1.512211221122112e-07,28009,,,,,,,,,
92,,,,,,,,,,28009,0.009469238109886646,,,,,,,,
,,,,,,,,,1.508910891089109e-07,28014,,,,,,,,,
92,,,,,,,,,,28014,0.02121446281671524,,,,,,,,
,,,,,,,,,1.5056105610561057e-07,28019,,,,,,,,,
92,,,,,,,,,,28019,0.00965388584882021,,,,,,,,
,,,,,,,,,1.5023102310231022e-07,28024,,,,,,,,,
92,,,,,,,,,,28024,0.02047288790345192,,,,,,,,
,,,,,,,,,1.499009900990099e-07,28029,,,,,,,,,
92,,,,,,,,,,28029,0.024170754477381706,,,,,,,,
,,,,,,,,,1.4957095709570957e-07,28034,,,,,,,,,
92,,,,,,,,,,28034,0.0043296595104038715,,,,,,,,
,,,,,,,,,1.4924092409240922e-07,28039,,,,,,,,,
92,,,,,,,,,,28039,0.011811921373009682,,,,,,,,
,,,,,,,,,1.489108910891089e-07,28044,,,,,,,,,
92,,,,,,,,,,28044,0.00808901246637106,,,,,,,,
,,,,,,,,,1.4858085808580858e-07,28049,,,,,,,,,
92,,,,,,,,,,28049,0.01171718630939722,,,,,,,,
,,,,,,,,,1.4825082508250826e-07,28054,,,,,,,,,
92,,,,,,,,,,28054,0.02388792484998703,,,,,,,,
,,,,,,,,,1.479207920792079e-07,28059,,,,,,,,,
92,,,,,,,,,,28059,0.011283368803560734,,,,,,,,
,,,,,,,,,1.4759075907590759e-07,28064,,,,,,,,,
92,,,,,,,,,,28064,0.014550738036632538,,,,,,,,
,,,,,,,,,1.4726072607260726e-07,28069,,,,,,,,,
92,,,,,,,,,,28069,0.010184054262936115,,,,,,,,
,,,,,,,,,1.4693069306930691e-07,28074,,,,,,,,,
92,,,,,,,,,,28074,0.011625101789832115,,,,,,,,
,,,,,,,,,1.466006600660066e-07,28079,,,,,,,,,
92,,,,,,,,,,28079,0.029293017461895943,,,,,,,,
,,,,,,,,,1.4627062706270627e-07,28084,,,,,,,,,
92,,,,,,,,,,28084,0.003056635381653905,,,,,,,,
,,,,,,,,,1.4594059405940592e-07,28089,,,,,,,,,
92,,,,,,,,,,28089,0.018293168395757675,,,,,,,,
,,,,,,,,,1.4561056105610562e-07,28094,,,,,,,,,
92,,,,,,,,,,28094,0.010557099245488644,,,,,,,,
,,,,,,,,,1.4528052805280528e-07,28099,,,,,,,,,
92,,,,,,,,,,28099,0.005832524970173836,,,,,,,,
,,,,,,,,,1.4495049504950493e-07,28104,,,,,,,,,
92,,,,,,,,,,28104,0.014980116859078407,,,,,,,,
,,,,,,,,,1.4462046204620463e-07,28109,,,,,,,,,
92,,,,,,,,,,28109,0.015558652579784393,,,,,,,,
,,,,,,,,,1.4429042904290428e-07,28114,,,,,,,,,
92,,,,,,,,,,28114,0.022961774840950966,,,,,,,,
,,,,,,,,,1.4396039603960393e-07,28119,,,,,,,,,
92,,,,,,,,,,28119,0.06048302724957466,,,,,,,,
,,,,,,,,,1.4363036303630364e-07,28124,,,,,,,,,
92,,,,,,,,,,28124,0.019086269661784172,,,,,,,,
,,,,,,,,,1.433003300330033e-07,28129,,,,,,,,,
92,,,,,,,,,,28129,0.06653521955013275,,,,,,,,
,,,,,,,,,1.4297029702970297e-07,28134,,,,,,,,,
92,,,,,,,,,,28134,0.002884796354919672,,,,,,,,
,,,,,,,,,1.4264026402640264e-07,28139,,,,,,,,,
92,,,,,,,,,,28139,0.008561910130083561,,,,,,,,
,,,,,,,,,1.423102310231023e-07,28144,,,,,,,,,
92,,,,,,,,,,28144,0.009526589885354042,,,,,,,,
,,,,,,,,,1.4198019801980197e-07,28149,,,,,,,,,
92,,,,,,,,,,28149,0.007762042339891195,,,,,,,,
,,,,,,,,,1.4165016501650165e-07,28154,,,,,,,,,
92,,,,,,,,,,28154,0.009686664678156376,,,,,,,,
,,,,,,,,,1.413201320132013e-07,28159,,,,,,,,,
92,,,,,,,,,,28159,0.018821651116013527,,,,,,,,
,,,,,,,,,1.4099009900990098e-07,28164,,,,,,,,,
92,,,,,,,,,,28164,0.006926792673766613,,,,,,,,
,,,,,,,,,1.4066006600660065e-07,28169,,,,,,,,,
92,,,,,,,,,,28169,0.008659827522933483,,,,,,,,
,,,,,,,,,1.403300330033003e-07,28174,,,,,,,,,
92,,,,,,,,,,28174,0.01451097708195448,,,,,,,,
92,,,,,,,,,,28178,,0.6875,0.7311828136444092,0.08493491262197495,0.08493491262197495,0.42716461420059204,0.7083333134651184,0.7555555701255798,0.42735350131988525
,,,,,,,,,1.4e-07,28179,,,,,,,,,
93,,,,,,,,,,28179,0.006977199576795101,,,,,,,,
,,,,,,,,,1.3966996699669966e-07,28184,,,,,,,,,
93,,,,,,,,,,28184,0.023940641433000565,,,,,,,,
,,,,,,,,,1.3933993399339934e-07,28189,,,,,,,,,
93,,,,,,,,,,28189,0.004475679248571396,,,,,,,,
,,,,,,,,,1.3900990099009902e-07,28194,,,,,,,,,
93,,,,,,,,,,28194,0.007363161537796259,,,,,,,,
,,,,,,,,,1.3867986798679867e-07,28199,,,,,,,,,
93,,,,,,,,,,28199,0.024267254397273064,,,,,,,,
,,,,,,,,,1.3834983498349834e-07,28204,,,,,,,,,
93,,,,,,,,,,28204,0.019610853865742683,,,,,,,,
,,,,,,,,,1.3801980198019802e-07,28209,,,,,,,,,
93,,,,,,,,,,28209,0.006277717184275389,,,,,,,,
,,,,,,,,,1.3768976897689767e-07,28214,,,,,,,,,
93,,,,,,,,,,28214,0.009269524365663528,,,,,,,,
,,,,,,,,,1.3735973597359735e-07,28219,,,,,,,,,
93,,,,,,,,,,28219,0.029616929590702057,,,,,,,,
,,,,,,,,,1.3702970297029703e-07,28224,,,,,,,,,
93,,,,,,,,,,28224,0.03142869472503662,,,,,,,,
,,,,,,,,,1.366996699669967e-07,28229,,,,,,,,,
93,,,,,,,,,,28229,0.011196081526577473,,,,,,,,
,,,,,,,,,1.3636963696369636e-07,28234,,,,,,,,,
93,,,,,,,,,,28234,0.004527439828962088,,,,,,,,
,,,,,,,,,1.3603960396039603e-07,28239,,,,,,,,,
93,,,,,,,,,,28239,0.016032209619879723,,,,,,,,
,,,,,,,,,1.357095709570957e-07,28244,,,,,,,,,
93,,,,,,,,,,28244,0.014258071780204773,,,,,,,,
,,,,,,,,,1.3537953795379536e-07,28249,,,,,,,,,
93,,,,,,,,,,28249,0.017537705600261688,,,,,,,,
,,,,,,,,,1.3504950495049504e-07,28254,,,,,,,,,
93,,,,,,,,,,28254,0.029538778588175774,,,,,,,,
,,,,,,,,,1.3471947194719472e-07,28259,,,,,,,,,
93,,,,,,,,,,28259,0.016479061916470528,,,,,,,,
,,,,,,,,,1.3438943894389437e-07,28264,,,,,,,,,
93,,,,,,,,,,28264,0.004793742671608925,,,,,,,,
,,,,,,,,,1.3405940594059407e-07,28269,,,,,,,,,
93,,,,,,,,,,28269,0.0073301889933645725,,,,,,,,
,,,,,,,,,1.3372937293729372e-07,28274,,,,,,,,,
93,,,,,,,,,,28274,0.0069819288328289986,,,,,,,,
,,,,,,,,,1.3339933993399337e-07,28279,,,,,,,,,
93,,,,,,,,,,28279,0.024421419948339462,,,,,,,,
,,,,,,,,,1.3306930693069308e-07,28284,,,,,,,,,
93,,,,,,,,,,28284,0.00875877682119608,,,,,,,,
,,,,,,,,,1.3273927392739273e-07,28289,,,,,,,,,
93,,,,,,,,,,28289,0.0037151826545596123,,,,,,,,
,,,,,,,,,1.3240924092409238e-07,28294,,,,,,,,,
93,,,,,,,,,,28294,0.0033572858665138483,,,,,,,,
,,,,,,,,,1.3207920792079208e-07,28299,,,,,,,,,
93,,,,,,,,,,28299,0.0018230616115033627,,,,,,,,
,,,,,,,,,1.3174917491749174e-07,28304,,,,,,,,,
93,,,,,,,,,,28304,0.0012052409583702683,,,,,,,,
,,,,,,,,,1.314191419141914e-07,28309,,,,,,,,,
93,,,,,,,,,,28309,0.004682561382651329,,,,,,,,
,,,,,,,,,1.310891089108911e-07,28314,,,,,,,,,
93,,,,,,,,,,28314,0.005582584533840418,,,,,,,,
,,,,,,,,,1.3075907590759074e-07,28319,,,,,,,,,
93,,,,,,,,,,28319,0.0071582794189453125,,,,,,,,
,,,,,,,,,1.3042904290429042e-07,28324,,,,,,,,,
93,,,,,,,,,,28324,0.0036936409305781126,,,,,,,,
,,,,,,,,,1.300990099009901e-07,28329,,,,,,,,,
93,,,,,,,,,,28329,0.012640448287129402,,,,,,,,
,,,,,,,,,1.2976897689768975e-07,28334,,,,,,,,,
93,,,,,,,,,,28334,0.011557464487850666,,,,,,,,
,,,,,,,,,1.2943894389438945e-07,28339,,,,,,,,,
93,,,,,,,,,,28339,0.034574322402477264,,,,,,,,
,,,,,,,,,1.291089108910891e-07,28344,,,,,,,,,
93,,,,,,,,,,28344,0.026323290541768074,,,,,,,,
,,,,,,,,,1.2877887788778878e-07,28349,,,,,,,,,
93,,,,,,,,,,28349,0.0070487018674612045,,,,,,,,
,,,,,,,,,1.2844884488448846e-07,28354,,,,,,,,,
93,,,,,,,,,,28354,0.013079952448606491,,,,,,,,
,,,,,,,,,1.281188118811881e-07,28359,,,,,,,,,
93,,,,,,,,,,28359,0.007016260176897049,,,,,,,,
,,,,,,,,,1.2778877887788779e-07,28364,,,,,,,,,
93,,,,,,,,,,28364,0.005416611209511757,,,,,,,,
,,,,,,,,,1.2745874587458746e-07,28369,,,,,,,,,
93,,,,,,,,,,28369,0.008356098085641861,,,,,,,,
,,,,,,,,,1.2712871287128711e-07,28374,,,,,,,,,
93,,,,,,,,,,28374,0.014293408952653408,,,,,,,,
,,,,,,,,,1.267986798679868e-07,28379,,,,,,,,,
93,,,,,,,,,,28379,0.029162192717194557,,,,,,,,
,,,,,,,,,1.2646864686468647e-07,28384,,,,,,,,,
93,,,,,,,,,,28384,0.019032170996069908,,,,,,,,
,,,,,,,,,1.2613861386138615e-07,28389,,,,,,,,,
93,,,,,,,,,,28389,0.011315642856061459,,,,,,,,
,,,,,,,,,1.258085808580858e-07,28394,,,,,,,,,
93,,,,,,,,,,28394,0.00552172027528286,,,,,,,,
,,,,,,,,,1.2547854785478548e-07,28399,,,,,,,,,
93,,,,,,,,,,28399,0.024236608296632767,,,,,,,,
,,,,,,,,,1.2514851485148515e-07,28404,,,,,,,,,
93,,,,,,,,,,28404,0.011946999467909336,,,,,,,,
,,,,,,,,,1.2481848184818483e-07,28409,,,,,,,,,
93,,,,,,,,,,28409,0.005036938935518265,,,,,,,,
,,,,,,,,,1.2448844884488448e-07,28414,,,,,,,,,
93,,,,,,,,,,28414,0.015738002955913544,,,,,,,,
,,,,,,,,,1.2415841584158416e-07,28419,,,,,,,,,
93,,,,,,,,,,28419,0.007832998409867287,,,,,,,,
,,,,,,,,,1.2382838283828384e-07,28424,,,,,,,,,
93,,,,,,,,,,28424,0.009474440477788448,,,,,,,,
,,,,,,,,,1.234983498349835e-07,28429,,,,,,,,,
93,,,,,,,,,,28429,0.008584879338741302,,,,,,,,
,,,,,,,,,1.2316831683168316e-07,28434,,,,,,,,,
93,,,,,,,,,,28434,0.016866061836481094,,,,,,,,
,,,,,,,,,1.2283828382838284e-07,28439,,,,,,,,,
93,,,,,,,,,,28439,0.016496548429131508,,,,,,,,
,,,,,,,,,1.225082508250825e-07,28444,,,,,,,,,
93,,,,,,,,,,28444,0.014052239246666431,,,,,,,,
,,,,,,,,,1.2217821782178217e-07,28449,,,,,,,,,
93,,,,,,,,,,28449,0.015370825305581093,,,,,,,,
,,,,,,,,,1.2184818481848185e-07,28454,,,,,,,,,
93,,,,,,,,,,28454,0.015757959336042404,,,,,,,,
,,,,,,,,,1.2151815181518153e-07,28459,,,,,,,,,
93,,,,,,,,,,28459,0.02605324797332287,,,,,,,,
,,,,,,,,,1.2118811881188118e-07,28464,,,,,,,,,
93,,,,,,,,,,28464,0.011680825613439083,,,,,,,,
,,,,,,,,,1.2085808580858085e-07,28469,,,,,,,,,
93,,,,,,,,,,28469,0.011213952675461769,,,,,,,,
,,,,,,,,,1.2052805280528053e-07,28474,,,,,,,,,
93,,,,,,,,,,28474,0.0018485240871086717,,,,,,,,
,,,,,,,,,1.2019801980198018e-07,28479,,,,,,,,,
93,,,,,,,,,,28479,0.015689082443714142,,,,,,,,
93,,,,,,,,,,28481,,0.6875,0.7311828136444092,0.08472096920013428,0.08472096920013428,0.4268891513347626,0.7083333134651184,0.7555555701255798,0.4268665611743927
,,,,,,,,,1.1986798679867986e-07,28484,,,,,,,,,
94,,,,,,,,,,28484,0.03305323049426079,,,,,,,,
,,,,,,,,,1.1953795379537954e-07,28489,,,,,,,,,
94,,,,,,,,,,28489,0.00408915663138032,,,,,,,,
,,,,,,,,,1.192079207920792e-07,28494,,,,,,,,,
94,,,,,,,,,,28494,0.0026953190099447966,,,,,,,,
,,,,,,,,,1.1887788778877887e-07,28499,,,,,,,,,
94,,,,,,,,,,28499,0.0036768075078725815,,,,,,,,
,,,,,,,,,1.1854785478547854e-07,28504,,,,,,,,,
94,,,,,,,,,,28504,0.03203728795051575,,,,,,,,
,,,,,,,,,1.1821782178217821e-07,28509,,,,,,,,,
94,,,,,,,,,,28509,0.011577039957046509,,,,,,,,
,,,,,,,,,1.1788778877887789e-07,28514,,,,,,,,,
94,,,,,,,,,,28514,0.013515908271074295,,,,,,,,
,,,,,,,,,1.1755775577557755e-07,28519,,,,,,,,,
94,,,,,,,,,,28519,0.00574737973511219,,,,,,,,
,,,,,,,,,1.1722772277227721e-07,28524,,,,,,,,,
94,,,,,,,,,,28524,0.02245151624083519,,,,,,,,
,,,,,,,,,1.1689768976897689e-07,28529,,,,,,,,,
94,,,,,,,,,,28529,0.011507309973239899,,,,,,,,
,,,,,,,,,1.1656765676567657e-07,28534,,,,,,,,,
94,,,,,,,,,,28534,0.006783570162951946,,,,,,,,
,,,,,,,,,1.1623762376237623e-07,28539,,,,,,,,,
94,,,,,,,,,,28539,0.004167220555245876,,,,,,,,
,,,,,,,,,1.159075907590759e-07,28544,,,,,,,,,
94,,,,,,,,,,28544,0.032013189047575,,,,,,,,
,,,,,,,,,1.1557755775577558e-07,28549,,,,,,,,,
94,,,,,,,,,,28549,0.003017515642568469,,,,,,,,
,,,,,,,,,1.1524752475247525e-07,28554,,,,,,,,,
94,,,,,,,,,,28554,0.009394275024533272,,,,,,,,
,,,,,,,,,1.149174917491749e-07,28559,,,,,,,,,
94,,,,,,,,,,28559,0.01289182435721159,,,,,,,,
,,,,,,,,,1.1458745874587458e-07,28564,,,,,,,,,
94,,,,,,,,,,28564,0.007584008853882551,,,,,,,,
,,,,,,,,,1.1425742574257426e-07,28569,,,,,,,,,
94,,,,,,,,,,28569,0.03176962211728096,,,,,,,,
,,,,,,,,,1.1392739273927392e-07,28574,,,,,,,,,
94,,,,,,,,,,28574,0.02166936546564102,,,,,,,,
,,,,,,,,,1.1359735973597359e-07,28579,,,,,,,,,
94,,,,,,,,,,28579,0.017301440238952637,,,,,,,,
,,,,,,,,,1.1326732673267326e-07,28584,,,,,,,,,
94,,,,,,,,,,28584,0.007565251551568508,,,,,,,,
,,,,,,,,,1.1293729372937293e-07,28589,,,,,,,,,
94,,,,,,,,,,28589,0.015073453076183796,,,,,,,,
,,,,,,,,,1.126072607260726e-07,28594,,,,,,,,,
94,,,,,,,,,,28594,0.019428493455052376,,,,,,,,
,,,,,,,,,1.1227722772277227e-07,28599,,,,,,,,,
94,,,,,,,,,,28599,0.01999681256711483,,,,,,,,
,,,,,,,,,1.1194719471947195e-07,28604,,,,,,,,,
94,,,,,,,,,,28604,0.011929385364055634,,,,,,,,
,,,,,,,,,1.1161716171617161e-07,28609,,,,,,,,,
94,,,,,,,,,,28609,0.00807101558893919,,,,,,,,
,,,,,,,,,1.1128712871287129e-07,28614,,,,,,,,,
94,,,,,,,,,,28614,0.01963229477405548,,,,,,,,
,,,,,,,,,1.1095709570957095e-07,28619,,,,,,,,,
94,,,,,,,,,,28619,0.0023778975009918213,,,,,,,,
,,,,,,,,,1.1062706270627062e-07,28624,,,,,,,,,
94,,,,,,,,,,28624,0.01625455729663372,,,,,,,,
,,,,,,,,,1.102970297029703e-07,28629,,,,,,,,,
94,,,,,,,,,,28629,0.02161586657166481,,,,,,,,
,,,,,,,,,1.0996699669966997e-07,28634,,,,,,,,,
94,,,,,,,,,,28634,0.009320328012108803,,,,,,,,
,,,,,,,,,1.0963696369636962e-07,28639,,,,,,,,,
94,,,,,,,,,,28639,0.006298004183918238,,,,,,,,
,,,,,,,,,1.093069306930693e-07,28644,,,,,,,,,
94,,,,,,,,,,28644,0.008344222791492939,,,,,,,,
,,,,,,,,,1.0897689768976898e-07,28649,,,,,,,,,
94,,,,,,,,,,28649,0.009392664767801762,,,,,,,,
,,,,,,,,,1.0864686468646863e-07,28654,,,,,,,,,
94,,,,,,,,,,28654,0.026110047474503517,,,,,,,,
,,,,,,,,,1.0831683168316831e-07,28659,,,,,,,,,
94,,,,,,,,,,28659,0.01969546265900135,,,,,,,,
,,,,,,,,,1.0798679867986799e-07,28664,,,,,,,,,
94,,,,,,,,,,28664,0.01248358003795147,,,,,,,,
,,,,,,,,,1.0765676567656765e-07,28669,,,,,,,,,
94,,,,,,,,,,28669,0.010835052467882633,,,,,,,,
,,,,,,,,,1.0732673267326731e-07,28674,,,,,,,,,
94,,,,,,,,,,28674,0.002351380418986082,,,,,,,,
,,,,,,,,,1.0699669966996699e-07,28679,,,,,,,,,
94,,,,,,,,,,28679,0.015108959749341011,,,,,,,,
,,,,,,,,,1.0666666666666667e-07,28684,,,,,,,,,
94,,,,,,,,,,28684,0.015138386748731136,,,,,,,,
,,,,,,,,,1.0633663366336633e-07,28689,,,,,,,,,
94,,,,,,,,,,28689,0.014948183670639992,,,,,,,,
,,,,,,,,,1.06006600660066e-07,28694,,,,,,,,,
94,,,,,,,,,,28694,0.01035205740481615,,,,,,,,
,,,,,,,,,1.0567656765676567e-07,28699,,,,,,,,,
94,,,,,,,,,,28699,0.010301644913852215,,,,,,,,
,,,,,,,,,1.0534653465346534e-07,28704,,,,,,,,,
94,,,,,,,,,,28704,0.02771925926208496,,,,,,,,
,,,,,,,,,1.0501650165016502e-07,28709,,,,,,,,,
94,,,,,,,,,,28709,0.013992121443152428,,,,,,,,
,,,,,,,,,1.0468646864686468e-07,28714,,,,,,,,,
94,,,,,,,,,,28714,0.047766488045454025,,,,,,,,
,,,,,,,,,1.0435643564356435e-07,28719,,,,,,,,,
94,,,,,,,,,,28719,0.036814134567976,,,,,,,,
,,,,,,,,,1.0402640264026402e-07,28724,,,,,,,,,
94,,,,,,,,,,28724,0.004158687777817249,,,,,,,,
,,,,,,,,,1.036963696369637e-07,28729,,,,,,,,,
94,,,,,,,,,,28729,0.030623475089669228,,,,,,,,
,,,,,,,,,1.0336633663366335e-07,28734,,,,,,,,,
94,,,,,,,,,,28734,0.002667763037607074,,,,,,,,
,,,,,,,,,1.0303630363036303e-07,28739,,,,,,,,,
94,,,,,,,,,,28739,0.002854325110092759,,,,,,,,
,,,,,,,,,1.027062706270627e-07,28744,,,,,,,,,
94,,,,,,,,,,28744,0.02017323672771454,,,,,,,,
,,,,,,,,,1.0237623762376237e-07,28749,,,,,,,,,
94,,,,,,,,,,28749,0.026090722531080246,,,,,,,,
,,,,,,,,,1.0204620462046203e-07,28754,,,,,,,,,
94,,,,,,,,,,28754,0.017168773338198662,,,,,,,,
,,,,,,,,,1.0171617161716171e-07,28759,,,,,,,,,
94,,,,,,,,,,28759,0.005915219895541668,,,,,,,,
,,,,,,,,,1.0138613861386139e-07,28764,,,,,,,,,
94,,,,,,,,,,28764,0.004822825081646442,,,,,,,,
,,,,,,,,,1.0105610561056105e-07,28769,,,,,,,,,
94,,,,,,,,,,28769,0.009522678330540657,,,,,,,,
,,,,,,,,,1.0072607260726072e-07,28774,,,,,,,,,
94,,,,,,,,,,28774,0.01594337821006775,,,,,,,,
,,,,,,,,,1.003960396039604e-07,28779,,,,,,,,,
94,,,,,,,,,,28779,0.005906910169869661,,,,,,,,
,,,,,,,,,1.0006600660066006e-07,28784,,,,,,,,,
94,,,,,,,,,,28784,0.013362552970647812,,,,,,,,
94,,,,,,,,,,28784,,0.6875,0.7311828136444092,0.08487997949123383,0.08487997949123383,0.4274580776691437,0.7083333134651184,0.7555555701255798,0.4271554946899414
,,,,,,,,,9.973597359735974e-08,28789,,,,,,,,,
95,,,,,,,,,,28789,0.004209619015455246,,,,,,,,
,,,,,,,,,9.94059405940594e-08,28794,,,,,,,,,
95,,,,,,,,,,28794,0.011533530429005623,,,,,,,,
,,,,,,,,,9.907590759075907e-08,28799,,,,,,,,,
95,,,,,,,,,,28799,0.025132939219474792,,,,,,,,
,,,,,,,,,9.874587458745874e-08,28804,,,,,,,,,
95,,,,,,,,,,28804,0.008712677285075188,,,,,,,,
,,,,,,,,,9.841584158415842e-08,28809,,,,,,,,,
95,,,,,,,,,,28809,0.009987225756049156,,,,,,,,
,,,,,,,,,9.808580858085807e-08,28814,,,,,,,,,
95,,,,,,,,,,28814,0.005810067523270845,,,,,,,,
,,,,,,,,,9.775577557755775e-08,28819,,,,,,,,,
95,,,,,,,,,,28819,0.01022243034094572,,,,,,,,
,,,,,,,,,9.742574257425743e-08,28824,,,,,,,,,
95,,,,,,,,,,28824,0.02742241695523262,,,,,,,,
,,,,,,,,,9.709570957095709e-08,28829,,,,,,,,,
95,,,,,,,,,,28829,0.011710898019373417,,,,,,,,
,,,,,,,,,9.676567656765676e-08,28834,,,,,,,,,
95,,,,,,,,,,28834,0.025426127016544342,,,,,,,,
,,,,,,,,,9.643564356435643e-08,28839,,,,,,,,,
95,,,,,,,,,,28839,0.008156725205481052,,,,,,,,
,,,,,,,,,9.610561056105611e-08,28844,,,,,,,,,
95,,,,,,,,,,28844,0.004504474811255932,,,,,,,,
,,,,,,,,,9.577557755775577e-08,28849,,,,,,,,,
95,,,,,,,,,,28849,0.015178405679762363,,,,,,,,
,,,,,,,,,9.544554455445544e-08,28854,,,,,,,,,
95,,,,,,,,,,28854,0.017727604135870934,,,,,,,,
,,,,,,,,,9.511551155115512e-08,28859,,,,,,,,,
95,,,,,,,,,,28859,0.003131900215521455,,,,,,,,
,,,,,,,,,9.478547854785478e-08,28864,,,,,,,,,
95,,,,,,,,,,28864,0.018305480480194092,,,,,,,,
,,,,,,,,,9.445544554455446e-08,28869,,,,,,,,,
95,,,,,,,,,,28869,0.011835433542728424,,,,,,,,
,,,,,,,,,9.412541254125412e-08,28874,,,,,,,,,
95,,,,,,,,,,28874,0.022511642426252365,,,,,,,,
,,,,,,,,,9.379537953795379e-08,28879,,,,,,,,,
95,,,,,,,,,,28879,0.0038543096743524075,,,,,,,,
,,,,,,,,,9.346534653465346e-08,28884,,,,,,,,,
95,,,,,,,,,,28884,0.014994358643889427,,,,,,,,
,,,,,,,,,9.313531353135314e-08,28889,,,,,,,,,
95,,,,,,,,,,28889,0.01654771901667118,,,,,,,,
,,,,,,,,,9.280528052805279e-08,28894,,,,,,,,,
95,,,,,,,,,,28894,0.0032082139514386654,,,,,,,,
,,,,,,,,,9.247524752475247e-08,28899,,,,,,,,,
95,,,,,,,,,,28899,0.007247394882142544,,,,,,,,
,,,,,,,,,9.214521452145215e-08,28904,,,,,,,,,
95,,,,,,,,,,28904,0.01983751729130745,,,,,,,,
,,,,,,,,,9.18151815181518e-08,28909,,,,,,,,,
95,,,,,,,,,,28909,0.013214068487286568,,,,,,,,
,,,,,,,,,9.148514851485148e-08,28914,,,,,,,,,
95,,,,,,,,,,28914,0.010014844126999378,,,,,,,,
,,,,,,,,,9.115511551155115e-08,28919,,,,,,,,,
95,,,,,,,,,,28919,0.02086532488465309,,,,,,,,
,,,,,,,,,9.082508250825083e-08,28924,,,,,,,,,
95,,,,,,,,,,28924,0.01151481457054615,,,,,,,,
,,,,,,,,,9.049504950495048e-08,28929,,,,,,,,,
95,,,,,,,,,,28929,0.028711332008242607,,,,,,,,
,,,,,,,,,9.016501650165016e-08,28934,,,,,,,,,
95,,,,,,,,,,28934,0.02751893922686577,,,,,,,,
,,,,,,,,,8.983498349834984e-08,28939,,,,,,,,,
95,,,,,,,,,,28939,0.015096217393875122,,,,,,,,
,,,,,,,,,8.95049504950495e-08,28944,,,,,,,,,
95,,,,,,,,,,28944,0.005193246994167566,,,,,,,,
,,,,,,,,,8.917491749174917e-08,28949,,,,,,,,,
95,,,,,,,,,,28949,0.04325111210346222,,,,,,,,
,,,,,,,,,8.884488448844884e-08,28954,,,,,,,,,
95,,,,,,,,,,28954,0.019029246643185616,,,,,,,,
,,,,,,,,,8.851485148514851e-08,28959,,,,,,,,,
95,,,,,,,,,,28959,0.017775557935237885,,,,,,,,
,,,,,,,,,8.818481848184819e-08,28964,,,,,,,,,
95,,,,,,,,,,28964,0.0038271229714155197,,,,,,,,
,,,,,,,,,8.785478547854785e-08,28969,,,,,,,,,
95,,,,,,,,,,28969,0.005938227288424969,,,,,,,,
,,,,,,,,,8.752475247524751e-08,28974,,,,,,,,,
95,,,,,,,,,,28974,0.010327649302780628,,,,,,,,
,,,,,,,,,8.719471947194719e-08,28979,,,,,,,,,
95,,,,,,,,,,28979,0.008077243342995644,,,,,,,,
,,,,,,,,,8.686468646864687e-08,28984,,,,,,,,,
95,,,,,,,,,,28984,0.029569871723651886,,,,,,,,
,,,,,,,,,8.653465346534652e-08,28989,,,,,,,,,
95,,,,,,,,,,28989,0.006933730561286211,,,,,,,,
,,,,,,,,,8.62046204620462e-08,28994,,,,,,,,,
95,,,,,,,,,,28994,0.012985835783183575,,,,,,,,
,,,,,,,,,8.587458745874587e-08,28999,,,,,,,,,
95,,,,,,,,,,28999,0.012592870742082596,,,,,,,,
,,,,,,,,,8.554455445544555e-08,29004,,,,,,,,,
95,,,,,,,,,,29004,0.012822895310819149,,,,,,,,
,,,,,,,,,8.52145214521452e-08,29009,,,,,,,,,
95,,,,,,,,,,29009,0.01286441832780838,,,,,,,,
,,,,,,,,,8.488448844884488e-08,29014,,,,,,,,,
95,,,,,,,,,,29014,0.016819195821881294,,,,,,,,
,,,,,,,,,8.455445544554456e-08,29019,,,,,,,,,
95,,,,,,,,,,29019,0.010750909335911274,,,,,,,,
,,,,,,,,,8.422442244224422e-08,29024,,,,,,,,,
95,,,,,,,,,,29024,0.009829701855778694,,,,,,,,
,,,,,,,,,8.389438943894389e-08,29029,,,,,,,,,
95,,,,,,,,,,29029,0.023631978780031204,,,,,,,,
,,,,,,,,,8.356435643564356e-08,29034,,,,,,,,,
95,,,,,,,,,,29034,0.0399651825428009,,,,,,,,
,,,,,,,,,8.323432343234323e-08,29039,,,,,,,,,
95,,,,,,,,,,29039,0.007035745773464441,,,,,,,,
,,,,,,,,,8.29042904290429e-08,29044,,,,,,,,,
95,,,,,,,,,,29044,0.009799575433135033,,,,,,,,
,,,,,,,,,8.257425742574257e-08,29049,,,,,,,,,
95,,,,,,,,,,29049,0.010410916060209274,,,,,,,,
,,,,,,,,,8.224422442244223e-08,29054,,,,,,,,,
95,,,,,,,,,,29054,0.014080476015806198,,,,,,,,
,,,,,,,,,8.191419141914191e-08,29059,,,,,,,,,
95,,,,,,,,,,29059,0.012929065153002739,,,,,,,,
,,,,,,,,,8.158415841584159e-08,29064,,,,,,,,,
95,,,,,,,,,,29064,0.018564213067293167,,,,,,,,
,,,,,,,,,8.125412541254124e-08,29069,,,,,,,,,
95,,,,,,,,,,29069,0.004441021475940943,,,,,,,,
,,,,,,,,,8.092409240924092e-08,29074,,,,,,,,,
95,,,,,,,,,,29074,0.015490380115807056,,,,,,,,
,,,,,,,,,8.05940594059406e-08,29079,,,,,,,,,
95,,,,,,,,,,29079,0.009195096790790558,,,,,,,,
,,,,,,,,,8.026402640264027e-08,29084,,,,,,,,,
95,,,,,,,,,,29084,0.00528422836214304,,,,,,,,
95,,,,,,,,,,29087,,0.6875,0.7311828136444092,0.08482778817415237,0.08482778817415237,0.4265315532684326,0.7083333134651184,0.7555555701255798,0.4258384704589844
,,,,,,,,,7.993399339933992e-08,29089,,,,,,,,,
96,,,,,,,,,,29089,0.0038455461617559195,,,,,,,,
,,,,,,,,,7.96039603960396e-08,29094,,,,,,,,,
96,,,,,,,,,,29094,0.003964101430028677,,,,,,,,
,,,,,,,,,7.927392739273928e-08,29099,,,,,,,,,
96,,,,,,,,,,29099,0.007761281915009022,,,,,,,,
,,,,,,,,,7.894389438943893e-08,29104,,,,,,,,,
96,,,,,,,,,,29104,0.013528780080378056,,,,,,,,
,,,,,,,,,7.861386138613861e-08,29109,,,,,,,,,
96,,,,,,,,,,29109,0.02339123748242855,,,,,,,,
,,,,,,,,,7.828382838283828e-08,29114,,,,,,,,,
96,,,,,,,,,,29114,0.0014647985808551311,,,,,,,,
,,,,,,,,,7.795379537953795e-08,29119,,,,,,,,,
96,,,,,,,,,,29119,0.015780972316861153,,,,,,,,
,,,,,,,,,7.762376237623761e-08,29124,,,,,,,,,
96,,,,,,,,,,29124,0.0038528447039425373,,,,,,,,
,,,,,,,,,7.729372937293729e-08,29129,,,,,,,,,
96,,,,,,,,,,29129,0.014534229412674904,,,,,,,,
,,,,,,,,,7.696369636963696e-08,29134,,,,,,,,,
96,,,,,,,,,,29134,0.003622111864387989,,,,,,,,
,,,,,,,,,7.663366336633663e-08,29139,,,,,,,,,
96,,,,,,,,,,29139,0.002596620935946703,,,,,,,,
,,,,,,,,,7.63036303630363e-08,29144,,,,,,,,,
96,,,,,,,,,,29144,0.0044217403046786785,,,,,,,,
,,,,,,,,,7.597359735973596e-08,29149,,,,,,,,,
96,,,,,,,,,,29149,0.009114337153732777,,,,,,,,
,,,,,,,,,7.564356435643564e-08,29154,,,,,,,,,
96,,,,,,,,,,29154,0.012478101998567581,,,,,,,,
,,,,,,,,,7.531353135313532e-08,29159,,,,,,,,,
96,,,,,,,,,,29159,0.007623861078172922,,,,,,,,
,,,,,,,,,7.498349834983498e-08,29164,,,,,,,,,
96,,,,,,,,,,29164,0.03321981430053711,,,,,,,,
,,,,,,,,,7.465346534653464e-08,29169,,,,,,,,,
96,,,,,,,,,,29169,0.00854637660086155,,,,,,,,
,,,,,,,,,7.432343234323432e-08,29174,,,,,,,,,
96,,,,,,,,,,29174,0.007688797544687986,,,,,,,,
,,,,,,,,,7.3993399339934e-08,29179,,,,,,,,,
96,,,,,,,,,,29179,0.013928432017564774,,,,,,,,
,,,,,,,,,7.366336633663365e-08,29184,,,,,,,,,
96,,,,,,,,,,29184,0.012458081357181072,,,,,,,,
,,,,,,,,,7.333333333333333e-08,29189,,,,,,,,,
96,,,,,,,,,,29189,0.0028900497127324343,,,,,,,,
,,,,,,,,,7.3003300330033e-08,29194,,,,,,,,,
96,,,,,,,,,,29194,0.027421582490205765,,,,,,,,
,,,,,,,,,7.267326732673267e-08,29199,,,,,,,,,
96,,,,,,,,,,29199,0.007248041685670614,,,,,,,,
,,,,,,,,,7.234323432343233e-08,29204,,,,,,,,,
96,,,,,,,,,,29204,0.01081856805831194,,,,,,,,
,,,,,,,,,7.201320132013201e-08,29209,,,,,,,,,
96,,,,,,,,,,29209,0.015387912280857563,,,,,,,,
,,,,,,,,,7.168316831683168e-08,29214,,,,,,,,,
96,,,,,,,,,,29214,0.010288907214999199,,,,,,,,
,,,,,,,,,7.135313531353135e-08,29219,,,,,,,,,
96,,,,,,,,,,29219,0.0028595151379704475,,,,,,,,
,,,,,,,,,7.102310231023102e-08,29224,,,,,,,,,
96,,,,,,,,,,29224,0.02385842241346836,,,,,,,,
,,,,,,,,,7.069306930693068e-08,29229,,,,,,,,,
96,,,,,,,,,,29229,0.015575268305838108,,,,,,,,
,,,,,,,,,7.036303630363036e-08,29234,,,,,,,,,
96,,,,,,,,,,29234,0.00316065875813365,,,,,,,,
,,,,,,,,,7.003300330033004e-08,29239,,,,,,,,,
96,,,,,,,,,,29239,0.009759683161973953,,,,,,,,
,,,,,,,,,6.97029702970297e-08,29244,,,,,,,,,
96,,,,,,,,,,29244,0.010272664949297905,,,,,,,,
,,,,,,,,,6.937293729372937e-08,29249,,,,,,,,,
96,,,,,,,,,,29249,0.006487761624157429,,,,,,,,
,,,,,,,,,6.904290429042904e-08,29254,,,,,,,,,
96,,,,,,,,,,29254,0.005593050271272659,,,,,,,,
,,,,,,,,,6.871287128712872e-08,29259,,,,,,,,,
96,,,,,,,,,,29259,0.012995238415896893,,,,,,,,
,,,,,,,,,6.838283828382837e-08,29264,,,,,,,,,
96,,,,,,,,,,29264,0.002762528834864497,,,,,,,,
,,,,,,,,,6.805280528052805e-08,29269,,,,,,,,,
96,,,,,,,,,,29269,0.013536624610424042,,,,,,,,
,,,,,,,,,6.772277227722773e-08,29274,,,,,,,,,
96,,,,,,,,,,29274,0.014527997933328152,,,,,,,,
,,,,,,,,,6.739273927392739e-08,29279,,,,,,,,,
96,,,,,,,,,,29279,0.01779918372631073,,,,,,,,
,,,,,,,,,6.706270627062706e-08,29284,,,,,,,,,
96,,,,,,,,,,29284,0.011128170415759087,,,,,,,,
,,,,,,,,,6.673267326732673e-08,29289,,,,,,,,,
96,,,,,,,,,,29289,0.01116638071835041,,,,,,,,
,,,,,,,,,6.64026402640264e-08,29294,,,,,,,,,
96,,,,,,,,,,29294,0.004777801223099232,,,,,,,,
,,,,,,,,,6.607260726072607e-08,29299,,,,,,,,,
96,,,,,,,,,,29299,0.005172673147171736,,,,,,,,
,,,,,,,,,6.574257425742574e-08,29304,,,,,,,,,
96,,,,,,,,,,29304,0.009069083258509636,,,,,,,,
,,,,,,,,,6.54125412541254e-08,29309,,,,,,,,,
96,,,,,,,,,,29309,0.004880758933722973,,,,,,,,
,,,,,,,,,6.508250825082508e-08,29314,,,,,,,,,
96,,,,,,,,,,29314,0.0064270980656147,,,,,,,,
,,,,,,,,,6.475247524752476e-08,29319,,,,,,,,,
96,,,,,,,,,,29319,0.0008598864660598338,,,,,,,,
,,,,,,,,,6.442244224422442e-08,29324,,,,,,,,,
96,,,,,,,,,,29324,0.005717286840081215,,,,,,,,
,,,,,,,,,6.409240924092409e-08,29329,,,,,,,,,
96,,,,,,,,,,29329,0.003673741826787591,,,,,,,,
,,,,,,,,,6.376237623762376e-08,29334,,,,,,,,,
96,,,,,,,,,,29334,0.03502175956964493,,,,,,,,
,,,,,,,,,6.343234323432344e-08,29339,,,,,,,,,
96,,,,,,,,,,29339,0.003408814547583461,,,,,,,,
,,,,,,,,,6.310231023102309e-08,29344,,,,,,,,,
96,,,,,,,,,,29344,0.024701513350009918,,,,,,,,
,,,,,,,,,6.277227722772277e-08,29349,,,,,,,,,
96,,,,,,,,,,29349,0.007938877679407597,,,,,,,,
,,,,,,,,,6.244224422442243e-08,29354,,,,,,,,,
96,,,,,,,,,,29354,0.0071915085427463055,,,,,,,,
,,,,,,,,,6.211221122112211e-08,29359,,,,,,,,,
96,,,,,,,,,,29359,0.0154483113437891,,,,,,,,
,,,,,,,,,6.178217821782178e-08,29364,,,,,,,,,
96,,,,,,,,,,29364,0.00817527249455452,,,,,,,,
,,,,,,,,,6.145214521452144e-08,29369,,,,,,,,,
96,,,,,,,,,,29369,0.022140774875879288,,,,,,,,
,,,,,,,,,6.112211221122112e-08,29374,,,,,,,,,
96,,,,,,,,,,29374,0.009414562955498695,,,,,,,,
,,,,,,,,,6.079207920792078e-08,29379,,,,,,,,,
96,,,,,,,,,,29379,0.027678202837705612,,,,,,,,
,,,,,,,,,6.046204620462046e-08,29384,,,,,,,,,
96,,,,,,,,,,29384,0.007607628125697374,,,,,,,,
,,,,,,,,,6.013201320132012e-08,29389,,,,,,,,,
96,,,,,,,,,,29389,0.004607810638844967,,,,,,,,
96,,,,,,,,,,29390,,0.6875,0.7311828136444092,0.08487018197774887,0.08487018197774887,0.42730581760406494,0.7083333134651184,0.7555555701255798,0.4268167316913605
,,,,,,,,,5.98019801980198e-08,29394,,,,,,,,,
97,,,,,,,,,,29394,0.0020277833100408316,,,,,,,,
,,,,,,,,,5.947194719471947e-08,29399,,,,,,,,,
97,,,,,,,,,,29399,0.006797997280955315,,,,,,,,
,,,,,,,,,5.9141914191419136e-08,29404,,,,,,,,,
97,,,,,,,,,,29404,0.03032662346959114,,,,,,,,
,,,,,,,,,5.881188118811881e-08,29409,,,,,,,,,
97,,,,,,,,,,29409,0.007597276940941811,,,,,,,,
,,,,,,,,,5.848184818481848e-08,29414,,,,,,,,,
97,,,,,,,,,,29414,0.005207075737416744,,,,,,,,
,,,,,,,,,5.815181518151815e-08,29419,,,,,,,,,
97,,,,,,,,,,29419,0.005978667642921209,,,,,,,,
,,,,,,,,,5.782178217821782e-08,29424,,,,,,,,,
97,,,,,,,,,,29424,0.006096569821238518,,,,,,,,
,,,,,,,,,5.749174917491749e-08,29429,,,,,,,,,
97,,,,,,,,,,29429,0.04558796063065529,,,,,,,,
,,,,,,,,,5.7161716171617155e-08,29434,,,,,,,,,
97,,,,,,,,,,29434,0.009114280343055725,,,,,,,,
,,,,,,,,,5.683168316831683e-08,29439,,,,,,,,,
97,,,,,,,,,,29439,0.004068465903401375,,,,,,,,
,,,,,,,,,5.6501650165016497e-08,29444,,,,,,,,,
97,,,,,,,,,,29444,0.011742347851395607,,,,,,,,
,,,,,,,,,5.617161716171617e-08,29449,,,,,,,,,
97,,,,,,,,,,29449,0.014327224344015121,,,,,,,,
,,,,,,,,,5.584158415841584e-08,29454,,,,,,,,,
97,,,,,,,,,,29454,0.025400035083293915,,,,,,,,
,,,,,,,,,5.551155115511551e-08,29459,,,,,,,,,
97,,,,,,,,,,29459,0.013829187490046024,,,,,,,,
,,,,,,,,,5.518151815181518e-08,29464,,,,,,,,,
97,,,,,,,,,,29464,0.019219258800148964,,,,,,,,
,,,,,,,,,5.485148514851485e-08,29469,,,,,,,,,
97,,,,,,,,,,29469,0.01290751714259386,,,,,,,,
,,,,,,,,,5.4521452145214515e-08,29474,,,,,,,,,
97,,,,,,,,,,29474,0.010965459980070591,,,,,,,,
,,,,,,,,,5.419141914191419e-08,29479,,,,,,,,,
97,,,,,,,,,,29479,0.0058029284700751305,,,,,,,,
,,,,,,,,,5.386138613861386e-08,29484,,,,,,,,,
97,,,,,,,,,,29484,0.008344666101038456,,,,,,,,
,,,,,,,,,5.353135313531353e-08,29489,,,,,,,,,
97,,,,,,,,,,29489,0.012463420629501343,,,,,,,,
,,,,,,,,,5.32013201320132e-08,29494,,,,,,,,,
97,,,,,,,,,,29494,0.009781391359865665,,,,,,,,
,,,,,,,,,5.287128712871287e-08,29499,,,,,,,,,
97,,,,,,,,,,29499,0.007055048365145922,,,,,,,,
,,,,,,,,,5.254125412541254e-08,29504,,,,,,,,,
97,,,,,,,,,,29504,0.0015143521595746279,,,,,,,,
,,,,,,,,,5.221122112211221e-08,29509,,,,,,,,,
97,,,,,,,,,,29509,0.004806451499462128,,,,,,,,
,,,,,,,,,5.1881188118811876e-08,29514,,,,,,,,,
97,,,,,,,,,,29514,0.009332026354968548,,,,,,,,
,,,,,,,,,5.155115511551155e-08,29519,,,,,,,,,
97,,,,,,,,,,29519,0.00726183969527483,,,,,,,,
,,,,,,,,,5.122112211221122e-08,29524,,,,,,,,,
97,,,,,,,,,,29524,0.005554612725973129,,,,,,,,
,,,,,,,,,5.089108910891089e-08,29529,,,,,,,,,
97,,,,,,,,,,29529,0.025151927024126053,,,,,,,,
,,,,,,,,,5.056105610561056e-08,29534,,,,,,,,,
97,,,,,,,,,,29534,0.03872540593147278,,,,,,,,
,,,,,,,,,5.023102310231023e-08,29539,,,,,,,,,
97,,,,,,,,,,29539,0.02077431231737137,,,,,,,,
,,,,,,,,,4.99009900990099e-08,29544,,,,,,,,,
97,,,,,,,,,,29544,0.007799111772328615,,,,,,,,
,,,,,,,,,4.957095709570957e-08,29549,,,,,,,,,
97,,,,,,,,,,29549,0.012924513779580593,,,,,,,,
,,,,,,,,,4.9240924092409236e-08,29554,,,,,,,,,
97,,,,,,,,,,29554,0.03561408817768097,,,,,,,,
,,,,,,,,,4.8910891089108914e-08,29559,,,,,,,,,
97,,,,,,,,,,29559,0.00934141781181097,,,,,,,,
,,,,,,,,,4.858085808580858e-08,29564,,,,,,,,,
97,,,,,,,,,,29564,0.004125834442675114,,,,,,,,
,,,,,,,,,4.825082508250824e-08,29569,,,,,,,,,
97,,,,,,,,,,29569,0.000936623546294868,,,,,,,,
,,,,,,,,,4.792079207920792e-08,29574,,,,,,,,,
97,,,,,,,,,,29574,0.009015809744596481,,,,,,,,
,,,,,,,,,4.7590759075907584e-08,29579,,,,,,,,,
97,,,,,,,,,,29579,0.004203943070024252,,,,,,,,
,,,,,,,,,4.726072607260726e-08,29584,,,,,,,,,
97,,,,,,,,,,29584,0.028543783351778984,,,,,,,,
,,,,,,,,,4.6930693069306926e-08,29589,,,,,,,,,
97,,,,,,,,,,29589,0.027461839839816093,,,,,,,,
,,,,,,,,,4.6600660066006597e-08,29594,,,,,,,,,
97,,,,,,,,,,29594,0.015839582309126854,,,,,,,,
,,,,,,,,,4.627062706270627e-08,29599,,,,,,,,,
97,,,,,,,,,,29599,0.020764535292983055,,,,,,,,
,,,,,,,,,4.594059405940594e-08,29604,,,,,,,,,
97,,,,,,,,,,29604,0.005675224587321281,,,,,,,,
,,,,,,,,,4.56105610561056e-08,29609,,,,,,,,,
97,,,,,,,,,,29609,0.005703236907720566,,,,,,,,
,,,,,,,,,4.528052805280528e-08,29614,,,,,,,,,
97,,,,,,,,,,29614,0.011588607914745808,,,,,,,,
,,,,,,,,,4.4950495049504944e-08,29619,,,,,,,,,
97,,,,,,,,,,29619,0.005994132254272699,,,,,,,,
,,,,,,,,,4.462046204620462e-08,29624,,,,,,,,,
97,,,,,,,,,,29624,0.012266685254871845,,,,,,,,
,,,,,,,,,4.4290429042904286e-08,29629,,,,,,,,,
97,,,,,,,,,,29629,0.004193857777863741,,,,,,,,
,,,,,,,,,4.396039603960396e-08,29634,,,,,,,,,
97,,,,,,,,,,29634,0.013881087303161621,,,,,,,,
,,,,,,,,,4.363036303630363e-08,29639,,,,,,,,,
97,,,,,,,,,,29639,0.024938460439443588,,,,,,,,
,,,,,,,,,4.33003300330033e-08,29644,,,,,,,,,
97,,,,,,,,,,29644,0.01319004688411951,,,,,,,,
,,,,,,,,,4.297029702970296e-08,29649,,,,,,,,,
97,,,,,,,,,,29649,0.01241155806928873,,,,,,,,
,,,,,,,,,4.264026402640264e-08,29654,,,,,,,,,
97,,,,,,,,,,29654,0.013149508275091648,,,,,,,,
,,,,,,,,,4.2310231023102305e-08,29659,,,,,,,,,
97,,,,,,,,,,29659,0.0022554676979780197,,,,,,,,
,,,,,,,,,4.198019801980198e-08,29664,,,,,,,,,
97,,,,,,,,,,29664,0.034802503883838654,,,,,,,,
,,,,,,,,,4.1650165016501646e-08,29669,,,,,,,,,
97,,,,,,,,,,29669,0.02053963765501976,,,,,,,,
,,,,,,,,,4.132013201320132e-08,29674,,,,,,,,,
97,,,,,,,,,,29674,0.014181309379637241,,,,,,,,
,,,,,,,,,4.099009900990099e-08,29679,,,,,,,,,
97,,,,,,,,,,29679,0.015286826528608799,,,,,,,,
,,,,,,,,,4.066006600660066e-08,29684,,,,,,,,,
97,,,,,,,,,,29684,0.0033041362185031176,,,,,,,,
,,,,,,,,,4.033003300330033e-08,29689,,,,,,,,,
97,,,,,,,,,,29689,0.04302377253770828,,,,,,,,
97,,,,,,,,,,29693,,0.6937500238418579,0.7351351380348206,0.08493155241012573,0.08493155241012573,0.4264926314353943,0.7157894968986511,0.7555555701255798,0.4255099296569824
,,,,,,,,,4e-08,29694,,,,,,,,,
98,,,,,,,,,,29694,0.013279139995574951,,,,,,,,
,,,,,,,,,3.9669966996699665e-08,29699,,,,,,,,,
98,,,,,,,,,,29699,0.014156936667859554,,,,,,,,
,,,,,,,,,3.933993399339934e-08,29704,,,,,,,,,
98,,,,,,,,,,29704,0.010712485760450363,,,,,,,,
,,,,,,,,,3.900990099009901e-08,29709,,,,,,,,,
98,,,,,,,,,,29709,0.019069094210863113,,,,,,,,
,,,,,,,,,3.867986798679868e-08,29714,,,,,,,,,
98,,,,,,,,,,29714,0.0049839504063129425,,,,,,,,
,,,,,,,,,3.834983498349835e-08,29719,,,,,,,,,
98,,,,,,,,,,29719,0.00752646941691637,,,,,,,,
,,,,,,,,,3.801980198019802e-08,29724,,,,,,,,,
98,,,,,,,,,,29724,0.007928287610411644,,,,,,,,
,,,,,,,,,3.768976897689769e-08,29729,,,,,,,,,
98,,,,,,,,,,29729,0.012167170643806458,,,,,,,,
,,,,,,,,,3.735973597359736e-08,29734,,,,,,,,,
98,,,,,,,,,,29734,0.004390949849039316,,,,,,,,
,,,,,,,,,3.7029702970297025e-08,29739,,,,,,,,,
98,,,,,,,,,,29739,0.007092970423400402,,,,,,,,
,,,,,,,,,3.66996699669967e-08,29744,,,,,,,,,
98,,,,,,,,,,29744,0.0054049924947321415,,,,,,,,
,,,,,,,,,3.636963696369637e-08,29749,,,,,,,,,
98,,,,,,,,,,29749,0.01834370754659176,,,,,,,,
,,,,,,,,,3.603960396039604e-08,29754,,,,,,,,,
98,,,,,,,,,,29754,0.01205917913466692,,,,,,,,
,,,,,,,,,3.570957095709571e-08,29759,,,,,,,,,
98,,,,,,,,,,29759,0.0008569344645366073,,,,,,,,
,,,,,,,,,3.537953795379538e-08,29764,,,,,,,,,
98,,,,,,,,,,29764,0.021946514025330544,,,,,,,,
,,,,,,,,,3.504950495049505e-08,29769,,,,,,,,,
98,,,,,,,,,,29769,0.012717667035758495,,,,,,,,
,,,,,,,,,3.471947194719472e-08,29774,,,,,,,,,
98,,,,,,,,,,29774,0.013255042023956776,,,,,,,,
,,,,,,,,,3.4389438943894386e-08,29779,,,,,,,,,
98,,,,,,,,,,29779,0.01032754871994257,,,,,,,,
,,,,,,,,,3.4059405940594063e-08,29784,,,,,,,,,
98,,,,,,,,,,29784,0.014394698664546013,,,,,,,,
,,,,,,,,,3.372937293729373e-08,29789,,,,,,,,,
98,,,,,,,,,,29789,0.001107123214751482,,,,,,,,
,,,,,,,,,3.339933993399339e-08,29794,,,,,,,,,
98,,,,,,,,,,29794,0.004490736871957779,,,,,,,,
,,,,,,,,,3.306930693069307e-08,29799,,,,,,,,,
98,,,,,,,,,,29799,0.007244477979838848,,,,,,,,
,,,,,,,,,3.2739273927392734e-08,29804,,,,,,,,,
98,,,,,,,,,,29804,0.011867823079228401,,,,,,,,
,,,,,,,,,3.240924092409241e-08,29809,,,,,,,,,
98,,,,,,,,,,29809,0.0028580862563103437,,,,,,,,
,,,,,,,,,3.2079207920792075e-08,29814,,,,,,,,,
98,,,,,,,,,,29814,0.0062844702042639256,,,,,,,,
,,,,,,,,,3.1749174917491746e-08,29819,,,,,,,,,
98,,,,,,,,,,29819,0.002823654795065522,,,,,,,,
,,,,,,,,,3.141914191419142e-08,29824,,,,,,,,,
98,,,,,,,,,,29824,0.014268655329942703,,,,,,,,
,,,,,,,,,3.108910891089109e-08,29829,,,,,,,,,
98,,,,,,,,,,29829,0.007077871356159449,,,,,,,,
,,,,,,,,,3.075907590759076e-08,29834,,,,,,,,,
98,,,,,,,,,,29834,0.03393232077360153,,,,,,,,
,,,,,,,,,3.042904290429043e-08,29839,,,,,,,,,
98,,,,,,,,,,29839,0.0103297159075737,,,,,,,,
,,,,,,,,,3.0099009900990094e-08,29844,,,,,,,,,
98,,,,,,,,,,29844,0.013018974103033543,,,,,,,,
,,,,,,,,,2.9768976897689768e-08,29849,,,,,,,,,
98,,,,,,,,,,29849,0.014998582191765308,,,,,,,,
,,,,,,,,,2.943894389438944e-08,29854,,,,,,,,,
98,,,,,,,,,,29854,0.02225245162844658,,,,,,,,
,,,,,,,,,2.910891089108911e-08,29859,,,,,,,,,
98,,,,,,,,,,29859,0.005927780643105507,,,,,,,,
,,,,,,,,,2.8778877887788778e-08,29864,,,,,,,,,
98,,,,,,,,,,29864,0.02051663026213646,,,,,,,,
,,,,,,,,,2.844884488448845e-08,29869,,,,,,,,,
98,,,,,,,,,,29869,0.003337324596941471,,,,,,,,
,,,,,,,,,2.811881188118812e-08,29874,,,,,,,,,
98,,,,,,,,,,29874,0.02081689052283764,,,,,,,,
,,,,,,,,,2.778877887788779e-08,29879,,,,,,,,,
98,,,,,,,,,,29879,0.0024923074524849653,,,,,,,,
,,,,,,,,,2.7458745874587458e-08,29884,,,,,,,,,
98,,,,,,,,,,29884,0.005932294763624668,,,,,,,,
,,,,,,,,,2.712871287128713e-08,29889,,,,,,,,,
98,,,,,,,,,,29889,0.021844906732439995,,,,,,,,
,,,,,,,,,2.67986798679868e-08,29894,,,,,,,,,
98,,,,,,,,,,29894,0.004167818930000067,,,,,,,,
,,,,,,,,,2.646864686468647e-08,29899,,,,,,,,,
98,,,,,,,,,,29899,0.009714643470942974,,,,,,,,
,,,,,,,,,2.6138613861386138e-08,29904,,,,,,,,,
98,,,,,,,,,,29904,0.00572254229336977,,,,,,,,
,,,,,,,,,2.580858085808581e-08,29909,,,,,,,,,
98,,,,,,,,,,29909,0.007559975143522024,,,,,,,,
,,,,,,,,,2.5478547854785476e-08,29914,,,,,,,,,
98,,,,,,,,,,29914,0.01958140917122364,,,,,,,,
,,,,,,,,,2.5148514851485147e-08,29919,,,,,,,,,
98,,,,,,,,,,29919,0.004400764126330614,,,,,,,,
,,,,,,,,,2.4818481848184815e-08,29924,,,,,,,,,
98,,,,,,,,,,29924,0.019547998905181885,,,,,,,,
,,,,,,,,,2.4488448844884486e-08,29929,,,,,,,,,
98,,,,,,,,,,29929,0.0024208915419876575,,,,,,,,
,,,,,,,,,2.4158415841584157e-08,29934,,,,,,,,,
98,,,,,,,,,,29934,0.004300687462091446,,,,,,,,
,,,,,,,,,2.3828382838283828e-08,29939,,,,,,,,,
98,,,,,,,,,,29939,0.007377708796411753,,,,,,,,
,,,,,,,,,2.3498349834983495e-08,29944,,,,,,,,,
98,,,,,,,,,,29944,0.02359160967171192,,,,,,,,
,,,,,,,,,2.3168316831683166e-08,29949,,,,,,,,,
98,,,,,,,,,,29949,0.02195209078490734,,,,,,,,
,,,,,,,,,2.2838283828382837e-08,29954,,,,,,,,,
98,,,,,,,,,,29954,0.05689316615462303,,,,,,,,
,,,,,,,,,2.2508250825082508e-08,29959,,,,,,,,,
98,,,,,,,,,,29959,0.03034905716776848,,,,,,,,
,,,,,,,,,2.2178217821782175e-08,29964,,,,,,,,,
98,,,,,,,,,,29964,0.006949704140424728,,,,,,,,
,,,,,,,,,2.1848184818481846e-08,29969,,,,,,,,,
98,,,,,,,,,,29969,0.011406797915697098,,,,,,,,
,,,,,,,,,2.1518151815181517e-08,29974,,,,,,,,,
98,,,,,,,,,,29974,0.0049184164963662624,,,,,,,,
,,,,,,,,,2.1188118811881188e-08,29979,,,,,,,,,
98,,,,,,,,,,29979,0.009276207536458969,,,,,,,,
,,,,,,,,,2.0858085808580855e-08,29984,,,,,,,,,
98,,,,,,,,,,29984,0.005933662876486778,,,,,,,,
,,,,,,,,,2.0528052805280526e-08,29989,,,,,,,,,
98,,,,,,,,,,29989,0.010659392923116684,,,,,,,,
,,,,,,,,,2.0198019801980197e-08,29994,,,,,,,,,
98,,,,,,,,,,29994,0.00692722387611866,,,,,,,,
98,,,,,,,,,,29996,,0.6937500238418579,0.7351351380348206,0.0849362462759018,0.0849362462759018,0.4267306923866272,0.7157894968986511,0.7555555701255798,0.4262608587741852
,,,,,,,,,1.9867986798679868e-08,29999,,,,,,,,,
99,,,,,,,,,,29999,0.002597290324047208,,,,,,,,
,,,,,,,,,1.9537953795379536e-08,30004,,,,,,,,,
99,,,,,,,,,,30004,0.018811678513884544,,,,,,,,
,,,,,,,,,1.9207920792079207e-08,30009,,,,,,,,,
99,,,,,,,,,,30009,0.008473433554172516,,,,,,,,
,,,,,,,,,1.8877887788778877e-08,30014,,,,,,,,,
99,,,,,,,,,,30014,0.002850075252354145,,,,,,,,
,,,,,,,,,1.8547854785478548e-08,30019,,,,,,,,,
99,,,,,,,,,,30019,0.019285617396235466,,,,,,,,
,,,,,,,,,1.8217821782178216e-08,30024,,,,,,,,,
99,,,,,,,,,,30024,0.005046418868005276,,,,,,,,
,,,,,,,,,1.7887788778877887e-08,30029,,,,,,,,,
99,,,,,,,,,,30029,0.011270161718130112,,,,,,,,
,,,,,,,,,1.7557755775577558e-08,30034,,,,,,,,,
99,,,,,,,,,,30034,0.02080472745001316,,,,,,,,
,,,,,,,,,1.722772277227723e-08,30039,,,,,,,,,
99,,,,,,,,,,30039,0.005336908157914877,,,,,,,,
,,,,,,,,,1.6897689768976896e-08,30044,,,,,,,,,
99,,,,,,,,,,30044,0.016594592481851578,,,,,,,,
,,,,,,,,,1.6567656765676567e-08,30049,,,,,,,,,
99,,,,,,,,,,30049,0.01964401639997959,,,,,,,,
,,,,,,,,,1.6237623762376238e-08,30054,,,,,,,,,
99,,,,,,,,,,30054,0.008889086544513702,,,,,,,,
,,,,,,,,,1.590759075907591e-08,30059,,,,,,,,,
99,,,,,,,,,,30059,0.015625419095158577,,,,,,,,
,,,,,,,,,1.5577557755775576e-08,30064,,,,,,,,,
99,,,,,,,,,,30064,0.003779428778216243,,,,,,,,
,,,,,,,,,1.5247524752475247e-08,30069,,,,,,,,,
99,,,,,,,,,,30069,0.009318247437477112,,,,,,,,
,,,,,,,,,1.4917491749174918e-08,30074,,,,,,,,,
99,,,,,,,,,,30074,0.005346833262592554,,,,,,,,
,,,,,,,,,1.4587458745874587e-08,30079,,,,,,,,,
99,,,,,,,,,,30079,0.012764832004904747,,,,,,,,
,,,,,,,,,1.4257425742574256e-08,30084,,,,,,,,,
99,,,,,,,,,,30084,0.008078528568148613,,,,,,,,
,,,,,,,,,1.3927392739273926e-08,30089,,,,,,,,,
99,,,,,,,,,,30089,0.014843516983091831,,,,,,,,
,,,,,,,,,1.3597359735973597e-08,30094,,,,,,,,,
99,,,,,,,,,,30094,0.04244319349527359,,,,,,,,
,,,,,,,,,1.3267326732673266e-08,30099,,,,,,,,,
99,,,,,,,,,,30099,0.0020286086946725845,,,,,,,,
,,,,,,,,,1.2937293729372937e-08,30104,,,,,,,,,
99,,,,,,,,,,30104,0.00643631536513567,,,,,,,,
,,,,,,,,,1.2607260726072606e-08,30109,,,,,,,,,
99,,,,,,,,,,30109,0.01645740680396557,,,,,,,,
,,,,,,,,,1.2277227722772277e-08,30114,,,,,,,,,
99,,,,,,,,,,30114,0.001261483528651297,,,,,,,,
,,,,,,,,,1.1947194719471946e-08,30119,,,,,,,,,
99,,,,,,,,,,30119,0.01815233752131462,,,,,,,,
,,,,,,,,,1.1617161716171617e-08,30124,,,,,,,,,
99,,,,,,,,,,30124,0.021092208102345467,,,,,,,,
,,,,,,,,,1.1287128712871286e-08,30129,,,,,,,,,
99,,,,,,,,,,30129,0.015627751126885414,,,,,,,,
,,,,,,,,,1.0957095709570957e-08,30134,,,,,,,,,
99,,,,,,,,,,30134,0.018614672124385834,,,,,,,,
,,,,,,,,,1.0627062706270626e-08,30139,,,,,,,,,
99,,,,,,,,,,30139,0.010106271132826805,,,,,,,,
,,,,,,,,,1.0297029702970297e-08,30144,,,,,,,,,
99,,,,,,,,,,30144,0.005801725666970015,,,,,,,,
,,,,,,,,,9.966996699669966e-09,30149,,,,,,,,,
99,,,,,,,,,,30149,0.022921094670891762,,,,,,,,
,,,,,,,,,9.636963696369637e-09,30154,,,,,,,,,
99,,,,,,,,,,30154,0.012084697373211384,,,,,,,,
,,,,,,,,,9.306930693069306e-09,30159,,,,,,,,,
99,,,,,,,,,,30159,0.00928020104765892,,,,,,,,
,,,,,,,,,8.976897689768977e-09,30164,,,,,,,,,
99,,,,,,,,,,30164,0.016762476414442062,,,,,,,,
,,,,,,,,,8.646864686468647e-09,30169,,,,,,,,,
99,,,,,,,,,,30169,0.016908492892980576,,,,,,,,
,,,,,,,,,8.316831683168317e-09,30174,,,,,,,,,
99,,,,,,,,,,30174,0.007152404170483351,,,,,,,,
,,,,,,,,,7.986798679867987e-09,30179,,,,,,,,,
99,,,,,,,,,,30179,0.012131806463003159,,,,,,,,
,,,,,,,,,7.656765676567656e-09,30184,,,,,,,,,
99,,,,,,,,,,30184,0.011938472278416157,,,,,,,,
,,,,,,,,,7.326732673267326e-09,30189,,,,,,,,,
99,,,,,,,,,,30189,0.0037248271983116865,,,,,,,,
,,,,,,,,,6.996699669966997e-09,30194,,,,,,,,,
99,,,,,,,,,,30194,0.007077340502291918,,,,,,,,
,,,,,,,,,6.666666666666667e-09,30199,,,,,,,,,
99,,,,,,,,,,30199,0.008920444175601006,,,,,,,,
,,,,,,,,,6.336633663366337e-09,30204,,,,,,,,,
99,,,,,,,,,,30204,0.0005131419165991247,,,,,,,,
,,,,,,,,,6.006600660066007e-09,30209,,,,,,,,,
99,,,,,,,,,,30209,0.00977865420281887,,,,,,,,
,,,,,,,,,5.676567656765677e-09,30214,,,,,,,,,
99,,,,,,,,,,30214,0.01296592690050602,,,,,,,,
,,,,,,,,,5.346534653465347e-09,30219,,,,,,,,,
99,,,,,,,,,,30219,0.023914271965622902,,,,,,,,
,,,,,,,,,5.016501650165017e-09,30224,,,,,,,,,
99,,,,,,,,,,30224,0.013906746171414852,,,,,,,,
,,,,,,,,,4.686468646864686e-09,30229,,,,,,,,,
99,,,,,,,,,,30229,0.01885431818664074,,,,,,,,
,,,,,,,,,4.356435643564356e-09,30234,,,,,,,,,
99,,,,,,,,,,30234,0.02031218633055687,,,,,,,,
,,,,,,,,,4.026402640264026e-09,30239,,,,,,,,,
99,,,,,,,,,,30239,0.018645208328962326,,,,,,,,
,,,,,,,,,3.696369636963696e-09,30244,,,,,,,,,
99,,,,,,,,,,30244,0.01751566305756569,,,,,,,,
,,,,,,,,,3.366336633663366e-09,30249,,,,,,,,,
99,,,,,,,,,,30249,0.011363682337105274,,,,,,,,
,,,,,,,,,3.036303630363036e-09,30254,,,,,,,,,
99,,,,,,,,,,30254,0.007692080922424793,,,,,,,,
,,,,,,,,,2.706270627062706e-09,30259,,,,,,,,,
99,,,,,,,,,,30259,0.03424917533993721,,,,,,,,
,,,,,,,,,2.3762376237623762e-09,30264,,,,,,,,,
99,,,,,,,,,,30264,0.020134229212999344,,,,,,,,
,,,,,,,,,2.046204620462046e-09,30269,,,,,,,,,
99,,,,,,,,,,30269,0.0217293631285429,,,,,,,,
,,,,,,,,,1.7161716171617161e-09,30274,,,,,,,,,
99,,,,,,,,,,30274,0.016220014542341232,,,,,,,,
,,,,,,,,,1.386138613861386e-09,30279,,,,,,,,,
99,,,,,,,,,,30279,0.007643263787031174,,,,,,,,
,,,,,,,,,1.056105610561056e-09,30284,,,,,,,,,
99,,,,,,,,,,30284,0.03238904848694801,,,,,,,,
,,,,,,,,,7.260726072607261e-10,30289,,,,,,,,,
99,,,,,,,,,,30289,0.03324180468916893,,,,,,,,
,,,,,,,,,3.9603960396039605e-10,30294,,,,,,,,,
99,,,,,,,,,,30294,0.012372780591249466,,,,,,,,
,,,,,,,,,6.6006600660066e-11,30299,,,,,,,,,
99,,,,,,,,,,30299,0.007307210937142372,,,,,,,,
99,,,,,,,,,,30299,,0.6937500238418579,0.7351351380348206,0.08496304601430893,0.08496304601430893,0.4266468584537506,0.7157894968986511,0.7555555701255798,0.426626056432724
100,0.6671779155731201,0.7235668897628784,0.08700835704803467,0.08700835704803467,0.40042343735694885,0.7473683953285217,0.7012345790863037,0.39676806330680847,,30300,,,,,,,,,
