epoch,eval_accuracy,eval_f1,eval_loss,eval_mse,eval_pearson,eval_precision,eval_recall,eval_spearman,lr-AdamW,step,train_loss,val_accuracy,val_f1,val_loss,val_mse,val_pearson,val_precision,val_recall,val_spearman
,,,,,,,,,5.263157894736842e-10,4,,,,,,,,,
0,,,,,,,,,,4,0.09693555533885956,,,,,,,,
,,,,,,,,,1.1842105263157895e-09,9,,,,,,,,,
0,,,,,,,,,,9,0.0981498435139656,,,,,,,,
,,,,,,,,,1.8421052631578947e-09,14,,,,,,,,,
0,,,,,,,,,,14,0.05492047965526581,,,,,,,,
,,,,,,,,,2.5e-09,19,,,,,,,,,
0,,,,,,,,,,19,0.06794673949480057,,,,,,,,
,,,,,,,,,3.157894736842105e-09,24,,,,,,,,,
0,,,,,,,,,,24,0.03853809833526611,,,,,,,,
,,,,,,,,,3.81578947368421e-09,29,,,,,,,,,
0,,,,,,,,,,29,0.1470867544412613,,,,,,,,
,,,,,,,,,4.473684210526315e-09,34,,,,,,,,,
0,,,,,,,,,,34,0.09425743669271469,,,,,,,,
,,,,,,,,,5.131578947368421e-09,39,,,,,,,,,
0,,,,,,,,,,39,0.08055273443460464,,,,,,,,
,,,,,,,,,5.789473684210526e-09,44,,,,,,,,,
0,,,,,,,,,,44,0.0774969607591629,,,,,,,,
,,,,,,,,,6.447368421052631e-09,49,,,,,,,,,
0,,,,,,,,,,49,0.08020351082086563,,,,,,,,
,,,,,,,,,7.105263157894737e-09,54,,,,,,,,,
0,,,,,,,,,,54,0.05208849906921387,,,,,,,,
,,,,,,,,,7.763157894736842e-09,59,,,,,,,,,
0,,,,,,,,,,59,0.054005660116672516,,,,,,,,
,,,,,,,,,8.421052631578947e-09,64,,,,,,,,,
0,,,,,,,,,,64,0.14077898859977722,,,,,,,,
,,,,,,,,,9.078947368421053e-09,69,,,,,,,,,
0,,,,,,,,,,69,0.09888888895511627,,,,,,,,
,,,,,,,,,9.736842105263157e-09,74,,,,,,,,,
0,,,,,,,,,,74,0.05027971416711807,,,,,,,,
,,,,,,,,,1.0394736842105264e-08,79,,,,,,,,,
0,,,,,,,,,,79,0.10757991671562195,,,,,,,,
,,,,,,,,,1.1052631578947366e-08,84,,,,,,,,,
0,,,,,,,,,,84,0.06100398302078247,,,,,,,,
,,,,,,,,,1.1710526315789473e-08,89,,,,,,,,,
0,,,,,,,,,,89,0.0916774645447731,,,,,,,,
,,,,,,,,,1.2368421052631579e-08,94,,,,,,,,,
0,,,,,,,,,,94,0.041550952941179276,,,,,,,,
,,,,,,,,,1.3026315789473683e-08,99,,,,,,,,,
0,,,,,,,,,,99,0.14612403512001038,,,,,,,,
,,,,,,,,,1.368421052631579e-08,104,,,,,,,,,
0,,,,,,,,,,104,0.09045886993408203,,,,,,,,
,,,,,,,,,1.4342105263157892e-08,109,,,,,,,,,
0,,,,,,,,,,109,0.07559015601873398,,,,,,,,
,,,,,,,,,1.5e-08,114,,,,,,,,,
0,,,,,,,,,,114,0.07289984077215195,,,,,,,,
,,,,,,,,,1.5657894736842107e-08,119,,,,,,,,,
0,,,,,,,,,,119,0.0954817682504654,,,,,,,,
,,,,,,,,,1.631578947368421e-08,124,,,,,,,,,
0,,,,,,,,,,124,0.09428182989358902,,,,,,,,
,,,,,,,,,1.6973684210526312e-08,129,,,,,,,,,
0,,,,,,,,,,129,0.0787694975733757,,,,,,,,
,,,,,,,,,1.763157894736842e-08,134,,,,,,,,,
0,,,,,,,,,,134,0.11173655092716217,,,,,,,,
,,,,,,,,,1.8289473684210525e-08,139,,,,,,,,,
0,,,,,,,,,,139,0.09490057826042175,,,,,,,,
,,,,,,,,,1.8947368421052632e-08,144,,,,,,,,,
0,,,,,,,,,,144,0.10194720327854156,,,,,,,,
,,,,,,,,,1.9605263157894737e-08,149,,,,,,,,,
0,,,,,,,,,,149,0.08064968138933182,,,,,,,,
0,,,,,,,,,,151,,0.42500001192092896,0.0,0.08244258910417557,0.08244258910417557,0.208758145570755,0.0,0.0,0.18985624611377716
,,,,,,,,,2.0263157894736838e-08,154,,,,,,,,,
1,,,,,,,,,,154,0.09667109698057175,,,,,,,,
,,,,,,,,,2.0921052631578946e-08,159,,,,,,,,,
1,,,,,,,,,,159,0.12807175517082214,,,,,,,,
,,,,,,,,,2.157894736842105e-08,164,,,,,,,,,
1,,,,,,,,,,164,0.09388646483421326,,,,,,,,
,,,,,,,,,2.223684210526316e-08,169,,,,,,,,,
1,,,,,,,,,,169,0.07883557677268982,,,,,,,,
,,,,,,,,,2.2894736842105263e-08,174,,,,,,,,,
1,,,,,,,,,,174,0.11974744498729706,,,,,,,,
,,,,,,,,,2.3552631578947364e-08,179,,,,,,,,,
1,,,,,,,,,,179,0.10893000662326813,,,,,,,,
,,,,,,,,,2.4210526315789472e-08,184,,,,,,,,,
1,,,,,,,,,,184,0.12697170674800873,,,,,,,,
,,,,,,,,,2.4868421052631577e-08,189,,,,,,,,,
1,,,,,,,,,,189,0.08432981371879578,,,,,,,,
,,,,,,,,,2.5526315789473684e-08,194,,,,,,,,,
1,,,,,,,,,,194,0.1420692652463913,,,,,,,,
,,,,,,,,,2.618421052631579e-08,199,,,,,,,,,
1,,,,,,,,,,199,0.046020958572626114,,,,,,,,
,,,,,,,,,2.6842105263157894e-08,204,,,,,,,,,
1,,,,,,,,,,204,0.07217639684677124,,,,,,,,
,,,,,,,,,2.7499999999999998e-08,209,,,,,,,,,
1,,,,,,,,,,209,0.10382044315338135,,,,,,,,
,,,,,,,,,2.8157894736842103e-08,214,,,,,,,,,
1,,,,,,,,,,214,0.05579151213169098,,,,,,,,
,,,,,,,,,2.881578947368421e-08,219,,,,,,,,,
1,,,,,,,,,,219,0.05720563232898712,,,,,,,,
,,,,,,,,,2.9473684210526315e-08,224,,,,,,,,,
1,,,,,,,,,,224,0.06810920685529709,,,,,,,,
,,,,,,,,,3.013157894736842e-08,229,,,,,,,,,
1,,,,,,,,,,229,0.12064053118228912,,,,,,,,
,,,,,,,,,3.0789473684210524e-08,234,,,,,,,,,
1,,,,,,,,,,234,0.08499763906002045,,,,,,,,
,,,,,,,,,3.1447368421052635e-08,239,,,,,,,,,
1,,,,,,,,,,239,0.1349973976612091,,,,,,,,
,,,,,,,,,3.210526315789473e-08,244,,,,,,,,,
1,,,,,,,,,,244,0.11532118916511536,,,,,,,,
,,,,,,,,,3.276315789473684e-08,249,,,,,,,,,
1,,,,,,,,,,249,0.0553075447678566,,,,,,,,
,,,,,,,,,3.342105263157895e-08,254,,,,,,,,,
1,,,,,,,,,,254,0.11850164085626602,,,,,,,,
,,,,,,,,,3.4078947368421053e-08,259,,,,,,,,,
1,,,,,,,,,,259,0.11199191212654114,,,,,,,,
,,,,,,,,,3.473684210526316e-08,264,,,,,,,,,
1,,,,,,,,,,264,0.09758173674345016,,,,,,,,
,,,,,,,,,3.539473684210526e-08,269,,,,,,,,,
1,,,,,,,,,,269,0.05783642828464508,,,,,,,,
,,,,,,,,,3.605263157894737e-08,274,,,,,,,,,
1,,,,,,,,,,274,0.10930704325437546,,,,,,,,
,,,,,,,,,3.671052631578947e-08,279,,,,,,,,,
1,,,,,,,,,,279,0.03710654005408287,,,,,,,,
,,,,,,,,,3.7368421052631576e-08,284,,,,,,,,,
1,,,,,,,,,,284,0.1076098382472992,,,,,,,,
,,,,,,,,,3.802631578947369e-08,289,,,,,,,,,
1,,,,,,,,,,289,0.0508352629840374,,,,,,,,
,,,,,,,,,3.8684210526315785e-08,294,,,,,,,,,
1,,,,,,,,,,294,0.08497664332389832,,,,,,,,
,,,,,,,,,3.934210526315789e-08,299,,,,,,,,,
1,,,,,,,,,,299,0.12476865947246552,,,,,,,,
1,,,,,,,,,,303,,0.42500001192092896,0.0,0.08243615180253983,0.08243615180253983,0.2076086401939392,0.0,0.0,0.18726691603660583
,,,,,,,,,4e-08,304,,,,,,,,,
2,,,,,,,,,,304,0.11713117361068726,,,,,,,,
,,,,,,,,,4.0657894736842105e-08,309,,,,,,,,,
2,,,,,,,,,,309,0.10156159102916718,,,,,,,,
,,,,,,,,,4.131578947368421e-08,314,,,,,,,,,
2,,,,,,,,,,314,0.10711909085512161,,,,,,,,
,,,,,,,,,4.1973684210526314e-08,319,,,,,,,,,
2,,,,,,,,,,319,0.08068200945854187,,,,,,,,
,,,,,,,,,4.263157894736842e-08,324,,,,,,,,,
2,,,,,,,,,,324,0.07529789209365845,,,,,,,,
,,,,,,,,,4.3289473684210524e-08,329,,,,,,,,,
2,,,,,,,,,,329,0.09761329740285873,,,,,,,,
,,,,,,,,,4.394736842105263e-08,334,,,,,,,,,
2,,,,,,,,,,334,0.07159220427274704,,,,,,,,
,,,,,,,,,4.460526315789474e-08,339,,,,,,,,,
2,,,,,,,,,,339,0.12599733471870422,,,,,,,,
,,,,,,,,,4.5263157894736844e-08,344,,,,,,,,,
2,,,,,,,,,,344,0.07232429832220078,,,,,,,,
,,,,,,,,,4.592105263157894e-08,349,,,,,,,,,
2,,,,,,,,,,349,0.12416975200176239,,,,,,,,
,,,,,,,,,4.657894736842105e-08,354,,,,,,,,,
2,,,,,,,,,,354,0.12519899010658264,,,,,,,,
,,,,,,,,,4.723684210526316e-08,359,,,,,,,,,
2,,,,,,,,,,359,0.045440658926963806,,,,,,,,
,,,,,,,,,4.789473684210526e-08,364,,,,,,,,,
2,,,,,,,,,,364,0.08569072186946869,,,,,,,,
,,,,,,,,,4.8552631578947366e-08,369,,,,,,,,,
2,,,,,,,,,,369,0.059720978140830994,,,,,,,,
,,,,,,,,,4.921052631578947e-08,374,,,,,,,,,
2,,,,,,,,,,374,0.05768611654639244,,,,,,,,
,,,,,,,,,4.9868421052631576e-08,379,,,,,,,,,
2,,,,,,,,,,379,0.06322654336690903,,,,,,,,
,,,,,,,,,5.052631578947368e-08,384,,,,,,,,,
2,,,,,,,,,,384,0.10804519057273865,,,,,,,,
,,,,,,,,,5.118421052631579e-08,389,,,,,,,,,
2,,,,,,,,,,389,0.07835101336240768,,,,,,,,
,,,,,,,,,5.1842105263157896e-08,394,,,,,,,,,
2,,,,,,,,,,394,0.12165425717830658,,,,,,,,
,,,,,,,,,5.2499999999999994e-08,399,,,,,,,,,
2,,,,,,,,,,399,0.07799192517995834,,,,,,,,
,,,,,,,,,5.3157894736842105e-08,404,,,,,,,,,
2,,,,,,,,,,404,0.15591564774513245,,,,,,,,
,,,,,,,,,5.381578947368421e-08,409,,,,,,,,,
2,,,,,,,,,,409,0.10030040889978409,,,,,,,,
,,,,,,,,,5.4473684210526314e-08,414,,,,,,,,,
2,,,,,,,,,,414,0.11160440742969513,,,,,,,,
,,,,,,,,,5.513157894736842e-08,419,,,,,,,,,
2,,,,,,,,,,419,0.05472180247306824,,,,,,,,
,,,,,,,,,5.578947368421052e-08,424,,,,,,,,,
2,,,,,,,,,,424,0.12184828519821167,,,,,,,,
,,,,,,,,,5.6447368421052634e-08,429,,,,,,,,,
2,,,,,,,,,,429,0.13550837337970734,,,,,,,,
,,,,,,,,,5.710526315789473e-08,434,,,,,,,,,
2,,,,,,,,,,434,0.02077661268413067,,,,,,,,
,,,,,,,,,5.776315789473684e-08,439,,,,,,,,,
2,,,,,,,,,,439,0.04210329428315163,,,,,,,,
,,,,,,,,,5.842105263157895e-08,444,,,,,,,,,
2,,,,,,,,,,444,0.08156222105026245,,,,,,,,
,,,,,,,,,5.9078947368421046e-08,449,,,,,,,,,
2,,,,,,,,,,449,0.1206398457288742,,,,,,,,
,,,,,,,,,5.973684210526315e-08,454,,,,,,,,,
2,,,,,,,,,,454,0.06958109885454178,,,,,,,,
2,,,,,,,,,,455,,0.42500001192092896,0.0,0.0824221521615982,0.0824221521615982,0.2052820473909378,0.0,0.0,0.18162204325199127
,,,,,,,,,6.039473684210527e-08,459,,,,,,,,,
3,,,,,,,,,,459,0.062228012830019,,,,,,,,
,,,,,,,,,6.105263157894736e-08,464,,,,,,,,,
3,,,,,,,,,,464,0.07776108384132385,,,,,,,,
,,,,,,,,,6.171052631578946e-08,469,,,,,,,,,
3,,,,,,,,,,469,0.013556440360844135,,,,,,,,
,,,,,,,,,6.236842105263158e-08,474,,,,,,,,,
3,,,,,,,,,,474,0.11561738699674606,,,,,,,,
,,,,,,,,,6.302631578947367e-08,479,,,,,,,,,
3,,,,,,,,,,479,0.09661455452442169,,,,,,,,
,,,,,,,,,6.368421052631579e-08,484,,,,,,,,,
3,,,,,,,,,,484,0.08430235087871552,,,,,,,,
,,,,,,,,,6.43421052631579e-08,489,,,,,,,,,
3,,,,,,,,,,489,0.07512154430150986,,,,,,,,
,,,,,,,,,6.5e-08,494,,,,,,,,,
3,,,,,,,,,,494,0.07319238781929016,,,,,,,,
,,,,,,,,,6.56578947368421e-08,499,,,,,,,,,
3,,,,,,,,,,499,0.027373913675546646,,,,,,,,
,,,,,,,,,6.631578947368421e-08,504,,,,,,,,,
3,,,,,,,,,,504,0.10606828331947327,,,,,,,,
,,,,,,,,,6.697368421052631e-08,509,,,,,,,,,
3,,,,,,,,,,509,0.11102800816297531,,,,,,,,
,,,,,,,,,6.763157894736842e-08,514,,,,,,,,,
3,,,,,,,,,,514,0.0738215297460556,,,,,,,,
,,,,,,,,,6.828947368421052e-08,519,,,,,,,,,
3,,,,,,,,,,519,0.07857049256563187,,,,,,,,
,,,,,,,,,6.894736842105263e-08,524,,,,,,,,,
3,,,,,,,,,,524,0.10082431882619858,,,,,,,,
,,,,,,,,,6.960526315789473e-08,529,,,,,,,,,
3,,,,,,,,,,529,0.06181265786290169,,,,,,,,
,,,,,,,,,7.026315789473685e-08,534,,,,,,,,,
3,,,,,,,,,,534,0.09553813934326172,,,,,,,,
,,,,,,,,,7.092105263157895e-08,539,,,,,,,,,
3,,,,,,,,,,539,0.08035310357809067,,,,,,,,
,,,,,,,,,7.157894736842105e-08,544,,,,,,,,,
3,,,,,,,,,,544,0.0889706164598465,,,,,,,,
,,,,,,,,,7.223684210526315e-08,549,,,,,,,,,
3,,,,,,,,,,549,0.06955448538064957,,,,,,,,
,,,,,,,,,7.289473684210525e-08,554,,,,,,,,,
3,,,,,,,,,,554,0.11595568805932999,,,,,,,,
,,,,,,,,,7.355263157894737e-08,559,,,,,,,,,
3,,,,,,,,,,559,0.05042370781302452,,,,,,,,
,,,,,,,,,7.421052631578948e-08,564,,,,,,,,,
3,,,,,,,,,,564,0.116217240691185,,,,,,,,
,,,,,,,,,7.486842105263158e-08,569,,,,,,,,,
3,,,,,,,,,,569,0.0769038274884224,,,,,,,,
,,,,,,,,,7.552631578947367e-08,574,,,,,,,,,
3,,,,,,,,,,574,0.07090971618890762,,,,,,,,
,,,,,,,,,7.618421052631578e-08,579,,,,,,,,,
3,,,,,,,,,,579,0.07594345510005951,,,,,,,,
,,,,,,,,,7.68421052631579e-08,584,,,,,,,,,
3,,,,,,,,,,584,0.12529289722442627,,,,,,,,
,,,,,,,,,7.75e-08,589,,,,,,,,,
3,,,,,,,,,,589,0.03411506488919258,,,,,,,,
,,,,,,,,,7.81578947368421e-08,594,,,,,,,,,
3,,,,,,,,,,594,0.03702443093061447,,,,,,,,
,,,,,,,,,7.881578947368421e-08,599,,,,,,,,,
3,,,,,,,,,,599,0.05939020961523056,,,,,,,,
,,,,,,,,,7.947368421052631e-08,604,,,,,,,,,
3,,,,,,,,,,604,0.12265271693468094,,,,,,,,
3,,,,,,,,,,607,,0.42500001192092896,0.0,0.08240485936403275,0.08240485936403275,0.19863852858543396,0.0,0.0,0.17306402325630188
,,,,,,,,,8.013157894736842e-08,609,,,,,,,,,
4,,,,,,,,,,609,0.09669297933578491,,,,,,,,
,,,,,,,,,8.078947368421052e-08,614,,,,,,,,,
4,,,,,,,,,,614,0.101826012134552,,,,,,,,
,,,,,,,,,8.144736842105263e-08,619,,,,,,,,,
4,,,,,,,,,,619,0.12806539237499237,,,,,,,,
,,,,,,,,,8.210526315789473e-08,624,,,,,,,,,
4,,,,,,,,,,624,0.1300882250070572,,,,,,,,
,,,,,,,,,8.276315789473684e-08,629,,,,,,,,,
4,,,,,,,,,,629,0.07454382628202438,,,,,,,,
,,,,,,,,,8.342105263157895e-08,634,,,,,,,,,
4,,,,,,,,,,634,0.10166919231414795,,,,,,,,
,,,,,,,,,8.407894736842106e-08,639,,,,,,,,,
4,,,,,,,,,,639,0.10840840637683868,,,,,,,,
,,,,,,,,,8.473684210526315e-08,644,,,,,,,,,
4,,,,,,,,,,644,0.09757466614246368,,,,,,,,
,,,,,,,,,8.539473684210525e-08,649,,,,,,,,,
4,,,,,,,,,,649,0.0796390250325203,,,,,,,,
,,,,,,,,,8.605263157894736e-08,654,,,,,,,,,
4,,,,,,,,,,654,0.09652435034513474,,,,,,,,
,,,,,,,,,8.671052631578948e-08,659,,,,,,,,,
4,,,,,,,,,,659,0.07080989331007004,,,,,,,,
,,,,,,,,,8.736842105263158e-08,664,,,,,,,,,
4,,,,,,,,,,664,0.07664908468723297,,,,,,,,
,,,,,,,,,8.802631578947368e-08,669,,,,,,,,,
4,,,,,,,,,,669,0.11325336247682571,,,,,,,,
,,,,,,,,,8.868421052631579e-08,674,,,,,,,,,
4,,,,,,,,,,674,0.05131152272224426,,,,,,,,
,,,,,,,,,8.934210526315788e-08,679,,,,,,,,,
4,,,,,,,,,,679,0.09305095672607422,,,,,,,,
,,,,,,,,,9e-08,684,,,,,,,,,
4,,,,,,,,,,684,0.08816201239824295,,,,,,,,
,,,,,,,,,9.06578947368421e-08,689,,,,,,,,,
4,,,,,,,,,,689,0.12335658818483353,,,,,,,,
,,,,,,,,,9.131578947368421e-08,694,,,,,,,,,
4,,,,,,,,,,694,0.029969466850161552,,,,,,,,
,,,,,,,,,9.197368421052631e-08,699,,,,,,,,,
4,,,,,,,,,,699,0.09270184487104416,,,,,,,,
,,,,,,,,,9.263157894736842e-08,704,,,,,,,,,
4,,,,,,,,,,704,0.11923503875732422,,,,,,,,
,,,,,,,,,9.328947368421053e-08,709,,,,,,,,,
4,,,,,,,,,,709,0.10720779001712799,,,,,,,,
,,,,,,,,,9.394736842105263e-08,714,,,,,,,,,
4,,,,,,,,,,714,0.06919179111719131,,,,,,,,
,,,,,,,,,9.460526315789473e-08,719,,,,,,,,,
4,,,,,,,,,,719,0.05824326351284981,,,,,,,,
,,,,,,,,,9.526315789473683e-08,724,,,,,,,,,
4,,,,,,,,,,724,0.050214871764183044,,,,,,,,
,,,,,,,,,9.592105263157894e-08,729,,,,,,,,,
4,,,,,,,,,,729,0.07850509881973267,,,,,,,,
,,,,,,,,,9.657894736842106e-08,734,,,,,,,,,
4,,,,,,,,,,734,0.07977990806102753,,,,,,,,
,,,,,,,,,9.723684210526316e-08,739,,,,,,,,,
4,,,,,,,,,,739,0.13562577962875366,,,,,,,,
,,,,,,,,,9.789473684210525e-08,744,,,,,,,,,
4,,,,,,,,,,744,0.0707450658082962,,,,,,,,
,,,,,,,,,9.855263157894736e-08,749,,,,,,,,,
4,,,,,,,,,,749,0.05196958780288696,,,,,,,,
,,,,,,,,,9.921052631578946e-08,754,,,,,,,,,
4,,,,,,,,,,754,0.08782343566417694,,,,,,,,
,,,,,,,,,9.986842105263158e-08,759,,,,,,,,,
4,,,,,,,,,,759,0.08762838691473007,,,,,,,,
4,,,,,,,,,,759,,0.42500001192092896,0.0,0.0823802500963211,0.0823802500963211,0.18750226497650146,0.0,0.0,0.1697421818971634
,,,,,,,,,1.0052631578947368e-07,764,,,,,,,,,
5,,,,,,,,,,764,0.0993003398180008,,,,,,,,
,,,,,,,,,1.0118421052631579e-07,769,,,,,,,,,
5,,,,,,,,,,769,0.10239215940237045,,,,,,,,
,,,,,,,,,1.018421052631579e-07,774,,,,,,,,,
5,,,,,,,,,,774,0.1266889125108719,,,,,,,,
,,,,,,,,,1.0249999999999998e-07,779,,,,,,,,,
5,,,,,,,,,,779,0.08603987097740173,,,,,,,,
,,,,,,,,,1.031578947368421e-07,784,,,,,,,,,
5,,,,,,,,,,784,0.07446757704019547,,,,,,,,
,,,,,,,,,1.0381578947368421e-07,789,,,,,,,,,
5,,,,,,,,,,789,0.0809389054775238,,,,,,,,
,,,,,,,,,1.0447368421052631e-07,794,,,,,,,,,
5,,,,,,,,,,794,0.09177712351083755,,,,,,,,
,,,,,,,,,1.0513157894736842e-07,799,,,,,,,,,
5,,,,,,,,,,799,0.09410333633422852,,,,,,,,
,,,,,,,,,1.0578947368421052e-07,804,,,,,,,,,
5,,,,,,,,,,804,0.07030216604471207,,,,,,,,
,,,,,,,,,1.0644736842105264e-07,809,,,,,,,,,
5,,,,,,,,,,809,0.02828069031238556,,,,,,,,
,,,,,,,,,1.0710526315789473e-07,814,,,,,,,,,
5,,,,,,,,,,814,0.07454516738653183,,,,,,,,
,,,,,,,,,1.0776315789473683e-07,819,,,,,,,,,
5,,,,,,,,,,819,0.08605606853961945,,,,,,,,
,,,,,,,,,1.0842105263157894e-07,824,,,,,,,,,
5,,,,,,,,,,824,0.09356850385665894,,,,,,,,
,,,,,,,,,1.0907894736842104e-07,829,,,,,,,,,
5,,,,,,,,,,829,0.0885281041264534,,,,,,,,
,,,,,,,,,1.0973684210526316e-07,834,,,,,,,,,
5,,,,,,,,,,834,0.06013371795415878,,,,,,,,
,,,,,,,,,1.1039473684210527e-07,839,,,,,,,,,
5,,,,,,,,,,839,0.1379900723695755,,,,,,,,
,,,,,,,,,1.1105263157894737e-07,844,,,,,,,,,
5,,,,,,,,,,844,0.09999578446149826,,,,,,,,
,,,,,,,,,1.1171052631578946e-07,849,,,,,,,,,
5,,,,,,,,,,849,0.09090980887413025,,,,,,,,
,,,,,,,,,1.1236842105263157e-07,854,,,,,,,,,
5,,,,,,,,,,854,0.1068417876958847,,,,,,,,
,,,,,,,,,1.1302631578947368e-07,859,,,,,,,,,
5,,,,,,,,,,859,0.06405609846115112,,,,,,,,
,,,,,,,,,1.1368421052631579e-07,864,,,,,,,,,
5,,,,,,,,,,864,0.06350472569465637,,,,,,,,
,,,,,,,,,1.1434210526315789e-07,869,,,,,,,,,
5,,,,,,,,,,869,0.05282878503203392,,,,,,,,
,,,,,,,,,1.15e-07,874,,,,,,,,,
5,,,,,,,,,,874,0.03778136521577835,,,,,,,,
,,,,,,,,,1.1565789473684209e-07,879,,,,,,,,,
5,,,,,,,,,,879,0.10231933742761612,,,,,,,,
,,,,,,,,,1.163157894736842e-07,884,,,,,,,,,
5,,,,,,,,,,884,0.08818694204092026,,,,,,,,
,,,,,,,,,1.1697368421052631e-07,889,,,,,,,,,
5,,,,,,,,,,889,0.06136343255639076,,,,,,,,
,,,,,,,,,1.1763157894736842e-07,894,,,,,,,,,
5,,,,,,,,,,894,0.08146670460700989,,,,,,,,
,,,,,,,,,1.1828947368421052e-07,899,,,,,,,,,
5,,,,,,,,,,899,0.12725792825222015,,,,,,,,
,,,,,,,,,1.1894736842105262e-07,904,,,,,,,,,
5,,,,,,,,,,904,0.0712314024567604,,,,,,,,
,,,,,,,,,1.1960526315789474e-07,909,,,,,,,,,
5,,,,,,,,,,909,0.0476534478366375,,,,,,,,
5,,,,,,,,,,911,,0.42500001192092896,0.0,0.08234793692827225,0.08234793692827225,0.17396637797355652,0.0,0.0,0.1488671451807022
,,,,,,,,,1.2026315789473682e-07,914,,,,,,,,,
6,,,,,,,,,,914,0.08779276907444,,,,,,,,
,,,,,,,,,1.2092105263157893e-07,919,,,,,,,,,
6,,,,,,,,,,919,0.04307863488793373,,,,,,,,
,,,,,,,,,1.2157894736842106e-07,924,,,,,,,,,
6,,,,,,,,,,924,0.05467996001243591,,,,,,,,
,,,,,,,,,1.2223684210526316e-07,929,,,,,,,,,
6,,,,,,,,,,929,0.07567062973976135,,,,,,,,
,,,,,,,,,1.2289473684210527e-07,934,,,,,,,,,
6,,,,,,,,,,934,0.0442839115858078,,,,,,,,
,,,,,,,,,1.2355263157894737e-07,939,,,,,,,,,
6,,,,,,,,,,939,0.09260070323944092,,,,,,,,
,,,,,,,,,1.2421052631578947e-07,944,,,,,,,,,
6,,,,,,,,,,944,0.0757601261138916,,,,,,,,
,,,,,,,,,1.2486842105263158e-07,949,,,,,,,,,
6,,,,,,,,,,949,0.06969252973794937,,,,,,,,
,,,,,,,,,1.2552631578947368e-07,954,,,,,,,,,
6,,,,,,,,,,954,0.11124040186405182,,,,,,,,
,,,,,,,,,1.261842105263158e-07,959,,,,,,,,,
6,,,,,,,,,,959,0.10317759215831757,,,,,,,,
,,,,,,,,,1.268421052631579e-07,964,,,,,,,,,
6,,,,,,,,,,964,0.10157676786184311,,,,,,,,
,,,,,,,,,1.275e-07,969,,,,,,,,,
6,,,,,,,,,,969,0.02447368949651718,,,,,,,,
,,,,,,,,,1.281578947368421e-07,974,,,,,,,,,
6,,,,,,,,,,974,0.06905506551265717,,,,,,,,
,,,,,,,,,1.288157894736842e-07,979,,,,,,,,,
6,,,,,,,,,,979,0.05453706905245781,,,,,,,,
,,,,,,,,,1.294736842105263e-07,984,,,,,,,,,
6,,,,,,,,,,984,0.09135548770427704,,,,,,,,
,,,,,,,,,1.3013157894736842e-07,989,,,,,,,,,
6,,,,,,,,,,989,0.09062782675027847,,,,,,,,
,,,,,,,,,1.3078947368421055e-07,994,,,,,,,,,
6,,,,,,,,,,994,0.10199349373579025,,,,,,,,
,,,,,,,,,1.3144736842105262e-07,999,,,,,,,,,
6,,,,,,,,,,999,0.09592292457818985,,,,,,,,
,,,,,,,,,1.3210526315789473e-07,1004,,,,,,,,,
6,,,,,,,,,,1004,0.07155929505825043,,,,,,,,
,,,,,,,,,1.3276315789473683e-07,1009,,,,,,,,,
6,,,,,,,,,,1009,0.08875827491283417,,,,,,,,
,,,,,,,,,1.3342105263157894e-07,1014,,,,,,,,,
6,,,,,,,,,,1014,0.11757233738899231,,,,,,,,
,,,,,,,,,1.3407894736842104e-07,1019,,,,,,,,,
6,,,,,,,,,,1019,0.020903777331113815,,,,,,,,
,,,,,,,,,1.3473684210526315e-07,1024,,,,,,,,,
6,,,,,,,,,,1024,0.05704466998577118,,,,,,,,
,,,,,,,,,1.3539473684210525e-07,1029,,,,,,,,,
6,,,,,,,,,,1029,0.11056425422430038,,,,,,,,
,,,,,,,,,1.3605263157894736e-07,1034,,,,,,,,,
6,,,,,,,,,,1034,0.14811795949935913,,,,,,,,
,,,,,,,,,1.3671052631578946e-07,1039,,,,,,,,,
6,,,,,,,,,,1039,0.07985549420118332,,,,,,,,
,,,,,,,,,1.3736842105263156e-07,1044,,,,,,,,,
6,,,,,,,,,,1044,0.14151601493358612,,,,,,,,
,,,,,,,,,1.380263157894737e-07,1049,,,,,,,,,
6,,,,,,,,,,1049,0.12351182848215103,,,,,,,,
,,,,,,,,,1.386842105263158e-07,1054,,,,,,,,,
6,,,,,,,,,,1054,0.10677193850278854,,,,,,,,
,,,,,,,,,1.393421052631579e-07,1059,,,,,,,,,
6,,,,,,,,,,1059,0.07306617498397827,,,,,,,,
6,,,,,,,,,,1063,,0.42500001192092896,0.0,0.08231596648693085,0.08231596648693085,0.16453582048416138,0.0,0.0,0.1522761583328247
,,,,,,,,,1.4e-07,1064,,,,,,,,,
7,,,,,,,,,,1064,0.15592797100543976,,,,,,,,
,,,,,,,,,1.406578947368421e-07,1069,,,,,,,,,
7,,,,,,,,,,1069,0.06487362831830978,,,,,,,,
,,,,,,,,,1.413157894736842e-07,1074,,,,,,,,,
7,,,,,,,,,,1074,0.14818726480007172,,,,,,,,
,,,,,,,,,1.419736842105263e-07,1079,,,,,,,,,
7,,,,,,,,,,1079,0.11113211512565613,,,,,,,,
,,,,,,,,,1.426315789473684e-07,1084,,,,,,,,,
7,,,,,,,,,,1084,0.052311208099126816,,,,,,,,
,,,,,,,,,1.432894736842105e-07,1089,,,,,,,,,
7,,,,,,,,,,1089,0.09111424535512924,,,,,,,,
,,,,,,,,,1.439473684210526e-07,1094,,,,,,,,,
7,,,,,,,,,,1094,0.11082224547863007,,,,,,,,
,,,,,,,,,1.4460526315789474e-07,1099,,,,,,,,,
7,,,,,,,,,,1099,0.05206688120961189,,,,,,,,
,,,,,,,,,1.4526315789473685e-07,1104,,,,,,,,,
7,,,,,,,,,,1104,0.056394897401332855,,,,,,,,
,,,,,,,,,1.4592105263157895e-07,1109,,,,,,,,,
7,,,,,,,,,,1109,0.05173196271061897,,,,,,,,
,,,,,,,,,1.4657894736842105e-07,1114,,,,,,,,,
7,,,,,,,,,,1114,0.06909102946519852,,,,,,,,
,,,,,,,,,1.4723684210526316e-07,1119,,,,,,,,,
7,,,,,,,,,,1119,0.07580315321683884,,,,,,,,
,,,,,,,,,1.4789473684210526e-07,1124,,,,,,,,,
7,,,,,,,,,,1124,0.07769722491502762,,,,,,,,
,,,,,,,,,1.4855263157894737e-07,1129,,,,,,,,,
7,,,,,,,,,,1129,0.10469835996627808,,,,,,,,
,,,,,,,,,1.4921052631578945e-07,1134,,,,,,,,,
7,,,,,,,,,,1134,0.10177674144506454,,,,,,,,
,,,,,,,,,1.4986842105263155e-07,1139,,,,,,,,,
7,,,,,,,,,,1139,0.07266759872436523,,,,,,,,
,,,,,,,,,1.5052631578947366e-07,1144,,,,,,,,,
7,,,,,,,,,,1144,0.05090475082397461,,,,,,,,
,,,,,,,,,1.5118421052631579e-07,1149,,,,,,,,,
7,,,,,,,,,,1149,0.06559678912162781,,,,,,,,
,,,,,,,,,1.518421052631579e-07,1154,,,,,,,,,
7,,,,,,,,,,1154,0.10397706925868988,,,,,,,,
,,,,,,,,,1.525e-07,1159,,,,,,,,,
7,,,,,,,,,,1159,0.017252760007977486,,,,,,,,
,,,,,,,,,1.531578947368421e-07,1164,,,,,,,,,
7,,,,,,,,,,1164,0.04524478316307068,,,,,,,,
,,,,,,,,,1.538157894736842e-07,1169,,,,,,,,,
7,,,,,,,,,,1169,0.04618445411324501,,,,,,,,
,,,,,,,,,1.544736842105263e-07,1174,,,,,,,,,
7,,,,,,,,,,1174,0.06595348566770554,,,,,,,,
,,,,,,,,,1.5513157894736841e-07,1179,,,,,,,,,
7,,,,,,,,,,1179,0.06457992643117905,,,,,,,,
,,,,,,,,,1.5578947368421052e-07,1184,,,,,,,,,
7,,,,,,,,,,1184,0.0636247918009758,,,,,,,,
,,,,,,,,,1.5644736842105262e-07,1189,,,,,,,,,
7,,,,,,,,,,1189,0.1015297994017601,,,,,,,,
,,,,,,,,,1.5710526315789473e-07,1194,,,,,,,,,
7,,,,,,,,,,1194,0.08050066977739334,,,,,,,,
,,,,,,,,,1.5776315789473686e-07,1199,,,,,,,,,
7,,,,,,,,,,1199,0.033491358160972595,,,,,,,,
,,,,,,,,,1.5842105263157894e-07,1204,,,,,,,,,
7,,,,,,,,,,1204,0.14930550754070282,,,,,,,,
,,,,,,,,,1.5907894736842104e-07,1209,,,,,,,,,
7,,,,,,,,,,1209,0.09334885329008102,,,,,,,,
,,,,,,,,,1.5973684210526315e-07,1214,,,,,,,,,
7,,,,,,,,,,1214,0.09097250550985336,,,,,,,,
7,,,,,,,,,,1215,,0.42500001192092896,0.0,0.08227475732564926,0.08227475732564926,0.1446964144706726,0.0,0.0,0.12927642464637756
,,,,,,,,,1.6039473684210525e-07,1219,,,,,,,,,
8,,,,,,,,,,1219,0.04976049065589905,,,,,,,,
,,,,,,,,,1.6105263157894735e-07,1224,,,,,,,,,
8,,,,,,,,,,1224,0.0946812778711319,,,,,,,,
,,,,,,,,,1.6171052631578946e-07,1229,,,,,,,,,
8,,,,,,,,,,1229,0.10368415713310242,,,,,,,,
,,,,,,,,,1.6236842105263156e-07,1234,,,,,,,,,
8,,,,,,,,,,1234,0.047925133258104324,,,,,,,,
,,,,,,,,,1.6302631578947367e-07,1239,,,,,,,,,
8,,,,,,,,,,1239,0.10572236031293869,,,,,,,,
,,,,,,,,,1.6368421052631577e-07,1244,,,,,,,,,
8,,,,,,,,,,1244,0.07844314724206924,,,,,,,,
,,,,,,,,,1.643421052631579e-07,1249,,,,,,,,,
8,,,,,,,,,,1249,0.10061252862215042,,,,,,,,
,,,,,,,,,1.65e-07,1254,,,,,,,,,
8,,,,,,,,,,1254,0.13766427338123322,,,,,,,,
,,,,,,,,,1.656578947368421e-07,1259,,,,,,,,,
8,,,,,,,,,,1259,0.1398761123418808,,,,,,,,
,,,,,,,,,1.6631578947368422e-07,1264,,,,,,,,,
8,,,,,,,,,,1264,0.05529337748885155,,,,,,,,
,,,,,,,,,1.669736842105263e-07,1269,,,,,,,,,
8,,,,,,,,,,1269,0.027764858677983284,,,,,,,,
,,,,,,,,,1.676315789473684e-07,1274,,,,,,,,,
8,,,,,,,,,,1274,0.09819941967725754,,,,,,,,
,,,,,,,,,1.682894736842105e-07,1279,,,,,,,,,
8,,,,,,,,,,1279,0.04630462825298309,,,,,,,,
,,,,,,,,,1.689473684210526e-07,1284,,,,,,,,,
8,,,,,,,,,,1284,0.05463307350873947,,,,,,,,
,,,,,,,,,1.6960526315789471e-07,1289,,,,,,,,,
8,,,,,,,,,,1289,0.05700821429491043,,,,,,,,
,,,,,,,,,1.7026315789473682e-07,1294,,,,,,,,,
8,,,,,,,,,,1294,0.0809468924999237,,,,,,,,
,,,,,,,,,1.7092105263157895e-07,1299,,,,,,,,,
8,,,,,,,,,,1299,0.043185438960790634,,,,,,,,
,,,,,,,,,1.7157894736842105e-07,1304,,,,,,,,,
8,,,,,,,,,,1304,0.08417967706918716,,,,,,,,
,,,,,,,,,1.7223684210526316e-07,1309,,,,,,,,,
8,,,,,,,,,,1309,0.11893340945243835,,,,,,,,
,,,,,,,,,1.7289473684210526e-07,1314,,,,,,,,,
8,,,,,,,,,,1314,0.04502347484230995,,,,,,,,
,,,,,,,,,1.7355263157894737e-07,1319,,,,,,,,,
8,,,,,,,,,,1319,0.02791624329984188,,,,,,,,
,,,,,,,,,1.7421052631578947e-07,1324,,,,,,,,,
8,,,,,,,,,,1324,0.07162486761808395,,,,,,,,
,,,,,,,,,1.7486842105263158e-07,1329,,,,,,,,,
8,,,,,,,,,,1329,0.057351406663656235,,,,,,,,
,,,,,,,,,1.7552631578947368e-07,1334,,,,,,,,,
8,,,,,,,,,,1334,0.05295635387301445,,,,,,,,
,,,,,,,,,1.7618421052631576e-07,1339,,,,,,,,,
8,,,,,,,,,,1339,0.10689020156860352,,,,,,,,
,,,,,,,,,1.7684210526315786e-07,1344,,,,,,,,,
8,,,,,,,,,,1344,0.062178704887628555,,,,,,,,
,,,,,,,,,1.775e-07,1349,,,,,,,,,
8,,,,,,,,,,1349,0.11323806643486023,,,,,,,,
,,,,,,,,,1.781578947368421e-07,1354,,,,,,,,,
8,,,,,,,,,,1354,0.10193769633769989,,,,,,,,
,,,,,,,,,1.788157894736842e-07,1359,,,,,,,,,
8,,,,,,,,,,1359,0.07136556506156921,,,,,,,,
,,,,,,,,,1.794736842105263e-07,1364,,,,,,,,,
8,,,,,,,,,,1364,0.01839408278465271,,,,,,,,
8,,,,,,,,,,1367,,0.42500001192092896,0.0,0.08223102986812592,0.08223102986812592,0.12086556851863861,0.0,0.0,0.11684589833021164
,,,,,,,,,1.801315789473684e-07,1369,,,,,,,,,
9,,,,,,,,,,1369,0.06485012918710709,,,,,,,,
,,,,,,,,,1.8078947368421052e-07,1374,,,,,,,,,
9,,,,,,,,,,1374,0.1337205320596695,,,,,,,,
,,,,,,,,,1.8144736842105262e-07,1379,,,,,,,,,
9,,,,,,,,,,1379,0.0771271362900734,,,,,,,,
,,,,,,,,,1.8210526315789473e-07,1384,,,,,,,,,
9,,,,,,,,,,1384,0.09121745079755783,,,,,,,,
,,,,,,,,,1.8276315789473683e-07,1389,,,,,,,,,
9,,,,,,,,,,1389,0.08864011615514755,,,,,,,,
,,,,,,,,,1.8342105263157894e-07,1394,,,,,,,,,
9,,,,,,,,,,1394,0.12034842371940613,,,,,,,,
,,,,,,,,,1.8407894736842107e-07,1399,,,,,,,,,
9,,,,,,,,,,1399,0.13821905851364136,,,,,,,,
,,,,,,,,,1.8473684210526317e-07,1404,,,,,,,,,
9,,,,,,,,,,1404,0.11360114067792892,,,,,,,,
,,,,,,,,,1.8539473684210525e-07,1409,,,,,,,,,
9,,,,,,,,,,1409,0.08758191019296646,,,,,,,,
,,,,,,,,,1.8605263157894735e-07,1414,,,,,,,,,
9,,,,,,,,,,1414,0.07723307609558105,,,,,,,,
,,,,,,,,,1.8671052631578946e-07,1419,,,,,,,,,
9,,,,,,,,,,1419,0.13393475115299225,,,,,,,,
,,,,,,,,,1.8736842105263156e-07,1424,,,,,,,,,
9,,,,,,,,,,1424,0.0952916070818901,,,,,,,,
,,,,,,,,,1.8802631578947367e-07,1429,,,,,,,,,
9,,,,,,,,,,1429,0.030374577268958092,,,,,,,,
,,,,,,,,,1.8868421052631577e-07,1434,,,,,,,,,
9,,,,,,,,,,1434,0.10358013957738876,,,,,,,,
,,,,,,,,,1.8934210526315788e-07,1439,,,,,,,,,
9,,,,,,,,,,1439,0.06806322932243347,,,,,,,,
,,,,,,,,,1.8999999999999998e-07,1444,,,,,,,,,
9,,,,,,,,,,1444,0.08519795536994934,,,,,,,,
,,,,,,,,,1.906578947368421e-07,1449,,,,,,,,,
9,,,,,,,,,,1449,0.12563803791999817,,,,,,,,
,,,,,,,,,1.9131578947368422e-07,1454,,,,,,,,,
9,,,,,,,,,,1454,0.061251573264598846,,,,,,,,
,,,,,,,,,1.9197368421052632e-07,1459,,,,,,,,,
9,,,,,,,,,,1459,0.052850961685180664,,,,,,,,
,,,,,,,,,1.9263157894736843e-07,1464,,,,,,,,,
9,,,,,,,,,,1464,0.07695414125919342,,,,,,,,
,,,,,,,,,1.9328947368421053e-07,1469,,,,,,,,,
9,,,,,,,,,,1469,0.03551672026515007,,,,,,,,
,,,,,,,,,1.939473684210526e-07,1474,,,,,,,,,
9,,,,,,,,,,1474,0.07113435119390488,,,,,,,,
,,,,,,,,,1.946052631578947e-07,1479,,,,,,,,,
9,,,,,,,,,,1479,0.09413217753171921,,,,,,,,
,,,,,,,,,1.9526315789473682e-07,1484,,,,,,,,,
9,,,,,,,,,,1484,0.07008887827396393,,,,,,,,
,,,,,,,,,1.9592105263157892e-07,1489,,,,,,,,,
9,,,,,,,,,,1489,0.0853913426399231,,,,,,,,
,,,,,,,,,1.9657894736842103e-07,1494,,,,,,,,,
9,,,,,,,,,,1494,0.07165524363517761,,,,,,,,
,,,,,,,,,1.9723684210526316e-07,1499,,,,,,,,,
9,,,,,,,,,,1499,0.07000666856765747,,,,,,,,
,,,,,,,,,1.9789473684210526e-07,1504,,,,,,,,,
9,,,,,,,,,,1504,0.11116252839565277,,,,,,,,
,,,,,,,,,1.9855263157894737e-07,1509,,,,,,,,,
9,,,,,,,,,,1509,0.08967061340808868,,,,,,,,
,,,,,,,,,1.9921052631578947e-07,1514,,,,,,,,,
9,,,,,,,,,,1514,0.09173329919576645,,,,,,,,
,,,,,,,,,1.9986842105263158e-07,1519,,,,,,,,,
9,,,,,,,,,,1519,0.09365823864936829,,,,,,,,
9,,,,,,,,,,1519,,0.42500001192092896,0.0,0.08218483626842499,0.08218483626842499,0.10453253984451294,0.0,0.0,0.08534648269414902
,,,,,,,,,2.0052631578947368e-07,1524,,,,,,,,,
10,,,,,,,,,,1524,0.10893888771533966,,,,,,,,
,,,,,,,,,2.0118421052631578e-07,1529,,,,,,,,,
10,,,,,,,,,,1529,0.11588849872350693,,,,,,,,
,,,,,,,,,2.018421052631579e-07,1534,,,,,,,,,
10,,,,,,,,,,1534,0.0660286396741867,,,,,,,,
,,,,,,,,,2.025e-07,1539,,,,,,,,,
10,,,,,,,,,,1539,0.11586075276136398,,,,,,,,
,,,,,,,,,2.0315789473684207e-07,1544,,,,,,,,,
10,,,,,,,,,,1544,0.09588771313428879,,,,,,,,
,,,,,,,,,2.038157894736842e-07,1549,,,,,,,,,
10,,,,,,,,,,1549,0.13180027902126312,,,,,,,,
,,,,,,,,,2.044736842105263e-07,1554,,,,,,,,,
10,,,,,,,,,,1554,0.09774758666753769,,,,,,,,
,,,,,,,,,2.051315789473684e-07,1559,,,,,,,,,
10,,,,,,,,,,1559,0.10147102177143097,,,,,,,,
,,,,,,,,,2.0578947368421052e-07,1564,,,,,,,,,
10,,,,,,,,,,1564,0.0884895771741867,,,,,,,,
,,,,,,,,,2.0644736842105262e-07,1569,,,,,,,,,
10,,,,,,,,,,1569,0.06876469403505325,,,,,,,,
,,,,,,,,,2.0710526315789473e-07,1574,,,,,,,,,
10,,,,,,,,,,1574,0.06787987053394318,,,,,,,,
,,,,,,,,,2.0776315789473683e-07,1579,,,,,,,,,
10,,,,,,,,,,1579,0.08633127063512802,,,,,,,,
,,,,,,,,,2.0842105263157893e-07,1584,,,,,,,,,
10,,,,,,,,,,1584,0.04246878996491432,,,,,,,,
,,,,,,,,,2.0907894736842104e-07,1589,,,,,,,,,
10,,,,,,,,,,1589,0.10206905007362366,,,,,,,,
,,,,,,,,,2.0973684210526314e-07,1594,,,,,,,,,
10,,,,,,,,,,1594,0.043601565062999725,,,,,,,,
,,,,,,,,,2.1039473684210527e-07,1599,,,,,,,,,
10,,,,,,,,,,1599,0.07361648976802826,,,,,,,,
,,,,,,,,,2.1105263157894738e-07,1604,,,,,,,,,
10,,,,,,,,,,1604,0.02848081663250923,,,,,,,,
,,,,,,,,,2.1171052631578946e-07,1609,,,,,,,,,
10,,,,,,,,,,1609,0.09063597768545151,,,,,,,,
,,,,,,,,,2.1236842105263156e-07,1614,,,,,,,,,
10,,,,,,,,,,1614,0.11889860033988953,,,,,,,,
,,,,,,,,,2.1302631578947367e-07,1619,,,,,,,,,
10,,,,,,,,,,1619,0.0887911468744278,,,,,,,,
,,,,,,,,,2.1368421052631577e-07,1624,,,,,,,,,
10,,,,,,,,,,1624,0.030805619433522224,,,,,,,,
,,,,,,,,,2.1434210526315788e-07,1629,,,,,,,,,
10,,,,,,,,,,1629,0.05766182020306587,,,,,,,,
,,,,,,,,,2.1499999999999998e-07,1634,,,,,,,,,
10,,,,,,,,,,1634,0.07580189406871796,,,,,,,,
,,,,,,,,,2.1565789473684208e-07,1639,,,,,,,,,
10,,,,,,,,,,1639,0.09513959288597107,,,,,,,,
,,,,,,,,,2.163157894736842e-07,1644,,,,,,,,,
10,,,,,,,,,,1644,0.0930536612868309,,,,,,,,
,,,,,,,,,2.1697368421052632e-07,1649,,,,,,,,,
10,,,,,,,,,,1649,0.04436367750167847,,,,,,,,
,,,,,,,,,2.1763157894736842e-07,1654,,,,,,,,,
10,,,,,,,,,,1654,0.11507871747016907,,,,,,,,
,,,,,,,,,2.1828947368421053e-07,1659,,,,,,,,,
10,,,,,,,,,,1659,0.044459834694862366,,,,,,,,
,,,,,,,,,2.1894736842105263e-07,1664,,,,,,,,,
10,,,,,,,,,,1664,0.08371734619140625,,,,,,,,
,,,,,,,,,2.1960526315789474e-07,1669,,,,,,,,,
10,,,,,,,,,,1669,0.04668809846043587,,,,,,,,
10,,,,,,,,,,1671,,0.42500001192092896,0.0,0.08214037120342255,0.08214037120342255,0.07257790118455887,0.0,0.0,0.061061061918735504
,,,,,,,,,2.2026315789473684e-07,1674,,,,,,,,,
11,,,,,,,,,,1674,0.1172400489449501,,,,,,,,
,,,,,,,,,2.2092105263157892e-07,1679,,,,,,,,,
11,,,,,,,,,,1679,0.12278919667005539,,,,,,,,
,,,,,,,,,2.2157894736842103e-07,1684,,,,,,,,,
11,,,,,,,,,,1684,0.06448566168546677,,,,,,,,
,,,,,,,,,2.2223684210526313e-07,1689,,,,,,,,,
11,,,,,,,,,,1689,0.05513706058263779,,,,,,,,
,,,,,,,,,2.2289473684210523e-07,1694,,,,,,,,,
11,,,,,,,,,,1694,0.04520145803689957,,,,,,,,
,,,,,,,,,2.2355263157894737e-07,1699,,,,,,,,,
11,,,,,,,,,,1699,0.1080261692404747,,,,,,,,
,,,,,,,,,2.2421052631578947e-07,1704,,,,,,,,,
11,,,,,,,,,,1704,0.13483934104442596,,,,,,,,
,,,,,,,,,2.2486842105263157e-07,1709,,,,,,,,,
11,,,,,,,,,,1709,0.09340238571166992,,,,,,,,
,,,,,,,,,2.2552631578947368e-07,1714,,,,,,,,,
11,,,,,,,,,,1714,0.07490921765565872,,,,,,,,
,,,,,,,,,2.2618421052631578e-07,1719,,,,,,,,,
11,,,,,,,,,,1719,0.1065666452050209,,,,,,,,
,,,,,,,,,2.268421052631579e-07,1724,,,,,,,,,
11,,,,,,,,,,1724,0.07696627080440521,,,,,,,,
,,,,,,,,,2.275e-07,1729,,,,,,,,,
11,,,,,,,,,,1729,0.060377851128578186,,,,,,,,
,,,,,,,,,2.281578947368421e-07,1734,,,,,,,,,
11,,,,,,,,,,1734,0.05746147781610489,,,,,,,,
,,,,,,,,,2.288157894736842e-07,1739,,,,,,,,,
11,,,,,,,,,,1739,0.037237510085105896,,,,,,,,
,,,,,,,,,2.2947368421052628e-07,1744,,,,,,,,,
11,,,,,,,,,,1744,0.12948717176914215,,,,,,,,
,,,,,,,,,2.301315789473684e-07,1749,,,,,,,,,
11,,,,,,,,,,1749,0.08249794691801071,,,,,,,,
,,,,,,,,,2.3078947368421052e-07,1754,,,,,,,,,
11,,,,,,,,,,1754,0.045224133878946304,,,,,,,,
,,,,,,,,,2.3144736842105262e-07,1759,,,,,,,,,
11,,,,,,,,,,1759,0.08629874140024185,,,,,,,,
,,,,,,,,,2.3210526315789472e-07,1764,,,,,,,,,
11,,,,,,,,,,1764,0.05029788985848427,,,,,,,,
,,,,,,,,,2.3276315789473683e-07,1769,,,,,,,,,
11,,,,,,,,,,1769,0.09186843782663345,,,,,,,,
,,,,,,,,,2.3342105263157893e-07,1774,,,,,,,,,
11,,,,,,,,,,1774,0.06207891181111336,,,,,,,,
,,,,,,,,,2.3407894736842104e-07,1779,,,,,,,,,
11,,,,,,,,,,1779,0.05375455692410469,,,,,,,,
,,,,,,,,,2.3473684210526314e-07,1784,,,,,,,,,
11,,,,,,,,,,1784,0.11523912101984024,,,,,,,,
,,,,,,,,,2.3539473684210525e-07,1789,,,,,,,,,
11,,,,,,,,,,1789,0.0908154621720314,,,,,,,,
,,,,,,,,,2.3605263157894735e-07,1794,,,,,,,,,
11,,,,,,,,,,1794,0.06421192735433578,,,,,,,,
,,,,,,,,,2.3671052631578948e-07,1799,,,,,,,,,
11,,,,,,,,,,1799,0.07619216293096542,,,,,,,,
,,,,,,,,,2.373684210526316e-07,1804,,,,,,,,,
11,,,,,,,,,,1804,0.07797852903604507,,,,,,,,
,,,,,,,,,2.380263157894737e-07,1809,,,,,,,,,
11,,,,,,,,,,1809,0.06741303950548172,,,,,,,,
,,,,,,,,,2.3868421052631577e-07,1814,,,,,,,,,
11,,,,,,,,,,1814,0.08224471658468246,,,,,,,,
,,,,,,,,,2.393421052631579e-07,1819,,,,,,,,,
11,,,,,,,,,,1819,0.06818010658025742,,,,,,,,
11,,,,,,,,,,1823,,0.42500001192092896,0.0,0.08208570629358292,0.08208570629358292,0.05799614638090134,0.0,0.0,0.04181050509214401
,,,,,,,,,2.4e-07,1824,,,,,,,,,
12,,,,,,,,,,1824,0.09920912235975266,,,,,,,,
,,,,,,,,,2.406578947368421e-07,1829,,,,,,,,,
12,,,,,,,,,,1829,0.0649666115641594,,,,,,,,
,,,,,,,,,2.413157894736842e-07,1834,,,,,,,,,
12,,,,,,,,,,1834,0.05895993113517761,,,,,,,,
,,,,,,,,,2.419736842105263e-07,1839,,,,,,,,,
12,,,,,,,,,,1839,0.12864544987678528,,,,,,,,
,,,,,,,,,2.426315789473684e-07,1844,,,,,,,,,
12,,,,,,,,,,1844,0.0542442612349987,,,,,,,,
,,,,,,,,,2.432894736842105e-07,1849,,,,,,,,,
12,,,,,,,,,,1849,0.060109611600637436,,,,,,,,
,,,,,,,,,2.439473684210526e-07,1854,,,,,,,,,
12,,,,,,,,,,1854,0.09363096207380295,,,,,,,,
,,,,,,,,,2.446052631578947e-07,1859,,,,,,,,,
12,,,,,,,,,,1859,0.0962420329451561,,,,,,,,
,,,,,,,,,2.452631578947368e-07,1864,,,,,,,,,
12,,,,,,,,,,1864,0.11822865158319473,,,,,,,,
,,,,,,,,,2.459210526315789e-07,1869,,,,,,,,,
12,,,,,,,,,,1869,0.12708890438079834,,,,,,,,
,,,,,,,,,2.465789473684211e-07,1874,,,,,,,,,
12,,,,,,,,,,1874,0.10531283169984818,,,,,,,,
,,,,,,,,,2.472368421052632e-07,1879,,,,,,,,,
12,,,,,,,,,,1879,0.12104608863592148,,,,,,,,
,,,,,,,,,2.4789473684210523e-07,1884,,,,,,,,,
12,,,,,,,,,,1884,0.10053406655788422,,,,,,,,
,,,,,,,,,2.4855263157894734e-07,1889,,,,,,,,,
12,,,,,,,,,,1889,0.037638772279024124,,,,,,,,
,,,,,,,,,2.4921052631578944e-07,1894,,,,,,,,,
12,,,,,,,,,,1894,0.08668041974306107,,,,,,,,
,,,,,,,,,2.4986842105263155e-07,1899,,,,,,,,,
12,,,,,,,,,,1899,0.08107777684926987,,,,,,,,
,,,,,,,,,2.505263157894737e-07,1904,,,,,,,,,
12,,,,,,,,,,1904,0.1296224147081375,,,,,,,,
,,,,,,,,,2.5118421052631576e-07,1909,,,,,,,,,
12,,,,,,,,,,1909,0.09178315103054047,,,,,,,,
,,,,,,,,,2.5184210526315786e-07,1914,,,,,,,,,
12,,,,,,,,,,1914,0.111861452460289,,,,,,,,
,,,,,,,,,2.5249999999999996e-07,1919,,,,,,,,,
12,,,,,,,,,,1919,0.18875499069690704,,,,,,,,
,,,,,,,,,2.5315789473684207e-07,1924,,,,,,,,,
12,,,,,,,,,,1924,0.07845481485128403,,,,,,,,
,,,,,,,,,2.5381578947368423e-07,1929,,,,,,,,,
12,,,,,,,,,,1929,0.020232120528817177,,,,,,,,
,,,,,,,,,2.544736842105263e-07,1934,,,,,,,,,
12,,,,,,,,,,1934,0.08326619863510132,,,,,,,,
,,,,,,,,,2.5513157894736844e-07,1939,,,,,,,,,
12,,,,,,,,,,1939,0.11184697598218918,,,,,,,,
,,,,,,,,,2.557894736842105e-07,1944,,,,,,,,,
12,,,,,,,,,,1944,0.06794469803571701,,,,,,,,
,,,,,,,,,2.5644736842105264e-07,1949,,,,,,,,,
12,,,,,,,,,,1949,0.12336961179971695,,,,,,,,
,,,,,,,,,2.571052631578947e-07,1954,,,,,,,,,
12,,,,,,,,,,1954,0.08367712050676346,,,,,,,,
,,,,,,,,,2.5776315789473685e-07,1959,,,,,,,,,
12,,,,,,,,,,1959,0.17952316999435425,,,,,,,,
,,,,,,,,,2.584210526315789e-07,1964,,,,,,,,,
12,,,,,,,,,,1964,0.07583816349506378,,,,,,,,
,,,,,,,,,2.5907894736842106e-07,1969,,,,,,,,,
12,,,,,,,,,,1969,0.05131042003631592,,,,,,,,
,,,,,,,,,2.5973684210526317e-07,1974,,,,,,,,,
12,,,,,,,,,,1974,0.16218693554401398,,,,,,,,
12,,,,,,,,,,1975,,0.42500001192092896,0.0,0.08201096206903458,0.08201096206903458,0.06632983684539795,0.0,0.0,0.04441632330417633
,,,,,,,,,2.6039473684210527e-07,1979,,,,,,,,,
13,,,,,,,,,,1979,0.09631878137588501,,,,,,,,
,,,,,,,,,2.610526315789474e-07,1984,,,,,,,,,
13,,,,,,,,,,1984,0.06532169878482819,,,,,,,,
,,,,,,,,,2.6171052631578943e-07,1989,,,,,,,,,
13,,,,,,,,,,1989,0.09912949055433273,,,,,,,,
,,,,,,,,,2.623684210526316e-07,1994,,,,,,,,,
13,,,,,,,,,,1994,0.04366308078169823,,,,,,,,
,,,,,,,,,2.6302631578947364e-07,1999,,,,,,,,,
13,,,,,,,,,,1999,0.0912955179810524,,,,,,,,
,,,,,,,,,2.636842105263158e-07,2004,,,,,,,,,
13,,,,,,,,,,2004,0.0534672737121582,,,,,,,,
,,,,,,,,,2.6434210526315785e-07,2009,,,,,,,,,
13,,,,,,,,,,2009,0.037856582552194595,,,,,,,,
,,,,,,,,,2.65e-07,2014,,,,,,,,,
13,,,,,,,,,,2014,0.0732516199350357,,,,,,,,
,,,,,,,,,2.6565789473684206e-07,2019,,,,,,,,,
13,,,,,,,,,,2019,0.07796500623226166,,,,,,,,
,,,,,,,,,2.663157894736842e-07,2024,,,,,,,,,
13,,,,,,,,,,2024,0.08631840348243713,,,,,,,,
,,,,,,,,,2.669736842105263e-07,2029,,,,,,,,,
13,,,,,,,,,,2029,0.03375450521707535,,,,,,,,
,,,,,,,,,2.676315789473684e-07,2034,,,,,,,,,
13,,,,,,,,,,2034,0.08546172827482224,,,,,,,,
,,,,,,,,,2.6828947368421053e-07,2039,,,,,,,,,
13,,,,,,,,,,2039,0.03566621243953705,,,,,,,,
,,,,,,,,,2.6894736842105263e-07,2044,,,,,,,,,
13,,,,,,,,,,2044,0.08304958045482635,,,,,,,,
,,,,,,,,,2.6960526315789474e-07,2049,,,,,,,,,
13,,,,,,,,,,2049,0.048806238919496536,,,,,,,,
,,,,,,,,,2.702631578947368e-07,2054,,,,,,,,,
13,,,,,,,,,,2054,0.11978346109390259,,,,,,,,
,,,,,,,,,2.7092105263157894e-07,2059,,,,,,,,,
13,,,,,,,,,,2059,0.06457240879535675,,,,,,,,
,,,,,,,,,2.71578947368421e-07,2064,,,,,,,,,
13,,,,,,,,,,2064,0.14605945348739624,,,,,,,,
,,,,,,,,,2.7223684210526315e-07,2069,,,,,,,,,
13,,,,,,,,,,2069,0.1348632425069809,,,,,,,,
,,,,,,,,,2.7289473684210526e-07,2074,,,,,,,,,
13,,,,,,,,,,2074,0.0737961158156395,,,,,,,,
,,,,,,,,,2.7355263157894736e-07,2079,,,,,,,,,
13,,,,,,,,,,2079,0.13718192279338837,,,,,,,,
,,,,,,,,,2.7421052631578947e-07,2084,,,,,,,,,
13,,,,,,,,,,2084,0.06681168079376221,,,,,,,,
,,,,,,,,,2.7486842105263157e-07,2089,,,,,,,,,
13,,,,,,,,,,2089,0.0716920718550682,,,,,,,,
,,,,,,,,,2.755263157894737e-07,2094,,,,,,,,,
13,,,,,,,,,,2094,0.07536237686872482,,,,,,,,
,,,,,,,,,2.761842105263158e-07,2099,,,,,,,,,
13,,,,,,,,,,2099,0.05714983865618706,,,,,,,,
,,,,,,,,,2.768421052631579e-07,2104,,,,,,,,,
13,,,,,,,,,,2104,0.0914962962269783,,,,,,,,
,,,,,,,,,2.775e-07,2109,,,,,,,,,
13,,,,,,,,,,2109,0.03518970310688019,,,,,,,,
,,,,,,,,,2.781578947368421e-07,2114,,,,,,,,,
13,,,,,,,,,,2114,0.0506199412047863,,,,,,,,
,,,,,,,,,2.7881578947368415e-07,2119,,,,,,,,,
13,,,,,,,,,,2119,0.04815428704023361,,,,,,,,
,,,,,,,,,2.794736842105263e-07,2124,,,,,,,,,
13,,,,,,,,,,2124,0.09459466487169266,,,,,,,,
13,,,,,,,,,,2127,,0.42500001192092896,0.0,0.08193826675415039,0.08193826675415039,0.0798010304570198,0.0,0.0,0.07273450493812561
,,,,,,,,,2.801315789473684e-07,2129,,,,,,,,,
14,,,,,,,,,,2129,0.09528188407421112,,,,,,,,
,,,,,,,,,2.807894736842105e-07,2134,,,,,,,,,
14,,,,,,,,,,2134,0.07730361819267273,,,,,,,,
,,,,,,,,,2.814473684210526e-07,2139,,,,,,,,,
14,,,,,,,,,,2139,0.0765128955245018,,,,,,,,
,,,,,,,,,2.821052631578947e-07,2144,,,,,,,,,
14,,,,,,,,,,2144,0.05850670859217644,,,,,,,,
,,,,,,,,,2.827631578947368e-07,2149,,,,,,,,,
14,,,,,,,,,,2149,0.05817965418100357,,,,,,,,
,,,,,,,,,2.8342105263157893e-07,2154,,,,,,,,,
14,,,,,,,,,,2154,0.05972006916999817,,,,,,,,
,,,,,,,,,2.8407894736842104e-07,2159,,,,,,,,,
14,,,,,,,,,,2159,0.11966351419687271,,,,,,,,
,,,,,,,,,2.8473684210526314e-07,2164,,,,,,,,,
14,,,,,,,,,,2164,0.09413301199674606,,,,,,,,
,,,,,,,,,2.8539473684210524e-07,2169,,,,,,,,,
14,,,,,,,,,,2169,0.07364595681428909,,,,,,,,
,,,,,,,,,2.860526315789474e-07,2174,,,,,,,,,
14,,,,,,,,,,2174,0.12459655106067657,,,,,,,,
,,,,,,,,,2.8671052631578945e-07,2179,,,,,,,,,
14,,,,,,,,,,2179,0.10479013621807098,,,,,,,,
,,,,,,,,,2.873684210526316e-07,2184,,,,,,,,,
14,,,,,,,,,,2184,0.03495537489652634,,,,,,,,
,,,,,,,,,2.8802631578947366e-07,2189,,,,,,,,,
14,,,,,,,,,,2189,0.1691513955593109,,,,,,,,
,,,,,,,,,2.8868421052631577e-07,2194,,,,,,,,,
14,,,,,,,,,,2194,0.10921990126371384,,,,,,,,
,,,,,,,,,2.8934210526315787e-07,2199,,,,,,,,,
14,,,,,,,,,,2199,0.06749708205461502,,,,,,,,
,,,,,,,,,2.9e-07,2204,,,,,,,,,
14,,,,,,,,,,2204,0.10914827138185501,,,,,,,,
,,,,,,,,,2.906578947368421e-07,2209,,,,,,,,,
14,,,,,,,,,,2209,0.08198510855436325,,,,,,,,
,,,,,,,,,2.913157894736842e-07,2214,,,,,,,,,
14,,,,,,,,,,2214,0.08514086157083511,,,,,,,,
,,,,,,,,,2.9197368421052634e-07,2219,,,,,,,,,
14,,,,,,,,,,2219,0.1076388731598854,,,,,,,,
,,,,,,,,,2.926315789473684e-07,2224,,,,,,,,,
14,,,,,,,,,,2224,0.0676787942647934,,,,,,,,
,,,,,,,,,2.9328947368421055e-07,2229,,,,,,,,,
14,,,,,,,,,,2229,0.06273423880338669,,,,,,,,
,,,,,,,,,2.939473684210526e-07,2234,,,,,,,,,
14,,,,,,,,,,2234,0.06081896275281906,,,,,,,,
,,,,,,,,,2.9460526315789476e-07,2239,,,,,,,,,
14,,,,,,,,,,2239,0.08443925529718399,,,,,,,,
,,,,,,,,,2.952631578947368e-07,2244,,,,,,,,,
14,,,,,,,,,,2244,0.061218295246362686,,,,,,,,
,,,,,,,,,2.9592105263157897e-07,2249,,,,,,,,,
14,,,,,,,,,,2249,0.07446637749671936,,,,,,,,
,,,,,,,,,2.96578947368421e-07,2254,,,,,,,,,
14,,,,,,,,,,2254,0.050189994275569916,,,,,,,,
,,,,,,,,,2.972368421052631e-07,2259,,,,,,,,,
14,,,,,,,,,,2259,0.08998515456914902,,,,,,,,
,,,,,,,,,2.9789473684210523e-07,2264,,,,,,,,,
14,,,,,,,,,,2264,0.037740595638751984,,,,,,,,
,,,,,,,,,2.9855263157894734e-07,2269,,,,,,,,,
14,,,,,,,,,,2269,0.10223359614610672,,,,,,,,
,,,,,,,,,2.992105263157895e-07,2274,,,,,,,,,
14,,,,,,,,,,2274,0.07992500811815262,,,,,,,,
,,,,,,,,,2.9986842105263154e-07,2279,,,,,,,,,
14,,,,,,,,,,2279,0.05688518285751343,,,,,,,,
14,,,,,,,,,,2279,,0.42500001192092896,0.0,0.08186469972133636,0.08186469972133636,0.08495329320430756,0.0,0.0,0.07984773069620132
,,,,,,,,,3.005263157894737e-07,2284,,,,,,,,,
15,,,,,,,,,,2284,0.11003535985946655,,,,,,,,
,,,,,,,,,3.0118421052631575e-07,2289,,,,,,,,,
15,,,,,,,,,,2289,0.07451271265745163,,,,,,,,
,,,,,,,,,3.018421052631579e-07,2294,,,,,,,,,
15,,,,,,,,,,2294,0.058000873774290085,,,,,,,,
,,,,,,,,,3.0249999999999996e-07,2299,,,,,,,,,
15,,,,,,,,,,2299,0.060212619602680206,,,,,,,,
,,,,,,,,,3.031578947368421e-07,2304,,,,,,,,,
15,,,,,,,,,,2304,0.09012123942375183,,,,,,,,
,,,,,,,,,3.0381578947368417e-07,2309,,,,,,,,,
15,,,,,,,,,,2309,0.1063258945941925,,,,,,,,
,,,,,,,,,3.0447368421052633e-07,2314,,,,,,,,,
15,,,,,,,,,,2314,0.09201207756996155,,,,,,,,
,,,,,,,,,3.051315789473684e-07,2319,,,,,,,,,
15,,,,,,,,,,2319,0.10133730620145798,,,,,,,,
,,,,,,,,,3.057894736842105e-07,2324,,,,,,,,,
15,,,,,,,,,,2324,0.06393954902887344,,,,,,,,
,,,,,,,,,3.0644736842105264e-07,2329,,,,,,,,,
15,,,,,,,,,,2329,0.06307074427604675,,,,,,,,
,,,,,,,,,3.071052631578947e-07,2334,,,,,,,,,
15,,,,,,,,,,2334,0.08712585270404816,,,,,,,,
,,,,,,,,,3.0776315789473685e-07,2339,,,,,,,,,
15,,,,,,,,,,2339,0.08290833979845047,,,,,,,,
,,,,,,,,,3.084210526315789e-07,2344,,,,,,,,,
15,,,,,,,,,,2344,0.09381261467933655,,,,,,,,
,,,,,,,,,3.0907894736842106e-07,2349,,,,,,,,,
15,,,,,,,,,,2349,0.08079832792282104,,,,,,,,
,,,,,,,,,3.097368421052631e-07,2354,,,,,,,,,
15,,,,,,,,,,2354,0.10091659426689148,,,,,,,,
,,,,,,,,,3.1039473684210527e-07,2359,,,,,,,,,
15,,,,,,,,,,2359,0.03745817020535469,,,,,,,,
,,,,,,,,,3.110526315789473e-07,2364,,,,,,,,,
15,,,,,,,,,,2364,0.08242369443178177,,,,,,,,
,,,,,,,,,3.117105263157895e-07,2369,,,,,,,,,
15,,,,,,,,,,2369,0.05518514662981033,,,,,,,,
,,,,,,,,,3.123684210526316e-07,2374,,,,,,,,,
15,,,,,,,,,,2374,0.09287036955356598,,,,,,,,
,,,,,,,,,3.130263157894737e-07,2379,,,,,,,,,
15,,,,,,,,,,2379,0.07408931851387024,,,,,,,,
,,,,,,,,,3.136842105263158e-07,2384,,,,,,,,,
15,,,,,,,,,,2384,0.09117086976766586,,,,,,,,
,,,,,,,,,3.1434210526315784e-07,2389,,,,,,,,,
15,,,,,,,,,,2389,0.023460229858756065,,,,,,,,
,,,,,,,,,3.15e-07,2394,,,,,,,,,
15,,,,,,,,,,2394,0.05188135430216789,,,,,,,,
,,,,,,,,,3.1565789473684205e-07,2399,,,,,,,,,
15,,,,,,,,,,2399,0.044333938509225845,,,,,,,,
,,,,,,,,,3.163157894736842e-07,2404,,,,,,,,,
15,,,,,,,,,,2404,0.08380554616451263,,,,,,,,
,,,,,,,,,3.1697368421052626e-07,2409,,,,,,,,,
15,,,,,,,,,,2409,0.07771182060241699,,,,,,,,
,,,,,,,,,3.176315789473684e-07,2414,,,,,,,,,
15,,,,,,,,,,2414,0.032340917736291885,,,,,,,,
,,,,,,,,,3.1828947368421047e-07,2419,,,,,,,,,
15,,,,,,,,,,2419,0.016391128301620483,,,,,,,,
,,,,,,,,,3.1894736842105263e-07,2424,,,,,,,,,
15,,,,,,,,,,2424,0.09356269985437393,,,,,,,,
,,,,,,,,,3.1960526315789473e-07,2429,,,,,,,,,
15,,,,,,,,,,2429,0.09074559807777405,,,,,,,,
15,,,,,,,,,,2431,,0.42500001192092896,0.0,0.08179125189781189,0.08179125189781189,0.08505181223154068,0.0,0.0,0.11187420040369034
,,,,,,,,,3.2026315789473684e-07,2434,,,,,,,,,
16,,,,,,,,,,2434,0.06909292191267014,,,,,,,,
,,,,,,,,,3.2092105263157894e-07,2439,,,,,,,,,
16,,,,,,,,,,2439,0.0850244015455246,,,,,,,,
,,,,,,,,,3.2157894736842105e-07,2444,,,,,,,,,
16,,,,,,,,,,2444,0.11242999881505966,,,,,,,,
,,,,,,,,,3.2223684210526315e-07,2449,,,,,,,,,
16,,,,,,,,,,2449,0.0850168988108635,,,,,,,,
,,,,,,,,,3.2289473684210526e-07,2454,,,,,,,,,
16,,,,,,,,,,2454,0.13081097602844238,,,,,,,,
,,,,,,,,,3.2355263157894736e-07,2459,,,,,,,,,
16,,,,,,,,,,2459,0.06161801144480705,,,,,,,,
,,,,,,,,,3.242105263157894e-07,2464,,,,,,,,,
16,,,,,,,,,,2464,0.09940584003925323,,,,,,,,
,,,,,,,,,3.2486842105263157e-07,2469,,,,,,,,,
16,,,,,,,,,,2469,0.07720153778791428,,,,,,,,
,,,,,,,,,3.255263157894737e-07,2474,,,,,,,,,
16,,,,,,,,,,2474,0.11823806166648865,,,,,,,,
,,,,,,,,,3.261842105263158e-07,2479,,,,,,,,,
16,,,,,,,,,,2479,0.07470224052667618,,,,,,,,
,,,,,,,,,3.268421052631579e-07,2484,,,,,,,,,
16,,,,,,,,,,2484,0.11403181403875351,,,,,,,,
,,,,,,,,,3.275e-07,2489,,,,,,,,,
16,,,,,,,,,,2489,0.10353029519319534,,,,,,,,
,,,,,,,,,3.281578947368421e-07,2494,,,,,,,,,
16,,,,,,,,,,2494,0.08505088835954666,,,,,,,,
,,,,,,,,,3.288157894736842e-07,2499,,,,,,,,,
16,,,,,,,,,,2499,0.047556743025779724,,,,,,,,
,,,,,,,,,3.294736842105263e-07,2504,,,,,,,,,
16,,,,,,,,,,2504,0.09943976998329163,,,,,,,,
,,,,,,,,,3.301315789473684e-07,2509,,,,,,,,,
16,,,,,,,,,,2509,0.08692243695259094,,,,,,,,
,,,,,,,,,3.307894736842105e-07,2514,,,,,,,,,
16,,,,,,,,,,2514,0.06503936648368835,,,,,,,,
,,,,,,,,,3.3144736842105267e-07,2519,,,,,,,,,
16,,,,,,,,,,2519,0.07604213058948517,,,,,,,,
,,,,,,,,,3.321052631578947e-07,2524,,,,,,,,,
16,,,,,,,,,,2524,0.12010889500379562,,,,,,,,
,,,,,,,,,3.327631578947368e-07,2529,,,,,,,,,
16,,,,,,,,,,2529,0.04775457829236984,,,,,,,,
,,,,,,,,,3.3342105263157893e-07,2534,,,,,,,,,
16,,,,,,,,,,2534,0.10802705585956573,,,,,,,,
,,,,,,,,,3.3407894736842103e-07,2539,,,,,,,,,
16,,,,,,,,,,2539,0.12751545011997223,,,,,,,,
,,,,,,,,,3.3473684210526314e-07,2544,,,,,,,,,
16,,,,,,,,,,2544,0.10516481846570969,,,,,,,,
,,,,,,,,,3.3539473684210524e-07,2549,,,,,,,,,
16,,,,,,,,,,2549,0.04531515762209892,,,,,,,,
,,,,,,,,,3.3605263157894735e-07,2554,,,,,,,,,
16,,,,,,,,,,2554,0.11106929928064346,,,,,,,,
,,,,,,,,,3.3671052631578945e-07,2559,,,,,,,,,
16,,,,,,,,,,2559,0.07881394028663635,,,,,,,,
,,,,,,,,,3.3736842105263156e-07,2564,,,,,,,,,
16,,,,,,,,,,2564,0.014175294898450375,,,,,,,,
,,,,,,,,,3.3802631578947366e-07,2569,,,,,,,,,
16,,,,,,,,,,2569,0.04563387110829353,,,,,,,,
,,,,,,,,,3.386842105263158e-07,2574,,,,,,,,,
16,,,,,,,,,,2574,0.08551838994026184,,,,,,,,
,,,,,,,,,3.3934210526315787e-07,2579,,,,,,,,,
16,,,,,,,,,,2579,0.08660891652107239,,,,,,,,
16,,,,,,,,,,2583,,0.42500001192092896,0.0,0.08172845095396042,0.08172845095396042,0.0904088243842125,0.0,0.0,0.10170388221740723
,,,,,,,,,3.4000000000000003e-07,2584,,,,,,,,,
17,,,,,,,,,,2584,0.08589185774326324,,,,,,,,
,,,,,,,,,3.406578947368421e-07,2589,,,,,,,,,
17,,,,,,,,,,2589,0.11892495304346085,,,,,,,,
,,,,,,,,,3.413157894736842e-07,2594,,,,,,,,,
17,,,,,,,,,,2594,0.15759411454200745,,,,,,,,
,,,,,,,,,3.419736842105263e-07,2599,,,,,,,,,
17,,,,,,,,,,2599,0.04913165792822838,,,,,,,,
,,,,,,,,,3.426315789473684e-07,2604,,,,,,,,,
17,,,,,,,,,,2604,0.08031720668077469,,,,,,,,
,,,,,,,,,3.432894736842105e-07,2609,,,,,,,,,
17,,,,,,,,,,2609,0.06973860412836075,,,,,,,,
,,,,,,,,,3.439473684210526e-07,2614,,,,,,,,,
17,,,,,,,,,,2614,0.05209439620375633,,,,,,,,
,,,,,,,,,3.446052631578947e-07,2619,,,,,,,,,
17,,,,,,,,,,2619,0.10585182905197144,,,,,,,,
,,,,,,,,,3.452631578947368e-07,2624,,,,,,,,,
17,,,,,,,,,,2624,0.09531910717487335,,,,,,,,
,,,,,,,,,3.4592105263157897e-07,2629,,,,,,,,,
17,,,,,,,,,,2629,0.11053655296564102,,,,,,,,
,,,,,,,,,3.46578947368421e-07,2634,,,,,,,,,
17,,,,,,,,,,2634,0.059542179107666016,,,,,,,,
,,,,,,,,,3.472368421052632e-07,2639,,,,,,,,,
17,,,,,,,,,,2639,0.055729612708091736,,,,,,,,
,,,,,,,,,3.4789473684210523e-07,2644,,,,,,,,,
17,,,,,,,,,,2644,0.07275386899709702,,,,,,,,
,,,,,,,,,3.485526315789474e-07,2649,,,,,,,,,
17,,,,,,,,,,2649,0.11346308887004852,,,,,,,,
,,,,,,,,,3.4921052631578944e-07,2654,,,,,,,,,
17,,,,,,,,,,2654,0.14247557520866394,,,,,,,,
,,,,,,,,,3.498684210526316e-07,2659,,,,,,,,,
17,,,,,,,,,,2659,0.07861512154340744,,,,,,,,
,,,,,,,,,3.5052631578947365e-07,2664,,,,,,,,,
17,,,,,,,,,,2664,0.06054777652025223,,,,,,,,
,,,,,,,,,3.5118421052631575e-07,2669,,,,,,,,,
17,,,,,,,,,,2669,0.06211169809103012,,,,,,,,
,,,,,,,,,3.518421052631579e-07,2674,,,,,,,,,
17,,,,,,,,,,2674,0.06895042210817337,,,,,,,,
,,,,,,,,,3.5249999999999996e-07,2679,,,,,,,,,
17,,,,,,,,,,2679,0.1194467842578888,,,,,,,,
,,,,,,,,,3.531578947368421e-07,2684,,,,,,,,,
17,,,,,,,,,,2684,0.06974510848522186,,,,,,,,
,,,,,,,,,3.5381578947368417e-07,2689,,,,,,,,,
17,,,,,,,,,,2689,0.04879583790898323,,,,,,,,
,,,,,,,,,3.5447368421052633e-07,2694,,,,,,,,,
17,,,,,,,,,,2694,0.10711340606212616,,,,,,,,
,,,,,,,,,3.551315789473684e-07,2699,,,,,,,,,
17,,,,,,,,,,2699,0.12766295671463013,,,,,,,,
,,,,,,,,,3.5578947368421054e-07,2704,,,,,,,,,
17,,,,,,,,,,2704,0.052980005741119385,,,,,,,,
,,,,,,,,,3.564473684210526e-07,2709,,,,,,,,,
17,,,,,,,,,,2709,0.08497612923383713,,,,,,,,
,,,,,,,,,3.5710526315789474e-07,2714,,,,,,,,,
17,,,,,,,,,,2714,0.11531464755535126,,,,,,,,
,,,,,,,,,3.577631578947368e-07,2719,,,,,,,,,
17,,,,,,,,,,2719,0.10662703216075897,,,,,,,,
,,,,,,,,,3.5842105263157895e-07,2724,,,,,,,,,
17,,,,,,,,,,2724,0.023277245461940765,,,,,,,,
,,,,,,,,,3.5907894736842106e-07,2729,,,,,,,,,
17,,,,,,,,,,2729,0.1155412495136261,,,,,,,,
,,,,,,,,,3.597368421052631e-07,2734,,,,,,,,,
17,,,,,,,,,,2734,0.08980158716440201,,,,,,,,
17,,,,,,,,,,2735,,0.42500001192092896,0.0,0.08166419714689255,0.08166419714689255,0.0794256255030632,0.0,0.0,0.07892583310604095
,,,,,,,,,3.6039473684210527e-07,2739,,,,,,,,,
18,,,,,,,,,,2739,0.09597975760698318,,,,,,,,
,,,,,,,,,3.610526315789473e-07,2744,,,,,,,,,
18,,,,,,,,,,2744,0.08168531209230423,,,,,,,,
,,,,,,,,,3.617105263157895e-07,2749,,,,,,,,,
18,,,,,,,,,,2749,0.10315724462270737,,,,,,,,
,,,,,,,,,3.6236842105263153e-07,2754,,,,,,,,,
18,,,,,,,,,,2754,0.05412021279335022,,,,,,,,
,,,,,,,,,3.630263157894737e-07,2759,,,,,,,,,
18,,,,,,,,,,2759,0.07924827188253403,,,,,,,,
,,,,,,,,,3.6368421052631574e-07,2764,,,,,,,,,
18,,,,,,,,,,2764,0.16496138274669647,,,,,,,,
,,,,,,,,,3.643421052631579e-07,2769,,,,,,,,,
18,,,,,,,,,,2769,0.07119651883840561,,,,,,,,
,,,,,,,,,3.65e-07,2774,,,,,,,,,
18,,,,,,,,,,2774,0.1029924526810646,,,,,,,,
,,,,,,,,,3.656578947368421e-07,2779,,,,,,,,,
18,,,,,,,,,,2779,0.13261081278324127,,,,,,,,
,,,,,,,,,3.663157894736842e-07,2784,,,,,,,,,
18,,,,,,,,,,2784,0.04099201038479805,,,,,,,,
,,,,,,,,,3.669736842105263e-07,2789,,,,,,,,,
18,,,,,,,,,,2789,0.0616350956261158,,,,,,,,
,,,,,,,,,3.676315789473684e-07,2794,,,,,,,,,
18,,,,,,,,,,2794,0.06493678689002991,,,,,,,,
,,,,,,,,,3.6828947368421047e-07,2799,,,,,,,,,
18,,,,,,,,,,2799,0.08412489295005798,,,,,,,,
,,,,,,,,,3.6894736842105263e-07,2804,,,,,,,,,
18,,,,,,,,,,2804,0.06132851913571358,,,,,,,,
,,,,,,,,,3.696052631578947e-07,2809,,,,,,,,,
18,,,,,,,,,,2809,0.04991254583001137,,,,,,,,
,,,,,,,,,3.7026315789473684e-07,2814,,,,,,,,,
18,,,,,,,,,,2814,0.06642234325408936,,,,,,,,
,,,,,,,,,3.709210526315789e-07,2819,,,,,,,,,
18,,,,,,,,,,2819,0.07875639200210571,,,,,,,,
,,,,,,,,,3.7157894736842104e-07,2824,,,,,,,,,
18,,,,,,,,,,2824,0.07228983938694,,,,,,,,
,,,,,,,,,3.7223684210526315e-07,2829,,,,,,,,,
18,,,,,,,,,,2829,0.12301438301801682,,,,,,,,
,,,,,,,,,3.7289473684210525e-07,2834,,,,,,,,,
18,,,,,,,,,,2834,0.04722541570663452,,,,,,,,
,,,,,,,,,3.7355263157894736e-07,2839,,,,,,,,,
18,,,,,,,,,,2839,0.08955572545528412,,,,,,,,
,,,,,,,,,3.7421052631578946e-07,2844,,,,,,,,,
18,,,,,,,,,,2844,0.1306726038455963,,,,,,,,
,,,,,,,,,3.7486842105263157e-07,2849,,,,,,,,,
18,,,,,,,,,,2849,0.0750998929142952,,,,,,,,
,,,,,,,,,3.7552631578947367e-07,2854,,,,,,,,,
18,,,,,,,,,,2854,0.13620340824127197,,,,,,,,
,,,,,,,,,3.761842105263158e-07,2859,,,,,,,,,
18,,,,,,,,,,2859,0.0888553112745285,,,,,,,,
,,,,,,,,,3.7684210526315783e-07,2864,,,,,,,,,
18,,,,,,,,,,2864,0.08760485798120499,,,,,,,,
,,,,,,,,,3.775e-07,2869,,,,,,,,,
18,,,,,,,,,,2869,0.05819428339600563,,,,,,,,
,,,,,,,,,3.781578947368421e-07,2874,,,,,,,,,
18,,,,,,,,,,2874,0.12195223569869995,,,,,,,,
,,,,,,,,,3.788157894736842e-07,2879,,,,,,,,,
18,,,,,,,,,,2879,0.090070441365242,,,,,,,,
,,,,,,,,,3.794736842105263e-07,2884,,,,,,,,,
18,,,,,,,,,,2884,0.14312197268009186,,,,,,,,
18,,,,,,,,,,2887,,0.42500001192092896,0.0,0.08161105960607529,0.08161105960607529,0.08839274942874908,0.0,0.0,0.08983036875724792
,,,,,,,,,3.801315789473684e-07,2889,,,,,,,,,
19,,,,,,,,,,2889,0.05531016364693642,,,,,,,,
,,,,,,,,,3.807894736842105e-07,2894,,,,,,,,,
19,,,,,,,,,,2894,0.1360461562871933,,,,,,,,
,,,,,,,,,3.814473684210526e-07,2899,,,,,,,,,
19,,,,,,,,,,2899,0.08132264018058777,,,,,,,,
,,,,,,,,,3.821052631578947e-07,2904,,,,,,,,,
19,,,,,,,,,,2904,0.10966122150421143,,,,,,,,
,,,,,,,,,3.827631578947368e-07,2909,,,,,,,,,
19,,,,,,,,,,2909,0.04745744168758392,,,,,,,,
,,,,,,,,,3.834210526315789e-07,2914,,,,,,,,,
19,,,,,,,,,,2914,0.01342510525137186,,,,,,,,
,,,,,,,,,3.840789473684211e-07,2919,,,,,,,,,
19,,,,,,,,,,2919,0.04092885181307793,,,,,,,,
,,,,,,,,,3.8473684210526314e-07,2924,,,,,,,,,
19,,,,,,,,,,2924,0.11169557273387909,,,,,,,,
,,,,,,,,,3.853947368421053e-07,2929,,,,,,,,,
19,,,,,,,,,,2929,0.042798981070518494,,,,,,,,
,,,,,,,,,3.8605263157894734e-07,2934,,,,,,,,,
19,,,,,,,,,,2934,0.07640779763460159,,,,,,,,
,,,,,,,,,3.8671052631578945e-07,2939,,,,,,,,,
19,,,,,,,,,,2939,0.06731570512056351,,,,,,,,
,,,,,,,,,3.8736842105263155e-07,2944,,,,,,,,,
19,,,,,,,,,,2944,0.0476706400513649,,,,,,,,
,,,,,,,,,3.8802631578947366e-07,2949,,,,,,,,,
19,,,,,,,,,,2949,0.11732373386621475,,,,,,,,
,,,,,,,,,3.8868421052631576e-07,2954,,,,,,,,,
19,,,,,,,,,,2954,0.07576703280210495,,,,,,,,
,,,,,,,,,3.8934210526315787e-07,2959,,,,,,,,,
19,,,,,,,,,,2959,0.0721345841884613,,,,,,,,
,,,,,,,,,3.8999999999999997e-07,2964,,,,,,,,,
19,,,,,,,,,,2964,0.09422070533037186,,,,,,,,
,,,,,,,,,3.906578947368421e-07,2969,,,,,,,,,
19,,,,,,,,,,2969,0.08345896750688553,,,,,,,,
,,,,,,,,,3.9131578947368423e-07,2974,,,,,,,,,
19,,,,,,,,,,2974,0.10007227957248688,,,,,,,,
,,,,,,,,,3.919736842105263e-07,2979,,,,,,,,,
19,,,,,,,,,,2979,0.12396977096796036,,,,,,,,
,,,,,,,,,3.9263157894736844e-07,2984,,,,,,,,,
19,,,,,,,,,,2984,0.05479726567864418,,,,,,,,
,,,,,,,,,3.932894736842105e-07,2989,,,,,,,,,
19,,,,,,,,,,2989,0.1057220920920372,,,,,,,,
,,,,,,,,,3.9394736842105265e-07,2994,,,,,,,,,
19,,,,,,,,,,2994,0.13908378779888153,,,,,,,,
,,,,,,,,,3.946052631578947e-07,2999,,,,,,,,,
19,,,,,,,,,,2999,0.10795925557613373,,,,,,,,
,,,,,,,,,3.952631578947368e-07,3004,,,,,,,,,
19,,,,,,,,,,3004,0.06304136663675308,,,,,,,,
,,,,,,,,,3.959210526315789e-07,3009,,,,,,,,,
19,,,,,,,,,,3009,0.09969960898160934,,,,,,,,
,,,,,,,,,3.96578947368421e-07,3014,,,,,,,,,
19,,,,,,,,,,3014,0.08501722663640976,,,,,,,,
,,,,,,,,,3.972368421052631e-07,3019,,,,,,,,,
19,,,,,,,,,,3019,0.10255751758813858,,,,,,,,
,,,,,,,,,3.978947368421052e-07,3024,,,,,,,,,
19,,,,,,,,,,3024,0.04406950995326042,,,,,,,,
,,,,,,,,,3.985526315789474e-07,3029,,,,,,,,,
19,,,,,,,,,,3029,0.09398593753576279,,,,,,,,
,,,,,,,,,3.9921052631578944e-07,3034,,,,,,,,,
19,,,,,,,,,,3034,0.11549030244350433,,,,,,,,
,,,,,,,,,3.998684210526316e-07,3039,,,,,,,,,
19,,,,,,,,,,3039,0.07612470537424088,,,,,,,,
19,,,,,,,,,,3039,,0.42500001192092896,0.0,0.08155932277441025,0.08155932277441025,0.09929744154214859,0.0,0.0,0.09071071445941925
,,,,,,,,,4.0052631578947364e-07,3044,,,,,,,,,
20,,,,,,,,,,3044,0.11019597202539444,,,,,,,,
,,,,,,,,,4.011842105263158e-07,3049,,,,,,,,,
20,,,,,,,,,,3049,0.07057551294565201,,,,,,,,
,,,,,,,,,4.0184210526315785e-07,3054,,,,,,,,,
20,,,,,,,,,,3054,0.13288161158561707,,,,,,,,
,,,,,,,,,4.025e-07,3059,,,,,,,,,
20,,,,,,,,,,3059,0.05310297757387161,,,,,,,,
,,,,,,,,,4.0315789473684206e-07,3064,,,,,,,,,
20,,,,,,,,,,3064,0.0900522992014885,,,,,,,,
,,,,,,,,,4.0381578947368417e-07,3069,,,,,,,,,
20,,,,,,,,,,3069,0.1117442399263382,,,,,,,,
,,,,,,,,,4.044736842105263e-07,3074,,,,,,,,,
20,,,,,,,,,,3074,0.043616920709609985,,,,,,,,
,,,,,,,,,4.051315789473684e-07,3079,,,,,,,,,
20,,,,,,,,,,3079,0.16272413730621338,,,,,,,,
,,,,,,,,,4.0578947368421053e-07,3084,,,,,,,,,
20,,,,,,,,,,3084,0.08255831897258759,,,,,,,,
,,,,,,,,,4.064473684210526e-07,3089,,,,,,,,,
20,,,,,,,,,,3089,0.06280407309532166,,,,,,,,
,,,,,,,,,4.0710526315789474e-07,3094,,,,,,,,,
20,,,,,,,,,,3094,0.09334984421730042,,,,,,,,
,,,,,,,,,4.077631578947368e-07,3099,,,,,,,,,
20,,,,,,,,,,3099,0.056002069264650345,,,,,,,,
,,,,,,,,,4.0842105263157895e-07,3104,,,,,,,,,
20,,,,,,,,,,3104,0.07984239608049393,,,,,,,,
,,,,,,,,,4.09078947368421e-07,3109,,,,,,,,,
20,,,,,,,,,,3109,0.053422871977090836,,,,,,,,
,,,,,,,,,4.0973684210526316e-07,3114,,,,,,,,,
20,,,,,,,,,,3114,0.09117391705513,,,,,,,,
,,,,,,,,,4.103947368421052e-07,3119,,,,,,,,,
20,,,,,,,,,,3119,0.07766371220350266,,,,,,,,
,,,,,,,,,4.1105263157894737e-07,3124,,,,,,,,,
20,,,,,,,,,,3124,0.10271023213863373,,,,,,,,
,,,,,,,,,4.117105263157895e-07,3129,,,,,,,,,
20,,,,,,,,,,3129,0.10035537928342819,,,,,,,,
,,,,,,,,,4.123684210526316e-07,3134,,,,,,,,,
20,,,,,,,,,,3134,0.07677114754915237,,,,,,,,
,,,,,,,,,4.130263157894737e-07,3139,,,,,,,,,
20,,,,,,,,,,3139,0.038980498909950256,,,,,,,,
,,,,,,,,,4.1368421052631574e-07,3144,,,,,,,,,
20,,,,,,,,,,3144,0.08384478837251663,,,,,,,,
,,,,,,,,,4.143421052631579e-07,3149,,,,,,,,,
20,,,,,,,,,,3149,0.07352522015571594,,,,,,,,
,,,,,,,,,4.1499999999999994e-07,3154,,,,,,,,,
20,,,,,,,,,,3154,0.04448068141937256,,,,,,,,
,,,,,,,,,4.156578947368421e-07,3159,,,,,,,,,
20,,,,,,,,,,3159,0.10150574892759323,,,,,,,,
,,,,,,,,,4.1631578947368415e-07,3164,,,,,,,,,
20,,,,,,,,,,3164,0.08588830381631851,,,,,,,,
,,,,,,,,,4.169736842105263e-07,3169,,,,,,,,,
20,,,,,,,,,,3169,0.039193492382764816,,,,,,,,
,,,,,,,,,4.176315789473684e-07,3174,,,,,,,,,
20,,,,,,,,,,3174,0.11899567395448685,,,,,,,,
,,,,,,,,,4.182894736842105e-07,3179,,,,,,,,,
20,,,,,,,,,,3179,0.06563585251569748,,,,,,,,
,,,,,,,,,4.189473684210526e-07,3184,,,,,,,,,
20,,,,,,,,,,3184,0.12080288678407669,,,,,,,,
,,,,,,,,,4.1960526315789473e-07,3189,,,,,,,,,
20,,,,,,,,,,3189,0.06455229222774506,,,,,,,,
20,,,,,,,,,,3191,,0.637499988079071,0.752136766910553,0.08151455223560333,0.08151455223560333,0.10424463450908661,0.6197183132171631,0.95652174949646,0.07383330166339874
,,,,,,,,,4.2026315789473683e-07,3194,,,,,,,,,
21,,,,,,,,,,3194,0.04553651064634323,,,,,,,,
,,,,,,,,,4.2092105263157894e-07,3199,,,,,,,,,
21,,,,,,,,,,3199,0.08483061194419861,,,,,,,,
,,,,,,,,,4.2157894736842104e-07,3204,,,,,,,,,
21,,,,,,,,,,3204,0.12355665117502213,,,,,,,,
,,,,,,,,,4.222368421052631e-07,3209,,,,,,,,,
21,,,,,,,,,,3209,0.0870852842926979,,,,,,,,
,,,,,,,,,4.2289473684210525e-07,3214,,,,,,,,,
21,,,,,,,,,,3214,0.05384814739227295,,,,,,,,
,,,,,,,,,4.235526315789473e-07,3219,,,,,,,,,
21,,,,,,,,,,3219,0.09312587976455688,,,,,,,,
,,,,,,,,,4.2421052631578946e-07,3224,,,,,,,,,
21,,,,,,,,,,3224,0.04552709683775902,,,,,,,,
,,,,,,,,,4.2486842105263157e-07,3229,,,,,,,,,
21,,,,,,,,,,3229,0.07963460683822632,,,,,,,,
,,,,,,,,,4.2552631578947367e-07,3234,,,,,,,,,
21,,,,,,,,,,3234,0.1295834332704544,,,,,,,,
,,,,,,,,,4.261842105263158e-07,3239,,,,,,,,,
21,,,,,,,,,,3239,0.04986179992556572,,,,,,,,
,,,,,,,,,4.268421052631579e-07,3244,,,,,,,,,
21,,,,,,,,,,3244,0.07829394191503525,,,,,,,,
,,,,,,,,,4.275e-07,3249,,,,,,,,,
21,,,,,,,,,,3249,0.030007967725396156,,,,,,,,
,,,,,,,,,4.281578947368421e-07,3254,,,,,,,,,
21,,,,,,,,,,3254,0.09070151299238205,,,,,,,,
,,,,,,,,,4.288157894736842e-07,3259,,,,,,,,,
21,,,,,,,,,,3259,0.10034576803445816,,,,,,,,
,,,,,,,,,4.294736842105263e-07,3264,,,,,,,,,
21,,,,,,,,,,3264,0.08995326608419418,,,,,,,,
,,,,,,,,,4.301315789473684e-07,3269,,,,,,,,,
21,,,,,,,,,,3269,0.05823463574051857,,,,,,,,
,,,,,,,,,4.307894736842105e-07,3274,,,,,,,,,
21,,,,,,,,,,3274,0.1446077972650528,,,,,,,,
,,,,,,,,,4.314473684210526e-07,3279,,,,,,,,,
21,,,,,,,,,,3279,0.11424869298934937,,,,,,,,
,,,,,,,,,4.321052631578947e-07,3284,,,,,,,,,
21,,,,,,,,,,3284,0.052732162177562714,,,,,,,,
,,,,,,,,,4.327631578947368e-07,3289,,,,,,,,,
21,,,,,,,,,,3289,0.09854443371295929,,,,,,,,
,,,,,,,,,4.334210526315789e-07,3294,,,,,,,,,
21,,,,,,,,,,3294,0.08049821853637695,,,,,,,,
,,,,,,,,,4.3407894736842103e-07,3299,,,,,,,,,
21,,,,,,,,,,3299,0.0918974056839943,,,,,,,,
,,,,,,,,,4.3473684210526313e-07,3304,,,,,,,,,
21,,,,,,,,,,3304,0.12138930708169937,,,,,,,,
,,,,,,,,,4.3539473684210524e-07,3309,,,,,,,,,
21,,,,,,,,,,3309,0.09672679752111435,,,,,,,,
,,,,,,,,,4.3605263157894734e-07,3314,,,,,,,,,
21,,,,,,,,,,3314,0.07934407889842987,,,,,,,,
,,,,,,,,,4.367105263157895e-07,3319,,,,,,,,,
21,,,,,,,,,,3319,0.12937748432159424,,,,,,,,
,,,,,,,,,4.3736842105263155e-07,3324,,,,,,,,,
21,,,,,,,,,,3324,0.06359859555959702,,,,,,,,
,,,,,,,,,4.380263157894737e-07,3329,,,,,,,,,
21,,,,,,,,,,3329,0.09830516576766968,,,,,,,,
,,,,,,,,,4.3868421052631576e-07,3334,,,,,,,,,
21,,,,,,,,,,3334,0.0722091943025589,,,,,,,,
,,,,,,,,,4.3934210526315786e-07,3339,,,,,,,,,
21,,,,,,,,,,3339,0.07918967306613922,,,,,,,,
21,,,,,,,,,,3343,,0.5625,0.7200000286102295,0.08147350698709488,0.08147350698709488,0.11912574619054794,0.5696202516555786,0.97826087474823,0.06817388534545898
,,,,,,,,,4.3999999999999997e-07,3344,,,,,,,,,
22,,,,,,,,,,3344,0.07651621103286743,,,,,,,,
,,,,,,,,,4.406578947368421e-07,3349,,,,,,,,,
22,,,,,,,,,,3349,0.08811258524656296,,,,,,,,
,,,,,,,,,4.413157894736842e-07,3354,,,,,,,,,
22,,,,,,,,,,3354,0.10912343859672546,,,,,,,,
,,,,,,,,,4.419736842105263e-07,3359,,,,,,,,,
22,,,,,,,,,,3359,0.08463022857904434,,,,,,,,
,,,,,,,,,4.426315789473684e-07,3364,,,,,,,,,
22,,,,,,,,,,3364,0.07348304241895676,,,,,,,,
,,,,,,,,,4.432894736842105e-07,3369,,,,,,,,,
22,,,,,,,,,,3369,0.1448443979024887,,,,,,,,
,,,,,,,,,4.4394736842105265e-07,3374,,,,,,,,,
22,,,,,,,,,,3374,0.12081121653318405,,,,,,,,
,,,,,,,,,4.446052631578947e-07,3379,,,,,,,,,
22,,,,,,,,,,3379,0.08513150364160538,,,,,,,,
,,,,,,,,,4.4526315789473686e-07,3384,,,,,,,,,
22,,,,,,,,,,3384,0.07366680353879929,,,,,,,,
,,,,,,,,,4.459210526315789e-07,3389,,,,,,,,,
22,,,,,,,,,,3389,0.05538880452513695,,,,,,,,
,,,,,,,,,4.4657894736842107e-07,3394,,,,,,,,,
22,,,,,,,,,,3394,0.13224536180496216,,,,,,,,
,,,,,,,,,4.472368421052631e-07,3399,,,,,,,,,
22,,,,,,,,,,3399,0.06744125485420227,,,,,,,,
,,,,,,,,,4.478947368421053e-07,3404,,,,,,,,,
22,,,,,,,,,,3404,0.08764680474996567,,,,,,,,
,,,,,,,,,4.4855263157894733e-07,3409,,,,,,,,,
22,,,,,,,,,,3409,0.04896130785346031,,,,,,,,
,,,,,,,,,4.4921052631578943e-07,3414,,,,,,,,,
22,,,,,,,,,,3414,0.07956719398498535,,,,,,,,
,,,,,,,,,4.4986842105263154e-07,3419,,,,,,,,,
22,,,,,,,,,,3419,0.04817312955856323,,,,,,,,
,,,,,,,,,4.5052631578947364e-07,3424,,,,,,,,,
22,,,,,,,,,,3424,0.0722082331776619,,,,,,,,
,,,,,,,,,4.511842105263158e-07,3429,,,,,,,,,
22,,,,,,,,,,3429,0.04060276970267296,,,,,,,,
,,,,,,,,,4.5184210526315785e-07,3434,,,,,,,,,
22,,,,,,,,,,3434,0.08258143067359924,,,,,,,,
,,,,,,,,,4.525e-07,3439,,,,,,,,,
22,,,,,,,,,,3439,0.14996270835399628,,,,,,,,
,,,,,,,,,4.5315789473684206e-07,3444,,,,,,,,,
22,,,,,,,,,,3444,0.026898285374045372,,,,,,,,
,,,,,,,,,4.538157894736842e-07,3449,,,,,,,,,
22,,,,,,,,,,3449,0.0601988285779953,,,,,,,,
,,,,,,,,,4.5447368421052627e-07,3454,,,,,,,,,
22,,,,,,,,,,3454,0.07455578446388245,,,,,,,,
,,,,,,,,,4.5513157894736843e-07,3459,,,,,,,,,
22,,,,,,,,,,3459,0.07666325569152832,,,,,,,,
,,,,,,,,,4.557894736842105e-07,3464,,,,,,,,,
22,,,,,,,,,,3464,0.054997991770505905,,,,,,,,
,,,,,,,,,4.5644736842105264e-07,3469,,,,,,,,,
22,,,,,,,,,,3469,0.11966373771429062,,,,,,,,
,,,,,,,,,4.5710526315789474e-07,3474,,,,,,,,,
22,,,,,,,,,,3474,0.04799532890319824,,,,,,,,
,,,,,,,,,4.577631578947368e-07,3479,,,,,,,,,
22,,,,,,,,,,3479,0.08742702007293701,,,,,,,,
,,,,,,,,,4.5842105263157895e-07,3484,,,,,,,,,
22,,,,,,,,,,3484,0.05065452307462692,,,,,,,,
,,,,,,,,,4.59078947368421e-07,3489,,,,,,,,,
22,,,,,,,,,,3489,0.07698742300271988,,,,,,,,
,,,,,,,,,4.5973684210526316e-07,3494,,,,,,,,,
22,,,,,,,,,,3494,0.07001221179962158,,,,,,,,
22,,,,,,,,,,3495,,0.574999988079071,0.7301587462425232,0.08141033351421356,0.08141033351421356,0.14290256798267365,0.574999988079071,1.0,0.0889500230550766
,,,,,,,,,4.603947368421052e-07,3499,,,,,,,,,
23,,,,,,,,,,3499,0.0712311789393425,,,,,,,,
,,,,,,,,,4.6105263157894737e-07,3504,,,,,,,,,
23,,,,,,,,,,3504,0.07674698531627655,,,,,,,,
,,,,,,,,,4.617105263157894e-07,3509,,,,,,,,,
23,,,,,,,,,,3509,0.09146931022405624,,,,,,,,
,,,,,,,,,4.623684210526316e-07,3514,,,,,,,,,
23,,,,,,,,,,3514,0.08038106560707092,,,,,,,,
,,,,,,,,,4.6302631578947363e-07,3519,,,,,,,,,
23,,,,,,,,,,3519,0.056225139647722244,,,,,,,,
,,,,,,,,,4.636842105263158e-07,3524,,,,,,,,,
23,,,,,,,,,,3524,0.11478903144598007,,,,,,,,
,,,,,,,,,4.643421052631579e-07,3529,,,,,,,,,
23,,,,,,,,,,3529,0.05378296971321106,,,,,,,,
,,,,,,,,,4.65e-07,3534,,,,,,,,,
23,,,,,,,,,,3534,0.08667619526386261,,,,,,,,
,,,,,,,,,4.656578947368421e-07,3539,,,,,,,,,
23,,,,,,,,,,3539,0.06309304386377335,,,,,,,,
,,,,,,,,,4.6631578947368415e-07,3544,,,,,,,,,
23,,,,,,,,,,3544,0.06561963260173798,,,,,,,,
,,,,,,,,,4.669736842105263e-07,3549,,,,,,,,,
23,,,,,,,,,,3549,0.13987833261489868,,,,,,,,
,,,,,,,,,4.6763157894736836e-07,3554,,,,,,,,,
23,,,,,,,,,,3554,0.05572618171572685,,,,,,,,
,,,,,,,,,4.682894736842105e-07,3559,,,,,,,,,
23,,,,,,,,,,3559,0.09875856339931488,,,,,,,,
,,,,,,,,,4.6894736842105257e-07,3564,,,,,,,,,
23,,,,,,,,,,3564,0.13225623965263367,,,,,,,,
,,,,,,,,,4.6960526315789473e-07,3569,,,,,,,,,
23,,,,,,,,,,3569,0.024969909340143204,,,,,,,,
,,,,,,,,,4.7026315789473683e-07,3574,,,,,,,,,
23,,,,,,,,,,3574,0.08104220032691956,,,,,,,,
,,,,,,,,,4.7092105263157894e-07,3579,,,,,,,,,
23,,,,,,,,,,3579,0.07183222472667694,,,,,,,,
,,,,,,,,,4.7157894736842104e-07,3584,,,,,,,,,
23,,,,,,,,,,3584,0.1365567147731781,,,,,,,,
,,,,,,,,,4.7223684210526314e-07,3589,,,,,,,,,
23,,,,,,,,,,3589,0.0895085483789444,,,,,,,,
,,,,,,,,,4.7289473684210525e-07,3594,,,,,,,,,
23,,,,,,,,,,3594,0.04520346224308014,,,,,,,,
,,,,,,,,,4.7355263157894735e-07,3599,,,,,,,,,
23,,,,,,,,,,3599,0.04440528154373169,,,,,,,,
,,,,,,,,,4.7421052631578946e-07,3604,,,,,,,,,
23,,,,,,,,,,3604,0.06250860542058945,,,,,,,,
,,,,,,,,,4.7486842105263156e-07,3609,,,,,,,,,
23,,,,,,,,,,3609,0.0881698727607727,,,,,,,,
,,,,,,,,,4.7552631578947367e-07,3614,,,,,,,,,
23,,,,,,,,,,3614,0.14023596048355103,,,,,,,,
,,,,,,,,,4.761842105263157e-07,3619,,,,,,,,,
23,,,,,,,,,,3619,0.08318983763456345,,,,,,,,
,,,,,,,,,4.768421052631579e-07,3624,,,,,,,,,
23,,,,,,,,,,3624,0.09748262912034988,,,,,,,,
,,,,,,,,,4.775e-07,3629,,,,,,,,,
23,,,,,,,,,,3629,0.09200304001569748,,,,,,,,
,,,,,,,,,4.781578947368421e-07,3634,,,,,,,,,
23,,,,,,,,,,3634,0.09935776144266129,,,,,,,,
,,,,,,,,,4.788157894736842e-07,3639,,,,,,,,,
23,,,,,,,,,,3639,0.1192324310541153,,,,,,,,
,,,,,,,,,4.794736842105263e-07,3644,,,,,,,,,
23,,,,,,,,,,3644,0.05516146868467331,,,,,,,,
23,,,,,,,,,,3647,,0.574999988079071,0.7301587462425232,0.08136315643787384,0.08136315643787384,0.11545605957508087,0.574999988079071,1.0,0.03531942516565323
,,,,,,,,,4.801315789473684e-07,3649,,,,,,,,,
24,,,,,,,,,,3649,0.11664749681949615,,,,,,,,
,,,,,,,,,4.807894736842105e-07,3654,,,,,,,,,
24,,,,,,,,,,3654,0.11062848567962646,,,,,,,,
,,,,,,,,,4.814473684210526e-07,3659,,,,,,,,,
24,,,,,,,,,,3659,0.07499101012945175,,,,,,,,
,,,,,,,,,4.821052631578947e-07,3664,,,,,,,,,
24,,,,,,,,,,3664,0.12962022423744202,,,,,,,,
,,,,,,,,,4.827631578947368e-07,3669,,,,,,,,,
24,,,,,,,,,,3669,0.11634388566017151,,,,,,,,
,,,,,,,,,4.834210526315789e-07,3674,,,,,,,,,
24,,,,,,,,,,3674,0.12013639509677887,,,,,,,,
,,,,,,,,,4.84078947368421e-07,3679,,,,,,,,,
24,,,,,,,,,,3679,0.10876881331205368,,,,,,,,
,,,,,,,,,4.847368421052631e-07,3684,,,,,,,,,
24,,,,,,,,,,3684,0.09567778557538986,,,,,,,,
,,,,,,,,,4.853947368421052e-07,3689,,,,,,,,,
24,,,,,,,,,,3689,0.074693463742733,,,,,,,,
,,,,,,,,,4.860526315789473e-07,3694,,,,,,,,,
24,,,,,,,,,,3694,0.05395609140396118,,,,,,,,
,,,,,,,,,4.867105263157894e-07,3699,,,,,,,,,
24,,,,,,,,,,3699,0.06790946424007416,,,,,,,,
,,,,,,,,,4.873684210526315e-07,3704,,,,,,,,,
24,,,,,,,,,,3704,0.06362168490886688,,,,,,,,
,,,,,,,,,4.880263157894737e-07,3709,,,,,,,,,
24,,,,,,,,,,3709,0.06260506063699722,,,,,,,,
,,,,,,,,,4.886842105263158e-07,3714,,,,,,,,,
24,,,,,,,,,,3714,0.05272741988301277,,,,,,,,
,,,,,,,,,4.893421052631579e-07,3719,,,,,,,,,
24,,,,,,,,,,3719,0.06667926907539368,,,,,,,,
,,,,,,,,,4.9e-07,3724,,,,,,,,,
24,,,,,,,,,,3724,0.0923433005809784,,,,,,,,
,,,,,,,,,4.906578947368421e-07,3729,,,,,,,,,
24,,,,,,,,,,3729,0.11438643932342529,,,,,,,,
,,,,,,,,,4.913157894736842e-07,3734,,,,,,,,,
24,,,,,,,,,,3734,0.056692466139793396,,,,,,,,
,,,,,,,,,4.919736842105263e-07,3739,,,,,,,,,
24,,,,,,,,,,3739,0.04371027648448944,,,,,,,,
,,,,,,,,,4.926315789473684e-07,3744,,,,,,,,,
24,,,,,,,,,,3744,0.06601503491401672,,,,,,,,
,,,,,,,,,4.932894736842105e-07,3749,,,,,,,,,
24,,,,,,,,,,3749,0.04278174042701721,,,,,,,,
,,,,,,,,,4.939473684210526e-07,3754,,,,,,,,,
24,,,,,,,,,,3754,0.11896839737892151,,,,,,,,
,,,,,,,,,4.946052631578947e-07,3759,,,,,,,,,
24,,,,,,,,,,3759,0.04942764341831207,,,,,,,,
,,,,,,,,,4.952631578947368e-07,3764,,,,,,,,,
24,,,,,,,,,,3764,0.10417354106903076,,,,,,,,
,,,,,,,,,4.959210526315789e-07,3769,,,,,,,,,
24,,,,,,,,,,3769,0.06997973471879959,,,,,,,,
,,,,,,,,,4.96578947368421e-07,3774,,,,,,,,,
24,,,,,,,,,,3774,0.07058519124984741,,,,,,,,
,,,,,,,,,4.972368421052631e-07,3779,,,,,,,,,
24,,,,,,,,,,3779,0.04528670758008957,,,,,,,,
,,,,,,,,,4.978947368421052e-07,3784,,,,,,,,,
24,,,,,,,,,,3784,0.0869324803352356,,,,,,,,
,,,,,,,,,4.985526315789473e-07,3789,,,,,,,,,
24,,,,,,,,,,3789,0.047794513404369354,,,,,,,,
,,,,,,,,,4.992105263157894e-07,3794,,,,,,,,,
24,,,,,,,,,,3794,0.10510536283254623,,,,,,,,
,,,,,,,,,4.998684210526315e-07,3799,,,,,,,,,
24,,,,,,,,,,3799,0.0711800679564476,,,,,,,,
24,,,,,,,,,,3799,,0.574999988079071,0.7213114500045776,0.08134625852108002,0.08134625852108002,0.065627321600914,0.5789473652839661,0.95652174949646,0.05203424021601677
,,,,,,,,,5.005263157894736e-07,3804,,,,,,,,,
25,,,,,,,,,,3804,0.07171578705310822,,,,,,,,
,,,,,,,,,5.011842105263157e-07,3809,,,,,,,,,
25,,,,,,,,,,3809,0.0770728662610054,,,,,,,,
,,,,,,,,,5.018421052631578e-07,3814,,,,,,,,,
25,,,,,,,,,,3814,0.08022661507129669,,,,,,,,
,,,,,,,,,5.025e-07,3819,,,,,,,,,
25,,,,,,,,,,3819,0.09210782498121262,,,,,,,,
,,,,,,,,,5.031578947368422e-07,3824,,,,,,,,,
25,,,,,,,,,,3824,0.033568624407052994,,,,,,,,
,,,,,,,,,5.038157894736842e-07,3829,,,,,,,,,
25,,,,,,,,,,3829,0.11347649991512299,,,,,,,,
,,,,,,,,,5.044736842105263e-07,3834,,,,,,,,,
25,,,,,,,,,,3834,0.08818534016609192,,,,,,,,
,,,,,,,,,5.051315789473684e-07,3839,,,,,,,,,
25,,,,,,,,,,3839,0.09998983889818192,,,,,,,,
,,,,,,,,,5.057894736842106e-07,3844,,,,,,,,,
25,,,,,,,,,,3844,0.05511888861656189,,,,,,,,
,,,,,,,,,5.064473684210526e-07,3849,,,,,,,,,
25,,,,,,,,,,3849,0.08178804069757462,,,,,,,,
,,,,,,,,,5.071052631578947e-07,3854,,,,,,,,,
25,,,,,,,,,,3854,0.12873782217502594,,,,,,,,
,,,,,,,,,5.077631578947368e-07,3859,,,,,,,,,
25,,,,,,,,,,3859,0.1106269434094429,,,,,,,,
,,,,,,,,,5.08421052631579e-07,3864,,,,,,,,,
25,,,,,,,,,,3864,0.09618314355611801,,,,,,,,
,,,,,,,,,5.090789473684211e-07,3869,,,,,,,,,
25,,,,,,,,,,3869,0.06304258108139038,,,,,,,,
,,,,,,,,,5.097368421052631e-07,3874,,,,,,,,,
25,,,,,,,,,,3874,0.0716213583946228,,,,,,,,
,,,,,,,,,5.103947368421052e-07,3879,,,,,,,,,
25,,,,,,,,,,3879,0.06409451365470886,,,,,,,,
,,,,,,,,,5.110526315789473e-07,3884,,,,,,,,,
25,,,,,,,,,,3884,0.04287608712911606,,,,,,,,
,,,,,,,,,5.117105263157895e-07,3889,,,,,,,,,
25,,,,,,,,,,3889,0.11702925711870193,,,,,,,,
,,,,,,,,,5.123684210526315e-07,3894,,,,,,,,,
25,,,,,,,,,,3894,0.09713943302631378,,,,,,,,
,,,,,,,,,5.130263157894736e-07,3899,,,,,,,,,
25,,,,,,,,,,3899,0.0667339488863945,,,,,,,,
,,,,,,,,,5.136842105263157e-07,3904,,,,,,,,,
25,,,,,,,,,,3904,0.06628741323947906,,,,,,,,
,,,,,,,,,5.143421052631579e-07,3909,,,,,,,,,
25,,,,,,,,,,3909,0.05159823223948479,,,,,,,,
,,,,,,,,,5.149999999999999e-07,3914,,,,,,,,,
25,,,,,,,,,,3914,0.09005811810493469,,,,,,,,
,,,,,,,,,5.15657894736842e-07,3919,,,,,,,,,
25,,,,,,,,,,3919,0.10170934349298477,,,,,,,,
,,,,,,,,,5.163157894736841e-07,3924,,,,,,,,,
25,,,,,,,,,,3924,0.0677759051322937,,,,,,,,
,,,,,,,,,5.169736842105264e-07,3929,,,,,,,,,
25,,,,,,,,,,3929,0.08310798555612564,,,,,,,,
,,,,,,,,,5.176315789473685e-07,3934,,,,,,,,,
25,,,,,,,,,,3934,0.11720963567495346,,,,,,,,
,,,,,,,,,5.182894736842105e-07,3939,,,,,,,,,
25,,,,,,,,,,3939,0.07596196234226227,,,,,,,,
,,,,,,,,,5.189473684210526e-07,3944,,,,,,,,,
25,,,,,,,,,,3944,0.09767400473356247,,,,,,,,
,,,,,,,,,5.196052631578948e-07,3949,,,,,,,,,
25,,,,,,,,,,3949,0.06554850190877914,,,,,,,,
25,,,,,,,,,,3951,,0.612500011920929,0.7479674816131592,0.0811251625418663,0.0811251625418663,0.16748084127902985,0.5974025726318359,1.0,0.08038133382797241
,,,,,,,,,5.202631578947369e-07,3954,,,,,,,,,
26,,,,,,,,,,3954,0.12414740025997162,,,,,,,,
,,,,,,,,,5.209210526315789e-07,3959,,,,,,,,,
26,,,,,,,,,,3959,0.09451664239168167,,,,,,,,
,,,,,,,,,5.21578947368421e-07,3964,,,,,,,,,
26,,,,,,,,,,3964,0.11288031935691833,,,,,,,,
,,,,,,,,,5.222368421052631e-07,3969,,,,,,,,,
26,,,,,,,,,,3969,0.09165433049201965,,,,,,,,
,,,,,,,,,5.228947368421053e-07,3974,,,,,,,,,
26,,,,,,,,,,3974,0.1686592847108841,,,,,,,,
,,,,,,,,,5.235526315789474e-07,3979,,,,,,,,,
26,,,,,,,,,,3979,0.08937713503837585,,,,,,,,
,,,,,,,,,5.242105263157894e-07,3984,,,,,,,,,
26,,,,,,,,,,3984,0.09811805933713913,,,,,,,,
,,,,,,,,,5.248684210526315e-07,3989,,,,,,,,,
26,,,,,,,,,,3989,0.10132919251918793,,,,,,,,
,,,,,,,,,5.255263157894737e-07,3994,,,,,,,,,
26,,,,,,,,,,3994,0.06550202518701553,,,,,,,,
,,,,,,,,,5.261842105263158e-07,3999,,,,,,,,,
26,,,,,,,,,,3999,0.09607642889022827,,,,,,,,
,,,,,,,,,5.268421052631578e-07,4004,,,,,,,,,
26,,,,,,,,,,4004,0.11708195507526398,,,,,,,,
,,,,,,,,,5.274999999999999e-07,4009,,,,,,,,,
26,,,,,,,,,,4009,0.08545529842376709,,,,,,,,
,,,,,,,,,5.281578947368421e-07,4014,,,,,,,,,
26,,,,,,,,,,4014,0.10105723142623901,,,,,,,,
,,,,,,,,,5.288157894736842e-07,4019,,,,,,,,,
26,,,,,,,,,,4019,0.034769508987665176,,,,,,,,
,,,,,,,,,5.294736842105263e-07,4024,,,,,,,,,
26,,,,,,,,,,4024,0.06869050115346909,,,,,,,,
,,,,,,,,,5.301315789473683e-07,4029,,,,,,,,,
26,,,,,,,,,,4029,0.10575155913829803,,,,,,,,
,,,,,,,,,5.307894736842104e-07,4034,,,,,,,,,
26,,,,,,,,,,4034,0.05945957824587822,,,,,,,,
,,,,,,,,,5.314473684210527e-07,4039,,,,,,,,,
26,,,,,,,,,,4039,0.10067499428987503,,,,,,,,
,,,,,,,,,5.321052631578948e-07,4044,,,,,,,,,
26,,,,,,,,,,4044,0.11240194737911224,,,,,,,,
,,,,,,,,,5.327631578947368e-07,4049,,,,,,,,,
26,,,,,,,,,,4049,0.13285589218139648,,,,,,,,
,,,,,,,,,5.334210526315789e-07,4054,,,,,,,,,
26,,,,,,,,,,4054,0.06071583554148674,,,,,,,,
,,,,,,,,,5.340789473684211e-07,4059,,,,,,,,,
26,,,,,,,,,,4059,0.06065576523542404,,,,,,,,
,,,,,,,,,5.347368421052632e-07,4064,,,,,,,,,
26,,,,,,,,,,4064,0.10565577447414398,,,,,,,,
,,,,,,,,,5.353947368421052e-07,4069,,,,,,,,,
26,,,,,,,,,,4069,0.0653449296951294,,,,,,,,
,,,,,,,,,5.360526315789473e-07,4074,,,,,,,,,
26,,,,,,,,,,4074,0.07718364149332047,,,,,,,,
,,,,,,,,,5.367105263157895e-07,4079,,,,,,,,,
26,,,,,,,,,,4079,0.12803886830806732,,,,,,,,
,,,,,,,,,5.373684210526316e-07,4084,,,,,,,,,
26,,,,,,,,,,4084,0.05417647957801819,,,,,,,,
,,,,,,,,,5.380263157894737e-07,4089,,,,,,,,,
26,,,,,,,,,,4089,0.103706493973732,,,,,,,,
,,,,,,,,,5.386842105263157e-07,4094,,,,,,,,,
26,,,,,,,,,,4094,0.04336347430944443,,,,,,,,
,,,,,,,,,5.393421052631578e-07,4099,,,,,,,,,
26,,,,,,,,,,4099,0.034544531255960464,,,,,,,,
26,,,,,,,,,,4103,,0.637499988079071,0.756302535533905,0.0808914452791214,0.0808914452791214,0.18833503127098083,0.6164383292198181,0.97826087474823,0.07009891420602798
,,,,,,,,,5.4e-07,4104,,,,,,,,,
27,,,,,,,,,,4104,0.08774105459451675,,,,,,,,
,,,,,,,,,5.406578947368421e-07,4109,,,,,,,,,
27,,,,,,,,,,4109,0.11238706111907959,,,,,,,,
,,,,,,,,,5.413157894736841e-07,4114,,,,,,,,,
27,,,,,,,,,,4114,0.06721165031194687,,,,,,,,
,,,,,,,,,5.419736842105262e-07,4119,,,,,,,,,
27,,,,,,,,,,4119,0.03745238482952118,,,,,,,,
,,,,,,,,,5.426315789473684e-07,4124,,,,,,,,,
27,,,,,,,,,,4124,0.02570861577987671,,,,,,,,
,,,,,,,,,5.432894736842105e-07,4129,,,,,,,,,
27,,,,,,,,,,4129,0.06411121785640717,,,,,,,,
,,,,,,,,,5.439473684210526e-07,4134,,,,,,,,,
27,,,,,,,,,,4134,0.062199916690588,,,,,,,,
,,,,,,,,,5.446052631578946e-07,4139,,,,,,,,,
27,,,,,,,,,,4139,0.1188778504729271,,,,,,,,
,,,,,,,,,5.452631578947369e-07,4144,,,,,,,,,
27,,,,,,,,,,4144,0.06726225465536118,,,,,,,,
,,,,,,,,,5.45921052631579e-07,4149,,,,,,,,,
27,,,,,,,,,,4149,0.0920717716217041,,,,,,,,
,,,,,,,,,5.465789473684211e-07,4154,,,,,,,,,
27,,,,,,,,,,4154,0.08507025986909866,,,,,,,,
,,,,,,,,,5.472368421052631e-07,4159,,,,,,,,,
27,,,,,,,,,,4159,0.056930504739284515,,,,,,,,
,,,,,,,,,5.478947368421052e-07,4164,,,,,,,,,
27,,,,,,,,,,4164,0.08318730443716049,,,,,,,,
,,,,,,,,,5.485526315789474e-07,4169,,,,,,,,,
27,,,,,,,,,,4169,0.050094302743673325,,,,,,,,
,,,,,,,,,5.492105263157895e-07,4174,,,,,,,,,
27,,,,,,,,,,4174,0.07627780735492706,,,,,,,,
,,,,,,,,,5.498684210526316e-07,4179,,,,,,,,,
27,,,,,,,,,,4179,0.08766055107116699,,,,,,,,
,,,,,,,,,5.505263157894736e-07,4184,,,,,,,,,
27,,,,,,,,,,4184,0.07361391931772232,,,,,,,,
,,,,,,,,,5.511842105263158e-07,4189,,,,,,,,,
27,,,,,,,,,,4189,0.07909650355577469,,,,,,,,
,,,,,,,,,5.518421052631579e-07,4194,,,,,,,,,
27,,,,,,,,,,4194,0.11227232962846756,,,,,,,,
,,,,,,,,,5.525e-07,4199,,,,,,,,,
27,,,,,,,,,,4199,0.11676851660013199,,,,,,,,
,,,,,,,,,5.53157894736842e-07,4204,,,,,,,,,
27,,,,,,,,,,4204,0.05748029053211212,,,,,,,,
,,,,,,,,,5.538157894736842e-07,4209,,,,,,,,,
27,,,,,,,,,,4209,0.08548139035701752,,,,,,,,
,,,,,,,,,5.544736842105263e-07,4214,,,,,,,,,
27,,,,,,,,,,4214,0.08061835169792175,,,,,,,,
,,,,,,,,,5.551315789473684e-07,4219,,,,,,,,,
27,,,,,,,,,,4219,0.11669547110795975,,,,,,,,
,,,,,,,,,5.557894736842105e-07,4224,,,,,,,,,
27,,,,,,,,,,4224,0.07434768974781036,,,,,,,,
,,,,,,,,,5.564473684210525e-07,4229,,,,,,,,,
27,,,,,,,,,,4229,0.14268362522125244,,,,,,,,
,,,,,,,,,5.571052631578947e-07,4234,,,,,,,,,
27,,,,,,,,,,4234,0.09889193624258041,,,,,,,,
,,,,,,,,,5.577631578947368e-07,4239,,,,,,,,,
27,,,,,,,,,,4239,0.0711885318160057,,,,,,,,
,,,,,,,,,5.584210526315789e-07,4244,,,,,,,,,
27,,,,,,,,,,4244,0.0938144400715828,,,,,,,,
,,,,,,,,,5.590789473684209e-07,4249,,,,,,,,,
27,,,,,,,,,,4249,0.11306588351726532,,,,,,,,
,,,,,,,,,5.597368421052632e-07,4254,,,,,,,,,
27,,,,,,,,,,4254,0.026146529242396355,,,,,,,,
27,,,,,,,,,,4255,,0.6625000238418579,0.76106196641922,0.08041046559810638,0.08041046559810638,0.24609781801700592,0.641791045665741,0.9347826242446899,0.16329807043075562
,,,,,,,,,5.603947368421053e-07,4259,,,,,,,,,
28,,,,,,,,,,4259,0.07409467548131943,,,,,,,,
,,,,,,,,,5.610526315789474e-07,4264,,,,,,,,,
28,,,,,,,,,,4264,0.04433716461062431,,,,,,,,
,,,,,,,,,5.617105263157894e-07,4269,,,,,,,,,
28,,,,,,,,,,4269,0.08498775213956833,,,,,,,,
,,,,,,,,,5.623684210526316e-07,4274,,,,,,,,,
28,,,,,,,,,,4274,0.08681733906269073,,,,,,,,
,,,,,,,,,5.630263157894737e-07,4279,,,,,,,,,
28,,,,,,,,,,4279,0.07823765277862549,,,,,,,,
,,,,,,,,,5.636842105263158e-07,4284,,,,,,,,,
28,,,,,,,,,,4284,0.06733480095863342,,,,,,,,
,,,,,,,,,5.643421052631579e-07,4289,,,,,,,,,
28,,,,,,,,,,4289,0.06300558149814606,,,,,,,,
,,,,,,,,,5.649999999999999e-07,4294,,,,,,,,,
28,,,,,,,,,,4294,0.05309334397315979,,,,,,,,
,,,,,,,,,5.656578947368421e-07,4299,,,,,,,,,
28,,,,,,,,,,4299,0.027083516120910645,,,,,,,,
,,,,,,,,,5.663157894736842e-07,4304,,,,,,,,,
28,,,,,,,,,,4304,0.08996011316776276,,,,,,,,
,,,,,,,,,5.669736842105263e-07,4309,,,,,,,,,
28,,,,,,,,,,4309,0.0827912837266922,,,,,,,,
,,,,,,,,,5.676315789473683e-07,4314,,,,,,,,,
28,,,,,,,,,,4314,0.06227637827396393,,,,,,,,
,,,,,,,,,5.682894736842105e-07,4319,,,,,,,,,
28,,,,,,,,,,4319,0.06835553795099258,,,,,,,,
,,,,,,,,,5.689473684210526e-07,4324,,,,,,,,,
28,,,,,,,,,,4324,0.13817913830280304,,,,,,,,
,,,,,,,,,5.696052631578947e-07,4329,,,,,,,,,
28,,,,,,,,,,4329,0.0663897916674614,,,,,,,,
,,,,,,,,,5.702631578947368e-07,4334,,,,,,,,,
28,,,,,,,,,,4334,0.10773944854736328,,,,,,,,
,,,,,,,,,5.709210526315789e-07,4339,,,,,,,,,
28,,,,,,,,,,4339,0.07935589551925659,,,,,,,,
,,,,,,,,,5.71578947368421e-07,4344,,,,,,,,,
28,,,,,,,,,,4344,0.07110446691513062,,,,,,,,
,,,,,,,,,5.722368421052631e-07,4349,,,,,,,,,
28,,,,,,,,,,4349,0.07925017923116684,,,,,,,,
,,,,,,,,,5.728947368421052e-07,4354,,,,,,,,,
28,,,,,,,,,,4354,0.06459406018257141,,,,,,,,
,,,,,,,,,5.735526315789472e-07,4359,,,,,,,,,
28,,,,,,,,,,4359,0.12073948979377747,,,,,,,,
,,,,,,,,,5.742105263157895e-07,4364,,,,,,,,,
28,,,,,,,,,,4364,0.09572936594486237,,,,,,,,
,,,,,,,,,5.748684210526316e-07,4369,,,,,,,,,
28,,,,,,,,,,4369,0.08431219309568405,,,,,,,,
,,,,,,,,,5.755263157894737e-07,4374,,,,,,,,,
28,,,,,,,,,,4374,0.0927903950214386,,,,,,,,
,,,,,,,,,5.761842105263158e-07,4379,,,,,,,,,
28,,,,,,,,,,4379,0.07508907467126846,,,,,,,,
,,,,,,,,,5.768421052631579e-07,4384,,,,,,,,,
28,,,,,,,,,,4384,0.09811624884605408,,,,,,,,
,,,,,,,,,5.775e-07,4389,,,,,,,,,
28,,,,,,,,,,4389,0.020167425274848938,,,,,,,,
,,,,,,,,,5.781578947368421e-07,4394,,,,,,,,,
28,,,,,,,,,,4394,0.07336319983005524,,,,,,,,
,,,,,,,,,5.788157894736842e-07,4399,,,,,,,,,
28,,,,,,,,,,4399,0.07218760997056961,,,,,,,,
,,,,,,,,,5.794736842105263e-07,4404,,,,,,,,,
28,,,,,,,,,,4404,0.13363833725452423,,,,,,,,
28,,,,,,,,,,4407,,0.625,0.7169811129570007,0.08018282055854797,0.08018282055854797,0.2241179645061493,0.6333333253860474,0.8260869383811951,0.1691552847623825
,,,,,,,,,5.801315789473684e-07,4409,,,,,,,,,
29,,,,,,,,,,4409,0.09830152243375778,,,,,,,,
,,,,,,,,,5.807894736842105e-07,4414,,,,,,,,,
29,,,,,,,,,,4414,0.04962074011564255,,,,,,,,
,,,,,,,,,5.814473684210526e-07,4419,,,,,,,,,
29,,,,,,,,,,4419,0.07672934234142303,,,,,,,,
,,,,,,,,,5.821052631578948e-07,4424,,,,,,,,,
29,,,,,,,,,,4424,0.11043950170278549,,,,,,,,
,,,,,,,,,5.827631578947368e-07,4429,,,,,,,,,
29,,,,,,,,,,4429,0.0653468444943428,,,,,,,,
,,,,,,,,,5.834210526315789e-07,4434,,,,,,,,,
29,,,,,,,,,,4434,0.09046663343906403,,,,,,,,
,,,,,,,,,5.84078947368421e-07,4439,,,,,,,,,
29,,,,,,,,,,4439,0.07424671202898026,,,,,,,,
,,,,,,,,,5.847368421052631e-07,4444,,,,,,,,,
29,,,,,,,,,,4444,0.04556317999958992,,,,,,,,
,,,,,,,,,5.853947368421052e-07,4449,,,,,,,,,
29,,,,,,,,,,4449,0.09429767727851868,,,,,,,,
,,,,,,,,,5.860526315789473e-07,4454,,,,,,,,,
29,,,,,,,,,,4454,0.05985134840011597,,,,,,,,
,,,,,,,,,5.867105263157894e-07,4459,,,,,,,,,
29,,,,,,,,,,4459,0.08157569915056229,,,,,,,,
,,,,,,,,,5.873684210526315e-07,4464,,,,,,,,,
29,,,,,,,,,,4464,0.10525278002023697,,,,,,,,
,,,,,,,,,5.880263157894738e-07,4469,,,,,,,,,
29,,,,,,,,,,4469,0.04785715788602829,,,,,,,,
,,,,,,,,,5.886842105263158e-07,4474,,,,,,,,,
29,,,,,,,,,,4474,0.1199999526143074,,,,,,,,
,,,,,,,,,5.893421052631579e-07,4479,,,,,,,,,
29,,,,,,,,,,4479,0.06753566861152649,,,,,,,,
,,,,,,,,,5.9e-07,4484,,,,,,,,,
29,,,,,,,,,,4484,0.05821453407406807,,,,,,,,
,,,,,,,,,5.906578947368422e-07,4489,,,,,,,,,
29,,,,,,,,,,4489,0.04813053086400032,,,,,,,,
,,,,,,,,,5.913157894736842e-07,4494,,,,,,,,,
29,,,,,,,,,,4494,0.05051454156637192,,,,,,,,
,,,,,,,,,5.919736842105263e-07,4499,,,,,,,,,
29,,,,,,,,,,4499,0.10398925840854645,,,,,,,,
,,,,,,,,,5.926315789473684e-07,4504,,,,,,,,,
29,,,,,,,,,,4504,0.08905839174985886,,,,,,,,
,,,,,,,,,5.932894736842105e-07,4509,,,,,,,,,
29,,,,,,,,,,4509,0.06302379071712494,,,,,,,,
,,,,,,,,,5.939473684210526e-07,4514,,,,,,,,,
29,,,,,,,,,,4514,0.10704638063907623,,,,,,,,
,,,,,,,,,5.946052631578947e-07,4519,,,,,,,,,
29,,,,,,,,,,4519,0.05853220820426941,,,,,,,,
,,,,,,,,,5.952631578947368e-07,4524,,,,,,,,,
29,,,,,,,,,,4524,0.09533737599849701,,,,,,,,
,,,,,,,,,5.959210526315789e-07,4529,,,,,,,,,
29,,,,,,,,,,4529,0.0827856957912445,,,,,,,,
,,,,,,,,,5.965789473684211e-07,4534,,,,,,,,,
29,,,,,,,,,,4534,0.04924377053976059,,,,,,,,
,,,,,,,,,5.972368421052631e-07,4539,,,,,,,,,
29,,,,,,,,,,4539,0.08930815756320953,,,,,,,,
,,,,,,,,,5.978947368421052e-07,4544,,,,,,,,,
29,,,,,,,,,,4544,0.06332259625196457,,,,,,,,
,,,,,,,,,5.985526315789473e-07,4549,,,,,,,,,
29,,,,,,,,,,4549,0.10527776181697845,,,,,,,,
,,,,,,,,,5.992105263157895e-07,4554,,,,,,,,,
29,,,,,,,,,,4554,0.07587523013353348,,,,,,,,
,,,,,,,,,5.998684210526315e-07,4559,,,,,,,,,
29,,,,,,,,,,4559,0.10624008625745773,,,,,,,,
29,,,,,,,,,,4559,,0.637499988079071,0.7339449524879456,0.07956746220588684,0.07956746220588684,0.27634167671203613,0.6349206566810608,0.8695651888847351,0.19827710092067719
,,,,,,,,,6.005263157894736e-07,4564,,,,,,,,,
30,,,,,,,,,,4564,0.022985760122537613,,,,,,,,
,,,,,,,,,6.011842105263157e-07,4569,,,,,,,,,
30,,,,,,,,,,4569,0.05730201303958893,,,,,,,,
,,,,,,,,,6.018421052631578e-07,4574,,,,,,,,,
30,,,,,,,,,,4574,0.0855611115694046,,,,,,,,
,,,,,,,,,6.025000000000001e-07,4579,,,,,,,,,
30,,,,,,,,,,4579,0.09165377914905548,,,,,,,,
,,,,,,,,,6.031578947368421e-07,4584,,,,,,,,,
30,,,,,,,,,,4584,0.08633550256490707,,,,,,,,
,,,,,,,,,6.038157894736842e-07,4589,,,,,,,,,
30,,,,,,,,,,4589,0.06477245688438416,,,,,,,,
,,,,,,,,,6.044736842105263e-07,4594,,,,,,,,,
30,,,,,,,,,,4594,0.08494338393211365,,,,,,,,
,,,,,,,,,6.051315789473685e-07,4599,,,,,,,,,
30,,,,,,,,,,4599,0.08782394975423813,,,,,,,,
,,,,,,,,,6.057894736842105e-07,4604,,,,,,,,,
30,,,,,,,,,,4604,0.08384185284376144,,,,,,,,
,,,,,,,,,6.064473684210526e-07,4609,,,,,,,,,
30,,,,,,,,,,4609,0.10260535031557083,,,,,,,,
,,,,,,,,,6.071052631578947e-07,4614,,,,,,,,,
30,,,,,,,,,,4614,0.069617360830307,,,,,,,,
,,,,,,,,,6.077631578947369e-07,4619,,,,,,,,,
30,,,,,,,,,,4619,0.093599334359169,,,,,,,,
,,,,,,,,,6.08421052631579e-07,4624,,,,,,,,,
30,,,,,,,,,,4624,0.07004312425851822,,,,,,,,
,,,,,,,,,6.09078947368421e-07,4629,,,,,,,,,
30,,,,,,,,,,4629,0.06923170387744904,,,,,,,,
,,,,,,,,,6.097368421052631e-07,4634,,,,,,,,,
30,,,,,,,,,,4634,0.07920102775096893,,,,,,,,
,,,,,,,,,6.103947368421052e-07,4639,,,,,,,,,
30,,,,,,,,,,4639,0.08497059345245361,,,,,,,,
,,,,,,,,,6.110526315789474e-07,4644,,,,,,,,,
30,,,,,,,,,,4644,0.05614278465509415,,,,,,,,
,,,,,,,,,6.117105263157894e-07,4649,,,,,,,,,
30,,,,,,,,,,4649,0.059676818549633026,,,,,,,,
,,,,,,,,,6.123684210526315e-07,4654,,,,,,,,,
30,,,,,,,,,,4654,0.08062008023262024,,,,,,,,
,,,,,,,,,6.130263157894736e-07,4659,,,,,,,,,
30,,,,,,,,,,4659,0.03866834565997124,,,,,,,,
,,,,,,,,,6.136842105263158e-07,4664,,,,,,,,,
30,,,,,,,,,,4664,0.05258505046367645,,,,,,,,
,,,,,,,,,6.143421052631579e-07,4669,,,,,,,,,
30,,,,,,,,,,4669,0.09334614872932434,,,,,,,,
,,,,,,,,,6.149999999999999e-07,4674,,,,,,,,,
30,,,,,,,,,,4674,0.07139741629362106,,,,,,,,
,,,,,,,,,6.15657894736842e-07,4679,,,,,,,,,
30,,,,,,,,,,4679,0.08117254078388214,,,,,,,,
,,,,,,,,,6.163157894736843e-07,4684,,,,,,,,,
30,,,,,,,,,,4684,0.16002747416496277,,,,,,,,
,,,,,,,,,6.169736842105264e-07,4689,,,,,,,,,
30,,,,,,,,,,4689,0.03974178805947304,,,,,,,,
,,,,,,,,,6.176315789473684e-07,4694,,,,,,,,,
30,,,,,,,,,,4694,0.15397822856903076,,,,,,,,
,,,,,,,,,6.182894736842105e-07,4699,,,,,,,,,
30,,,,,,,,,,4699,0.12558920681476593,,,,,,,,
,,,,,,,,,6.189473684210526e-07,4704,,,,,,,,,
30,,,,,,,,,,4704,0.02861783094704151,,,,,,,,
,,,,,,,,,6.196052631578948e-07,4709,,,,,,,,,
30,,,,,,,,,,4709,0.03337175026535988,,,,,,,,
30,,,,,,,,,,4711,,0.6875,0.7706422209739685,0.07870800793170929,0.07870800793170929,0.33269545435905457,0.6666666865348816,0.9130434989929199,0.2137594223022461
,,,,,,,,,6.202631578947368e-07,4714,,,,,,,,,
31,,,,,,,,,,4714,0.0545208640396595,,,,,,,,
,,,,,,,,,6.209210526315789e-07,4719,,,,,,,,,
31,,,,,,,,,,4719,0.1373218446969986,,,,,,,,
,,,,,,,,,6.21578947368421e-07,4724,,,,,,,,,
31,,,,,,,,,,4724,0.1012214869260788,,,,,,,,
,,,,,,,,,6.222368421052632e-07,4729,,,,,,,,,
31,,,,,,,,,,4729,0.11812351644039154,,,,,,,,
,,,,,,,,,6.228947368421053e-07,4734,,,,,,,,,
31,,,,,,,,,,4734,0.04474719613790512,,,,,,,,
,,,,,,,,,6.235526315789473e-07,4739,,,,,,,,,
31,,,,,,,,,,4739,0.1394093632698059,,,,,,,,
,,,,,,,,,6.242105263157894e-07,4744,,,,,,,,,
31,,,,,,,,,,4744,0.042959414422512054,,,,,,,,
,,,,,,,,,6.248684210526316e-07,4749,,,,,,,,,
31,,,,,,,,,,4749,0.07206081598997116,,,,,,,,
,,,,,,,,,6.255263157894737e-07,4754,,,,,,,,,
31,,,,,,,,,,4754,0.07785461843013763,,,,,,,,
,,,,,,,,,6.261842105263157e-07,4759,,,,,,,,,
31,,,,,,,,,,4759,0.0782502293586731,,,,,,,,
,,,,,,,,,6.268421052631578e-07,4764,,,,,,,,,
31,,,,,,,,,,4764,0.07696735113859177,,,,,,,,
,,,,,,,,,6.274999999999999e-07,4769,,,,,,,,,
31,,,,,,,,,,4769,0.1140129342675209,,,,,,,,
,,,,,,,,,6.281578947368421e-07,4774,,,,,,,,,
31,,,,,,,,,,4774,0.11124985665082932,,,,,,,,
,,,,,,,,,6.288157894736842e-07,4779,,,,,,,,,
31,,,,,,,,,,4779,0.07302619516849518,,,,,,,,
,,,,,,,,,6.294736842105262e-07,4784,,,,,,,,,
31,,,,,,,,,,4784,0.08101712167263031,,,,,,,,
,,,,,,,,,6.301315789473683e-07,4789,,,,,,,,,
31,,,,,,,,,,4789,0.0938241109251976,,,,,,,,
,,,,,,,,,6.307894736842105e-07,4794,,,,,,,,,
31,,,,,,,,,,4794,0.03439043462276459,,,,,,,,
,,,,,,,,,6.314473684210527e-07,4799,,,,,,,,,
31,,,,,,,,,,4799,0.09294561296701431,,,,,,,,
,,,,,,,,,6.321052631578947e-07,4804,,,,,,,,,
31,,,,,,,,,,4804,0.06728365272283554,,,,,,,,
,,,,,,,,,6.327631578947368e-07,4809,,,,,,,,,
31,,,,,,,,,,4809,0.08145668357610703,,,,,,,,
,,,,,,,,,6.33421052631579e-07,4814,,,,,,,,,
31,,,,,,,,,,4814,0.04805812984704971,,,,,,,,
,,,,,,,,,6.340789473684211e-07,4819,,,,,,,,,
31,,,,,,,,,,4819,0.1056537926197052,,,,,,,,
,,,,,,,,,6.347368421052632e-07,4824,,,,,,,,,
31,,,,,,,,,,4824,0.07296586036682129,,,,,,,,
,,,,,,,,,6.353947368421052e-07,4829,,,,,,,,,
31,,,,,,,,,,4829,0.06719853729009628,,,,,,,,
,,,,,,,,,6.360526315789473e-07,4834,,,,,,,,,
31,,,,,,,,,,4834,0.08079110085964203,,,,,,,,
,,,,,,,,,6.367105263157895e-07,4839,,,,,,,,,
31,,,,,,,,,,4839,0.046388622373342514,,,,,,,,
,,,,,,,,,6.373684210526316e-07,4844,,,,,,,,,
31,,,,,,,,,,4844,0.10131742060184479,,,,,,,,
,,,,,,,,,6.380263157894736e-07,4849,,,,,,,,,
31,,,,,,,,,,4849,0.0647265613079071,,,,,,,,
,,,,,,,,,6.386842105263157e-07,4854,,,,,,,,,
31,,,,,,,,,,4854,0.06407658755779266,,,,,,,,
,,,,,,,,,6.393421052631579e-07,4859,,,,,,,,,
31,,,,,,,,,,4859,0.03492734581232071,,,,,,,,
31,,,,,,,,,,4863,,0.625,0.7058823704719543,0.07894653081893921,0.07894653081893921,0.25244224071502686,0.6428571343421936,0.782608687877655,0.23224665224552155
,,,,,,,,,6.4e-07,4864,,,,,,,,,
32,,,,,,,,,,4864,0.023304110392928123,,,,,,,,
,,,,,,,,,6.40657894736842e-07,4869,,,,,,,,,
32,,,,,,,,,,4869,0.08511608839035034,,,,,,,,
,,,,,,,,,6.413157894736841e-07,4874,,,,,,,,,
32,,,,,,,,,,4874,0.06740189343690872,,,,,,,,
,,,,,,,,,6.419736842105263e-07,4879,,,,,,,,,
32,,,,,,,,,,4879,0.08258277177810669,,,,,,,,
,,,,,,,,,6.426315789473684e-07,4884,,,,,,,,,
32,,,,,,,,,,4884,0.03654946759343147,,,,,,,,
,,,,,,,,,6.432894736842105e-07,4889,,,,,,,,,
32,,,,,,,,,,4889,0.042394839227199554,,,,,,,,
,,,,,,,,,6.439473684210525e-07,4894,,,,,,,,,
32,,,,,,,,,,4894,0.06539701670408249,,,,,,,,
,,,,,,,,,6.446052631578947e-07,4899,,,,,,,,,
32,,,,,,,,,,4899,0.0635954961180687,,,,,,,,
,,,,,,,,,6.452631578947368e-07,4904,,,,,,,,,
32,,,,,,,,,,4904,0.062260523438453674,,,,,,,,
,,,,,,,,,6.45921052631579e-07,4909,,,,,,,,,
32,,,,,,,,,,4909,0.0732005313038826,,,,,,,,
,,,,,,,,,6.46578947368421e-07,4914,,,,,,,,,
32,,,,,,,,,,4914,0.05333831161260605,,,,,,,,
,,,,,,,,,6.472368421052631e-07,4919,,,,,,,,,
32,,,,,,,,,,4919,0.10746082663536072,,,,,,,,
,,,,,,,,,6.478947368421053e-07,4924,,,,,,,,,
32,,,,,,,,,,4924,0.11236356943845749,,,,,,,,
,,,,,,,,,6.485526315789474e-07,4929,,,,,,,,,
32,,,,,,,,,,4929,0.06907123327255249,,,,,,,,
,,,,,,,,,6.492105263157895e-07,4934,,,,,,,,,
32,,,,,,,,,,4934,0.08450023084878922,,,,,,,,
,,,,,,,,,6.498684210526315e-07,4939,,,,,,,,,
32,,,,,,,,,,4939,0.04849535599350929,,,,,,,,
,,,,,,,,,6.505263157894737e-07,4944,,,,,,,,,
32,,,,,,,,,,4944,0.06685678660869598,,,,,,,,
,,,,,,,,,6.511842105263158e-07,4949,,,,,,,,,
32,,,,,,,,,,4949,0.0756194069981575,,,,,,,,
,,,,,,,,,6.518421052631579e-07,4954,,,,,,,,,
32,,,,,,,,,,4954,0.10639059543609619,,,,,,,,
,,,,,,,,,6.524999999999999e-07,4959,,,,,,,,,
32,,,,,,,,,,4959,0.0704372450709343,,,,,,,,
,,,,,,,,,6.531578947368421e-07,4964,,,,,,,,,
32,,,,,,,,,,4964,0.07944441586732864,,,,,,,,
,,,,,,,,,6.538157894736842e-07,4969,,,,,,,,,
32,,,,,,,,,,4969,0.0844540074467659,,,,,,,,
,,,,,,,,,6.544736842105263e-07,4974,,,,,,,,,
32,,,,,,,,,,4974,0.03409012779593468,,,,,,,,
,,,,,,,,,6.551315789473684e-07,4979,,,,,,,,,
32,,,,,,,,,,4979,0.0681312158703804,,,,,,,,
,,,,,,,,,6.557894736842104e-07,4984,,,,,,,,,
32,,,,,,,,,,4984,0.0837559700012207,,,,,,,,
,,,,,,,,,6.564473684210526e-07,4989,,,,,,,,,
32,,,,,,,,,,4989,0.06620954722166061,,,,,,,,
,,,,,,,,,6.571052631578947e-07,4994,,,,,,,,,
32,,,,,,,,,,4994,0.11534120887517929,,,,,,,,
,,,,,,,,,6.577631578947368e-07,4999,,,,,,,,,
32,,,,,,,,,,4999,0.09249331057071686,,,,,,,,
,,,,,,,,,6.584210526315788e-07,5004,,,,,,,,,
32,,,,,,,,,,5004,0.09290032833814621,,,,,,,,
,,,,,,,,,6.59078947368421e-07,5009,,,,,,,,,
32,,,,,,,,,,5009,0.11661873012781143,,,,,,,,
,,,,,,,,,6.597368421052631e-07,5014,,,,,,,,,
32,,,,,,,,,,5014,0.10701064020395279,,,,,,,,
32,,,,,,,,,,5015,,0.6875,0.7706422209739685,0.07766013592481613,0.07766013592481613,0.3428807556629181,0.6666666865348816,0.9130434989929199,0.20918162167072296
,,,,,,,,,6.603947368421053e-07,5019,,,,,,,,,
33,,,,,,,,,,5019,0.10135156661272049,,,,,,,,
,,,,,,,,,6.610526315789474e-07,5024,,,,,,,,,
33,,,,,,,,,,5024,0.10300951451063156,,,,,,,,
,,,,,,,,,6.617105263157895e-07,5029,,,,,,,,,
33,,,,,,,,,,5029,0.09169250726699829,,,,,,,,
,,,,,,,,,6.623684210526316e-07,5034,,,,,,,,,
33,,,,,,,,,,5034,0.034753136336803436,,,,,,,,
,,,,,,,,,6.630263157894737e-07,5039,,,,,,,,,
33,,,,,,,,,,5039,0.07332507520914078,,,,,,,,
,,,,,,,,,6.636842105263158e-07,5044,,,,,,,,,
33,,,,,,,,,,5044,0.06281533092260361,,,,,,,,
,,,,,,,,,6.643421052631578e-07,5049,,,,,,,,,
33,,,,,,,,,,5049,0.10359758883714676,,,,,,,,
,,,,,,,,,6.65e-07,5054,,,,,,,,,
33,,,,,,,,,,5054,0.06726233661174774,,,,,,,,
,,,,,,,,,6.656578947368421e-07,5059,,,,,,,,,
33,,,,,,,,,,5059,0.1174560934305191,,,,,,,,
,,,,,,,,,6.663157894736842e-07,5064,,,,,,,,,
33,,,,,,,,,,5064,0.026453742757439613,,,,,,,,
,,,,,,,,,6.669736842105262e-07,5069,,,,,,,,,
33,,,,,,,,,,5069,0.0680200383067131,,,,,,,,
,,,,,,,,,6.676315789473684e-07,5074,,,,,,,,,
33,,,,,,,,,,5074,0.04417601600289345,,,,,,,,
,,,,,,,,,6.682894736842105e-07,5079,,,,,,,,,
33,,,,,,,,,,5079,0.06780008971691132,,,,,,,,
,,,,,,,,,6.689473684210526e-07,5084,,,,,,,,,
33,,,,,,,,,,5084,0.09352335333824158,,,,,,,,
,,,,,,,,,6.696052631578947e-07,5089,,,,,,,,,
33,,,,,,,,,,5089,0.04450467601418495,,,,,,,,
,,,,,,,,,6.702631578947368e-07,5094,,,,,,,,,
33,,,,,,,,,,5094,0.0372902937233448,,,,,,,,
,,,,,,,,,6.709210526315789e-07,5099,,,,,,,,,
33,,,,,,,,,,5099,0.07675584405660629,,,,,,,,
,,,,,,,,,6.71578947368421e-07,5104,,,,,,,,,
33,,,,,,,,,,5104,0.086046501994133,,,,,,,,
,,,,,,,,,6.722368421052631e-07,5109,,,,,,,,,
33,,,,,,,,,,5109,0.07818448543548584,,,,,,,,
,,,,,,,,,6.728947368421051e-07,5114,,,,,,,,,
33,,,,,,,,,,5114,0.059448178857564926,,,,,,,,
,,,,,,,,,6.735526315789473e-07,5119,,,,,,,,,
33,,,,,,,,,,5119,0.008562428876757622,,,,,,,,
,,,,,,,,,6.742105263157894e-07,5124,,,,,,,,,
33,,,,,,,,,,5124,0.04514402523636818,,,,,,,,
,,,,,,,,,6.748684210526316e-07,5129,,,,,,,,,
33,,,,,,,,,,5129,0.0699051171541214,,,,,,,,
,,,,,,,,,6.755263157894737e-07,5134,,,,,,,,,
33,,,,,,,,,,5134,0.10770392417907715,,,,,,,,
,,,,,,,,,6.761842105263158e-07,5139,,,,,,,,,
33,,,,,,,,,,5139,0.041176676750183105,,,,,,,,
,,,,,,,,,6.768421052631579e-07,5144,,,,,,,,,
33,,,,,,,,,,5144,0.0690244510769844,,,,,,,,
,,,,,,,,,6.775e-07,5149,,,,,,,,,
33,,,,,,,,,,5149,0.058193206787109375,,,,,,,,
,,,,,,,,,6.781578947368421e-07,5154,,,,,,,,,
33,,,,,,,,,,5154,0.10927931219339371,,,,,,,,
,,,,,,,,,6.788157894736842e-07,5159,,,,,,,,,
33,,,,,,,,,,5159,0.044298943132162094,,,,,,,,
,,,,,,,,,6.794736842105263e-07,5164,,,,,,,,,
33,,,,,,,,,,5164,0.08315923810005188,,,,,,,,
33,,,,,,,,,,5167,,0.6875,0.7706422209739685,0.07714887708425522,0.07714887708425522,0.3395937979221344,0.6666666865348816,0.9130434989929199,0.18883980810642242
,,,,,,,,,6.801315789473684e-07,5169,,,,,,,,,
34,,,,,,,,,,5169,0.12979194521903992,,,,,,,,
,,,,,,,,,6.807894736842105e-07,5174,,,,,,,,,
34,,,,,,,,,,5174,0.0724082812666893,,,,,,,,
,,,,,,,,,6.814473684210526e-07,5179,,,,,,,,,
34,,,,,,,,,,5179,0.043957509100437164,,,,,,,,
,,,,,,,,,6.821052631578947e-07,5184,,,,,,,,,
34,,,,,,,,,,5184,0.08669212460517883,,,,,,,,
,,,,,,,,,6.827631578947368e-07,5189,,,,,,,,,
34,,,,,,,,,,5189,0.05791188031435013,,,,,,,,
,,,,,,,,,6.834210526315789e-07,5194,,,,,,,,,
34,,,,,,,,,,5194,0.06325414776802063,,,,,,,,
,,,,,,,,,6.84078947368421e-07,5199,,,,,,,,,
34,,,,,,,,,,5199,0.06284531205892563,,,,,,,,
,,,,,,,,,6.847368421052631e-07,5204,,,,,,,,,
34,,,,,,,,,,5204,0.06805611401796341,,,,,,,,
,,,,,,,,,6.853947368421052e-07,5209,,,,,,,,,
34,,,,,,,,,,5209,0.061008621007204056,,,,,,,,
,,,,,,,,,6.860526315789473e-07,5214,,,,,,,,,
34,,,,,,,,,,5214,0.08188239485025406,,,,,,,,
,,,,,,,,,6.867105263157894e-07,5219,,,,,,,,,
34,,,,,,,,,,5219,0.09486439824104309,,,,,,,,
,,,,,,,,,6.873684210526316e-07,5224,,,,,,,,,
34,,,,,,,,,,5224,0.06324108690023422,,,,,,,,
,,,,,,,,,6.880263157894736e-07,5229,,,,,,,,,
34,,,,,,,,,,5229,0.10906719416379929,,,,,,,,
,,,,,,,,,6.886842105263157e-07,5234,,,,,,,,,
34,,,,,,,,,,5234,0.03904378414154053,,,,,,,,
,,,,,,,,,6.893421052631579e-07,5239,,,,,,,,,
34,,,,,,,,,,5239,0.07596872746944427,,,,,,,,
,,,,,,,,,6.9e-07,5244,,,,,,,,,
34,,,,,,,,,,5244,0.04879634827375412,,,,,,,,
,,,,,,,,,6.906578947368421e-07,5249,,,,,,,,,
34,,,,,,,,,,5249,0.039651159197092056,,,,,,,,
,,,,,,,,,6.913157894736842e-07,5254,,,,,,,,,
34,,,,,,,,,,5254,0.05853552743792534,,,,,,,,
,,,,,,,,,6.919736842105263e-07,5259,,,,,,,,,
34,,,,,,,,,,5259,0.06295933574438095,,,,,,,,
,,,,,,,,,6.926315789473684e-07,5264,,,,,,,,,
34,,,,,,,,,,5264,0.056162409484386444,,,,,,,,
,,,,,,,,,6.932894736842106e-07,5269,,,,,,,,,
34,,,,,,,,,,5269,0.08219273388385773,,,,,,,,
,,,,,,,,,6.939473684210526e-07,5274,,,,,,,,,
34,,,,,,,,,,5274,0.03217647969722748,,,,,,,,
,,,,,,,,,6.946052631578947e-07,5279,,,,,,,,,
34,,,,,,,,,,5279,0.03881864249706268,,,,,,,,
,,,,,,,,,6.952631578947368e-07,5284,,,,,,,,,
34,,,,,,,,,,5284,0.05162319168448448,,,,,,,,
,,,,,,,,,6.95921052631579e-07,5289,,,,,,,,,
34,,,,,,,,,,5289,0.055689211934804916,,,,,,,,
,,,,,,,,,6.96578947368421e-07,5294,,,,,,,,,
34,,,,,,,,,,5294,0.04973876103758812,,,,,,,,
,,,,,,,,,6.972368421052631e-07,5299,,,,,,,,,
34,,,,,,,,,,5299,0.02672446519136429,,,,,,,,
,,,,,,,,,6.978947368421052e-07,5304,,,,,,,,,
34,,,,,,,,,,5304,0.06542081385850906,,,,,,,,
,,,,,,,,,6.985526315789473e-07,5309,,,,,,,,,
34,,,,,,,,,,5309,0.06665022671222687,,,,,,,,
,,,,,,,,,6.992105263157894e-07,5314,,,,,,,,,
34,,,,,,,,,,5314,0.09757349640130997,,,,,,,,
,,,,,,,,,6.998684210526315e-07,5319,,,,,,,,,
34,,,,,,,,,,5319,0.05800056830048561,,,,,,,,
34,,,,,,,,,,5319,,0.6499999761581421,0.7254902124404907,0.07738211750984192,0.07738211750984192,0.2778412401676178,0.6607142686843872,0.804347813129425,0.25449004769325256
,,,,,,,,,7.005263157894736e-07,5324,,,,,,,,,
35,,,,,,,,,,5324,0.10150022804737091,,,,,,,,
,,,,,,,,,7.011842105263157e-07,5329,,,,,,,,,
35,,,,,,,,,,5329,0.09867236763238907,,,,,,,,
,,,,,,,,,7.018421052631579e-07,5334,,,,,,,,,
35,,,,,,,,,,5334,0.056067369878292084,,,,,,,,
,,,,,,,,,7.024999999999999e-07,5339,,,,,,,,,
35,,,,,,,,,,5339,0.0638757273554802,,,,,,,,
,,,,,,,,,7.03157894736842e-07,5344,,,,,,,,,
35,,,,,,,,,,5344,0.04963786154985428,,,,,,,,
,,,,,,,,,7.038157894736842e-07,5349,,,,,,,,,
35,,,,,,,,,,5349,0.10240812599658966,,,,,,,,
,,,,,,,,,7.044736842105264e-07,5354,,,,,,,,,
35,,,,,,,,,,5354,0.09220103919506073,,,,,,,,
,,,,,,,,,7.051315789473684e-07,5359,,,,,,,,,
35,,,,,,,,,,5359,0.0706634372472763,,,,,,,,
,,,,,,,,,7.057894736842105e-07,5364,,,,,,,,,
35,,,,,,,,,,5364,0.08307693153619766,,,,,,,,
,,,,,,,,,7.064473684210526e-07,5369,,,,,,,,,
35,,,,,,,,,,5369,0.049373019486665726,,,,,,,,
,,,,,,,,,7.071052631578948e-07,5374,,,,,,,,,
35,,,,,,,,,,5374,0.07975410670042038,,,,,,,,
,,,,,,,,,7.077631578947369e-07,5379,,,,,,,,,
35,,,,,,,,,,5379,0.035657912492752075,,,,,,,,
,,,,,,,,,7.084210526315789e-07,5384,,,,,,,,,
35,,,,,,,,,,5384,0.05153025686740875,,,,,,,,
,,,,,,,,,7.09078947368421e-07,5389,,,,,,,,,
35,,,,,,,,,,5389,0.050580427050590515,,,,,,,,
,,,,,,,,,7.097368421052631e-07,5394,,,,,,,,,
35,,,,,,,,,,5394,0.057521671056747437,,,,,,,,
,,,,,,,,,7.103947368421053e-07,5399,,,,,,,,,
35,,,,,,,,,,5399,0.06523425132036209,,,,,,,,
,,,,,,,,,7.110526315789473e-07,5404,,,,,,,,,
35,,,,,,,,,,5404,0.02952306531369686,,,,,,,,
,,,,,,,,,7.117105263157894e-07,5409,,,,,,,,,
35,,,,,,,,,,5409,0.0984378531575203,,,,,,,,
,,,,,,,,,7.123684210526315e-07,5414,,,,,,,,,
35,,,,,,,,,,5414,0.060890935361385345,,,,,,,,
,,,,,,,,,7.130263157894737e-07,5419,,,,,,,,,
35,,,,,,,,,,5419,0.03460289165377617,,,,,,,,
,,,,,,,,,7.136842105263158e-07,5424,,,,,,,,,
35,,,,,,,,,,5424,0.10583914816379547,,,,,,,,
,,,,,,,,,7.143421052631578e-07,5429,,,,,,,,,
35,,,,,,,,,,5429,0.1098482683300972,,,,,,,,
,,,,,,,,,7.149999999999999e-07,5434,,,,,,,,,
35,,,,,,,,,,5434,0.07797849923372269,,,,,,,,
,,,,,,,,,7.156578947368421e-07,5439,,,,,,,,,
35,,,,,,,,,,5439,0.037609346210956573,,,,,,,,
,,,,,,,,,7.163157894736842e-07,5444,,,,,,,,,
35,,,,,,,,,,5444,0.09498809278011322,,,,,,,,
,,,,,,,,,7.169736842105262e-07,5449,,,,,,,,,
35,,,,,,,,,,5449,0.05854123830795288,,,,,,,,
,,,,,,,,,7.176315789473683e-07,5454,,,,,,,,,
35,,,,,,,,,,5454,0.048388976603746414,,,,,,,,
,,,,,,,,,7.182894736842105e-07,5459,,,,,,,,,
35,,,,,,,,,,5459,0.04356653243303299,,,,,,,,
,,,,,,,,,7.189473684210527e-07,5464,,,,,,,,,
35,,,,,,,,,,5464,0.09484302252531052,,,,,,,,
,,,,,,,,,7.196052631578947e-07,5469,,,,,,,,,
35,,,,,,,,,,5469,0.09147656708955765,,,,,,,,
35,,,,,,,,,,5471,,0.6875,0.761904776096344,0.07638769596815109,0.07638769596815109,0.3213401734828949,0.6779661178588867,0.8695651888847351,0.2626126706600189
,,,,,,,,,7.202631578947368e-07,5474,,,,,,,,,
36,,,,,,,,,,5474,0.06410074234008789,,,,,,,,
,,,,,,,,,7.209210526315789e-07,5479,,,,,,,,,
36,,,,,,,,,,5479,0.05483489856123924,,,,,,,,
,,,,,,,,,7.215789473684211e-07,5484,,,,,,,,,
36,,,,,,,,,,5484,0.1040935069322586,,,,,,,,
,,,,,,,,,7.222368421052632e-07,5489,,,,,,,,,
36,,,,,,,,,,5489,0.1214703917503357,,,,,,,,
,,,,,,,,,7.228947368421052e-07,5494,,,,,,,,,
36,,,,,,,,,,5494,0.07580282539129257,,,,,,,,
,,,,,,,,,7.235526315789473e-07,5499,,,,,,,,,
36,,,,,,,,,,5499,0.11652813851833344,,,,,,,,
,,,,,,,,,7.242105263157895e-07,5504,,,,,,,,,
36,,,,,,,,,,5504,0.05348310247063637,,,,,,,,
,,,,,,,,,7.248684210526316e-07,5509,,,,,,,,,
36,,,,,,,,,,5509,0.07513431459665298,,,,,,,,
,,,,,,,,,7.255263157894736e-07,5514,,,,,,,,,
36,,,,,,,,,,5514,0.05232571065425873,,,,,,,,
,,,,,,,,,7.261842105263157e-07,5519,,,,,,,,,
36,,,,,,,,,,5519,0.047566384077072144,,,,,,,,
,,,,,,,,,7.268421052631578e-07,5524,,,,,,,,,
36,,,,,,,,,,5524,0.04534792900085449,,,,,,,,
,,,,,,,,,7.275e-07,5529,,,,,,,,,
36,,,,,,,,,,5529,0.10333403944969177,,,,,,,,
,,,,,,,,,7.281578947368421e-07,5534,,,,,,,,,
36,,,,,,,,,,5534,0.08184561878442764,,,,,,,,
,,,,,,,,,7.288157894736841e-07,5539,,,,,,,,,
36,,,,,,,,,,5539,0.03975564241409302,,,,,,,,
,,,,,,,,,7.294736842105262e-07,5544,,,,,,,,,
36,,,,,,,,,,5544,0.1048058569431305,,,,,,,,
,,,,,,,,,7.301315789473684e-07,5549,,,,,,,,,
36,,,,,,,,,,5549,0.054115600883960724,,,,,,,,
,,,,,,,,,7.307894736842105e-07,5554,,,,,,,,,
36,,,,,,,,,,5554,0.11613982170820236,,,,,,,,
,,,,,,,,,7.314473684210525e-07,5559,,,,,,,,,
36,,,,,,,,,,5559,0.03390885889530182,,,,,,,,
,,,,,,,,,7.321052631578946e-07,5564,,,,,,,,,
36,,,,,,,,,,5564,0.0601639449596405,,,,,,,,
,,,,,,,,,7.327631578947369e-07,5569,,,,,,,,,
36,,,,,,,,,,5569,0.03536393493413925,,,,,,,,
,,,,,,,,,7.33421052631579e-07,5574,,,,,,,,,
36,,,,,,,,,,5574,0.08135251700878143,,,,,,,,
,,,,,,,,,7.340789473684211e-07,5579,,,,,,,,,
36,,,,,,,,,,5579,0.049447204917669296,,,,,,,,
,,,,,,,,,7.347368421052631e-07,5584,,,,,,,,,
36,,,,,,,,,,5584,0.03644557297229767,,,,,,,,
,,,,,,,,,7.353947368421052e-07,5589,,,,,,,,,
36,,,,,,,,,,5589,0.07303059846162796,,,,,,,,
,,,,,,,,,7.360526315789474e-07,5594,,,,,,,,,
36,,,,,,,,,,5594,0.09146137535572052,,,,,,,,
,,,,,,,,,7.367105263157895e-07,5599,,,,,,,,,
36,,,,,,,,,,5599,0.06741215288639069,,,,,,,,
,,,,,,,,,7.373684210526315e-07,5604,,,,,,,,,
36,,,,,,,,,,5604,0.08830682933330536,,,,,,,,
,,,,,,,,,7.380263157894736e-07,5609,,,,,,,,,
36,,,,,,,,,,5609,0.07826845347881317,,,,,,,,
,,,,,,,,,7.386842105263158e-07,5614,,,,,,,,,
36,,,,,,,,,,5614,0.0529591366648674,,,,,,,,
,,,,,,,,,7.393421052631579e-07,5619,,,,,,,,,
36,,,,,,,,,,5619,0.05435201898217201,,,,,,,,
36,,,,,,,,,,5623,,0.6625000238418579,0.737864077091217,0.07607123255729675,0.07607123255729675,0.3095058500766754,0.6666666865348816,0.8260869383811951,0.28883519768714905
,,,,,,,,,7.4e-07,5624,,,,,,,,,
37,,,,,,,,,,5624,0.06688874214887619,,,,,,,,
,,,,,,,,,7.40657894736842e-07,5629,,,,,,,,,
37,,,,,,,,,,5629,0.11882010102272034,,,,,,,,
,,,,,,,,,7.413157894736842e-07,5634,,,,,,,,,
37,,,,,,,,,,5634,0.05731464549899101,,,,,,,,
,,,,,,,,,7.419736842105263e-07,5639,,,,,,,,,
37,,,,,,,,,,5639,0.07973535358905792,,,,,,,,
,,,,,,,,,7.426315789473684e-07,5644,,,,,,,,,
37,,,,,,,,,,5644,0.1167587861418724,,,,,,,,
,,,,,,,,,7.432894736842104e-07,5649,,,,,,,,,
37,,,,,,,,,,5649,0.10736251622438431,,,,,,,,
,,,,,,,,,7.439473684210525e-07,5654,,,,,,,,,
37,,,,,,,,,,5654,0.08563701808452606,,,,,,,,
,,,,,,,,,7.446052631578947e-07,5659,,,,,,,,,
37,,,,,,,,,,5659,0.09944156557321548,,,,,,,,
,,,,,,,,,7.452631578947368e-07,5664,,,,,,,,,
37,,,,,,,,,,5664,0.030479690060019493,,,,,,,,
,,,,,,,,,7.459210526315788e-07,5669,,,,,,,,,
37,,,,,,,,,,5669,0.1068253144621849,,,,,,,,
,,,,,,,,,7.46578947368421e-07,5674,,,,,,,,,
37,,,,,,,,,,5674,0.047316793352365494,,,,,,,,
,,,,,,,,,7.472368421052632e-07,5679,,,,,,,,,
37,,,,,,,,,,5679,0.07194200158119202,,,,,,,,
,,,,,,,,,7.478947368421053e-07,5684,,,,,,,,,
37,,,,,,,,,,5684,0.13489700853824615,,,,,,,,
,,,,,,,,,7.485526315789474e-07,5689,,,,,,,,,
37,,,,,,,,,,5689,0.04512377455830574,,,,,,,,
,,,,,,,,,7.492105263157894e-07,5694,,,,,,,,,
37,,,,,,,,,,5694,0.10688809305429459,,,,,,,,
,,,,,,,,,7.498684210526316e-07,5699,,,,,,,,,
37,,,,,,,,,,5699,0.05625171586871147,,,,,,,,
,,,,,,,,,7.505263157894737e-07,5704,,,,,,,,,
37,,,,,,,,,,5704,0.08268311619758606,,,,,,,,
,,,,,,,,,7.511842105263158e-07,5709,,,,,,,,,
37,,,,,,,,,,5709,0.05964238569140434,,,,,,,,
,,,,,,,,,7.518421052631578e-07,5714,,,,,,,,,
37,,,,,,,,,,5714,0.07355649024248123,,,,,,,,
,,,,,,,,,7.524999999999999e-07,5719,,,,,,,,,
37,,,,,,,,,,5719,0.07268892228603363,,,,,,,,
,,,,,,,,,7.531578947368421e-07,5724,,,,,,,,,
37,,,,,,,,,,5724,0.11639253050088882,,,,,,,,
,,,,,,,,,7.538157894736842e-07,5729,,,,,,,,,
37,,,,,,,,,,5729,0.08329232037067413,,,,,,,,
,,,,,,,,,7.544736842105263e-07,5734,,,,,,,,,
37,,,,,,,,,,5734,0.10872604697942734,,,,,,,,
,,,,,,,,,7.551315789473683e-07,5739,,,,,,,,,
37,,,,,,,,,,5739,0.08579979836940765,,,,,,,,
,,,,,,,,,7.557894736842105e-07,5744,,,,,,,,,
37,,,,,,,,,,5744,0.044136252254247665,,,,,,,,
,,,,,,,,,7.564473684210526e-07,5749,,,,,,,,,
37,,,,,,,,,,5749,0.03349856287240982,,,,,,,,
,,,,,,,,,7.571052631578947e-07,5754,,,,,,,,,
37,,,,,,,,,,5754,0.028177108615636826,,,,,,,,
,,,,,,,,,7.577631578947367e-07,5759,,,,,,,,,
37,,,,,,,,,,5759,0.04272658750414848,,,,,,,,
,,,,,,,,,7.584210526315789e-07,5764,,,,,,,,,
37,,,,,,,,,,5764,0.05629922077059746,,,,,,,,
,,,,,,,,,7.59078947368421e-07,5769,,,,,,,,,
37,,,,,,,,,,5769,0.10067056864500046,,,,,,,,
,,,,,,,,,7.597368421052631e-07,5774,,,,,,,,,
37,,,,,,,,,,5774,0.07153353095054626,,,,,,,,
37,,,,,,,,,,5775,,0.6875,0.7663551568984985,0.07535602897405624,0.07535602897405624,0.33802515268325806,0.6721311211585999,0.8913043737411499,0.26871639490127563
,,,,,,,,,7.603947368421052e-07,5779,,,,,,,,,
38,,,,,,,,,,5779,0.07161461561918259,,,,,,,,
,,,,,,,,,7.610526315789472e-07,5784,,,,,,,,,
38,,,,,,,,,,5784,0.09938055276870728,,,,,,,,
,,,,,,,,,7.617105263157895e-07,5789,,,,,,,,,
38,,,,,,,,,,5789,0.02985200472176075,,,,,,,,
,,,,,,,,,7.623684210526316e-07,5794,,,,,,,,,
38,,,,,,,,,,5794,0.05854261666536331,,,,,,,,
,,,,,,,,,7.630263157894737e-07,5799,,,,,,,,,
38,,,,,,,,,,5799,0.09365282207727432,,,,,,,,
,,,,,,,,,7.636842105263157e-07,5804,,,,,,,,,
38,,,,,,,,,,5804,0.07006163150072098,,,,,,,,
,,,,,,,,,7.643421052631579e-07,5809,,,,,,,,,
38,,,,,,,,,,5809,0.08474858850240707,,,,,,,,
,,,,,,,,,7.65e-07,5814,,,,,,,,,
38,,,,,,,,,,5814,0.019380778074264526,,,,,,,,
,,,,,,,,,7.656578947368421e-07,5819,,,,,,,,,
38,,,,,,,,,,5819,0.06964386999607086,,,,,,,,
,,,,,,,,,7.663157894736842e-07,5824,,,,,,,,,
38,,,,,,,,,,5824,0.06815508753061295,,,,,,,,
,,,,,,,,,7.669736842105263e-07,5829,,,,,,,,,
38,,,,,,,,,,5829,0.10005179792642593,,,,,,,,
,,,,,,,,,7.676315789473684e-07,5834,,,,,,,,,
38,,,,,,,,,,5834,0.06234920769929886,,,,,,,,
,,,,,,,,,7.682894736842105e-07,5839,,,,,,,,,
38,,,,,,,,,,5839,0.0671934187412262,,,,,,,,
,,,,,,,,,7.689473684210526e-07,5844,,,,,,,,,
38,,,,,,,,,,5844,0.03760172054171562,,,,,,,,
,,,,,,,,,7.696052631578947e-07,5849,,,,,,,,,
38,,,,,,,,,,5849,0.07824323326349258,,,,,,,,
,,,,,,,,,7.702631578947368e-07,5854,,,,,,,,,
38,,,,,,,,,,5854,0.059134166687726974,,,,,,,,
,,,,,,,,,7.709210526315789e-07,5859,,,,,,,,,
38,,,,,,,,,,5859,0.07779397070407867,,,,,,,,
,,,,,,,,,7.71578947368421e-07,5864,,,,,,,,,
38,,,,,,,,,,5864,0.06551456451416016,,,,,,,,
,,,,,,,,,7.72236842105263e-07,5869,,,,,,,,,
38,,,,,,,,,,5869,0.0824505090713501,,,,,,,,
,,,,,,,,,7.728947368421052e-07,5874,,,,,,,,,
38,,,,,,,,,,5874,0.09750177711248398,,,,,,,,
,,,,,,,,,7.735526315789473e-07,5879,,,,,,,,,
38,,,,,,,,,,5879,0.01390671543776989,,,,,,,,
,,,,,,,,,7.742105263157894e-07,5884,,,,,,,,,
38,,,,,,,,,,5884,0.03676319494843483,,,,,,,,
,,,,,,,,,7.748684210526315e-07,5889,,,,,,,,,
38,,,,,,,,,,5889,0.03932937979698181,,,,,,,,
,,,,,,,,,7.755263157894737e-07,5894,,,,,,,,,
38,,,,,,,,,,5894,0.06700573116540909,,,,,,,,
,,,,,,,,,7.761842105263158e-07,5899,,,,,,,,,
38,,,,,,,,,,5899,0.04910237714648247,,,,,,,,
,,,,,,,,,7.768421052631579e-07,5904,,,,,,,,,
38,,,,,,,,,,5904,0.05760708078742027,,,,,,,,
,,,,,,,,,7.775e-07,5909,,,,,,,,,
38,,,,,,,,,,5909,0.060083698481321335,,,,,,,,
,,,,,,,,,7.781578947368421e-07,5914,,,,,,,,,
38,,,,,,,,,,5914,0.05695585161447525,,,,,,,,
,,,,,,,,,7.788157894736842e-07,5919,,,,,,,,,
38,,,,,,,,,,5919,0.07706661522388458,,,,,,,,
,,,,,,,,,7.794736842105263e-07,5924,,,,,,,,,
38,,,,,,,,,,5924,0.03856020048260689,,,,,,,,
38,,,,,,,,,,5927,,0.699999988079071,0.7692307829856873,0.07386157661676407,0.07386157661676407,0.36722299456596375,0.6896551847457886,0.8695651888847351,0.3053152859210968
,,,,,,,,,7.801315789473684e-07,5929,,,,,,,,,
39,,,,,,,,,,5929,0.0470755510032177,,,,,,,,
,,,,,,,,,7.807894736842105e-07,5934,,,,,,,,,
39,,,,,,,,,,5934,0.05942896381020546,,,,,,,,
,,,,,,,,,7.814473684210526e-07,5939,,,,,,,,,
39,,,,,,,,,,5939,0.030660778284072876,,,,,,,,
,,,,,,,,,7.821052631578947e-07,5944,,,,,,,,,
39,,,,,,,,,,5944,0.027375902980566025,,,,,,,,
,,,,,,,,,7.827631578947368e-07,5949,,,,,,,,,
39,,,,,,,,,,5949,0.09532689303159714,,,,,,,,
,,,,,,,,,7.834210526315789e-07,5954,,,,,,,,,
39,,,,,,,,,,5954,0.07856887578964233,,,,,,,,
,,,,,,,,,7.84078947368421e-07,5959,,,,,,,,,
39,,,,,,,,,,5959,0.045822251588106155,,,,,,,,
,,,,,,,,,7.847368421052631e-07,5964,,,,,,,,,
39,,,,,,,,,,5964,0.045785315334796906,,,,,,,,
,,,,,,,,,7.853947368421052e-07,5969,,,,,,,,,
39,,,,,,,,,,5969,0.0808691680431366,,,,,,,,
,,,,,,,,,7.860526315789473e-07,5974,,,,,,,,,
39,,,,,,,,,,5974,0.0818418487906456,,,,,,,,
,,,,,,,,,7.867105263157895e-07,5979,,,,,,,,,
39,,,,,,,,,,5979,0.04370064660906792,,,,,,,,
,,,,,,,,,7.873684210526315e-07,5984,,,,,,,,,
39,,,,,,,,,,5984,0.1155618280172348,,,,,,,,
,,,,,,,,,7.880263157894736e-07,5989,,,,,,,,,
39,,,,,,,,,,5989,0.022904617711901665,,,,,,,,
,,,,,,,,,7.886842105263157e-07,5994,,,,,,,,,
39,,,,,,,,,,5994,0.07966078072786331,,,,,,,,
,,,,,,,,,7.893421052631578e-07,5999,,,,,,,,,
39,,,,,,,,,,5999,0.048544708639383316,,,,,,,,
,,,,,,,,,7.9e-07,6004,,,,,,,,,
39,,,,,,,,,,6004,0.060357075184583664,,,,,,,,
,,,,,,,,,7.906578947368421e-07,6009,,,,,,,,,
39,,,,,,,,,,6009,0.06482326239347458,,,,,,,,
,,,,,,,,,7.913157894736842e-07,6014,,,,,,,,,
39,,,,,,,,,,6014,0.012508097104728222,,,,,,,,
,,,,,,,,,7.919736842105263e-07,6019,,,,,,,,,
39,,,,,,,,,,6019,0.03343107923865318,,,,,,,,
,,,,,,,,,7.926315789473685e-07,6024,,,,,,,,,
39,,,,,,,,,,6024,0.11611327528953552,,,,,,,,
,,,,,,,,,7.932894736842105e-07,6029,,,,,,,,,
39,,,,,,,,,,6029,0.0323781780898571,,,,,,,,
,,,,,,,,,7.939473684210526e-07,6034,,,,,,,,,
39,,,,,,,,,,6034,0.08834923058748245,,,,,,,,
,,,,,,,,,7.946052631578947e-07,6039,,,,,,,,,
39,,,,,,,,,,6039,0.05925456061959267,,,,,,,,
,,,,,,,,,7.952631578947369e-07,6044,,,,,,,,,
39,,,,,,,,,,6044,0.0684388130903244,,,,,,,,
,,,,,,,,,7.959210526315789e-07,6049,,,,,,,,,
39,,,,,,,,,,6049,0.0457678958773613,,,,,,,,
,,,,,,,,,7.96578947368421e-07,6054,,,,,,,,,
39,,,,,,,,,,6054,0.06161593645811081,,,,,,,,
,,,,,,,,,7.972368421052631e-07,6059,,,,,,,,,
39,,,,,,,,,,6059,0.09079436212778091,,,,,,,,
,,,,,,,,,7.978947368421052e-07,6064,,,,,,,,,
39,,,,,,,,,,6064,0.08866008371114731,,,,,,,,
,,,,,,,,,7.985526315789474e-07,6069,,,,,,,,,
39,,,,,,,,,,6069,0.045437246561050415,,,,,,,,
,,,,,,,,,7.992105263157894e-07,6074,,,,,,,,,
39,,,,,,,,,,6074,0.07773428410291672,,,,,,,,
,,,,,,,,,7.998684210526315e-07,6079,,,,,,,,,
39,,,,,,,,,,6079,0.07731921225786209,,,,,,,,
39,,,,,,,,,,6079,,0.699999988079071,0.7735849022865295,0.07267063856124878,0.07267063856124878,0.4033391773700714,0.6833333373069763,0.8913043737411499,0.26342257857322693
,,,,,,,,,8.005263157894736e-07,6084,,,,,,,,,
40,,,,,,,,,,6084,0.06823429465293884,,,,,,,,
,,,,,,,,,8.011842105263158e-07,6089,,,,,,,,,
40,,,,,,,,,,6089,0.05095237120985985,,,,,,,,
,,,,,,,,,8.018421052631578e-07,6094,,,,,,,,,
40,,,,,,,,,,6094,0.05287598446011543,,,,,,,,
,,,,,,,,,8.024999999999999e-07,6099,,,,,,,,,
40,,,,,,,,,,6099,0.09054005146026611,,,,,,,,
,,,,,,,,,8.03157894736842e-07,6104,,,,,,,,,
40,,,,,,,,,,6104,0.06455322355031967,,,,,,,,
,,,,,,,,,8.038157894736843e-07,6109,,,,,,,,,
40,,,,,,,,,,6109,0.0460539385676384,,,,,,,,
,,,,,,,,,8.044736842105263e-07,6114,,,,,,,,,
40,,,,,,,,,,6114,0.03726253658533096,,,,,,,,
,,,,,,,,,8.051315789473684e-07,6119,,,,,,,,,
40,,,,,,,,,,6119,0.11028338968753815,,,,,,,,
,,,,,,,,,8.057894736842105e-07,6124,,,,,,,,,
40,,,,,,,,,,6124,0.07746832072734833,,,,,,,,
,,,,,,,,,8.064473684210526e-07,6129,,,,,,,,,
40,,,,,,,,,,6129,0.09257422387599945,,,,,,,,
,,,,,,,,,8.071052631578948e-07,6134,,,,,,,,,
40,,,,,,,,,,6134,0.03811882063746452,,,,,,,,
,,,,,,,,,8.077631578947368e-07,6139,,,,,,,,,
40,,,,,,,,,,6139,0.0389348603785038,,,,,,,,
,,,,,,,,,8.084210526315789e-07,6144,,,,,,,,,
40,,,,,,,,,,6144,0.04115982726216316,,,,,,,,
,,,,,,,,,8.09078947368421e-07,6149,,,,,,,,,
40,,,,,,,,,,6149,0.05357309430837631,,,,,,,,
,,,,,,,,,8.097368421052632e-07,6154,,,,,,,,,
40,,,,,,,,,,6154,0.0645652562379837,,,,,,,,
,,,,,,,,,8.103947368421052e-07,6159,,,,,,,,,
40,,,,,,,,,,6159,0.04353001341223717,,,,,,,,
,,,,,,,,,8.110526315789473e-07,6164,,,,,,,,,
40,,,,,,,,,,6164,0.042670100927352905,,,,,,,,
,,,,,,,,,8.117105263157894e-07,6169,,,,,,,,,
40,,,,,,,,,,6169,0.06817896664142609,,,,,,,,
,,,,,,,,,8.123684210526316e-07,6174,,,,,,,,,
40,,,,,,,,,,6174,0.07298479229211807,,,,,,,,
,,,,,,,,,8.130263157894737e-07,6179,,,,,,,,,
40,,,,,,,,,,6179,0.05465991795063019,,,,,,,,
,,,,,,,,,8.136842105263157e-07,6184,,,,,,,,,
40,,,,,,,,,,6184,0.09778638184070587,,,,,,,,
,,,,,,,,,8.143421052631578e-07,6189,,,,,,,,,
40,,,,,,,,,,6189,0.025485701858997345,,,,,,,,
,,,,,,,,,8.149999999999999e-07,6194,,,,,,,,,
40,,,,,,,,,,6194,0.059568874537944794,,,,,,,,
,,,,,,,,,8.156578947368421e-07,6199,,,,,,,,,
40,,,,,,,,,,6199,0.05881255865097046,,,,,,,,
,,,,,,,,,8.163157894736841e-07,6204,,,,,,,,,
40,,,,,,,,,,6204,0.02822185680270195,,,,,,,,
,,,,,,,,,8.169736842105262e-07,6209,,,,,,,,,
40,,,,,,,,,,6209,0.07273149490356445,,,,,,,,
,,,,,,,,,8.176315789473683e-07,6214,,,,,,,,,
40,,,,,,,,,,6214,0.04952004924416542,,,,,,,,
,,,,,,,,,8.182894736842106e-07,6219,,,,,,,,,
40,,,,,,,,,,6219,0.04386160522699356,,,,,,,,
,,,,,,,,,8.189473684210527e-07,6224,,,,,,,,,
40,,,,,,,,,,6224,0.09411527216434479,,,,,,,,
,,,,,,,,,8.196052631578947e-07,6229,,,,,,,,,
40,,,,,,,,,,6229,0.08317773044109344,,,,,,,,
40,,,,,,,,,,6231,,0.7250000238418579,0.7924528121948242,0.07246760278940201,0.07246760278940201,0.40437114238739014,0.699999988079071,0.9130434989929199,0.29826077818870544
,,,,,,,,,8.202631578947368e-07,6234,,,,,,,,,
41,,,,,,,,,,6234,0.061423271894454956,,,,,,,,
,,,,,,,,,8.20921052631579e-07,6239,,,,,,,,,
41,,,,,,,,,,6239,0.08640918880701065,,,,,,,,
,,,,,,,,,8.215789473684211e-07,6244,,,,,,,,,
41,,,,,,,,,,6244,0.05806399881839752,,,,,,,,
,,,,,,,,,8.222368421052631e-07,6249,,,,,,,,,
41,,,,,,,,,,6249,0.060122281312942505,,,,,,,,
,,,,,,,,,8.228947368421052e-07,6254,,,,,,,,,
41,,,,,,,,,,6254,0.07166624069213867,,,,,,,,
,,,,,,,,,8.235526315789473e-07,6259,,,,,,,,,
41,,,,,,,,,,6259,0.03669362515211105,,,,,,,,
,,,,,,,,,8.242105263157895e-07,6264,,,,,,,,,
41,,,,,,,,,,6264,0.04227840155363083,,,,,,,,
,,,,,,,,,8.248684210526315e-07,6269,,,,,,,,,
41,,,,,,,,,,6269,0.08049241453409195,,,,,,,,
,,,,,,,,,8.255263157894736e-07,6274,,,,,,,,,
41,,,,,,,,,,6274,0.04847376421093941,,,,,,,,
,,,,,,,,,8.261842105263157e-07,6279,,,,,,,,,
41,,,,,,,,,,6279,0.06763054430484772,,,,,,,,
,,,,,,,,,8.268421052631579e-07,6284,,,,,,,,,
41,,,,,,,,,,6284,0.08209268003702164,,,,,,,,
,,,,,,,,,8.275e-07,6289,,,,,,,,,
41,,,,,,,,,,6289,0.07854806631803513,,,,,,,,
,,,,,,,,,8.28157894736842e-07,6294,,,,,,,,,
41,,,,,,,,,,6294,0.07679939270019531,,,,,,,,
,,,,,,,,,8.288157894736841e-07,6299,,,,,,,,,
41,,,,,,,,,,6299,0.042716335505247116,,,,,,,,
,,,,,,,,,8.294736842105263e-07,6304,,,,,,,,,
41,,,,,,,,,,6304,0.0494113489985466,,,,,,,,
,,,,,,,,,8.301315789473684e-07,6309,,,,,,,,,
41,,,,,,,,,,6309,0.03733222186565399,,,,,,,,
,,,,,,,,,8.307894736842104e-07,6314,,,,,,,,,
41,,,,,,,,,,6314,0.060734327882528305,,,,,,,,
,,,,,,,,,8.314473684210525e-07,6319,,,,,,,,,
41,,,,,,,,,,6319,0.04809577763080597,,,,,,,,
,,,,,,,,,8.321052631578947e-07,6324,,,,,,,,,
41,,,,,,,,,,6324,0.05128795653581619,,,,,,,,
,,,,,,,,,8.327631578947369e-07,6329,,,,,,,,,
41,,,,,,,,,,6329,0.03792419657111168,,,,,,,,
,,,,,,,,,8.33421052631579e-07,6334,,,,,,,,,
41,,,,,,,,,,6334,0.04097312316298485,,,,,,,,
,,,,,,,,,8.34078947368421e-07,6339,,,,,,,,,
41,,,,,,,,,,6339,0.08606163412332535,,,,,,,,
,,,,,,,,,8.347368421052631e-07,6344,,,,,,,,,
41,,,,,,,,,,6344,0.07932131737470627,,,,,,,,
,,,,,,,,,8.353947368421053e-07,6349,,,,,,,,,
41,,,,,,,,,,6349,0.07602010667324066,,,,,,,,
,,,,,,,,,8.360526315789474e-07,6354,,,,,,,,,
41,,,,,,,,,,6354,0.02018476463854313,,,,,,,,
,,,,,,,,,8.367105263157894e-07,6359,,,,,,,,,
41,,,,,,,,,,6359,0.06079506874084473,,,,,,,,
,,,,,,,,,8.373684210526315e-07,6364,,,,,,,,,
41,,,,,,,,,,6364,0.048698849976062775,,,,,,,,
,,,,,,,,,8.380263157894737e-07,6369,,,,,,,,,
41,,,,,,,,,,6369,0.07039089500904083,,,,,,,,
,,,,,,,,,8.386842105263158e-07,6374,,,,,,,,,
41,,,,,,,,,,6374,0.09338277578353882,,,,,,,,
,,,,,,,,,8.393421052631579e-07,6379,,,,,,,,,
41,,,,,,,,,,6379,0.05265236273407936,,,,,,,,
41,,,,,,,,,,6383,,0.675000011920929,0.7450980544090271,0.07457447052001953,0.07457447052001953,0.32297787070274353,0.6785714030265808,0.8260869383811951,0.2937181890010834
,,,,,,,,,8.399999999999999e-07,6384,,,,,,,,,
42,,,,,,,,,,6384,0.06528010964393616,,,,,,,,
,,,,,,,,,8.406578947368421e-07,6389,,,,,,,,,
42,,,,,,,,,,6389,0.06071949005126953,,,,,,,,
,,,,,,,,,8.413157894736842e-07,6394,,,,,,,,,
42,,,,,,,,,,6394,0.04225538298487663,,,,,,,,
,,,,,,,,,8.419736842105263e-07,6399,,,,,,,,,
42,,,,,,,,,,6399,0.08588539063930511,,,,,,,,
,,,,,,,,,8.426315789473683e-07,6404,,,,,,,,,
42,,,,,,,,,,6404,0.07642028480768204,,,,,,,,
,,,,,,,,,8.432894736842104e-07,6409,,,,,,,,,
42,,,,,,,,,,6409,0.08754799515008926,,,,,,,,
,,,,,,,,,8.439473684210526e-07,6414,,,,,,,,,
42,,,,,,,,,,6414,0.07224704325199127,,,,,,,,
,,,,,,,,,8.446052631578947e-07,6419,,,,,,,,,
42,,,,,,,,,,6419,0.06861906498670578,,,,,,,,
,,,,,,,,,8.452631578947368e-07,6424,,,,,,,,,
42,,,,,,,,,,6424,0.030043188482522964,,,,,,,,
,,,,,,,,,8.459210526315788e-07,6429,,,,,,,,,
42,,,,,,,,,,6429,0.06946413964033127,,,,,,,,
,,,,,,,,,8.46578947368421e-07,6434,,,,,,,,,
42,,,,,,,,,,6434,0.03332022577524185,,,,,,,,
,,,,,,,,,8.472368421052632e-07,6439,,,,,,,,,
42,,,,,,,,,,6439,0.043249428272247314,,,,,,,,
,,,,,,,,,8.478947368421053e-07,6444,,,,,,,,,
42,,,,,,,,,,6444,0.01916889287531376,,,,,,,,
,,,,,,,,,8.485526315789473e-07,6449,,,,,,,,,
42,,,,,,,,,,6449,0.06751318275928497,,,,,,,,
,,,,,,,,,8.492105263157895e-07,6454,,,,,,,,,
42,,,,,,,,,,6454,0.04949741065502167,,,,,,,,
,,,,,,,,,8.498684210526316e-07,6459,,,,,,,,,
42,,,,,,,,,,6459,0.07223484665155411,,,,,,,,
,,,,,,,,,8.505263157894737e-07,6464,,,,,,,,,
42,,,,,,,,,,6464,0.031312283128499985,,,,,,,,
,,,,,,,,,8.511842105263157e-07,6469,,,,,,,,,
42,,,,,,,,,,6469,0.07314572483301163,,,,,,,,
,,,,,,,,,8.518421052631578e-07,6474,,,,,,,,,
42,,,,,,,,,,6474,0.10410799831151962,,,,,,,,
,,,,,,,,,8.525e-07,6479,,,,,,,,,
42,,,,,,,,,,6479,0.07541779428720474,,,,,,,,
,,,,,,,,,8.531578947368421e-07,6484,,,,,,,,,
42,,,,,,,,,,6484,0.0729084312915802,,,,,,,,
,,,,,,,,,8.538157894736842e-07,6489,,,,,,,,,
42,,,,,,,,,,6489,0.05772034078836441,,,,,,,,
,,,,,,,,,8.544736842105262e-07,6494,,,,,,,,,
42,,,,,,,,,,6494,0.05854496359825134,,,,,,,,
,,,,,,,,,8.551315789473684e-07,6499,,,,,,,,,
42,,,,,,,,,,6499,0.02760755829513073,,,,,,,,
,,,,,,,,,8.557894736842105e-07,6504,,,,,,,,,
42,,,,,,,,,,6504,0.056844547390937805,,,,,,,,
,,,,,,,,,8.564473684210526e-07,6509,,,,,,,,,
42,,,,,,,,,,6509,0.0407189205288887,,,,,,,,
,,,,,,,,,8.571052631578946e-07,6514,,,,,,,,,
42,,,,,,,,,,6514,0.06690263748168945,,,,,,,,
,,,,,,,,,8.577631578947368e-07,6519,,,,,,,,,
42,,,,,,,,,,6519,0.048640090972185135,,,,,,,,
,,,,,,,,,8.584210526315789e-07,6524,,,,,,,,,
42,,,,,,,,,,6524,0.03872402757406235,,,,,,,,
,,,,,,,,,8.59078947368421e-07,6529,,,,,,,,,
42,,,,,,,,,,6529,0.06607407331466675,,,,,,,,
,,,,,,,,,8.597368421052631e-07,6534,,,,,,,,,
42,,,,,,,,,,6534,0.0933053195476532,,,,,,,,
42,,,,,,,,,,6535,,0.6875,0.7524752616882324,0.07361675053834915,0.07361675053834915,0.3445989191532135,0.6909090876579285,0.8260869383811951,0.31087905168533325
,,,,,,,,,8.603947368421051e-07,6539,,,,,,,,,
43,,,,,,,,,,6539,0.08785821497440338,,,,,,,,
,,,,,,,,,8.610526315789473e-07,6544,,,,,,,,,
43,,,,,,,,,,6544,0.06005532667040825,,,,,,,,
,,,,,,,,,8.617105263157895e-07,6549,,,,,,,,,
43,,,,,,,,,,6549,0.06971290707588196,,,,,,,,
,,,,,,,,,8.623684210526316e-07,6554,,,,,,,,,
43,,,,,,,,,,6554,0.03401140868663788,,,,,,,,
,,,,,,,,,8.630263157894736e-07,6559,,,,,,,,,
43,,,,,,,,,,6559,0.029796995222568512,,,,,,,,
,,,,,,,,,8.636842105263158e-07,6564,,,,,,,,,
43,,,,,,,,,,6564,0.057354770600795746,,,,,,,,
,,,,,,,,,8.643421052631579e-07,6569,,,,,,,,,
43,,,,,,,,,,6569,0.04906647652387619,,,,,,,,
,,,,,,,,,8.65e-07,6574,,,,,,,,,
43,,,,,,,,,,6574,0.05936303362250328,,,,,,,,
,,,,,,,,,8.656578947368421e-07,6579,,,,,,,,,
43,,,,,,,,,,6579,0.06884495168924332,,,,,,,,
,,,,,,,,,8.663157894736842e-07,6584,,,,,,,,,
43,,,,,,,,,,6584,0.09573971480131149,,,,,,,,
,,,,,,,,,8.669736842105263e-07,6589,,,,,,,,,
43,,,,,,,,,,6589,0.04929615184664726,,,,,,,,
,,,,,,,,,8.676315789473684e-07,6594,,,,,,,,,
43,,,,,,,,,,6594,0.024279361590743065,,,,,,,,
,,,,,,,,,8.682894736842105e-07,6599,,,,,,,,,
43,,,,,,,,,,6599,0.0637003481388092,,,,,,,,
,,,,,,,,,8.689473684210525e-07,6604,,,,,,,,,
43,,,,,,,,,,6604,0.09765932708978653,,,,,,,,
,,,,,,,,,8.696052631578947e-07,6609,,,,,,,,,
43,,,,,,,,,,6609,0.046443428844213486,,,,,,,,
,,,,,,,,,8.702631578947368e-07,6614,,,,,,,,,
43,,,,,,,,,,6614,0.05000269040465355,,,,,,,,
,,,,,,,,,8.709210526315789e-07,6619,,,,,,,,,
43,,,,,,,,,,6619,0.111000195145607,,,,,,,,
,,,,,,,,,8.71578947368421e-07,6624,,,,,,,,,
43,,,,,,,,,,6624,0.02556941844522953,,,,,,,,
,,,,,,,,,8.722368421052631e-07,6629,,,,,,,,,
43,,,,,,,,,,6629,0.03918978571891785,,,,,,,,
,,,,,,,,,8.728947368421052e-07,6634,,,,,,,,,
43,,,,,,,,,,6634,0.09243933856487274,,,,,,,,
,,,,,,,,,8.735526315789473e-07,6639,,,,,,,,,
43,,,,,,,,,,6639,0.056840404868125916,,,,,,,,
,,,,,,,,,8.742105263157894e-07,6644,,,,,,,,,
43,,,,,,,,,,6644,0.08935276418924332,,,,,,,,
,,,,,,,,,8.748684210526315e-07,6649,,,,,,,,,
43,,,,,,,,,,6649,0.05244291201233864,,,,,,,,
,,,,,,,,,8.755263157894736e-07,6654,,,,,,,,,
43,,,,,,,,,,6654,0.018320975825190544,,,,,,,,
,,,,,,,,,8.761842105263158e-07,6659,,,,,,,,,
43,,,,,,,,,,6659,0.044884808361530304,,,,,,,,
,,,,,,,,,8.768421052631579e-07,6664,,,,,,,,,
43,,,,,,,,,,6664,0.07284130901098251,,,,,,,,
,,,,,,,,,8.774999999999999e-07,6669,,,,,,,,,
43,,,,,,,,,,6669,0.04945908859372139,,,,,,,,
,,,,,,,,,8.781578947368421e-07,6674,,,,,,,,,
43,,,,,,,,,,6674,0.03577021509408951,,,,,,,,
,,,,,,,,,8.788157894736842e-07,6679,,,,,,,,,
43,,,,,,,,,,6679,0.06265605986118317,,,,,,,,
,,,,,,,,,8.794736842105263e-07,6684,,,,,,,,,
43,,,,,,,,,,6684,0.03541216254234314,,,,,,,,
43,,,,,,,,,,6687,,0.6875,0.7572815418243408,0.07332004606723785,0.07332004606723785,0.3588104248046875,0.6842105388641357,0.8478260636329651,0.3208797574043274
,,,,,,,,,8.801315789473684e-07,6689,,,,,,,,,
44,,,,,,,,,,6689,0.09597089141607285,,,,,,,,
,,,,,,,,,8.807894736842105e-07,6694,,,,,,,,,
44,,,,,,,,,,6694,0.033701445907354355,,,,,,,,
,,,,,,,,,8.814473684210526e-07,6699,,,,,,,,,
44,,,,,,,,,,6699,0.03194493055343628,,,,,,,,
,,,,,,,,,8.821052631578947e-07,6704,,,,,,,,,
44,,,,,,,,,,6704,0.03351762145757675,,,,,,,,
,,,,,,,,,8.827631578947368e-07,6709,,,,,,,,,
44,,,,,,,,,,6709,0.06360644847154617,,,,,,,,
,,,,,,,,,8.834210526315789e-07,6714,,,,,,,,,
44,,,,,,,,,,6714,0.01372839231044054,,,,,,,,
,,,,,,,,,8.84078947368421e-07,6719,,,,,,,,,
44,,,,,,,,,,6719,0.05740015208721161,,,,,,,,
,,,,,,,,,8.847368421052631e-07,6724,,,,,,,,,
44,,,,,,,,,,6724,0.032077718526124954,,,,,,,,
,,,,,,,,,8.853947368421052e-07,6729,,,,,,,,,
44,,,,,,,,,,6729,0.03863944113254547,,,,,,,,
,,,,,,,,,8.860526315789473e-07,6734,,,,,,,,,
44,,,,,,,,,,6734,0.025188345462083817,,,,,,,,
,,,,,,,,,8.867105263157894e-07,6739,,,,,,,,,
44,,,,,,,,,,6739,0.1092466488480568,,,,,,,,
,,,,,,,,,8.873684210526315e-07,6744,,,,,,,,,
44,,,,,,,,,,6744,0.04213181883096695,,,,,,,,
,,,,,,,,,8.880263157894736e-07,6749,,,,,,,,,
44,,,,,,,,,,6749,0.05728883668780327,,,,,,,,
,,,,,,,,,8.886842105263157e-07,6754,,,,,,,,,
44,,,,,,,,,,6754,0.06018233299255371,,,,,,,,
,,,,,,,,,8.893421052631578e-07,6759,,,,,,,,,
44,,,,,,,,,,6759,0.0550992377102375,,,,,,,,
,,,,,,,,,8.9e-07,6764,,,,,,,,,
44,,,,,,,,,,6764,0.024393301457166672,,,,,,,,
,,,,,,,,,8.906578947368421e-07,6769,,,,,,,,,
44,,,,,,,,,,6769,0.0173786673694849,,,,,,,,
,,,,,,,,,8.913157894736842e-07,6774,,,,,,,,,
44,,,,,,,,,,6774,0.03737170621752739,,,,,,,,
,,,,,,,,,8.919736842105264e-07,6779,,,,,,,,,
44,,,,,,,,,,6779,0.06952475011348724,,,,,,,,
,,,,,,,,,8.926315789473684e-07,6784,,,,,,,,,
44,,,,,,,,,,6784,0.07342996448278427,,,,,,,,
,,,,,,,,,8.932894736842105e-07,6789,,,,,,,,,
44,,,,,,,,,,6789,0.050238560885190964,,,,,,,,
,,,,,,,,,8.939473684210526e-07,6794,,,,,,,,,
44,,,,,,,,,,6794,0.048662230372428894,,,,,,,,
,,,,,,,,,8.946052631578948e-07,6799,,,,,,,,,
44,,,,,,,,,,6799,0.036464739590883255,,,,,,,,
,,,,,,,,,8.952631578947368e-07,6804,,,,,,,,,
44,,,,,,,,,,6804,0.023358721286058426,,,,,,,,
,,,,,,,,,8.959210526315789e-07,6809,,,,,,,,,
44,,,,,,,,,,6809,0.07159235328435898,,,,,,,,
,,,,,,,,,8.96578947368421e-07,6814,,,,,,,,,
44,,,,,,,,,,6814,0.0518336221575737,,,,,,,,
,,,,,,,,,8.972368421052631e-07,6819,,,,,,,,,
44,,,,,,,,,,6819,0.05205005779862404,,,,,,,,
,,,,,,,,,8.978947368421053e-07,6824,,,,,,,,,
44,,,,,,,,,,6824,0.05743379145860672,,,,,,,,
,,,,,,,,,8.985526315789473e-07,6829,,,,,,,,,
44,,,,,,,,,,6829,0.06472121924161911,,,,,,,,
,,,,,,,,,8.992105263157894e-07,6834,,,,,,,,,
44,,,,,,,,,,6834,0.07392057776451111,,,,,,,,
,,,,,,,,,8.998684210526315e-07,6839,,,,,,,,,
44,,,,,,,,,,6839,0.07406742125749588,,,,,,,,
44,,,,,,,,,,6839,,0.6875,0.7524752616882324,0.07205621153116226,0.07205621153116226,0.373879611492157,0.6909090876579285,0.8260869383811951,0.3856496512889862
,,,,,,,,,9.005263157894737e-07,6844,,,,,,,,,
45,,,,,,,,,,6844,0.05074456334114075,,,,,,,,
,,,,,,,,,9.011842105263157e-07,6849,,,,,,,,,
45,,,,,,,,,,6849,0.07629681378602982,,,,,,,,
,,,,,,,,,9.018421052631578e-07,6854,,,,,,,,,
45,,,,,,,,,,6854,0.017251161858439445,,,,,,,,
,,,,,,,,,9.024999999999999e-07,6859,,,,,,,,,
45,,,,,,,,,,6859,0.037046145647764206,,,,,,,,
,,,,,,,,,9.031578947368421e-07,6864,,,,,,,,,
45,,,,,,,,,,6864,0.03281643986701965,,,,,,,,
,,,,,,,,,9.038157894736843e-07,6869,,,,,,,,,
45,,,,,,,,,,6869,0.04951806738972664,,,,,,,,
,,,,,,,,,9.044736842105262e-07,6874,,,,,,,,,
45,,,,,,,,,,6874,0.055803000926971436,,,,,,,,
,,,,,,,,,9.051315789473684e-07,6879,,,,,,,,,
45,,,,,,,,,,6879,0.03358152508735657,,,,,,,,
,,,,,,,,,9.057894736842105e-07,6884,,,,,,,,,
45,,,,,,,,,,6884,0.06906008720397949,,,,,,,,
,,,,,,,,,9.064473684210527e-07,6889,,,,,,,,,
45,,,,,,,,,,6889,0.0853126272559166,,,,,,,,
,,,,,,,,,9.071052631578947e-07,6894,,,,,,,,,
45,,,,,,,,,,6894,0.04391079768538475,,,,,,,,
,,,,,,,,,9.077631578947368e-07,6899,,,,,,,,,
45,,,,,,,,,,6899,0.03702430799603462,,,,,,,,
,,,,,,,,,9.084210526315789e-07,6904,,,,,,,,,
45,,,,,,,,,,6904,0.06686819344758987,,,,,,,,
,,,,,,,,,9.090789473684211e-07,6909,,,,,,,,,
45,,,,,,,,,,6909,0.057219505310058594,,,,,,,,
,,,,,,,,,9.097368421052631e-07,6914,,,,,,,,,
45,,,,,,,,,,6914,0.05592993274331093,,,,,,,,
,,,,,,,,,9.103947368421052e-07,6919,,,,,,,,,
45,,,,,,,,,,6919,0.0416480153799057,,,,,,,,
,,,,,,,,,9.110526315789473e-07,6924,,,,,,,,,
45,,,,,,,,,,6924,0.06566878408193588,,,,,,,,
,,,,,,,,,9.117105263157895e-07,6929,,,,,,,,,
45,,,,,,,,,,6929,0.03857285901904106,,,,,,,,
,,,,,,,,,9.123684210526316e-07,6934,,,,,,,,,
45,,,,,,,,,,6934,0.02229602448642254,,,,,,,,
,,,,,,,,,9.130263157894736e-07,6939,,,,,,,,,
45,,,,,,,,,,6939,0.024654529988765717,,,,,,,,
,,,,,,,,,9.136842105263157e-07,6944,,,,,,,,,
45,,,,,,,,,,6944,0.023354921489953995,,,,,,,,
,,,,,,,,,9.143421052631578e-07,6949,,,,,,,,,
45,,,,,,,,,,6949,0.0500437393784523,,,,,,,,
,,,,,,,,,9.15e-07,6954,,,,,,,,,
45,,,,,,,,,,6954,0.05507335811853409,,,,,,,,
,,,,,,,,,9.15657894736842e-07,6959,,,,,,,,,
45,,,,,,,,,,6959,0.028342988342046738,,,,,,,,
,,,,,,,,,9.163157894736841e-07,6964,,,,,,,,,
45,,,,,,,,,,6964,0.06072782725095749,,,,,,,,
,,,,,,,,,9.169736842105262e-07,6969,,,,,,,,,
45,,,,,,,,,,6969,0.05225440114736557,,,,,,,,
,,,,,,,,,9.176315789473684e-07,6974,,,,,,,,,
45,,,,,,,,,,6974,0.04803011566400528,,,,,,,,
,,,,,,,,,9.182894736842106e-07,6979,,,,,,,,,
45,,,,,,,,,,6979,0.05968352407217026,,,,,,,,
,,,,,,,,,9.189473684210525e-07,6984,,,,,,,,,
45,,,,,,,,,,6984,0.07042016088962555,,,,,,,,
,,,,,,,,,9.196052631578947e-07,6989,,,,,,,,,
45,,,,,,,,,,6989,0.03227778151631355,,,,,,,,
45,,,,,,,,,,6991,,0.675000011920929,0.7291666865348816,0.07185019552707672,0.07185019552707672,0.36902540922164917,0.699999988079071,0.760869562625885,0.3498959243297577
,,,,,,,,,9.202631578947369e-07,6994,,,,,,,,,
46,,,,,,,,,,6994,0.05686488002538681,,,,,,,,
,,,,,,,,,9.20921052631579e-07,6999,,,,,,,,,
46,,,,,,,,,,6999,0.07765713334083557,,,,,,,,
,,,,,,,,,9.21578947368421e-07,7004,,,,,,,,,
46,,,,,,,,,,7004,0.05571144446730614,,,,,,,,
,,,,,,,,,9.222368421052631e-07,7009,,,,,,,,,
46,,,,,,,,,,7009,0.09075036644935608,,,,,,,,
,,,,,,,,,9.228947368421052e-07,7014,,,,,,,,,
46,,,,,,,,,,7014,0.04158339276909828,,,,,,,,
,,,,,,,,,9.235526315789474e-07,7019,,,,,,,,,
46,,,,,,,,,,7019,0.08028202503919601,,,,,,,,
,,,,,,,,,9.242105263157895e-07,7024,,,,,,,,,
46,,,,,,,,,,7024,0.08566903322935104,,,,,,,,
,,,,,,,,,9.248684210526315e-07,7029,,,,,,,,,
46,,,,,,,,,,7029,0.07754521816968918,,,,,,,,
,,,,,,,,,9.255263157894736e-07,7034,,,,,,,,,
46,,,,,,,,,,7034,0.05093994364142418,,,,,,,,
,,,,,,,,,9.261842105263158e-07,7039,,,,,,,,,
46,,,,,,,,,,7039,0.055365487933158875,,,,,,,,
,,,,,,,,,9.268421052631579e-07,7044,,,,,,,,,
46,,,,,,,,,,7044,0.058377955108881,,,,,,,,
,,,,,,,,,9.274999999999999e-07,7049,,,,,,,,,
46,,,,,,,,,,7049,0.040679045021533966,,,,,,,,
,,,,,,,,,9.28157894736842e-07,7054,,,,,,,,,
46,,,,,,,,,,7054,0.04166845232248306,,,,,,,,
,,,,,,,,,9.288157894736842e-07,7059,,,,,,,,,
46,,,,,,,,,,7059,0.1345045417547226,,,,,,,,
,,,,,,,,,9.294736842105263e-07,7064,,,,,,,,,
46,,,,,,,,,,7064,0.05526137351989746,,,,,,,,
,,,,,,,,,9.301315789473683e-07,7069,,,,,,,,,
46,,,,,,,,,,7069,0.04528270289301872,,,,,,,,
,,,,,,,,,9.307894736842104e-07,7074,,,,,,,,,
46,,,,,,,,,,7074,0.0917176678776741,,,,,,,,
,,,,,,,,,9.314473684210525e-07,7079,,,,,,,,,
46,,,,,,,,,,7079,0.05690870061516762,,,,,,,,
,,,,,,,,,9.321052631578947e-07,7084,,,,,,,,,
46,,,,,,,,,,7084,0.05644784867763519,,,,,,,,
,,,,,,,,,9.327631578947368e-07,7089,,,,,,,,,
46,,,,,,,,,,7089,0.0525180846452713,,,,,,,,
,,,,,,,,,9.334210526315788e-07,7094,,,,,,,,,
46,,,,,,,,,,7094,0.024674994871020317,,,,,,,,
,,,,,,,,,9.34078947368421e-07,7099,,,,,,,,,
46,,,,,,,,,,7099,0.059102050960063934,,,,,,,,
,,,,,,,,,9.347368421052632e-07,7104,,,,,,,,,
46,,,,,,,,,,7104,0.06199568882584572,,,,,,,,
,,,,,,,,,9.353947368421053e-07,7109,,,,,,,,,
46,,,,,,,,,,7109,0.024594558402895927,,,,,,,,
,,,,,,,,,9.360526315789473e-07,7114,,,,,,,,,
46,,,,,,,,,,7114,0.04489521682262421,,,,,,,,
,,,,,,,,,9.367105263157894e-07,7119,,,,,,,,,
46,,,,,,,,,,7119,0.05142393708229065,,,,,,,,
,,,,,,,,,9.373684210526316e-07,7124,,,,,,,,,
46,,,,,,,,,,7124,0.05992569401860237,,,,,,,,
,,,,,,,,,9.380263157894737e-07,7129,,,,,,,,,
46,,,,,,,,,,7129,0.056398145854473114,,,,,,,,
,,,,,,,,,9.386842105263158e-07,7134,,,,,,,,,
46,,,,,,,,,,7134,0.03936067596077919,,,,,,,,
,,,,,,,,,9.393421052631578e-07,7139,,,,,,,,,
46,,,,,,,,,,7139,0.07197128981351852,,,,,,,,
46,,,,,,,,,,7143,,0.699999988079071,0.7735849022865295,0.07267627120018005,0.07267627120018005,0.3892802596092224,0.6833333373069763,0.8913043737411499,0.34630411863327026
,,,,,,,,,9.399999999999999e-07,7144,,,,,,,,,
47,,,,,,,,,,7144,0.0780143216252327,,,,,,,,
,,,,,,,,,9.406578947368421e-07,7149,,,,,,,,,
47,,,,,,,,,,7149,0.05964016914367676,,,,,,,,
,,,,,,,,,9.413157894736842e-07,7154,,,,,,,,,
47,,,,,,,,,,7154,0.04992758482694626,,,,,,,,
,,,,,,,,,9.419736842105262e-07,7159,,,,,,,,,
47,,,,,,,,,,7159,0.08074403554201126,,,,,,,,
,,,,,,,,,9.426315789473683e-07,7164,,,,,,,,,
47,,,,,,,,,,7164,0.07233145833015442,,,,,,,,
,,,,,,,,,9.432894736842105e-07,7169,,,,,,,,,
47,,,,,,,,,,7169,0.032188158482313156,,,,,,,,
,,,,,,,,,9.439473684210526e-07,7174,,,,,,,,,
47,,,,,,,,,,7174,0.07469964027404785,,,,,,,,
,,,,,,,,,9.446052631578947e-07,7179,,,,,,,,,
47,,,,,,,,,,7179,0.03645467758178711,,,,,,,,
,,,,,,,,,9.452631578947367e-07,7184,,,,,,,,,
47,,,,,,,,,,7184,0.07207948714494705,,,,,,,,
,,,,,,,,,9.459210526315789e-07,7189,,,,,,,,,
47,,,,,,,,,,7189,0.04802625626325607,,,,,,,,
,,,,,,,,,9.46578947368421e-07,7194,,,,,,,,,
47,,,,,,,,,,7194,0.04104462265968323,,,,,,,,
,,,,,,,,,9.472368421052631e-07,7199,,,,,,,,,
47,,,,,,,,,,7199,0.03119431622326374,,,,,,,,
,,,,,,,,,9.478947368421051e-07,7204,,,,,,,,,
47,,,,,,,,,,7204,0.03628208488225937,,,,,,,,
,,,,,,,,,9.485526315789473e-07,7209,,,,,,,,,
47,,,,,,,,,,7209,0.05890873074531555,,,,,,,,
,,,,,,,,,9.492105263157895e-07,7214,,,,,,,,,
47,,,,,,,,,,7214,0.053970903158187866,,,,,,,,
,,,,,,,,,9.498684210526316e-07,7219,,,,,,,,,
47,,,,,,,,,,7219,0.032596148550510406,,,,,,,,
,,,,,,,,,9.505263157894737e-07,7224,,,,,,,,,
47,,,,,,,,,,7224,0.049027469009160995,,,,,,,,
,,,,,,,,,9.511842105263157e-07,7229,,,,,,,,,
47,,,,,,,,,,7229,0.0753074362874031,,,,,,,,
,,,,,,,,,9.518421052631579e-07,7234,,,,,,,,,
47,,,,,,,,,,7234,0.03439943492412567,,,,,,,,
,,,,,,,,,9.525e-07,7239,,,,,,,,,
47,,,,,,,,,,7239,0.05444331467151642,,,,,,,,
,,,,,,,,,9.531578947368421e-07,7244,,,,,,,,,
47,,,,,,,,,,7244,0.015776099637150764,,,,,,,,
,,,,,,,,,9.538157894736842e-07,7249,,,,,,,,,
47,,,,,,,,,,7249,0.12438593804836273,,,,,,,,
,,,,,,,,,9.544736842105264e-07,7254,,,,,,,,,
47,,,,,,,,,,7254,0.03715080767869949,,,,,,,,
,,,,,,,,,9.551315789473684e-07,7259,,,,,,,,,
47,,,,,,,,,,7259,0.0789286270737648,,,,,,,,
,,,,,,,,,9.557894736842104e-07,7264,,,,,,,,,
47,,,,,,,,,,7264,0.07436355203390121,,,,,,,,
,,,,,,,,,9.564473684210526e-07,7269,,,,,,,,,
47,,,,,,,,,,7269,0.0842120423913002,,,,,,,,
,,,,,,,,,9.571052631578948e-07,7274,,,,,,,,,
47,,,,,,,,,,7274,0.06888558715581894,,,,,,,,
,,,,,,,,,9.577631578947368e-07,7279,,,,,,,,,
47,,,,,,,,,,7279,0.03185804933309555,,,,,,,,
,,,,,,,,,9.584210526315788e-07,7284,,,,,,,,,
47,,,,,,,,,,7284,0.09588075429201126,,,,,,,,
,,,,,,,,,9.59078947368421e-07,7289,,,,,,,,,
47,,,,,,,,,,7289,0.04257063567638397,,,,,,,,
,,,,,,,,,9.59736842105263e-07,7294,,,,,,,,,
47,,,,,,,,,,7294,0.038604460656642914,,,,,,,,
47,,,,,,,,,,7295,,0.6625000238418579,0.7272727489471436,0.0745452418923378,0.0745452418923378,0.33349719643592834,0.6792452931404114,0.782608687877655,0.312052845954895
,,,,,,,,,9.603947368421052e-07,7299,,,,,,,,,
48,,,,,,,,,,7299,0.034908682107925415,,,,,,,,
,,,,,,,,,9.610526315789472e-07,7304,,,,,,,,,
48,,,,,,,,,,7304,0.05474403128027916,,,,,,,,
,,,,,,,,,9.617105263157894e-07,7309,,,,,,,,,
48,,,,,,,,,,7309,0.04172637313604355,,,,,,,,
,,,,,,,,,9.623684210526314e-07,7314,,,,,,,,,
48,,,,,,,,,,7314,0.028138937428593636,,,,,,,,
,,,,,,,,,9.630263157894737e-07,7319,,,,,,,,,
48,,,,,,,,,,7319,0.027844376862049103,,,,,,,,
,,,,,,,,,9.636842105263159e-07,7324,,,,,,,,,
48,,,,,,,,,,7324,0.06465169787406921,,,,,,,,
,,,,,,,,,9.643421052631579e-07,7329,,,,,,,,,
48,,,,,,,,,,7329,0.031165802851319313,,,,,,,,
,,,,,,,,,9.649999999999999e-07,7334,,,,,,,,,
48,,,,,,,,,,7334,0.03350035846233368,,,,,,,,
,,,,,,,,,9.65657894736842e-07,7339,,,,,,,,,
48,,,,,,,,,,7339,0.06970803439617157,,,,,,,,
,,,,,,,,,9.663157894736843e-07,7344,,,,,,,,,
48,,,,,,,,,,7344,0.07623084634542465,,,,,,,,
,,,,,,,,,9.669736842105263e-07,7349,,,,,,,,,
48,,,,,,,,,,7349,0.08009899407625198,,,,,,,,
,,,,,,,,,9.676315789473683e-07,7354,,,,,,,,,
48,,,,,,,,,,7354,0.03595132753252983,,,,,,,,
,,,,,,,,,9.682894736842105e-07,7359,,,,,,,,,
48,,,,,,,,,,7359,0.09348969161510468,,,,,,,,
,,,,,,,,,9.689473684210527e-07,7364,,,,,,,,,
48,,,,,,,,,,7364,0.051184579730033875,,,,,,,,
,,,,,,,,,9.696052631578947e-07,7369,,,,,,,,,
48,,,,,,,,,,7369,0.047136999666690826,,,,,,,,
,,,,,,,,,9.702631578947367e-07,7374,,,,,,,,,
48,,,,,,,,,,7374,0.04272248595952988,,,,,,,,
,,,,,,,,,9.70921052631579e-07,7379,,,,,,,,,
48,,,,,,,,,,7379,0.053420767188072205,,,,,,,,
,,,,,,,,,9.715789473684211e-07,7384,,,,,,,,,
48,,,,,,,,,,7384,0.03877025470137596,,,,,,,,
,,,,,,,,,9.722368421052631e-07,7389,,,,,,,,,
48,,,,,,,,,,7389,0.08035922795534134,,,,,,,,
,,,,,,,,,9.728947368421051e-07,7394,,,,,,,,,
48,,,,,,,,,,7394,0.03154243156313896,,,,,,,,
,,,,,,,,,9.735526315789473e-07,7399,,,,,,,,,
48,,,,,,,,,,7399,0.05301407352089882,,,,,,,,
,,,,,,,,,9.742105263157895e-07,7404,,,,,,,,,
48,,,,,,,,,,7404,0.05416799709200859,,,,,,,,
,,,,,,,,,9.748684210526315e-07,7409,,,,,,,,,
48,,,,,,,,,,7409,0.0303236935287714,,,,,,,,
,,,,,,,,,9.755263157894735e-07,7414,,,,,,,,,
48,,,,,,,,,,7414,0.07741250842809677,,,,,,,,
,,,,,,,,,9.761842105263157e-07,7419,,,,,,,,,
48,,,,,,,,,,7419,0.04140075668692589,,,,,,,,
,,,,,,,,,9.768421052631577e-07,7424,,,,,,,,,
48,,,,,,,,,,7424,0.04982234537601471,,,,,,,,
,,,,,,,,,9.775e-07,7429,,,,,,,,,
48,,,,,,,,,,7429,0.04641793295741081,,,,,,,,
,,,,,,,,,9.781578947368422e-07,7434,,,,,,,,,
48,,,,,,,,,,7434,0.025300636887550354,,,,,,,,
,,,,,,,,,9.788157894736842e-07,7439,,,,,,,,,
48,,,,,,,,,,7439,0.048496995121240616,,,,,,,,
,,,,,,,,,9.794736842105262e-07,7444,,,,,,,,,
48,,,,,,,,,,7444,0.037710338830947876,,,,,,,,
48,,,,,,,,,,7447,,0.6875,0.7524752616882324,0.07242788374423981,0.07242788374423981,0.3952851891517639,0.6909090876579285,0.8260869383811951,0.3740525543689728
,,,,,,,,,9.801315789473684e-07,7449,,,,,,,,,
49,,,,,,,,,,7449,0.07222867012023926,,,,,,,,
,,,,,,,,,9.807894736842106e-07,7454,,,,,,,,,
49,,,,,,,,,,7454,0.003622886026278138,,,,,,,,
,,,,,,,,,9.814473684210526e-07,7459,,,,,,,,,
49,,,,,,,,,,7459,0.022594338282942772,,,,,,,,
,,,,,,,,,9.821052631578946e-07,7464,,,,,,,,,
49,,,,,,,,,,7464,0.061697617173194885,,,,,,,,
,,,,,,,,,9.827631578947368e-07,7469,,,,,,,,,
49,,,,,,,,,,7469,0.02718532271683216,,,,,,,,
,,,,,,,,,9.83421052631579e-07,7474,,,,,,,,,
49,,,,,,,,,,7474,0.03906432166695595,,,,,,,,
,,,,,,,,,9.84078947368421e-07,7479,,,,,,,,,
49,,,,,,,,,,7479,0.030826233327388763,,,,,,,,
,,,,,,,,,9.84736842105263e-07,7484,,,,,,,,,
49,,,,,,,,,,7484,0.03888452798128128,,,,,,,,
,,,,,,,,,9.853947368421052e-07,7489,,,,,,,,,
49,,,,,,,,,,7489,0.057953499257564545,,,,,,,,
,,,,,,,,,9.860526315789474e-07,7494,,,,,,,,,
49,,,,,,,,,,7494,0.04354051128029823,,,,,,,,
,,,,,,,,,9.867105263157894e-07,7499,,,,,,,,,
49,,,,,,,,,,7499,0.05018183961510658,,,,,,,,
,,,,,,,,,9.873684210526314e-07,7504,,,,,,,,,
49,,,,,,,,,,7504,0.016704058274626732,,,,,,,,
,,,,,,,,,9.880263157894736e-07,7509,,,,,,,,,
49,,,,,,,,,,7509,0.07077232003211975,,,,,,,,
,,,,,,,,,9.886842105263158e-07,7514,,,,,,,,,
49,,,,,,,,,,7514,0.04807591438293457,,,,,,,,
,,,,,,,,,9.893421052631578e-07,7519,,,,,,,,,
49,,,,,,,,,,7519,0.0413651205599308,,,,,,,,
,,,,,,,,,9.9e-07,7524,,,,,,,,,
49,,,,,,,,,,7524,0.04557099938392639,,,,,,,,
,,,,,,,,,9.90657894736842e-07,7529,,,,,,,,,
49,,,,,,,,,,7529,0.05970938131213188,,,,,,,,
,,,,,,,,,9.913157894736843e-07,7534,,,,,,,,,
49,,,,,,,,,,7534,0.06581686437129974,,,,,,,,
,,,,,,,,,9.919736842105263e-07,7539,,,,,,,,,
49,,,,,,,,,,7539,0.02438662014901638,,,,,,,,
,,,,,,,,,9.926315789473685e-07,7544,,,,,,,,,
49,,,,,,,,,,7544,0.04514576494693756,,,,,,,,
,,,,,,,,,9.932894736842105e-07,7549,,,,,,,,,
49,,,,,,,,,,7549,0.022443002089858055,,,,,,,,
,,,,,,,,,9.939473684210525e-07,7554,,,,,,,,,
49,,,,,,,,,,7554,0.031025847420096397,,,,,,,,
,,,,,,,,,9.946052631578947e-07,7559,,,,,,,,,
49,,,,,,,,,,7559,0.0835086777806282,,,,,,,,
,,,,,,,,,9.952631578947369e-07,7564,,,,,,,,,
49,,,,,,,,,,7564,0.033502791076898575,,,,,,,,
,,,,,,,,,9.959210526315789e-07,7569,,,,,,,,,
49,,,,,,,,,,7569,0.03832758590579033,,,,,,,,
,,,,,,,,,9.965789473684209e-07,7574,,,,,,,,,
49,,,,,,,,,,7574,0.05939173698425293,,,,,,,,
,,,,,,,,,9.97236842105263e-07,7579,,,,,,,,,
49,,,,,,,,,,7579,0.07750196754932404,,,,,,,,
,,,,,,,,,9.978947368421053e-07,7584,,,,,,,,,
49,,,,,,,,,,7584,0.08870501071214676,,,,,,,,
,,,,,,,,,9.985526315789473e-07,7589,,,,,,,,,
49,,,,,,,,,,7589,0.03263417258858681,,,,,,,,
,,,,,,,,,9.992105263157893e-07,7594,,,,,,,,,
49,,,,,,,,,,7594,0.02835925668478012,,,,,,,,
,,,,,,,,,9.998684210526315e-07,7599,,,,,,,,,
49,,,,,,,,,,7599,0.036596234887838364,,,,,,,,
49,,,,,,,,,,7599,,0.737500011920929,0.7920792102813721,0.06805399805307388,0.06805399805307388,0.44257625937461853,0.7272727489471436,0.8695651888847351,0.44073575735092163
,,,,,,,,,9.994736842105262e-07,7604,,,,,,,,,
50,,,,,,,,,,7604,0.11591604351997375,,,,,,,,
,,,,,,,,,9.988157894736842e-07,7609,,,,,,,,,
50,,,,,,,,,,7609,0.053735680878162384,,,,,,,,
,,,,,,,,,9.981578947368422e-07,7614,,,,,,,,,
50,,,,,,,,,,7614,0.04757440835237503,,,,,,,,
,,,,,,,,,9.975e-07,7619,,,,,,,,,
50,,,,,,,,,,7619,0.03273911029100418,,,,,,,,
,,,,,,,,,9.968421052631578e-07,7624,,,,,,,,,
50,,,,,,,,,,7624,0.029047204181551933,,,,,,,,
,,,,,,,,,9.961842105263158e-07,7629,,,,,,,,,
50,,,,,,,,,,7629,0.043381620198488235,,,,,,,,
,,,,,,,,,9.955263157894736e-07,7634,,,,,,,,,
50,,,,,,,,,,7634,0.0511748269200325,,,,,,,,
,,,,,,,,,9.948684210526316e-07,7639,,,,,,,,,
50,,,,,,,,,,7639,0.051505327224731445,,,,,,,,
,,,,,,,,,9.942105263157894e-07,7644,,,,,,,,,
50,,,,,,,,,,7644,0.03138116002082825,,,,,,,,
,,,,,,,,,9.935526315789474e-07,7649,,,,,,,,,
50,,,,,,,,,,7649,0.05110231041908264,,,,,,,,
,,,,,,,,,9.928947368421051e-07,7654,,,,,,,,,
50,,,,,,,,,,7654,0.014080808497965336,,,,,,,,
,,,,,,,,,9.922368421052631e-07,7659,,,,,,,,,
50,,,,,,,,,,7659,0.028419842943549156,,,,,,,,
,,,,,,,,,9.91578947368421e-07,7664,,,,,,,,,
50,,,,,,,,,,7664,0.0477406345307827,,,,,,,,
,,,,,,,,,9.90921052631579e-07,7669,,,,,,,,,
50,,,,,,,,,,7669,0.07737641036510468,,,,,,,,
,,,,,,,,,9.902631578947367e-07,7674,,,,,,,,,
50,,,,,,,,,,7674,0.039353638887405396,,,,,,,,
,,,,,,,,,9.896052631578947e-07,7679,,,,,,,,,
50,,,,,,,,,,7679,0.038697272539138794,,,,,,,,
,,,,,,,,,9.889473684210527e-07,7684,,,,,,,,,
50,,,,,,,,,,7684,0.03872762247920036,,,,,,,,
,,,,,,,,,9.882894736842105e-07,7689,,,,,,,,,
50,,,,,,,,,,7689,0.04785070940852165,,,,,,,,
,,,,,,,,,9.876315789473683e-07,7694,,,,,,,,,
50,,,,,,,,,,7694,0.05880768969655037,,,,,,,,
,,,,,,,,,9.869736842105263e-07,7699,,,,,,,,,
50,,,,,,,,,,7699,0.05225694924592972,,,,,,,,
,,,,,,,,,9.863157894736843e-07,7704,,,,,,,,,
50,,,,,,,,,,7704,0.04759088158607483,,,,,,,,
,,,,,,,,,9.85657894736842e-07,7709,,,,,,,,,
50,,,,,,,,,,7709,0.05713682994246483,,,,,,,,
,,,,,,,,,9.849999999999999e-07,7714,,,,,,,,,
50,,,,,,,,,,7714,0.061631280928850174,,,,,,,,
,,,,,,,,,9.843421052631579e-07,7719,,,,,,,,,
50,,,,,,,,,,7719,0.04960571601986885,,,,,,,,
,,,,,,,,,9.836842105263157e-07,7724,,,,,,,,,
50,,,,,,,,,,7724,0.03994421660900116,,,,,,,,
,,,,,,,,,9.830263157894737e-07,7729,,,,,,,,,
50,,,,,,,,,,7729,0.04881120100617409,,,,,,,,
,,,,,,,,,9.823684210526315e-07,7734,,,,,,,,,
50,,,,,,,,,,7734,0.10650470107793808,,,,,,,,
,,,,,,,,,9.817105263157895e-07,7739,,,,,,,,,
50,,,,,,,,,,7739,0.0353311263024807,,,,,,,,
,,,,,,,,,9.810526315789473e-07,7744,,,,,,,,,
50,,,,,,,,,,7744,0.056034304201602936,,,,,,,,
,,,,,,,,,9.803947368421053e-07,7749,,,,,,,,,
50,,,,,,,,,,7749,0.027374986559152603,,,,,,,,
50,,,,,,,,,,7751,,0.699999988079071,0.7647058963775635,0.07341992110013962,0.07341992110013962,0.39381393790245056,0.6964285969734192,0.8478260636329651,0.3516918122768402
,,,,,,,,,9.79736842105263e-07,7754,,,,,,,,,
51,,,,,,,,,,7754,0.05257640779018402,,,,,,,,
,,,,,,,,,9.79078947368421e-07,7759,,,,,,,,,
51,,,,,,,,,,7759,0.02699681743979454,,,,,,,,
,,,,,,,,,9.784210526315788e-07,7764,,,,,,,,,
51,,,,,,,,,,7764,0.04359421133995056,,,,,,,,
,,,,,,,,,9.777631578947368e-07,7769,,,,,,,,,
51,,,,,,,,,,7769,0.021998658776283264,,,,,,,,
,,,,,,,,,9.771052631578946e-07,7774,,,,,,,,,
51,,,,,,,,,,7774,0.036790359765291214,,,,,,,,
,,,,,,,,,9.764473684210526e-07,7779,,,,,,,,,
51,,,,,,,,,,7779,0.02175801806151867,,,,,,,,
,,,,,,,,,9.757894736842104e-07,7784,,,,,,,,,
51,,,,,,,,,,7784,0.031650908291339874,,,,,,,,
,,,,,,,,,9.751315789473684e-07,7789,,,,,,,,,
51,,,,,,,,,,7789,0.06879160553216934,,,,,,,,
,,,,,,,,,9.744736842105262e-07,7794,,,,,,,,,
51,,,,,,,,,,7794,0.07091481983661652,,,,,,,,
,,,,,,,,,9.738157894736842e-07,7799,,,,,,,,,
51,,,,,,,,,,7799,0.03697200492024422,,,,,,,,
,,,,,,,,,9.73157894736842e-07,7804,,,,,,,,,
51,,,,,,,,,,7804,0.056549862027168274,,,,,,,,
,,,,,,,,,9.725e-07,7809,,,,,,,,,
51,,,,,,,,,,7809,0.07570532709360123,,,,,,,,
,,,,,,,,,9.718421052631578e-07,7814,,,,,,,,,
51,,,,,,,,,,7814,0.03449017181992531,,,,,,,,
,,,,,,,,,9.711842105263158e-07,7819,,,,,,,,,
51,,,,,,,,,,7819,0.028645489364862442,,,,,,,,
,,,,,,,,,9.705263157894736e-07,7824,,,,,,,,,
51,,,,,,,,,,7824,0.02371862530708313,,,,,,,,
,,,,,,,,,9.698684210526316e-07,7829,,,,,,,,,
51,,,,,,,,,,7829,0.0652892142534256,,,,,,,,
,,,,,,,,,9.692105263157894e-07,7834,,,,,,,,,
51,,,,,,,,,,7834,0.05203637480735779,,,,,,,,
,,,,,,,,,9.685526315789474e-07,7839,,,,,,,,,
51,,,,,,,,,,7839,0.048969097435474396,,,,,,,,
,,,,,,,,,9.678947368421052e-07,7844,,,,,,,,,
51,,,,,,,,,,7844,0.02276364155113697,,,,,,,,
,,,,,,,,,9.672368421052632e-07,7849,,,,,,,,,
51,,,,,,,,,,7849,0.07079856842756271,,,,,,,,
,,,,,,,,,9.66578947368421e-07,7854,,,,,,,,,
51,,,,,,,,,,7854,0.035363681614398956,,,,,,,,
,,,,,,,,,9.65921052631579e-07,7859,,,,,,,,,
51,,,,,,,,,,7859,0.065594881772995,,,,,,,,
,,,,,,,,,9.652631578947368e-07,7864,,,,,,,,,
51,,,,,,,,,,7864,0.038504570722579956,,,,,,,,
,,,,,,,,,9.646052631578948e-07,7869,,,,,,,,,
51,,,,,,,,,,7869,0.05534547194838524,,,,,,,,
,,,,,,,,,9.639473684210525e-07,7874,,,,,,,,,
51,,,,,,,,,,7874,0.04928082227706909,,,,,,,,
,,,,,,,,,9.632894736842103e-07,7879,,,,,,,,,
51,,,,,,,,,,7879,0.06197897717356682,,,,,,,,
,,,,,,,,,9.626315789473683e-07,7884,,,,,,,,,
51,,,,,,,,,,7884,0.03870844095945358,,,,,,,,
,,,,,,,,,9.619736842105263e-07,7889,,,,,,,,,
51,,,,,,,,,,7889,0.02702256478369236,,,,,,,,
,,,,,,,,,9.613157894736841e-07,7894,,,,,,,,,
51,,,,,,,,,,7894,0.09576960653066635,,,,,,,,
,,,,,,,,,9.606578947368421e-07,7899,,,,,,,,,
51,,,,,,,,,,7899,0.05294162407517433,,,,,,,,
51,,,,,,,,,,7903,,0.699999988079071,0.7599999904632568,0.0741419792175293,0.0741419792175293,0.37760791182518005,0.7037037014961243,0.8260869383811951,0.33933180570602417
,,,,,,,,,9.6e-07,7904,,,,,,,,,
52,,,,,,,,,,7904,0.07093320786952972,,,,,,,,
,,,,,,,,,9.59342105263158e-07,7909,,,,,,,,,
52,,,,,,,,,,7909,0.09339934587478638,,,,,,,,
,,,,,,,,,9.586842105263157e-07,7914,,,,,,,,,
52,,,,,,,,,,7914,0.025225862860679626,,,,,,,,
,,,,,,,,,9.580263157894737e-07,7919,,,,,,,,,
52,,,,,,,,,,7919,0.02959608845412731,,,,,,,,
,,,,,,,,,9.573684210526315e-07,7924,,,,,,,,,
52,,,,,,,,,,7924,0.049035653471946716,,,,,,,,
,,,,,,,,,9.567105263157895e-07,7929,,,,,,,,,
52,,,,,,,,,,7929,0.045370787382125854,,,,,,,,
,,,,,,,,,9.560526315789473e-07,7934,,,,,,,,,
52,,,,,,,,,,7934,0.04197497293353081,,,,,,,,
,,,,,,,,,9.553947368421053e-07,7939,,,,,,,,,
52,,,,,,,,,,7939,0.037906985729932785,,,,,,,,
,,,,,,,,,9.54736842105263e-07,7944,,,,,,,,,
52,,,,,,,,,,7944,0.04157441854476929,,,,,,,,
,,,,,,,,,9.54078947368421e-07,7949,,,,,,,,,
52,,,,,,,,,,7949,0.022359713912010193,,,,,,,,
,,,,,,,,,9.534210526315789e-07,7954,,,,,,,,,
52,,,,,,,,,,7954,0.02690070867538452,,,,,,,,
,,,,,,,,,9.527631578947369e-07,7959,,,,,,,,,
52,,,,,,,,,,7959,0.022795386612415314,,,,,,,,
,,,,,,,,,9.521052631578948e-07,7964,,,,,,,,,
52,,,,,,,,,,7964,0.08500762283802032,,,,,,,,
,,,,,,,,,9.514473684210526e-07,7969,,,,,,,,,
52,,,,,,,,,,7969,0.017170514911413193,,,,,,,,
,,,,,,,,,9.507894736842105e-07,7974,,,,,,,,,
52,,,,,,,,,,7974,0.07683349400758743,,,,,,,,
,,,,,,,,,9.501315789473683e-07,7979,,,,,,,,,
52,,,,,,,,,,7979,0.06706596910953522,,,,,,,,
,,,,,,,,,9.494736842105263e-07,7984,,,,,,,,,
52,,,,,,,,,,7984,0.061059288680553436,,,,,,,,
,,,,,,,,,9.488157894736841e-07,7989,,,,,,,,,
52,,,,,,,,,,7989,0.035704370588064194,,,,,,,,
,,,,,,,,,9.48157894736842e-07,7994,,,,,,,,,
52,,,,,,,,,,7994,0.04261963441967964,,,,,,,,
,,,,,,,,,9.474999999999999e-07,7999,,,,,,,,,
52,,,,,,,,,,7999,0.04143022373318672,,,,,,,,
,,,,,,,,,9.468421052631579e-07,8004,,,,,,,,,
52,,,,,,,,,,8004,0.02017827145755291,,,,,,,,
,,,,,,,,,9.461842105263157e-07,8009,,,,,,,,,
52,,,,,,,,,,8009,0.03374730050563812,,,,,,,,
,,,,,,,,,9.455263157894736e-07,8014,,,,,,,,,
52,,,,,,,,,,8014,0.09065006673336029,,,,,,,,
,,,,,,,,,9.448684210526315e-07,8019,,,,,,,,,
52,,,,,,,,,,8019,0.030794350430369377,,,,,,,,
,,,,,,,,,9.442105263157894e-07,8024,,,,,,,,,
52,,,,,,,,,,8024,0.03294640779495239,,,,,,,,
,,,,,,,,,9.435526315789474e-07,8029,,,,,,,,,
52,,,,,,,,,,8029,0.038250699639320374,,,,,,,,
,,,,,,,,,9.428947368421052e-07,8034,,,,,,,,,
52,,,,,,,,,,8034,0.04298979043960571,,,,,,,,
,,,,,,,,,9.422368421052631e-07,8039,,,,,,,,,
52,,,,,,,,,,8039,0.030752135440707207,,,,,,,,
,,,,,,,,,9.41578947368421e-07,8044,,,,,,,,,
52,,,,,,,,,,8044,0.016716569662094116,,,,,,,,
,,,,,,,,,9.40921052631579e-07,8049,,,,,,,,,
52,,,,,,,,,,8049,0.026140524074435234,,,,,,,,
,,,,,,,,,9.402631578947368e-07,8054,,,,,,,,,
52,,,,,,,,,,8054,0.021332841366529465,,,,,,,,
52,,,,,,,,,,8055,,0.6875,0.7311828136444092,0.07347722351551056,0.07347722351551056,0.3706550598144531,0.7234042286872864,0.739130437374115,0.41047537326812744
,,,,,,,,,9.396052631578947e-07,8059,,,,,,,,,
53,,,,,,,,,,8059,0.03713536262512207,,,,,,,,
,,,,,,,,,9.389473684210526e-07,8064,,,,,,,,,
53,,,,,,,,,,8064,0.05420758202672005,,,,,,,,
,,,,,,,,,9.382894736842106e-07,8069,,,,,,,,,
53,,,,,,,,,,8069,0.008740016259253025,,,,,,,,
,,,,,,,,,9.376315789473684e-07,8074,,,,,,,,,
53,,,,,,,,,,8074,0.07482730597257614,,,,,,,,
,,,,,,,,,9.369736842105263e-07,8079,,,,,,,,,
53,,,,,,,,,,8079,0.07137226313352585,,,,,,,,
,,,,,,,,,9.363157894736842e-07,8084,,,,,,,,,
53,,,,,,,,,,8084,0.02961825765669346,,,,,,,,
,,,,,,,,,9.35657894736842e-07,8089,,,,,,,,,
53,,,,,,,,,,8089,0.0637221559882164,,,,,,,,
,,,,,,,,,9.35e-07,8094,,,,,,,,,
53,,,,,,,,,,8094,0.04780837520956993,,,,,,,,
,,,,,,,,,9.343421052631578e-07,8099,,,,,,,,,
53,,,,,,,,,,8099,0.024883264675736427,,,,,,,,
,,,,,,,,,9.336842105263157e-07,8104,,,,,,,,,
53,,,,,,,,,,8104,0.04643644765019417,,,,,,,,
,,,,,,,,,9.330263157894736e-07,8109,,,,,,,,,
53,,,,,,,,,,8109,0.034171465784311295,,,,,,,,
,,,,,,,,,9.323684210526316e-07,8114,,,,,,,,,
53,,,,,,,,,,8114,0.028191644698381424,,,,,,,,
,,,,,,,,,9.317105263157894e-07,8119,,,,,,,,,
53,,,,,,,,,,8119,0.015463510528206825,,,,,,,,
,,,,,,,,,9.310526315789473e-07,8124,,,,,,,,,
53,,,,,,,,,,8124,0.05741005018353462,,,,,,,,
,,,,,,,,,9.303947368421052e-07,8129,,,,,,,,,
53,,,,,,,,,,8129,0.041892439126968384,,,,,,,,
,,,,,,,,,9.297368421052631e-07,8134,,,,,,,,,
53,,,,,,,,,,8134,0.02915908209979534,,,,,,,,
,,,,,,,,,9.29078947368421e-07,8139,,,,,,,,,
53,,,,,,,,,,8139,0.02120509184896946,,,,,,,,
,,,,,,,,,9.284210526315789e-07,8144,,,,,,,,,
53,,,,,,,,,,8144,0.020436860620975494,,,,,,,,
,,,,,,,,,9.277631578947368e-07,8149,,,,,,,,,
53,,,,,,,,,,8149,0.027089999988675117,,,,,,,,
,,,,,,,,,9.271052631578947e-07,8154,,,,,,,,,
53,,,,,,,,,,8154,0.008121059276163578,,,,,,,,
,,,,,,,,,9.264473684210527e-07,8159,,,,,,,,,
53,,,,,,,,,,8159,0.0651969239115715,,,,,,,,
,,,,,,,,,9.257894736842105e-07,8164,,,,,,,,,
53,,,,,,,,,,8164,0.028543725609779358,,,,,,,,
,,,,,,,,,9.251315789473684e-07,8169,,,,,,,,,
53,,,,,,,,,,8169,0.07389852404594421,,,,,,,,
,,,,,,,,,9.244736842105263e-07,8174,,,,,,,,,
53,,,,,,,,,,8174,0.037411969155073166,,,,,,,,
,,,,,,,,,9.238157894736842e-07,8179,,,,,,,,,
53,,,,,,,,,,8179,0.09454085677862167,,,,,,,,
,,,,,,,,,9.231578947368421e-07,8184,,,,,,,,,
53,,,,,,,,,,8184,0.033375032246112823,,,,,,,,
,,,,,,,,,9.225e-07,8189,,,,,,,,,
53,,,,,,,,,,8189,0.03861355781555176,,,,,,,,
,,,,,,,,,9.218421052631579e-07,8194,,,,,,,,,
53,,,,,,,,,,8194,0.032998573035001755,,,,,,,,
,,,,,,,,,9.211842105263157e-07,8199,,,,,,,,,
53,,,,,,,,,,8199,0.09690763801336288,,,,,,,,
,,,,,,,,,9.205263157894736e-07,8204,,,,,,,,,
53,,,,,,,,,,8204,0.07926997542381287,,,,,,,,
53,,,,,,,,,,8207,,0.6499999761581421,0.7083333134651184,0.07309497147798538,0.07309497147798538,0.3757849633693695,0.6800000071525574,0.739130437374115,0.38502752780914307
,,,,,,,,,9.198684210526315e-07,8209,,,,,,,,,
54,,,,,,,,,,8209,0.030210714787244797,,,,,,,,
,,,,,,,,,9.192105263157894e-07,8214,,,,,,,,,
54,,,,,,,,,,8214,0.05734119191765785,,,,,,,,
,,,,,,,,,9.185526315789473e-07,8219,,,,,,,,,
54,,,,,,,,,,8219,0.06656920164823532,,,,,,,,
,,,,,,,,,9.178947368421051e-07,8224,,,,,,,,,
54,,,,,,,,,,8224,0.055520668625831604,,,,,,,,
,,,,,,,,,9.172368421052631e-07,8229,,,,,,,,,
54,,,,,,,,,,8229,0.04442673549056053,,,,,,,,
,,,,,,,,,9.16578947368421e-07,8234,,,,,,,,,
54,,,,,,,,,,8234,0.05183029919862747,,,,,,,,
,,,,,,,,,9.159210526315789e-07,8239,,,,,,,,,
54,,,,,,,,,,8239,0.007674727123230696,,,,,,,,
,,,,,,,,,9.152631578947368e-07,8244,,,,,,,,,
54,,,,,,,,,,8244,0.08640969544649124,,,,,,,,
,,,,,,,,,9.146052631578947e-07,8249,,,,,,,,,
54,,,,,,,,,,8249,0.045593030750751495,,,,,,,,
,,,,,,,,,9.139473684210526e-07,8254,,,,,,,,,
54,,,,,,,,,,8254,0.012582161463797092,,,,,,,,
,,,,,,,,,9.132894736842105e-07,8259,,,,,,,,,
54,,,,,,,,,,8259,0.0552278608083725,,,,,,,,
,,,,,,,,,9.126315789473684e-07,8264,,,,,,,,,
54,,,,,,,,,,8264,0.03006107546389103,,,,,,,,
,,,,,,,,,9.119736842105262e-07,8269,,,,,,,,,
54,,,,,,,,,,8269,0.06938017904758453,,,,,,,,
,,,,,,,,,9.113157894736842e-07,8274,,,,,,,,,
54,,,,,,,,,,8274,0.0852152407169342,,,,,,,,
,,,,,,,,,9.106578947368421e-07,8279,,,,,,,,,
54,,,,,,,,,,8279,0.037729229778051376,,,,,,,,
,,,,,,,,,9.1e-07,8284,,,,,,,,,
54,,,,,,,,,,8284,0.04243961721658707,,,,,,,,
,,,,,,,,,9.093421052631578e-07,8289,,,,,,,,,
54,,,,,,,,,,8289,0.033786337822675705,,,,,,,,
,,,,,,,,,9.086842105263158e-07,8294,,,,,,,,,
54,,,,,,,,,,8294,0.0641101822257042,,,,,,,,
,,,,,,,,,9.080263157894737e-07,8299,,,,,,,,,
54,,,,,,,,,,8299,0.017917750403285027,,,,,,,,
,,,,,,,,,9.073684210526316e-07,8304,,,,,,,,,
54,,,,,,,,,,8304,0.047072459012269974,,,,,,,,
,,,,,,,,,9.067105263157894e-07,8309,,,,,,,,,
54,,,,,,,,,,8309,0.04854130372405052,,,,,,,,
,,,,,,,,,9.060526315789473e-07,8314,,,,,,,,,
54,,,,,,,,,,8314,0.04603051394224167,,,,,,,,
,,,,,,,,,9.053947368421052e-07,8319,,,,,,,,,
54,,,,,,,,,,8319,0.025721736252307892,,,,,,,,
,,,,,,,,,9.047368421052631e-07,8324,,,,,,,,,
54,,,,,,,,,,8324,0.043143533170223236,,,,,,,,
,,,,,,,,,9.04078947368421e-07,8329,,,,,,,,,
54,,,,,,,,,,8329,0.0553998239338398,,,,,,,,
,,,,,,,,,9.034210526315788e-07,8334,,,,,,,,,
54,,,,,,,,,,8334,0.02190885692834854,,,,,,,,
,,,,,,,,,9.027631578947368e-07,8339,,,,,,,,,
54,,,,,,,,,,8339,0.07186632603406906,,,,,,,,
,,,,,,,,,9.021052631578947e-07,8344,,,,,,,,,
54,,,,,,,,,,8344,0.03254358097910881,,,,,,,,
,,,,,,,,,9.014473684210526e-07,8349,,,,,,,,,
54,,,,,,,,,,8349,0.04436628893017769,,,,,,,,
,,,,,,,,,9.007894736842104e-07,8354,,,,,,,,,
54,,,,,,,,,,8354,0.015416678972542286,,,,,,,,
,,,,,,,,,9.001315789473684e-07,8359,,,,,,,,,
54,,,,,,,,,,8359,0.027401812374591827,,,,,,,,
54,,,,,,,,,,8359,,0.762499988079071,0.8118811845779419,0.07201326638460159,0.07201326638460159,0.4218788146972656,0.7454545497894287,0.8913043737411499,0.3954273462295532
,,,,,,,,,8.994736842105263e-07,8364,,,,,,,,,
55,,,,,,,,,,8364,0.03693857789039612,,,,,,,,
,,,,,,,,,8.988157894736842e-07,8369,,,,,,,,,
55,,,,,,,,,,8369,0.06043972447514534,,,,,,,,
,,,,,,,,,8.981578947368421e-07,8374,,,,,,,,,
55,,,,,,,,,,8374,0.008601685054600239,,,,,,,,
,,,,,,,,,8.974999999999999e-07,8379,,,,,,,,,
55,,,,,,,,,,8379,0.021807264536619186,,,,,,,,
,,,,,,,,,8.968421052631579e-07,8384,,,,,,,,,
55,,,,,,,,,,8384,0.029986277222633362,,,,,,,,
,,,,,,,,,8.961842105263158e-07,8389,,,,,,,,,
55,,,,,,,,,,8389,0.05927346274256706,,,,,,,,
,,,,,,,,,8.955263157894737e-07,8394,,,,,,,,,
55,,,,,,,,,,8394,0.02731417492032051,,,,,,,,
,,,,,,,,,8.948684210526315e-07,8399,,,,,,,,,
55,,,,,,,,,,8399,0.023200644180178642,,,,,,,,
,,,,,,,,,8.942105263157895e-07,8404,,,,,,,,,
55,,,,,,,,,,8404,0.011659886687994003,,,,,,,,
,,,,,,,,,8.935526315789474e-07,8409,,,,,,,,,
55,,,,,,,,,,8409,0.03721340373158455,,,,,,,,
,,,,,,,,,8.928947368421053e-07,8414,,,,,,,,,
55,,,,,,,,,,8414,0.04768073558807373,,,,,,,,
,,,,,,,,,8.92236842105263e-07,8419,,,,,,,,,
55,,,,,,,,,,8419,0.045016705989837646,,,,,,,,
,,,,,,,,,8.915789473684209e-07,8424,,,,,,,,,
55,,,,,,,,,,8424,0.030461637303233147,,,,,,,,
,,,,,,,,,8.909210526315789e-07,8429,,,,,,,,,
55,,,,,,,,,,8429,0.016764970496296883,,,,,,,,
,,,,,,,,,8.902631578947368e-07,8434,,,,,,,,,
55,,,,,,,,,,8434,0.040175218135118484,,,,,,,,
,,,,,,,,,8.896052631578947e-07,8439,,,,,,,,,
55,,,,,,,,,,8439,0.02205774374306202,,,,,,,,
,,,,,,,,,8.889473684210525e-07,8444,,,,,,,,,
55,,,,,,,,,,8444,0.04133195802569389,,,,,,,,
,,,,,,,,,8.882894736842105e-07,8449,,,,,,,,,
55,,,,,,,,,,8449,0.025552792474627495,,,,,,,,
,,,,,,,,,8.876315789473684e-07,8454,,,,,,,,,
55,,,,,,,,,,8454,0.040948860347270966,,,,,,,,
,,,,,,,,,8.869736842105263e-07,8459,,,,,,,,,
55,,,,,,,,,,8459,0.08497095853090286,,,,,,,,
,,,,,,,,,8.863157894736841e-07,8464,,,,,,,,,
55,,,,,,,,,,8464,0.033613789826631546,,,,,,,,
,,,,,,,,,8.85657894736842e-07,8469,,,,,,,,,
55,,,,,,,,,,8469,0.02374836802482605,,,,,,,,
,,,,,,,,,8.85e-07,8474,,,,,,,,,
55,,,,,,,,,,8474,0.021205727010965347,,,,,,,,
,,,,,,,,,8.843421052631579e-07,8479,,,,,,,,,
55,,,,,,,,,,8479,0.0766553059220314,,,,,,,,
,,,,,,,,,8.836842105263157e-07,8484,,,,,,,,,
55,,,,,,,,,,8484,0.04588332027196884,,,,,,,,
,,,,,,,,,8.830263157894736e-07,8489,,,,,,,,,
55,,,,,,,,,,8489,0.03817765787243843,,,,,,,,
,,,,,,,,,8.823684210526316e-07,8494,,,,,,,,,
55,,,,,,,,,,8494,0.07341740280389786,,,,,,,,
,,,,,,,,,8.817105263157895e-07,8499,,,,,,,,,
55,,,,,,,,,,8499,0.027421044185757637,,,,,,,,
,,,,,,,,,8.810526315789474e-07,8504,,,,,,,,,
55,,,,,,,,,,8504,0.03368425741791725,,,,,,,,
,,,,,,,,,8.803947368421052e-07,8509,,,,,,,,,
55,,,,,,,,,,8509,0.016504528000950813,,,,,,,,
55,,,,,,,,,,8511,,0.762499988079071,0.8118811845779419,0.07158195227384567,0.07158195227384567,0.42142459750175476,0.7454545497894287,0.8913043737411499,0.41660255193710327
,,,,,,,,,8.797368421052632e-07,8514,,,,,,,,,
56,,,,,,,,,,8514,0.018462147563695908,,,,,,,,
,,,,,,,,,8.790789473684211e-07,8519,,,,,,,,,
56,,,,,,,,,,8519,0.030729282647371292,,,,,,,,
,,,,,,,,,8.78421052631579e-07,8524,,,,,,,,,
56,,,,,,,,,,8524,0.07590896636247635,,,,,,,,
,,,,,,,,,8.777631578947367e-07,8529,,,,,,,,,
56,,,,,,,,,,8529,0.019532930105924606,,,,,,,,
,,,,,,,,,8.771052631578946e-07,8534,,,,,,,,,
56,,,,,,,,,,8534,0.030380694195628166,,,,,,,,
,,,,,,,,,8.764473684210526e-07,8539,,,,,,,,,
56,,,,,,,,,,8539,0.018163412809371948,,,,,,,,
,,,,,,,,,8.757894736842105e-07,8544,,,,,,,,,
56,,,,,,,,,,8544,0.031879790127277374,,,,,,,,
,,,,,,,,,8.751315789473683e-07,8549,,,,,,,,,
56,,,,,,,,,,8549,0.042334891855716705,,,,,,,,
,,,,,,,,,8.744736842105262e-07,8554,,,,,,,,,
56,,,,,,,,,,8554,0.04503803327679634,,,,,,,,
,,,,,,,,,8.738157894736842e-07,8559,,,,,,,,,
56,,,,,,,,,,8559,0.026126815006136894,,,,,,,,
,,,,,,,,,8.731578947368421e-07,8564,,,,,,,,,
56,,,,,,,,,,8564,0.04012397304177284,,,,,,,,
,,,,,,,,,8.725e-07,8569,,,,,,,,,
56,,,,,,,,,,8569,0.046080224215984344,,,,,,,,
,,,,,,,,,8.718421052631578e-07,8574,,,,,,,,,
56,,,,,,,,,,8574,0.013827779330313206,,,,,,,,
,,,,,,,,,8.711842105263157e-07,8579,,,,,,,,,
56,,,,,,,,,,8579,0.01956232450902462,,,,,,,,
,,,,,,,,,8.705263157894737e-07,8584,,,,,,,,,
56,,,,,,,,,,8584,0.09523680061101913,,,,,,,,
,,,,,,,,,8.698684210526316e-07,8589,,,,,,,,,
56,,,,,,,,,,8589,0.026086783036589622,,,,,,,,
,,,,,,,,,8.692105263157894e-07,8594,,,,,,,,,
56,,,,,,,,,,8594,0.0349358394742012,,,,,,,,
,,,,,,,,,8.685526315789473e-07,8599,,,,,,,,,
56,,,,,,,,,,8599,0.014879206195473671,,,,,,,,
,,,,,,,,,8.678947368421053e-07,8604,,,,,,,,,
56,,,,,,,,,,8604,0.08048870414495468,,,,,,,,
,,,,,,,,,8.672368421052632e-07,8609,,,,,,,,,
56,,,,,,,,,,8609,0.034060038626194,,,,,,,,
,,,,,,,,,8.66578947368421e-07,8614,,,,,,,,,
56,,,,,,,,,,8614,0.018656477332115173,,,,,,,,
,,,,,,,,,8.659210526315789e-07,8619,,,,,,,,,
56,,,,,,,,,,8619,0.09257646650075912,,,,,,,,
,,,,,,,,,8.652631578947368e-07,8624,,,,,,,,,
56,,,,,,,,,,8624,0.04296921193599701,,,,,,,,
,,,,,,,,,8.646052631578948e-07,8629,,,,,,,,,
56,,,,,,,,,,8629,0.01879064366221428,,,,,,,,
,,,,,,,,,8.639473684210527e-07,8634,,,,,,,,,
56,,,,,,,,,,8634,0.023319846019148827,,,,,,,,
,,,,,,,,,8.632894736842104e-07,8639,,,,,,,,,
56,,,,,,,,,,8639,0.016196630895137787,,,,,,,,
,,,,,,,,,8.626315789473683e-07,8644,,,,,,,,,
56,,,,,,,,,,8644,0.027968164533376694,,,,,,,,
,,,,,,,,,8.619736842105263e-07,8649,,,,,,,,,
56,,,,,,,,,,8649,0.024991437792778015,,,,,,,,
,,,,,,,,,8.613157894736842e-07,8654,,,,,,,,,
56,,,,,,,,,,8654,0.020947476848959923,,,,,,,,
,,,,,,,,,8.60657894736842e-07,8659,,,,,,,,,
56,,,,,,,,,,8659,0.009972634725272655,,,,,,,,
56,,,,,,,,,,8663,,0.75,0.800000011920929,0.07143913954496384,0.07143913954496384,0.4354563057422638,0.7407407164573669,0.8695651888847351,0.3929036855697632
,,,,,,,,,8.599999999999999e-07,8664,,,,,,,,,
57,,,,,,,,,,8664,0.009409031830728054,,,,,,,,
,,,,,,,,,8.593421052631579e-07,8669,,,,,,,,,
57,,,,,,,,,,8669,0.05321381613612175,,,,,,,,
,,,,,,,,,8.586842105263158e-07,8674,,,,,,,,,
57,,,,,,,,,,8674,0.03246275708079338,,,,,,,,
,,,,,,,,,8.580263157894736e-07,8679,,,,,,,,,
57,,,,,,,,,,8679,0.023375267162919044,,,,,,,,
,,,,,,,,,8.573684210526315e-07,8684,,,,,,,,,
57,,,,,,,,,,8684,0.024480551481246948,,,,,,,,
,,,,,,,,,8.567105263157894e-07,8689,,,,,,,,,
57,,,,,,,,,,8689,0.09213195741176605,,,,,,,,
,,,,,,,,,8.560526315789474e-07,8694,,,,,,,,,
57,,,,,,,,,,8694,0.02838841639459133,,,,,,,,
,,,,,,,,,8.553947368421052e-07,8699,,,,,,,,,
57,,,,,,,,,,8699,0.0372181236743927,,,,,,,,
,,,,,,,,,8.547368421052631e-07,8704,,,,,,,,,
57,,,,,,,,,,8704,0.0972062423825264,,,,,,,,
,,,,,,,,,8.54078947368421e-07,8709,,,,,,,,,
57,,,,,,,,,,8709,0.11975523829460144,,,,,,,,
,,,,,,,,,8.53421052631579e-07,8714,,,,,,,,,
57,,,,,,,,,,8714,0.063883937895298,,,,,,,,
,,,,,,,,,8.527631578947369e-07,8719,,,,,,,,,
57,,,,,,,,,,8719,0.04444197565317154,,,,,,,,
,,,,,,,,,8.521052631578947e-07,8724,,,,,,,,,
57,,,,,,,,,,8724,0.027200663462281227,,,,,,,,
,,,,,,,,,8.514473684210526e-07,8729,,,,,,,,,
57,,,,,,,,,,8729,0.04395416006445885,,,,,,,,
,,,,,,,,,8.507894736842105e-07,8734,,,,,,,,,
57,,,,,,,,,,8734,0.041800159960985184,,,,,,,,
,,,,,,,,,8.501315789473685e-07,8739,,,,,,,,,
57,,,,,,,,,,8739,0.011519655585289001,,,,,,,,
,,,,,,,,,8.494736842105262e-07,8744,,,,,,,,,
57,,,,,,,,,,8744,0.10773228853940964,,,,,,,,
,,,,,,,,,8.488157894736841e-07,8749,,,,,,,,,
57,,,,,,,,,,8749,0.029734157025814056,,,,,,,,
,,,,,,,,,8.48157894736842e-07,8754,,,,,,,,,
57,,,,,,,,,,8754,0.05349097400903702,,,,,,,,
,,,,,,,,,8.475e-07,8759,,,,,,,,,
57,,,,,,,,,,8759,0.0362192802131176,,,,,,,,
,,,,,,,,,8.468421052631578e-07,8764,,,,,,,,,
57,,,,,,,,,,8764,0.05475013703107834,,,,,,,,
,,,,,,,,,8.461842105263157e-07,8769,,,,,,,,,
57,,,,,,,,,,8769,0.024519164115190506,,,,,,,,
,,,,,,,,,8.455263157894736e-07,8774,,,,,,,,,
57,,,,,,,,,,8774,0.06793109327554703,,,,,,,,
,,,,,,,,,8.448684210526315e-07,8779,,,,,,,,,
57,,,,,,,,,,8779,0.011801467277109623,,,,,,,,
,,,,,,,,,8.442105263157895e-07,8784,,,,,,,,,
57,,,,,,,,,,8784,0.032318975776433945,,,,,,,,
,,,,,,,,,8.435526315789473e-07,8789,,,,,,,,,
57,,,,,,,,,,8789,0.04444175958633423,,,,,,,,
,,,,,,,,,8.428947368421052e-07,8794,,,,,,,,,
57,,,,,,,,,,8794,0.02613191492855549,,,,,,,,
,,,,,,,,,8.422368421052631e-07,8799,,,,,,,,,
57,,,,,,,,,,8799,0.03303515911102295,,,,,,,,
,,,,,,,,,8.415789473684211e-07,8804,,,,,,,,,
57,,,,,,,,,,8804,0.01545147318392992,,,,,,,,
,,,,,,,,,8.409210526315789e-07,8809,,,,,,,,,
57,,,,,,,,,,8809,0.019044924527406693,,,,,,,,
,,,,,,,,,8.402631578947368e-07,8814,,,,,,,,,
57,,,,,,,,,,8814,0.05159136652946472,,,,,,,,
57,,,,,,,,,,8815,,0.75,0.8039215803146362,0.07022938877344131,0.07022938877344131,0.4470636546611786,0.7321428656578064,0.8913043737411499,0.4146188497543335
,,,,,,,,,8.396052631578947e-07,8819,,,,,,,,,
58,,,,,,,,,,8819,0.0727105364203453,,,,,,,,
,,,,,,,,,8.389473684210526e-07,8824,,,,,,,,,
58,,,,,,,,,,8824,0.04445613920688629,,,,,,,,
,,,,,,,,,8.382894736842105e-07,8829,,,,,,,,,
58,,,,,,,,,,8829,0.031168293207883835,,,,,,,,
,,,,,,,,,8.376315789473684e-07,8834,,,,,,,,,
58,,,,,,,,,,8834,0.03403749316930771,,,,,,,,
,,,,,,,,,8.369736842105263e-07,8839,,,,,,,,,
58,,,,,,,,,,8839,0.018183499574661255,,,,,,,,
,,,,,,,,,8.363157894736842e-07,8844,,,,,,,,,
58,,,,,,,,,,8844,0.02104184962809086,,,,,,,,
,,,,,,,,,8.356578947368422e-07,8849,,,,,,,,,
58,,,,,,,,,,8849,0.016873765736818314,,,,,,,,
,,,,,,,,,8.349999999999999e-07,8854,,,,,,,,,
58,,,,,,,,,,8854,0.02011851780116558,,,,,,,,
,,,,,,,,,8.343421052631578e-07,8859,,,,,,,,,
58,,,,,,,,,,8859,0.0307986568659544,,,,,,,,
,,,,,,,,,8.336842105263157e-07,8864,,,,,,,,,
58,,,,,,,,,,8864,0.021935448050498962,,,,,,,,
,,,,,,,,,8.330263157894737e-07,8869,,,,,,,,,
58,,,,,,,,,,8869,0.045323263853788376,,,,,,,,
,,,,,,,,,8.323684210526315e-07,8874,,,,,,,,,
58,,,,,,,,,,8874,0.02079559676349163,,,,,,,,
,,,,,,,,,8.317105263157894e-07,8879,,,,,,,,,
58,,,,,,,,,,8879,0.017850669100880623,,,,,,,,
,,,,,,,,,8.310526315789473e-07,8884,,,,,,,,,
58,,,,,,,,,,8884,0.050336066633462906,,,,,,,,
,,,,,,,,,8.303947368421052e-07,8889,,,,,,,,,
58,,,,,,,,,,8889,0.027570446953177452,,,,,,,,
,,,,,,,,,8.297368421052631e-07,8894,,,,,,,,,
58,,,,,,,,,,8894,0.018512951210141182,,,,,,,,
,,,,,,,,,8.29078947368421e-07,8899,,,,,,,,,
58,,,,,,,,,,8899,0.039708152413368225,,,,,,,,
,,,,,,,,,8.284210526315789e-07,8904,,,,,,,,,
58,,,,,,,,,,8904,0.014350147917866707,,,,,,,,
,,,,,,,,,8.277631578947368e-07,8909,,,,,,,,,
58,,,,,,,,,,8909,0.03155893832445145,,,,,,,,
,,,,,,,,,8.271052631578948e-07,8914,,,,,,,,,
58,,,,,,,,,,8914,0.04555710405111313,,,,,,,,
,,,,,,,,,8.264473684210526e-07,8919,,,,,,,,,
58,,,,,,,,,,8919,0.046270161867141724,,,,,,,,
,,,,,,,,,8.257894736842105e-07,8924,,,,,,,,,
58,,,,,,,,,,8924,0.020943040028214455,,,,,,,,
,,,,,,,,,8.251315789473684e-07,8929,,,,,,,,,
58,,,,,,,,,,8929,0.031984977424144745,,,,,,,,
,,,,,,,,,8.244736842105263e-07,8934,,,,,,,,,
58,,,,,,,,,,8934,0.03689945489168167,,,,,,,,
,,,,,,,,,8.238157894736842e-07,8939,,,,,,,,,
58,,,,,,,,,,8939,0.04348701238632202,,,,,,,,
,,,,,,,,,8.231578947368421e-07,8944,,,,,,,,,
58,,,,,,,,,,8944,0.030240394175052643,,,,,,,,
,,,,,,,,,8.225e-07,8949,,,,,,,,,
58,,,,,,,,,,8949,0.08122793585062027,,,,,,,,
,,,,,,,,,8.218421052631579e-07,8954,,,,,,,,,
58,,,,,,,,,,8954,0.08655619621276855,,,,,,,,
,,,,,,,,,8.211842105263158e-07,8959,,,,,,,,,
58,,,,,,,,,,8959,0.037412919104099274,,,,,,,,
,,,,,,,,,8.205263157894736e-07,8964,,,,,,,,,
58,,,,,,,,,,8964,0.053394049406051636,,,,,,,,
58,,,,,,,,,,8967,,0.7250000238418579,0.7799999713897705,0.06900214403867722,0.06900214403867722,0.44990506768226624,0.7222222089767456,0.8478260636329651,0.4442923665046692
,,,,,,,,,8.198684210526315e-07,8969,,,,,,,,,
59,,,,,,,,,,8969,0.05740701034665108,,,,,,,,
,,,,,,,,,8.192105263157894e-07,8974,,,,,,,,,
59,,,,,,,,,,8974,0.023705385625362396,,,,,,,,
,,,,,,,,,8.185526315789473e-07,8979,,,,,,,,,
59,,,,,,,,,,8979,0.02705453522503376,,,,,,,,
,,,,,,,,,8.178947368421052e-07,8984,,,,,,,,,
59,,,,,,,,,,8984,0.038560740649700165,,,,,,,,
,,,,,,,,,8.172368421052631e-07,8989,,,,,,,,,
59,,,,,,,,,,8989,0.019733907654881477,,,,,,,,
,,,,,,,,,8.16578947368421e-07,8994,,,,,,,,,
59,,,,,,,,,,8994,0.05348337069153786,,,,,,,,
,,,,,,,,,8.159210526315789e-07,8999,,,,,,,,,
59,,,,,,,,,,8999,0.03503826633095741,,,,,,,,
,,,,,,,,,8.152631578947368e-07,9004,,,,,,,,,
59,,,,,,,,,,9004,0.010232480242848396,,,,,,,,
,,,,,,,,,8.146052631578947e-07,9009,,,,,,,,,
59,,,,,,,,,,9009,0.02319145016372204,,,,,,,,
,,,,,,,,,8.139473684210526e-07,9014,,,,,,,,,
59,,,,,,,,,,9014,0.02879589982330799,,,,,,,,
,,,,,,,,,8.132894736842105e-07,9019,,,,,,,,,
59,,,,,,,,,,9019,0.025566792115569115,,,,,,,,
,,,,,,,,,8.126315789473683e-07,9024,,,,,,,,,
59,,,,,,,,,,9024,0.039212293922901154,,,,,,,,
,,,,,,,,,8.119736842105263e-07,9029,,,,,,,,,
59,,,,,,,,,,9029,0.05359421670436859,,,,,,,,
,,,,,,,,,8.113157894736842e-07,9034,,,,,,,,,
59,,,,,,,,,,9034,0.028636183589696884,,,,,,,,
,,,,,,,,,8.106578947368421e-07,9039,,,,,,,,,
59,,,,,,,,,,9039,0.026659376919269562,,,,,,,,
,,,,,,,,,8.1e-07,9044,,,,,,,,,
59,,,,,,,,,,9044,0.03747480735182762,,,,,,,,
,,,,,,,,,8.093421052631579e-07,9049,,,,,,,,,
59,,,,,,,,,,9049,0.027123726904392242,,,,,,,,
,,,,,,,,,8.086842105263158e-07,9054,,,,,,,,,
59,,,,,,,,,,9054,0.06162644550204277,,,,,,,,
,,,,,,,,,8.080263157894737e-07,9059,,,,,,,,,
59,,,,,,,,,,9059,0.022387607023119926,,,,,,,,
,,,,,,,,,8.073684210526316e-07,9064,,,,,,,,,
59,,,,,,,,,,9064,0.034759022295475006,,,,,,,,
,,,,,,,,,8.067105263157893e-07,9069,,,,,,,,,
59,,,,,,,,,,9069,0.03623846173286438,,,,,,,,
,,,,,,,,,8.060526315789473e-07,9074,,,,,,,,,
59,,,,,,,,,,9074,0.029048750177025795,,,,,,,,
,,,,,,,,,8.053947368421052e-07,9079,,,,,,,,,
59,,,,,,,,,,9079,0.034144144505262375,,,,,,,,
,,,,,,,,,8.047368421052631e-07,9084,,,,,,,,,
59,,,,,,,,,,9084,0.03252370283007622,,,,,,,,
,,,,,,,,,8.040789473684209e-07,9089,,,,,,,,,
59,,,,,,,,,,9089,0.03113456256687641,,,,,,,,
,,,,,,,,,8.034210526315789e-07,9094,,,,,,,,,
59,,,,,,,,,,9094,0.021348530426621437,,,,,,,,
,,,,,,,,,8.027631578947368e-07,9099,,,,,,,,,
59,,,,,,,,,,9099,0.02405335195362568,,,,,,,,
,,,,,,,,,8.021052631578947e-07,9104,,,,,,,,,
59,,,,,,,,,,9104,0.016392899677157402,,,,,,,,
,,,,,,,,,8.014473684210526e-07,9109,,,,,,,,,
59,,,,,,,,,,9109,0.019279927015304565,,,,,,,,
,,,,,,,,,8.007894736842105e-07,9114,,,,,,,,,
59,,,,,,,,,,9114,0.04261482134461403,,,,,,,,
,,,,,,,,,8.001315789473684e-07,9119,,,,,,,,,
59,,,,,,,,,,9119,0.04245473071932793,,,,,,,,
59,,,,,,,,,,9119,,0.737500011920929,0.7878788113594055,0.06692482531070709,0.06692482531070709,0.4772166609764099,0.7358490824699402,0.8478260636329651,0.4349959194660187
,,,,,,,,,7.994736842105263e-07,9124,,,,,,,,,
60,,,,,,,,,,9124,0.036789145320653915,,,,,,,,
,,,,,,,,,7.988157894736842e-07,9129,,,,,,,,,
60,,,,,,,,,,9129,0.025536149740219116,,,,,,,,
,,,,,,,,,7.98157894736842e-07,9134,,,,,,,,,
60,,,,,,,,,,9134,0.025662418454885483,,,,,,,,
,,,,,,,,,7.975e-07,9139,,,,,,,,,
60,,,,,,,,,,9139,0.023877346888184547,,,,,,,,
,,,,,,,,,7.968421052631579e-07,9144,,,,,,,,,
60,,,,,,,,,,9144,0.025938820093870163,,,,,,,,
,,,,,,,,,7.961842105263158e-07,9149,,,,,,,,,
60,,,,,,,,,,9149,0.05944669246673584,,,,,,,,
,,,,,,,,,7.955263157894736e-07,9154,,,,,,,,,
60,,,,,,,,,,9154,0.0043100472539663315,,,,,,,,
,,,,,,,,,7.948684210526316e-07,9159,,,,,,,,,
60,,,,,,,,,,9159,0.06024548038840294,,,,,,,,
,,,,,,,,,7.942105263157895e-07,9164,,,,,,,,,
60,,,,,,,,,,9164,0.05951973423361778,,,,,,,,
,,,,,,,,,7.935526315789474e-07,9169,,,,,,,,,
60,,,,,,,,,,9169,0.02927706018090248,,,,,,,,
,,,,,,,,,7.928947368421052e-07,9174,,,,,,,,,
60,,,,,,,,,,9174,0.04458070173859596,,,,,,,,
,,,,,,,,,7.92236842105263e-07,9179,,,,,,,,,
60,,,,,,,,,,9179,0.05776528641581535,,,,,,,,
,,,,,,,,,7.91578947368421e-07,9184,,,,,,,,,
60,,,,,,,,,,9184,0.03516869992017746,,,,,,,,
,,,,,,,,,7.909210526315789e-07,9189,,,,,,,,,
60,,,,,,,,,,9189,0.024431530386209488,,,,,,,,
,,,,,,,,,7.902631578947368e-07,9194,,,,,,,,,
60,,,,,,,,,,9194,0.026340536773204803,,,,,,,,
,,,,,,,,,7.896052631578946e-07,9199,,,,,,,,,
60,,,,,,,,,,9199,0.031432557851076126,,,,,,,,
,,,,,,,,,7.889473684210526e-07,9204,,,,,,,,,
60,,,,,,,,,,9204,0.024216949939727783,,,,,,,,
,,,,,,,,,7.882894736842105e-07,9209,,,,,,,,,
60,,,,,,,,,,9209,0.01792033575475216,,,,,,,,
,,,,,,,,,7.876315789473684e-07,9214,,,,,,,,,
60,,,,,,,,,,9214,0.006671997252851725,,,,,,,,
,,,,,,,,,7.869736842105262e-07,9219,,,,,,,,,
60,,,,,,,,,,9219,0.05970880761742592,,,,,,,,
,,,,,,,,,7.863157894736841e-07,9224,,,,,,,,,
60,,,,,,,,,,9224,0.028842421248555183,,,,,,,,
,,,,,,,,,7.856578947368421e-07,9229,,,,,,,,,
60,,,,,,,,,,9229,0.009012374095618725,,,,,,,,
,,,,,,,,,7.85e-07,9234,,,,,,,,,
60,,,,,,,,,,9234,0.04488474130630493,,,,,,,,
,,,,,,,,,7.843421052631578e-07,9239,,,,,,,,,
60,,,,,,,,,,9239,0.037848856300115585,,,,,,,,
,,,,,,,,,7.836842105263157e-07,9244,,,,,,,,,
60,,,,,,,,,,9244,0.025638513267040253,,,,,,,,
,,,,,,,,,7.830263157894737e-07,9249,,,,,,,,,
60,,,,,,,,,,9249,0.023076580837368965,,,,,,,,
,,,,,,,,,7.823684210526316e-07,9254,,,,,,,,,
60,,,,,,,,,,9254,0.0555972158908844,,,,,,,,
,,,,,,,,,7.817105263157895e-07,9259,,,,,,,,,
60,,,,,,,,,,9259,0.03654530644416809,,,,,,,,
,,,,,,,,,7.810526315789473e-07,9264,,,,,,,,,
60,,,,,,,,,,9264,0.03409872204065323,,,,,,,,
,,,,,,,,,7.803947368421053e-07,9269,,,,,,,,,
60,,,,,,,,,,9269,0.030209245160222054,,,,,,,,
60,,,,,,,,,,9271,,0.7250000238418579,0.7708333134651184,0.06763675063848495,0.06763675063848495,0.4510025680065155,0.7400000095367432,0.804347813129425,0.4648454487323761
,,,,,,,,,7.797368421052632e-07,9274,,,,,,,,,
61,,,,,,,,,,9274,0.013150542974472046,,,,,,,,
,,,,,,,,,7.790789473684211e-07,9279,,,,,,,,,
61,,,,,,,,,,9279,0.027756189927458763,,,,,,,,
,,,,,,,,,7.784210526315789e-07,9284,,,,,,,,,
61,,,,,,,,,,9284,0.02260143682360649,,,,,,,,
,,,,,,,,,7.777631578947367e-07,9289,,,,,,,,,
61,,,,,,,,,,9289,0.03924292325973511,,,,,,,,
,,,,,,,,,7.771052631578947e-07,9294,,,,,,,,,
61,,,,,,,,,,9294,0.013872974552214146,,,,,,,,
,,,,,,,,,7.764473684210526e-07,9299,,,,,,,,,
61,,,,,,,,,,9299,0.020573439076542854,,,,,,,,
,,,,,,,,,7.757894736842104e-07,9304,,,,,,,,,
61,,,,,,,,,,9304,0.015528594143688679,,,,,,,,
,,,,,,,,,7.751315789473683e-07,9309,,,,,,,,,
61,,,,,,,,,,9309,0.03005189821124077,,,,,,,,
,,,,,,,,,7.744736842105263e-07,9314,,,,,,,,,
61,,,,,,,,,,9314,0.03436126559972763,,,,,,,,
,,,,,,,,,7.738157894736842e-07,9319,,,,,,,,,
61,,,,,,,,,,9319,0.04662320017814636,,,,,,,,
,,,,,,,,,7.731578947368421e-07,9324,,,,,,,,,
61,,,,,,,,,,9324,0.02441980689764023,,,,,,,,
,,,,,,,,,7.724999999999999e-07,9329,,,,,,,,,
61,,,,,,,,,,9329,0.02400980144739151,,,,,,,,
,,,,,,,,,7.718421052631578e-07,9334,,,,,,,,,
61,,,,,,,,,,9334,0.04512090981006622,,,,,,,,
,,,,,,,,,7.711842105263158e-07,9339,,,,,,,,,
61,,,,,,,,,,9339,0.023002518340945244,,,,,,,,
,,,,,,,,,7.705263157894737e-07,9344,,,,,,,,,
61,,,,,,,,,,9344,0.0685402899980545,,,,,,,,
,,,,,,,,,7.698684210526315e-07,9349,,,,,,,,,
61,,,,,,,,,,9349,0.024395333603024483,,,,,,,,
,,,,,,,,,7.692105263157894e-07,9354,,,,,,,,,
61,,,,,,,,,,9354,0.033508554100990295,,,,,,,,
,,,,,,,,,7.685526315789474e-07,9359,,,,,,,,,
61,,,,,,,,,,9359,0.045184630900621414,,,,,,,,
,,,,,,,,,7.678947368421053e-07,9364,,,,,,,,,
61,,,,,,,,,,9364,0.020037667825818062,,,,,,,,
,,,,,,,,,7.672368421052631e-07,9369,,,,,,,,,
61,,,,,,,,,,9369,0.03498080000281334,,,,,,,,
,,,,,,,,,7.66578947368421e-07,9374,,,,,,,,,
61,,,,,,,,,,9374,0.024036765098571777,,,,,,,,
,,,,,,,,,7.659210526315789e-07,9379,,,,,,,,,
61,,,,,,,,,,9379,0.03983667865395546,,,,,,,,
,,,,,,,,,7.652631578947369e-07,9384,,,,,,,,,
61,,,,,,,,,,9384,0.030274536460638046,,,,,,,,
,,,,,,,,,7.646052631578948e-07,9389,,,,,,,,,
61,,,,,,,,,,9389,0.03438642993569374,,,,,,,,
,,,,,,,,,7.639473684210526e-07,9394,,,,,,,,,
61,,,,,,,,,,9394,0.018318308517336845,,,,,,,,
,,,,,,,,,7.632894736842104e-07,9399,,,,,,,,,
61,,,,,,,,,,9399,0.021416468545794487,,,,,,,,
,,,,,,,,,7.626315789473684e-07,9404,,,,,,,,,
61,,,,,,,,,,9404,0.029593205079436302,,,,,,,,
,,,,,,,,,7.619736842105263e-07,9409,,,,,,,,,
61,,,,,,,,,,9409,0.05760480836033821,,,,,,,,
,,,,,,,,,7.613157894736841e-07,9414,,,,,,,,,
61,,,,,,,,,,9414,0.018706081435084343,,,,,,,,
,,,,,,,,,7.60657894736842e-07,9419,,,,,,,,,
61,,,,,,,,,,9419,0.027844643220305443,,,,,,,,
61,,,,,,,,,,9423,,0.737500011920929,0.7835051417350769,0.06835135817527771,0.06835135817527771,0.4485265016555786,0.7450980544090271,0.8260869383811951,0.4689537286758423
,,,,,,,,,7.599999999999999e-07,9424,,,,,,,,,
62,,,,,,,,,,9424,0.016405237838625908,,,,,,,,
,,,,,,,,,7.593421052631579e-07,9429,,,,,,,,,
62,,,,,,,,,,9429,0.019051512703299522,,,,,,,,
,,,,,,,,,7.586842105263157e-07,9434,,,,,,,,,
62,,,,,,,,,,9434,0.033340081572532654,,,,,,,,
,,,,,,,,,7.580263157894736e-07,9439,,,,,,,,,
62,,,,,,,,,,9439,0.023874348029494286,,,,,,,,
,,,,,,,,,7.573684210526315e-07,9444,,,,,,,,,
62,,,,,,,,,,9444,0.06151444837450981,,,,,,,,
,,,,,,,,,7.567105263157895e-07,9449,,,,,,,,,
62,,,,,,,,,,9449,0.024318477138876915,,,,,,,,
,,,,,,,,,7.560526315789474e-07,9454,,,,,,,,,
62,,,,,,,,,,9454,0.04113711416721344,,,,,,,,
,,,,,,,,,7.553947368421052e-07,9459,,,,,,,,,
62,,,,,,,,,,9459,0.013096196576952934,,,,,,,,
,,,,,,,,,7.547368421052631e-07,9464,,,,,,,,,
62,,,,,,,,,,9464,0.03588026389479637,,,,,,,,
,,,,,,,,,7.540789473684211e-07,9469,,,,,,,,,
62,,,,,,,,,,9469,0.03100559301674366,,,,,,,,
,,,,,,,,,7.53421052631579e-07,9474,,,,,,,,,
62,,,,,,,,,,9474,0.056473955512046814,,,,,,,,
,,,,,,,,,7.527631578947368e-07,9479,,,,,,,,,
62,,,,,,,,,,9479,0.03536958247423172,,,,,,,,
,,,,,,,,,7.521052631578947e-07,9484,,,,,,,,,
62,,,,,,,,,,9484,0.02512713149189949,,,,,,,,
,,,,,,,,,7.514473684210526e-07,9489,,,,,,,,,
62,,,,,,,,,,9489,0.025854364037513733,,,,,,,,
,,,,,,,,,7.507894736842106e-07,9494,,,,,,,,,
62,,,,,,,,,,9494,0.013224948197603226,,,,,,,,
,,,,,,,,,7.501315789473684e-07,9499,,,,,,,,,
62,,,,,,,,,,9499,0.02078634686768055,,,,,,,,
,,,,,,,,,7.494736842105263e-07,9504,,,,,,,,,
62,,,,,,,,,,9504,0.06165951490402222,,,,,,,,
,,,,,,,,,7.488157894736841e-07,9509,,,,,,,,,
62,,,,,,,,,,9509,0.01899520866572857,,,,,,,,
,,,,,,,,,7.481578947368421e-07,9514,,,,,,,,,
62,,,,,,,,,,9514,0.0380849726498127,,,,,,,,
,,,,,,,,,7.475e-07,9519,,,,,,,,,
62,,,,,,,,,,9519,0.03702285513281822,,,,,,,,
,,,,,,,,,7.468421052631578e-07,9524,,,,,,,,,
62,,,,,,,,,,9524,0.031187914311885834,,,,,,,,
,,,,,,,,,7.461842105263157e-07,9529,,,,,,,,,
62,,,,,,,,,,9529,0.025201067328453064,,,,,,,,
,,,,,,,,,7.455263157894736e-07,9534,,,,,,,,,
62,,,,,,,,,,9534,0.030528543516993523,,,,,,,,
,,,,,,,,,7.448684210526316e-07,9539,,,,,,,,,
62,,,,,,,,,,9539,0.040900010615587234,,,,,,,,
,,,,,,,,,7.442105263157894e-07,9544,,,,,,,,,
62,,,,,,,,,,9544,0.007971894927322865,,,,,,,,
,,,,,,,,,7.435526315789473e-07,9549,,,,,,,,,
62,,,,,,,,,,9549,0.02996608428657055,,,,,,,,
,,,,,,,,,7.428947368421052e-07,9554,,,,,,,,,
62,,,,,,,,,,9554,0.045091815292835236,,,,,,,,
,,,,,,,,,7.422368421052632e-07,9559,,,,,,,,,
62,,,,,,,,,,9559,0.021622629836201668,,,,,,,,
,,,,,,,,,7.41578947368421e-07,9564,,,,,,,,,
62,,,,,,,,,,9564,0.015041215345263481,,,,,,,,
,,,,,,,,,7.409210526315789e-07,9569,,,,,,,,,
62,,,,,,,,,,9569,0.023453332483768463,,,,,,,,
,,,,,,,,,7.402631578947368e-07,9574,,,,,,,,,
62,,,,,,,,,,9574,0.02825174480676651,,,,,,,,
62,,,,,,,,,,9575,,0.762499988079071,0.8118811845779419,0.06361189484596252,0.06361189484596252,0.5077512264251709,0.7454545497894287,0.8913043737411499,0.49111494421958923
,,,,,,,,,7.396052631578947e-07,9579,,,,,,,,,
63,,,,,,,,,,9579,0.013571999035775661,,,,,,,,
,,,,,,,,,7.389473684210527e-07,9584,,,,,,,,,
63,,,,,,,,,,9584,0.029227912425994873,,,,,,,,
,,,,,,,,,7.382894736842105e-07,9589,,,,,,,,,
63,,,,,,,,,,9589,0.03838038444519043,,,,,,,,
,,,,,,,,,7.376315789473684e-07,9594,,,,,,,,,
63,,,,,,,,,,9594,0.04176988825201988,,,,,,,,
,,,,,,,,,7.369736842105263e-07,9599,,,,,,,,,
63,,,,,,,,,,9599,0.032749392092227936,,,,,,,,
,,,,,,,,,7.363157894736843e-07,9604,,,,,,,,,
63,,,,,,,,,,9604,0.014839941635727882,,,,,,,,
,,,,,,,,,7.356578947368421e-07,9609,,,,,,,,,
63,,,,,,,,,,9609,0.013678118586540222,,,,,,,,
,,,,,,,,,7.35e-07,9614,,,,,,,,,
63,,,,,,,,,,9614,0.03312961012125015,,,,,,,,
,,,,,,,,,7.343421052631578e-07,9619,,,,,,,,,
63,,,,,,,,,,9619,0.04860513284802437,,,,,,,,
,,,,,,,,,7.336842105263157e-07,9624,,,,,,,,,
63,,,,,,,,,,9624,0.03307553008198738,,,,,,,,
,,,,,,,,,7.330263157894736e-07,9629,,,,,,,,,
63,,,,,,,,,,9629,0.02710443176329136,,,,,,,,
,,,,,,,,,7.323684210526315e-07,9634,,,,,,,,,
63,,,,,,,,,,9634,0.03618089109659195,,,,,,,,
,,,,,,,,,7.317105263157894e-07,9639,,,,,,,,,
63,,,,,,,,,,9639,0.012895587831735611,,,,,,,,
,,,,,,,,,7.310526315789473e-07,9644,,,,,,,,,
63,,,,,,,,,,9644,0.01831979863345623,,,,,,,,
,,,,,,,,,7.303947368421052e-07,9649,,,,,,,,,
63,,,,,,,,,,9649,0.036350809037685394,,,,,,,,
,,,,,,,,,7.297368421052631e-07,9654,,,,,,,,,
63,,,,,,,,,,9654,0.023013992235064507,,,,,,,,
,,,,,,,,,7.29078947368421e-07,9659,,,,,,,,,
63,,,,,,,,,,9659,0.02755124680697918,,,,,,,,
,,,,,,,,,7.284210526315789e-07,9664,,,,,,,,,
63,,,,,,,,,,9664,0.046650905162096024,,,,,,,,
,,,,,,,,,7.277631578947369e-07,9669,,,,,,,,,
63,,,,,,,,,,9669,0.029199885204434395,,,,,,,,
,,,,,,,,,7.271052631578947e-07,9674,,,,,,,,,
63,,,,,,,,,,9674,0.026518020778894424,,,,,,,,
,,,,,,,,,7.264473684210526e-07,9679,,,,,,,,,
63,,,,,,,,,,9679,0.01907850243151188,,,,,,,,
,,,,,,,,,7.257894736842105e-07,9684,,,,,,,,,
63,,,,,,,,,,9684,0.04039618372917175,,,,,,,,
,,,,,,,,,7.251315789473684e-07,9689,,,,,,,,,
63,,,,,,,,,,9689,0.019515443593263626,,,,,,,,
,,,,,,,,,7.244736842105263e-07,9694,,,,,,,,,
63,,,,,,,,,,9694,0.0319657027721405,,,,,,,,
,,,,,,,,,7.238157894736842e-07,9699,,,,,,,,,
63,,,,,,,,,,9699,0.04024054482579231,,,,,,,,
,,,,,,,,,7.231578947368421e-07,9704,,,,,,,,,
63,,,,,,,,,,9704,0.02852288819849491,,,,,,,,
,,,,,,,,,7.225e-07,9709,,,,,,,,,
63,,,,,,,,,,9709,0.013437135145068169,,,,,,,,
,,,,,,,,,7.218421052631579e-07,9714,,,,,,,,,
63,,,,,,,,,,9714,0.02295747399330139,,,,,,,,
,,,,,,,,,7.211842105263158e-07,9719,,,,,,,,,
63,,,,,,,,,,9719,0.024582287296652794,,,,,,,,
,,,,,,,,,7.205263157894737e-07,9724,,,,,,,,,
63,,,,,,,,,,9724,0.025272361934185028,,,,,,,,
63,,,,,,,,,,9727,,0.737500011920929,0.7878788113594055,0.06575582921504974,0.06575582921504974,0.4884309768676758,0.7358490824699402,0.8478260636329651,0.49011722207069397
,,,,,,,,,7.198684210526315e-07,9729,,,,,,,,,
64,,,,,,,,,,9729,0.016917847096920013,,,,,,,,
,,,,,,,,,7.192105263157894e-07,9734,,,,,,,,,
64,,,,,,,,,,9734,0.023544950410723686,,,,,,,,
,,,,,,,,,7.185526315789473e-07,9739,,,,,,,,,
64,,,,,,,,,,9739,0.057765621691942215,,,,,,,,
,,,,,,,,,7.178947368421052e-07,9744,,,,,,,,,
64,,,,,,,,,,9744,0.029446551576256752,,,,,,,,
,,,,,,,,,7.172368421052631e-07,9749,,,,,,,,,
64,,,,,,,,,,9749,0.09358177334070206,,,,,,,,
,,,,,,,,,7.16578947368421e-07,9754,,,,,,,,,
64,,,,,,,,,,9754,0.027024244889616966,,,,,,,,
,,,,,,,,,7.159210526315789e-07,9759,,,,,,,,,
64,,,,,,,,,,9759,0.07676899433135986,,,,,,,,
,,,,,,,,,7.152631578947368e-07,9764,,,,,,,,,
64,,,,,,,,,,9764,0.014728795737028122,,,,,,,,
,,,,,,,,,7.146052631578947e-07,9769,,,,,,,,,
64,,,,,,,,,,9769,0.03290904685854912,,,,,,,,
,,,,,,,,,7.139473684210526e-07,9774,,,,,,,,,
64,,,,,,,,,,9774,0.03640706092119217,,,,,,,,
,,,,,,,,,7.132894736842104e-07,9779,,,,,,,,,
64,,,,,,,,,,9779,0.018777234479784966,,,,,,,,
,,,,,,,,,7.126315789473684e-07,9784,,,,,,,,,
64,,,,,,,,,,9784,0.045062024146318436,,,,,,,,
,,,,,,,,,7.119736842105263e-07,9789,,,,,,,,,
64,,,,,,,,,,9789,0.03106904961168766,,,,,,,,
,,,,,,,,,7.113157894736842e-07,9794,,,,,,,,,
64,,,,,,,,,,9794,0.1333741843700409,,,,,,,,
,,,,,,,,,7.106578947368421e-07,9799,,,,,,,,,
64,,,,,,,,,,9799,0.038197074085474014,,,,,,,,
,,,,,,,,,7.1e-07,9804,,,,,,,,,
64,,,,,,,,,,9804,0.018176166340708733,,,,,,,,
,,,,,,,,,7.093421052631579e-07,9809,,,,,,,,,
64,,,,,,,,,,9809,0.04294009506702423,,,,,,,,
,,,,,,,,,7.086842105263158e-07,9814,,,,,,,,,
64,,,,,,,,,,9814,0.02615792118012905,,,,,,,,
,,,,,,,,,7.080263157894737e-07,9819,,,,,,,,,
64,,,,,,,,,,9819,0.03302544727921486,,,,,,,,
,,,,,,,,,7.073684210526315e-07,9824,,,,,,,,,
64,,,,,,,,,,9824,0.04347424954175949,,,,,,,,
,,,,,,,,,7.067105263157895e-07,9829,,,,,,,,,
64,,,,,,,,,,9829,0.03052629716694355,,,,,,,,
,,,,,,,,,7.060526315789474e-07,9834,,,,,,,,,
64,,,,,,,,,,9834,0.016259757801890373,,,,,,,,
,,,,,,,,,7.053947368421052e-07,9839,,,,,,,,,
64,,,,,,,,,,9839,0.02766128070652485,,,,,,,,
,,,,,,,,,7.04736842105263e-07,9844,,,,,,,,,
64,,,,,,,,,,9844,0.019830724224448204,,,,,,,,
,,,,,,,,,7.04078947368421e-07,9849,,,,,,,,,
64,,,,,,,,,,9849,0.055031854659318924,,,,,,,,
,,,,,,,,,7.034210526315789e-07,9854,,,,,,,,,
64,,,,,,,,,,9854,0.017011286690831184,,,,,,,,
,,,,,,,,,7.027631578947368e-07,9859,,,,,,,,,
64,,,,,,,,,,9859,0.03704899922013283,,,,,,,,
,,,,,,,,,7.021052631578947e-07,9864,,,,,,,,,
64,,,,,,,,,,9864,0.029244428500533104,,,,,,,,
,,,,,,,,,7.014473684210525e-07,9869,,,,,,,,,
64,,,,,,,,,,9869,0.023591769859194756,,,,,,,,
,,,,,,,,,7.007894736842105e-07,9874,,,,,,,,,
64,,,,,,,,,,9874,0.010491174645721912,,,,,,,,
,,,,,,,,,7.001315789473684e-07,9879,,,,,,,,,
64,,,,,,,,,,9879,0.02638031356036663,,,,,,,,
64,,,,,,,,,,9879,,0.75,0.795918345451355,0.06453234702348709,0.06453234702348709,0.5065966844558716,0.75,0.8478260636329651,0.4949532747268677
,,,,,,,,,6.994736842105263e-07,9884,,,,,,,,,
65,,,,,,,,,,9884,0.015020216815173626,,,,,,,,
,,,,,,,,,6.988157894736841e-07,9889,,,,,,,,,
65,,,,,,,,,,9889,0.030653586611151695,,,,,,,,
,,,,,,,,,6.981578947368421e-07,9894,,,,,,,,,
65,,,,,,,,,,9894,0.017866794019937515,,,,,,,,
,,,,,,,,,6.975e-07,9899,,,,,,,,,
65,,,,,,,,,,9899,0.07689334452152252,,,,,,,,
,,,,,,,,,6.968421052631579e-07,9904,,,,,,,,,
65,,,,,,,,,,9904,0.06840508431196213,,,,,,,,
,,,,,,,,,6.961842105263157e-07,9909,,,,,,,,,
65,,,,,,,,,,9909,0.061369266360998154,,,,,,,,
,,,,,,,,,6.955263157894737e-07,9914,,,,,,,,,
65,,,,,,,,,,9914,0.018054787069559097,,,,,,,,
,,,,,,,,,6.948684210526316e-07,9919,,,,,,,,,
65,,,,,,,,,,9919,0.08668486028909683,,,,,,,,
,,,,,,,,,6.942105263157895e-07,9924,,,,,,,,,
65,,,,,,,,,,9924,0.02746669389307499,,,,,,,,
,,,,,,,,,6.935526315789474e-07,9929,,,,,,,,,
65,,,,,,,,,,9929,0.02067049778997898,,,,,,,,
,,,,,,,,,6.928947368421052e-07,9934,,,,,,,,,
65,,,,,,,,,,9934,0.010931426659226418,,,,,,,,
,,,,,,,,,6.922368421052632e-07,9939,,,,,,,,,
65,,,,,,,,,,9939,0.047283850610256195,,,,,,,,
,,,,,,,,,6.91578947368421e-07,9944,,,,,,,,,
65,,,,,,,,,,9944,0.04012364521622658,,,,,,,,
,,,,,,,,,6.909210526315789e-07,9949,,,,,,,,,
65,,,,,,,,,,9949,0.03613879159092903,,,,,,,,
,,,,,,,,,6.902631578947367e-07,9954,,,,,,,,,
65,,,,,,,,,,9954,0.020723355934023857,,,,,,,,
,,,,,,,,,6.896052631578947e-07,9959,,,,,,,,,
65,,,,,,,,,,9959,0.027540095150470734,,,,,,,,
,,,,,,,,,6.889473684210526e-07,9964,,,,,,,,,
65,,,,,,,,,,9964,0.022725533694028854,,,,,,,,
,,,,,,,,,6.882894736842105e-07,9969,,,,,,,,,
65,,,,,,,,,,9969,0.005455512087792158,,,,,,,,
,,,,,,,,,6.876315789473683e-07,9974,,,,,,,,,
65,,,,,,,,,,9974,0.026534685865044594,,,,,,,,
,,,,,,,,,6.869736842105262e-07,9979,,,,,,,,,
65,,,,,,,,,,9979,0.046951740980148315,,,,,,,,
,,,,,,,,,6.863157894736842e-07,9984,,,,,,,,,
65,,,,,,,,,,9984,0.0696464329957962,,,,,,,,
,,,,,,,,,6.856578947368421e-07,9989,,,,,,,,,
65,,,,,,,,,,9989,0.030430525541305542,,,,,,,,
,,,,,,,,,6.85e-07,9994,,,,,,,,,
65,,,,,,,,,,9994,0.02786303497850895,,,,,,,,
,,,,,,,,,6.843421052631578e-07,9999,,,,,,,,,
65,,,,,,,,,,9999,0.015557666309177876,,,,,,,,
,,,,,,,,,6.836842105263158e-07,10004,,,,,,,,,
65,,,,,,,,,,10004,0.060519590973854065,,,,,,,,
,,,,,,,,,6.830263157894737e-07,10009,,,,,,,,,
65,,,,,,,,,,10009,0.016638856381177902,,,,,,,,
,,,,,,,,,6.823684210526316e-07,10014,,,,,,,,,
65,,,,,,,,,,10014,0.020993221551179886,,,,,,,,
,,,,,,,,,6.817105263157894e-07,10019,,,,,,,,,
65,,,,,,,,,,10019,0.08680271357297897,,,,,,,,
,,,,,,,,,6.810526315789473e-07,10024,,,,,,,,,
65,,,,,,,,,,10024,0.053860314190387726,,,,,,,,
,,,,,,,,,6.803947368421053e-07,10029,,,,,,,,,
65,,,,,,,,,,10029,0.038810599595308304,,,,,,,,
65,,,,,,,,,,10031,,0.737500011920929,0.7789473533630371,0.06525085866451263,0.06525085866451263,0.4954143166542053,0.7551020383834839,0.804347813129425,0.4840017557144165
,,,,,,,,,6.797368421052632e-07,10034,,,,,,,,,
66,,,,,,,,,,10034,0.03999624028801918,,,,,,,,
,,,,,,,,,6.79078947368421e-07,10039,,,,,,,,,
66,,,,,,,,,,10039,0.021748432889580727,,,,,,,,
,,,,,,,,,6.784210526315789e-07,10044,,,,,,,,,
66,,,,,,,,,,10044,0.026664121076464653,,,,,,,,
,,,,,,,,,6.777631578947369e-07,10049,,,,,,,,,
66,,,,,,,,,,10049,0.036688417196273804,,,,,,,,
,,,,,,,,,6.771052631578948e-07,10054,,,,,,,,,
66,,,,,,,,,,10054,0.03086962178349495,,,,,,,,
,,,,,,,,,6.764473684210526e-07,10059,,,,,,,,,
66,,,,,,,,,,10059,0.0683908611536026,,,,,,,,
,,,,,,,,,6.757894736842104e-07,10064,,,,,,,,,
66,,,,,,,,,,10064,0.016154149547219276,,,,,,,,
,,,,,,,,,6.751315789473684e-07,10069,,,,,,,,,
66,,,,,,,,,,10069,0.022385891526937485,,,,,,,,
,,,,,,,,,6.744736842105263e-07,10074,,,,,,,,,
66,,,,,,,,,,10074,0.07435119897127151,,,,,,,,
,,,,,,,,,6.738157894736842e-07,10079,,,,,,,,,
66,,,,,,,,,,10079,0.030361579731106758,,,,,,,,
,,,,,,,,,6.73157894736842e-07,10084,,,,,,,,,
66,,,,,,,,,,10084,0.011463884264230728,,,,,,,,
,,,,,,,,,6.724999999999999e-07,10089,,,,,,,,,
66,,,,,,,,,,10089,0.02403014525771141,,,,,,,,
,,,,,,,,,6.718421052631579e-07,10094,,,,,,,,,
66,,,,,,,,,,10094,0.08290895819664001,,,,,,,,
,,,,,,,,,6.711842105263158e-07,10099,,,,,,,,,
66,,,,,,,,,,10099,0.028158117085695267,,,,,,,,
,,,,,,,,,6.705263157894736e-07,10104,,,,,,,,,
66,,,,,,,,,,10104,0.026665179058909416,,,,,,,,
,,,,,,,,,6.698684210526315e-07,10109,,,,,,,,,
66,,,,,,,,,,10109,0.029112111777067184,,,,,,,,
,,,,,,,,,6.692105263157895e-07,10114,,,,,,,,,
66,,,,,,,,,,10114,0.01732625998556614,,,,,,,,
,,,,,,,,,6.685526315789474e-07,10119,,,,,,,,,
66,,,,,,,,,,10119,0.008630553260445595,,,,,,,,
,,,,,,,,,6.678947368421052e-07,10124,,,,,,,,,
66,,,,,,,,,,10124,0.01090972125530243,,,,,,,,
,,,,,,,,,6.672368421052631e-07,10129,,,,,,,,,
66,,,,,,,,,,10129,0.00956543255597353,,,,,,,,
,,,,,,,,,6.66578947368421e-07,10134,,,,,,,,,
66,,,,,,,,,,10134,0.03030688874423504,,,,,,,,
,,,,,,,,,6.65921052631579e-07,10139,,,,,,,,,
66,,,,,,,,,,10139,0.03278942406177521,,,,,,,,
,,,,,,,,,6.652631578947369e-07,10144,,,,,,,,,
66,,,,,,,,,,10144,0.029768863692879677,,,,,,,,
,,,,,,,,,6.646052631578947e-07,10149,,,,,,,,,
66,,,,,,,,,,10149,0.029731424525380135,,,,,,,,
,,,,,,,,,6.639473684210526e-07,10154,,,,,,,,,
66,,,,,,,,,,10154,0.02722255513072014,,,,,,,,
,,,,,,,,,6.632894736842106e-07,10159,,,,,,,,,
66,,,,,,,,,,10159,0.01553147379308939,,,,,,,,
,,,,,,,,,6.626315789473685e-07,10164,,,,,,,,,
66,,,,,,,,,,10164,0.011417779140174389,,,,,,,,
,,,,,,,,,6.619736842105262e-07,10169,,,,,,,,,
66,,,,,,,,,,10169,0.06535034626722336,,,,,,,,
,,,,,,,,,6.613157894736841e-07,10174,,,,,,,,,
66,,,,,,,,,,10174,0.034475695341825485,,,,,,,,
,,,,,,,,,6.60657894736842e-07,10179,,,,,,,,,
66,,,,,,,,,,10179,0.00838400423526764,,,,,,,,
66,,,,,,,,,,10183,,0.762499988079071,0.8041236996650696,0.06494824588298798,0.06494824588298798,0.5036105513572693,0.7647058963775635,0.8478260636329651,0.5037919282913208
,,,,,,,,,6.6e-07,10184,,,,,,,,,
67,,,,,,,,,,10184,0.021515022963285446,,,,,,,,
,,,,,,,,,6.593421052631578e-07,10189,,,,,,,,,
67,,,,,,,,,,10189,0.03792868182063103,,,,,,,,
,,,,,,,,,6.586842105263157e-07,10194,,,,,,,,,
67,,,,,,,,,,10194,0.030729806050658226,,,,,,,,
,,,,,,,,,6.580263157894736e-07,10199,,,,,,,,,
67,,,,,,,,,,10199,0.03764098882675171,,,,,,,,
,,,,,,,,,6.573684210526316e-07,10204,,,,,,,,,
67,,,,,,,,,,10204,0.030073413625359535,,,,,,,,
,,,,,,,,,6.567105263157895e-07,10209,,,,,,,,,
67,,,,,,,,,,10209,0.017235737293958664,,,,,,,,
,,,,,,,,,6.560526315789473e-07,10214,,,,,,,,,
67,,,,,,,,,,10214,0.0172810610383749,,,,,,,,
,,,,,,,,,6.553947368421052e-07,10219,,,,,,,,,
67,,,,,,,,,,10219,0.03137307986617088,,,,,,,,
,,,,,,,,,6.547368421052631e-07,10224,,,,,,,,,
67,,,,,,,,,,10224,0.02039099484682083,,,,,,,,
,,,,,,,,,6.540789473684211e-07,10229,,,,,,,,,
67,,,,,,,,,,10229,0.029539888724684715,,,,,,,,
,,,,,,,,,6.534210526315789e-07,10234,,,,,,,,,
67,,,,,,,,,,10234,0.05069803074002266,,,,,,,,
,,,,,,,,,6.527631578947368e-07,10239,,,,,,,,,
67,,,,,,,,,,10239,0.03633144870400429,,,,,,,,
,,,,,,,,,6.521052631578947e-07,10244,,,,,,,,,
67,,,,,,,,,,10244,0.018292974680662155,,,,,,,,
,,,,,,,,,6.514473684210527e-07,10249,,,,,,,,,
67,,,,,,,,,,10249,0.01579173654317856,,,,,,,,
,,,,,,,,,6.507894736842105e-07,10254,,,,,,,,,
67,,,,,,,,,,10254,0.011695641092956066,,,,,,,,
,,,,,,,,,6.501315789473684e-07,10259,,,,,,,,,
67,,,,,,,,,,10259,0.013265415094792843,,,,,,,,
,,,,,,,,,6.494736842105263e-07,10264,,,,,,,,,
67,,,,,,,,,,10264,0.019999418407678604,,,,,,,,
,,,,,,,,,6.488157894736843e-07,10269,,,,,,,,,
67,,,,,,,,,,10269,0.030591776594519615,,,,,,,,
,,,,,,,,,6.481578947368422e-07,10274,,,,,,,,,
67,,,,,,,,,,10274,0.021414851769804955,,,,,,,,
,,,,,,,,,6.474999999999999e-07,10279,,,,,,,,,
67,,,,,,,,,,10279,0.016929322853684425,,,,,,,,
,,,,,,,,,6.468421052631578e-07,10284,,,,,,,,,
67,,,,,,,,,,10284,0.032238684594631195,,,,,,,,
,,,,,,,,,6.461842105263157e-07,10289,,,,,,,,,
67,,,,,,,,,,10289,0.0186134222894907,,,,,,,,
,,,,,,,,,6.455263157894737e-07,10294,,,,,,,,,
67,,,,,,,,,,10294,0.027613861486315727,,,,,,,,
,,,,,,,,,6.448684210526315e-07,10299,,,,,,,,,
67,,,,,,,,,,10299,0.022371765226125717,,,,,,,,
,,,,,,,,,6.442105263157894e-07,10304,,,,,,,,,
67,,,,,,,,,,10304,0.02263626828789711,,,,,,,,
,,,,,,,,,6.435526315789473e-07,10309,,,,,,,,,
67,,,,,,,,,,10309,0.05631425976753235,,,,,,,,
,,,,,,,,,6.428947368421053e-07,10314,,,,,,,,,
67,,,,,,,,,,10314,0.039687011390924454,,,,,,,,
,,,,,,,,,6.422368421052631e-07,10319,,,,,,,,,
67,,,,,,,,,,10319,0.04574909806251526,,,,,,,,
,,,,,,,,,6.41578947368421e-07,10324,,,,,,,,,
67,,,,,,,,,,10324,0.011250675655901432,,,,,,,,
,,,,,,,,,6.409210526315789e-07,10329,,,,,,,,,
67,,,,,,,,,,10329,0.0798097625374794,,,,,,,,
,,,,,,,,,6.402631578947368e-07,10334,,,,,,,,,
67,,,,,,,,,,10334,0.030429814010858536,,,,,,,,
67,,,,,,,,,,10335,,0.75,0.7916666865348816,0.06346718966960907,0.06346718966960907,0.5063095688819885,0.7599999904632568,0.8260869383811951,0.5097782611846924
,,,,,,,,,6.396052631578948e-07,10339,,,,,,,,,
68,,,,,,,,,,10339,0.019874829798936844,,,,,,,,
,,,,,,,,,6.389473684210526e-07,10344,,,,,,,,,
68,,,,,,,,,,10344,0.030413195490837097,,,,,,,,
,,,,,,,,,6.382894736842105e-07,10349,,,,,,,,,
68,,,,,,,,,,10349,0.021176276728510857,,,,,,,,
,,,,,,,,,6.376315789473684e-07,10354,,,,,,,,,
68,,,,,,,,,,10354,0.02381812408566475,,,,,,,,
,,,,,,,,,6.369736842105264e-07,10359,,,,,,,,,
68,,,,,,,,,,10359,0.03228551149368286,,,,,,,,
,,,,,,,,,6.363157894736842e-07,10364,,,,,,,,,
68,,,,,,,,,,10364,0.03309261426329613,,,,,,,,
,,,,,,,,,6.356578947368421e-07,10369,,,,,,,,,
68,,,,,,,,,,10369,0.012926673516631126,,,,,,,,
,,,,,,,,,6.35e-07,10374,,,,,,,,,
68,,,,,,,,,,10374,0.02079249732196331,,,,,,,,
,,,,,,,,,6.343421052631579e-07,10379,,,,,,,,,
68,,,,,,,,,,10379,0.004619188606739044,,,,,,,,
,,,,,,,,,6.336842105263157e-07,10384,,,,,,,,,
68,,,,,,,,,,10384,0.02902316302061081,,,,,,,,
,,,,,,,,,6.330263157894736e-07,10389,,,,,,,,,
68,,,,,,,,,,10389,0.03385259211063385,,,,,,,,
,,,,,,,,,6.323684210526315e-07,10394,,,,,,,,,
68,,,,,,,,,,10394,0.015441491268575191,,,,,,,,
,,,,,,,,,6.317105263157894e-07,10399,,,,,,,,,
68,,,,,,,,,,10399,0.01486348919570446,,,,,,,,
,,,,,,,,,6.310526315789474e-07,10404,,,,,,,,,
68,,,,,,,,,,10404,0.028291447088122368,,,,,,,,
,,,,,,,,,6.303947368421052e-07,10409,,,,,,,,,
68,,,,,,,,,,10409,0.01148156262934208,,,,,,,,
,,,,,,,,,6.297368421052631e-07,10414,,,,,,,,,
68,,,,,,,,,,10414,0.04020954668521881,,,,,,,,
,,,,,,,,,6.29078947368421e-07,10419,,,,,,,,,
68,,,,,,,,,,10419,0.04323462396860123,,,,,,,,
,,,,,,,,,6.284210526315789e-07,10424,,,,,,,,,
68,,,,,,,,,,10424,0.028191594406962395,,,,,,,,
,,,,,,,,,6.277631578947368e-07,10429,,,,,,,,,
68,,,,,,,,,,10429,0.057149771600961685,,,,,,,,
,,,,,,,,,6.271052631578947e-07,10434,,,,,,,,,
68,,,,,,,,,,10434,0.03104802407324314,,,,,,,,
,,,,,,,,,6.264473684210526e-07,10439,,,,,,,,,
68,,,,,,,,,,10439,0.031017055734992027,,,,,,,,
,,,,,,,,,6.257894736842105e-07,10444,,,,,,,,,
68,,,,,,,,,,10444,0.04877745732665062,,,,,,,,
,,,,,,,,,6.251315789473684e-07,10449,,,,,,,,,
68,,,,,,,,,,10449,0.012064437381923199,,,,,,,,
,,,,,,,,,6.244736842105263e-07,10454,,,,,,,,,
68,,,,,,,,,,10454,0.09111552685499191,,,,,,,,
,,,,,,,,,6.238157894736842e-07,10459,,,,,,,,,
68,,,,,,,,,,10459,0.01955956220626831,,,,,,,,
,,,,,,,,,6.231578947368421e-07,10464,,,,,,,,,
68,,,,,,,,,,10464,0.031954575330019,,,,,,,,
,,,,,,,,,6.225000000000001e-07,10469,,,,,,,,,
68,,,,,,,,,,10469,0.008007933385670185,,,,,,,,
,,,,,,,,,6.218421052631579e-07,10474,,,,,,,,,
68,,,,,,,,,,10474,0.02101798541843891,,,,,,,,
,,,,,,,,,6.211842105263158e-07,10479,,,,,,,,,
68,,,,,,,,,,10479,0.016971295699477196,,,,,,,,
,,,,,,,,,6.205263157894737e-07,10484,,,,,,,,,
68,,,,,,,,,,10484,0.006245170254260302,,,,,,,,
68,,,,,,,,,,10487,,0.762499988079071,0.808080792427063,0.06414119899272919,0.06414119899272919,0.5235868692398071,0.7547169923782349,0.8695651888847351,0.5240163803100586
,,,,,,,,,6.198684210526316e-07,10489,,,,,,,,,
69,,,,,,,,,,10489,0.01767583377659321,,,,,,,,
,,,,,,,,,6.192105263157894e-07,10494,,,,,,,,,
69,,,,,,,,,,10494,0.013739150017499924,,,,,,,,
,,,,,,,,,6.185526315789473e-07,10499,,,,,,,,,
69,,,,,,,,,,10499,0.034222736954689026,,,,,,,,
,,,,,,,,,6.178947368421052e-07,10504,,,,,,,,,
69,,,,,,,,,,10504,0.01450954470783472,,,,,,,,
,,,,,,,,,6.172368421052631e-07,10509,,,,,,,,,
69,,,,,,,,,,10509,0.03980370610952377,,,,,,,,
,,,,,,,,,6.16578947368421e-07,10514,,,,,,,,,
69,,,,,,,,,,10514,0.056388940662145615,,,,,,,,
,,,,,,,,,6.159210526315789e-07,10519,,,,,,,,,
69,,,,,,,,,,10519,0.04212212935090065,,,,,,,,
,,,,,,,,,6.152631578947368e-07,10524,,,,,,,,,
69,,,,,,,,,,10524,0.03266473114490509,,,,,,,,
,,,,,,,,,6.146052631578947e-07,10529,,,,,,,,,
69,,,,,,,,,,10529,0.011223124340176582,,,,,,,,
,,,,,,,,,6.139473684210526e-07,10534,,,,,,,,,
69,,,,,,,,,,10534,0.031164254993200302,,,,,,,,
,,,,,,,,,6.132894736842105e-07,10539,,,,,,,,,
69,,,,,,,,,,10539,0.025290129706263542,,,,,,,,
,,,,,,,,,6.126315789473684e-07,10544,,,,,,,,,
69,,,,,,,,,,10544,0.02159610018134117,,,,,,,,
,,,,,,,,,6.119736842105263e-07,10549,,,,,,,,,
69,,,,,,,,,,10549,0.029605086892843246,,,,,,,,
,,,,,,,,,6.113157894736842e-07,10554,,,,,,,,,
69,,,,,,,,,,10554,0.019828852266073227,,,,,,,,
,,,,,,,,,6.106578947368421e-07,10559,,,,,,,,,
69,,,,,,,,,,10559,0.017139079049229622,,,,,,,,
,,,,,,,,,6.1e-07,10564,,,,,,,,,
69,,,,,,,,,,10564,0.03182275593280792,,,,,,,,
,,,,,,,,,6.093421052631579e-07,10569,,,,,,,,,
69,,,,,,,,,,10569,0.014444975182414055,,,,,,,,
,,,,,,,,,6.086842105263158e-07,10574,,,,,,,,,
69,,,,,,,,,,10574,0.030086901038885117,,,,,,,,
,,,,,,,,,6.080263157894736e-07,10579,,,,,,,,,
69,,,,,,,,,,10579,0.015589668415486813,,,,,,,,
,,,,,,,,,6.073684210526316e-07,10584,,,,,,,,,
69,,,,,,,,,,10584,0.04946368560194969,,,,,,,,
,,,,,,,,,6.067105263157895e-07,10589,,,,,,,,,
69,,,,,,,,,,10589,0.03711381554603577,,,,,,,,
,,,,,,,,,6.060526315789474e-07,10594,,,,,,,,,
69,,,,,,,,,,10594,0.0646437481045723,,,,,,,,
,,,,,,,,,6.053947368421051e-07,10599,,,,,,,,,
69,,,,,,,,,,10599,0.01824292168021202,,,,,,,,
,,,,,,,,,6.047368421052631e-07,10604,,,,,,,,,
69,,,,,,,,,,10604,0.01687825284898281,,,,,,,,
,,,,,,,,,6.04078947368421e-07,10609,,,,,,,,,
69,,,,,,,,,,10609,0.03159302473068237,,,,,,,,
,,,,,,,,,6.034210526315789e-07,10614,,,,,,,,,
69,,,,,,,,,,10614,0.018431950360536575,,,,,,,,
,,,,,,,,,6.027631578947368e-07,10619,,,,,,,,,
69,,,,,,,,,,10619,0.07971426099538803,,,,,,,,
,,,,,,,,,6.021052631578946e-07,10624,,,,,,,,,
69,,,,,,,,,,10624,0.019858360290527344,,,,,,,,
,,,,,,,,,6.014473684210526e-07,10629,,,,,,,,,
69,,,,,,,,,,10629,0.039569396525621414,,,,,,,,
,,,,,,,,,6.007894736842105e-07,10634,,,,,,,,,
69,,,,,,,,,,10634,0.03904139623045921,,,,,,,,
,,,,,,,,,6.001315789473684e-07,10639,,,,,,,,,
69,,,,,,,,,,10639,0.04089701175689697,,,,,,,,
69,,,,,,,,,,10639,,0.7250000238418579,0.7659574747085571,0.0636674165725708,0.0636674165725708,0.49502477049827576,0.75,0.782608687877655,0.5073132514953613
,,,,,,,,,5.994736842105262e-07,10644,,,,,,,,,
70,,,,,,,,,,10644,0.05861980468034744,,,,,,,,
,,,,,,,,,5.988157894736842e-07,10649,,,,,,,,,
70,,,,,,,,,,10649,0.03001456893980503,,,,,,,,
,,,,,,,,,5.981578947368421e-07,10654,,,,,,,,,
70,,,,,,,,,,10654,0.015349998138844967,,,,,,,,
,,,,,,,,,5.975e-07,10659,,,,,,,,,
70,,,,,,,,,,10659,0.06061967462301254,,,,,,,,
,,,,,,,,,5.968421052631578e-07,10664,,,,,,,,,
70,,,,,,,,,,10664,0.022837935015559196,,,,,,,,
,,,,,,,,,5.961842105263157e-07,10669,,,,,,,,,
70,,,,,,,,,,10669,0.022960444912314415,,,,,,,,
,,,,,,,,,5.955263157894737e-07,10674,,,,,,,,,
70,,,,,,,,,,10674,0.019141249358654022,,,,,,,,
,,,,,,,,,5.948684210526316e-07,10679,,,,,,,,,
70,,,,,,,,,,10679,0.014925522729754448,,,,,,,,
,,,,,,,,,5.942105263157895e-07,10684,,,,,,,,,
70,,,,,,,,,,10684,0.022136010229587555,,,,,,,,
,,,,,,,,,5.935526315789473e-07,10689,,,,,,,,,
70,,,,,,,,,,10689,0.07117703557014465,,,,,,,,
,,,,,,,,,5.928947368421053e-07,10694,,,,,,,,,
70,,,,,,,,,,10694,0.025727255269885063,,,,,,,,
,,,,,,,,,5.922368421052632e-07,10699,,,,,,,,,
70,,,,,,,,,,10699,0.044629599899053574,,,,,,,,
,,,,,,,,,5.915789473684211e-07,10704,,,,,,,,,
70,,,,,,,,,,10704,0.04301886633038521,,,,,,,,
,,,,,,,,,5.909210526315788e-07,10709,,,,,,,,,
70,,,,,,,,,,10709,0.023878365755081177,,,,,,,,
,,,,,,,,,5.902631578947368e-07,10714,,,,,,,,,
70,,,,,,,,,,10714,0.02967935800552368,,,,,,,,
,,,,,,,,,5.896052631578947e-07,10719,,,,,,,,,
70,,,,,,,,,,10719,0.030183095484972,,,,,,,,
,,,,,,,,,5.889473684210526e-07,10724,,,,,,,,,
70,,,,,,,,,,10724,0.01136983186006546,,,,,,,,
,,,,,,,,,5.882894736842104e-07,10729,,,,,,,,,
70,,,,,,,,,,10729,0.04576633870601654,,,,,,,,
,,,,,,,,,5.876315789473683e-07,10734,,,,,,,,,
70,,,,,,,,,,10734,0.018749434500932693,,,,,,,,
,,,,,,,,,5.869736842105263e-07,10739,,,,,,,,,
70,,,,,,,,,,10739,0.04365012049674988,,,,,,,,
,,,,,,,,,5.863157894736842e-07,10744,,,,,,,,,
70,,,,,,,,,,10744,0.029073290526866913,,,,,,,,
,,,,,,,,,5.856578947368421e-07,10749,,,,,,,,,
70,,,,,,,,,,10749,0.04426879063248634,,,,,,,,
,,,,,,,,,5.849999999999999e-07,10754,,,,,,,,,
70,,,,,,,,,,10754,0.023392774164676666,,,,,,,,
,,,,,,,,,5.843421052631579e-07,10759,,,,,,,,,
70,,,,,,,,,,10759,0.015363248065114021,,,,,,,,
,,,,,,,,,5.836842105263158e-07,10764,,,,,,,,,
70,,,,,,,,,,10764,0.02373998984694481,,,,,,,,
,,,,,,,,,5.830263157894737e-07,10769,,,,,,,,,
70,,,,,,,,,,10769,0.03426298499107361,,,,,,,,
,,,,,,,,,5.823684210526315e-07,10774,,,,,,,,,
70,,,,,,,,,,10774,0.004237805493175983,,,,,,,,
,,,,,,,,,5.817105263157894e-07,10779,,,,,,,,,
70,,,,,,,,,,10779,0.013742150738835335,,,,,,,,
,,,,,,,,,5.810526315789474e-07,10784,,,,,,,,,
70,,,,,,,,,,10784,0.015432332642376423,,,,,,,,
,,,,,,,,,5.803947368421053e-07,10789,,,,,,,,,
70,,,,,,,,,,10789,0.033964283764362335,,,,,,,,
70,,,,,,,,,,10791,,0.7124999761581421,0.75789475440979,0.06381597369909286,0.06381597369909286,0.5111780762672424,0.7346938848495483,0.782608687877655,0.5209058523178101
,,,,,,,,,5.797368421052631e-07,10794,,,,,,,,,
71,,,,,,,,,,10794,0.025833474472165108,,,,,,,,
,,,,,,,,,5.79078947368421e-07,10799,,,,,,,,,
71,,,,,,,,,,10799,0.028854480013251305,,,,,,,,
,,,,,,,,,5.78421052631579e-07,10804,,,,,,,,,
71,,,,,,,,,,10804,0.007959643378853798,,,,,,,,
,,,,,,,,,5.777631578947369e-07,10809,,,,,,,,,
71,,,,,,,,,,10809,0.014336377382278442,,,,,,,,
,,,,,,,,,5.771052631578948e-07,10814,,,,,,,,,
71,,,,,,,,,,10814,0.09877876937389374,,,,,,,,
,,,,,,,,,5.764473684210525e-07,10819,,,,,,,,,
71,,,,,,,,,,10819,0.013404078781604767,,,,,,,,
,,,,,,,,,5.757894736842104e-07,10824,,,,,,,,,
71,,,,,,,,,,10824,0.030767427757382393,,,,,,,,
,,,,,,,,,5.751315789473684e-07,10829,,,,,,,,,
71,,,,,,,,,,10829,0.037179380655288696,,,,,,,,
,,,,,,,,,5.744736842105263e-07,10834,,,,,,,,,
71,,,,,,,,,,10834,0.04769347608089447,,,,,,,,
,,,,,,,,,5.738157894736841e-07,10839,,,,,,,,,
71,,,,,,,,,,10839,0.015337730757892132,,,,,,,,
,,,,,,,,,5.73157894736842e-07,10844,,,,,,,,,
71,,,,,,,,,,10844,0.031472381204366684,,,,,,,,
,,,,,,,,,5.725e-07,10849,,,,,,,,,
71,,,,,,,,,,10849,0.015609364956617355,,,,,,,,
,,,,,,,,,5.718421052631579e-07,10854,,,,,,,,,
71,,,,,,,,,,10854,0.02163744904100895,,,,,,,,
,,,,,,,,,5.711842105263157e-07,10859,,,,,,,,,
71,,,,,,,,,,10859,0.051347095519304276,,,,,,,,
,,,,,,,,,5.705263157894736e-07,10864,,,,,,,,,
71,,,,,,,,,,10864,0.012095604091882706,,,,,,,,
,,,,,,,,,5.698684210526316e-07,10869,,,,,,,,,
71,,,,,,,,,,10869,0.014451066963374615,,,,,,,,
,,,,,,,,,5.692105263157895e-07,10874,,,,,,,,,
71,,,,,,,,,,10874,0.022238722071051598,,,,,,,,
,,,,,,,,,5.685526315789474e-07,10879,,,,,,,,,
71,,,,,,,,,,10879,0.014841632917523384,,,,,,,,
,,,,,,,,,5.678947368421052e-07,10884,,,,,,,,,
71,,,,,,,,,,10884,0.030016133561730385,,,,,,,,
,,,,,,,,,5.672368421052631e-07,10889,,,,,,,,,
71,,,,,,,,,,10889,0.004602549131959677,,,,,,,,
,,,,,,,,,5.665789473684211e-07,10894,,,,,,,,,
71,,,,,,,,,,10894,0.035524483770132065,,,,,,,,
,,,,,,,,,5.65921052631579e-07,10899,,,,,,,,,
71,,,,,,,,,,10899,0.040652915835380554,,,,,,,,
,,,,,,,,,5.652631578947368e-07,10904,,,,,,,,,
71,,,,,,,,,,10904,0.01673775725066662,,,,,,,,
,,,,,,,,,5.646052631578947e-07,10909,,,,,,,,,
71,,,,,,,,,,10909,0.010156132280826569,,,,,,,,
,,,,,,,,,5.639473684210527e-07,10914,,,,,,,,,
71,,,,,,,,,,10914,0.03493959456682205,,,,,,,,
,,,,,,,,,5.632894736842106e-07,10919,,,,,,,,,
71,,,,,,,,,,10919,0.02512918785214424,,,,,,,,
,,,,,,,,,5.626315789473684e-07,10924,,,,,,,,,
71,,,,,,,,,,10924,0.022618211805820465,,,,,,,,
,,,,,,,,,5.619736842105262e-07,10929,,,,,,,,,
71,,,,,,,,,,10929,0.035053301602602005,,,,,,,,
,,,,,,,,,5.613157894736841e-07,10934,,,,,,,,,
71,,,,,,,,,,10934,0.0065021333284676075,,,,,,,,
,,,,,,,,,5.606578947368421e-07,10939,,,,,,,,,
71,,,,,,,,,,10939,0.01843942701816559,,,,,,,,
71,,,,,,,,,,10943,,0.7250000238418579,0.7708333134651184,0.06296929717063904,0.06296929717063904,0.5146303772926331,0.7400000095367432,0.804347813129425,0.5298853516578674
,,,,,,,,,5.6e-07,10944,,,,,,,,,
72,,,,,,,,,,10944,0.018767818808555603,,,,,,,,
,,,,,,,,,5.593421052631578e-07,10949,,,,,,,,,
72,,,,,,,,,,10949,0.019418006762862206,,,,,,,,
,,,,,,,,,5.586842105263157e-07,10954,,,,,,,,,
72,,,,,,,,,,10954,0.029322709888219833,,,,,,,,
,,,,,,,,,5.580263157894737e-07,10959,,,,,,,,,
72,,,,,,,,,,10959,0.026924559846520424,,,,,,,,
,,,,,,,,,5.573684210526316e-07,10964,,,,,,,,,
72,,,,,,,,,,10964,0.021761538460850716,,,,,,,,
,,,,,,,,,5.567105263157894e-07,10969,,,,,,,,,
72,,,,,,,,,,10969,0.018826531246304512,,,,,,,,
,,,,,,,,,5.560526315789473e-07,10974,,,,,,,,,
72,,,,,,,,,,10974,0.028594013303518295,,,,,,,,
,,,,,,,,,5.553947368421052e-07,10979,,,,,,,,,
72,,,,,,,,,,10979,0.019153861328959465,,,,,,,,
,,,,,,,,,5.547368421052632e-07,10984,,,,,,,,,
72,,,,,,,,,,10984,0.015840837731957436,,,,,,,,
,,,,,,,,,5.54078947368421e-07,10989,,,,,,,,,
72,,,,,,,,,,10989,0.01219424419105053,,,,,,,,
,,,,,,,,,5.534210526315789e-07,10994,,,,,,,,,
72,,,,,,,,,,10994,0.025354653596878052,,,,,,,,
,,,,,,,,,5.527631578947368e-07,10999,,,,,,,,,
72,,,,,,,,,,10999,0.024603284895420074,,,,,,,,
,,,,,,,,,5.521052631578948e-07,11004,,,,,,,,,
72,,,,,,,,,,11004,0.013362455181777477,,,,,,,,
,,,,,,,,,5.514473684210527e-07,11009,,,,,,,,,
72,,,,,,,,,,11009,0.03386919945478439,,,,,,,,
,,,,,,,,,5.507894736842105e-07,11014,,,,,,,,,
72,,,,,,,,,,11014,0.04107365384697914,,,,,,,,
,,,,,,,,,5.501315789473684e-07,11019,,,,,,,,,
72,,,,,,,,,,11019,0.010801298543810844,,,,,,,,
,,,,,,,,,5.494736842105263e-07,11024,,,,,,,,,
72,,,,,,,,,,11024,0.027956299483776093,,,,,,,,
,,,,,,,,,5.488157894736843e-07,11029,,,,,,,,,
72,,,,,,,,,,11029,0.013093090616166592,,,,,,,,
,,,,,,,,,5.48157894736842e-07,11034,,,,,,,,,
72,,,,,,,,,,11034,0.036653727293014526,,,,,,,,
,,,,,,,,,5.474999999999999e-07,11039,,,,,,,,,
72,,,,,,,,,,11039,0.015973730012774467,,,,,,,,
,,,,,,,,,5.468421052631578e-07,11044,,,,,,,,,
72,,,,,,,,,,11044,0.02568209171295166,,,,,,,,
,,,,,,,,,5.461842105263158e-07,11049,,,,,,,,,
72,,,,,,,,,,11049,0.026205871254205704,,,,,,,,
,,,,,,,,,5.455263157894736e-07,11054,,,,,,,,,
72,,,,,,,,,,11054,0.01148432120680809,,,,,,,,
,,,,,,,,,5.448684210526315e-07,11059,,,,,,,,,
72,,,,,,,,,,11059,0.010115982964634895,,,,,,,,
,,,,,,,,,5.442105263157894e-07,11064,,,,,,,,,
72,,,,,,,,,,11064,0.028568478301167488,,,,,,,,
,,,,,,,,,5.435526315789474e-07,11069,,,,,,,,,
72,,,,,,,,,,11069,0.02936689183115959,,,,,,,,
,,,,,,,,,5.428947368421052e-07,11074,,,,,,,,,
72,,,,,,,,,,11074,0.030512629076838493,,,,,,,,
,,,,,,,,,5.422368421052631e-07,11079,,,,,,,,,
72,,,,,,,,,,11079,0.01128514762967825,,,,,,,,
,,,,,,,,,5.41578947368421e-07,11084,,,,,,,,,
72,,,,,,,,,,11084,0.017270423471927643,,,,,,,,
,,,,,,,,,5.409210526315789e-07,11089,,,,,,,,,
72,,,,,,,,,,11089,0.03857112303376198,,,,,,,,
,,,,,,,,,5.402631578947369e-07,11094,,,,,,,,,
72,,,,,,,,,,11094,0.012863148003816605,,,,,,,,
72,,,,,,,,,,11095,,0.737500011920929,0.7878788113594055,0.06436390429735184,0.06436390429735184,0.5121278762817383,0.7358490824699402,0.8478260636329651,0.5173022747039795
,,,,,,,,,5.396052631578947e-07,11099,,,,,,,,,
73,,,,,,,,,,11099,0.023234091699123383,,,,,,,,
,,,,,,,,,5.389473684210526e-07,11104,,,,,,,,,
73,,,,,,,,,,11104,0.015994584187865257,,,,,,,,
,,,,,,,,,5.382894736842105e-07,11109,,,,,,,,,
73,,,,,,,,,,11109,0.044232599437236786,,,,,,,,
,,,,,,,,,5.376315789473685e-07,11114,,,,,,,,,
73,,,,,,,,,,11114,0.02269141562283039,,,,,,,,
,,,,,,,,,5.369736842105263e-07,11119,,,,,,,,,
73,,,,,,,,,,11119,0.02743154764175415,,,,,,,,
,,,,,,,,,5.363157894736842e-07,11124,,,,,,,,,
73,,,,,,,,,,11124,0.024981975555419922,,,,,,,,
,,,,,,,,,5.356578947368421e-07,11129,,,,,,,,,
73,,,,,,,,,,11129,0.0413702018558979,,,,,,,,
,,,,,,,,,5.35e-07,11134,,,,,,,,,
73,,,,,,,,,,11134,0.0172102190554142,,,,,,,,
,,,,,,,,,5.343421052631579e-07,11139,,,,,,,,,
73,,,,,,,,,,11139,0.07686394453048706,,,,,,,,
,,,,,,,,,5.336842105263158e-07,11144,,,,,,,,,
73,,,,,,,,,,11144,0.011746891774237156,,,,,,,,
,,,,,,,,,5.330263157894736e-07,11149,,,,,,,,,
73,,,,,,,,,,11149,0.01008765958249569,,,,,,,,
,,,,,,,,,5.323684210526315e-07,11154,,,,,,,,,
73,,,,,,,,,,11154,0.025563709437847137,,,,,,,,
,,,,,,,,,5.317105263157895e-07,11159,,,,,,,,,
73,,,,,,,,,,11159,0.04196791723370552,,,,,,,,
,,,,,,,,,5.310526315789473e-07,11164,,,,,,,,,
73,,,,,,,,,,11164,0.009664914570748806,,,,,,,,
,,,,,,,,,5.303947368421052e-07,11169,,,,,,,,,
73,,,,,,,,,,11169,0.020148219540715218,,,,,,,,
,,,,,,,,,5.297368421052631e-07,11174,,,,,,,,,
73,,,,,,,,,,11174,0.008462429977953434,,,,,,,,
,,,,,,,,,5.29078947368421e-07,11179,,,,,,,,,
73,,,,,,,,,,11179,0.03342198207974434,,,,,,,,
,,,,,,,,,5.284210526315789e-07,11184,,,,,,,,,
73,,,,,,,,,,11184,0.03690098971128464,,,,,,,,
,,,,,,,,,5.277631578947368e-07,11189,,,,,,,,,
73,,,,,,,,,,11189,0.022044159471988678,,,,,,,,
,,,,,,,,,5.271052631578947e-07,11194,,,,,,,,,
73,,,,,,,,,,11194,0.03607434779405594,,,,,,,,
,,,,,,,,,5.264473684210526e-07,11199,,,,,,,,,
73,,,,,,,,,,11199,0.010043432004749775,,,,,,,,
,,,,,,,,,5.257894736842105e-07,11204,,,,,,,,,
73,,,,,,,,,,11204,0.007832320407032967,,,,,,,,
,,,,,,,,,5.251315789473684e-07,11209,,,,,,,,,
73,,,,,,,,,,11209,0.03077007457613945,,,,,,,,
,,,,,,,,,5.244736842105263e-07,11214,,,,,,,,,
73,,,,,,,,,,11214,0.04404669255018234,,,,,,,,
,,,,,,,,,5.238157894736842e-07,11219,,,,,,,,,
73,,,,,,,,,,11219,0.026958417147397995,,,,,,,,
,,,,,,,,,5.231578947368422e-07,11224,,,,,,,,,
73,,,,,,,,,,11224,0.019992714747786522,,,,,,,,
,,,,,,,,,5.225e-07,11229,,,,,,,,,
73,,,,,,,,,,11229,0.038647085428237915,,,,,,,,
,,,,,,,,,5.218421052631579e-07,11234,,,,,,,,,
73,,,,,,,,,,11234,0.018400460481643677,,,,,,,,
,,,,,,,,,5.211842105263158e-07,11239,,,,,,,,,
73,,,,,,,,,,11239,0.016341594979166985,,,,,,,,
,,,,,,,,,5.205263157894737e-07,11244,,,,,,,,,
73,,,,,,,,,,11244,0.057201556861400604,,,,,,,,
73,,,,,,,,,,11247,,0.7250000238418579,0.7708333134651184,0.06227021664381027,0.06227021664381027,0.5242441892623901,0.7400000095367432,0.804347813129425,0.5401912331581116
,,,,,,,,,5.198684210526316e-07,11249,,,,,,,,,
74,,,,,,,,,,11249,0.019899355247616768,,,,,,,,
,,,,,,,,,5.192105263157895e-07,11254,,,,,,,,,
74,,,,,,,,,,11254,0.018544452264904976,,,,,,,,
,,,,,,,,,5.185526315789473e-07,11259,,,,,,,,,
74,,,,,,,,,,11259,0.020389262586832047,,,,,,,,
,,,,,,,,,5.178947368421052e-07,11264,,,,,,,,,
74,,,,,,,,,,11264,0.06565617024898529,,,,,,,,
,,,,,,,,,5.17236842105263e-07,11269,,,,,,,,,
74,,,,,,,,,,11269,0.018392039462924004,,,,,,,,
,,,,,,,,,5.16578947368421e-07,11274,,,,,,,,,
74,,,,,,,,,,11274,0.03044486604630947,,,,,,,,
,,,,,,,,,5.159210526315789e-07,11279,,,,,,,,,
74,,,,,,,,,,11279,0.03655899688601494,,,,,,,,
,,,,,,,,,5.152631578947368e-07,11284,,,,,,,,,
74,,,,,,,,,,11284,0.009046048857271671,,,,,,,,
,,,,,,,,,5.146052631578947e-07,11289,,,,,,,,,
74,,,,,,,,,,11289,0.027226261794567108,,,,,,,,
,,,,,,,,,5.139473684210526e-07,11294,,,,,,,,,
74,,,,,,,,,,11294,0.03636675700545311,,,,,,,,
,,,,,,,,,5.132894736842105e-07,11299,,,,,,,,,
74,,,,,,,,,,11299,0.02084355242550373,,,,,,,,
,,,,,,,,,5.126315789473684e-07,11304,,,,,,,,,
74,,,,,,,,,,11304,0.029249126091599464,,,,,,,,
,,,,,,,,,5.119736842105263e-07,11309,,,,,,,,,
74,,,,,,,,,,11309,0.040153201669454575,,,,,,,,
,,,,,,,,,5.113157894736842e-07,11314,,,,,,,,,
74,,,,,,,,,,11314,0.019910817965865135,,,,,,,,
,,,,,,,,,5.106578947368421e-07,11319,,,,,,,,,
74,,,,,,,,,,11319,0.027188539505004883,,,,,,,,
,,,,,,,,,5.1e-07,11324,,,,,,,,,
74,,,,,,,,,,11324,0.028839096426963806,,,,,,,,
,,,,,,,,,5.093421052631579e-07,11329,,,,,,,,,
74,,,,,,,,,,11329,0.020775560289621353,,,,,,,,
,,,,,,,,,5.086842105263157e-07,11334,,,,,,,,,
74,,,,,,,,,,11334,0.05840544030070305,,,,,,,,
,,,,,,,,,5.080263157894737e-07,11339,,,,,,,,,
74,,,,,,,,,,11339,0.03571968898177147,,,,,,,,
,,,,,,,,,5.073684210526316e-07,11344,,,,,,,,,
74,,,,,,,,,,11344,0.029879067093133926,,,,,,,,
,,,,,,,,,5.067105263157895e-07,11349,,,,,,,,,
74,,,,,,,,,,11349,0.021636078134179115,,,,,,,,
,,,,,,,,,5.060526315789474e-07,11354,,,,,,,,,
74,,,,,,,,,,11354,0.05105217918753624,,,,,,,,
,,,,,,,,,5.053947368421053e-07,11359,,,,,,,,,
74,,,,,,,,,,11359,0.042525868862867355,,,,,,,,
,,,,,,,,,5.047368421052632e-07,11364,,,,,,,,,
74,,,,,,,,,,11364,0.04628945142030716,,,,,,,,
,,,,,,,,,5.04078947368421e-07,11369,,,,,,,,,
74,,,,,,,,,,11369,0.04975859075784683,,,,,,,,
,,,,,,,,,5.034210526315789e-07,11374,,,,,,,,,
74,,,,,,,,,,11374,0.03218147158622742,,,,,,,,
,,,,,,,,,5.027631578947367e-07,11379,,,,,,,,,
74,,,,,,,,,,11379,0.01823839172720909,,,,,,,,
,,,,,,,,,5.021052631578947e-07,11384,,,,,,,,,
74,,,,,,,,,,11384,0.016633685678243637,,,,,,,,
,,,,,,,,,5.014473684210526e-07,11389,,,,,,,,,
74,,,,,,,,,,11389,0.03350060433149338,,,,,,,,
,,,,,,,,,5.007894736842105e-07,11394,,,,,,,,,
74,,,,,,,,,,11394,0.01260756328701973,,,,,,,,
,,,,,,,,,5.001315789473683e-07,11399,,,,,,,,,
74,,,,,,,,,,11399,0.018657546490430832,,,,,,,,
74,,,,,,,,,,11399,,0.7250000238418579,0.7708333134651184,0.062350474298000336,0.062350474298000336,0.521828830242157,0.7400000095367432,0.804347813129425,0.5410011410713196
,,,,,,,,,4.994736842105263e-07,11404,,,,,,,,,
75,,,,,,,,,,11404,0.02129843272268772,,,,,,,,
,,,,,,,,,4.988157894736842e-07,11409,,,,,,,,,
75,,,,,,,,,,11409,0.020258359611034393,,,,,,,,
,,,,,,,,,4.981578947368421e-07,11414,,,,,,,,,
75,,,,,,,,,,11414,0.03801536560058594,,,,,,,,
,,,,,,,,,4.975e-07,11419,,,,,,,,,
75,,,,,,,,,,11419,0.04046807810664177,,,,,,,,
,,,,,,,,,4.968421052631579e-07,11424,,,,,,,,,
75,,,,,,,,,,11424,0.02796187624335289,,,,,,,,
,,,,,,,,,4.961842105263158e-07,11429,,,,,,,,,
75,,,,,,,,,,11429,0.019852420315146446,,,,,,,,
,,,,,,,,,4.955263157894737e-07,11434,,,,,,,,,
75,,,,,,,,,,11434,0.035473477095365524,,,,,,,,
,,,,,,,,,4.948684210526316e-07,11439,,,,,,,,,
75,,,,,,,,,,11439,0.0733136385679245,,,,,,,,
,,,,,,,,,4.942105263157895e-07,11444,,,,,,,,,
75,,,,,,,,,,11444,0.032260961830616,,,,,,,,
,,,,,,,,,4.935526315789474e-07,11449,,,,,,,,,
75,,,,,,,,,,11449,0.019734028726816177,,,,,,,,
,,,,,,,,,4.928947368421053e-07,11454,,,,,,,,,
75,,,,,,,,,,11454,0.018152832984924316,,,,,,,,
,,,,,,,,,4.922368421052632e-07,11459,,,,,,,,,
75,,,,,,,,,,11459,0.0440232940018177,,,,,,,,
,,,,,,,,,4.915789473684211e-07,11464,,,,,,,,,
75,,,,,,,,,,11464,0.023618582636117935,,,,,,,,
,,,,,,,,,4.909210526315789e-07,11469,,,,,,,,,
75,,,,,,,,,,11469,0.017564881592988968,,,,,,,,
,,,,,,,,,4.902631578947369e-07,11474,,,,,,,,,
75,,,,,,,,,,11474,0.01455013919621706,,,,,,,,
,,,,,,,,,4.896052631578946e-07,11479,,,,,,,,,
75,,,,,,,,,,11479,0.010847187601029873,,,,,,,,
,,,,,,,,,4.889473684210526e-07,11484,,,,,,,,,
75,,,,,,,,,,11484,0.018867038190364838,,,,,,,,
,,,,,,,,,4.882894736842105e-07,11489,,,,,,,,,
75,,,,,,,,,,11489,0.01759333349764347,,,,,,,,
,,,,,,,,,4.876315789473684e-07,11494,,,,,,,,,
75,,,,,,,,,,11494,0.03307446837425232,,,,,,,,
,,,,,,,,,4.869736842105263e-07,11499,,,,,,,,,
75,,,,,,,,,,11499,0.026960348710417747,,,,,,,,
,,,,,,,,,4.863157894736842e-07,11504,,,,,,,,,
75,,,,,,,,,,11504,0.029818881303071976,,,,,,,,
,,,,,,,,,4.856578947368421e-07,11509,,,,,,,,,
75,,,,,,,,,,11509,0.01527092233300209,,,,,,,,
,,,,,,,,,4.85e-07,11514,,,,,,,,,
75,,,,,,,,,,11514,0.047577809542417526,,,,,,,,
,,,,,,,,,4.843421052631579e-07,11519,,,,,,,,,
75,,,,,,,,,,11519,0.02735511027276516,,,,,,,,
,,,,,,,,,4.836842105263157e-07,11524,,,,,,,,,
75,,,,,,,,,,11524,0.007370175328105688,,,,,,,,
,,,,,,,,,4.830263157894737e-07,11529,,,,,,,,,
75,,,,,,,,,,11529,0.025287052616477013,,,,,,,,
,,,,,,,,,4.823684210526315e-07,11534,,,,,,,,,
75,,,,,,,,,,11534,0.04449489340186119,,,,,,,,
,,,,,,,,,4.817105263157895e-07,11539,,,,,,,,,
75,,,,,,,,,,11539,0.028882436454296112,,,,,,,,
,,,,,,,,,4.810526315789473e-07,11544,,,,,,,,,
75,,,,,,,,,,11544,0.021301010623574257,,,,,,,,
,,,,,,,,,4.803947368421053e-07,11549,,,,,,,,,
75,,,,,,,,,,11549,0.008434097282588482,,,,,,,,
75,,,,,,,,,,11551,,0.7250000238418579,0.7755101919174194,0.06385721266269684,0.06385721266269684,0.5161591172218323,0.7307692170143127,0.8260869383811951,0.5210819244384766
,,,,,,,,,4.797368421052632e-07,11554,,,,,,,,,
76,,,,,,,,,,11554,0.03450874239206314,,,,,,,,
,,,,,,,,,4.790789473684211e-07,11559,,,,,,,,,
76,,,,,,,,,,11559,0.05775592476129532,,,,,,,,
,,,,,,,,,4.78421052631579e-07,11564,,,,,,,,,
76,,,,,,,,,,11564,0.04275890067219734,,,,,,,,
,,,,,,,,,4.777631578947369e-07,11569,,,,,,,,,
76,,,,,,,,,,11569,0.025823483243584633,,,,,,,,
,,,,,,,,,4.771052631578948e-07,11574,,,,,,,,,
76,,,,,,,,,,11574,0.029220251366496086,,,,,,,,
,,,,,,,,,4.764473684210526e-07,11579,,,,,,,,,
76,,,,,,,,,,11579,0.017513692378997803,,,,,,,,
,,,,,,,,,4.757894736842105e-07,11584,,,,,,,,,
76,,,,,,,,,,11584,0.020312070846557617,,,,,,,,
,,,,,,,,,4.751315789473684e-07,11589,,,,,,,,,
76,,,,,,,,,,11589,0.04732079058885574,,,,,,,,
,,,,,,,,,4.744736842105263e-07,11594,,,,,,,,,
76,,,,,,,,,,11594,0.023569876328110695,,,,,,,,
,,,,,,,,,4.738157894736842e-07,11599,,,,,,,,,
76,,,,,,,,,,11599,0.030804017558693886,,,,,,,,
,,,,,,,,,4.731578947368421e-07,11604,,,,,,,,,
76,,,,,,,,,,11604,0.012959820218384266,,,,,,,,
,,,,,,,,,4.725e-07,11609,,,,,,,,,
76,,,,,,,,,,11609,0.007870462723076344,,,,,,,,
,,,,,,,,,4.7184210526315787e-07,11614,,,,,,,,,
76,,,,,,,,,,11614,0.011247825808823109,,,,,,,,
,,,,,,,,,4.711842105263158e-07,11619,,,,,,,,,
76,,,,,,,,,,11619,0.03961189091205597,,,,,,,,
,,,,,,,,,4.7052631578947366e-07,11624,,,,,,,,,
76,,,,,,,,,,11624,0.02190924994647503,,,,,,,,
,,,,,,,,,4.6986842105263156e-07,11629,,,,,,,,,
76,,,,,,,,,,11629,0.072074294090271,,,,,,,,
,,,,,,,,,4.6921052631578945e-07,11634,,,,,,,,,
76,,,,,,,,,,11634,0.018249543383717537,,,,,,,,
,,,,,,,,,4.6855263157894735e-07,11639,,,,,,,,,
76,,,,,,,,,,11639,0.02215506136417389,,,,,,,,
,,,,,,,,,4.6789473684210524e-07,11644,,,,,,,,,
76,,,,,,,,,,11644,0.011517944745719433,,,,,,,,
,,,,,,,,,4.6723684210526314e-07,11649,,,,,,,,,
76,,,,,,,,,,11649,0.013210590928792953,,,,,,,,
,,,,,,,,,4.6657894736842104e-07,11654,,,,,,,,,
76,,,,,,,,,,11654,0.016205400228500366,,,,,,,,
,,,,,,,,,4.6592105263157893e-07,11659,,,,,,,,,
76,,,,,,,,,,11659,0.011500487104058266,,,,,,,,
,,,,,,,,,4.652631578947368e-07,11664,,,,,,,,,
76,,,,,,,,,,11664,0.009715793654322624,,,,,,,,
,,,,,,,,,4.646052631578947e-07,11669,,,,,,,,,
76,,,,,,,,,,11669,0.02909085527062416,,,,,,,,
,,,,,,,,,4.6394736842105256e-07,11674,,,,,,,,,
76,,,,,,,,,,11674,0.05473357439041138,,,,,,,,
,,,,,,,,,4.632894736842105e-07,11679,,,,,,,,,
76,,,,,,,,,,11679,0.03754886984825134,,,,,,,,
,,,,,,,,,4.6263157894736835e-07,11684,,,,,,,,,
76,,,,,,,,,,11684,0.02011597529053688,,,,,,,,
,,,,,,,,,4.619736842105263e-07,11689,,,,,,,,,
76,,,,,,,,,,11689,0.038993798196315765,,,,,,,,
,,,,,,,,,4.613157894736842e-07,11694,,,,,,,,,
76,,,,,,,,,,11694,0.015050551854074001,,,,,,,,
,,,,,,,,,4.606578947368421e-07,11699,,,,,,,,,
76,,,,,,,,,,11699,0.0340004600584507,,,,,,,,
76,,,,,,,,,,11703,,0.7250000238418579,0.7755101919174194,0.06366300582885742,0.06366300582885742,0.5192264914512634,0.7307692170143127,0.8260869383811951,0.5308947563171387
,,,,,,,,,4.6e-07,11704,,,,,,,,,
77,,,,,,,,,,11704,0.014427597634494305,,,,,,,,
,,,,,,,,,4.593421052631579e-07,11709,,,,,,,,,
77,,,,,,,,,,11709,0.024642683565616608,,,,,,,,
,,,,,,,,,4.586842105263158e-07,11714,,,,,,,,,
77,,,,,,,,,,11714,0.015518377535045147,,,,,,,,
,,,,,,,,,4.580263157894736e-07,11719,,,,,,,,,
77,,,,,,,,,,11719,0.029864832758903503,,,,,,,,
,,,,,,,,,4.5736842105263157e-07,11724,,,,,,,,,
77,,,,,,,,,,11724,0.017688024789094925,,,,,,,,
,,,,,,,,,4.567105263157894e-07,11729,,,,,,,,,
77,,,,,,,,,,11729,0.03488650918006897,,,,,,,,
,,,,,,,,,4.5605263157894736e-07,11734,,,,,,,,,
77,,,,,,,,,,11734,0.016198603436350822,,,,,,,,
,,,,,,,,,4.553947368421052e-07,11739,,,,,,,,,
77,,,,,,,,,,11739,0.05209219828248024,,,,,,,,
,,,,,,,,,4.5473684210526315e-07,11744,,,,,,,,,
77,,,,,,,,,,11744,0.029381800442934036,,,,,,,,
,,,,,,,,,4.54078947368421e-07,11749,,,,,,,,,
77,,,,,,,,,,11749,0.03973964601755142,,,,,,,,
,,,,,,,,,4.5342105263157894e-07,11754,,,,,,,,,
77,,,,,,,,,,11754,0.01909489557147026,,,,,,,,
,,,,,,,,,4.5276315789473684e-07,11759,,,,,,,,,
77,,,,,,,,,,11759,0.02249651402235031,,,,,,,,
,,,,,,,,,4.5210526315789474e-07,11764,,,,,,,,,
77,,,,,,,,,,11764,0.023034928366541862,,,,,,,,
,,,,,,,,,4.5144736842105263e-07,11769,,,,,,,,,
77,,,,,,,,,,11769,0.04780307039618492,,,,,,,,
,,,,,,,,,4.5078947368421047e-07,11774,,,,,,,,,
77,,,,,,,,,,11774,0.029646726325154305,,,,,,,,
,,,,,,,,,4.501315789473684e-07,11779,,,,,,,,,
77,,,,,,,,,,11779,0.014649949967861176,,,,,,,,
,,,,,,,,,4.4947368421052626e-07,11784,,,,,,,,,
77,,,,,,,,,,11784,0.0143637266010046,,,,,,,,
,,,,,,,,,4.488157894736842e-07,11789,,,,,,,,,
77,,,,,,,,,,11789,0.04357859864830971,,,,,,,,
,,,,,,,,,4.4815789473684206e-07,11794,,,,,,,,,
77,,,,,,,,,,11794,0.007690181955695152,,,,,,,,
,,,,,,,,,4.475e-07,11799,,,,,,,,,
77,,,,,,,,,,11799,0.01988333836197853,,,,,,,,
,,,,,,,,,4.4684210526315785e-07,11804,,,,,,,,,
77,,,,,,,,,,11804,0.02179253101348877,,,,,,,,
,,,,,,,,,4.461842105263158e-07,11809,,,,,,,,,
77,,,,,,,,,,11809,0.04893391579389572,,,,,,,,
,,,,,,,,,4.4552631578947364e-07,11814,,,,,,,,,
77,,,,,,,,,,11814,0.03948553279042244,,,,,,,,
,,,,,,,,,4.448684210526316e-07,11819,,,,,,,,,
77,,,,,,,,,,11819,0.02861163578927517,,,,,,,,
,,,,,,,,,4.442105263157895e-07,11824,,,,,,,,,
77,,,,,,,,,,11824,0.02145136520266533,,,,,,,,
,,,,,,,,,4.435526315789473e-07,11829,,,,,,,,,
77,,,,,,,,,,11829,0.0036207283847033978,,,,,,,,
,,,,,,,,,4.4289473684210527e-07,11834,,,,,,,,,
77,,,,,,,,,,11834,0.04269099980592728,,,,,,,,
,,,,,,,,,4.422368421052631e-07,11839,,,,,,,,,
77,,,,,,,,,,11839,0.03643433749675751,,,,,,,,
,,,,,,,,,4.4157894736842106e-07,11844,,,,,,,,,
77,,,,,,,,,,11844,0.018084581941366196,,,,,,,,
,,,,,,,,,4.409210526315789e-07,11849,,,,,,,,,
77,,,,,,,,,,11849,0.04411716386675835,,,,,,,,
,,,,,,,,,4.4026315789473685e-07,11854,,,,,,,,,
77,,,,,,,,,,11854,0.02190396562218666,,,,,,,,
77,,,,,,,,,,11855,,0.7124999761581421,0.75789475440979,0.06397707760334015,0.06397707760334015,0.5037249326705933,0.7346938848495483,0.782608687877655,0.5143091082572937
,,,,,,,,,4.396052631578947e-07,11859,,,,,,,,,
78,,,,,,,,,,11859,0.007987292483448982,,,,,,,,
,,,,,,,,,4.3894736842105264e-07,11864,,,,,,,,,
78,,,,,,,,,,11864,0.018537595868110657,,,,,,,,
,,,,,,,,,4.382894736842105e-07,11869,,,,,,,,,
78,,,,,,,,,,11869,0.027685128152370453,,,,,,,,
,,,,,,,,,4.376315789473684e-07,11874,,,,,,,,,
78,,,,,,,,,,11874,0.029013749212026596,,,,,,,,
,,,,,,,,,4.369736842105263e-07,11879,,,,,,,,,
78,,,,,,,,,,11879,0.028936278074979782,,,,,,,,
,,,,,,,,,4.3631578947368417e-07,11884,,,,,,,,,
78,,,,,,,,,,11884,0.07877137511968613,,,,,,,,
,,,,,,,,,4.356578947368421e-07,11889,,,,,,,,,
78,,,,,,,,,,11889,0.020199477672576904,,,,,,,,
,,,,,,,,,4.3499999999999996e-07,11894,,,,,,,,,
78,,,,,,,,,,11894,0.02677351050078869,,,,,,,,
,,,,,,,,,4.343421052631579e-07,11899,,,,,,,,,
78,,,,,,,,,,11899,0.010421669110655785,,,,,,,,
,,,,,,,,,4.3368421052631576e-07,11904,,,,,,,,,
78,,,,,,,,,,11904,0.03257971256971359,,,,,,,,
,,,,,,,,,4.330263157894737e-07,11909,,,,,,,,,
78,,,,,,,,,,11909,0.041344497352838516,,,,,,,,
,,,,,,,,,4.3236842105263155e-07,11914,,,,,,,,,
78,,,,,,,,,,11914,0.03067280538380146,,,,,,,,
,,,,,,,,,4.317105263157895e-07,11919,,,,,,,,,
78,,,,,,,,,,11919,0.025696594268083572,,,,,,,,
,,,,,,,,,4.3105263157894734e-07,11924,,,,,,,,,
78,,,,,,,,,,11924,0.0738278329372406,,,,,,,,
,,,,,,,,,4.3039473684210523e-07,11929,,,,,,,,,
78,,,,,,,,,,11929,0.008563808165490627,,,,,,,,
,,,,,,,,,4.2973684210526313e-07,11934,,,,,,,,,
78,,,,,,,,,,11934,0.022947238758206367,,,,,,,,
,,,,,,,,,4.29078947368421e-07,11939,,,,,,,,,
78,,,,,,,,,,11939,0.004798106849193573,,,,,,,,
,,,,,,,,,4.284210526315789e-07,11944,,,,,,,,,
78,,,,,,,,,,11944,0.040644507855176926,,,,,,,,
,,,,,,,,,4.277631578947368e-07,11949,,,,,,,,,
78,,,,,,,,,,11949,0.014483251608908176,,,,,,,,
,,,,,,,,,4.271052631578947e-07,11954,,,,,,,,,
78,,,,,,,,,,11954,0.04880209267139435,,,,,,,,
,,,,,,,,,4.264473684210526e-07,11959,,,,,,,,,
78,,,,,,,,,,11959,0.030265484005212784,,,,,,,,
,,,,,,,,,4.2578947368421055e-07,11964,,,,,,,,,
78,,,,,,,,,,11964,0.02386265993118286,,,,,,,,
,,,,,,,,,4.251315789473684e-07,11969,,,,,,,,,
78,,,,,,,,,,11969,0.00622702157124877,,,,,,,,
,,,,,,,,,4.244736842105263e-07,11974,,,,,,,,,
78,,,,,,,,,,11974,0.029169635847210884,,,,,,,,
,,,,,,,,,4.238157894736842e-07,11979,,,,,,,,,
78,,,,,,,,,,11979,0.020494775846600533,,,,,,,,
,,,,,,,,,4.231578947368421e-07,11984,,,,,,,,,
78,,,,,,,,,,11984,0.024852769449353218,,,,,,,,
,,,,,,,,,4.225e-07,11989,,,,,,,,,
78,,,,,,,,,,11989,0.010915875434875488,,,,,,,,
,,,,,,,,,4.218421052631579e-07,11994,,,,,,,,,
78,,,,,,,,,,11994,0.031380545347929,,,,,,,,
,,,,,,,,,4.2118421052631577e-07,11999,,,,,,,,,
78,,,,,,,,,,11999,0.027782633900642395,,,,,,,,
,,,,,,,,,4.2052631578947366e-07,12004,,,,,,,,,
78,,,,,,,,,,12004,0.02723035402595997,,,,,,,,
78,,,,,,,,,,12007,,0.737500011920929,0.7878788113594055,0.06203135848045349,0.06203135848045349,0.5408864617347717,0.7358490824699402,0.8478260636329651,0.5364702939987183
,,,,,,,,,4.1986842105263156e-07,12009,,,,,,,,,
79,,,,,,,,,,12009,0.0036001375410705805,,,,,,,,
,,,,,,,,,4.1921052631578946e-07,12014,,,,,,,,,
79,,,,,,,,,,12014,0.016274377703666687,,,,,,,,
,,,,,,,,,4.185526315789473e-07,12019,,,,,,,,,
79,,,,,,,,,,12019,0.018082235008478165,,,,,,,,
,,,,,,,,,4.1789473684210525e-07,12024,,,,,,,,,
79,,,,,,,,,,12024,0.013866228982806206,,,,,,,,
,,,,,,,,,4.1723684210526314e-07,12029,,,,,,,,,
79,,,,,,,,,,12029,0.05071084201335907,,,,,,,,
,,,,,,,,,4.1657894736842104e-07,12034,,,,,,,,,
79,,,,,,,,,,12034,0.007099977694451809,,,,,,,,
,,,,,,,,,4.1592105263157893e-07,12039,,,,,,,,,
79,,,,,,,,,,12039,0.01708848774433136,,,,,,,,
,,,,,,,,,4.1526315789473683e-07,12044,,,,,,,,,
79,,,,,,,,,,12044,0.03151555731892586,,,,,,,,
,,,,,,,,,4.146052631578947e-07,12049,,,,,,,,,
79,,,,,,,,,,12049,0.04377317056059837,,,,,,,,
,,,,,,,,,4.139473684210526e-07,12054,,,,,,,,,
79,,,,,,,,,,12054,0.010683678090572357,,,,,,,,
,,,,,,,,,4.132894736842105e-07,12059,,,,,,,,,
79,,,,,,,,,,12059,0.026993565261363983,,,,,,,,
,,,,,,,,,4.126315789473684e-07,12064,,,,,,,,,
79,,,,,,,,,,12064,0.07012136280536652,,,,,,,,
,,,,,,,,,4.119736842105263e-07,12069,,,,,,,,,
79,,,,,,,,,,12069,0.07356207072734833,,,,,,,,
,,,,,,,,,4.1131578947368415e-07,12074,,,,,,,,,
79,,,,,,,,,,12074,0.027094045653939247,,,,,,,,
,,,,,,,,,4.106578947368421e-07,12079,,,,,,,,,
79,,,,,,,,,,12079,0.030504407361149788,,,,,,,,
,,,,,,,,,4.0999999999999994e-07,12084,,,,,,,,,
79,,,,,,,,,,12084,0.017001139000058174,,,,,,,,
,,,,,,,,,4.093421052631579e-07,12089,,,,,,,,,
79,,,,,,,,,,12089,0.03420497477054596,,,,,,,,
,,,,,,,,,4.086842105263158e-07,12094,,,,,,,,,
79,,,,,,,,,,12094,0.040150709450244904,,,,,,,,
,,,,,,,,,4.080263157894737e-07,12099,,,,,,,,,
79,,,,,,,,,,12099,0.015433541499078274,,,,,,,,
,,,,,,,,,4.073684210526316e-07,12104,,,,,,,,,
79,,,,,,,,,,12104,0.017486803233623505,,,,,,,,
,,,,,,,,,4.0671052631578947e-07,12109,,,,,,,,,
79,,,,,,,,,,12109,0.027166781947016716,,,,,,,,
,,,,,,,,,4.0605263157894736e-07,12114,,,,,,,,,
79,,,,,,,,,,12114,0.030799875035881996,,,,,,,,
,,,,,,,,,4.0539473684210526e-07,12119,,,,,,,,,
79,,,,,,,,,,12119,0.029096972197294235,,,,,,,,
,,,,,,,,,4.0473684210526316e-07,12124,,,,,,,,,
79,,,,,,,,,,12124,0.03258154168725014,,,,,,,,
,,,,,,,,,4.04078947368421e-07,12129,,,,,,,,,
79,,,,,,,,,,12129,0.036662813276052475,,,,,,,,
,,,,,,,,,4.0342105263157895e-07,12134,,,,,,,,,
79,,,,,,,,,,12134,0.01357709988951683,,,,,,,,
,,,,,,,,,4.027631578947368e-07,12139,,,,,,,,,
79,,,,,,,,,,12139,0.016513081267476082,,,,,,,,
,,,,,,,,,4.0210526315789474e-07,12144,,,,,,,,,
79,,,,,,,,,,12144,0.0540081262588501,,,,,,,,
,,,,,,,,,4.014473684210526e-07,12149,,,,,,,,,
79,,,,,,,,,,12149,0.024233289062976837,,,,,,,,
,,,,,,,,,4.0078947368421053e-07,12154,,,,,,,,,
79,,,,,,,,,,12154,0.03479994833469391,,,,,,,,
,,,,,,,,,4.0013157894736837e-07,12159,,,,,,,,,
79,,,,,,,,,,12159,0.005054370034486055,,,,,,,,
79,,,,,,,,,,12159,,0.75,0.795918345451355,0.061891742050647736,0.061891742050647736,0.5310927629470825,0.75,0.8478260636329651,0.5361416339874268
,,,,,,,,,3.994736842105263e-07,12164,,,,,,,,,
80,,,,,,,,,,12164,0.025294410064816475,,,,,,,,
,,,,,,,,,3.988157894736842e-07,12169,,,,,,,,,
80,,,,,,,,,,12169,0.04592626914381981,,,,,,,,
,,,,,,,,,3.9815789473684206e-07,12174,,,,,,,,,
80,,,,,,,,,,12174,0.014403176493942738,,,,,,,,
,,,,,,,,,3.975e-07,12179,,,,,,,,,
80,,,,,,,,,,12179,0.011799364350736141,,,,,,,,
,,,,,,,,,3.9684210526315785e-07,12184,,,,,,,,,
80,,,,,,,,,,12184,0.01161937415599823,,,,,,,,
,,,,,,,,,3.961842105263158e-07,12189,,,,,,,,,
80,,,,,,,,,,12189,0.028221962973475456,,,,,,,,
,,,,,,,,,3.9552631578947364e-07,12194,,,,,,,,,
80,,,,,,,,,,12194,0.025811510160565376,,,,,,,,
,,,,,,,,,3.948684210526316e-07,12199,,,,,,,,,
80,,,,,,,,,,12199,0.02951354905962944,,,,,,,,
,,,,,,,,,3.9421052631578943e-07,12204,,,,,,,,,
80,,,,,,,,,,12204,0.014050325378775597,,,,,,,,
,,,,,,,,,3.935526315789474e-07,12209,,,,,,,,,
80,,,,,,,,,,12209,0.02741178497672081,,,,,,,,
,,,,,,,,,3.928947368421052e-07,12214,,,,,,,,,
80,,,,,,,,,,12214,0.015901152044534683,,,,,,,,
,,,,,,,,,3.9223684210526317e-07,12219,,,,,,,,,
80,,,,,,,,,,12219,0.009774679318070412,,,,,,,,
,,,,,,,,,3.91578947368421e-07,12224,,,,,,,,,
80,,,,,,,,,,12224,0.02005406841635704,,,,,,,,
,,,,,,,,,3.909210526315789e-07,12229,,,,,,,,,
80,,,,,,,,,,12229,0.017550542950630188,,,,,,,,
,,,,,,,,,3.9026315789473686e-07,12234,,,,,,,,,
80,,,,,,,,,,12234,0.014730019494891167,,,,,,,,
,,,,,,,,,3.896052631578947e-07,12239,,,,,,,,,
80,,,,,,,,,,12239,0.01869075372815132,,,,,,,,
,,,,,,,,,3.8894736842105265e-07,12244,,,,,,,,,
80,,,,,,,,,,12244,0.03515135869383812,,,,,,,,
,,,,,,,,,3.882894736842105e-07,12249,,,,,,,,,
80,,,,,,,,,,12249,0.019796550273895264,,,,,,,,
,,,,,,,,,3.8763157894736844e-07,12254,,,,,,,,,
80,,,,,,,,,,12254,0.01585574261844158,,,,,,,,
,,,,,,,,,3.869736842105263e-07,12259,,,,,,,,,
80,,,,,,,,,,12259,0.01885039359331131,,,,,,,,
,,,,,,,,,3.8631578947368423e-07,12264,,,,,,,,,
80,,,,,,,,,,12264,0.048611532896757126,,,,,,,,
,,,,,,,,,3.8565789473684207e-07,12269,,,,,,,,,
80,,,,,,,,,,12269,0.0424661822617054,,,,,,,,
,,,,,,,,,3.8499999999999997e-07,12274,,,,,,,,,
80,,,,,,,,,,12274,0.0368073396384716,,,,,,,,
,,,,,,,,,3.8434210526315786e-07,12279,,,,,,,,,
80,,,,,,,,,,12279,0.06339985132217407,,,,,,,,
,,,,,,,,,3.8368421052631576e-07,12284,,,,,,,,,
80,,,,,,,,,,12284,0.005441325716674328,,,,,,,,
,,,,,,,,,3.8302631578947365e-07,12289,,,,,,,,,
80,,,,,,,,,,12289,0.05415908992290497,,,,,,,,
,,,,,,,,,3.8236842105263155e-07,12294,,,,,,,,,
80,,,,,,,,,,12294,0.034068915992975235,,,,,,,,
,,,,,,,,,3.817105263157895e-07,12299,,,,,,,,,
80,,,,,,,,,,12299,0.07383979856967926,,,,,,,,
,,,,,,,,,3.8105263157894734e-07,12304,,,,,,,,,
80,,,,,,,,,,12304,0.018402134999632835,,,,,,,,
,,,,,,,,,3.803947368421053e-07,12309,,,,,,,,,
80,,,,,,,,,,12309,0.030932405963540077,,,,,,,,
80,,,,,,,,,,12311,,0.699999988079071,0.739130437374115,0.06202102452516556,0.06202102452516556,0.5143049359321594,0.739130437374115,0.739130437374115,0.5265165567398071
,,,,,,,,,3.7973684210526313e-07,12314,,,,,,,,,
81,,,,,,,,,,12314,0.02279762551188469,,,,,,,,
,,,,,,,,,3.790789473684211e-07,12319,,,,,,,,,
81,,,,,,,,,,12319,0.04716163128614426,,,,,,,,
,,,,,,,,,3.784210526315789e-07,12324,,,,,,,,,
81,,,,,,,,,,12324,0.030158987268805504,,,,,,,,
,,,,,,,,,3.777631578947368e-07,12329,,,,,,,,,
81,,,,,,,,,,12329,0.01990264281630516,,,,,,,,
,,,,,,,,,3.771052631578947e-07,12334,,,,,,,,,
81,,,,,,,,,,12334,0.01955355890095234,,,,,,,,
,,,,,,,,,3.764473684210526e-07,12339,,,,,,,,,
81,,,,,,,,,,12339,0.02338830940425396,,,,,,,,
,,,,,,,,,3.757894736842105e-07,12344,,,,,,,,,
81,,,,,,,,,,12344,0.012129278853535652,,,,,,,,
,,,,,,,,,3.751315789473684e-07,12349,,,,,,,,,
81,,,,,,,,,,12349,0.06963055580854416,,,,,,,,
,,,,,,,,,3.744736842105263e-07,12354,,,,,,,,,
81,,,,,,,,,,12354,0.014939605258405209,,,,,,,,
,,,,,,,,,3.738157894736842e-07,12359,,,,,,,,,
81,,,,,,,,,,12359,0.01884007640182972,,,,,,,,
,,,,,,,,,3.7315789473684214e-07,12364,,,,,,,,,
81,,,,,,,,,,12364,0.0241223331540823,,,,,,,,
,,,,,,,,,3.725e-07,12369,,,,,,,,,
81,,,,,,,,,,12369,0.015830419957637787,,,,,,,,
,,,,,,,,,3.718421052631579e-07,12374,,,,,,,,,
81,,,,,,,,,,12374,0.03162870183587074,,,,,,,,
,,,,,,,,,3.7118421052631577e-07,12379,,,,,,,,,
81,,,,,,,,,,12379,0.009196615777909756,,,,,,,,
,,,,,,,,,3.7052631578947367e-07,12384,,,,,,,,,
81,,,,,,,,,,12384,0.03534727543592453,,,,,,,,
,,,,,,,,,3.6986842105263156e-07,12389,,,,,,,,,
81,,,,,,,,,,12389,0.04759655147790909,,,,,,,,
,,,,,,,,,3.6921052631578946e-07,12394,,,,,,,,,
81,,,,,,,,,,12394,0.017928218469023705,,,,,,,,
,,,,,,,,,3.6855263157894735e-07,12399,,,,,,,,,
81,,,,,,,,,,12399,0.03892035037279129,,,,,,,,
,,,,,,,,,3.6789473684210525e-07,12404,,,,,,,,,
81,,,,,,,,,,12404,0.04201120883226395,,,,,,,,
,,,,,,,,,3.6723684210526314e-07,12409,,,,,,,,,
81,,,,,,,,,,12409,0.03342842310667038,,,,,,,,
,,,,,,,,,3.6657894736842104e-07,12414,,,,,,,,,
81,,,,,,,,,,12414,0.0194924958050251,,,,,,,,
,,,,,,,,,3.659210526315789e-07,12419,,,,,,,,,
81,,,,,,,,,,12419,0.04797163978219032,,,,,,,,
,,,,,,,,,3.6526315789473683e-07,12424,,,,,,,,,
81,,,,,,,,,,12424,0.045241955667734146,,,,,,,,
,,,,,,,,,3.6460526315789467e-07,12429,,,,,,,,,
81,,,,,,,,,,12429,0.02632095478475094,,,,,,,,
,,,,,,,,,3.639473684210526e-07,12434,,,,,,,,,
81,,,,,,,,,,12434,0.02357090450823307,,,,,,,,
,,,,,,,,,3.632894736842105e-07,12439,,,,,,,,,
81,,,,,,,,,,12439,0.032941579818725586,,,,,,,,
,,,,,,,,,3.626315789473684e-07,12444,,,,,,,,,
81,,,,,,,,,,12444,0.02526324987411499,,,,,,,,
,,,,,,,,,3.619736842105263e-07,12449,,,,,,,,,
81,,,,,,,,,,12449,0.012673499062657356,,,,,,,,
,,,,,,,,,3.613157894736842e-07,12454,,,,,,,,,
81,,,,,,,,,,12454,0.04872868210077286,,,,,,,,
,,,,,,,,,3.606578947368421e-07,12459,,,,,,,,,
81,,,,,,,,,,12459,0.029324712231755257,,,,,,,,
81,,,,,,,,,,12463,,0.7250000238418579,0.7843137383460999,0.06286650151014328,0.06286650151014328,0.535386860370636,0.7142857313156128,0.8695651888847351,0.536329448223114
,,,,,,,,,3.6e-07,12464,,,,,,,,,
82,,,,,,,,,,12464,0.03251148387789726,,,,,,,,
,,,,,,,,,3.593421052631579e-07,12469,,,,,,,,,
82,,,,,,,,,,12469,0.004489599727094173,,,,,,,,
,,,,,,,,,3.5868421052631573e-07,12474,,,,,,,,,
82,,,,,,,,,,12474,0.010781245306134224,,,,,,,,
,,,,,,,,,3.580263157894737e-07,12479,,,,,,,,,
82,,,,,,,,,,12479,0.05944399535655975,,,,,,,,
,,,,,,,,,3.573684210526315e-07,12484,,,,,,,,,
82,,,,,,,,,,12484,0.005066456273198128,,,,,,,,
,,,,,,,,,3.5671052631578947e-07,12489,,,,,,,,,
82,,,,,,,,,,12489,0.019618995487689972,,,,,,,,
,,,,,,,,,3.560526315789473e-07,12494,,,,,,,,,
82,,,,,,,,,,12494,0.03195793181657791,,,,,,,,
,,,,,,,,,3.5539473684210526e-07,12499,,,,,,,,,
82,,,,,,,,,,12499,0.03569255396723747,,,,,,,,
,,,,,,,,,3.5473684210526316e-07,12504,,,,,,,,,
82,,,,,,,,,,12504,0.01926274597644806,,,,,,,,
,,,,,,,,,3.5407894736842105e-07,12509,,,,,,,,,
82,,,,,,,,,,12509,0.02744014747440815,,,,,,,,
,,,,,,,,,3.5342105263157895e-07,12514,,,,,,,,,
82,,,,,,,,,,12514,0.03040364198386669,,,,,,,,
,,,,,,,,,3.5276315789473684e-07,12519,,,,,,,,,
82,,,,,,,,,,12519,0.03594417870044708,,,,,,,,
,,,,,,,,,3.5210526315789474e-07,12524,,,,,,,,,
82,,,,,,,,,,12524,0.05218534544110298,,,,,,,,
,,,,,,,,,3.514473684210526e-07,12529,,,,,,,,,
82,,,,,,,,,,12529,0.02912464551627636,,,,,,,,
,,,,,,,,,3.5078947368421053e-07,12534,,,,,,,,,
82,,,,,,,,,,12534,0.02781553380191326,,,,,,,,
,,,,,,,,,3.5013157894736837e-07,12539,,,,,,,,,
82,,,,,,,,,,12539,0.008036429062485695,,,,,,,,
,,,,,,,,,3.494736842105263e-07,12544,,,,,,,,,
82,,,,,,,,,,12544,0.022258829325437546,,,,,,,,
,,,,,,,,,3.4881578947368416e-07,12549,,,,,,,,,
82,,,,,,,,,,12549,0.011016943491995335,,,,,,,,
,,,,,,,,,3.481578947368421e-07,12554,,,,,,,,,
82,,,,,,,,,,12554,0.01689540036022663,,,,,,,,
,,,,,,,,,3.4749999999999996e-07,12559,,,,,,,,,
82,,,,,,,,,,12559,0.019694868475198746,,,,,,,,
,,,,,,,,,3.468421052631579e-07,12564,,,,,,,,,
82,,,,,,,,,,12564,0.05702313035726547,,,,,,,,
,,,,,,,,,3.461842105263158e-07,12569,,,,,,,,,
82,,,,,,,,,,12569,0.02452639676630497,,,,,,,,
,,,,,,,,,3.4552631578947364e-07,12574,,,,,,,,,
82,,,,,,,,,,12574,0.006783700082451105,,,,,,,,
,,,,,,,,,3.448684210526316e-07,12579,,,,,,,,,
82,,,,,,,,,,12579,0.02349807508289814,,,,,,,,
,,,,,,,,,3.4421052631578943e-07,12584,,,,,,,,,
82,,,,,,,,,,12584,0.010417585261166096,,,,,,,,
,,,,,,,,,3.435526315789474e-07,12589,,,,,,,,,
82,,,,,,,,,,12589,0.02245139516890049,,,,,,,,
,,,,,,,,,3.428947368421052e-07,12594,,,,,,,,,
82,,,,,,,,,,12594,0.019020209088921547,,,,,,,,
,,,,,,,,,3.4223684210526317e-07,12599,,,,,,,,,
82,,,,,,,,,,12599,0.036290496587753296,,,,,,,,
,,,,,,,,,3.41578947368421e-07,12604,,,,,,,,,
82,,,,,,,,,,12604,0.02501811273396015,,,,,,,,
,,,,,,,,,3.4092105263157896e-07,12609,,,,,,,,,
82,,,,,,,,,,12609,0.007917661219835281,,,,,,,,
,,,,,,,,,3.402631578947368e-07,12614,,,,,,,,,
82,,,,,,,,,,12614,0.016628799960017204,,,,,,,,
82,,,,,,,,,,12615,,0.737500011920929,0.7878788113594055,0.06270905584096909,0.06270905584096909,0.5247551202774048,0.7358490824699402,0.8478260636329651,0.5276316404342651
,,,,,,,,,3.3960526315789475e-07,12619,,,,,,,,,
83,,,,,,,,,,12619,0.05913069471716881,,,,,,,,
,,,,,,,,,3.389473684210526e-07,12624,,,,,,,,,
83,,,,,,,,,,12624,0.004345258232206106,,,,,,,,
,,,,,,,,,3.382894736842105e-07,12629,,,,,,,,,
83,,,,,,,,,,12629,0.05773788318037987,,,,,,,,
,,,,,,,,,3.376315789473684e-07,12634,,,,,,,,,
83,,,,,,,,,,12634,0.03214704617857933,,,,,,,,
,,,,,,,,,3.369736842105263e-07,12639,,,,,,,,,
83,,,,,,,,,,12639,0.03140871599316597,,,,,,,,
,,,,,,,,,3.3631578947368423e-07,12644,,,,,,,,,
83,,,,,,,,,,12644,0.017117219045758247,,,,,,,,
,,,,,,,,,3.3565789473684207e-07,12649,,,,,,,,,
83,,,,,,,,,,12649,0.006820678245276213,,,,,,,,
,,,,,,,,,3.35e-07,12654,,,,,,,,,
83,,,,,,,,,,12654,0.019305333495140076,,,,,,,,
,,,,,,,,,3.3434210526315786e-07,12659,,,,,,,,,
83,,,,,,,,,,12659,0.007455976214259863,,,,,,,,
,,,,,,,,,3.336842105263158e-07,12664,,,,,,,,,
83,,,,,,,,,,12664,0.014939069747924805,,,,,,,,
,,,,,,,,,3.3302631578947366e-07,12669,,,,,,,,,
83,,,,,,,,,,12669,0.03946847841143608,,,,,,,,
,,,,,,,,,3.3236842105263155e-07,12674,,,,,,,,,
83,,,,,,,,,,12674,0.020823700353503227,,,,,,,,
,,,,,,,,,3.3171052631578945e-07,12679,,,,,,,,,
83,,,,,,,,,,12679,0.013069887645542622,,,,,,,,
,,,,,,,,,3.3105263157894734e-07,12684,,,,,,,,,
83,,,,,,,,,,12684,0.03351646289229393,,,,,,,,
,,,,,,,,,3.3039473684210524e-07,12689,,,,,,,,,
83,,,,,,,,,,12689,0.005706603638827801,,,,,,,,
,,,,,,,,,3.2973684210526313e-07,12694,,,,,,,,,
83,,,,,,,,,,12694,0.035040125250816345,,,,,,,,
,,,,,,,,,3.2907894736842103e-07,12699,,,,,,,,,
83,,,,,,,,,,12699,0.01960572972893715,,,,,,,,
,,,,,,,,,3.284210526315789e-07,12704,,,,,,,,,
83,,,,,,,,,,12704,0.033931754529476166,,,,,,,,
,,,,,,,,,3.2776315789473687e-07,12709,,,,,,,,,
83,,,,,,,,,,12709,0.03579174354672432,,,,,,,,
,,,,,,,,,3.271052631578947e-07,12714,,,,,,,,,
83,,,,,,,,,,12714,0.02007368393242359,,,,,,,,
,,,,,,,,,3.2644736842105266e-07,12719,,,,,,,,,
83,,,,,,,,,,12719,0.058188725262880325,,,,,,,,
,,,,,,,,,3.257894736842105e-07,12724,,,,,,,,,
83,,,,,,,,,,12724,0.014864874072372913,,,,,,,,
,,,,,,,,,3.251315789473684e-07,12729,,,,,,,,,
83,,,,,,,,,,12729,0.011372444219887257,,,,,,,,
,,,,,,,,,3.244736842105263e-07,12734,,,,,,,,,
83,,,,,,,,,,12734,0.023298900574445724,,,,,,,,
,,,,,,,,,3.238157894736842e-07,12739,,,,,,,,,
83,,,,,,,,,,12739,0.02359027788043022,,,,,,,,
,,,,,,,,,3.231578947368421e-07,12744,,,,,,,,,
83,,,,,,,,,,12744,0.05859755724668503,,,,,,,,
,,,,,,,,,3.225e-07,12749,,,,,,,,,
83,,,,,,,,,,12749,0.018295982852578163,,,,,,,,
,,,,,,,,,3.218421052631579e-07,12754,,,,,,,,,
83,,,,,,,,,,12754,0.012702448293566704,,,,,,,,
,,,,,,,,,3.211842105263158e-07,12759,,,,,,,,,
83,,,,,,,,,,12759,0.018253834918141365,,,,,,,,
,,,,,,,,,3.2052631578947367e-07,12764,,,,,,,,,
83,,,,,,,,,,12764,0.010710570029914379,,,,,,,,
83,,,,,,,,,,12767,,0.7124999761581421,0.7628865838050842,0.06238652393221855,0.06238652393221855,0.51933354139328,0.7254902124404907,0.804347813129425,0.5192742347717285
,,,,,,,,,3.1986842105263156e-07,12769,,,,,,,,,
84,,,,,,,,,,12769,0.026637600734829903,,,,,,,,
,,,,,,,,,3.1921052631578946e-07,12774,,,,,,,,,
84,,,,,,,,,,12774,0.017258526757359505,,,,,,,,
,,,,,,,,,3.1855263157894736e-07,12779,,,,,,,,,
84,,,,,,,,,,12779,0.02122940495610237,,,,,,,,
,,,,,,,,,3.1789473684210525e-07,12784,,,,,,,,,
84,,,,,,,,,,12784,0.021493587642908096,,,,,,,,
,,,,,,,,,3.1723684210526315e-07,12789,,,,,,,,,
84,,,,,,,,,,12789,0.015595742501318455,,,,,,,,
,,,,,,,,,3.1657894736842104e-07,12794,,,,,,,,,
84,,,,,,,,,,12794,0.023706136271357536,,,,,,,,
,,,,,,,,,3.1592105263157894e-07,12799,,,,,,,,,
84,,,,,,,,,,12799,0.019652457907795906,,,,,,,,
,,,,,,,,,3.1526315789473683e-07,12804,,,,,,,,,
84,,,,,,,,,,12804,0.027713315561413765,,,,,,,,
,,,,,,,,,3.1460526315789473e-07,12809,,,,,,,,,
84,,,,,,,,,,12809,0.026716912165284157,,,,,,,,
,,,,,,,,,3.139473684210526e-07,12814,,,,,,,,,
84,,,,,,,,,,12814,0.06014559045433998,,,,,,,,
,,,,,,,,,3.1328947368421047e-07,12819,,,,,,,,,
84,,,,,,,,,,12819,0.033978935331106186,,,,,,,,
,,,,,,,,,3.126315789473684e-07,12824,,,,,,,,,
84,,,,,,,,,,12824,0.02184096723794937,,,,,,,,
,,,,,,,,,3.1197368421052626e-07,12829,,,,,,,,,
84,,,,,,,,,,12829,0.014165498316287994,,,,,,,,
,,,,,,,,,3.113157894736842e-07,12834,,,,,,,,,
84,,,,,,,,,,12834,0.007522863335907459,,,,,,,,
,,,,,,,,,3.106578947368421e-07,12839,,,,,,,,,
84,,,,,,,,,,12839,0.030322041362524033,,,,,,,,
,,,,,,,,,3.1e-07,12844,,,,,,,,,
84,,,,,,,,,,12844,0.02474462240934372,,,,,,,,
,,,,,,,,,3.093421052631579e-07,12849,,,,,,,,,
84,,,,,,,,,,12849,0.01663845218718052,,,,,,,,
,,,,,,,,,3.086842105263158e-07,12854,,,,,,,,,
84,,,,,,,,,,12854,0.024244315922260284,,,,,,,,
,,,,,,,,,3.080263157894737e-07,12859,,,,,,,,,
84,,,,,,,,,,12859,0.009648933075368404,,,,,,,,
,,,,,,,,,3.073684210526316e-07,12864,,,,,,,,,
84,,,,,,,,,,12864,0.004100149963051081,,,,,,,,
,,,,,,,,,3.067105263157895e-07,12869,,,,,,,,,
84,,,,,,,,,,12869,0.010494296438992023,,,,,,,,
,,,,,,,,,3.060526315789473e-07,12874,,,,,,,,,
84,,,,,,,,,,12874,0.042426444590091705,,,,,,,,
,,,,,,,,,3.0539473684210526e-07,12879,,,,,,,,,
84,,,,,,,,,,12879,0.019638987258076668,,,,,,,,
,,,,,,,,,3.047368421052631e-07,12884,,,,,,,,,
84,,,,,,,,,,12884,0.06096915900707245,,,,,,,,
,,,,,,,,,3.0407894736842106e-07,12889,,,,,,,,,
84,,,,,,,,,,12889,0.040756985545158386,,,,,,,,
,,,,,,,,,3.034210526315789e-07,12894,,,,,,,,,
84,,,,,,,,,,12894,0.05425598844885826,,,,,,,,
,,,,,,,,,3.0276315789473685e-07,12899,,,,,,,,,
84,,,,,,,,,,12899,0.022527115419507027,,,,,,,,
,,,,,,,,,3.021052631578947e-07,12904,,,,,,,,,
84,,,,,,,,,,12904,0.016694150865077972,,,,,,,,
,,,,,,,,,3.0144736842105264e-07,12909,,,,,,,,,
84,,,,,,,,,,12909,0.00702043017372489,,,,,,,,
,,,,,,,,,3.0078947368421053e-07,12914,,,,,,,,,
84,,,,,,,,,,12914,0.049728766083717346,,,,,,,,
,,,,,,,,,3.0013157894736843e-07,12919,,,,,,,,,
84,,,,,,,,,,12919,0.058038387447595596,,,,,,,,
84,,,,,,,,,,12919,,0.699999988079071,0.75,0.0634598582983017,0.0634598582983017,0.5273487567901611,0.7200000286102295,0.782608687877655,0.5275494456291199
,,,,,,,,,2.994736842105263e-07,12924,,,,,,,,,
85,,,,,,,,,,12924,0.026950174942612648,,,,,,,,
,,,,,,,,,2.9881578947368417e-07,12929,,,,,,,,,
85,,,,,,,,,,12929,0.03737492114305496,,,,,,,,
,,,,,,,,,2.981578947368421e-07,12934,,,,,,,,,
85,,,,,,,,,,12934,0.01421075128018856,,,,,,,,
,,,,,,,,,2.9749999999999996e-07,12939,,,,,,,,,
85,,,,,,,,,,12939,0.04432659223675728,,,,,,,,
,,,,,,,,,2.968421052631579e-07,12944,,,,,,,,,
85,,,,,,,,,,12944,0.012333175167441368,,,,,,,,
,,,,,,,,,2.9618421052631575e-07,12949,,,,,,,,,
85,,,,,,,,,,12949,0.01428138930350542,,,,,,,,
,,,,,,,,,2.955263157894737e-07,12954,,,,,,,,,
85,,,,,,,,,,12954,0.026973579078912735,,,,,,,,
,,,,,,,,,2.9486842105263154e-07,12959,,,,,,,,,
85,,,,,,,,,,12959,0.05079390108585358,,,,,,,,
,,,,,,,,,2.942105263157895e-07,12964,,,,,,,,,
85,,,,,,,,,,12964,0.03447222709655762,,,,,,,,
,,,,,,,,,2.9355263157894733e-07,12969,,,,,,,,,
85,,,,,,,,,,12969,0.01521824300289154,,,,,,,,
,,,,,,,,,2.928947368421052e-07,12974,,,,,,,,,
85,,,,,,,,,,12974,0.036578286439180374,,,,,,,,
,,,,,,,,,2.922368421052632e-07,12979,,,,,,,,,
85,,,,,,,,,,12979,0.005177727900445461,,,,,,,,
,,,,,,,,,2.91578947368421e-07,12984,,,,,,,,,
85,,,,,,,,,,12984,0.038622353225946426,,,,,,,,
,,,,,,,,,2.9092105263157896e-07,12989,,,,,,,,,
85,,,,,,,,,,12989,0.01932457834482193,,,,,,,,
,,,,,,,,,2.902631578947368e-07,12994,,,,,,,,,
85,,,,,,,,,,12994,0.013855173252522945,,,,,,,,
,,,,,,,,,2.8960526315789476e-07,12999,,,,,,,,,
85,,,,,,,,,,12999,0.04862341657280922,,,,,,,,
,,,,,,,,,2.889473684210526e-07,13004,,,,,,,,,
85,,,,,,,,,,13004,0.011754526756703854,,,,,,,,
,,,,,,,,,2.8828947368421055e-07,13009,,,,,,,,,
85,,,,,,,,,,13009,0.034339867532253265,,,,,,,,
,,,,,,,,,2.876315789473684e-07,13014,,,,,,,,,
85,,,,,,,,,,13014,0.01243769470602274,,,,,,,,
,,,,,,,,,2.8697368421052634e-07,13019,,,,,,,,,
85,,,,,,,,,,13019,0.019513363018631935,,,,,,,,
,,,,,,,,,2.863157894736842e-07,13024,,,,,,,,,
85,,,,,,,,,,13024,0.03091912530362606,,,,,,,,
,,,,,,,,,2.856578947368421e-07,13029,,,,,,,,,
85,,,,,,,,,,13029,0.009615093469619751,,,,,,,,
,,,,,,,,,2.8499999999999997e-07,13034,,,,,,,,,
85,,,,,,,,,,13034,0.02632429450750351,,,,,,,,
,,,,,,,,,2.8434210526315787e-07,13039,,,,,,,,,
85,,,,,,,,,,13039,0.0056386468932032585,,,,,,,,
,,,,,,,,,2.836842105263158e-07,13044,,,,,,,,,
85,,,,,,,,,,13044,0.06536047160625458,,,,,,,,
,,,,,,,,,2.8302631578947366e-07,13049,,,,,,,,,
85,,,,,,,,,,13049,0.04655717313289642,,,,,,,,
,,,,,,,,,2.823684210526316e-07,13054,,,,,,,,,
85,,,,,,,,,,13054,0.014874069951474667,,,,,,,,
,,,,,,,,,2.8171052631578945e-07,13059,,,,,,,,,
85,,,,,,,,,,13059,0.02312890812754631,,,,,,,,
,,,,,,,,,2.810526315789474e-07,13064,,,,,,,,,
85,,,,,,,,,,13064,0.04751018062233925,,,,,,,,
,,,,,,,,,2.8039473684210524e-07,13069,,,,,,,,,
85,,,,,,,,,,13069,0.008869673125445843,,,,,,,,
85,,,,,,,,,,13071,,0.737500011920929,0.7835051417350769,0.06290069967508316,0.06290069967508316,0.5295565128326416,0.7450980544090271,0.8260869383811951,0.533148467540741
,,,,,,,,,2.7973684210526313e-07,13074,,,,,,,,,
86,,,,,,,,,,13074,0.04127689078450203,,,,,,,,
,,,,,,,,,2.7907894736842103e-07,13079,,,,,,,,,
86,,,,,,,,,,13079,0.006227478850632906,,,,,,,,
,,,,,,,,,2.784210526315789e-07,13084,,,,,,,,,
86,,,,,,,,,,13084,0.054455049335956573,,,,,,,,
,,,,,,,,,2.777631578947368e-07,13089,,,,,,,,,
86,,,,,,,,,,13089,0.07508034259080887,,,,,,,,
,,,,,,,,,2.771052631578947e-07,13094,,,,,,,,,
86,,,,,,,,,,13094,0.022030837833881378,,,,,,,,
,,,,,,,,,2.764473684210526e-07,13099,,,,,,,,,
86,,,,,,,,,,13099,0.013584159314632416,,,,,,,,
,,,,,,,,,2.757894736842105e-07,13104,,,,,,,,,
86,,,,,,,,,,13104,0.02789130061864853,,,,,,,,
,,,,,,,,,2.751315789473684e-07,13109,,,,,,,,,
86,,,,,,,,,,13109,0.009425550699234009,,,,,,,,
,,,,,,,,,2.744736842105263e-07,13114,,,,,,,,,
86,,,,,,,,,,13114,0.011808404698967934,,,,,,,,
,,,,,,,,,2.7381578947368425e-07,13119,,,,,,,,,
86,,,,,,,,,,13119,0.010454460978507996,,,,,,,,
,,,,,,,,,2.731578947368421e-07,13124,,,,,,,,,
86,,,,,,,,,,13124,0.025445017963647842,,,,,,,,
,,,,,,,,,2.725e-07,13129,,,,,,,,,
86,,,,,,,,,,13129,0.05265234038233757,,,,,,,,
,,,,,,,,,2.718421052631579e-07,13134,,,,,,,,,
86,,,,,,,,,,13134,0.017006738111376762,,,,,,,,
,,,,,,,,,2.711842105263158e-07,13139,,,,,,,,,
86,,,,,,,,,,13139,0.009122991934418678,,,,,,,,
,,,,,,,,,2.7052631578947367e-07,13144,,,,,,,,,
86,,,,,,,,,,13144,0.007134329527616501,,,,,,,,
,,,,,,,,,2.6986842105263157e-07,13149,,,,,,,,,
86,,,,,,,,,,13149,0.044314175844192505,,,,,,,,
,,,,,,,,,2.6921052631578946e-07,13154,,,,,,,,,
86,,,,,,,,,,13154,0.04243751987814903,,,,,,,,
,,,,,,,,,2.6855263157894736e-07,13159,,,,,,,,,
86,,,,,,,,,,13159,0.014275850728154182,,,,,,,,
,,,,,,,,,2.6789473684210525e-07,13164,,,,,,,,,
86,,,,,,,,,,13164,0.01834391988813877,,,,,,,,
,,,,,,,,,2.6723684210526315e-07,13169,,,,,,,,,
86,,,,,,,,,,13169,0.029985707253217697,,,,,,,,
,,,,,,,,,2.66578947368421e-07,13174,,,,,,,,,
86,,,,,,,,,,13174,0.0220977533608675,,,,,,,,
,,,,,,,,,2.6592105263157894e-07,13179,,,,,,,,,
86,,,,,,,,,,13179,0.03294185549020767,,,,,,,,
,,,,,,,,,2.6526315789473684e-07,13184,,,,,,,,,
86,,,,,,,,,,13184,0.009035776369273663,,,,,,,,
,,,,,,,,,2.6460526315789473e-07,13189,,,,,,,,,
86,,,,,,,,,,13189,0.05145988240838051,,,,,,,,
,,,,,,,,,2.639473684210526e-07,13194,,,,,,,,,
86,,,,,,,,,,13194,0.015868961811065674,,,,,,,,
,,,,,,,,,2.632894736842105e-07,13199,,,,,,,,,
86,,,,,,,,,,13199,0.02414673939347267,,,,,,,,
,,,,,,,,,2.626315789473684e-07,13204,,,,,,,,,
86,,,,,,,,,,13204,0.03148230165243149,,,,,,,,
,,,,,,,,,2.619736842105263e-07,13209,,,,,,,,,
86,,,,,,,,,,13209,0.03288884833455086,,,,,,,,
,,,,,,,,,2.613157894736842e-07,13214,,,,,,,,,
86,,,,,,,,,,13214,0.025614432990550995,,,,,,,,
,,,,,,,,,2.6065789473684205e-07,13219,,,,,,,,,
86,,,,,,,,,,13219,0.022804150357842445,,,,,,,,
86,,,,,,,,,,13223,,0.7250000238418579,0.7755101919174194,0.06398910284042358,0.06398910284042358,0.5291296243667603,0.7307692170143127,0.8260869383811951,0.5321859121322632
,,,,,,,,,2.6e-07,13224,,,,,,,,,
87,,,,,,,,,,13224,0.10165879130363464,,,,,,,,
,,,,,,,,,2.5934210526315784e-07,13229,,,,,,,,,
87,,,,,,,,,,13229,0.016315003857016563,,,,,,,,
,,,,,,,,,2.586842105263158e-07,13234,,,,,,,,,
87,,,,,,,,,,13234,0.03811190649867058,,,,,,,,
,,,,,,,,,2.5802631578947363e-07,13239,,,,,,,,,
87,,,,,,,,,,13239,0.04629240930080414,,,,,,,,
,,,,,,,,,2.573684210526316e-07,13244,,,,,,,,,
87,,,,,,,,,,13244,0.021971236914396286,,,,,,,,
,,,,,,,,,2.567105263157895e-07,13249,,,,,,,,,
87,,,,,,,,,,13249,0.021993251517415047,,,,,,,,
,,,,,,,,,2.5605263157894737e-07,13254,,,,,,,,,
87,,,,,,,,,,13254,0.04261740669608116,,,,,,,,
,,,,,,,,,2.5539473684210527e-07,13259,,,,,,,,,
87,,,,,,,,,,13259,0.052670106291770935,,,,,,,,
,,,,,,,,,2.5473684210526316e-07,13264,,,,,,,,,
87,,,,,,,,,,13264,0.014028526842594147,,,,,,,,
,,,,,,,,,2.5407894736842106e-07,13269,,,,,,,,,
87,,,,,,,,,,13269,0.014947780407965183,,,,,,,,
,,,,,,,,,2.534210526315789e-07,13274,,,,,,,,,
87,,,,,,,,,,13274,0.02025768719613552,,,,,,,,
,,,,,,,,,2.5276315789473685e-07,13279,,,,,,,,,
87,,,,,,,,,,13279,0.009216985665261745,,,,,,,,
,,,,,,,,,2.521052631578947e-07,13284,,,,,,,,,
87,,,,,,,,,,13284,0.018543627113103867,,,,,,,,
,,,,,,,,,2.5144736842105264e-07,13289,,,,,,,,,
87,,,,,,,,,,13289,0.01711130328476429,,,,,,,,
,,,,,,,,,2.507894736842105e-07,13294,,,,,,,,,
87,,,,,,,,,,13294,0.04413839802145958,,,,,,,,
,,,,,,,,,2.5013157894736843e-07,13299,,,,,,,,,
87,,,,,,,,,,13299,0.024501292034983635,,,,,,,,
,,,,,,,,,2.494736842105263e-07,13304,,,,,,,,,
87,,,,,,,,,,13304,0.016763882711529732,,,,,,,,
,,,,,,,,,2.488157894736842e-07,13309,,,,,,,,,
87,,,,,,,,,,13309,0.02353661321103573,,,,,,,,
,,,,,,,,,2.481578947368421e-07,13314,,,,,,,,,
87,,,,,,,,,,13314,0.028804456815123558,,,,,,,,
,,,,,,,,,2.475e-07,13319,,,,,,,,,
87,,,,,,,,,,13319,0.022668950259685516,,,,,,,,
,,,,,,,,,2.4684210526315786e-07,13324,,,,,,,,,
87,,,,,,,,,,13324,0.03126636520028114,,,,,,,,
,,,,,,,,,2.4618421052631575e-07,13329,,,,,,,,,
87,,,,,,,,,,13329,0.015592281706631184,,,,,,,,
,,,,,,,,,2.4552631578947365e-07,13334,,,,,,,,,
87,,,,,,,,,,13334,0.021021971479058266,,,,,,,,
,,,,,,,,,2.4486842105263154e-07,13339,,,,,,,,,
87,,,,,,,,,,13339,0.02022339589893818,,,,,,,,
,,,,,,,,,2.4421052631578944e-07,13344,,,,,,,,,
87,,,,,,,,,,13344,0.05199664086103439,,,,,,,,
,,,,,,,,,2.435526315789474e-07,13349,,,,,,,,,
87,,,,,,,,,,13349,0.025343285873532295,,,,,,,,
,,,,,,,,,2.428947368421053e-07,13354,,,,,,,,,
87,,,,,,,,,,13354,0.022711845114827156,,,,,,,,
,,,,,,,,,2.422368421052632e-07,13359,,,,,,,,,
87,,,,,,,,,,13359,0.028135860338807106,,,,,,,,
,,,,,,,,,2.4157894736842107e-07,13364,,,,,,,,,
87,,,,,,,,,,13364,0.007604660000652075,,,,,,,,
,,,,,,,,,2.4092105263157897e-07,13369,,,,,,,,,
87,,,,,,,,,,13369,0.006491569336503744,,,,,,,,
,,,,,,,,,2.402631578947368e-07,13374,,,,,,,,,
87,,,,,,,,,,13374,0.01970415562391281,,,,,,,,
87,,,,,,,,,,13375,,0.737500011920929,0.7878788113594055,0.06375689804553986,0.06375689804553986,0.5364647507667542,0.7358490824699402,0.8478260636329651,0.5416232943534851
,,,,,,,,,2.396052631578947e-07,13379,,,,,,,,,
88,,,,,,,,,,13379,0.023049917072057724,,,,,,,,
,,,,,,,,,2.389473684210526e-07,13384,,,,,,,,,
88,,,,,,,,,,13384,0.005595646798610687,,,,,,,,
,,,,,,,,,2.3828947368421052e-07,13389,,,,,,,,,
88,,,,,,,,,,13389,0.010002094320952892,,,,,,,,
,,,,,,,,,2.3763157894736842e-07,13394,,,,,,,,,
88,,,,,,,,,,13394,0.01710178703069687,,,,,,,,
,,,,,,,,,2.369736842105263e-07,13399,,,,,,,,,
88,,,,,,,,,,13399,0.011047141626477242,,,,,,,,
,,,,,,,,,2.3631578947368418e-07,13404,,,,,,,,,
88,,,,,,,,,,13404,0.010870433412492275,,,,,,,,
,,,,,,,,,2.3565789473684208e-07,13409,,,,,,,,,
88,,,,,,,,,,13409,0.0029308137018233538,,,,,,,,
,,,,,,,,,2.3499999999999997e-07,13414,,,,,,,,,
88,,,,,,,,,,13414,0.030000874772667885,,,,,,,,
,,,,,,,,,2.343421052631579e-07,13419,,,,,,,,,
88,,,,,,,,,,13419,0.02073987014591694,,,,,,,,
,,,,,,,,,2.336842105263158e-07,13424,,,,,,,,,
88,,,,,,,,,,13424,0.010271601378917694,,,,,,,,
,,,,,,,,,2.3302631578947369e-07,13429,,,,,,,,,
88,,,,,,,,,,13429,0.03941406309604645,,,,,,,,
,,,,,,,,,2.3236842105263158e-07,13434,,,,,,,,,
88,,,,,,,,,,13434,0.053054146468639374,,,,,,,,
,,,,,,,,,2.3171052631578948e-07,13439,,,,,,,,,
88,,,,,,,,,,13439,0.03829402104020119,,,,,,,,
,,,,,,,,,2.3105263157894737e-07,13444,,,,,,,,,
88,,,,,,,,,,13444,0.02800646983087063,,,,,,,,
,,,,,,,,,2.3039473684210524e-07,13449,,,,,,,,,
88,,,,,,,,,,13449,0.023046493530273438,,,,,,,,
,,,,,,,,,2.2973684210526314e-07,13454,,,,,,,,,
88,,,,,,,,,,13454,0.00812895130366087,,,,,,,,
,,,,,,,,,2.2907894736842103e-07,13459,,,,,,,,,
88,,,,,,,,,,13459,0.02536116912961006,,,,,,,,
,,,,,,,,,2.2842105263157893e-07,13464,,,,,,,,,
88,,,,,,,,,,13464,0.007906516082584858,,,,,,,,
,,,,,,,,,2.2776315789473682e-07,13469,,,,,,,,,
88,,,,,,,,,,13469,0.03773918375372887,,,,,,,,
,,,,,,,,,2.2710526315789472e-07,13474,,,,,,,,,
88,,,,,,,,,,13474,0.03065168857574463,,,,,,,,
,,,,,,,,,2.2644736842105261e-07,13479,,,,,,,,,
88,,,,,,,,,,13479,0.016638655215501785,,,,,,,,
,,,,,,,,,2.2578947368421054e-07,13484,,,,,,,,,
88,,,,,,,,,,13484,0.048588745296001434,,,,,,,,
,,,,,,,,,2.2513157894736843e-07,13489,,,,,,,,,
88,,,,,,,,,,13489,0.018027156591415405,,,,,,,,
,,,,,,,,,2.2447368421052633e-07,13494,,,,,,,,,
88,,,,,,,,,,13494,0.014399737119674683,,,,,,,,
,,,,,,,,,2.238157894736842e-07,13499,,,,,,,,,
88,,,,,,,,,,13499,0.017718270421028137,,,,,,,,
,,,,,,,,,2.231578947368421e-07,13504,,,,,,,,,
88,,,,,,,,,,13504,0.04163859039545059,,,,,,,,
,,,,,,,,,2.225e-07,13509,,,,,,,,,
88,,,,,,,,,,13509,0.01466395054012537,,,,,,,,
,,,,,,,,,2.2184210526315788e-07,13514,,,,,,,,,
88,,,,,,,,,,13514,0.03464052826166153,,,,,,,,
,,,,,,,,,2.2118421052631578e-07,13519,,,,,,,,,
88,,,,,,,,,,13519,0.02399314008653164,,,,,,,,
,,,,,,,,,2.2052631578947367e-07,13524,,,,,,,,,
88,,,,,,,,,,13524,0.011782435700297356,,,,,,,,
88,,,,,,,,,,13527,,0.75,0.800000011920929,0.0632915049791336,0.0632915049791336,0.5233877897262573,0.7407407164573669,0.8695651888847351,0.5292514562606812
,,,,,,,,,2.1986842105263157e-07,13529,,,,,,,,,
89,,,,,,,,,,13529,0.04300849884748459,,,,,,,,
,,,,,,,,,2.1921052631578946e-07,13534,,,,,,,,,
89,,,,,,,,,,13534,0.10628504306077957,,,,,,,,
,,,,,,,,,2.1855263157894736e-07,13539,,,,,,,,,
89,,,,,,,,,,13539,0.04462751746177673,,,,,,,,
,,,,,,,,,2.1789473684210526e-07,13544,,,,,,,,,
89,,,,,,,,,,13544,0.01973317377269268,,,,,,,,
,,,,,,,,,2.1723684210526312e-07,13549,,,,,,,,,
89,,,,,,,,,,13549,0.03861624747514725,,,,,,,,
,,,,,,,,,2.1657894736842105e-07,13554,,,,,,,,,
89,,,,,,,,,,13554,0.021517504006624222,,,,,,,,
,,,,,,,,,2.1592105263157894e-07,13559,,,,,,,,,
89,,,,,,,,,,13559,0.03029504232108593,,,,,,,,
,,,,,,,,,2.1526315789473684e-07,13564,,,,,,,,,
89,,,,,,,,,,13564,0.04162461683154106,,,,,,,,
,,,,,,,,,2.1460526315789473e-07,13569,,,,,,,,,
89,,,,,,,,,,13569,0.013672923669219017,,,,,,,,
,,,,,,,,,2.1394736842105263e-07,13574,,,,,,,,,
89,,,,,,,,,,13574,0.003353631589561701,,,,,,,,
,,,,,,,,,2.1328947368421052e-07,13579,,,,,,,,,
89,,,,,,,,,,13579,0.01679769717156887,,,,,,,,
,,,,,,,,,2.1263157894736842e-07,13584,,,,,,,,,
89,,,,,,,,,,13584,0.0614686943590641,,,,,,,,
,,,,,,,,,2.1197368421052631e-07,13589,,,,,,,,,
89,,,,,,,,,,13589,0.011270246468484402,,,,,,,,
,,,,,,,,,2.113157894736842e-07,13594,,,,,,,,,
89,,,,,,,,,,13594,0.009280308149755001,,,,,,,,
,,,,,,,,,2.1065789473684208e-07,13599,,,,,,,,,
89,,,,,,,,,,13599,0.042728129774332047,,,,,,,,
,,,,,,,,,2.0999999999999997e-07,13604,,,,,,,,,
89,,,,,,,,,,13604,0.003549254732206464,,,,,,,,
,,,,,,,,,2.0934210526315787e-07,13609,,,,,,,,,
89,,,,,,,,,,13609,0.01048017106950283,,,,,,,,
,,,,,,,,,2.0868421052631577e-07,13614,,,,,,,,,
89,,,,,,,,,,13614,0.022462384775280952,,,,,,,,
,,,,,,,,,2.080263157894737e-07,13619,,,,,,,,,
89,,,,,,,,,,13619,0.039206746965646744,,,,,,,,
,,,,,,,,,2.0736842105263158e-07,13624,,,,,,,,,
89,,,,,,,,,,13624,0.019025517627596855,,,,,,,,
,,,,,,,,,2.0671052631578948e-07,13629,,,,,,,,,
89,,,,,,,,,,13629,0.017115678638219833,,,,,,,,
,,,,,,,,,2.0605263157894737e-07,13634,,,,,,,,,
89,,,,,,,,,,13634,0.004107531625777483,,,,,,,,
,,,,,,,,,2.0539473684210527e-07,13639,,,,,,,,,
89,,,,,,,,,,13639,0.018010010942816734,,,,,,,,
,,,,,,,,,2.0473684210526316e-07,13644,,,,,,,,,
89,,,,,,,,,,13644,0.018352778628468513,,,,,,,,
,,,,,,,,,2.0407894736842103e-07,13649,,,,,,,,,
89,,,,,,,,,,13649,0.016844769939780235,,,,,,,,
,,,,,,,,,2.0342105263157893e-07,13654,,,,,,,,,
89,,,,,,,,,,13654,0.011335372924804688,,,,,,,,
,,,,,,,,,2.0276315789473682e-07,13659,,,,,,,,,
89,,,,,,,,,,13659,0.03423517942428589,,,,,,,,
,,,,,,,,,2.0210526315789472e-07,13664,,,,,,,,,
89,,,,,,,,,,13664,0.014653890393674374,,,,,,,,
,,,,,,,,,2.0144736842105262e-07,13669,,,,,,,,,
89,,,,,,,,,,13669,0.005895203445106745,,,,,,,,
,,,,,,,,,2.007894736842105e-07,13674,,,,,,,,,
89,,,,,,,,,,13674,0.01566297747194767,,,,,,,,
,,,,,,,,,2.001315789473684e-07,13679,,,,,,,,,
89,,,,,,,,,,13679,0.052414778620004654,,,,,,,,
89,,,,,,,,,,13679,,0.737500011920929,0.7878788113594055,0.06335538625717163,0.06335538625717163,0.5422304272651672,0.7358490824699402,0.8478260636329651,0.5404024720191956
,,,,,,,,,1.994736842105263e-07,13684,,,,,,,,,
90,,,,,,,,,,13684,0.03164823353290558,,,,,,,,
,,,,,,,,,1.9881578947368422e-07,13689,,,,,,,,,
90,,,,,,,,,,13689,0.023730291053652763,,,,,,,,
,,,,,,,,,1.9815789473684212e-07,13694,,,,,,,,,
90,,,,,,,,,,13694,0.032413024455308914,,,,,,,,
,,,,,,,,,1.975e-07,13699,,,,,,,,,
90,,,,,,,,,,13699,0.01290600560605526,,,,,,,,
,,,,,,,,,1.9684210526315788e-07,13704,,,,,,,,,
90,,,,,,,,,,13704,0.02727493643760681,,,,,,,,
,,,,,,,,,1.9618421052631578e-07,13709,,,,,,,,,
90,,,,,,,,,,13709,0.03032279759645462,,,,,,,,
,,,,,,,,,1.9552631578947367e-07,13714,,,,,,,,,
90,,,,,,,,,,13714,0.019321998581290245,,,,,,,,
,,,,,,,,,1.9486842105263157e-07,13719,,,,,,,,,
90,,,,,,,,,,13719,0.025272604078054428,,,,,,,,
,,,,,,,,,1.9421052631578947e-07,13724,,,,,,,,,
90,,,,,,,,,,13724,0.03320099040865898,,,,,,,,
,,,,,,,,,1.9355263157894736e-07,13729,,,,,,,,,
90,,,,,,,,,,13729,0.017329927533864975,,,,,,,,
,,,,,,,,,1.9289473684210526e-07,13734,,,,,,,,,
90,,,,,,,,,,13734,0.014636224135756493,,,,,,,,
,,,,,,,,,1.9223684210526315e-07,13739,,,,,,,,,
90,,,,,,,,,,13739,0.01935483142733574,,,,,,,,
,,,,,,,,,1.9157894736842105e-07,13744,,,,,,,,,
90,,,,,,,,,,13744,0.013822278007864952,,,,,,,,
,,,,,,,,,1.9092105263157892e-07,13749,,,,,,,,,
90,,,,,,,,,,13749,0.026182396337389946,,,,,,,,
,,,,,,,,,1.902631578947368e-07,13754,,,,,,,,,
90,,,,,,,,,,13754,0.01879855804145336,,,,,,,,
,,,,,,,,,1.8960526315789473e-07,13759,,,,,,,,,
90,,,,,,,,,,13759,0.05948617309331894,,,,,,,,
,,,,,,,,,1.8894736842105263e-07,13764,,,,,,,,,
90,,,,,,,,,,13764,0.015416176989674568,,,,,,,,
,,,,,,,,,1.8828947368421052e-07,13769,,,,,,,,,
90,,,,,,,,,,13769,0.031421635299921036,,,,,,,,
,,,,,,,,,1.8763157894736842e-07,13774,,,,,,,,,
90,,,,,,,,,,13774,0.02205207571387291,,,,,,,,
,,,,,,,,,1.8697368421052632e-07,13779,,,,,,,,,
90,,,,,,,,,,13779,0.011782653629779816,,,,,,,,
,,,,,,,,,1.863157894736842e-07,13784,,,,,,,,,
90,,,,,,,,,,13784,0.02481197752058506,,,,,,,,
,,,,,,,,,1.856578947368421e-07,13789,,,,,,,,,
90,,,,,,,,,,13789,0.01183302327990532,,,,,,,,
,,,,,,,,,1.85e-07,13794,,,,,,,,,
90,,,,,,,,,,13794,0.03397434204816818,,,,,,,,
,,,,,,,,,1.8434210526315787e-07,13799,,,,,,,,,
90,,,,,,,,,,13799,0.01526531670242548,,,,,,,,
,,,,,,,,,1.8368421052631577e-07,13804,,,,,,,,,
90,,,,,,,,,,13804,0.011745967902243137,,,,,,,,
,,,,,,,,,1.8302631578947366e-07,13809,,,,,,,,,
90,,,,,,,,,,13809,0.013034937903285027,,,,,,,,
,,,,,,,,,1.8236842105263156e-07,13814,,,,,,,,,
90,,,,,,,,,,13814,0.01947399042546749,,,,,,,,
,,,,,,,,,1.8171052631578945e-07,13819,,,,,,,,,
90,,,,,,,,,,13819,0.014305692166090012,,,,,,,,
,,,,,,,,,1.8105263157894737e-07,13824,,,,,,,,,
90,,,,,,,,,,13824,0.020544013008475304,,,,,,,,
,,,,,,,,,1.8039473684210527e-07,13829,,,,,,,,,
90,,,,,,,,,,13829,0.025826573371887207,,,,,,,,
90,,,,,,,,,,13831,,0.737500011920929,0.7878788113594055,0.06165312975645065,0.06165312975645065,0.5417176485061646,0.7358490824699402,0.8478260636329651,0.5517882704734802
,,,,,,,,,1.7973684210526317e-07,13834,,,,,,,,,
91,,,,,,,,,,13834,0.029281381517648697,,,,,,,,
,,,,,,,,,1.7907894736842106e-07,13839,,,,,,,,,
91,,,,,,,,,,13839,0.028874026611447334,,,,,,,,
,,,,,,,,,1.7842105263157896e-07,13844,,,,,,,,,
91,,,,,,,,,,13844,0.033725470304489136,,,,,,,,
,,,,,,,,,1.7776315789473683e-07,13849,,,,,,,,,
91,,,,,,,,,,13849,0.021410977467894554,,,,,,,,
,,,,,,,,,1.7710526315789472e-07,13854,,,,,,,,,
91,,,,,,,,,,13854,0.009463507682085037,,,,,,,,
,,,,,,,,,1.7644736842105262e-07,13859,,,,,,,,,
91,,,,,,,,,,13859,0.013049090281128883,,,,,,,,
,,,,,,,,,1.757894736842105e-07,13864,,,,,,,,,
91,,,,,,,,,,13864,0.014598147012293339,,,,,,,,
,,,,,,,,,1.751315789473684e-07,13869,,,,,,,,,
91,,,,,,,,,,13869,0.014923028647899628,,,,,,,,
,,,,,,,,,1.744736842105263e-07,13874,,,,,,,,,
91,,,,,,,,,,13874,0.029814260080456734,,,,,,,,
,,,,,,,,,1.738157894736842e-07,13879,,,,,,,,,
91,,,,,,,,,,13879,0.006626383401453495,,,,,,,,
,,,,,,,,,1.731578947368421e-07,13884,,,,,,,,,
91,,,,,,,,,,13884,0.008816655725240707,,,,,,,,
,,,,,,,,,1.725e-07,13889,,,,,,,,,
91,,,,,,,,,,13889,0.020718440413475037,,,,,,,,
,,,,,,,,,1.718421052631579e-07,13894,,,,,,,,,
91,,,,,,,,,,13894,0.010764000937342644,,,,,,,,
,,,,,,,,,1.7118421052631578e-07,13899,,,,,,,,,
91,,,,,,,,,,13899,0.015278906561434269,,,,,,,,
,,,,,,,,,1.7052631578947368e-07,13904,,,,,,,,,
91,,,,,,,,,,13904,0.0444733165204525,,,,,,,,
,,,,,,,,,1.6986842105263157e-07,13909,,,,,,,,,
91,,,,,,,,,,13909,0.009315605275332928,,,,,,,,
,,,,,,,,,1.6921052631578947e-07,13914,,,,,,,,,
91,,,,,,,,,,13914,0.03072945401072502,,,,,,,,
,,,,,,,,,1.6855263157894736e-07,13919,,,,,,,,,
91,,,,,,,,,,13919,0.051332540810108185,,,,,,,,
,,,,,,,,,1.6789473684210526e-07,13924,,,,,,,,,
91,,,,,,,,,,13924,0.013233480975031853,,,,,,,,
,,,,,,,,,1.6723684210526315e-07,13929,,,,,,,,,
91,,,,,,,,,,13929,0.010265643708407879,,,,,,,,
,,,,,,,,,1.6657894736842105e-07,13934,,,,,,,,,
91,,,,,,,,,,13934,0.024086685851216316,,,,,,,,
,,,,,,,,,1.6592105263157894e-07,13939,,,,,,,,,
91,,,,,,,,,,13939,0.07537709921598434,,,,,,,,
,,,,,,,,,1.6526315789473684e-07,13944,,,,,,,,,
91,,,,,,,,,,13944,0.058494143187999725,,,,,,,,
,,,,,,,,,1.646052631578947e-07,13949,,,,,,,,,
91,,,,,,,,,,13949,0.022457169368863106,,,,,,,,
,,,,,,,,,1.639473684210526e-07,13954,,,,,,,,,
91,,,,,,,,,,13954,0.01954074576497078,,,,,,,,
,,,,,,,,,1.6328947368421053e-07,13959,,,,,,,,,
91,,,,,,,,,,13959,0.02850976400077343,,,,,,,,
,,,,,,,,,1.6263157894736842e-07,13964,,,,,,,,,
91,,,,,,,,,,13964,0.011440647765994072,,,,,,,,
,,,,,,,,,1.6197368421052632e-07,13969,,,,,,,,,
91,,,,,,,,,,13969,0.011949500069022179,,,,,,,,
,,,,,,,,,1.613157894736842e-07,13974,,,,,,,,,
91,,,,,,,,,,13974,0.05170142650604248,,,,,,,,
,,,,,,,,,1.606578947368421e-07,13979,,,,,,,,,
91,,,,,,,,,,13979,0.013863368891179562,,,,,,,,
91,,,,,,,,,,13983,,0.737500011920929,0.7878788113594055,0.06207359954714775,0.06207359954714775,0.5345855355262756,0.7358490824699402,0.8478260636329651,0.549828052520752
,,,,,,,,,1.6e-07,13984,,,,,,,,,
92,,,,,,,,,,13984,0.02694331295788288,,,,,,,,
,,,,,,,,,1.593421052631579e-07,13989,,,,,,,,,
92,,,,,,,,,,13989,0.023445872589945793,,,,,,,,
,,,,,,,,,1.586842105263158e-07,13994,,,,,,,,,
92,,,,,,,,,,13994,0.010400969535112381,,,,,,,,
,,,,,,,,,1.5802631578947366e-07,13999,,,,,,,,,
92,,,,,,,,,,13999,0.02842157520353794,,,,,,,,
,,,,,,,,,1.5736842105263156e-07,14004,,,,,,,,,
92,,,,,,,,,,14004,0.01934158056974411,,,,,,,,
,,,,,,,,,1.5671052631578945e-07,14009,,,,,,,,,
92,,,,,,,,,,14009,0.024217022582888603,,,,,,,,
,,,,,,,,,1.5605263157894735e-07,14014,,,,,,,,,
92,,,,,,,,,,14014,0.02466703951358795,,,,,,,,
,,,,,,,,,1.5539473684210525e-07,14019,,,,,,,,,
92,,,,,,,,,,14019,0.01081637479364872,,,,,,,,
,,,,,,,,,1.5473684210526314e-07,14024,,,,,,,,,
92,,,,,,,,,,14024,0.016101188957691193,,,,,,,,
,,,,,,,,,1.5407894736842106e-07,14029,,,,,,,,,
92,,,,,,,,,,14029,0.013877238146960735,,,,,,,,
,,,,,,,,,1.5342105263157896e-07,14034,,,,,,,,,
92,,,,,,,,,,14034,0.02038831263780594,,,,,,,,
,,,,,,,,,1.5276315789473685e-07,14039,,,,,,,,,
92,,,,,,,,,,14039,0.021136851981282234,,,,,,,,
,,,,,,,,,1.5210526315789475e-07,14044,,,,,,,,,
92,,,,,,,,,,14044,0.04651440307497978,,,,,,,,
,,,,,,,,,1.5144736842105262e-07,14049,,,,,,,,,
92,,,,,,,,,,14049,0.007981199771165848,,,,,,,,
,,,,,,,,,1.5078947368421051e-07,14054,,,,,,,,,
92,,,,,,,,,,14054,0.0348113477230072,,,,,,,,
,,,,,,,,,1.501315789473684e-07,14059,,,,,,,,,
92,,,,,,,,,,14059,0.014327102340757847,,,,,,,,
,,,,,,,,,1.494736842105263e-07,14064,,,,,,,,,
92,,,,,,,,,,14064,0.02174553833901882,,,,,,,,
,,,,,,,,,1.488157894736842e-07,14069,,,,,,,,,
92,,,,,,,,,,14069,0.02483905665576458,,,,,,,,
,,,,,,,,,1.481578947368421e-07,14074,,,,,,,,,
92,,,,,,,,,,14074,0.01954701915383339,,,,,,,,
,,,,,,,,,1.475e-07,14079,,,,,,,,,
92,,,,,,,,,,14079,0.011146413162350655,,,,,,,,
,,,,,,,,,1.4684210526315789e-07,14084,,,,,,,,,
92,,,,,,,,,,14084,0.02078697644174099,,,,,,,,
,,,,,,,,,1.4618421052631578e-07,14089,,,,,,,,,
92,,,,,,,,,,14089,0.006483504083007574,,,,,,,,
,,,,,,,,,1.455263157894737e-07,14094,,,,,,,,,
92,,,,,,,,,,14094,0.03321708366274834,,,,,,,,
,,,,,,,,,1.4486842105263157e-07,14099,,,,,,,,,
92,,,,,,,,,,14099,0.023787062615156174,,,,,,,,
,,,,,,,,,1.4421052631578947e-07,14104,,,,,,,,,
92,,,,,,,,,,14104,0.008761122822761536,,,,,,,,
,,,,,,,,,1.4355263157894736e-07,14109,,,,,,,,,
92,,,,,,,,,,14109,0.027785899117588997,,,,,,,,
,,,,,,,,,1.4289473684210526e-07,14114,,,,,,,,,
92,,,,,,,,,,14114,0.014542677439749241,,,,,,,,
,,,,,,,,,1.4223684210526315e-07,14119,,,,,,,,,
92,,,,,,,,,,14119,0.007075132802128792,,,,,,,,
,,,,,,,,,1.4157894736842105e-07,14124,,,,,,,,,
92,,,,,,,,,,14124,0.006906338967382908,,,,,,,,
,,,,,,,,,1.4092105263157895e-07,14129,,,,,,,,,
92,,,,,,,,,,14129,0.03855862468481064,,,,,,,,
,,,,,,,,,1.4026315789473684e-07,14134,,,,,,,,,
92,,,,,,,,,,14134,0.01902581937611103,,,,,,,,
92,,,,,,,,,,14135,,0.75,0.795918345451355,0.061971306800842285,0.061971306800842285,0.537803053855896,0.75,0.8478260636329651,0.5502740740776062
,,,,,,,,,1.3960526315789474e-07,14139,,,,,,,,,
93,,,,,,,,,,14139,0.022817986086010933,,,,,,,,
,,,,,,,,,1.3894736842105263e-07,14144,,,,,,,,,
93,,,,,,,,,,14144,0.013666481710970402,,,,,,,,
,,,,,,,,,1.382894736842105e-07,14149,,,,,,,,,
93,,,,,,,,,,14149,0.01678449660539627,,,,,,,,
,,,,,,,,,1.376315789473684e-07,14154,,,,,,,,,
93,,,,,,,,,,14154,0.03140438348054886,,,,,,,,
,,,,,,,,,1.369736842105263e-07,14159,,,,,,,,,
93,,,,,,,,,,14159,0.008432556875050068,,,,,,,,
,,,,,,,,,1.3631578947368421e-07,14164,,,,,,,,,
93,,,,,,,,,,14164,0.039721451699733734,,,,,,,,
,,,,,,,,,1.356578947368421e-07,14169,,,,,,,,,
93,,,,,,,,,,14169,0.014279286377131939,,,,,,,,
,,,,,,,,,1.35e-07,14174,,,,,,,,,
93,,,,,,,,,,14174,0.023197563365101814,,,,,,,,
,,,,,,,,,1.343421052631579e-07,14179,,,,,,,,,
93,,,,,,,,,,14179,0.0446142740547657,,,,,,,,
,,,,,,,,,1.336842105263158e-07,14184,,,,,,,,,
93,,,,,,,,,,14184,0.027787860482931137,,,,,,,,
,,,,,,,,,1.330263157894737e-07,14189,,,,,,,,,
93,,,,,,,,,,14189,0.02116342820227146,,,,,,,,
,,,,,,,,,1.3236842105263159e-07,14194,,,,,,,,,
93,,,,,,,,,,14194,0.024348877370357513,,,,,,,,
,,,,,,,,,1.3171052631578946e-07,14199,,,,,,,,,
93,,,,,,,,,,14199,0.013068641535937786,,,,,,,,
,,,,,,,,,1.3105263157894735e-07,14204,,,,,,,,,
93,,,,,,,,,,14204,0.007667399011552334,,,,,,,,
,,,,,,,,,1.3039473684210525e-07,14209,,,,,,,,,
93,,,,,,,,,,14209,0.022105131298303604,,,,,,,,
,,,,,,,,,1.2973684210526314e-07,14214,,,,,,,,,
93,,,,,,,,,,14214,0.03553856164216995,,,,,,,,
,,,,,,,,,1.2907894736842104e-07,14219,,,,,,,,,
93,,,,,,,,,,14219,0.015576393343508244,,,,,,,,
,,,,,,,,,1.2842105263157893e-07,14224,,,,,,,,,
93,,,,,,,,,,14224,0.006687737535685301,,,,,,,,
,,,,,,,,,1.2776315789473683e-07,14229,,,,,,,,,
93,,,,,,,,,,14229,0.02822304144501686,,,,,,,,
,,,,,,,,,1.2710526315789475e-07,14234,,,,,,,,,
93,,,,,,,,,,14234,0.038120683282613754,,,,,,,,
,,,,,,,,,1.2644736842105265e-07,14239,,,,,,,,,
93,,,,,,,,,,14239,0.053727708756923676,,,,,,,,
,,,,,,,,,1.2578947368421054e-07,14244,,,,,,,,,
93,,,,,,,,,,14244,0.021249184384942055,,,,,,,,
,,,,,,,,,1.251315789473684e-07,14249,,,,,,,,,
93,,,,,,,,,,14249,0.020867180079221725,,,,,,,,
,,,,,,,,,1.244736842105263e-07,14254,,,,,,,,,
93,,,,,,,,,,14254,0.010743828490376472,,,,,,,,
,,,,,,,,,1.238157894736842e-07,14259,,,,,,,,,
93,,,,,,,,,,14259,0.004733284469693899,,,,,,,,
,,,,,,,,,1.231578947368421e-07,14264,,,,,,,,,
93,,,,,,,,,,14264,0.011907465755939484,,,,,,,,
,,,,,,,,,1.225e-07,14269,,,,,,,,,
93,,,,,,,,,,14269,0.025278033688664436,,,,,,,,
,,,,,,,,,1.218421052631579e-07,14274,,,,,,,,,
93,,,,,,,,,,14274,0.014753719791769981,,,,,,,,
,,,,,,,,,1.2118421052631578e-07,14279,,,,,,,,,
93,,,,,,,,,,14279,0.007446895353496075,,,,,,,,
,,,,,,,,,1.2052631578947368e-07,14284,,,,,,,,,
93,,,,,,,,,,14284,0.049559660255908966,,,,,,,,
93,,,,,,,,,,14287,,0.737500011920929,0.7878788113594055,0.0624074712395668,0.0624074712395668,0.5358583927154541,0.7358490824699402,0.8478260636329651,0.5524104237556458
,,,,,,,,,1.1986842105263157e-07,14289,,,,,,,,,
94,,,,,,,,,,14289,0.012499063275754452,,,,,,,,
,,,,,,,,,1.1921052631578947e-07,14294,,,,,,,,,
94,,,,,,,,,,14294,0.007165670394897461,,,,,,,,
,,,,,,,,,1.1855263157894736e-07,14299,,,,,,,,,
94,,,,,,,,,,14299,0.041582390666007996,,,,,,,,
,,,,,,,,,1.1789473684210526e-07,14304,,,,,,,,,
94,,,,,,,,,,14304,0.016148587688803673,,,,,,,,
,,,,,,,,,1.1723684210526314e-07,14309,,,,,,,,,
94,,,,,,,,,,14309,0.03815706446766853,,,,,,,,
,,,,,,,,,1.1657894736842104e-07,14314,,,,,,,,,
94,,,,,,,,,,14314,0.02907620370388031,,,,,,,,
,,,,,,,,,1.1592105263157895e-07,14319,,,,,,,,,
94,,,,,,,,,,14319,0.019493920728564262,,,,,,,,
,,,,,,,,,1.1526315789473684e-07,14324,,,,,,,,,
94,,,,,,,,,,14324,0.01248963177204132,,,,,,,,
,,,,,,,,,1.1460526315789474e-07,14329,,,,,,,,,
94,,,,,,,,,,14329,0.035636261105537415,,,,,,,,
,,,,,,,,,1.1394736842105262e-07,14334,,,,,,,,,
94,,,,,,,,,,14334,0.037519264966249466,,,,,,,,
,,,,,,,,,1.1328947368421052e-07,14339,,,,,,,,,
94,,,,,,,,,,14339,0.027529461309313774,,,,,,,,
,,,,,,,,,1.1263157894736841e-07,14344,,,,,,,,,
94,,,,,,,,,,14344,0.014596301130950451,,,,,,,,
,,,,,,,,,1.1197368421052632e-07,14349,,,,,,,,,
94,,,,,,,,,,14349,0.005226457491517067,,,,,,,,
,,,,,,,,,1.1131578947368421e-07,14354,,,,,,,,,
94,,,,,,,,,,14354,0.034921467304229736,,,,,,,,
,,,,,,,,,1.106578947368421e-07,14359,,,,,,,,,
94,,,,,,,,,,14359,0.03934500738978386,,,,,,,,
,,,,,,,,,1.0999999999999999e-07,14364,,,,,,,,,
94,,,,,,,,,,14364,0.044404447078704834,,,,,,,,
,,,,,,,,,1.0934210526315789e-07,14369,,,,,,,,,
94,,,,,,,,,,14369,0.005295905284583569,,,,,,,,
,,,,,,,,,1.0868421052631578e-07,14374,,,,,,,,,
94,,,,,,,,,,14374,0.0367010273039341,,,,,,,,
,,,,,,,,,1.0802631578947368e-07,14379,,,,,,,,,
94,,,,,,,,,,14379,0.05835371091961861,,,,,,,,
,,,,,,,,,1.0736842105263157e-07,14384,,,,,,,,,
94,,,,,,,,,,14384,0.014891395345330238,,,,,,,,
,,,,,,,,,1.0671052631578947e-07,14389,,,,,,,,,
94,,,,,,,,,,14389,0.009458303451538086,,,,,,,,
,,,,,,,,,1.0605263157894737e-07,14394,,,,,,,,,
94,,,,,,,,,,14394,0.026142068207263947,,,,,,,,
,,,,,,,,,1.0539473684210526e-07,14399,,,,,,,,,
94,,,,,,,,,,14399,0.010915679857134819,,,,,,,,
,,,,,,,,,1.0473684210526316e-07,14404,,,,,,,,,
94,,,,,,,,,,14404,0.018828846514225006,,,,,,,,
,,,,,,,,,1.0407894736842104e-07,14409,,,,,,,,,
94,,,,,,,,,,14409,0.0017596827819943428,,,,,,,,
,,,,,,,,,1.0342105263157893e-07,14414,,,,,,,,,
94,,,,,,,,,,14414,0.012102091684937477,,,,,,,,
,,,,,,,,,1.0276315789473684e-07,14419,,,,,,,,,
94,,,,,,,,,,14419,0.038395680487155914,,,,,,,,
,,,,,,,,,1.0210526315789474e-07,14424,,,,,,,,,
94,,,,,,,,,,14424,0.01511236559599638,,,,,,,,
,,,,,,,,,1.0144736842105263e-07,14429,,,,,,,,,
94,,,,,,,,,,14429,0.03373244032263756,,,,,,,,
,,,,,,,,,1.0078947368421052e-07,14434,,,,,,,,,
94,,,,,,,,,,14434,0.004976763390004635,,,,,,,,
,,,,,,,,,1.0013157894736841e-07,14439,,,,,,,,,
94,,,,,,,,,,14439,0.008295283652842045,,,,,,,,
94,,,,,,,,,,14439,,0.737500011920929,0.7878788113594055,0.062217216938734055,0.062217216938734055,0.5409542322158813,0.7358490824699402,0.8478260636329651,0.5518587231636047
,,,,,,,,,9.94736842105263e-08,14444,,,,,,,,,
95,,,,,,,,,,14444,0.01868068240582943,,,,,,,,
,,,,,,,,,9.88157894736842e-08,14449,,,,,,,,,
95,,,,,,,,,,14449,0.018617095425724983,,,,,,,,
,,,,,,,,,9.815789473684211e-08,14454,,,,,,,,,
95,,,,,,,,,,14454,0.008161473087966442,,,,,,,,
,,,,,,,,,9.749999999999999e-08,14459,,,,,,,,,
95,,,,,,,,,,14459,0.031243687495589256,,,,,,,,
,,,,,,,,,9.684210526315789e-08,14464,,,,,,,,,
95,,,,,,,,,,14464,0.02108660899102688,,,,,,,,
,,,,,,,,,9.618421052631578e-08,14469,,,,,,,,,
95,,,,,,,,,,14469,0.01755102351307869,,,,,,,,
,,,,,,,,,9.552631578947368e-08,14474,,,,,,,,,
95,,,,,,,,,,14474,0.016728393733501434,,,,,,,,
,,,,,,,,,9.486842105263157e-08,14479,,,,,,,,,
95,,,,,,,,,,14479,0.024004604667425156,,,,,,,,
,,,,,,,,,9.421052631578946e-08,14484,,,,,,,,,
95,,,,,,,,,,14484,0.04806552454829216,,,,,,,,
,,,,,,,,,9.355263157894737e-08,14489,,,,,,,,,
95,,,,,,,,,,14489,0.020948000252246857,,,,,,,,
,,,,,,,,,9.289473684210526e-08,14494,,,,,,,,,
95,,,,,,,,,,14494,0.023126084357500076,,,,,,,,
,,,,,,,,,9.223684210526316e-08,14499,,,,,,,,,
95,,,,,,,,,,14499,0.033683303743600845,,,,,,,,
,,,,,,,,,9.157894736842105e-08,14504,,,,,,,,,
95,,,,,,,,,,14504,0.014087190851569176,,,,,,,,
,,,,,,,,,9.092105263157893e-08,14509,,,,,,,,,
95,,,,,,,,,,14509,0.02564285695552826,,,,,,,,
,,,,,,,,,9.026315789473683e-08,14514,,,,,,,,,
95,,,,,,,,,,14514,0.018770327791571617,,,,,,,,
,,,,,,,,,8.960526315789474e-08,14519,,,,,,,,,
95,,,,,,,,,,14519,0.008496175520122051,,,,,,,,
,,,,,,,,,8.894736842105263e-08,14524,,,,,,,,,
95,,,,,,,,,,14524,0.04771314933896065,,,,,,,,
,,,,,,,,,8.828947368421053e-08,14529,,,,,,,,,
95,,,,,,,,,,14529,0.020929137244820595,,,,,,,,
,,,,,,,,,8.763157894736841e-08,14534,,,,,,,,,
95,,,,,,,,,,14534,0.01568065956234932,,,,,,,,
,,,,,,,,,8.697368421052631e-08,14539,,,,,,,,,
95,,,,,,,,,,14539,0.02080170251429081,,,,,,,,
,,,,,,,,,8.63157894736842e-08,14544,,,,,,,,,
95,,,,,,,,,,14544,0.011141287162899971,,,,,,,,
,,,,,,,,,8.56578947368421e-08,14549,,,,,,,,,
95,,,,,,,,,,14549,0.023298846557736397,,,,,,,,
,,,,,,,,,8.500000000000001e-08,14554,,,,,,,,,
95,,,,,,,,,,14554,0.04641195014119148,,,,,,,,
,,,,,,,,,8.434210526315789e-08,14559,,,,,,,,,
95,,,,,,,,,,14559,0.011692061088979244,,,,,,,,
,,,,,,,,,8.368421052631578e-08,14564,,,,,,,,,
95,,,,,,,,,,14564,0.040288977324962616,,,,,,,,
,,,,,,,,,8.302631578947368e-08,14569,,,,,,,,,
95,,,,,,,,,,14569,0.037552718073129654,,,,,,,,
,,,,,,,,,8.236842105263158e-08,14574,,,,,,,,,
95,,,,,,,,,,14574,0.0603640079498291,,,,,,,,
,,,,,,,,,8.171052631578947e-08,14579,,,,,,,,,
95,,,,,,,,,,14579,0.031088635325431824,,,,,,,,
,,,,,,,,,8.105263157894735e-08,14584,,,,,,,,,
95,,,,,,,,,,14584,0.03255518898367882,,,,,,,,
,,,,,,,,,8.039473684210526e-08,14589,,,,,,,,,
95,,,,,,,,,,14589,0.006034099031239748,,,,,,,,
95,,,,,,,,,,14591,,0.7250000238418579,0.7755101919174194,0.06226346641778946,0.06226346641778946,0.5450499653816223,0.7307692170143127,0.8260869383811951,0.5518117547035217
,,,,,,,,,7.973684210526316e-08,14594,,,,,,,,,
96,,,,,,,,,,14594,0.017681993544101715,,,,,,,,
,,,,,,,,,7.907894736842105e-08,14599,,,,,,,,,
96,,,,,,,,,,14599,0.014970282092690468,,,,,,,,
,,,,,,,,,7.842105263157895e-08,14604,,,,,,,,,
96,,,,,,,,,,14604,0.03129609301686287,,,,,,,,
,,,,,,,,,7.776315789473683e-08,14609,,,,,,,,,
96,,,,,,,,,,14609,0.029007064178586006,,,,,,,,
,,,,,,,,,7.710526315789473e-08,14614,,,,,,,,,
96,,,,,,,,,,14614,0.01042444072663784,,,,,,,,
,,,,,,,,,7.644736842105262e-08,14619,,,,,,,,,
96,,,,,,,,,,14619,0.015641087666153908,,,,,,,,
,,,,,,,,,7.578947368421053e-08,14624,,,,,,,,,
96,,,,,,,,,,14624,0.03324156254529953,,,,,,,,
,,,,,,,,,7.513157894736843e-08,14629,,,,,,,,,
96,,,,,,,,,,14629,0.03931319713592529,,,,,,,,
,,,,,,,,,7.447368421052631e-08,14634,,,,,,,,,
96,,,,,,,,,,14634,0.005854073911905289,,,,,,,,
,,,,,,,,,7.38157894736842e-08,14639,,,,,,,,,
96,,,,,,,,,,14639,0.015732744708657265,,,,,,,,
,,,,,,,,,7.31578947368421e-08,14644,,,,,,,,,
96,,,,,,,,,,14644,0.03569641336798668,,,,,,,,
,,,,,,,,,7.25e-08,14649,,,,,,,,,
96,,,,,,,,,,14649,0.028052696958184242,,,,,,,,
,,,,,,,,,7.18421052631579e-08,14654,,,,,,,,,
96,,,,,,,,,,14654,0.012018179520964622,,,,,,,,
,,,,,,,,,7.118421052631578e-08,14659,,,,,,,,,
96,,,,,,,,,,14659,0.01737074926495552,,,,,,,,
,,,,,,,,,7.052631578947368e-08,14664,,,,,,,,,
96,,,,,,,,,,14664,0.010112081654369831,,,,,,,,
,,,,,,,,,6.986842105263158e-08,14669,,,,,,,,,
96,,,,,,,,,,14669,0.02084161713719368,,,,,,,,
,,,,,,,,,6.921052631578947e-08,14674,,,,,,,,,
96,,,,,,,,,,14674,0.021451253443956375,,,,,,,,
,,,,,,,,,6.855263157894737e-08,14679,,,,,,,,,
96,,,,,,,,,,14679,0.026454465463757515,,,,,,,,
,,,,,,,,,6.789473684210525e-08,14684,,,,,,,,,
96,,,,,,,,,,14684,0.01911083050072193,,,,,,,,
,,,,,,,,,6.723684210526316e-08,14689,,,,,,,,,
96,,,,,,,,,,14689,0.035425882786512375,,,,,,,,
,,,,,,,,,6.657894736842105e-08,14694,,,,,,,,,
96,,,,,,,,,,14694,0.02730119414627552,,,,,,,,
,,,,,,,,,6.592105263157895e-08,14699,,,,,,,,,
96,,,,,,,,,,14699,0.015081064775586128,,,,,,,,
,,,,,,,,,6.526315789473684e-08,14704,,,,,,,,,
96,,,,,,,,,,14704,0.01781153492629528,,,,,,,,
,,,,,,,,,6.460526315789473e-08,14709,,,,,,,,,
96,,,,,,,,,,14709,0.010785709135234356,,,,,,,,
,,,,,,,,,6.394736842105262e-08,14714,,,,,,,,,
96,,,,,,,,,,14714,0.0057441419921815395,,,,,,,,
,,,,,,,,,6.328947368421052e-08,14719,,,,,,,,,
96,,,,,,,,,,14719,0.03821883350610733,,,,,,,,
,,,,,,,,,6.263157894736843e-08,14724,,,,,,,,,
96,,,,,,,,,,14724,0.027695143595337868,,,,,,,,
,,,,,,,,,6.197368421052631e-08,14729,,,,,,,,,
96,,,,,,,,,,14729,0.012684320099651814,,,,,,,,
,,,,,,,,,6.13157894736842e-08,14734,,,,,,,,,
96,,,,,,,,,,14734,0.013875521719455719,,,,,,,,
,,,,,,,,,6.06578947368421e-08,14739,,,,,,,,,
96,,,,,,,,,,14739,0.026842432096600533,,,,,,,,
96,,,,,,,,,,14743,,0.75,0.795918345451355,0.061978548765182495,0.061978548765182495,0.5351182222366333,0.75,0.8478260636329651,0.5470814108848572
,,,,,,,,,6e-08,14744,,,,,,,,,
97,,,,,,,,,,14744,0.02547139674425125,,,,,,,,
,,,,,,,,,5.93421052631579e-08,14749,,,,,,,,,
97,,,,,,,,,,14749,0.019575687125325203,,,,,,,,
,,,,,,,,,5.8684210526315786e-08,14754,,,,,,,,,
97,,,,,,,,,,14754,0.015010260976850986,,,,,,,,
,,,,,,,,,5.802631578947368e-08,14759,,,,,,,,,
97,,,,,,,,,,14759,0.04211433604359627,,,,,,,,
,,,,,,,,,5.736842105263157e-08,14764,,,,,,,,,
97,,,,,,,,,,14764,0.029594888910651207,,,,,,,,
,,,,,,,,,5.671052631578947e-08,14769,,,,,,,,,
97,,,,,,,,,,14769,0.008883167989552021,,,,,,,,
,,,,,,,,,5.605263157894737e-08,14774,,,,,,,,,
97,,,,,,,,,,14774,0.014350456185638905,,,,,,,,
,,,,,,,,,5.5394736842105256e-08,14779,,,,,,,,,
97,,,,,,,,,,14779,0.007880492135882378,,,,,,,,
,,,,,,,,,5.473684210526316e-08,14784,,,,,,,,,
97,,,,,,,,,,14784,0.0061624073423445225,,,,,,,,
,,,,,,,,,5.407894736842105e-08,14789,,,,,,,,,
97,,,,,,,,,,14789,0.03836977109313011,,,,,,,,
,,,,,,,,,5.342105263157894e-08,14794,,,,,,,,,
97,,,,,,,,,,14794,0.025474900379776955,,,,,,,,
,,,,,,,,,5.2763157894736845e-08,14799,,,,,,,,,
97,,,,,,,,,,14799,0.036392077803611755,,,,,,,,
,,,,,,,,,5.2105263157894734e-08,14804,,,,,,,,,
97,,,,,,,,,,14804,0.037288565188646317,,,,,,,,
,,,,,,,,,5.144736842105263e-08,14809,,,,,,,,,
97,,,,,,,,,,14809,0.01833757571876049,,,,,,,,
,,,,,,,,,5.078947368421052e-08,14814,,,,,,,,,
97,,,,,,,,,,14814,0.05817706137895584,,,,,,,,
,,,,,,,,,5.013157894736842e-08,14819,,,,,,,,,
97,,,,,,,,,,14819,0.02744428813457489,,,,,,,,
,,,,,,,,,4.9473684210526315e-08,14824,,,,,,,,,
97,,,,,,,,,,14824,0.003456899430602789,,,,,,,,
,,,,,,,,,4.8815789473684204e-08,14829,,,,,,,,,
97,,,,,,,,,,14829,0.007462725043296814,,,,,,,,
,,,,,,,,,4.8157894736842106e-08,14834,,,,,,,,,
97,,,,,,,,,,14834,0.05877422168850899,,,,,,,,
,,,,,,,,,4.7499999999999995e-08,14839,,,,,,,,,
97,,,,,,,,,,14839,0.035157591104507446,,,,,,,,
,,,,,,,,,4.684210526315789e-08,14844,,,,,,,,,
97,,,,,,,,,,14844,0.02501995489001274,,,,,,,,
,,,,,,,,,4.618421052631579e-08,14849,,,,,,,,,
97,,,,,,,,,,14849,0.017181625589728355,,,,,,,,
,,,,,,,,,4.552631578947368e-08,14854,,,,,,,,,
97,,,,,,,,,,14854,0.032720256596803665,,,,,,,,
,,,,,,,,,4.486842105263158e-08,14859,,,,,,,,,
97,,,,,,,,,,14859,0.018331490457057953,,,,,,,,
,,,,,,,,,4.4210526315789466e-08,14864,,,,,,,,,
97,,,,,,,,,,14864,0.018094563856720924,,,,,,,,
,,,,,,,,,4.355263157894737e-08,14869,,,,,,,,,
97,,,,,,,,,,14869,0.03508543223142624,,,,,,,,
,,,,,,,,,4.2894736842105263e-08,14874,,,,,,,,,
97,,,,,,,,,,14874,0.019478844478726387,,,,,,,,
,,,,,,,,,4.223684210526315e-08,14879,,,,,,,,,
97,,,,,,,,,,14879,0.017226319760084152,,,,,,,,
,,,,,,,,,4.1578947368421054e-08,14884,,,,,,,,,
97,,,,,,,,,,14884,0.008128578774631023,,,,,,,,
,,,,,,,,,4.092105263157894e-08,14889,,,,,,,,,
97,,,,,,,,,,14889,0.0332617312669754,,,,,,,,
,,,,,,,,,4.026315789473684e-08,14894,,,,,,,,,
97,,,,,,,,,,14894,0.01323904562741518,,,,,,,,
97,,,,,,,,,,14895,,0.75,0.795918345451355,0.06196413189172745,0.06196413189172745,0.5369492173194885,0.75,0.8478260636329651,0.5466470718383789
,,,,,,,,,3.9605263157894734e-08,14899,,,,,,,,,
98,,,,,,,,,,14899,0.011860528029501438,,,,,,,,
,,,,,,,,,3.894736842105263e-08,14904,,,,,,,,,
98,,,,,,,,,,14904,0.017920127138495445,,,,,,,,
,,,,,,,,,3.8289473684210525e-08,14909,,,,,,,,,
98,,,,,,,,,,14909,0.03469136357307434,,,,,,,,
,,,,,,,,,3.7631578947368414e-08,14914,,,,,,,,,
98,,,,,,,,,,14914,0.010516910813748837,,,,,,,,
,,,,,,,,,3.6973684210526316e-08,14919,,,,,,,,,
98,,,,,,,,,,14919,0.021091440692543983,,,,,,,,
,,,,,,,,,3.631578947368421e-08,14924,,,,,,,,,
98,,,,,,,,,,14924,0.022227108478546143,,,,,,,,
,,,,,,,,,3.56578947368421e-08,14929,,,,,,,,,
98,,,,,,,,,,14929,0.12118400633335114,,,,,,,,
,,,,,,,,,3.5e-08,14934,,,,,,,,,
98,,,,,,,,,,14934,0.017978442832827568,,,,,,,,
,,,,,,,,,3.434210526315789e-08,14939,,,,,,,,,
98,,,,,,,,,,14939,0.015384226106107235,,,,,,,,
,,,,,,,,,3.368421052631579e-08,14944,,,,,,,,,
98,,,,,,,,,,14944,0.02289723977446556,,,,,,,,
,,,,,,,,,3.302631578947368e-08,14949,,,,,,,,,
98,,,,,,,,,,14949,0.015038556419312954,,,,,,,,
,,,,,,,,,3.236842105263158e-08,14954,,,,,,,,,
98,,,,,,,,,,14954,0.031491149216890335,,,,,,,,
,,,,,,,,,3.171052631578947e-08,14959,,,,,,,,,
98,,,,,,,,,,14959,0.013359476812183857,,,,,,,,
,,,,,,,,,3.105263157894737e-08,14964,,,,,,,,,
98,,,,,,,,,,14964,0.022273486480116844,,,,,,,,
,,,,,,,,,3.0394736842105264e-08,14969,,,,,,,,,
98,,,,,,,,,,14969,0.01605122722685337,,,,,,,,
,,,,,,,,,2.9736842105263156e-08,14974,,,,,,,,,
98,,,,,,,,,,14974,0.06629873812198639,,,,,,,,
,,,,,,,,,2.907894736842105e-08,14979,,,,,,,,,
98,,,,,,,,,,14979,0.014541654847562313,,,,,,,,
,,,,,,,,,2.8421052631578947e-08,14984,,,,,,,,,
98,,,,,,,,,,14984,0.019258815795183182,,,,,,,,
,,,,,,,,,2.7763157894736843e-08,14989,,,,,,,,,
98,,,,,,,,,,14989,0.005450017750263214,,,,,,,,
,,,,,,,,,2.7105263157894735e-08,14994,,,,,,,,,
98,,,,,,,,,,14994,0.055237021297216415,,,,,,,,
,,,,,,,,,2.644736842105263e-08,14999,,,,,,,,,
98,,,,,,,,,,14999,0.0441494882106781,,,,,,,,
,,,,,,,,,2.5789473684210526e-08,15004,,,,,,,,,
98,,,,,,,,,,15004,0.007350761443376541,,,,,,,,
,,,,,,,,,2.513157894736842e-08,15009,,,,,,,,,
98,,,,,,,,,,15009,0.039661191403865814,,,,,,,,
,,,,,,,,,2.4473684210526313e-08,15014,,,,,,,,,
98,,,,,,,,,,15014,0.01483602449297905,,,,,,,,
,,,,,,,,,2.381578947368421e-08,15019,,,,,,,,,
98,,,,,,,,,,15019,0.009314650669693947,,,,,,,,
,,,,,,,,,2.3157894736842104e-08,15024,,,,,,,,,
98,,,,,,,,,,15024,0.009893566370010376,,,,,,,,
,,,,,,,,,2.25e-08,15029,,,,,,,,,
98,,,,,,,,,,15029,0.011845514178276062,,,,,,,,
,,,,,,,,,2.1842105263157895e-08,15034,,,,,,,,,
98,,,,,,,,,,15034,0.03519409894943237,,,,,,,,
,,,,,,,,,2.1184210526315787e-08,15039,,,,,,,,,
98,,,,,,,,,,15039,0.026391202583909035,,,,,,,,
,,,,,,,,,2.0526315789473683e-08,15044,,,,,,,,,
98,,,,,,,,,,15044,0.01664162054657936,,,,,,,,
98,,,,,,,,,,15047,,0.75,0.795918345451355,0.061936866492033005,0.061936866492033005,0.5349346995353699,0.75,0.8478260636329651,0.5485838651657104
,,,,,,,,,1.9868421052631578e-08,15049,,,,,,,,,
99,,,,,,,,,,15049,0.028316786512732506,,,,,,,,
,,,,,,,,,1.9210526315789474e-08,15054,,,,,,,,,
99,,,,,,,,,,15054,0.027853842824697495,,,,,,,,
,,,,,,,,,1.855263157894737e-08,15059,,,,,,,,,
99,,,,,,,,,,15059,0.04240036383271217,,,,,,,,
,,,,,,,,,1.789473684210526e-08,15064,,,,,,,,,
99,,,,,,,,,,15064,0.032353129237890244,,,,,,,,
,,,,,,,,,1.7236842105263157e-08,15069,,,,,,,,,
99,,,,,,,,,,15069,0.013021335005760193,,,,,,,,
,,,,,,,,,1.6578947368421052e-08,15074,,,,,,,,,
99,,,,,,,,,,15074,0.02050713635981083,,,,,,,,
,,,,,,,,,1.5921052631578948e-08,15079,,,,,,,,,
99,,,,,,,,,,15079,0.07586723566055298,,,,,,,,
,,,,,,,,,1.526315789473684e-08,15084,,,,,,,,,
99,,,,,,,,,,15084,0.02567807026207447,,,,,,,,
,,,,,,,,,1.4605263157894737e-08,15089,,,,,,,,,
99,,,,,,,,,,15089,0.011581866070628166,,,,,,,,
,,,,,,,,,1.394736842105263e-08,15094,,,,,,,,,
99,,,,,,,,,,15094,0.013282171450555325,,,,,,,,
,,,,,,,,,1.3289473684210526e-08,15099,,,,,,,,,
99,,,,,,,,,,15099,0.011929003521800041,,,,,,,,
,,,,,,,,,1.263157894736842e-08,15104,,,,,,,,,
99,,,,,,,,,,15104,0.017411556094884872,,,,,,,,
,,,,,,,,,1.1973684210526315e-08,15109,,,,,,,,,
99,,,,,,,,,,15109,0.03126119449734688,,,,,,,,
,,,,,,,,,1.1315789473684211e-08,15114,,,,,,,,,
99,,,,,,,,,,15114,0.06709451228380203,,,,,,,,
,,,,,,,,,1.0657894736842105e-08,15119,,,,,,,,,
99,,,,,,,,,,15119,0.01222260296344757,,,,,,,,
,,,,,,,,,1e-08,15124,,,,,,,,,
99,,,,,,,,,,15124,0.020050330087542534,,,,,,,,
,,,,,,,,,9.342105263157894e-09,15129,,,,,,,,,
99,,,,,,,,,,15129,0.019392574205994606,,,,,,,,
,,,,,,,,,8.68421052631579e-09,15134,,,,,,,,,
99,,,,,,,,,,15134,0.02489594556391239,,,,,,,,
,,,,,,,,,8.026315789473683e-09,15139,,,,,,,,,
99,,,,,,,,,,15139,0.020171962678432465,,,,,,,,
,,,,,,,,,7.368421052631579e-09,15144,,,,,,,,,
99,,,,,,,,,,15144,0.0006217084592208266,,,,,,,,
,,,,,,,,,6.710526315789473e-09,15149,,,,,,,,,
99,,,,,,,,,,15149,0.032668277621269226,,,,,,,,
,,,,,,,,,6.052631578947368e-09,15154,,,,,,,,,
99,,,,,,,,,,15154,0.029857361689209938,,,,,,,,
,,,,,,,,,5.394736842105263e-09,15159,,,,,,,,,
99,,,,,,,,,,15159,0.045073363929986954,,,,,,,,
,,,,,,,,,4.736842105263158e-09,15164,,,,,,,,,
99,,,,,,,,,,15164,0.028440769761800766,,,,,,,,
,,,,,,,,,4.078947368421053e-09,15169,,,,,,,,,
99,,,,,,,,,,15169,0.01744254119694233,,,,,,,,
,,,,,,,,,3.4210526315789474e-09,15174,,,,,,,,,
99,,,,,,,,,,15174,0.01177649013698101,,,,,,,,
,,,,,,,,,2.7631578947368416e-09,15179,,,,,,,,,
99,,,,,,,,,,15179,0.02527848817408085,,,,,,,,
,,,,,,,,,2.1052631578947367e-09,15184,,,,,,,,,
99,,,,,,,,,,15184,0.012476406991481781,,,,,,,,
,,,,,,,,,1.4473684210526315e-09,15189,,,,,,,,,
99,,,,,,,,,,15189,0.022016914561390877,,,,,,,,
,,,,,,,,,7.894736842105263e-10,15194,,,,,,,,,
99,,,,,,,,,,15194,0.03612428903579712,,,,,,,,
,,,,,,,,,1.3157894736842104e-10,15199,,,,,,,,,
99,,,,,,,,,,15199,0.03197081759572029,,,,,,,,
99,,,,,,,,,,15199,,0.75,0.795918345451355,0.06202778220176697,0.06202778220176697,0.5348494648933411,0.75,0.8478260636329651,0.5476683378219604
100,0.6901840567588806,0.7566264867782593,0.07515431195497513,0.07515431195497513,0.4068017601966858,0.7302325367927551,0.7850000262260437,0.41122886538505554,,15200,,,,,,,,,
