epoch,eval_accuracy,eval_f1,eval_loss,eval_mse,eval_pearson,eval_precision,eval_recall,eval_spearman,lr-AdamW,step,train_loss,val_accuracy,val_f1,val_loss,val_mse,val_pearson,val_precision,val_recall,val_spearman
,,,,,,,,,5.263157894736842e-10,4,,,,,,,,,
0,,,,,,,,,,4,0.09106363356113434,,,,,,,,
,,,,,,,,,1.1842105263157895e-09,9,,,,,,,,,
0,,,,,,,,,,9,0.10284724086523056,,,,,,,,
,,,,,,,,,1.8421052631578947e-09,14,,,,,,,,,
0,,,,,,,,,,14,0.053431250154972076,,,,,,,,
,,,,,,,,,2.5e-09,19,,,,,,,,,
0,,,,,,,,,,19,0.06269002705812454,,,,,,,,
,,,,,,,,,3.157894736842105e-09,24,,,,,,,,,
0,,,,,,,,,,24,0.041893307119607925,,,,,,,,
,,,,,,,,,3.81578947368421e-09,29,,,,,,,,,
0,,,,,,,,,,29,0.1409863829612732,,,,,,,,
,,,,,,,,,4.473684210526315e-09,34,,,,,,,,,
0,,,,,,,,,,34,0.09544172883033752,,,,,,,,
,,,,,,,,,5.131578947368421e-09,39,,,,,,,,,
0,,,,,,,,,,39,0.07389815151691437,,,,,,,,
,,,,,,,,,5.789473684210526e-09,44,,,,,,,,,
0,,,,,,,,,,44,0.07941790670156479,,,,,,,,
,,,,,,,,,6.447368421052631e-09,49,,,,,,,,,
0,,,,,,,,,,49,0.0671430304646492,,,,,,,,
,,,,,,,,,7.105263157894737e-09,54,,,,,,,,,
0,,,,,,,,,,54,0.051132313907146454,,,,,,,,
,,,,,,,,,7.763157894736842e-09,59,,,,,,,,,
0,,,,,,,,,,59,0.04818902909755707,,,,,,,,
,,,,,,,,,8.421052631578947e-09,64,,,,,,,,,
0,,,,,,,,,,64,0.13699276745319366,,,,,,,,
,,,,,,,,,9.078947368421053e-09,69,,,,,,,,,
0,,,,,,,,,,69,0.08751385658979416,,,,,,,,
,,,,,,,,,9.736842105263157e-09,74,,,,,,,,,
0,,,,,,,,,,74,0.05292113125324249,,,,,,,,
,,,,,,,,,1.0394736842105264e-08,79,,,,,,,,,
0,,,,,,,,,,79,0.10496325045824051,,,,,,,,
,,,,,,,,,1.1052631578947366e-08,84,,,,,,,,,
0,,,,,,,,,,84,0.05938797444105148,,,,,,,,
,,,,,,,,,1.1710526315789473e-08,89,,,,,,,,,
0,,,,,,,,,,89,0.07973236590623856,,,,,,,,
,,,,,,,,,1.2368421052631579e-08,94,,,,,,,,,
0,,,,,,,,,,94,0.04565385356545448,,,,,,,,
,,,,,,,,,1.3026315789473683e-08,99,,,,,,,,,
0,,,,,,,,,,99,0.14178307354450226,,,,,,,,
,,,,,,,,,1.368421052631579e-08,104,,,,,,,,,
0,,,,,,,,,,104,0.08695723116397858,,,,,,,,
,,,,,,,,,1.4342105263157892e-08,109,,,,,,,,,
0,,,,,,,,,,109,0.08151251822710037,,,,,,,,
,,,,,,,,,1.5e-08,114,,,,,,,,,
0,,,,,,,,,,114,0.06464620679616928,,,,,,,,
,,,,,,,,,1.5657894736842107e-08,119,,,,,,,,,
0,,,,,,,,,,119,0.10624077916145325,,,,,,,,
,,,,,,,,,1.631578947368421e-08,124,,,,,,,,,
0,,,,,,,,,,124,0.08339308947324753,,,,,,,,
,,,,,,,,,1.6973684210526312e-08,129,,,,,,,,,
0,,,,,,,,,,129,0.07560785859823227,,,,,,,,
,,,,,,,,,1.763157894736842e-08,134,,,,,,,,,
0,,,,,,,,,,134,0.1211414784193039,,,,,,,,
,,,,,,,,,1.8289473684210525e-08,139,,,,,,,,,
0,,,,,,,,,,139,0.08696509897708893,,,,,,,,
,,,,,,,,,1.8947368421052632e-08,144,,,,,,,,,
0,,,,,,,,,,144,0.09059902280569077,,,,,,,,
,,,,,,,,,1.9605263157894737e-08,149,,,,,,,,,
0,,,,,,,,,,149,0.06742732971906662,,,,,,,,
0,,,,,,,,,,151,,0.574999988079071,0.7301587462425232,0.08129218965768814,0.08129218965768814,0.04384893551468849,0.574999988079071,1.0,0.05535607412457466
,,,,,,,,,2.0263157894736838e-08,154,,,,,,,,,
1,,,,,,,,,,154,0.09390699863433838,,,,,,,,
,,,,,,,,,2.0921052631578946e-08,159,,,,,,,,,
1,,,,,,,,,,159,0.12745176255702972,,,,,,,,
,,,,,,,,,2.157894736842105e-08,164,,,,,,,,,
1,,,,,,,,,,164,0.08487989008426666,,,,,,,,
,,,,,,,,,2.223684210526316e-08,169,,,,,,,,,
1,,,,,,,,,,169,0.0841764360666275,,,,,,,,
,,,,,,,,,2.2894736842105263e-08,174,,,,,,,,,
1,,,,,,,,,,174,0.12793681025505066,,,,,,,,
,,,,,,,,,2.3552631578947364e-08,179,,,,,,,,,
1,,,,,,,,,,179,0.095906563103199,,,,,,,,
,,,,,,,,,2.4210526315789472e-08,184,,,,,,,,,
1,,,,,,,,,,184,0.11574851721525192,,,,,,,,
,,,,,,,,,2.4868421052631577e-08,189,,,,,,,,,
1,,,,,,,,,,189,0.08262388408184052,,,,,,,,
,,,,,,,,,2.5526315789473684e-08,194,,,,,,,,,
1,,,,,,,,,,194,0.13641101121902466,,,,,,,,
,,,,,,,,,2.618421052631579e-08,199,,,,,,,,,
1,,,,,,,,,,199,0.037526898086071014,,,,,,,,
,,,,,,,,,2.6842105263157894e-08,204,,,,,,,,,
1,,,,,,,,,,204,0.06761784106492996,,,,,,,,
,,,,,,,,,2.7499999999999998e-08,209,,,,,,,,,
1,,,,,,,,,,209,0.08737488090991974,,,,,,,,
,,,,,,,,,2.8157894736842103e-08,214,,,,,,,,,
1,,,,,,,,,,214,0.04775187745690346,,,,,,,,
,,,,,,,,,2.881578947368421e-08,219,,,,,,,,,
1,,,,,,,,,,219,0.05612034350633621,,,,,,,,
,,,,,,,,,2.9473684210526315e-08,224,,,,,,,,,
1,,,,,,,,,,224,0.0550815649330616,,,,,,,,
,,,,,,,,,3.013157894736842e-08,229,,,,,,,,,
1,,,,,,,,,,229,0.11036031693220139,,,,,,,,
,,,,,,,,,3.0789473684210524e-08,234,,,,,,,,,
1,,,,,,,,,,234,0.08041983097791672,,,,,,,,
,,,,,,,,,3.1447368421052635e-08,239,,,,,,,,,
1,,,,,,,,,,239,0.13422809541225433,,,,,,,,
,,,,,,,,,3.210526315789473e-08,244,,,,,,,,,
1,,,,,,,,,,244,0.11219176650047302,,,,,,,,
,,,,,,,,,3.276315789473684e-08,249,,,,,,,,,
1,,,,,,,,,,249,0.04534643888473511,,,,,,,,
,,,,,,,,,3.342105263157895e-08,254,,,,,,,,,
1,,,,,,,,,,254,0.1161220595240593,,,,,,,,
,,,,,,,,,3.4078947368421053e-08,259,,,,,,,,,
1,,,,,,,,,,259,0.1047075167298317,,,,,,,,
,,,,,,,,,3.473684210526316e-08,264,,,,,,,,,
1,,,,,,,,,,264,0.09134899079799652,,,,,,,,
,,,,,,,,,3.539473684210526e-08,269,,,,,,,,,
1,,,,,,,,,,269,0.05235646292567253,,,,,,,,
,,,,,,,,,3.605263157894737e-08,274,,,,,,,,,
1,,,,,,,,,,274,0.10559327900409698,,,,,,,,
,,,,,,,,,3.671052631578947e-08,279,,,,,,,,,
1,,,,,,,,,,279,0.03321013227105141,,,,,,,,
,,,,,,,,,3.7368421052631576e-08,284,,,,,,,,,
1,,,,,,,,,,284,0.10226032137870789,,,,,,,,
,,,,,,,,,3.802631578947369e-08,289,,,,,,,,,
1,,,,,,,,,,289,0.046199556440114975,,,,,,,,
,,,,,,,,,3.8684210526315785e-08,294,,,,,,,,,
1,,,,,,,,,,294,0.08945128321647644,,,,,,,,
,,,,,,,,,3.934210526315789e-08,299,,,,,,,,,
1,,,,,,,,,,299,0.1129385381937027,,,,,,,,
1,,,,,,,,,,303,,0.574999988079071,0.7301587462425232,0.08129401504993439,0.08129401504993439,0.042773060500621796,0.574999988079071,1.0,0.058173175901174545
,,,,,,,,,4e-08,304,,,,,,,,,
2,,,,,,,,,,304,0.10066559165716171,,,,,,,,
,,,,,,,,,4.0657894736842105e-08,309,,,,,,,,,
2,,,,,,,,,,309,0.09692016988992691,,,,,,,,
,,,,,,,,,4.131578947368421e-08,314,,,,,,,,,
2,,,,,,,,,,314,0.10429991781711578,,,,,,,,
,,,,,,,,,4.1973684210526314e-08,319,,,,,,,,,
2,,,,,,,,,,319,0.07831410318613052,,,,,,,,
,,,,,,,,,4.263157894736842e-08,324,,,,,,,,,
2,,,,,,,,,,324,0.07731795310974121,,,,,,,,
,,,,,,,,,4.3289473684210524e-08,329,,,,,,,,,
2,,,,,,,,,,329,0.09048546105623245,,,,,,,,
,,,,,,,,,4.394736842105263e-08,334,,,,,,,,,
2,,,,,,,,,,334,0.07303778827190399,,,,,,,,
,,,,,,,,,4.460526315789474e-08,339,,,,,,,,,
2,,,,,,,,,,339,0.1272900402545929,,,,,,,,
,,,,,,,,,4.5263157894736844e-08,344,,,,,,,,,
2,,,,,,,,,,344,0.0706571713089943,,,,,,,,
,,,,,,,,,4.592105263157894e-08,349,,,,,,,,,
2,,,,,,,,,,349,0.10152806341648102,,,,,,,,
,,,,,,,,,4.657894736842105e-08,354,,,,,,,,,
2,,,,,,,,,,354,0.10983213782310486,,,,,,,,
,,,,,,,,,4.723684210526316e-08,359,,,,,,,,,
2,,,,,,,,,,359,0.03785286471247673,,,,,,,,
,,,,,,,,,4.789473684210526e-08,364,,,,,,,,,
2,,,,,,,,,,364,0.08532009273767471,,,,,,,,
,,,,,,,,,4.8552631578947366e-08,369,,,,,,,,,
2,,,,,,,,,,369,0.062223970890045166,,,,,,,,
,,,,,,,,,4.921052631578947e-08,374,,,,,,,,,
2,,,,,,,,,,374,0.051722124218940735,,,,,,,,
,,,,,,,,,4.9868421052631576e-08,379,,,,,,,,,
2,,,,,,,,,,379,0.05515684187412262,,,,,,,,
,,,,,,,,,5.052631578947368e-08,384,,,,,,,,,
2,,,,,,,,,,384,0.10842546820640564,,,,,,,,
,,,,,,,,,5.118421052631579e-08,389,,,,,,,,,
2,,,,,,,,,,389,0.06420452147722244,,,,,,,,
,,,,,,,,,5.1842105263157896e-08,394,,,,,,,,,
2,,,,,,,,,,394,0.10870778560638428,,,,,,,,
,,,,,,,,,5.2499999999999994e-08,399,,,,,,,,,
2,,,,,,,,,,399,0.06610703468322754,,,,,,,,
,,,,,,,,,5.3157894736842105e-08,404,,,,,,,,,
2,,,,,,,,,,404,0.13903796672821045,,,,,,,,
,,,,,,,,,5.381578947368421e-08,409,,,,,,,,,
2,,,,,,,,,,409,0.085089772939682,,,,,,,,
,,,,,,,,,5.4473684210526314e-08,414,,,,,,,,,
2,,,,,,,,,,414,0.10919240117073059,,,,,,,,
,,,,,,,,,5.513157894736842e-08,419,,,,,,,,,
2,,,,,,,,,,419,0.05988406017422676,,,,,,,,
,,,,,,,,,5.578947368421052e-08,424,,,,,,,,,
2,,,,,,,,,,424,0.1289278268814087,,,,,,,,
,,,,,,,,,5.6447368421052634e-08,429,,,,,,,,,
2,,,,,,,,,,429,0.12068863213062286,,,,,,,,
,,,,,,,,,5.710526315789473e-08,434,,,,,,,,,
2,,,,,,,,,,434,0.017791101709008217,,,,,,,,
,,,,,,,,,5.776315789473684e-08,439,,,,,,,,,
2,,,,,,,,,,439,0.044586263597011566,,,,,,,,
,,,,,,,,,5.842105263157895e-08,444,,,,,,,,,
2,,,,,,,,,,444,0.0899248868227005,,,,,,,,
,,,,,,,,,5.9078947368421046e-08,449,,,,,,,,,
2,,,,,,,,,,449,0.11383204907178879,,,,,,,,
,,,,,,,,,5.973684210526315e-08,454,,,,,,,,,
2,,,,,,,,,,454,0.06919354945421219,,,,,,,,
2,,,,,,,,,,455,,0.574999988079071,0.7301587462425232,0.08129861205816269,0.08129861205816269,0.03926423192024231,0.574999988079071,1.0,0.040002863854169846
,,,,,,,,,6.039473684210527e-08,459,,,,,,,,,
3,,,,,,,,,,459,0.059072189033031464,,,,,,,,
,,,,,,,,,6.105263157894736e-08,464,,,,,,,,,
3,,,,,,,,,,464,0.07242630422115326,,,,,,,,
,,,,,,,,,6.171052631578946e-08,469,,,,,,,,,
3,,,,,,,,,,469,0.009253477677702904,,,,,,,,
,,,,,,,,,6.236842105263158e-08,474,,,,,,,,,
3,,,,,,,,,,474,0.11648191511631012,,,,,,,,
,,,,,,,,,6.302631578947367e-08,479,,,,,,,,,
3,,,,,,,,,,479,0.09074179083108902,,,,,,,,
,,,,,,,,,6.368421052631579e-08,484,,,,,,,,,
3,,,,,,,,,,484,0.08161371201276779,,,,,,,,
,,,,,,,,,6.43421052631579e-08,489,,,,,,,,,
3,,,,,,,,,,489,0.06173356622457504,,,,,,,,
,,,,,,,,,6.5e-08,494,,,,,,,,,
3,,,,,,,,,,494,0.06544999778270721,,,,,,,,
,,,,,,,,,6.56578947368421e-08,499,,,,,,,,,
3,,,,,,,,,,499,0.032003965228796005,,,,,,,,
,,,,,,,,,6.631578947368421e-08,504,,,,,,,,,
3,,,,,,,,,,504,0.10234083980321884,,,,,,,,
,,,,,,,,,6.697368421052631e-08,509,,,,,,,,,
3,,,,,,,,,,509,0.10883135348558426,,,,,,,,
,,,,,,,,,6.763157894736842e-08,514,,,,,,,,,
3,,,,,,,,,,514,0.07196109741926193,,,,,,,,
,,,,,,,,,6.828947368421052e-08,519,,,,,,,,,
3,,,,,,,,,,519,0.07489560544490814,,,,,,,,
,,,,,,,,,6.894736842105263e-08,524,,,,,,,,,
3,,,,,,,,,,524,0.09122002124786377,,,,,,,,
,,,,,,,,,6.960526315789473e-08,529,,,,,,,,,
3,,,,,,,,,,529,0.055725663900375366,,,,,,,,
,,,,,,,,,7.026315789473685e-08,534,,,,,,,,,
3,,,,,,,,,,534,0.10338865220546722,,,,,,,,
,,,,,,,,,7.092105263157895e-08,539,,,,,,,,,
3,,,,,,,,,,539,0.07381894439458847,,,,,,,,
,,,,,,,,,7.157894736842105e-08,544,,,,,,,,,
3,,,,,,,,,,544,0.07361431419849396,,,,,,,,
,,,,,,,,,7.223684210526315e-08,549,,,,,,,,,
3,,,,,,,,,,549,0.0621945746243,,,,,,,,
,,,,,,,,,7.289473684210525e-08,554,,,,,,,,,
3,,,,,,,,,,554,0.09599381685256958,,,,,,,,
,,,,,,,,,7.355263157894737e-08,559,,,,,,,,,
3,,,,,,,,,,559,0.046122003346681595,,,,,,,,
,,,,,,,,,7.421052631578948e-08,564,,,,,,,,,
3,,,,,,,,,,564,0.10415255278348923,,,,,,,,
,,,,,,,,,7.486842105263158e-08,569,,,,,,,,,
3,,,,,,,,,,569,0.06528005003929138,,,,,,,,
,,,,,,,,,7.552631578947367e-08,574,,,,,,,,,
3,,,,,,,,,,574,0.07199868559837341,,,,,,,,
,,,,,,,,,7.618421052631578e-08,579,,,,,,,,,
3,,,,,,,,,,579,0.08130136877298355,,,,,,,,
,,,,,,,,,7.68421052631579e-08,584,,,,,,,,,
3,,,,,,,,,,584,0.11169681698083878,,,,,,,,
,,,,,,,,,7.75e-08,589,,,,,,,,,
3,,,,,,,,,,589,0.03749608248472214,,,,,,,,
,,,,,,,,,7.81578947368421e-08,594,,,,,,,,,
3,,,,,,,,,,594,0.04037097841501236,,,,,,,,
,,,,,,,,,7.881578947368421e-08,599,,,,,,,,,
3,,,,,,,,,,599,0.050163596868515015,,,,,,,,
,,,,,,,,,7.947368421052631e-08,604,,,,,,,,,
3,,,,,,,,,,604,0.11430324614048004,,,,,,,,
3,,,,,,,,,,607,,0.574999988079071,0.7301587462425232,0.08130457252264023,0.08130457252264023,0.034689538180828094,0.574999988079071,1.0,0.03018995374441147
,,,,,,,,,8.013157894736842e-08,609,,,,,,,,,
4,,,,,,,,,,609,0.08878269046545029,,,,,,,,
,,,,,,,,,8.078947368421052e-08,614,,,,,,,,,
4,,,,,,,,,,614,0.09188932925462723,,,,,,,,
,,,,,,,,,8.144736842105263e-08,619,,,,,,,,,
4,,,,,,,,,,619,0.1306673288345337,,,,,,,,
,,,,,,,,,8.210526315789473e-08,624,,,,,,,,,
4,,,,,,,,,,624,0.1264052540063858,,,,,,,,
,,,,,,,,,8.276315789473684e-08,629,,,,,,,,,
4,,,,,,,,,,629,0.06760993599891663,,,,,,,,
,,,,,,,,,8.342105263157895e-08,634,,,,,,,,,
4,,,,,,,,,,634,0.09909740835428238,,,,,,,,
,,,,,,,,,8.407894736842106e-08,639,,,,,,,,,
4,,,,,,,,,,639,0.09135546535253525,,,,,,,,
,,,,,,,,,8.473684210526315e-08,644,,,,,,,,,
4,,,,,,,,,,644,0.09988908469676971,,,,,,,,
,,,,,,,,,8.539473684210525e-08,649,,,,,,,,,
4,,,,,,,,,,649,0.0687498226761818,,,,,,,,
,,,,,,,,,8.605263157894736e-08,654,,,,,,,,,
4,,,,,,,,,,654,0.10539588332176208,,,,,,,,
,,,,,,,,,8.671052631578948e-08,659,,,,,,,,,
4,,,,,,,,,,659,0.0686350017786026,,,,,,,,
,,,,,,,,,8.736842105263158e-08,664,,,,,,,,,
4,,,,,,,,,,664,0.07792752981185913,,,,,,,,
,,,,,,,,,8.802631578947368e-08,669,,,,,,,,,
4,,,,,,,,,,669,0.10356781631708145,,,,,,,,
,,,,,,,,,8.868421052631579e-08,674,,,,,,,,,
4,,,,,,,,,,674,0.044486574828624725,,,,,,,,
,,,,,,,,,8.934210526315788e-08,679,,,,,,,,,
4,,,,,,,,,,679,0.08078784495592117,,,,,,,,
,,,,,,,,,9e-08,684,,,,,,,,,
4,,,,,,,,,,684,0.07640984654426575,,,,,,,,
,,,,,,,,,9.06578947368421e-08,689,,,,,,,,,
4,,,,,,,,,,689,0.11740521341562271,,,,,,,,
,,,,,,,,,9.131578947368421e-08,694,,,,,,,,,
4,,,,,,,,,,694,0.029529722407460213,,,,,,,,
,,,,,,,,,9.197368421052631e-08,699,,,,,,,,,
4,,,,,,,,,,699,0.09591687470674515,,,,,,,,
,,,,,,,,,9.263157894736842e-08,704,,,,,,,,,
4,,,,,,,,,,704,0.11162993311882019,,,,,,,,
,,,,,,,,,9.328947368421053e-08,709,,,,,,,,,
4,,,,,,,,,,709,0.11186294257640839,,,,,,,,
,,,,,,,,,9.394736842105263e-08,714,,,,,,,,,
4,,,,,,,,,,714,0.057159680873155594,,,,,,,,
,,,,,,,,,9.460526315789473e-08,719,,,,,,,,,
4,,,,,,,,,,719,0.07039251923561096,,,,,,,,
,,,,,,,,,9.526315789473683e-08,724,,,,,,,,,
4,,,,,,,,,,724,0.050140511244535446,,,,,,,,
,,,,,,,,,9.592105263157894e-08,729,,,,,,,,,
4,,,,,,,,,,729,0.07607604563236237,,,,,,,,
,,,,,,,,,9.657894736842106e-08,734,,,,,,,,,
4,,,,,,,,,,734,0.07894612103700638,,,,,,,,
,,,,,,,,,9.723684210526316e-08,739,,,,,,,,,
4,,,,,,,,,,739,0.13161231577396393,,,,,,,,
,,,,,,,,,9.789473684210525e-08,744,,,,,,,,,
4,,,,,,,,,,744,0.06058184802532196,,,,,,,,
,,,,,,,,,9.855263157894736e-08,749,,,,,,,,,
4,,,,,,,,,,749,0.05389038473367691,,,,,,,,
,,,,,,,,,9.921052631578946e-08,754,,,,,,,,,
4,,,,,,,,,,754,0.07737439125776291,,,,,,,,
,,,,,,,,,9.986842105263158e-08,759,,,,,,,,,
4,,,,,,,,,,759,0.06725668162107468,,,,,,,,
4,,,,,,,,,,759,,0.574999988079071,0.7301587462425232,0.08130864799022675,0.08130864799022675,0.034426022320985794,0.574999988079071,1.0,0.02173864282667637
,,,,,,,,,1.0052631578947368e-07,764,,,,,,,,,
5,,,,,,,,,,764,0.09188877046108246,,,,,,,,
,,,,,,,,,1.0118421052631579e-07,769,,,,,,,,,
5,,,,,,,,,,769,0.10582248121500015,,,,,,,,
,,,,,,,,,1.018421052631579e-07,774,,,,,,,,,
5,,,,,,,,,,774,0.12068871408700943,,,,,,,,
,,,,,,,,,1.0249999999999998e-07,779,,,,,,,,,
5,,,,,,,,,,779,0.07318037748336792,,,,,,,,
,,,,,,,,,1.031578947368421e-07,784,,,,,,,,,
5,,,,,,,,,,784,0.07423675805330276,,,,,,,,
,,,,,,,,,1.0381578947368421e-07,789,,,,,,,,,
5,,,,,,,,,,789,0.06721046566963196,,,,,,,,
,,,,,,,,,1.0447368421052631e-07,794,,,,,,,,,
5,,,,,,,,,,794,0.08774394541978836,,,,,,,,
,,,,,,,,,1.0513157894736842e-07,799,,,,,,,,,
5,,,,,,,,,,799,0.08220234513282776,,,,,,,,
,,,,,,,,,1.0578947368421052e-07,804,,,,,,,,,
5,,,,,,,,,,804,0.06410285085439682,,,,,,,,
,,,,,,,,,1.0644736842105264e-07,809,,,,,,,,,
5,,,,,,,,,,809,0.03288578987121582,,,,,,,,
,,,,,,,,,1.0710526315789473e-07,814,,,,,,,,,
5,,,,,,,,,,814,0.0755227580666542,,,,,,,,
,,,,,,,,,1.0776315789473683e-07,819,,,,,,,,,
5,,,,,,,,,,819,0.08623181283473969,,,,,,,,
,,,,,,,,,1.0842105263157894e-07,824,,,,,,,,,
5,,,,,,,,,,824,0.0839361920952797,,,,,,,,
,,,,,,,,,1.0907894736842104e-07,829,,,,,,,,,
5,,,,,,,,,,829,0.07944764196872711,,,,,,,,
,,,,,,,,,1.0973684210526316e-07,834,,,,,,,,,
5,,,,,,,,,,834,0.06154040992259979,,,,,,,,
,,,,,,,,,1.1039473684210527e-07,839,,,,,,,,,
5,,,,,,,,,,839,0.13607586920261383,,,,,,,,
,,,,,,,,,1.1105263157894737e-07,844,,,,,,,,,
5,,,,,,,,,,844,0.10370820760726929,,,,,,,,
,,,,,,,,,1.1171052631578946e-07,849,,,,,,,,,
5,,,,,,,,,,849,0.0985834151506424,,,,,,,,
,,,,,,,,,1.1236842105263157e-07,854,,,,,,,,,
5,,,,,,,,,,854,0.09588639438152313,,,,,,,,
,,,,,,,,,1.1302631578947368e-07,859,,,,,,,,,
5,,,,,,,,,,859,0.061448901891708374,,,,,,,,
,,,,,,,,,1.1368421052631579e-07,864,,,,,,,,,
5,,,,,,,,,,864,0.05174023285508156,,,,,,,,
,,,,,,,,,1.1434210526315789e-07,869,,,,,,,,,
5,,,,,,,,,,869,0.06225007772445679,,,,,,,,
,,,,,,,,,1.15e-07,874,,,,,,,,,
5,,,,,,,,,,874,0.031147750094532967,,,,,,,,
,,,,,,,,,1.1565789473684209e-07,879,,,,,,,,,
5,,,,,,,,,,879,0.09507395327091217,,,,,,,,
,,,,,,,,,1.163157894736842e-07,884,,,,,,,,,
5,,,,,,,,,,884,0.08091804385185242,,,,,,,,
,,,,,,,,,1.1697368421052631e-07,889,,,,,,,,,
5,,,,,,,,,,889,0.057223841547966,,,,,,,,
,,,,,,,,,1.1763157894736842e-07,894,,,,,,,,,
5,,,,,,,,,,894,0.0716259777545929,,,,,,,,
,,,,,,,,,1.1828947368421052e-07,899,,,,,,,,,
5,,,,,,,,,,899,0.12105986475944519,,,,,,,,
,,,,,,,,,1.1894736842105262e-07,904,,,,,,,,,
5,,,,,,,,,,904,0.07659893482923508,,,,,,,,
,,,,,,,,,1.1960526315789474e-07,909,,,,,,,,,
5,,,,,,,,,,909,0.05225197970867157,,,,,,,,
5,,,,,,,,,,911,,0.574999988079071,0.7301587462425232,0.08132254332304001,0.08132254332304001,0.026946887373924255,0.574999988079071,1.0,0.011467956937849522
,,,,,,,,,1.2026315789473682e-07,914,,,,,,,,,
6,,,,,,,,,,914,0.08444385230541229,,,,,,,,
,,,,,,,,,1.2092105263157893e-07,919,,,,,,,,,
6,,,,,,,,,,919,0.044095106422901154,,,,,,,,
,,,,,,,,,1.2157894736842106e-07,924,,,,,,,,,
6,,,,,,,,,,924,0.05360148847103119,,,,,,,,
,,,,,,,,,1.2223684210526316e-07,929,,,,,,,,,
6,,,,,,,,,,929,0.07078929990530014,,,,,,,,
,,,,,,,,,1.2289473684210527e-07,934,,,,,,,,,
6,,,,,,,,,,934,0.05739061161875725,,,,,,,,
,,,,,,,,,1.2355263157894737e-07,939,,,,,,,,,
6,,,,,,,,,,939,0.08043912798166275,,,,,,,,
,,,,,,,,,1.2421052631578947e-07,944,,,,,,,,,
6,,,,,,,,,,944,0.08102112263441086,,,,,,,,
,,,,,,,,,1.2486842105263158e-07,949,,,,,,,,,
6,,,,,,,,,,949,0.06905324757099152,,,,,,,,
,,,,,,,,,1.2552631578947368e-07,954,,,,,,,,,
6,,,,,,,,,,954,0.09413974732160568,,,,,,,,
,,,,,,,,,1.261842105263158e-07,959,,,,,,,,,
6,,,,,,,,,,959,0.0927567258477211,,,,,,,,
,,,,,,,,,1.268421052631579e-07,964,,,,,,,,,
6,,,,,,,,,,964,0.0951203778386116,,,,,,,,
,,,,,,,,,1.275e-07,969,,,,,,,,,
6,,,,,,,,,,969,0.02813692018389702,,,,,,,,
,,,,,,,,,1.281578947368421e-07,974,,,,,,,,,
6,,,,,,,,,,974,0.0571771077811718,,,,,,,,
,,,,,,,,,1.288157894736842e-07,979,,,,,,,,,
6,,,,,,,,,,979,0.04829290881752968,,,,,,,,
,,,,,,,,,1.294736842105263e-07,984,,,,,,,,,
6,,,,,,,,,,984,0.09692401438951492,,,,,,,,
,,,,,,,,,1.3013157894736842e-07,989,,,,,,,,,
6,,,,,,,,,,989,0.08885008841753006,,,,,,,,
,,,,,,,,,1.3078947368421055e-07,994,,,,,,,,,
6,,,,,,,,,,994,0.09271986037492752,,,,,,,,
,,,,,,,,,1.3144736842105262e-07,999,,,,,,,,,
6,,,,,,,,,,999,0.08467159420251846,,,,,,,,
,,,,,,,,,1.3210526315789473e-07,1004,,,,,,,,,
6,,,,,,,,,,1004,0.07465857267379761,,,,,,,,
,,,,,,,,,1.3276315789473683e-07,1009,,,,,,,,,
6,,,,,,,,,,1009,0.08192546665668488,,,,,,,,
,,,,,,,,,1.3342105263157894e-07,1014,,,,,,,,,
6,,,,,,,,,,1014,0.1027529165148735,,,,,,,,
,,,,,,,,,1.3407894736842104e-07,1019,,,,,,,,,
6,,,,,,,,,,1019,0.023642856627702713,,,,,,,,
,,,,,,,,,1.3473684210526315e-07,1024,,,,,,,,,
6,,,,,,,,,,1024,0.05586150288581848,,,,,,,,
,,,,,,,,,1.3539473684210525e-07,1029,,,,,,,,,
6,,,,,,,,,,1029,0.10512125492095947,,,,,,,,
,,,,,,,,,1.3605263157894736e-07,1034,,,,,,,,,
6,,,,,,,,,,1034,0.14366333186626434,,,,,,,,
,,,,,,,,,1.3671052631578946e-07,1039,,,,,,,,,
6,,,,,,,,,,1039,0.08168187737464905,,,,,,,,
,,,,,,,,,1.3736842105263156e-07,1044,,,,,,,,,
6,,,,,,,,,,1044,0.13140469789505005,,,,,,,,
,,,,,,,,,1.380263157894737e-07,1049,,,,,,,,,
6,,,,,,,,,,1049,0.11683705449104309,,,,,,,,
,,,,,,,,,1.386842105263158e-07,1054,,,,,,,,,
6,,,,,,,,,,1054,0.10262792557477951,,,,,,,,
,,,,,,,,,1.393421052631579e-07,1059,,,,,,,,,
6,,,,,,,,,,1059,0.07566984742879868,,,,,,,,
6,,,,,,,,,,1063,,0.574999988079071,0.7301587462425232,0.08133085072040558,0.08133085072040558,0.027586983516812325,0.574999988079071,1.0,0.004296082071959972
,,,,,,,,,1.4e-07,1064,,,,,,,,,
7,,,,,,,,,,1064,0.15123753249645233,,,,,,,,
,,,,,,,,,1.406578947368421e-07,1069,,,,,,,,,
7,,,,,,,,,,1069,0.05168592929840088,,,,,,,,
,,,,,,,,,1.413157894736842e-07,1074,,,,,,,,,
7,,,,,,,,,,1074,0.12495484203100204,,,,,,,,
,,,,,,,,,1.419736842105263e-07,1079,,,,,,,,,
7,,,,,,,,,,1079,0.11537399888038635,,,,,,,,
,,,,,,,,,1.426315789473684e-07,1084,,,,,,,,,
7,,,,,,,,,,1084,0.04520983621478081,,,,,,,,
,,,,,,,,,1.432894736842105e-07,1089,,,,,,,,,
7,,,,,,,,,,1089,0.0838681012392044,,,,,,,,
,,,,,,,,,1.439473684210526e-07,1094,,,,,,,,,
7,,,,,,,,,,1094,0.1023317277431488,,,,,,,,
,,,,,,,,,1.4460526315789474e-07,1099,,,,,,,,,
7,,,,,,,,,,1099,0.05448392406105995,,,,,,,,
,,,,,,,,,1.4526315789473685e-07,1104,,,,,,,,,
7,,,,,,,,,,1104,0.05203960835933685,,,,,,,,
,,,,,,,,,1.4592105263157895e-07,1109,,,,,,,,,
7,,,,,,,,,,1109,0.05038315802812576,,,,,,,,
,,,,,,,,,1.4657894736842105e-07,1114,,,,,,,,,
7,,,,,,,,,,1114,0.0713111087679863,,,,,,,,
,,,,,,,,,1.4723684210526316e-07,1119,,,,,,,,,
7,,,,,,,,,,1119,0.07272105664014816,,,,,,,,
,,,,,,,,,1.4789473684210526e-07,1124,,,,,,,,,
7,,,,,,,,,,1124,0.06786688417196274,,,,,,,,
,,,,,,,,,1.4855263157894737e-07,1129,,,,,,,,,
7,,,,,,,,,,1129,0.08724825829267502,,,,,,,,
,,,,,,,,,1.4921052631578945e-07,1134,,,,,,,,,
7,,,,,,,,,,1134,0.09936770051717758,,,,,,,,
,,,,,,,,,1.4986842105263155e-07,1139,,,,,,,,,
7,,,,,,,,,,1139,0.06781982630491257,,,,,,,,
,,,,,,,,,1.5052631578947366e-07,1144,,,,,,,,,
7,,,,,,,,,,1144,0.05182013288140297,,,,,,,,
,,,,,,,,,1.5118421052631579e-07,1149,,,,,,,,,
7,,,,,,,,,,1149,0.05903156101703644,,,,,,,,
,,,,,,,,,1.518421052631579e-07,1154,,,,,,,,,
7,,,,,,,,,,1154,0.1014866754412651,,,,,,,,
,,,,,,,,,1.525e-07,1159,,,,,,,,,
7,,,,,,,,,,1159,0.016499534249305725,,,,,,,,
,,,,,,,,,1.531578947368421e-07,1164,,,,,,,,,
7,,,,,,,,,,1164,0.04633290320634842,,,,,,,,
,,,,,,,,,1.538157894736842e-07,1169,,,,,,,,,
7,,,,,,,,,,1169,0.04859711229801178,,,,,,,,
,,,,,,,,,1.544736842105263e-07,1174,,,,,,,,,
7,,,,,,,,,,1174,0.06873395293951035,,,,,,,,
,,,,,,,,,1.5513157894736841e-07,1179,,,,,,,,,
7,,,,,,,,,,1179,0.06818276643753052,,,,,,,,
,,,,,,,,,1.5578947368421052e-07,1184,,,,,,,,,
7,,,,,,,,,,1184,0.06716019660234451,,,,,,,,
,,,,,,,,,1.5644736842105262e-07,1189,,,,,,,,,
7,,,,,,,,,,1189,0.08219993859529495,,,,,,,,
,,,,,,,,,1.5710526315789473e-07,1194,,,,,,,,,
7,,,,,,,,,,1194,0.07130381464958191,,,,,,,,
,,,,,,,,,1.5776315789473686e-07,1199,,,,,,,,,
7,,,,,,,,,,1199,0.03468586876988411,,,,,,,,
,,,,,,,,,1.5842105263157894e-07,1204,,,,,,,,,
7,,,,,,,,,,1204,0.15228234231472015,,,,,,,,
,,,,,,,,,1.5907894736842104e-07,1209,,,,,,,,,
7,,,,,,,,,,1209,0.08480233699083328,,,,,,,,
,,,,,,,,,1.5973684210526315e-07,1214,,,,,,,,,
7,,,,,,,,,,1214,0.07783278077840805,,,,,,,,
7,,,,,,,,,,1215,,0.574999988079071,0.7301587462425232,0.08134442567825317,0.08134442567825317,0.02849261648952961,0.574999988079071,1.0,0.005868964362889528
,,,,,,,,,1.6039473684210525e-07,1219,,,,,,,,,
8,,,,,,,,,,1219,0.04185453802347183,,,,,,,,
,,,,,,,,,1.6105263157894735e-07,1224,,,,,,,,,
8,,,,,,,,,,1224,0.0849609524011612,,,,,,,,
,,,,,,,,,1.6171052631578946e-07,1229,,,,,,,,,
8,,,,,,,,,,1229,0.10638744384050369,,,,,,,,
,,,,,,,,,1.6236842105263156e-07,1234,,,,,,,,,
8,,,,,,,,,,1234,0.0597207136452198,,,,,,,,
,,,,,,,,,1.6302631578947367e-07,1239,,,,,,,,,
8,,,,,,,,,,1239,0.11239028722047806,,,,,,,,
,,,,,,,,,1.6368421052631577e-07,1244,,,,,,,,,
8,,,,,,,,,,1244,0.07450658828020096,,,,,,,,
,,,,,,,,,1.643421052631579e-07,1249,,,,,,,,,
8,,,,,,,,,,1249,0.09115979820489883,,,,,,,,
,,,,,,,,,1.65e-07,1254,,,,,,,,,
8,,,,,,,,,,1254,0.12030743807554245,,,,,,,,
,,,,,,,,,1.656578947368421e-07,1259,,,,,,,,,
8,,,,,,,,,,1259,0.13848640024662018,,,,,,,,
,,,,,,,,,1.6631578947368422e-07,1264,,,,,,,,,
8,,,,,,,,,,1264,0.06776422262191772,,,,,,,,
,,,,,,,,,1.669736842105263e-07,1269,,,,,,,,,
8,,,,,,,,,,1269,0.029870646074414253,,,,,,,,
,,,,,,,,,1.676315789473684e-07,1274,,,,,,,,,
8,,,,,,,,,,1274,0.09470628947019577,,,,,,,,
,,,,,,,,,1.682894736842105e-07,1279,,,,,,,,,
8,,,,,,,,,,1279,0.04484419897198677,,,,,,,,
,,,,,,,,,1.689473684210526e-07,1284,,,,,,,,,
8,,,,,,,,,,1284,0.05307556316256523,,,,,,,,
,,,,,,,,,1.6960526315789471e-07,1289,,,,,,,,,
8,,,,,,,,,,1289,0.04787702485918999,,,,,,,,
,,,,,,,,,1.7026315789473682e-07,1294,,,,,,,,,
8,,,,,,,,,,1294,0.06954115629196167,,,,,,,,
,,,,,,,,,1.7092105263157895e-07,1299,,,,,,,,,
8,,,,,,,,,,1299,0.045889850705862045,,,,,,,,
,,,,,,,,,1.7157894736842105e-07,1304,,,,,,,,,
8,,,,,,,,,,1304,0.07373619824647903,,,,,,,,
,,,,,,,,,1.7223684210526316e-07,1309,,,,,,,,,
8,,,,,,,,,,1309,0.11007858067750931,,,,,,,,
,,,,,,,,,1.7289473684210526e-07,1314,,,,,,,,,
8,,,,,,,,,,1314,0.040171053260564804,,,,,,,,
,,,,,,,,,1.7355263157894737e-07,1319,,,,,,,,,
8,,,,,,,,,,1319,0.03426762670278549,,,,,,,,
,,,,,,,,,1.7421052631578947e-07,1324,,,,,,,,,
8,,,,,,,,,,1324,0.06781893968582153,,,,,,,,
,,,,,,,,,1.7486842105263158e-07,1329,,,,,,,,,
8,,,,,,,,,,1329,0.053030189126729965,,,,,,,,
,,,,,,,,,1.7552631578947368e-07,1334,,,,,,,,,
8,,,,,,,,,,1334,0.05451120063662529,,,,,,,,
,,,,,,,,,1.7618421052631576e-07,1339,,,,,,,,,
8,,,,,,,,,,1339,0.09121465682983398,,,,,,,,
,,,,,,,,,1.7684210526315786e-07,1344,,,,,,,,,
8,,,,,,,,,,1344,0.05998416617512703,,,,,,,,
,,,,,,,,,1.775e-07,1349,,,,,,,,,
8,,,,,,,,,,1349,0.09374816715717316,,,,,,,,
,,,,,,,,,1.781578947368421e-07,1354,,,,,,,,,
8,,,,,,,,,,1354,0.09486720710992813,,,,,,,,
,,,,,,,,,1.788157894736842e-07,1359,,,,,,,,,
8,,,,,,,,,,1359,0.07567180693149567,,,,,,,,
,,,,,,,,,1.794736842105263e-07,1364,,,,,,,,,
8,,,,,,,,,,1364,0.018630702048540115,,,,,,,,
8,,,,,,,,,,1367,,0.574999988079071,0.7301587462425232,0.08136904984712601,0.08136904984712601,0.02301413007080555,0.574999988079071,1.0,0.010235474444925785
,,,,,,,,,1.801315789473684e-07,1369,,,,,,,,,
9,,,,,,,,,,1369,0.052705634385347366,,,,,,,,
,,,,,,,,,1.8078947368421052e-07,1374,,,,,,,,,
9,,,,,,,,,,1374,0.13456708192825317,,,,,,,,
,,,,,,,,,1.8144736842105262e-07,1379,,,,,,,,,
9,,,,,,,,,,1379,0.0695347711443901,,,,,,,,
,,,,,,,,,1.8210526315789473e-07,1384,,,,,,,,,
9,,,,,,,,,,1384,0.09632682055234909,,,,,,,,
,,,,,,,,,1.8276315789473683e-07,1389,,,,,,,,,
9,,,,,,,,,,1389,0.09089571982622147,,,,,,,,
,,,,,,,,,1.8342105263157894e-07,1394,,,,,,,,,
9,,,,,,,,,,1394,0.1066753938794136,,,,,,,,
,,,,,,,,,1.8407894736842107e-07,1399,,,,,,,,,
9,,,,,,,,,,1399,0.1234377846121788,,,,,,,,
,,,,,,,,,1.8473684210526317e-07,1404,,,,,,,,,
9,,,,,,,,,,1404,0.11141595244407654,,,,,,,,
,,,,,,,,,1.8539473684210525e-07,1409,,,,,,,,,
9,,,,,,,,,,1409,0.09063044935464859,,,,,,,,
,,,,,,,,,1.8605263157894735e-07,1414,,,,,,,,,
9,,,,,,,,,,1414,0.07164111733436584,,,,,,,,
,,,,,,,,,1.8671052631578946e-07,1419,,,,,,,,,
9,,,,,,,,,,1419,0.14574681222438812,,,,,,,,
,,,,,,,,,1.8736842105263156e-07,1424,,,,,,,,,
9,,,,,,,,,,1424,0.08642026782035828,,,,,,,,
,,,,,,,,,1.8802631578947367e-07,1429,,,,,,,,,
9,,,,,,,,,,1429,0.03015890158712864,,,,,,,,
,,,,,,,,,1.8868421052631577e-07,1434,,,,,,,,,
9,,,,,,,,,,1434,0.09344369918107986,,,,,,,,
,,,,,,,,,1.8934210526315788e-07,1439,,,,,,,,,
9,,,,,,,,,,1439,0.07788877189159393,,,,,,,,
,,,,,,,,,1.8999999999999998e-07,1444,,,,,,,,,
9,,,,,,,,,,1444,0.07465074956417084,,,,,,,,
,,,,,,,,,1.906578947368421e-07,1449,,,,,,,,,
9,,,,,,,,,,1449,0.12165471911430359,,,,,,,,
,,,,,,,,,1.9131578947368422e-07,1454,,,,,,,,,
9,,,,,,,,,,1454,0.0644235834479332,,,,,,,,
,,,,,,,,,1.9197368421052632e-07,1459,,,,,,,,,
9,,,,,,,,,,1459,0.05537714436650276,,,,,,,,
,,,,,,,,,1.9263157894736843e-07,1464,,,,,,,,,
9,,,,,,,,,,1464,0.08450644463300705,,,,,,,,
,,,,,,,,,1.9328947368421053e-07,1469,,,,,,,,,
9,,,,,,,,,,1469,0.029247501865029335,,,,,,,,
,,,,,,,,,1.939473684210526e-07,1474,,,,,,,,,
9,,,,,,,,,,1474,0.0584818497300148,,,,,,,,
,,,,,,,,,1.946052631578947e-07,1479,,,,,,,,,
9,,,,,,,,,,1479,0.07846973836421967,,,,,,,,
,,,,,,,,,1.9526315789473682e-07,1484,,,,,,,,,
9,,,,,,,,,,1484,0.0697207897901535,,,,,,,,
,,,,,,,,,1.9592105263157892e-07,1489,,,,,,,,,
9,,,,,,,,,,1489,0.09453178197145462,,,,,,,,
,,,,,,,,,1.9657894736842103e-07,1494,,,,,,,,,
9,,,,,,,,,,1494,0.0576200969517231,,,,,,,,
,,,,,,,,,1.9723684210526316e-07,1499,,,,,,,,,
9,,,,,,,,,,1499,0.06022153049707413,,,,,,,,
,,,,,,,,,1.9789473684210526e-07,1504,,,,,,,,,
9,,,,,,,,,,1504,0.09942551702260971,,,,,,,,
,,,,,,,,,1.9855263157894737e-07,1509,,,,,,,,,
9,,,,,,,,,,1509,0.07991962134838104,,,,,,,,
,,,,,,,,,1.9921052631578947e-07,1514,,,,,,,,,
9,,,,,,,,,,1514,0.07813088595867157,,,,,,,,
,,,,,,,,,1.9986842105263158e-07,1519,,,,,,,,,
9,,,,,,,,,,1519,0.11093375086784363,,,,,,,,
9,,,,,,,,,,1519,,0.574999988079071,0.7301587462425232,0.08139918744564056,0.08139918744564056,0.016013003885746002,0.574999988079071,1.0,-0.004965143743902445
,,,,,,,,,2.0052631578947368e-07,1524,,,,,,,,,
10,,,,,,,,,,1524,0.11114475131034851,,,,,,,,
,,,,,,,,,2.0118421052631578e-07,1529,,,,,,,,,
10,,,,,,,,,,1529,0.11385504901409149,,,,,,,,
,,,,,,,,,2.018421052631579e-07,1534,,,,,,,,,
10,,,,,,,,,,1534,0.056377917528152466,,,,,,,,
,,,,,,,,,2.025e-07,1539,,,,,,,,,
10,,,,,,,,,,1539,0.1069071814417839,,,,,,,,
,,,,,,,,,2.0315789473684207e-07,1544,,,,,,,,,
10,,,,,,,,,,1544,0.09069961309432983,,,,,,,,
,,,,,,,,,2.038157894736842e-07,1549,,,,,,,,,
10,,,,,,,,,,1549,0.122825488448143,,,,,,,,
,,,,,,,,,2.044736842105263e-07,1554,,,,,,,,,
10,,,,,,,,,,1554,0.10100715607404709,,,,,,,,
,,,,,,,,,2.051315789473684e-07,1559,,,,,,,,,
10,,,,,,,,,,1559,0.08742471784353256,,,,,,,,
,,,,,,,,,2.0578947368421052e-07,1564,,,,,,,,,
10,,,,,,,,,,1564,0.07652910053730011,,,,,,,,
,,,,,,,,,2.0644736842105262e-07,1569,,,,,,,,,
10,,,,,,,,,,1569,0.06304482370615005,,,,,,,,
,,,,,,,,,2.0710526315789473e-07,1574,,,,,,,,,
10,,,,,,,,,,1574,0.06544971466064453,,,,,,,,
,,,,,,,,,2.0776315789473683e-07,1579,,,,,,,,,
10,,,,,,,,,,1579,0.08661303669214249,,,,,,,,
,,,,,,,,,2.0842105263157893e-07,1584,,,,,,,,,
10,,,,,,,,,,1584,0.0376475565135479,,,,,,,,
,,,,,,,,,2.0907894736842104e-07,1589,,,,,,,,,
10,,,,,,,,,,1589,0.09676718711853027,,,,,,,,
,,,,,,,,,2.0973684210526314e-07,1594,,,,,,,,,
10,,,,,,,,,,1594,0.04481761157512665,,,,,,,,
,,,,,,,,,2.1039473684210527e-07,1599,,,,,,,,,
10,,,,,,,,,,1599,0.059490762650966644,,,,,,,,
,,,,,,,,,2.1105263157894738e-07,1604,,,,,,,,,
10,,,,,,,,,,1604,0.027773989364504814,,,,,,,,
,,,,,,,,,2.1171052631578946e-07,1609,,,,,,,,,
10,,,,,,,,,,1609,0.0748061090707779,,,,,,,,
,,,,,,,,,2.1236842105263156e-07,1614,,,,,,,,,
10,,,,,,,,,,1614,0.11755448579788208,,,,,,,,
,,,,,,,,,2.1302631578947367e-07,1619,,,,,,,,,
10,,,,,,,,,,1619,0.0730939581990242,,,,,,,,
,,,,,,,,,2.1368421052631577e-07,1624,,,,,,,,,
10,,,,,,,,,,1624,0.0435546450316906,,,,,,,,
,,,,,,,,,2.1434210526315788e-07,1629,,,,,,,,,
10,,,,,,,,,,1629,0.056195005774497986,,,,,,,,
,,,,,,,,,2.1499999999999998e-07,1634,,,,,,,,,
10,,,,,,,,,,1634,0.08683715015649796,,,,,,,,
,,,,,,,,,2.1565789473684208e-07,1639,,,,,,,,,
10,,,,,,,,,,1639,0.09681320190429688,,,,,,,,
,,,,,,,,,2.163157894736842e-07,1644,,,,,,,,,
10,,,,,,,,,,1644,0.09432999044656754,,,,,,,,
,,,,,,,,,2.1697368421052632e-07,1649,,,,,,,,,
10,,,,,,,,,,1649,0.04188802093267441,,,,,,,,
,,,,,,,,,2.1763157894736842e-07,1654,,,,,,,,,
10,,,,,,,,,,1654,0.09845500439405441,,,,,,,,
,,,,,,,,,2.1828947368421053e-07,1659,,,,,,,,,
10,,,,,,,,,,1659,0.03494150564074516,,,,,,,,
,,,,,,,,,2.1894736842105263e-07,1664,,,,,,,,,
10,,,,,,,,,,1664,0.08027242124080658,,,,,,,,
,,,,,,,,,2.1960526315789474e-07,1669,,,,,,,,,
10,,,,,,,,,,1669,0.04421039670705795,,,,,,,,
10,,,,,,,,,,1671,,0.574999988079071,0.7301587462425232,0.08142627775669098,0.08142627775669098,0.010289466939866543,0.574999988079071,1.0,-0.005293806083500385
,,,,,,,,,2.2026315789473684e-07,1674,,,,,,,,,
11,,,,,,,,,,1674,0.11193020641803741,,,,,,,,
,,,,,,,,,2.2092105263157892e-07,1679,,,,,,,,,
11,,,,,,,,,,1679,0.11371418088674545,,,,,,,,
,,,,,,,,,2.2157894736842103e-07,1684,,,,,,,,,
11,,,,,,,,,,1684,0.06206844747066498,,,,,,,,
,,,,,,,,,2.2223684210526313e-07,1689,,,,,,,,,
11,,,,,,,,,,1689,0.05314038693904877,,,,,,,,
,,,,,,,,,2.2289473684210523e-07,1694,,,,,,,,,
11,,,,,,,,,,1694,0.04184887185692787,,,,,,,,
,,,,,,,,,2.2355263157894737e-07,1699,,,,,,,,,
11,,,,,,,,,,1699,0.10218989104032516,,,,,,,,
,,,,,,,,,2.2421052631578947e-07,1704,,,,,,,,,
11,,,,,,,,,,1704,0.1224190816283226,,,,,,,,
,,,,,,,,,2.2486842105263157e-07,1709,,,,,,,,,
11,,,,,,,,,,1709,0.09106408059597015,,,,,,,,
,,,,,,,,,2.2552631578947368e-07,1714,,,,,,,,,
11,,,,,,,,,,1714,0.07902324944734573,,,,,,,,
,,,,,,,,,2.2618421052631578e-07,1719,,,,,,,,,
11,,,,,,,,,,1719,0.09563343971967697,,,,,,,,
,,,,,,,,,2.268421052631579e-07,1724,,,,,,,,,
11,,,,,,,,,,1724,0.0829399824142456,,,,,,,,
,,,,,,,,,2.275e-07,1729,,,,,,,,,
11,,,,,,,,,,1729,0.05809502676129341,,,,,,,,
,,,,,,,,,2.281578947368421e-07,1734,,,,,,,,,
11,,,,,,,,,,1734,0.05761285871267319,,,,,,,,
,,,,,,,,,2.288157894736842e-07,1739,,,,,,,,,
11,,,,,,,,,,1739,0.030651966109871864,,,,,,,,
,,,,,,,,,2.2947368421052628e-07,1744,,,,,,,,,
11,,,,,,,,,,1744,0.10830511152744293,,,,,,,,
,,,,,,,,,2.301315789473684e-07,1749,,,,,,,,,
11,,,,,,,,,,1749,0.06476323306560516,,,,,,,,
,,,,,,,,,2.3078947368421052e-07,1754,,,,,,,,,
11,,,,,,,,,,1754,0.03742196410894394,,,,,,,,
,,,,,,,,,2.3144736842105262e-07,1759,,,,,,,,,
11,,,,,,,,,,1759,0.09848040342330933,,,,,,,,
,,,,,,,,,2.3210526315789472e-07,1764,,,,,,,,,
11,,,,,,,,,,1764,0.04190071299672127,,,,,,,,
,,,,,,,,,2.3276315789473683e-07,1769,,,,,,,,,
11,,,,,,,,,,1769,0.08170359581708908,,,,,,,,
,,,,,,,,,2.3342105263157893e-07,1774,,,,,,,,,
11,,,,,,,,,,1774,0.055704496800899506,,,,,,,,
,,,,,,,,,2.3407894736842104e-07,1779,,,,,,,,,
11,,,,,,,,,,1779,0.04984508827328682,,,,,,,,
,,,,,,,,,2.3473684210526314e-07,1784,,,,,,,,,
11,,,,,,,,,,1784,0.10071785002946854,,,,,,,,
,,,,,,,,,2.3539473684210525e-07,1789,,,,,,,,,
11,,,,,,,,,,1789,0.09252304583787918,,,,,,,,
,,,,,,,,,2.3605263157894735e-07,1794,,,,,,,,,
11,,,,,,,,,,1794,0.05779605731368065,,,,,,,,
,,,,,,,,,2.3671052631578948e-07,1799,,,,,,,,,
11,,,,,,,,,,1799,0.09551747143268585,,,,,,,,
,,,,,,,,,2.373684210526316e-07,1804,,,,,,,,,
11,,,,,,,,,,1804,0.07179035991430283,,,,,,,,
,,,,,,,,,2.380263157894737e-07,1809,,,,,,,,,
11,,,,,,,,,,1809,0.05077071115374565,,,,,,,,
,,,,,,,,,2.3868421052631577e-07,1814,,,,,,,,,
11,,,,,,,,,,1814,0.07740538567304611,,,,,,,,
,,,,,,,,,2.393421052631579e-07,1819,,,,,,,,,
11,,,,,,,,,,1819,0.05738897621631622,,,,,,,,
11,,,,,,,,,,1823,,0.574999988079071,0.7301587462425232,0.08145849406719208,0.08145849406719208,0.007830442860722542,0.574999988079071,1.0,-0.003990895580500364
,,,,,,,,,2.4e-07,1824,,,,,,,,,
12,,,,,,,,,,1824,0.09697748720645905,,,,,,,,
,,,,,,,,,2.406578947368421e-07,1829,,,,,,,,,
12,,,,,,,,,,1829,0.05898018181324005,,,,,,,,
,,,,,,,,,2.413157894736842e-07,1834,,,,,,,,,
12,,,,,,,,,,1834,0.061201587319374084,,,,,,,,
,,,,,,,,,2.419736842105263e-07,1839,,,,,,,,,
12,,,,,,,,,,1839,0.12089031934738159,,,,,,,,
,,,,,,,,,2.426315789473684e-07,1844,,,,,,,,,
12,,,,,,,,,,1844,0.05769852176308632,,,,,,,,
,,,,,,,,,2.432894736842105e-07,1849,,,,,,,,,
12,,,,,,,,,,1849,0.04532300680875778,,,,,,,,
,,,,,,,,,2.439473684210526e-07,1854,,,,,,,,,
12,,,,,,,,,,1854,0.08548106253147125,,,,,,,,
,,,,,,,,,2.446052631578947e-07,1859,,,,,,,,,
12,,,,,,,,,,1859,0.08626317977905273,,,,,,,,
,,,,,,,,,2.452631578947368e-07,1864,,,,,,,,,
12,,,,,,,,,,1864,0.11656507104635239,,,,,,,,
,,,,,,,,,2.459210526315789e-07,1869,,,,,,,,,
12,,,,,,,,,,1869,0.12697285413742065,,,,,,,,
,,,,,,,,,2.465789473684211e-07,1874,,,,,,,,,
12,,,,,,,,,,1874,0.08338488638401031,,,,,,,,
,,,,,,,,,2.472368421052632e-07,1879,,,,,,,,,
12,,,,,,,,,,1879,0.11517264693975449,,,,,,,,
,,,,,,,,,2.4789473684210523e-07,1884,,,,,,,,,
12,,,,,,,,,,1884,0.0804390013217926,,,,,,,,
,,,,,,,,,2.4855263157894734e-07,1889,,,,,,,,,
12,,,,,,,,,,1889,0.03806888684630394,,,,,,,,
,,,,,,,,,2.4921052631578944e-07,1894,,,,,,,,,
12,,,,,,,,,,1894,0.07939781248569489,,,,,,,,
,,,,,,,,,2.4986842105263155e-07,1899,,,,,,,,,
12,,,,,,,,,,1899,0.0729704201221466,,,,,,,,
,,,,,,,,,2.505263157894737e-07,1904,,,,,,,,,
12,,,,,,,,,,1904,0.10767555236816406,,,,,,,,
,,,,,,,,,2.5118421052631576e-07,1909,,,,,,,,,
12,,,,,,,,,,1909,0.07557790726423264,,,,,,,,
,,,,,,,,,2.5184210526315786e-07,1914,,,,,,,,,
12,,,,,,,,,,1914,0.10839845985174179,,,,,,,,
,,,,,,,,,2.5249999999999996e-07,1919,,,,,,,,,
12,,,,,,,,,,1919,0.18443836271762848,,,,,,,,
,,,,,,,,,2.5315789473684207e-07,1924,,,,,,,,,
12,,,,,,,,,,1924,0.0798041969537735,,,,,,,,
,,,,,,,,,2.5381578947368423e-07,1929,,,,,,,,,
12,,,,,,,,,,1929,0.017568988725543022,,,,,,,,
,,,,,,,,,2.544736842105263e-07,1934,,,,,,,,,
12,,,,,,,,,,1934,0.07307171076536179,,,,,,,,
,,,,,,,,,2.5513157894736844e-07,1939,,,,,,,,,
12,,,,,,,,,,1939,0.09637488424777985,,,,,,,,
,,,,,,,,,2.557894736842105e-07,1944,,,,,,,,,
12,,,,,,,,,,1944,0.06911588460206985,,,,,,,,
,,,,,,,,,2.5644736842105264e-07,1949,,,,,,,,,
12,,,,,,,,,,1949,0.11238235235214233,,,,,,,,
,,,,,,,,,2.571052631578947e-07,1954,,,,,,,,,
12,,,,,,,,,,1954,0.07132644951343536,,,,,,,,
,,,,,,,,,2.5776315789473685e-07,1959,,,,,,,,,
12,,,,,,,,,,1959,0.16417595744132996,,,,,,,,
,,,,,,,,,2.584210526315789e-07,1964,,,,,,,,,
12,,,,,,,,,,1964,0.07220276445150375,,,,,,,,
,,,,,,,,,2.5907894736842106e-07,1969,,,,,,,,,
12,,,,,,,,,,1969,0.052130699157714844,,,,,,,,
,,,,,,,,,2.5973684210526317e-07,1974,,,,,,,,,
12,,,,,,,,,,1974,0.16427673399448395,,,,,,,,
12,,,,,,,,,,1975,,0.574999988079071,0.7301587462425232,0.08149746060371399,0.08149746060371399,0.013622540049254894,0.574999988079071,1.0,0.005446399096399546
,,,,,,,,,2.6039473684210527e-07,1979,,,,,,,,,
13,,,,,,,,,,1979,0.09731322526931763,,,,,,,,
,,,,,,,,,2.610526315789474e-07,1984,,,,,,,,,
13,,,,,,,,,,1984,0.07897565513849258,,,,,,,,
,,,,,,,,,2.6171052631578943e-07,1989,,,,,,,,,
13,,,,,,,,,,1989,0.08704672753810883,,,,,,,,
,,,,,,,,,2.623684210526316e-07,1994,,,,,,,,,
13,,,,,,,,,,1994,0.04005033150315285,,,,,,,,
,,,,,,,,,2.6302631578947364e-07,1999,,,,,,,,,
13,,,,,,,,,,1999,0.08442244678735733,,,,,,,,
,,,,,,,,,2.636842105263158e-07,2004,,,,,,,,,
13,,,,,,,,,,2004,0.0483110211789608,,,,,,,,
,,,,,,,,,2.6434210526315785e-07,2009,,,,,,,,,
13,,,,,,,,,,2009,0.03544525429606438,,,,,,,,
,,,,,,,,,2.65e-07,2014,,,,,,,,,
13,,,,,,,,,,2014,0.07398767024278641,,,,,,,,
,,,,,,,,,2.6565789473684206e-07,2019,,,,,,,,,
13,,,,,,,,,,2019,0.08169836550951004,,,,,,,,
,,,,,,,,,2.663157894736842e-07,2024,,,,,,,,,
13,,,,,,,,,,2024,0.09539519250392914,,,,,,,,
,,,,,,,,,2.669736842105263e-07,2029,,,,,,,,,
13,,,,,,,,,,2029,0.03766335919499397,,,,,,,,
,,,,,,,,,2.676315789473684e-07,2034,,,,,,,,,
13,,,,,,,,,,2034,0.07823216170072556,,,,,,,,
,,,,,,,,,2.6828947368421053e-07,2039,,,,,,,,,
13,,,,,,,,,,2039,0.03581559285521507,,,,,,,,
,,,,,,,,,2.6894736842105263e-07,2044,,,,,,,,,
13,,,,,,,,,,2044,0.08820873498916626,,,,,,,,
,,,,,,,,,2.6960526315789474e-07,2049,,,,,,,,,
13,,,,,,,,,,2049,0.05100370943546295,,,,,,,,
,,,,,,,,,2.702631578947368e-07,2054,,,,,,,,,
13,,,,,,,,,,2054,0.1033233106136322,,,,,,,,
,,,,,,,,,2.7092105263157894e-07,2059,,,,,,,,,
13,,,,,,,,,,2059,0.06473054736852646,,,,,,,,
,,,,,,,,,2.71578947368421e-07,2064,,,,,,,,,
13,,,,,,,,,,2064,0.14170357584953308,,,,,,,,
,,,,,,,,,2.7223684210526315e-07,2069,,,,,,,,,
13,,,,,,,,,,2069,0.1196923777461052,,,,,,,,
,,,,,,,,,2.7289473684210526e-07,2074,,,,,,,,,
13,,,,,,,,,,2074,0.06620844453573227,,,,,,,,
,,,,,,,,,2.7355263157894736e-07,2079,,,,,,,,,
13,,,,,,,,,,2079,0.14787350594997406,,,,,,,,
,,,,,,,,,2.7421052631578947e-07,2084,,,,,,,,,
13,,,,,,,,,,2084,0.05816785246133804,,,,,,,,
,,,,,,,,,2.7486842105263157e-07,2089,,,,,,,,,
13,,,,,,,,,,2089,0.06332208961248398,,,,,,,,
,,,,,,,,,2.755263157894737e-07,2094,,,,,,,,,
13,,,,,,,,,,2094,0.07485011219978333,,,,,,,,
,,,,,,,,,2.761842105263158e-07,2099,,,,,,,,,
13,,,,,,,,,,2099,0.05707574263215065,,,,,,,,
,,,,,,,,,2.768421052631579e-07,2104,,,,,,,,,
13,,,,,,,,,,2104,0.09192558377981186,,,,,,,,
,,,,,,,,,2.775e-07,2109,,,,,,,,,
13,,,,,,,,,,2109,0.028643758967518806,,,,,,,,
,,,,,,,,,2.781578947368421e-07,2114,,,,,,,,,
13,,,,,,,,,,2114,0.04427408427000046,,,,,,,,
,,,,,,,,,2.7881578947368415e-07,2119,,,,,,,,,
13,,,,,,,,,,2119,0.04137873649597168,,,,,,,,
,,,,,,,,,2.794736842105263e-07,2124,,,,,,,,,
13,,,,,,,,,,2124,0.07979182153940201,,,,,,,,
13,,,,,,,,,,2127,,0.574999988079071,0.7301587462425232,0.08153180778026581,0.08153180778026581,0.017762690782546997,0.574999988079071,1.0,0.010282425209879875
,,,,,,,,,2.801315789473684e-07,2129,,,,,,,,,
14,,,,,,,,,,2129,0.10110598057508469,,,,,,,,
,,,,,,,,,2.807894736842105e-07,2134,,,,,,,,,
14,,,,,,,,,,2134,0.07228698581457138,,,,,,,,
,,,,,,,,,2.814473684210526e-07,2139,,,,,,,,,
14,,,,,,,,,,2139,0.06454769521951675,,,,,,,,
,,,,,,,,,2.821052631578947e-07,2144,,,,,,,,,
14,,,,,,,,,,2144,0.04406704381108284,,,,,,,,
,,,,,,,,,2.827631578947368e-07,2149,,,,,,,,,
14,,,,,,,,,,2149,0.05265706032514572,,,,,,,,
,,,,,,,,,2.8342105263157893e-07,2154,,,,,,,,,
14,,,,,,,,,,2154,0.05065738037228584,,,,,,,,
,,,,,,,,,2.8407894736842104e-07,2159,,,,,,,,,
14,,,,,,,,,,2159,0.12307299673557281,,,,,,,,
,,,,,,,,,2.8473684210526314e-07,2164,,,,,,,,,
14,,,,,,,,,,2164,0.08363955467939377,,,,,,,,
,,,,,,,,,2.8539473684210524e-07,2169,,,,,,,,,
14,,,,,,,,,,2169,0.06288102269172668,,,,,,,,
,,,,,,,,,2.860526315789474e-07,2174,,,,,,,,,
14,,,,,,,,,,2174,0.11322824656963348,,,,,,,,
,,,,,,,,,2.8671052631578945e-07,2179,,,,,,,,,
14,,,,,,,,,,2179,0.09718748927116394,,,,,,,,
,,,,,,,,,2.873684210526316e-07,2184,,,,,,,,,
14,,,,,,,,,,2184,0.04005537927150726,,,,,,,,
,,,,,,,,,2.8802631578947366e-07,2189,,,,,,,,,
14,,,,,,,,,,2189,0.1600189507007599,,,,,,,,
,,,,,,,,,2.8868421052631577e-07,2194,,,,,,,,,
14,,,,,,,,,,2194,0.09871792793273926,,,,,,,,
,,,,,,,,,2.8934210526315787e-07,2199,,,,,,,,,
14,,,,,,,,,,2199,0.06692039966583252,,,,,,,,
,,,,,,,,,2.9e-07,2204,,,,,,,,,
14,,,,,,,,,,2204,0.11097921431064606,,,,,,,,
,,,,,,,,,2.906578947368421e-07,2209,,,,,,,,,
14,,,,,,,,,,2209,0.06801789999008179,,,,,,,,
,,,,,,,,,2.913157894736842e-07,2214,,,,,,,,,
14,,,,,,,,,,2214,0.09706497192382812,,,,,,,,
,,,,,,,,,2.9197368421052634e-07,2219,,,,,,,,,
14,,,,,,,,,,2219,0.09297310560941696,,,,,,,,
,,,,,,,,,2.926315789473684e-07,2224,,,,,,,,,
14,,,,,,,,,,2224,0.07381010800600052,,,,,,,,
,,,,,,,,,2.9328947368421055e-07,2229,,,,,,,,,
14,,,,,,,,,,2229,0.058696452528238297,,,,,,,,
,,,,,,,,,2.939473684210526e-07,2234,,,,,,,,,
14,,,,,,,,,,2234,0.05407000333070755,,,,,,,,
,,,,,,,,,2.9460526315789476e-07,2239,,,,,,,,,
14,,,,,,,,,,2239,0.07369597256183624,,,,,,,,
,,,,,,,,,2.952631578947368e-07,2244,,,,,,,,,
14,,,,,,,,,,2244,0.05851314589381218,,,,,,,,
,,,,,,,,,2.9592105263157897e-07,2249,,,,,,,,,
14,,,,,,,,,,2249,0.059415608644485474,,,,,,,,
,,,,,,,,,2.96578947368421e-07,2254,,,,,,,,,
14,,,,,,,,,,2254,0.054925933480262756,,,,,,,,
,,,,,,,,,2.972368421052631e-07,2259,,,,,,,,,
14,,,,,,,,,,2259,0.09541402757167816,,,,,,,,
,,,,,,,,,2.9789473684210523e-07,2264,,,,,,,,,
14,,,,,,,,,,2264,0.03063218668103218,,,,,,,,
,,,,,,,,,2.9855263157894734e-07,2269,,,,,,,,,
14,,,,,,,,,,2269,0.10415886342525482,,,,,,,,
,,,,,,,,,2.992105263157895e-07,2274,,,,,,,,,
14,,,,,,,,,,2274,0.08470781147480011,,,,,,,,
,,,,,,,,,2.9986842105263154e-07,2279,,,,,,,,,
14,,,,,,,,,,2279,0.0684497132897377,,,,,,,,
14,,,,,,,,,,2279,,0.574999988079071,0.7301587462425232,0.08157777041196823,0.08157777041196823,0.021245460957288742,0.574999988079071,1.0,0.003767875488847494
,,,,,,,,,3.005263157894737e-07,2284,,,,,,,,,
15,,,,,,,,,,2284,0.10273038595914841,,,,,,,,
,,,,,,,,,3.0118421052631575e-07,2289,,,,,,,,,
15,,,,,,,,,,2289,0.05817648023366928,,,,,,,,
,,,,,,,,,3.018421052631579e-07,2294,,,,,,,,,
15,,,,,,,,,,2294,0.06457456201314926,,,,,,,,
,,,,,,,,,3.0249999999999996e-07,2299,,,,,,,,,
15,,,,,,,,,,2299,0.04624486714601517,,,,,,,,
,,,,,,,,,3.031578947368421e-07,2304,,,,,,,,,
15,,,,,,,,,,2304,0.0812455341219902,,,,,,,,
,,,,,,,,,3.0381578947368417e-07,2309,,,,,,,,,
15,,,,,,,,,,2309,0.08589477092027664,,,,,,,,
,,,,,,,,,3.0447368421052633e-07,2314,,,,,,,,,
15,,,,,,,,,,2314,0.08830393105745316,,,,,,,,
,,,,,,,,,3.051315789473684e-07,2319,,,,,,,,,
15,,,,,,,,,,2319,0.10235998779535294,,,,,,,,
,,,,,,,,,3.057894736842105e-07,2324,,,,,,,,,
15,,,,,,,,,,2324,0.06446483731269836,,,,,,,,
,,,,,,,,,3.0644736842105264e-07,2329,,,,,,,,,
15,,,,,,,,,,2329,0.065788134932518,,,,,,,,
,,,,,,,,,3.071052631578947e-07,2334,,,,,,,,,
15,,,,,,,,,,2334,0.06884749233722687,,,,,,,,
,,,,,,,,,3.0776315789473685e-07,2339,,,,,,,,,
15,,,,,,,,,,2339,0.07978522032499313,,,,,,,,
,,,,,,,,,3.084210526315789e-07,2344,,,,,,,,,
15,,,,,,,,,,2344,0.08733408898115158,,,,,,,,
,,,,,,,,,3.0907894736842106e-07,2349,,,,,,,,,
15,,,,,,,,,,2349,0.06856536120176315,,,,,,,,
,,,,,,,,,3.097368421052631e-07,2354,,,,,,,,,
15,,,,,,,,,,2354,0.09752717614173889,,,,,,,,
,,,,,,,,,3.1039473684210527e-07,2359,,,,,,,,,
15,,,,,,,,,,2359,0.032268550246953964,,,,,,,,
,,,,,,,,,3.110526315789473e-07,2364,,,,,,,,,
15,,,,,,,,,,2364,0.07332593202590942,,,,,,,,
,,,,,,,,,3.117105263157895e-07,2369,,,,,,,,,
15,,,,,,,,,,2369,0.0673714429140091,,,,,,,,
,,,,,,,,,3.123684210526316e-07,2374,,,,,,,,,
15,,,,,,,,,,2374,0.09097909927368164,,,,,,,,
,,,,,,,,,3.130263157894737e-07,2379,,,,,,,,,
15,,,,,,,,,,2379,0.0725245401263237,,,,,,,,
,,,,,,,,,3.136842105263158e-07,2384,,,,,,,,,
15,,,,,,,,,,2384,0.10450471192598343,,,,,,,,
,,,,,,,,,3.1434210526315784e-07,2389,,,,,,,,,
15,,,,,,,,,,2389,0.024545835331082344,,,,,,,,
,,,,,,,,,3.15e-07,2394,,,,,,,,,
15,,,,,,,,,,2394,0.048117220401763916,,,,,,,,
,,,,,,,,,3.1565789473684205e-07,2399,,,,,,,,,
15,,,,,,,,,,2399,0.04051939770579338,,,,,,,,
,,,,,,,,,3.163157894736842e-07,2404,,,,,,,,,
15,,,,,,,,,,2404,0.07933738082647324,,,,,,,,
,,,,,,,,,3.1697368421052626e-07,2409,,,,,,,,,
15,,,,,,,,,,2409,0.06739134341478348,,,,,,,,
,,,,,,,,,3.176315789473684e-07,2414,,,,,,,,,
15,,,,,,,,,,2414,0.03220976144075394,,,,,,,,
,,,,,,,,,3.1828947368421047e-07,2419,,,,,,,,,
15,,,,,,,,,,2419,0.027045676484704018,,,,,,,,
,,,,,,,,,3.1894736842105263e-07,2424,,,,,,,,,
15,,,,,,,,,,2424,0.08125040680170059,,,,,,,,
,,,,,,,,,3.1960526315789473e-07,2429,,,,,,,,,
15,,,,,,,,,,2429,0.07888062298297882,,,,,,,,
15,,,,,,,,,,2431,,0.574999988079071,0.7301587462425232,0.08165105432271957,0.08165105432271957,0.02540692314505577,0.574999988079071,1.0,0.01820552907884121
,,,,,,,,,3.2026315789473684e-07,2434,,,,,,,,,
16,,,,,,,,,,2434,0.06009455770254135,,,,,,,,
,,,,,,,,,3.2092105263157894e-07,2439,,,,,,,,,
16,,,,,,,,,,2439,0.08780458569526672,,,,,,,,
,,,,,,,,,3.2157894736842105e-07,2444,,,,,,,,,
16,,,,,,,,,,2444,0.10076554864645004,,,,,,,,
,,,,,,,,,3.2223684210526315e-07,2449,,,,,,,,,
16,,,,,,,,,,2449,0.08814705163240433,,,,,,,,
,,,,,,,,,3.2289473684210526e-07,2454,,,,,,,,,
16,,,,,,,,,,2454,0.12764547765254974,,,,,,,,
,,,,,,,,,3.2355263157894736e-07,2459,,,,,,,,,
16,,,,,,,,,,2459,0.05615931376814842,,,,,,,,
,,,,,,,,,3.242105263157894e-07,2464,,,,,,,,,
16,,,,,,,,,,2464,0.10024203360080719,,,,,,,,
,,,,,,,,,3.2486842105263157e-07,2469,,,,,,,,,
16,,,,,,,,,,2469,0.08307557553052902,,,,,,,,
,,,,,,,,,3.255263157894737e-07,2474,,,,,,,,,
16,,,,,,,,,,2474,0.10476790368556976,,,,,,,,
,,,,,,,,,3.261842105263158e-07,2479,,,,,,,,,
16,,,,,,,,,,2479,0.08237189054489136,,,,,,,,
,,,,,,,,,3.268421052631579e-07,2484,,,,,,,,,
16,,,,,,,,,,2484,0.09583219885826111,,,,,,,,
,,,,,,,,,3.275e-07,2489,,,,,,,,,
16,,,,,,,,,,2489,0.08576246351003647,,,,,,,,
,,,,,,,,,3.281578947368421e-07,2494,,,,,,,,,
16,,,,,,,,,,2494,0.08172307163476944,,,,,,,,
,,,,,,,,,3.288157894736842e-07,2499,,,,,,,,,
16,,,,,,,,,,2499,0.04691310226917267,,,,,,,,
,,,,,,,,,3.294736842105263e-07,2504,,,,,,,,,
16,,,,,,,,,,2504,0.10019460320472717,,,,,,,,
,,,,,,,,,3.301315789473684e-07,2509,,,,,,,,,
16,,,,,,,,,,2509,0.08744612336158752,,,,,,,,
,,,,,,,,,3.307894736842105e-07,2514,,,,,,,,,
16,,,,,,,,,,2514,0.06239137053489685,,,,,,,,
,,,,,,,,,3.3144736842105267e-07,2519,,,,,,,,,
16,,,,,,,,,,2519,0.056889381259679794,,,,,,,,
,,,,,,,,,3.321052631578947e-07,2524,,,,,,,,,
16,,,,,,,,,,2524,0.09904155135154724,,,,,,,,
,,,,,,,,,3.327631578947368e-07,2529,,,,,,,,,
16,,,,,,,,,,2529,0.043307121843099594,,,,,,,,
,,,,,,,,,3.3342105263157893e-07,2534,,,,,,,,,
16,,,,,,,,,,2534,0.08602805435657501,,,,,,,,
,,,,,,,,,3.3407894736842103e-07,2539,,,,,,,,,
16,,,,,,,,,,2539,0.12120366841554642,,,,,,,,
,,,,,,,,,3.3473684210526314e-07,2544,,,,,,,,,
16,,,,,,,,,,2544,0.1100236251950264,,,,,,,,
,,,,,,,,,3.3539473684210524e-07,2549,,,,,,,,,
16,,,,,,,,,,2549,0.04304390773177147,,,,,,,,
,,,,,,,,,3.3605263157894735e-07,2554,,,,,,,,,
16,,,,,,,,,,2554,0.10643098503351212,,,,,,,,
,,,,,,,,,3.3671052631578945e-07,2559,,,,,,,,,
16,,,,,,,,,,2559,0.06652720272541046,,,,,,,,
,,,,,,,,,3.3736842105263156e-07,2564,,,,,,,,,
16,,,,,,,,,,2564,0.01722652278840542,,,,,,,,
,,,,,,,,,3.3802631578947366e-07,2569,,,,,,,,,
16,,,,,,,,,,2569,0.04139869660139084,,,,,,,,
,,,,,,,,,3.386842105263158e-07,2574,,,,,,,,,
16,,,,,,,,,,2574,0.08526095002889633,,,,,,,,
,,,,,,,,,3.3934210526315787e-07,2579,,,,,,,,,
16,,,,,,,,,,2579,0.07378406822681427,,,,,,,,
16,,,,,,,,,,2583,,0.574999988079071,0.7301587462425232,0.08170588314533234,0.08170588314533234,0.038044217973947525,0.574999988079071,1.0,0.03252580016851425
,,,,,,,,,3.4000000000000003e-07,2584,,,,,,,,,
17,,,,,,,,,,2584,0.09716379642486572,,,,,,,,
,,,,,,,,,3.406578947368421e-07,2589,,,,,,,,,
17,,,,,,,,,,2589,0.11006364971399307,,,,,,,,
,,,,,,,,,3.413157894736842e-07,2594,,,,,,,,,
17,,,,,,,,,,2594,0.1601049304008484,,,,,,,,
,,,,,,,,,3.419736842105263e-07,2599,,,,,,,,,
17,,,,,,,,,,2599,0.047896694391965866,,,,,,,,
,,,,,,,,,3.426315789473684e-07,2604,,,,,,,,,
17,,,,,,,,,,2604,0.08719505369663239,,,,,,,,
,,,,,,,,,3.432894736842105e-07,2609,,,,,,,,,
17,,,,,,,,,,2609,0.06831555813550949,,,,,,,,
,,,,,,,,,3.439473684210526e-07,2614,,,,,,,,,
17,,,,,,,,,,2614,0.04079851880669594,,,,,,,,
,,,,,,,,,3.446052631578947e-07,2619,,,,,,,,,
17,,,,,,,,,,2619,0.10831832140684128,,,,,,,,
,,,,,,,,,3.452631578947368e-07,2624,,,,,,,,,
17,,,,,,,,,,2624,0.0870242565870285,,,,,,,,
,,,,,,,,,3.4592105263157897e-07,2629,,,,,,,,,
17,,,,,,,,,,2629,0.11401857435703278,,,,,,,,
,,,,,,,,,3.46578947368421e-07,2634,,,,,,,,,
17,,,,,,,,,,2634,0.047079090029001236,,,,,,,,
,,,,,,,,,3.472368421052632e-07,2639,,,,,,,,,
17,,,,,,,,,,2639,0.047081489115953445,,,,,,,,
,,,,,,,,,3.4789473684210523e-07,2644,,,,,,,,,
17,,,,,,,,,,2644,0.06322037428617477,,,,,,,,
,,,,,,,,,3.485526315789474e-07,2649,,,,,,,,,
17,,,,,,,,,,2649,0.10065551847219467,,,,,,,,
,,,,,,,,,3.4921052631578944e-07,2654,,,,,,,,,
17,,,,,,,,,,2654,0.14274588227272034,,,,,,,,
,,,,,,,,,3.498684210526316e-07,2659,,,,,,,,,
17,,,,,,,,,,2659,0.07530007511377335,,,,,,,,
,,,,,,,,,3.5052631578947365e-07,2664,,,,,,,,,
17,,,,,,,,,,2664,0.06719432026147842,,,,,,,,
,,,,,,,,,3.5118421052631575e-07,2669,,,,,,,,,
17,,,,,,,,,,2669,0.06215232238173485,,,,,,,,
,,,,,,,,,3.518421052631579e-07,2674,,,,,,,,,
17,,,,,,,,,,2674,0.06280343234539032,,,,,,,,
,,,,,,,,,3.5249999999999996e-07,2679,,,,,,,,,
17,,,,,,,,,,2679,0.10750851035118103,,,,,,,,
,,,,,,,,,3.531578947368421e-07,2684,,,,,,,,,
17,,,,,,,,,,2684,0.06324893981218338,,,,,,,,
,,,,,,,,,3.5381578947368417e-07,2689,,,,,,,,,
17,,,,,,,,,,2689,0.03546654060482979,,,,,,,,
,,,,,,,,,3.5447368421052633e-07,2694,,,,,,,,,
17,,,,,,,,,,2694,0.09486553817987442,,,,,,,,
,,,,,,,,,3.551315789473684e-07,2699,,,,,,,,,
17,,,,,,,,,,2699,0.12149490416049957,,,,,,,,
,,,,,,,,,3.5578947368421054e-07,2704,,,,,,,,,
17,,,,,,,,,,2704,0.0520324632525444,,,,,,,,
,,,,,,,,,3.564473684210526e-07,2709,,,,,,,,,
17,,,,,,,,,,2709,0.06770934909582138,,,,,,,,
,,,,,,,,,3.5710526315789474e-07,2714,,,,,,,,,
17,,,,,,,,,,2714,0.11392982304096222,,,,,,,,
,,,,,,,,,3.577631578947368e-07,2719,,,,,,,,,
17,,,,,,,,,,2719,0.09323836117982864,,,,,,,,
,,,,,,,,,3.5842105263157895e-07,2724,,,,,,,,,
17,,,,,,,,,,2724,0.024867011234164238,,,,,,,,
,,,,,,,,,3.5907894736842106e-07,2729,,,,,,,,,
17,,,,,,,,,,2729,0.09553314745426178,,,,,,,,
,,,,,,,,,3.597368421052631e-07,2734,,,,,,,,,
17,,,,,,,,,,2734,0.0860094428062439,,,,,,,,
17,,,,,,,,,,2735,,0.574999988079071,0.7301587462425232,0.08183349668979645,0.08183349668979645,0.031335316598415375,0.574999988079071,1.0,0.02649250440299511
,,,,,,,,,3.6039473684210527e-07,2739,,,,,,,,,
18,,,,,,,,,,2739,0.08976252377033234,,,,,,,,
,,,,,,,,,3.610526315789473e-07,2744,,,,,,,,,
18,,,,,,,,,,2744,0.07671650499105453,,,,,,,,
,,,,,,,,,3.617105263157895e-07,2749,,,,,,,,,
18,,,,,,,,,,2749,0.10198516398668289,,,,,,,,
,,,,,,,,,3.6236842105263153e-07,2754,,,,,,,,,
18,,,,,,,,,,2754,0.049171082675457,,,,,,,,
,,,,,,,,,3.630263157894737e-07,2759,,,,,,,,,
18,,,,,,,,,,2759,0.07560839504003525,,,,,,,,
,,,,,,,,,3.6368421052631574e-07,2764,,,,,,,,,
18,,,,,,,,,,2764,0.16912353038787842,,,,,,,,
,,,,,,,,,3.643421052631579e-07,2769,,,,,,,,,
18,,,,,,,,,,2769,0.07724609971046448,,,,,,,,
,,,,,,,,,3.65e-07,2774,,,,,,,,,
18,,,,,,,,,,2774,0.09999008476734161,,,,,,,,
,,,,,,,,,3.656578947368421e-07,2779,,,,,,,,,
18,,,,,,,,,,2779,0.132183238863945,,,,,,,,
,,,,,,,,,3.663157894736842e-07,2784,,,,,,,,,
18,,,,,,,,,,2784,0.034019835293293,,,,,,,,
,,,,,,,,,3.669736842105263e-07,2789,,,,,,,,,
18,,,,,,,,,,2789,0.04807569459080696,,,,,,,,
,,,,,,,,,3.676315789473684e-07,2794,,,,,,,,,
18,,,,,,,,,,2794,0.07210810482501984,,,,,,,,
,,,,,,,,,3.6828947368421047e-07,2799,,,,,,,,,
18,,,,,,,,,,2799,0.07510343939065933,,,,,,,,
,,,,,,,,,3.6894736842105263e-07,2804,,,,,,,,,
18,,,,,,,,,,2804,0.0685436874628067,,,,,,,,
,,,,,,,,,3.696052631578947e-07,2809,,,,,,,,,
18,,,,,,,,,,2809,0.061777591705322266,,,,,,,,
,,,,,,,,,3.7026315789473684e-07,2814,,,,,,,,,
18,,,,,,,,,,2814,0.07217904925346375,,,,,,,,
,,,,,,,,,3.709210526315789e-07,2819,,,,,,,,,
18,,,,,,,,,,2819,0.07043711841106415,,,,,,,,
,,,,,,,,,3.7157894736842104e-07,2824,,,,,,,,,
18,,,,,,,,,,2824,0.08190735429525375,,,,,,,,
,,,,,,,,,3.7223684210526315e-07,2829,,,,,,,,,
18,,,,,,,,,,2829,0.11376205831766129,,,,,,,,
,,,,,,,,,3.7289473684210525e-07,2834,,,,,,,,,
18,,,,,,,,,,2834,0.04575393348932266,,,,,,,,
,,,,,,,,,3.7355263157894736e-07,2839,,,,,,,,,
18,,,,,,,,,,2839,0.08623357117176056,,,,,,,,
,,,,,,,,,3.7421052631578946e-07,2844,,,,,,,,,
18,,,,,,,,,,2844,0.1287037432193756,,,,,,,,
,,,,,,,,,3.7486842105263157e-07,2849,,,,,,,,,
18,,,,,,,,,,2849,0.06764339655637741,,,,,,,,
,,,,,,,,,3.7552631578947367e-07,2854,,,,,,,,,
18,,,,,,,,,,2854,0.12059642374515533,,,,,,,,
,,,,,,,,,3.761842105263158e-07,2859,,,,,,,,,
18,,,,,,,,,,2859,0.0877072811126709,,,,,,,,
,,,,,,,,,3.7684210526315783e-07,2864,,,,,,,,,
18,,,,,,,,,,2864,0.07143789529800415,,,,,,,,
,,,,,,,,,3.775e-07,2869,,,,,,,,,
18,,,,,,,,,,2869,0.05029642954468727,,,,,,,,
,,,,,,,,,3.781578947368421e-07,2874,,,,,,,,,
18,,,,,,,,,,2874,0.11691644042730331,,,,,,,,
,,,,,,,,,3.788157894736842e-07,2879,,,,,,,,,
18,,,,,,,,,,2879,0.08115384727716446,,,,,,,,
,,,,,,,,,3.794736842105263e-07,2884,,,,,,,,,
18,,,,,,,,,,2884,0.1377895474433899,,,,,,,,
18,,,,,,,,,,2887,,0.574999988079071,0.7301587462425232,0.08188795298337936,0.08188795298337936,0.04509793594479561,0.574999988079071,1.0,0.035624612122774124
,,,,,,,,,3.801315789473684e-07,2889,,,,,,,,,
19,,,,,,,,,,2889,0.04938154295086861,,,,,,,,
,,,,,,,,,3.807894736842105e-07,2894,,,,,,,,,
19,,,,,,,,,,2894,0.12336502224206924,,,,,,,,
,,,,,,,,,3.814473684210526e-07,2899,,,,,,,,,
19,,,,,,,,,,2899,0.07977067679166794,,,,,,,,
,,,,,,,,,3.821052631578947e-07,2904,,,,,,,,,
19,,,,,,,,,,2904,0.09518487006425858,,,,,,,,
,,,,,,,,,3.827631578947368e-07,2909,,,,,,,,,
19,,,,,,,,,,2909,0.04957969859242439,,,,,,,,
,,,,,,,,,3.834210526315789e-07,2914,,,,,,,,,
19,,,,,,,,,,2914,0.01676381565630436,,,,,,,,
,,,,,,,,,3.840789473684211e-07,2919,,,,,,,,,
19,,,,,,,,,,2919,0.040490102022886276,,,,,,,,
,,,,,,,,,3.8473684210526314e-07,2924,,,,,,,,,
19,,,,,,,,,,2924,0.1312854140996933,,,,,,,,
,,,,,,,,,3.853947368421053e-07,2929,,,,,,,,,
19,,,,,,,,,,2929,0.04546098783612251,,,,,,,,
,,,,,,,,,3.8605263157894734e-07,2934,,,,,,,,,
19,,,,,,,,,,2934,0.07983696460723877,,,,,,,,
,,,,,,,,,3.8671052631578945e-07,2939,,,,,,,,,
19,,,,,,,,,,2939,0.07424451410770416,,,,,,,,
,,,,,,,,,3.8736842105263155e-07,2944,,,,,,,,,
19,,,,,,,,,,2944,0.038447797298431396,,,,,,,,
,,,,,,,,,3.8802631578947366e-07,2949,,,,,,,,,
19,,,,,,,,,,2949,0.1017904281616211,,,,,,,,
,,,,,,,,,3.8868421052631576e-07,2954,,,,,,,,,
19,,,,,,,,,,2954,0.06188059225678444,,,,,,,,
,,,,,,,,,3.8934210526315787e-07,2959,,,,,,,,,
19,,,,,,,,,,2959,0.07278036326169968,,,,,,,,
,,,,,,,,,3.8999999999999997e-07,2964,,,,,,,,,
19,,,,,,,,,,2964,0.11287473142147064,,,,,,,,
,,,,,,,,,3.906578947368421e-07,2969,,,,,,,,,
19,,,,,,,,,,2969,0.07263045758008957,,,,,,,,
,,,,,,,,,3.9131578947368423e-07,2974,,,,,,,,,
19,,,,,,,,,,2974,0.08784694969654083,,,,,,,,
,,,,,,,,,3.919736842105263e-07,2979,,,,,,,,,
19,,,,,,,,,,2979,0.10101687163114548,,,,,,,,
,,,,,,,,,3.9263157894736844e-07,2984,,,,,,,,,
19,,,,,,,,,,2984,0.05102857947349548,,,,,,,,
,,,,,,,,,3.932894736842105e-07,2989,,,,,,,,,
19,,,,,,,,,,2989,0.10380163043737411,,,,,,,,
,,,,,,,,,3.9394736842105265e-07,2994,,,,,,,,,
19,,,,,,,,,,2994,0.11409646272659302,,,,,,,,
,,,,,,,,,3.946052631578947e-07,2999,,,,,,,,,
19,,,,,,,,,,2999,0.09708302468061447,,,,,,,,
,,,,,,,,,3.952631578947368e-07,3004,,,,,,,,,
19,,,,,,,,,,3004,0.06101628392934799,,,,,,,,
,,,,,,,,,3.959210526315789e-07,3009,,,,,,,,,
19,,,,,,,,,,3009,0.10543733835220337,,,,,,,,
,,,,,,,,,3.96578947368421e-07,3014,,,,,,,,,
19,,,,,,,,,,3014,0.08794315904378891,,,,,,,,
,,,,,,,,,3.972368421052631e-07,3019,,,,,,,,,
19,,,,,,,,,,3019,0.0975593850016594,,,,,,,,
,,,,,,,,,3.978947368421052e-07,3024,,,,,,,,,
19,,,,,,,,,,3024,0.044443342834711075,,,,,,,,
,,,,,,,,,3.985526315789474e-07,3029,,,,,,,,,
19,,,,,,,,,,3029,0.0996989905834198,,,,,,,,
,,,,,,,,,3.9921052631578944e-07,3034,,,,,,,,,
19,,,,,,,,,,3034,0.11610493063926697,,,,,,,,
,,,,,,,,,3.998684210526316e-07,3039,,,,,,,,,
19,,,,,,,,,,3039,0.09600136429071426,,,,,,,,
19,,,,,,,,,,3039,,0.574999988079071,0.7301587462425232,0.08195654302835464,0.08195654302835464,0.05295003578066826,0.574999988079071,1.0,0.048900213092565536
,,,,,,,,,4.0052631578947364e-07,3044,,,,,,,,,
20,,,,,,,,,,3044,0.09962664544582367,,,,,,,,
,,,,,,,,,4.011842105263158e-07,3049,,,,,,,,,
20,,,,,,,,,,3049,0.05759540945291519,,,,,,,,
,,,,,,,,,4.0184210526315785e-07,3054,,,,,,,,,
20,,,,,,,,,,3054,0.14664940536022186,,,,,,,,
,,,,,,,,,4.025e-07,3059,,,,,,,,,
20,,,,,,,,,,3059,0.049309104681015015,,,,,,,,
,,,,,,,,,4.0315789473684206e-07,3064,,,,,,,,,
20,,,,,,,,,,3064,0.10213843733072281,,,,,,,,
,,,,,,,,,4.0381578947368417e-07,3069,,,,,,,,,
20,,,,,,,,,,3069,0.09777882695198059,,,,,,,,
,,,,,,,,,4.044736842105263e-07,3074,,,,,,,,,
20,,,,,,,,,,3074,0.041376616805791855,,,,,,,,
,,,,,,,,,4.051315789473684e-07,3079,,,,,,,,,
20,,,,,,,,,,3079,0.14910905063152313,,,,,,,,
,,,,,,,,,4.0578947368421053e-07,3084,,,,,,,,,
20,,,,,,,,,,3084,0.06839144974946976,,,,,,,,
,,,,,,,,,4.064473684210526e-07,3089,,,,,,,,,
20,,,,,,,,,,3089,0.04905612766742706,,,,,,,,
,,,,,,,,,4.0710526315789474e-07,3094,,,,,,,,,
20,,,,,,,,,,3094,0.08584923297166824,,,,,,,,
,,,,,,,,,4.077631578947368e-07,3099,,,,,,,,,
20,,,,,,,,,,3099,0.045452337712049484,,,,,,,,
,,,,,,,,,4.0842105263157895e-07,3104,,,,,,,,,
20,,,,,,,,,,3104,0.09065883606672287,,,,,,,,
,,,,,,,,,4.09078947368421e-07,3109,,,,,,,,,
20,,,,,,,,,,3109,0.04960434138774872,,,,,,,,
,,,,,,,,,4.0973684210526316e-07,3114,,,,,,,,,
20,,,,,,,,,,3114,0.08935011923313141,,,,,,,,
,,,,,,,,,4.103947368421052e-07,3119,,,,,,,,,
20,,,,,,,,,,3119,0.08364258706569672,,,,,,,,
,,,,,,,,,4.1105263157894737e-07,3124,,,,,,,,,
20,,,,,,,,,,3124,0.11919185519218445,,,,,,,,
,,,,,,,,,4.117105263157895e-07,3129,,,,,,,,,
20,,,,,,,,,,3129,0.10379795730113983,,,,,,,,
,,,,,,,,,4.123684210526316e-07,3134,,,,,,,,,
20,,,,,,,,,,3134,0.07169853895902634,,,,,,,,
,,,,,,,,,4.130263157894737e-07,3139,,,,,,,,,
20,,,,,,,,,,3139,0.040310539305210114,,,,,,,,
,,,,,,,,,4.1368421052631574e-07,3144,,,,,,,,,
20,,,,,,,,,,3144,0.08126894384622574,,,,,,,,
,,,,,,,,,4.143421052631579e-07,3149,,,,,,,,,
20,,,,,,,,,,3149,0.06795977056026459,,,,,,,,
,,,,,,,,,4.1499999999999994e-07,3154,,,,,,,,,
20,,,,,,,,,,3154,0.040701787918806076,,,,,,,,
,,,,,,,,,4.156578947368421e-07,3159,,,,,,,,,
20,,,,,,,,,,3159,0.0961567759513855,,,,,,,,
,,,,,,,,,4.1631578947368415e-07,3164,,,,,,,,,
20,,,,,,,,,,3164,0.07137808948755264,,,,,,,,
,,,,,,,,,4.169736842105263e-07,3169,,,,,,,,,
20,,,,,,,,,,3169,0.03982909023761749,,,,,,,,
,,,,,,,,,4.176315789473684e-07,3174,,,,,,,,,
20,,,,,,,,,,3174,0.11539595574140549,,,,,,,,
,,,,,,,,,4.182894736842105e-07,3179,,,,,,,,,
20,,,,,,,,,,3179,0.0597681924700737,,,,,,,,
,,,,,,,,,4.189473684210526e-07,3184,,,,,,,,,
20,,,,,,,,,,3184,0.11341019719839096,,,,,,,,
,,,,,,,,,4.1960526315789473e-07,3189,,,,,,,,,
20,,,,,,,,,,3189,0.06152873858809471,,,,,,,,
20,,,,,,,,,,3191,,0.574999988079071,0.7301587462425232,0.08199874311685562,0.08199874311685562,0.05892909690737724,0.574999988079071,1.0,0.051541246473789215
,,,,,,,,,4.2026315789473683e-07,3194,,,,,,,,,
21,,,,,,,,,,3194,0.046148091554641724,,,,,,,,
,,,,,,,,,4.2092105263157894e-07,3199,,,,,,,,,
21,,,,,,,,,,3199,0.09637033194303513,,,,,,,,
,,,,,,,,,4.2157894736842104e-07,3204,,,,,,,,,
21,,,,,,,,,,3204,0.11316627264022827,,,,,,,,
,,,,,,,,,4.222368421052631e-07,3209,,,,,,,,,
21,,,,,,,,,,3209,0.08252806961536407,,,,,,,,
,,,,,,,,,4.2289473684210525e-07,3214,,,,,,,,,
21,,,,,,,,,,3214,0.0537005290389061,,,,,,,,
,,,,,,,,,4.235526315789473e-07,3219,,,,,,,,,
21,,,,,,,,,,3219,0.07206510752439499,,,,,,,,
,,,,,,,,,4.2421052631578946e-07,3224,,,,,,,,,
21,,,,,,,,,,3224,0.037826500833034515,,,,,,,,
,,,,,,,,,4.2486842105263157e-07,3229,,,,,,,,,
21,,,,,,,,,,3229,0.0963398665189743,,,,,,,,
,,,,,,,,,4.2552631578947367e-07,3234,,,,,,,,,
21,,,,,,,,,,3234,0.13811232149600983,,,,,,,,
,,,,,,,,,4.261842105263158e-07,3239,,,,,,,,,
21,,,,,,,,,,3239,0.04011549428105354,,,,,,,,
,,,,,,,,,4.268421052631579e-07,3244,,,,,,,,,
21,,,,,,,,,,3244,0.09162608534097672,,,,,,,,
,,,,,,,,,4.275e-07,3249,,,,,,,,,
21,,,,,,,,,,3249,0.01965106464922428,,,,,,,,
,,,,,,,,,4.281578947368421e-07,3254,,,,,,,,,
21,,,,,,,,,,3254,0.08875345438718796,,,,,,,,
,,,,,,,,,4.288157894736842e-07,3259,,,,,,,,,
21,,,,,,,,,,3259,0.08813700824975967,,,,,,,,
,,,,,,,,,4.294736842105263e-07,3264,,,,,,,,,
21,,,,,,,,,,3264,0.09051133692264557,,,,,,,,
,,,,,,,,,4.301315789473684e-07,3269,,,,,,,,,
21,,,,,,,,,,3269,0.04443929344415665,,,,,,,,
,,,,,,,,,4.307894736842105e-07,3274,,,,,,,,,
21,,,,,,,,,,3274,0.12317938357591629,,,,,,,,
,,,,,,,,,4.314473684210526e-07,3279,,,,,,,,,
21,,,,,,,,,,3279,0.10862371325492859,,,,,,,,
,,,,,,,,,4.321052631578947e-07,3284,,,,,,,,,
21,,,,,,,,,,3284,0.04881320893764496,,,,,,,,
,,,,,,,,,4.327631578947368e-07,3289,,,,,,,,,
21,,,,,,,,,,3289,0.08665648847818375,,,,,,,,
,,,,,,,,,4.334210526315789e-07,3294,,,,,,,,,
21,,,,,,,,,,3294,0.07559345662593842,,,,,,,,
,,,,,,,,,4.3407894736842103e-07,3299,,,,,,,,,
21,,,,,,,,,,3299,0.08938247710466385,,,,,,,,
,,,,,,,,,4.3473684210526313e-07,3304,,,,,,,,,
21,,,,,,,,,,3304,0.11887626349925995,,,,,,,,
,,,,,,,,,4.3539473684210524e-07,3309,,,,,,,,,
21,,,,,,,,,,3309,0.10162348300218582,,,,,,,,
,,,,,,,,,4.3605263157894734e-07,3314,,,,,,,,,
21,,,,,,,,,,3314,0.07219135761260986,,,,,,,,
,,,,,,,,,4.367105263157895e-07,3319,,,,,,,,,
21,,,,,,,,,,3319,0.1344882696866989,,,,,,,,
,,,,,,,,,4.3736842105263155e-07,3324,,,,,,,,,
21,,,,,,,,,,3324,0.057253796607255936,,,,,,,,
,,,,,,,,,4.380263157894737e-07,3329,,,,,,,,,
21,,,,,,,,,,3329,0.08688286691904068,,,,,,,,
,,,,,,,,,4.3868421052631576e-07,3334,,,,,,,,,
21,,,,,,,,,,3334,0.07044485956430435,,,,,,,,
,,,,,,,,,4.3934210526315786e-07,3339,,,,,,,,,
21,,,,,,,,,,3339,0.0766812190413475,,,,,,,,
21,,,,,,,,,,3343,,0.574999988079071,0.7301587462425232,0.08197437971830368,0.08197437971830368,0.06115860119462013,0.574999988079071,1.0,0.05129474774003029
,,,,,,,,,4.3999999999999997e-07,3344,,,,,,,,,
22,,,,,,,,,,3344,0.06078420579433441,,,,,,,,
,,,,,,,,,4.406578947368421e-07,3349,,,,,,,,,
22,,,,,,,,,,3349,0.08074115216732025,,,,,,,,
,,,,,,,,,4.413157894736842e-07,3354,,,,,,,,,
22,,,,,,,,,,3354,0.11567078530788422,,,,,,,,
,,,,,,,,,4.419736842105263e-07,3359,,,,,,,,,
22,,,,,,,,,,3359,0.07828125357627869,,,,,,,,
,,,,,,,,,4.426315789473684e-07,3364,,,,,,,,,
22,,,,,,,,,,3364,0.06883068382740021,,,,,,,,
,,,,,,,,,4.432894736842105e-07,3369,,,,,,,,,
22,,,,,,,,,,3369,0.13540057837963104,,,,,,,,
,,,,,,,,,4.4394736842105265e-07,3374,,,,,,,,,
22,,,,,,,,,,3374,0.12201327830553055,,,,,,,,
,,,,,,,,,4.446052631578947e-07,3379,,,,,,,,,
22,,,,,,,,,,3379,0.07781282067298889,,,,,,,,
,,,,,,,,,4.4526315789473686e-07,3384,,,,,,,,,
22,,,,,,,,,,3384,0.06239880993962288,,,,,,,,
,,,,,,,,,4.459210526315789e-07,3389,,,,,,,,,
22,,,,,,,,,,3389,0.052480801939964294,,,,,,,,
,,,,,,,,,4.4657894736842107e-07,3394,,,,,,,,,
22,,,,,,,,,,3394,0.11735022068023682,,,,,,,,
,,,,,,,,,4.472368421052631e-07,3399,,,,,,,,,
22,,,,,,,,,,3399,0.06301062554121017,,,,,,,,
,,,,,,,,,4.478947368421053e-07,3404,,,,,,,,,
22,,,,,,,,,,3404,0.06891552358865738,,,,,,,,
,,,,,,,,,4.4855263157894733e-07,3409,,,,,,,,,
22,,,,,,,,,,3409,0.056939151138067245,,,,,,,,
,,,,,,,,,4.4921052631578943e-07,3414,,,,,,,,,
22,,,,,,,,,,3414,0.07230561971664429,,,,,,,,
,,,,,,,,,4.4986842105263154e-07,3419,,,,,,,,,
22,,,,,,,,,,3419,0.04609919711947441,,,,,,,,
,,,,,,,,,4.5052631578947364e-07,3424,,,,,,,,,
22,,,,,,,,,,3424,0.06595654040575027,,,,,,,,
,,,,,,,,,4.511842105263158e-07,3429,,,,,,,,,
22,,,,,,,,,,3429,0.049813538789749146,,,,,,,,
,,,,,,,,,4.5184210526315785e-07,3434,,,,,,,,,
22,,,,,,,,,,3434,0.06805945187807083,,,,,,,,
,,,,,,,,,4.525e-07,3439,,,,,,,,,
22,,,,,,,,,,3439,0.13983729481697083,,,,,,,,
,,,,,,,,,4.5315789473684206e-07,3444,,,,,,,,,
22,,,,,,,,,,3444,0.027023108676075935,,,,,,,,
,,,,,,,,,4.538157894736842e-07,3449,,,,,,,,,
22,,,,,,,,,,3449,0.05794909968972206,,,,,,,,
,,,,,,,,,4.5447368421052627e-07,3454,,,,,,,,,
22,,,,,,,,,,3454,0.06766506284475327,,,,,,,,
,,,,,,,,,4.5513157894736843e-07,3459,,,,,,,,,
22,,,,,,,,,,3459,0.07153278589248657,,,,,,,,
,,,,,,,,,4.557894736842105e-07,3464,,,,,,,,,
22,,,,,,,,,,3464,0.05268282815814018,,,,,,,,
,,,,,,,,,4.5644736842105264e-07,3469,,,,,,,,,
22,,,,,,,,,,3469,0.11323786526918411,,,,,,,,
,,,,,,,,,4.5710526315789474e-07,3474,,,,,,,,,
22,,,,,,,,,,3474,0.04376191273331642,,,,,,,,
,,,,,,,,,4.577631578947368e-07,3479,,,,,,,,,
22,,,,,,,,,,3479,0.08445648849010468,,,,,,,,
,,,,,,,,,4.5842105263157895e-07,3484,,,,,,,,,
22,,,,,,,,,,3484,0.038398489356040955,,,,,,,,
,,,,,,,,,4.59078947368421e-07,3489,,,,,,,,,
22,,,,,,,,,,3489,0.09222181141376495,,,,,,,,
,,,,,,,,,4.5973684210526316e-07,3494,,,,,,,,,
22,,,,,,,,,,3494,0.07444584369659424,,,,,,,,
22,,,,,,,,,,3495,,0.574999988079071,0.7301587462425232,0.08208729326725006,0.08208729326725006,0.06943344324827194,0.574999988079071,1.0,0.06516898423433304
,,,,,,,,,4.603947368421052e-07,3499,,,,,,,,,
23,,,,,,,,,,3499,0.08418942987918854,,,,,,,,
,,,,,,,,,4.6105263157894737e-07,3504,,,,,,,,,
23,,,,,,,,,,3504,0.06656522303819656,,,,,,,,
,,,,,,,,,4.617105263157894e-07,3509,,,,,,,,,
23,,,,,,,,,,3509,0.08419894427061081,,,,,,,,
,,,,,,,,,4.623684210526316e-07,3514,,,,,,,,,
23,,,,,,,,,,3514,0.08928472548723221,,,,,,,,
,,,,,,,,,4.6302631578947363e-07,3519,,,,,,,,,
23,,,,,,,,,,3519,0.04410567134618759,,,,,,,,
,,,,,,,,,4.636842105263158e-07,3524,,,,,,,,,
23,,,,,,,,,,3524,0.10744407027959824,,,,,,,,
,,,,,,,,,4.643421052631579e-07,3529,,,,,,,,,
23,,,,,,,,,,3529,0.04604343697428703,,,,,,,,
,,,,,,,,,4.65e-07,3534,,,,,,,,,
23,,,,,,,,,,3534,0.08454661816358566,,,,,,,,
,,,,,,,,,4.656578947368421e-07,3539,,,,,,,,,
23,,,,,,,,,,3539,0.058029480278491974,,,,,,,,
,,,,,,,,,4.6631578947368415e-07,3544,,,,,,,,,
23,,,,,,,,,,3544,0.07139633595943451,,,,,,,,
,,,,,,,,,4.669736842105263e-07,3549,,,,,,,,,
23,,,,,,,,,,3549,0.13493025302886963,,,,,,,,
,,,,,,,,,4.6763157894736836e-07,3554,,,,,,,,,
23,,,,,,,,,,3554,0.04359273239970207,,,,,,,,
,,,,,,,,,4.682894736842105e-07,3559,,,,,,,,,
23,,,,,,,,,,3559,0.07741589099168777,,,,,,,,
,,,,,,,,,4.6894736842105257e-07,3564,,,,,,,,,
23,,,,,,,,,,3564,0.11058361083269119,,,,,,,,
,,,,,,,,,4.6960526315789473e-07,3569,,,,,,,,,
23,,,,,,,,,,3569,0.026177430525422096,,,,,,,,
,,,,,,,,,4.7026315789473683e-07,3574,,,,,,,,,
23,,,,,,,,,,3574,0.06755536794662476,,,,,,,,
,,,,,,,,,4.7092105263157894e-07,3579,,,,,,,,,
23,,,,,,,,,,3579,0.06804385036230087,,,,,,,,
,,,,,,,,,4.7157894736842104e-07,3584,,,,,,,,,
23,,,,,,,,,,3584,0.12168176472187042,,,,,,,,
,,,,,,,,,4.7223684210526314e-07,3589,,,,,,,,,
23,,,,,,,,,,3589,0.08306556195020676,,,,,,,,
,,,,,,,,,4.7289473684210525e-07,3594,,,,,,,,,
23,,,,,,,,,,3594,0.031433217227458954,,,,,,,,
,,,,,,,,,4.7355263157894735e-07,3599,,,,,,,,,
23,,,,,,,,,,3599,0.0387229286134243,,,,,,,,
,,,,,,,,,4.7421052631578946e-07,3604,,,,,,,,,
23,,,,,,,,,,3604,0.050690267235040665,,,,,,,,
,,,,,,,,,4.7486842105263156e-07,3609,,,,,,,,,
23,,,,,,,,,,3609,0.08230730891227722,,,,,,,,
,,,,,,,,,4.7552631578947367e-07,3614,,,,,,,,,
23,,,,,,,,,,3614,0.12422880530357361,,,,,,,,
,,,,,,,,,4.761842105263157e-07,3619,,,,,,,,,
23,,,,,,,,,,3619,0.0763930007815361,,,,,,,,
,,,,,,,,,4.768421052631579e-07,3624,,,,,,,,,
23,,,,,,,,,,3624,0.10061392188072205,,,,,,,,
,,,,,,,,,4.775e-07,3629,,,,,,,,,
23,,,,,,,,,,3629,0.08892030268907547,,,,,,,,
,,,,,,,,,4.781578947368421e-07,3634,,,,,,,,,
23,,,,,,,,,,3634,0.09535715728998184,,,,,,,,
,,,,,,,,,4.788157894736842e-07,3639,,,,,,,,,
23,,,,,,,,,,3639,0.11520169675350189,,,,,,,,
,,,,,,,,,4.794736842105263e-07,3644,,,,,,,,,
23,,,,,,,,,,3644,0.05502498894929886,,,,,,,,
23,,,,,,,,,,3647,,0.574999988079071,0.7301587462425232,0.0820835679769516,0.0820835679769516,0.0713973417878151,0.574999988079071,1.0,0.0746062770485878
,,,,,,,,,4.801315789473684e-07,3649,,,,,,,,,
24,,,,,,,,,,3649,0.10406457632780075,,,,,,,,
,,,,,,,,,4.807894736842105e-07,3654,,,,,,,,,
24,,,,,,,,,,3654,0.10637011379003525,,,,,,,,
,,,,,,,,,4.814473684210526e-07,3659,,,,,,,,,
24,,,,,,,,,,3659,0.07563424855470657,,,,,,,,
,,,,,,,,,4.821052631578947e-07,3664,,,,,,,,,
24,,,,,,,,,,3664,0.10879471898078918,,,,,,,,
,,,,,,,,,4.827631578947368e-07,3669,,,,,,,,,
24,,,,,,,,,,3669,0.09337899833917618,,,,,,,,
,,,,,,,,,4.834210526315789e-07,3674,,,,,,,,,
24,,,,,,,,,,3674,0.11303249001502991,,,,,,,,
,,,,,,,,,4.84078947368421e-07,3679,,,,,,,,,
24,,,,,,,,,,3679,0.0928238183259964,,,,,,,,
,,,,,,,,,4.847368421052631e-07,3684,,,,,,,,,
24,,,,,,,,,,3684,0.09914837777614594,,,,,,,,
,,,,,,,,,4.853947368421052e-07,3689,,,,,,,,,
24,,,,,,,,,,3689,0.07632087171077728,,,,,,,,
,,,,,,,,,4.860526315789473e-07,3694,,,,,,,,,
24,,,,,,,,,,3694,0.048199135810136795,,,,,,,,
,,,,,,,,,4.867105263157894e-07,3699,,,,,,,,,
24,,,,,,,,,,3699,0.06245237588882446,,,,,,,,
,,,,,,,,,4.873684210526315e-07,3704,,,,,,,,,
24,,,,,,,,,,3704,0.0679033026099205,,,,,,,,
,,,,,,,,,4.880263157894737e-07,3709,,,,,,,,,
24,,,,,,,,,,3709,0.057080965489149094,,,,,,,,
,,,,,,,,,4.886842105263158e-07,3714,,,,,,,,,
24,,,,,,,,,,3714,0.05884992331266403,,,,,,,,
,,,,,,,,,4.893421052631579e-07,3719,,,,,,,,,
24,,,,,,,,,,3719,0.06923636049032211,,,,,,,,
,,,,,,,,,4.9e-07,3724,,,,,,,,,
24,,,,,,,,,,3724,0.09691449999809265,,,,,,,,
,,,,,,,,,4.906578947368421e-07,3729,,,,,,,,,
24,,,,,,,,,,3729,0.11984527856111526,,,,,,,,
,,,,,,,,,4.913157894736842e-07,3734,,,,,,,,,
24,,,,,,,,,,3734,0.04978850856423378,,,,,,,,
,,,,,,,,,4.919736842105263e-07,3739,,,,,,,,,
24,,,,,,,,,,3739,0.04069169610738754,,,,,,,,
,,,,,,,,,4.926315789473684e-07,3744,,,,,,,,,
24,,,,,,,,,,3744,0.059808384627103806,,,,,,,,
,,,,,,,,,4.932894736842105e-07,3749,,,,,,,,,
24,,,,,,,,,,3749,0.03305593505501747,,,,,,,,
,,,,,,,,,4.939473684210526e-07,3754,,,,,,,,,
24,,,,,,,,,,3754,0.11678509414196014,,,,,,,,
,,,,,,,,,4.946052631578947e-07,3759,,,,,,,,,
24,,,,,,,,,,3759,0.05333434045314789,,,,,,,,
,,,,,,,,,4.952631578947368e-07,3764,,,,,,,,,
24,,,,,,,,,,3764,0.08725732564926147,,,,,,,,
,,,,,,,,,4.959210526315789e-07,3769,,,,,,,,,
24,,,,,,,,,,3769,0.07891301065683365,,,,,,,,
,,,,,,,,,4.96578947368421e-07,3774,,,,,,,,,
24,,,,,,,,,,3774,0.07184211909770966,,,,,,,,
,,,,,,,,,4.972368421052631e-07,3779,,,,,,,,,
24,,,,,,,,,,3779,0.04430607706308365,,,,,,,,
,,,,,,,,,4.978947368421052e-07,3784,,,,,,,,,
24,,,,,,,,,,3784,0.10033854842185974,,,,,,,,
,,,,,,,,,4.985526315789473e-07,3789,,,,,,,,,
24,,,,,,,,,,3789,0.05961389094591141,,,,,,,,
,,,,,,,,,4.992105263157894e-07,3794,,,,,,,,,
24,,,,,,,,,,3794,0.09646223485469818,,,,,,,,
,,,,,,,,,4.998684210526315e-07,3799,,,,,,,,,
24,,,,,,,,,,3799,0.06427570432424545,,,,,,,,
24,,,,,,,,,,3799,,0.574999988079071,0.7301587462425232,0.08210917562246323,0.08210917562246323,0.07007967680692673,0.574999988079071,1.0,0.07383157312870026
,,,,,,,,,5.005263157894736e-07,3804,,,,,,,,,
25,,,,,,,,,,3804,0.07298380881547928,,,,,,,,
,,,,,,,,,5.011842105263157e-07,3809,,,,,,,,,
25,,,,,,,,,,3809,0.07382046431303024,,,,,,,,
,,,,,,,,,5.018421052631578e-07,3814,,,,,,,,,
25,,,,,,,,,,3814,0.08267377316951752,,,,,,,,
,,,,,,,,,5.025e-07,3819,,,,,,,,,
25,,,,,,,,,,3819,0.09295664727687836,,,,,,,,
,,,,,,,,,5.031578947368422e-07,3824,,,,,,,,,
25,,,,,,,,,,3824,0.03588077798485756,,,,,,,,
,,,,,,,,,5.038157894736842e-07,3829,,,,,,,,,
25,,,,,,,,,,3829,0.095785953104496,,,,,,,,
,,,,,,,,,5.044736842105263e-07,3834,,,,,,,,,
25,,,,,,,,,,3834,0.07967586815357208,,,,,,,,
,,,,,,,,,5.051315789473684e-07,3839,,,,,,,,,
25,,,,,,,,,,3839,0.10275565832853317,,,,,,,,
,,,,,,,,,5.057894736842106e-07,3844,,,,,,,,,
25,,,,,,,,,,3844,0.053643181920051575,,,,,,,,
,,,,,,,,,5.064473684210526e-07,3849,,,,,,,,,
25,,,,,,,,,,3849,0.09122113883495331,,,,,,,,
,,,,,,,,,5.071052631578947e-07,3854,,,,,,,,,
25,,,,,,,,,,3854,0.12676967680454254,,,,,,,,
,,,,,,,,,5.077631578947368e-07,3859,,,,,,,,,
25,,,,,,,,,,3859,0.11422845721244812,,,,,,,,
,,,,,,,,,5.08421052631579e-07,3864,,,,,,,,,
25,,,,,,,,,,3864,0.09238744527101517,,,,,,,,
,,,,,,,,,5.090789473684211e-07,3869,,,,,,,,,
25,,,,,,,,,,3869,0.06078040227293968,,,,,,,,
,,,,,,,,,5.097368421052631e-07,3874,,,,,,,,,
25,,,,,,,,,,3874,0.08976812660694122,,,,,,,,
,,,,,,,,,5.103947368421052e-07,3879,,,,,,,,,
25,,,,,,,,,,3879,0.07047928869724274,,,,,,,,
,,,,,,,,,5.110526315789473e-07,3884,,,,,,,,,
25,,,,,,,,,,3884,0.044251106679439545,,,,,,,,
,,,,,,,,,5.117105263157895e-07,3889,,,,,,,,,
25,,,,,,,,,,3889,0.11433196812868118,,,,,,,,
,,,,,,,,,5.123684210526315e-07,3894,,,,,,,,,
25,,,,,,,,,,3894,0.0788518562912941,,,,,,,,
,,,,,,,,,5.130263157894736e-07,3899,,,,,,,,,
25,,,,,,,,,,3899,0.0700543001294136,,,,,,,,
,,,,,,,,,5.136842105263157e-07,3904,,,,,,,,,
25,,,,,,,,,,3904,0.06833647191524506,,,,,,,,
,,,,,,,,,5.143421052631579e-07,3909,,,,,,,,,
25,,,,,,,,,,3909,0.06026894599199295,,,,,,,,
,,,,,,,,,5.149999999999999e-07,3914,,,,,,,,,
25,,,,,,,,,,3914,0.09246569126844406,,,,,,,,
,,,,,,,,,5.15657894736842e-07,3919,,,,,,,,,
25,,,,,,,,,,3919,0.0958910584449768,,,,,,,,
,,,,,,,,,5.163157894736841e-07,3924,,,,,,,,,
25,,,,,,,,,,3924,0.05495066940784454,,,,,,,,
,,,,,,,,,5.169736842105264e-07,3929,,,,,,,,,
25,,,,,,,,,,3929,0.08860036730766296,,,,,,,,
,,,,,,,,,5.176315789473685e-07,3934,,,,,,,,,
25,,,,,,,,,,3934,0.11914291977882385,,,,,,,,
,,,,,,,,,5.182894736842105e-07,3939,,,,,,,,,
25,,,,,,,,,,3939,0.06314108520746231,,,,,,,,
,,,,,,,,,5.189473684210526e-07,3944,,,,,,,,,
25,,,,,,,,,,3944,0.09618237614631653,,,,,,,,
,,,,,,,,,5.196052631578948e-07,3949,,,,,,,,,
25,,,,,,,,,,3949,0.06171848997473717,,,,,,,,
25,,,,,,,,,,3951,,0.574999988079071,0.7301587462425232,0.08228498697280884,0.08228498697280884,0.07123401761054993,0.574999988079071,1.0,0.07990008592605591
,,,,,,,,,5.202631578947369e-07,3954,,,,,,,,,
26,,,,,,,,,,3954,0.11294999718666077,,,,,,,,
,,,,,,,,,5.209210526315789e-07,3959,,,,,,,,,
26,,,,,,,,,,3959,0.08418295532464981,,,,,,,,
,,,,,,,,,5.21578947368421e-07,3964,,,,,,,,,
26,,,,,,,,,,3964,0.09204531461000443,,,,,,,,
,,,,,,,,,5.222368421052631e-07,3969,,,,,,,,,
26,,,,,,,,,,3969,0.08869097381830215,,,,,,,,
,,,,,,,,,5.228947368421053e-07,3974,,,,,,,,,
26,,,,,,,,,,3974,0.17466138303279877,,,,,,,,
,,,,,,,,,5.235526315789474e-07,3979,,,,,,,,,
26,,,,,,,,,,3979,0.09130397439002991,,,,,,,,
,,,,,,,,,5.242105263157894e-07,3984,,,,,,,,,
26,,,,,,,,,,3984,0.1086360365152359,,,,,,,,
,,,,,,,,,5.248684210526315e-07,3989,,,,,,,,,
26,,,,,,,,,,3989,0.11418818682432175,,,,,,,,
,,,,,,,,,5.255263157894737e-07,3994,,,,,,,,,
26,,,,,,,,,,3994,0.05519914999604225,,,,,,,,
,,,,,,,,,5.261842105263158e-07,3999,,,,,,,,,
26,,,,,,,,,,3999,0.07664909958839417,,,,,,,,
,,,,,,,,,5.268421052631578e-07,4004,,,,,,,,,
26,,,,,,,,,,4004,0.11644259095191956,,,,,,,,
,,,,,,,,,5.274999999999999e-07,4009,,,,,,,,,
26,,,,,,,,,,4009,0.08787265419960022,,,,,,,,
,,,,,,,,,5.281578947368421e-07,4014,,,,,,,,,
26,,,,,,,,,,4014,0.10729148983955383,,,,,,,,
,,,,,,,,,5.288157894736842e-07,4019,,,,,,,,,
26,,,,,,,,,,4019,0.03531402722001076,,,,,,,,
,,,,,,,,,5.294736842105263e-07,4024,,,,,,,,,
26,,,,,,,,,,4024,0.06456033885478973,,,,,,,,
,,,,,,,,,5.301315789473683e-07,4029,,,,,,,,,
26,,,,,,,,,,4029,0.1089286357164383,,,,,,,,
,,,,,,,,,5.307894736842104e-07,4034,,,,,,,,,
26,,,,,,,,,,4034,0.06100357323884964,,,,,,,,
,,,,,,,,,5.314473684210527e-07,4039,,,,,,,,,
26,,,,,,,,,,4039,0.09099147468805313,,,,,,,,
,,,,,,,,,5.321052631578948e-07,4044,,,,,,,,,
26,,,,,,,,,,4044,0.09576433151960373,,,,,,,,
,,,,,,,,,5.327631578947368e-07,4049,,,,,,,,,
26,,,,,,,,,,4049,0.132424995303154,,,,,,,,
,,,,,,,,,5.334210526315789e-07,4054,,,,,,,,,
26,,,,,,,,,,4054,0.04901081323623657,,,,,,,,
,,,,,,,,,5.340789473684211e-07,4059,,,,,,,,,
26,,,,,,,,,,4059,0.05543483421206474,,,,,,,,
,,,,,,,,,5.347368421052632e-07,4064,,,,,,,,,
26,,,,,,,,,,4064,0.10876134783029556,,,,,,,,
,,,,,,,,,5.353947368421052e-07,4069,,,,,,,,,
26,,,,,,,,,,4069,0.0746912956237793,,,,,,,,
,,,,,,,,,5.360526315789473e-07,4074,,,,,,,,,
26,,,,,,,,,,4074,0.08241633325815201,,,,,,,,
,,,,,,,,,5.367105263157895e-07,4079,,,,,,,,,
26,,,,,,,,,,4079,0.11996868997812271,,,,,,,,
,,,,,,,,,5.373684210526316e-07,4084,,,,,,,,,
26,,,,,,,,,,4084,0.04621519893407822,,,,,,,,
,,,,,,,,,5.380263157894737e-07,4089,,,,,,,,,
26,,,,,,,,,,4089,0.09550531953573227,,,,,,,,
,,,,,,,,,5.386842105263157e-07,4094,,,,,,,,,
26,,,,,,,,,,4094,0.03814452514052391,,,,,,,,
,,,,,,,,,5.393421052631578e-07,4099,,,,,,,,,
26,,,,,,,,,,4099,0.03005869686603546,,,,,,,,
26,,,,,,,,,,4103,,0.574999988079071,0.7301587462425232,0.08229149878025055,0.08229149878025055,0.07116807252168655,0.574999988079071,1.0,0.061553701758384705
,,,,,,,,,5.4e-07,4104,,,,,,,,,
27,,,,,,,,,,4104,0.0782197117805481,,,,,,,,
,,,,,,,,,5.406578947368421e-07,4109,,,,,,,,,
27,,,,,,,,,,4109,0.10032825171947479,,,,,,,,
,,,,,,,,,5.413157894736841e-07,4114,,,,,,,,,
27,,,,,,,,,,4114,0.07267484813928604,,,,,,,,
,,,,,,,,,5.419736842105262e-07,4119,,,,,,,,,
27,,,,,,,,,,4119,0.04242537543177605,,,,,,,,
,,,,,,,,,5.426315789473684e-07,4124,,,,,,,,,
27,,,,,,,,,,4124,0.029398832470178604,,,,,,,,
,,,,,,,,,5.432894736842105e-07,4129,,,,,,,,,
27,,,,,,,,,,4129,0.07798539847135544,,,,,,,,
,,,,,,,,,5.439473684210526e-07,4134,,,,,,,,,
27,,,,,,,,,,4134,0.07264748960733414,,,,,,,,
,,,,,,,,,5.446052631578946e-07,4139,,,,,,,,,
27,,,,,,,,,,4139,0.11703281104564667,,,,,,,,
,,,,,,,,,5.452631578947369e-07,4144,,,,,,,,,
27,,,,,,,,,,4144,0.06346586346626282,,,,,,,,
,,,,,,,,,5.45921052631579e-07,4149,,,,,,,,,
27,,,,,,,,,,4149,0.09690740704536438,,,,,,,,
,,,,,,,,,5.465789473684211e-07,4154,,,,,,,,,
27,,,,,,,,,,4154,0.0674465000629425,,,,,,,,
,,,,,,,,,5.472368421052631e-07,4159,,,,,,,,,
27,,,,,,,,,,4159,0.05363267660140991,,,,,,,,
,,,,,,,,,5.478947368421052e-07,4164,,,,,,,,,
27,,,,,,,,,,4164,0.07772786915302277,,,,,,,,
,,,,,,,,,5.485526315789474e-07,4169,,,,,,,,,
27,,,,,,,,,,4169,0.062126535922288895,,,,,,,,
,,,,,,,,,5.492105263157895e-07,4174,,,,,,,,,
27,,,,,,,,,,4174,0.05913262069225311,,,,,,,,
,,,,,,,,,5.498684210526316e-07,4179,,,,,,,,,
27,,,,,,,,,,4179,0.08395016193389893,,,,,,,,
,,,,,,,,,5.505263157894736e-07,4184,,,,,,,,,
27,,,,,,,,,,4184,0.0669347420334816,,,,,,,,
,,,,,,,,,5.511842105263158e-07,4189,,,,,,,,,
27,,,,,,,,,,4189,0.0751710832118988,,,,,,,,
,,,,,,,,,5.518421052631579e-07,4194,,,,,,,,,
27,,,,,,,,,,4194,0.10996334254741669,,,,,,,,
,,,,,,,,,5.525e-07,4199,,,,,,,,,
27,,,,,,,,,,4199,0.11911796033382416,,,,,,,,
,,,,,,,,,5.53157894736842e-07,4204,,,,,,,,,
27,,,,,,,,,,4204,0.052237484604120255,,,,,,,,
,,,,,,,,,5.538157894736842e-07,4209,,,,,,,,,
27,,,,,,,,,,4209,0.08371109515428543,,,,,,,,
,,,,,,,,,5.544736842105263e-07,4214,,,,,,,,,
27,,,,,,,,,,4214,0.07581273466348648,,,,,,,,
,,,,,,,,,5.551315789473684e-07,4219,,,,,,,,,
27,,,,,,,,,,4219,0.12060608714818954,,,,,,,,
,,,,,,,,,5.557894736842105e-07,4224,,,,,,,,,
27,,,,,,,,,,4224,0.07634088397026062,,,,,,,,
,,,,,,,,,5.564473684210525e-07,4229,,,,,,,,,
27,,,,,,,,,,4229,0.1226334422826767,,,,,,,,
,,,,,,,,,5.571052631578947e-07,4234,,,,,,,,,
27,,,,,,,,,,4234,0.0937885046005249,,,,,,,,
,,,,,,,,,5.577631578947368e-07,4239,,,,,,,,,
27,,,,,,,,,,4239,0.07147824764251709,,,,,,,,
,,,,,,,,,5.584210526315789e-07,4244,,,,,,,,,
27,,,,,,,,,,4244,0.09360520541667938,,,,,,,,
,,,,,,,,,5.590789473684209e-07,4249,,,,,,,,,
27,,,,,,,,,,4249,0.09885004162788391,,,,,,,,
,,,,,,,,,5.597368421052632e-07,4254,,,,,,,,,
27,,,,,,,,,,4254,0.03147035837173462,,,,,,,,
27,,,,,,,,,,4255,,0.574999988079071,0.7301587462425232,0.08223793655633926,0.08223793655633926,0.08156905323266983,0.574999988079071,1.0,0.06108418479561806
,,,,,,,,,5.603947368421053e-07,4259,,,,,,,,,
28,,,,,,,,,,4259,0.0746893510222435,,,,,,,,
,,,,,,,,,5.610526315789474e-07,4264,,,,,,,,,
28,,,,,,,,,,4264,0.031887296587228775,,,,,,,,
,,,,,,,,,5.617105263157894e-07,4269,,,,,,,,,
28,,,,,,,,,,4269,0.07093699276447296,,,,,,,,
,,,,,,,,,5.623684210526316e-07,4274,,,,,,,,,
28,,,,,,,,,,4274,0.08094724267721176,,,,,,,,
,,,,,,,,,5.630263157894737e-07,4279,,,,,,,,,
28,,,,,,,,,,4279,0.06964970380067825,,,,,,,,
,,,,,,,,,5.636842105263158e-07,4284,,,,,,,,,
28,,,,,,,,,,4284,0.0713508203625679,,,,,,,,
,,,,,,,,,5.643421052631579e-07,4289,,,,,,,,,
28,,,,,,,,,,4289,0.05637134984135628,,,,,,,,
,,,,,,,,,5.649999999999999e-07,4294,,,,,,,,,
28,,,,,,,,,,4294,0.06126094609498978,,,,,,,,
,,,,,,,,,5.656578947368421e-07,4299,,,,,,,,,
28,,,,,,,,,,4299,0.020391855388879776,,,,,,,,
,,,,,,,,,5.663157894736842e-07,4304,,,,,,,,,
28,,,,,,,,,,4304,0.08436103165149689,,,,,,,,
,,,,,,,,,5.669736842105263e-07,4309,,,,,,,,,
28,,,,,,,,,,4309,0.08325901627540588,,,,,,,,
,,,,,,,,,5.676315789473683e-07,4314,,,,,,,,,
28,,,,,,,,,,4314,0.0690605640411377,,,,,,,,
,,,,,,,,,5.682894736842105e-07,4319,,,,,,,,,
28,,,,,,,,,,4319,0.058137744665145874,,,,,,,,
,,,,,,,,,5.689473684210526e-07,4324,,,,,,,,,
28,,,,,,,,,,4324,0.15541665256023407,,,,,,,,
,,,,,,,,,5.696052631578947e-07,4329,,,,,,,,,
28,,,,,,,,,,4329,0.061284344643354416,,,,,,,,
,,,,,,,,,5.702631578947368e-07,4334,,,,,,,,,
28,,,,,,,,,,4334,0.11321532726287842,,,,,,,,
,,,,,,,,,5.709210526315789e-07,4339,,,,,,,,,
28,,,,,,,,,,4339,0.07448601722717285,,,,,,,,
,,,,,,,,,5.71578947368421e-07,4344,,,,,,,,,
28,,,,,,,,,,4344,0.07080071419477463,,,,,,,,
,,,,,,,,,5.722368421052631e-07,4349,,,,,,,,,
28,,,,,,,,,,4349,0.07921818643808365,,,,,,,,
,,,,,,,,,5.728947368421052e-07,4354,,,,,,,,,
28,,,,,,,,,,4354,0.05387936159968376,,,,,,,,
,,,,,,,,,5.735526315789472e-07,4359,,,,,,,,,
28,,,,,,,,,,4359,0.13367080688476562,,,,,,,,
,,,,,,,,,5.742105263157895e-07,4364,,,,,,,,,
28,,,,,,,,,,4364,0.10704117268323898,,,,,,,,
,,,,,,,,,5.748684210526316e-07,4369,,,,,,,,,
28,,,,,,,,,,4369,0.07955238223075867,,,,,,,,
,,,,,,,,,5.755263157894737e-07,4374,,,,,,,,,
28,,,,,,,,,,4374,0.10062748193740845,,,,,,,,
,,,,,,,,,5.761842105263158e-07,4379,,,,,,,,,
28,,,,,,,,,,4379,0.07151751220226288,,,,,,,,
,,,,,,,,,5.768421052631579e-07,4384,,,,,,,,,
28,,,,,,,,,,4384,0.09216748178005219,,,,,,,,
,,,,,,,,,5.775e-07,4389,,,,,,,,,
28,,,,,,,,,,4389,0.018192090094089508,,,,,,,,
,,,,,,,,,5.781578947368421e-07,4394,,,,,,,,,
28,,,,,,,,,,4394,0.06479121744632721,,,,,,,,
,,,,,,,,,5.788157894736842e-07,4399,,,,,,,,,
28,,,,,,,,,,4399,0.07976066321134567,,,,,,,,
,,,,,,,,,5.794736842105263e-07,4404,,,,,,,,,
28,,,,,,,,,,4404,0.14688174426555634,,,,,,,,
28,,,,,,,,,,4407,,0.574999988079071,0.7301587462425232,0.08213746547698975,0.08213746547698975,0.08312992006540298,0.574999988079071,1.0,0.0419161431491375
,,,,,,,,,5.801315789473684e-07,4409,,,,,,,,,
29,,,,,,,,,,4409,0.10022734850645065,,,,,,,,
,,,,,,,,,5.807894736842105e-07,4414,,,,,,,,,
29,,,,,,,,,,4414,0.051750145852565765,,,,,,,,
,,,,,,,,,5.814473684210526e-07,4419,,,,,,,,,
29,,,,,,,,,,4419,0.06677918881177902,,,,,,,,
,,,,,,,,,5.821052631578948e-07,4424,,,,,,,,,
29,,,,,,,,,,4424,0.10282091796398163,,,,,,,,
,,,,,,,,,5.827631578947368e-07,4429,,,,,,,,,
29,,,,,,,,,,4429,0.06550680845975876,,,,,,,,
,,,,,,,,,5.834210526315789e-07,4434,,,,,,,,,
29,,,,,,,,,,4434,0.08987627178430557,,,,,,,,
,,,,,,,,,5.84078947368421e-07,4439,,,,,,,,,
29,,,,,,,,,,4439,0.07566626369953156,,,,,,,,
,,,,,,,,,5.847368421052631e-07,4444,,,,,,,,,
29,,,,,,,,,,4444,0.04489189386367798,,,,,,,,
,,,,,,,,,5.853947368421052e-07,4449,,,,,,,,,
29,,,,,,,,,,4449,0.07885660231113434,,,,,,,,
,,,,,,,,,5.860526315789473e-07,4454,,,,,,,,,
29,,,,,,,,,,4454,0.05280273035168648,,,,,,,,
,,,,,,,,,5.867105263157894e-07,4459,,,,,,,,,
29,,,,,,,,,,4459,0.07375580072402954,,,,,,,,
,,,,,,,,,5.873684210526315e-07,4464,,,,,,,,,
29,,,,,,,,,,4464,0.11014554649591446,,,,,,,,
,,,,,,,,,5.880263157894738e-07,4469,,,,,,,,,
29,,,,,,,,,,4469,0.04993424564599991,,,,,,,,
,,,,,,,,,5.886842105263158e-07,4474,,,,,,,,,
29,,,,,,,,,,4474,0.10973111540079117,,,,,,,,
,,,,,,,,,5.893421052631579e-07,4479,,,,,,,,,
29,,,,,,,,,,4479,0.06397007405757904,,,,,,,,
,,,,,,,,,5.9e-07,4484,,,,,,,,,
29,,,,,,,,,,4484,0.06275846809148788,,,,,,,,
,,,,,,,,,5.906578947368422e-07,4489,,,,,,,,,
29,,,,,,,,,,4489,0.04478643462061882,,,,,,,,
,,,,,,,,,5.913157894736842e-07,4494,,,,,,,,,
29,,,,,,,,,,4494,0.05469443276524544,,,,,,,,
,,,,,,,,,5.919736842105263e-07,4499,,,,,,,,,
29,,,,,,,,,,4499,0.11384343355894089,,,,,,,,
,,,,,,,,,5.926315789473684e-07,4504,,,,,,,,,
29,,,,,,,,,,4504,0.08389852195978165,,,,,,,,
,,,,,,,,,5.932894736842105e-07,4509,,,,,,,,,
29,,,,,,,,,,4509,0.057384613901376724,,,,,,,,
,,,,,,,,,5.939473684210526e-07,4514,,,,,,,,,
29,,,,,,,,,,4514,0.10420376807451248,,,,,,,,
,,,,,,,,,5.946052631578947e-07,4519,,,,,,,,,
29,,,,,,,,,,4519,0.06784918159246445,,,,,,,,
,,,,,,,,,5.952631578947368e-07,4524,,,,,,,,,
29,,,,,,,,,,4524,0.10328768938779831,,,,,,,,
,,,,,,,,,5.959210526315789e-07,4529,,,,,,,,,
29,,,,,,,,,,4529,0.09253174066543579,,,,,,,,
,,,,,,,,,5.965789473684211e-07,4534,,,,,,,,,
29,,,,,,,,,,4534,0.05403752624988556,,,,,,,,
,,,,,,,,,5.972368421052631e-07,4539,,,,,,,,,
29,,,,,,,,,,4539,0.08409170806407928,,,,,,,,
,,,,,,,,,5.978947368421052e-07,4544,,,,,,,,,
29,,,,,,,,,,4544,0.0677216425538063,,,,,,,,
,,,,,,,,,5.985526315789473e-07,4549,,,,,,,,,
29,,,,,,,,,,4549,0.08812598884105682,,,,,,,,
,,,,,,,,,5.992105263157895e-07,4554,,,,,,,,,
29,,,,,,,,,,4554,0.0694659873843193,,,,,,,,
,,,,,,,,,5.998684210526315e-07,4559,,,,,,,,,
29,,,,,,,,,,4559,0.09567777067422867,,,,,,,,
29,,,,,,,,,,4559,,0.574999988079071,0.7301587462425232,0.08231492340564728,0.08231492340564728,0.09264872968196869,0.574999988079071,1.0,0.05704633519053459
,,,,,,,,,6.005263157894736e-07,4564,,,,,,,,,
30,,,,,,,,,,4564,0.02634947933256626,,,,,,,,
,,,,,,,,,6.011842105263157e-07,4569,,,,,,,,,
30,,,,,,,,,,4569,0.06896954774856567,,,,,,,,
,,,,,,,,,6.018421052631578e-07,4574,,,,,,,,,
30,,,,,,,,,,4574,0.0738091692328453,,,,,,,,
,,,,,,,,,6.025000000000001e-07,4579,,,,,,,,,
30,,,,,,,,,,4579,0.0923643708229065,,,,,,,,
,,,,,,,,,6.031578947368421e-07,4584,,,,,,,,,
30,,,,,,,,,,4584,0.09879680722951889,,,,,,,,
,,,,,,,,,6.038157894736842e-07,4589,,,,,,,,,
30,,,,,,,,,,4589,0.0656442940235138,,,,,,,,
,,,,,,,,,6.044736842105263e-07,4594,,,,,,,,,
30,,,,,,,,,,4594,0.0886751264333725,,,,,,,,
,,,,,,,,,6.051315789473685e-07,4599,,,,,,,,,
30,,,,,,,,,,4599,0.09393420815467834,,,,,,,,
,,,,,,,,,6.057894736842105e-07,4604,,,,,,,,,
30,,,,,,,,,,4604,0.09127917885780334,,,,,,,,
,,,,,,,,,6.064473684210526e-07,4609,,,,,,,,,
30,,,,,,,,,,4609,0.09136563539505005,,,,,,,,
,,,,,,,,,6.071052631578947e-07,4614,,,,,,,,,
30,,,,,,,,,,4614,0.06860966235399246,,,,,,,,
,,,,,,,,,6.077631578947369e-07,4619,,,,,,,,,
30,,,,,,,,,,4619,0.07573380321264267,,,,,,,,
,,,,,,,,,6.08421052631579e-07,4624,,,,,,,,,
30,,,,,,,,,,4624,0.0632840171456337,,,,,,,,
,,,,,,,,,6.09078947368421e-07,4629,,,,,,,,,
30,,,,,,,,,,4629,0.08052611351013184,,,,,,,,
,,,,,,,,,6.097368421052631e-07,4634,,,,,,,,,
30,,,,,,,,,,4634,0.07681798189878464,,,,,,,,
,,,,,,,,,6.103947368421052e-07,4639,,,,,,,,,
30,,,,,,,,,,4639,0.0833885669708252,,,,,,,,
,,,,,,,,,6.110526315789474e-07,4644,,,,,,,,,
30,,,,,,,,,,4644,0.06779912859201431,,,,,,,,
,,,,,,,,,6.117105263157894e-07,4649,,,,,,,,,
30,,,,,,,,,,4649,0.06007710471749306,,,,,,,,
,,,,,,,,,6.123684210526315e-07,4654,,,,,,,,,
30,,,,,,,,,,4654,0.10156144201755524,,,,,,,,
,,,,,,,,,6.130263157894736e-07,4659,,,,,,,,,
30,,,,,,,,,,4659,0.02816183678805828,,,,,,,,
,,,,,,,,,6.136842105263158e-07,4664,,,,,,,,,
30,,,,,,,,,,4664,0.06158912926912308,,,,,,,,
,,,,,,,,,6.143421052631579e-07,4669,,,,,,,,,
30,,,,,,,,,,4669,0.10137296468019485,,,,,,,,
,,,,,,,,,6.149999999999999e-07,4674,,,,,,,,,
30,,,,,,,,,,4674,0.08094687014818192,,,,,,,,
,,,,,,,,,6.15657894736842e-07,4679,,,,,,,,,
30,,,,,,,,,,4679,0.09153062850236893,,,,,,,,
,,,,,,,,,6.163157894736843e-07,4684,,,,,,,,,
30,,,,,,,,,,4684,0.16388489305973053,,,,,,,,
,,,,,,,,,6.169736842105264e-07,4689,,,,,,,,,
30,,,,,,,,,,4689,0.042986031621694565,,,,,,,,
,,,,,,,,,6.176315789473684e-07,4694,,,,,,,,,
30,,,,,,,,,,4694,0.14199943840503693,,,,,,,,
,,,,,,,,,6.182894736842105e-07,4699,,,,,,,,,
30,,,,,,,,,,4699,0.13074137270450592,,,,,,,,
,,,,,,,,,6.189473684210526e-07,4704,,,,,,,,,
30,,,,,,,,,,4704,0.01888315938413143,,,,,,,,
,,,,,,,,,6.196052631578948e-07,4709,,,,,,,,,
30,,,,,,,,,,4709,0.03182404115796089,,,,,,,,
30,,,,,,,,,,4711,,0.574999988079071,0.7301587462425232,0.08203515410423279,0.08203515410423279,0.10296511650085449,0.574999988079071,1.0,0.06422995030879974
,,,,,,,,,6.202631578947368e-07,4714,,,,,,,,,
31,,,,,,,,,,4714,0.05426555499434471,,,,,,,,
,,,,,,,,,6.209210526315789e-07,4719,,,,,,,,,
31,,,,,,,,,,4719,0.13482150435447693,,,,,,,,
,,,,,,,,,6.21578947368421e-07,4724,,,,,,,,,
31,,,,,,,,,,4724,0.0965418815612793,,,,,,,,
,,,,,,,,,6.222368421052632e-07,4729,,,,,,,,,
31,,,,,,,,,,4729,0.115962453186512,,,,,,,,
,,,,,,,,,6.228947368421053e-07,4734,,,,,,,,,
31,,,,,,,,,,4734,0.0504218228161335,,,,,,,,
,,,,,,,,,6.235526315789473e-07,4739,,,,,,,,,
31,,,,,,,,,,4739,0.14786143600940704,,,,,,,,
,,,,,,,,,6.242105263157894e-07,4744,,,,,,,,,
31,,,,,,,,,,4744,0.04738644137978554,,,,,,,,
,,,,,,,,,6.248684210526316e-07,4749,,,,,,,,,
31,,,,,,,,,,4749,0.06852903217077255,,,,,,,,
,,,,,,,,,6.255263157894737e-07,4754,,,,,,,,,
31,,,,,,,,,,4754,0.06802050769329071,,,,,,,,
,,,,,,,,,6.261842105263157e-07,4759,,,,,,,,,
31,,,,,,,,,,4759,0.07103431969881058,,,,,,,,
,,,,,,,,,6.268421052631578e-07,4764,,,,,,,,,
31,,,,,,,,,,4764,0.06282695382833481,,,,,,,,
,,,,,,,,,6.274999999999999e-07,4769,,,,,,,,,
31,,,,,,,,,,4769,0.11544635146856308,,,,,,,,
,,,,,,,,,6.281578947368421e-07,4774,,,,,,,,,
31,,,,,,,,,,4774,0.12481535226106644,,,,,,,,
,,,,,,,,,6.288157894736842e-07,4779,,,,,,,,,
31,,,,,,,,,,4779,0.09031283855438232,,,,,,,,
,,,,,,,,,6.294736842105262e-07,4784,,,,,,,,,
31,,,,,,,,,,4784,0.07686664164066315,,,,,,,,
,,,,,,,,,6.301315789473683e-07,4789,,,,,,,,,
31,,,,,,,,,,4789,0.0910869613289833,,,,,,,,
,,,,,,,,,6.307894736842105e-07,4794,,,,,,,,,
31,,,,,,,,,,4794,0.0414145365357399,,,,,,,,
,,,,,,,,,6.314473684210527e-07,4799,,,,,,,,,
31,,,,,,,,,,4799,0.09069548547267914,,,,,,,,
,,,,,,,,,6.321052631578947e-07,4804,,,,,,,,,
31,,,,,,,,,,4804,0.0683826357126236,,,,,,,,
,,,,,,,,,6.327631578947368e-07,4809,,,,,,,,,
31,,,,,,,,,,4809,0.0814274474978447,,,,,,,,
,,,,,,,,,6.33421052631579e-07,4814,,,,,,,,,
31,,,,,,,,,,4814,0.05458241328597069,,,,,,,,
,,,,,,,,,6.340789473684211e-07,4819,,,,,,,,,
31,,,,,,,,,,4819,0.11622925847768784,,,,,,,,
,,,,,,,,,6.347368421052632e-07,4824,,,,,,,,,
31,,,,,,,,,,4824,0.07530724257230759,,,,,,,,
,,,,,,,,,6.353947368421052e-07,4829,,,,,,,,,
31,,,,,,,,,,4829,0.07170208543539047,,,,,,,,
,,,,,,,,,6.360526315789473e-07,4834,,,,,,,,,
31,,,,,,,,,,4834,0.07499372959136963,,,,,,,,
,,,,,,,,,6.367105263157895e-07,4839,,,,,,,,,
31,,,,,,,,,,4839,0.04744046926498413,,,,,,,,
,,,,,,,,,6.373684210526316e-07,4844,,,,,,,,,
31,,,,,,,,,,4844,0.10025741904973984,,,,,,,,
,,,,,,,,,6.380263157894736e-07,4849,,,,,,,,,
31,,,,,,,,,,4849,0.07497573643922806,,,,,,,,
,,,,,,,,,6.386842105263157e-07,4854,,,,,,,,,
31,,,,,,,,,,4854,0.060772716999053955,,,,,,,,
,,,,,,,,,6.393421052631579e-07,4859,,,,,,,,,
31,,,,,,,,,,4859,0.04569061100482941,,,,,,,,
31,,,,,,,,,,4863,,0.574999988079071,0.7301587462425232,0.08184362947940826,0.08184362947940826,0.1222207099199295,0.574999988079071,1.0,0.09375084191560745
,,,,,,,,,6.4e-07,4864,,,,,,,,,
32,,,,,,,,,,4864,0.025051092728972435,,,,,,,,
,,,,,,,,,6.40657894736842e-07,4869,,,,,,,,,
32,,,,,,,,,,4869,0.0727982297539711,,,,,,,,
,,,,,,,,,6.413157894736841e-07,4874,,,,,,,,,
32,,,,,,,,,,4874,0.07287807017564774,,,,,,,,
,,,,,,,,,6.419736842105263e-07,4879,,,,,,,,,
32,,,,,,,,,,4879,0.08320702612400055,,,,,,,,
,,,,,,,,,6.426315789473684e-07,4884,,,,,,,,,
32,,,,,,,,,,4884,0.03241134434938431,,,,,,,,
,,,,,,,,,6.432894736842105e-07,4889,,,,,,,,,
32,,,,,,,,,,4889,0.038211673498153687,,,,,,,,
,,,,,,,,,6.439473684210525e-07,4894,,,,,,,,,
32,,,,,,,,,,4894,0.06711108237504959,,,,,,,,
,,,,,,,,,6.446052631578947e-07,4899,,,,,,,,,
32,,,,,,,,,,4899,0.0721706748008728,,,,,,,,
,,,,,,,,,6.452631578947368e-07,4904,,,,,,,,,
32,,,,,,,,,,4904,0.06130979582667351,,,,,,,,
,,,,,,,,,6.45921052631579e-07,4909,,,,,,,,,
32,,,,,,,,,,4909,0.08079718053340912,,,,,,,,
,,,,,,,,,6.46578947368421e-07,4914,,,,,,,,,
32,,,,,,,,,,4914,0.04847119748592377,,,,,,,,
,,,,,,,,,6.472368421052631e-07,4919,,,,,,,,,
32,,,,,,,,,,4919,0.10255832970142365,,,,,,,,
,,,,,,,,,6.478947368421053e-07,4924,,,,,,,,,
32,,,,,,,,,,4924,0.10342154651880264,,,,,,,,
,,,,,,,,,6.485526315789474e-07,4929,,,,,,,,,
32,,,,,,,,,,4929,0.07822686433792114,,,,,,,,
,,,,,,,,,6.492105263157895e-07,4934,,,,,,,,,
32,,,,,,,,,,4934,0.07504094392061234,,,,,,,,
,,,,,,,,,6.498684210526315e-07,4939,,,,,,,,,
32,,,,,,,,,,4939,0.05063420906662941,,,,,,,,
,,,,,,,,,6.505263157894737e-07,4944,,,,,,,,,
32,,,,,,,,,,4944,0.07874815911054611,,,,,,,,
,,,,,,,,,6.511842105263158e-07,4949,,,,,,,,,
32,,,,,,,,,,4949,0.0786304622888565,,,,,,,,
,,,,,,,,,6.518421052631579e-07,4954,,,,,,,,,
32,,,,,,,,,,4954,0.1008392944931984,,,,,,,,
,,,,,,,,,6.524999999999999e-07,4959,,,,,,,,,
32,,,,,,,,,,4959,0.06861408054828644,,,,,,,,
,,,,,,,,,6.531578947368421e-07,4964,,,,,,,,,
32,,,,,,,,,,4964,0.0813690721988678,,,,,,,,
,,,,,,,,,6.538157894736842e-07,4969,,,,,,,,,
32,,,,,,,,,,4969,0.10939763486385345,,,,,,,,
,,,,,,,,,6.544736842105263e-07,4974,,,,,,,,,
32,,,,,,,,,,4974,0.03475978597998619,,,,,,,,
,,,,,,,,,6.551315789473684e-07,4979,,,,,,,,,
32,,,,,,,,,,4979,0.060336899012327194,,,,,,,,
,,,,,,,,,6.557894736842104e-07,4984,,,,,,,,,
32,,,,,,,,,,4984,0.0767306536436081,,,,,,,,
,,,,,,,,,6.564473684210526e-07,4989,,,,,,,,,
32,,,,,,,,,,4989,0.069166399538517,,,,,,,,
,,,,,,,,,6.571052631578947e-07,4994,,,,,,,,,
32,,,,,,,,,,4994,0.11248994618654251,,,,,,,,
,,,,,,,,,6.577631578947368e-07,4999,,,,,,,,,
32,,,,,,,,,,4999,0.07712697237730026,,,,,,,,
,,,,,,,,,6.584210526315788e-07,5004,,,,,,,,,
32,,,,,,,,,,5004,0.09628322720527649,,,,,,,,
,,,,,,,,,6.59078947368421e-07,5009,,,,,,,,,
32,,,,,,,,,,5009,0.13499853014945984,,,,,,,,
,,,,,,,,,6.597368421052631e-07,5014,,,,,,,,,
32,,,,,,,,,,5014,0.1156318187713623,,,,,,,,
32,,,,,,,,,,5015,,0.574999988079071,0.7301587462425232,0.08208826929330826,0.08208826929330826,0.1486297994852066,0.574999988079071,1.0,0.12313087284564972
,,,,,,,,,6.603947368421053e-07,5019,,,,,,,,,
33,,,,,,,,,,5019,0.10636649280786514,,,,,,,,
,,,,,,,,,6.610526315789474e-07,5024,,,,,,,,,
33,,,,,,,,,,5024,0.1187376007437706,,,,,,,,
,,,,,,,,,6.617105263157895e-07,5029,,,,,,,,,
33,,,,,,,,,,5029,0.10031386464834213,,,,,,,,
,,,,,,,,,6.623684210526316e-07,5034,,,,,,,,,
33,,,,,,,,,,5034,0.03641144558787346,,,,,,,,
,,,,,,,,,6.630263157894737e-07,5039,,,,,,,,,
33,,,,,,,,,,5039,0.07090748846530914,,,,,,,,
,,,,,,,,,6.636842105263158e-07,5044,,,,,,,,,
33,,,,,,,,,,5044,0.05893304571509361,,,,,,,,
,,,,,,,,,6.643421052631578e-07,5049,,,,,,,,,
33,,,,,,,,,,5049,0.11144627630710602,,,,,,,,
,,,,,,,,,6.65e-07,5054,,,,,,,,,
33,,,,,,,,,,5054,0.05783512443304062,,,,,,,,
,,,,,,,,,6.656578947368421e-07,5059,,,,,,,,,
33,,,,,,,,,,5059,0.1141076534986496,,,,,,,,
,,,,,,,,,6.663157894736842e-07,5064,,,,,,,,,
33,,,,,,,,,,5064,0.02844727598130703,,,,,,,,
,,,,,,,,,6.669736842105262e-07,5069,,,,,,,,,
33,,,,,,,,,,5069,0.07135747373104095,,,,,,,,
,,,,,,,,,6.676315789473684e-07,5074,,,,,,,,,
33,,,,,,,,,,5074,0.04383759945631027,,,,,,,,
,,,,,,,,,6.682894736842105e-07,5079,,,,,,,,,
33,,,,,,,,,,5079,0.07719603925943375,,,,,,,,
,,,,,,,,,6.689473684210526e-07,5084,,,,,,,,,
33,,,,,,,,,,5084,0.08451870083808899,,,,,,,,
,,,,,,,,,6.696052631578947e-07,5089,,,,,,,,,
33,,,,,,,,,,5089,0.05217422544956207,,,,,,,,
,,,,,,,,,6.702631578947368e-07,5094,,,,,,,,,
33,,,,,,,,,,5094,0.03664715588092804,,,,,,,,
,,,,,,,,,6.709210526315789e-07,5099,,,,,,,,,
33,,,,,,,,,,5099,0.07649985700845718,,,,,,,,
,,,,,,,,,6.71578947368421e-07,5104,,,,,,,,,
33,,,,,,,,,,5104,0.08377528935670853,,,,,,,,
,,,,,,,,,6.722368421052631e-07,5109,,,,,,,,,
33,,,,,,,,,,5109,0.06724453717470169,,,,,,,,
,,,,,,,,,6.728947368421051e-07,5114,,,,,,,,,
33,,,,,,,,,,5114,0.06478260457515717,,,,,,,,
,,,,,,,,,6.735526315789473e-07,5119,,,,,,,,,
33,,,,,,,,,,5119,0.015224927105009556,,,,,,,,
,,,,,,,,,6.742105263157894e-07,5124,,,,,,,,,
33,,,,,,,,,,5124,0.05227508023381233,,,,,,,,
,,,,,,,,,6.748684210526316e-07,5129,,,,,,,,,
33,,,,,,,,,,5129,0.06460991501808167,,,,,,,,
,,,,,,,,,6.755263157894737e-07,5134,,,,,,,,,
33,,,,,,,,,,5134,0.10232274979352951,,,,,,,,
,,,,,,,,,6.761842105263158e-07,5139,,,,,,,,,
33,,,,,,,,,,5139,0.039137210696935654,,,,,,,,
,,,,,,,,,6.768421052631579e-07,5144,,,,,,,,,
33,,,,,,,,,,5144,0.06424298137426376,,,,,,,,
,,,,,,,,,6.775e-07,5149,,,,,,,,,
33,,,,,,,,,,5149,0.043191827833652496,,,,,,,,
,,,,,,,,,6.781578947368421e-07,5154,,,,,,,,,
33,,,,,,,,,,5154,0.11171706020832062,,,,,,,,
,,,,,,,,,6.788157894736842e-07,5159,,,,,,,,,
33,,,,,,,,,,5159,0.05642189458012581,,,,,,,,
,,,,,,,,,6.794736842105263e-07,5164,,,,,,,,,
33,,,,,,,,,,5164,0.08503075689077377,,,,,,,,
33,,,,,,,,,,5167,,0.574999988079071,0.7301587462425232,0.08178501576185226,0.08178501576185226,0.1483994424343109,0.574999988079071,1.0,0.12773214280605316
,,,,,,,,,6.801315789473684e-07,5169,,,,,,,,,
34,,,,,,,,,,5169,0.129481241106987,,,,,,,,
,,,,,,,,,6.807894736842105e-07,5174,,,,,,,,,
34,,,,,,,,,,5174,0.06533036381006241,,,,,,,,
,,,,,,,,,6.814473684210526e-07,5179,,,,,,,,,
34,,,,,,,,,,5179,0.04532022774219513,,,,,,,,
,,,,,,,,,6.821052631578947e-07,5184,,,,,,,,,
34,,,,,,,,,,5184,0.08560802042484283,,,,,,,,
,,,,,,,,,6.827631578947368e-07,5189,,,,,,,,,
34,,,,,,,,,,5189,0.05790594592690468,,,,,,,,
,,,,,,,,,6.834210526315789e-07,5194,,,,,,,,,
34,,,,,,,,,,5194,0.06434893608093262,,,,,,,,
,,,,,,,,,6.84078947368421e-07,5199,,,,,,,,,
34,,,,,,,,,,5199,0.06864729523658752,,,,,,,,
,,,,,,,,,6.847368421052631e-07,5204,,,,,,,,,
34,,,,,,,,,,5204,0.0750417560338974,,,,,,,,
,,,,,,,,,6.853947368421052e-07,5209,,,,,,,,,
34,,,,,,,,,,5209,0.08034137636423111,,,,,,,,
,,,,,,,,,6.860526315789473e-07,5214,,,,,,,,,
34,,,,,,,,,,5214,0.08245788514614105,,,,,,,,
,,,,,,,,,6.867105263157894e-07,5219,,,,,,,,,
34,,,,,,,,,,5219,0.10268417000770569,,,,,,,,
,,,,,,,,,6.873684210526316e-07,5224,,,,,,,,,
34,,,,,,,,,,5224,0.07566908746957779,,,,,,,,
,,,,,,,,,6.880263157894736e-07,5229,,,,,,,,,
34,,,,,,,,,,5229,0.10647002607584,,,,,,,,
,,,,,,,,,6.886842105263157e-07,5234,,,,,,,,,
34,,,,,,,,,,5234,0.04199040308594704,,,,,,,,
,,,,,,,,,6.893421052631579e-07,5239,,,,,,,,,
34,,,,,,,,,,5239,0.073884017765522,,,,,,,,
,,,,,,,,,6.9e-07,5244,,,,,,,,,
34,,,,,,,,,,5244,0.05975750461220741,,,,,,,,
,,,,,,,,,6.906578947368421e-07,5249,,,,,,,,,
34,,,,,,,,,,5249,0.04417886212468147,,,,,,,,
,,,,,,,,,6.913157894736842e-07,5254,,,,,,,,,
34,,,,,,,,,,5254,0.05589456111192703,,,,,,,,
,,,,,,,,,6.919736842105263e-07,5259,,,,,,,,,
34,,,,,,,,,,5259,0.06830098479986191,,,,,,,,
,,,,,,,,,6.926315789473684e-07,5264,,,,,,,,,
34,,,,,,,,,,5264,0.06764308363199234,,,,,,,,
,,,,,,,,,6.932894736842106e-07,5269,,,,,,,,,
34,,,,,,,,,,5269,0.07814451307058334,,,,,,,,
,,,,,,,,,6.939473684210526e-07,5274,,,,,,,,,
34,,,,,,,,,,5274,0.03897752985358238,,,,,,,,
,,,,,,,,,6.946052631578947e-07,5279,,,,,,,,,
34,,,,,,,,,,5279,0.03670775517821312,,,,,,,,
,,,,,,,,,6.952631578947368e-07,5284,,,,,,,,,
34,,,,,,,,,,5284,0.04858063906431198,,,,,,,,
,,,,,,,,,6.95921052631579e-07,5289,,,,,,,,,
34,,,,,,,,,,5289,0.050076015293598175,,,,,,,,
,,,,,,,,,6.96578947368421e-07,5294,,,,,,,,,
34,,,,,,,,,,5294,0.05494371056556702,,,,,,,,
,,,,,,,,,6.972368421052631e-07,5299,,,,,,,,,
34,,,,,,,,,,5299,0.02571408450603485,,,,,,,,
,,,,,,,,,6.978947368421052e-07,5304,,,,,,,,,
34,,,,,,,,,,5304,0.062337491661310196,,,,,,,,
,,,,,,,,,6.985526315789473e-07,5309,,,,,,,,,
34,,,,,,,,,,5309,0.0800582766532898,,,,,,,,
,,,,,,,,,6.992105263157894e-07,5314,,,,,,,,,
34,,,,,,,,,,5314,0.09642903506755829,,,,,,,,
,,,,,,,,,6.998684210526315e-07,5319,,,,,,,,,
34,,,,,,,,,,5319,0.06574898958206177,,,,,,,,
34,,,,,,,,,,5319,,0.5874999761581421,0.7360000014305115,0.08135633170604706,0.08135633170604706,0.16532276570796967,0.5822784900665283,1.0,0.15398989617824554
,,,,,,,,,7.005263157894736e-07,5324,,,,,,,,,
35,,,,,,,,,,5324,0.11372659355401993,,,,,,,,
,,,,,,,,,7.011842105263157e-07,5329,,,,,,,,,
35,,,,,,,,,,5329,0.11552391201257706,,,,,,,,
,,,,,,,,,7.018421052631579e-07,5334,,,,,,,,,
35,,,,,,,,,,5334,0.052826035767793655,,,,,,,,
,,,,,,,,,7.024999999999999e-07,5339,,,,,,,,,
35,,,,,,,,,,5339,0.07154469192028046,,,,,,,,
,,,,,,,,,7.03157894736842e-07,5344,,,,,,,,,
35,,,,,,,,,,5344,0.06013574078679085,,,,,,,,
,,,,,,,,,7.038157894736842e-07,5349,,,,,,,,,
35,,,,,,,,,,5349,0.08803603798151016,,,,,,,,
,,,,,,,,,7.044736842105264e-07,5354,,,,,,,,,
35,,,,,,,,,,5354,0.10230652242898941,,,,,,,,
,,,,,,,,,7.051315789473684e-07,5359,,,,,,,,,
35,,,,,,,,,,5359,0.07427466660737991,,,,,,,,
,,,,,,,,,7.057894736842105e-07,5364,,,,,,,,,
35,,,,,,,,,,5364,0.09614447504281998,,,,,,,,
,,,,,,,,,7.064473684210526e-07,5369,,,,,,,,,
35,,,,,,,,,,5369,0.06561390310525894,,,,,,,,
,,,,,,,,,7.071052631578948e-07,5374,,,,,,,,,
35,,,,,,,,,,5374,0.09017204493284225,,,,,,,,
,,,,,,,,,7.077631578947369e-07,5379,,,,,,,,,
35,,,,,,,,,,5379,0.03836406394839287,,,,,,,,
,,,,,,,,,7.084210526315789e-07,5384,,,,,,,,,
35,,,,,,,,,,5384,0.06321631371974945,,,,,,,,
,,,,,,,,,7.09078947368421e-07,5389,,,,,,,,,
35,,,,,,,,,,5389,0.05285758152604103,,,,,,,,
,,,,,,,,,7.097368421052631e-07,5394,,,,,,,,,
35,,,,,,,,,,5394,0.06410322338342667,,,,,,,,
,,,,,,,,,7.103947368421053e-07,5399,,,,,,,,,
35,,,,,,,,,,5399,0.07221562415361404,,,,,,,,
,,,,,,,,,7.110526315789473e-07,5404,,,,,,,,,
35,,,,,,,,,,5404,0.03257397562265396,,,,,,,,
,,,,,,,,,7.117105263157894e-07,5409,,,,,,,,,
35,,,,,,,,,,5409,0.09498699754476547,,,,,,,,
,,,,,,,,,7.123684210526315e-07,5414,,,,,,,,,
35,,,,,,,,,,5414,0.06349164247512817,,,,,,,,
,,,,,,,,,7.130263157894737e-07,5419,,,,,,,,,
35,,,,,,,,,,5419,0.03741324692964554,,,,,,,,
,,,,,,,,,7.136842105263158e-07,5424,,,,,,,,,
35,,,,,,,,,,5424,0.10905982553958893,,,,,,,,
,,,,,,,,,7.143421052631578e-07,5429,,,,,,,,,
35,,,,,,,,,,5429,0.13551783561706543,,,,,,,,
,,,,,,,,,7.149999999999999e-07,5434,,,,,,,,,
35,,,,,,,,,,5434,0.07292558997869492,,,,,,,,
,,,,,,,,,7.156578947368421e-07,5439,,,,,,,,,
35,,,,,,,,,,5439,0.036279771476984024,,,,,,,,
,,,,,,,,,7.163157894736842e-07,5444,,,,,,,,,
35,,,,,,,,,,5444,0.08689917623996735,,,,,,,,
,,,,,,,,,7.169736842105262e-07,5449,,,,,,,,,
35,,,,,,,,,,5449,0.05625598877668381,,,,,,,,
,,,,,,,,,7.176315789473683e-07,5454,,,,,,,,,
35,,,,,,,,,,5454,0.04828895628452301,,,,,,,,
,,,,,,,,,7.182894736842105e-07,5459,,,,,,,,,
35,,,,,,,,,,5459,0.05018264800310135,,,,,,,,
,,,,,,,,,7.189473684210527e-07,5464,,,,,,,,,
35,,,,,,,,,,5464,0.10938359797000885,,,,,,,,
,,,,,,,,,7.196052631578947e-07,5469,,,,,,,,,
35,,,,,,,,,,5469,0.09261919558048248,,,,,,,,
35,,,,,,,,,,5471,,0.5874999761581421,0.7360000014305115,0.08131931722164154,0.08131931722164154,0.19430306553840637,0.5822784900665283,1.0,0.17738358676433563
,,,,,,,,,7.202631578947368e-07,5474,,,,,,,,,
36,,,,,,,,,,5474,0.05590676888823509,,,,,,,,
,,,,,,,,,7.209210526315789e-07,5479,,,,,,,,,
36,,,,,,,,,,5479,0.053627680987119675,,,,,,,,
,,,,,,,,,7.215789473684211e-07,5484,,,,,,,,,
36,,,,,,,,,,5484,0.1169939860701561,,,,,,,,
,,,,,,,,,7.222368421052632e-07,5489,,,,,,,,,
36,,,,,,,,,,5489,0.11618123203516006,,,,,,,,
,,,,,,,,,7.228947368421052e-07,5494,,,,,,,,,
36,,,,,,,,,,5494,0.09017902612686157,,,,,,,,
,,,,,,,,,7.235526315789473e-07,5499,,,,,,,,,
36,,,,,,,,,,5499,0.11644148826599121,,,,,,,,
,,,,,,,,,7.242105263157895e-07,5504,,,,,,,,,
36,,,,,,,,,,5504,0.05762467160820961,,,,,,,,
,,,,,,,,,7.248684210526316e-07,5509,,,,,,,,,
36,,,,,,,,,,5509,0.07278794795274734,,,,,,,,
,,,,,,,,,7.255263157894736e-07,5514,,,,,,,,,
36,,,,,,,,,,5514,0.05679013207554817,,,,,,,,
,,,,,,,,,7.261842105263157e-07,5519,,,,,,,,,
36,,,,,,,,,,5519,0.05699731409549713,,,,,,,,
,,,,,,,,,7.268421052631578e-07,5524,,,,,,,,,
36,,,,,,,,,,5524,0.05619775131344795,,,,,,,,
,,,,,,,,,7.275e-07,5529,,,,,,,,,
36,,,,,,,,,,5529,0.11856413632631302,,,,,,,,
,,,,,,,,,7.281578947368421e-07,5534,,,,,,,,,
36,,,,,,,,,,5534,0.08754715323448181,,,,,,,,
,,,,,,,,,7.288157894736841e-07,5539,,,,,,,,,
36,,,,,,,,,,5539,0.04621659591794014,,,,,,,,
,,,,,,,,,7.294736842105262e-07,5544,,,,,,,,,
36,,,,,,,,,,5544,0.10641288757324219,,,,,,,,
,,,,,,,,,7.301315789473684e-07,5549,,,,,,,,,
36,,,,,,,,,,5549,0.057730142027139664,,,,,,,,
,,,,,,,,,7.307894736842105e-07,5554,,,,,,,,,
36,,,,,,,,,,5554,0.12901200354099274,,,,,,,,
,,,,,,,,,7.314473684210525e-07,5559,,,,,,,,,
36,,,,,,,,,,5559,0.04473297670483589,,,,,,,,
,,,,,,,,,7.321052631578946e-07,5564,,,,,,,,,
36,,,,,,,,,,5564,0.06249421089887619,,,,,,,,
,,,,,,,,,7.327631578947369e-07,5569,,,,,,,,,
36,,,,,,,,,,5569,0.04221202805638313,,,,,,,,
,,,,,,,,,7.33421052631579e-07,5574,,,,,,,,,
36,,,,,,,,,,5574,0.08356080204248428,,,,,,,,
,,,,,,,,,7.340789473684211e-07,5579,,,,,,,,,
36,,,,,,,,,,5579,0.051259595900774,,,,,,,,
,,,,,,,,,7.347368421052631e-07,5584,,,,,,,,,
36,,,,,,,,,,5584,0.0316028967499733,,,,,,,,
,,,,,,,,,7.353947368421052e-07,5589,,,,,,,,,
36,,,,,,,,,,5589,0.08269693702459335,,,,,,,,
,,,,,,,,,7.360526315789474e-07,5594,,,,,,,,,
36,,,,,,,,,,5594,0.09079764783382416,,,,,,,,
,,,,,,,,,7.367105263157895e-07,5599,,,,,,,,,
36,,,,,,,,,,5599,0.06199736148118973,,,,,,,,
,,,,,,,,,7.373684210526315e-07,5604,,,,,,,,,
36,,,,,,,,,,5604,0.09930641204118729,,,,,,,,
,,,,,,,,,7.380263157894736e-07,5609,,,,,,,,,
36,,,,,,,,,,5609,0.071055568754673,,,,,,,,
,,,,,,,,,7.386842105263158e-07,5614,,,,,,,,,
36,,,,,,,,,,5614,0.04939989373087883,,,,,,,,
,,,,,,,,,7.393421052631579e-07,5619,,,,,,,,,
36,,,,,,,,,,5619,0.05903506651520729,,,,,,,,
36,,,,,,,,,,5623,,0.5874999761581421,0.7360000014305115,0.08119603246450424,0.08119603246450424,0.20830701291561127,0.5822784900665283,1.0,0.20530810952186584
,,,,,,,,,7.4e-07,5624,,,,,,,,,
37,,,,,,,,,,5624,0.0759330689907074,,,,,,,,
,,,,,,,,,7.40657894736842e-07,5629,,,,,,,,,
37,,,,,,,,,,5629,0.1125360056757927,,,,,,,,
,,,,,,,,,7.413157894736842e-07,5634,,,,,,,,,
37,,,,,,,,,,5634,0.05404112860560417,,,,,,,,
,,,,,,,,,7.419736842105263e-07,5639,,,,,,,,,
37,,,,,,,,,,5639,0.09563293308019638,,,,,,,,
,,,,,,,,,7.426315789473684e-07,5644,,,,,,,,,
37,,,,,,,,,,5644,0.12652184069156647,,,,,,,,
,,,,,,,,,7.432894736842104e-07,5649,,,,,,,,,
37,,,,,,,,,,5649,0.1212301179766655,,,,,,,,
,,,,,,,,,7.439473684210525e-07,5654,,,,,,,,,
37,,,,,,,,,,5654,0.09782177209854126,,,,,,,,
,,,,,,,,,7.446052631578947e-07,5659,,,,,,,,,
37,,,,,,,,,,5659,0.09302839636802673,,,,,,,,
,,,,,,,,,7.452631578947368e-07,5664,,,,,,,,,
37,,,,,,,,,,5664,0.03458872064948082,,,,,,,,
,,,,,,,,,7.459210526315788e-07,5669,,,,,,,,,
37,,,,,,,,,,5669,0.10891486704349518,,,,,,,,
,,,,,,,,,7.46578947368421e-07,5674,,,,,,,,,
37,,,,,,,,,,5674,0.049580883234739304,,,,,,,,
,,,,,,,,,7.472368421052632e-07,5679,,,,,,,,,
37,,,,,,,,,,5679,0.08327339589595795,,,,,,,,
,,,,,,,,,7.478947368421053e-07,5684,,,,,,,,,
37,,,,,,,,,,5684,0.1478334665298462,,,,,,,,
,,,,,,,,,7.485526315789474e-07,5689,,,,,,,,,
37,,,,,,,,,,5689,0.047654617577791214,,,,,,,,
,,,,,,,,,7.492105263157894e-07,5694,,,,,,,,,
37,,,,,,,,,,5694,0.11926046013832092,,,,,,,,
,,,,,,,,,7.498684210526316e-07,5699,,,,,,,,,
37,,,,,,,,,,5699,0.05002017691731453,,,,,,,,
,,,,,,,,,7.505263157894737e-07,5704,,,,,,,,,
37,,,,,,,,,,5704,0.0934961661696434,,,,,,,,
,,,,,,,,,7.511842105263158e-07,5709,,,,,,,,,
37,,,,,,,,,,5709,0.053001806139945984,,,,,,,,
,,,,,,,,,7.518421052631578e-07,5714,,,,,,,,,
37,,,,,,,,,,5714,0.08002857863903046,,,,,,,,
,,,,,,,,,7.524999999999999e-07,5719,,,,,,,,,
37,,,,,,,,,,5719,0.07007116079330444,,,,,,,,
,,,,,,,,,7.531578947368421e-07,5724,,,,,,,,,
37,,,,,,,,,,5724,0.12554845213890076,,,,,,,,
,,,,,,,,,7.538157894736842e-07,5729,,,,,,,,,
37,,,,,,,,,,5729,0.0937689021229744,,,,,,,,
,,,,,,,,,7.544736842105263e-07,5734,,,,,,,,,
37,,,,,,,,,,5734,0.10847523808479309,,,,,,,,
,,,,,,,,,7.551315789473683e-07,5739,,,,,,,,,
37,,,,,,,,,,5739,0.07542305439710617,,,,,,,,
,,,,,,,,,7.557894736842105e-07,5744,,,,,,,,,
37,,,,,,,,,,5744,0.046484507620334625,,,,,,,,
,,,,,,,,,7.564473684210526e-07,5749,,,,,,,,,
37,,,,,,,,,,5749,0.041672419756650925,,,,,,,,
,,,,,,,,,7.571052631578947e-07,5754,,,,,,,,,
37,,,,,,,,,,5754,0.023516671732068062,,,,,,,,
,,,,,,,,,7.577631578947367e-07,5759,,,,,,,,,
37,,,,,,,,,,5759,0.05602749437093735,,,,,,,,
,,,,,,,,,7.584210526315789e-07,5764,,,,,,,,,
37,,,,,,,,,,5764,0.06551559269428253,,,,,,,,
,,,,,,,,,7.59078947368421e-07,5769,,,,,,,,,
37,,,,,,,,,,5769,0.11763184517621994,,,,,,,,
,,,,,,,,,7.597368421052631e-07,5774,,,,,,,,,
37,,,,,,,,,,5774,0.06028928980231285,,,,,,,,
37,,,,,,,,,,5775,,0.612500011920929,0.7394958138465881,0.07926622778177261,0.07926622778177261,0.23761987686157227,0.6027397513389587,0.95652174949646,0.24342116713523865
,,,,,,,,,7.603947368421052e-07,5779,,,,,,,,,
38,,,,,,,,,,5779,0.07537224888801575,,,,,,,,
,,,,,,,,,7.610526315789472e-07,5784,,,,,,,,,
38,,,,,,,,,,5784,0.09636462479829788,,,,,,,,
,,,,,,,,,7.617105263157895e-07,5789,,,,,,,,,
38,,,,,,,,,,5789,0.03364690765738487,,,,,,,,
,,,,,,,,,7.623684210526316e-07,5794,,,,,,,,,
38,,,,,,,,,,5794,0.07705707848072052,,,,,,,,
,,,,,,,,,7.630263157894737e-07,5799,,,,,,,,,
38,,,,,,,,,,5799,0.08457902073860168,,,,,,,,
,,,,,,,,,7.636842105263157e-07,5804,,,,,,,,,
38,,,,,,,,,,5804,0.08064869046211243,,,,,,,,
,,,,,,,,,7.643421052631579e-07,5809,,,,,,,,,
38,,,,,,,,,,5809,0.09191450476646423,,,,,,,,
,,,,,,,,,7.65e-07,5814,,,,,,,,,
38,,,,,,,,,,5814,0.015066337771713734,,,,,,,,
,,,,,,,,,7.656578947368421e-07,5819,,,,,,,,,
38,,,,,,,,,,5819,0.08194965869188309,,,,,,,,
,,,,,,,,,7.663157894736842e-07,5824,,,,,,,,,
38,,,,,,,,,,5824,0.06339798867702484,,,,,,,,
,,,,,,,,,7.669736842105263e-07,5829,,,,,,,,,
38,,,,,,,,,,5829,0.09543672949075699,,,,,,,,
,,,,,,,,,7.676315789473684e-07,5834,,,,,,,,,
38,,,,,,,,,,5834,0.09152349829673767,,,,,,,,
,,,,,,,,,7.682894736842105e-07,5839,,,,,,,,,
38,,,,,,,,,,5839,0.07105793803930283,,,,,,,,
,,,,,,,,,7.689473684210526e-07,5844,,,,,,,,,
38,,,,,,,,,,5844,0.050928134471178055,,,,,,,,
,,,,,,,,,7.696052631578947e-07,5849,,,,,,,,,
38,,,,,,,,,,5849,0.07437239587306976,,,,,,,,
,,,,,,,,,7.702631578947368e-07,5854,,,,,,,,,
38,,,,,,,,,,5854,0.0599411241710186,,,,,,,,
,,,,,,,,,7.709210526315789e-07,5859,,,,,,,,,
38,,,,,,,,,,5859,0.07243665307760239,,,,,,,,
,,,,,,,,,7.71578947368421e-07,5864,,,,,,,,,
38,,,,,,,,,,5864,0.08051861077547073,,,,,,,,
,,,,,,,,,7.72236842105263e-07,5869,,,,,,,,,
38,,,,,,,,,,5869,0.08563614636659622,,,,,,,,
,,,,,,,,,7.728947368421052e-07,5874,,,,,,,,,
38,,,,,,,,,,5874,0.09381061047315598,,,,,,,,
,,,,,,,,,7.735526315789473e-07,5879,,,,,,,,,
38,,,,,,,,,,5879,0.01254461333155632,,,,,,,,
,,,,,,,,,7.742105263157894e-07,5884,,,,,,,,,
38,,,,,,,,,,5884,0.04091702401638031,,,,,,,,
,,,,,,,,,7.748684210526315e-07,5889,,,,,,,,,
38,,,,,,,,,,5889,0.03802267834544182,,,,,,,,
,,,,,,,,,7.755263157894737e-07,5894,,,,,,,,,
38,,,,,,,,,,5894,0.07146819680929184,,,,,,,,
,,,,,,,,,7.761842105263158e-07,5899,,,,,,,,,
38,,,,,,,,,,5899,0.05041251331567764,,,,,,,,
,,,,,,,,,7.768421052631579e-07,5904,,,,,,,,,
38,,,,,,,,,,5904,0.06726221740245819,,,,,,,,
,,,,,,,,,7.775e-07,5909,,,,,,,,,
38,,,,,,,,,,5909,0.04845622181892395,,,,,,,,
,,,,,,,,,7.781578947368421e-07,5914,,,,,,,,,
38,,,,,,,,,,5914,0.05192437767982483,,,,,,,,
,,,,,,,,,7.788157894736842e-07,5919,,,,,,,,,
38,,,,,,,,,,5919,0.06952375173568726,,,,,,,,
,,,,,,,,,7.794736842105263e-07,5924,,,,,,,,,
38,,,,,,,,,,5924,0.03907570615410805,,,,,,,,
38,,,,,,,,,,5927,,0.5874999761581421,0.7130434513092041,0.07861577719449997,0.07861577719449997,0.261932373046875,0.5942028760910034,0.8913043737411499,0.27729684114456177
,,,,,,,,,7.801315789473684e-07,5929,,,,,,,,,
39,,,,,,,,,,5929,0.044973522424697876,,,,,,,,
,,,,,,,,,7.807894736842105e-07,5934,,,,,,,,,
39,,,,,,,,,,5934,0.06129897013306618,,,,,,,,
,,,,,,,,,7.814473684210526e-07,5939,,,,,,,,,
39,,,,,,,,,,5939,0.03403846547007561,,,,,,,,
,,,,,,,,,7.821052631578947e-07,5944,,,,,,,,,
39,,,,,,,,,,5944,0.028506027534604073,,,,,,,,
,,,,,,,,,7.827631578947368e-07,5949,,,,,,,,,
39,,,,,,,,,,5949,0.11599276214838028,,,,,,,,
,,,,,,,,,7.834210526315789e-07,5954,,,,,,,,,
39,,,,,,,,,,5954,0.06706959009170532,,,,,,,,
,,,,,,,,,7.84078947368421e-07,5959,,,,,,,,,
39,,,,,,,,,,5959,0.045575372874736786,,,,,,,,
,,,,,,,,,7.847368421052631e-07,5964,,,,,,,,,
39,,,,,,,,,,5964,0.05807686224579811,,,,,,,,
,,,,,,,,,7.853947368421052e-07,5969,,,,,,,,,
39,,,,,,,,,,5969,0.07913514971733093,,,,,,,,
,,,,,,,,,7.860526315789473e-07,5974,,,,,,,,,
39,,,,,,,,,,5974,0.0900750532746315,,,,,,,,
,,,,,,,,,7.867105263157895e-07,5979,,,,,,,,,
39,,,,,,,,,,5979,0.06306066364049911,,,,,,,,
,,,,,,,,,7.873684210526315e-07,5984,,,,,,,,,
39,,,,,,,,,,5984,0.1440301239490509,,,,,,,,
,,,,,,,,,7.880263157894736e-07,5989,,,,,,,,,
39,,,,,,,,,,5989,0.03017370030283928,,,,,,,,
,,,,,,,,,7.886842105263157e-07,5994,,,,,,,,,
39,,,,,,,,,,5994,0.10520679503679276,,,,,,,,
,,,,,,,,,7.893421052631578e-07,5999,,,,,,,,,
39,,,,,,,,,,5999,0.060010600835084915,,,,,,,,
,,,,,,,,,7.9e-07,6004,,,,,,,,,
39,,,,,,,,,,6004,0.0621211975812912,,,,,,,,
,,,,,,,,,7.906578947368421e-07,6009,,,,,,,,,
39,,,,,,,,,,6009,0.06743629276752472,,,,,,,,
,,,,,,,,,7.913157894736842e-07,6014,,,,,,,,,
39,,,,,,,,,,6014,0.020741518586874008,,,,,,,,
,,,,,,,,,7.919736842105263e-07,6019,,,,,,,,,
39,,,,,,,,,,6019,0.041412804275751114,,,,,,,,
,,,,,,,,,7.926315789473685e-07,6024,,,,,,,,,
39,,,,,,,,,,6024,0.10886115580797195,,,,,,,,
,,,,,,,,,7.932894736842105e-07,6029,,,,,,,,,
39,,,,,,,,,,6029,0.02887634187936783,,,,,,,,
,,,,,,,,,7.939473684210526e-07,6034,,,,,,,,,
39,,,,,,,,,,6034,0.10027924925088882,,,,,,,,
,,,,,,,,,7.946052631578947e-07,6039,,,,,,,,,
39,,,,,,,,,,6039,0.059283554553985596,,,,,,,,
,,,,,,,,,7.952631578947369e-07,6044,,,,,,,,,
39,,,,,,,,,,6044,0.06831247359514236,,,,,,,,
,,,,,,,,,7.959210526315789e-07,6049,,,,,,,,,
39,,,,,,,,,,6049,0.04735461622476578,,,,,,,,
,,,,,,,,,7.96578947368421e-07,6054,,,,,,,,,
39,,,,,,,,,,6054,0.06225217133760452,,,,,,,,
,,,,,,,,,7.972368421052631e-07,6059,,,,,,,,,
39,,,,,,,,,,6059,0.08124984055757523,,,,,,,,
,,,,,,,,,7.978947368421052e-07,6064,,,,,,,,,
39,,,,,,,,,,6064,0.07943297922611237,,,,,,,,
,,,,,,,,,7.985526315789474e-07,6069,,,,,,,,,
39,,,,,,,,,,6069,0.0396265983581543,,,,,,,,
,,,,,,,,,7.992105263157894e-07,6074,,,,,,,,,
39,,,,,,,,,,6074,0.08865360915660858,,,,,,,,
,,,,,,,,,7.998684210526315e-07,6079,,,,,,,,,
39,,,,,,,,,,6079,0.0691039189696312,,,,,,,,
39,,,,,,,,,,6079,,0.625,0.7368420958518982,0.07741942256689072,0.07741942256689072,0.30873459577560425,0.6176470518112183,0.9130434989929199,0.31440043449401855
,,,,,,,,,8.005263157894736e-07,6084,,,,,,,,,
40,,,,,,,,,,6084,0.062304988503456116,,,,,,,,
,,,,,,,,,8.011842105263158e-07,6089,,,,,,,,,
40,,,,,,,,,,6089,0.04815760254859924,,,,,,,,
,,,,,,,,,8.018421052631578e-07,6094,,,,,,,,,
40,,,,,,,,,,6094,0.04569144546985626,,,,,,,,
,,,,,,,,,8.024999999999999e-07,6099,,,,,,,,,
40,,,,,,,,,,6099,0.09770739823579788,,,,,,,,
,,,,,,,,,8.03157894736842e-07,6104,,,,,,,,,
40,,,,,,,,,,6104,0.06905753165483475,,,,,,,,
,,,,,,,,,8.038157894736843e-07,6109,,,,,,,,,
40,,,,,,,,,,6109,0.04379544407129288,,,,,,,,
,,,,,,,,,8.044736842105263e-07,6114,,,,,,,,,
40,,,,,,,,,,6114,0.0479310005903244,,,,,,,,
,,,,,,,,,8.051315789473684e-07,6119,,,,,,,,,
40,,,,,,,,,,6119,0.10859360545873642,,,,,,,,
,,,,,,,,,8.057894736842105e-07,6124,,,,,,,,,
40,,,,,,,,,,6124,0.07027921080589294,,,,,,,,
,,,,,,,,,8.064473684210526e-07,6129,,,,,,,,,
40,,,,,,,,,,6129,0.09305105358362198,,,,,,,,
,,,,,,,,,8.071052631578948e-07,6134,,,,,,,,,
40,,,,,,,,,,6134,0.033508360385894775,,,,,,,,
,,,,,,,,,8.077631578947368e-07,6139,,,,,,,,,
40,,,,,,,,,,6139,0.045904334634542465,,,,,,,,
,,,,,,,,,8.084210526315789e-07,6144,,,,,,,,,
40,,,,,,,,,,6144,0.047510623931884766,,,,,,,,
,,,,,,,,,8.09078947368421e-07,6149,,,,,,,,,
40,,,,,,,,,,6149,0.050856027752161026,,,,,,,,
,,,,,,,,,8.097368421052632e-07,6154,,,,,,,,,
40,,,,,,,,,,6154,0.05264328792691231,,,,,,,,
,,,,,,,,,8.103947368421052e-07,6159,,,,,,,,,
40,,,,,,,,,,6159,0.04878946393728256,,,,,,,,
,,,,,,,,,8.110526315789473e-07,6164,,,,,,,,,
40,,,,,,,,,,6164,0.060044992715120316,,,,,,,,
,,,,,,,,,8.117105263157894e-07,6169,,,,,,,,,
40,,,,,,,,,,6169,0.07536507397890091,,,,,,,,
,,,,,,,,,8.123684210526316e-07,6174,,,,,,,,,
40,,,,,,,,,,6174,0.06611601263284683,,,,,,,,
,,,,,,,,,8.130263157894737e-07,6179,,,,,,,,,
40,,,,,,,,,,6179,0.0718761533498764,,,,,,,,
,,,,,,,,,8.136842105263157e-07,6184,,,,,,,,,
40,,,,,,,,,,6184,0.09123320132493973,,,,,,,,
,,,,,,,,,8.143421052631578e-07,6189,,,,,,,,,
40,,,,,,,,,,6189,0.03953224793076515,,,,,,,,
,,,,,,,,,8.149999999999999e-07,6194,,,,,,,,,
40,,,,,,,,,,6194,0.05331224948167801,,,,,,,,
,,,,,,,,,8.156578947368421e-07,6199,,,,,,,,,
40,,,,,,,,,,6199,0.06306246668100357,,,,,,,,
,,,,,,,,,8.163157894736841e-07,6204,,,,,,,,,
40,,,,,,,,,,6204,0.032199304550886154,,,,,,,,
,,,,,,,,,8.169736842105262e-07,6209,,,,,,,,,
40,,,,,,,,,,6209,0.07990580052137375,,,,,,,,
,,,,,,,,,8.176315789473683e-07,6214,,,,,,,,,
40,,,,,,,,,,6214,0.051560983061790466,,,,,,,,
,,,,,,,,,8.182894736842106e-07,6219,,,,,,,,,
40,,,,,,,,,,6219,0.04804253950715065,,,,,,,,
,,,,,,,,,8.189473684210527e-07,6224,,,,,,,,,
40,,,,,,,,,,6224,0.0916890949010849,,,,,,,,
,,,,,,,,,8.196052631578947e-07,6229,,,,,,,,,
40,,,,,,,,,,6229,0.08092287927865982,,,,,,,,
40,,,,,,,,,,6231,,0.625,0.7368420958518982,0.07711533457040787,0.07711533457040787,0.3244151175022125,0.6176470518112183,0.9130434989929199,0.33158475160598755
,,,,,,,,,8.202631578947368e-07,6234,,,,,,,,,
41,,,,,,,,,,6234,0.06760480999946594,,,,,,,,
,,,,,,,,,8.20921052631579e-07,6239,,,,,,,,,
41,,,,,,,,,,6239,0.09974370896816254,,,,,,,,
,,,,,,,,,8.215789473684211e-07,6244,,,,,,,,,
41,,,,,,,,,,6244,0.06820135563611984,,,,,,,,
,,,,,,,,,8.222368421052631e-07,6249,,,,,,,,,
41,,,,,,,,,,6249,0.05780727416276932,,,,,,,,
,,,,,,,,,8.228947368421052e-07,6254,,,,,,,,,
41,,,,,,,,,,6254,0.0768994614481926,,,,,,,,
,,,,,,,,,8.235526315789473e-07,6259,,,,,,,,,
41,,,,,,,,,,6259,0.03865211457014084,,,,,,,,
,,,,,,,,,8.242105263157895e-07,6264,,,,,,,,,
41,,,,,,,,,,6264,0.03647874295711517,,,,,,,,
,,,,,,,,,8.248684210526315e-07,6269,,,,,,,,,
41,,,,,,,,,,6269,0.06549611687660217,,,,,,,,
,,,,,,,,,8.255263157894736e-07,6274,,,,,,,,,
41,,,,,,,,,,6274,0.056416694074869156,,,,,,,,
,,,,,,,,,8.261842105263157e-07,6279,,,,,,,,,
41,,,,,,,,,,6279,0.07073809206485748,,,,,,,,
,,,,,,,,,8.268421052631579e-07,6284,,,,,,,,,
41,,,,,,,,,,6284,0.07659433037042618,,,,,,,,
,,,,,,,,,8.275e-07,6289,,,,,,,,,
41,,,,,,,,,,6289,0.06798838824033737,,,,,,,,
,,,,,,,,,8.28157894736842e-07,6294,,,,,,,,,
41,,,,,,,,,,6294,0.0803603082895279,,,,,,,,
,,,,,,,,,8.288157894736841e-07,6299,,,,,,,,,
41,,,,,,,,,,6299,0.03715422749519348,,,,,,,,
,,,,,,,,,8.294736842105263e-07,6304,,,,,,,,,
41,,,,,,,,,,6304,0.04427209496498108,,,,,,,,
,,,,,,,,,8.301315789473684e-07,6309,,,,,,,,,
41,,,,,,,,,,6309,0.03587004914879799,,,,,,,,
,,,,,,,,,8.307894736842104e-07,6314,,,,,,,,,
41,,,,,,,,,,6314,0.06268773227930069,,,,,,,,
,,,,,,,,,8.314473684210525e-07,6319,,,,,,,,,
41,,,,,,,,,,6319,0.050665926188230515,,,,,,,,
,,,,,,,,,8.321052631578947e-07,6324,,,,,,,,,
41,,,,,,,,,,6324,0.06224602088332176,,,,,,,,
,,,,,,,,,8.327631578947369e-07,6329,,,,,,,,,
41,,,,,,,,,,6329,0.037831004709005356,,,,,,,,
,,,,,,,,,8.33421052631579e-07,6334,,,,,,,,,
41,,,,,,,,,,6334,0.03454740345478058,,,,,,,,
,,,,,,,,,8.34078947368421e-07,6339,,,,,,,,,
41,,,,,,,,,,6339,0.09299656003713608,,,,,,,,
,,,,,,,,,8.347368421052631e-07,6344,,,,,,,,,
41,,,,,,,,,,6344,0.059504203498363495,,,,,,,,
,,,,,,,,,8.353947368421053e-07,6349,,,,,,,,,
41,,,,,,,,,,6349,0.06937564164400101,,,,,,,,
,,,,,,,,,8.360526315789474e-07,6354,,,,,,,,,
41,,,,,,,,,,6354,0.015847643837332726,,,,,,,,
,,,,,,,,,8.367105263157894e-07,6359,,,,,,,,,
41,,,,,,,,,,6359,0.051737070083618164,,,,,,,,
,,,,,,,,,8.373684210526315e-07,6364,,,,,,,,,
41,,,,,,,,,,6364,0.039886292070150375,,,,,,,,
,,,,,,,,,8.380263157894737e-07,6369,,,,,,,,,
41,,,,,,,,,,6369,0.06201150640845299,,,,,,,,
,,,,,,,,,8.386842105263158e-07,6374,,,,,,,,,
41,,,,,,,,,,6374,0.0863054096698761,,,,,,,,
,,,,,,,,,8.393421052631579e-07,6379,,,,,,,,,
41,,,,,,,,,,6379,0.05519486591219902,,,,,,,,
41,,,,,,,,,,6383,,0.6625000238418579,0.7476635575294495,0.07548066973686218,0.07548066973686218,0.3332943022251129,0.6557376980781555,0.8695651888847351,0.33698421716690063
,,,,,,,,,8.399999999999999e-07,6384,,,,,,,,,
42,,,,,,,,,,6384,0.08226435631513596,,,,,,,,
,,,,,,,,,8.406578947368421e-07,6389,,,,,,,,,
42,,,,,,,,,,6389,0.05105217546224594,,,,,,,,
,,,,,,,,,8.413157894736842e-07,6394,,,,,,,,,
42,,,,,,,,,,6394,0.04851764813065529,,,,,,,,
,,,,,,,,,8.419736842105263e-07,6399,,,,,,,,,
42,,,,,,,,,,6399,0.09808366745710373,,,,,,,,
,,,,,,,,,8.426315789473683e-07,6404,,,,,,,,,
42,,,,,,,,,,6404,0.07597842812538147,,,,,,,,
,,,,,,,,,8.432894736842104e-07,6409,,,,,,,,,
42,,,,,,,,,,6409,0.09913352876901627,,,,,,,,
,,,,,,,,,8.439473684210526e-07,6414,,,,,,,,,
42,,,,,,,,,,6414,0.06718108057975769,,,,,,,,
,,,,,,,,,8.446052631578947e-07,6419,,,,,,,,,
42,,,,,,,,,,6419,0.06967903673648834,,,,,,,,
,,,,,,,,,8.452631578947368e-07,6424,,,,,,,,,
42,,,,,,,,,,6424,0.01950506865978241,,,,,,,,
,,,,,,,,,8.459210526315788e-07,6429,,,,,,,,,
42,,,,,,,,,,6429,0.0738135352730751,,,,,,,,
,,,,,,,,,8.46578947368421e-07,6434,,,,,,,,,
42,,,,,,,,,,6434,0.03130543977022171,,,,,,,,
,,,,,,,,,8.472368421052632e-07,6439,,,,,,,,,
42,,,,,,,,,,6439,0.044549550861120224,,,,,,,,
,,,,,,,,,8.478947368421053e-07,6444,,,,,,,,,
42,,,,,,,,,,6444,0.01973128505051136,,,,,,,,
,,,,,,,,,8.485526315789473e-07,6449,,,,,,,,,
42,,,,,,,,,,6449,0.060328394174575806,,,,,,,,
,,,,,,,,,8.492105263157895e-07,6454,,,,,,,,,
42,,,,,,,,,,6454,0.05770457163453102,,,,,,,,
,,,,,,,,,8.498684210526316e-07,6459,,,,,,,,,
42,,,,,,,,,,6459,0.07184694707393646,,,,,,,,
,,,,,,,,,8.505263157894737e-07,6464,,,,,,,,,
42,,,,,,,,,,6464,0.032435353845357895,,,,,,,,
,,,,,,,,,8.511842105263157e-07,6469,,,,,,,,,
42,,,,,,,,,,6469,0.0661069005727768,,,,,,,,
,,,,,,,,,8.518421052631578e-07,6474,,,,,,,,,
42,,,,,,,,,,6474,0.09060027450323105,,,,,,,,
,,,,,,,,,8.525e-07,6479,,,,,,,,,
42,,,,,,,,,,6479,0.08273856341838837,,,,,,,,
,,,,,,,,,8.531578947368421e-07,6484,,,,,,,,,
42,,,,,,,,,,6484,0.06456341594457626,,,,,,,,
,,,,,,,,,8.538157894736842e-07,6489,,,,,,,,,
42,,,,,,,,,,6489,0.038723964244127274,,,,,,,,
,,,,,,,,,8.544736842105262e-07,6494,,,,,,,,,
42,,,,,,,,,,6494,0.06280136108398438,,,,,,,,
,,,,,,,,,8.551315789473684e-07,6499,,,,,,,,,
42,,,,,,,,,,6499,0.03312360495328903,,,,,,,,
,,,,,,,,,8.557894736842105e-07,6504,,,,,,,,,
42,,,,,,,,,,6504,0.05777115002274513,,,,,,,,
,,,,,,,,,8.564473684210526e-07,6509,,,,,,,,,
42,,,,,,,,,,6509,0.05729684233665466,,,,,,,,
,,,,,,,,,8.571052631578946e-07,6514,,,,,,,,,
42,,,,,,,,,,6514,0.06897538155317307,,,,,,,,
,,,,,,,,,8.577631578947368e-07,6519,,,,,,,,,
42,,,,,,,,,,6519,0.03647324815392494,,,,,,,,
,,,,,,,,,8.584210526315789e-07,6524,,,,,,,,,
42,,,,,,,,,,6524,0.03257362172007561,,,,,,,,
,,,,,,,,,8.59078947368421e-07,6529,,,,,,,,,
42,,,,,,,,,,6529,0.06271502375602722,,,,,,,,
,,,,,,,,,8.597368421052631e-07,6534,,,,,,,,,
42,,,,,,,,,,6534,0.11085838079452515,,,,,,,,
42,,,,,,,,,,6535,,0.6625000238418579,0.7476635575294495,0.07490940392017365,0.07490940392017365,0.36205729842185974,0.6557376980781555,0.8695651888847351,0.35793641209602356
,,,,,,,,,8.603947368421051e-07,6539,,,,,,,,,
43,,,,,,,,,,6539,0.060900572687387466,,,,,,,,
,,,,,,,,,8.610526315789473e-07,6544,,,,,,,,,
43,,,,,,,,,,6544,0.05695405974984169,,,,,,,,
,,,,,,,,,8.617105263157895e-07,6549,,,,,,,,,
43,,,,,,,,,,6549,0.05114318057894707,,,,,,,,
,,,,,,,,,8.623684210526316e-07,6554,,,,,,,,,
43,,,,,,,,,,6554,0.024024877697229385,,,,,,,,
,,,,,,,,,8.630263157894736e-07,6559,,,,,,,,,
43,,,,,,,,,,6559,0.030371950939297676,,,,,,,,
,,,,,,,,,8.636842105263158e-07,6564,,,,,,,,,
43,,,,,,,,,,6564,0.05288558453321457,,,,,,,,
,,,,,,,,,8.643421052631579e-07,6569,,,,,,,,,
43,,,,,,,,,,6569,0.04715622588992119,,,,,,,,
,,,,,,,,,8.65e-07,6574,,,,,,,,,
43,,,,,,,,,,6574,0.037850283086299896,,,,,,,,
,,,,,,,,,8.656578947368421e-07,6579,,,,,,,,,
43,,,,,,,,,,6579,0.059754058718681335,,,,,,,,
,,,,,,,,,8.663157894736842e-07,6584,,,,,,,,,
43,,,,,,,,,,6584,0.0742809846997261,,,,,,,,
,,,,,,,,,8.669736842105263e-07,6589,,,,,,,,,
43,,,,,,,,,,6589,0.06379086524248123,,,,,,,,
,,,,,,,,,8.676315789473684e-07,6594,,,,,,,,,
43,,,,,,,,,,6594,0.025457240641117096,,,,,,,,
,,,,,,,,,8.682894736842105e-07,6599,,,,,,,,,
43,,,,,,,,,,6599,0.04578046873211861,,,,,,,,
,,,,,,,,,8.689473684210525e-07,6604,,,,,,,,,
43,,,,,,,,,,6604,0.08115416765213013,,,,,,,,
,,,,,,,,,8.696052631578947e-07,6609,,,,,,,,,
43,,,,,,,,,,6609,0.041975051164627075,,,,,,,,
,,,,,,,,,8.702631578947368e-07,6614,,,,,,,,,
43,,,,,,,,,,6614,0.04740723967552185,,,,,,,,
,,,,,,,,,8.709210526315789e-07,6619,,,,,,,,,
43,,,,,,,,,,6619,0.07984956353902817,,,,,,,,
,,,,,,,,,8.71578947368421e-07,6624,,,,,,,,,
43,,,,,,,,,,6624,0.0419769324362278,,,,,,,,
,,,,,,,,,8.722368421052631e-07,6629,,,,,,,,,
43,,,,,,,,,,6629,0.03876202180981636,,,,,,,,
,,,,,,,,,8.728947368421052e-07,6634,,,,,,,,,
43,,,,,,,,,,6634,0.11145607382059097,,,,,,,,
,,,,,,,,,8.735526315789473e-07,6639,,,,,,,,,
43,,,,,,,,,,6639,0.04552613943815231,,,,,,,,
,,,,,,,,,8.742105263157894e-07,6644,,,,,,,,,
43,,,,,,,,,,6644,0.08622119575738907,,,,,,,,
,,,,,,,,,8.748684210526315e-07,6649,,,,,,,,,
43,,,,,,,,,,6649,0.0775798112154007,,,,,,,,
,,,,,,,,,8.755263157894736e-07,6654,,,,,,,,,
43,,,,,,,,,,6654,0.021844977512955666,,,,,,,,
,,,,,,,,,8.761842105263158e-07,6659,,,,,,,,,
43,,,,,,,,,,6659,0.04793732613325119,,,,,,,,
,,,,,,,,,8.768421052631579e-07,6664,,,,,,,,,
43,,,,,,,,,,6664,0.06019896641373634,,,,,,,,
,,,,,,,,,8.774999999999999e-07,6669,,,,,,,,,
43,,,,,,,,,,6669,0.043309684842824936,,,,,,,,
,,,,,,,,,8.781578947368421e-07,6674,,,,,,,,,
43,,,,,,,,,,6674,0.038748253136873245,,,,,,,,
,,,,,,,,,8.788157894736842e-07,6679,,,,,,,,,
43,,,,,,,,,,6679,0.07830850780010223,,,,,,,,
,,,,,,,,,8.794736842105263e-07,6684,,,,,,,,,
43,,,,,,,,,,6684,0.04004589840769768,,,,,,,,
43,,,,,,,,,,6687,,0.6875,0.7663551568984985,0.07310940325260162,0.07310940325260162,0.38972142338752747,0.6721311211585999,0.8913043737411499,0.39138951897621155
,,,,,,,,,8.801315789473684e-07,6689,,,,,,,,,
44,,,,,,,,,,6689,0.07203355431556702,,,,,,,,
,,,,,,,,,8.807894736842105e-07,6694,,,,,,,,,
44,,,,,,,,,,6694,0.04001200571656227,,,,,,,,
,,,,,,,,,8.814473684210526e-07,6699,,,,,,,,,
44,,,,,,,,,,6699,0.027730148285627365,,,,,,,,
,,,,,,,,,8.821052631578947e-07,6704,,,,,,,,,
44,,,,,,,,,,6704,0.03728622570633888,,,,,,,,
,,,,,,,,,8.827631578947368e-07,6709,,,,,,,,,
44,,,,,,,,,,6709,0.04617062956094742,,,,,,,,
,,,,,,,,,8.834210526315789e-07,6714,,,,,,,,,
44,,,,,,,,,,6714,0.010026521980762482,,,,,,,,
,,,,,,,,,8.84078947368421e-07,6719,,,,,,,,,
44,,,,,,,,,,6719,0.045140523463487625,,,,,,,,
,,,,,,,,,8.847368421052631e-07,6724,,,,,,,,,
44,,,,,,,,,,6724,0.0274133812636137,,,,,,,,
,,,,,,,,,8.853947368421052e-07,6729,,,,,,,,,
44,,,,,,,,,,6729,0.031158987432718277,,,,,,,,
,,,,,,,,,8.860526315789473e-07,6734,,,,,,,,,
44,,,,,,,,,,6734,0.0264419075101614,,,,,,,,
,,,,,,,,,8.867105263157894e-07,6739,,,,,,,,,
44,,,,,,,,,,6739,0.08614151924848557,,,,,,,,
,,,,,,,,,8.873684210526315e-07,6744,,,,,,,,,
44,,,,,,,,,,6744,0.047661978751420975,,,,,,,,
,,,,,,,,,8.880263157894736e-07,6749,,,,,,,,,
44,,,,,,,,,,6749,0.052457697689533234,,,,,,,,
,,,,,,,,,8.886842105263157e-07,6754,,,,,,,,,
44,,,,,,,,,,6754,0.05258280411362648,,,,,,,,
,,,,,,,,,8.893421052631578e-07,6759,,,,,,,,,
44,,,,,,,,,,6759,0.05430528149008751,,,,,,,,
,,,,,,,,,8.9e-07,6764,,,,,,,,,
44,,,,,,,,,,6764,0.021096520125865936,,,,,,,,
,,,,,,,,,8.906578947368421e-07,6769,,,,,,,,,
44,,,,,,,,,,6769,0.01836979016661644,,,,,,,,
,,,,,,,,,8.913157894736842e-07,6774,,,,,,,,,
44,,,,,,,,,,6774,0.04501522704958916,,,,,,,,
,,,,,,,,,8.919736842105264e-07,6779,,,,,,,,,
44,,,,,,,,,,6779,0.07546912133693695,,,,,,,,
,,,,,,,,,8.926315789473684e-07,6784,,,,,,,,,
44,,,,,,,,,,6784,0.09764037281274796,,,,,,,,
,,,,,,,,,8.932894736842105e-07,6789,,,,,,,,,
44,,,,,,,,,,6789,0.042561501264572144,,,,,,,,
,,,,,,,,,8.939473684210526e-07,6794,,,,,,,,,
44,,,,,,,,,,6794,0.03916653245687485,,,,,,,,
,,,,,,,,,8.946052631578948e-07,6799,,,,,,,,,
44,,,,,,,,,,6799,0.034479059278964996,,,,,,,,
,,,,,,,,,8.952631578947368e-07,6804,,,,,,,,,
44,,,,,,,,,,6804,0.05728968605399132,,,,,,,,
,,,,,,,,,8.959210526315789e-07,6809,,,,,,,,,
44,,,,,,,,,,6809,0.0711933821439743,,,,,,,,
,,,,,,,,,8.96578947368421e-07,6814,,,,,,,,,
44,,,,,,,,,,6814,0.046991970390081406,,,,,,,,
,,,,,,,,,8.972368421052631e-07,6819,,,,,,,,,
44,,,,,,,,,,6819,0.03449374437332153,,,,,,,,
,,,,,,,,,8.978947368421053e-07,6824,,,,,,,,,
44,,,,,,,,,,6824,0.03528722748160362,,,,,,,,
,,,,,,,,,8.985526315789473e-07,6829,,,,,,,,,
44,,,,,,,,,,6829,0.09102988243103027,,,,,,,,
,,,,,,,,,8.992105263157894e-07,6834,,,,,,,,,
44,,,,,,,,,,6834,0.049771998077631,,,,,,,,
,,,,,,,,,8.998684210526315e-07,6839,,,,,,,,,
44,,,,,,,,,,6839,0.08271890133619308,,,,,,,,
44,,,,,,,,,,6839,,0.699999988079071,0.7735849022865295,0.07163680344820023,0.07163680344820023,0.40927428007125854,0.6833333373069763,0.8913043737411499,0.4009089469909668
,,,,,,,,,9.005263157894737e-07,6844,,,,,,,,,
45,,,,,,,,,,6844,0.03798840194940567,,,,,,,,
,,,,,,,,,9.011842105263157e-07,6849,,,,,,,,,
45,,,,,,,,,,6849,0.07545449584722519,,,,,,,,
,,,,,,,,,9.018421052631578e-07,6854,,,,,,,,,
45,,,,,,,,,,6854,0.017979443073272705,,,,,,,,
,,,,,,,,,9.024999999999999e-07,6859,,,,,,,,,
45,,,,,,,,,,6859,0.04146043211221695,,,,,,,,
,,,,,,,,,9.031578947368421e-07,6864,,,,,,,,,
45,,,,,,,,,,6864,0.027963152155280113,,,,,,,,
,,,,,,,,,9.038157894736843e-07,6869,,,,,,,,,
45,,,,,,,,,,6869,0.044701818376779556,,,,,,,,
,,,,,,,,,9.044736842105262e-07,6874,,,,,,,,,
45,,,,,,,,,,6874,0.0322813056409359,,,,,,,,
,,,,,,,,,9.051315789473684e-07,6879,,,,,,,,,
45,,,,,,,,,,6879,0.03250467777252197,,,,,,,,
,,,,,,,,,9.057894736842105e-07,6884,,,,,,,,,
45,,,,,,,,,,6884,0.06278064101934433,,,,,,,,
,,,,,,,,,9.064473684210527e-07,6889,,,,,,,,,
45,,,,,,,,,,6889,0.07338942587375641,,,,,,,,
,,,,,,,,,9.071052631578947e-07,6894,,,,,,,,,
45,,,,,,,,,,6894,0.03846551850438118,,,,,,,,
,,,,,,,,,9.077631578947368e-07,6899,,,,,,,,,
45,,,,,,,,,,6899,0.03395332396030426,,,,,,,,
,,,,,,,,,9.084210526315789e-07,6904,,,,,,,,,
45,,,,,,,,,,6904,0.06584769487380981,,,,,,,,
,,,,,,,,,9.090789473684211e-07,6909,,,,,,,,,
45,,,,,,,,,,6909,0.04922652617096901,,,,,,,,
,,,,,,,,,9.097368421052631e-07,6914,,,,,,,,,
45,,,,,,,,,,6914,0.06457601487636566,,,,,,,,
,,,,,,,,,9.103947368421052e-07,6919,,,,,,,,,
45,,,,,,,,,,6919,0.029507271945476532,,,,,,,,
,,,,,,,,,9.110526315789473e-07,6924,,,,,,,,,
45,,,,,,,,,,6924,0.06831242144107819,,,,,,,,
,,,,,,,,,9.117105263157895e-07,6929,,,,,,,,,
45,,,,,,,,,,6929,0.03459868207573891,,,,,,,,
,,,,,,,,,9.123684210526316e-07,6934,,,,,,,,,
45,,,,,,,,,,6934,0.027994828298687935,,,,,,,,
,,,,,,,,,9.130263157894736e-07,6939,,,,,,,,,
45,,,,,,,,,,6939,0.024717824533581734,,,,,,,,
,,,,,,,,,9.136842105263157e-07,6944,,,,,,,,,
45,,,,,,,,,,6944,0.03652148321270943,,,,,,,,
,,,,,,,,,9.143421052631578e-07,6949,,,,,,,,,
45,,,,,,,,,,6949,0.04373088479042053,,,,,,,,
,,,,,,,,,9.15e-07,6954,,,,,,,,,
45,,,,,,,,,,6954,0.04571733996272087,,,,,,,,
,,,,,,,,,9.15657894736842e-07,6959,,,,,,,,,
45,,,,,,,,,,6959,0.02689441666007042,,,,,,,,
,,,,,,,,,9.163157894736841e-07,6964,,,,,,,,,
45,,,,,,,,,,6964,0.0395665168762207,,,,,,,,
,,,,,,,,,9.169736842105262e-07,6969,,,,,,,,,
45,,,,,,,,,,6969,0.06278245151042938,,,,,,,,
,,,,,,,,,9.176315789473684e-07,6974,,,,,,,,,
45,,,,,,,,,,6974,0.04148929566144943,,,,,,,,
,,,,,,,,,9.182894736842106e-07,6979,,,,,,,,,
45,,,,,,,,,,6979,0.05379227548837662,,,,,,,,
,,,,,,,,,9.189473684210525e-07,6984,,,,,,,,,
45,,,,,,,,,,6984,0.04578777030110359,,,,,,,,
,,,,,,,,,9.196052631578947e-07,6989,,,,,,,,,
45,,,,,,,,,,6989,0.02863590233027935,,,,,,,,
45,,,,,,,,,,6991,,0.699999988079071,0.7599999904632568,0.06927549839019775,0.06927549839019775,0.4160328805446625,0.7037037014961243,0.8260869383811951,0.4143840968608856
,,,,,,,,,9.202631578947369e-07,6994,,,,,,,,,
46,,,,,,,,,,6994,0.030730679631233215,,,,,,,,
,,,,,,,,,9.20921052631579e-07,6999,,,,,,,,,
46,,,,,,,,,,6999,0.05746163800358772,,,,,,,,
,,,,,,,,,9.21578947368421e-07,7004,,,,,,,,,
46,,,,,,,,,,7004,0.034943800419569016,,,,,,,,
,,,,,,,,,9.222368421052631e-07,7009,,,,,,,,,
46,,,,,,,,,,7009,0.05722299963235855,,,,,,,,
,,,,,,,,,9.228947368421052e-07,7014,,,,,,,,,
46,,,,,,,,,,7014,0.03557560592889786,,,,,,,,
,,,,,,,,,9.235526315789474e-07,7019,,,,,,,,,
46,,,,,,,,,,7019,0.08182840049266815,,,,,,,,
,,,,,,,,,9.242105263157895e-07,7024,,,,,,,,,
46,,,,,,,,,,7024,0.0681978315114975,,,,,,,,
,,,,,,,,,9.248684210526315e-07,7029,,,,,,,,,
46,,,,,,,,,,7029,0.06557773053646088,,,,,,,,
,,,,,,,,,9.255263157894736e-07,7034,,,,,,,,,
46,,,,,,,,,,7034,0.04722639173269272,,,,,,,,
,,,,,,,,,9.261842105263158e-07,7039,,,,,,,,,
46,,,,,,,,,,7039,0.04867606610059738,,,,,,,,
,,,,,,,,,9.268421052631579e-07,7044,,,,,,,,,
46,,,,,,,,,,7044,0.043585341423749924,,,,,,,,
,,,,,,,,,9.274999999999999e-07,7049,,,,,,,,,
46,,,,,,,,,,7049,0.03352015092968941,,,,,,,,
,,,,,,,,,9.28157894736842e-07,7054,,,,,,,,,
46,,,,,,,,,,7054,0.02810785174369812,,,,,,,,
,,,,,,,,,9.288157894736842e-07,7059,,,,,,,,,
46,,,,,,,,,,7059,0.09563402086496353,,,,,,,,
,,,,,,,,,9.294736842105263e-07,7064,,,,,,,,,
46,,,,,,,,,,7064,0.053065963089466095,,,,,,,,
,,,,,,,,,9.301315789473683e-07,7069,,,,,,,,,
46,,,,,,,,,,7069,0.032711420208215714,,,,,,,,
,,,,,,,,,9.307894736842104e-07,7074,,,,,,,,,
46,,,,,,,,,,7074,0.05355451628565788,,,,,,,,
,,,,,,,,,9.314473684210525e-07,7079,,,,,,,,,
46,,,,,,,,,,7079,0.05234036594629288,,,,,,,,
,,,,,,,,,9.321052631578947e-07,7084,,,,,,,,,
46,,,,,,,,,,7084,0.04998660460114479,,,,,,,,
,,,,,,,,,9.327631578947368e-07,7089,,,,,,,,,
46,,,,,,,,,,7089,0.05640418455004692,,,,,,,,
,,,,,,,,,9.334210526315788e-07,7094,,,,,,,,,
46,,,,,,,,,,7094,0.021727940067648888,,,,,,,,
,,,,,,,,,9.34078947368421e-07,7099,,,,,,,,,
46,,,,,,,,,,7099,0.040502019226551056,,,,,,,,
,,,,,,,,,9.347368421052632e-07,7104,,,,,,,,,
46,,,,,,,,,,7104,0.04959370195865631,,,,,,,,
,,,,,,,,,9.353947368421053e-07,7109,,,,,,,,,
46,,,,,,,,,,7109,0.01973520591855049,,,,,,,,
,,,,,,,,,9.360526315789473e-07,7114,,,,,,,,,
46,,,,,,,,,,7114,0.040530379861593246,,,,,,,,
,,,,,,,,,9.367105263157894e-07,7119,,,,,,,,,
46,,,,,,,,,,7119,0.03397379070520401,,,,,,,,
,,,,,,,,,9.373684210526316e-07,7124,,,,,,,,,
46,,,,,,,,,,7124,0.046184878796339035,,,,,,,,
,,,,,,,,,9.380263157894737e-07,7129,,,,,,,,,
46,,,,,,,,,,7129,0.062097467482089996,,,,,,,,
,,,,,,,,,9.386842105263158e-07,7134,,,,,,,,,
46,,,,,,,,,,7134,0.026858704164624214,,,,,,,,
,,,,,,,,,9.393421052631578e-07,7139,,,,,,,,,
46,,,,,,,,,,7139,0.06252250075340271,,,,,,,,
46,,,,,,,,,,7143,,0.699999988079071,0.7551020383834839,0.06789379566907883,0.06789379566907883,0.4324236214160919,0.7115384340286255,0.804347813129425,0.4438580572605133
,,,,,,,,,9.399999999999999e-07,7144,,,,,,,,,
47,,,,,,,,,,7144,0.07192593812942505,,,,,,,,
,,,,,,,,,9.406578947368421e-07,7149,,,,,,,,,
47,,,,,,,,,,7149,0.044345542788505554,,,,,,,,
,,,,,,,,,9.413157894736842e-07,7154,,,,,,,,,
47,,,,,,,,,,7154,0.05017418786883354,,,,,,,,
,,,,,,,,,9.419736842105262e-07,7159,,,,,,,,,
47,,,,,,,,,,7159,0.05284472927451134,,,,,,,,
,,,,,,,,,9.426315789473683e-07,7164,,,,,,,,,
47,,,,,,,,,,7164,0.03696044906973839,,,,,,,,
,,,,,,,,,9.432894736842105e-07,7169,,,,,,,,,
47,,,,,,,,,,7169,0.024279015138745308,,,,,,,,
,,,,,,,,,9.439473684210526e-07,7174,,,,,,,,,
47,,,,,,,,,,7174,0.06203482672572136,,,,,,,,
,,,,,,,,,9.446052631578947e-07,7179,,,,,,,,,
47,,,,,,,,,,7179,0.029818182811141014,,,,,,,,
,,,,,,,,,9.452631578947367e-07,7184,,,,,,,,,
47,,,,,,,,,,7184,0.06166559085249901,,,,,,,,
,,,,,,,,,9.459210526315789e-07,7189,,,,,,,,,
47,,,,,,,,,,7189,0.054637037217617035,,,,,,,,
,,,,,,,,,9.46578947368421e-07,7194,,,,,,,,,
47,,,,,,,,,,7194,0.05711928755044937,,,,,,,,
,,,,,,,,,9.472368421052631e-07,7199,,,,,,,,,
47,,,,,,,,,,7199,0.021844005212187767,,,,,,,,
,,,,,,,,,9.478947368421051e-07,7204,,,,,,,,,
47,,,,,,,,,,7204,0.04131990298628807,,,,,,,,
,,,,,,,,,9.485526315789473e-07,7209,,,,,,,,,
47,,,,,,,,,,7209,0.04943915084004402,,,,,,,,
,,,,,,,,,9.492105263157895e-07,7214,,,,,,,,,
47,,,,,,,,,,7214,0.039559606462717056,,,,,,,,
,,,,,,,,,9.498684210526316e-07,7219,,,,,,,,,
47,,,,,,,,,,7219,0.020418336614966393,,,,,,,,
,,,,,,,,,9.505263157894737e-07,7224,,,,,,,,,
47,,,,,,,,,,7224,0.049475349485874176,,,,,,,,
,,,,,,,,,9.511842105263157e-07,7229,,,,,,,,,
47,,,,,,,,,,7229,0.056445516645908356,,,,,,,,
,,,,,,,,,9.518421052631579e-07,7234,,,,,,,,,
47,,,,,,,,,,7234,0.033859871327877045,,,,,,,,
,,,,,,,,,9.525e-07,7239,,,,,,,,,
47,,,,,,,,,,7239,0.04716060683131218,,,,,,,,
,,,,,,,,,9.531578947368421e-07,7244,,,,,,,,,
47,,,,,,,,,,7244,0.011058442294597626,,,,,,,,
,,,,,,,,,9.538157894736842e-07,7249,,,,,,,,,
47,,,,,,,,,,7249,0.10556905716657639,,,,,,,,
,,,,,,,,,9.544736842105264e-07,7254,,,,,,,,,
47,,,,,,,,,,7254,0.025108128786087036,,,,,,,,
,,,,,,,,,9.551315789473684e-07,7259,,,,,,,,,
47,,,,,,,,,,7259,0.053119346499443054,,,,,,,,
,,,,,,,,,9.557894736842104e-07,7264,,,,,,,,,
47,,,,,,,,,,7264,0.04281720891594887,,,,,,,,
,,,,,,,,,9.564473684210526e-07,7269,,,,,,,,,
47,,,,,,,,,,7269,0.03941989690065384,,,,,,,,
,,,,,,,,,9.571052631578948e-07,7274,,,,,,,,,
47,,,,,,,,,,7274,0.05297747999429703,,,,,,,,
,,,,,,,,,9.577631578947368e-07,7279,,,,,,,,,
47,,,,,,,,,,7279,0.0358566977083683,,,,,,,,
,,,,,,,,,9.584210526315788e-07,7284,,,,,,,,,
47,,,,,,,,,,7284,0.06334581971168518,,,,,,,,
,,,,,,,,,9.59078947368421e-07,7289,,,,,,,,,
47,,,,,,,,,,7289,0.033633239567279816,,,,,,,,
,,,,,,,,,9.59736842105263e-07,7294,,,,,,,,,
47,,,,,,,,,,7294,0.04312105104327202,,,,,,,,
47,,,,,,,,,,7295,,0.7124999761581421,0.7766990065574646,0.07110679149627686,0.07110679149627686,0.43407779932022095,0.7017543911933899,0.8695651888847351,0.42760100960731506
,,,,,,,,,9.603947368421052e-07,7299,,,,,,,,,
48,,,,,,,,,,7299,0.032416749745607376,,,,,,,,
,,,,,,,,,9.610526315789472e-07,7304,,,,,,,,,
48,,,,,,,,,,7304,0.055449917912483215,,,,,,,,
,,,,,,,,,9.617105263157894e-07,7309,,,,,,,,,
48,,,,,,,,,,7309,0.025569599121809006,,,,,,,,
,,,,,,,,,9.623684210526314e-07,7314,,,,,,,,,
48,,,,,,,,,,7314,0.015452353283762932,,,,,,,,
,,,,,,,,,9.630263157894737e-07,7319,,,,,,,,,
48,,,,,,,,,,7319,0.022470178082585335,,,,,,,,
,,,,,,,,,9.636842105263159e-07,7324,,,,,,,,,
48,,,,,,,,,,7324,0.07356401532888412,,,,,,,,
,,,,,,,,,9.643421052631579e-07,7329,,,,,,,,,
48,,,,,,,,,,7329,0.02450839802622795,,,,,,,,
,,,,,,,,,9.649999999999999e-07,7334,,,,,,,,,
48,,,,,,,,,,7334,0.022687606513500214,,,,,,,,
,,,,,,,,,9.65657894736842e-07,7339,,,,,,,,,
48,,,,,,,,,,7339,0.04933920130133629,,,,,,,,
,,,,,,,,,9.663157894736843e-07,7344,,,,,,,,,
48,,,,,,,,,,7344,0.07963768392801285,,,,,,,,
,,,,,,,,,9.669736842105263e-07,7349,,,,,,,,,
48,,,,,,,,,,7349,0.08173833787441254,,,,,,,,
,,,,,,,,,9.676315789473683e-07,7354,,,,,,,,,
48,,,,,,,,,,7354,0.03345004841685295,,,,,,,,
,,,,,,,,,9.682894736842105e-07,7359,,,,,,,,,
48,,,,,,,,,,7359,0.040474265813827515,,,,,,,,
,,,,,,,,,9.689473684210527e-07,7364,,,,,,,,,
48,,,,,,,,,,7364,0.02968825399875641,,,,,,,,
,,,,,,,,,9.696052631578947e-07,7369,,,,,,,,,
48,,,,,,,,,,7369,0.06929265707731247,,,,,,,,
,,,,,,,,,9.702631578947367e-07,7374,,,,,,,,,
48,,,,,,,,,,7374,0.029246080666780472,,,,,,,,
,,,,,,,,,9.70921052631579e-07,7379,,,,,,,,,
48,,,,,,,,,,7379,0.057006631046533585,,,,,,,,
,,,,,,,,,9.715789473684211e-07,7384,,,,,,,,,
48,,,,,,,,,,7384,0.03536052629351616,,,,,,,,
,,,,,,,,,9.722368421052631e-07,7389,,,,,,,,,
48,,,,,,,,,,7389,0.06976050138473511,,,,,,,,
,,,,,,,,,9.728947368421051e-07,7394,,,,,,,,,
48,,,,,,,,,,7394,0.019945692270994186,,,,,,,,
,,,,,,,,,9.735526315789473e-07,7399,,,,,,,,,
48,,,,,,,,,,7399,0.08715417981147766,,,,,,,,
,,,,,,,,,9.742105263157895e-07,7404,,,,,,,,,
48,,,,,,,,,,7404,0.038516391068696976,,,,,,,,
,,,,,,,,,9.748684210526315e-07,7409,,,,,,,,,
48,,,,,,,,,,7409,0.01979001984000206,,,,,,,,
,,,,,,,,,9.755263157894735e-07,7414,,,,,,,,,
48,,,,,,,,,,7414,0.029816847294569016,,,,,,,,
,,,,,,,,,9.761842105263157e-07,7419,,,,,,,,,
48,,,,,,,,,,7419,0.03493237867951393,,,,,,,,
,,,,,,,,,9.768421052631577e-07,7424,,,,,,,,,
48,,,,,,,,,,7424,0.04169847071170807,,,,,,,,
,,,,,,,,,9.775e-07,7429,,,,,,,,,
48,,,,,,,,,,7429,0.05080671235918999,,,,,,,,
,,,,,,,,,9.781578947368422e-07,7434,,,,,,,,,
48,,,,,,,,,,7434,0.014260699041187763,,,,,,,,
,,,,,,,,,9.788157894736842e-07,7439,,,,,,,,,
48,,,,,,,,,,7439,0.047802768647670746,,,,,,,,
,,,,,,,,,9.794736842105262e-07,7444,,,,,,,,,
48,,,,,,,,,,7444,0.03144398331642151,,,,,,,,
48,,,,,,,,,,7447,,0.7250000238418579,0.7708333134651184,0.06819712370634079,0.06819712370634079,0.4456113576889038,0.7400000095367432,0.804347813129425,0.4562532901763916
,,,,,,,,,9.801315789473684e-07,7449,,,,,,,,,
49,,,,,,,,,,7449,0.06084305793046951,,,,,,,,
,,,,,,,,,9.807894736842106e-07,7454,,,,,,,,,
49,,,,,,,,,,7454,0.0015779129462316632,,,,,,,,
,,,,,,,,,9.814473684210526e-07,7459,,,,,,,,,
49,,,,,,,,,,7459,0.05437713861465454,,,,,,,,
,,,,,,,,,9.821052631578946e-07,7464,,,,,,,,,
49,,,,,,,,,,7464,0.04754631593823433,,,,,,,,
,,,,,,,,,9.827631578947368e-07,7469,,,,,,,,,
49,,,,,,,,,,7469,0.029630200937390327,,,,,,,,
,,,,,,,,,9.83421052631579e-07,7474,,,,,,,,,
49,,,,,,,,,,7474,0.019493911415338516,,,,,,,,
,,,,,,,,,9.84078947368421e-07,7479,,,,,,,,,
49,,,,,,,,,,7479,0.03985003009438515,,,,,,,,
,,,,,,,,,9.84736842105263e-07,7484,,,,,,,,,
49,,,,,,,,,,7484,0.06609299778938293,,,,,,,,
,,,,,,,,,9.853947368421052e-07,7489,,,,,,,,,
49,,,,,,,,,,7489,0.04043808951973915,,,,,,,,
,,,,,,,,,9.860526315789474e-07,7494,,,,,,,,,
49,,,,,,,,,,7494,0.02901756949722767,,,,,,,,
,,,,,,,,,9.867105263157894e-07,7499,,,,,,,,,
49,,,,,,,,,,7499,0.02848229557275772,,,,,,,,
,,,,,,,,,9.873684210526314e-07,7504,,,,,,,,,
49,,,,,,,,,,7504,0.015270345844328403,,,,,,,,
,,,,,,,,,9.880263157894736e-07,7509,,,,,,,,,
49,,,,,,,,,,7509,0.05311812832951546,,,,,,,,
,,,,,,,,,9.886842105263158e-07,7514,,,,,,,,,
49,,,,,,,,,,7514,0.02829350158572197,,,,,,,,
,,,,,,,,,9.893421052631578e-07,7519,,,,,,,,,
49,,,,,,,,,,7519,0.07238276302814484,,,,,,,,
,,,,,,,,,9.9e-07,7524,,,,,,,,,
49,,,,,,,,,,7524,0.03697328642010689,,,,,,,,
,,,,,,,,,9.90657894736842e-07,7529,,,,,,,,,
49,,,,,,,,,,7529,0.03832849860191345,,,,,,,,
,,,,,,,,,9.913157894736843e-07,7534,,,,,,,,,
49,,,,,,,,,,7534,0.04900043085217476,,,,,,,,
,,,,,,,,,9.919736842105263e-07,7539,,,,,,,,,
49,,,,,,,,,,7539,0.02219799906015396,,,,,,,,
,,,,,,,,,9.926315789473685e-07,7544,,,,,,,,,
49,,,,,,,,,,7544,0.023065900430083275,,,,,,,,
,,,,,,,,,9.932894736842105e-07,7549,,,,,,,,,
49,,,,,,,,,,7549,0.010573240928351879,,,,,,,,
,,,,,,,,,9.939473684210525e-07,7554,,,,,,,,,
49,,,,,,,,,,7554,0.018454531207680702,,,,,,,,
,,,,,,,,,9.946052631578947e-07,7559,,,,,,,,,
49,,,,,,,,,,7559,0.07039020210504532,,,,,,,,
,,,,,,,,,9.952631578947369e-07,7564,,,,,,,,,
49,,,,,,,,,,7564,0.028438834473490715,,,,,,,,
,,,,,,,,,9.959210526315789e-07,7569,,,,,,,,,
49,,,,,,,,,,7569,0.036067865788936615,,,,,,,,
,,,,,,,,,9.965789473684209e-07,7574,,,,,,,,,
49,,,,,,,,,,7574,0.057879190891981125,,,,,,,,
,,,,,,,,,9.97236842105263e-07,7579,,,,,,,,,
49,,,,,,,,,,7579,0.032144635915756226,,,,,,,,
,,,,,,,,,9.978947368421053e-07,7584,,,,,,,,,
49,,,,,,,,,,7584,0.07257067412137985,,,,,,,,
,,,,,,,,,9.985526315789473e-07,7589,,,,,,,,,
49,,,,,,,,,,7589,0.022344127297401428,,,,,,,,
,,,,,,,,,9.992105263157893e-07,7594,,,,,,,,,
49,,,,,,,,,,7594,0.01940123364329338,,,,,,,,
,,,,,,,,,9.998684210526315e-07,7599,,,,,,,,,
49,,,,,,,,,,7599,0.0048013427294790745,,,,,,,,
49,,,,,,,,,,7599,,0.737500011920929,0.7789473533630371,0.06834357231855392,0.06834357231855392,0.45370665192604065,0.7551020383834839,0.804347813129425,0.4530371129512787
,,,,,,,,,9.994736842105262e-07,7604,,,,,,,,,
50,,,,,,,,,,7604,0.09678452461957932,,,,,,,,
,,,,,,,,,9.988157894736842e-07,7609,,,,,,,,,
50,,,,,,,,,,7609,0.038608383387327194,,,,,,,,
,,,,,,,,,9.981578947368422e-07,7614,,,,,,,,,
50,,,,,,,,,,7614,0.02740282192826271,,,,,,,,
,,,,,,,,,9.975e-07,7619,,,,,,,,,
50,,,,,,,,,,7619,0.018534889444708824,,,,,,,,
,,,,,,,,,9.968421052631578e-07,7624,,,,,,,,,
50,,,,,,,,,,7624,0.03565572574734688,,,,,,,,
,,,,,,,,,9.961842105263158e-07,7629,,,,,,,,,
50,,,,,,,,,,7629,0.041719064116477966,,,,,,,,
,,,,,,,,,9.955263157894736e-07,7634,,,,,,,,,
50,,,,,,,,,,7634,0.03314802050590515,,,,,,,,
,,,,,,,,,9.948684210526316e-07,7639,,,,,,,,,
50,,,,,,,,,,7639,0.03842705115675926,,,,,,,,
,,,,,,,,,9.942105263157894e-07,7644,,,,,,,,,
50,,,,,,,,,,7644,0.02476400136947632,,,,,,,,
,,,,,,,,,9.935526315789474e-07,7649,,,,,,,,,
50,,,,,,,,,,7649,0.03790682181715965,,,,,,,,
,,,,,,,,,9.928947368421051e-07,7654,,,,,,,,,
50,,,,,,,,,,7654,0.022880570963025093,,,,,,,,
,,,,,,,,,9.922368421052631e-07,7659,,,,,,,,,
50,,,,,,,,,,7659,0.02837521955370903,,,,,,,,
,,,,,,,,,9.91578947368421e-07,7664,,,,,,,,,
50,,,,,,,,,,7664,0.04042674973607063,,,,,,,,
,,,,,,,,,9.90921052631579e-07,7669,,,,,,,,,
50,,,,,,,,,,7669,0.03783244639635086,,,,,,,,
,,,,,,,,,9.902631578947367e-07,7674,,,,,,,,,
50,,,,,,,,,,7674,0.029226860031485558,,,,,,,,
,,,,,,,,,9.896052631578947e-07,7679,,,,,,,,,
50,,,,,,,,,,7679,0.04004915431141853,,,,,,,,
,,,,,,,,,9.889473684210527e-07,7684,,,,,,,,,
50,,,,,,,,,,7684,0.023097746074199677,,,,,,,,
,,,,,,,,,9.882894736842105e-07,7689,,,,,,,,,
50,,,,,,,,,,7689,0.0442742295563221,,,,,,,,
,,,,,,,,,9.876315789473683e-07,7694,,,,,,,,,
50,,,,,,,,,,7694,0.039599839597940445,,,,,,,,
,,,,,,,,,9.869736842105263e-07,7699,,,,,,,,,
50,,,,,,,,,,7699,0.05213068053126335,,,,,,,,
,,,,,,,,,9.863157894736843e-07,7704,,,,,,,,,
50,,,,,,,,,,7704,0.025300417095422745,,,,,,,,
,,,,,,,,,9.85657894736842e-07,7709,,,,,,,,,
50,,,,,,,,,,7709,0.03450870141386986,,,,,,,,
,,,,,,,,,9.849999999999999e-07,7714,,,,,,,,,
50,,,,,,,,,,7714,0.039447955787181854,,,,,,,,
,,,,,,,,,9.843421052631579e-07,7719,,,,,,,,,
50,,,,,,,,,,7719,0.042022403329610825,,,,,,,,
,,,,,,,,,9.836842105263157e-07,7724,,,,,,,,,
50,,,,,,,,,,7724,0.03677317127585411,,,,,,,,
,,,,,,,,,9.830263157894737e-07,7729,,,,,,,,,
50,,,,,,,,,,7729,0.04968859255313873,,,,,,,,
,,,,,,,,,9.823684210526315e-07,7734,,,,,,,,,
50,,,,,,,,,,7734,0.0871972143650055,,,,,,,,
,,,,,,,,,9.817105263157895e-07,7739,,,,,,,,,
50,,,,,,,,,,7739,0.036430079489946365,,,,,,,,
,,,,,,,,,9.810526315789473e-07,7744,,,,,,,,,
50,,,,,,,,,,7744,0.03370829299092293,,,,,,,,
,,,,,,,,,9.803947368421053e-07,7749,,,,,,,,,
50,,,,,,,,,,7749,0.025469698011875153,,,,,,,,
50,,,,,,,,,,7751,,0.7250000238418579,0.7708333134651184,0.06936658918857574,0.06936658918857574,0.45264166593551636,0.7400000095367432,0.804347813129425,0.4568401873111725
,,,,,,,,,9.79736842105263e-07,7754,,,,,,,,,
51,,,,,,,,,,7754,0.022117074579000473,,,,,,,,
,,,,,,,,,9.79078947368421e-07,7759,,,,,,,,,
51,,,,,,,,,,7759,0.020330289378762245,,,,,,,,
,,,,,,,,,9.784210526315788e-07,7764,,,,,,,,,
51,,,,,,,,,,7764,0.035202428698539734,,,,,,,,
,,,,,,,,,9.777631578947368e-07,7769,,,,,,,,,
51,,,,,,,,,,7769,0.03186119720339775,,,,,,,,
,,,,,,,,,9.771052631578946e-07,7774,,,,,,,,,
51,,,,,,,,,,7774,0.021995043382048607,,,,,,,,
,,,,,,,,,9.764473684210526e-07,7779,,,,,,,,,
51,,,,,,,,,,7779,0.02123897336423397,,,,,,,,
,,,,,,,,,9.757894736842104e-07,7784,,,,,,,,,
51,,,,,,,,,,7784,0.030512697994709015,,,,,,,,
,,,,,,,,,9.751315789473684e-07,7789,,,,,,,,,
51,,,,,,,,,,7789,0.08971688896417618,,,,,,,,
,,,,,,,,,9.744736842105262e-07,7794,,,,,,,,,
51,,,,,,,,,,7794,0.05248608440160751,,,,,,,,
,,,,,,,,,9.738157894736842e-07,7799,,,,,,,,,
51,,,,,,,,,,7799,0.0365695022046566,,,,,,,,
,,,,,,,,,9.73157894736842e-07,7804,,,,,,,,,
51,,,,,,,,,,7804,0.03219333291053772,,,,,,,,
,,,,,,,,,9.725e-07,7809,,,,,,,,,
51,,,,,,,,,,7809,0.04993326589465141,,,,,,,,
,,,,,,,,,9.718421052631578e-07,7814,,,,,,,,,
51,,,,,,,,,,7814,0.028087416663765907,,,,,,,,
,,,,,,,,,9.711842105263158e-07,7819,,,,,,,,,
51,,,,,,,,,,7819,0.023181287571787834,,,,,,,,
,,,,,,,,,9.705263157894736e-07,7824,,,,,,,,,
51,,,,,,,,,,7824,0.012849142774939537,,,,,,,,
,,,,,,,,,9.698684210526316e-07,7829,,,,,,,,,
51,,,,,,,,,,7829,0.096128910779953,,,,,,,,
,,,,,,,,,9.692105263157894e-07,7834,,,,,,,,,
51,,,,,,,,,,7834,0.03785243630409241,,,,,,,,
,,,,,,,,,9.685526315789474e-07,7839,,,,,,,,,
51,,,,,,,,,,7839,0.045962654054164886,,,,,,,,
,,,,,,,,,9.678947368421052e-07,7844,,,,,,,,,
51,,,,,,,,,,7844,0.030561432242393494,,,,,,,,
,,,,,,,,,9.672368421052632e-07,7849,,,,,,,,,
51,,,,,,,,,,7849,0.033802736550569534,,,,,,,,
,,,,,,,,,9.66578947368421e-07,7854,,,,,,,,,
51,,,,,,,,,,7854,0.019923469051718712,,,,,,,,
,,,,,,,,,9.65921052631579e-07,7859,,,,,,,,,
51,,,,,,,,,,7859,0.05538139119744301,,,,,,,,
,,,,,,,,,9.652631578947368e-07,7864,,,,,,,,,
51,,,,,,,,,,7864,0.029626119881868362,,,,,,,,
,,,,,,,,,9.646052631578948e-07,7869,,,,,,,,,
51,,,,,,,,,,7869,0.028290096670389175,,,,,,,,
,,,,,,,,,9.639473684210525e-07,7874,,,,,,,,,
51,,,,,,,,,,7874,0.06223849207162857,,,,,,,,
,,,,,,,,,9.632894736842103e-07,7879,,,,,,,,,
51,,,,,,,,,,7879,0.040743373334407806,,,,,,,,
,,,,,,,,,9.626315789473683e-07,7884,,,,,,,,,
51,,,,,,,,,,7884,0.026476547122001648,,,,,,,,
,,,,,,,,,9.619736842105263e-07,7889,,,,,,,,,
51,,,,,,,,,,7889,0.02410949021577835,,,,,,,,
,,,,,,,,,9.613157894736841e-07,7894,,,,,,,,,
51,,,,,,,,,,7894,0.06868959963321686,,,,,,,,
,,,,,,,,,9.606578947368421e-07,7899,,,,,,,,,
51,,,,,,,,,,7899,0.03276931121945381,,,,,,,,
51,,,,,,,,,,7903,,0.7124999761581421,0.7472527623176575,0.0678294226527214,0.0678294226527214,0.44616177678108215,0.7555555701255798,0.739130437374115,0.46590185165405273
,,,,,,,,,9.6e-07,7904,,,,,,,,,
52,,,,,,,,,,7904,0.0722016990184784,,,,,,,,
,,,,,,,,,9.59342105263158e-07,7909,,,,,,,,,
52,,,,,,,,,,7909,0.049177829176187515,,,,,,,,
,,,,,,,,,9.586842105263157e-07,7914,,,,,,,,,
52,,,,,,,,,,7914,0.02858811430633068,,,,,,,,
,,,,,,,,,9.580263157894737e-07,7919,,,,,,,,,
52,,,,,,,,,,7919,0.018417660146951675,,,,,,,,
,,,,,,,,,9.573684210526315e-07,7924,,,,,,,,,
52,,,,,,,,,,7924,0.038834184408187866,,,,,,,,
,,,,,,,,,9.567105263157895e-07,7929,,,,,,,,,
52,,,,,,,,,,7929,0.0352267287671566,,,,,,,,
,,,,,,,,,9.560526315789473e-07,7934,,,,,,,,,
52,,,,,,,,,,7934,0.02429843880236149,,,,,,,,
,,,,,,,,,9.553947368421053e-07,7939,,,,,,,,,
52,,,,,,,,,,7939,0.024129940196871758,,,,,,,,
,,,,,,,,,9.54736842105263e-07,7944,,,,,,,,,
52,,,,,,,,,,7944,0.025712022557854652,,,,,,,,
,,,,,,,,,9.54078947368421e-07,7949,,,,,,,,,
52,,,,,,,,,,7949,0.02025054767727852,,,,,,,,
,,,,,,,,,9.534210526315789e-07,7954,,,,,,,,,
52,,,,,,,,,,7954,0.03282547369599342,,,,,,,,
,,,,,,,,,9.527631578947369e-07,7959,,,,,,,,,
52,,,,,,,,,,7959,0.019109204411506653,,,,,,,,
,,,,,,,,,9.521052631578948e-07,7964,,,,,,,,,
52,,,,,,,,,,7964,0.041036318987607956,,,,,,,,
,,,,,,,,,9.514473684210526e-07,7969,,,,,,,,,
52,,,,,,,,,,7969,0.02312127873301506,,,,,,,,
,,,,,,,,,9.507894736842105e-07,7974,,,,,,,,,
52,,,,,,,,,,7974,0.03326188772916794,,,,,,,,
,,,,,,,,,9.501315789473683e-07,7979,,,,,,,,,
52,,,,,,,,,,7979,0.047870516777038574,,,,,,,,
,,,,,,,,,9.494736842105263e-07,7984,,,,,,,,,
52,,,,,,,,,,7984,0.046287693083286285,,,,,,,,
,,,,,,,,,9.488157894736841e-07,7989,,,,,,,,,
52,,,,,,,,,,7989,0.024149229750037193,,,,,,,,
,,,,,,,,,9.48157894736842e-07,7994,,,,,,,,,
52,,,,,,,,,,7994,0.028749246150255203,,,,,,,,
,,,,,,,,,9.474999999999999e-07,7999,,,,,,,,,
52,,,,,,,,,,7999,0.040403589606285095,,,,,,,,
,,,,,,,,,9.468421052631579e-07,8004,,,,,,,,,
52,,,,,,,,,,8004,0.02277558296918869,,,,,,,,
,,,,,,,,,9.461842105263157e-07,8009,,,,,,,,,
52,,,,,,,,,,8009,0.017405008897185326,,,,,,,,
,,,,,,,,,9.455263157894736e-07,8014,,,,,,,,,
52,,,,,,,,,,8014,0.09176980704069138,,,,,,,,
,,,,,,,,,9.448684210526315e-07,8019,,,,,,,,,
52,,,,,,,,,,8019,0.022298943251371384,,,,,,,,
,,,,,,,,,9.442105263157894e-07,8024,,,,,,,,,
52,,,,,,,,,,8024,0.026660365983843803,,,,,,,,
,,,,,,,,,9.435526315789474e-07,8029,,,,,,,,,
52,,,,,,,,,,8029,0.03038189560174942,,,,,,,,
,,,,,,,,,9.428947368421052e-07,8034,,,,,,,,,
52,,,,,,,,,,8034,0.03853229433298111,,,,,,,,
,,,,,,,,,9.422368421052631e-07,8039,,,,,,,,,
52,,,,,,,,,,8039,0.020604072138667107,,,,,,,,
,,,,,,,,,9.41578947368421e-07,8044,,,,,,,,,
52,,,,,,,,,,8044,0.011688556522130966,,,,,,,,
,,,,,,,,,9.40921052631579e-07,8049,,,,,,,,,
52,,,,,,,,,,8049,0.012731657363474369,,,,,,,,
,,,,,,,,,9.402631578947368e-07,8054,,,,,,,,,
52,,,,,,,,,,8054,0.020333435386419296,,,,,,,,
52,,,,,,,,,,8055,,0.737500011920929,0.774193525314331,0.0699261873960495,0.0699261873960495,0.4370267987251282,0.7659574747085571,0.782608687877655,0.4570045471191406
,,,,,,,,,9.396052631578947e-07,8059,,,,,,,,,
53,,,,,,,,,,8059,0.028104985132813454,,,,,,,,
,,,,,,,,,9.389473684210526e-07,8064,,,,,,,,,
53,,,,,,,,,,8064,0.05365177243947983,,,,,,,,
,,,,,,,,,9.382894736842106e-07,8069,,,,,,,,,
53,,,,,,,,,,8069,0.016144797205924988,,,,,,,,
,,,,,,,,,9.376315789473684e-07,8074,,,,,,,,,
53,,,,,,,,,,8074,0.048216626048088074,,,,,,,,
,,,,,,,,,9.369736842105263e-07,8079,,,,,,,,,
53,,,,,,,,,,8079,0.07621607929468155,,,,,,,,
,,,,,,,,,9.363157894736842e-07,8084,,,,,,,,,
53,,,,,,,,,,8084,0.03191608563065529,,,,,,,,
,,,,,,,,,9.35657894736842e-07,8089,,,,,,,,,
53,,,,,,,,,,8089,0.050372425466775894,,,,,,,,
,,,,,,,,,9.35e-07,8094,,,,,,,,,
53,,,,,,,,,,8094,0.02863629162311554,,,,,,,,
,,,,,,,,,9.343421052631578e-07,8099,,,,,,,,,
53,,,,,,,,,,8099,0.030053498223423958,,,,,,,,
,,,,,,,,,9.336842105263157e-07,8104,,,,,,,,,
53,,,,,,,,,,8104,0.036049071699380875,,,,,,,,
,,,,,,,,,9.330263157894736e-07,8109,,,,,,,,,
53,,,,,,,,,,8109,0.03208975866436958,,,,,,,,
,,,,,,,,,9.323684210526316e-07,8114,,,,,,,,,
53,,,,,,,,,,8114,0.02091127820312977,,,,,,,,
,,,,,,,,,9.317105263157894e-07,8119,,,,,,,,,
53,,,,,,,,,,8119,0.01212971843779087,,,,,,,,
,,,,,,,,,9.310526315789473e-07,8124,,,,,,,,,
53,,,,,,,,,,8124,0.07238968461751938,,,,,,,,
,,,,,,,,,9.303947368421052e-07,8129,,,,,,,,,
53,,,,,,,,,,8129,0.03258894011378288,,,,,,,,
,,,,,,,,,9.297368421052631e-07,8134,,,,,,,,,
53,,,,,,,,,,8134,0.023829210549592972,,,,,,,,
,,,,,,,,,9.29078947368421e-07,8139,,,,,,,,,
53,,,,,,,,,,8139,0.017614051699638367,,,,,,,,
,,,,,,,,,9.284210526315789e-07,8144,,,,,,,,,
53,,,,,,,,,,8144,0.029768206179142,,,,,,,,
,,,,,,,,,9.277631578947368e-07,8149,,,,,,,,,
53,,,,,,,,,,8149,0.015594356693327427,,,,,,,,
,,,,,,,,,9.271052631578947e-07,8154,,,,,,,,,
53,,,,,,,,,,8154,0.007435997482389212,,,,,,,,
,,,,,,,,,9.264473684210527e-07,8159,,,,,,,,,
53,,,,,,,,,,8159,0.05214948579668999,,,,,,,,
,,,,,,,,,9.257894736842105e-07,8164,,,,,,,,,
53,,,,,,,,,,8164,0.030488956719636917,,,,,,,,
,,,,,,,,,9.251315789473684e-07,8169,,,,,,,,,
53,,,,,,,,,,8169,0.03432277962565422,,,,,,,,
,,,,,,,,,9.244736842105263e-07,8174,,,,,,,,,
53,,,,,,,,,,8174,0.042848218232393265,,,,,,,,
,,,,,,,,,9.238157894736842e-07,8179,,,,,,,,,
53,,,,,,,,,,8179,0.031887490302324295,,,,,,,,
,,,,,,,,,9.231578947368421e-07,8184,,,,,,,,,
53,,,,,,,,,,8184,0.015265749767422676,,,,,,,,
,,,,,,,,,9.225e-07,8189,,,,,,,,,
53,,,,,,,,,,8189,0.028681347146630287,,,,,,,,
,,,,,,,,,9.218421052631579e-07,8194,,,,,,,,,
53,,,,,,,,,,8194,0.03929353877902031,,,,,,,,
,,,,,,,,,9.211842105263157e-07,8199,,,,,,,,,
53,,,,,,,,,,8199,0.0638122633099556,,,,,,,,
,,,,,,,,,9.205263157894736e-07,8204,,,,,,,,,
53,,,,,,,,,,8204,0.041012950241565704,,,,,,,,
53,,,,,,,,,,8207,,0.6875,0.7191011309623718,0.06990928947925568,0.06990928947925568,0.42470240592956543,0.7441860437393188,0.695652186870575,0.4545043408870697
,,,,,,,,,9.198684210526315e-07,8209,,,,,,,,,
54,,,,,,,,,,8209,0.03188107907772064,,,,,,,,
,,,,,,,,,9.192105263157894e-07,8214,,,,,,,,,
54,,,,,,,,,,8214,0.02297850511968136,,,,,,,,
,,,,,,,,,9.185526315789473e-07,8219,,,,,,,,,
54,,,,,,,,,,8219,0.052511654794216156,,,,,,,,
,,,,,,,,,9.178947368421051e-07,8224,,,,,,,,,
54,,,,,,,,,,8224,0.06070546805858612,,,,,,,,
,,,,,,,,,9.172368421052631e-07,8229,,,,,,,,,
54,,,,,,,,,,8229,0.0391257107257843,,,,,,,,
,,,,,,,,,9.16578947368421e-07,8234,,,,,,,,,
54,,,,,,,,,,8234,0.04491158947348595,,,,,,,,
,,,,,,,,,9.159210526315789e-07,8239,,,,,,,,,
54,,,,,,,,,,8239,0.009982638992369175,,,,,,,,
,,,,,,,,,9.152631578947368e-07,8244,,,,,,,,,
54,,,,,,,,,,8244,0.05523771047592163,,,,,,,,
,,,,,,,,,9.146052631578947e-07,8249,,,,,,,,,
54,,,,,,,,,,8249,0.07914141565561295,,,,,,,,
,,,,,,,,,9.139473684210526e-07,8254,,,,,,,,,
54,,,,,,,,,,8254,0.015839029103517532,,,,,,,,
,,,,,,,,,9.132894736842105e-07,8259,,,,,,,,,
54,,,,,,,,,,8259,0.027966216206550598,,,,,,,,
,,,,,,,,,9.126315789473684e-07,8264,,,,,,,,,
54,,,,,,,,,,8264,0.017639661207795143,,,,,,,,
,,,,,,,,,9.119736842105262e-07,8269,,,,,,,,,
54,,,,,,,,,,8269,0.019920825958251953,,,,,,,,
,,,,,,,,,9.113157894736842e-07,8274,,,,,,,,,
54,,,,,,,,,,8274,0.07619452476501465,,,,,,,,
,,,,,,,,,9.106578947368421e-07,8279,,,,,,,,,
54,,,,,,,,,,8279,0.02072005532681942,,,,,,,,
,,,,,,,,,9.1e-07,8284,,,,,,,,,
54,,,,,,,,,,8284,0.03309371694922447,,,,,,,,
,,,,,,,,,9.093421052631578e-07,8289,,,,,,,,,
54,,,,,,,,,,8289,0.04054849594831467,,,,,,,,
,,,,,,,,,9.086842105263158e-07,8294,,,,,,,,,
54,,,,,,,,,,8294,0.04994652792811394,,,,,,,,
,,,,,,,,,9.080263157894737e-07,8299,,,,,,,,,
54,,,,,,,,,,8299,0.008443469181656837,,,,,,,,
,,,,,,,,,9.073684210526316e-07,8304,,,,,,,,,
54,,,,,,,,,,8304,0.024601662531495094,,,,,,,,
,,,,,,,,,9.067105263157894e-07,8309,,,,,,,,,
54,,,,,,,,,,8309,0.048625946044921875,,,,,,,,
,,,,,,,,,9.060526315789473e-07,8314,,,,,,,,,
54,,,,,,,,,,8314,0.034914951771497726,,,,,,,,
,,,,,,,,,9.053947368421052e-07,8319,,,,,,,,,
54,,,,,,,,,,8319,0.01921599544584751,,,,,,,,
,,,,,,,,,9.047368421052631e-07,8324,,,,,,,,,
54,,,,,,,,,,8324,0.027825016528367996,,,,,,,,
,,,,,,,,,9.04078947368421e-07,8329,,,,,,,,,
54,,,,,,,,,,8329,0.036322735249996185,,,,,,,,
,,,,,,,,,9.034210526315788e-07,8334,,,,,,,,,
54,,,,,,,,,,8334,0.01717970333993435,,,,,,,,
,,,,,,,,,9.027631578947368e-07,8339,,,,,,,,,
54,,,,,,,,,,8339,0.04431501403450966,,,,,,,,
,,,,,,,,,9.021052631578947e-07,8344,,,,,,,,,
54,,,,,,,,,,8344,0.02683350443840027,,,,,,,,
,,,,,,,,,9.014473684210526e-07,8349,,,,,,,,,
54,,,,,,,,,,8349,0.023933568969368935,,,,,,,,
,,,,,,,,,9.007894736842104e-07,8354,,,,,,,,,
54,,,,,,,,,,8354,0.021597562357783318,,,,,,,,
,,,,,,,,,9.001315789473684e-07,8359,,,,,,,,,
54,,,,,,,,,,8359,0.036840710788965225,,,,,,,,
54,,,,,,,,,,8359,,0.6875,0.7191011309623718,0.06816118955612183,0.06816118955612183,0.44939160346984863,0.7441860437393188,0.695652186870575,0.4587417244911194
,,,,,,,,,8.994736842105263e-07,8364,,,,,,,,,
55,,,,,,,,,,8364,0.0368792787194252,,,,,,,,
,,,,,,,,,8.988157894736842e-07,8369,,,,,,,,,
55,,,,,,,,,,8369,0.03351171687245369,,,,,,,,
,,,,,,,,,8.981578947368421e-07,8374,,,,,,,,,
55,,,,,,,,,,8374,0.010740797966718674,,,,,,,,
,,,,,,,,,8.974999999999999e-07,8379,,,,,,,,,
55,,,,,,,,,,8379,0.013124051503837109,,,,,,,,
,,,,,,,,,8.968421052631579e-07,8384,,,,,,,,,
55,,,,,,,,,,8384,0.021168243139982224,,,,,,,,
,,,,,,,,,8.961842105263158e-07,8389,,,,,,,,,
55,,,,,,,,,,8389,0.031018920242786407,,,,,,,,
,,,,,,,,,8.955263157894737e-07,8394,,,,,,,,,
55,,,,,,,,,,8394,0.027869928628206253,,,,,,,,
,,,,,,,,,8.948684210526315e-07,8399,,,,,,,,,
55,,,,,,,,,,8399,0.019080333411693573,,,,,,,,
,,,,,,,,,8.942105263157895e-07,8404,,,,,,,,,
55,,,,,,,,,,8404,0.007410741411149502,,,,,,,,
,,,,,,,,,8.935526315789474e-07,8409,,,,,,,,,
55,,,,,,,,,,8409,0.02281426452100277,,,,,,,,
,,,,,,,,,8.928947368421053e-07,8414,,,,,,,,,
55,,,,,,,,,,8414,0.02611222118139267,,,,,,,,
,,,,,,,,,8.92236842105263e-07,8419,,,,,,,,,
55,,,,,,,,,,8419,0.02595444768667221,,,,,,,,
,,,,,,,,,8.915789473684209e-07,8424,,,,,,,,,
55,,,,,,,,,,8424,0.017144715413451195,,,,,,,,
,,,,,,,,,8.909210526315789e-07,8429,,,,,,,,,
55,,,,,,,,,,8429,0.015466398559510708,,,,,,,,
,,,,,,,,,8.902631578947368e-07,8434,,,,,,,,,
55,,,,,,,,,,8434,0.021330147981643677,,,,,,,,
,,,,,,,,,8.896052631578947e-07,8439,,,,,,,,,
55,,,,,,,,,,8439,0.018909800797700882,,,,,,,,
,,,,,,,,,8.889473684210525e-07,8444,,,,,,,,,
55,,,,,,,,,,8444,0.039546869695186615,,,,,,,,
,,,,,,,,,8.882894736842105e-07,8449,,,,,,,,,
55,,,,,,,,,,8449,0.025068869814276695,,,,,,,,
,,,,,,,,,8.876315789473684e-07,8454,,,,,,,,,
55,,,,,,,,,,8454,0.05047772452235222,,,,,,,,
,,,,,,,,,8.869736842105263e-07,8459,,,,,,,,,
55,,,,,,,,,,8459,0.0421532467007637,,,,,,,,
,,,,,,,,,8.863157894736841e-07,8464,,,,,,,,,
55,,,,,,,,,,8464,0.020938504487276077,,,,,,,,
,,,,,,,,,8.85657894736842e-07,8469,,,,,,,,,
55,,,,,,,,,,8469,0.013928510248661041,,,,,,,,
,,,,,,,,,8.85e-07,8474,,,,,,,,,
55,,,,,,,,,,8474,0.03067583404481411,,,,,,,,
,,,,,,,,,8.843421052631579e-07,8479,,,,,,,,,
55,,,,,,,,,,8479,0.03420772776007652,,,,,,,,
,,,,,,,,,8.836842105263157e-07,8484,,,,,,,,,
55,,,,,,,,,,8484,0.030105339363217354,,,,,,,,
,,,,,,,,,8.830263157894736e-07,8489,,,,,,,,,
55,,,,,,,,,,8489,0.03746361657977104,,,,,,,,
,,,,,,,,,8.823684210526316e-07,8494,,,,,,,,,
55,,,,,,,,,,8494,0.07813118398189545,,,,,,,,
,,,,,,,,,8.817105263157895e-07,8499,,,,,,,,,
55,,,,,,,,,,8499,0.03260764479637146,,,,,,,,
,,,,,,,,,8.810526315789474e-07,8504,,,,,,,,,
55,,,,,,,,,,8504,0.01945672370493412,,,,,,,,
,,,,,,,,,8.803947368421052e-07,8509,,,,,,,,,
55,,,,,,,,,,8509,0.018592992797493935,,,,,,,,
55,,,,,,,,,,8511,,0.699999988079071,0.7333333492279053,0.069243423640728,0.069243423640728,0.4474587142467499,0.75,0.717391312122345,0.4630260765552521
,,,,,,,,,8.797368421052632e-07,8514,,,,,,,,,
56,,,,,,,,,,8514,0.010764271020889282,,,,,,,,
,,,,,,,,,8.790789473684211e-07,8519,,,,,,,,,
56,,,,,,,,,,8519,0.0170927532017231,,,,,,,,
,,,,,,,,,8.78421052631579e-07,8524,,,,,,,,,
56,,,,,,,,,,8524,0.06157758831977844,,,,,,,,
,,,,,,,,,8.777631578947367e-07,8529,,,,,,,,,
56,,,,,,,,,,8529,0.02705032005906105,,,,,,,,
,,,,,,,,,8.771052631578946e-07,8534,,,,,,,,,
56,,,,,,,,,,8534,0.01581105776131153,,,,,,,,
,,,,,,,,,8.764473684210526e-07,8539,,,,,,,,,
56,,,,,,,,,,8539,0.008311234414577484,,,,,,,,
,,,,,,,,,8.757894736842105e-07,8544,,,,,,,,,
56,,,,,,,,,,8544,0.019165875390172005,,,,,,,,
,,,,,,,,,8.751315789473683e-07,8549,,,,,,,,,
56,,,,,,,,,,8549,0.03802420198917389,,,,,,,,
,,,,,,,,,8.744736842105262e-07,8554,,,,,,,,,
56,,,,,,,,,,8554,0.03806663304567337,,,,,,,,
,,,,,,,,,8.738157894736842e-07,8559,,,,,,,,,
56,,,,,,,,,,8559,0.014523389749228954,,,,,,,,
,,,,,,,,,8.731578947368421e-07,8564,,,,,,,,,
56,,,,,,,,,,8564,0.04047419875860214,,,,,,,,
,,,,,,,,,8.725e-07,8569,,,,,,,,,
56,,,,,,,,,,8569,0.020824138075113297,,,,,,,,
,,,,,,,,,8.718421052631578e-07,8574,,,,,,,,,
56,,,,,,,,,,8574,0.014257548376917839,,,,,,,,
,,,,,,,,,8.711842105263157e-07,8579,,,,,,,,,
56,,,,,,,,,,8579,0.011783883906900883,,,,,,,,
,,,,,,,,,8.705263157894737e-07,8584,,,,,,,,,
56,,,,,,,,,,8584,0.04953421279788017,,,,,,,,
,,,,,,,,,8.698684210526316e-07,8589,,,,,,,,,
56,,,,,,,,,,8589,0.02812720276415348,,,,,,,,
,,,,,,,,,8.692105263157894e-07,8594,,,,,,,,,
56,,,,,,,,,,8594,0.020644696429371834,,,,,,,,
,,,,,,,,,8.685526315789473e-07,8599,,,,,,,,,
56,,,,,,,,,,8599,0.024433523416519165,,,,,,,,
,,,,,,,,,8.678947368421053e-07,8604,,,,,,,,,
56,,,,,,,,,,8604,0.06580951064825058,,,,,,,,
,,,,,,,,,8.672368421052632e-07,8609,,,,,,,,,
56,,,,,,,,,,8609,0.024849262088537216,,,,,,,,
,,,,,,,,,8.66578947368421e-07,8614,,,,,,,,,
56,,,,,,,,,,8614,0.009810872375965118,,,,,,,,
,,,,,,,,,8.659210526315789e-07,8619,,,,,,,,,
56,,,,,,,,,,8619,0.059380702674388885,,,,,,,,
,,,,,,,,,8.652631578947368e-07,8624,,,,,,,,,
56,,,,,,,,,,8624,0.04571227356791496,,,,,,,,
,,,,,,,,,8.646052631578948e-07,8629,,,,,,,,,
56,,,,,,,,,,8629,0.022454630583524704,,,,,,,,
,,,,,,,,,8.639473684210527e-07,8634,,,,,,,,,
56,,,,,,,,,,8634,0.019272014498710632,,,,,,,,
,,,,,,,,,8.632894736842104e-07,8639,,,,,,,,,
56,,,,,,,,,,8639,0.02264685183763504,,,,,,,,
,,,,,,,,,8.626315789473683e-07,8644,,,,,,,,,
56,,,,,,,,,,8644,0.02342720329761505,,,,,,,,
,,,,,,,,,8.619736842105263e-07,8649,,,,,,,,,
56,,,,,,,,,,8649,0.036142975091934204,,,,,,,,
,,,,,,,,,8.613157894736842e-07,8654,,,,,,,,,
56,,,,,,,,,,8654,0.011589230969548225,,,,,,,,
,,,,,,,,,8.60657894736842e-07,8659,,,,,,,,,
56,,,,,,,,,,8659,0.016367163509130478,,,,,,,,
56,,,,,,,,,,8663,,0.6875,0.7368420958518982,0.0678791031241417,0.0678791031241417,0.46794310212135315,0.7142857313156128,0.760869562625885,0.4740949273109436
,,,,,,,,,8.599999999999999e-07,8664,,,,,,,,,
57,,,,,,,,,,8664,0.008909004740417004,,,,,,,,
,,,,,,,,,8.593421052631579e-07,8669,,,,,,,,,
57,,,,,,,,,,8669,0.026959490031003952,,,,,,,,
,,,,,,,,,8.586842105263158e-07,8674,,,,,,,,,
57,,,,,,,,,,8674,0.017714770510792732,,,,,,,,
,,,,,,,,,8.580263157894736e-07,8679,,,,,,,,,
57,,,,,,,,,,8679,0.0231049582362175,,,,,,,,
,,,,,,,,,8.573684210526315e-07,8684,,,,,,,,,
57,,,,,,,,,,8684,0.02119370363652706,,,,,,,,
,,,,,,,,,8.567105263157894e-07,8689,,,,,,,,,
57,,,,,,,,,,8689,0.025803368538618088,,,,,,,,
,,,,,,,,,8.560526315789474e-07,8694,,,,,,,,,
57,,,,,,,,,,8694,0.018025606870651245,,,,,,,,
,,,,,,,,,8.553947368421052e-07,8699,,,,,,,,,
57,,,,,,,,,,8699,0.01530323177576065,,,,,,,,
,,,,,,,,,8.547368421052631e-07,8704,,,,,,,,,
57,,,,,,,,,,8704,0.08711946755647659,,,,,,,,
,,,,,,,,,8.54078947368421e-07,8709,,,,,,,,,
57,,,,,,,,,,8709,0.11800999939441681,,,,,,,,
,,,,,,,,,8.53421052631579e-07,8714,,,,,,,,,
57,,,,,,,,,,8714,0.060474980622529984,,,,,,,,
,,,,,,,,,8.527631578947369e-07,8719,,,,,,,,,
57,,,,,,,,,,8719,0.01863325759768486,,,,,,,,
,,,,,,,,,8.521052631578947e-07,8724,,,,,,,,,
57,,,,,,,,,,8724,0.010671012103557587,,,,,,,,
,,,,,,,,,8.514473684210526e-07,8729,,,,,,,,,
57,,,,,,,,,,8729,0.027850588783621788,,,,,,,,
,,,,,,,,,8.507894736842105e-07,8734,,,,,,,,,
57,,,,,,,,,,8734,0.022873343899846077,,,,,,,,
,,,,,,,,,8.501315789473685e-07,8739,,,,,,,,,
57,,,,,,,,,,8739,0.020103318616747856,,,,,,,,
,,,,,,,,,8.494736842105262e-07,8744,,,,,,,,,
57,,,,,,,,,,8744,0.09911012649536133,,,,,,,,
,,,,,,,,,8.488157894736841e-07,8749,,,,,,,,,
57,,,,,,,,,,8749,0.02400711365044117,,,,,,,,
,,,,,,,,,8.48157894736842e-07,8754,,,,,,,,,
57,,,,,,,,,,8754,0.0408187210559845,,,,,,,,
,,,,,,,,,8.475e-07,8759,,,,,,,,,
57,,,,,,,,,,8759,0.023953376337885857,,,,,,,,
,,,,,,,,,8.468421052631578e-07,8764,,,,,,,,,
57,,,,,,,,,,8764,0.0300062894821167,,,,,,,,
,,,,,,,,,8.461842105263157e-07,8769,,,,,,,,,
57,,,,,,,,,,8769,0.018060870468616486,,,,,,,,
,,,,,,,,,8.455263157894736e-07,8774,,,,,,,,,
57,,,,,,,,,,8774,0.021402033045887947,,,,,,,,
,,,,,,,,,8.448684210526315e-07,8779,,,,,,,,,
57,,,,,,,,,,8779,0.011422919109463692,,,,,,,,
,,,,,,,,,8.442105263157895e-07,8784,,,,,,,,,
57,,,,,,,,,,8784,0.028605740517377853,,,,,,,,
,,,,,,,,,8.435526315789473e-07,8789,,,,,,,,,
57,,,,,,,,,,8789,0.04934169724583626,,,,,,,,
,,,,,,,,,8.428947368421052e-07,8794,,,,,,,,,
57,,,,,,,,,,8794,0.006667432375252247,,,,,,,,
,,,,,,,,,8.422368421052631e-07,8799,,,,,,,,,
57,,,,,,,,,,8799,0.08488550782203674,,,,,,,,
,,,,,,,,,8.415789473684211e-07,8804,,,,,,,,,
57,,,,,,,,,,8804,0.010940629057586193,,,,,,,,
,,,,,,,,,8.409210526315789e-07,8809,,,,,,,,,
57,,,,,,,,,,8809,0.013593832030892372,,,,,,,,
,,,,,,,,,8.402631578947368e-07,8814,,,,,,,,,
57,,,,,,,,,,8814,0.0387585312128067,,,,,,,,
57,,,,,,,,,,8815,,0.7124999761581421,0.75789475440979,0.06841731071472168,0.06841731071472168,0.465781569480896,0.7346938848495483,0.782608687877655,0.47384846210479736
,,,,,,,,,8.396052631578947e-07,8819,,,,,,,,,
58,,,,,,,,,,8819,0.0399959422647953,,,,,,,,
,,,,,,,,,8.389473684210526e-07,8824,,,,,,,,,
58,,,,,,,,,,8824,0.03754644840955734,,,,,,,,
,,,,,,,,,8.382894736842105e-07,8829,,,,,,,,,
58,,,,,,,,,,8829,0.026297543197870255,,,,,,,,
,,,,,,,,,8.376315789473684e-07,8834,,,,,,,,,
58,,,,,,,,,,8834,0.02049289271235466,,,,,,,,
,,,,,,,,,8.369736842105263e-07,8839,,,,,,,,,
58,,,,,,,,,,8839,0.0173064973205328,,,,,,,,
,,,,,,,,,8.363157894736842e-07,8844,,,,,,,,,
58,,,,,,,,,,8844,0.011211847886443138,,,,,,,,
,,,,,,,,,8.356578947368422e-07,8849,,,,,,,,,
58,,,,,,,,,,8849,0.01831020601093769,,,,,,,,
,,,,,,,,,8.349999999999999e-07,8854,,,,,,,,,
58,,,,,,,,,,8854,0.033393993973731995,,,,,,,,
,,,,,,,,,8.343421052631578e-07,8859,,,,,,,,,
58,,,,,,,,,,8859,0.015616710297763348,,,,,,,,
,,,,,,,,,8.336842105263157e-07,8864,,,,,,,,,
58,,,,,,,,,,8864,0.02547057345509529,,,,,,,,
,,,,,,,,,8.330263157894737e-07,8869,,,,,,,,,
58,,,,,,,,,,8869,0.026070822030305862,,,,,,,,
,,,,,,,,,8.323684210526315e-07,8874,,,,,,,,,
58,,,,,,,,,,8874,0.014671850949525833,,,,,,,,
,,,,,,,,,8.317105263157894e-07,8879,,,,,,,,,
58,,,,,,,,,,8879,0.02227991260588169,,,,,,,,
,,,,,,,,,8.310526315789473e-07,8884,,,,,,,,,
58,,,,,,,,,,8884,0.05491910129785538,,,,,,,,
,,,,,,,,,8.303947368421052e-07,8889,,,,,,,,,
58,,,,,,,,,,8889,0.021717164665460587,,,,,,,,
,,,,,,,,,8.297368421052631e-07,8894,,,,,,,,,
58,,,,,,,,,,8894,0.014338759705424309,,,,,,,,
,,,,,,,,,8.29078947368421e-07,8899,,,,,,,,,
58,,,,,,,,,,8899,0.021281832829117775,,,,,,,,
,,,,,,,,,8.284210526315789e-07,8904,,,,,,,,,
58,,,,,,,,,,8904,0.013993153348565102,,,,,,,,
,,,,,,,,,8.277631578947368e-07,8909,,,,,,,,,
58,,,,,,,,,,8909,0.017840689048171043,,,,,,,,
,,,,,,,,,8.271052631578948e-07,8914,,,,,,,,,
58,,,,,,,,,,8914,0.03987834230065346,,,,,,,,
,,,,,,,,,8.264473684210526e-07,8919,,,,,,,,,
58,,,,,,,,,,8919,0.04251186549663544,,,,,,,,
,,,,,,,,,8.257894736842105e-07,8924,,,,,,,,,
58,,,,,,,,,,8924,0.024637088179588318,,,,,,,,
,,,,,,,,,8.251315789473684e-07,8929,,,,,,,,,
58,,,,,,,,,,8929,0.014286772347986698,,,,,,,,
,,,,,,,,,8.244736842105263e-07,8934,,,,,,,,,
58,,,,,,,,,,8934,0.02336610108613968,,,,,,,,
,,,,,,,,,8.238157894736842e-07,8939,,,,,,,,,
58,,,,,,,,,,8939,0.024349991232156754,,,,,,,,
,,,,,,,,,8.231578947368421e-07,8944,,,,,,,,,
58,,,,,,,,,,8944,0.0252915620803833,,,,,,,,
,,,,,,,,,8.225e-07,8949,,,,,,,,,
58,,,,,,,,,,8949,0.053187210112810135,,,,,,,,
,,,,,,,,,8.218421052631579e-07,8954,,,,,,,,,
58,,,,,,,,,,8954,0.04413674771785736,,,,,,,,
,,,,,,,,,8.211842105263158e-07,8959,,,,,,,,,
58,,,,,,,,,,8959,0.022727474570274353,,,,,,,,
,,,,,,,,,8.205263157894736e-07,8964,,,,,,,,,
58,,,,,,,,,,8964,0.047087255865335464,,,,,,,,
58,,,,,,,,,,8967,,0.7124999761581421,0.7472527623176575,0.06848186999559402,0.06848186999559402,0.45873188972473145,0.7555555701255798,0.739130437374115,0.47410669922828674
,,,,,,,,,8.198684210526315e-07,8969,,,,,,,,,
59,,,,,,,,,,8969,0.06264670193195343,,,,,,,,
,,,,,,,,,8.192105263157894e-07,8974,,,,,,,,,
59,,,,,,,,,,8974,0.016175897791981697,,,,,,,,
,,,,,,,,,8.185526315789473e-07,8979,,,,,,,,,
59,,,,,,,,,,8979,0.022646382451057434,,,,,,,,
,,,,,,,,,8.178947368421052e-07,8984,,,,,,,,,
59,,,,,,,,,,8984,0.02799157053232193,,,,,,,,
,,,,,,,,,8.172368421052631e-07,8989,,,,,,,,,
59,,,,,,,,,,8989,0.024619372561573982,,,,,,,,
,,,,,,,,,8.16578947368421e-07,8994,,,,,,,,,
59,,,,,,,,,,8994,0.026536889374256134,,,,,,,,
,,,,,,,,,8.159210526315789e-07,8999,,,,,,,,,
59,,,,,,,,,,8999,0.027119914069771767,,,,,,,,
,,,,,,,,,8.152631578947368e-07,9004,,,,,,,,,
59,,,,,,,,,,9004,0.01947041042149067,,,,,,,,
,,,,,,,,,8.146052631578947e-07,9009,,,,,,,,,
59,,,,,,,,,,9009,0.029667582362890244,,,,,,,,
,,,,,,,,,8.139473684210526e-07,9014,,,,,,,,,
59,,,,,,,,,,9014,0.027316516265273094,,,,,,,,
,,,,,,,,,8.132894736842105e-07,9019,,,,,,,,,
59,,,,,,,,,,9019,0.015246033668518066,,,,,,,,
,,,,,,,,,8.126315789473683e-07,9024,,,,,,,,,
59,,,,,,,,,,9024,0.04618058353662491,,,,,,,,
,,,,,,,,,8.119736842105263e-07,9029,,,,,,,,,
59,,,,,,,,,,9029,0.03518160432577133,,,,,,,,
,,,,,,,,,8.113157894736842e-07,9034,,,,,,,,,
59,,,,,,,,,,9034,0.02221597544848919,,,,,,,,
,,,,,,,,,8.106578947368421e-07,9039,,,,,,,,,
59,,,,,,,,,,9039,0.030554741621017456,,,,,,,,
,,,,,,,,,8.1e-07,9044,,,,,,,,,
59,,,,,,,,,,9044,0.018175512552261353,,,,,,,,
,,,,,,,,,8.093421052631579e-07,9049,,,,,,,,,
59,,,,,,,,,,9049,0.018475404009222984,,,,,,,,
,,,,,,,,,8.086842105263158e-07,9054,,,,,,,,,
59,,,,,,,,,,9054,0.05018812417984009,,,,,,,,
,,,,,,,,,8.080263157894737e-07,9059,,,,,,,,,
59,,,,,,,,,,9059,0.016116397455334663,,,,,,,,
,,,,,,,,,8.073684210526316e-07,9064,,,,,,,,,
59,,,,,,,,,,9064,0.02988407388329506,,,,,,,,
,,,,,,,,,8.067105263157893e-07,9069,,,,,,,,,
59,,,,,,,,,,9069,0.051658954471349716,,,,,,,,
,,,,,,,,,8.060526315789473e-07,9074,,,,,,,,,
59,,,,,,,,,,9074,0.021784354001283646,,,,,,,,
,,,,,,,,,8.053947368421052e-07,9079,,,,,,,,,
59,,,,,,,,,,9079,0.027338474988937378,,,,,,,,
,,,,,,,,,8.047368421052631e-07,9084,,,,,,,,,
59,,,,,,,,,,9084,0.017377782613039017,,,,,,,,
,,,,,,,,,8.040789473684209e-07,9089,,,,,,,,,
59,,,,,,,,,,9089,0.01709732972085476,,,,,,,,
,,,,,,,,,8.034210526315789e-07,9094,,,,,,,,,
59,,,,,,,,,,9094,0.014574757777154446,,,,,,,,
,,,,,,,,,8.027631578947368e-07,9099,,,,,,,,,
59,,,,,,,,,,9099,0.011593553237617016,,,,,,,,
,,,,,,,,,8.021052631578947e-07,9104,,,,,,,,,
59,,,,,,,,,,9104,0.010714251548051834,,,,,,,,
,,,,,,,,,8.014473684210526e-07,9109,,,,,,,,,
59,,,,,,,,,,9109,0.00952924508601427,,,,,,,,
,,,,,,,,,8.007894736842105e-07,9114,,,,,,,,,
59,,,,,,,,,,9114,0.03195720538496971,,,,,,,,
,,,,,,,,,8.001315789473684e-07,9119,,,,,,,,,
59,,,,,,,,,,9119,0.027341008186340332,,,,,,,,
59,,,,,,,,,,9119,,0.7124999761581421,0.7526881694793701,0.06865548342466354,0.06865548342466354,0.46942421793937683,0.7446808218955994,0.760869562625885,0.4729211628437042
,,,,,,,,,7.994736842105263e-07,9124,,,,,,,,,
60,,,,,,,,,,9124,0.02689516730606556,,,,,,,,
,,,,,,,,,7.988157894736842e-07,9129,,,,,,,,,
60,,,,,,,,,,9129,0.005604347214102745,,,,,,,,
,,,,,,,,,7.98157894736842e-07,9134,,,,,,,,,
60,,,,,,,,,,9134,0.019452428445219994,,,,,,,,
,,,,,,,,,7.975e-07,9139,,,,,,,,,
60,,,,,,,,,,9139,0.01885273866355419,,,,,,,,
,,,,,,,,,7.968421052631579e-07,9144,,,,,,,,,
60,,,,,,,,,,9144,0.021942516788840294,,,,,,,,
,,,,,,,,,7.961842105263158e-07,9149,,,,,,,,,
60,,,,,,,,,,9149,0.03472771868109703,,,,,,,,
,,,,,,,,,7.955263157894736e-07,9154,,,,,,,,,
60,,,,,,,,,,9154,0.004041964653879404,,,,,,,,
,,,,,,,,,7.948684210526316e-07,9159,,,,,,,,,
60,,,,,,,,,,9159,0.04313134402036667,,,,,,,,
,,,,,,,,,7.942105263157895e-07,9164,,,,,,,,,
60,,,,,,,,,,9164,0.03171900659799576,,,,,,,,
,,,,,,,,,7.935526315789474e-07,9169,,,,,,,,,
60,,,,,,,,,,9169,0.019615182653069496,,,,,,,,
,,,,,,,,,7.928947368421052e-07,9174,,,,,,,,,
60,,,,,,,,,,9174,0.034914400428533554,,,,,,,,
,,,,,,,,,7.92236842105263e-07,9179,,,,,,,,,
60,,,,,,,,,,9179,0.05303361266851425,,,,,,,,
,,,,,,,,,7.91578947368421e-07,9184,,,,,,,,,
60,,,,,,,,,,9184,0.016857780516147614,,,,,,,,
,,,,,,,,,7.909210526315789e-07,9189,,,,,,,,,
60,,,,,,,,,,9189,0.022881409153342247,,,,,,,,
,,,,,,,,,7.902631578947368e-07,9194,,,,,,,,,
60,,,,,,,,,,9194,0.02388427034020424,,,,,,,,
,,,,,,,,,7.896052631578946e-07,9199,,,,,,,,,
60,,,,,,,,,,9199,0.01600438356399536,,,,,,,,
,,,,,,,,,7.889473684210526e-07,9204,,,,,,,,,
60,,,,,,,,,,9204,0.042231492698192596,,,,,,,,
,,,,,,,,,7.882894736842105e-07,9209,,,,,,,,,
60,,,,,,,,,,9209,0.010580871254205704,,,,,,,,
,,,,,,,,,7.876315789473684e-07,9214,,,,,,,,,
60,,,,,,,,,,9214,0.005543410312384367,,,,,,,,
,,,,,,,,,7.869736842105262e-07,9219,,,,,,,,,
60,,,,,,,,,,9219,0.024749653413891792,,,,,,,,
,,,,,,,,,7.863157894736841e-07,9224,,,,,,,,,
60,,,,,,,,,,9224,0.03313339501619339,,,,,,,,
,,,,,,,,,7.856578947368421e-07,9229,,,,,,,,,
60,,,,,,,,,,9229,0.009101702831685543,,,,,,,,
,,,,,,,,,7.85e-07,9234,,,,,,,,,
60,,,,,,,,,,9234,0.019264860078692436,,,,,,,,
,,,,,,,,,7.843421052631578e-07,9239,,,,,,,,,
60,,,,,,,,,,9239,0.02614840306341648,,,,,,,,
,,,,,,,,,7.836842105263157e-07,9244,,,,,,,,,
60,,,,,,,,,,9244,0.02411278896033764,,,,,,,,
,,,,,,,,,7.830263157894737e-07,9249,,,,,,,,,
60,,,,,,,,,,9249,0.021767474710941315,,,,,,,,
,,,,,,,,,7.823684210526316e-07,9254,,,,,,,,,
60,,,,,,,,,,9254,0.035380054265260696,,,,,,,,
,,,,,,,,,7.817105263157895e-07,9259,,,,,,,,,
60,,,,,,,,,,9259,0.027126258239150047,,,,,,,,
,,,,,,,,,7.810526315789473e-07,9264,,,,,,,,,
60,,,,,,,,,,9264,0.014981073327362537,,,,,,,,
,,,,,,,,,7.803947368421053e-07,9269,,,,,,,,,
60,,,,,,,,,,9269,0.019877631217241287,,,,,,,,
60,,,,,,,,,,9271,,0.7250000238418579,0.760869562625885,0.0679306909441948,0.0679306909441948,0.4662780165672302,0.760869562625885,0.760869562625885,0.47826191782951355
,,,,,,,,,7.797368421052632e-07,9274,,,,,,,,,
61,,,,,,,,,,9274,0.008660901337862015,,,,,,,,
,,,,,,,,,7.790789473684211e-07,9279,,,,,,,,,
61,,,,,,,,,,9279,0.026115264743566513,,,,,,,,
,,,,,,,,,7.784210526315789e-07,9284,,,,,,,,,
61,,,,,,,,,,9284,0.018733728677034378,,,,,,,,
,,,,,,,,,7.777631578947367e-07,9289,,,,,,,,,
61,,,,,,,,,,9289,0.0355837419629097,,,,,,,,
,,,,,,,,,7.771052631578947e-07,9294,,,,,,,,,
61,,,,,,,,,,9294,0.01646290346980095,,,,,,,,
,,,,,,,,,7.764473684210526e-07,9299,,,,,,,,,
61,,,,,,,,,,9299,0.014929082244634628,,,,,,,,
,,,,,,,,,7.757894736842104e-07,9304,,,,,,,,,
61,,,,,,,,,,9304,0.012301035225391388,,,,,,,,
,,,,,,,,,7.751315789473683e-07,9309,,,,,,,,,
61,,,,,,,,,,9309,0.022002799436450005,,,,,,,,
,,,,,,,,,7.744736842105263e-07,9314,,,,,,,,,
61,,,,,,,,,,9314,0.017683081328868866,,,,,,,,
,,,,,,,,,7.738157894736842e-07,9319,,,,,,,,,
61,,,,,,,,,,9319,0.026503922417759895,,,,,,,,
,,,,,,,,,7.731578947368421e-07,9324,,,,,,,,,
61,,,,,,,,,,9324,0.014201928861439228,,,,,,,,
,,,,,,,,,7.724999999999999e-07,9329,,,,,,,,,
61,,,,,,,,,,9329,0.020551159977912903,,,,,,,,
,,,,,,,,,7.718421052631578e-07,9334,,,,,,,,,
61,,,,,,,,,,9334,0.02002059854567051,,,,,,,,
,,,,,,,,,7.711842105263158e-07,9339,,,,,,,,,
61,,,,,,,,,,9339,0.018536891788244247,,,,,,,,
,,,,,,,,,7.705263157894737e-07,9344,,,,,,,,,
61,,,,,,,,,,9344,0.05304311215877533,,,,,,,,
,,,,,,,,,7.698684210526315e-07,9349,,,,,,,,,
61,,,,,,,,,,9349,0.03218706697225571,,,,,,,,
,,,,,,,,,7.692105263157894e-07,9354,,,,,,,,,
61,,,,,,,,,,9354,0.02353738807141781,,,,,,,,
,,,,,,,,,7.685526315789474e-07,9359,,,,,,,,,
61,,,,,,,,,,9359,0.03160545229911804,,,,,,,,
,,,,,,,,,7.678947368421053e-07,9364,,,,,,,,,
61,,,,,,,,,,9364,0.009279374033212662,,,,,,,,
,,,,,,,,,7.672368421052631e-07,9369,,,,,,,,,
61,,,,,,,,,,9369,0.014136546291410923,,,,,,,,
,,,,,,,,,7.66578947368421e-07,9374,,,,,,,,,
61,,,,,,,,,,9374,0.02429610677063465,,,,,,,,
,,,,,,,,,7.659210526315789e-07,9379,,,,,,,,,
61,,,,,,,,,,9379,0.029617365449666977,,,,,,,,
,,,,,,,,,7.652631578947369e-07,9384,,,,,,,,,
61,,,,,,,,,,9384,0.016518350690603256,,,,,,,,
,,,,,,,,,7.646052631578948e-07,9389,,,,,,,,,
61,,,,,,,,,,9389,0.016034819185733795,,,,,,,,
,,,,,,,,,7.639473684210526e-07,9394,,,,,,,,,
61,,,,,,,,,,9394,0.019223220646381378,,,,,,,,
,,,,,,,,,7.632894736842104e-07,9399,,,,,,,,,
61,,,,,,,,,,9399,0.013697897084057331,,,,,,,,
,,,,,,,,,7.626315789473684e-07,9404,,,,,,,,,
61,,,,,,,,,,9404,0.033390093594789505,,,,,,,,
,,,,,,,,,7.619736842105263e-07,9409,,,,,,,,,
61,,,,,,,,,,9409,0.039413537830114365,,,,,,,,
,,,,,,,,,7.613157894736841e-07,9414,,,,,,,,,
61,,,,,,,,,,9414,0.011812573298811913,,,,,,,,
,,,,,,,,,7.60657894736842e-07,9419,,,,,,,,,
61,,,,,,,,,,9419,0.011439763940870762,,,,,,,,
61,,,,,,,,,,9423,,0.7250000238418579,0.7555555701255798,0.06816194206476212,0.06816194206476212,0.47165340185165405,0.7727272510528564,0.739130437374115,0.48018693923950195
,,,,,,,,,7.599999999999999e-07,9424,,,,,,,,,
62,,,,,,,,,,9424,0.014575555920600891,,,,,,,,
,,,,,,,,,7.593421052631579e-07,9429,,,,,,,,,
62,,,,,,,,,,9429,0.011320903897285461,,,,,,,,
,,,,,,,,,7.586842105263157e-07,9434,,,,,,,,,
62,,,,,,,,,,9434,0.026359975337982178,,,,,,,,
,,,,,,,,,7.580263157894736e-07,9439,,,,,,,,,
62,,,,,,,,,,9439,0.05665614828467369,,,,,,,,
,,,,,,,,,7.573684210526315e-07,9444,,,,,,,,,
62,,,,,,,,,,9444,0.028647437691688538,,,,,,,,
,,,,,,,,,7.567105263157895e-07,9449,,,,,,,,,
62,,,,,,,,,,9449,0.04765362665057182,,,,,,,,
,,,,,,,,,7.560526315789474e-07,9454,,,,,,,,,
62,,,,,,,,,,9454,0.038129717111587524,,,,,,,,
,,,,,,,,,7.553947368421052e-07,9459,,,,,,,,,
62,,,,,,,,,,9459,0.01017091702669859,,,,,,,,
,,,,,,,,,7.547368421052631e-07,9464,,,,,,,,,
62,,,,,,,,,,9464,0.03222356364130974,,,,,,,,
,,,,,,,,,7.540789473684211e-07,9469,,,,,,,,,
62,,,,,,,,,,9469,0.020824871957302094,,,,,,,,
,,,,,,,,,7.53421052631579e-07,9474,,,,,,,,,
62,,,,,,,,,,9474,0.0605064295232296,,,,,,,,
,,,,,,,,,7.527631578947368e-07,9479,,,,,,,,,
62,,,,,,,,,,9479,0.023286249488592148,,,,,,,,
,,,,,,,,,7.521052631578947e-07,9484,,,,,,,,,
62,,,,,,,,,,9484,0.008599814958870411,,,,,,,,
,,,,,,,,,7.514473684210526e-07,9489,,,,,,,,,
62,,,,,,,,,,9489,0.026522215455770493,,,,,,,,
,,,,,,,,,7.507894736842106e-07,9494,,,,,,,,,
62,,,,,,,,,,9494,0.01787051185965538,,,,,,,,
,,,,,,,,,7.501315789473684e-07,9499,,,,,,,,,
62,,,,,,,,,,9499,0.012610532343387604,,,,,,,,
,,,,,,,,,7.494736842105263e-07,9504,,,,,,,,,
62,,,,,,,,,,9504,0.04625783488154411,,,,,,,,
,,,,,,,,,7.488157894736841e-07,9509,,,,,,,,,
62,,,,,,,,,,9509,0.009698918089270592,,,,,,,,
,,,,,,,,,7.481578947368421e-07,9514,,,,,,,,,
62,,,,,,,,,,9514,0.02088649570941925,,,,,,,,
,,,,,,,,,7.475e-07,9519,,,,,,,,,
62,,,,,,,,,,9519,0.01650165766477585,,,,,,,,
,,,,,,,,,7.468421052631578e-07,9524,,,,,,,,,
62,,,,,,,,,,9524,0.01814328320324421,,,,,,,,
,,,,,,,,,7.461842105263157e-07,9529,,,,,,,,,
62,,,,,,,,,,9529,0.028836999088525772,,,,,,,,
,,,,,,,,,7.455263157894736e-07,9534,,,,,,,,,
62,,,,,,,,,,9534,0.02502993494272232,,,,,,,,
,,,,,,,,,7.448684210526316e-07,9539,,,,,,,,,
62,,,,,,,,,,9539,0.028199955821037292,,,,,,,,
,,,,,,,,,7.442105263157894e-07,9544,,,,,,,,,
62,,,,,,,,,,9544,0.00861874595284462,,,,,,,,
,,,,,,,,,7.435526315789473e-07,9549,,,,,,,,,
62,,,,,,,,,,9549,0.013424328528344631,,,,,,,,
,,,,,,,,,7.428947368421052e-07,9554,,,,,,,,,
62,,,,,,,,,,9554,0.036875054240226746,,,,,,,,
,,,,,,,,,7.422368421052632e-07,9559,,,,,,,,,
62,,,,,,,,,,9559,0.014592735096812248,,,,,,,,
,,,,,,,,,7.41578947368421e-07,9564,,,,,,,,,
62,,,,,,,,,,9564,0.016028011217713356,,,,,,,,
,,,,,,,,,7.409210526315789e-07,9569,,,,,,,,,
62,,,,,,,,,,9569,0.010487301275134087,,,,,,,,
,,,,,,,,,7.402631578947368e-07,9574,,,,,,,,,
62,,,,,,,,,,9574,0.019159497693181038,,,,,,,,
62,,,,,,,,,,9575,,0.75,0.7872340679168701,0.06835705041885376,0.06835705041885376,0.48219385743141174,0.7708333134651184,0.804347813129425,0.48410743474960327
,,,,,,,,,7.396052631578947e-07,9579,,,,,,,,,
63,,,,,,,,,,9579,0.014928175136446953,,,,,,,,
,,,,,,,,,7.389473684210527e-07,9584,,,,,,,,,
63,,,,,,,,,,9584,0.026272369548678398,,,,,,,,
,,,,,,,,,7.382894736842105e-07,9589,,,,,,,,,
63,,,,,,,,,,9589,0.021811185404658318,,,,,,,,
,,,,,,,,,7.376315789473684e-07,9594,,,,,,,,,
63,,,,,,,,,,9594,0.044753655791282654,,,,,,,,
,,,,,,,,,7.369736842105263e-07,9599,,,,,,,,,
63,,,,,,,,,,9599,0.056066107004880905,,,,,,,,
,,,,,,,,,7.363157894736843e-07,9604,,,,,,,,,
63,,,,,,,,,,9604,0.008280126377940178,,,,,,,,
,,,,,,,,,7.356578947368421e-07,9609,,,,,,,,,
63,,,,,,,,,,9609,0.01830243319272995,,,,,,,,
,,,,,,,,,7.35e-07,9614,,,,,,,,,
63,,,,,,,,,,9614,0.028147922828793526,,,,,,,,
,,,,,,,,,7.343421052631578e-07,9619,,,,,,,,,
63,,,,,,,,,,9619,0.04555610567331314,,,,,,,,
,,,,,,,,,7.336842105263157e-07,9624,,,,,,,,,
63,,,,,,,,,,9624,0.023560255765914917,,,,,,,,
,,,,,,,,,7.330263157894736e-07,9629,,,,,,,,,
63,,,,,,,,,,9629,0.012305216863751411,,,,,,,,
,,,,,,,,,7.323684210526315e-07,9634,,,,,,,,,
63,,,,,,,,,,9634,0.017414668574929237,,,,,,,,
,,,,,,,,,7.317105263157894e-07,9639,,,,,,,,,
63,,,,,,,,,,9639,0.008990687318146229,,,,,,,,
,,,,,,,,,7.310526315789473e-07,9644,,,,,,,,,
63,,,,,,,,,,9644,0.02405901812016964,,,,,,,,
,,,,,,,,,7.303947368421052e-07,9649,,,,,,,,,
63,,,,,,,,,,9649,0.008492043241858482,,,,,,,,
,,,,,,,,,7.297368421052631e-07,9654,,,,,,,,,
63,,,,,,,,,,9654,0.011558279395103455,,,,,,,,
,,,,,,,,,7.29078947368421e-07,9659,,,,,,,,,
63,,,,,,,,,,9659,0.029447754845023155,,,,,,,,
,,,,,,,,,7.284210526315789e-07,9664,,,,,,,,,
63,,,,,,,,,,9664,0.023829419165849686,,,,,,,,
,,,,,,,,,7.277631578947369e-07,9669,,,,,,,,,
63,,,,,,,,,,9669,0.03718232363462448,,,,,,,,
,,,,,,,,,7.271052631578947e-07,9674,,,,,,,,,
63,,,,,,,,,,9674,0.02104805037379265,,,,,,,,
,,,,,,,,,7.264473684210526e-07,9679,,,,,,,,,
63,,,,,,,,,,9679,0.018784930929541588,,,,,,,,
,,,,,,,,,7.257894736842105e-07,9684,,,,,,,,,
63,,,,,,,,,,9684,0.029167884960770607,,,,,,,,
,,,,,,,,,7.251315789473684e-07,9689,,,,,,,,,
63,,,,,,,,,,9689,0.01850176230072975,,,,,,,,
,,,,,,,,,7.244736842105263e-07,9694,,,,,,,,,
63,,,,,,,,,,9694,0.02011168748140335,,,,,,,,
,,,,,,,,,7.238157894736842e-07,9699,,,,,,,,,
63,,,,,,,,,,9699,0.04495660960674286,,,,,,,,
,,,,,,,,,7.231578947368421e-07,9704,,,,,,,,,
63,,,,,,,,,,9704,0.030020857229828835,,,,,,,,
,,,,,,,,,7.225e-07,9709,,,,,,,,,
63,,,,,,,,,,9709,0.013766538351774216,,,,,,,,
,,,,,,,,,7.218421052631579e-07,9714,,,,,,,,,
63,,,,,,,,,,9714,0.0133201377466321,,,,,,,,
,,,,,,,,,7.211842105263158e-07,9719,,,,,,,,,
63,,,,,,,,,,9719,0.029328061267733574,,,,,,,,
,,,,,,,,,7.205263157894737e-07,9724,,,,,,,,,
63,,,,,,,,,,9724,0.03671161085367203,,,,,,,,
63,,,,,,,,,,9727,,0.737500011920929,0.774193525314331,0.06888946145772934,0.06888946145772934,0.46857941150665283,0.7659574747085571,0.782608687877655,0.47945916652679443
,,,,,,,,,7.198684210526315e-07,9729,,,,,,,,,
64,,,,,,,,,,9729,0.01555495336651802,,,,,,,,
,,,,,,,,,7.192105263157894e-07,9734,,,,,,,,,
64,,,,,,,,,,9734,0.016016792505979538,,,,,,,,
,,,,,,,,,7.185526315789473e-07,9739,,,,,,,,,
64,,,,,,,,,,9739,0.0401383601129055,,,,,,,,
,,,,,,,,,7.178947368421052e-07,9744,,,,,,,,,
64,,,,,,,,,,9744,0.013797414489090443,,,,,,,,
,,,,,,,,,7.172368421052631e-07,9749,,,,,,,,,
64,,,,,,,,,,9749,0.06565942615270615,,,,,,,,
,,,,,,,,,7.16578947368421e-07,9754,,,,,,,,,
64,,,,,,,,,,9754,0.015150514431297779,,,,,,,,
,,,,,,,,,7.159210526315789e-07,9759,,,,,,,,,
64,,,,,,,,,,9759,0.06417743116617203,,,,,,,,
,,,,,,,,,7.152631578947368e-07,9764,,,,,,,,,
64,,,,,,,,,,9764,0.010172163136303425,,,,,,,,
,,,,,,,,,7.146052631578947e-07,9769,,,,,,,,,
64,,,,,,,,,,9769,0.020242195576429367,,,,,,,,
,,,,,,,,,7.139473684210526e-07,9774,,,,,,,,,
64,,,,,,,,,,9774,0.021753156557679176,,,,,,,,
,,,,,,,,,7.132894736842104e-07,9779,,,,,,,,,
64,,,,,,,,,,9779,0.017587989568710327,,,,,,,,
,,,,,,,,,7.126315789473684e-07,9784,,,,,,,,,
64,,,,,,,,,,9784,0.06920889019966125,,,,,,,,
,,,,,,,,,7.119736842105263e-07,9789,,,,,,,,,
64,,,,,,,,,,9789,0.030775634571909904,,,,,,,,
,,,,,,,,,7.113157894736842e-07,9794,,,,,,,,,
64,,,,,,,,,,9794,0.07489743828773499,,,,,,,,
,,,,,,,,,7.106578947368421e-07,9799,,,,,,,,,
64,,,,,,,,,,9799,0.03915652632713318,,,,,,,,
,,,,,,,,,7.1e-07,9804,,,,,,,,,
64,,,,,,,,,,9804,0.013870148919522762,,,,,,,,
,,,,,,,,,7.093421052631579e-07,9809,,,,,,,,,
64,,,,,,,,,,9809,0.04668625816702843,,,,,,,,
,,,,,,,,,7.086842105263158e-07,9814,,,,,,,,,
64,,,,,,,,,,9814,0.02610713429749012,,,,,,,,
,,,,,,,,,7.080263157894737e-07,9819,,,,,,,,,
64,,,,,,,,,,9819,0.011577303521335125,,,,,,,,
,,,,,,,,,7.073684210526315e-07,9824,,,,,,,,,
64,,,,,,,,,,9824,0.03532504662871361,,,,,,,,
,,,,,,,,,7.067105263157895e-07,9829,,,,,,,,,
64,,,,,,,,,,9829,0.03181904926896095,,,,,,,,
,,,,,,,,,7.060526315789474e-07,9834,,,,,,,,,
64,,,,,,,,,,9834,0.00989315751940012,,,,,,,,
,,,,,,,,,7.053947368421052e-07,9839,,,,,,,,,
64,,,,,,,,,,9839,0.02220260538160801,,,,,,,,
,,,,,,,,,7.04736842105263e-07,9844,,,,,,,,,
64,,,,,,,,,,9844,0.019481904804706573,,,,,,,,
,,,,,,,,,7.04078947368421e-07,9849,,,,,,,,,
64,,,,,,,,,,9849,0.027728717774152756,,,,,,,,
,,,,,,,,,7.034210526315789e-07,9854,,,,,,,,,
64,,,,,,,,,,9854,0.013485627248883247,,,,,,,,
,,,,,,,,,7.027631578947368e-07,9859,,,,,,,,,
64,,,,,,,,,,9859,0.03689289093017578,,,,,,,,
,,,,,,,,,7.021052631578947e-07,9864,,,,,,,,,
64,,,,,,,,,,9864,0.024072395637631416,,,,,,,,
,,,,,,,,,7.014473684210525e-07,9869,,,,,,,,,
64,,,,,,,,,,9869,0.03987044468522072,,,,,,,,
,,,,,,,,,7.007894736842105e-07,9874,,,,,,,,,
64,,,,,,,,,,9874,0.009792065247893333,,,,,,,,
,,,,,,,,,7.001315789473684e-07,9879,,,,,,,,,
64,,,,,,,,,,9879,0.017364053055644035,,,,,,,,
64,,,,,,,,,,9879,,0.7250000238418579,0.7659574747085571,0.06800536811351776,0.06800536811351776,0.48541808128356934,0.75,0.782608687877655,0.48764050006866455
,,,,,,,,,6.994736842105263e-07,9884,,,,,,,,,
65,,,,,,,,,,9884,0.019464708864688873,,,,,,,,
,,,,,,,,,6.988157894736841e-07,9889,,,,,,,,,
65,,,,,,,,,,9889,0.023486381396651268,,,,,,,,
,,,,,,,,,6.981578947368421e-07,9894,,,,,,,,,
65,,,,,,,,,,9894,0.018608354032039642,,,,,,,,
,,,,,,,,,6.975e-07,9899,,,,,,,,,
65,,,,,,,,,,9899,0.06404497474431992,,,,,,,,
,,,,,,,,,6.968421052631579e-07,9904,,,,,,,,,
65,,,,,,,,,,9904,0.05871349200606346,,,,,,,,
,,,,,,,,,6.961842105263157e-07,9909,,,,,,,,,
65,,,,,,,,,,9909,0.02331019937992096,,,,,,,,
,,,,,,,,,6.955263157894737e-07,9914,,,,,,,,,
65,,,,,,,,,,9914,0.02107624150812626,,,,,,,,
,,,,,,,,,6.948684210526316e-07,9919,,,,,,,,,
65,,,,,,,,,,9919,0.092591293156147,,,,,,,,
,,,,,,,,,6.942105263157895e-07,9924,,,,,,,,,
65,,,,,,,,,,9924,0.031332895159721375,,,,,,,,
,,,,,,,,,6.935526315789474e-07,9929,,,,,,,,,
65,,,,,,,,,,9929,0.011475242674350739,,,,,,,,
,,,,,,,,,6.928947368421052e-07,9934,,,,,,,,,
65,,,,,,,,,,9934,0.006830425933003426,,,,,,,,
,,,,,,,,,6.922368421052632e-07,9939,,,,,,,,,
65,,,,,,,,,,9939,0.0168977789580822,,,,,,,,
,,,,,,,,,6.91578947368421e-07,9944,,,,,,,,,
65,,,,,,,,,,9944,0.028545968234539032,,,,,,,,
,,,,,,,,,6.909210526315789e-07,9949,,,,,,,,,
65,,,,,,,,,,9949,0.03229375183582306,,,,,,,,
,,,,,,,,,6.902631578947367e-07,9954,,,,,,,,,
65,,,,,,,,,,9954,0.012661498971283436,,,,,,,,
,,,,,,,,,6.896052631578947e-07,9959,,,,,,,,,
65,,,,,,,,,,9959,0.010273454710841179,,,,,,,,
,,,,,,,,,6.889473684210526e-07,9964,,,,,,,,,
65,,,,,,,,,,9964,0.02104390785098076,,,,,,,,
,,,,,,,,,6.882894736842105e-07,9969,,,,,,,,,
65,,,,,,,,,,9969,0.003239738754928112,,,,,,,,
,,,,,,,,,6.876315789473683e-07,9974,,,,,,,,,
65,,,,,,,,,,9974,0.013530300930142403,,,,,,,,
,,,,,,,,,6.869736842105262e-07,9979,,,,,,,,,
65,,,,,,,,,,9979,0.03574899584054947,,,,,,,,
,,,,,,,,,6.863157894736842e-07,9984,,,,,,,,,
65,,,,,,,,,,9984,0.053786344826221466,,,,,,,,
,,,,,,,,,6.856578947368421e-07,9989,,,,,,,,,
65,,,,,,,,,,9989,0.03328787162899971,,,,,,,,
,,,,,,,,,6.85e-07,9994,,,,,,,,,
65,,,,,,,,,,9994,0.017295831814408302,,,,,,,,
,,,,,,,,,6.843421052631578e-07,9999,,,,,,,,,
65,,,,,,,,,,9999,0.00927411112934351,,,,,,,,
,,,,,,,,,6.836842105263158e-07,10004,,,,,,,,,
65,,,,,,,,,,10004,0.040814753621816635,,,,,,,,
,,,,,,,,,6.830263157894737e-07,10009,,,,,,,,,
65,,,,,,,,,,10009,0.015535668469965458,,,,,,,,
,,,,,,,,,6.823684210526316e-07,10014,,,,,,,,,
65,,,,,,,,,,10014,0.01519062276929617,,,,,,,,
,,,,,,,,,6.817105263157894e-07,10019,,,,,,,,,
65,,,,,,,,,,10019,0.03760550171136856,,,,,,,,
,,,,,,,,,6.810526315789473e-07,10024,,,,,,,,,
65,,,,,,,,,,10024,0.051824603229761124,,,,,,,,
,,,,,,,,,6.803947368421053e-07,10029,,,,,,,,,
65,,,,,,,,,,10029,0.033233851194381714,,,,,,,,
65,,,,,,,,,,10031,,0.7250000238418579,0.760869562625885,0.06819263845682144,0.06819263845682144,0.47618281841278076,0.760869562625885,0.760869562625885,0.4811612069606781
,,,,,,,,,6.797368421052632e-07,10034,,,,,,,,,
66,,,,,,,,,,10034,0.023450767621397972,,,,,,,,
,,,,,,,,,6.79078947368421e-07,10039,,,,,,,,,
66,,,,,,,,,,10039,0.012457362376153469,,,,,,,,
,,,,,,,,,6.784210526315789e-07,10044,,,,,,,,,
66,,,,,,,,,,10044,0.03561633825302124,,,,,,,,
,,,,,,,,,6.777631578947369e-07,10049,,,,,,,,,
66,,,,,,,,,,10049,0.031769704073667526,,,,,,,,
,,,,,,,,,6.771052631578948e-07,10054,,,,,,,,,
66,,,,,,,,,,10054,0.02385706454515457,,,,,,,,
,,,,,,,,,6.764473684210526e-07,10059,,,,,,,,,
66,,,,,,,,,,10059,0.047550953924655914,,,,,,,,
,,,,,,,,,6.757894736842104e-07,10064,,,,,,,,,
66,,,,,,,,,,10064,0.02172757312655449,,,,,,,,
,,,,,,,,,6.751315789473684e-07,10069,,,,,,,,,
66,,,,,,,,,,10069,0.011283096857368946,,,,,,,,
,,,,,,,,,6.744736842105263e-07,10074,,,,,,,,,
66,,,,,,,,,,10074,0.0390009880065918,,,,,,,,
,,,,,,,,,6.738157894736842e-07,10079,,,,,,,,,
66,,,,,,,,,,10079,0.029848894104361534,,,,,,,,
,,,,,,,,,6.73157894736842e-07,10084,,,,,,,,,
66,,,,,,,,,,10084,0.006052103824913502,,,,,,,,
,,,,,,,,,6.724999999999999e-07,10089,,,,,,,,,
66,,,,,,,,,,10089,0.01890885829925537,,,,,,,,
,,,,,,,,,6.718421052631579e-07,10094,,,,,,,,,
66,,,,,,,,,,10094,0.03595354035496712,,,,,,,,
,,,,,,,,,6.711842105263158e-07,10099,,,,,,,,,
66,,,,,,,,,,10099,0.013336087577044964,,,,,,,,
,,,,,,,,,6.705263157894736e-07,10104,,,,,,,,,
66,,,,,,,,,,10104,0.015059219673275948,,,,,,,,
,,,,,,,,,6.698684210526315e-07,10109,,,,,,,,,
66,,,,,,,,,,10109,0.017293626442551613,,,,,,,,
,,,,,,,,,6.692105263157895e-07,10114,,,,,,,,,
66,,,,,,,,,,10114,0.013671456836163998,,,,,,,,
,,,,,,,,,6.685526315789474e-07,10119,,,,,,,,,
66,,,,,,,,,,10119,0.011991478502750397,,,,,,,,
,,,,,,,,,6.678947368421052e-07,10124,,,,,,,,,
66,,,,,,,,,,10124,0.015751389786601067,,,,,,,,
,,,,,,,,,6.672368421052631e-07,10129,,,,,,,,,
66,,,,,,,,,,10129,0.019524486735463142,,,,,,,,
,,,,,,,,,6.66578947368421e-07,10134,,,,,,,,,
66,,,,,,,,,,10134,0.023641886189579964,,,,,,,,
,,,,,,,,,6.65921052631579e-07,10139,,,,,,,,,
66,,,,,,,,,,10139,0.03446168452501297,,,,,,,,
,,,,,,,,,6.652631578947369e-07,10144,,,,,,,,,
66,,,,,,,,,,10144,0.020037993788719177,,,,,,,,
,,,,,,,,,6.646052631578947e-07,10149,,,,,,,,,
66,,,,,,,,,,10149,0.033285994082689285,,,,,,,,
,,,,,,,,,6.639473684210526e-07,10154,,,,,,,,,
66,,,,,,,,,,10154,0.018218334764242172,,,,,,,,
,,,,,,,,,6.632894736842106e-07,10159,,,,,,,,,
66,,,,,,,,,,10159,0.00916910357773304,,,,,,,,
,,,,,,,,,6.626315789473685e-07,10164,,,,,,,,,
66,,,,,,,,,,10164,0.03869154676795006,,,,,,,,
,,,,,,,,,6.619736842105262e-07,10169,,,,,,,,,
66,,,,,,,,,,10169,0.06879644840955734,,,,,,,,
,,,,,,,,,6.613157894736841e-07,10174,,,,,,,,,
66,,,,,,,,,,10174,0.03382490947842598,,,,,,,,
,,,,,,,,,6.60657894736842e-07,10179,,,,,,,,,
66,,,,,,,,,,10179,0.009770995937287807,,,,,,,,
66,,,,,,,,,,10183,,0.737500011920929,0.774193525314331,0.06848287582397461,0.06848287582397461,0.47709986567497253,0.7659574747085571,0.782608687877655,0.4836261570453644
,,,,,,,,,6.6e-07,10184,,,,,,,,,
67,,,,,,,,,,10184,0.010136431083083153,,,,,,,,
,,,,,,,,,6.593421052631578e-07,10189,,,,,,,,,
67,,,,,,,,,,10189,0.02389538288116455,,,,,,,,
,,,,,,,,,6.586842105263157e-07,10194,,,,,,,,,
67,,,,,,,,,,10194,0.03233323246240616,,,,,,,,
,,,,,,,,,6.580263157894736e-07,10199,,,,,,,,,
67,,,,,,,,,,10199,0.039788056164979935,,,,,,,,
,,,,,,,,,6.573684210526316e-07,10204,,,,,,,,,
67,,,,,,,,,,10204,0.015040136873722076,,,,,,,,
,,,,,,,,,6.567105263157895e-07,10209,,,,,,,,,
67,,,,,,,,,,10209,0.0197474155575037,,,,,,,,
,,,,,,,,,6.560526315789473e-07,10214,,,,,,,,,
67,,,,,,,,,,10214,0.012210503220558167,,,,,,,,
,,,,,,,,,6.553947368421052e-07,10219,,,,,,,,,
67,,,,,,,,,,10219,0.019292904064059258,,,,,,,,
,,,,,,,,,6.547368421052631e-07,10224,,,,,,,,,
67,,,,,,,,,,10224,0.01662260666489601,,,,,,,,
,,,,,,,,,6.540789473684211e-07,10229,,,,,,,,,
67,,,,,,,,,,10229,0.020870819687843323,,,,,,,,
,,,,,,,,,6.534210526315789e-07,10234,,,,,,,,,
67,,,,,,,,,,10234,0.027507076039910316,,,,,,,,
,,,,,,,,,6.527631578947368e-07,10239,,,,,,,,,
67,,,,,,,,,,10239,0.024703877046704292,,,,,,,,
,,,,,,,,,6.521052631578947e-07,10244,,,,,,,,,
67,,,,,,,,,,10244,0.008833118714392185,,,,,,,,
,,,,,,,,,6.514473684210527e-07,10249,,,,,,,,,
67,,,,,,,,,,10249,0.021928539499640465,,,,,,,,
,,,,,,,,,6.507894736842105e-07,10254,,,,,,,,,
67,,,,,,,,,,10254,0.0141445342451334,,,,,,,,
,,,,,,,,,6.501315789473684e-07,10259,,,,,,,,,
67,,,,,,,,,,10259,0.01730666682124138,,,,,,,,
,,,,,,,,,6.494736842105263e-07,10264,,,,,,,,,
67,,,,,,,,,,10264,0.01280524767935276,,,,,,,,
,,,,,,,,,6.488157894736843e-07,10269,,,,,,,,,
67,,,,,,,,,,10269,0.029390916228294373,,,,,,,,
,,,,,,,,,6.481578947368422e-07,10274,,,,,,,,,
67,,,,,,,,,,10274,0.0220579095184803,,,,,,,,
,,,,,,,,,6.474999999999999e-07,10279,,,,,,,,,
67,,,,,,,,,,10279,0.017903083935379982,,,,,,,,
,,,,,,,,,6.468421052631578e-07,10284,,,,,,,,,
67,,,,,,,,,,10284,0.02021707221865654,,,,,,,,
,,,,,,,,,6.461842105263157e-07,10289,,,,,,,,,
67,,,,,,,,,,10289,0.009752926416695118,,,,,,,,
,,,,,,,,,6.455263157894737e-07,10294,,,,,,,,,
67,,,,,,,,,,10294,0.02191491425037384,,,,,,,,
,,,,,,,,,6.448684210526315e-07,10299,,,,,,,,,
67,,,,,,,,,,10299,0.0152755007147789,,,,,,,,
,,,,,,,,,6.442105263157894e-07,10304,,,,,,,,,
67,,,,,,,,,,10304,0.04867710545659065,,,,,,,,
,,,,,,,,,6.435526315789473e-07,10309,,,,,,,,,
67,,,,,,,,,,10309,0.04328649863600731,,,,,,,,
,,,,,,,,,6.428947368421053e-07,10314,,,,,,,,,
67,,,,,,,,,,10314,0.03446071222424507,,,,,,,,
,,,,,,,,,6.422368421052631e-07,10319,,,,,,,,,
67,,,,,,,,,,10319,0.030216312035918236,,,,,,,,
,,,,,,,,,6.41578947368421e-07,10324,,,,,,,,,
67,,,,,,,,,,10324,0.010398060083389282,,,,,,,,
,,,,,,,,,6.409210526315789e-07,10329,,,,,,,,,
67,,,,,,,,,,10329,0.04022270441055298,,,,,,,,
,,,,,,,,,6.402631578947368e-07,10334,,,,,,,,,
67,,,,,,,,,,10334,0.015619083307683468,,,,,,,,
67,,,,,,,,,,10335,,0.737500011920929,0.774193525314331,0.06828222423791885,0.06828222423791885,0.48063984513282776,0.7659574747085571,0.782608687877655,0.4868423342704773
,,,,,,,,,6.396052631578948e-07,10339,,,,,,,,,
68,,,,,,,,,,10339,0.01947765424847603,,,,,,,,
,,,,,,,,,6.389473684210526e-07,10344,,,,,,,,,
68,,,,,,,,,,10344,0.013258607126772404,,,,,,,,
,,,,,,,,,6.382894736842105e-07,10349,,,,,,,,,
68,,,,,,,,,,10349,0.04363904893398285,,,,,,,,
,,,,,,,,,6.376315789473684e-07,10354,,,,,,,,,
68,,,,,,,,,,10354,0.018986675888299942,,,,,,,,
,,,,,,,,,6.369736842105264e-07,10359,,,,,,,,,
68,,,,,,,,,,10359,0.01776937209069729,,,,,,,,
,,,,,,,,,6.363157894736842e-07,10364,,,,,,,,,
68,,,,,,,,,,10364,0.022763920947909355,,,,,,,,
,,,,,,,,,6.356578947368421e-07,10369,,,,,,,,,
68,,,,,,,,,,10369,0.006209169048815966,,,,,,,,
,,,,,,,,,6.35e-07,10374,,,,,,,,,
68,,,,,,,,,,10374,0.021762074902653694,,,,,,,,
,,,,,,,,,6.343421052631579e-07,10379,,,,,,,,,
68,,,,,,,,,,10379,0.011099395342171192,,,,,,,,
,,,,,,,,,6.336842105263157e-07,10384,,,,,,,,,
68,,,,,,,,,,10384,0.03385341167449951,,,,,,,,
,,,,,,,,,6.330263157894736e-07,10389,,,,,,,,,
68,,,,,,,,,,10389,0.01840646006166935,,,,,,,,
,,,,,,,,,6.323684210526315e-07,10394,,,,,,,,,
68,,,,,,,,,,10394,0.01727391593158245,,,,,,,,
,,,,,,,,,6.317105263157894e-07,10399,,,,,,,,,
68,,,,,,,,,,10399,0.021375685930252075,,,,,,,,
,,,,,,,,,6.310526315789474e-07,10404,,,,,,,,,
68,,,,,,,,,,10404,0.006606841925531626,,,,,,,,
,,,,,,,,,6.303947368421052e-07,10409,,,,,,,,,
68,,,,,,,,,,10409,0.017668375745415688,,,,,,,,
,,,,,,,,,6.297368421052631e-07,10414,,,,,,,,,
68,,,,,,,,,,10414,0.03330213204026222,,,,,,,,
,,,,,,,,,6.29078947368421e-07,10419,,,,,,,,,
68,,,,,,,,,,10419,0.04659443348646164,,,,,,,,
,,,,,,,,,6.284210526315789e-07,10424,,,,,,,,,
68,,,,,,,,,,10424,0.02220764011144638,,,,,,,,
,,,,,,,,,6.277631578947368e-07,10429,,,,,,,,,
68,,,,,,,,,,10429,0.04320494458079338,,,,,,,,
,,,,,,,,,6.271052631578947e-07,10434,,,,,,,,,
68,,,,,,,,,,10434,0.040447037667036057,,,,,,,,
,,,,,,,,,6.264473684210526e-07,10439,,,,,,,,,
68,,,,,,,,,,10439,0.034449391067028046,,,,,,,,
,,,,,,,,,6.257894736842105e-07,10444,,,,,,,,,
68,,,,,,,,,,10444,0.02012285217642784,,,,,,,,
,,,,,,,,,6.251315789473684e-07,10449,,,,,,,,,
68,,,,,,,,,,10449,0.014720045030117035,,,,,,,,
,,,,,,,,,6.244736842105263e-07,10454,,,,,,,,,
68,,,,,,,,,,10454,0.024230746552348137,,,,,,,,
,,,,,,,,,6.238157894736842e-07,10459,,,,,,,,,
68,,,,,,,,,,10459,0.02081064134836197,,,,,,,,
,,,,,,,,,6.231578947368421e-07,10464,,,,,,,,,
68,,,,,,,,,,10464,0.026280082762241364,,,,,,,,
,,,,,,,,,6.225000000000001e-07,10469,,,,,,,,,
68,,,,,,,,,,10469,0.010715143755078316,,,,,,,,
,,,,,,,,,6.218421052631579e-07,10474,,,,,,,,,
68,,,,,,,,,,10474,0.012693475000560284,,,,,,,,
,,,,,,,,,6.211842105263158e-07,10479,,,,,,,,,
68,,,,,,,,,,10479,0.022430889308452606,,,,,,,,
,,,,,,,,,6.205263157894737e-07,10484,,,,,,,,,
68,,,,,,,,,,10484,0.00795080978423357,,,,,,,,
68,,,,,,,,,,10487,,0.7124999761581421,0.7628865838050842,0.06868921220302582,0.06868921220302582,0.49339181184768677,0.7254902124404907,0.804347813129425,0.48948338627815247
,,,,,,,,,6.198684210526316e-07,10489,,,,,,,,,
69,,,,,,,,,,10489,0.018520107492804527,,,,,,,,
,,,,,,,,,6.192105263157894e-07,10494,,,,,,,,,
69,,,,,,,,,,10494,0.020241616293787956,,,,,,,,
,,,,,,,,,6.185526315789473e-07,10499,,,,,,,,,
69,,,,,,,,,,10499,0.024541573598980904,,,,,,,,
,,,,,,,,,6.178947368421052e-07,10504,,,,,,,,,
69,,,,,,,,,,10504,0.00931866466999054,,,,,,,,
,,,,,,,,,6.172368421052631e-07,10509,,,,,,,,,
69,,,,,,,,,,10509,0.025807572528719902,,,,,,,,
,,,,,,,,,6.16578947368421e-07,10514,,,,,,,,,
69,,,,,,,,,,10514,0.03377135470509529,,,,,,,,
,,,,,,,,,6.159210526315789e-07,10519,,,,,,,,,
69,,,,,,,,,,10519,0.026270586997270584,,,,,,,,
,,,,,,,,,6.152631578947368e-07,10524,,,,,,,,,
69,,,,,,,,,,10524,0.021479584276676178,,,,,,,,
,,,,,,,,,6.146052631578947e-07,10529,,,,,,,,,
69,,,,,,,,,,10529,0.01236804947257042,,,,,,,,
,,,,,,,,,6.139473684210526e-07,10534,,,,,,,,,
69,,,,,,,,,,10534,0.014060498215258121,,,,,,,,
,,,,,,,,,6.132894736842105e-07,10539,,,,,,,,,
69,,,,,,,,,,10539,0.02080249786376953,,,,,,,,
,,,,,,,,,6.126315789473684e-07,10544,,,,,,,,,
69,,,,,,,,,,10544,0.01999310962855816,,,,,,,,
,,,,,,,,,6.119736842105263e-07,10549,,,,,,,,,
69,,,,,,,,,,10549,0.03090979903936386,,,,,,,,
,,,,,,,,,6.113157894736842e-07,10554,,,,,,,,,
69,,,,,,,,,,10554,0.017899055033922195,,,,,,,,
,,,,,,,,,6.106578947368421e-07,10559,,,,,,,,,
69,,,,,,,,,,10559,0.02563652954995632,,,,,,,,
,,,,,,,,,6.1e-07,10564,,,,,,,,,
69,,,,,,,,,,10564,0.03498278930783272,,,,,,,,
,,,,,,,,,6.093421052631579e-07,10569,,,,,,,,,
69,,,,,,,,,,10569,0.005337126087397337,,,,,,,,
,,,,,,,,,6.086842105263158e-07,10574,,,,,,,,,
69,,,,,,,,,,10574,0.021378012374043465,,,,,,,,
,,,,,,,,,6.080263157894736e-07,10579,,,,,,,,,
69,,,,,,,,,,10579,0.01512564904987812,,,,,,,,
,,,,,,,,,6.073684210526316e-07,10584,,,,,,,,,
69,,,,,,,,,,10584,0.033585190773010254,,,,,,,,
,,,,,,,,,6.067105263157895e-07,10589,,,,,,,,,
69,,,,,,,,,,10589,0.03893361613154411,,,,,,,,
,,,,,,,,,6.060526315789474e-07,10594,,,,,,,,,
69,,,,,,,,,,10594,0.03569697588682175,,,,,,,,
,,,,,,,,,6.053947368421051e-07,10599,,,,,,,,,
69,,,,,,,,,,10599,0.014052427373826504,,,,,,,,
,,,,,,,,,6.047368421052631e-07,10604,,,,,,,,,
69,,,,,,,,,,10604,0.013418937101960182,,,,,,,,
,,,,,,,,,6.04078947368421e-07,10609,,,,,,,,,
69,,,,,,,,,,10609,0.014285210520029068,,,,,,,,
,,,,,,,,,6.034210526315789e-07,10614,,,,,,,,,
69,,,,,,,,,,10614,0.007200085557997227,,,,,,,,
,,,,,,,,,6.027631578947368e-07,10619,,,,,,,,,
69,,,,,,,,,,10619,0.054981958121061325,,,,,,,,
,,,,,,,,,6.021052631578946e-07,10624,,,,,,,,,
69,,,,,,,,,,10624,0.021143034100532532,,,,,,,,
,,,,,,,,,6.014473684210526e-07,10629,,,,,,,,,
69,,,,,,,,,,10629,0.016825873404741287,,,,,,,,
,,,,,,,,,6.007894736842105e-07,10634,,,,,,,,,
69,,,,,,,,,,10634,0.054061438888311386,,,,,,,,
,,,,,,,,,6.001315789473684e-07,10639,,,,,,,,,
69,,,,,,,,,,10639,0.042780324816703796,,,,,,,,
69,,,,,,,,,,10639,,0.7250000238418579,0.760869562625885,0.06873905658721924,0.06873905658721924,0.4791705310344696,0.760869562625885,0.760869562625885,0.4735315144062042
,,,,,,,,,5.994736842105262e-07,10644,,,,,,,,,
70,,,,,,,,,,10644,0.03746798634529114,,,,,,,,
,,,,,,,,,5.988157894736842e-07,10649,,,,,,,,,
70,,,,,,,,,,10649,0.03560714051127434,,,,,,,,
,,,,,,,,,5.981578947368421e-07,10654,,,,,,,,,
70,,,,,,,,,,10654,0.007643528748303652,,,,,,,,
,,,,,,,,,5.975e-07,10659,,,,,,,,,
70,,,,,,,,,,10659,0.06781042367219925,,,,,,,,
,,,,,,,,,5.968421052631578e-07,10664,,,,,,,,,
70,,,,,,,,,,10664,0.01722806505858898,,,,,,,,
,,,,,,,,,5.961842105263157e-07,10669,,,,,,,,,
70,,,,,,,,,,10669,0.01896139606833458,,,,,,,,
,,,,,,,,,5.955263157894737e-07,10674,,,,,,,,,
70,,,,,,,,,,10674,0.014118391089141369,,,,,,,,
,,,,,,,,,5.948684210526316e-07,10679,,,,,,,,,
70,,,,,,,,,,10679,0.012533823028206825,,,,,,,,
,,,,,,,,,5.942105263157895e-07,10684,,,,,,,,,
70,,,,,,,,,,10684,0.010854143649339676,,,,,,,,
,,,,,,,,,5.935526315789473e-07,10689,,,,,,,,,
70,,,,,,,,,,10689,0.04159894213080406,,,,,,,,
,,,,,,,,,5.928947368421053e-07,10694,,,,,,,,,
70,,,,,,,,,,10694,0.016554342582821846,,,,,,,,
,,,,,,,,,5.922368421052632e-07,10699,,,,,,,,,
70,,,,,,,,,,10699,0.050711553543806076,,,,,,,,
,,,,,,,,,5.915789473684211e-07,10704,,,,,,,,,
70,,,,,,,,,,10704,0.030250728130340576,,,,,,,,
,,,,,,,,,5.909210526315788e-07,10709,,,,,,,,,
70,,,,,,,,,,10709,0.012006683275103569,,,,,,,,
,,,,,,,,,5.902631578947368e-07,10714,,,,,,,,,
70,,,,,,,,,,10714,0.01911996304988861,,,,,,,,
,,,,,,,,,5.896052631578947e-07,10719,,,,,,,,,
70,,,,,,,,,,10719,0.019953584298491478,,,,,,,,
,,,,,,,,,5.889473684210526e-07,10724,,,,,,,,,
70,,,,,,,,,,10724,0.008876092731952667,,,,,,,,
,,,,,,,,,5.882894736842104e-07,10729,,,,,,,,,
70,,,,,,,,,,10729,0.0306862760335207,,,,,,,,
,,,,,,,,,5.876315789473683e-07,10734,,,,,,,,,
70,,,,,,,,,,10734,0.009926057420670986,,,,,,,,
,,,,,,,,,5.869736842105263e-07,10739,,,,,,,,,
70,,,,,,,,,,10739,0.03744643181562424,,,,,,,,
,,,,,,,,,5.863157894736842e-07,10744,,,,,,,,,
70,,,,,,,,,,10744,0.006796439178287983,,,,,,,,
,,,,,,,,,5.856578947368421e-07,10749,,,,,,,,,
70,,,,,,,,,,10749,0.02836521342396736,,,,,,,,
,,,,,,,,,5.849999999999999e-07,10754,,,,,,,,,
70,,,,,,,,,,10754,0.02976822666823864,,,,,,,,
,,,,,,,,,5.843421052631579e-07,10759,,,,,,,,,
70,,,,,,,,,,10759,0.006607589311897755,,,,,,,,
,,,,,,,,,5.836842105263158e-07,10764,,,,,,,,,
70,,,,,,,,,,10764,0.020160283893346786,,,,,,,,
,,,,,,,,,5.830263157894737e-07,10769,,,,,,,,,
70,,,,,,,,,,10769,0.020620329305529594,,,,,,,,
,,,,,,,,,5.823684210526315e-07,10774,,,,,,,,,
70,,,,,,,,,,10774,0.00377295003272593,,,,,,,,
,,,,,,,,,5.817105263157894e-07,10779,,,,,,,,,
70,,,,,,,,,,10779,0.01663878932595253,,,,,,,,
,,,,,,,,,5.810526315789474e-07,10784,,,,,,,,,
70,,,,,,,,,,10784,0.016893187537789345,,,,,,,,
,,,,,,,,,5.803947368421053e-07,10789,,,,,,,,,
70,,,,,,,,,,10789,0.02764442190527916,,,,,,,,
70,,,,,,,,,,10791,,0.75,0.7916666865348816,0.06905160844326019,0.06905160844326019,0.4956391751766205,0.7599999904632568,0.8260869383811951,0.4885912835597992
,,,,,,,,,5.797368421052631e-07,10794,,,,,,,,,
71,,,,,,,,,,10794,0.02992301434278488,,,,,,,,
,,,,,,,,,5.79078947368421e-07,10799,,,,,,,,,
71,,,,,,,,,,10799,0.016370652243494987,,,,,,,,
,,,,,,,,,5.78421052631579e-07,10804,,,,,,,,,
71,,,,,,,,,,10804,0.005380914080888033,,,,,,,,
,,,,,,,,,5.777631578947369e-07,10809,,,,,,,,,
71,,,,,,,,,,10809,0.014391906559467316,,,,,,,,
,,,,,,,,,5.771052631578948e-07,10814,,,,,,,,,
71,,,,,,,,,,10814,0.05567263811826706,,,,,,,,
,,,,,,,,,5.764473684210525e-07,10819,,,,,,,,,
71,,,,,,,,,,10819,0.010195309296250343,,,,,,,,
,,,,,,,,,5.757894736842104e-07,10824,,,,,,,,,
71,,,,,,,,,,10824,0.023121021687984467,,,,,,,,
,,,,,,,,,5.751315789473684e-07,10829,,,,,,,,,
71,,,,,,,,,,10829,0.011220959015190601,,,,,,,,
,,,,,,,,,5.744736842105263e-07,10834,,,,,,,,,
71,,,,,,,,,,10834,0.04282410070300102,,,,,,,,
,,,,,,,,,5.738157894736841e-07,10839,,,,,,,,,
71,,,,,,,,,,10839,0.019709283486008644,,,,,,,,
,,,,,,,,,5.73157894736842e-07,10844,,,,,,,,,
71,,,,,,,,,,10844,0.01960979588329792,,,,,,,,
,,,,,,,,,5.725e-07,10849,,,,,,,,,
71,,,,,,,,,,10849,0.011352724395692348,,,,,,,,
,,,,,,,,,5.718421052631579e-07,10854,,,,,,,,,
71,,,,,,,,,,10854,0.020844873040914536,,,,,,,,
,,,,,,,,,5.711842105263157e-07,10859,,,,,,,,,
71,,,,,,,,,,10859,0.022516919299960136,,,,,,,,
,,,,,,,,,5.705263157894736e-07,10864,,,,,,,,,
71,,,,,,,,,,10864,0.007734060287475586,,,,,,,,
,,,,,,,,,5.698684210526316e-07,10869,,,,,,,,,
71,,,,,,,,,,10869,0.01081516407430172,,,,,,,,
,,,,,,,,,5.692105263157895e-07,10874,,,,,,,,,
71,,,,,,,,,,10874,0.009585796855390072,,,,,,,,
,,,,,,,,,5.685526315789474e-07,10879,,,,,,,,,
71,,,,,,,,,,10879,0.012557045556604862,,,,,,,,
,,,,,,,,,5.678947368421052e-07,10884,,,,,,,,,
71,,,,,,,,,,10884,0.016472311690449715,,,,,,,,
,,,,,,,,,5.672368421052631e-07,10889,,,,,,,,,
71,,,,,,,,,,10889,0.004801235627382994,,,,,,,,
,,,,,,,,,5.665789473684211e-07,10894,,,,,,,,,
71,,,,,,,,,,10894,0.03632671386003494,,,,,,,,
,,,,,,,,,5.65921052631579e-07,10899,,,,,,,,,
71,,,,,,,,,,10899,0.015615498647093773,,,,,,,,
,,,,,,,,,5.652631578947368e-07,10904,,,,,,,,,
71,,,,,,,,,,10904,0.013699267990887165,,,,,,,,
,,,,,,,,,5.646052631578947e-07,10909,,,,,,,,,
71,,,,,,,,,,10909,0.007499661762267351,,,,,,,,
,,,,,,,,,5.639473684210527e-07,10914,,,,,,,,,
71,,,,,,,,,,10914,0.03477490320801735,,,,,,,,
,,,,,,,,,5.632894736842106e-07,10919,,,,,,,,,
71,,,,,,,,,,10919,0.036510247737169266,,,,,,,,
,,,,,,,,,5.626315789473684e-07,10924,,,,,,,,,
71,,,,,,,,,,10924,0.018574407324194908,,,,,,,,
,,,,,,,,,5.619736842105262e-07,10929,,,,,,,,,
71,,,,,,,,,,10929,0.02617013268172741,,,,,,,,
,,,,,,,,,5.613157894736841e-07,10934,,,,,,,,,
71,,,,,,,,,,10934,0.006248351652175188,,,,,,,,
,,,,,,,,,5.606578947368421e-07,10939,,,,,,,,,
71,,,,,,,,,,10939,0.023257315158843994,,,,,,,,
71,,,,,,,,,,10943,,0.7250000238418579,0.760869562625885,0.06790291517972946,0.06790291517972946,0.49049708247184753,0.760869562625885,0.760869562625885,0.48510515689849854
,,,,,,,,,5.6e-07,10944,,,,,,,,,
72,,,,,,,,,,10944,0.02154349535703659,,,,,,,,
,,,,,,,,,5.593421052631578e-07,10949,,,,,,,,,
72,,,,,,,,,,10949,0.01121281273663044,,,,,,,,
,,,,,,,,,5.586842105263157e-07,10954,,,,,,,,,
72,,,,,,,,,,10954,0.03246494382619858,,,,,,,,
,,,,,,,,,5.580263157894737e-07,10959,,,,,,,,,
72,,,,,,,,,,10959,0.021445780992507935,,,,,,,,
,,,,,,,,,5.573684210526316e-07,10964,,,,,,,,,
72,,,,,,,,,,10964,0.011582798324525356,,,,,,,,
,,,,,,,,,5.567105263157894e-07,10969,,,,,,,,,
72,,,,,,,,,,10969,0.016907624900341034,,,,,,,,
,,,,,,,,,5.560526315789473e-07,10974,,,,,,,,,
72,,,,,,,,,,10974,0.035903602838516235,,,,,,,,
,,,,,,,,,5.553947368421052e-07,10979,,,,,,,,,
72,,,,,,,,,,10979,0.03423864021897316,,,,,,,,
,,,,,,,,,5.547368421052632e-07,10984,,,,,,,,,
72,,,,,,,,,,10984,0.008449258282780647,,,,,,,,
,,,,,,,,,5.54078947368421e-07,10989,,,,,,,,,
72,,,,,,,,,,10989,0.018293986096978188,,,,,,,,
,,,,,,,,,5.534210526315789e-07,10994,,,,,,,,,
72,,,,,,,,,,10994,0.014051977545022964,,,,,,,,
,,,,,,,,,5.527631578947368e-07,10999,,,,,,,,,
72,,,,,,,,,,10999,0.028396667912602425,,,,,,,,
,,,,,,,,,5.521052631578948e-07,11004,,,,,,,,,
72,,,,,,,,,,11004,0.014725946821272373,,,,,,,,
,,,,,,,,,5.514473684210527e-07,11009,,,,,,,,,
72,,,,,,,,,,11009,0.026151135563850403,,,,,,,,
,,,,,,,,,5.507894736842105e-07,11014,,,,,,,,,
72,,,,,,,,,,11014,0.03382723405957222,,,,,,,,
,,,,,,,,,5.501315789473684e-07,11019,,,,,,,,,
72,,,,,,,,,,11019,0.007139692083001137,,,,,,,,
,,,,,,,,,5.494736842105263e-07,11024,,,,,,,,,
72,,,,,,,,,,11024,0.012670564465224743,,,,,,,,
,,,,,,,,,5.488157894736843e-07,11029,,,,,,,,,
72,,,,,,,,,,11029,0.027555901557207108,,,,,,,,
,,,,,,,,,5.48157894736842e-07,11034,,,,,,,,,
72,,,,,,,,,,11034,0.02686482109129429,,,,,,,,
,,,,,,,,,5.474999999999999e-07,11039,,,,,,,,,
72,,,,,,,,,,11039,0.012927109375596046,,,,,,,,
,,,,,,,,,5.468421052631578e-07,11044,,,,,,,,,
72,,,,,,,,,,11044,0.021347511559724808,,,,,,,,
,,,,,,,,,5.461842105263158e-07,11049,,,,,,,,,
72,,,,,,,,,,11049,0.02812827378511429,,,,,,,,
,,,,,,,,,5.455263157894736e-07,11054,,,,,,,,,
72,,,,,,,,,,11054,0.013051848858594894,,,,,,,,
,,,,,,,,,5.448684210526315e-07,11059,,,,,,,,,
72,,,,,,,,,,11059,0.007151440251618624,,,,,,,,
,,,,,,,,,5.442105263157894e-07,11064,,,,,,,,,
72,,,,,,,,,,11064,0.020268922671675682,,,,,,,,
,,,,,,,,,5.435526315789474e-07,11069,,,,,,,,,
72,,,,,,,,,,11069,0.02184240147471428,,,,,,,,
,,,,,,,,,5.428947368421052e-07,11074,,,,,,,,,
72,,,,,,,,,,11074,0.03216908499598503,,,,,,,,
,,,,,,,,,5.422368421052631e-07,11079,,,,,,,,,
72,,,,,,,,,,11079,0.010892338119447231,,,,,,,,
,,,,,,,,,5.41578947368421e-07,11084,,,,,,,,,
72,,,,,,,,,,11084,0.014346151612699032,,,,,,,,
,,,,,,,,,5.409210526315789e-07,11089,,,,,,,,,
72,,,,,,,,,,11089,0.017660781741142273,,,,,,,,
,,,,,,,,,5.402631578947369e-07,11094,,,,,,,,,
72,,,,,,,,,,11094,0.011111176572740078,,,,,,,,
72,,,,,,,,,,11095,,0.737500011920929,0.7789473533630371,0.06885117292404175,0.06885117292404175,0.4995187819004059,0.7551020383834839,0.804347813129425,0.4867132008075714
,,,,,,,,,5.396052631578947e-07,11099,,,,,,,,,
73,,,,,,,,,,11099,0.019627707079052925,,,,,,,,
,,,,,,,,,5.389473684210526e-07,11104,,,,,,,,,
73,,,,,,,,,,11104,0.013135294429957867,,,,,,,,
,,,,,,,,,5.382894736842105e-07,11109,,,,,,,,,
73,,,,,,,,,,11109,0.05033920705318451,,,,,,,,
,,,,,,,,,5.376315789473685e-07,11114,,,,,,,,,
73,,,,,,,,,,11114,0.022138675674796104,,,,,,,,
,,,,,,,,,5.369736842105263e-07,11119,,,,,,,,,
73,,,,,,,,,,11119,0.0188521109521389,,,,,,,,
,,,,,,,,,5.363157894736842e-07,11124,,,,,,,,,
73,,,,,,,,,,11124,0.02277327887713909,,,,,,,,
,,,,,,,,,5.356578947368421e-07,11129,,,,,,,,,
73,,,,,,,,,,11129,0.02659737877547741,,,,,,,,
,,,,,,,,,5.35e-07,11134,,,,,,,,,
73,,,,,,,,,,11134,0.014773606322705746,,,,,,,,
,,,,,,,,,5.343421052631579e-07,11139,,,,,,,,,
73,,,,,,,,,,11139,0.037619270384311676,,,,,,,,
,,,,,,,,,5.336842105263158e-07,11144,,,,,,,,,
73,,,,,,,,,,11144,0.014275111258029938,,,,,,,,
,,,,,,,,,5.330263157894736e-07,11149,,,,,,,,,
73,,,,,,,,,,11149,0.011170580051839352,,,,,,,,
,,,,,,,,,5.323684210526315e-07,11154,,,,,,,,,
73,,,,,,,,,,11154,0.024934353306889534,,,,,,,,
,,,,,,,,,5.317105263157895e-07,11159,,,,,,,,,
73,,,,,,,,,,11159,0.0414915569126606,,,,,,,,
,,,,,,,,,5.310526315789473e-07,11164,,,,,,,,,
73,,,,,,,,,,11164,0.006215562578290701,,,,,,,,
,,,,,,,,,5.303947368421052e-07,11169,,,,,,,,,
73,,,,,,,,,,11169,0.02498885802924633,,,,,,,,
,,,,,,,,,5.297368421052631e-07,11174,,,,,,,,,
73,,,,,,,,,,11174,0.003273904789239168,,,,,,,,
,,,,,,,,,5.29078947368421e-07,11179,,,,,,,,,
73,,,,,,,,,,11179,0.019474554806947708,,,,,,,,
,,,,,,,,,5.284210526315789e-07,11184,,,,,,,,,
73,,,,,,,,,,11184,0.035931386053562164,,,,,,,,
,,,,,,,,,5.277631578947368e-07,11189,,,,,,,,,
73,,,,,,,,,,11189,0.010913848876953125,,,,,,,,
,,,,,,,,,5.271052631578947e-07,11194,,,,,,,,,
73,,,,,,,,,,11194,0.01570790633559227,,,,,,,,
,,,,,,,,,5.264473684210526e-07,11199,,,,,,,,,
73,,,,,,,,,,11199,0.005271595902740955,,,,,,,,
,,,,,,,,,5.257894736842105e-07,11204,,,,,,,,,
73,,,,,,,,,,11204,0.0079352967441082,,,,,,,,
,,,,,,,,,5.251315789473684e-07,11209,,,,,,,,,
73,,,,,,,,,,11209,0.026317620649933815,,,,,,,,
,,,,,,,,,5.244736842105263e-07,11214,,,,,,,,,
73,,,,,,,,,,11214,0.03766864165663719,,,,,,,,
,,,,,,,,,5.238157894736842e-07,11219,,,,,,,,,
73,,,,,,,,,,11219,0.024915724992752075,,,,,,,,
,,,,,,,,,5.231578947368422e-07,11224,,,,,,,,,
73,,,,,,,,,,11224,0.015381586737930775,,,,,,,,
,,,,,,,,,5.225e-07,11229,,,,,,,,,
73,,,,,,,,,,11229,0.043368928134441376,,,,,,,,
,,,,,,,,,5.218421052631579e-07,11234,,,,,,,,,
73,,,,,,,,,,11234,0.023065432906150818,,,,,,,,
,,,,,,,,,5.211842105263158e-07,11239,,,,,,,,,
73,,,,,,,,,,11239,0.009286681190133095,,,,,,,,
,,,,,,,,,5.205263157894737e-07,11244,,,,,,,,,
73,,,,,,,,,,11244,0.04418874904513359,,,,,,,,
73,,,,,,,,,,11247,,0.7124999761581421,0.7472527623176575,0.06879512220621109,0.06879512220621109,0.48139986395835876,0.7555555701255798,0.739130437374115,0.4874761700630188
,,,,,,,,,5.198684210526316e-07,11249,,,,,,,,,
74,,,,,,,,,,11249,0.02400604635477066,,,,,,,,
,,,,,,,,,5.192105263157895e-07,11254,,,,,,,,,
74,,,,,,,,,,11254,0.01879056729376316,,,,,,,,
,,,,,,,,,5.185526315789473e-07,11259,,,,,,,,,
74,,,,,,,,,,11259,0.02279520593583584,,,,,,,,
,,,,,,,,,5.178947368421052e-07,11264,,,,,,,,,
74,,,,,,,,,,11264,0.0334911085665226,,,,,,,,
,,,,,,,,,5.17236842105263e-07,11269,,,,,,,,,
74,,,,,,,,,,11269,0.020165996626019478,,,,,,,,
,,,,,,,,,5.16578947368421e-07,11274,,,,,,,,,
74,,,,,,,,,,11274,0.014945422299206257,,,,,,,,
,,,,,,,,,5.159210526315789e-07,11279,,,,,,,,,
74,,,,,,,,,,11279,0.02697429619729519,,,,,,,,
,,,,,,,,,5.152631578947368e-07,11284,,,,,,,,,
74,,,,,,,,,,11284,0.004454010631889105,,,,,,,,
,,,,,,,,,5.146052631578947e-07,11289,,,,,,,,,
74,,,,,,,,,,11289,0.02060740627348423,,,,,,,,
,,,,,,,,,5.139473684210526e-07,11294,,,,,,,,,
74,,,,,,,,,,11294,0.03414483740925789,,,,,,,,
,,,,,,,,,5.132894736842105e-07,11299,,,,,,,,,
74,,,,,,,,,,11299,0.025548748672008514,,,,,,,,
,,,,,,,,,5.126315789473684e-07,11304,,,,,,,,,
74,,,,,,,,,,11304,0.02663477323949337,,,,,,,,
,,,,,,,,,5.119736842105263e-07,11309,,,,,,,,,
74,,,,,,,,,,11309,0.041444793343544006,,,,,,,,
,,,,,,,,,5.113157894736842e-07,11314,,,,,,,,,
74,,,,,,,,,,11314,0.02548755705356598,,,,,,,,
,,,,,,,,,5.106578947368421e-07,11319,,,,,,,,,
74,,,,,,,,,,11319,0.015329059213399887,,,,,,,,
,,,,,,,,,5.1e-07,11324,,,,,,,,,
74,,,,,,,,,,11324,0.02040761709213257,,,,,,,,
,,,,,,,,,5.093421052631579e-07,11329,,,,,,,,,
74,,,,,,,,,,11329,0.014439407736063004,,,,,,,,
,,,,,,,,,5.086842105263157e-07,11334,,,,,,,,,
74,,,,,,,,,,11334,0.03262091055512428,,,,,,,,
,,,,,,,,,5.080263157894737e-07,11339,,,,,,,,,
74,,,,,,,,,,11339,0.023724520578980446,,,,,,,,
,,,,,,,,,5.073684210526316e-07,11344,,,,,,,,,
74,,,,,,,,,,11344,0.05381592735648155,,,,,,,,
,,,,,,,,,5.067105263157895e-07,11349,,,,,,,,,
74,,,,,,,,,,11349,0.01787501759827137,,,,,,,,
,,,,,,,,,5.060526315789474e-07,11354,,,,,,,,,
74,,,,,,,,,,11354,0.05330826714634895,,,,,,,,
,,,,,,,,,5.053947368421053e-07,11359,,,,,,,,,
74,,,,,,,,,,11359,0.03338761627674103,,,,,,,,
,,,,,,,,,5.047368421052632e-07,11364,,,,,,,,,
74,,,,,,,,,,11364,0.03344383090734482,,,,,,,,
,,,,,,,,,5.04078947368421e-07,11369,,,,,,,,,
74,,,,,,,,,,11369,0.061346542090177536,,,,,,,,
,,,,,,,,,5.034210526315789e-07,11374,,,,,,,,,
74,,,,,,,,,,11374,0.022236866876482964,,,,,,,,
,,,,,,,,,5.027631578947367e-07,11379,,,,,,,,,
74,,,,,,,,,,11379,0.01488654688000679,,,,,,,,
,,,,,,,,,5.021052631578947e-07,11384,,,,,,,,,
74,,,,,,,,,,11384,0.010410023853182793,,,,,,,,
,,,,,,,,,5.014473684210526e-07,11389,,,,,,,,,
74,,,,,,,,,,11389,0.02479156292974949,,,,,,,,
,,,,,,,,,5.007894736842105e-07,11394,,,,,,,,,
74,,,,,,,,,,11394,0.004040086176246405,,,,,,,,
,,,,,,,,,5.001315789473683e-07,11399,,,,,,,,,
74,,,,,,,,,,11399,0.010841318406164646,,,,,,,,
74,,,,,,,,,,11399,,0.737500011920929,0.774193525314331,0.0695841982960701,0.0695841982960701,0.48184850811958313,0.7659574747085571,0.782608687877655,0.4821236729621887
,,,,,,,,,4.994736842105263e-07,11404,,,,,,,,,
75,,,,,,,,,,11404,0.022980382665991783,,,,,,,,
,,,,,,,,,4.988157894736842e-07,11409,,,,,,,,,
75,,,,,,,,,,11409,0.018731217831373215,,,,,,,,
,,,,,,,,,4.981578947368421e-07,11414,,,,,,,,,
75,,,,,,,,,,11414,0.04347992688417435,,,,,,,,
,,,,,,,,,4.975e-07,11419,,,,,,,,,
75,,,,,,,,,,11419,0.025012826547026634,,,,,,,,
,,,,,,,,,4.968421052631579e-07,11424,,,,,,,,,
75,,,,,,,,,,11424,0.025026679039001465,,,,,,,,
,,,,,,,,,4.961842105263158e-07,11429,,,,,,,,,
75,,,,,,,,,,11429,0.00784537848085165,,,,,,,,
,,,,,,,,,4.955263157894737e-07,11434,,,,,,,,,
75,,,,,,,,,,11434,0.03844676911830902,,,,,,,,
,,,,,,,,,4.948684210526316e-07,11439,,,,,,,,,
75,,,,,,,,,,11439,0.05739941447973251,,,,,,,,
,,,,,,,,,4.942105263157895e-07,11444,,,,,,,,,
75,,,,,,,,,,11444,0.03520304709672928,,,,,,,,
,,,,,,,,,4.935526315789474e-07,11449,,,,,,,,,
75,,,,,,,,,,11449,0.011834770441055298,,,,,,,,
,,,,,,,,,4.928947368421053e-07,11454,,,,,,,,,
75,,,,,,,,,,11454,0.012109767645597458,,,,,,,,
,,,,,,,,,4.922368421052632e-07,11459,,,,,,,,,
75,,,,,,,,,,11459,0.03950373828411102,,,,,,,,
,,,,,,,,,4.915789473684211e-07,11464,,,,,,,,,
75,,,,,,,,,,11464,0.023850854486227036,,,,,,,,
,,,,,,,,,4.909210526315789e-07,11469,,,,,,,,,
75,,,,,,,,,,11469,0.01078914012759924,,,,,,,,
,,,,,,,,,4.902631578947369e-07,11474,,,,,,,,,
75,,,,,,,,,,11474,0.014803566969931126,,,,,,,,
,,,,,,,,,4.896052631578946e-07,11479,,,,,,,,,
75,,,,,,,,,,11479,0.01851375214755535,,,,,,,,
,,,,,,,,,4.889473684210526e-07,11484,,,,,,,,,
75,,,,,,,,,,11484,0.009132673032581806,,,,,,,,
,,,,,,,,,4.882894736842105e-07,11489,,,,,,,,,
75,,,,,,,,,,11489,0.015925470739603043,,,,,,,,
,,,,,,,,,4.876315789473684e-07,11494,,,,,,,,,
75,,,,,,,,,,11494,0.027439257130026817,,,,,,,,
,,,,,,,,,4.869736842105263e-07,11499,,,,,,,,,
75,,,,,,,,,,11499,0.015078816562891006,,,,,,,,
,,,,,,,,,4.863157894736842e-07,11504,,,,,,,,,
75,,,,,,,,,,11504,0.033018503338098526,,,,,,,,
,,,,,,,,,4.856578947368421e-07,11509,,,,,,,,,
75,,,,,,,,,,11509,0.010679472237825394,,,,,,,,
,,,,,,,,,4.85e-07,11514,,,,,,,,,
75,,,,,,,,,,11514,0.03880780562758446,,,,,,,,
,,,,,,,,,4.843421052631579e-07,11519,,,,,,,,,
75,,,,,,,,,,11519,0.02502800151705742,,,,,,,,
,,,,,,,,,4.836842105263157e-07,11524,,,,,,,,,
75,,,,,,,,,,11524,0.015159541741013527,,,,,,,,
,,,,,,,,,4.830263157894737e-07,11529,,,,,,,,,
75,,,,,,,,,,11529,0.023818928748369217,,,,,,,,
,,,,,,,,,4.823684210526315e-07,11534,,,,,,,,,
75,,,,,,,,,,11534,0.04046347364783287,,,,,,,,
,,,,,,,,,4.817105263157895e-07,11539,,,,,,,,,
75,,,,,,,,,,11539,0.025108883157372475,,,,,,,,
,,,,,,,,,4.810526315789473e-07,11544,,,,,,,,,
75,,,,,,,,,,11544,0.027276793494820595,,,,,,,,
,,,,,,,,,4.803947368421053e-07,11549,,,,,,,,,
75,,,,,,,,,,11549,0.005186379887163639,,,,,,,,
75,,,,,,,,,,11551,,0.737500011920929,0.774193525314331,0.06941108405590057,0.06941108405590057,0.4858507215976715,0.7659574747085571,0.782608687877655,0.48226454854011536
,,,,,,,,,4.797368421052632e-07,11554,,,,,,,,,
76,,,,,,,,,,11554,0.015688909217715263,,,,,,,,
,,,,,,,,,4.790789473684211e-07,11559,,,,,,,,,
76,,,,,,,,,,11559,0.038055554032325745,,,,,,,,
,,,,,,,,,4.78421052631579e-07,11564,,,,,,,,,
76,,,,,,,,,,11564,0.05577506497502327,,,,,,,,
,,,,,,,,,4.777631578947369e-07,11569,,,,,,,,,
76,,,,,,,,,,11569,0.03006962686777115,,,,,,,,
,,,,,,,,,4.771052631578948e-07,11574,,,,,,,,,
76,,,,,,,,,,11574,0.029843492433428764,,,,,,,,
,,,,,,,,,4.764473684210526e-07,11579,,,,,,,,,
76,,,,,,,,,,11579,0.019617268815636635,,,,,,,,
,,,,,,,,,4.757894736842105e-07,11584,,,,,,,,,
76,,,,,,,,,,11584,0.011820695362985134,,,,,,,,
,,,,,,,,,4.751315789473684e-07,11589,,,,,,,,,
76,,,,,,,,,,11589,0.029267026111483574,,,,,,,,
,,,,,,,,,4.744736842105263e-07,11594,,,,,,,,,
76,,,,,,,,,,11594,0.015861710533499718,,,,,,,,
,,,,,,,,,4.738157894736842e-07,11599,,,,,,,,,
76,,,,,,,,,,11599,0.020883606746792793,,,,,,,,
,,,,,,,,,4.731578947368421e-07,11604,,,,,,,,,
76,,,,,,,,,,11604,0.010930666700005531,,,,,,,,
,,,,,,,,,4.725e-07,11609,,,,,,,,,
76,,,,,,,,,,11609,0.003823335748165846,,,,,,,,
,,,,,,,,,4.7184210526315787e-07,11614,,,,,,,,,
76,,,,,,,,,,11614,0.01804690808057785,,,,,,,,
,,,,,,,,,4.711842105263158e-07,11619,,,,,,,,,
76,,,,,,,,,,11619,0.017792923375964165,,,,,,,,
,,,,,,,,,4.7052631578947366e-07,11624,,,,,,,,,
76,,,,,,,,,,11624,0.018947208300232887,,,,,,,,
,,,,,,,,,4.6986842105263156e-07,11629,,,,,,,,,
76,,,,,,,,,,11629,0.03125505894422531,,,,,,,,
,,,,,,,,,4.6921052631578945e-07,11634,,,,,,,,,
76,,,,,,,,,,11634,0.013542729429900646,,,,,,,,
,,,,,,,,,4.6855263157894735e-07,11639,,,,,,,,,
76,,,,,,,,,,11639,0.02702988311648369,,,,,,,,
,,,,,,,,,4.6789473684210524e-07,11644,,,,,,,,,
76,,,,,,,,,,11644,0.0056179785169661045,,,,,,,,
,,,,,,,,,4.6723684210526314e-07,11649,,,,,,,,,
76,,,,,,,,,,11649,0.016130976378917694,,,,,,,,
,,,,,,,,,4.6657894736842104e-07,11654,,,,,,,,,
76,,,,,,,,,,11654,0.006667855195701122,,,,,,,,
,,,,,,,,,4.6592105263157893e-07,11659,,,,,,,,,
76,,,,,,,,,,11659,0.014645366929471493,,,,,,,,
,,,,,,,,,4.652631578947368e-07,11664,,,,,,,,,
76,,,,,,,,,,11664,0.007274804171174765,,,,,,,,
,,,,,,,,,4.646052631578947e-07,11669,,,,,,,,,
76,,,,,,,,,,11669,0.03759847208857536,,,,,,,,
,,,,,,,,,4.6394736842105256e-07,11674,,,,,,,,,
76,,,,,,,,,,11674,0.05756950378417969,,,,,,,,
,,,,,,,,,4.632894736842105e-07,11679,,,,,,,,,
76,,,,,,,,,,11679,0.03621761128306389,,,,,,,,
,,,,,,,,,4.6263157894736835e-07,11684,,,,,,,,,
76,,,,,,,,,,11684,0.01780553348362446,,,,,,,,
,,,,,,,,,4.619736842105263e-07,11689,,,,,,,,,
76,,,,,,,,,,11689,0.03425086662173271,,,,,,,,
,,,,,,,,,4.613157894736842e-07,11694,,,,,,,,,
76,,,,,,,,,,11694,0.014653348363935947,,,,,,,,
,,,,,,,,,4.606578947368421e-07,11699,,,,,,,,,
76,,,,,,,,,,11699,0.025383388623595238,,,,,,,,
76,,,,,,,,,,11703,,0.7250000238418579,0.760869562625885,0.06964287161827087,0.06964287161827087,0.4824777841567993,0.760869562625885,0.760869562625885,0.48228806257247925
,,,,,,,,,4.6e-07,11704,,,,,,,,,
77,,,,,,,,,,11704,0.012041300535202026,,,,,,,,
,,,,,,,,,4.593421052631579e-07,11709,,,,,,,,,
77,,,,,,,,,,11709,0.03482244536280632,,,,,,,,
,,,,,,,,,4.586842105263158e-07,11714,,,,,,,,,
77,,,,,,,,,,11714,0.005889585707336664,,,,,,,,
,,,,,,,,,4.580263157894736e-07,11719,,,,,,,,,
77,,,,,,,,,,11719,0.009678266942501068,,,,,,,,
,,,,,,,,,4.5736842105263157e-07,11724,,,,,,,,,
77,,,,,,,,,,11724,0.009324509650468826,,,,,,,,
,,,,,,,,,4.567105263157894e-07,11729,,,,,,,,,
77,,,,,,,,,,11729,0.02547074668109417,,,,,,,,
,,,,,,,,,4.5605263157894736e-07,11734,,,,,,,,,
77,,,,,,,,,,11734,0.015258644707500935,,,,,,,,
,,,,,,,,,4.553947368421052e-07,11739,,,,,,,,,
77,,,,,,,,,,11739,0.04965875670313835,,,,,,,,
,,,,,,,,,4.5473684210526315e-07,11744,,,,,,,,,
77,,,,,,,,,,11744,0.018248887732625008,,,,,,,,
,,,,,,,,,4.54078947368421e-07,11749,,,,,,,,,
77,,,,,,,,,,11749,0.02636081911623478,,,,,,,,
,,,,,,,,,4.5342105263157894e-07,11754,,,,,,,,,
77,,,,,,,,,,11754,0.01783122681081295,,,,,,,,
,,,,,,,,,4.5276315789473684e-07,11759,,,,,,,,,
77,,,,,,,,,,11759,0.023980403319001198,,,,,,,,
,,,,,,,,,4.5210526315789474e-07,11764,,,,,,,,,
77,,,,,,,,,,11764,0.011209472082555294,,,,,,,,
,,,,,,,,,4.5144736842105263e-07,11769,,,,,,,,,
77,,,,,,,,,,11769,0.019192980602383614,,,,,,,,
,,,,,,,,,4.5078947368421047e-07,11774,,,,,,,,,
77,,,,,,,,,,11774,0.01656135357916355,,,,,,,,
,,,,,,,,,4.501315789473684e-07,11779,,,,,,,,,
77,,,,,,,,,,11779,0.01347294170409441,,,,,,,,
,,,,,,,,,4.4947368421052626e-07,11784,,,,,,,,,
77,,,,,,,,,,11784,0.011538266204297543,,,,,,,,
,,,,,,,,,4.488157894736842e-07,11789,,,,,,,,,
77,,,,,,,,,,11789,0.046769801527261734,,,,,,,,
,,,,,,,,,4.4815789473684206e-07,11794,,,,,,,,,
77,,,,,,,,,,11794,0.004397823940962553,,,,,,,,
,,,,,,,,,4.475e-07,11799,,,,,,,,,
77,,,,,,,,,,11799,0.020841166377067566,,,,,,,,
,,,,,,,,,4.4684210526315785e-07,11804,,,,,,,,,
77,,,,,,,,,,11804,0.017620360478758812,,,,,,,,
,,,,,,,,,4.461842105263158e-07,11809,,,,,,,,,
77,,,,,,,,,,11809,0.048780642449855804,,,,,,,,
,,,,,,,,,4.4552631578947364e-07,11814,,,,,,,,,
77,,,,,,,,,,11814,0.03529620170593262,,,,,,,,
,,,,,,,,,4.448684210526316e-07,11819,,,,,,,,,
77,,,,,,,,,,11819,0.030256977304816246,,,,,,,,
,,,,,,,,,4.442105263157895e-07,11824,,,,,,,,,
77,,,,,,,,,,11824,0.022007115185260773,,,,,,,,
,,,,,,,,,4.435526315789473e-07,11829,,,,,,,,,
77,,,,,,,,,,11829,0.004986607003957033,,,,,,,,
,,,,,,,,,4.4289473684210527e-07,11834,,,,,,,,,
77,,,,,,,,,,11834,0.02758040279150009,,,,,,,,
,,,,,,,,,4.422368421052631e-07,11839,,,,,,,,,
77,,,,,,,,,,11839,0.047662436962127686,,,,,,,,
,,,,,,,,,4.4157894736842106e-07,11844,,,,,,,,,
77,,,,,,,,,,11844,0.010836897417902946,,,,,,,,
,,,,,,,,,4.409210526315789e-07,11849,,,,,,,,,
77,,,,,,,,,,11849,0.02326454035937786,,,,,,,,
,,,,,,,,,4.4026315789473685e-07,11854,,,,,,,,,
77,,,,,,,,,,11854,0.012434852309525013,,,,,,,,
77,,,,,,,,,,11855,,0.7124999761581421,0.7526881694793701,0.06912855058908463,0.06912855058908463,0.48482295870780945,0.7446808218955994,0.760869562625885,0.4917605221271515
,,,,,,,,,4.396052631578947e-07,11859,,,,,,,,,
78,,,,,,,,,,11859,0.006402239669114351,,,,,,,,
,,,,,,,,,4.3894736842105264e-07,11864,,,,,,,,,
78,,,,,,,,,,11864,0.01363740861415863,,,,,,,,
,,,,,,,,,4.382894736842105e-07,11869,,,,,,,,,
78,,,,,,,,,,11869,0.028278158977627754,,,,,,,,
,,,,,,,,,4.376315789473684e-07,11874,,,,,,,,,
78,,,,,,,,,,11874,0.023183481767773628,,,,,,,,
,,,,,,,,,4.369736842105263e-07,11879,,,,,,,,,
78,,,,,,,,,,11879,0.012570222839713097,,,,,,,,
,,,,,,,,,4.3631578947368417e-07,11884,,,,,,,,,
78,,,,,,,,,,11884,0.06753020733594894,,,,,,,,
,,,,,,,,,4.356578947368421e-07,11889,,,,,,,,,
78,,,,,,,,,,11889,0.016439488157629967,,,,,,,,
,,,,,,,,,4.3499999999999996e-07,11894,,,,,,,,,
78,,,,,,,,,,11894,0.012715151533484459,,,,,,,,
,,,,,,,,,4.343421052631579e-07,11899,,,,,,,,,
78,,,,,,,,,,11899,0.007272037211805582,,,,,,,,
,,,,,,,,,4.3368421052631576e-07,11904,,,,,,,,,
78,,,,,,,,,,11904,0.016526343300938606,,,,,,,,
,,,,,,,,,4.330263157894737e-07,11909,,,,,,,,,
78,,,,,,,,,,11909,0.027116894721984863,,,,,,,,
,,,,,,,,,4.3236842105263155e-07,11914,,,,,,,,,
78,,,,,,,,,,11914,0.022137239575386047,,,,,,,,
,,,,,,,,,4.317105263157895e-07,11919,,,,,,,,,
78,,,,,,,,,,11919,0.025752365589141846,,,,,,,,
,,,,,,,,,4.3105263157894734e-07,11924,,,,,,,,,
78,,,,,,,,,,11924,0.04769621789455414,,,,,,,,
,,,,,,,,,4.3039473684210523e-07,11929,,,,,,,,,
78,,,,,,,,,,11929,0.020072709769010544,,,,,,,,
,,,,,,,,,4.2973684210526313e-07,11934,,,,,,,,,
78,,,,,,,,,,11934,0.021741202101111412,,,,,,,,
,,,,,,,,,4.29078947368421e-07,11939,,,,,,,,,
78,,,,,,,,,,11939,0.0036518301349133253,,,,,,,,
,,,,,,,,,4.284210526315789e-07,11944,,,,,,,,,
78,,,,,,,,,,11944,0.02629130892455578,,,,,,,,
,,,,,,,,,4.277631578947368e-07,11949,,,,,,,,,
78,,,,,,,,,,11949,0.012354914098978043,,,,,,,,
,,,,,,,,,4.271052631578947e-07,11954,,,,,,,,,
78,,,,,,,,,,11954,0.04921725392341614,,,,,,,,
,,,,,,,,,4.264473684210526e-07,11959,,,,,,,,,
78,,,,,,,,,,11959,0.008982382714748383,,,,,,,,
,,,,,,,,,4.2578947368421055e-07,11964,,,,,,,,,
78,,,,,,,,,,11964,0.02486041933298111,,,,,,,,
,,,,,,,,,4.251315789473684e-07,11969,,,,,,,,,
78,,,,,,,,,,11969,0.005623532459139824,,,,,,,,
,,,,,,,,,4.244736842105263e-07,11974,,,,,,,,,
78,,,,,,,,,,11974,0.019662674516439438,,,,,,,,
,,,,,,,,,4.238157894736842e-07,11979,,,,,,,,,
78,,,,,,,,,,11979,0.016860291361808777,,,,,,,,
,,,,,,,,,4.231578947368421e-07,11984,,,,,,,,,
78,,,,,,,,,,11984,0.027328234165906906,,,,,,,,
,,,,,,,,,4.225e-07,11989,,,,,,,,,
78,,,,,,,,,,11989,0.009508385322988033,,,,,,,,
,,,,,,,,,4.218421052631579e-07,11994,,,,,,,,,
78,,,,,,,,,,11994,0.034377727657556534,,,,,,,,
,,,,,,,,,4.2118421052631577e-07,11999,,,,,,,,,
78,,,,,,,,,,11999,0.03324269875884056,,,,,,,,
,,,,,,,,,4.2052631578947366e-07,12004,,,,,,,,,
78,,,,,,,,,,12004,0.0222631823271513,,,,,,,,
78,,,,,,,,,,12007,,0.737500011920929,0.774193525314331,0.0684167817234993,0.0684167817234993,0.4934084117412567,0.7659574747085571,0.782608687877655,0.49656131863594055
,,,,,,,,,4.1986842105263156e-07,12009,,,,,,,,,
79,,,,,,,,,,12009,0.007441078778356314,,,,,,,,
,,,,,,,,,4.1921052631578946e-07,12014,,,,,,,,,
79,,,,,,,,,,12014,0.01646602526307106,,,,,,,,
,,,,,,,,,4.185526315789473e-07,12019,,,,,,,,,
79,,,,,,,,,,12019,0.014552225358784199,,,,,,,,
,,,,,,,,,4.1789473684210525e-07,12024,,,,,,,,,
79,,,,,,,,,,12024,0.0153636634349823,,,,,,,,
,,,,,,,,,4.1723684210526314e-07,12029,,,,,,,,,
79,,,,,,,,,,12029,0.04878290370106697,,,,,,,,
,,,,,,,,,4.1657894736842104e-07,12034,,,,,,,,,
79,,,,,,,,,,12034,0.01042158529162407,,,,,,,,
,,,,,,,,,4.1592105263157893e-07,12039,,,,,,,,,
79,,,,,,,,,,12039,0.01704605109989643,,,,,,,,
,,,,,,,,,4.1526315789473683e-07,12044,,,,,,,,,
79,,,,,,,,,,12044,0.03209210932254791,,,,,,,,
,,,,,,,,,4.146052631578947e-07,12049,,,,,,,,,
79,,,,,,,,,,12049,0.02477833442389965,,,,,,,,
,,,,,,,,,4.139473684210526e-07,12054,,,,,,,,,
79,,,,,,,,,,12054,0.015097448602318764,,,,,,,,
,,,,,,,,,4.132894736842105e-07,12059,,,,,,,,,
79,,,,,,,,,,12059,0.026663821190595627,,,,,,,,
,,,,,,,,,4.126315789473684e-07,12064,,,,,,,,,
79,,,,,,,,,,12064,0.07066893577575684,,,,,,,,
,,,,,,,,,4.119736842105263e-07,12069,,,,,,,,,
79,,,,,,,,,,12069,0.03549868240952492,,,,,,,,
,,,,,,,,,4.1131578947368415e-07,12074,,,,,,,,,
79,,,,,,,,,,12074,0.022656084969639778,,,,,,,,
,,,,,,,,,4.106578947368421e-07,12079,,,,,,,,,
79,,,,,,,,,,12079,0.03745804727077484,,,,,,,,
,,,,,,,,,4.0999999999999994e-07,12084,,,,,,,,,
79,,,,,,,,,,12084,0.013572285883128643,,,,,,,,
,,,,,,,,,4.093421052631579e-07,12089,,,,,,,,,
79,,,,,,,,,,12089,0.025334415957331657,,,,,,,,
,,,,,,,,,4.086842105263158e-07,12094,,,,,,,,,
79,,,,,,,,,,12094,0.035103779286146164,,,,,,,,
,,,,,,,,,4.080263157894737e-07,12099,,,,,,,,,
79,,,,,,,,,,12099,0.016649479046463966,,,,,,,,
,,,,,,,,,4.073684210526316e-07,12104,,,,,,,,,
79,,,,,,,,,,12104,0.019628575071692467,,,,,,,,
,,,,,,,,,4.0671052631578947e-07,12109,,,,,,,,,
79,,,,,,,,,,12109,0.020757943391799927,,,,,,,,
,,,,,,,,,4.0605263157894736e-07,12114,,,,,,,,,
79,,,,,,,,,,12114,0.024452809244394302,,,,,,,,
,,,,,,,,,4.0539473684210526e-07,12119,,,,,,,,,
79,,,,,,,,,,12119,0.03305815905332565,,,,,,,,
,,,,,,,,,4.0473684210526316e-07,12124,,,,,,,,,
79,,,,,,,,,,12124,0.016285346820950508,,,,,,,,
,,,,,,,,,4.04078947368421e-07,12129,,,,,,,,,
79,,,,,,,,,,12129,0.03691590577363968,,,,,,,,
,,,,,,,,,4.0342105263157895e-07,12134,,,,,,,,,
79,,,,,,,,,,12134,0.008488579653203487,,,,,,,,
,,,,,,,,,4.027631578947368e-07,12139,,,,,,,,,
79,,,,,,,,,,12139,0.015442420728504658,,,,,,,,
,,,,,,,,,4.0210526315789474e-07,12144,,,,,,,,,
79,,,,,,,,,,12144,0.03964380919933319,,,,,,,,
,,,,,,,,,4.014473684210526e-07,12149,,,,,,,,,
79,,,,,,,,,,12149,0.022751931101083755,,,,,,,,
,,,,,,,,,4.0078947368421053e-07,12154,,,,,,,,,
79,,,,,,,,,,12154,0.0312872976064682,,,,,,,,
,,,,,,,,,4.0013157894736837e-07,12159,,,,,,,,,
79,,,,,,,,,,12159,0.0005633736727759242,,,,,,,,
79,,,,,,,,,,12159,,0.737500011920929,0.774193525314331,0.06859968602657318,0.06859968602657318,0.48969271779060364,0.7659574747085571,0.782608687877655,0.4978642463684082
,,,,,,,,,3.994736842105263e-07,12164,,,,,,,,,
80,,,,,,,,,,12164,0.01755727455019951,,,,,,,,
,,,,,,,,,3.988157894736842e-07,12169,,,,,,,,,
80,,,,,,,,,,12169,0.02967800572514534,,,,,,,,
,,,,,,,,,3.9815789473684206e-07,12174,,,,,,,,,
80,,,,,,,,,,12174,0.007849273271858692,,,,,,,,
,,,,,,,,,3.975e-07,12179,,,,,,,,,
80,,,,,,,,,,12179,0.023241478949785233,,,,,,,,
,,,,,,,,,3.9684210526315785e-07,12184,,,,,,,,,
80,,,,,,,,,,12184,0.010125969536602497,,,,,,,,
,,,,,,,,,3.961842105263158e-07,12189,,,,,,,,,
80,,,,,,,,,,12189,0.022037778049707413,,,,,,,,
,,,,,,,,,3.9552631578947364e-07,12194,,,,,,,,,
80,,,,,,,,,,12194,0.04307269677519798,,,,,,,,
,,,,,,,,,3.948684210526316e-07,12199,,,,,,,,,
80,,,,,,,,,,12199,0.01970406249165535,,,,,,,,
,,,,,,,,,3.9421052631578943e-07,12204,,,,,,,,,
80,,,,,,,,,,12204,0.008211163803935051,,,,,,,,
,,,,,,,,,3.935526315789474e-07,12209,,,,,,,,,
80,,,,,,,,,,12209,0.0458526648581028,,,,,,,,
,,,,,,,,,3.928947368421052e-07,12214,,,,,,,,,
80,,,,,,,,,,12214,0.013191403821110725,,,,,,,,
,,,,,,,,,3.9223684210526317e-07,12219,,,,,,,,,
80,,,,,,,,,,12219,0.007886731065809727,,,,,,,,
,,,,,,,,,3.91578947368421e-07,12224,,,,,,,,,
80,,,,,,,,,,12224,0.027205632999539375,,,,,,,,
,,,,,,,,,3.909210526315789e-07,12229,,,,,,,,,
80,,,,,,,,,,12229,0.022774316370487213,,,,,,,,
,,,,,,,,,3.9026315789473686e-07,12234,,,,,,,,,
80,,,,,,,,,,12234,0.009795553982257843,,,,,,,,
,,,,,,,,,3.896052631578947e-07,12239,,,,,,,,,
80,,,,,,,,,,12239,0.010509845800697803,,,,,,,,
,,,,,,,,,3.8894736842105265e-07,12244,,,,,,,,,
80,,,,,,,,,,12244,0.026079127565026283,,,,,,,,
,,,,,,,,,3.882894736842105e-07,12249,,,,,,,,,
80,,,,,,,,,,12249,0.006908005569130182,,,,,,,,
,,,,,,,,,3.8763157894736844e-07,12254,,,,,,,,,
80,,,,,,,,,,12254,0.024344077333807945,,,,,,,,
,,,,,,,,,3.869736842105263e-07,12259,,,,,,,,,
80,,,,,,,,,,12259,0.01565251313149929,,,,,,,,
,,,,,,,,,3.8631578947368423e-07,12264,,,,,,,,,
80,,,,,,,,,,12264,0.03689710795879364,,,,,,,,
,,,,,,,,,3.8565789473684207e-07,12269,,,,,,,,,
80,,,,,,,,,,12269,0.03593586012721062,,,,,,,,
,,,,,,,,,3.8499999999999997e-07,12274,,,,,,,,,
80,,,,,,,,,,12274,0.033465612679719925,,,,,,,,
,,,,,,,,,3.8434210526315786e-07,12279,,,,,,,,,
80,,,,,,,,,,12279,0.03079126961529255,,,,,,,,
,,,,,,,,,3.8368421052631576e-07,12284,,,,,,,,,
80,,,,,,,,,,12284,0.0061005535535514355,,,,,,,,
,,,,,,,,,3.8302631578947365e-07,12289,,,,,,,,,
80,,,,,,,,,,12289,0.03562047332525253,,,,,,,,
,,,,,,,,,3.8236842105263155e-07,12294,,,,,,,,,
80,,,,,,,,,,12294,0.02766493521630764,,,,,,,,
,,,,,,,,,3.817105263157895e-07,12299,,,,,,,,,
80,,,,,,,,,,12299,0.06173863261938095,,,,,,,,
,,,,,,,,,3.8105263157894734e-07,12304,,,,,,,,,
80,,,,,,,,,,12304,0.010805522091686726,,,,,,,,
,,,,,,,,,3.803947368421053e-07,12309,,,,,,,,,
80,,,,,,,,,,12309,0.03002934344112873,,,,,,,,
80,,,,,,,,,,12311,,0.699999988079071,0.7333333492279053,0.06867069751024246,0.06867069751024246,0.4830172061920166,0.75,0.717391312122345,0.49321600794792175
,,,,,,,,,3.7973684210526313e-07,12314,,,,,,,,,
81,,,,,,,,,,12314,0.0077569615095853806,,,,,,,,
,,,,,,,,,3.790789473684211e-07,12319,,,,,,,,,
81,,,,,,,,,,12319,0.05043021962046623,,,,,,,,
,,,,,,,,,3.784210526315789e-07,12324,,,,,,,,,
81,,,,,,,,,,12324,0.016542019322514534,,,,,,,,
,,,,,,,,,3.777631578947368e-07,12329,,,,,,,,,
81,,,,,,,,,,12329,0.009025163017213345,,,,,,,,
,,,,,,,,,3.771052631578947e-07,12334,,,,,,,,,
81,,,,,,,,,,12334,0.026540685445070267,,,,,,,,
,,,,,,,,,3.764473684210526e-07,12339,,,,,,,,,
81,,,,,,,,,,12339,0.022498909384012222,,,,,,,,
,,,,,,,,,3.757894736842105e-07,12344,,,,,,,,,
81,,,,,,,,,,12344,0.007412532344460487,,,,,,,,
,,,,,,,,,3.751315789473684e-07,12349,,,,,,,,,
81,,,,,,,,,,12349,0.05184246227145195,,,,,,,,
,,,,,,,,,3.744736842105263e-07,12354,,,,,,,,,
81,,,,,,,,,,12354,0.009210711345076561,,,,,,,,
,,,,,,,,,3.738157894736842e-07,12359,,,,,,,,,
81,,,,,,,,,,12359,0.01914999820291996,,,,,,,,
,,,,,,,,,3.7315789473684214e-07,12364,,,,,,,,,
81,,,,,,,,,,12364,0.020003244280815125,,,,,,,,
,,,,,,,,,3.725e-07,12369,,,,,,,,,
81,,,,,,,,,,12369,0.013302491046488285,,,,,,,,
,,,,,,,,,3.718421052631579e-07,12374,,,,,,,,,
81,,,,,,,,,,12374,0.02751064859330654,,,,,,,,
,,,,,,,,,3.7118421052631577e-07,12379,,,,,,,,,
81,,,,,,,,,,12379,0.01376721728593111,,,,,,,,
,,,,,,,,,3.7052631578947367e-07,12384,,,,,,,,,
81,,,,,,,,,,12384,0.03519033268094063,,,,,,,,
,,,,,,,,,3.6986842105263156e-07,12389,,,,,,,,,
81,,,,,,,,,,12389,0.06060273200273514,,,,,,,,
,,,,,,,,,3.6921052631578946e-07,12394,,,,,,,,,
81,,,,,,,,,,12394,0.011616958305239677,,,,,,,,
,,,,,,,,,3.6855263157894735e-07,12399,,,,,,,,,
81,,,,,,,,,,12399,0.030420485883951187,,,,,,,,
,,,,,,,,,3.6789473684210525e-07,12404,,,,,,,,,
81,,,,,,,,,,12404,0.025430908426642418,,,,,,,,
,,,,,,,,,3.6723684210526314e-07,12409,,,,,,,,,
81,,,,,,,,,,12409,0.023185482248663902,,,,,,,,
,,,,,,,,,3.6657894736842104e-07,12414,,,,,,,,,
81,,,,,,,,,,12414,0.023923268541693687,,,,,,,,
,,,,,,,,,3.659210526315789e-07,12419,,,,,,,,,
81,,,,,,,,,,12419,0.032512497156858444,,,,,,,,
,,,,,,,,,3.6526315789473683e-07,12424,,,,,,,,,
81,,,,,,,,,,12424,0.04024476930499077,,,,,,,,
,,,,,,,,,3.6460526315789467e-07,12429,,,,,,,,,
81,,,,,,,,,,12429,0.022525519132614136,,,,,,,,
,,,,,,,,,3.639473684210526e-07,12434,,,,,,,,,
81,,,,,,,,,,12434,0.022697944194078445,,,,,,,,
,,,,,,,,,3.632894736842105e-07,12439,,,,,,,,,
81,,,,,,,,,,12439,0.03776254132390022,,,,,,,,
,,,,,,,,,3.626315789473684e-07,12444,,,,,,,,,
81,,,,,,,,,,12444,0.023685071617364883,,,,,,,,
,,,,,,,,,3.619736842105263e-07,12449,,,,,,,,,
81,,,,,,,,,,12449,0.02725965902209282,,,,,,,,
,,,,,,,,,3.613157894736842e-07,12454,,,,,,,,,
81,,,,,,,,,,12454,0.05719834193587303,,,,,,,,
,,,,,,,,,3.606578947368421e-07,12459,,,,,,,,,
81,,,,,,,,,,12459,0.023211507126688957,,,,,,,,
81,,,,,,,,,,12463,,0.737500011920929,0.7789473533630371,0.06927528977394104,0.06927528977394104,0.49119219183921814,0.7551020383834839,0.804347813129425,0.49384990334510803
,,,,,,,,,3.6e-07,12464,,,,,,,,,
82,,,,,,,,,,12464,0.027501055970788002,,,,,,,,
,,,,,,,,,3.593421052631579e-07,12469,,,,,,,,,
82,,,,,,,,,,12469,0.007813441567122936,,,,,,,,
,,,,,,,,,3.5868421052631573e-07,12474,,,,,,,,,
82,,,,,,,,,,12474,0.005633555818349123,,,,,,,,
,,,,,,,,,3.580263157894737e-07,12479,,,,,,,,,
82,,,,,,,,,,12479,0.03868023678660393,,,,,,,,
,,,,,,,,,3.573684210526315e-07,12484,,,,,,,,,
82,,,,,,,,,,12484,0.005903895944356918,,,,,,,,
,,,,,,,,,3.5671052631578947e-07,12489,,,,,,,,,
82,,,,,,,,,,12489,0.019111687317490578,,,,,,,,
,,,,,,,,,3.560526315789473e-07,12494,,,,,,,,,
82,,,,,,,,,,12494,0.03163373842835426,,,,,,,,
,,,,,,,,,3.5539473684210526e-07,12499,,,,,,,,,
82,,,,,,,,,,12499,0.019244305789470673,,,,,,,,
,,,,,,,,,3.5473684210526316e-07,12504,,,,,,,,,
82,,,,,,,,,,12504,0.016137076541781425,,,,,,,,
,,,,,,,,,3.5407894736842105e-07,12509,,,,,,,,,
82,,,,,,,,,,12509,0.020362969487905502,,,,,,,,
,,,,,,,,,3.5342105263157895e-07,12514,,,,,,,,,
82,,,,,,,,,,12514,0.016791855916380882,,,,,,,,
,,,,,,,,,3.5276315789473684e-07,12519,,,,,,,,,
82,,,,,,,,,,12519,0.05420265346765518,,,,,,,,
,,,,,,,,,3.5210526315789474e-07,12524,,,,,,,,,
82,,,,,,,,,,12524,0.031105022877454758,,,,,,,,
,,,,,,,,,3.514473684210526e-07,12529,,,,,,,,,
82,,,,,,,,,,12529,0.02753962203860283,,,,,,,,
,,,,,,,,,3.5078947368421053e-07,12534,,,,,,,,,
82,,,,,,,,,,12534,0.022443393245339394,,,,,,,,
,,,,,,,,,3.5013157894736837e-07,12539,,,,,,,,,
82,,,,,,,,,,12539,0.00765217375010252,,,,,,,,
,,,,,,,,,3.494736842105263e-07,12544,,,,,,,,,
82,,,,,,,,,,12544,0.02638205513358116,,,,,,,,
,,,,,,,,,3.4881578947368416e-07,12549,,,,,,,,,
82,,,,,,,,,,12549,0.008739592507481575,,,,,,,,
,,,,,,,,,3.481578947368421e-07,12554,,,,,,,,,
82,,,,,,,,,,12554,0.01876174472272396,,,,,,,,
,,,,,,,,,3.4749999999999996e-07,12559,,,,,,,,,
82,,,,,,,,,,12559,0.019482269883155823,,,,,,,,
,,,,,,,,,3.468421052631579e-07,12564,,,,,,,,,
82,,,,,,,,,,12564,0.056708499789237976,,,,,,,,
,,,,,,,,,3.461842105263158e-07,12569,,,,,,,,,
82,,,,,,,,,,12569,0.02914700284600258,,,,,,,,
,,,,,,,,,3.4552631578947364e-07,12574,,,,,,,,,
82,,,,,,,,,,12574,0.00887259840965271,,,,,,,,
,,,,,,,,,3.448684210526316e-07,12579,,,,,,,,,
82,,,,,,,,,,12579,0.0324581004679203,,,,,,,,
,,,,,,,,,3.4421052631578943e-07,12584,,,,,,,,,
82,,,,,,,,,,12584,0.00902270246297121,,,,,,,,
,,,,,,,,,3.435526315789474e-07,12589,,,,,,,,,
82,,,,,,,,,,12589,0.01757987216114998,,,,,,,,
,,,,,,,,,3.428947368421052e-07,12594,,,,,,,,,
82,,,,,,,,,,12594,0.018996654078364372,,,,,,,,
,,,,,,,,,3.4223684210526317e-07,12599,,,,,,,,,
82,,,,,,,,,,12599,0.05505933612585068,,,,,,,,
,,,,,,,,,3.41578947368421e-07,12604,,,,,,,,,
82,,,,,,,,,,12604,0.030645165592432022,,,,,,,,
,,,,,,,,,3.4092105263157896e-07,12609,,,,,,,,,
82,,,,,,,,,,12609,0.007014013826847076,,,,,,,,
,,,,,,,,,3.402631578947368e-07,12614,,,,,,,,,
82,,,,,,,,,,12614,0.009298443794250488,,,,,,,,
82,,,,,,,,,,12615,,0.737500011920929,0.7789473533630371,0.06947322934865952,0.06947322934865952,0.4891536235809326,0.7551020383834839,0.804347813129425,0.49120888113975525
,,,,,,,,,3.3960526315789475e-07,12619,,,,,,,,,
83,,,,,,,,,,12619,0.044435013085603714,,,,,,,,
,,,,,,,,,3.389473684210526e-07,12624,,,,,,,,,
83,,,,,,,,,,12624,0.005786553956568241,,,,,,,,
,,,,,,,,,3.382894736842105e-07,12629,,,,,,,,,
83,,,,,,,,,,12629,0.046158645302057266,,,,,,,,
,,,,,,,,,3.376315789473684e-07,12634,,,,,,,,,
83,,,,,,,,,,12634,0.018173659220337868,,,,,,,,
,,,,,,,,,3.369736842105263e-07,12639,,,,,,,,,
83,,,,,,,,,,12639,0.020992258563637733,,,,,,,,
,,,,,,,,,3.3631578947368423e-07,12644,,,,,,,,,
83,,,,,,,,,,12644,0.036018069833517075,,,,,,,,
,,,,,,,,,3.3565789473684207e-07,12649,,,,,,,,,
83,,,,,,,,,,12649,0.004114516545087099,,,,,,,,
,,,,,,,,,3.35e-07,12654,,,,,,,,,
83,,,,,,,,,,12654,0.018242042511701584,,,,,,,,
,,,,,,,,,3.3434210526315786e-07,12659,,,,,,,,,
83,,,,,,,,,,12659,0.008466776460409164,,,,,,,,
,,,,,,,,,3.336842105263158e-07,12664,,,,,,,,,
83,,,,,,,,,,12664,0.013671995140612125,,,,,,,,
,,,,,,,,,3.3302631578947366e-07,12669,,,,,,,,,
83,,,,,,,,,,12669,0.0324549674987793,,,,,,,,
,,,,,,,,,3.3236842105263155e-07,12674,,,,,,,,,
83,,,,,,,,,,12674,0.015132269822061062,,,,,,,,
,,,,,,,,,3.3171052631578945e-07,12679,,,,,,,,,
83,,,,,,,,,,12679,0.009559164755046368,,,,,,,,
,,,,,,,,,3.3105263157894734e-07,12684,,,,,,,,,
83,,,,,,,,,,12684,0.03558523207902908,,,,,,,,
,,,,,,,,,3.3039473684210524e-07,12689,,,,,,,,,
83,,,,,,,,,,12689,0.005510600283741951,,,,,,,,
,,,,,,,,,3.2973684210526313e-07,12694,,,,,,,,,
83,,,,,,,,,,12694,0.02348726987838745,,,,,,,,
,,,,,,,,,3.2907894736842103e-07,12699,,,,,,,,,
83,,,,,,,,,,12699,0.011099227704107761,,,,,,,,
,,,,,,,,,3.284210526315789e-07,12704,,,,,,,,,
83,,,,,,,,,,12704,0.02990535832941532,,,,,,,,
,,,,,,,,,3.2776315789473687e-07,12709,,,,,,,,,
83,,,,,,,,,,12709,0.024131594225764275,,,,,,,,
,,,,,,,,,3.271052631578947e-07,12714,,,,,,,,,
83,,,,,,,,,,12714,0.023044781759381294,,,,,,,,
,,,,,,,,,3.2644736842105266e-07,12719,,,,,,,,,
83,,,,,,,,,,12719,0.03661321476101875,,,,,,,,
,,,,,,,,,3.257894736842105e-07,12724,,,,,,,,,
83,,,,,,,,,,12724,0.013112437911331654,,,,,,,,
,,,,,,,,,3.251315789473684e-07,12729,,,,,,,,,
83,,,,,,,,,,12729,0.010053448379039764,,,,,,,,
,,,,,,,,,3.244736842105263e-07,12734,,,,,,,,,
83,,,,,,,,,,12734,0.007677620742470026,,,,,,,,
,,,,,,,,,3.238157894736842e-07,12739,,,,,,,,,
83,,,,,,,,,,12739,0.010829725302755833,,,,,,,,
,,,,,,,,,3.231578947368421e-07,12744,,,,,,,,,
83,,,,,,,,,,12744,0.061785176396369934,,,,,,,,
,,,,,,,,,3.225e-07,12749,,,,,,,,,
83,,,,,,,,,,12749,0.01953810080885887,,,,,,,,
,,,,,,,,,3.218421052631579e-07,12754,,,,,,,,,
83,,,,,,,,,,12754,0.013667532242834568,,,,,,,,
,,,,,,,,,3.211842105263158e-07,12759,,,,,,,,,
83,,,,,,,,,,12759,0.012510964646935463,,,,,,,,
,,,,,,,,,3.2052631578947367e-07,12764,,,,,,,,,
83,,,,,,,,,,12764,0.011776234023272991,,,,,,,,
83,,,,,,,,,,12767,,0.699999988079071,0.7333333492279053,0.06933525949716568,0.06933525949716568,0.4821973443031311,0.75,0.717391312122345,0.4893895089626312
,,,,,,,,,3.1986842105263156e-07,12769,,,,,,,,,
84,,,,,,,,,,12769,0.02195000648498535,,,,,,,,
,,,,,,,,,3.1921052631578946e-07,12774,,,,,,,,,
84,,,,,,,,,,12774,0.011769777163863182,,,,,,,,
,,,,,,,,,3.1855263157894736e-07,12779,,,,,,,,,
84,,,,,,,,,,12779,0.017454558983445168,,,,,,,,
,,,,,,,,,3.1789473684210525e-07,12784,,,,,,,,,
84,,,,,,,,,,12784,0.021754469722509384,,,,,,,,
,,,,,,,,,3.1723684210526315e-07,12789,,,,,,,,,
84,,,,,,,,,,12789,0.012024499475955963,,,,,,,,
,,,,,,,,,3.1657894736842104e-07,12794,,,,,,,,,
84,,,,,,,,,,12794,0.04539934918284416,,,,,,,,
,,,,,,,,,3.1592105263157894e-07,12799,,,,,,,,,
84,,,,,,,,,,12799,0.0143180713057518,,,,,,,,
,,,,,,,,,3.1526315789473683e-07,12804,,,,,,,,,
84,,,,,,,,,,12804,0.023872748017311096,,,,,,,,
,,,,,,,,,3.1460526315789473e-07,12809,,,,,,,,,
84,,,,,,,,,,12809,0.023546762764453888,,,,,,,,
,,,,,,,,,3.139473684210526e-07,12814,,,,,,,,,
84,,,,,,,,,,12814,0.04812217503786087,,,,,,,,
,,,,,,,,,3.1328947368421047e-07,12819,,,,,,,,,
84,,,,,,,,,,12819,0.01679091714322567,,,,,,,,
,,,,,,,,,3.126315789473684e-07,12824,,,,,,,,,
84,,,,,,,,,,12824,0.020766714587807655,,,,,,,,
,,,,,,,,,3.1197368421052626e-07,12829,,,,,,,,,
84,,,,,,,,,,12829,0.011081377044320107,,,,,,,,
,,,,,,,,,3.113157894736842e-07,12834,,,,,,,,,
84,,,,,,,,,,12834,0.01035146601498127,,,,,,,,
,,,,,,,,,3.106578947368421e-07,12839,,,,,,,,,
84,,,,,,,,,,12839,0.05215095728635788,,,,,,,,
,,,,,,,,,3.1e-07,12844,,,,,,,,,
84,,,,,,,,,,12844,0.0468902625143528,,,,,,,,
,,,,,,,,,3.093421052631579e-07,12849,,,,,,,,,
84,,,,,,,,,,12849,0.013870718888938427,,,,,,,,
,,,,,,,,,3.086842105263158e-07,12854,,,,,,,,,
84,,,,,,,,,,12854,0.015276700258255005,,,,,,,,
,,,,,,,,,3.080263157894737e-07,12859,,,,,,,,,
84,,,,,,,,,,12859,0.006711986847221851,,,,,,,,
,,,,,,,,,3.073684210526316e-07,12864,,,,,,,,,
84,,,,,,,,,,12864,0.007401289884001017,,,,,,,,
,,,,,,,,,3.067105263157895e-07,12869,,,,,,,,,
84,,,,,,,,,,12869,0.010746247135102749,,,,,,,,
,,,,,,,,,3.060526315789473e-07,12874,,,,,,,,,
84,,,,,,,,,,12874,0.031130822375416756,,,,,,,,
,,,,,,,,,3.0539473684210526e-07,12879,,,,,,,,,
84,,,,,,,,,,12879,0.011722779832780361,,,,,,,,
,,,,,,,,,3.047368421052631e-07,12884,,,,,,,,,
84,,,,,,,,,,12884,0.05641205981373787,,,,,,,,
,,,,,,,,,3.0407894736842106e-07,12889,,,,,,,,,
84,,,,,,,,,,12889,0.05353115126490593,,,,,,,,
,,,,,,,,,3.034210526315789e-07,12894,,,,,,,,,
84,,,,,,,,,,12894,0.05329693481326103,,,,,,,,
,,,,,,,,,3.0276315789473685e-07,12899,,,,,,,,,
84,,,,,,,,,,12899,0.014119705185294151,,,,,,,,
,,,,,,,,,3.021052631578947e-07,12904,,,,,,,,,
84,,,,,,,,,,12904,0.008364605717360973,,,,,,,,
,,,,,,,,,3.0144736842105264e-07,12909,,,,,,,,,
84,,,,,,,,,,12909,0.005796090234071016,,,,,,,,
,,,,,,,,,3.0078947368421053e-07,12914,,,,,,,,,
84,,,,,,,,,,12914,0.06301246583461761,,,,,,,,
,,,,,,,,,3.0013157894736843e-07,12919,,,,,,,,,
84,,,,,,,,,,12919,0.04690198600292206,,,,,,,,
84,,,,,,,,,,12919,,0.7124999761581421,0.7472527623176575,0.06981517374515533,0.06981517374515533,0.4811924993991852,0.7555555701255798,0.739130437374115,0.4850112199783325
,,,,,,,,,2.994736842105263e-07,12924,,,,,,,,,
85,,,,,,,,,,12924,0.03197009488940239,,,,,,,,
,,,,,,,,,2.9881578947368417e-07,12929,,,,,,,,,
85,,,,,,,,,,12929,0.030292442068457603,,,,,,,,
,,,,,,,,,2.981578947368421e-07,12934,,,,,,,,,
85,,,,,,,,,,12934,0.01724892668426037,,,,,,,,
,,,,,,,,,2.9749999999999996e-07,12939,,,,,,,,,
85,,,,,,,,,,12939,0.027775658294558525,,,,,,,,
,,,,,,,,,2.968421052631579e-07,12944,,,,,,,,,
85,,,,,,,,,,12944,0.004694139584898949,,,,,,,,
,,,,,,,,,2.9618421052631575e-07,12949,,,,,,,,,
85,,,,,,,,,,12949,0.012629673816263676,,,,,,,,
,,,,,,,,,2.955263157894737e-07,12954,,,,,,,,,
85,,,,,,,,,,12954,0.019510513171553612,,,,,,,,
,,,,,,,,,2.9486842105263154e-07,12959,,,,,,,,,
85,,,,,,,,,,12959,0.03903687745332718,,,,,,,,
,,,,,,,,,2.942105263157895e-07,12964,,,,,,,,,
85,,,,,,,,,,12964,0.012828033417463303,,,,,,,,
,,,,,,,,,2.9355263157894733e-07,12969,,,,,,,,,
85,,,,,,,,,,12969,0.009746374562382698,,,,,,,,
,,,,,,,,,2.928947368421052e-07,12974,,,,,,,,,
85,,,,,,,,,,12974,0.027005186304450035,,,,,,,,
,,,,,,,,,2.922368421052632e-07,12979,,,,,,,,,
85,,,,,,,,,,12979,0.006176351569592953,,,,,,,,
,,,,,,,,,2.91578947368421e-07,12984,,,,,,,,,
85,,,,,,,,,,12984,0.03868984431028366,,,,,,,,
,,,,,,,,,2.9092105263157896e-07,12989,,,,,,,,,
85,,,,,,,,,,12989,0.025450516492128372,,,,,,,,
,,,,,,,,,2.902631578947368e-07,12994,,,,,,,,,
85,,,,,,,,,,12994,0.010492837987840176,,,,,,,,
,,,,,,,,,2.8960526315789476e-07,12999,,,,,,,,,
85,,,,,,,,,,12999,0.061785515397787094,,,,,,,,
,,,,,,,,,2.889473684210526e-07,13004,,,,,,,,,
85,,,,,,,,,,13004,0.031043682247400284,,,,,,,,
,,,,,,,,,2.8828947368421055e-07,13009,,,,,,,,,
85,,,,,,,,,,13009,0.008080868981778622,,,,,,,,
,,,,,,,,,2.876315789473684e-07,13014,,,,,,,,,
85,,,,,,,,,,13014,0.008490322157740593,,,,,,,,
,,,,,,,,,2.8697368421052634e-07,13019,,,,,,,,,
85,,,,,,,,,,13019,0.0316162072122097,,,,,,,,
,,,,,,,,,2.863157894736842e-07,13024,,,,,,,,,
85,,,,,,,,,,13024,0.03523944690823555,,,,,,,,
,,,,,,,,,2.856578947368421e-07,13029,,,,,,,,,
85,,,,,,,,,,13029,0.01113609503954649,,,,,,,,
,,,,,,,,,2.8499999999999997e-07,13034,,,,,,,,,
85,,,,,,,,,,13034,0.015349657274782658,,,,,,,,
,,,,,,,,,2.8434210526315787e-07,13039,,,,,,,,,
85,,,,,,,,,,13039,0.006584696471691132,,,,,,,,
,,,,,,,,,2.836842105263158e-07,13044,,,,,,,,,
85,,,,,,,,,,13044,0.0526108480989933,,,,,,,,
,,,,,,,,,2.8302631578947366e-07,13049,,,,,,,,,
85,,,,,,,,,,13049,0.0274120531976223,,,,,,,,
,,,,,,,,,2.823684210526316e-07,13054,,,,,,,,,
85,,,,,,,,,,13054,0.016579600051045418,,,,,,,,
,,,,,,,,,2.8171052631578945e-07,13059,,,,,,,,,
85,,,,,,,,,,13059,0.020505646243691444,,,,,,,,
,,,,,,,,,2.810526315789474e-07,13064,,,,,,,,,
85,,,,,,,,,,13064,0.047187142074108124,,,,,,,,
,,,,,,,,,2.8039473684210524e-07,13069,,,,,,,,,
85,,,,,,,,,,13069,0.01568240486085415,,,,,,,,
85,,,,,,,,,,13071,,0.737500011920929,0.774193525314331,0.06957665085792542,0.06957665085792542,0.4812626540660858,0.7659574747085571,0.782608687877655,0.48926037549972534
,,,,,,,,,2.7973684210526313e-07,13074,,,,,,,,,
86,,,,,,,,,,13074,0.035484977066516876,,,,,,,,
,,,,,,,,,2.7907894736842103e-07,13079,,,,,,,,,
86,,,,,,,,,,13079,0.010278169997036457,,,,,,,,
,,,,,,,,,2.784210526315789e-07,13084,,,,,,,,,
86,,,,,,,,,,13084,0.06385964155197144,,,,,,,,
,,,,,,,,,2.777631578947368e-07,13089,,,,,,,,,
86,,,,,,,,,,13089,0.03205418586730957,,,,,,,,
,,,,,,,,,2.771052631578947e-07,13094,,,,,,,,,
86,,,,,,,,,,13094,0.04021568223834038,,,,,,,,
,,,,,,,,,2.764473684210526e-07,13099,,,,,,,,,
86,,,,,,,,,,13099,0.011800248175859451,,,,,,,,
,,,,,,,,,2.757894736842105e-07,13104,,,,,,,,,
86,,,,,,,,,,13104,0.02903992496430874,,,,,,,,
,,,,,,,,,2.751315789473684e-07,13109,,,,,,,,,
86,,,,,,,,,,13109,0.009788968600332737,,,,,,,,
,,,,,,,,,2.744736842105263e-07,13114,,,,,,,,,
86,,,,,,,,,,13114,0.012100917287170887,,,,,,,,
,,,,,,,,,2.7381578947368425e-07,13119,,,,,,,,,
86,,,,,,,,,,13119,0.009698259644210339,,,,,,,,
,,,,,,,,,2.731578947368421e-07,13124,,,,,,,,,
86,,,,,,,,,,13124,0.024522682651877403,,,,,,,,
,,,,,,,,,2.725e-07,13129,,,,,,,,,
86,,,,,,,,,,13129,0.028615621849894524,,,,,,,,
,,,,,,,,,2.718421052631579e-07,13134,,,,,,,,,
86,,,,,,,,,,13134,0.023213669657707214,,,,,,,,
,,,,,,,,,2.711842105263158e-07,13139,,,,,,,,,
86,,,,,,,,,,13139,0.010777889750897884,,,,,,,,
,,,,,,,,,2.7052631578947367e-07,13144,,,,,,,,,
86,,,,,,,,,,13144,0.007317650597542524,,,,,,,,
,,,,,,,,,2.6986842105263157e-07,13149,,,,,,,,,
86,,,,,,,,,,13149,0.03512530028820038,,,,,,,,
,,,,,,,,,2.6921052631578946e-07,13154,,,,,,,,,
86,,,,,,,,,,13154,0.03838488087058067,,,,,,,,
,,,,,,,,,2.6855263157894736e-07,13159,,,,,,,,,
86,,,,,,,,,,13159,0.013899574987590313,,,,,,,,
,,,,,,,,,2.6789473684210525e-07,13164,,,,,,,,,
86,,,,,,,,,,13164,0.013356223702430725,,,,,,,,
,,,,,,,,,2.6723684210526315e-07,13169,,,,,,,,,
86,,,,,,,,,,13169,0.0200565904378891,,,,,,,,
,,,,,,,,,2.66578947368421e-07,13174,,,,,,,,,
86,,,,,,,,,,13174,0.01999031752347946,,,,,,,,
,,,,,,,,,2.6592105263157894e-07,13179,,,,,,,,,
86,,,,,,,,,,13179,0.029208876192569733,,,,,,,,
,,,,,,,,,2.6526315789473684e-07,13184,,,,,,,,,
86,,,,,,,,,,13184,0.008773965761065483,,,,,,,,
,,,,,,,,,2.6460526315789473e-07,13189,,,,,,,,,
86,,,,,,,,,,13189,0.025824841111898422,,,,,,,,
,,,,,,,,,2.639473684210526e-07,13194,,,,,,,,,
86,,,,,,,,,,13194,0.02324957586824894,,,,,,,,
,,,,,,,,,2.632894736842105e-07,13199,,,,,,,,,
86,,,,,,,,,,13199,0.02295609936118126,,,,,,,,
,,,,,,,,,2.626315789473684e-07,13204,,,,,,,,,
86,,,,,,,,,,13204,0.032419510185718536,,,,,,,,
,,,,,,,,,2.619736842105263e-07,13209,,,,,,,,,
86,,,,,,,,,,13209,0.02971520461142063,,,,,,,,
,,,,,,,,,2.613157894736842e-07,13214,,,,,,,,,
86,,,,,,,,,,13214,0.01751711405813694,,,,,,,,
,,,,,,,,,2.6065789473684205e-07,13219,,,,,,,,,
86,,,,,,,,,,13219,0.013461645692586899,,,,,,,,
86,,,,,,,,,,13223,,0.737500011920929,0.7789473533630371,0.07015963643789291,0.07015963643789291,0.48495227098464966,0.7551020383834839,0.804347813129425,0.48791050910949707
,,,,,,,,,2.6e-07,13224,,,,,,,,,
87,,,,,,,,,,13224,0.11114636063575745,,,,,,,,
,,,,,,,,,2.5934210526315784e-07,13229,,,,,,,,,
87,,,,,,,,,,13229,0.017633220180869102,,,,,,,,
,,,,,,,,,2.586842105263158e-07,13234,,,,,,,,,
87,,,,,,,,,,13234,0.024925563484430313,,,,,,,,
,,,,,,,,,2.5802631578947363e-07,13239,,,,,,,,,
87,,,,,,,,,,13239,0.021905388683080673,,,,,,,,
,,,,,,,,,2.573684210526316e-07,13244,,,,,,,,,
87,,,,,,,,,,13244,0.023895692080259323,,,,,,,,
,,,,,,,,,2.567105263157895e-07,13249,,,,,,,,,
87,,,,,,,,,,13249,0.018608778715133667,,,,,,,,
,,,,,,,,,2.5605263157894737e-07,13254,,,,,,,,,
87,,,,,,,,,,13254,0.04054835066199303,,,,,,,,
,,,,,,,,,2.5539473684210527e-07,13259,,,,,,,,,
87,,,,,,,,,,13259,0.02226058766245842,,,,,,,,
,,,,,,,,,2.5473684210526316e-07,13264,,,,,,,,,
87,,,,,,,,,,13264,0.011947347782552242,,,,,,,,
,,,,,,,,,2.5407894736842106e-07,13269,,,,,,,,,
87,,,,,,,,,,13269,0.007553496398031712,,,,,,,,
,,,,,,,,,2.534210526315789e-07,13274,,,,,,,,,
87,,,,,,,,,,13274,0.01636274717748165,,,,,,,,
,,,,,,,,,2.5276315789473685e-07,13279,,,,,,,,,
87,,,,,,,,,,13279,0.010137973353266716,,,,,,,,
,,,,,,,,,2.521052631578947e-07,13284,,,,,,,,,
87,,,,,,,,,,13284,0.021148722618818283,,,,,,,,
,,,,,,,,,2.5144736842105264e-07,13289,,,,,,,,,
87,,,,,,,,,,13289,0.021217094734311104,,,,,,,,
,,,,,,,,,2.507894736842105e-07,13294,,,,,,,,,
87,,,,,,,,,,13294,0.048819586634635925,,,,,,,,
,,,,,,,,,2.5013157894736843e-07,13299,,,,,,,,,
87,,,,,,,,,,13299,0.02775655686855316,,,,,,,,
,,,,,,,,,2.494736842105263e-07,13304,,,,,,,,,
87,,,,,,,,,,13304,0.01856270618736744,,,,,,,,
,,,,,,,,,2.488157894736842e-07,13309,,,,,,,,,
87,,,,,,,,,,13309,0.02205033041536808,,,,,,,,
,,,,,,,,,2.481578947368421e-07,13314,,,,,,,,,
87,,,,,,,,,,13314,0.03510785847902298,,,,,,,,
,,,,,,,,,2.475e-07,13319,,,,,,,,,
87,,,,,,,,,,13319,0.024775026366114616,,,,,,,,
,,,,,,,,,2.4684210526315786e-07,13324,,,,,,,,,
87,,,,,,,,,,13324,0.04103987291455269,,,,,,,,
,,,,,,,,,2.4618421052631575e-07,13329,,,,,,,,,
87,,,,,,,,,,13329,0.008320186287164688,,,,,,,,
,,,,,,,,,2.4552631578947365e-07,13334,,,,,,,,,
87,,,,,,,,,,13334,0.025951310992240906,,,,,,,,
,,,,,,,,,2.4486842105263154e-07,13339,,,,,,,,,
87,,,,,,,,,,13339,0.022813992574810982,,,,,,,,
,,,,,,,,,2.4421052631578944e-07,13344,,,,,,,,,
87,,,,,,,,,,13344,0.0579291470348835,,,,,,,,
,,,,,,,,,2.435526315789474e-07,13349,,,,,,,,,
87,,,,,,,,,,13349,0.038091208785772324,,,,,,,,
,,,,,,,,,2.428947368421053e-07,13354,,,,,,,,,
87,,,,,,,,,,13354,0.016746841371059418,,,,,,,,
,,,,,,,,,2.422368421052632e-07,13359,,,,,,,,,
87,,,,,,,,,,13359,0.02926066890358925,,,,,,,,
,,,,,,,,,2.4157894736842107e-07,13364,,,,,,,,,
87,,,,,,,,,,13364,0.008926644921302795,,,,,,,,
,,,,,,,,,2.4092105263157897e-07,13369,,,,,,,,,
87,,,,,,,,,,13369,0.006211325991898775,,,,,,,,
,,,,,,,,,2.402631578947368e-07,13374,,,,,,,,,
87,,,,,,,,,,13374,0.022887052968144417,,,,,,,,
87,,,,,,,,,,13375,,0.737500011920929,0.7835051417350769,0.07051465660333633,0.07051465660333633,0.48765069246292114,0.7450980544090271,0.8260869383811951,0.4887439012527466
,,,,,,,,,2.396052631578947e-07,13379,,,,,,,,,
88,,,,,,,,,,13379,0.017719009891152382,,,,,,,,
,,,,,,,,,2.389473684210526e-07,13384,,,,,,,,,
88,,,,,,,,,,13384,0.007784596644341946,,,,,,,,
,,,,,,,,,2.3828947368421052e-07,13389,,,,,,,,,
88,,,,,,,,,,13389,0.009269158355891705,,,,,,,,
,,,,,,,,,2.3763157894736842e-07,13394,,,,,,,,,
88,,,,,,,,,,13394,0.020895536988973618,,,,,,,,
,,,,,,,,,2.369736842105263e-07,13399,,,,,,,,,
88,,,,,,,,,,13399,0.0132408132776618,,,,,,,,
,,,,,,,,,2.3631578947368418e-07,13404,,,,,,,,,
88,,,,,,,,,,13404,0.007622243370860815,,,,,,,,
,,,,,,,,,2.3565789473684208e-07,13409,,,,,,,,,
88,,,,,,,,,,13409,0.008315564133226871,,,,,,,,
,,,,,,,,,2.3499999999999997e-07,13414,,,,,,,,,
88,,,,,,,,,,13414,0.018554532900452614,,,,,,,,
,,,,,,,,,2.343421052631579e-07,13419,,,,,,,,,
88,,,,,,,,,,13419,0.0283823125064373,,,,,,,,
,,,,,,,,,2.336842105263158e-07,13424,,,,,,,,,
88,,,,,,,,,,13424,0.007655962370336056,,,,,,,,
,,,,,,,,,2.3302631578947369e-07,13429,,,,,,,,,
88,,,,,,,,,,13429,0.03856131061911583,,,,,,,,
,,,,,,,,,2.3236842105263158e-07,13434,,,,,,,,,
88,,,,,,,,,,13434,0.037653494626283646,,,,,,,,
,,,,,,,,,2.3171052631578948e-07,13439,,,,,,,,,
88,,,,,,,,,,13439,0.022917835041880608,,,,,,,,
,,,,,,,,,2.3105263157894737e-07,13444,,,,,,,,,
88,,,,,,,,,,13444,0.0258026123046875,,,,,,,,
,,,,,,,,,2.3039473684210524e-07,13449,,,,,,,,,
88,,,,,,,,,,13449,0.016948848962783813,,,,,,,,
,,,,,,,,,2.2973684210526314e-07,13454,,,,,,,,,
88,,,,,,,,,,13454,0.004148681182414293,,,,,,,,
,,,,,,,,,2.2907894736842103e-07,13459,,,,,,,,,
88,,,,,,,,,,13459,0.012353256344795227,,,,,,,,
,,,,,,,,,2.2842105263157893e-07,13464,,,,,,,,,
88,,,,,,,,,,13464,0.019012155011296272,,,,,,,,
,,,,,,,,,2.2776315789473682e-07,13469,,,,,,,,,
88,,,,,,,,,,13469,0.03638695552945137,,,,,,,,
,,,,,,,,,2.2710526315789472e-07,13474,,,,,,,,,
88,,,,,,,,,,13474,0.01474646758288145,,,,,,,,
,,,,,,,,,2.2644736842105261e-07,13479,,,,,,,,,
88,,,,,,,,,,13479,0.01517469808459282,,,,,,,,
,,,,,,,,,2.2578947368421054e-07,13484,,,,,,,,,
88,,,,,,,,,,13484,0.05393964797258377,,,,,,,,
,,,,,,,,,2.2513157894736843e-07,13489,,,,,,,,,
88,,,,,,,,,,13489,0.01227621454745531,,,,,,,,
,,,,,,,,,2.2447368421052633e-07,13494,,,,,,,,,
88,,,,,,,,,,13494,0.019212357699871063,,,,,,,,
,,,,,,,,,2.238157894736842e-07,13499,,,,,,,,,
88,,,,,,,,,,13499,0.019063031300902367,,,,,,,,
,,,,,,,,,2.231578947368421e-07,13504,,,,,,,,,
88,,,,,,,,,,13504,0.0366646833717823,,,,,,,,
,,,,,,,,,2.225e-07,13509,,,,,,,,,
88,,,,,,,,,,13509,0.016430167481303215,,,,,,,,
,,,,,,,,,2.2184210526315788e-07,13514,,,,,,,,,
88,,,,,,,,,,13514,0.046568792313337326,,,,,,,,
,,,,,,,,,2.2118421052631578e-07,13519,,,,,,,,,
88,,,,,,,,,,13519,0.01745469868183136,,,,,,,,
,,,,,,,,,2.2052631578947367e-07,13524,,,,,,,,,
88,,,,,,,,,,13524,0.020357022061944008,,,,,,,,
88,,,,,,,,,,13527,,0.737500011920929,0.7789473533630371,0.06947658956050873,0.06947658956050873,0.4879143536090851,0.7551020383834839,0.804347813129425,0.48934251070022583
,,,,,,,,,2.1986842105263157e-07,13529,,,,,,,,,
89,,,,,,,,,,13529,0.04354405403137207,,,,,,,,
,,,,,,,,,2.1921052631578946e-07,13534,,,,,,,,,
89,,,,,,,,,,13534,0.06956546753644943,,,,,,,,
,,,,,,,,,2.1855263157894736e-07,13539,,,,,,,,,
89,,,,,,,,,,13539,0.04739373177289963,,,,,,,,
,,,,,,,,,2.1789473684210526e-07,13544,,,,,,,,,
89,,,,,,,,,,13544,0.011060573160648346,,,,,,,,
,,,,,,,,,2.1723684210526312e-07,13549,,,,,,,,,
89,,,,,,,,,,13549,0.03326466679573059,,,,,,,,
,,,,,,,,,2.1657894736842105e-07,13554,,,,,,,,,
89,,,,,,,,,,13554,0.022259144112467766,,,,,,,,
,,,,,,,,,2.1592105263157894e-07,13559,,,,,,,,,
89,,,,,,,,,,13559,0.017178446054458618,,,,,,,,
,,,,,,,,,2.1526315789473684e-07,13564,,,,,,,,,
89,,,,,,,,,,13564,0.033255454152822495,,,,,,,,
,,,,,,,,,2.1460526315789473e-07,13569,,,,,,,,,
89,,,,,,,,,,13569,0.015695875510573387,,,,,,,,
,,,,,,,,,2.1394736842105263e-07,13574,,,,,,,,,
89,,,,,,,,,,13574,0.0006755916983820498,,,,,,,,
,,,,,,,,,2.1328947368421052e-07,13579,,,,,,,,,
89,,,,,,,,,,13579,0.015569772571325302,,,,,,,,
,,,,,,,,,2.1263157894736842e-07,13584,,,,,,,,,
89,,,,,,,,,,13584,0.04569065570831299,,,,,,,,
,,,,,,,,,2.1197368421052631e-07,13589,,,,,,,,,
89,,,,,,,,,,13589,0.018465345725417137,,,,,,,,
,,,,,,,,,2.113157894736842e-07,13594,,,,,,,,,
89,,,,,,,,,,13594,0.01409358624368906,,,,,,,,
,,,,,,,,,2.1065789473684208e-07,13599,,,,,,,,,
89,,,,,,,,,,13599,0.051224030554294586,,,,,,,,
,,,,,,,,,2.0999999999999997e-07,13604,,,,,,,,,
89,,,,,,,,,,13604,0.002114297356456518,,,,,,,,
,,,,,,,,,2.0934210526315787e-07,13609,,,,,,,,,
89,,,,,,,,,,13609,0.0117419408634305,,,,,,,,
,,,,,,,,,2.0868421052631577e-07,13614,,,,,,,,,
89,,,,,,,,,,13614,0.018147453665733337,,,,,,,,
,,,,,,,,,2.080263157894737e-07,13619,,,,,,,,,
89,,,,,,,,,,13619,0.0532667338848114,,,,,,,,
,,,,,,,,,2.0736842105263158e-07,13624,,,,,,,,,
89,,,,,,,,,,13624,0.015928789973258972,,,,,,,,
,,,,,,,,,2.0671052631578948e-07,13629,,,,,,,,,
89,,,,,,,,,,13629,0.010769347660243511,,,,,,,,
,,,,,,,,,2.0605263157894737e-07,13634,,,,,,,,,
89,,,,,,,,,,13634,0.0033455758821219206,,,,,,,,
,,,,,,,,,2.0539473684210527e-07,13639,,,,,,,,,
89,,,,,,,,,,13639,0.01862511783838272,,,,,,,,
,,,,,,,,,2.0473684210526316e-07,13644,,,,,,,,,
89,,,,,,,,,,13644,0.014319472946226597,,,,,,,,
,,,,,,,,,2.0407894736842103e-07,13649,,,,,,,,,
89,,,,,,,,,,13649,0.01268258597701788,,,,,,,,
,,,,,,,,,2.0342105263157893e-07,13654,,,,,,,,,
89,,,,,,,,,,13654,0.020192550495266914,,,,,,,,
,,,,,,,,,2.0276315789473682e-07,13659,,,,,,,,,
89,,,,,,,,,,13659,0.0223971139639616,,,,,,,,
,,,,,,,,,2.0210526315789472e-07,13664,,,,,,,,,
89,,,,,,,,,,13664,0.01895422860980034,,,,,,,,
,,,,,,,,,2.0144736842105262e-07,13669,,,,,,,,,
89,,,,,,,,,,13669,0.006723846308887005,,,,,,,,
,,,,,,,,,2.007894736842105e-07,13674,,,,,,,,,
89,,,,,,,,,,13674,0.01914498209953308,,,,,,,,
,,,,,,,,,2.001315789473684e-07,13679,,,,,,,,,
89,,,,,,,,,,13679,0.06621235609054565,,,,,,,,
89,,,,,,,,,,13679,,0.75,0.7916666865348816,0.06947986781597137,0.06947986781597137,0.4928903877735138,0.7599999904632568,0.8260869383811951,0.49250003695487976
,,,,,,,,,1.994736842105263e-07,13684,,,,,,,,,
90,,,,,,,,,,13684,0.022493405267596245,,,,,,,,
,,,,,,,,,1.9881578947368422e-07,13689,,,,,,,,,
90,,,,,,,,,,13689,0.013098377734422684,,,,,,,,
,,,,,,,,,1.9815789473684212e-07,13694,,,,,,,,,
90,,,,,,,,,,13694,0.0362907275557518,,,,,,,,
,,,,,,,,,1.975e-07,13699,,,,,,,,,
90,,,,,,,,,,13699,0.006900308653712273,,,,,,,,
,,,,,,,,,1.9684210526315788e-07,13704,,,,,,,,,
90,,,,,,,,,,13704,0.023642702028155327,,,,,,,,
,,,,,,,,,1.9618421052631578e-07,13709,,,,,,,,,
90,,,,,,,,,,13709,0.020173780620098114,,,,,,,,
,,,,,,,,,1.9552631578947367e-07,13714,,,,,,,,,
90,,,,,,,,,,13714,0.01323478203266859,,,,,,,,
,,,,,,,,,1.9486842105263157e-07,13719,,,,,,,,,
90,,,,,,,,,,13719,0.04290363937616348,,,,,,,,
,,,,,,,,,1.9421052631578947e-07,13724,,,,,,,,,
90,,,,,,,,,,13724,0.04361396282911301,,,,,,,,
,,,,,,,,,1.9355263157894736e-07,13729,,,,,,,,,
90,,,,,,,,,,13729,0.027303362265229225,,,,,,,,
,,,,,,,,,1.9289473684210526e-07,13734,,,,,,,,,
90,,,,,,,,,,13734,0.010719061829149723,,,,,,,,
,,,,,,,,,1.9223684210526315e-07,13739,,,,,,,,,
90,,,,,,,,,,13739,0.015479611232876778,,,,,,,,
,,,,,,,,,1.9157894736842105e-07,13744,,,,,,,,,
90,,,,,,,,,,13744,0.011783676221966743,,,,,,,,
,,,,,,,,,1.9092105263157892e-07,13749,,,,,,,,,
90,,,,,,,,,,13749,0.02591404877603054,,,,,,,,
,,,,,,,,,1.902631578947368e-07,13754,,,,,,,,,
90,,,,,,,,,,13754,0.025494588539004326,,,,,,,,
,,,,,,,,,1.8960526315789473e-07,13759,,,,,,,,,
90,,,,,,,,,,13759,0.04254303127527237,,,,,,,,
,,,,,,,,,1.8894736842105263e-07,13764,,,,,,,,,
90,,,,,,,,,,13764,0.016419721767306328,,,,,,,,
,,,,,,,,,1.8828947368421052e-07,13769,,,,,,,,,
90,,,,,,,,,,13769,0.041866470128297806,,,,,,,,
,,,,,,,,,1.8763157894736842e-07,13774,,,,,,,,,
90,,,,,,,,,,13774,0.019009072333574295,,,,,,,,
,,,,,,,,,1.8697368421052632e-07,13779,,,,,,,,,
90,,,,,,,,,,13779,0.01598924770951271,,,,,,,,
,,,,,,,,,1.863157894736842e-07,13784,,,,,,,,,
90,,,,,,,,,,13784,0.024631069973111153,,,,,,,,
,,,,,,,,,1.856578947368421e-07,13789,,,,,,,,,
90,,,,,,,,,,13789,0.016330551356077194,,,,,,,,
,,,,,,,,,1.85e-07,13794,,,,,,,,,
90,,,,,,,,,,13794,0.035525936633348465,,,,,,,,
,,,,,,,,,1.8434210526315787e-07,13799,,,,,,,,,
90,,,,,,,,,,13799,0.01669563166797161,,,,,,,,
,,,,,,,,,1.8368421052631577e-07,13804,,,,,,,,,
90,,,,,,,,,,13804,0.013308496214449406,,,,,,,,
,,,,,,,,,1.8302631578947366e-07,13809,,,,,,,,,
90,,,,,,,,,,13809,0.013521647080779076,,,,,,,,
,,,,,,,,,1.8236842105263156e-07,13814,,,,,,,,,
90,,,,,,,,,,13814,0.016487445682287216,,,,,,,,
,,,,,,,,,1.8171052631578945e-07,13819,,,,,,,,,
90,,,,,,,,,,13819,0.012432866729795933,,,,,,,,
,,,,,,,,,1.8105263157894737e-07,13824,,,,,,,,,
90,,,,,,,,,,13824,0.02072344906628132,,,,,,,,
,,,,,,,,,1.8039473684210527e-07,13829,,,,,,,,,
90,,,,,,,,,,13829,0.0215191300958395,,,,,,,,
90,,,,,,,,,,13831,,0.7250000238418579,0.7659574747085571,0.06887826323509216,0.06887826323509216,0.4923131465911865,0.75,0.782608687877655,0.49812251329421997
,,,,,,,,,1.7973684210526317e-07,13834,,,,,,,,,
91,,,,,,,,,,13834,0.018166011199355125,,,,,,,,
,,,,,,,,,1.7907894736842106e-07,13839,,,,,,,,,
91,,,,,,,,,,13839,0.04719919338822365,,,,,,,,
,,,,,,,,,1.7842105263157896e-07,13844,,,,,,,,,
91,,,,,,,,,,13844,0.034133754670619965,,,,,,,,
,,,,,,,,,1.7776315789473683e-07,13849,,,,,,,,,
91,,,,,,,,,,13849,0.02634703554213047,,,,,,,,
,,,,,,,,,1.7710526315789472e-07,13854,,,,,,,,,
91,,,,,,,,,,13854,0.013606653548777103,,,,,,,,
,,,,,,,,,1.7644736842105262e-07,13859,,,,,,,,,
91,,,,,,,,,,13859,0.012566664256155491,,,,,,,,
,,,,,,,,,1.757894736842105e-07,13864,,,,,,,,,
91,,,,,,,,,,13864,0.014758980832993984,,,,,,,,
,,,,,,,,,1.751315789473684e-07,13869,,,,,,,,,
91,,,,,,,,,,13869,0.009066534228622913,,,,,,,,
,,,,,,,,,1.744736842105263e-07,13874,,,,,,,,,
91,,,,,,,,,,13874,0.023889275267720222,,,,,,,,
,,,,,,,,,1.738157894736842e-07,13879,,,,,,,,,
91,,,,,,,,,,13879,0.005284572020173073,,,,,,,,
,,,,,,,,,1.731578947368421e-07,13884,,,,,,,,,
91,,,,,,,,,,13884,0.010054860264062881,,,,,,,,
,,,,,,,,,1.725e-07,13889,,,,,,,,,
91,,,,,,,,,,13889,0.016669543460011482,,,,,,,,
,,,,,,,,,1.718421052631579e-07,13894,,,,,,,,,
91,,,,,,,,,,13894,0.007064552046358585,,,,,,,,
,,,,,,,,,1.7118421052631578e-07,13899,,,,,,,,,
91,,,,,,,,,,13899,0.01585671305656433,,,,,,,,
,,,,,,,,,1.7052631578947368e-07,13904,,,,,,,,,
91,,,,,,,,,,13904,0.0681883841753006,,,,,,,,
,,,,,,,,,1.6986842105263157e-07,13909,,,,,,,,,
91,,,,,,,,,,13909,0.010107454843819141,,,,,,,,
,,,,,,,,,1.6921052631578947e-07,13914,,,,,,,,,
91,,,,,,,,,,13914,0.024036860093474388,,,,,,,,
,,,,,,,,,1.6855263157894736e-07,13919,,,,,,,,,
91,,,,,,,,,,13919,0.030690377578139305,,,,,,,,
,,,,,,,,,1.6789473684210526e-07,13924,,,,,,,,,
91,,,,,,,,,,13924,0.010731188580393791,,,,,,,,
,,,,,,,,,1.6723684210526315e-07,13929,,,,,,,,,
91,,,,,,,,,,13929,0.007683702744543552,,,,,,,,
,,,,,,,,,1.6657894736842105e-07,13934,,,,,,,,,
91,,,,,,,,,,13934,0.028922399505972862,,,,,,,,
,,,,,,,,,1.6592105263157894e-07,13939,,,,,,,,,
91,,,,,,,,,,13939,0.08520074188709259,,,,,,,,
,,,,,,,,,1.6526315789473684e-07,13944,,,,,,,,,
91,,,,,,,,,,13944,0.05003887787461281,,,,,,,,
,,,,,,,,,1.646052631578947e-07,13949,,,,,,,,,
91,,,,,,,,,,13949,0.017286239191889763,,,,,,,,
,,,,,,,,,1.639473684210526e-07,13954,,,,,,,,,
91,,,,,,,,,,13954,0.01862216554582119,,,,,,,,
,,,,,,,,,1.6328947368421053e-07,13959,,,,,,,,,
91,,,,,,,,,,13959,0.027467213571071625,,,,,,,,
,,,,,,,,,1.6263157894736842e-07,13964,,,,,,,,,
91,,,,,,,,,,13964,0.032119106501340866,,,,,,,,
,,,,,,,,,1.6197368421052632e-07,13969,,,,,,,,,
91,,,,,,,,,,13969,0.008765646256506443,,,,,,,,
,,,,,,,,,1.613157894736842e-07,13974,,,,,,,,,
91,,,,,,,,,,13974,0.057230934500694275,,,,,,,,
,,,,,,,,,1.606578947368421e-07,13979,,,,,,,,,
91,,,,,,,,,,13979,0.0120553532615304,,,,,,,,
91,,,,,,,,,,13983,,0.7250000238418579,0.760869562625885,0.06898386031389236,0.06898386031389236,0.48973479866981506,0.760869562625885,0.760869562625885,0.4983806908130646
,,,,,,,,,1.6e-07,13984,,,,,,,,,
92,,,,,,,,,,13984,0.018621260300278664,,,,,,,,
,,,,,,,,,1.593421052631579e-07,13989,,,,,,,,,
92,,,,,,,,,,13989,0.01521045621484518,,,,,,,,
,,,,,,,,,1.586842105263158e-07,13994,,,,,,,,,
92,,,,,,,,,,13994,0.020731817930936813,,,,,,,,
,,,,,,,,,1.5802631578947366e-07,13999,,,,,,,,,
92,,,,,,,,,,13999,0.034342825412750244,,,,,,,,
,,,,,,,,,1.5736842105263156e-07,14004,,,,,,,,,
92,,,,,,,,,,14004,0.017738988623023033,,,,,,,,
,,,,,,,,,1.5671052631578945e-07,14009,,,,,,,,,
92,,,,,,,,,,14009,0.021934382617473602,,,,,,,,
,,,,,,,,,1.5605263157894735e-07,14014,,,,,,,,,
92,,,,,,,,,,14014,0.02012045495212078,,,,,,,,
,,,,,,,,,1.5539473684210525e-07,14019,,,,,,,,,
92,,,,,,,,,,14019,0.0053452434949576855,,,,,,,,
,,,,,,,,,1.5473684210526314e-07,14024,,,,,,,,,
92,,,,,,,,,,14024,0.010033270344138145,,,,,,,,
,,,,,,,,,1.5407894736842106e-07,14029,,,,,,,,,
92,,,,,,,,,,14029,0.009013105183839798,,,,,,,,
,,,,,,,,,1.5342105263157896e-07,14034,,,,,,,,,
92,,,,,,,,,,14034,0.020854994654655457,,,,,,,,
,,,,,,,,,1.5276315789473685e-07,14039,,,,,,,,,
92,,,,,,,,,,14039,0.019654398784041405,,,,,,,,
,,,,,,,,,1.5210526315789475e-07,14044,,,,,,,,,
92,,,,,,,,,,14044,0.037498269230127335,,,,,,,,
,,,,,,,,,1.5144736842105262e-07,14049,,,,,,,,,
92,,,,,,,,,,14049,0.010732252150774002,,,,,,,,
,,,,,,,,,1.5078947368421051e-07,14054,,,,,,,,,
92,,,,,,,,,,14054,0.03224208578467369,,,,,,,,
,,,,,,,,,1.501315789473684e-07,14059,,,,,,,,,
92,,,,,,,,,,14059,0.018346209079027176,,,,,,,,
,,,,,,,,,1.494736842105263e-07,14064,,,,,,,,,
92,,,,,,,,,,14064,0.014369111508131027,,,,,,,,
,,,,,,,,,1.488157894736842e-07,14069,,,,,,,,,
92,,,,,,,,,,14069,0.023940367624163628,,,,,,,,
,,,,,,,,,1.481578947368421e-07,14074,,,,,,,,,
92,,,,,,,,,,14074,0.009626573882997036,,,,,,,,
,,,,,,,,,1.475e-07,14079,,,,,,,,,
92,,,,,,,,,,14079,0.012758946046233177,,,,,,,,
,,,,,,,,,1.4684210526315789e-07,14084,,,,,,,,,
92,,,,,,,,,,14084,0.020963938906788826,,,,,,,,
,,,,,,,,,1.4618421052631578e-07,14089,,,,,,,,,
92,,,,,,,,,,14089,0.00605772202834487,,,,,,,,
,,,,,,,,,1.455263157894737e-07,14094,,,,,,,,,
92,,,,,,,,,,14094,0.037111200392246246,,,,,,,,
,,,,,,,,,1.4486842105263157e-07,14099,,,,,,,,,
92,,,,,,,,,,14099,0.0165689866989851,,,,,,,,
,,,,,,,,,1.4421052631578947e-07,14104,,,,,,,,,
92,,,,,,,,,,14104,0.008689635433256626,,,,,,,,
,,,,,,,,,1.4355263157894736e-07,14109,,,,,,,,,
92,,,,,,,,,,14109,0.022819748148322105,,,,,,,,
,,,,,,,,,1.4289473684210526e-07,14114,,,,,,,,,
92,,,,,,,,,,14114,0.010667018592357635,,,,,,,,
,,,,,,,,,1.4223684210526315e-07,14119,,,,,,,,,
92,,,,,,,,,,14119,0.0109099755063653,,,,,,,,
,,,,,,,,,1.4157894736842105e-07,14124,,,,,,,,,
92,,,,,,,,,,14124,0.004680487792938948,,,,,,,,
,,,,,,,,,1.4092105263157895e-07,14129,,,,,,,,,
92,,,,,,,,,,14129,0.014517414383590221,,,,,,,,
,,,,,,,,,1.4026315789473684e-07,14134,,,,,,,,,
92,,,,,,,,,,14134,0.017813866958022118,,,,,,,,
92,,,,,,,,,,14135,,0.737500011920929,0.774193525314331,0.06893298029899597,0.06893298029899597,0.49091166257858276,0.7659574747085571,0.782608687877655,0.49766474962234497
,,,,,,,,,1.3960526315789474e-07,14139,,,,,,,,,
93,,,,,,,,,,14139,0.009193123318254948,,,,,,,,
,,,,,,,,,1.3894736842105263e-07,14144,,,,,,,,,
93,,,,,,,,,,14144,0.014434702694416046,,,,,,,,
,,,,,,,,,1.382894736842105e-07,14149,,,,,,,,,
93,,,,,,,,,,14149,0.0222958754748106,,,,,,,,
,,,,,,,,,1.376315789473684e-07,14154,,,,,,,,,
93,,,,,,,,,,14154,0.01799813099205494,,,,,,,,
,,,,,,,,,1.369736842105263e-07,14159,,,,,,,,,
93,,,,,,,,,,14159,0.00762074114754796,,,,,,,,
,,,,,,,,,1.3631578947368421e-07,14164,,,,,,,,,
93,,,,,,,,,,14164,0.056863248348236084,,,,,,,,
,,,,,,,,,1.356578947368421e-07,14169,,,,,,,,,
93,,,,,,,,,,14169,0.013393198139965534,,,,,,,,
,,,,,,,,,1.35e-07,14174,,,,,,,,,
93,,,,,,,,,,14174,0.015227584168314934,,,,,,,,
,,,,,,,,,1.343421052631579e-07,14179,,,,,,,,,
93,,,,,,,,,,14179,0.029209915548563004,,,,,,,,
,,,,,,,,,1.336842105263158e-07,14184,,,,,,,,,
93,,,,,,,,,,14184,0.0220768041908741,,,,,,,,
,,,,,,,,,1.330263157894737e-07,14189,,,,,,,,,
93,,,,,,,,,,14189,0.013164326548576355,,,,,,,,
,,,,,,,,,1.3236842105263159e-07,14194,,,,,,,,,
93,,,,,,,,,,14194,0.014387356117367744,,,,,,,,
,,,,,,,,,1.3171052631578946e-07,14199,,,,,,,,,
93,,,,,,,,,,14199,0.011770036071538925,,,,,,,,
,,,,,,,,,1.3105263157894735e-07,14204,,,,,,,,,
93,,,,,,,,,,14204,0.008631677366793156,,,,,,,,
,,,,,,,,,1.3039473684210525e-07,14209,,,,,,,,,
93,,,,,,,,,,14209,0.019477728754281998,,,,,,,,
,,,,,,,,,1.2973684210526314e-07,14214,,,,,,,,,
93,,,,,,,,,,14214,0.0305784959346056,,,,,,,,
,,,,,,,,,1.2907894736842104e-07,14219,,,,,,,,,
93,,,,,,,,,,14219,0.01114374864846468,,,,,,,,
,,,,,,,,,1.2842105263157893e-07,14224,,,,,,,,,
93,,,,,,,,,,14224,0.004196834284812212,,,,,,,,
,,,,,,,,,1.2776315789473683e-07,14229,,,,,,,,,
93,,,,,,,,,,14229,0.03481266275048256,,,,,,,,
,,,,,,,,,1.2710526315789475e-07,14234,,,,,,,,,
93,,,,,,,,,,14234,0.03901300206780434,,,,,,,,
,,,,,,,,,1.2644736842105265e-07,14239,,,,,,,,,
93,,,,,,,,,,14239,0.06486514955759048,,,,,,,,
,,,,,,,,,1.2578947368421054e-07,14244,,,,,,,,,
93,,,,,,,,,,14244,0.016276780515909195,,,,,,,,
,,,,,,,,,1.251315789473684e-07,14249,,,,,,,,,
93,,,,,,,,,,14249,0.01793975941836834,,,,,,,,
,,,,,,,,,1.244736842105263e-07,14254,,,,,,,,,
93,,,,,,,,,,14254,0.01192895695567131,,,,,,,,
,,,,,,,,,1.238157894736842e-07,14259,,,,,,,,,
93,,,,,,,,,,14259,0.004303859081119299,,,,,,,,
,,,,,,,,,1.231578947368421e-07,14264,,,,,,,,,
93,,,,,,,,,,14264,0.008163444697856903,,,,,,,,
,,,,,,,,,1.225e-07,14269,,,,,,,,,
93,,,,,,,,,,14269,0.02403326891362667,,,,,,,,
,,,,,,,,,1.218421052631579e-07,14274,,,,,,,,,
93,,,,,,,,,,14274,0.019887113943696022,,,,,,,,
,,,,,,,,,1.2118421052631578e-07,14279,,,,,,,,,
93,,,,,,,,,,14279,0.006648060865700245,,,,,,,,
,,,,,,,,,1.2052631578947368e-07,14284,,,,,,,,,
93,,,,,,,,,,14284,0.06963073462247849,,,,,,,,
93,,,,,,,,,,14287,,0.737500011920929,0.774193525314331,0.0692308247089386,0.0692308247089386,0.4943779408931732,0.7659574747085571,0.782608687877655,0.49807557463645935
,,,,,,,,,1.1986842105263157e-07,14289,,,,,,,,,
94,,,,,,,,,,14289,0.011990624479949474,,,,,,,,
,,,,,,,,,1.1921052631578947e-07,14294,,,,,,,,,
94,,,,,,,,,,14294,0.004681339953094721,,,,,,,,
,,,,,,,,,1.1855263157894736e-07,14299,,,,,,,,,
94,,,,,,,,,,14299,0.032722242176532745,,,,,,,,
,,,,,,,,,1.1789473684210526e-07,14304,,,,,,,,,
94,,,,,,,,,,14304,0.01633612811565399,,,,,,,,
,,,,,,,,,1.1723684210526314e-07,14309,,,,,,,,,
94,,,,,,,,,,14309,0.03977080062031746,,,,,,,,
,,,,,,,,,1.1657894736842104e-07,14314,,,,,,,,,
94,,,,,,,,,,14314,0.030460290610790253,,,,,,,,
,,,,,,,,,1.1592105263157895e-07,14319,,,,,,,,,
94,,,,,,,,,,14319,0.019032878801226616,,,,,,,,
,,,,,,,,,1.1526315789473684e-07,14324,,,,,,,,,
94,,,,,,,,,,14324,0.013398854993283749,,,,,,,,
,,,,,,,,,1.1460526315789474e-07,14329,,,,,,,,,
94,,,,,,,,,,14329,0.037318021059036255,,,,,,,,
,,,,,,,,,1.1394736842105262e-07,14334,,,,,,,,,
94,,,,,,,,,,14334,0.02406887710094452,,,,,,,,
,,,,,,,,,1.1328947368421052e-07,14339,,,,,,,,,
94,,,,,,,,,,14339,0.027808763086795807,,,,,,,,
,,,,,,,,,1.1263157894736841e-07,14344,,,,,,,,,
94,,,,,,,,,,14344,0.031147584319114685,,,,,,,,
,,,,,,,,,1.1197368421052632e-07,14349,,,,,,,,,
94,,,,,,,,,,14349,0.01522065419703722,,,,,,,,
,,,,,,,,,1.1131578947368421e-07,14354,,,,,,,,,
94,,,,,,,,,,14354,0.025313617661595345,,,,,,,,
,,,,,,,,,1.106578947368421e-07,14359,,,,,,,,,
94,,,,,,,,,,14359,0.027312301099300385,,,,,,,,
,,,,,,,,,1.0999999999999999e-07,14364,,,,,,,,,
94,,,,,,,,,,14364,0.014559038914740086,,,,,,,,
,,,,,,,,,1.0934210526315789e-07,14369,,,,,,,,,
94,,,,,,,,,,14369,0.010510385036468506,,,,,,,,
,,,,,,,,,1.0868421052631578e-07,14374,,,,,,,,,
94,,,,,,,,,,14374,0.03177622705698013,,,,,,,,
,,,,,,,,,1.0802631578947368e-07,14379,,,,,,,,,
94,,,,,,,,,,14379,0.05600227788090706,,,,,,,,
,,,,,,,,,1.0736842105263157e-07,14384,,,,,,,,,
94,,,,,,,,,,14384,0.017550699412822723,,,,,,,,
,,,,,,,,,1.0671052631578947e-07,14389,,,,,,,,,
94,,,,,,,,,,14389,0.010789218358695507,,,,,,,,
,,,,,,,,,1.0605263157894737e-07,14394,,,,,,,,,
94,,,,,,,,,,14394,0.023781124502420425,,,,,,,,
,,,,,,,,,1.0539473684210526e-07,14399,,,,,,,,,
94,,,,,,,,,,14399,0.016168097034096718,,,,,,,,
,,,,,,,,,1.0473684210526316e-07,14404,,,,,,,,,
94,,,,,,,,,,14404,0.015428571030497551,,,,,,,,
,,,,,,,,,1.0407894736842104e-07,14409,,,,,,,,,
94,,,,,,,,,,14409,0.0029937701765447855,,,,,,,,
,,,,,,,,,1.0342105263157893e-07,14414,,,,,,,,,
94,,,,,,,,,,14414,0.01017681509256363,,,,,,,,
,,,,,,,,,1.0276315789473684e-07,14419,,,,,,,,,
94,,,,,,,,,,14419,0.03624626621603966,,,,,,,,
,,,,,,,,,1.0210526315789474e-07,14424,,,,,,,,,
94,,,,,,,,,,14424,0.022601617500185966,,,,,,,,
,,,,,,,,,1.0144736842105263e-07,14429,,,,,,,,,
94,,,,,,,,,,14429,0.03708409145474434,,,,,,,,
,,,,,,,,,1.0078947368421052e-07,14434,,,,,,,,,
94,,,,,,,,,,14434,0.004699429497122765,,,,,,,,
,,,,,,,,,1.0013157894736841e-07,14439,,,,,,,,,
94,,,,,,,,,,14439,0.01140154805034399,,,,,,,,
94,,,,,,,,,,14439,,0.75,0.7916666865348816,0.06919892877340317,0.06919892877340317,0.49594929814338684,0.7599999904632568,0.8260869383811951,0.49853333830833435
,,,,,,,,,9.94736842105263e-08,14444,,,,,,,,,
95,,,,,,,,,,14444,0.011768774129450321,,,,,,,,
,,,,,,,,,9.88157894736842e-08,14449,,,,,,,,,
95,,,,,,,,,,14449,0.020762234926223755,,,,,,,,
,,,,,,,,,9.815789473684211e-08,14454,,,,,,,,,
95,,,,,,,,,,14454,0.00546787865459919,,,,,,,,
,,,,,,,,,9.749999999999999e-08,14459,,,,,,,,,
95,,,,,,,,,,14459,0.026114240288734436,,,,,,,,
,,,,,,,,,9.684210526315789e-08,14464,,,,,,,,,
95,,,,,,,,,,14464,0.013578344136476517,,,,,,,,
,,,,,,,,,9.618421052631578e-08,14469,,,,,,,,,
95,,,,,,,,,,14469,0.018021319061517715,,,,,,,,
,,,,,,,,,9.552631578947368e-08,14474,,,,,,,,,
95,,,,,,,,,,14474,0.03354300931096077,,,,,,,,
,,,,,,,,,9.486842105263157e-08,14479,,,,,,,,,
95,,,,,,,,,,14479,0.033104538917541504,,,,,,,,
,,,,,,,,,9.421052631578946e-08,14484,,,,,,,,,
95,,,,,,,,,,14484,0.043092962354421616,,,,,,,,
,,,,,,,,,9.355263157894737e-08,14489,,,,,,,,,
95,,,,,,,,,,14489,0.019969496876001358,,,,,,,,
,,,,,,,,,9.289473684210526e-08,14494,,,,,,,,,
95,,,,,,,,,,14494,0.014233540743589401,,,,,,,,
,,,,,,,,,9.223684210526316e-08,14499,,,,,,,,,
95,,,,,,,,,,14499,0.0587865374982357,,,,,,,,
,,,,,,,,,9.157894736842105e-08,14504,,,,,,,,,
95,,,,,,,,,,14504,0.011685303412377834,,,,,,,,
,,,,,,,,,9.092105263157893e-08,14509,,,,,,,,,
95,,,,,,,,,,14509,0.014518357813358307,,,,,,,,
,,,,,,,,,9.026315789473683e-08,14514,,,,,,,,,
95,,,,,,,,,,14514,0.011246676556766033,,,,,,,,
,,,,,,,,,8.960526315789474e-08,14519,,,,,,,,,
95,,,,,,,,,,14519,0.006320371758192778,,,,,,,,
,,,,,,,,,8.894736842105263e-08,14524,,,,,,,,,
95,,,,,,,,,,14524,0.037349872291088104,,,,,,,,
,,,,,,,,,8.828947368421053e-08,14529,,,,,,,,,
95,,,,,,,,,,14529,0.018603194504976273,,,,,,,,
,,,,,,,,,8.763157894736841e-08,14534,,,,,,,,,
95,,,,,,,,,,14534,0.01571507379412651,,,,,,,,
,,,,,,,,,8.697368421052631e-08,14539,,,,,,,,,
95,,,,,,,,,,14539,0.014654502272605896,,,,,,,,
,,,,,,,,,8.63157894736842e-08,14544,,,,,,,,,
95,,,,,,,,,,14544,0.005481416825205088,,,,,,,,
,,,,,,,,,8.56578947368421e-08,14549,,,,,,,,,
95,,,,,,,,,,14549,0.024845467880368233,,,,,,,,
,,,,,,,,,8.500000000000001e-08,14554,,,,,,,,,
95,,,,,,,,,,14554,0.03652935475111008,,,,,,,,
,,,,,,,,,8.434210526315789e-08,14559,,,,,,,,,
95,,,,,,,,,,14559,0.010348064824938774,,,,,,,,
,,,,,,,,,8.368421052631578e-08,14564,,,,,,,,,
95,,,,,,,,,,14564,0.04172204062342644,,,,,,,,
,,,,,,,,,8.302631578947368e-08,14569,,,,,,,,,
95,,,,,,,,,,14569,0.03590098023414612,,,,,,,,
,,,,,,,,,8.236842105263158e-08,14574,,,,,,,,,
95,,,,,,,,,,14574,0.06779840588569641,,,,,,,,
,,,,,,,,,8.171052631578947e-08,14579,,,,,,,,,
95,,,,,,,,,,14579,0.03287530317902565,,,,,,,,
,,,,,,,,,8.105263157894735e-08,14584,,,,,,,,,
95,,,,,,,,,,14584,0.037239547818899155,,,,,,,,
,,,,,,,,,8.039473684210526e-08,14589,,,,,,,,,
95,,,,,,,,,,14589,0.006000576540827751,,,,,,,,
95,,,,,,,,,,14591,,0.737500011920929,0.774193525314331,0.06889456510543823,0.06889456510543823,0.4951738715171814,0.7659574747085571,0.782608687877655,0.4979933798313141
,,,,,,,,,7.973684210526316e-08,14594,,,,,,,,,
96,,,,,,,,,,14594,0.020772382616996765,,,,,,,,
,,,,,,,,,7.907894736842105e-08,14599,,,,,,,,,
96,,,,,,,,,,14599,0.01070381235331297,,,,,,,,
,,,,,,,,,7.842105263157895e-08,14604,,,,,,,,,
96,,,,,,,,,,14604,0.027337124571204185,,,,,,,,
,,,,,,,,,7.776315789473683e-08,14609,,,,,,,,,
96,,,,,,,,,,14609,0.03440272808074951,,,,,,,,
,,,,,,,,,7.710526315789473e-08,14614,,,,,,,,,
96,,,,,,,,,,14614,0.0060797459445893764,,,,,,,,
,,,,,,,,,7.644736842105262e-08,14619,,,,,,,,,
96,,,,,,,,,,14619,0.011894804425537586,,,,,,,,
,,,,,,,,,7.578947368421053e-08,14624,,,,,,,,,
96,,,,,,,,,,14624,0.025150783360004425,,,,,,,,
,,,,,,,,,7.513157894736843e-08,14629,,,,,,,,,
96,,,,,,,,,,14629,0.051049742847681046,,,,,,,,
,,,,,,,,,7.447368421052631e-08,14634,,,,,,,,,
96,,,,,,,,,,14634,0.006174955517053604,,,,,,,,
,,,,,,,,,7.38157894736842e-08,14639,,,,,,,,,
96,,,,,,,,,,14639,0.022719833999872208,,,,,,,,
,,,,,,,,,7.31578947368421e-08,14644,,,,,,,,,
96,,,,,,,,,,14644,0.036885153502225876,,,,,,,,
,,,,,,,,,7.25e-08,14649,,,,,,,,,
96,,,,,,,,,,14649,0.028355563059449196,,,,,,,,
,,,,,,,,,7.18421052631579e-08,14654,,,,,,,,,
96,,,,,,,,,,14654,0.004677592311054468,,,,,,,,
,,,,,,,,,7.118421052631578e-08,14659,,,,,,,,,
96,,,,,,,,,,14659,0.02541087567806244,,,,,,,,
,,,,,,,,,7.052631578947368e-08,14664,,,,,,,,,
96,,,,,,,,,,14664,0.010988458059728146,,,,,,,,
,,,,,,,,,6.986842105263158e-08,14669,,,,,,,,,
96,,,,,,,,,,14669,0.00565487751737237,,,,,,,,
,,,,,,,,,6.921052631578947e-08,14674,,,,,,,,,
96,,,,,,,,,,14674,0.01557139027863741,,,,,,,,
,,,,,,,,,6.855263157894737e-08,14679,,,,,,,,,
96,,,,,,,,,,14679,0.024836698547005653,,,,,,,,
,,,,,,,,,6.789473684210525e-08,14684,,,,,,,,,
96,,,,,,,,,,14684,0.017666837200522423,,,,,,,,
,,,,,,,,,6.723684210526316e-08,14689,,,,,,,,,
96,,,,,,,,,,14689,0.03371810540556908,,,,,,,,
,,,,,,,,,6.657894736842105e-08,14694,,,,,,,,,
96,,,,,,,,,,14694,0.03043367713689804,,,,,,,,
,,,,,,,,,6.592105263157895e-08,14699,,,,,,,,,
96,,,,,,,,,,14699,0.005910031031817198,,,,,,,,
,,,,,,,,,6.526315789473684e-08,14704,,,,,,,,,
96,,,,,,,,,,14704,0.019202524796128273,,,,,,,,
,,,,,,,,,6.460526315789473e-08,14709,,,,,,,,,
96,,,,,,,,,,14709,0.008787921629846096,,,,,,,,
,,,,,,,,,6.394736842105262e-08,14714,,,,,,,,,
96,,,,,,,,,,14714,0.006323220673948526,,,,,,,,
,,,,,,,,,6.328947368421052e-08,14719,,,,,,,,,
96,,,,,,,,,,14719,0.03114168532192707,,,,,,,,
,,,,,,,,,6.263157894736843e-08,14724,,,,,,,,,
96,,,,,,,,,,14724,0.03195599094033241,,,,,,,,
,,,,,,,,,6.197368421052631e-08,14729,,,,,,,,,
96,,,,,,,,,,14729,0.006659040227532387,,,,,,,,
,,,,,,,,,6.13157894736842e-08,14734,,,,,,,,,
96,,,,,,,,,,14734,0.010190482251346111,,,,,,,,
,,,,,,,,,6.06578947368421e-08,14739,,,,,,,,,
96,,,,,,,,,,14739,0.03670332208275795,,,,,,,,
96,,,,,,,,,,14743,,0.737500011920929,0.774193525314331,0.06887135654687881,0.06887135654687881,0.4949953556060791,0.7659574747085571,0.782608687877655,0.4981929361820221
,,,,,,,,,6e-08,14744,,,,,,,,,
97,,,,,,,,,,14744,0.033012114465236664,,,,,,,,
,,,,,,,,,5.93421052631579e-08,14749,,,,,,,,,
97,,,,,,,,,,14749,0.034689370542764664,,,,,,,,
,,,,,,,,,5.8684210526315786e-08,14754,,,,,,,,,
97,,,,,,,,,,14754,0.010919489897787571,,,,,,,,
,,,,,,,,,5.802631578947368e-08,14759,,,,,,,,,
97,,,,,,,,,,14759,0.03944602608680725,,,,,,,,
,,,,,,,,,5.736842105263157e-08,14764,,,,,,,,,
97,,,,,,,,,,14764,0.035499993711709976,,,,,,,,
,,,,,,,,,5.671052631578947e-08,14769,,,,,,,,,
97,,,,,,,,,,14769,0.0032494275365024805,,,,,,,,
,,,,,,,,,5.605263157894737e-08,14774,,,,,,,,,
97,,,,,,,,,,14774,0.015788791701197624,,,,,,,,
,,,,,,,,,5.5394736842105256e-08,14779,,,,,,,,,
97,,,,,,,,,,14779,0.0090144919231534,,,,,,,,
,,,,,,,,,5.473684210526316e-08,14784,,,,,,,,,
97,,,,,,,,,,14784,0.006080165505409241,,,,,,,,
,,,,,,,,,5.407894736842105e-08,14789,,,,,,,,,
97,,,,,,,,,,14789,0.033118925988674164,,,,,,,,
,,,,,,,,,5.342105263157894e-08,14794,,,,,,,,,
97,,,,,,,,,,14794,0.02443302609026432,,,,,,,,
,,,,,,,,,5.2763157894736845e-08,14799,,,,,,,,,
97,,,,,,,,,,14799,0.025594409555196762,,,,,,,,
,,,,,,,,,5.2105263157894734e-08,14804,,,,,,,,,
97,,,,,,,,,,14804,0.024803629145026207,,,,,,,,
,,,,,,,,,5.144736842105263e-08,14809,,,,,,,,,
97,,,,,,,,,,14809,0.017022501677274704,,,,,,,,
,,,,,,,,,5.078947368421052e-08,14814,,,,,,,,,
97,,,,,,,,,,14814,0.02946820855140686,,,,,,,,
,,,,,,,,,5.013157894736842e-08,14819,,,,,,,,,
97,,,,,,,,,,14819,0.019681647419929504,,,,,,,,
,,,,,,,,,4.9473684210526315e-08,14824,,,,,,,,,
97,,,,,,,,,,14824,0.001751688658259809,,,,,,,,
,,,,,,,,,4.8815789473684204e-08,14829,,,,,,,,,
97,,,,,,,,,,14829,0.0037969460245221853,,,,,,,,
,,,,,,,,,4.8157894736842106e-08,14834,,,,,,,,,
97,,,,,,,,,,14834,0.060018036514520645,,,,,,,,
,,,,,,,,,4.7499999999999995e-08,14839,,,,,,,,,
97,,,,,,,,,,14839,0.0264204740524292,,,,,,,,
,,,,,,,,,4.684210526315789e-08,14844,,,,,,,,,
97,,,,,,,,,,14844,0.014158777892589569,,,,,,,,
,,,,,,,,,4.618421052631579e-08,14849,,,,,,,,,
97,,,,,,,,,,14849,0.021360384300351143,,,,,,,,
,,,,,,,,,4.552631578947368e-08,14854,,,,,,,,,
97,,,,,,,,,,14854,0.02376447431743145,,,,,,,,
,,,,,,,,,4.486842105263158e-08,14859,,,,,,,,,
97,,,,,,,,,,14859,0.012424078769981861,,,,,,,,
,,,,,,,,,4.4210526315789466e-08,14864,,,,,,,,,
97,,,,,,,,,,14864,0.015023414045572281,,,,,,,,
,,,,,,,,,4.355263157894737e-08,14869,,,,,,,,,
97,,,,,,,,,,14869,0.02916046604514122,,,,,,,,
,,,,,,,,,4.2894736842105263e-08,14874,,,,,,,,,
97,,,,,,,,,,14874,0.017808008939027786,,,,,,,,
,,,,,,,,,4.223684210526315e-08,14879,,,,,,,,,
97,,,,,,,,,,14879,0.01841503381729126,,,,,,,,
,,,,,,,,,4.1578947368421054e-08,14884,,,,,,,,,
97,,,,,,,,,,14884,0.02141549065709114,,,,,,,,
,,,,,,,,,4.092105263157894e-08,14889,,,,,,,,,
97,,,,,,,,,,14889,0.03470338135957718,,,,,,,,
,,,,,,,,,4.026315789473684e-08,14894,,,,,,,,,
97,,,,,,,,,,14894,0.007265796884894371,,,,,,,,
97,,,,,,,,,,14895,,0.737500011920929,0.774193525314331,0.0688982903957367,0.0688982903957367,0.4931773543357849,0.7659574747085571,0.782608687877655,0.4957631826400757
,,,,,,,,,3.9605263157894734e-08,14899,,,,,,,,,
98,,,,,,,,,,14899,0.006817575078457594,,,,,,,,
,,,,,,,,,3.894736842105263e-08,14904,,,,,,,,,
98,,,,,,,,,,14904,0.01307168323546648,,,,,,,,
,,,,,,,,,3.8289473684210525e-08,14909,,,,,,,,,
98,,,,,,,,,,14909,0.01907564140856266,,,,,,,,
,,,,,,,,,3.7631578947368414e-08,14914,,,,,,,,,
98,,,,,,,,,,14914,0.008702125400304794,,,,,,,,
,,,,,,,,,3.6973684210526316e-08,14919,,,,,,,,,
98,,,,,,,,,,14919,0.016099615022540092,,,,,,,,
,,,,,,,,,3.631578947368421e-08,14924,,,,,,,,,
98,,,,,,,,,,14924,0.028974123299121857,,,,,,,,
,,,,,,,,,3.56578947368421e-08,14929,,,,,,,,,
98,,,,,,,,,,14929,0.07746100425720215,,,,,,,,
,,,,,,,,,3.5e-08,14934,,,,,,,,,
98,,,,,,,,,,14934,0.01757868193089962,,,,,,,,
,,,,,,,,,3.434210526315789e-08,14939,,,,,,,,,
98,,,,,,,,,,14939,0.015771446749567986,,,,,,,,
,,,,,,,,,3.368421052631579e-08,14944,,,,,,,,,
98,,,,,,,,,,14944,0.04029570147395134,,,,,,,,
,,,,,,,,,3.302631578947368e-08,14949,,,,,,,,,
98,,,,,,,,,,14949,0.016642976552248,,,,,,,,
,,,,,,,,,3.236842105263158e-08,14954,,,,,,,,,
98,,,,,,,,,,14954,0.02724458836019039,,,,,,,,
,,,,,,,,,3.171052631578947e-08,14959,,,,,,,,,
98,,,,,,,,,,14959,0.010953543707728386,,,,,,,,
,,,,,,,,,3.105263157894737e-08,14964,,,,,,,,,
98,,,,,,,,,,14964,0.0190309789031744,,,,,,,,
,,,,,,,,,3.0394736842105264e-08,14969,,,,,,,,,
98,,,,,,,,,,14969,0.00594564713537693,,,,,,,,
,,,,,,,,,2.9736842105263156e-08,14974,,,,,,,,,
98,,,,,,,,,,14974,0.0607353113591671,,,,,,,,
,,,,,,,,,2.907894736842105e-08,14979,,,,,,,,,
98,,,,,,,,,,14979,0.018586771562695503,,,,,,,,
,,,,,,,,,2.8421052631578947e-08,14984,,,,,,,,,
98,,,,,,,,,,14984,0.009829401969909668,,,,,,,,
,,,,,,,,,2.7763157894736843e-08,14989,,,,,,,,,
98,,,,,,,,,,14989,0.0081945164129138,,,,,,,,
,,,,,,,,,2.7105263157894735e-08,14994,,,,,,,,,
98,,,,,,,,,,14994,0.05039326846599579,,,,,,,,
,,,,,,,,,2.644736842105263e-08,14999,,,,,,,,,
98,,,,,,,,,,14999,0.02240024134516716,,,,,,,,
,,,,,,,,,2.5789473684210526e-08,15004,,,,,,,,,
98,,,,,,,,,,15004,0.016952404752373695,,,,,,,,
,,,,,,,,,2.513157894736842e-08,15009,,,,,,,,,
98,,,,,,,,,,15009,0.028257619589567184,,,,,,,,
,,,,,,,,,2.4473684210526313e-08,15014,,,,,,,,,
98,,,,,,,,,,15014,0.01591094210743904,,,,,,,,
,,,,,,,,,2.381578947368421e-08,15019,,,,,,,,,
98,,,,,,,,,,15019,0.009348918683826923,,,,,,,,
,,,,,,,,,2.3157894736842104e-08,15024,,,,,,,,,
98,,,,,,,,,,15024,0.005007073748856783,,,,,,,,
,,,,,,,,,2.25e-08,15029,,,,,,,,,
98,,,,,,,,,,15029,0.009475613944232464,,,,,,,,
,,,,,,,,,2.1842105263157895e-08,15034,,,,,,,,,
98,,,,,,,,,,15034,0.03278692439198494,,,,,,,,
,,,,,,,,,2.1184210526315787e-08,15039,,,,,,,,,
98,,,,,,,,,,15039,0.018685488030314445,,,,,,,,
,,,,,,,,,2.0526315789473683e-08,15044,,,,,,,,,
98,,,,,,,,,,15044,0.018728090450167656,,,,,,,,
98,,,,,,,,,,15047,,0.737500011920929,0.774193525314331,0.0689406618475914,0.0689406618475914,0.4931339621543884,0.7659574747085571,0.782608687877655,0.4967257082462311
,,,,,,,,,1.9868421052631578e-08,15049,,,,,,,,,
99,,,,,,,,,,15049,0.028261009603738785,,,,,,,,
,,,,,,,,,1.9210526315789474e-08,15054,,,,,,,,,
99,,,,,,,,,,15054,0.014739071018993855,,,,,,,,
,,,,,,,,,1.855263157894737e-08,15059,,,,,,,,,
99,,,,,,,,,,15059,0.042539555579423904,,,,,,,,
,,,,,,,,,1.789473684210526e-08,15064,,,,,,,,,
99,,,,,,,,,,15064,0.019127216190099716,,,,,,,,
,,,,,,,,,1.7236842105263157e-08,15069,,,,,,,,,
99,,,,,,,,,,15069,0.013048077933490276,,,,,,,,
,,,,,,,,,1.6578947368421052e-08,15074,,,,,,,,,
99,,,,,,,,,,15074,0.015306626446545124,,,,,,,,
,,,,,,,,,1.5921052631578948e-08,15079,,,,,,,,,
99,,,,,,,,,,15079,0.05824853852391243,,,,,,,,
,,,,,,,,,1.526315789473684e-08,15084,,,,,,,,,
99,,,,,,,,,,15084,0.02191203087568283,,,,,,,,
,,,,,,,,,1.4605263157894737e-08,15089,,,,,,,,,
99,,,,,,,,,,15089,0.01723981648683548,,,,,,,,
,,,,,,,,,1.394736842105263e-08,15094,,,,,,,,,
99,,,,,,,,,,15094,0.00991539005190134,,,,,,,,
,,,,,,,,,1.3289473684210526e-08,15099,,,,,,,,,
99,,,,,,,,,,15099,0.005094410851597786,,,,,,,,
,,,,,,,,,1.263157894736842e-08,15104,,,,,,,,,
99,,,,,,,,,,15104,0.014073549769818783,,,,,,,,
,,,,,,,,,1.1973684210526315e-08,15109,,,,,,,,,
99,,,,,,,,,,15109,0.02899859845638275,,,,,,,,
,,,,,,,,,1.1315789473684211e-08,15114,,,,,,,,,
99,,,,,,,,,,15114,0.026403658092021942,,,,,,,,
,,,,,,,,,1.0657894736842105e-08,15119,,,,,,,,,
99,,,,,,,,,,15119,0.00889972597360611,,,,,,,,
,,,,,,,,,1e-08,15124,,,,,,,,,
99,,,,,,,,,,15124,0.007705972529947758,,,,,,,,
,,,,,,,,,9.342105263157894e-09,15129,,,,,,,,,
99,,,,,,,,,,15129,0.024965329095721245,,,,,,,,
,,,,,,,,,8.68421052631579e-09,15134,,,,,,,,,
99,,,,,,,,,,15134,0.023750822991132736,,,,,,,,
,,,,,,,,,8.026315789473683e-09,15139,,,,,,,,,
99,,,,,,,,,,15139,0.023616047576069832,,,,,,,,
,,,,,,,,,7.368421052631579e-09,15144,,,,,,,,,
99,,,,,,,,,,15144,0.003607439808547497,,,,,,,,
,,,,,,,,,6.710526315789473e-09,15149,,,,,,,,,
99,,,,,,,,,,15149,0.03346526250243187,,,,,,,,
,,,,,,,,,6.052631578947368e-09,15154,,,,,,,,,
99,,,,,,,,,,15154,0.025834249332547188,,,,,,,,
,,,,,,,,,5.394736842105263e-09,15159,,,,,,,,,
99,,,,,,,,,,15159,0.04470452293753624,,,,,,,,
,,,,,,,,,4.736842105263158e-09,15164,,,,,,,,,
99,,,,,,,,,,15164,0.014193983748555183,,,,,,,,
,,,,,,,,,4.078947368421053e-09,15169,,,,,,,,,
99,,,,,,,,,,15169,0.021428294479846954,,,,,,,,
,,,,,,,,,3.4210526315789474e-09,15174,,,,,,,,,
99,,,,,,,,,,15174,0.012903975322842598,,,,,,,,
,,,,,,,,,2.7631578947368416e-09,15179,,,,,,,,,
99,,,,,,,,,,15179,0.03490470349788666,,,,,,,,
,,,,,,,,,2.1052631578947367e-09,15184,,,,,,,,,
99,,,,,,,,,,15184,0.03791554644703865,,,,,,,,
,,,,,,,,,1.4473684210526315e-09,15189,,,,,,,,,
99,,,,,,,,,,15189,0.01397231500595808,,,,,,,,
,,,,,,,,,7.894736842105263e-10,15194,,,,,,,,,
99,,,,,,,,,,15194,0.03569582477211952,,,,,,,,
,,,,,,,,,1.3157894736842104e-10,15199,,,,,,,,,
99,,,,,,,,,,15199,0.014078855514526367,,,,,,,,
99,,,,,,,,,,15199,,0.737500011920929,0.774193525314331,0.06895680725574493,0.06895680725574493,0.49299323558807373,0.7659574747085571,0.782608687877655,0.49680784344673157
100,0.6687116622924805,0.7326732873916626,0.07896076887845993,0.07896076887845993,0.40023472905158997,0.7254902124404907,0.7400000095367432,0.41306203603744507,,15200,,,,,,,,,
