epoch,eval_accuracy,eval_f1,eval_loss,eval_mse,eval_pearson,eval_precision,eval_recall,eval_spearman,lr-AdamW,step,train_loss,val_accuracy,val_f1,val_loss,val_mse,val_pearson,val_precision,val_recall,val_spearman
,,,,,,,,,3.252032520325203e-10,4,,,,,,,,,
0,,,,,,,,,,4,0.10077331960201263,,,,,,,,
,,,,,,,,,7.317073170731707e-10,9,,,,,,,,,
0,,,,,,,,,,9,0.0824948400259018,,,,,,,,
,,,,,,,,,1.138211382113821e-09,14,,,,,,,,,
0,,,,,,,,,,14,0.08299215883016586,,,,,,,,
,,,,,,,,,1.5447154471544714e-09,19,,,,,,,,,
0,,,,,,,,,,19,0.047169484198093414,,,,,,,,
,,,,,,,,,1.9512195121951218e-09,24,,,,,,,,,
0,,,,,,,,,,24,0.09607407450675964,,,,,,,,
,,,,,,,,,2.3577235772357723e-09,29,,,,,,,,,
0,,,,,,,,,,29,0.10070190578699112,,,,,,,,
,,,,,,,,,2.7642276422764225e-09,34,,,,,,,,,
0,,,,,,,,,,34,0.0925593227148056,,,,,,,,
,,,,,,,,,3.1707317073170734e-09,39,,,,,,,,,
0,,,,,,,,,,39,0.053208980709314346,,,,,,,,
,,,,,,,,,3.5772357723577236e-09,44,,,,,,,,,
0,,,,,,,,,,44,0.05183938145637512,,,,,,,,
,,,,,,,,,3.983739837398373e-09,49,,,,,,,,,
0,,,,,,,,,,49,0.13077758252620697,,,,,,,,
,,,,,,,,,4.390243902439025e-09,54,,,,,,,,,
0,,,,,,,,,,54,0.1354457587003708,,,,,,,,
,,,,,,,,,4.796747967479674e-09,59,,,,,,,,,
0,,,,,,,,,,59,0.12783072888851166,,,,,,,,
,,,,,,,,,5.203252032520325e-09,64,,,,,,,,,
0,,,,,,,,,,64,0.09194197505712509,,,,,,,,
,,,,,,,,,5.6097560975609755e-09,69,,,,,,,,,
0,,,,,,,,,,69,0.08938159793615341,,,,,,,,
,,,,,,,,,6.016260162601626e-09,74,,,,,,,,,
0,,,,,,,,,,74,0.08145011216402054,,,,,,,,
,,,,,,,,,6.422764227642277e-09,79,,,,,,,,,
0,,,,,,,,,,79,0.026374168694019318,,,,,,,,
,,,,,,,,,6.829268292682926e-09,84,,,,,,,,,
0,,,,,,,,,,84,0.10970193147659302,,,,,,,,
,,,,,,,,,7.235772357723577e-09,89,,,,,,,,,
0,,,,,,,,,,89,0.08843632787466049,,,,,,,,
,,,,,,,,,7.642276422764227e-09,94,,,,,,,,,
0,,,,,,,,,,94,0.11320918053388596,,,,,,,,
,,,,,,,,,8.048780487804877e-09,99,,,,,,,,,
0,,,,,,,,,,99,0.1020832508802414,,,,,,,,
,,,,,,,,,8.455284552845529e-09,104,,,,,,,,,
0,,,,,,,,,,104,0.10274236649274826,,,,,,,,
,,,,,,,,,8.861788617886178e-09,109,,,,,,,,,
0,,,,,,,,,,109,0.056064702570438385,,,,,,,,
,,,,,,,,,9.268292682926828e-09,114,,,,,,,,,
0,,,,,,,,,,114,0.050712719559669495,,,,,,,,
,,,,,,,,,9.674796747967478e-09,119,,,,,,,,,
0,,,,,,,,,,119,0.10022332519292831,,,,,,,,
,,,,,,,,,1.008130081300813e-08,124,,,,,,,,,
0,,,,,,,,,,124,0.06601763516664505,,,,,,,,
,,,,,,,,,1.048780487804878e-08,129,,,,,,,,,
0,,,,,,,,,,129,0.06778411567211151,,,,,,,,
,,,,,,,,,1.089430894308943e-08,134,,,,,,,,,
0,,,,,,,,,,134,0.11002353578805923,,,,,,,,
,,,,,,,,,1.1300813008130082e-08,139,,,,,,,,,
0,,,,,,,,,,139,0.06581627577543259,,,,,,,,
,,,,,,,,,1.1707317073170731e-08,144,,,,,,,,,
0,,,,,,,,,,144,0.09688775986433029,,,,,,,,
,,,,,,,,,1.2113821138211381e-08,149,,,,,,,,,
0,,,,,,,,,,149,0.066123828291893,,,,,,,,
,,,,,,,,,1.2520325203252031e-08,154,,,,,,,,,
0,,,,,,,,,,154,0.08070211112499237,,,,,,,,
,,,,,,,,,1.2926829268292682e-08,159,,,,,,,,,
0,,,,,,,,,,159,0.07386179268360138,,,,,,,,
,,,,,,,,,1.3333333333333334e-08,164,,,,,,,,,
0,,,,,,,,,,164,0.12285679578781128,,,,,,,,
,,,,,,,,,1.3739837398373983e-08,169,,,,,,,,,
0,,,,,,,,,,169,0.027419589459896088,,,,,,,,
,,,,,,,,,1.4146341463414635e-08,174,,,,,,,,,
0,,,,,,,,,,174,0.05008044093847275,,,,,,,,
,,,,,,,,,1.4552845528455284e-08,179,,,,,,,,,
0,,,,,,,,,,179,0.08946910500526428,,,,,,,,
,,,,,,,,,1.4959349593495936e-08,184,,,,,,,,,
0,,,,,,,,,,184,0.040099769830703735,,,,,,,,
,,,,,,,,,1.5365853658536584e-08,189,,,,,,,,,
0,,,,,,,,,,189,0.08513714373111725,,,,,,,,
,,,,,,,,,1.5772357723577235e-08,194,,,,,,,,,
0,,,,,,,,,,194,0.07455622404813766,,,,,,,,
,,,,,,,,,1.6178861788617883e-08,199,,,,,,,,,
0,,,,,,,,,,199,0.14870594441890717,,,,,,,,
,,,,,,,,,1.6585365853658538e-08,204,,,,,,,,,
0,,,,,,,,,,204,0.08415783196687698,,,,,,,,
,,,,,,,,,1.6991869918699186e-08,209,,,,,,,,,
0,,,,,,,,,,209,0.08231370896100998,,,,,,,,
,,,,,,,,,1.7398373983739838e-08,214,,,,,,,,,
0,,,,,,,,,,214,0.053570523858070374,,,,,,,,
,,,,,,,,,1.7804878048780486e-08,219,,,,,,,,,
0,,,,,,,,,,219,0.07866553217172623,,,,,,,,
,,,,,,,,,1.8211382113821137e-08,224,,,,,,,,,
0,,,,,,,,,,224,0.04236125573515892,,,,,,,,
,,,,,,,,,1.861788617886179e-08,229,,,,,,,,,
0,,,,,,,,,,229,0.07783724367618561,,,,,,,,
,,,,,,,,,1.9024390243902436e-08,234,,,,,,,,,
0,,,,,,,,,,234,0.02481900528073311,,,,,,,,
,,,,,,,,,1.943089430894309e-08,239,,,,,,,,,
0,,,,,,,,,,239,0.0175927821546793,,,,,,,,
,,,,,,,,,1.983739837398374e-08,244,,,,,,,,,
0,,,,,,,,,,244,0.04519202187657356,,,,,,,,
0,,,,,,,,,,245,,0.3076923191547394,0.0,0.06770769506692886,0.06770769506692886,-0.11420820653438568,0.0,0.0,-0.15042871236801147
,,,,,,,,,2.024390243902439e-08,249,,,,,,,,,
1,,,,,,,,,,249,0.07813531905412674,,,,,,,,
,,,,,,,,,2.065040650406504e-08,254,,,,,,,,,
1,,,,,,,,,,254,0.0690980777144432,,,,,,,,
,,,,,,,,,2.105691056910569e-08,259,,,,,,,,,
1,,,,,,,,,,259,0.11909956485033035,,,,,,,,
,,,,,,,,,2.146341463414634e-08,264,,,,,,,,,
1,,,,,,,,,,264,0.09741438180208206,,,,,,,,
,,,,,,,,,2.186991869918699e-08,269,,,,,,,,,
1,,,,,,,,,,269,0.07185617089271545,,,,,,,,
,,,,,,,,,2.2276422764227644e-08,274,,,,,,,,,
1,,,,,,,,,,274,0.05740715190768242,,,,,,,,
,,,,,,,,,2.2682926829268292e-08,279,,,,,,,,,
1,,,,,,,,,,279,0.04782876372337341,,,,,,,,
,,,,,,,,,2.3089430894308944e-08,284,,,,,,,,,
1,,,,,,,,,,284,0.07744765281677246,,,,,,,,
,,,,,,,,,2.3495934959349592e-08,289,,,,,,,,,
1,,,,,,,,,,289,0.048804521560668945,,,,,,,,
,,,,,,,,,2.3902439024390243e-08,294,,,,,,,,,
1,,,,,,,,,,294,0.0997442901134491,,,,,,,,
,,,,,,,,,2.430894308943089e-08,299,,,,,,,,,
1,,,,,,,,,,299,0.031548235565423965,,,,,,,,
,,,,,,,,,2.4715447154471543e-08,304,,,,,,,,,
1,,,,,,,,,,304,0.03510883077979088,,,,,,,,
,,,,,,,,,2.5121951219512194e-08,309,,,,,,,,,
1,,,,,,,,,,309,0.07406611740589142,,,,,,,,
,,,,,,,,,2.5528455284552845e-08,314,,,,,,,,,
1,,,,,,,,,,314,0.10289351642131805,,,,,,,,
,,,,,,,,,2.5934959349593497e-08,319,,,,,,,,,
1,,,,,,,,,,319,0.04354777932167053,,,,,,,,
,,,,,,,,,2.6341463414634145e-08,324,,,,,,,,,
1,,,,,,,,,,324,0.0773424580693245,,,,,,,,
,,,,,,,,,2.6747967479674796e-08,329,,,,,,,,,
1,,,,,,,,,,329,0.09798142313957214,,,,,,,,
,,,,,,,,,2.7154471544715444e-08,334,,,,,,,,,
1,,,,,,,,,,334,0.08927235007286072,,,,,,,,
,,,,,,,,,2.7560975609756096e-08,339,,,,,,,,,
1,,,,,,,,,,339,0.06239437684416771,,,,,,,,
,,,,,,,,,2.7967479674796747e-08,344,,,,,,,,,
1,,,,,,,,,,344,0.06353587657213211,,,,,,,,
,,,,,,,,,2.83739837398374e-08,349,,,,,,,,,
1,,,,,,,,,,349,0.08475607633590698,,,,,,,,
,,,,,,,,,2.878048780487805e-08,354,,,,,,,,,
1,,,,,,,,,,354,0.053738079965114594,,,,,,,,
,,,,,,,,,2.9186991869918698e-08,359,,,,,,,,,
1,,,,,,,,,,359,0.04968450963497162,,,,,,,,
,,,,,,,,,2.959349593495935e-08,364,,,,,,,,,
1,,,,,,,,,,364,0.11872970312833786,,,,,,,,
,,,,,,,,,3e-08,369,,,,,,,,,
1,,,,,,,,,,369,0.10014417767524719,,,,,,,,
,,,,,,,,,3.040650406504065e-08,374,,,,,,,,,
1,,,,,,,,,,374,0.04286837577819824,,,,,,,,
,,,,,,,,,3.08130081300813e-08,379,,,,,,,,,
1,,,,,,,,,,379,0.07190853357315063,,,,,,,,
,,,,,,,,,3.121951219512195e-08,384,,,,,,,,,
1,,,,,,,,,,384,0.07518979907035828,,,,,,,,
,,,,,,,,,3.1626016260162596e-08,389,,,,,,,,,
1,,,,,,,,,,389,0.10541099309921265,,,,,,,,
,,,,,,,,,3.203252032520325e-08,394,,,,,,,,,
1,,,,,,,,,,394,0.08279480040073395,,,,,,,,
,,,,,,,,,3.24390243902439e-08,399,,,,,,,,,
1,,,,,,,,,,399,0.07580365985631943,,,,,,,,
,,,,,,,,,3.2845528455284554e-08,404,,,,,,,,,
1,,,,,,,,,,404,0.08917979896068573,,,,,,,,
,,,,,,,,,3.32520325203252e-08,409,,,,,,,,,
1,,,,,,,,,,409,0.0487905889749527,,,,,,,,
,,,,,,,,,3.3658536585365856e-08,414,,,,,,,,,
1,,,,,,,,,,414,0.04957706108689308,,,,,,,,
,,,,,,,,,3.4065040650406505e-08,419,,,,,,,,,
1,,,,,,,,,,419,0.07144960016012192,,,,,,,,
,,,,,,,,,3.447154471544715e-08,424,,,,,,,,,
1,,,,,,,,,,424,0.08870816230773926,,,,,,,,
,,,,,,,,,3.487804878048781e-08,429,,,,,,,,,
1,,,,,,,,,,429,0.07218664139509201,,,,,,,,
,,,,,,,,,3.5284552845528455e-08,434,,,,,,,,,
1,,,,,,,,,,434,0.04468632861971855,,,,,,,,
,,,,,,,,,3.5691056910569103e-08,439,,,,,,,,,
1,,,,,,,,,,439,0.10528125613927841,,,,,,,,
,,,,,,,,,3.609756097560975e-08,444,,,,,,,,,
1,,,,,,,,,,444,0.05493577942252159,,,,,,,,
,,,,,,,,,3.6504065040650406e-08,449,,,,,,,,,
1,,,,,,,,,,449,0.06446356326341629,,,,,,,,
,,,,,,,,,3.6910569105691054e-08,454,,,,,,,,,
1,,,,,,,,,,454,0.03124416433274746,,,,,,,,
,,,,,,,,,3.73170731707317e-08,459,,,,,,,,,
1,,,,,,,,,,459,0.06944842636585236,,,,,,,,
,,,,,,,,,3.772357723577236e-08,464,,,,,,,,,
1,,,,,,,,,,464,0.03599230572581291,,,,,,,,
,,,,,,,,,3.8130081300813005e-08,469,,,,,,,,,
1,,,,,,,,,,469,0.05104663595557213,,,,,,,,
,,,,,,,,,3.853658536585365e-08,474,,,,,,,,,
1,,,,,,,,,,474,0.04650525376200676,,,,,,,,
,,,,,,,,,3.894308943089431e-08,479,,,,,,,,,
1,,,,,,,,,,479,0.08294059336185455,,,,,,,,
,,,,,,,,,3.934959349593496e-08,484,,,,,,,,,
1,,,,,,,,,,484,0.05288553610444069,,,,,,,,
,,,,,,,,,3.975609756097561e-08,489,,,,,,,,,
1,,,,,,,,,,489,0.11596217006444931,,,,,,,,
1,,,,,,,,,,491,,0.3076923191547394,0.0,0.06761392205953598,0.06761392205953598,-0.09527888894081116,0.0,0.0,-0.13728675246238708
,,,,,,,,,4.016260162601626e-08,494,,,,,,,,,
2,,,,,,,,,,494,0.06604468077421188,,,,,,,,
,,,,,,,,,4.056910569105691e-08,499,,,,,,,,,
2,,,,,,,,,,499,0.085138700902462,,,,,,,,
,,,,,,,,,4.097560975609756e-08,504,,,,,,,,,
2,,,,,,,,,,504,0.10148634761571884,,,,,,,,
,,,,,,,,,4.138211382113821e-08,509,,,,,,,,,
2,,,,,,,,,,509,0.08801586180925369,,,,,,,,
,,,,,,,,,4.178861788617886e-08,514,,,,,,,,,
2,,,,,,,,,,514,0.06255502253770828,,,,,,,,
,,,,,,,,,4.219512195121951e-08,519,,,,,,,,,
2,,,,,,,,,,519,0.11150965839624405,,,,,,,,
,,,,,,,,,4.260162601626016e-08,524,,,,,,,,,
2,,,,,,,,,,524,0.102196604013443,,,,,,,,
,,,,,,,,,4.300813008130081e-08,529,,,,,,,,,
2,,,,,,,,,,529,0.08117666095495224,,,,,,,,
,,,,,,,,,4.3414634146341457e-08,534,,,,,,,,,
2,,,,,,,,,,534,0.06159697473049164,,,,,,,,
,,,,,,,,,4.382113821138211e-08,539,,,,,,,,,
2,,,,,,,,,,539,0.0472165048122406,,,,,,,,
,,,,,,,,,4.422764227642276e-08,544,,,,,,,,,
2,,,,,,,,,,544,0.03712176904082298,,,,,,,,
,,,,,,,,,4.463414634146341e-08,549,,,,,,,,,
2,,,,,,,,,,549,0.05598953738808632,,,,,,,,
,,,,,,,,,4.504065040650407e-08,554,,,,,,,,,
2,,,,,,,,,,554,0.07918161153793335,,,,,,,,
,,,,,,,,,4.544715447154472e-08,559,,,,,,,,,
2,,,,,,,,,,559,0.10001613199710846,,,,,,,,
,,,,,,,,,4.5853658536585365e-08,564,,,,,,,,,
2,,,,,,,,,,564,0.06822334229946136,,,,,,,,
,,,,,,,,,4.626016260162601e-08,569,,,,,,,,,
2,,,,,,,,,,569,0.10670875012874603,,,,,,,,
,,,,,,,,,4.666666666666667e-08,574,,,,,,,,,
2,,,,,,,,,,574,0.0860079824924469,,,,,,,,
,,,,,,,,,4.7073170731707316e-08,579,,,,,,,,,
2,,,,,,,,,,579,0.09366800636053085,,,,,,,,
,,,,,,,,,4.7479674796747964e-08,584,,,,,,,,,
2,,,,,,,,,,584,0.0959542915225029,,,,,,,,
,,,,,,,,,4.788617886178862e-08,589,,,,,,,,,
2,,,,,,,,,,589,0.08891478180885315,,,,,,,,
,,,,,,,,,4.8292682926829267e-08,594,,,,,,,,,
2,,,,,,,,,,594,0.07168495655059814,,,,,,,,
,,,,,,,,,4.8699186991869915e-08,599,,,,,,,,,
2,,,,,,,,,,599,0.13132385909557343,,,,,,,,
,,,,,,,,,4.910569105691056e-08,604,,,,,,,,,
2,,,,,,,,,,604,0.07358991354703903,,,,,,,,
,,,,,,,,,4.951219512195122e-08,609,,,,,,,,,
2,,,,,,,,,,609,0.03696366026997566,,,,,,,,
,,,,,,,,,4.9918699186991865e-08,614,,,,,,,,,
2,,,,,,,,,,614,0.07824844121932983,,,,,,,,
,,,,,,,,,5.0325203252032514e-08,619,,,,,,,,,
2,,,,,,,,,,619,0.043712954968214035,,,,,,,,
,,,,,,,,,5.0731707317073175e-08,624,,,,,,,,,
2,,,,,,,,,,624,0.08392961323261261,,,,,,,,
,,,,,,,,,5.113821138211382e-08,629,,,,,,,,,
2,,,,,,,,,,629,0.07825019210577011,,,,,,,,
,,,,,,,,,5.154471544715447e-08,634,,,,,,,,,
2,,,,,,,,,,634,0.06695770472288132,,,,,,,,
,,,,,,,,,5.195121951219512e-08,639,,,,,,,,,
2,,,,,,,,,,639,0.11541786789894104,,,,,,,,
,,,,,,,,,5.2357723577235774e-08,644,,,,,,,,,
2,,,,,,,,,,644,0.06761608272790909,,,,,,,,
,,,,,,,,,5.276422764227642e-08,649,,,,,,,,,
2,,,,,,,,,,649,0.06685414165258408,,,,,,,,
,,,,,,,,,5.317073170731707e-08,654,,,,,,,,,
2,,,,,,,,,,654,0.10062660276889801,,,,,,,,
,,,,,,,,,5.357723577235772e-08,659,,,,,,,,,
2,,,,,,,,,,659,0.10063116252422333,,,,,,,,
,,,,,,,,,5.398373983739837e-08,664,,,,,,,,,
2,,,,,,,,,,664,0.05681612715125084,,,,,,,,
,,,,,,,,,5.439024390243902e-08,669,,,,,,,,,
2,,,,,,,,,,669,0.096537284553051,,,,,,,,
,,,,,,,,,5.479674796747967e-08,674,,,,,,,,,
2,,,,,,,,,,674,0.06686533242464066,,,,,,,,
,,,,,,,,,5.5203252032520324e-08,679,,,,,,,,,
2,,,,,,,,,,679,0.10618958622217178,,,,,,,,
,,,,,,,,,5.560975609756097e-08,684,,,,,,,,,
2,,,,,,,,,,684,0.07326497882604599,,,,,,,,
,,,,,,,,,5.601626016260162e-08,689,,,,,,,,,
2,,,,,,,,,,689,0.050025176256895065,,,,,,,,
,,,,,,,,,5.642276422764227e-08,694,,,,,,,,,
2,,,,,,,,,,694,0.05708572268486023,,,,,,,,
,,,,,,,,,5.682926829268293e-08,699,,,,,,,,,
2,,,,,,,,,,699,0.07620787620544434,,,,,,,,
,,,,,,,,,5.723577235772358e-08,704,,,,,,,,,
2,,,,,,,,,,704,0.06861597299575806,,,,,,,,
,,,,,,,,,5.7642276422764225e-08,709,,,,,,,,,
2,,,,,,,,,,709,0.08674942702054977,,,,,,,,
,,,,,,,,,5.804878048780488e-08,714,,,,,,,,,
2,,,,,,,,,,714,0.04846576973795891,,,,,,,,
,,,,,,,,,5.845528455284553e-08,719,,,,,,,,,
2,,,,,,,,,,719,0.05431560054421425,,,,,,,,
,,,,,,,,,5.8861788617886176e-08,724,,,,,,,,,
2,,,,,,,,,,724,0.11643347144126892,,,,,,,,
,,,,,,,,,5.9268292682926824e-08,729,,,,,,,,,
2,,,,,,,,,,729,0.07160920649766922,,,,,,,,
,,,,,,,,,5.967479674796748e-08,734,,,,,,,,,
2,,,,,,,,,,734,0.09386280179023743,,,,,,,,
2,,,,,,,,,,737,,0.3076923191547394,0.0,0.06745214760303497,0.06745214760303497,-0.05927519500255585,0.0,0.0,-0.09855656325817108
,,,,,,,,,6.008130081300813e-08,739,,,,,,,,,
3,,,,,,,,,,739,0.1559252142906189,,,,,,,,
,,,,,,,,,6.048780487804877e-08,744,,,,,,,,,
3,,,,,,,,,,744,0.04408614709973335,,,,,,,,
,,,,,,,,,6.089430894308943e-08,749,,,,,,,,,
3,,,,,,,,,,749,0.1283387839794159,,,,,,,,
,,,,,,,,,6.130081300813008e-08,754,,,,,,,,,
3,,,,,,,,,,754,0.11467556655406952,,,,,,,,
,,,,,,,,,6.170731707317073e-08,759,,,,,,,,,
3,,,,,,,,,,759,0.03016679920256138,,,,,,,,
,,,,,,,,,6.211382113821138e-08,764,,,,,,,,,
3,,,,,,,,,,764,0.05071801692247391,,,,,,,,
,,,,,,,,,6.252032520325202e-08,769,,,,,,,,,
3,,,,,,,,,,769,0.04428577423095703,,,,,,,,
,,,,,,,,,6.292682926829268e-08,774,,,,,,,,,
3,,,,,,,,,,774,0.0791863203048706,,,,,,,,
,,,,,,,,,6.333333333333333e-08,779,,,,,,,,,
3,,,,,,,,,,779,0.07979506254196167,,,,,,,,
,,,,,,,,,6.373983739837397e-08,784,,,,,,,,,
3,,,,,,,,,,784,0.09150009602308273,,,,,,,,
,,,,,,,,,6.414634146341463e-08,789,,,,,,,,,
3,,,,,,,,,,789,0.032060734927654266,,,,,,,,
,,,,,,,,,6.455284552845528e-08,794,,,,,,,,,
3,,,,,,,,,,794,0.049252379685640335,,,,,,,,
,,,,,,,,,6.495934959349592e-08,799,,,,,,,,,
3,,,,,,,,,,799,0.14645157754421234,,,,,,,,
,,,,,,,,,6.536585365853658e-08,804,,,,,,,,,
3,,,,,,,,,,804,0.0485495924949646,,,,,,,,
,,,,,,,,,6.577235772357723e-08,809,,,,,,,,,
3,,,,,,,,,,809,0.051498185843229294,,,,,,,,
,,,,,,,,,6.617886178861789e-08,814,,,,,,,,,
3,,,,,,,,,,814,0.04809590429067612,,,,,,,,
,,,,,,,,,6.658536585365854e-08,819,,,,,,,,,
3,,,,,,,,,,819,0.05475189536809921,,,,,,,,
,,,,,,,,,6.699186991869918e-08,824,,,,,,,,,
3,,,,,,,,,,824,0.06805137544870377,,,,,,,,
,,,,,,,,,6.739837398373984e-08,829,,,,,,,,,
3,,,,,,,,,,829,0.06685082614421844,,,,,,,,
,,,,,,,,,6.780487804878049e-08,834,,,,,,,,,
3,,,,,,,,,,834,0.09323213994503021,,,,,,,,
,,,,,,,,,6.821138211382113e-08,839,,,,,,,,,
3,,,,,,,,,,839,0.09219358116388321,,,,,,,,
,,,,,,,,,6.861788617886179e-08,844,,,,,,,,,
3,,,,,,,,,,844,0.06690376251935959,,,,,,,,
,,,,,,,,,6.902439024390244e-08,849,,,,,,,,,
3,,,,,,,,,,849,0.0626722052693367,,,,,,,,
,,,,,,,,,6.943089430894309e-08,854,,,,,,,,,
3,,,,,,,,,,854,0.09579107165336609,,,,,,,,
,,,,,,,,,6.983739837398374e-08,859,,,,,,,,,
3,,,,,,,,,,859,0.10212987661361694,,,,,,,,
,,,,,,,,,7.02439024390244e-08,864,,,,,,,,,
3,,,,,,,,,,864,0.06087701395153999,,,,,,,,
,,,,,,,,,7.065040650406504e-08,869,,,,,,,,,
3,,,,,,,,,,869,0.05593694746494293,,,,,,,,
,,,,,,,,,7.105691056910569e-08,874,,,,,,,,,
3,,,,,,,,,,874,0.10719380527734756,,,,,,,,
,,,,,,,,,7.146341463414633e-08,879,,,,,,,,,
3,,,,,,,,,,879,0.06622540205717087,,,,,,,,
,,,,,,,,,7.186991869918699e-08,884,,,,,,,,,
3,,,,,,,,,,884,0.07478446513414383,,,,,,,,
,,,,,,,,,7.227642276422764e-08,889,,,,,,,,,
3,,,,,,,,,,889,0.045679837465286255,,,,,,,,
,,,,,,,,,7.268292682926828e-08,894,,,,,,,,,
3,,,,,,,,,,894,0.11026127636432648,,,,,,,,
,,,,,,,,,7.308943089430894e-08,899,,,,,,,,,
3,,,,,,,,,,899,0.08088322728872299,,,,,,,,
,,,,,,,,,7.349593495934959e-08,904,,,,,,,,,
3,,,,,,,,,,904,0.037289559841156006,,,,,,,,
,,,,,,,,,7.390243902439023e-08,909,,,,,,,,,
3,,,,,,,,,,909,0.026725580915808678,,,,,,,,
,,,,,,,,,7.430894308943089e-08,914,,,,,,,,,
3,,,,,,,,,,914,0.11088088154792786,,,,,,,,
,,,,,,,,,7.471544715447154e-08,919,,,,,,,,,
3,,,,,,,,,,919,0.06813333183526993,,,,,,,,
,,,,,,,,,7.512195121951219e-08,924,,,,,,,,,
3,,,,,,,,,,924,0.07414225488901138,,,,,,,,
,,,,,,,,,7.552845528455284e-08,929,,,,,,,,,
3,,,,,,,,,,929,0.07782279700040817,,,,,,,,
,,,,,,,,,7.593495934959348e-08,934,,,,,,,,,
3,,,,,,,,,,934,0.06770596653223038,,,,,,,,
,,,,,,,,,7.634146341463414e-08,939,,,,,,,,,
3,,,,,,,,,,939,0.0331651009619236,,,,,,,,
,,,,,,,,,7.674796747967479e-08,944,,,,,,,,,
3,,,,,,,,,,944,0.07221892476081848,,,,,,,,
,,,,,,,,,7.715447154471543e-08,949,,,,,,,,,
3,,,,,,,,,,949,0.059898365288972855,,,,,,,,
,,,,,,,,,7.75609756097561e-08,954,,,,,,,,,
3,,,,,,,,,,954,0.06883347779512405,,,,,,,,
,,,,,,,,,7.796747967479675e-08,959,,,,,,,,,
3,,,,,,,,,,959,0.09367639571428299,,,,,,,,
,,,,,,,,,7.83739837398374e-08,964,,,,,,,,,
3,,,,,,,,,,964,0.05153860151767731,,,,,,,,
,,,,,,,,,7.878048780487805e-08,969,,,,,,,,,
3,,,,,,,,,,969,0.1195719838142395,,,,,,,,
,,,,,,,,,7.91869918699187e-08,974,,,,,,,,,
3,,,,,,,,,,974,0.08345655351877213,,,,,,,,
,,,,,,,,,7.959349593495935e-08,979,,,,,,,,,
3,,,,,,,,,,979,0.06558512896299362,,,,,,,,
3,,,,,,,,,,983,,0.3076923191547394,0.0,0.06722742319107056,0.06722742319107056,-0.010264398530125618,0.0,0.0,-0.04324093833565712
,,,,,,,,,8e-08,984,,,,,,,,,
4,,,,,,,,,,984,0.09720954298973083,,,,,,,,
,,,,,,,,,8.040650406504066e-08,989,,,,,,,,,
4,,,,,,,,,,989,0.09052499383687973,,,,,,,,
,,,,,,,,,8.08130081300813e-08,994,,,,,,,,,
4,,,,,,,,,,994,0.09333732724189758,,,,,,,,
,,,,,,,,,8.121951219512195e-08,999,,,,,,,,,
4,,,,,,,,,,999,0.0950327217578888,,,,,,,,
,,,,,,,,,8.16260162601626e-08,1004,,,,,,,,,
4,,,,,,,,,,1004,0.0996520146727562,,,,,,,,
,,,,,,,,,8.203252032520325e-08,1009,,,,,,,,,
4,,,,,,,,,,1009,0.05980788916349411,,,,,,,,
,,,,,,,,,8.24390243902439e-08,1014,,,,,,,,,
4,,,,,,,,,,1014,0.07953470200300217,,,,,,,,
,,,,,,,,,8.284552845528454e-08,1019,,,,,,,,,
4,,,,,,,,,,1019,0.12844398617744446,,,,,,,,
,,,,,,,,,8.32520325203252e-08,1024,,,,,,,,,
4,,,,,,,,,,1024,0.04830541834235191,,,,,,,,
,,,,,,,,,8.365853658536585e-08,1029,,,,,,,,,
4,,,,,,,,,,1029,0.03550942614674568,,,,,,,,
,,,,,,,,,8.40650406504065e-08,1034,,,,,,,,,
4,,,,,,,,,,1034,0.0646594762802124,,,,,,,,
,,,,,,,,,8.447154471544715e-08,1039,,,,,,,,,
4,,,,,,,,,,1039,0.06923450529575348,,,,,,,,
,,,,,,,,,8.48780487804878e-08,1044,,,,,,,,,
4,,,,,,,,,,1044,0.09708154946565628,,,,,,,,
,,,,,,,,,8.528455284552845e-08,1049,,,,,,,,,
4,,,,,,,,,,1049,0.0377388522028923,,,,,,,,
,,,,,,,,,8.56910569105691e-08,1054,,,,,,,,,
4,,,,,,,,,,1054,0.08263258635997772,,,,,,,,
,,,,,,,,,8.609756097560974e-08,1059,,,,,,,,,
4,,,,,,,,,,1059,0.03637109696865082,,,,,,,,
,,,,,,,,,8.65040650406504e-08,1064,,,,,,,,,
4,,,,,,,,,,1064,0.10527551174163818,,,,,,,,
,,,,,,,,,8.691056910569105e-08,1069,,,,,,,,,
4,,,,,,,,,,1069,0.10971550643444061,,,,,,,,
,,,,,,,,,8.73170731707317e-08,1074,,,,,,,,,
4,,,,,,,,,,1074,0.029931047931313515,,,,,,,,
,,,,,,,,,8.772357723577235e-08,1079,,,,,,,,,
4,,,,,,,,,,1079,0.09575144201517105,,,,,,,,
,,,,,,,,,8.8130081300813e-08,1084,,,,,,,,,
4,,,,,,,,,,1084,0.048936627805233,,,,,,,,
,,,,,,,,,8.853658536585364e-08,1089,,,,,,,,,
4,,,,,,,,,,1089,0.034154392778873444,,,,,,,,
,,,,,,,,,8.89430894308943e-08,1094,,,,,,,,,
4,,,,,,,,,,1094,0.12446404993534088,,,,,,,,
,,,,,,,,,8.934959349593497e-08,1099,,,,,,,,,
4,,,,,,,,,,1099,0.07296118885278702,,,,,,,,
,,,,,,,,,8.975609756097561e-08,1104,,,,,,,,,
4,,,,,,,,,,1104,0.08824849128723145,,,,,,,,
,,,,,,,,,9.016260162601626e-08,1109,,,,,,,,,
4,,,,,,,,,,1109,0.10749729722738266,,,,,,,,
,,,,,,,,,9.056910569105692e-08,1114,,,,,,,,,
4,,,,,,,,,,1114,0.05144033208489418,,,,,,,,
,,,,,,,,,9.097560975609756e-08,1119,,,,,,,,,
4,,,,,,,,,,1119,0.05809744447469711,,,,,,,,
,,,,,,,,,9.138211382113821e-08,1124,,,,,,,,,
4,,,,,,,,,,1124,0.10677441954612732,,,,,,,,
,,,,,,,,,9.178861788617886e-08,1129,,,,,,,,,
4,,,,,,,,,,1129,0.03488514572381973,,,,,,,,
,,,,,,,,,9.219512195121951e-08,1134,,,,,,,,,
4,,,,,,,,,,1134,0.10761479288339615,,,,,,,,
,,,,,,,,,9.260162601626016e-08,1139,,,,,,,,,
4,,,,,,,,,,1139,0.03218424692749977,,,,,,,,
,,,,,,,,,9.30081300813008e-08,1144,,,,,,,,,
4,,,,,,,,,,1144,0.0639156699180603,,,,,,,,
,,,,,,,,,9.341463414634146e-08,1149,,,,,,,,,
4,,,,,,,,,,1149,0.08578795939683914,,,,,,,,
,,,,,,,,,9.382113821138212e-08,1154,,,,,,,,,
4,,,,,,,,,,1154,0.05345253273844719,,,,,,,,
,,,,,,,,,9.422764227642276e-08,1159,,,,,,,,,
4,,,,,,,,,,1159,0.017933767288923264,,,,,,,,
,,,,,,,,,9.463414634146341e-08,1164,,,,,,,,,
4,,,,,,,,,,1164,0.025946492329239845,,,,,,,,
,,,,,,,,,9.504065040650407e-08,1169,,,,,,,,,
4,,,,,,,,,,1169,0.12161798775196075,,,,,,,,
,,,,,,,,,9.544715447154471e-08,1174,,,,,,,,,
4,,,,,,,,,,1174,0.09253287315368652,,,,,,,,
,,,,,,,,,9.585365853658536e-08,1179,,,,,,,,,
4,,,,,,,,,,1179,0.08196230232715607,,,,,,,,
,,,,,,,,,9.626016260162602e-08,1184,,,,,,,,,
4,,,,,,,,,,1184,0.06165621802210808,,,,,,,,
,,,,,,,,,9.666666666666666e-08,1189,,,,,,,,,
4,,,,,,,,,,1189,0.05627693980932236,,,,,,,,
,,,,,,,,,9.707317073170731e-08,1194,,,,,,,,,
4,,,,,,,,,,1194,0.038539204746484756,,,,,,,,
,,,,,,,,,9.747967479674795e-08,1199,,,,,,,,,
4,,,,,,,,,,1199,0.08172681927680969,,,,,,,,
,,,,,,,,,9.788617886178861e-08,1204,,,,,,,,,
4,,,,,,,,,,1204,0.036039359867572784,,,,,,,,
,,,,,,,,,9.829268292682926e-08,1209,,,,,,,,,
4,,,,,,,,,,1209,0.09225403517484665,,,,,,,,
,,,,,,,,,9.86991869918699e-08,1214,,,,,,,,,
4,,,,,,,,,,1214,0.0814632773399353,,,,,,,,
,,,,,,,,,9.910569105691056e-08,1219,,,,,,,,,
4,,,,,,,,,,1219,0.07118953764438629,,,,,,,,
,,,,,,,,,9.951219512195122e-08,1224,,,,,,,,,
4,,,,,,,,,,1224,0.10919573903083801,,,,,,,,
,,,,,,,,,9.991869918699186e-08,1229,,,,,,,,,
4,,,,,,,,,,1229,0.016026994213461876,,,,,,,,
4,,,,,,,,,,1229,,0.3076923191547394,0.0,0.0669327899813652,0.0669327899813652,0.038832295686006546,0.0,0.0,0.003037144197151065
,,,,,,,,,1.0032520325203251e-07,1234,,,,,,,,,
5,,,,,,,,,,1234,0.07080969214439392,,,,,,,,
,,,,,,,,,1.0073170731707317e-07,1239,,,,,,,,,
5,,,,,,,,,,1239,0.07755394279956818,,,,,,,,
,,,,,,,,,1.0113821138211381e-07,1244,,,,,,,,,
5,,,,,,,,,,1244,0.058021917939186096,,,,,,,,
,,,,,,,,,1.0154471544715448e-07,1249,,,,,,,,,
5,,,,,,,,,,1249,0.09681672602891922,,,,,,,,
,,,,,,,,,1.0195121951219512e-07,1254,,,,,,,,,
5,,,,,,,,,,1254,0.12687934935092926,,,,,,,,
,,,,,,,,,1.0235772357723577e-07,1259,,,,,,,,,
5,,,,,,,,,,1259,0.05920381844043732,,,,,,,,
,,,,,,,,,1.0276422764227643e-07,1264,,,,,,,,,
5,,,,,,,,,,1264,0.07521243393421173,,,,,,,,
,,,,,,,,,1.0317073170731707e-07,1269,,,,,,,,,
5,,,,,,,,,,1269,0.09738551080226898,,,,,,,,
,,,,,,,,,1.0357723577235772e-07,1274,,,,,,,,,
5,,,,,,,,,,1274,0.11716607958078384,,,,,,,,
,,,,,,,,,1.0398373983739838e-07,1279,,,,,,,,,
5,,,,,,,,,,1279,0.06432615220546722,,,,,,,,
,,,,,,,,,1.0439024390243902e-07,1284,,,,,,,,,
5,,,,,,,,,,1284,0.051246631890535355,,,,,,,,
,,,,,,,,,1.0479674796747967e-07,1289,,,,,,,,,
5,,,,,,,,,,1289,0.08770393580198288,,,,,,,,
,,,,,,,,,1.0520325203252033e-07,1294,,,,,,,,,
5,,,,,,,,,,1294,0.06162716820836067,,,,,,,,
,,,,,,,,,1.0560975609756097e-07,1299,,,,,,,,,
5,,,,,,,,,,1299,0.09830596297979355,,,,,,,,
,,,,,,,,,1.0601626016260162e-07,1304,,,,,,,,,
5,,,,,,,,,,1304,0.04338783398270607,,,,,,,,
,,,,,,,,,1.0642276422764228e-07,1309,,,,,,,,,
5,,,,,,,,,,1309,0.093211330473423,,,,,,,,
,,,,,,,,,1.0682926829268292e-07,1314,,,,,,,,,
5,,,,,,,,,,1314,0.07558668404817581,,,,,,,,
,,,,,,,,,1.0723577235772357e-07,1319,,,,,,,,,
5,,,,,,,,,,1319,0.049470290541648865,,,,,,,,
,,,,,,,,,1.0764227642276422e-07,1324,,,,,,,,,
5,,,,,,,,,,1324,0.030786028131842613,,,,,,,,
,,,,,,,,,1.0804878048780487e-07,1329,,,,,,,,,
5,,,,,,,,,,1329,0.0631042867898941,,,,,,,,
,,,,,,,,,1.0845528455284553e-07,1334,,,,,,,,,
5,,,,,,,,,,1334,0.08858434855937958,,,,,,,,
,,,,,,,,,1.0886178861788617e-07,1339,,,,,,,,,
5,,,,,,,,,,1339,0.09168346226215363,,,,,,,,
,,,,,,,,,1.0926829268292682e-07,1344,,,,,,,,,
5,,,,,,,,,,1344,0.09684044867753983,,,,,,,,
,,,,,,,,,1.0967479674796748e-07,1349,,,,,,,,,
5,,,,,,,,,,1349,0.04370566084980965,,,,,,,,
,,,,,,,,,1.1008130081300812e-07,1354,,,,,,,,,
5,,,,,,,,,,1354,0.10097426921129227,,,,,,,,
,,,,,,,,,1.1048780487804877e-07,1359,,,,,,,,,
5,,,,,,,,,,1359,0.09020489454269409,,,,,,,,
,,,,,,,,,1.1089430894308943e-07,1364,,,,,,,,,
5,,,,,,,,,,1364,0.052610334008932114,,,,,,,,
,,,,,,,,,1.1130081300813007e-07,1369,,,,,,,,,
5,,,,,,,,,,1369,0.07485730946063995,,,,,,,,
,,,,,,,,,1.1170731707317072e-07,1374,,,,,,,,,
5,,,,,,,,,,1374,0.03895213454961777,,,,,,,,
,,,,,,,,,1.1211382113821137e-07,1379,,,,,,,,,
5,,,,,,,,,,1379,0.02667148970067501,,,,,,,,
,,,,,,,,,1.1252032520325202e-07,1384,,,,,,,,,
5,,,,,,,,,,1384,0.0723603144288063,,,,,,,,
,,,,,,,,,1.1292682926829267e-07,1389,,,,,,,,,
5,,,,,,,,,,1389,0.09436126053333282,,,,,,,,
,,,,,,,,,1.1333333333333332e-07,1394,,,,,,,,,
5,,,,,,,,,,1394,0.11771120131015778,,,,,,,,
,,,,,,,,,1.1373983739837398e-07,1399,,,,,,,,,
5,,,,,,,,,,1399,0.07086523622274399,,,,,,,,
,,,,,,,,,1.1414634146341464e-07,1404,,,,,,,,,
5,,,,,,,,,,1404,0.03578142076730728,,,,,,,,
,,,,,,,,,1.1455284552845528e-07,1409,,,,,,,,,
5,,,,,,,,,,1409,0.11294207721948624,,,,,,,,
,,,,,,,,,1.1495934959349593e-07,1414,,,,,,,,,
5,,,,,,,,,,1414,0.09088372439146042,,,,,,,,
,,,,,,,,,1.1536585365853659e-07,1419,,,,,,,,,
5,,,,,,,,,,1419,0.10447995364665985,,,,,,,,
,,,,,,,,,1.1577235772357723e-07,1424,,,,,,,,,
5,,,,,,,,,,1424,0.051973048597574234,,,,,,,,
,,,,,,,,,1.1617886178861789e-07,1429,,,,,,,,,
5,,,,,,,,,,1429,0.09252095967531204,,,,,,,,
,,,,,,,,,1.1658536585365854e-07,1434,,,,,,,,,
5,,,,,,,,,,1434,0.08348897099494934,,,,,,,,
,,,,,,,,,1.1699186991869918e-07,1439,,,,,,,,,
5,,,,,,,,,,1439,0.0653638243675232,,,,,,,,
,,,,,,,,,1.1739837398373984e-07,1444,,,,,,,,,
5,,,,,,,,,,1444,0.11779271811246872,,,,,,,,
,,,,,,,,,1.1780487804878048e-07,1449,,,,,,,,,
5,,,,,,,,,,1449,0.06307078152894974,,,,,,,,
,,,,,,,,,1.1821138211382113e-07,1454,,,,,,,,,
5,,,,,,,,,,1454,0.032935041934251785,,,,,,,,
,,,,,,,,,1.1861788617886179e-07,1459,,,,,,,,,
5,,,,,,,,,,1459,0.05016637220978737,,,,,,,,
,,,,,,,,,1.1902439024390243e-07,1464,,,,,,,,,
5,,,,,,,,,,1464,0.0408027321100235,,,,,,,,
,,,,,,,,,1.1943089430894308e-07,1469,,,,,,,,,
5,,,,,,,,,,1469,0.09869565069675446,,,,,,,,
,,,,,,,,,1.1983739837398374e-07,1474,,,,,,,,,
5,,,,,,,,,,1474,0.052412115037441254,,,,,,,,
5,,,,,,,,,,1475,,0.4615384638309479,0.3965517282485962,0.06655408442020416,0.06655408442020416,0.08011443167924881,0.8846153616905212,0.25555557012557983,0.05887665972113609
,,,,,,,,,1.202439024390244e-07,1479,,,,,,,,,
6,,,,,,,,,,1479,0.03639267012476921,,,,,,,,
,,,,,,,,,1.2065040650406505e-07,1484,,,,,,,,,
6,,,,,,,,,,1484,0.07730209082365036,,,,,,,,
,,,,,,,,,1.210569105691057e-07,1489,,,,,,,,,
6,,,,,,,,,,1489,0.04722248390316963,,,,,,,,
,,,,,,,,,1.2146341463414633e-07,1494,,,,,,,,,
6,,,,,,,,,,1494,0.05974915996193886,,,,,,,,
,,,,,,,,,1.2186991869918698e-07,1499,,,,,,,,,
6,,,,,,,,,,1499,0.10214509814977646,,,,,,,,
,,,,,,,,,1.2227642276422764e-07,1504,,,,,,,,,
6,,,,,,,,,,1504,0.04507720470428467,,,,,,,,
,,,,,,,,,1.226829268292683e-07,1509,,,,,,,,,
6,,,,,,,,,,1509,0.0639708861708641,,,,,,,,
,,,,,,,,,1.2308943089430895e-07,1514,,,,,,,,,
6,,,,,,,,,,1514,0.11951327323913574,,,,,,,,
,,,,,,,,,1.2349593495934958e-07,1519,,,,,,,,,
6,,,,,,,,,,1519,0.07791285961866379,,,,,,,,
,,,,,,,,,1.2390243902439023e-07,1524,,,,,,,,,
6,,,,,,,,,,1524,0.04147802293300629,,,,,,,,
,,,,,,,,,1.2430894308943089e-07,1529,,,,,,,,,
6,,,,,,,,,,1529,0.08717979490756989,,,,,,,,
,,,,,,,,,1.2471544715447154e-07,1534,,,,,,,,,
6,,,,,,,,,,1534,0.06434576958417892,,,,,,,,
,,,,,,,,,1.251219512195122e-07,1539,,,,,,,,,
6,,,,,,,,,,1539,0.09485115855932236,,,,,,,,
,,,,,,,,,1.2552845528455282e-07,1544,,,,,,,,,
6,,,,,,,,,,1544,0.10633938014507294,,,,,,,,
,,,,,,,,,1.259349593495935e-07,1549,,,,,,,,,
6,,,,,,,,,,1549,0.1078982874751091,,,,,,,,
,,,,,,,,,1.2634146341463413e-07,1554,,,,,,,,,
6,,,,,,,,,,1554,0.06541124731302261,,,,,,,,
,,,,,,,,,1.267479674796748e-07,1559,,,,,,,,,
6,,,,,,,,,,1559,0.02543814294040203,,,,,,,,
,,,,,,,,,1.2715447154471544e-07,1564,,,,,,,,,
6,,,,,,,,,,1564,0.12773844599723816,,,,,,,,
,,,,,,,,,1.275609756097561e-07,1569,,,,,,,,,
6,,,,,,,,,,1569,0.0980808436870575,,,,,,,,
,,,,,,,,,1.2796747967479673e-07,1574,,,,,,,,,
6,,,,,,,,,,1574,0.06618820875883102,,,,,,,,
,,,,,,,,,1.283739837398374e-07,1579,,,,,,,,,
6,,,,,,,,,,1579,0.08580819517374039,,,,,,,,
,,,,,,,,,1.2878048780487804e-07,1584,,,,,,,,,
6,,,,,,,,,,1584,0.036623913794755936,,,,,,,,
,,,,,,,,,1.291869918699187e-07,1589,,,,,,,,,
6,,,,,,,,,,1589,0.08182303607463837,,,,,,,,
,,,,,,,,,1.2959349593495934e-07,1594,,,,,,,,,
6,,,,,,,,,,1594,0.10070532560348511,,,,,,,,
,,,,,,,,,1.3e-07,1599,,,,,,,,,
6,,,,,,,,,,1599,0.0730440765619278,,,,,,,,
,,,,,,,,,1.3040650406504063e-07,1604,,,,,,,,,
6,,,,,,,,,,1604,0.07973800599575043,,,,,,,,
,,,,,,,,,1.3081300813008128e-07,1609,,,,,,,,,
6,,,,,,,,,,1609,0.03170115500688553,,,,,,,,
,,,,,,,,,1.3121951219512196e-07,1614,,,,,,,,,
6,,,,,,,,,,1614,0.10556115955114365,,,,,,,,
,,,,,,,,,1.316260162601626e-07,1619,,,,,,,,,
6,,,,,,,,,,1619,0.0617806538939476,,,,,,,,
,,,,,,,,,1.3203252032520325e-07,1624,,,,,,,,,
6,,,,,,,,,,1624,0.073719322681427,,,,,,,,
,,,,,,,,,1.324390243902439e-07,1629,,,,,,,,,
6,,,,,,,,,,1629,0.08585347980260849,,,,,,,,
,,,,,,,,,1.3284552845528456e-07,1634,,,,,,,,,
6,,,,,,,,,,1634,0.08467677980661392,,,,,,,,
,,,,,,,,,1.3325203252032518e-07,1639,,,,,,,,,
6,,,,,,,,,,1639,0.06520363688468933,,,,,,,,
,,,,,,,,,1.3365853658536587e-07,1644,,,,,,,,,
6,,,,,,,,,,1644,0.04348611459136009,,,,,,,,
,,,,,,,,,1.340650406504065e-07,1649,,,,,,,,,
6,,,,,,,,,,1649,0.0867064893245697,,,,,,,,
,,,,,,,,,1.3447154471544715e-07,1654,,,,,,,,,
6,,,,,,,,,,1654,0.14674752950668335,,,,,,,,
,,,,,,,,,1.348780487804878e-07,1659,,,,,,,,,
6,,,,,,,,,,1659,0.09146314114332199,,,,,,,,
,,,,,,,,,1.3528455284552846e-07,1664,,,,,,,,,
6,,,,,,,,,,1664,0.1026204451918602,,,,,,,,
,,,,,,,,,1.3569105691056909e-07,1669,,,,,,,,,
6,,,,,,,,,,1669,0.06379667669534683,,,,,,,,
,,,,,,,,,1.3609756097560977e-07,1674,,,,,,,,,
6,,,,,,,,,,1674,0.06436622887849808,,,,,,,,
,,,,,,,,,1.365040650406504e-07,1679,,,,,,,,,
6,,,,,,,,,,1679,0.055798135697841644,,,,,,,,
,,,,,,,,,1.3691056910569105e-07,1684,,,,,,,,,
6,,,,,,,,,,1684,0.06701767444610596,,,,,,,,
,,,,,,,,,1.373170731707317e-07,1689,,,,,,,,,
6,,,,,,,,,,1689,0.08712128549814224,,,,,,,,
,,,,,,,,,1.3772357723577236e-07,1694,,,,,,,,,
6,,,,,,,,,,1694,0.07641942799091339,,,,,,,,
,,,,,,,,,1.38130081300813e-07,1699,,,,,,,,,
6,,,,,,,,,,1699,0.08086297661066055,,,,,,,,
,,,,,,,,,1.3853658536585367e-07,1704,,,,,,,,,
6,,,,,,,,,,1704,0.10644522309303284,,,,,,,,
,,,,,,,,,1.389430894308943e-07,1709,,,,,,,,,
6,,,,,,,,,,1709,0.03353865072131157,,,,,,,,
,,,,,,,,,1.3934959349593495e-07,1714,,,,,,,,,
6,,,,,,,,,,1714,0.0766928493976593,,,,,,,,
,,,,,,,,,1.397560975609756e-07,1719,,,,,,,,,
6,,,,,,,,,,1719,0.044834159314632416,,,,,,,,
6,,,,,,,,,,1721,,0.6230769157409668,0.7292817831039429,0.06610869616270065,0.06610869616270065,0.10306718200445175,0.7252747416496277,0.7333333492279053,0.08000253885984421
,,,,,,,,,1.4016260162601626e-07,1724,,,,,,,,,
7,,,,,,,,,,1724,0.09017300605773926,,,,,,,,
,,,,,,,,,1.405691056910569e-07,1729,,,,,,,,,
7,,,,,,,,,,1729,0.1470709890127182,,,,,,,,
,,,,,,,,,1.4097560975609754e-07,1734,,,,,,,,,
7,,,,,,,,,,1734,0.05741879716515541,,,,,,,,
,,,,,,,,,1.413821138211382e-07,1739,,,,,,,,,
7,,,,,,,,,,1739,0.13513347506523132,,,,,,,,
,,,,,,,,,1.4178861788617885e-07,1744,,,,,,,,,
7,,,,,,,,,,1744,0.08213088661432266,,,,,,,,
,,,,,,,,,1.4219512195121948e-07,1749,,,,,,,,,
7,,,,,,,,,,1749,0.13388949632644653,,,,,,,,
,,,,,,,,,1.4260162601626016e-07,1754,,,,,,,,,
7,,,,,,,,,,1754,0.08449367433786392,,,,,,,,
,,,,,,,,,1.4300813008130082e-07,1759,,,,,,,,,
7,,,,,,,,,,1759,0.10787266492843628,,,,,,,,
,,,,,,,,,1.4341463414634145e-07,1764,,,,,,,,,
7,,,,,,,,,,1764,0.0809774324297905,,,,,,,,
,,,,,,,,,1.4382113821138213e-07,1769,,,,,,,,,
7,,,,,,,,,,1769,0.04740142449736595,,,,,,,,
,,,,,,,,,1.4422764227642275e-07,1774,,,,,,,,,
7,,,,,,,,,,1774,0.04641926661133766,,,,,,,,
,,,,,,,,,1.446341463414634e-07,1779,,,,,,,,,
7,,,,,,,,,,1779,0.03569949418306351,,,,,,,,
,,,,,,,,,1.4504065040650406e-07,1784,,,,,,,,,
7,,,,,,,,,,1784,0.08345403522253036,,,,,,,,
,,,,,,,,,1.4544715447154472e-07,1789,,,,,,,,,
7,,,,,,,,,,1789,0.1058136522769928,,,,,,,,
,,,,,,,,,1.4585365853658535e-07,1794,,,,,,,,,
7,,,,,,,,,,1794,0.06709697842597961,,,,,,,,
,,,,,,,,,1.4626016260162603e-07,1799,,,,,,,,,
7,,,,,,,,,,1799,0.08134559541940689,,,,,,,,
,,,,,,,,,1.4666666666666666e-07,1804,,,,,,,,,
7,,,,,,,,,,1804,0.06672080606222153,,,,,,,,
,,,,,,,,,1.470731707317073e-07,1809,,,,,,,,,
7,,,,,,,,,,1809,0.07407699525356293,,,,,,,,
,,,,,,,,,1.4747967479674797e-07,1814,,,,,,,,,
7,,,,,,,,,,1814,0.07235924154520035,,,,,,,,
,,,,,,,,,1.4788617886178862e-07,1819,,,,,,,,,
7,,,,,,,,,,1819,0.06118107959628105,,,,,,,,
,,,,,,,,,1.4829268292682925e-07,1824,,,,,,,,,
7,,,,,,,,,,1824,0.06020939722657204,,,,,,,,
,,,,,,,,,1.4869918699186993e-07,1829,,,,,,,,,
7,,,,,,,,,,1829,0.037228818982839584,,,,,,,,
,,,,,,,,,1.4910569105691056e-07,1834,,,,,,,,,
7,,,,,,,,,,1834,0.06366335600614548,,,,,,,,
,,,,,,,,,1.495121951219512e-07,1839,,,,,,,,,
7,,,,,,,,,,1839,0.05106990039348602,,,,,,,,
,,,,,,,,,1.4991869918699187e-07,1844,,,,,,,,,
7,,,,,,,,,,1844,0.0947001501917839,,,,,,,,
,,,,,,,,,1.5032520325203252e-07,1849,,,,,,,,,
7,,,,,,,,,,1849,0.054892152547836304,,,,,,,,
,,,,,,,,,1.5073170731707315e-07,1854,,,,,,,,,
7,,,,,,,,,,1854,0.029658595100045204,,,,,,,,
,,,,,,,,,1.511382113821138e-07,1859,,,,,,,,,
7,,,,,,,,,,1859,0.06064243242144585,,,,,,,,
,,,,,,,,,1.5154471544715446e-07,1864,,,,,,,,,
7,,,,,,,,,,1864,0.06654062122106552,,,,,,,,
,,,,,,,,,1.5195121951219511e-07,1869,,,,,,,,,
7,,,,,,,,,,1869,0.07229593396186829,,,,,,,,
,,,,,,,,,1.5235772357723574e-07,1874,,,,,,,,,
7,,,,,,,,,,1874,0.07807134836912155,,,,,,,,
,,,,,,,,,1.5276422764227642e-07,1879,,,,,,,,,
7,,,,,,,,,,1879,0.07562562078237534,,,,,,,,
,,,,,,,,,1.5317073170731705e-07,1884,,,,,,,,,
7,,,,,,,,,,1884,0.07575536519289017,,,,,,,,
,,,,,,,,,1.535772357723577e-07,1889,,,,,,,,,
7,,,,,,,,,,1889,0.056838374584913254,,,,,,,,
,,,,,,,,,1.5398373983739836e-07,1894,,,,,,,,,
7,,,,,,,,,,1894,0.09841697663068771,,,,,,,,
,,,,,,,,,1.5439024390243902e-07,1899,,,,,,,,,
7,,,,,,,,,,1899,0.04288133978843689,,,,,,,,
,,,,,,,,,1.5479674796747964e-07,1904,,,,,,,,,
7,,,,,,,,,,1904,0.05052785575389862,,,,,,,,
,,,,,,,,,1.5520325203252033e-07,1909,,,,,,,,,
7,,,,,,,,,,1909,0.11768900603055954,,,,,,,,
,,,,,,,,,1.5560975609756098e-07,1914,,,,,,,,,
7,,,,,,,,,,1914,0.026324216276407242,,,,,,,,
,,,,,,,,,1.560162601626016e-07,1919,,,,,,,,,
7,,,,,,,,,,1919,0.1254938691854477,,,,,,,,
,,,,,,,,,1.564227642276423e-07,1924,,,,,,,,,
7,,,,,,,,,,1924,0.09804455190896988,,,,,,,,
,,,,,,,,,1.5682926829268292e-07,1929,,,,,,,,,
7,,,,,,,,,,1929,0.09127005934715271,,,,,,,,
,,,,,,,,,1.5723577235772357e-07,1934,,,,,,,,,
7,,,,,,,,,,1934,0.09889962524175644,,,,,,,,
,,,,,,,,,1.5764227642276423e-07,1939,,,,,,,,,
7,,,,,,,,,,1939,0.05860011652112007,,,,,,,,
,,,,,,,,,1.5804878048780488e-07,1944,,,,,,,,,
7,,,,,,,,,,1944,0.09708185493946075,,,,,,,,
,,,,,,,,,1.584552845528455e-07,1949,,,,,,,,,
7,,,,,,,,,,1949,0.10220295935869217,,,,,,,,
,,,,,,,,,1.588617886178862e-07,1954,,,,,,,,,
7,,,,,,,,,,1954,0.1069599911570549,,,,,,,,
,,,,,,,,,1.5926829268292682e-07,1959,,,,,,,,,
7,,,,,,,,,,1959,0.08373939245939255,,,,,,,,
,,,,,,,,,1.5967479674796747e-07,1964,,,,,,,,,
7,,,,,,,,,,1964,0.029352577403187752,,,,,,,,
7,,,,,,,,,,1967,,0.6769230961799622,0.8055555820465088,0.06548360735177994,0.06548360735177994,0.1433027684688568,0.6904761791229248,0.9666666388511658,0.109284907579422
,,,,,,,,,1.6008130081300813e-07,1969,,,,,,,,,
8,,,,,,,,,,1969,0.08521171659231186,,,,,,,,
,,,,,,,,,1.6048780487804878e-07,1974,,,,,,,,,
8,,,,,,,,,,1974,0.06696723401546478,,,,,,,,
,,,,,,,,,1.608943089430894e-07,1979,,,,,,,,,
8,,,,,,,,,,1979,0.1026383638381958,,,,,,,,
,,,,,,,,,1.613008130081301e-07,1984,,,,,,,,,
8,,,,,,,,,,1984,0.06111753359436989,,,,,,,,
,,,,,,,,,1.6170731707317072e-07,1989,,,,,,,,,
8,,,,,,,,,,1989,0.061643652617931366,,,,,,,,
,,,,,,,,,1.6211382113821138e-07,1994,,,,,,,,,
8,,,,,,,,,,1994,0.043395206332206726,,,,,,,,
,,,,,,,,,1.62520325203252e-07,1999,,,,,,,,,
8,,,,,,,,,,1999,0.0817323699593544,,,,,,,,
,,,,,,,,,1.6292682926829269e-07,2004,,,,,,,,,
8,,,,,,,,,,2004,0.07850244641304016,,,,,,,,
,,,,,,,,,1.6333333333333331e-07,2009,,,,,,,,,
8,,,,,,,,,,2009,0.07109344750642776,,,,,,,,
,,,,,,,,,1.6373983739837397e-07,2014,,,,,,,,,
8,,,,,,,,,,2014,0.12509314715862274,,,,,,,,
,,,,,,,,,1.6414634146341462e-07,2019,,,,,,,,,
8,,,,,,,,,,2019,0.07262083142995834,,,,,,,,
,,,,,,,,,1.6455284552845528e-07,2024,,,,,,,,,
8,,,,,,,,,,2024,0.08132676780223846,,,,,,,,
,,,,,,,,,1.649593495934959e-07,2029,,,,,,,,,
8,,,,,,,,,,2029,0.1001148372888565,,,,,,,,
,,,,,,,,,1.653658536585366e-07,2034,,,,,,,,,
8,,,,,,,,,,2034,0.07443065941333771,,,,,,,,
,,,,,,,,,1.6577235772357722e-07,2039,,,,,,,,,
8,,,,,,,,,,2039,0.041017141193151474,,,,,,,,
,,,,,,,,,1.6617886178861787e-07,2044,,,,,,,,,
8,,,,,,,,,,2044,0.06681007891893387,,,,,,,,
,,,,,,,,,1.6658536585365855e-07,2049,,,,,,,,,
8,,,,,,,,,,2049,0.08831291645765305,,,,,,,,
,,,,,,,,,1.6699186991869918e-07,2054,,,,,,,,,
8,,,,,,,,,,2054,0.07642107456922531,,,,,,,,
,,,,,,,,,1.6739837398373983e-07,2059,,,,,,,,,
8,,,,,,,,,,2059,0.060315463691949844,,,,,,,,
,,,,,,,,,1.678048780487805e-07,2064,,,,,,,,,
8,,,,,,,,,,2064,0.09233628958463669,,,,,,,,
,,,,,,,,,1.6821138211382114e-07,2069,,,,,,,,,
8,,,,,,,,,,2069,0.11294975131750107,,,,,,,,
,,,,,,,,,1.6861788617886177e-07,2074,,,,,,,,,
8,,,,,,,,,,2074,0.16396914422512054,,,,,,,,
,,,,,,,,,1.6902439024390245e-07,2079,,,,,,,,,
8,,,,,,,,,,2079,0.14588867127895355,,,,,,,,
,,,,,,,,,1.6943089430894308e-07,2084,,,,,,,,,
8,,,,,,,,,,2084,0.11663482338190079,,,,,,,,
,,,,,,,,,1.6983739837398374e-07,2089,,,,,,,,,
8,,,,,,,,,,2089,0.0998997613787651,,,,,,,,
,,,,,,,,,1.702439024390244e-07,2094,,,,,,,,,
8,,,,,,,,,,2094,0.08213122189044952,,,,,,,,
,,,,,,,,,1.7065040650406505e-07,2099,,,,,,,,,
8,,,,,,,,,,2099,0.12540656328201294,,,,,,,,
,,,,,,,,,1.7105691056910567e-07,2104,,,,,,,,,
8,,,,,,,,,,2104,0.08282686769962311,,,,,,,,
,,,,,,,,,1.7146341463414635e-07,2109,,,,,,,,,
8,,,,,,,,,,2109,0.09329970180988312,,,,,,,,
,,,,,,,,,1.7186991869918698e-07,2114,,,,,,,,,
8,,,,,,,,,,2114,0.05987820774316788,,,,,,,,
,,,,,,,,,1.7227642276422764e-07,2119,,,,,,,,,
8,,,,,,,,,,2119,0.058123644441366196,,,,,,,,
,,,,,,,,,1.7268292682926827e-07,2124,,,,,,,,,
8,,,,,,,,,,2124,0.03649976849555969,,,,,,,,
,,,,,,,,,1.7308943089430895e-07,2129,,,,,,,,,
8,,,,,,,,,,2129,0.06949545443058014,,,,,,,,
,,,,,,,,,1.7349593495934958e-07,2134,,,,,,,,,
8,,,,,,,,,,2134,0.038549646735191345,,,,,,,,
,,,,,,,,,1.7390243902439023e-07,2139,,,,,,,,,
8,,,,,,,,,,2139,0.06720688194036484,,,,,,,,
,,,,,,,,,1.7430894308943088e-07,2144,,,,,,,,,
8,,,,,,,,,,2144,0.033274244517087936,,,,,,,,
,,,,,,,,,1.7471544715447154e-07,2149,,,,,,,,,
8,,,,,,,,,,2149,0.11167012155056,,,,,,,,
,,,,,,,,,1.7512195121951217e-07,2154,,,,,,,,,
8,,,,,,,,,,2154,0.0741356760263443,,,,,,,,
,,,,,,,,,1.7552845528455285e-07,2159,,,,,,,,,
8,,,,,,,,,,2159,0.061588697135448456,,,,,,,,
,,,,,,,,,1.7593495934959348e-07,2164,,,,,,,,,
8,,,,,,,,,,2164,0.05368708819150925,,,,,,,,
,,,,,,,,,1.7634146341463413e-07,2169,,,,,,,,,
8,,,,,,,,,,2169,0.06443418562412262,,,,,,,,
,,,,,,,,,1.7674796747967479e-07,2174,,,,,,,,,
8,,,,,,,,,,2174,0.06657398492097855,,,,,,,,
,,,,,,,,,1.7715447154471544e-07,2179,,,,,,,,,
8,,,,,,,,,,2179,0.04381447657942772,,,,,,,,
,,,,,,,,,1.7756097560975607e-07,2184,,,,,,,,,
8,,,,,,,,,,2184,0.07761582732200623,,,,,,,,
,,,,,,,,,1.7796747967479675e-07,2189,,,,,,,,,
8,,,,,,,,,,2189,0.06909613311290741,,,,,,,,
,,,,,,,,,1.7837398373983738e-07,2194,,,,,,,,,
8,,,,,,,,,,2194,0.06096043065190315,,,,,,,,
,,,,,,,,,1.7878048780487803e-07,2199,,,,,,,,,
8,,,,,,,,,,2199,0.1471935510635376,,,,,,,,
,,,,,,,,,1.7918699186991871e-07,2204,,,,,,,,,
8,,,,,,,,,,2204,0.09351789951324463,,,,,,,,
,,,,,,,,,1.7959349593495934e-07,2209,,,,,,,,,
8,,,,,,,,,,2209,0.052766844630241394,,,,,,,,
8,,,,,,,,,,2213,,0.692307710647583,0.8181818127632141,0.06479979306459427,0.06479979306459427,0.17098253965377808,0.692307710647583,1.0,0.1325860321521759
,,,,,,,,,1.8e-07,2214,,,,,,,,,
9,,,,,,,,,,2214,0.04493357986211777,,,,,,,,
,,,,,,,,,1.8040650406504065e-07,2219,,,,,,,,,
9,,,,,,,,,,2219,0.0437583401799202,,,,,,,,
,,,,,,,,,1.808130081300813e-07,2224,,,,,,,,,
9,,,,,,,,,,2224,0.01967458240687847,,,,,,,,
,,,,,,,,,1.8121951219512193e-07,2229,,,,,,,,,
9,,,,,,,,,,2229,0.07340281456708908,,,,,,,,
,,,,,,,,,1.8162601626016262e-07,2234,,,,,,,,,
9,,,,,,,,,,2234,0.04916787147521973,,,,,,,,
,,,,,,,,,1.8203252032520324e-07,2239,,,,,,,,,
9,,,,,,,,,,2239,0.07839525490999222,,,,,,,,
,,,,,,,,,1.824390243902439e-07,2244,,,,,,,,,
9,,,,,,,,,,2244,0.031695958226919174,,,,,,,,
,,,,,,,,,1.8284552845528453e-07,2249,,,,,,,,,
9,,,,,,,,,,2249,0.09412525594234467,,,,,,,,
,,,,,,,,,1.832520325203252e-07,2254,,,,,,,,,
9,,,,,,,,,,2254,0.08389472961425781,,,,,,,,
,,,,,,,,,1.8365853658536584e-07,2259,,,,,,,,,
9,,,,,,,,,,2259,0.08609519153833389,,,,,,,,
,,,,,,,,,1.840650406504065e-07,2264,,,,,,,,,
9,,,,,,,,,,2264,0.07345999032258987,,,,,,,,
,,,,,,,,,1.8447154471544715e-07,2269,,,,,,,,,
9,,,,,,,,,,2269,0.09135395288467407,,,,,,,,
,,,,,,,,,1.848780487804878e-07,2274,,,,,,,,,
9,,,,,,,,,,2274,0.104328952729702,,,,,,,,
,,,,,,,,,1.8528455284552843e-07,2279,,,,,,,,,
9,,,,,,,,,,2279,0.06381037831306458,,,,,,,,
,,,,,,,,,1.856910569105691e-07,2284,,,,,,,,,
9,,,,,,,,,,2284,0.02974543534219265,,,,,,,,
,,,,,,,,,1.8609756097560974e-07,2289,,,,,,,,,
9,,,,,,,,,,2289,0.050622258335351944,,,,,,,,
,,,,,,,,,1.865040650406504e-07,2294,,,,,,,,,
9,,,,,,,,,,2294,0.1101728305220604,,,,,,,,
,,,,,,,,,1.8691056910569105e-07,2299,,,,,,,,,
9,,,,,,,,,,2299,0.09958123415708542,,,,,,,,
,,,,,,,,,1.873170731707317e-07,2304,,,,,,,,,
9,,,,,,,,,,2304,0.14765413105487823,,,,,,,,
,,,,,,,,,1.8772357723577233e-07,2309,,,,,,,,,
9,,,,,,,,,,2309,0.09949757903814316,,,,,,,,
,,,,,,,,,1.88130081300813e-07,2314,,,,,,,,,
9,,,,,,,,,,2314,0.07552162557840347,,,,,,,,
,,,,,,,,,1.8853658536585364e-07,2319,,,,,,,,,
9,,,,,,,,,,2319,0.07041087001562119,,,,,,,,
,,,,,,,,,1.889430894308943e-07,2324,,,,,,,,,
9,,,,,,,,,,2324,0.06796354055404663,,,,,,,,
,,,,,,,,,1.8934959349593495e-07,2329,,,,,,,,,
9,,,,,,,,,,2329,0.05839582160115242,,,,,,,,
,,,,,,,,,1.897560975609756e-07,2334,,,,,,,,,
9,,,,,,,,,,2334,0.11079192906618118,,,,,,,,
,,,,,,,,,1.9016260162601623e-07,2339,,,,,,,,,
9,,,,,,,,,,2339,0.05814178287982941,,,,,,,,
,,,,,,,,,1.9056910569105691e-07,2344,,,,,,,,,
9,,,,,,,,,,2344,0.08472253382205963,,,,,,,,
,,,,,,,,,1.9097560975609757e-07,2349,,,,,,,,,
9,,,,,,,,,,2349,0.04345259070396423,,,,,,,,
,,,,,,,,,1.913821138211382e-07,2354,,,,,,,,,
9,,,,,,,,,,2354,0.1116781085729599,,,,,,,,
,,,,,,,,,1.9178861788617888e-07,2359,,,,,,,,,
9,,,,,,,,,,2359,0.07494603842496872,,,,,,,,
,,,,,,,,,1.921951219512195e-07,2364,,,,,,,,,
9,,,,,,,,,,2364,0.05834363400936127,,,,,,,,
,,,,,,,,,1.9260162601626016e-07,2369,,,,,,,,,
9,,,,,,,,,,2369,0.08873078972101212,,,,,,,,
,,,,,,,,,1.930081300813008e-07,2374,,,,,,,,,
9,,,,,,,,,,2374,0.04239782318472862,,,,,,,,
,,,,,,,,,1.9341463414634147e-07,2379,,,,,,,,,
9,,,,,,,,,,2379,0.08919272571802139,,,,,,,,
,,,,,,,,,1.938211382113821e-07,2384,,,,,,,,,
9,,,,,,,,,,2384,0.07391092926263809,,,,,,,,
,,,,,,,,,1.9422764227642275e-07,2389,,,,,,,,,
9,,,,,,,,,,2389,0.05172869563102722,,,,,,,,
,,,,,,,,,1.946341463414634e-07,2394,,,,,,,,,
9,,,,,,,,,,2394,0.066191665828228,,,,,,,,
,,,,,,,,,1.9504065040650406e-07,2399,,,,,,,,,
9,,,,,,,,,,2399,0.05555480718612671,,,,,,,,
,,,,,,,,,1.954471544715447e-07,2404,,,,,,,,,
9,,,,,,,,,,2404,0.13626785576343536,,,,,,,,
,,,,,,,,,1.9585365853658537e-07,2409,,,,,,,,,
9,,,,,,,,,,2409,0.05727332457900047,,,,,,,,
,,,,,,,,,1.96260162601626e-07,2414,,,,,,,,,
9,,,,,,,,,,2414,0.07139360159635544,,,,,,,,
,,,,,,,,,1.9666666666666665e-07,2419,,,,,,,,,
9,,,,,,,,,,2419,0.08108408749103546,,,,,,,,
,,,,,,,,,1.970731707317073e-07,2424,,,,,,,,,
9,,,,,,,,,,2424,0.02043507620692253,,,,,,,,
,,,,,,,,,1.9747967479674796e-07,2429,,,,,,,,,
9,,,,,,,,,,2429,0.041788049042224884,,,,,,,,
,,,,,,,,,1.978861788617886e-07,2434,,,,,,,,,
9,,,,,,,,,,2434,0.04554479941725731,,,,,,,,
,,,,,,,,,1.9829268292682927e-07,2439,,,,,,,,,
9,,,,,,,,,,2439,0.08690476417541504,,,,,,,,
,,,,,,,,,1.986991869918699e-07,2444,,,,,,,,,
9,,,,,,,,,,2444,0.04352046176791191,,,,,,,,
,,,,,,,,,1.9910569105691056e-07,2449,,,,,,,,,
9,,,,,,,,,,2449,0.038997769355773926,,,,,,,,
,,,,,,,,,1.995121951219512e-07,2454,,,,,,,,,
9,,,,,,,,,,2454,0.056760773062705994,,,,,,,,
,,,,,,,,,1.9991869918699187e-07,2459,,,,,,,,,
9,,,,,,,,,,2459,0.002511393278837204,,,,,,,,
9,,,,,,,,,,2459,,0.692307710647583,0.8181818127632141,0.06398333609104156,0.06398333609104156,0.18862278759479523,0.692307710647583,1.0,0.159689262509346
,,,,,,,,,2.003252032520325e-07,2464,,,,,,,,,
10,,,,,,,,,,2464,0.05117342993617058,,,,,,,,
,,,,,,,,,2.0073170731707317e-07,2469,,,,,,,,,
10,,,,,,,,,,2469,0.07832439243793488,,,,,,,,
,,,,,,,,,2.011382113821138e-07,2474,,,,,,,,,
10,,,,,,,,,,2474,0.07261594384908676,,,,,,,,
,,,,,,,,,2.0154471544715446e-07,2479,,,,,,,,,
10,,,,,,,,,,2479,0.0992186889052391,,,,,,,,
,,,,,,,,,2.0195121951219514e-07,2484,,,,,,,,,
10,,,,,,,,,,2484,0.03178532049059868,,,,,,,,
,,,,,,,,,2.0235772357723577e-07,2489,,,,,,,,,
10,,,,,,,,,,2489,0.05638304352760315,,,,,,,,
,,,,,,,,,2.0276422764227642e-07,2494,,,,,,,,,
10,,,,,,,,,,2494,0.06985682994127274,,,,,,,,
,,,,,,,,,2.0317073170731705e-07,2499,,,,,,,,,
10,,,,,,,,,,2499,0.11463765799999237,,,,,,,,
,,,,,,,,,2.0357723577235773e-07,2504,,,,,,,,,
10,,,,,,,,,,2504,0.05792303755879402,,,,,,,,
,,,,,,,,,2.0398373983739836e-07,2509,,,,,,,,,
10,,,,,,,,,,2509,0.05028941109776497,,,,,,,,
,,,,,,,,,2.0439024390243901e-07,2514,,,,,,,,,
10,,,,,,,,,,2514,0.06684675067663193,,,,,,,,
,,,,,,,,,2.0479674796747967e-07,2519,,,,,,,,,
10,,,,,,,,,,2519,0.0425131693482399,,,,,,,,
,,,,,,,,,2.0520325203252032e-07,2524,,,,,,,,,
10,,,,,,,,,,2524,0.10113417357206345,,,,,,,,
,,,,,,,,,2.0560975609756095e-07,2529,,,,,,,,,
10,,,,,,,,,,2529,0.05113990232348442,,,,,,,,
,,,,,,,,,2.0601626016260163e-07,2534,,,,,,,,,
10,,,,,,,,,,2534,0.09055306762456894,,,,,,,,
,,,,,,,,,2.0642276422764226e-07,2539,,,,,,,,,
10,,,,,,,,,,2539,0.0354926697909832,,,,,,,,
,,,,,,,,,2.0682926829268292e-07,2544,,,,,,,,,
10,,,,,,,,,,2544,0.037721361964941025,,,,,,,,
,,,,,,,,,2.0723577235772357e-07,2549,,,,,,,,,
10,,,,,,,,,,2549,0.0648120567202568,,,,,,,,
,,,,,,,,,2.0764227642276423e-07,2554,,,,,,,,,
10,,,,,,,,,,2554,0.03917970135807991,,,,,,,,
,,,,,,,,,2.0804878048780485e-07,2559,,,,,,,,,
10,,,,,,,,,,2559,0.08191913366317749,,,,,,,,
,,,,,,,,,2.0845528455284553e-07,2564,,,,,,,,,
10,,,,,,,,,,2564,0.06804229319095612,,,,,,,,
,,,,,,,,,2.0886178861788616e-07,2569,,,,,,,,,
10,,,,,,,,,,2569,0.07458177953958511,,,,,,,,
,,,,,,,,,2.0926829268292682e-07,2574,,,,,,,,,
10,,,,,,,,,,2574,0.05262018367648125,,,,,,,,
,,,,,,,,,2.0967479674796747e-07,2579,,,,,,,,,
10,,,,,,,,,,2579,0.08612541854381561,,,,,,,,
,,,,,,,,,2.1008130081300813e-07,2584,,,,,,,,,
10,,,,,,,,,,2584,0.059277307242155075,,,,,,,,
,,,,,,,,,2.1048780487804875e-07,2589,,,,,,,,,
10,,,,,,,,,,2589,0.0869593471288681,,,,,,,,
,,,,,,,,,2.1089430894308944e-07,2594,,,,,,,,,
10,,,,,,,,,,2594,0.10771049559116364,,,,,,,,
,,,,,,,,,2.1130081300813006e-07,2599,,,,,,,,,
10,,,,,,,,,,2599,0.04108625650405884,,,,,,,,
,,,,,,,,,2.1170731707317072e-07,2604,,,,,,,,,
10,,,,,,,,,,2604,0.07826220989227295,,,,,,,,
,,,,,,,,,2.1211382113821137e-07,2609,,,,,,,,,
10,,,,,,,,,,2609,0.05984862521290779,,,,,,,,
,,,,,,,,,2.1252032520325203e-07,2614,,,,,,,,,
10,,,,,,,,,,2614,0.1275046318769455,,,,,,,,
,,,,,,,,,2.1292682926829266e-07,2619,,,,,,,,,
10,,,,,,,,,,2619,0.053718142211437225,,,,,,,,
,,,,,,,,,2.1333333333333334e-07,2624,,,,,,,,,
10,,,,,,,,,,2624,0.052238550037145615,,,,,,,,
,,,,,,,,,2.1373983739837397e-07,2629,,,,,,,,,
10,,,,,,,,,,2629,0.06327551603317261,,,,,,,,
,,,,,,,,,2.1414634146341462e-07,2634,,,,,,,,,
10,,,,,,,,,,2634,0.08755388855934143,,,,,,,,
,,,,,,,,,2.1455284552845525e-07,2639,,,,,,,,,
10,,,,,,,,,,2639,0.0795489028096199,,,,,,,,
,,,,,,,,,2.1495934959349593e-07,2644,,,,,,,,,
10,,,,,,,,,,2644,0.10002079606056213,,,,,,,,
,,,,,,,,,2.1536585365853658e-07,2649,,,,,,,,,
10,,,,,,,,,,2649,0.03259732946753502,,,,,,,,
,,,,,,,,,2.157723577235772e-07,2654,,,,,,,,,
10,,,,,,,,,,2654,0.07520074397325516,,,,,,,,
,,,,,,,,,2.161788617886179e-07,2659,,,,,,,,,
10,,,,,,,,,,2659,0.07964188605546951,,,,,,,,
,,,,,,,,,2.1658536585365852e-07,2664,,,,,,,,,
10,,,,,,,,,,2664,0.13827863335609436,,,,,,,,
,,,,,,,,,2.1699186991869918e-07,2669,,,,,,,,,
10,,,,,,,,,,2669,0.07972542196512222,,,,,,,,
,,,,,,,,,2.1739837398373983e-07,2674,,,,,,,,,
10,,,,,,,,,,2674,0.07497166097164154,,,,,,,,
,,,,,,,,,2.1780487804878049e-07,2679,,,,,,,,,
10,,,,,,,,,,2679,0.09814650565385818,,,,,,,,
,,,,,,,,,2.1821138211382111e-07,2684,,,,,,,,,
10,,,,,,,,,,2684,0.07737251371145248,,,,,,,,
,,,,,,,,,2.186178861788618e-07,2689,,,,,,,,,
10,,,,,,,,,,2689,0.09476397186517715,,,,,,,,
,,,,,,,,,2.1902439024390242e-07,2694,,,,,,,,,
10,,,,,,,,,,2694,0.06780029833316803,,,,,,,,
,,,,,,,,,2.1943089430894308e-07,2699,,,,,,,,,
10,,,,,,,,,,2699,0.05800892040133476,,,,,,,,
,,,,,,,,,2.1983739837398373e-07,2704,,,,,,,,,
10,,,,,,,,,,2704,0.060994286090135574,,,,,,,,
10,,,,,,,,,,2705,,0.692307710647583,0.8181818127632141,0.06332061439752579,0.06332061439752579,0.19184258580207825,0.692307710647583,1.0,0.16212832927703857
,,,,,,,,,2.202439024390244e-07,2709,,,,,,,,,
11,,,,,,,,,,2709,0.05793951824307442,,,,,,,,
,,,,,,,,,2.2065040650406502e-07,2714,,,,,,,,,
11,,,,,,,,,,2714,0.09864219278097153,,,,,,,,
,,,,,,,,,2.210569105691057e-07,2719,,,,,,,,,
11,,,,,,,,,,2719,0.08151046931743622,,,,,,,,
,,,,,,,,,2.2146341463414633e-07,2724,,,,,,,,,
11,,,,,,,,,,2724,0.02384941093623638,,,,,,,,
,,,,,,,,,2.2186991869918698e-07,2729,,,,,,,,,
11,,,,,,,,,,2729,0.0710788369178772,,,,,,,,
,,,,,,,,,2.2227642276422764e-07,2734,,,,,,,,,
11,,,,,,,,,,2734,0.0454469695687294,,,,,,,,
,,,,,,,,,2.226829268292683e-07,2739,,,,,,,,,
11,,,,,,,,,,2739,0.11257307231426239,,,,,,,,
,,,,,,,,,2.2308943089430892e-07,2744,,,,,,,,,
11,,,,,,,,,,2744,0.07606414705514908,,,,,,,,
,,,,,,,,,2.234959349593496e-07,2749,,,,,,,,,
11,,,,,,,,,,2749,0.042958639562129974,,,,,,,,
,,,,,,,,,2.2390243902439023e-07,2754,,,,,,,,,
11,,,,,,,,,,2754,0.05826093256473541,,,,,,,,
,,,,,,,,,2.2430894308943088e-07,2759,,,,,,,,,
11,,,,,,,,,,2759,0.040443774312734604,,,,,,,,
,,,,,,,,,2.247154471544715e-07,2764,,,,,,,,,
11,,,,,,,,,,2764,0.05360961705446243,,,,,,,,
,,,,,,,,,2.251219512195122e-07,2769,,,,,,,,,
11,,,,,,,,,,2769,0.04777059704065323,,,,,,,,
,,,,,,,,,2.2552845528455282e-07,2774,,,,,,,,,
11,,,,,,,,,,2774,0.05729515850543976,,,,,,,,
,,,,,,,,,2.2593495934959347e-07,2779,,,,,,,,,
11,,,,,,,,,,2779,0.05444307625293732,,,,,,,,
,,,,,,,,,2.2634146341463416e-07,2784,,,,,,,,,
11,,,,,,,,,,2784,0.07948630303144455,,,,,,,,
,,,,,,,,,2.2674796747967478e-07,2789,,,,,,,,,
11,,,,,,,,,,2789,0.05787796899676323,,,,,,,,
,,,,,,,,,2.2715447154471544e-07,2794,,,,,,,,,
11,,,,,,,,,,2794,0.05679203197360039,,,,,,,,
,,,,,,,,,2.275609756097561e-07,2799,,,,,,,,,
11,,,,,,,,,,2799,0.06918266415596008,,,,,,,,
,,,,,,,,,2.2796747967479675e-07,2804,,,,,,,,,
11,,,,,,,,,,2804,0.11617108434438705,,,,,,,,
,,,,,,,,,2.2837398373983738e-07,2809,,,,,,,,,
11,,,,,,,,,,2809,0.06151103600859642,,,,,,,,
,,,,,,,,,2.2878048780487806e-07,2814,,,,,,,,,
11,,,,,,,,,,2814,0.10994657129049301,,,,,,,,
,,,,,,,,,2.2918699186991869e-07,2819,,,,,,,,,
11,,,,,,,,,,2819,0.0715615525841713,,,,,,,,
,,,,,,,,,2.2959349593495934e-07,2824,,,,,,,,,
11,,,,,,,,,,2824,0.08416004478931427,,,,,,,,
,,,,,,,,,2.3e-07,2829,,,,,,,,,
11,,,,,,,,,,2829,0.0855003371834755,,,,,,,,
,,,,,,,,,2.3040650406504065e-07,2834,,,,,,,,,
11,,,,,,,,,,2834,0.10576148331165314,,,,,,,,
,,,,,,,,,2.3081300813008128e-07,2839,,,,,,,,,
11,,,,,,,,,,2839,0.02342001534998417,,,,,,,,
,,,,,,,,,2.3121951219512196e-07,2844,,,,,,,,,
11,,,,,,,,,,2844,0.0622934065759182,,,,,,,,
,,,,,,,,,2.316260162601626e-07,2849,,,,,,,,,
11,,,,,,,,,,2849,0.07853242754936218,,,,,,,,
,,,,,,,,,2.3203252032520324e-07,2854,,,,,,,,,
11,,,,,,,,,,2854,0.08966853469610214,,,,,,,,
,,,,,,,,,2.324390243902439e-07,2859,,,,,,,,,
11,,,,,,,,,,2859,0.08896134793758392,,,,,,,,
,,,,,,,,,2.3284552845528455e-07,2864,,,,,,,,,
11,,,,,,,,,,2864,0.07732853293418884,,,,,,,,
,,,,,,,,,2.3325203252032518e-07,2869,,,,,,,,,
11,,,,,,,,,,2869,0.08920931071043015,,,,,,,,
,,,,,,,,,2.3365853658536586e-07,2874,,,,,,,,,
11,,,,,,,,,,2874,0.058909934014081955,,,,,,,,
,,,,,,,,,2.340650406504065e-07,2879,,,,,,,,,
11,,,,,,,,,,2879,0.08671468496322632,,,,,,,,
,,,,,,,,,2.3447154471544714e-07,2884,,,,,,,,,
11,,,,,,,,,,2884,0.04538705199956894,,,,,,,,
,,,,,,,,,2.3487804878048777e-07,2889,,,,,,,,,
11,,,,,,,,,,2889,0.08139777183532715,,,,,,,,
,,,,,,,,,2.3528455284552845e-07,2894,,,,,,,,,
11,,,,,,,,,,2894,0.035875797271728516,,,,,,,,
,,,,,,,,,2.3569105691056908e-07,2899,,,,,,,,,
11,,,,,,,,,,2899,0.027406789362430573,,,,,,,,
,,,,,,,,,2.3609756097560974e-07,2904,,,,,,,,,
11,,,,,,,,,,2904,0.031827397644519806,,,,,,,,
,,,,,,,,,2.365040650406504e-07,2909,,,,,,,,,
11,,,,,,,,,,2909,0.08471502363681793,,,,,,,,
,,,,,,,,,2.3691056910569105e-07,2914,,,,,,,,,
11,,,,,,,,,,2914,0.08253936469554901,,,,,,,,
,,,,,,,,,2.3731707317073167e-07,2919,,,,,,,,,
11,,,,,,,,,,2919,0.07775209099054337,,,,,,,,
,,,,,,,,,2.3772357723577235e-07,2924,,,,,,,,,
11,,,,,,,,,,2924,0.09572591632604599,,,,,,,,
,,,,,,,,,2.3813008130081298e-07,2929,,,,,,,,,
11,,,,,,,,,,2929,0.026959218084812164,,,,,,,,
,,,,,,,,,2.3853658536585366e-07,2934,,,,,,,,,
11,,,,,,,,,,2934,0.05380089208483696,,,,,,,,
,,,,,,,,,2.389430894308943e-07,2939,,,,,,,,,
11,,,,,,,,,,2939,0.11580336838960648,,,,,,,,
,,,,,,,,,2.3934959349593497e-07,2944,,,,,,,,,
11,,,,,,,,,,2944,0.08223699778318405,,,,,,,,
,,,,,,,,,2.397560975609756e-07,2949,,,,,,,,,
11,,,,,,,,,,2949,0.0806005448102951,,,,,,,,
11,,,,,,,,,,2951,,0.692307710647583,0.8181818127632141,0.0628393366932869,0.0628393366932869,0.19479602575302124,0.692307710647583,1.0,0.16441577672958374
,,,,,,,,,2.401626016260163e-07,2954,,,,,,,,,
12,,,,,,,,,,2954,0.10745719075202942,,,,,,,,
,,,,,,,,,2.405691056910569e-07,2959,,,,,,,,,
12,,,,,,,,,,2959,0.09501093626022339,,,,,,,,
,,,,,,,,,2.4097560975609754e-07,2964,,,,,,,,,
12,,,,,,,,,,2964,0.06741764396429062,,,,,,,,
,,,,,,,,,2.413821138211382e-07,2969,,,,,,,,,
12,,,,,,,,,,2969,0.07179298251867294,,,,,,,,
,,,,,,,,,2.4178861788617885e-07,2974,,,,,,,,,
12,,,,,,,,,,2974,0.05227197706699371,,,,,,,,
,,,,,,,,,2.421951219512195e-07,2979,,,,,,,,,
12,,,,,,,,,,2979,0.07458046078681946,,,,,,,,
,,,,,,,,,2.4260162601626016e-07,2984,,,,,,,,,
12,,,,,,,,,,2984,0.0720210149884224,,,,,,,,
,,,,,,,,,2.430081300813008e-07,2989,,,,,,,,,
12,,,,,,,,,,2989,0.06976742297410965,,,,,,,,
,,,,,,,,,2.4341463414634147e-07,2994,,,,,,,,,
12,,,,,,,,,,2994,0.07005161792039871,,,,,,,,
,,,,,,,,,2.438211382113821e-07,2999,,,,,,,,,
12,,,,,,,,,,2999,0.10033915191888809,,,,,,,,
,,,,,,,,,2.442276422764228e-07,3004,,,,,,,,,
12,,,,,,,,,,3004,0.07947897166013718,,,,,,,,
,,,,,,,,,2.446341463414634e-07,3009,,,,,,,,,
12,,,,,,,,,,3009,0.05555056035518646,,,,,,,,
,,,,,,,,,2.4504065040650403e-07,3014,,,,,,,,,
12,,,,,,,,,,3014,0.08546725660562515,,,,,,,,
,,,,,,,,,2.454471544715447e-07,3019,,,,,,,,,
12,,,,,,,,,,3019,0.04678051918745041,,,,,,,,
,,,,,,,,,2.4585365853658534e-07,3024,,,,,,,,,
12,,,,,,,,,,3024,0.07368176430463791,,,,,,,,
,,,,,,,,,2.46260162601626e-07,3029,,,,,,,,,
12,,,,,,,,,,3029,0.07160131633281708,,,,,,,,
,,,,,,,,,2.4666666666666665e-07,3034,,,,,,,,,
12,,,,,,,,,,3034,0.060564249753952026,,,,,,,,
,,,,,,,,,2.470731707317073e-07,3039,,,,,,,,,
12,,,,,,,,,,3039,0.07443766295909882,,,,,,,,
,,,,,,,,,2.4747967479674796e-07,3044,,,,,,,,,
12,,,,,,,,,,3044,0.050909705460071564,,,,,,,,
,,,,,,,,,2.478861788617886e-07,3049,,,,,,,,,
12,,,,,,,,,,3049,0.09866932034492493,,,,,,,,
,,,,,,,,,2.4829268292682927e-07,3054,,,,,,,,,
12,,,,,,,,,,3054,0.07345391064882278,,,,,,,,
,,,,,,,,,2.4869918699186987e-07,3059,,,,,,,,,
12,,,,,,,,,,3059,0.08246663957834244,,,,,,,,
,,,,,,,,,2.491056910569106e-07,3064,,,,,,,,,
12,,,,,,,,,,3064,0.02793685346841812,,,,,,,,
,,,,,,,,,2.495121951219512e-07,3069,,,,,,,,,
12,,,,,,,,,,3069,0.06848765909671783,,,,,,,,
,,,,,,,,,2.4991869918699184e-07,3074,,,,,,,,,
12,,,,,,,,,,3074,0.11469849944114685,,,,,,,,
,,,,,,,,,2.503252032520325e-07,3079,,,,,,,,,
12,,,,,,,,,,3079,0.020047856494784355,,,,,,,,
,,,,,,,,,2.5073170731707315e-07,3084,,,,,,,,,
12,,,,,,,,,,3084,0.05406532436609268,,,,,,,,
,,,,,,,,,2.5113821138211385e-07,3089,,,,,,,,,
12,,,,,,,,,,3089,0.07552529126405716,,,,,,,,
,,,,,,,,,2.5154471544715446e-07,3094,,,,,,,,,
12,,,,,,,,,,3094,0.06904546171426773,,,,,,,,
,,,,,,,,,2.519512195121951e-07,3099,,,,,,,,,
12,,,,,,,,,,3099,0.080645352602005,,,,,,,,
,,,,,,,,,2.5235772357723576e-07,3104,,,,,,,,,
12,,,,,,,,,,3104,0.06976928561925888,,,,,,,,
,,,,,,,,,2.527642276422764e-07,3109,,,,,,,,,
12,,,,,,,,,,3109,0.02551293559372425,,,,,,,,
,,,,,,,,,2.531707317073171e-07,3114,,,,,,,,,
12,,,,,,,,,,3114,0.05314157158136368,,,,,,,,
,,,,,,,,,2.5357723577235773e-07,3119,,,,,,,,,
12,,,,,,,,,,3119,0.0754244476556778,,,,,,,,
,,,,,,,,,2.5398373983739833e-07,3124,,,,,,,,,
12,,,,,,,,,,3124,0.07178013026714325,,,,,,,,
,,,,,,,,,2.5439024390243904e-07,3129,,,,,,,,,
12,,,,,,,,,,3129,0.08231791108846664,,,,,,,,
,,,,,,,,,2.547967479674797e-07,3134,,,,,,,,,
12,,,,,,,,,,3134,0.05911922827363014,,,,,,,,
,,,,,,,,,2.552032520325203e-07,3139,,,,,,,,,
12,,,,,,,,,,3139,0.08090229332447052,,,,,,,,
,,,,,,,,,2.5560975609756095e-07,3144,,,,,,,,,
12,,,,,,,,,,3144,0.06712423264980316,,,,,,,,
,,,,,,,,,2.5601626016260166e-07,3149,,,,,,,,,
12,,,,,,,,,,3149,0.09333939850330353,,,,,,,,
,,,,,,,,,2.5642276422764226e-07,3154,,,,,,,,,
12,,,,,,,,,,3154,0.03960331156849861,,,,,,,,
,,,,,,,,,2.568292682926829e-07,3159,,,,,,,,,
12,,,,,,,,,,3159,0.09885088354349136,,,,,,,,
,,,,,,,,,2.5723577235772357e-07,3164,,,,,,,,,
12,,,,,,,,,,3164,0.07256573438644409,,,,,,,,
,,,,,,,,,2.576422764227642e-07,3169,,,,,,,,,
12,,,,,,,,,,3169,0.06075308844447136,,,,,,,,
,,,,,,,,,2.580487804878049e-07,3174,,,,,,,,,
12,,,,,,,,,,3174,0.04905194044113159,,,,,,,,
,,,,,,,,,2.5845528455284553e-07,3179,,,,,,,,,
12,,,,,,,,,,3179,0.07486490160226822,,,,,,,,
,,,,,,,,,2.5886178861788613e-07,3184,,,,,,,,,
12,,,,,,,,,,3184,0.0659835934638977,,,,,,,,
,,,,,,,,,2.5926829268292684e-07,3189,,,,,,,,,
12,,,,,,,,,,3189,0.07530403137207031,,,,,,,,
,,,,,,,,,2.596747967479675e-07,3194,,,,,,,,,
12,,,,,,,,,,3194,0.03705526888370514,,,,,,,,
12,,,,,,,,,,3197,,0.692307710647583,0.8181818127632141,0.06252498924732208,0.06252498924732208,0.19966378808021545,0.692307710647583,1.0,0.17008234560489655
,,,,,,,,,2.600813008130081e-07,3199,,,,,,,,,
13,,,,,,,,,,3199,0.0655352920293808,,,,,,,,
,,,,,,,,,2.6048780487804875e-07,3204,,,,,,,,,
13,,,,,,,,,,3204,0.07186206430196762,,,,,,,,
,,,,,,,,,2.608943089430894e-07,3209,,,,,,,,,
13,,,,,,,,,,3209,0.09713996201753616,,,,,,,,
,,,,,,,,,2.6130081300813006e-07,3214,,,,,,,,,
13,,,,,,,,,,3214,0.08322887867689133,,,,,,,,
,,,,,,,,,2.617073170731707e-07,3219,,,,,,,,,
13,,,,,,,,,,3219,0.0692937970161438,,,,,,,,
,,,,,,,,,2.621138211382113e-07,3224,,,,,,,,,
13,,,,,,,,,,3224,0.03801749274134636,,,,,,,,
,,,,,,,,,2.62520325203252e-07,3229,,,,,,,,,
13,,,,,,,,,,3229,0.05393366888165474,,,,,,,,
,,,,,,,,,2.629268292682927e-07,3234,,,,,,,,,
13,,,,,,,,,,3234,0.12483709305524826,,,,,,,,
,,,,,,,,,2.633333333333333e-07,3239,,,,,,,,,
13,,,,,,,,,,3239,0.011377869173884392,,,,,,,,
,,,,,,,,,2.63739837398374e-07,3244,,,,,,,,,
13,,,,,,,,,,3244,0.06276702880859375,,,,,,,,
,,,,,,,,,2.6414634146341464e-07,3249,,,,,,,,,
13,,,,,,,,,,3249,0.0677986815571785,,,,,,,,
,,,,,,,,,2.6455284552845525e-07,3254,,,,,,,,,
13,,,,,,,,,,3254,0.09649238735437393,,,,,,,,
,,,,,,,,,2.649593495934959e-07,3259,,,,,,,,,
13,,,,,,,,,,3259,0.03833101689815521,,,,,,,,
,,,,,,,,,2.653658536585366e-07,3264,,,,,,,,,
13,,,,,,,,,,3264,0.06704864650964737,,,,,,,,
,,,,,,,,,2.657723577235772e-07,3269,,,,,,,,,
13,,,,,,,,,,3269,0.06495090574026108,,,,,,,,
,,,,,,,,,2.6617886178861787e-07,3274,,,,,,,,,
13,,,,,,,,,,3274,0.014397809281945229,,,,,,,,
,,,,,,,,,2.665853658536585e-07,3279,,,,,,,,,
13,,,,,,,,,,3279,0.029383644461631775,,,,,,,,
,,,,,,,,,2.669918699186992e-07,3284,,,,,,,,,
13,,,,,,,,,,3284,0.07207648456096649,,,,,,,,
,,,,,,,,,2.6739837398373983e-07,3289,,,,,,,,,
13,,,,,,,,,,3289,0.02339891344308853,,,,,,,,
,,,,,,,,,2.678048780487805e-07,3294,,,,,,,,,
13,,,,,,,,,,3294,0.03400655835866928,,,,,,,,
,,,,,,,,,2.682113821138211e-07,3299,,,,,,,,,
13,,,,,,,,,,3299,0.05610340088605881,,,,,,,,
,,,,,,,,,2.686178861788618e-07,3304,,,,,,,,,
13,,,,,,,,,,3304,0.04255935549736023,,,,,,,,
,,,,,,,,,2.6902439024390245e-07,3309,,,,,,,,,
13,,,,,,,,,,3309,0.03006434440612793,,,,,,,,
,,,,,,,,,2.6943089430894305e-07,3314,,,,,,,,,
13,,,,,,,,,,3314,0.037032101303339005,,,,,,,,
,,,,,,,,,2.698373983739837e-07,3319,,,,,,,,,
13,,,,,,,,,,3319,0.03847305849194527,,,,,,,,
,,,,,,,,,2.702439024390244e-07,3324,,,,,,,,,
13,,,,,,,,,,3324,0.05824142321944237,,,,,,,,
,,,,,,,,,2.70650406504065e-07,3329,,,,,,,,,
13,,,,,,,,,,3329,0.06009674444794655,,,,,,,,
,,,,,,,,,2.7105691056910567e-07,3334,,,,,,,,,
13,,,,,,,,,,3334,0.038978274911642075,,,,,,,,
,,,,,,,,,2.714634146341463e-07,3339,,,,,,,,,
13,,,,,,,,,,3339,0.06236610934138298,,,,,,,,
,,,,,,,,,2.71869918699187e-07,3344,,,,,,,,,
13,,,,,,,,,,3344,0.024523720145225525,,,,,,,,
,,,,,,,,,2.7227642276422763e-07,3349,,,,,,,,,
13,,,,,,,,,,3349,0.07879628986120224,,,,,,,,
,,,,,,,,,2.726829268292683e-07,3354,,,,,,,,,
13,,,,,,,,,,3354,0.05219656974077225,,,,,,,,
,,,,,,,,,2.730894308943089e-07,3359,,,,,,,,,
13,,,,,,,,,,3359,0.11363578587770462,,,,,,,,
,,,,,,,,,2.734959349593496e-07,3364,,,,,,,,,
13,,,,,,,,,,3364,0.09245439618825912,,,,,,,,
,,,,,,,,,2.7390243902439025e-07,3369,,,,,,,,,
13,,,,,,,,,,3369,0.07308843731880188,,,,,,,,
,,,,,,,,,2.7430894308943085e-07,3374,,,,,,,,,
13,,,,,,,,,,3374,0.038361407816410065,,,,,,,,
,,,,,,,,,2.7471544715447156e-07,3379,,,,,,,,,
13,,,,,,,,,,3379,0.04405079036951065,,,,,,,,
,,,,,,,,,2.751219512195122e-07,3384,,,,,,,,,
13,,,,,,,,,,3384,0.10553756356239319,,,,,,,,
,,,,,,,,,2.755284552845528e-07,3389,,,,,,,,,
13,,,,,,,,,,3389,0.08117051422595978,,,,,,,,
,,,,,,,,,2.7593495934959347e-07,3394,,,,,,,,,
13,,,,,,,,,,3394,0.07227414101362228,,,,,,,,
,,,,,,,,,2.763414634146342e-07,3399,,,,,,,,,
13,,,,,,,,,,3399,0.03997408598661423,,,,,,,,
,,,,,,,,,2.767479674796748e-07,3404,,,,,,,,,
13,,,,,,,,,,3404,0.045100416988134384,,,,,,,,
,,,,,,,,,2.7715447154471544e-07,3409,,,,,,,,,
13,,,,,,,,,,3409,0.06596769392490387,,,,,,,,
,,,,,,,,,2.775609756097561e-07,3414,,,,,,,,,
13,,,,,,,,,,3414,0.028482187539339066,,,,,,,,
,,,,,,,,,2.7796747967479675e-07,3419,,,,,,,,,
13,,,,,,,,,,3419,0.125871479511261,,,,,,,,
,,,,,,,,,2.783739837398374e-07,3424,,,,,,,,,
13,,,,,,,,,,3424,0.0959123745560646,,,,,,,,
,,,,,,,,,2.7878048780487806e-07,3429,,,,,,,,,
13,,,,,,,,,,3429,0.03132801130414009,,,,,,,,
,,,,,,,,,2.7918699186991866e-07,3434,,,,,,,,,
13,,,,,,,,,,3434,0.0976933166384697,,,,,,,,
,,,,,,,,,2.7959349593495936e-07,3439,,,,,,,,,
13,,,,,,,,,,3439,0.04411870613694191,,,,,,,,
13,,,,,,,,,,3443,,0.692307710647583,0.8181818127632141,0.06233970820903778,0.06233970820903778,0.20307615399360657,0.692307710647583,1.0,0.180312842130661
,,,,,,,,,2.8e-07,3444,,,,,,,,,
14,,,,,,,,,,3444,0.04454011842608452,,,,,,,,
,,,,,,,,,2.804065040650406e-07,3449,,,,,,,,,
14,,,,,,,,,,3449,0.05254696309566498,,,,,,,,
,,,,,,,,,2.808130081300813e-07,3454,,,,,,,,,
14,,,,,,,,,,3454,0.05675937980413437,,,,,,,,
,,,,,,,,,2.81219512195122e-07,3459,,,,,,,,,
14,,,,,,,,,,3459,0.028449440374970436,,,,,,,,
,,,,,,,,,2.816260162601626e-07,3464,,,,,,,,,
14,,,,,,,,,,3464,0.0486847385764122,,,,,,,,
,,,,,,,,,2.8203252032520324e-07,3469,,,,,,,,,
14,,,,,,,,,,3469,0.1250493973493576,,,,,,,,
,,,,,,,,,2.8243902439024384e-07,3474,,,,,,,,,
14,,,,,,,,,,3474,0.057766448706388474,,,,,,,,
,,,,,,,,,2.8284552845528455e-07,3479,,,,,,,,,
14,,,,,,,,,,3479,0.05664144828915596,,,,,,,,
,,,,,,,,,2.832520325203252e-07,3484,,,,,,,,,
14,,,,,,,,,,3484,0.08540478348731995,,,,,,,,
,,,,,,,,,2.836585365853658e-07,3489,,,,,,,,,
14,,,,,,,,,,3489,0.0834987461566925,,,,,,,,
,,,,,,,,,2.8406504065040646e-07,3494,,,,,,,,,
14,,,,,,,,,,3494,0.06494257599115372,,,,,,,,
,,,,,,,,,2.8447154471544717e-07,3499,,,,,,,,,
14,,,,,,,,,,3499,0.08747657388448715,,,,,,,,
,,,,,,,,,2.8487804878048777e-07,3504,,,,,,,,,
14,,,,,,,,,,3504,0.07537271827459335,,,,,,,,
,,,,,,,,,2.852845528455284e-07,3509,,,,,,,,,
14,,,,,,,,,,3509,0.06812215596437454,,,,,,,,
,,,,,,,,,2.8569105691056913e-07,3514,,,,,,,,,
14,,,,,,,,,,3514,0.04055960103869438,,,,,,,,
,,,,,,,,,2.8609756097560973e-07,3519,,,,,,,,,
14,,,,,,,,,,3519,0.06471658498048782,,,,,,,,
,,,,,,,,,2.865040650406504e-07,3524,,,,,,,,,
14,,,,,,,,,,3524,0.01671864092350006,,,,,,,,
,,,,,,,,,2.8691056910569104e-07,3529,,,,,,,,,
14,,,,,,,,,,3529,0.05532265454530716,,,,,,,,
,,,,,,,,,2.873170731707317e-07,3534,,,,,,,,,
14,,,,,,,,,,3534,0.01524953730404377,,,,,,,,
,,,,,,,,,2.8772357723577235e-07,3539,,,,,,,,,
14,,,,,,,,,,3539,0.06672007590532303,,,,,,,,
,,,,,,,,,2.88130081300813e-07,3544,,,,,,,,,
14,,,,,,,,,,3544,0.03797665983438492,,,,,,,,
,,,,,,,,,2.885365853658536e-07,3549,,,,,,,,,
14,,,,,,,,,,3549,0.03202787786722183,,,,,,,,
,,,,,,,,,2.889430894308943e-07,3554,,,,,,,,,
14,,,,,,,,,,3554,0.09595584124326706,,,,,,,,
,,,,,,,,,2.8934959349593497e-07,3559,,,,,,,,,
14,,,,,,,,,,3559,0.1661539375782013,,,,,,,,
,,,,,,,,,2.8975609756097557e-07,3564,,,,,,,,,
14,,,,,,,,,,3564,0.05937346816062927,,,,,,,,
,,,,,,,,,2.9016260162601623e-07,3569,,,,,,,,,
14,,,,,,,,,,3569,0.056427303701639175,,,,,,,,
,,,,,,,,,2.9056910569105694e-07,3574,,,,,,,,,
14,,,,,,,,,,3574,0.0653812438249588,,,,,,,,
,,,,,,,,,2.9097560975609754e-07,3579,,,,,,,,,
14,,,,,,,,,,3579,0.0644618421792984,,,,,,,,
,,,,,,,,,2.913821138211382e-07,3584,,,,,,,,,
14,,,,,,,,,,3584,0.11132477968931198,,,,,,,,
,,,,,,,,,2.9178861788617885e-07,3589,,,,,,,,,
14,,,,,,,,,,3589,0.024653509259223938,,,,,,,,
,,,,,,,,,2.921951219512195e-07,3594,,,,,,,,,
14,,,,,,,,,,3594,0.05050375685095787,,,,,,,,
,,,,,,,,,2.9260162601626016e-07,3599,,,,,,,,,
14,,,,,,,,,,3599,0.11059621721506119,,,,,,,,
,,,,,,,,,2.930081300813008e-07,3604,,,,,,,,,
14,,,,,,,,,,3604,0.025972794741392136,,,,,,,,
,,,,,,,,,2.934146341463414e-07,3609,,,,,,,,,
14,,,,,,,,,,3609,0.07780349254608154,,,,,,,,
,,,,,,,,,2.938211382113821e-07,3614,,,,,,,,,
14,,,,,,,,,,3614,0.07631868124008179,,,,,,,,
,,,,,,,,,2.942276422764228e-07,3619,,,,,,,,,
14,,,,,,,,,,3619,0.06107413023710251,,,,,,,,
,,,,,,,,,2.946341463414634e-07,3624,,,,,,,,,
14,,,,,,,,,,3624,0.11954530328512192,,,,,,,,
,,,,,,,,,2.9504065040650403e-07,3629,,,,,,,,,
14,,,,,,,,,,3629,0.051710665225982666,,,,,,,,
,,,,,,,,,2.9544715447154474e-07,3634,,,,,,,,,
14,,,,,,,,,,3634,0.08286259323358536,,,,,,,,
,,,,,,,,,2.9585365853658534e-07,3639,,,,,,,,,
14,,,,,,,,,,3639,0.05093921720981598,,,,,,,,
,,,,,,,,,2.96260162601626e-07,3644,,,,,,,,,
14,,,,,,,,,,3644,0.08458597213029861,,,,,,,,
,,,,,,,,,2.966666666666667e-07,3649,,,,,,,,,
14,,,,,,,,,,3649,0.06922536343336105,,,,,,,,
,,,,,,,,,2.970731707317073e-07,3654,,,,,,,,,
14,,,,,,,,,,3654,0.05688278004527092,,,,,,,,
,,,,,,,,,2.9747967479674796e-07,3659,,,,,,,,,
14,,,,,,,,,,3659,0.09822851419448853,,,,,,,,
,,,,,,,,,2.978861788617886e-07,3664,,,,,,,,,
14,,,,,,,,,,3664,0.09426448494195938,,,,,,,,
,,,,,,,,,2.9829268292682927e-07,3669,,,,,,,,,
14,,,,,,,,,,3669,0.08306202292442322,,,,,,,,
,,,,,,,,,2.986991869918699e-07,3674,,,,,,,,,
14,,,,,,,,,,3674,0.05964323878288269,,,,,,,,
,,,,,,,,,2.991056910569106e-07,3679,,,,,,,,,
14,,,,,,,,,,3679,0.06817619502544403,,,,,,,,
,,,,,,,,,2.995121951219512e-07,3684,,,,,,,,,
14,,,,,,,,,,3684,0.13881951570510864,,,,,,,,
,,,,,,,,,2.999186991869919e-07,3689,,,,,,,,,
14,,,,,,,,,,3689,0.003842622507363558,,,,,,,,
14,,,,,,,,,,3689,,0.692307710647583,0.8181818127632141,0.06216517090797424,0.06216517090797424,0.20764096081256866,0.692307710647583,1.0,0.18337461352348328
,,,,,,,,,3.0032520325203254e-07,3694,,,,,,,,,
15,,,,,,,,,,3694,0.055882617831230164,,,,,,,,
,,,,,,,,,3.0073170731707314e-07,3699,,,,,,,,,
15,,,,,,,,,,3699,0.07660263031721115,,,,,,,,
,,,,,,,,,3.011382113821138e-07,3704,,,,,,,,,
15,,,,,,,,,,3704,0.136049285531044,,,,,,,,
,,,,,,,,,3.015447154471545e-07,3709,,,,,,,,,
15,,,,,,,,,,3709,0.07576147466897964,,,,,,,,
,,,,,,,,,3.019512195121951e-07,3714,,,,,,,,,
15,,,,,,,,,,3714,0.05681152269244194,,,,,,,,
,,,,,,,,,3.0235772357723576e-07,3719,,,,,,,,,
15,,,,,,,,,,3719,0.04969039559364319,,,,,,,,
,,,,,,,,,3.0276422764227636e-07,3724,,,,,,,,,
15,,,,,,,,,,3724,0.041732609272003174,,,,,,,,
,,,,,,,,,3.0317073170731707e-07,3729,,,,,,,,,
15,,,,,,,,,,3729,0.08273264020681381,,,,,,,,
,,,,,,,,,3.0357723577235773e-07,3734,,,,,,,,,
15,,,,,,,,,,3734,0.06776361167430878,,,,,,,,
,,,,,,,,,3.0398373983739833e-07,3739,,,,,,,,,
15,,,,,,,,,,3739,0.029450668022036552,,,,,,,,
,,,,,,,,,3.04390243902439e-07,3744,,,,,,,,,
15,,,,,,,,,,3744,0.10788150876760483,,,,,,,,
,,,,,,,,,3.047967479674797e-07,3749,,,,,,,,,
15,,,,,,,,,,3749,0.0770258978009224,,,,,,,,
,,,,,,,,,3.052032520325203e-07,3754,,,,,,,,,
15,,,,,,,,,,3754,0.0633547306060791,,,,,,,,
,,,,,,,,,3.0560975609756095e-07,3759,,,,,,,,,
15,,,,,,,,,,3759,0.023852821439504623,,,,,,,,
,,,,,,,,,3.060162601626016e-07,3764,,,,,,,,,
15,,,,,,,,,,3764,0.054111793637275696,,,,,,,,
,,,,,,,,,3.0642276422764226e-07,3769,,,,,,,,,
15,,,,,,,,,,3769,0.04293927550315857,,,,,,,,
,,,,,,,,,3.068292682926829e-07,3774,,,,,,,,,
15,,,,,,,,,,3774,0.013537121005356312,,,,,,,,
,,,,,,,,,3.0723577235772357e-07,3779,,,,,,,,,
15,,,,,,,,,,3779,0.09347356110811234,,,,,,,,
,,,,,,,,,3.0764227642276417e-07,3784,,,,,,,,,
15,,,,,,,,,,3784,0.10908569395542145,,,,,,,,
,,,,,,,,,3.080487804878049e-07,3789,,,,,,,,,
15,,,,,,,,,,3789,0.09987422078847885,,,,,,,,
,,,,,,,,,3.0845528455284553e-07,3794,,,,,,,,,
15,,,,,,,,,,3794,0.055439602583646774,,,,,,,,
,,,,,,,,,3.0886178861788613e-07,3799,,,,,,,,,
15,,,,,,,,,,3799,0.052917346358299255,,,,,,,,
,,,,,,,,,3.092682926829268e-07,3804,,,,,,,,,
15,,,,,,,,,,3804,0.11709768325090408,,,,,,,,
,,,,,,,,,3.096747967479675e-07,3809,,,,,,,,,
15,,,,,,,,,,3809,0.008227142505347729,,,,,,,,
,,,,,,,,,3.100813008130081e-07,3814,,,,,,,,,
15,,,,,,,,,,3814,0.0647406205534935,,,,,,,,
,,,,,,,,,3.1048780487804875e-07,3819,,,,,,,,,
15,,,,,,,,,,3819,0.04322066158056259,,,,,,,,
,,,,,,,,,3.1089430894308946e-07,3824,,,,,,,,,
15,,,,,,,,,,3824,0.05918152257800102,,,,,,,,
,,,,,,,,,3.1130081300813006e-07,3829,,,,,,,,,
15,,,,,,,,,,3829,0.06322982162237167,,,,,,,,
,,,,,,,,,3.117073170731707e-07,3834,,,,,,,,,
15,,,,,,,,,,3834,0.10039233416318893,,,,,,,,
,,,,,,,,,3.1211382113821137e-07,3839,,,,,,,,,
15,,,,,,,,,,3839,0.10326240956783295,,,,,,,,
,,,,,,,,,3.12520325203252e-07,3844,,,,,,,,,
15,,,,,,,,,,3844,0.10458660870790482,,,,,,,,
,,,,,,,,,3.129268292682927e-07,3849,,,,,,,,,
15,,,,,,,,,,3849,0.07760536670684814,,,,,,,,
,,,,,,,,,3.1333333333333333e-07,3854,,,,,,,,,
15,,,,,,,,,,3854,0.034736644476652145,,,,,,,,
,,,,,,,,,3.1373983739837394e-07,3859,,,,,,,,,
15,,,,,,,,,,3859,0.06542391330003738,,,,,,,,
,,,,,,,,,3.1414634146341464e-07,3864,,,,,,,,,
15,,,,,,,,,,3864,0.06047184020280838,,,,,,,,
,,,,,,,,,3.145528455284553e-07,3869,,,,,,,,,
15,,,,,,,,,,3869,0.03776811808347702,,,,,,,,
,,,,,,,,,3.149593495934959e-07,3874,,,,,,,,,
15,,,,,,,,,,3874,0.058803919702768326,,,,,,,,
,,,,,,,,,3.1536585365853655e-07,3879,,,,,,,,,
15,,,,,,,,,,3879,0.018328897655010223,,,,,,,,
,,,,,,,,,3.1577235772357726e-07,3884,,,,,,,,,
15,,,,,,,,,,3884,0.047803331166505814,,,,,,,,
,,,,,,,,,3.1617886178861786e-07,3889,,,,,,,,,
15,,,,,,,,,,3889,0.04663362354040146,,,,,,,,
,,,,,,,,,3.165853658536585e-07,3894,,,,,,,,,
15,,,,,,,,,,3894,0.06168428063392639,,,,,,,,
,,,,,,,,,3.1699186991869917e-07,3899,,,,,,,,,
15,,,,,,,,,,3899,0.03709850832819939,,,,,,,,
,,,,,,,,,3.1739837398373983e-07,3904,,,,,,,,,
15,,,,,,,,,,3904,0.07456409186124802,,,,,,,,
,,,,,,,,,3.178048780487805e-07,3909,,,,,,,,,
15,,,,,,,,,,3909,0.04587288200855255,,,,,,,,
,,,,,,,,,3.1821138211382114e-07,3914,,,,,,,,,
15,,,,,,,,,,3914,0.07194511592388153,,,,,,,,
,,,,,,,,,3.1861788617886174e-07,3919,,,,,,,,,
15,,,,,,,,,,3919,0.040672704577445984,,,,,,,,
,,,,,,,,,3.1902439024390245e-07,3924,,,,,,,,,
15,,,,,,,,,,3924,0.0935729369521141,,,,,,,,
,,,,,,,,,3.194308943089431e-07,3929,,,,,,,,,
15,,,,,,,,,,3929,0.08739495277404785,,,,,,,,
,,,,,,,,,3.198373983739837e-07,3934,,,,,,,,,
15,,,,,,,,,,3934,0.07926411181688309,,,,,,,,
15,,,,,,,,,,3935,,0.692307710647583,0.8181818127632141,0.062095921486616135,0.062095921486616135,0.2107640504837036,0.692307710647583,1.0,0.1893148124217987
,,,,,,,,,3.2024390243902436e-07,3939,,,,,,,,,
16,,,,,,,,,,3939,0.043022558093070984,,,,,,,,
,,,,,,,,,3.2065040650406506e-07,3944,,,,,,,,,
16,,,,,,,,,,3944,0.05110896751284599,,,,,,,,
,,,,,,,,,3.2105691056910567e-07,3949,,,,,,,,,
16,,,,,,,,,,3949,0.1352304071187973,,,,,,,,
,,,,,,,,,3.214634146341463e-07,3954,,,,,,,,,
16,,,,,,,,,,3954,0.07244516909122467,,,,,,,,
,,,,,,,,,3.2186991869918703e-07,3959,,,,,,,,,
16,,,,,,,,,,3959,0.08778217434883118,,,,,,,,
,,,,,,,,,3.2227642276422763e-07,3964,,,,,,,,,
16,,,,,,,,,,3964,0.046083319932222366,,,,,,,,
,,,,,,,,,3.226829268292683e-07,3969,,,,,,,,,
16,,,,,,,,,,3969,0.11189206689596176,,,,,,,,
,,,,,,,,,3.230894308943089e-07,3974,,,,,,,,,
16,,,,,,,,,,3974,0.06817406415939331,,,,,,,,
,,,,,,,,,3.234959349593496e-07,3979,,,,,,,,,
16,,,,,,,,,,3979,0.06197916716337204,,,,,,,,
,,,,,,,,,3.2390243902439025e-07,3984,,,,,,,,,
16,,,,,,,,,,3984,0.055980611592531204,,,,,,,,
,,,,,,,,,3.2430894308943085e-07,3989,,,,,,,,,
16,,,,,,,,,,3989,0.14594165980815887,,,,,,,,
,,,,,,,,,3.247154471544715e-07,3994,,,,,,,,,
16,,,,,,,,,,3994,0.022307058796286583,,,,,,,,
,,,,,,,,,3.251219512195122e-07,3999,,,,,,,,,
16,,,,,,,,,,3999,0.056049901992082596,,,,,,,,
,,,,,,,,,3.255284552845528e-07,4004,,,,,,,,,
16,,,,,,,,,,4004,0.09321941435337067,,,,,,,,
,,,,,,,,,3.2593495934959347e-07,4009,,,,,,,,,
16,,,,,,,,,,4009,0.062247637659311295,,,,,,,,
,,,,,,,,,3.263414634146341e-07,4014,,,,,,,,,
16,,,,,,,,,,4014,0.07330267131328583,,,,,,,,
,,,,,,,,,3.267479674796748e-07,4019,,,,,,,,,
16,,,,,,,,,,4019,0.044635843485593796,,,,,,,,
,,,,,,,,,3.2715447154471543e-07,4024,,,,,,,,,
16,,,,,,,,,,4024,0.044101785868406296,,,,,,,,
,,,,,,,,,3.275609756097561e-07,4029,,,,,,,,,
16,,,,,,,,,,4029,0.038117408752441406,,,,,,,,
,,,,,,,,,3.279674796747967e-07,4034,,,,,,,,,
16,,,,,,,,,,4034,0.06392547488212585,,,,,,,,
,,,,,,,,,3.283739837398374e-07,4039,,,,,,,,,
16,,,,,,,,,,4039,0.06070401147007942,,,,,,,,
,,,,,,,,,3.2878048780487805e-07,4044,,,,,,,,,
16,,,,,,,,,,4044,0.09086277335882187,,,,,,,,
,,,,,,,,,3.2918699186991865e-07,4049,,,,,,,,,
16,,,,,,,,,,4049,0.07560424506664276,,,,,,,,
,,,,,,,,,3.295934959349593e-07,4054,,,,,,,,,
16,,,,,,,,,,4054,0.09296543151140213,,,,,,,,
,,,,,,,,,3.3e-07,4059,,,,,,,,,
16,,,,,,,,,,4059,0.10578180849552155,,,,,,,,
,,,,,,,,,3.304065040650406e-07,4064,,,,,,,,,
16,,,,,,,,,,4064,0.08755551278591156,,,,,,,,
,,,,,,,,,3.3081300813008127e-07,4069,,,,,,,,,
16,,,,,,,,,,4069,0.08053789287805557,,,,,,,,
,,,,,,,,,3.3121951219512193e-07,4074,,,,,,,,,
16,,,,,,,,,,4074,0.046201691031455994,,,,,,,,
,,,,,,,,,3.316260162601626e-07,4079,,,,,,,,,
16,,,,,,,,,,4079,0.06757599860429764,,,,,,,,
,,,,,,,,,3.3203252032520324e-07,4084,,,,,,,,,
16,,,,,,,,,,4084,0.04669187217950821,,,,,,,,
,,,,,,,,,3.324390243902439e-07,4089,,,,,,,,,
16,,,,,,,,,,4089,0.07634121179580688,,,,,,,,
,,,,,,,,,3.328455284552845e-07,4094,,,,,,,,,
16,,,,,,,,,,4094,0.09304315596818924,,,,,,,,
,,,,,,,,,3.332520325203252e-07,4099,,,,,,,,,
16,,,,,,,,,,4099,0.07889468222856522,,,,,,,,
,,,,,,,,,3.3365853658536586e-07,4104,,,,,,,,,
16,,,,,,,,,,4104,0.06481485813856125,,,,,,,,
,,,,,,,,,3.3406504065040646e-07,4109,,,,,,,,,
16,,,,,,,,,,4109,0.07938271760940552,,,,,,,,
,,,,,,,,,3.3447154471544717e-07,4114,,,,,,,,,
16,,,,,,,,,,4114,0.04827592149376869,,,,,,,,
,,,,,,,,,3.348780487804878e-07,4119,,,,,,,,,
16,,,,,,,,,,4119,0.08537191897630692,,,,,,,,
,,,,,,,,,3.352845528455284e-07,4124,,,,,,,,,
16,,,,,,,,,,4124,0.07231012731790543,,,,,,,,
,,,,,,,,,3.356910569105691e-07,4129,,,,,,,,,
16,,,,,,,,,,4129,0.054558318108320236,,,,,,,,
,,,,,,,,,3.360975609756098e-07,4134,,,,,,,,,
16,,,,,,,,,,4134,0.06118340045213699,,,,,,,,
,,,,,,,,,3.365040650406504e-07,4139,,,,,,,,,
16,,,,,,,,,,4139,0.06061536818742752,,,,,,,,
,,,,,,,,,3.3691056910569104e-07,4144,,,,,,,,,
16,,,,,,,,,,4144,0.06717248260974884,,,,,,,,
,,,,,,,,,3.373170731707317e-07,4149,,,,,,,,,
16,,,,,,,,,,4149,0.0661715716123581,,,,,,,,
,,,,,,,,,3.3772357723577235e-07,4154,,,,,,,,,
16,,,,,,,,,,4154,0.06471884250640869,,,,,,,,
,,,,,,,,,3.38130081300813e-07,4159,,,,,,,,,
16,,,,,,,,,,4159,0.025565288960933685,,,,,,,,
,,,,,,,,,3.3853658536585366e-07,4164,,,,,,,,,
16,,,,,,,,,,4164,0.08284247666597366,,,,,,,,
,,,,,,,,,3.3894308943089426e-07,4169,,,,,,,,,
16,,,,,,,,,,4169,0.04988640919327736,,,,,,,,
,,,,,,,,,3.3934959349593497e-07,4174,,,,,,,,,
16,,,,,,,,,,4174,0.09266681224107742,,,,,,,,
,,,,,,,,,3.397560975609756e-07,4179,,,,,,,,,
16,,,,,,,,,,4179,0.04349474981427193,,,,,,,,
16,,,,,,,,,,4181,,0.692307710647583,0.8181818127632141,0.062056731432676315,0.062056731432676315,0.21560658514499664,0.692307710647583,1.0,0.18781812489032745
,,,,,,,,,3.401626016260162e-07,4184,,,,,,,,,
17,,,,,,,,,,4184,0.05173221975564957,,,,,,,,
,,,,,,,,,3.405691056910569e-07,4189,,,,,,,,,
17,,,,,,,,,,4189,0.06308354437351227,,,,,,,,
,,,,,,,,,3.409756097560976e-07,4194,,,,,,,,,
17,,,,,,,,,,4194,0.05219898000359535,,,,,,,,
,,,,,,,,,3.413821138211382e-07,4199,,,,,,,,,
17,,,,,,,,,,4199,0.0378701351583004,,,,,,,,
,,,,,,,,,3.4178861788617884e-07,4204,,,,,,,,,
17,,,,,,,,,,4204,0.07113750278949738,,,,,,,,
,,,,,,,,,3.421951219512195e-07,4209,,,,,,,,,
17,,,,,,,,,,4209,0.08306920528411865,,,,,,,,
,,,,,,,,,3.4260162601626015e-07,4214,,,,,,,,,
17,,,,,,,,,,4214,0.1076519638299942,,,,,,,,
,,,,,,,,,3.430081300813008e-07,4219,,,,,,,,,
17,,,,,,,,,,4219,0.02664555422961712,,,,,,,,
,,,,,,,,,3.4341463414634146e-07,4224,,,,,,,,,
17,,,,,,,,,,4224,0.08925262838602066,,,,,,,,
,,,,,,,,,3.4382113821138206e-07,4229,,,,,,,,,
17,,,,,,,,,,4229,0.04582749307155609,,,,,,,,
,,,,,,,,,3.4422764227642277e-07,4234,,,,,,,,,
17,,,,,,,,,,4234,0.04730106145143509,,,,,,,,
,,,,,,,,,3.446341463414634e-07,4239,,,,,,,,,
17,,,,,,,,,,4239,0.04226726293563843,,,,,,,,
,,,,,,,,,3.4504065040650403e-07,4244,,,,,,,,,
17,,,,,,,,,,4244,0.06001067906618118,,,,,,,,
,,,,,,,,,3.4544715447154474e-07,4249,,,,,,,,,
17,,,,,,,,,,4249,0.06293310970067978,,,,,,,,
,,,,,,,,,3.4585365853658534e-07,4254,,,,,,,,,
17,,,,,,,,,,4254,0.04372374340891838,,,,,,,,
,,,,,,,,,3.46260162601626e-07,4259,,,,,,,,,
17,,,,,,,,,,4259,0.06713055819272995,,,,,,,,
,,,,,,,,,3.4666666666666665e-07,4264,,,,,,,,,
17,,,,,,,,,,4264,0.09172987192869186,,,,,,,,
,,,,,,,,,3.470731707317073e-07,4269,,,,,,,,,
17,,,,,,,,,,4269,0.0777566060423851,,,,,,,,
,,,,,,,,,3.4747967479674796e-07,4274,,,,,,,,,
17,,,,,,,,,,4274,0.08877215534448624,,,,,,,,
,,,,,,,,,3.478861788617886e-07,4279,,,,,,,,,
17,,,,,,,,,,4279,0.08178535103797913,,,,,,,,
,,,,,,,,,3.482926829268292e-07,4284,,,,,,,,,
17,,,,,,,,,,4284,0.06476020812988281,,,,,,,,
,,,,,,,,,3.486991869918699e-07,4289,,,,,,,,,
17,,,,,,,,,,4289,0.08532111346721649,,,,,,,,
,,,,,,,,,3.491056910569106e-07,4294,,,,,,,,,
17,,,,,,,,,,4294,0.04010969027876854,,,,,,,,
,,,,,,,,,3.495121951219512e-07,4299,,,,,,,,,
17,,,,,,,,,,4299,0.07228358834981918,,,,,,,,
,,,,,,,,,3.4991869918699183e-07,4304,,,,,,,,,
17,,,,,,,,,,4304,0.026058493182063103,,,,,,,,
,,,,,,,,,3.5032520325203254e-07,4309,,,,,,,,,
17,,,,,,,,,,4309,0.03984689712524414,,,,,,,,
,,,,,,,,,3.5073170731707314e-07,4314,,,,,,,,,
17,,,,,,,,,,4314,0.06759446859359741,,,,,,,,
,,,,,,,,,3.511382113821138e-07,4319,,,,,,,,,
17,,,,,,,,,,4319,0.06472280621528625,,,,,,,,
,,,,,,,,,3.5154471544715445e-07,4324,,,,,,,,,
17,,,,,,,,,,4324,0.07624219357967377,,,,,,,,
,,,,,,,,,3.519512195121951e-07,4329,,,,,,,,,
17,,,,,,,,,,4329,0.08983758091926575,,,,,,,,
,,,,,,,,,3.5235772357723576e-07,4334,,,,,,,,,
17,,,,,,,,,,4334,0.07517082989215851,,,,,,,,
,,,,,,,,,3.527642276422764e-07,4339,,,,,,,,,
17,,,,,,,,,,4339,0.08492128551006317,,,,,,,,
,,,,,,,,,3.53170731707317e-07,4344,,,,,,,,,
17,,,,,,,,,,4344,0.08740206807851791,,,,,,,,
,,,,,,,,,3.535772357723577e-07,4349,,,,,,,,,
17,,,,,,,,,,4349,0.017102709040045738,,,,,,,,
,,,,,,,,,3.539837398373984e-07,4354,,,,,,,,,
17,,,,,,,,,,4354,0.1010763868689537,,,,,,,,
,,,,,,,,,3.54390243902439e-07,4359,,,,,,,,,
17,,,,,,,,,,4359,0.09932763874530792,,,,,,,,
,,,,,,,,,3.5479674796747964e-07,4364,,,,,,,,,
17,,,,,,,,,,4364,0.04954743757843971,,,,,,,,
,,,,,,,,,3.5520325203252034e-07,4369,,,,,,,,,
17,,,,,,,,,,4369,0.06214088574051857,,,,,,,,
,,,,,,,,,3.5560975609756094e-07,4374,,,,,,,,,
17,,,,,,,,,,4374,0.04233307018876076,,,,,,,,
,,,,,,,,,3.560162601626016e-07,4379,,,,,,,,,
17,,,,,,,,,,4379,0.06514482945203781,,,,,,,,
,,,,,,,,,3.564227642276423e-07,4384,,,,,,,,,
17,,,,,,,,,,4384,0.10989882051944733,,,,,,,,
,,,,,,,,,3.568292682926829e-07,4389,,,,,,,,,
17,,,,,,,,,,4389,0.04546329006552696,,,,,,,,
,,,,,,,,,3.5723577235772356e-07,4394,,,,,,,,,
17,,,,,,,,,,4394,0.10079699754714966,,,,,,,,
,,,,,,,,,3.576422764227642e-07,4399,,,,,,,,,
17,,,,,,,,,,4399,0.07585962116718292,,,,,,,,
,,,,,,,,,3.5804878048780487e-07,4404,,,,,,,,,
17,,,,,,,,,,4404,0.029564019292593002,,,,,,,,
,,,,,,,,,3.5845528455284553e-07,4409,,,,,,,,,
17,,,,,,,,,,4409,0.04832909256219864,,,,,,,,
,,,,,,,,,3.588617886178862e-07,4414,,,,,,,,,
17,,,,,,,,,,4414,0.10578329861164093,,,,,,,,
,,,,,,,,,3.592682926829268e-07,4419,,,,,,,,,
17,,,,,,,,,,4419,0.07949665188789368,,,,,,,,
,,,,,,,,,3.596747967479675e-07,4424,,,,,,,,,
17,,,,,,,,,,4424,0.06376966834068298,,,,,,,,
17,,,,,,,,,,4427,,0.692307710647583,0.8181818127632141,0.06178863346576691,0.06178863346576691,0.218636617064476,0.692307710647583,1.0,0.1794208586215973
,,,,,,,,,3.6008130081300815e-07,4429,,,,,,,,,
18,,,,,,,,,,4429,0.07718976587057114,,,,,,,,
,,,,,,,,,3.6048780487804875e-07,4434,,,,,,,,,
18,,,,,,,,,,4434,0.04670557752251625,,,,,,,,
,,,,,,,,,3.608943089430894e-07,4439,,,,,,,,,
18,,,,,,,,,,4439,0.017089663073420525,,,,,,,,
,,,,,,,,,3.613008130081301e-07,4444,,,,,,,,,
18,,,,,,,,,,4444,0.07287988066673279,,,,,,,,
,,,,,,,,,3.617073170731707e-07,4449,,,,,,,,,
18,,,,,,,,,,4449,0.07936431467533112,,,,,,,,
,,,,,,,,,3.6211382113821137e-07,4454,,,,,,,,,
18,,,,,,,,,,4454,0.019682759419083595,,,,,,,,
,,,,,,,,,3.62520325203252e-07,4459,,,,,,,,,
18,,,,,,,,,,4459,0.045056723058223724,,,,,,,,
,,,,,,,,,3.629268292682927e-07,4464,,,,,,,,,
18,,,,,,,,,,4464,0.041410014033317566,,,,,,,,
,,,,,,,,,3.6333333333333333e-07,4469,,,,,,,,,
18,,,,,,,,,,4469,0.05713961273431778,,,,,,,,
,,,,,,,,,3.63739837398374e-07,4474,,,,,,,,,
18,,,,,,,,,,4474,0.03688204661011696,,,,,,,,
,,,,,,,,,3.641463414634146e-07,4479,,,,,,,,,
18,,,,,,,,,,4479,0.020120617002248764,,,,,,,,
,,,,,,,,,3.645528455284553e-07,4484,,,,,,,,,
18,,,,,,,,,,4484,0.0522652193903923,,,,,,,,
,,,,,,,,,3.649593495934959e-07,4489,,,,,,,,,
18,,,,,,,,,,4489,0.03610427677631378,,,,,,,,
,,,,,,,,,3.6536585365853655e-07,4494,,,,,,,,,
18,,,,,,,,,,4494,0.08345530927181244,,,,,,,,
,,,,,,,,,3.657723577235772e-07,4499,,,,,,,,,
18,,,,,,,,,,4499,0.04193687438964844,,,,,,,,
,,,,,,,,,3.6617886178861786e-07,4504,,,,,,,,,
18,,,,,,,,,,4504,0.060029029846191406,,,,,,,,
,,,,,,,,,3.665853658536585e-07,4509,,,,,,,,,
18,,,,,,,,,,4509,0.10285129398107529,,,,,,,,
,,,,,,,,,3.6699186991869917e-07,4514,,,,,,,,,
18,,,,,,,,,,4514,0.05400945618748665,,,,,,,,
,,,,,,,,,3.6739837398373977e-07,4519,,,,,,,,,
18,,,,,,,,,,4519,0.05695987865328789,,,,,,,,
,,,,,,,,,3.678048780487805e-07,4524,,,,,,,,,
18,,,,,,,,,,4524,0.07725394517183304,,,,,,,,
,,,,,,,,,3.6821138211382113e-07,4529,,,,,,,,,
18,,,,,,,,,,4529,0.06427882611751556,,,,,,,,
,,,,,,,,,3.6861788617886174e-07,4534,,,,,,,,,
18,,,,,,,,,,4534,0.07794097065925598,,,,,,,,
,,,,,,,,,3.690243902439024e-07,4539,,,,,,,,,
18,,,,,,,,,,4539,0.016276059672236443,,,,,,,,
,,,,,,,,,3.694308943089431e-07,4544,,,,,,,,,
18,,,,,,,,,,4544,0.05170293152332306,,,,,,,,
,,,,,,,,,3.698373983739837e-07,4549,,,,,,,,,
18,,,,,,,,,,4549,0.07031206786632538,,,,,,,,
,,,,,,,,,3.7024390243902435e-07,4554,,,,,,,,,
18,,,,,,,,,,4554,0.07321789860725403,,,,,,,,
,,,,,,,,,3.7065040650406506e-07,4559,,,,,,,,,
18,,,,,,,,,,4559,0.05438775569200516,,,,,,,,
,,,,,,,,,3.7105691056910566e-07,4564,,,,,,,,,
18,,,,,,,,,,4564,0.09584961831569672,,,,,,,,
,,,,,,,,,3.714634146341463e-07,4569,,,,,,,,,
18,,,,,,,,,,4569,0.11544353514909744,,,,,,,,
,,,,,,,,,3.71869918699187e-07,4574,,,,,,,,,
18,,,,,,,,,,4574,0.09721183776855469,,,,,,,,
,,,,,,,,,3.7227642276422763e-07,4579,,,,,,,,,
18,,,,,,,,,,4579,0.09956265985965729,,,,,,,,
,,,,,,,,,3.726829268292683e-07,4584,,,,,,,,,
18,,,,,,,,,,4584,0.08728014677762985,,,,,,,,
,,,,,,,,,3.7308943089430894e-07,4589,,,,,,,,,
18,,,,,,,,,,4589,0.034341055899858475,,,,,,,,
,,,,,,,,,3.7349593495934954e-07,4594,,,,,,,,,
18,,,,,,,,,,4594,0.054459262639284134,,,,,,,,
,,,,,,,,,3.7390243902439025e-07,4599,,,,,,,,,
18,,,,,,,,,,4599,0.10357701033353806,,,,,,,,
,,,,,,,,,3.743089430894309e-07,4604,,,,,,,,,
18,,,,,,,,,,4604,0.0808158814907074,,,,,,,,
,,,,,,,,,3.747154471544715e-07,4609,,,,,,,,,
18,,,,,,,,,,4609,0.05552681162953377,,,,,,,,
,,,,,,,,,3.7512195121951216e-07,4614,,,,,,,,,
18,,,,,,,,,,4614,0.07935090363025665,,,,,,,,
,,,,,,,,,3.7552845528455287e-07,4619,,,,,,,,,
18,,,,,,,,,,4619,0.061730701476335526,,,,,,,,
,,,,,,,,,3.7593495934959347e-07,4624,,,,,,,,,
18,,,,,,,,,,4624,0.09321559965610504,,,,,,,,
,,,,,,,,,3.763414634146341e-07,4629,,,,,,,,,
18,,,,,,,,,,4629,0.06002545729279518,,,,,,,,
,,,,,,,,,3.767479674796748e-07,4634,,,,,,,,,
18,,,,,,,,,,4634,0.015284220688045025,,,,,,,,
,,,,,,,,,3.7715447154471543e-07,4639,,,,,,,,,
18,,,,,,,,,,4639,0.028045479208230972,,,,,,,,
,,,,,,,,,3.775609756097561e-07,4644,,,,,,,,,
18,,,,,,,,,,4644,0.07652294635772705,,,,,,,,
,,,,,,,,,3.7796747967479674e-07,4649,,,,,,,,,
18,,,,,,,,,,4649,0.045544225722551346,,,,,,,,
,,,,,,,,,3.7837398373983734e-07,4654,,,,,,,,,
18,,,,,,,,,,4654,0.06341367214918137,,,,,,,,
,,,,,,,,,3.7878048780487805e-07,4659,,,,,,,,,
18,,,,,,,,,,4659,0.10452878475189209,,,,,,,,
,,,,,,,,,3.791869918699187e-07,4664,,,,,,,,,
18,,,,,,,,,,4664,0.07345161586999893,,,,,,,,
,,,,,,,,,3.795934959349593e-07,4669,,,,,,,,,
18,,,,,,,,,,4669,0.09365715831518173,,,,,,,,
18,,,,,,,,,,4673,,0.692307710647583,0.8181818127632141,0.06168896704912186,0.06168896704912186,0.22006165981292725,0.692307710647583,1.0,0.17627975344657898
,,,,,,,,,3.7999999999999996e-07,4674,,,,,,,,,
19,,,,,,,,,,4674,0.019969915971159935,,,,,,,,
,,,,,,,,,3.8040650406504067e-07,4679,,,,,,,,,
19,,,,,,,,,,4679,0.031601641327142715,,,,,,,,
,,,,,,,,,3.8081300813008127e-07,4684,,,,,,,,,
19,,,,,,,,,,4684,0.07638036459684372,,,,,,,,
,,,,,,,,,3.812195121951219e-07,4689,,,,,,,,,
19,,,,,,,,,,4689,0.09339621663093567,,,,,,,,
,,,,,,,,,3.8162601626016263e-07,4694,,,,,,,,,
19,,,,,,,,,,4694,0.09773126989603043,,,,,,,,
,,,,,,,,,3.8203252032520324e-07,4699,,,,,,,,,
19,,,,,,,,,,4699,0.08099546283483505,,,,,,,,
,,,,,,,,,3.824390243902439e-07,4704,,,,,,,,,
19,,,,,,,,,,4704,0.052014224231243134,,,,,,,,
,,,,,,,,,3.8284552845528454e-07,4709,,,,,,,,,
19,,,,,,,,,,4709,0.0924636647105217,,,,,,,,
,,,,,,,,,3.832520325203252e-07,4714,,,,,,,,,
19,,,,,,,,,,4714,0.07841208577156067,,,,,,,,
,,,,,,,,,3.8365853658536585e-07,4719,,,,,,,,,
19,,,,,,,,,,4719,0.09384015202522278,,,,,,,,
,,,,,,,,,3.840650406504065e-07,4724,,,,,,,,,
19,,,,,,,,,,4724,0.1006665751338005,,,,,,,,
,,,,,,,,,3.844715447154471e-07,4729,,,,,,,,,
19,,,,,,,,,,4729,0.1044328361749649,,,,,,,,
,,,,,,,,,3.848780487804878e-07,4734,,,,,,,,,
19,,,,,,,,,,4734,0.051727909594774246,,,,,,,,
,,,,,,,,,3.8528455284552847e-07,4739,,,,,,,,,
19,,,,,,,,,,4739,0.02374681830406189,,,,,,,,
,,,,,,,,,3.856910569105691e-07,4744,,,,,,,,,
19,,,,,,,,,,4744,0.052996594458818436,,,,,,,,
,,,,,,,,,3.8609756097560973e-07,4749,,,,,,,,,
19,,,,,,,,,,4749,0.09009065479040146,,,,,,,,
,,,,,,,,,3.865040650406504e-07,4754,,,,,,,,,
19,,,,,,,,,,4754,0.12021008878946304,,,,,,,,
,,,,,,,,,3.8691056910569104e-07,4759,,,,,,,,,
19,,,,,,,,,,4759,0.036279384046792984,,,,,,,,
,,,,,,,,,3.873170731707317e-07,4764,,,,,,,,,
19,,,,,,,,,,4764,0.08745227754116058,,,,,,,,
,,,,,,,,,3.877235772357723e-07,4769,,,,,,,,,
19,,,,,,,,,,4769,0.02415834553539753,,,,,,,,
,,,,,,,,,3.88130081300813e-07,4774,,,,,,,,,
19,,,,,,,,,,4774,0.09561961144208908,,,,,,,,
,,,,,,,,,3.8853658536585366e-07,4779,,,,,,,,,
19,,,,,,,,,,4779,0.04373874142765999,,,,,,,,
,,,,,,,,,3.8894308943089426e-07,4784,,,,,,,,,
19,,,,,,,,,,4784,0.046799786388874054,,,,,,,,
,,,,,,,,,3.893495934959349e-07,4789,,,,,,,,,
19,,,,,,,,,,4789,0.1042025163769722,,,,,,,,
,,,,,,,,,3.897560975609756e-07,4794,,,,,,,,,
19,,,,,,,,,,4794,0.06131043657660484,,,,,,,,
,,,,,,,,,3.901626016260162e-07,4799,,,,,,,,,
19,,,,,,,,,,4799,0.05997854471206665,,,,,,,,
,,,,,,,,,3.905691056910569e-07,4804,,,,,,,,,
19,,,,,,,,,,4804,0.05960208550095558,,,,,,,,
,,,,,,,,,3.9097560975609753e-07,4809,,,,,,,,,
19,,,,,,,,,,4809,0.09453651309013367,,,,,,,,
,,,,,,,,,3.913821138211382e-07,4814,,,,,,,,,
19,,,,,,,,,,4814,0.0719090923666954,,,,,,,,
,,,,,,,,,3.9178861788617884e-07,4819,,,,,,,,,
19,,,,,,,,,,4819,0.09243810176849365,,,,,,,,
,,,,,,,,,3.921951219512195e-07,4824,,,,,,,,,
19,,,,,,,,,,4824,0.03555905446410179,,,,,,,,
,,,,,,,,,3.926016260162601e-07,4829,,,,,,,,,
19,,,,,,,,,,4829,0.06293509155511856,,,,,,,,
,,,,,,,,,3.930081300813008e-07,4834,,,,,,,,,
19,,,,,,,,,,4834,0.0786638855934143,,,,,,,,
,,,,,,,,,3.9341463414634146e-07,4839,,,,,,,,,
19,,,,,,,,,,4839,0.10995060205459595,,,,,,,,
,,,,,,,,,3.9382113821138206e-07,4844,,,,,,,,,
19,,,,,,,,,,4844,0.024266881868243217,,,,,,,,
,,,,,,,,,3.9422764227642277e-07,4849,,,,,,,,,
19,,,,,,,,,,4849,0.08123417943716049,,,,,,,,
,,,,,,,,,3.946341463414634e-07,4854,,,,,,,,,
19,,,,,,,,,,4854,0.059167928993701935,,,,,,,,
,,,,,,,,,3.95040650406504e-07,4859,,,,,,,,,
19,,,,,,,,,,4859,0.061525870114564896,,,,,,,,
,,,,,,,,,3.954471544715447e-07,4864,,,,,,,,,
19,,,,,,,,,,4864,0.0532044842839241,,,,,,,,
,,,,,,,,,3.958536585365854e-07,4869,,,,,,,,,
19,,,,,,,,,,4869,0.07470560073852539,,,,,,,,
,,,,,,,,,3.96260162601626e-07,4874,,,,,,,,,
19,,,,,,,,,,4874,0.06496497243642807,,,,,,,,
,,,,,,,,,3.9666666666666665e-07,4879,,,,,,,,,
19,,,,,,,,,,4879,0.05697552487254143,,,,,,,,
,,,,,,,,,3.970731707317073e-07,4884,,,,,,,,,
19,,,,,,,,,,4884,0.052060339599847794,,,,,,,,
,,,,,,,,,3.9747967479674795e-07,4889,,,,,,,,,
19,,,,,,,,,,4889,0.032618094235658646,,,,,,,,
,,,,,,,,,3.978861788617886e-07,4894,,,,,,,,,
19,,,,,,,,,,4894,0.03392462059855461,,,,,,,,
,,,,,,,,,3.9829268292682926e-07,4899,,,,,,,,,
19,,,,,,,,,,4899,0.12272699922323227,,,,,,,,
,,,,,,,,,3.9869918699186987e-07,4904,,,,,,,,,
19,,,,,,,,,,4904,0.032442498952150345,,,,,,,,
,,,,,,,,,3.9910569105691057e-07,4909,,,,,,,,,
19,,,,,,,,,,4909,0.11303328722715378,,,,,,,,
,,,,,,,,,3.9951219512195123e-07,4914,,,,,,,,,
19,,,,,,,,,,4914,0.08465275168418884,,,,,,,,
,,,,,,,,,3.9991869918699183e-07,4919,,,,,,,,,
19,,,,,,,,,,4919,0.06823570281267166,,,,,,,,
19,,,,,,,,,,4919,,0.692307710647583,0.8181818127632141,0.06166257709264755,0.06166257709264755,0.22076210379600525,0.692307710647583,1.0,0.17348065972328186
,,,,,,,,,4.003252032520325e-07,4924,,,,,,,,,
20,,,,,,,,,,4924,0.056196991354227066,,,,,,,,
,,,,,,,,,4.007317073170732e-07,4929,,,,,,,,,
20,,,,,,,,,,4929,0.0699913278222084,,,,,,,,
,,,,,,,,,4.011382113821138e-07,4934,,,,,,,,,
20,,,,,,,,,,4934,0.06845887750387192,,,,,,,,
,,,,,,,,,4.0154471544715445e-07,4939,,,,,,,,,
20,,,,,,,,,,4939,0.08264440298080444,,,,,,,,
,,,,,,,,,4.019512195121951e-07,4944,,,,,,,,,
20,,,,,,,,,,4944,0.04565732181072235,,,,,,,,
,,,,,,,,,4.0235772357723576e-07,4949,,,,,,,,,
20,,,,,,,,,,4949,0.058333270251750946,,,,,,,,
,,,,,,,,,4.027642276422764e-07,4954,,,,,,,,,
20,,,,,,,,,,4954,0.0646132305264473,,,,,,,,
,,,,,,,,,4.0317073170731707e-07,4959,,,,,,,,,
20,,,,,,,,,,4959,0.02725754864513874,,,,,,,,
,,,,,,,,,4.0357723577235767e-07,4964,,,,,,,,,
20,,,,,,,,,,4964,0.10209663212299347,,,,,,,,
,,,,,,,,,4.039837398373984e-07,4969,,,,,,,,,
20,,,,,,,,,,4969,0.05187008157372475,,,,,,,,
,,,,,,,,,4.0439024390243903e-07,4974,,,,,,,,,
20,,,,,,,,,,4974,0.061324458569288254,,,,,,,,
,,,,,,,,,4.0479674796747963e-07,4979,,,,,,,,,
20,,,,,,,,,,4979,0.05751822516322136,,,,,,,,
,,,,,,,,,4.0520325203252034e-07,4984,,,,,,,,,
20,,,,,,,,,,4984,0.0671110600233078,,,,,,,,
,,,,,,,,,4.05609756097561e-07,4989,,,,,,,,,
20,,,,,,,,,,4989,0.14019031822681427,,,,,,,,
,,,,,,,,,4.060162601626016e-07,4994,,,,,,,,,
20,,,,,,,,,,4994,0.0927770733833313,,,,,,,,
,,,,,,,,,4.0642276422764225e-07,4999,,,,,,,,,
20,,,,,,,,,,4999,0.031983260065317154,,,,,,,,
,,,,,,,,,4.068292682926829e-07,5004,,,,,,,,,
20,,,,,,,,,,5004,0.0738130658864975,,,,,,,,
,,,,,,,,,4.0723577235772356e-07,5009,,,,,,,,,
20,,,,,,,,,,5009,0.04059847816824913,,,,,,,,
,,,,,,,,,4.076422764227642e-07,5014,,,,,,,,,
20,,,,,,,,,,5014,0.06428392231464386,,,,,,,,
,,,,,,,,,4.080487804878048e-07,5019,,,,,,,,,
20,,,,,,,,,,5019,0.038480982184410095,,,,,,,,
,,,,,,,,,4.084552845528455e-07,5024,,,,,,,,,
20,,,,,,,,,,5024,0.03070249781012535,,,,,,,,
,,,,,,,,,4.088617886178862e-07,5029,,,,,,,,,
20,,,,,,,,,,5029,0.08512279391288757,,,,,,,,
,,,,,,,,,4.092682926829268e-07,5034,,,,,,,,,
20,,,,,,,,,,5034,0.10921982675790787,,,,,,,,
,,,,,,,,,4.0967479674796744e-07,5039,,,,,,,,,
20,,,,,,,,,,5039,0.07657448202371597,,,,,,,,
,,,,,,,,,4.1008130081300814e-07,5044,,,,,,,,,
20,,,,,,,,,,5044,0.09936859458684921,,,,,,,,
,,,,,,,,,4.1048780487804875e-07,5049,,,,,,,,,
20,,,,,,,,,,5049,0.10191482305526733,,,,,,,,
,,,,,,,,,4.108943089430894e-07,5054,,,,,,,,,
20,,,,,,,,,,5054,0.04517088085412979,,,,,,,,
,,,,,,,,,4.1130081300813006e-07,5059,,,,,,,,,
20,,,,,,,,,,5059,0.04769425839185715,,,,,,,,
,,,,,,,,,4.117073170731707e-07,5064,,,,,,,,,
20,,,,,,,,,,5064,0.06036766991019249,,,,,,,,
,,,,,,,,,4.1211382113821136e-07,5069,,,,,,,,,
20,,,,,,,,,,5069,0.044205836951732635,,,,,,,,
,,,,,,,,,4.12520325203252e-07,5074,,,,,,,,,
20,,,,,,,,,,5074,0.07924950867891312,,,,,,,,
,,,,,,,,,4.129268292682926e-07,5079,,,,,,,,,
20,,,,,,,,,,5079,0.11161484569311142,,,,,,,,
,,,,,,,,,4.1333333333333333e-07,5084,,,,,,,,,
20,,,,,,,,,,5084,0.07011336833238602,,,,,,,,
,,,,,,,,,4.13739837398374e-07,5089,,,,,,,,,
20,,,,,,,,,,5089,0.052906934171915054,,,,,,,,
,,,,,,,,,4.141463414634146e-07,5094,,,,,,,,,
20,,,,,,,,,,5094,0.03867439180612564,,,,,,,,
,,,,,,,,,4.1455284552845524e-07,5099,,,,,,,,,
20,,,,,,,,,,5099,0.03187117353081703,,,,,,,,
,,,,,,,,,4.1495934959349595e-07,5104,,,,,,,,,
20,,,,,,,,,,5104,0.07330641895532608,,,,,,,,
,,,,,,,,,4.1536585365853655e-07,5109,,,,,,,,,
20,,,,,,,,,,5109,0.07664137333631516,,,,,,,,
,,,,,,,,,4.157723577235772e-07,5114,,,,,,,,,
20,,,,,,,,,,5114,0.04114717245101929,,,,,,,,
,,,,,,,,,4.161788617886179e-07,5119,,,,,,,,,
20,,,,,,,,,,5119,0.07601017504930496,,,,,,,,
,,,,,,,,,4.165853658536585e-07,5124,,,,,,,,,
20,,,,,,,,,,5124,0.07947373390197754,,,,,,,,
,,,,,,,,,4.1699186991869917e-07,5129,,,,,,,,,
20,,,,,,,,,,5129,0.047091733664274216,,,,,,,,
,,,,,,,,,4.173983739837398e-07,5134,,,,,,,,,
20,,,,,,,,,,5134,0.06370712071657181,,,,,,,,
,,,,,,,,,4.178048780487805e-07,5139,,,,,,,,,
20,,,,,,,,,,5139,0.07458341121673584,,,,,,,,
,,,,,,,,,4.1821138211382113e-07,5144,,,,,,,,,
20,,,,,,,,,,5144,0.026304300874471664,,,,,,,,
,,,,,,,,,4.186178861788618e-07,5149,,,,,,,,,
20,,,,,,,,,,5149,0.053641196340322495,,,,,,,,
,,,,,,,,,4.190243902439024e-07,5154,,,,,,,,,
20,,,,,,,,,,5154,0.07504938542842865,,,,,,,,
,,,,,,,,,4.194308943089431e-07,5159,,,,,,,,,
20,,,,,,,,,,5159,0.06019771471619606,,,,,,,,
,,,,,,,,,4.1983739837398375e-07,5164,,,,,,,,,
20,,,,,,,,,,5164,0.07481338828802109,,,,,,,,
20,,,,,,,,,,5165,,0.692307710647583,0.8181818127632141,0.06149005889892578,0.06149005889892578,0.22411027550697327,0.692307710647583,1.0,0.18445265293121338
,,,,,,,,,4.2024390243902435e-07,5169,,,,,,,,,
21,,,,,,,,,,5169,0.0898827388882637,,,,,,,,
,,,,,,,,,4.20650406504065e-07,5174,,,,,,,,,
21,,,,,,,,,,5174,0.13981060683727264,,,,,,,,
,,,,,,,,,4.210569105691057e-07,5179,,,,,,,,,
21,,,,,,,,,,5179,0.08679486811161041,,,,,,,,
,,,,,,,,,4.214634146341463e-07,5184,,,,,,,,,
21,,,,,,,,,,5184,0.03324234485626221,,,,,,,,
,,,,,,,,,4.2186991869918697e-07,5189,,,,,,,,,
21,,,,,,,,,,5189,0.05545539781451225,,,,,,,,
,,,,,,,,,4.222764227642276e-07,5194,,,,,,,,,
21,,,,,,,,,,5194,0.06931617856025696,,,,,,,,
,,,,,,,,,4.226829268292683e-07,5199,,,,,,,,,
21,,,,,,,,,,5199,0.05259797349572182,,,,,,,,
,,,,,,,,,4.2308943089430894e-07,5204,,,,,,,,,
21,,,,,,,,,,5204,0.0943768098950386,,,,,,,,
,,,,,,,,,4.234959349593496e-07,5209,,,,,,,,,
21,,,,,,,,,,5209,0.05856524407863617,,,,,,,,
,,,,,,,,,4.239024390243902e-07,5214,,,,,,,,,
21,,,,,,,,,,5214,0.07867372035980225,,,,,,,,
,,,,,,,,,4.243089430894309e-07,5219,,,,,,,,,
21,,,,,,,,,,5219,0.10961098968982697,,,,,,,,
,,,,,,,,,4.2471544715447155e-07,5224,,,,,,,,,
21,,,,,,,,,,5224,0.05965786054730415,,,,,,,,
,,,,,,,,,4.2512195121951216e-07,5229,,,,,,,,,
21,,,,,,,,,,5229,0.0796942487359047,,,,,,,,
,,,,,,,,,4.255284552845528e-07,5234,,,,,,,,,
21,,,,,,,,,,5234,0.0338192954659462,,,,,,,,
,,,,,,,,,4.259349593495935e-07,5239,,,,,,,,,
21,,,,,,,,,,5239,0.05595974624156952,,,,,,,,
,,,,,,,,,4.263414634146341e-07,5244,,,,,,,,,
21,,,,,,,,,,5244,0.04909595847129822,,,,,,,,
,,,,,,,,,4.267479674796748e-07,5249,,,,,,,,,
21,,,,,,,,,,5249,0.10506579279899597,,,,,,,,
,,,,,,,,,4.271544715447154e-07,5254,,,,,,,,,
21,,,,,,,,,,5254,0.041590481996536255,,,,,,,,
,,,,,,,,,4.275609756097561e-07,5259,,,,,,,,,
21,,,,,,,,,,5259,0.02790871262550354,,,,,,,,
,,,,,,,,,4.2796747967479674e-07,5264,,,,,,,,,
21,,,,,,,,,,5264,0.053825218230485916,,,,,,,,
,,,,,,,,,4.2837398373983734e-07,5269,,,,,,,,,
21,,,,,,,,,,5269,0.029171006754040718,,,,,,,,
,,,,,,,,,4.28780487804878e-07,5274,,,,,,,,,
21,,,,,,,,,,5274,0.07556190341711044,,,,,,,,
,,,,,,,,,4.291869918699187e-07,5279,,,,,,,,,
21,,,,,,,,,,5279,0.08282671123743057,,,,,,,,
,,,,,,,,,4.295934959349593e-07,5284,,,,,,,,,
21,,,,,,,,,,5284,0.02706492692232132,,,,,,,,
,,,,,,,,,4.2999999999999996e-07,5289,,,,,,,,,
21,,,,,,,,,,5289,0.09341950714588165,,,,,,,,
,,,,,,,,,4.3040650406504067e-07,5294,,,,,,,,,
21,,,,,,,,,,5294,0.07620643824338913,,,,,,,,
,,,,,,,,,4.3081300813008127e-07,5299,,,,,,,,,
21,,,,,,,,,,5299,0.049191731959581375,,,,,,,,
,,,,,,,,,4.312195121951219e-07,5304,,,,,,,,,
21,,,,,,,,,,5304,0.0539676658809185,,,,,,,,
,,,,,,,,,4.316260162601626e-07,5309,,,,,,,,,
21,,,,,,,,,,5309,0.055927250534296036,,,,,,,,
,,,,,,,,,4.3203252032520323e-07,5314,,,,,,,,,
21,,,,,,,,,,5314,0.026840249076485634,,,,,,,,
,,,,,,,,,4.324390243902439e-07,5319,,,,,,,,,
21,,,,,,,,,,5319,0.07868361473083496,,,,,,,,
,,,,,,,,,4.3284552845528454e-07,5324,,,,,,,,,
21,,,,,,,,,,5324,0.03831355273723602,,,,,,,,
,,,,,,,,,4.3325203252032514e-07,5329,,,,,,,,,
21,,,,,,,,,,5329,0.04998716711997986,,,,,,,,
,,,,,,,,,4.3365853658536585e-07,5334,,,,,,,,,
21,,,,,,,,,,5334,0.05572889372706413,,,,,,,,
,,,,,,,,,4.340650406504065e-07,5339,,,,,,,,,
21,,,,,,,,,,5339,0.043414995074272156,,,,,,,,
,,,,,,,,,4.344715447154471e-07,5344,,,,,,,,,
21,,,,,,,,,,5344,0.05057340860366821,,,,,,,,
,,,,,,,,,4.3487804878048776e-07,5349,,,,,,,,,
21,,,,,,,,,,5349,0.07787778228521347,,,,,,,,
,,,,,,,,,4.3528455284552847e-07,5354,,,,,,,,,
21,,,,,,,,,,5354,0.04259354621171951,,,,,,,,
,,,,,,,,,4.3569105691056907e-07,5359,,,,,,,,,
21,,,,,,,,,,5359,0.05260004475712776,,,,,,,,
,,,,,,,,,4.3609756097560973e-07,5364,,,,,,,,,
21,,,,,,,,,,5364,0.09153085947036743,,,,,,,,
,,,,,,,,,4.365040650406504e-07,5369,,,,,,,,,
21,,,,,,,,,,5369,0.08682581782341003,,,,,,,,
,,,,,,,,,4.3691056910569104e-07,5374,,,,,,,,,
21,,,,,,,,,,5374,0.061396609991788864,,,,,,,,
,,,,,,,,,4.373170731707317e-07,5379,,,,,,,,,
21,,,,,,,,,,5379,0.07491200417280197,,,,,,,,
,,,,,,,,,4.3772357723577235e-07,5384,,,,,,,,,
21,,,,,,,,,,5384,0.08927559107542038,,,,,,,,
,,,,,,,,,4.3813008130081295e-07,5389,,,,,,,,,
21,,,,,,,,,,5389,0.042464468628168106,,,,,,,,
,,,,,,,,,4.3853658536585365e-07,5394,,,,,,,,,
21,,,,,,,,,,5394,0.07013577967882156,,,,,,,,
,,,,,,,,,4.389430894308943e-07,5399,,,,,,,,,
21,,,,,,,,,,5399,0.06483636796474457,,,,,,,,
,,,,,,,,,4.393495934959349e-07,5404,,,,,,,,,
21,,,,,,,,,,5404,0.031548481434583664,,,,,,,,
,,,,,,,,,4.3975609756097557e-07,5409,,,,,,,,,
21,,,,,,,,,,5409,0.06776509433984756,,,,,,,,
21,,,,,,,,,,5411,,0.692307710647583,0.8181818127632141,0.06162980943918228,0.06162980943918228,0.22073721885681152,0.692307710647583,1.0,0.18771304190158844
,,,,,,,,,4.401626016260163e-07,5414,,,,,,,,,
22,,,,,,,,,,5414,0.0496453233063221,,,,,,,,
,,,,,,,,,4.405691056910569e-07,5419,,,,,,,,,
22,,,,,,,,,,5419,0.07845155149698257,,,,,,,,
,,,,,,,,,4.4097560975609753e-07,5424,,,,,,,,,
22,,,,,,,,,,5424,0.042016640305519104,,,,,,,,
,,,,,,,,,4.4138211382113824e-07,5429,,,,,,,,,
22,,,,,,,,,,5429,0.05335620045661926,,,,,,,,
,,,,,,,,,4.4178861788617884e-07,5434,,,,,,,,,
22,,,,,,,,,,5434,0.05253387615084648,,,,,,,,
,,,,,,,,,4.421951219512195e-07,5439,,,,,,,,,
22,,,,,,,,,,5439,0.046140946447849274,,,,,,,,
,,,,,,,,,4.4260162601626015e-07,5444,,,,,,,,,
22,,,,,,,,,,5444,0.10209503024816513,,,,,,,,
,,,,,,,,,4.430081300813008e-07,5449,,,,,,,,,
22,,,,,,,,,,5449,0.0205539558082819,,,,,,,,
,,,,,,,,,4.4341463414634146e-07,5454,,,,,,,,,
22,,,,,,,,,,5454,0.08023925870656967,,,,,,,,
,,,,,,,,,4.438211382113821e-07,5459,,,,,,,,,
22,,,,,,,,,,5459,0.027008267119526863,,,,,,,,
,,,,,,,,,4.442276422764227e-07,5464,,,,,,,,,
22,,,,,,,,,,5464,0.051310136914253235,,,,,,,,
,,,,,,,,,4.446341463414634e-07,5469,,,,,,,,,
22,,,,,,,,,,5469,0.042372629046440125,,,,,,,,
,,,,,,,,,4.450406504065041e-07,5474,,,,,,,,,
22,,,,,,,,,,5474,0.03950440511107445,,,,,,,,
,,,,,,,,,4.454471544715447e-07,5479,,,,,,,,,
22,,,,,,,,,,5479,0.11862924695014954,,,,,,,,
,,,,,,,,,4.4585365853658533e-07,5484,,,,,,,,,
22,,,,,,,,,,5484,0.05116712674498558,,,,,,,,
,,,,,,,,,4.4626016260162604e-07,5489,,,,,,,,,
22,,,,,,,,,,5489,0.07028427720069885,,,,,,,,
,,,,,,,,,4.4666666666666664e-07,5494,,,,,,,,,
22,,,,,,,,,,5494,0.08275572955608368,,,,,,,,
,,,,,,,,,4.470731707317073e-07,5499,,,,,,,,,
22,,,,,,,,,,5499,0.04987795650959015,,,,,,,,
,,,,,,,,,4.4747967479674795e-07,5504,,,,,,,,,
22,,,,,,,,,,5504,0.06121521443128586,,,,,,,,
,,,,,,,,,4.478861788617886e-07,5509,,,,,,,,,
22,,,,,,,,,,5509,0.04771465063095093,,,,,,,,
,,,,,,,,,4.4829268292682926e-07,5514,,,,,,,,,
22,,,,,,,,,,5514,0.04756981506943703,,,,,,,,
,,,,,,,,,4.4869918699186986e-07,5519,,,,,,,,,
22,,,,,,,,,,5519,0.05262254551053047,,,,,,,,
,,,,,,,,,4.491056910569105e-07,5524,,,,,,,,,
22,,,,,,,,,,5524,0.07334727793931961,,,,,,,,
,,,,,,,,,4.495121951219512e-07,5529,,,,,,,,,
22,,,,,,,,,,5529,0.04055026173591614,,,,,,,,
,,,,,,,,,4.4991869918699183e-07,5534,,,,,,,,,
22,,,,,,,,,,5534,0.021899376064538956,,,,,,,,
,,,,,,,,,4.503252032520325e-07,5539,,,,,,,,,
22,,,,,,,,,,5539,0.025492113083600998,,,,,,,,
,,,,,,,,,4.5073170731707314e-07,5544,,,,,,,,,
22,,,,,,,,,,5544,0.06724607944488525,,,,,,,,
,,,,,,,,,4.511382113821138e-07,5549,,,,,,,,,
22,,,,,,,,,,5549,0.11890731006860733,,,,,,,,
,,,,,,,,,4.5154471544715445e-07,5554,,,,,,,,,
22,,,,,,,,,,5554,0.07209832966327667,,,,,,,,
,,,,,,,,,4.519512195121951e-07,5559,,,,,,,,,
22,,,,,,,,,,5559,0.0610470175743103,,,,,,,,
,,,,,,,,,4.523577235772357e-07,5564,,,,,,,,,
22,,,,,,,,,,5564,0.061179473996162415,,,,,,,,
,,,,,,,,,4.527642276422764e-07,5569,,,,,,,,,
22,,,,,,,,,,5569,0.05278536677360535,,,,,,,,
,,,,,,,,,4.5317073170731707e-07,5574,,,,,,,,,
22,,,,,,,,,,5574,0.05014665424823761,,,,,,,,
,,,,,,,,,4.5357723577235767e-07,5579,,,,,,,,,
22,,,,,,,,,,5579,0.04259913042187691,,,,,,,,
,,,,,,,,,4.539837398373984e-07,5584,,,,,,,,,
22,,,,,,,,,,5584,0.06384400278329849,,,,,,,,
,,,,,,,,,4.5439024390243903e-07,5589,,,,,,,,,
22,,,,,,,,,,5589,0.05272463709115982,,,,,,,,
,,,,,,,,,4.5479674796747963e-07,5594,,,,,,,,,
22,,,,,,,,,,5594,0.04057031124830246,,,,,,,,
,,,,,,,,,4.552032520325203e-07,5599,,,,,,,,,
22,,,,,,,,,,5599,0.0562940314412117,,,,,,,,
,,,,,,,,,4.55609756097561e-07,5604,,,,,,,,,
22,,,,,,,,,,5604,0.09358028322458267,,,,,,,,
,,,,,,,,,4.560162601626016e-07,5609,,,,,,,,,
22,,,,,,,,,,5609,0.02420084737241268,,,,,,,,
,,,,,,,,,4.5642276422764225e-07,5614,,,,,,,,,
22,,,,,,,,,,5614,0.06360739469528198,,,,,,,,
,,,,,,,,,4.568292682926829e-07,5619,,,,,,,,,
22,,,,,,,,,,5619,0.06798200309276581,,,,,,,,
,,,,,,,,,4.5723577235772356e-07,5624,,,,,,,,,
22,,,,,,,,,,5624,0.07288824766874313,,,,,,,,
,,,,,,,,,4.576422764227642e-07,5629,,,,,,,,,
22,,,,,,,,,,5629,0.038045790046453476,,,,,,,,
,,,,,,,,,4.5804878048780487e-07,5634,,,,,,,,,
22,,,,,,,,,,5634,0.03419371694326401,,,,,,,,
,,,,,,,,,4.5845528455284547e-07,5639,,,,,,,,,
22,,,,,,,,,,5639,0.05946993827819824,,,,,,,,
,,,,,,,,,4.588617886178862e-07,5644,,,,,,,,,
22,,,,,,,,,,5644,0.087133027613163,,,,,,,,
,,,,,,,,,4.5926829268292683e-07,5649,,,,,,,,,
22,,,,,,,,,,5649,0.0660269558429718,,,,,,,,
,,,,,,,,,4.5967479674796743e-07,5654,,,,,,,,,
22,,,,,,,,,,5654,0.06894578784704208,,,,,,,,
22,,,,,,,,,,5657,,0.692307710647583,0.8181818127632141,0.061562955379486084,0.061562955379486084,0.21797055006027222,0.692307710647583,1.0,0.18547871708869934
,,,,,,,,,4.600813008130081e-07,5659,,,,,,,,,
23,,,,,,,,,,5659,0.02521671913564205,,,,,,,,
,,,,,,,,,4.604878048780488e-07,5664,,,,,,,,,
23,,,,,,,,,,5664,0.024656809866428375,,,,,,,,
,,,,,,,,,4.608943089430894e-07,5669,,,,,,,,,
23,,,,,,,,,,5669,0.06741677224636078,,,,,,,,
,,,,,,,,,4.6130081300813005e-07,5674,,,,,,,,,
23,,,,,,,,,,5674,0.05012809857726097,,,,,,,,
,,,,,,,,,4.617073170731707e-07,5679,,,,,,,,,
23,,,,,,,,,,5679,0.04245792329311371,,,,,,,,
,,,,,,,,,4.6211382113821136e-07,5684,,,,,,,,,
23,,,,,,,,,,5684,0.06639723479747772,,,,,,,,
,,,,,,,,,4.62520325203252e-07,5689,,,,,,,,,
23,,,,,,,,,,5689,0.05546845123171806,,,,,,,,
,,,,,,,,,4.6292682926829267e-07,5694,,,,,,,,,
23,,,,,,,,,,5694,0.07881751656532288,,,,,,,,
,,,,,,,,,4.633333333333333e-07,5699,,,,,,,,,
23,,,,,,,,,,5699,0.12424439191818237,,,,,,,,
,,,,,,,,,4.63739837398374e-07,5704,,,,,,,,,
23,,,,,,,,,,5704,0.10964343696832657,,,,,,,,
,,,,,,,,,4.6414634146341464e-07,5709,,,,,,,,,
23,,,,,,,,,,5709,0.06667299568653107,,,,,,,,
,,,,,,,,,4.6455284552845524e-07,5714,,,,,,,,,
23,,,,,,,,,,5714,0.05737901106476784,,,,,,,,
,,,,,,,,,4.6495934959349595e-07,5719,,,,,,,,,
23,,,,,,,,,,5719,0.037714194506406784,,,,,,,,
,,,,,,,,,4.653658536585366e-07,5724,,,,,,,,,
23,,,,,,,,,,5724,0.06219194084405899,,,,,,,,
,,,,,,,,,4.657723577235772e-07,5729,,,,,,,,,
23,,,,,,,,,,5729,0.03815663978457451,,,,,,,,
,,,,,,,,,4.6617886178861786e-07,5734,,,,,,,,,
23,,,,,,,,,,5734,0.049406979233026505,,,,,,,,
,,,,,,,,,4.6658536585365856e-07,5739,,,,,,,,,
23,,,,,,,,,,5739,0.04912705346941948,,,,,,,,
,,,,,,,,,4.6699186991869917e-07,5744,,,,,,,,,
23,,,,,,,,,,5744,0.042363669723272324,,,,,,,,
,,,,,,,,,4.673983739837398e-07,5749,,,,,,,,,
23,,,,,,,,,,5749,0.09609159082174301,,,,,,,,
,,,,,,,,,4.678048780487805e-07,5754,,,,,,,,,
23,,,,,,,,,,5754,0.07426725327968597,,,,,,,,
,,,,,,,,,4.6821138211382113e-07,5759,,,,,,,,,
23,,,,,,,,,,5759,0.0595763698220253,,,,,,,,
,,,,,,,,,4.686178861788618e-07,5764,,,,,,,,,
23,,,,,,,,,,5764,0.05997848138213158,,,,,,,,
,,,,,,,,,4.690243902439024e-07,5769,,,,,,,,,
23,,,,,,,,,,5769,0.04601437225937843,,,,,,,,
,,,,,,,,,4.6943089430894304e-07,5774,,,,,,,,,
23,,,,,,,,,,5774,0.04470251128077507,,,,,,,,
,,,,,,,,,4.6983739837398375e-07,5779,,,,,,,,,
23,,,,,,,,,,5779,0.057975705713033676,,,,,,,,
,,,,,,,,,4.7024390243902435e-07,5784,,,,,,,,,
23,,,,,,,,,,5784,0.11307593435049057,,,,,,,,
,,,,,,,,,4.70650406504065e-07,5789,,,,,,,,,
23,,,,,,,,,,5789,0.0679493099451065,,,,,,,,
,,,,,,,,,4.7105691056910566e-07,5794,,,,,,,,,
23,,,,,,,,,,5794,0.046133436262607574,,,,,,,,
,,,,,,,,,4.714634146341463e-07,5799,,,,,,,,,
23,,,,,,,,,,5799,0.015054489485919476,,,,,,,,
,,,,,,,,,4.7186991869918697e-07,5804,,,,,,,,,
23,,,,,,,,,,5804,0.060537420213222504,,,,,,,,
,,,,,,,,,4.722764227642276e-07,5809,,,,,,,,,
23,,,,,,,,,,5809,0.0726923942565918,,,,,,,,
,,,,,,,,,4.726829268292682e-07,5814,,,,,,,,,
23,,,,,,,,,,5814,0.10398513078689575,,,,,,,,
,,,,,,,,,4.7308943089430893e-07,5819,,,,,,,,,
23,,,,,,,,,,5819,0.09027732908725739,,,,,,,,
,,,,,,,,,4.734959349593496e-07,5824,,,,,,,,,
23,,,,,,,,,,5824,0.04811646044254303,,,,,,,,
,,,,,,,,,4.739024390243902e-07,5829,,,,,,,,,
23,,,,,,,,,,5829,0.0898963212966919,,,,,,,,
,,,,,,,,,4.7430894308943084e-07,5834,,,,,,,,,
23,,,,,,,,,,5834,0.09068139642477036,,,,,,,,
,,,,,,,,,4.7471544715447155e-07,5839,,,,,,,,,
23,,,,,,,,,,5839,0.020743131637573242,,,,,,,,
,,,,,,,,,4.7512195121951215e-07,5844,,,,,,,,,
23,,,,,,,,,,5844,0.03398257866501808,,,,,,,,
,,,,,,,,,4.755284552845528e-07,5849,,,,,,,,,
23,,,,,,,,,,5849,0.08515523374080658,,,,,,,,
,,,,,,,,,4.759349593495935e-07,5854,,,,,,,,,
23,,,,,,,,,,5854,0.050750572234392166,,,,,,,,
,,,,,,,,,4.763414634146341e-07,5859,,,,,,,,,
23,,,,,,,,,,5859,0.036632586270570755,,,,,,,,
,,,,,,,,,4.7674796747967477e-07,5864,,,,,,,,,
23,,,,,,,,,,5864,0.09963112324476242,,,,,,,,
,,,,,,,,,4.771544715447154e-07,5869,,,,,,,,,
23,,,,,,,,,,5869,0.06874451786279678,,,,,,,,
,,,,,,,,,4.77560975609756e-07,5874,,,,,,,,,
23,,,,,,,,,,5874,0.03789272531867027,,,,,,,,
,,,,,,,,,4.779674796747967e-07,5879,,,,,,,,,
23,,,,,,,,,,5879,0.07614722847938538,,,,,,,,
,,,,,,,,,4.783739837398374e-07,5884,,,,,,,,,
23,,,,,,,,,,5884,0.07552181929349899,,,,,,,,
,,,,,,,,,4.78780487804878e-07,5889,,,,,,,,,
23,,,,,,,,,,5889,0.06013081967830658,,,,,,,,
,,,,,,,,,4.791869918699186e-07,5894,,,,,,,,,
23,,,,,,,,,,5894,0.0717528685927391,,,,,,,,
,,,,,,,,,4.795934959349594e-07,5899,,,,,,,,,
23,,,,,,,,,,5899,0.058464113622903824,,,,,,,,
23,,,,,,,,,,5903,,0.692307710647583,0.8181818127632141,0.06175030767917633,0.06175030767917633,0.21466095745563507,0.692307710647583,1.0,0.18371662497520447
,,,,,,,,,4.8e-07,5904,,,,,,,,,
24,,,,,,,,,,5904,0.11769334226846695,,,,,,,,
,,,,,,,,,4.804065040650407e-07,5909,,,,,,,,,
24,,,,,,,,,,5909,0.07790771126747131,,,,,,,,
,,,,,,,,,4.808130081300813e-07,5914,,,,,,,,,
24,,,,,,,,,,5914,0.08993294090032578,,,,,,,,
,,,,,,,,,4.812195121951219e-07,5919,,,,,,,,,
24,,,,,,,,,,5919,0.044108521193265915,,,,,,,,
,,,,,,,,,4.816260162601626e-07,5924,,,,,,,,,
24,,,,,,,,,,5924,0.0367000475525856,,,,,,,,
,,,,,,,,,4.820325203252033e-07,5929,,,,,,,,,
24,,,,,,,,,,5929,0.024563776329159737,,,,,,,,
,,,,,,,,,4.824390243902439e-07,5934,,,,,,,,,
24,,,,,,,,,,5934,0.02731388993561268,,,,,,,,
,,,,,,,,,4.828455284552845e-07,5939,,,,,,,,,
24,,,,,,,,,,5939,0.052729230374097824,,,,,,,,
,,,,,,,,,4.832520325203252e-07,5944,,,,,,,,,
24,,,,,,,,,,5944,0.05414855480194092,,,,,,,,
,,,,,,,,,4.836585365853658e-07,5949,,,,,,,,,
24,,,,,,,,,,5949,0.0424017608165741,,,,,,,,
,,,,,,,,,4.840650406504065e-07,5954,,,,,,,,,
24,,,,,,,,,,5954,0.05408305674791336,,,,,,,,
,,,,,,,,,4.844715447154471e-07,5959,,,,,,,,,
24,,,,,,,,,,5959,0.05464215576648712,,,,,,,,
,,,,,,,,,4.848780487804878e-07,5964,,,,,,,,,
24,,,,,,,,,,5964,0.03756226971745491,,,,,,,,
,,,,,,,,,4.852845528455284e-07,5969,,,,,,,,,
24,,,,,,,,,,5969,0.05495406687259674,,,,,,,,
,,,,,,,,,4.856910569105691e-07,5974,,,,,,,,,
24,,,,,,,,,,5974,0.024860352277755737,,,,,,,,
,,,,,,,,,4.860975609756097e-07,5979,,,,,,,,,
24,,,,,,,,,,5979,0.0757376179099083,,,,,,,,
,,,,,,,,,4.865040650406504e-07,5984,,,,,,,,,
24,,,,,,,,,,5984,0.08465760946273804,,,,,,,,
,,,,,,,,,4.86910569105691e-07,5989,,,,,,,,,
24,,,,,,,,,,5989,0.06152353063225746,,,,,,,,
,,,,,,,,,4.873170731707316e-07,5994,,,,,,,,,
24,,,,,,,,,,5994,0.036604396998882294,,,,,,,,
,,,,,,,,,4.877235772357723e-07,5999,,,,,,,,,
24,,,,,,,,,,5999,0.03384983539581299,,,,,,,,
,,,,,,,,,4.88130081300813e-07,6004,,,,,,,,,
24,,,,,,,,,,6004,0.10865428298711777,,,,,,,,
,,,,,,,,,4.885365853658537e-07,6009,,,,,,,,,
24,,,,,,,,,,6009,0.053868792951107025,,,,,,,,
,,,,,,,,,4.889430894308943e-07,6014,,,,,,,,,
24,,,,,,,,,,6014,0.07222151011228561,,,,,,,,
,,,,,,,,,4.89349593495935e-07,6019,,,,,,,,,
24,,,,,,,,,,6019,0.06694582104682922,,,,,,,,
,,,,,,,,,4.897560975609756e-07,6024,,,,,,,,,
24,,,,,,,,,,6024,0.04620286449790001,,,,,,,,
,,,,,,,,,4.901626016260163e-07,6029,,,,,,,,,
24,,,,,,,,,,6029,0.045076221227645874,,,,,,,,
,,,,,,,,,4.905691056910569e-07,6034,,,,,,,,,
24,,,,,,,,,,6034,0.05278428643941879,,,,,,,,
,,,,,,,,,4.909756097560976e-07,6039,,,,,,,,,
24,,,,,,,,,,6039,0.03110370971262455,,,,,,,,
,,,,,,,,,4.913821138211382e-07,6044,,,,,,,,,
24,,,,,,,,,,6044,0.04707885906100273,,,,,,,,
,,,,,,,,,4.917886178861788e-07,6049,,,,,,,,,
24,,,,,,,,,,6049,0.139061838388443,,,,,,,,
,,,,,,,,,4.921951219512195e-07,6054,,,,,,,,,
24,,,,,,,,,,6054,0.03723444789648056,,,,,,,,
,,,,,,,,,4.926016260162602e-07,6059,,,,,,,,,
24,,,,,,,,,,6059,0.06192335858941078,,,,,,,,
,,,,,,,,,4.930081300813008e-07,6064,,,,,,,,,
24,,,,,,,,,,6064,0.04468235746026039,,,,,,,,
,,,,,,,,,4.934146341463414e-07,6069,,,,,,,,,
24,,,,,,,,,,6069,0.07974088937044144,,,,,,,,
,,,,,,,,,4.938211382113821e-07,6074,,,,,,,,,
24,,,,,,,,,,6074,0.053853970021009445,,,,,,,,
,,,,,,,,,4.942276422764227e-07,6079,,,,,,,,,
24,,,,,,,,,,6079,0.0957966223359108,,,,,,,,
,,,,,,,,,4.946341463414634e-07,6084,,,,,,,,,
24,,,,,,,,,,6084,0.012142730876803398,,,,,,,,
,,,,,,,,,4.95040650406504e-07,6089,,,,,,,,,
24,,,,,,,,,,6089,0.0714750736951828,,,,,,,,
,,,,,,,,,4.954471544715446e-07,6094,,,,,,,,,
24,,,,,,,,,,6094,0.03817403316497803,,,,,,,,
,,,,,,,,,4.958536585365853e-07,6099,,,,,,,,,
24,,,,,,,,,,6099,0.11792211979627609,,,,,,,,
,,,,,,,,,4.96260162601626e-07,6104,,,,,,,,,
24,,,,,,,,,,6104,0.0593317449092865,,,,,,,,
,,,,,,,,,4.966666666666666e-07,6109,,,,,,,,,
24,,,,,,,,,,6109,0.017493681982159615,,,,,,,,
,,,,,,,,,4.970731707317072e-07,6114,,,,,,,,,
24,,,,,,,,,,6114,0.04365573078393936,,,,,,,,
,,,,,,,,,4.97479674796748e-07,6119,,,,,,,,,
24,,,,,,,,,,6119,0.01842258870601654,,,,,,,,
,,,,,,,,,4.978861788617886e-07,6124,,,,,,,,,
24,,,,,,,,,,6124,0.046443741768598557,,,,,,,,
,,,,,,,,,4.982926829268293e-07,6129,,,,,,,,,
24,,,,,,,,,,6129,0.07165297865867615,,,,,,,,
,,,,,,,,,4.986991869918699e-07,6134,,,,,,,,,
24,,,,,,,,,,6134,0.07450753450393677,,,,,,,,
,,,,,,,,,4.991056910569106e-07,6139,,,,,,,,,
24,,,,,,,,,,6139,0.07199551165103912,,,,,,,,
,,,,,,,,,4.995121951219512e-07,6144,,,,,,,,,
24,,,,,,,,,,6144,0.09241236001253128,,,,,,,,
,,,,,,,,,4.999186991869919e-07,6149,,,,,,,,,
24,,,,,,,,,,6149,0.09223416447639465,,,,,,,,
24,,,,,,,,,,6149,,0.692307710647583,0.8181818127632141,0.061397068202495575,0.061397068202495575,0.2186553031206131,0.692307710647583,1.0,0.18239232897758484
,,,,,,,,,5.003252032520326e-07,6154,,,,,,,,,
25,,,,,,,,,,6154,0.06975212693214417,,,,,,,,
,,,,,,,,,5.007317073170732e-07,6159,,,,,,,,,
25,,,,,,,,,,6159,0.015654675662517548,,,,,,,,
,,,,,,,,,5.011382113821138e-07,6164,,,,,,,,,
25,,,,,,,,,,6164,0.0879812091588974,,,,,,,,
,,,,,,,,,5.015447154471545e-07,6169,,,,,,,,,
25,,,,,,,,,,6169,0.049131568521261215,,,,,,,,
,,,,,,,,,5.019512195121951e-07,6174,,,,,,,,,
25,,,,,,,,,,6174,0.04450759291648865,,,,,,,,
,,,,,,,,,5.023577235772357e-07,6179,,,,,,,,,
25,,,,,,,,,,6179,0.07850748300552368,,,,,,,,
,,,,,,,,,5.027642276422764e-07,6184,,,,,,,,,
25,,,,,,,,,,6184,0.0487099252641201,,,,,,,,
,,,,,,,,,5.03170731707317e-07,6189,,,,,,,,,
25,,,,,,,,,,6189,0.06609050184488297,,,,,,,,
,,,,,,,,,5.035772357723577e-07,6194,,,,,,,,,
25,,,,,,,,,,6194,0.09687285125255585,,,,,,,,
,,,,,,,,,5.039837398373984e-07,6199,,,,,,,,,
25,,,,,,,,,,6199,0.03606292977929115,,,,,,,,
,,,,,,,,,5.04390243902439e-07,6204,,,,,,,,,
25,,,,,,,,,,6204,0.052807312458753586,,,,,,,,
,,,,,,,,,5.047967479674796e-07,6209,,,,,,,,,
25,,,,,,,,,,6209,0.11892935633659363,,,,,,,,
,,,,,,,,,5.052032520325203e-07,6214,,,,,,,,,
25,,,,,,,,,,6214,0.10157851874828339,,,,,,,,
,,,,,,,,,5.056097560975609e-07,6219,,,,,,,,,
25,,,,,,,,,,6219,0.05407671257853508,,,,,,,,
,,,,,,,,,5.060162601626015e-07,6224,,,,,,,,,
25,,,,,,,,,,6224,0.030762093141674995,,,,,,,,
,,,,,,,,,5.064227642276422e-07,6229,,,,,,,,,
25,,,,,,,,,,6229,0.05344417691230774,,,,,,,,
,,,,,,,,,5.06829268292683e-07,6234,,,,,,,,,
25,,,,,,,,,,6234,0.07652962952852249,,,,,,,,
,,,,,,,,,5.072357723577236e-07,6239,,,,,,,,,
25,,,,,,,,,,6239,0.08166943490505219,,,,,,,,
,,,,,,,,,5.076422764227643e-07,6244,,,,,,,,,
25,,,,,,,,,,6244,0.036178939044475555,,,,,,,,
,,,,,,,,,5.080487804878049e-07,6249,,,,,,,,,
25,,,,,,,,,,6249,0.06920915842056274,,,,,,,,
,,,,,,,,,5.084552845528455e-07,6254,,,,,,,,,
25,,,,,,,,,,6254,0.07763830572366714,,,,,,,,
,,,,,,,,,5.088617886178862e-07,6259,,,,,,,,,
25,,,,,,,,,,6259,0.0769978016614914,,,,,,,,
,,,,,,,,,5.092682926829268e-07,6264,,,,,,,,,
25,,,,,,,,,,6264,0.03576571121811867,,,,,,,,
,,,,,,,,,5.096747967479674e-07,6269,,,,,,,,,
25,,,,,,,,,,6269,0.047311726957559586,,,,,,,,
,,,,,,,,,5.100813008130082e-07,6274,,,,,,,,,
25,,,,,,,,,,6274,0.07921921461820602,,,,,,,,
,,,,,,,,,5.104878048780488e-07,6279,,,,,,,,,
25,,,,,,,,,,6279,0.0870838537812233,,,,,,,,
,,,,,,,,,5.108943089430894e-07,6284,,,,,,,,,
25,,,,,,,,,,6284,0.033703796565532684,,,,,,,,
,,,,,,,,,5.113008130081301e-07,6289,,,,,,,,,
25,,,,,,,,,,6289,0.04544844478368759,,,,,,,,
,,,,,,,,,5.117073170731707e-07,6294,,,,,,,,,
25,,,,,,,,,,6294,0.03359613195061684,,,,,,,,
,,,,,,,,,5.121138211382113e-07,6299,,,,,,,,,
25,,,,,,,,,,6299,0.047170352190732956,,,,,,,,
,,,,,,,,,5.12520325203252e-07,6304,,,,,,,,,
25,,,,,,,,,,6304,0.0511675700545311,,,,,,,,
,,,,,,,,,5.129268292682927e-07,6309,,,,,,,,,
25,,,,,,,,,,6309,0.03955911099910736,,,,,,,,
,,,,,,,,,5.133333333333333e-07,6314,,,,,,,,,
25,,,,,,,,,,6314,0.061020541936159134,,,,,,,,
,,,,,,,,,5.13739837398374e-07,6319,,,,,,,,,
25,,,,,,,,,,6319,0.062410250306129456,,,,,,,,
,,,,,,,,,5.141463414634146e-07,6324,,,,,,,,,
25,,,,,,,,,,6324,0.04987131431698799,,,,,,,,
,,,,,,,,,5.145528455284552e-07,6329,,,,,,,,,
25,,,,,,,,,,6329,0.08185287564992905,,,,,,,,
,,,,,,,,,5.149593495934959e-07,6334,,,,,,,,,
25,,,,,,,,,,6334,0.04125816375017166,,,,,,,,
,,,,,,,,,5.153658536585365e-07,6339,,,,,,,,,
25,,,,,,,,,,6339,0.08003352582454681,,,,,,,,
,,,,,,,,,5.157723577235771e-07,6344,,,,,,,,,
25,,,,,,,,,,6344,0.0707387924194336,,,,,,,,
,,,,,,,,,5.16178861788618e-07,6349,,,,,,,,,
25,,,,,,,,,,6349,0.025527045130729675,,,,,,,,
,,,,,,,,,5.165853658536586e-07,6354,,,,,,,,,
25,,,,,,,,,,6354,0.029367323964834213,,,,,,,,
,,,,,,,,,5.169918699186992e-07,6359,,,,,,,,,
25,,,,,,,,,,6359,0.06539120525121689,,,,,,,,
,,,,,,,,,5.173983739837399e-07,6364,,,,,,,,,
25,,,,,,,,,,6364,0.04953404888510704,,,,,,,,
,,,,,,,,,5.178048780487805e-07,6369,,,,,,,,,
25,,,,,,,,,,6369,0.060302913188934326,,,,,,,,
,,,,,,,,,5.182113821138211e-07,6374,,,,,,,,,
25,,,,,,,,,,6374,0.07355926185846329,,,,,,,,
,,,,,,,,,5.186178861788618e-07,6379,,,,,,,,,
25,,,,,,,,,,6379,0.07125180214643478,,,,,,,,
,,,,,,,,,5.190243902439024e-07,6384,,,,,,,,,
25,,,,,,,,,,6384,0.08832324296236038,,,,,,,,
,,,,,,,,,5.194308943089431e-07,6389,,,,,,,,,
25,,,,,,,,,,6389,0.03588978573679924,,,,,,,,
,,,,,,,,,5.198373983739838e-07,6394,,,,,,,,,
25,,,,,,,,,,6394,0.06421203911304474,,,,,,,,
25,,,,,,,,,,6395,,0.692307710647583,0.8181818127632141,0.06154932454228401,0.06154932454228401,0.2261824607849121,0.692307710647583,1.0,0.1851969063282013
,,,,,,,,,5.202439024390244e-07,6399,,,,,,,,,
26,,,,,,,,,,6399,0.03553830832242966,,,,,,,,
,,,,,,,,,5.20650406504065e-07,6404,,,,,,,,,
26,,,,,,,,,,6404,0.046721428632736206,,,,,,,,
,,,,,,,,,5.210569105691056e-07,6409,,,,,,,,,
26,,,,,,,,,,6409,0.01616981253027916,,,,,,,,
,,,,,,,,,5.214634146341463e-07,6414,,,,,,,,,
26,,,,,,,,,,6414,0.04063083231449127,,,,,,,,
,,,,,,,,,5.218699186991869e-07,6419,,,,,,,,,
26,,,,,,,,,,6419,0.0758059173822403,,,,,,,,
,,,,,,,,,5.222764227642275e-07,6424,,,,,,,,,
26,,,,,,,,,,6424,0.021274004131555557,,,,,,,,
,,,,,,,,,5.226829268292683e-07,6429,,,,,,,,,
26,,,,,,,,,,6429,0.047355201095342636,,,,,,,,
,,,,,,,,,5.230894308943089e-07,6434,,,,,,,,,
26,,,,,,,,,,6434,0.048933740705251694,,,,,,,,
,,,,,,,,,5.234959349593495e-07,6439,,,,,,,,,
26,,,,,,,,,,6439,0.09831440448760986,,,,,,,,
,,,,,,,,,5.239024390243902e-07,6444,,,,,,,,,
26,,,,,,,,,,6444,0.09415479004383087,,,,,,,,
,,,,,,,,,5.243089430894308e-07,6449,,,,,,,,,
26,,,,,,,,,,6449,0.045958567410707474,,,,,,,,
,,,,,,,,,5.247154471544714e-07,6454,,,,,,,,,
26,,,,,,,,,,6454,0.050059400498867035,,,,,,,,
,,,,,,,,,5.251219512195122e-07,6459,,,,,,,,,
26,,,,,,,,,,6459,0.05641971528530121,,,,,,,,
,,,,,,,,,5.255284552845529e-07,6464,,,,,,,,,
26,,,,,,,,,,6464,0.037928175181150436,,,,,,,,
,,,,,,,,,5.259349593495935e-07,6469,,,,,,,,,
26,,,,,,,,,,6469,0.10858350247144699,,,,,,,,
,,,,,,,,,5.263414634146342e-07,6474,,,,,,,,,
26,,,,,,,,,,6474,0.028710100799798965,,,,,,,,
,,,,,,,,,5.267479674796748e-07,6479,,,,,,,,,
26,,,,,,,,,,6479,0.03390634432435036,,,,,,,,
,,,,,,,,,5.271544715447154e-07,6484,,,,,,,,,
26,,,,,,,,,,6484,0.09208342432975769,,,,,,,,
,,,,,,,,,5.275609756097561e-07,6489,,,,,,,,,
26,,,,,,,,,,6489,0.05213644355535507,,,,,,,,
,,,,,,,,,5.279674796747967e-07,6494,,,,,,,,,
26,,,,,,,,,,6494,0.06807073950767517,,,,,,,,
,,,,,,,,,5.283739837398373e-07,6499,,,,,,,,,
26,,,,,,,,,,6499,0.06040100380778313,,,,,,,,
,,,,,,,,,5.287804878048781e-07,6504,,,,,,,,,
26,,,,,,,,,,6504,0.012245457619428635,,,,,,,,
,,,,,,,,,5.291869918699187e-07,6509,,,,,,,,,
26,,,,,,,,,,6509,0.07384329289197922,,,,,,,,
,,,,,,,,,5.295934959349593e-07,6514,,,,,,,,,
26,,,,,,,,,,6514,0.035235751420259476,,,,,,,,
,,,,,,,,,5.3e-07,6519,,,,,,,,,
26,,,,,,,,,,6519,0.0645563080906868,,,,,,,,
,,,,,,,,,5.304065040650406e-07,6524,,,,,,,,,
26,,,,,,,,,,6524,0.04275224357843399,,,,,,,,
,,,,,,,,,5.308130081300812e-07,6529,,,,,,,,,
26,,,,,,,,,,6529,0.10259249806404114,,,,,,,,
,,,,,,,,,5.312195121951219e-07,6534,,,,,,,,,
26,,,,,,,,,,6534,0.06711994111537933,,,,,,,,
,,,,,,,,,5.316260162601625e-07,6539,,,,,,,,,
26,,,,,,,,,,6539,0.09428351372480392,,,,,,,,
,,,,,,,,,5.320325203252032e-07,6544,,,,,,,,,
26,,,,,,,,,,6544,0.07645266503095627,,,,,,,,
,,,,,,,,,5.324390243902439e-07,6549,,,,,,,,,
26,,,,,,,,,,6549,0.020605696365237236,,,,,,,,
,,,,,,,,,5.328455284552845e-07,6554,,,,,,,,,
26,,,,,,,,,,6554,0.05214633420109749,,,,,,,,
,,,,,,,,,5.332520325203251e-07,6559,,,,,,,,,
26,,,,,,,,,,6559,0.08462554961442947,,,,,,,,
,,,,,,,,,5.336585365853658e-07,6564,,,,,,,,,
26,,,,,,,,,,6564,0.048353198915719986,,,,,,,,
,,,,,,,,,5.340650406504064e-07,6569,,,,,,,,,
26,,,,,,,,,,6569,0.09581182897090912,,,,,,,,
,,,,,,,,,5.34471544715447e-07,6574,,,,,,,,,
26,,,,,,,,,,6574,0.06953348219394684,,,,,,,,
,,,,,,,,,5.348780487804879e-07,6579,,,,,,,,,
26,,,,,,,,,,6579,0.05044202879071236,,,,,,,,
,,,,,,,,,5.352845528455285e-07,6584,,,,,,,,,
26,,,,,,,,,,6584,0.06466807425022125,,,,,,,,
,,,,,,,,,5.356910569105691e-07,6589,,,,,,,,,
26,,,,,,,,,,6589,0.03488237038254738,,,,,,,,
,,,,,,,,,5.360975609756098e-07,6594,,,,,,,,,
26,,,,,,,,,,6594,0.1043006032705307,,,,,,,,
,,,,,,,,,5.365040650406504e-07,6599,,,,,,,,,
26,,,,,,,,,,6599,0.036170560866594315,,,,,,,,
,,,,,,,,,5.36910569105691e-07,6604,,,,,,,,,
26,,,,,,,,,,6604,0.030979081988334656,,,,,,,,
,,,,,,,,,5.373170731707317e-07,6609,,,,,,,,,
26,,,,,,,,,,6609,0.10693942755460739,,,,,,,,
,,,,,,,,,5.377235772357723e-07,6614,,,,,,,,,
26,,,,,,,,,,6614,0.08927995711565018,,,,,,,,
,,,,,,,,,5.38130081300813e-07,6619,,,,,,,,,
26,,,,,,,,,,6619,0.059626635164022446,,,,,,,,
,,,,,,,,,5.385365853658537e-07,6624,,,,,,,,,
26,,,,,,,,,,6624,0.05672062933444977,,,,,,,,
,,,,,,,,,5.389430894308943e-07,6629,,,,,,,,,
26,,,,,,,,,,6629,0.07797189801931381,,,,,,,,
,,,,,,,,,5.393495934959349e-07,6634,,,,,,,,,
26,,,,,,,,,,6634,0.08370421826839447,,,,,,,,
,,,,,,,,,5.397560975609756e-07,6639,,,,,,,,,
26,,,,,,,,,,6639,0.04390564560890198,,,,,,,,
26,,,,,,,,,,6641,,0.699999988079071,0.8202764987945557,0.06062399595975876,0.06062399595975876,0.24046717584133148,0.7007874250411987,0.9888888597488403,0.19608953595161438
,,,,,,,,,5.401626016260162e-07,6644,,,,,,,,,
27,,,,,,,,,,6644,0.05113152787089348,,,,,,,,
,,,,,,,,,5.405691056910568e-07,6649,,,,,,,,,
27,,,,,,,,,,6649,0.032466672360897064,,,,,,,,
,,,,,,,,,5.409756097560975e-07,6654,,,,,,,,,
27,,,,,,,,,,6654,0.05777449160814285,,,,,,,,
,,,,,,,,,5.413821138211382e-07,6659,,,,,,,,,
27,,,,,,,,,,6659,0.05849688500165939,,,,,,,,
,,,,,,,,,5.417886178861788e-07,6664,,,,,,,,,
27,,,,,,,,,,6664,0.0349137969315052,,,,,,,,
,,,,,,,,,5.421951219512195e-07,6669,,,,,,,,,
27,,,,,,,,,,6669,0.054156653583049774,,,,,,,,
,,,,,,,,,5.426016260162601e-07,6674,,,,,,,,,
27,,,,,,,,,,6674,0.07497267425060272,,,,,,,,
,,,,,,,,,5.430081300813007e-07,6679,,,,,,,,,
27,,,,,,,,,,6679,0.03188510239124298,,,,,,,,
,,,,,,,,,5.434146341463415e-07,6684,,,,,,,,,
27,,,,,,,,,,6684,0.11637880653142929,,,,,,,,
,,,,,,,,,5.438211382113821e-07,6689,,,,,,,,,
27,,,,,,,,,,6689,0.05928894132375717,,,,,,,,
,,,,,,,,,5.442276422764227e-07,6694,,,,,,,,,
27,,,,,,,,,,6694,0.04512697830796242,,,,,,,,
,,,,,,,,,5.446341463414635e-07,6699,,,,,,,,,
27,,,,,,,,,,6699,0.07930073142051697,,,,,,,,
,,,,,,,,,5.450406504065041e-07,6704,,,,,,,,,
27,,,,,,,,,,6704,0.08830442279577255,,,,,,,,
,,,,,,,,,5.454471544715447e-07,6709,,,,,,,,,
27,,,,,,,,,,6709,0.08315194398164749,,,,,,,,
,,,,,,,,,5.458536585365854e-07,6714,,,,,,,,,
27,,,,,,,,,,6714,0.02019236795604229,,,,,,,,
,,,,,,,,,5.46260162601626e-07,6719,,,,,,,,,
27,,,,,,,,,,6719,0.061356306076049805,,,,,,,,
,,,,,,,,,5.466666666666666e-07,6724,,,,,,,,,
27,,,,,,,,,,6724,0.059485189616680145,,,,,,,,
,,,,,,,,,5.470731707317073e-07,6729,,,,,,,,,
27,,,,,,,,,,6729,0.08545782417058945,,,,,,,,
,,,,,,,,,5.47479674796748e-07,6734,,,,,,,,,
27,,,,,,,,,,6734,0.03232685476541519,,,,,,,,
,,,,,,,,,5.478861788617886e-07,6739,,,,,,,,,
27,,,,,,,,,,6739,0.07873157411813736,,,,,,,,
,,,,,,,,,5.482926829268293e-07,6744,,,,,,,,,
27,,,,,,,,,,6744,0.050810620188713074,,,,,,,,
,,,,,,,,,5.486991869918699e-07,6749,,,,,,,,,
27,,,,,,,,,,6749,0.03471960127353668,,,,,,,,
,,,,,,,,,5.491056910569105e-07,6754,,,,,,,,,
27,,,,,,,,,,6754,0.03027399443089962,,,,,,,,
,,,,,,,,,5.495121951219512e-07,6759,,,,,,,,,
27,,,,,,,,,,6759,0.10348881036043167,,,,,,,,
,,,,,,,,,5.499186991869918e-07,6764,,,,,,,,,
27,,,,,,,,,,6764,0.030166054144501686,,,,,,,,
,,,,,,,,,5.503252032520324e-07,6769,,,,,,,,,
27,,,,,,,,,,6769,0.04492698237299919,,,,,,,,
,,,,,,,,,5.507317073170732e-07,6774,,,,,,,,,
27,,,,,,,,,,6774,0.09299283474683762,,,,,,,,
,,,,,,,,,5.511382113821138e-07,6779,,,,,,,,,
27,,,,,,,,,,6779,0.061612218618392944,,,,,,,,
,,,,,,,,,5.515447154471544e-07,6784,,,,,,,,,
27,,,,,,,,,,6784,0.04277262091636658,,,,,,,,
,,,,,,,,,5.519512195121951e-07,6789,,,,,,,,,
27,,,,,,,,,,6789,0.03055569715797901,,,,,,,,
,,,,,,,,,5.523577235772358e-07,6794,,,,,,,,,
27,,,,,,,,,,6794,0.08879601955413818,,,,,,,,
,,,,,,,,,5.527642276422764e-07,6799,,,,,,,,,
27,,,,,,,,,,6799,0.06595451384782791,,,,,,,,
,,,,,,,,,5.531707317073171e-07,6804,,,,,,,,,
27,,,,,,,,,,6804,0.07370831072330475,,,,,,,,
,,,,,,,,,5.535772357723577e-07,6809,,,,,,,,,
27,,,,,,,,,,6809,0.0503968819975853,,,,,,,,
,,,,,,,,,5.539837398373984e-07,6814,,,,,,,,,
27,,,,,,,,,,6814,0.09616515785455704,,,,,,,,
,,,,,,,,,5.543902439024391e-07,6819,,,,,,,,,
27,,,,,,,,,,6819,0.0955604836344719,,,,,,,,
,,,,,,,,,5.547967479674797e-07,6824,,,,,,,,,
27,,,,,,,,,,6824,0.04528529569506645,,,,,,,,
,,,,,,,,,5.552032520325203e-07,6829,,,,,,,,,
27,,,,,,,,,,6829,0.04075636342167854,,,,,,,,
,,,,,,,,,5.55609756097561e-07,6834,,,,,,,,,
27,,,,,,,,,,6834,0.05315091833472252,,,,,,,,
,,,,,,,,,5.560162601626016e-07,6839,,,,,,,,,
27,,,,,,,,,,6839,0.01320770662277937,,,,,,,,
,,,,,,,,,5.564227642276422e-07,6844,,,,,,,,,
27,,,,,,,,,,6844,0.07265502959489822,,,,,,,,
,,,,,,,,,5.568292682926829e-07,6849,,,,,,,,,
27,,,,,,,,,,6849,0.05981511250138283,,,,,,,,
,,,,,,,,,5.572357723577236e-07,6854,,,,,,,,,
27,,,,,,,,,,6854,0.06207902356982231,,,,,,,,
,,,,,,,,,5.576422764227642e-07,6859,,,,,,,,,
27,,,,,,,,,,6859,0.11025458574295044,,,,,,,,
,,,,,,,,,5.580487804878049e-07,6864,,,,,,,,,
27,,,,,,,,,,6864,0.033668555319309235,,,,,,,,
,,,,,,,,,5.584552845528455e-07,6869,,,,,,,,,
27,,,,,,,,,,6869,0.06957171857357025,,,,,,,,
,,,,,,,,,5.588617886178861e-07,6874,,,,,,,,,
27,,,,,,,,,,6874,0.056288737803697586,,,,,,,,
,,,,,,,,,5.592682926829268e-07,6879,,,,,,,,,
27,,,,,,,,,,6879,0.06140420213341713,,,,,,,,
,,,,,,,,,5.596747967479674e-07,6884,,,,,,,,,
27,,,,,,,,,,6884,0.09706807136535645,,,,,,,,
27,,,,,,,,,,6887,,0.7076923251152039,0.8240740895271301,0.061370912939310074,0.061370912939310074,0.23343899846076965,0.7063491940498352,0.9888888597488403,0.19933736324310303
,,,,,,,,,5.60081300813008e-07,6889,,,,,,,,,
28,,,,,,,,,,6889,0.03782998025417328,,,,,,,,
,,,,,,,,,5.604878048780488e-07,6894,,,,,,,,,
28,,,,,,,,,,6894,0.0436583012342453,,,,,,,,
,,,,,,,,,5.608943089430894e-07,6899,,,,,,,,,
28,,,,,,,,,,6899,0.030147170647978783,,,,,,,,
,,,,,,,,,5.6130081300813e-07,6904,,,,,,,,,
28,,,,,,,,,,6904,0.04294738173484802,,,,,,,,
,,,,,,,,,5.617073170731708e-07,6909,,,,,,,,,
28,,,,,,,,,,6909,0.04680568724870682,,,,,,,,
,,,,,,,,,5.621138211382114e-07,6914,,,,,,,,,
28,,,,,,,,,,6914,0.03120850771665573,,,,,,,,
,,,,,,,,,5.62520325203252e-07,6919,,,,,,,,,
28,,,,,,,,,,6919,0.058327652513980865,,,,,,,,
,,,,,,,,,5.629268292682926e-07,6924,,,,,,,,,
28,,,,,,,,,,6924,0.049870945513248444,,,,,,,,
,,,,,,,,,5.633333333333334e-07,6929,,,,,,,,,
28,,,,,,,,,,6929,0.07057425379753113,,,,,,,,
,,,,,,,,,5.63739837398374e-07,6934,,,,,,,,,
28,,,,,,,,,,6934,0.04135885462164879,,,,,,,,
,,,,,,,,,5.641463414634146e-07,6939,,,,,,,,,
28,,,,,,,,,,6939,0.06428953260183334,,,,,,,,
,,,,,,,,,5.645528455284553e-07,6944,,,,,,,,,
28,,,,,,,,,,6944,0.042746953666210175,,,,,,,,
,,,,,,,,,5.649593495934959e-07,6949,,,,,,,,,
28,,,,,,,,,,6949,0.05012974888086319,,,,,,,,
,,,,,,,,,5.653658536585365e-07,6954,,,,,,,,,
28,,,,,,,,,,6954,0.03553488105535507,,,,,,,,
,,,,,,,,,5.657723577235772e-07,6959,,,,,,,,,
28,,,,,,,,,,6959,0.049220435321331024,,,,,,,,
,,,,,,,,,5.661788617886178e-07,6964,,,,,,,,,
28,,,,,,,,,,6964,0.10902927815914154,,,,,,,,
,,,,,,,,,5.665853658536585e-07,6969,,,,,,,,,
28,,,,,,,,,,6969,0.06343420594930649,,,,,,,,
,,,,,,,,,5.669918699186992e-07,6974,,,,,,,,,
28,,,,,,,,,,6974,0.05731280520558357,,,,,,,,
,,,,,,,,,5.673983739837398e-07,6979,,,,,,,,,
28,,,,,,,,,,6979,0.030981870368123055,,,,,,,,
,,,,,,,,,5.678048780487804e-07,6984,,,,,,,,,
28,,,,,,,,,,6984,0.05859874188899994,,,,,,,,
,,,,,,,,,5.682113821138211e-07,6989,,,,,,,,,
28,,,,,,,,,,6989,0.08272901922464371,,,,,,,,
,,,,,,,,,5.686178861788617e-07,6994,,,,,,,,,
28,,,,,,,,,,6994,0.0678137019276619,,,,,,,,
,,,,,,,,,5.690243902439023e-07,6999,,,,,,,,,
28,,,,,,,,,,6999,0.03449809551239014,,,,,,,,
,,,,,,,,,5.69430894308943e-07,7004,,,,,,,,,
28,,,,,,,,,,7004,0.040469009429216385,,,,,,,,
,,,,,,,,,5.698373983739837e-07,7009,,,,,,,,,
28,,,,,,,,,,7009,0.0769570991396904,,,,,,,,
,,,,,,,,,5.702439024390243e-07,7014,,,,,,,,,
28,,,,,,,,,,7014,0.061426158994436264,,,,,,,,
,,,,,,,,,5.706504065040651e-07,7019,,,,,,,,,
28,,,,,,,,,,7019,0.042562808841466904,,,,,,,,
,,,,,,,,,5.710569105691057e-07,7024,,,,,,,,,
28,,,,,,,,,,7024,0.04950643703341484,,,,,,,,
,,,,,,,,,5.714634146341463e-07,7029,,,,,,,,,
28,,,,,,,,,,7029,0.04990736022591591,,,,,,,,
,,,,,,,,,5.71869918699187e-07,7034,,,,,,,,,
28,,,,,,,,,,7034,0.06088744103908539,,,,,,,,
,,,,,,,,,5.722764227642276e-07,7039,,,,,,,,,
28,,,,,,,,,,7039,0.057261642068624496,,,,,,,,
,,,,,,,,,5.726829268292682e-07,7044,,,,,,,,,
28,,,,,,,,,,7044,0.06626815348863602,,,,,,,,
,,,,,,,,,5.73089430894309e-07,7049,,,,,,,,,
28,,,,,,,,,,7049,0.0737173855304718,,,,,,,,
,,,,,,,,,5.734959349593496e-07,7054,,,,,,,,,
28,,,,,,,,,,7054,0.03790007904171944,,,,,,,,
,,,,,,,,,5.739024390243902e-07,7059,,,,,,,,,
28,,,,,,,,,,7059,0.06974980235099792,,,,,,,,
,,,,,,,,,5.743089430894309e-07,7064,,,,,,,,,
28,,,,,,,,,,7064,0.0669940933585167,,,,,,,,
,,,,,,,,,5.747154471544715e-07,7069,,,,,,,,,
28,,,,,,,,,,7069,0.05489600822329521,,,,,,,,
,,,,,,,,,5.751219512195121e-07,7074,,,,,,,,,
28,,,,,,,,,,7074,0.049630943685770035,,,,,,,,
,,,,,,,,,5.755284552845528e-07,7079,,,,,,,,,
28,,,,,,,,,,7079,0.028117245063185692,,,,,,,,
,,,,,,,,,5.759349593495935e-07,7084,,,,,,,,,
28,,,,,,,,,,7084,0.10531047731637955,,,,,,,,
,,,,,,,,,5.763414634146341e-07,7089,,,,,,,,,
28,,,,,,,,,,7089,0.06976598501205444,,,,,,,,
,,,,,,,,,5.767479674796748e-07,7094,,,,,,,,,
28,,,,,,,,,,7094,0.046917323023080826,,,,,,,,
,,,,,,,,,5.771544715447154e-07,7099,,,,,,,,,
28,,,,,,,,,,7099,0.06463221460580826,,,,,,,,
,,,,,,,,,5.77560975609756e-07,7104,,,,,,,,,
28,,,,,,,,,,7104,0.024191096425056458,,,,,,,,
,,,,,,,,,5.779674796747967e-07,7109,,,,,,,,,
28,,,,,,,,,,7109,0.061650894582271576,,,,,,,,
,,,,,,,,,5.783739837398373e-07,7114,,,,,,,,,
28,,,,,,,,,,7114,0.0908215269446373,,,,,,,,
,,,,,,,,,5.787804878048779e-07,7119,,,,,,,,,
28,,,,,,,,,,7119,0.04055514186620712,,,,,,,,
,,,,,,,,,5.791869918699187e-07,7124,,,,,,,,,
28,,,,,,,,,,7124,0.07221528887748718,,,,,,,,
,,,,,,,,,5.795934959349594e-07,7129,,,,,,,,,
28,,,,,,,,,,7129,0.04500473663210869,,,,,,,,
28,,,,,,,,,,7133,,0.7076923251152039,0.8207547068595886,0.0602593757212162,0.0602593757212162,0.2519114017486572,0.7131147384643555,0.9666666388511658,0.21142572164535522
,,,,,,,,,5.8e-07,7134,,,,,,,,,
29,,,,,,,,,,7134,0.07210840284824371,,,,,,,,
,,,,,,,,,5.804065040650407e-07,7139,,,,,,,,,
29,,,,,,,,,,7139,0.062095437198877335,,,,,,,,
,,,,,,,,,5.808130081300813e-07,7144,,,,,,,,,
29,,,,,,,,,,7144,0.07639409601688385,,,,,,,,
,,,,,,,,,5.812195121951219e-07,7149,,,,,,,,,
29,,,,,,,,,,7149,0.04346390813589096,,,,,,,,
,,,,,,,,,5.816260162601626e-07,7154,,,,,,,,,
29,,,,,,,,,,7154,0.06166454777121544,,,,,,,,
,,,,,,,,,5.820325203252032e-07,7159,,,,,,,,,
29,,,,,,,,,,7159,0.04476524889469147,,,,,,,,
,,,,,,,,,5.824390243902439e-07,7164,,,,,,,,,
29,,,,,,,,,,7164,0.05078097805380821,,,,,,,,
,,,,,,,,,5.828455284552846e-07,7169,,,,,,,,,
29,,,,,,,,,,7169,0.10343481600284576,,,,,,,,
,,,,,,,,,5.832520325203252e-07,7174,,,,,,,,,
29,,,,,,,,,,7174,0.05127119645476341,,,,,,,,
,,,,,,,,,5.836585365853658e-07,7179,,,,,,,,,
29,,,,,,,,,,7179,0.03775259479880333,,,,,,,,
,,,,,,,,,5.840650406504065e-07,7184,,,,,,,,,
29,,,,,,,,,,7184,0.0633828192949295,,,,,,,,
,,,,,,,,,5.844715447154471e-07,7189,,,,,,,,,
29,,,,,,,,,,7189,0.07907862961292267,,,,,,,,
,,,,,,,,,5.848780487804877e-07,7194,,,,,,,,,
29,,,,,,,,,,7194,0.08463599532842636,,,,,,,,
,,,,,,,,,5.852845528455285e-07,7199,,,,,,,,,
29,,,,,,,,,,7199,0.09048853814601898,,,,,,,,
,,,,,,,,,5.856910569105691e-07,7204,,,,,,,,,
29,,,,,,,,,,7204,0.08266958594322205,,,,,,,,
,,,,,,,,,5.860975609756097e-07,7209,,,,,,,,,
29,,,,,,,,,,7209,0.07304511219263077,,,,,,,,
,,,,,,,,,5.865040650406504e-07,7214,,,,,,,,,
29,,,,,,,,,,7214,0.051323793828487396,,,,,,,,
,,,,,,,,,5.86910569105691e-07,7219,,,,,,,,,
29,,,,,,,,,,7219,0.047795943915843964,,,,,,,,
,,,,,,,,,5.873170731707316e-07,7224,,,,,,,,,
29,,,,,,,,,,7224,0.05057256296277046,,,,,,,,
,,,,,,,,,5.877235772357723e-07,7229,,,,,,,,,
29,,,,,,,,,,7229,0.021395927295088768,,,,,,,,
,,,,,,,,,5.881300813008129e-07,7234,,,,,,,,,
29,,,,,,,,,,7234,0.04351425915956497,,,,,,,,
,,,,,,,,,5.885365853658536e-07,7239,,,,,,,,,
29,,,,,,,,,,7239,0.07252072542905807,,,,,,,,
,,,,,,,,,5.889430894308944e-07,7244,,,,,,,,,
29,,,,,,,,,,7244,0.04329271987080574,,,,,,,,
,,,,,,,,,5.89349593495935e-07,7249,,,,,,,,,
29,,,,,,,,,,7249,0.06973966211080551,,,,,,,,
,,,,,,,,,5.897560975609756e-07,7254,,,,,,,,,
29,,,,,,,,,,7254,0.07530374079942703,,,,,,,,
,,,,,,,,,5.901626016260163e-07,7259,,,,,,,,,
29,,,,,,,,,,7259,0.07796551287174225,,,,,,,,
,,,,,,,,,5.905691056910569e-07,7264,,,,,,,,,
29,,,,,,,,,,7264,0.0919782966375351,,,,,,,,
,,,,,,,,,5.909756097560975e-07,7269,,,,,,,,,
29,,,,,,,,,,7269,0.02878868579864502,,,,,,,,
,,,,,,,,,5.913821138211382e-07,7274,,,,,,,,,
29,,,,,,,,,,7274,0.06155746430158615,,,,,,,,
,,,,,,,,,5.917886178861789e-07,7279,,,,,,,,,
29,,,,,,,,,,7279,0.06583021581172943,,,,,,,,
,,,,,,,,,5.921951219512195e-07,7284,,,,,,,,,
29,,,,,,,,,,7284,0.041895776987075806,,,,,,,,
,,,,,,,,,5.926016260162602e-07,7289,,,,,,,,,
29,,,,,,,,,,7289,0.044053178280591965,,,,,,,,
,,,,,,,,,5.930081300813008e-07,7294,,,,,,,,,
29,,,,,,,,,,7294,0.0429263710975647,,,,,,,,
,,,,,,,,,5.934146341463414e-07,7299,,,,,,,,,
29,,,,,,,,,,7299,0.04708956182003021,,,,,,,,
,,,,,,,,,5.938211382113821e-07,7304,,,,,,,,,
29,,,,,,,,,,7304,0.02699652500450611,,,,,,,,
,,,,,,,,,5.942276422764227e-07,7309,,,,,,,,,
29,,,,,,,,,,7309,0.06465785950422287,,,,,,,,
,,,,,,,,,5.946341463414633e-07,7314,,,,,,,,,
29,,,,,,,,,,7314,0.03593967854976654,,,,,,,,
,,,,,,,,,5.950406504065041e-07,7319,,,,,,,,,
29,,,,,,,,,,7319,0.0575585700571537,,,,,,,,
,,,,,,,,,5.954471544715447e-07,7324,,,,,,,,,
29,,,,,,,,,,7324,0.062239792197942734,,,,,,,,
,,,,,,,,,5.958536585365853e-07,7329,,,,,,,,,
29,,,,,,,,,,7329,0.04245547950267792,,,,,,,,
,,,,,,,,,5.96260162601626e-07,7334,,,,,,,,,
29,,,,,,,,,,7334,0.09518904238939285,,,,,,,,
,,,,,,,,,5.966666666666666e-07,7339,,,,,,,,,
29,,,,,,,,,,7339,0.042034175246953964,,,,,,,,
,,,,,,,,,5.970731707317072e-07,7344,,,,,,,,,
29,,,,,,,,,,7344,0.04189056530594826,,,,,,,,
,,,,,,,,,5.974796747967479e-07,7349,,,,,,,,,
29,,,,,,,,,,7349,0.05656056106090546,,,,,,,,
,,,,,,,,,5.978861788617887e-07,7354,,,,,,,,,
29,,,,,,,,,,7354,0.026934590190649033,,,,,,,,
,,,,,,,,,5.982926829268293e-07,7359,,,,,,,,,
29,,,,,,,,,,7359,0.09156902879476547,,,,,,,,
,,,,,,,,,5.9869918699187e-07,7364,,,,,,,,,
29,,,,,,,,,,7364,0.04204343259334564,,,,,,,,
,,,,,,,,,5.991056910569106e-07,7369,,,,,,,,,
29,,,,,,,,,,7369,0.035715170204639435,,,,,,,,
,,,,,,,,,5.995121951219512e-07,7374,,,,,,,,,
29,,,,,,,,,,7374,0.08363396674394608,,,,,,,,
,,,,,,,,,5.999186991869919e-07,7379,,,,,,,,,
29,,,,,,,,,,7379,0.002371768234297633,,,,,,,,
29,,,,,,,,,,7379,,0.692307710647583,0.8113207817077637,0.0603935569524765,0.0603935569524765,0.2525530755519867,0.7049180269241333,0.9555555582046509,0.21554090082645416
,,,,,,,,,6.003252032520325e-07,7384,,,,,,,,,
30,,,,,,,,,,7384,0.03689344599843025,,,,,,,,
,,,,,,,,,6.007317073170731e-07,7389,,,,,,,,,
30,,,,,,,,,,7389,0.06863193958997726,,,,,,,,
,,,,,,,,,6.011382113821139e-07,7394,,,,,,,,,
30,,,,,,,,,,7394,0.06702049821615219,,,,,,,,
,,,,,,,,,6.015447154471545e-07,7399,,,,,,,,,
30,,,,,,,,,,7399,0.11240605264902115,,,,,,,,
,,,,,,,,,6.019512195121951e-07,7404,,,,,,,,,
30,,,,,,,,,,7404,0.029747774824500084,,,,,,,,
,,,,,,,,,6.023577235772358e-07,7409,,,,,,,,,
30,,,,,,,,,,7409,0.03709276765584946,,,,,,,,
,,,,,,,,,6.027642276422764e-07,7414,,,,,,,,,
30,,,,,,,,,,7414,0.02798639051616192,,,,,,,,
,,,,,,,,,6.03170731707317e-07,7419,,,,,,,,,
30,,,,,,,,,,7419,0.027230611070990562,,,,,,,,
,,,,,,,,,6.035772357723577e-07,7424,,,,,,,,,
30,,,,,,,,,,7424,0.058751095086336136,,,,,,,,
,,,,,,,,,6.039837398373983e-07,7429,,,,,,,,,
30,,,,,,,,,,7429,0.09016934782266617,,,,,,,,
,,,,,,,,,6.04390243902439e-07,7434,,,,,,,,,
30,,,,,,,,,,7434,0.05908653885126114,,,,,,,,
,,,,,,,,,6.047967479674796e-07,7439,,,,,,,,,
30,,,,,,,,,,7439,0.07078146934509277,,,,,,,,
,,,,,,,,,6.052032520325203e-07,7444,,,,,,,,,
30,,,,,,,,,,7444,0.023684170097112656,,,,,,,,
,,,,,,,,,6.056097560975609e-07,7449,,,,,,,,,
30,,,,,,,,,,7449,0.0745968297123909,,,,,,,,
,,,,,,,,,6.060162601626015e-07,7454,,,,,,,,,
30,,,,,,,,,,7454,0.04049035534262657,,,,,,,,
,,,,,,,,,6.064227642276422e-07,7459,,,,,,,,,
30,,,,,,,,,,7459,0.024899836629629135,,,,,,,,
,,,,,,,,,6.068292682926828e-07,7464,,,,,,,,,
30,,,,,,,,,,7464,0.051820460706949234,,,,,,,,
,,,,,,,,,6.072357723577234e-07,7469,,,,,,,,,
30,,,,,,,,,,7469,0.02039952389895916,,,,,,,,
,,,,,,,,,6.076422764227643e-07,7474,,,,,,,,,
30,,,,,,,,,,7474,0.060088515281677246,,,,,,,,
,,,,,,,,,6.080487804878049e-07,7479,,,,,,,,,
30,,,,,,,,,,7479,0.04042040556669235,,,,,,,,
,,,,,,,,,6.084552845528455e-07,7484,,,,,,,,,
30,,,,,,,,,,7484,0.12830497324466705,,,,,,,,
,,,,,,,,,6.088617886178862e-07,7489,,,,,,,,,
30,,,,,,,,,,7489,0.08223303407430649,,,,,,,,
,,,,,,,,,6.092682926829268e-07,7494,,,,,,,,,
30,,,,,,,,,,7494,0.05886368453502655,,,,,,,,
,,,,,,,,,6.096747967479674e-07,7499,,,,,,,,,
30,,,,,,,,,,7499,0.03502154350280762,,,,,,,,
,,,,,,,,,6.100813008130081e-07,7504,,,,,,,,,
30,,,,,,,,,,7504,0.04613915830850601,,,,,,,,
,,,,,,,,,6.104878048780488e-07,7509,,,,,,,,,
30,,,,,,,,,,7509,0.09633328020572662,,,,,,,,
,,,,,,,,,6.108943089430894e-07,7514,,,,,,,,,
30,,,,,,,,,,7514,0.0382474884390831,,,,,,,,
,,,,,,,,,6.113008130081301e-07,7519,,,,,,,,,
30,,,,,,,,,,7519,0.03042902611196041,,,,,,,,
,,,,,,,,,6.117073170731707e-07,7524,,,,,,,,,
30,,,,,,,,,,7524,0.08937288075685501,,,,,,,,
,,,,,,,,,6.121138211382113e-07,7529,,,,,,,,,
30,,,,,,,,,,7529,0.056537918746471405,,,,,,,,
,,,,,,,,,6.12520325203252e-07,7534,,,,,,,,,
30,,,,,,,,,,7534,0.030902018770575523,,,,,,,,
,,,,,,,,,6.129268292682926e-07,7539,,,,,,,,,
30,,,,,,,,,,7539,0.09457635134458542,,,,,,,,
,,,,,,,,,6.133333333333332e-07,7544,,,,,,,,,
30,,,,,,,,,,7544,0.051492709666490555,,,,,,,,
,,,,,,,,,6.13739837398374e-07,7549,,,,,,,,,
30,,,,,,,,,,7549,0.034618135541677475,,,,,,,,
,,,,,,,,,6.141463414634146e-07,7554,,,,,,,,,
30,,,,,,,,,,7554,0.0558159202337265,,,,,,,,
,,,,,,,,,6.145528455284552e-07,7559,,,,,,,,,
30,,,,,,,,,,7559,0.04751323163509369,,,,,,,,
,,,,,,,,,6.149593495934959e-07,7564,,,,,,,,,
30,,,,,,,,,,7564,0.074177585542202,,,,,,,,
,,,,,,,,,6.153658536585365e-07,7569,,,,,,,,,
30,,,,,,,,,,7569,0.07394690811634064,,,,,,,,
,,,,,,,,,6.157723577235771e-07,7574,,,,,,,,,
30,,,,,,,,,,7574,0.08030685782432556,,,,,,,,
,,,,,,,,,6.161788617886178e-07,7579,,,,,,,,,
30,,,,,,,,,,7579,0.07494141161441803,,,,,,,,
,,,,,,,,,6.165853658536585e-07,7584,,,,,,,,,
30,,,,,,,,,,7584,0.02293805219233036,,,,,,,,
,,,,,,,,,6.169918699186992e-07,7589,,,,,,,,,
30,,,,,,,,,,7589,0.050322551280260086,,,,,,,,
,,,,,,,,,6.173983739837399e-07,7594,,,,,,,,,
30,,,,,,,,,,7594,0.09839223325252533,,,,,,,,
,,,,,,,,,6.178048780487805e-07,7599,,,,,,,,,
30,,,,,,,,,,7599,0.0637187659740448,,,,,,,,
,,,,,,,,,6.182113821138211e-07,7604,,,,,,,,,
30,,,,,,,,,,7604,0.06604240089654922,,,,,,,,
,,,,,,,,,6.186178861788618e-07,7609,,,,,,,,,
30,,,,,,,,,,7609,0.05490773916244507,,,,,,,,
,,,,,,,,,6.190243902439024e-07,7614,,,,,,,,,
30,,,,,,,,,,7614,0.0812709704041481,,,,,,,,
,,,,,,,,,6.19430894308943e-07,7619,,,,,,,,,
30,,,,,,,,,,7619,0.032309889793395996,,,,,,,,
,,,,,,,,,6.198373983739838e-07,7624,,,,,,,,,
30,,,,,,,,,,7624,0.04254000261425972,,,,,,,,
30,,,,,,,,,,7625,,0.692307710647583,0.8113207817077637,0.06087160110473633,0.06087160110473633,0.25136345624923706,0.7049180269241333,0.9555555582046509,0.22399288415908813
,,,,,,,,,6.202439024390244e-07,7629,,,,,,,,,
31,,,,,,,,,,7629,0.04366447404026985,,,,,,,,
,,,,,,,,,6.20650406504065e-07,7634,,,,,,,,,
31,,,,,,,,,,7634,0.05161523073911667,,,,,,,,
,,,,,,,,,6.210569105691057e-07,7639,,,,,,,,,
31,,,,,,,,,,7639,0.058294627815485,,,,,,,,
,,,,,,,,,6.214634146341463e-07,7644,,,,,,,,,
31,,,,,,,,,,7644,0.0495588444173336,,,,,,,,
,,,,,,,,,6.218699186991869e-07,7649,,,,,,,,,
31,,,,,,,,,,7649,0.06766041368246078,,,,,,,,
,,,,,,,,,6.222764227642276e-07,7654,,,,,,,,,
31,,,,,,,,,,7654,0.11170236021280289,,,,,,,,
,,,,,,,,,6.226829268292682e-07,7659,,,,,,,,,
31,,,,,,,,,,7659,0.06516212224960327,,,,,,,,
,,,,,,,,,6.230894308943089e-07,7664,,,,,,,,,
31,,,,,,,,,,7664,0.054717425256967545,,,,,,,,
,,,,,,,,,6.234959349593496e-07,7669,,,,,,,,,
31,,,,,,,,,,7669,0.0542614720761776,,,,,,,,
,,,,,,,,,6.239024390243902e-07,7674,,,,,,,,,
31,,,,,,,,,,7674,0.02458341233432293,,,,,,,,
,,,,,,,,,6.243089430894308e-07,7679,,,,,,,,,
31,,,,,,,,,,7679,0.05392221733927727,,,,,,,,
,,,,,,,,,6.247154471544715e-07,7684,,,,,,,,,
31,,,,,,,,,,7684,0.08599680662155151,,,,,,,,
,,,,,,,,,6.251219512195121e-07,7689,,,,,,,,,
31,,,,,,,,,,7689,0.05647694692015648,,,,,,,,
,,,,,,,,,6.255284552845527e-07,7694,,,,,,,,,
31,,,,,,,,,,7694,0.09553937613964081,,,,,,,,
,,,,,,,,,6.259349593495935e-07,7699,,,,,,,,,
31,,,,,,,,,,7699,0.08724795281887054,,,,,,,,
,,,,,,,,,6.263414634146342e-07,7704,,,,,,,,,
31,,,,,,,,,,7704,0.028386924415826797,,,,,,,,
,,,,,,,,,6.267479674796748e-07,7709,,,,,,,,,
31,,,,,,,,,,7709,0.09200826287269592,,,,,,,,
,,,,,,,,,6.271544715447155e-07,7714,,,,,,,,,
31,,,,,,,,,,7714,0.10098578035831451,,,,,,,,
,,,,,,,,,6.275609756097561e-07,7719,,,,,,,,,
31,,,,,,,,,,7719,0.03771999850869179,,,,,,,,
,,,,,,,,,6.279674796747967e-07,7724,,,,,,,,,
31,,,,,,,,,,7724,0.06647676229476929,,,,,,,,
,,,,,,,,,6.283739837398374e-07,7729,,,,,,,,,
31,,,,,,,,,,7729,0.06493490934371948,,,,,,,,
,,,,,,,,,6.28780487804878e-07,7734,,,,,,,,,
31,,,,,,,,,,7734,0.038936764001846313,,,,,,,,
,,,,,,,,,6.291869918699186e-07,7739,,,,,,,,,
31,,,,,,,,,,7739,0.04454214125871658,,,,,,,,
,,,,,,,,,6.295934959349594e-07,7744,,,,,,,,,
31,,,,,,,,,,7744,0.07038526237010956,,,,,,,,
,,,,,,,,,6.3e-07,7749,,,,,,,,,
31,,,,,,,,,,7749,0.014233019202947617,,,,,,,,
,,,,,,,,,6.304065040650406e-07,7754,,,,,,,,,
31,,,,,,,,,,7754,0.04062644764780998,,,,,,,,
,,,,,,,,,6.308130081300813e-07,7759,,,,,,,,,
31,,,,,,,,,,7759,0.0850045457482338,,,,,,,,
,,,,,,,,,6.312195121951219e-07,7764,,,,,,,,,
31,,,,,,,,,,7764,0.040558796375989914,,,,,,,,
,,,,,,,,,6.316260162601625e-07,7769,,,,,,,,,
31,,,,,,,,,,7769,0.06458764523267746,,,,,,,,
,,,,,,,,,6.320325203252032e-07,7774,,,,,,,,,
31,,,,,,,,,,7774,0.04464758560061455,,,,,,,,
,,,,,,,,,6.324390243902439e-07,7779,,,,,,,,,
31,,,,,,,,,,7779,0.043189410120248795,,,,,,,,
,,,,,,,,,6.328455284552845e-07,7784,,,,,,,,,
31,,,,,,,,,,7784,0.05610235035419464,,,,,,,,
,,,,,,,,,6.332520325203252e-07,7789,,,,,,,,,
31,,,,,,,,,,7789,0.02899593487381935,,,,,,,,
,,,,,,,,,6.336585365853658e-07,7794,,,,,,,,,
31,,,,,,,,,,7794,0.04963236302137375,,,,,,,,
,,,,,,,,,6.340650406504064e-07,7799,,,,,,,,,
31,,,,,,,,,,7799,0.040985628962516785,,,,,,,,
,,,,,,,,,6.344715447154472e-07,7804,,,,,,,,,
31,,,,,,,,,,7804,0.07113253325223923,,,,,,,,
,,,,,,,,,6.348780487804878e-07,7809,,,,,,,,,
31,,,,,,,,,,7809,0.0351828932762146,,,,,,,,
,,,,,,,,,6.352845528455284e-07,7814,,,,,,,,,
31,,,,,,,,,,7814,0.04338595271110535,,,,,,,,
,,,,,,,,,6.356910569105692e-07,7819,,,,,,,,,
31,,,,,,,,,,7819,0.061259567737579346,,,,,,,,
,,,,,,,,,6.360975609756098e-07,7824,,,,,,,,,
31,,,,,,,,,,7824,0.040284380316734314,,,,,,,,
,,,,,,,,,6.365040650406504e-07,7829,,,,,,,,,
31,,,,,,,,,,7829,0.1579613983631134,,,,,,,,
,,,,,,,,,6.369105691056911e-07,7834,,,,,,,,,
31,,,,,,,,,,7834,0.06046273931860924,,,,,,,,
,,,,,,,,,6.373170731707317e-07,7839,,,,,,,,,
31,,,,,,,,,,7839,0.09868001192808151,,,,,,,,
,,,,,,,,,6.377235772357723e-07,7844,,,,,,,,,
31,,,,,,,,,,7844,0.0879397764801979,,,,,,,,
,,,,,,,,,6.38130081300813e-07,7849,,,,,,,,,
31,,,,,,,,,,7849,0.048832427710294724,,,,,,,,
,,,,,,,,,6.385365853658536e-07,7854,,,,,,,,,
31,,,,,,,,,,7854,0.03516136482357979,,,,,,,,
,,,,,,,,,6.389430894308943e-07,7859,,,,,,,,,
31,,,,,,,,,,7859,0.04956239089369774,,,,,,,,
,,,,,,,,,6.39349593495935e-07,7864,,,,,,,,,
31,,,,,,,,,,7864,0.05793476477265358,,,,,,,,
,,,,,,,,,6.397560975609756e-07,7869,,,,,,,,,
31,,,,,,,,,,7869,0.12349817901849747,,,,,,,,
31,,,,,,,,,,7871,,0.692307710647583,0.8113207817077637,0.061222001910209656,0.061222001910209656,0.25309550762176514,0.7049180269241333,0.9555555582046509,0.21757659316062927
,,,,,,,,,6.401626016260162e-07,7874,,,,,,,,,
32,,,,,,,,,,7874,0.048837192356586456,,,,,,,,
,,,,,,,,,6.405691056910569e-07,7879,,,,,,,,,
32,,,,,,,,,,7879,0.03419385477900505,,,,,,,,
,,,,,,,,,6.409756097560975e-07,7884,,,,,,,,,
32,,,,,,,,,,7884,0.04689931124448776,,,,,,,,
,,,,,,,,,6.413821138211381e-07,7889,,,,,,,,,
32,,,,,,,,,,7889,0.05681164935231209,,,,,,,,
,,,,,,,,,6.417886178861789e-07,7894,,,,,,,,,
32,,,,,,,,,,7894,0.07248954474925995,,,,,,,,
,,,,,,,,,6.421951219512195e-07,7899,,,,,,,,,
32,,,,,,,,,,7899,0.051892589777708054,,,,,,,,
,,,,,,,,,6.426016260162601e-07,7904,,,,,,,,,
32,,,,,,,,,,7904,0.04198063537478447,,,,,,,,
,,,,,,,,,6.430081300813008e-07,7909,,,,,,,,,
32,,,,,,,,,,7909,0.04448247328400612,,,,,,,,
,,,,,,,,,6.434146341463414e-07,7914,,,,,,,,,
32,,,,,,,,,,7914,0.021238431334495544,,,,,,,,
,,,,,,,,,6.43821138211382e-07,7919,,,,,,,,,
32,,,,,,,,,,7919,0.07314829528331757,,,,,,,,
,,,,,,,,,6.442276422764228e-07,7924,,,,,,,,,
32,,,,,,,,,,7924,0.025942981243133545,,,,,,,,
,,,,,,,,,6.446341463414634e-07,7929,,,,,,,,,
32,,,,,,,,,,7929,0.03891049697995186,,,,,,,,
,,,,,,,,,6.450406504065041e-07,7934,,,,,,,,,
32,,,,,,,,,,7934,0.07026573270559311,,,,,,,,
,,,,,,,,,6.454471544715448e-07,7939,,,,,,,,,
32,,,,,,,,,,7939,0.05680473521351814,,,,,,,,
,,,,,,,,,6.458536585365854e-07,7944,,,,,,,,,
32,,,,,,,,,,7944,0.022313138470053673,,,,,,,,
,,,,,,,,,6.46260162601626e-07,7949,,,,,,,,,
32,,,,,,,,,,7949,0.10737992823123932,,,,,,,,
,,,,,,,,,6.466666666666666e-07,7954,,,,,,,,,
32,,,,,,,,,,7954,0.09269651770591736,,,,,,,,
,,,,,,,,,6.470731707317073e-07,7959,,,,,,,,,
32,,,,,,,,,,7959,0.010404868982732296,,,,,,,,
,,,,,,,,,6.474796747967479e-07,7964,,,,,,,,,
32,,,,,,,,,,7964,0.03275716304779053,,,,,,,,
,,,,,,,,,6.478861788617885e-07,7969,,,,,,,,,
32,,,,,,,,,,7969,0.07943308353424072,,,,,,,,
,,,,,,,,,6.482926829268293e-07,7974,,,,,,,,,
32,,,,,,,,,,7974,0.0879473090171814,,,,,,,,
,,,,,,,,,6.486991869918699e-07,7979,,,,,,,,,
32,,,,,,,,,,7979,0.09473837167024612,,,,,,,,
,,,,,,,,,6.491056910569105e-07,7984,,,,,,,,,
32,,,,,,,,,,7984,0.053234025835990906,,,,,,,,
,,,,,,,,,6.495121951219512e-07,7989,,,,,,,,,
32,,,,,,,,,,7989,0.043085575103759766,,,,,,,,
,,,,,,,,,6.499186991869918e-07,7994,,,,,,,,,
32,,,,,,,,,,7994,0.059639643877744675,,,,,,,,
,,,,,,,,,6.503252032520324e-07,7999,,,,,,,,,
32,,,,,,,,,,7999,0.08290472626686096,,,,,,,,
,,,,,,,,,6.507317073170731e-07,8004,,,,,,,,,
32,,,,,,,,,,8004,0.05185540392994881,,,,,,,,
,,,,,,,,,6.511382113821137e-07,8009,,,,,,,,,
32,,,,,,,,,,8009,0.056374236941337585,,,,,,,,
,,,,,,,,,6.515447154471544e-07,8014,,,,,,,,,
32,,,,,,,,,,8014,0.03055666945874691,,,,,,,,
,,,,,,,,,6.519512195121951e-07,8019,,,,,,,,,
32,,,,,,,,,,8019,0.028451086953282356,,,,,,,,
,,,,,,,,,6.523577235772357e-07,8024,,,,,,,,,
32,,,,,,,,,,8024,0.02927764691412449,,,,,,,,
,,,,,,,,,6.527642276422763e-07,8029,,,,,,,,,
32,,,,,,,,,,8029,0.08836502581834793,,,,,,,,
,,,,,,,,,6.531707317073171e-07,8034,,,,,,,,,
32,,,,,,,,,,8034,0.03187790513038635,,,,,,,,
,,,,,,,,,6.535772357723577e-07,8039,,,,,,,,,
32,,,,,,,,,,8039,0.06346201151609421,,,,,,,,
,,,,,,,,,6.539837398373983e-07,8044,,,,,,,,,
32,,,,,,,,,,8044,0.03469312563538551,,,,,,,,
,,,,,,,,,6.543902439024391e-07,8049,,,,,,,,,
32,,,,,,,,,,8049,0.04969000816345215,,,,,,,,
,,,,,,,,,6.547967479674797e-07,8054,,,,,,,,,
32,,,,,,,,,,8054,0.04032672196626663,,,,,,,,
,,,,,,,,,6.552032520325203e-07,8059,,,,,,,,,
32,,,,,,,,,,8059,0.02703033573925495,,,,,,,,
,,,,,,,,,6.55609756097561e-07,8064,,,,,,,,,
32,,,,,,,,,,8064,0.07416662573814392,,,,,,,,
,,,,,,,,,6.560162601626016e-07,8069,,,,,,,,,
32,,,,,,,,,,8069,0.05479210987687111,,,,,,,,
,,,,,,,,,6.564227642276422e-07,8074,,,,,,,,,
32,,,,,,,,,,8074,0.07071472704410553,,,,,,,,
,,,,,,,,,6.568292682926829e-07,8079,,,,,,,,,
32,,,,,,,,,,8079,0.06122760474681854,,,,,,,,
,,,,,,,,,6.572357723577235e-07,8084,,,,,,,,,
32,,,,,,,,,,8084,0.05006550997495651,,,,,,,,
,,,,,,,,,6.576422764227642e-07,8089,,,,,,,,,
32,,,,,,,,,,8089,0.02511928789317608,,,,,,,,
,,,,,,,,,6.580487804878049e-07,8094,,,,,,,,,
32,,,,,,,,,,8094,0.061087992042303085,,,,,,,,
,,,,,,,,,6.584552845528455e-07,8099,,,,,,,,,
32,,,,,,,,,,8099,0.06200653314590454,,,,,,,,
,,,,,,,,,6.588617886178861e-07,8104,,,,,,,,,
32,,,,,,,,,,8104,0.04080108180642128,,,,,,,,
,,,,,,,,,6.592682926829268e-07,8109,,,,,,,,,
32,,,,,,,,,,8109,0.08612144738435745,,,,,,,,
,,,,,,,,,6.596747967479674e-07,8114,,,,,,,,,
32,,,,,,,,,,8114,0.05856618657708168,,,,,,,,
32,,,,,,,,,,8117,,0.6846153736114502,0.8056871891021729,0.06133519113063812,0.06133519113063812,0.2565508484840393,0.702479362487793,0.9444444179534912,0.2368117868900299
,,,,,,,,,6.60081300813008e-07,8119,,,,,,,,,
33,,,,,,,,,,8119,0.06331764161586761,,,,,,,,
,,,,,,,,,6.604878048780487e-07,8124,,,,,,,,,
33,,,,,,,,,,8124,0.04034871608018875,,,,,,,,
,,,,,,,,,6.608943089430894e-07,8129,,,,,,,,,
33,,,,,,,,,,8129,0.04990033432841301,,,,,,,,
,,,,,,,,,6.6130081300813e-07,8134,,,,,,,,,
33,,,,,,,,,,8134,0.03198052570223808,,,,,,,,
,,,,,,,,,6.617073170731708e-07,8139,,,,,,,,,
33,,,,,,,,,,8139,0.10285110026597977,,,,,,,,
,,,,,,,,,6.621138211382114e-07,8144,,,,,,,,,
33,,,,,,,,,,8144,0.02951302006840706,,,,,,,,
,,,,,,,,,6.62520325203252e-07,8149,,,,,,,,,
33,,,,,,,,,,8149,0.04608262702822685,,,,,,,,
,,,,,,,,,6.629268292682927e-07,8154,,,,,,,,,
33,,,,,,,,,,8154,0.0705501139163971,,,,,,,,
,,,,,,,,,6.633333333333333e-07,8159,,,,,,,,,
33,,,,,,,,,,8159,0.1005127876996994,,,,,,,,
,,,,,,,,,6.637398373983739e-07,8164,,,,,,,,,
33,,,,,,,,,,8164,0.09346012026071548,,,,,,,,
,,,,,,,,,6.641463414634147e-07,8169,,,,,,,,,
33,,,,,,,,,,8169,0.05612922087311745,,,,,,,,
,,,,,,,,,6.645528455284553e-07,8174,,,,,,,,,
33,,,,,,,,,,8174,0.06518329679965973,,,,,,,,
,,,,,,,,,6.649593495934959e-07,8179,,,,,,,,,
33,,,,,,,,,,8179,0.03855748102068901,,,,,,,,
,,,,,,,,,6.653658536585366e-07,8184,,,,,,,,,
33,,,,,,,,,,8184,0.059649981558322906,,,,,,,,
,,,,,,,,,6.657723577235772e-07,8189,,,,,,,,,
33,,,,,,,,,,8189,0.08855799585580826,,,,,,,,
,,,,,,,,,6.661788617886178e-07,8194,,,,,,,,,
33,,,,,,,,,,8194,0.04376879334449768,,,,,,,,
,,,,,,,,,6.665853658536585e-07,8199,,,,,,,,,
33,,,,,,,,,,8199,0.07272292673587799,,,,,,,,
,,,,,,,,,6.669918699186992e-07,8204,,,,,,,,,
33,,,,,,,,,,8204,0.07297366112470627,,,,,,,,
,,,,,,,,,6.673983739837398e-07,8209,,,,,,,,,
33,,,,,,,,,,8209,0.07340104132890701,,,,,,,,
,,,,,,,,,6.678048780487805e-07,8214,,,,,,,,,
33,,,,,,,,,,8214,0.07111329585313797,,,,,,,,
,,,,,,,,,6.682113821138211e-07,8219,,,,,,,,,
33,,,,,,,,,,8219,0.09929642826318741,,,,,,,,
,,,,,,,,,6.686178861788617e-07,8224,,,,,,,,,
33,,,,,,,,,,8224,0.08805767446756363,,,,,,,,
,,,,,,,,,6.690243902439024e-07,8229,,,,,,,,,
33,,,,,,,,,,8229,0.09375918656587601,,,,,,,,
,,,,,,,,,6.69430894308943e-07,8234,,,,,,,,,
33,,,,,,,,,,8234,0.0789976567029953,,,,,,,,
,,,,,,,,,6.698373983739836e-07,8239,,,,,,,,,
33,,,,,,,,,,8239,0.059809908270835876,,,,,,,,
,,,,,,,,,6.702439024390244e-07,8244,,,,,,,,,
33,,,,,,,,,,8244,0.04930190369486809,,,,,,,,
,,,,,,,,,6.70650406504065e-07,8249,,,,,,,,,
33,,,,,,,,,,8249,0.03939034417271614,,,,,,,,
,,,,,,,,,6.710569105691057e-07,8254,,,,,,,,,
33,,,,,,,,,,8254,0.05048970505595207,,,,,,,,
,,,,,,,,,6.714634146341464e-07,8259,,,,,,,,,
33,,,,,,,,,,8259,0.021778522059321404,,,,,,,,
,,,,,,,,,6.71869918699187e-07,8264,,,,,,,,,
33,,,,,,,,,,8264,0.04166223853826523,,,,,,,,
,,,,,,,,,6.722764227642276e-07,8269,,,,,,,,,
33,,,,,,,,,,8269,0.08932329714298248,,,,,,,,
,,,,,,,,,6.726829268292683e-07,8274,,,,,,,,,
33,,,,,,,,,,8274,0.02498304657638073,,,,,,,,
,,,,,,,,,6.730894308943089e-07,8279,,,,,,,,,
33,,,,,,,,,,8279,0.1002262756228447,,,,,,,,
,,,,,,,,,6.734959349593496e-07,8284,,,,,,,,,
33,,,,,,,,,,8284,0.07904956489801407,,,,,,,,
,,,,,,,,,6.739024390243903e-07,8289,,,,,,,,,
33,,,,,,,,,,8289,0.06347835808992386,,,,,,,,
,,,,,,,,,6.743089430894309e-07,8294,,,,,,,,,
33,,,,,,,,,,8294,0.08188933879137039,,,,,,,,
,,,,,,,,,6.747154471544715e-07,8299,,,,,,,,,
33,,,,,,,,,,8299,0.03748645633459091,,,,,,,,
,,,,,,,,,6.751219512195122e-07,8304,,,,,,,,,
33,,,,,,,,,,8304,0.06173400208353996,,,,,,,,
,,,,,,,,,6.755284552845528e-07,8309,,,,,,,,,
33,,,,,,,,,,8309,0.055583976209163666,,,,,,,,
,,,,,,,,,6.759349593495934e-07,8314,,,,,,,,,
33,,,,,,,,,,8314,0.08745112270116806,,,,,,,,
,,,,,,,,,6.763414634146341e-07,8319,,,,,,,,,
33,,,,,,,,,,8319,0.05699823424220085,,,,,,,,
,,,,,,,,,6.767479674796748e-07,8324,,,,,,,,,
33,,,,,,,,,,8324,0.04957365617156029,,,,,,,,
,,,,,,,,,6.771544715447154e-07,8329,,,,,,,,,
33,,,,,,,,,,8329,0.04764946177601814,,,,,,,,
,,,,,,,,,6.775609756097561e-07,8334,,,,,,,,,
33,,,,,,,,,,8334,0.04543154314160347,,,,,,,,
,,,,,,,,,6.779674796747967e-07,8339,,,,,,,,,
33,,,,,,,,,,8339,0.06713385134935379,,,,,,,,
,,,,,,,,,6.783739837398373e-07,8344,,,,,,,,,
33,,,,,,,,,,8344,0.08311235159635544,,,,,,,,
,,,,,,,,,6.78780487804878e-07,8349,,,,,,,,,
33,,,,,,,,,,8349,0.07456506043672562,,,,,,,,
,,,,,,,,,6.791869918699186e-07,8354,,,,,,,,,
33,,,,,,,,,,8354,0.03188662230968475,,,,,,,,
,,,,,,,,,6.795934959349592e-07,8359,,,,,,,,,
33,,,,,,,,,,8359,0.07649284601211548,,,,,,,,
33,,,,,,,,,,8363,,0.699999988079071,0.807881772518158,0.06028541922569275,0.06028541922569275,0.2618269920349121,0.7256637215614319,0.9111111164093018,0.255527138710022
,,,,,,,,,6.800000000000001e-07,8364,,,,,,,,,
34,,,,,,,,,,8364,0.050810426473617554,,,,,,,,
,,,,,,,,,6.804065040650407e-07,8369,,,,,,,,,
34,,,,,,,,,,8369,0.07110914587974548,,,,,,,,
,,,,,,,,,6.808130081300813e-07,8374,,,,,,,,,
34,,,,,,,,,,8374,0.0617784783244133,,,,,,,,
,,,,,,,,,6.81219512195122e-07,8379,,,,,,,,,
34,,,,,,,,,,8379,0.11644357442855835,,,,,,,,
,,,,,,,,,6.816260162601626e-07,8384,,,,,,,,,
34,,,,,,,,,,8384,0.08287473022937775,,,,,,,,
,,,,,,,,,6.820325203252032e-07,8389,,,,,,,,,
34,,,,,,,,,,8389,0.07638818025588989,,,,,,,,
,,,,,,,,,6.824390243902439e-07,8394,,,,,,,,,
34,,,,,,,,,,8394,0.032815754413604736,,,,,,,,
,,,,,,,,,6.828455284552846e-07,8399,,,,,,,,,
34,,,,,,,,,,8399,0.05577138811349869,,,,,,,,
,,,,,,,,,6.832520325203252e-07,8404,,,,,,,,,
34,,,,,,,,,,8404,0.05613269284367561,,,,,,,,
,,,,,,,,,6.836585365853659e-07,8409,,,,,,,,,
34,,,,,,,,,,8409,0.11886052042245865,,,,,,,,
,,,,,,,,,6.840650406504065e-07,8414,,,,,,,,,
34,,,,,,,,,,8414,0.07031349092721939,,,,,,,,
,,,,,,,,,6.844715447154471e-07,8419,,,,,,,,,
34,,,,,,,,,,8419,0.05912700295448303,,,,,,,,
,,,,,,,,,6.848780487804878e-07,8424,,,,,,,,,
34,,,,,,,,,,8424,0.0373186431825161,,,,,,,,
,,,,,,,,,6.852845528455284e-07,8429,,,,,,,,,
34,,,,,,,,,,8429,0.03401292860507965,,,,,,,,
,,,,,,,,,6.85691056910569e-07,8434,,,,,,,,,
34,,,,,,,,,,8434,0.059149596840143204,,,,,,,,
,,,,,,,,,6.860975609756098e-07,8439,,,,,,,,,
34,,,,,,,,,,8439,0.02477496676146984,,,,,,,,
,,,,,,,,,6.865040650406504e-07,8444,,,,,,,,,
34,,,,,,,,,,8444,0.07282809168100357,,,,,,,,
,,,,,,,,,6.86910569105691e-07,8449,,,,,,,,,
34,,,,,,,,,,8449,0.04961591586470604,,,,,,,,
,,,,,,,,,6.873170731707317e-07,8454,,,,,,,,,
34,,,,,,,,,,8454,0.0772954672574997,,,,,,,,
,,,,,,,,,6.877235772357723e-07,8459,,,,,,,,,
34,,,,,,,,,,8459,0.022514555603265762,,,,,,,,
,,,,,,,,,6.881300813008129e-07,8464,,,,,,,,,
34,,,,,,,,,,8464,0.028400348499417305,,,,,,,,
,,,,,,,,,6.885365853658535e-07,8469,,,,,,,,,
34,,,,,,,,,,8469,0.09454983472824097,,,,,,,,
,,,,,,,,,6.889430894308942e-07,8474,,,,,,,,,
34,,,,,,,,,,8474,0.04309535026550293,,,,,,,,
,,,,,,,,,6.89349593495935e-07,8479,,,,,,,,,
34,,,,,,,,,,8479,0.04668428748846054,,,,,,,,
,,,,,,,,,6.897560975609756e-07,8484,,,,,,,,,
34,,,,,,,,,,8484,0.04606348276138306,,,,,,,,
,,,,,,,,,6.901626016260163e-07,8489,,,,,,,,,
34,,,,,,,,,,8489,0.08245167136192322,,,,,,,,
,,,,,,,,,6.905691056910569e-07,8494,,,,,,,,,
34,,,,,,,,,,8494,0.10213097929954529,,,,,,,,
,,,,,,,,,6.909756097560975e-07,8499,,,,,,,,,
34,,,,,,,,,,8499,0.07476138323545456,,,,,,,,
,,,,,,,,,6.913821138211382e-07,8504,,,,,,,,,
34,,,,,,,,,,8504,0.030401214957237244,,,,,,,,
,,,,,,,,,6.917886178861788e-07,8509,,,,,,,,,
34,,,,,,,,,,8509,0.030806487426161766,,,,,,,,
,,,,,,,,,6.921951219512194e-07,8514,,,,,,,,,
34,,,,,,,,,,8514,0.05923638492822647,,,,,,,,
,,,,,,,,,6.926016260162602e-07,8519,,,,,,,,,
34,,,,,,,,,,8519,0.020483138039708138,,,,,,,,
,,,,,,,,,6.930081300813008e-07,8524,,,,,,,,,
34,,,,,,,,,,8524,0.04741599038243294,,,,,,,,
,,,,,,,,,6.934146341463414e-07,8529,,,,,,,,,
34,,,,,,,,,,8529,0.07449806481599808,,,,,,,,
,,,,,,,,,6.938211382113821e-07,8534,,,,,,,,,
34,,,,,,,,,,8534,0.022377990186214447,,,,,,,,
,,,,,,,,,6.942276422764227e-07,8539,,,,,,,,,
34,,,,,,,,,,8539,0.04432285577058792,,,,,,,,
,,,,,,,,,6.946341463414633e-07,8544,,,,,,,,,
34,,,,,,,,,,8544,0.06228134036064148,,,,,,,,
,,,,,,,,,6.95040650406504e-07,8549,,,,,,,,,
34,,,,,,,,,,8549,0.055411193519830704,,,,,,,,
,,,,,,,,,6.954471544715447e-07,8554,,,,,,,,,
34,,,,,,,,,,8554,0.034656938165426254,,,,,,,,
,,,,,,,,,6.958536585365853e-07,8559,,,,,,,,,
34,,,,,,,,,,8559,0.03397462144494057,,,,,,,,
,,,,,,,,,6.96260162601626e-07,8564,,,,,,,,,
34,,,,,,,,,,8564,0.06995607912540436,,,,,,,,
,,,,,,,,,6.966666666666666e-07,8569,,,,,,,,,
34,,,,,,,,,,8569,0.05537542700767517,,,,,,,,
,,,,,,,,,6.970731707317072e-07,8574,,,,,,,,,
34,,,,,,,,,,8574,0.027285976335406303,,,,,,,,
,,,,,,,,,6.974796747967479e-07,8579,,,,,,,,,
34,,,,,,,,,,8579,0.04532138258218765,,,,,,,,
,,,,,,,,,6.978861788617885e-07,8584,,,,,,,,,
34,,,,,,,,,,8584,0.05723704397678375,,,,,,,,
,,,,,,,,,6.982926829268291e-07,8589,,,,,,,,,
34,,,,,,,,,,8589,0.06136443093419075,,,,,,,,
,,,,,,,,,6.9869918699187e-07,8594,,,,,,,,,
34,,,,,,,,,,8594,0.061501700431108475,,,,,,,,
,,,,,,,,,6.991056910569106e-07,8599,,,,,,,,,
34,,,,,,,,,,8599,0.0331583097577095,,,,,,,,
,,,,,,,,,6.995121951219512e-07,8604,,,,,,,,,
34,,,,,,,,,,8604,0.05418633297085762,,,,,,,,
,,,,,,,,,6.999186991869919e-07,8609,,,,,,,,,
34,,,,,,,,,,8609,0.0012114254059270024,,,,,,,,
34,,,,,,,,,,8609,,0.6846153736114502,0.800000011920929,0.06147348880767822,0.06147348880767822,0.2486223578453064,0.7130434513092041,0.9111111164093018,0.24508045613765717
,,,,,,,,,7.003252032520325e-07,8614,,,,,,,,,
35,,,,,,,,,,8614,0.05065049231052399,,,,,,,,
,,,,,,,,,7.007317073170731e-07,8619,,,,,,,,,
35,,,,,,,,,,8619,0.06697668135166168,,,,,,,,
,,,,,,,,,7.011382113821138e-07,8624,,,,,,,,,
35,,,,,,,,,,8624,0.048100318759679794,,,,,,,,
,,,,,,,,,7.015447154471544e-07,8629,,,,,,,,,
35,,,,,,,,,,8629,0.05208998918533325,,,,,,,,
,,,,,,,,,7.019512195121951e-07,8634,,,,,,,,,
35,,,,,,,,,,8634,0.06283366680145264,,,,,,,,
,,,,,,,,,7.023577235772358e-07,8639,,,,,,,,,
35,,,,,,,,,,8639,0.07618991285562515,,,,,,,,
,,,,,,,,,7.027642276422764e-07,8644,,,,,,,,,
35,,,,,,,,,,8644,0.018262239173054695,,,,,,,,
,,,,,,,,,7.03170731707317e-07,8649,,,,,,,,,
35,,,,,,,,,,8649,0.08574563264846802,,,,,,,,
,,,,,,,,,7.035772357723577e-07,8654,,,,,,,,,
35,,,,,,,,,,8654,0.07371409237384796,,,,,,,,
,,,,,,,,,7.039837398373983e-07,8659,,,,,,,,,
35,,,,,,,,,,8659,0.06818531453609467,,,,,,,,
,,,,,,,,,7.043902439024389e-07,8664,,,,,,,,,
35,,,,,,,,,,8664,0.100323386490345,,,,,,,,
,,,,,,,,,7.047967479674797e-07,8669,,,,,,,,,
35,,,,,,,,,,8669,0.07725311070680618,,,,,,,,
,,,,,,,,,7.052032520325203e-07,8674,,,,,,,,,
35,,,,,,,,,,8674,0.061788409948349,,,,,,,,
,,,,,,,,,7.056097560975609e-07,8679,,,,,,,,,
35,,,,,,,,,,8679,0.02023986354470253,,,,,,,,
,,,,,,,,,7.060162601626016e-07,8684,,,,,,,,,
35,,,,,,,,,,8684,0.03874392807483673,,,,,,,,
,,,,,,,,,7.064227642276422e-07,8689,,,,,,,,,
35,,,,,,,,,,8689,0.07205841690301895,,,,,,,,
,,,,,,,,,7.068292682926828e-07,8694,,,,,,,,,
35,,,,,,,,,,8694,0.029406564310193062,,,,,,,,
,,,,,,,,,7.072357723577235e-07,8699,,,,,,,,,
35,,,,,,,,,,8699,0.045479051768779755,,,,,,,,
,,,,,,,,,7.076422764227641e-07,8704,,,,,,,,,
35,,,,,,,,,,8704,0.047459326684474945,,,,,,,,
,,,,,,,,,7.080487804878049e-07,8709,,,,,,,,,
35,,,,,,,,,,8709,0.09074839949607849,,,,,,,,
,,,,,,,,,7.084552845528456e-07,8714,,,,,,,,,
35,,,,,,,,,,8714,0.036898910999298096,,,,,,,,
,,,,,,,,,7.088617886178862e-07,8719,,,,,,,,,
35,,,,,,,,,,8719,0.05698402598500252,,,,,,,,
,,,,,,,,,7.092682926829268e-07,8724,,,,,,,,,
35,,,,,,,,,,8724,0.03577356040477753,,,,,,,,
,,,,,,,,,7.096747967479675e-07,8729,,,,,,,,,
35,,,,,,,,,,8729,0.05868341028690338,,,,,,,,
,,,,,,,,,7.100813008130081e-07,8734,,,,,,,,,
35,,,,,,,,,,8734,0.09263888001441956,,,,,,,,
,,,,,,,,,7.104878048780487e-07,8739,,,,,,,,,
35,,,,,,,,,,8739,0.041963815689086914,,,,,,,,
,,,,,,,,,7.108943089430894e-07,8744,,,,,,,,,
35,,,,,,,,,,8744,0.03428512439131737,,,,,,,,
,,,,,,,,,7.113008130081301e-07,8749,,,,,,,,,
35,,,,,,,,,,8749,0.07042756676673889,,,,,,,,
,,,,,,,,,7.117073170731707e-07,8754,,,,,,,,,
35,,,,,,,,,,8754,0.042417921125888824,,,,,,,,
,,,,,,,,,7.121138211382114e-07,8759,,,,,,,,,
35,,,,,,,,,,8759,0.04296960309147835,,,,,,,,
,,,,,,,,,7.12520325203252e-07,8764,,,,,,,,,
35,,,,,,,,,,8764,0.052418943494558334,,,,,,,,
,,,,,,,,,7.129268292682926e-07,8769,,,,,,,,,
35,,,,,,,,,,8769,0.03893435746431351,,,,,,,,
,,,,,,,,,7.133333333333333e-07,8774,,,,,,,,,
35,,,,,,,,,,8774,0.04435272514820099,,,,,,,,
,,,,,,,,,7.137398373983739e-07,8779,,,,,,,,,
35,,,,,,,,,,8779,0.06639670580625534,,,,,,,,
,,,,,,,,,7.141463414634145e-07,8784,,,,,,,,,
35,,,,,,,,,,8784,0.08729646354913712,,,,,,,,
,,,,,,,,,7.145528455284553e-07,8789,,,,,,,,,
35,,,,,,,,,,8789,0.03936511278152466,,,,,,,,
,,,,,,,,,7.149593495934959e-07,8794,,,,,,,,,
35,,,,,,,,,,8794,0.05013752356171608,,,,,,,,
,,,,,,,,,7.153658536585365e-07,8799,,,,,,,,,
35,,,,,,,,,,8799,0.04391254112124443,,,,,,,,
,,,,,,,,,7.157723577235772e-07,8804,,,,,,,,,
35,,,,,,,,,,8804,0.07109452039003372,,,,,,,,
,,,,,,,,,7.161788617886178e-07,8809,,,,,,,,,
35,,,,,,,,,,8809,0.01748034544289112,,,,,,,,
,,,,,,,,,7.165853658536584e-07,8814,,,,,,,,,
35,,,,,,,,,,8814,0.023480189964175224,,,,,,,,
,,,,,,,,,7.169918699186992e-07,8819,,,,,,,,,
35,,,,,,,,,,8819,0.06786781549453735,,,,,,,,
,,,,,,,,,7.173983739837399e-07,8824,,,,,,,,,
35,,,,,,,,,,8824,0.02723470889031887,,,,,,,,
,,,,,,,,,7.178048780487805e-07,8829,,,,,,,,,
35,,,,,,,,,,8829,0.06132027506828308,,,,,,,,
,,,,,,,,,7.182113821138212e-07,8834,,,,,,,,,
35,,,,,,,,,,8834,0.0829671174287796,,,,,,,,
,,,,,,,,,7.186178861788618e-07,8839,,,,,,,,,
35,,,,,,,,,,8839,0.048383161425590515,,,,,,,,
,,,,,,,,,7.190243902439024e-07,8844,,,,,,,,,
35,,,,,,,,,,8844,0.045682940632104874,,,,,,,,
,,,,,,,,,7.194308943089431e-07,8849,,,,,,,,,
35,,,,,,,,,,8849,0.0472453236579895,,,,,,,,
,,,,,,,,,7.198373983739837e-07,8854,,,,,,,,,
35,,,,,,,,,,8854,0.029942257329821587,,,,,,,,
35,,,,,,,,,,8855,,0.692307710647583,0.800000011920929,0.060691557824611664,0.060691557824611664,0.26172560453414917,0.7272727489471436,0.8888888955116272,0.24247564375400543
,,,,,,,,,7.202439024390243e-07,8859,,,,,,,,,
36,,,,,,,,,,8859,0.03923233225941658,,,,,,,,
,,,,,,,,,7.206504065040651e-07,8864,,,,,,,,,
36,,,,,,,,,,8864,0.06996384263038635,,,,,,,,
,,,,,,,,,7.210569105691057e-07,8869,,,,,,,,,
36,,,,,,,,,,8869,0.02683163248002529,,,,,,,,
,,,,,,,,,7.214634146341463e-07,8874,,,,,,,,,
36,,,,,,,,,,8874,0.055009905248880386,,,,,,,,
,,,,,,,,,7.21869918699187e-07,8879,,,,,,,,,
36,,,,,,,,,,8879,0.0489405021071434,,,,,,,,
,,,,,,,,,7.222764227642276e-07,8884,,,,,,,,,
36,,,,,,,,,,8884,0.04396173730492592,,,,,,,,
,,,,,,,,,7.226829268292682e-07,8889,,,,,,,,,
36,,,,,,,,,,8889,0.04300646856427193,,,,,,,,
,,,,,,,,,7.230894308943089e-07,8894,,,,,,,,,
36,,,,,,,,,,8894,0.02373678609728813,,,,,,,,
,,,,,,,,,7.234959349593495e-07,8899,,,,,,,,,
36,,,,,,,,,,8899,0.03524067625403404,,,,,,,,
,,,,,,,,,7.239024390243902e-07,8904,,,,,,,,,
36,,,,,,,,,,8904,0.06044252961874008,,,,,,,,
,,,,,,,,,7.243089430894309e-07,8909,,,,,,,,,
36,,,,,,,,,,8909,0.07961031794548035,,,,,,,,
,,,,,,,,,7.247154471544715e-07,8914,,,,,,,,,
36,,,,,,,,,,8914,0.0365929938852787,,,,,,,,
,,,,,,,,,7.251219512195121e-07,8919,,,,,,,,,
36,,,,,,,,,,8919,0.036887411028146744,,,,,,,,
,,,,,,,,,7.255284552845529e-07,8924,,,,,,,,,
36,,,,,,,,,,8924,0.0673089474439621,,,,,,,,
,,,,,,,,,7.259349593495935e-07,8929,,,,,,,,,
36,,,,,,,,,,8929,0.062238454818725586,,,,,,,,
,,,,,,,,,7.263414634146341e-07,8934,,,,,,,,,
36,,,,,,,,,,8934,0.05093541741371155,,,,,,,,
,,,,,,,,,7.267479674796749e-07,8939,,,,,,,,,
36,,,,,,,,,,8939,0.07419441640377045,,,,,,,,
,,,,,,,,,7.271544715447155e-07,8944,,,,,,,,,
36,,,,,,,,,,8944,0.0720801129937172,,,,,,,,
,,,,,,,,,7.275609756097561e-07,8949,,,,,,,,,
36,,,,,,,,,,8949,0.04739110544323921,,,,,,,,
,,,,,,,,,7.279674796747968e-07,8954,,,,,,,,,
36,,,,,,,,,,8954,0.07116365432739258,,,,,,,,
,,,,,,,,,7.283739837398374e-07,8959,,,,,,,,,
36,,,,,,,,,,8959,0.04464532807469368,,,,,,,,
,,,,,,,,,7.28780487804878e-07,8964,,,,,,,,,
36,,,,,,,,,,8964,0.06578391045331955,,,,,,,,
,,,,,,,,,7.291869918699186e-07,8969,,,,,,,,,
36,,,,,,,,,,8969,0.09248103201389313,,,,,,,,
,,,,,,,,,7.295934959349593e-07,8974,,,,,,,,,
36,,,,,,,,,,8974,0.04904458671808243,,,,,,,,
,,,,,,,,,7.3e-07,8979,,,,,,,,,
36,,,,,,,,,,8979,0.03420919179916382,,,,,,,,
,,,,,,,,,7.304065040650406e-07,8984,,,,,,,,,
36,,,,,,,,,,8984,0.012982944957911968,,,,,,,,
,,,,,,,,,7.308130081300813e-07,8989,,,,,,,,,
36,,,,,,,,,,8989,0.07175558060407639,,,,,,,,
,,,,,,,,,7.312195121951219e-07,8994,,,,,,,,,
36,,,,,,,,,,8994,0.03944725915789604,,,,,,,,
,,,,,,,,,7.316260162601625e-07,8999,,,,,,,,,
36,,,,,,,,,,8999,0.04755052179098129,,,,,,,,
,,,,,,,,,7.320325203252032e-07,9004,,,,,,,,,
36,,,,,,,,,,9004,0.03148548677563667,,,,,,,,
,,,,,,,,,7.324390243902438e-07,9009,,,,,,,,,
36,,,,,,,,,,9009,0.04581563174724579,,,,,,,,
,,,,,,,,,7.328455284552844e-07,9014,,,,,,,,,
36,,,,,,,,,,9014,0.03898564726114273,,,,,,,,
,,,,,,,,,7.332520325203252e-07,9019,,,,,,,,,
36,,,,,,,,,,9019,0.09471342712640762,,,,,,,,
,,,,,,,,,7.336585365853658e-07,9024,,,,,,,,,
36,,,,,,,,,,9024,0.08959580212831497,,,,,,,,
,,,,,,,,,7.340650406504064e-07,9029,,,,,,,,,
36,,,,,,,,,,9029,0.027355467900633812,,,,,,,,
,,,,,,,,,7.344715447154471e-07,9034,,,,,,,,,
36,,,,,,,,,,9034,0.056183017790317535,,,,,,,,
,,,,,,,,,7.348780487804877e-07,9039,,,,,,,,,
36,,,,,,,,,,9039,0.055374979972839355,,,,,,,,
,,,,,,,,,7.352845528455284e-07,9044,,,,,,,,,
36,,,,,,,,,,9044,0.023734362795948982,,,,,,,,
,,,,,,,,,7.356910569105691e-07,9049,,,,,,,,,
36,,,,,,,,,,9049,0.07344705611467361,,,,,,,,
,,,,,,,,,7.360975609756097e-07,9054,,,,,,,,,
36,,,,,,,,,,9054,0.06226768717169762,,,,,,,,
,,,,,,,,,7.365040650406504e-07,9059,,,,,,,,,
36,,,,,,,,,,9059,0.06877632439136505,,,,,,,,
,,,,,,,,,7.369105691056911e-07,9064,,,,,,,,,
36,,,,,,,,,,9064,0.08687175065279007,,,,,,,,
,,,,,,,,,7.373170731707317e-07,9069,,,,,,,,,
36,,,,,,,,,,9069,0.029700307175517082,,,,,,,,
,,,,,,,,,7.377235772357723e-07,9074,,,,,,,,,
36,,,,,,,,,,9074,0.039713699370622635,,,,,,,,
,,,,,,,,,7.38130081300813e-07,9079,,,,,,,,,
36,,,,,,,,,,9079,0.06369221210479736,,,,,,,,
,,,,,,,,,7.385365853658536e-07,9084,,,,,,,,,
36,,,,,,,,,,9084,0.028447864577174187,,,,,,,,
,,,,,,,,,7.389430894308942e-07,9089,,,,,,,,,
36,,,,,,,,,,9089,0.05560799315571785,,,,,,,,
,,,,,,,,,7.39349593495935e-07,9094,,,,,,,,,
36,,,,,,,,,,9094,0.04134470596909523,,,,,,,,
,,,,,,,,,7.397560975609756e-07,9099,,,,,,,,,
36,,,,,,,,,,9099,0.07103409618139267,,,,,,,,
36,,,,,,,,,,9101,,0.6846153736114502,0.7939698696136475,0.060851141810417175,0.060851141810417175,0.25802651047706604,0.7247706651687622,0.8777777552604675,0.2196478694677353
,,,,,,,,,7.401626016260162e-07,9104,,,,,,,,,
37,,,,,,,,,,9104,0.061139583587646484,,,,,,,,
,,,,,,,,,7.405691056910569e-07,9109,,,,,,,,,
37,,,,,,,,,,9109,0.059270285069942474,,,,,,,,
,,,,,,,,,7.409756097560975e-07,9114,,,,,,,,,
37,,,,,,,,,,9114,0.05595267564058304,,,,,,,,
,,,,,,,,,7.413821138211381e-07,9119,,,,,,,,,
37,,,,,,,,,,9119,0.08672434091567993,,,,,,,,
,,,,,,,,,7.417886178861788e-07,9124,,,,,,,,,
37,,,,,,,,,,9124,0.07359179109334946,,,,,,,,
,,,,,,,,,7.421951219512194e-07,9129,,,,,,,,,
37,,,,,,,,,,9129,0.06151409447193146,,,,,,,,
,,,,,,,,,7.426016260162601e-07,9134,,,,,,,,,
37,,,,,,,,,,9134,0.06610651314258575,,,,,,,,
,,,,,,,,,7.430081300813008e-07,9139,,,,,,,,,
37,,,,,,,,,,9139,0.0814749225974083,,,,,,,,
,,,,,,,,,7.434146341463414e-07,9144,,,,,,,,,
37,,,,,,,,,,9144,0.04991745576262474,,,,,,,,
,,,,,,,,,7.43821138211382e-07,9149,,,,,,,,,
37,,,,,,,,,,9149,0.04303097352385521,,,,,,,,
,,,,,,,,,7.442276422764228e-07,9154,,,,,,,,,
37,,,,,,,,,,9154,0.07860048860311508,,,,,,,,
,,,,,,,,,7.446341463414634e-07,9159,,,,,,,,,
37,,,,,,,,,,9159,0.01654570735991001,,,,,,,,
,,,,,,,,,7.45040650406504e-07,9164,,,,,,,,,
37,,,,,,,,,,9164,0.04374254494905472,,,,,,,,
,,,,,,,,,7.454471544715447e-07,9169,,,,,,,,,
37,,,,,,,,,,9169,0.02117985486984253,,,,,,,,
,,,,,,,,,7.458536585365854e-07,9174,,,,,,,,,
37,,,,,,,,,,9174,0.04395803064107895,,,,,,,,
,,,,,,,,,7.46260162601626e-07,9179,,,,,,,,,
37,,,,,,,,,,9179,0.1022484228014946,,,,,,,,
,,,,,,,,,7.466666666666667e-07,9184,,,,,,,,,
37,,,,,,,,,,9184,0.05944373086094856,,,,,,,,
,,,,,,,,,7.470731707317073e-07,9189,,,,,,,,,
37,,,,,,,,,,9189,0.058327510952949524,,,,,,,,
,,,,,,,,,7.474796747967479e-07,9194,,,,,,,,,
37,,,,,,,,,,9194,0.05191495642066002,,,,,,,,
,,,,,,,,,7.478861788617886e-07,9199,,,,,,,,,
37,,,,,,,,,,9199,0.05578310787677765,,,,,,,,
,,,,,,,,,7.482926829268292e-07,9204,,,,,,,,,
37,,,,,,,,,,9204,0.037574540823698044,,,,,,,,
,,,,,,,,,7.486991869918698e-07,9209,,,,,,,,,
37,,,,,,,,,,9209,0.0704624205827713,,,,,,,,
,,,,,,,,,7.491056910569106e-07,9214,,,,,,,,,
37,,,,,,,,,,9214,0.03360491245985031,,,,,,,,
,,,,,,,,,7.495121951219512e-07,9219,,,,,,,,,
37,,,,,,,,,,9219,0.09210941195487976,,,,,,,,
,,,,,,,,,7.499186991869918e-07,9224,,,,,,,,,
37,,,,,,,,,,9224,0.05900999903678894,,,,,,,,
,,,,,,,,,7.503252032520325e-07,9229,,,,,,,,,
37,,,,,,,,,,9229,0.048548076301813126,,,,,,,,
,,,,,,,,,7.507317073170731e-07,9234,,,,,,,,,
37,,,,,,,,,,9234,0.025786828249692917,,,,,,,,
,,,,,,,,,7.511382113821137e-07,9239,,,,,,,,,
37,,,,,,,,,,9239,0.06244497373700142,,,,,,,,
,,,,,,,,,7.515447154471544e-07,9244,,,,,,,,,
37,,,,,,,,,,9244,0.026041323319077492,,,,,,,,
,,,,,,,,,7.519512195121951e-07,9249,,,,,,,,,
37,,,,,,,,,,9249,0.06139351800084114,,,,,,,,
,,,,,,,,,7.523577235772357e-07,9254,,,,,,,,,
37,,,,,,,,,,9254,0.03979699686169624,,,,,,,,
,,,,,,,,,7.527642276422764e-07,9259,,,,,,,,,
37,,,,,,,,,,9259,0.06616155803203583,,,,,,,,
,,,,,,,,,7.53170731707317e-07,9264,,,,,,,,,
37,,,,,,,,,,9264,0.0692671462893486,,,,,,,,
,,,,,,,,,7.535772357723577e-07,9269,,,,,,,,,
37,,,,,,,,,,9269,0.029662566259503365,,,,,,,,
,,,,,,,,,7.539837398373984e-07,9274,,,,,,,,,
37,,,,,,,,,,9274,0.06051983684301376,,,,,,,,
,,,,,,,,,7.54390243902439e-07,9279,,,,,,,,,
37,,,,,,,,,,9279,0.038520436733961105,,,,,,,,
,,,,,,,,,7.547967479674796e-07,9284,,,,,,,,,
37,,,,,,,,,,9284,0.04180506616830826,,,,,,,,
,,,,,,,,,7.552032520325204e-07,9289,,,,,,,,,
37,,,,,,,,,,9289,0.07339533418416977,,,,,,,,
,,,,,,,,,7.55609756097561e-07,9294,,,,,,,,,
37,,,,,,,,,,9294,0.06026557832956314,,,,,,,,
,,,,,,,,,7.560162601626016e-07,9299,,,,,,,,,
37,,,,,,,,,,9299,0.006258517969399691,,,,,,,,
,,,,,,,,,7.564227642276423e-07,9304,,,,,,,,,
37,,,,,,,,,,9304,0.004002583213150501,,,,,,,,
,,,,,,,,,7.568292682926829e-07,9309,,,,,,,,,
37,,,,,,,,,,9309,0.03600343316793442,,,,,,,,
,,,,,,,,,7.572357723577235e-07,9314,,,,,,,,,
37,,,,,,,,,,9314,0.03413037210702896,,,,,,,,
,,,,,,,,,7.576422764227642e-07,9319,,,,,,,,,
37,,,,,,,,,,9319,0.03885158896446228,,,,,,,,
,,,,,,,,,7.580487804878048e-07,9324,,,,,,,,,
37,,,,,,,,,,9324,0.032886285334825516,,,,,,,,
,,,,,,,,,7.584552845528455e-07,9329,,,,,,,,,
37,,,,,,,,,,9329,0.05397193878889084,,,,,,,,
,,,,,,,,,7.588617886178862e-07,9334,,,,,,,,,
37,,,,,,,,,,9334,0.03677281737327576,,,,,,,,
,,,,,,,,,7.592682926829268e-07,9339,,,,,,,,,
37,,,,,,,,,,9339,0.049772147089242935,,,,,,,,
,,,,,,,,,7.596747967479674e-07,9344,,,,,,,,,
37,,,,,,,,,,9344,0.04080456495285034,,,,,,,,
37,,,,,,,,,,9347,,0.6692307591438293,0.7724867463111877,0.060839712619781494,0.060839712619781494,0.25052446126937866,0.7373737096786499,0.8111110925674438,0.22479183971881866
,,,,,,,,,7.600813008130081e-07,9349,,,,,,,,,
38,,,,,,,,,,9349,0.02106083557009697,,,,,,,,
,,,,,,,,,7.604878048780487e-07,9354,,,,,,,,,
38,,,,,,,,,,9354,0.028097542002797127,,,,,,,,
,,,,,,,,,7.608943089430893e-07,9359,,,,,,,,,
38,,,,,,,,,,9359,0.05091654509305954,,,,,,,,
,,,,,,,,,7.613008130081301e-07,9364,,,,,,,,,
38,,,,,,,,,,9364,0.0649750754237175,,,,,,,,
,,,,,,,,,7.617073170731707e-07,9369,,,,,,,,,
38,,,,,,,,,,9369,0.011631878092885017,,,,,,,,
,,,,,,,,,7.621138211382113e-07,9374,,,,,,,,,
38,,,,,,,,,,9374,0.03125268593430519,,,,,,,,
,,,,,,,,,7.625203252032521e-07,9379,,,,,,,,,
38,,,,,,,,,,9379,0.03206019103527069,,,,,,,,
,,,,,,,,,7.629268292682927e-07,9384,,,,,,,,,
38,,,,,,,,,,9384,0.05401865765452385,,,,,,,,
,,,,,,,,,7.633333333333333e-07,9389,,,,,,,,,
38,,,,,,,,,,9389,0.03202642500400543,,,,,,,,
,,,,,,,,,7.63739837398374e-07,9394,,,,,,,,,
38,,,,,,,,,,9394,0.03470931947231293,,,,,,,,
,,,,,,,,,7.641463414634146e-07,9399,,,,,,,,,
38,,,,,,,,,,9399,0.03465088829398155,,,,,,,,
,,,,,,,,,7.645528455284553e-07,9404,,,,,,,,,
38,,,,,,,,,,9404,0.04500776156783104,,,,,,,,
,,,,,,,,,7.64959349593496e-07,9409,,,,,,,,,
38,,,,,,,,,,9409,0.05965575575828552,,,,,,,,
,,,,,,,,,7.653658536585366e-07,9414,,,,,,,,,
38,,,,,,,,,,9414,0.024341534823179245,,,,,,,,
,,,,,,,,,7.657723577235772e-07,9419,,,,,,,,,
38,,,,,,,,,,9419,0.06950633227825165,,,,,,,,
,,,,,,,,,7.661788617886179e-07,9424,,,,,,,,,
38,,,,,,,,,,9424,0.03246064484119415,,,,,,,,
,,,,,,,,,7.665853658536585e-07,9429,,,,,,,,,
38,,,,,,,,,,9429,0.10932672023773193,,,,,,,,
,,,,,,,,,7.669918699186991e-07,9434,,,,,,,,,
38,,,,,,,,,,9434,0.07647225260734558,,,,,,,,
,,,,,,,,,7.673983739837398e-07,9439,,,,,,,,,
38,,,,,,,,,,9439,0.028453094884753227,,,,,,,,
,,,,,,,,,7.678048780487805e-07,9444,,,,,,,,,
38,,,,,,,,,,9444,0.046752795577049255,,,,,,,,
,,,,,,,,,7.682113821138211e-07,9449,,,,,,,,,
38,,,,,,,,,,9449,0.049036744982004166,,,,,,,,
,,,,,,,,,7.686178861788618e-07,9454,,,,,,,,,
38,,,,,,,,,,9454,0.03575761988759041,,,,,,,,
,,,,,,,,,7.690243902439024e-07,9459,,,,,,,,,
38,,,,,,,,,,9459,0.06517114490270615,,,,,,,,
,,,,,,,,,7.69430894308943e-07,9464,,,,,,,,,
38,,,,,,,,,,9464,0.0495721735060215,,,,,,,,
,,,,,,,,,7.698373983739837e-07,9469,,,,,,,,,
38,,,,,,,,,,9469,0.06964452564716339,,,,,,,,
,,,,,,,,,7.702439024390243e-07,9474,,,,,,,,,
38,,,,,,,,,,9474,0.08116476237773895,,,,,,,,
,,,,,,,,,7.706504065040649e-07,9479,,,,,,,,,
38,,,,,,,,,,9479,0.03485983982682228,,,,,,,,
,,,,,,,,,7.710569105691056e-07,9484,,,,,,,,,
38,,,,,,,,,,9484,0.042854223400354385,,,,,,,,
,,,,,,,,,7.714634146341464e-07,9489,,,,,,,,,
38,,,,,,,,,,9489,0.07510119676589966,,,,,,,,
,,,,,,,,,7.71869918699187e-07,9494,,,,,,,,,
38,,,,,,,,,,9494,0.04453535005450249,,,,,,,,
,,,,,,,,,7.722764227642276e-07,9499,,,,,,,,,
38,,,,,,,,,,9499,0.04135863855481148,,,,,,,,
,,,,,,,,,7.726829268292683e-07,9504,,,,,,,,,
38,,,,,,,,,,9504,0.040448594838380814,,,,,,,,
,,,,,,,,,7.730894308943089e-07,9509,,,,,,,,,
38,,,,,,,,,,9509,0.0685855820775032,,,,,,,,
,,,,,,,,,7.734959349593495e-07,9514,,,,,,,,,
38,,,,,,,,,,9514,0.035595767199993134,,,,,,,,
,,,,,,,,,7.739024390243903e-07,9519,,,,,,,,,
38,,,,,,,,,,9519,0.0929926410317421,,,,,,,,
,,,,,,,,,7.743089430894309e-07,9524,,,,,,,,,
38,,,,,,,,,,9524,0.043092478066682816,,,,,,,,
,,,,,,,,,7.747154471544715e-07,9529,,,,,,,,,
38,,,,,,,,,,9529,0.06851021200418472,,,,,,,,
,,,,,,,,,7.751219512195122e-07,9534,,,,,,,,,
38,,,,,,,,,,9534,0.044104620814323425,,,,,,,,
,,,,,,,,,7.755284552845528e-07,9539,,,,,,,,,
38,,,,,,,,,,9539,0.05772314965724945,,,,,,,,
,,,,,,,,,7.759349593495934e-07,9544,,,,,,,,,
38,,,,,,,,,,9544,0.02408609725534916,,,,,,,,
,,,,,,,,,7.763414634146341e-07,9549,,,,,,,,,
38,,,,,,,,,,9549,0.07377369701862335,,,,,,,,
,,,,,,,,,7.767479674796747e-07,9554,,,,,,,,,
38,,,,,,,,,,9554,0.03741378337144852,,,,,,,,
,,,,,,,,,7.771544715447154e-07,9559,,,,,,,,,
38,,,,,,,,,,9559,0.047199785709381104,,,,,,,,
,,,,,,,,,7.775609756097561e-07,9564,,,,,,,,,
38,,,,,,,,,,9564,0.03559499606490135,,,,,,,,
,,,,,,,,,7.779674796747967e-07,9569,,,,,,,,,
38,,,,,,,,,,9569,0.0673099160194397,,,,,,,,
,,,,,,,,,7.783739837398373e-07,9574,,,,,,,,,
38,,,,,,,,,,9574,0.05524444952607155,,,,,,,,
,,,,,,,,,7.78780487804878e-07,9579,,,,,,,,,
38,,,,,,,,,,9579,0.019281484186649323,,,,,,,,
,,,,,,,,,7.791869918699186e-07,9584,,,,,,,,,
38,,,,,,,,,,9584,0.057186007499694824,,,,,,,,
,,,,,,,,,7.795934959349592e-07,9589,,,,,,,,,
38,,,,,,,,,,9589,0.03185809403657913,,,,,,,,
38,,,,,,,,,,9593,,0.7076923251152039,0.8041236996650696,0.06157798692584038,0.06157798692584038,0.26896223425865173,0.75,0.8666666746139526,0.21478843688964844
,,,,,,,,,7.799999999999999e-07,9594,,,,,,,,,
39,,,,,,,,,,9594,0.04276851564645767,,,,,,,,
,,,,,,,,,7.804065040650407e-07,9599,,,,,,,,,
39,,,,,,,,,,9599,0.046142254024744034,,,,,,,,
,,,,,,,,,7.808130081300813e-07,9604,,,,,,,,,
39,,,,,,,,,,9604,0.0318605862557888,,,,,,,,
,,,,,,,,,7.81219512195122e-07,9609,,,,,,,,,
39,,,,,,,,,,9609,0.05245612934231758,,,,,,,,
,,,,,,,,,7.816260162601626e-07,9614,,,,,,,,,
39,,,,,,,,,,9614,0.0519452802836895,,,,,,,,
,,,,,,,,,7.820325203252032e-07,9619,,,,,,,,,
39,,,,,,,,,,9619,0.038397710770368576,,,,,,,,
,,,,,,,,,7.824390243902439e-07,9624,,,,,,,,,
39,,,,,,,,,,9624,0.05221908912062645,,,,,,,,
,,,,,,,,,7.828455284552845e-07,9629,,,,,,,,,
39,,,,,,,,,,9629,0.08959238976240158,,,,,,,,
,,,,,,,,,7.832520325203251e-07,9634,,,,,,,,,
39,,,,,,,,,,9634,0.06703561544418335,,,,,,,,
,,,,,,,,,7.836585365853659e-07,9639,,,,,,,,,
39,,,,,,,,,,9639,0.0338803306221962,,,,,,,,
,,,,,,,,,7.840650406504065e-07,9644,,,,,,,,,
39,,,,,,,,,,9644,0.06520722806453705,,,,,,,,
,,,,,,,,,7.844715447154471e-07,9649,,,,,,,,,
39,,,,,,,,,,9649,0.012564501725137234,,,,,,,,
,,,,,,,,,7.848780487804878e-07,9654,,,,,,,,,
39,,,,,,,,,,9654,0.0717269778251648,,,,,,,,
,,,,,,,,,7.852845528455284e-07,9659,,,,,,,,,
39,,,,,,,,,,9659,0.055703435093164444,,,,,,,,
,,,,,,,,,7.85691056910569e-07,9664,,,,,,,,,
39,,,,,,,,,,9664,0.04189931973814964,,,,,,,,
,,,,,,,,,7.860975609756097e-07,9669,,,,,,,,,
39,,,,,,,,,,9669,0.016814175993204117,,,,,,,,
,,,,,,,,,7.865040650406504e-07,9674,,,,,,,,,
39,,,,,,,,,,9674,0.05448231101036072,,,,,,,,
,,,,,,,,,7.86910569105691e-07,9679,,,,,,,,,
39,,,,,,,,,,9679,0.04035045951604843,,,,,,,,
,,,,,,,,,7.873170731707317e-07,9684,,,,,,,,,
39,,,,,,,,,,9684,0.051439058035612106,,,,,,,,
,,,,,,,,,7.877235772357723e-07,9689,,,,,,,,,
39,,,,,,,,,,9689,0.05656293407082558,,,,,,,,
,,,,,,,,,7.881300813008129e-07,9694,,,,,,,,,
39,,,,,,,,,,9694,0.0893419086933136,,,,,,,,
,,,,,,,,,7.885365853658536e-07,9699,,,,,,,,,
39,,,,,,,,,,9699,0.025842823088169098,,,,,,,,
,,,,,,,,,7.889430894308942e-07,9704,,,,,,,,,
39,,,,,,,,,,9704,0.023893896490335464,,,,,,,,
,,,,,,,,,7.893495934959348e-07,9709,,,,,,,,,
39,,,,,,,,,,9709,0.0598566010594368,,,,,,,,
,,,,,,,,,7.897560975609757e-07,9714,,,,,,,,,
39,,,,,,,,,,9714,0.05281961336731911,,,,,,,,
,,,,,,,,,7.901626016260163e-07,9719,,,,,,,,,
39,,,,,,,,,,9719,0.053610172122716904,,,,,,,,
,,,,,,,,,7.905691056910569e-07,9724,,,,,,,,,
39,,,,,,,,,,9724,0.027485044673085213,,,,,,,,
,,,,,,,,,7.909756097560976e-07,9729,,,,,,,,,
39,,,,,,,,,,9729,0.052826784551143646,,,,,,,,
,,,,,,,,,7.913821138211382e-07,9734,,,,,,,,,
39,,,,,,,,,,9734,0.07390473037958145,,,,,,,,
,,,,,,,,,7.917886178861788e-07,9739,,,,,,,,,
39,,,,,,,,,,9739,0.016995320096611977,,,,,,,,
,,,,,,,,,7.921951219512195e-07,9744,,,,,,,,,
39,,,,,,,,,,9744,0.07001014053821564,,,,,,,,
,,,,,,,,,7.926016260162601e-07,9749,,,,,,,,,
39,,,,,,,,,,9749,0.03147132694721222,,,,,,,,
,,,,,,,,,7.930081300813008e-07,9754,,,,,,,,,
39,,,,,,,,,,9754,0.03716472163796425,,,,,,,,
,,,,,,,,,7.934146341463415e-07,9759,,,,,,,,,
39,,,,,,,,,,9759,0.046901002526283264,,,,,,,,
,,,,,,,,,7.938211382113821e-07,9764,,,,,,,,,
39,,,,,,,,,,9764,0.061536356806755066,,,,,,,,
,,,,,,,,,7.942276422764227e-07,9769,,,,,,,,,
39,,,,,,,,,,9769,0.04820411279797554,,,,,,,,
,,,,,,,,,7.946341463414634e-07,9774,,,,,,,,,
39,,,,,,,,,,9774,0.05491900071501732,,,,,,,,
,,,,,,,,,7.95040650406504e-07,9779,,,,,,,,,
39,,,,,,,,,,9779,0.05861055105924606,,,,,,,,
,,,,,,,,,7.954471544715446e-07,9784,,,,,,,,,
39,,,,,,,,,,9784,0.04459376633167267,,,,,,,,
,,,,,,,,,7.958536585365853e-07,9789,,,,,,,,,
39,,,,,,,,,,9789,0.0404418520629406,,,,,,,,
,,,,,,,,,7.96260162601626e-07,9794,,,,,,,,,
39,,,,,,,,,,9794,0.07291369885206223,,,,,,,,
,,,,,,,,,7.966666666666666e-07,9799,,,,,,,,,
39,,,,,,,,,,9799,0.08821078389883041,,,,,,,,
,,,,,,,,,7.970731707317073e-07,9804,,,,,,,,,
39,,,,,,,,,,9804,0.03744746372103691,,,,,,,,
,,,,,,,,,7.974796747967479e-07,9809,,,,,,,,,
39,,,,,,,,,,9809,0.03373296186327934,,,,,,,,
,,,,,,,,,7.978861788617885e-07,9814,,,,,,,,,
39,,,,,,,,,,9814,0.06388935446739197,,,,,,,,
,,,,,,,,,7.982926829268292e-07,9819,,,,,,,,,
39,,,,,,,,,,9819,0.03797192499041557,,,,,,,,
,,,,,,,,,7.986991869918698e-07,9824,,,,,,,,,
39,,,,,,,,,,9824,0.04220975190401077,,,,,,,,
,,,,,,,,,7.991056910569106e-07,9829,,,,,,,,,
39,,,,,,,,,,9829,0.03188592195510864,,,,,,,,
,,,,,,,,,7.995121951219513e-07,9834,,,,,,,,,
39,,,,,,,,,,9834,0.07290905714035034,,,,,,,,
,,,,,,,,,7.999186991869919e-07,9839,,,,,,,,,
39,,,,,,,,,,9839,0.030733222141861916,,,,,,,,
39,,,,,,,,,,9839,,0.7076923251152039,0.8041236996650696,0.06127430126070976,0.06127430126070976,0.273609459400177,0.75,0.8666666746139526,0.21968892216682434
,,,,,,,,,8.003252032520325e-07,9844,,,,,,,,,
40,,,,,,,,,,9844,0.06120924651622772,,,,,,,,
,,,,,,,,,8.007317073170732e-07,9849,,,,,,,,,
40,,,,,,,,,,9849,0.031271304935216904,,,,,,,,
,,,,,,,,,8.011382113821138e-07,9854,,,,,,,,,
40,,,,,,,,,,9854,0.06999270617961884,,,,,,,,
,,,,,,,,,8.015447154471544e-07,9859,,,,,,,,,
40,,,,,,,,,,9859,0.047437556087970734,,,,,,,,
,,,,,,,,,8.019512195121951e-07,9864,,,,,,,,,
40,,,,,,,,,,9864,0.03965955227613449,,,,,,,,
,,,,,,,,,8.023577235772358e-07,9869,,,,,,,,,
40,,,,,,,,,,9869,0.039639104157686234,,,,,,,,
,,,,,,,,,8.027642276422764e-07,9874,,,,,,,,,
40,,,,,,,,,,9874,0.016147227957844734,,,,,,,,
,,,,,,,,,8.031707317073171e-07,9879,,,,,,,,,
40,,,,,,,,,,9879,0.03889498859643936,,,,,,,,
,,,,,,,,,8.035772357723577e-07,9884,,,,,,,,,
40,,,,,,,,,,9884,0.04480118304491043,,,,,,,,
,,,,,,,,,8.039837398373983e-07,9889,,,,,,,,,
40,,,,,,,,,,9889,0.018395930528640747,,,,,,,,
,,,,,,,,,8.04390243902439e-07,9894,,,,,,,,,
40,,,,,,,,,,9894,0.06514706462621689,,,,,,,,
,,,,,,,,,8.047967479674796e-07,9899,,,,,,,,,
40,,,,,,,,,,9899,0.08916642516851425,,,,,,,,
,,,,,,,,,8.052032520325202e-07,9904,,,,,,,,,
40,,,,,,,,,,9904,0.0657811388373375,,,,,,,,
,,,,,,,,,8.05609756097561e-07,9909,,,,,,,,,
40,,,,,,,,,,9909,0.021127767860889435,,,,,,,,
,,,,,,,,,8.060162601626016e-07,9914,,,,,,,,,
40,,,,,,,,,,9914,0.026447417214512825,,,,,,,,
,,,,,,,,,8.064227642276422e-07,9919,,,,,,,,,
40,,,,,,,,,,9919,0.03266776725649834,,,,,,,,
,,,,,,,,,8.068292682926829e-07,9924,,,,,,,,,
40,,,,,,,,,,9924,0.035629965364933014,,,,,,,,
,,,,,,,,,8.072357723577235e-07,9929,,,,,,,,,
40,,,,,,,,,,9929,0.06058647856116295,,,,,,,,
,,,,,,,,,8.076422764227641e-07,9934,,,,,,,,,
40,,,,,,,,,,9934,0.034004099667072296,,,,,,,,
,,,,,,,,,8.080487804878049e-07,9939,,,,,,,,,
40,,,,,,,,,,9939,0.044440194964408875,,,,,,,,
,,,,,,,,,8.084552845528455e-07,9944,,,,,,,,,
40,,,,,,,,,,9944,0.06256790459156036,,,,,,,,
,,,,,,,,,8.088617886178862e-07,9949,,,,,,,,,
40,,,,,,,,,,9949,0.022680344060063362,,,,,,,,
,,,,,,,,,8.092682926829269e-07,9954,,,,,,,,,
40,,,,,,,,,,9954,0.03611083701252937,,,,,,,,
,,,,,,,,,8.096747967479675e-07,9959,,,,,,,,,
40,,,,,,,,,,9959,0.03905462846159935,,,,,,,,
,,,,,,,,,8.100813008130081e-07,9964,,,,,,,,,
40,,,,,,,,,,9964,0.047229424118995667,,,,,,,,
,,,,,,,,,8.104878048780488e-07,9969,,,,,,,,,
40,,,,,,,,,,9969,0.03612963482737541,,,,,,,,
,,,,,,,,,8.108943089430894e-07,9974,,,,,,,,,
40,,,,,,,,,,9974,0.02469530701637268,,,,,,,,
,,,,,,,,,8.1130081300813e-07,9979,,,,,,,,,
40,,,,,,,,,,9979,0.02617267332971096,,,,,,,,
,,,,,,,,,8.117073170731708e-07,9984,,,,,,,,,
40,,,,,,,,,,9984,0.08026522397994995,,,,,,,,
,,,,,,,,,8.121138211382114e-07,9989,,,,,,,,,
40,,,,,,,,,,9989,0.09030694514513016,,,,,,,,
,,,,,,,,,8.12520325203252e-07,9994,,,,,,,,,
40,,,,,,,,,,9994,0.057264722883701324,,,,,,,,
,,,,,,,,,8.129268292682926e-07,9999,,,,,,,,,
40,,,,,,,,,,9999,0.0408596508204937,,,,,,,,
,,,,,,,,,8.133333333333333e-07,10004,,,,,,,,,
40,,,,,,,,,,10004,0.058219827711582184,,,,,,,,
,,,,,,,,,8.137398373983739e-07,10009,,,,,,,,,
40,,,,,,,,,,10009,0.05945919454097748,,,,,,,,
,,,,,,,,,8.141463414634145e-07,10014,,,,,,,,,
40,,,,,,,,,,10014,0.0688697025179863,,,,,,,,
,,,,,,,,,8.145528455284552e-07,10019,,,,,,,,,
40,,,,,,,,,,10019,0.059081122279167175,,,,,,,,
,,,,,,,,,8.149593495934959e-07,10024,,,,,,,,,
40,,,,,,,,,,10024,0.04344956949353218,,,,,,,,
,,,,,,,,,8.153658536585365e-07,10029,,,,,,,,,
40,,,,,,,,,,10029,0.03886416181921959,,,,,,,,
,,,,,,,,,8.157723577235772e-07,10034,,,,,,,,,
40,,,,,,,,,,10034,0.01223937887698412,,,,,,,,
,,,,,,,,,8.161788617886178e-07,10039,,,,,,,,,
40,,,,,,,,,,10039,0.06543097645044327,,,,,,,,
,,,,,,,,,8.165853658536584e-07,10044,,,,,,,,,
40,,,,,,,,,,10044,0.024432294070720673,,,,,,,,
,,,,,,,,,8.169918699186991e-07,10049,,,,,,,,,
40,,,,,,,,,,10049,0.056915655732154846,,,,,,,,
,,,,,,,,,8.173983739837398e-07,10054,,,,,,,,,
40,,,,,,,,,,10054,0.04308105260133743,,,,,,,,
,,,,,,,,,8.178048780487804e-07,10059,,,,,,,,,
40,,,,,,,,,,10059,0.05995151773095131,,,,,,,,
,,,,,,,,,8.182113821138212e-07,10064,,,,,,,,,
40,,,,,,,,,,10064,0.039965495467185974,,,,,,,,
,,,,,,,,,8.186178861788618e-07,10069,,,,,,,,,
40,,,,,,,,,,10069,0.09210874885320663,,,,,,,,
,,,,,,,,,8.190243902439024e-07,10074,,,,,,,,,
40,,,,,,,,,,10074,0.07309150695800781,,,,,,,,
,,,,,,,,,8.194308943089431e-07,10079,,,,,,,,,
40,,,,,,,,,,10079,0.013642026111483574,,,,,,,,
,,,,,,,,,8.198373983739837e-07,10084,,,,,,,,,
40,,,,,,,,,,10084,0.017971426248550415,,,,,,,,
40,,,,,,,,,,10085,,0.6846153736114502,0.7807486653327942,0.060156386345624924,0.060156386345624924,0.26219451427459717,0.7525773048400879,0.8111110925674438,0.18445265293121338
,,,,,,,,,8.202439024390243e-07,10089,,,,,,,,,
41,,,,,,,,,,10089,0.02081700786948204,,,,,,,,
,,,,,,,,,8.20650406504065e-07,10094,,,,,,,,,
41,,,,,,,,,,10094,0.04341615363955498,,,,,,,,
,,,,,,,,,8.210569105691056e-07,10099,,,,,,,,,
41,,,,,,,,,,10099,0.06634823977947235,,,,,,,,
,,,,,,,,,8.214634146341463e-07,10104,,,,,,,,,
41,,,,,,,,,,10104,0.08968998491764069,,,,,,,,
,,,,,,,,,8.21869918699187e-07,10109,,,,,,,,,
41,,,,,,,,,,10109,0.04407413676381111,,,,,,,,
,,,,,,,,,8.222764227642276e-07,10114,,,,,,,,,
41,,,,,,,,,,10114,0.054279714822769165,,,,,,,,
,,,,,,,,,8.226829268292682e-07,10119,,,,,,,,,
41,,,,,,,,,,10119,0.07846126705408096,,,,,,,,
,,,,,,,,,8.230894308943089e-07,10124,,,,,,,,,
41,,,,,,,,,,10124,0.03463071584701538,,,,,,,,
,,,,,,,,,8.234959349593495e-07,10129,,,,,,,,,
41,,,,,,,,,,10129,0.0448145754635334,,,,,,,,
,,,,,,,,,8.239024390243901e-07,10134,,,,,,,,,
41,,,,,,,,,,10134,0.04459642618894577,,,,,,,,
,,,,,,,,,8.243089430894309e-07,10139,,,,,,,,,
41,,,,,,,,,,10139,0.08559710532426834,,,,,,,,
,,,,,,,,,8.247154471544715e-07,10144,,,,,,,,,
41,,,,,,,,,,10144,0.1206846609711647,,,,,,,,
,,,,,,,,,8.251219512195121e-07,10149,,,,,,,,,
41,,,,,,,,,,10149,0.08138620108366013,,,,,,,,
,,,,,,,,,8.255284552845528e-07,10154,,,,,,,,,
41,,,,,,,,,,10154,0.0884547308087349,,,,,,,,
,,,,,,,,,8.259349593495934e-07,10159,,,,,,,,,
41,,,,,,,,,,10159,0.04873688519001007,,,,,,,,
,,,,,,,,,8.26341463414634e-07,10164,,,,,,,,,
41,,,,,,,,,,10164,0.07486577332019806,,,,,,,,
,,,,,,,,,8.267479674796748e-07,10169,,,,,,,,,
41,,,,,,,,,,10169,0.03788873925805092,,,,,,,,
,,,,,,,,,8.271544715447154e-07,10174,,,,,,,,,
41,,,,,,,,,,10174,0.05585319548845291,,,,,,,,
,,,,,,,,,8.275609756097561e-07,10179,,,,,,,,,
41,,,,,,,,,,10179,0.020911570638418198,,,,,,,,
,,,,,,,,,8.279674796747968e-07,10184,,,,,,,,,
41,,,,,,,,,,10184,0.07978010922670364,,,,,,,,
,,,,,,,,,8.283739837398374e-07,10189,,,,,,,,,
41,,,,,,,,,,10189,0.05068860203027725,,,,,,,,
,,,,,,,,,8.28780487804878e-07,10194,,,,,,,,,
41,,,,,,,,,,10194,0.04264967516064644,,,,,,,,
,,,,,,,,,8.291869918699187e-07,10199,,,,,,,,,
41,,,,,,,,,,10199,0.0534183494746685,,,,,,,,
,,,,,,,,,8.295934959349593e-07,10204,,,,,,,,,
41,,,,,,,,,,10204,0.030101267620921135,,,,,,,,
,,,,,,,,,8.299999999999999e-07,10209,,,,,,,,,
41,,,,,,,,,,10209,0.0659153163433075,,,,,,,,
,,,,,,,,,8.304065040650406e-07,10214,,,,,,,,,
41,,,,,,,,,,10214,0.027138546109199524,,,,,,,,
,,,,,,,,,8.308130081300813e-07,10219,,,,,,,,,
41,,,,,,,,,,10219,0.03284623846411705,,,,,,,,
,,,,,,,,,8.312195121951219e-07,10224,,,,,,,,,
41,,,,,,,,,,10224,0.06436038762331009,,,,,,,,
,,,,,,,,,8.316260162601626e-07,10229,,,,,,,,,
41,,,,,,,,,,10229,0.04687001556158066,,,,,,,,
,,,,,,,,,8.320325203252032e-07,10234,,,,,,,,,
41,,,,,,,,,,10234,0.05052237957715988,,,,,,,,
,,,,,,,,,8.324390243902438e-07,10239,,,,,,,,,
41,,,,,,,,,,10239,0.05956779047846794,,,,,,,,
,,,,,,,,,8.328455284552845e-07,10244,,,,,,,,,
41,,,,,,,,,,10244,0.07508961111307144,,,,,,,,
,,,,,,,,,8.332520325203251e-07,10249,,,,,,,,,
41,,,,,,,,,,10249,0.05762358382344246,,,,,,,,
,,,,,,,,,8.336585365853657e-07,10254,,,,,,,,,
41,,,,,,,,,,10254,0.07110573351383209,,,,,,,,
,,,,,,,,,8.340650406504065e-07,10259,,,,,,,,,
41,,,,,,,,,,10259,0.048747483640909195,,,,,,,,
,,,,,,,,,8.344715447154471e-07,10264,,,,,,,,,
41,,,,,,,,,,10264,0.03543702885508537,,,,,,,,
,,,,,,,,,8.348780487804877e-07,10269,,,,,,,,,
41,,,,,,,,,,10269,0.042451005429029465,,,,,,,,
,,,,,,,,,8.352845528455285e-07,10274,,,,,,,,,
41,,,,,,,,,,10274,0.029296495020389557,,,,,,,,
,,,,,,,,,8.356910569105691e-07,10279,,,,,,,,,
41,,,,,,,,,,10279,0.04303637146949768,,,,,,,,
,,,,,,,,,8.360975609756097e-07,10284,,,,,,,,,
41,,,,,,,,,,10284,0.1033848226070404,,,,,,,,
,,,,,,,,,8.365040650406504e-07,10289,,,,,,,,,
41,,,,,,,,,,10289,0.018592815846204758,,,,,,,,
,,,,,,,,,8.369105691056911e-07,10294,,,,,,,,,
41,,,,,,,,,,10294,0.012207424268126488,,,,,,,,
,,,,,,,,,8.373170731707317e-07,10299,,,,,,,,,
41,,,,,,,,,,10299,0.03971503674983978,,,,,,,,
,,,,,,,,,8.377235772357724e-07,10304,,,,,,,,,
41,,,,,,,,,,10304,0.04558739438652992,,,,,,,,
,,,,,,,,,8.38130081300813e-07,10309,,,,,,,,,
41,,,,,,,,,,10309,0.046259406954050064,,,,,,,,
,,,,,,,,,8.385365853658536e-07,10314,,,,,,,,,
41,,,,,,,,,,10314,0.08371132612228394,,,,,,,,
,,,,,,,,,8.389430894308943e-07,10319,,,,,,,,,
41,,,,,,,,,,10319,0.015933377668261528,,,,,,,,
,,,,,,,,,8.393495934959349e-07,10324,,,,,,,,,
41,,,,,,,,,,10324,0.04451749473810196,,,,,,,,
,,,,,,,,,8.397560975609755e-07,10329,,,,,,,,,
41,,,,,,,,,,10329,0.022183256223797798,,,,,,,,
41,,,,,,,,,,10331,,0.6769230961799622,0.7857142686843872,0.06247982010245323,0.06247982010245323,0.2314233034849167,0.7264150977134705,0.855555534362793,0.14382070302963257
,,,,,,,,,8.401626016260163e-07,10334,,,,,,,,,
42,,,,,,,,,,10334,0.04836016148328781,,,,,,,,
,,,,,,,,,8.405691056910569e-07,10339,,,,,,,,,
42,,,,,,,,,,10339,0.06743533909320831,,,,,,,,
,,,,,,,,,8.409756097560975e-07,10344,,,,,,,,,
42,,,,,,,,,,10344,0.0825880616903305,,,,,,,,
,,,,,,,,,8.413821138211382e-07,10349,,,,,,,,,
42,,,,,,,,,,10349,0.056121986359357834,,,,,,,,
,,,,,,,,,8.417886178861788e-07,10354,,,,,,,,,
42,,,,,,,,,,10354,0.031486909836530685,,,,,,,,
,,,,,,,,,8.421951219512194e-07,10359,,,,,,,,,
42,,,,,,,,,,10359,0.09038987755775452,,,,,,,,
,,,,,,,,,8.426016260162601e-07,10364,,,,,,,,,
42,,,,,,,,,,10364,0.027343273162841797,,,,,,,,
,,,,,,,,,8.430081300813007e-07,10369,,,,,,,,,
42,,,,,,,,,,10369,0.0393819585442543,,,,,,,,
,,,,,,,,,8.434146341463414e-07,10374,,,,,,,,,
42,,,,,,,,,,10374,0.052708376199007034,,,,,,,,
,,,,,,,,,8.438211382113821e-07,10379,,,,,,,,,
42,,,,,,,,,,10379,0.04609636962413788,,,,,,,,
,,,,,,,,,8.442276422764227e-07,10384,,,,,,,,,
42,,,,,,,,,,10384,0.06654570251703262,,,,,,,,
,,,,,,,,,8.446341463414634e-07,10389,,,,,,,,,
42,,,,,,,,,,10389,0.03473469987511635,,,,,,,,
,,,,,,,,,8.450406504065041e-07,10394,,,,,,,,,
42,,,,,,,,,,10394,0.04189037159085274,,,,,,,,
,,,,,,,,,8.454471544715447e-07,10399,,,,,,,,,
42,,,,,,,,,,10399,0.04411252588033676,,,,,,,,
,,,,,,,,,8.458536585365853e-07,10404,,,,,,,,,
42,,,,,,,,,,10404,0.04634884372353554,,,,,,,,
,,,,,,,,,8.462601626016261e-07,10409,,,,,,,,,
42,,,,,,,,,,10409,0.06111273169517517,,,,,,,,
,,,,,,,,,8.466666666666667e-07,10414,,,,,,,,,
42,,,,,,,,,,10414,0.059956252574920654,,,,,,,,
,,,,,,,,,8.470731707317073e-07,10419,,,,,,,,,
42,,,,,,,,,,10419,0.053873177617788315,,,,,,,,
,,,,,,,,,8.47479674796748e-07,10424,,,,,,,,,
42,,,,,,,,,,10424,0.03478830307722092,,,,,,,,
,,,,,,,,,8.478861788617886e-07,10429,,,,,,,,,
42,,,,,,,,,,10429,0.03287279233336449,,,,,,,,
,,,,,,,,,8.482926829268292e-07,10434,,,,,,,,,
42,,,,,,,,,,10434,0.04206335172057152,,,,,,,,
,,,,,,,,,8.486991869918699e-07,10439,,,,,,,,,
42,,,,,,,,,,10439,0.06849116832017899,,,,,,,,
,,,,,,,,,8.491056910569105e-07,10444,,,,,,,,,
42,,,,,,,,,,10444,0.021407339721918106,,,,,,,,
,,,,,,,,,8.495121951219512e-07,10449,,,,,,,,,
42,,,,,,,,,,10449,0.05457833409309387,,,,,,,,
,,,,,,,,,8.499186991869919e-07,10454,,,,,,,,,
42,,,,,,,,,,10454,0.04039189964532852,,,,,,,,
,,,,,,,,,8.503252032520325e-07,10459,,,,,,,,,
42,,,,,,,,,,10459,0.01623009704053402,,,,,,,,
,,,,,,,,,8.507317073170731e-07,10464,,,,,,,,,
42,,,,,,,,,,10464,0.050418976694345474,,,,,,,,
,,,,,,,,,8.511382113821138e-07,10469,,,,,,,,,
42,,,,,,,,,,10469,0.02565615065395832,,,,,,,,
,,,,,,,,,8.515447154471544e-07,10474,,,,,,,,,
42,,,,,,,,,,10474,0.032573550939559937,,,,,,,,
,,,,,,,,,8.51951219512195e-07,10479,,,,,,,,,
42,,,,,,,,,,10479,0.05046839267015457,,,,,,,,
,,,,,,,,,8.523577235772357e-07,10484,,,,,,,,,
42,,,,,,,,,,10484,0.04694010689854622,,,,,,,,
,,,,,,,,,8.527642276422764e-07,10489,,,,,,,,,
42,,,,,,,,,,10489,0.04025324434041977,,,,,,,,
,,,,,,,,,8.53170731707317e-07,10494,,,,,,,,,
42,,,,,,,,,,10494,0.041481249034404755,,,,,,,,
,,,,,,,,,8.535772357723578e-07,10499,,,,,,,,,
42,,,,,,,,,,10499,0.06498715281486511,,,,,,,,
,,,,,,,,,8.539837398373984e-07,10504,,,,,,,,,
42,,,,,,,,,,10504,0.051290884613990784,,,,,,,,
,,,,,,,,,8.54390243902439e-07,10509,,,,,,,,,
42,,,,,,,,,,10509,0.06114554405212402,,,,,,,,
,,,,,,,,,8.547967479674796e-07,10514,,,,,,,,,
42,,,,,,,,,,10514,0.05558796599507332,,,,,,,,
,,,,,,,,,8.552032520325203e-07,10519,,,,,,,,,
42,,,,,,,,,,10519,0.016855182126164436,,,,,,,,
,,,,,,,,,8.556097560975609e-07,10524,,,,,,,,,
42,,,,,,,,,,10524,0.04534925892949104,,,,,,,,
,,,,,,,,,8.560162601626016e-07,10529,,,,,,,,,
42,,,,,,,,,,10529,0.04059826210141182,,,,,,,,
,,,,,,,,,8.564227642276423e-07,10534,,,,,,,,,
42,,,,,,,,,,10534,0.012733849696815014,,,,,,,,
,,,,,,,,,8.568292682926829e-07,10539,,,,,,,,,
42,,,,,,,,,,10539,0.07775899022817612,,,,,,,,
,,,,,,,,,8.572357723577235e-07,10544,,,,,,,,,
42,,,,,,,,,,10544,0.057353876531124115,,,,,,,,
,,,,,,,,,8.576422764227642e-07,10549,,,,,,,,,
42,,,,,,,,,,10549,0.021834611892700195,,,,,,,,
,,,,,,,,,8.580487804878048e-07,10554,,,,,,,,,
42,,,,,,,,,,10554,0.034524451941251755,,,,,,,,
,,,,,,,,,8.584552845528454e-07,10559,,,,,,,,,
42,,,,,,,,,,10559,0.05397762358188629,,,,,,,,
,,,,,,,,,8.588617886178862e-07,10564,,,,,,,,,
42,,,,,,,,,,10564,0.04354485869407654,,,,,,,,
,,,,,,,,,8.592682926829268e-07,10569,,,,,,,,,
42,,,,,,,,,,10569,0.07273118942975998,,,,,,,,
,,,,,,,,,8.596747967479674e-07,10574,,,,,,,,,
42,,,,,,,,,,10574,0.0306360125541687,,,,,,,,
42,,,,,,,,,,10577,,0.7153846025466919,0.8062826991081238,0.06048309803009033,0.06048309803009033,0.2851514518260956,0.7623762488365173,0.855555534362793,0.22092290222644806
,,,,,,,,,8.600813008130081e-07,10579,,,,,,,,,
43,,,,,,,,,,10579,0.033920496702194214,,,,,,,,
,,,,,,,,,8.604878048780487e-07,10584,,,,,,,,,
43,,,,,,,,,,10584,0.04633133113384247,,,,,,,,
,,,,,,,,,8.608943089430893e-07,10589,,,,,,,,,
43,,,,,,,,,,10589,0.06855311244726181,,,,,,,,
,,,,,,,,,8.6130081300813e-07,10594,,,,,,,,,
43,,,,,,,,,,10594,0.01699642650783062,,,,,,,,
,,,,,,,,,8.617073170731706e-07,10599,,,,,,,,,
43,,,,,,,,,,10599,0.07320983707904816,,,,,,,,
,,,,,,,,,8.621138211382113e-07,10604,,,,,,,,,
43,,,,,,,,,,10604,0.032135311514139175,,,,,,,,
,,,,,,,,,8.62520325203252e-07,10609,,,,,,,,,
43,,,,,,,,,,10609,0.0358954556286335,,,,,,,,
,,,,,,,,,8.629268292682927e-07,10614,,,,,,,,,
43,,,,,,,,,,10614,0.07277575135231018,,,,,,,,
,,,,,,,,,8.633333333333333e-07,10619,,,,,,,,,
43,,,,,,,,,,10619,0.03942762315273285,,,,,,,,
,,,,,,,,,8.63739837398374e-07,10624,,,,,,,,,
43,,,,,,,,,,10624,0.04736120626330376,,,,,,,,
,,,,,,,,,8.641463414634146e-07,10629,,,,,,,,,
43,,,,,,,,,,10629,0.031657423824071884,,,,,,,,
,,,,,,,,,8.645528455284552e-07,10634,,,,,,,,,
43,,,,,,,,,,10634,0.04216492176055908,,,,,,,,
,,,,,,,,,8.649593495934959e-07,10639,,,,,,,,,
43,,,,,,,,,,10639,0.021992839872837067,,,,,,,,
,,,,,,,,,8.653658536585366e-07,10644,,,,,,,,,
43,,,,,,,,,,10644,0.04182882979512215,,,,,,,,
,,,,,,,,,8.657723577235772e-07,10649,,,,,,,,,
43,,,,,,,,,,10649,0.056728776544332504,,,,,,,,
,,,,,,,,,8.661788617886179e-07,10654,,,,,,,,,
43,,,,,,,,,,10654,0.05616011470556259,,,,,,,,
,,,,,,,,,8.665853658536585e-07,10659,,,,,,,,,
43,,,,,,,,,,10659,0.044291265308856964,,,,,,,,
,,,,,,,,,8.669918699186991e-07,10664,,,,,,,,,
43,,,,,,,,,,10664,0.03943876177072525,,,,,,,,
,,,,,,,,,8.673983739837398e-07,10669,,,,,,,,,
43,,,,,,,,,,10669,0.026412373408675194,,,,,,,,
,,,,,,,,,8.678048780487804e-07,10674,,,,,,,,,
43,,,,,,,,,,10674,0.03610789775848389,,,,,,,,
,,,,,,,,,8.68211382113821e-07,10679,,,,,,,,,
43,,,,,,,,,,10679,0.026845194399356842,,,,,,,,
,,,,,,,,,8.686178861788618e-07,10684,,,,,,,,,
43,,,,,,,,,,10684,0.06055641919374466,,,,,,,,
,,,,,,,,,8.690243902439024e-07,10689,,,,,,,,,
43,,,,,,,,,,10689,0.05394726246595383,,,,,,,,
,,,,,,,,,8.69430894308943e-07,10694,,,,,,,,,
43,,,,,,,,,,10694,0.05550836771726608,,,,,,,,
,,,,,,,,,8.698373983739837e-07,10699,,,,,,,,,
43,,,,,,,,,,10699,0.022467607632279396,,,,,,,,
,,,,,,,,,8.702439024390243e-07,10704,,,,,,,,,
43,,,,,,,,,,10704,0.03706349432468414,,,,,,,,
,,,,,,,,,8.706504065040649e-07,10709,,,,,,,,,
43,,,,,,,,,,10709,0.02598375268280506,,,,,,,,
,,,,,,,,,8.710569105691056e-07,10714,,,,,,,,,
43,,,,,,,,,,10714,0.07451780140399933,,,,,,,,
,,,,,,,,,8.714634146341463e-07,10719,,,,,,,,,
43,,,,,,,,,,10719,0.022665778174996376,,,,,,,,
,,,,,,,,,8.71869918699187e-07,10724,,,,,,,,,
43,,,,,,,,,,10724,0.06784538924694061,,,,,,,,
,,,,,,,,,8.722764227642277e-07,10729,,,,,,,,,
43,,,,,,,,,,10729,0.03518172726035118,,,,,,,,
,,,,,,,,,8.726829268292683e-07,10734,,,,,,,,,
43,,,,,,,,,,10734,0.0976250022649765,,,,,,,,
,,,,,,,,,8.730894308943089e-07,10739,,,,,,,,,
43,,,,,,,,,,10739,0.018700793385505676,,,,,,,,
,,,,,,,,,8.734959349593496e-07,10744,,,,,,,,,
43,,,,,,,,,,10744,0.0236618984490633,,,,,,,,
,,,,,,,,,8.739024390243902e-07,10749,,,,,,,,,
43,,,,,,,,,,10749,0.03730987384915352,,,,,,,,
,,,,,,,,,8.743089430894308e-07,10754,,,,,,,,,
43,,,,,,,,,,10754,0.038647256791591644,,,,,,,,
,,,,,,,,,8.747154471544716e-07,10759,,,,,,,,,
43,,,,,,,,,,10759,0.055158164352178574,,,,,,,,
,,,,,,,,,8.751219512195122e-07,10764,,,,,,,,,
43,,,,,,,,,,10764,0.08852531760931015,,,,,,,,
,,,,,,,,,8.755284552845528e-07,10769,,,,,,,,,
43,,,,,,,,,,10769,0.04275335371494293,,,,,,,,
,,,,,,,,,8.759349593495935e-07,10774,,,,,,,,,
43,,,,,,,,,,10774,0.014060155488550663,,,,,,,,
,,,,,,,,,8.763414634146341e-07,10779,,,,,,,,,
43,,,,,,,,,,10779,0.01678837649524212,,,,,,,,
,,,,,,,,,8.767479674796747e-07,10784,,,,,,,,,
43,,,,,,,,,,10784,0.02623833157122135,,,,,,,,
,,,,,,,,,8.771544715447154e-07,10789,,,,,,,,,
43,,,,,,,,,,10789,0.031094606965780258,,,,,,,,
,,,,,,,,,8.77560975609756e-07,10794,,,,,,,,,
43,,,,,,,,,,10794,0.08238781988620758,,,,,,,,
,,,,,,,,,8.779674796747967e-07,10799,,,,,,,,,
43,,,,,,,,,,10799,0.0486452579498291,,,,,,,,
,,,,,,,,,8.783739837398374e-07,10804,,,,,,,,,
43,,,,,,,,,,10804,0.009075695648789406,,,,,,,,
,,,,,,,,,8.78780487804878e-07,10809,,,,,,,,,
43,,,,,,,,,,10809,0.029979154467582703,,,,,,,,
,,,,,,,,,8.791869918699186e-07,10814,,,,,,,,,
43,,,,,,,,,,10814,0.05669758841395378,,,,,,,,
,,,,,,,,,8.795934959349593e-07,10819,,,,,,,,,
43,,,,,,,,,,10819,0.05469311401247978,,,,,,,,
43,,,,,,,,,,10823,,0.6846153736114502,0.7897436022758484,0.06324450671672821,0.06324450671672821,0.2433999627828598,0.7333333492279053,0.855555534362793,0.20604641735553741
,,,,,,,,,8.799999999999999e-07,10824,,,,,,,,,
44,,,,,,,,,,10824,0.023262662813067436,,,,,,,,
,,,,,,,,,8.804065040650405e-07,10829,,,,,,,,,
44,,,,,,,,,,10829,0.042223937809467316,,,,,,,,
,,,,,,,,,8.808130081300814e-07,10834,,,,,,,,,
44,,,,,,,,,,10834,0.027568720281124115,,,,,,,,
,,,,,,,,,8.81219512195122e-07,10839,,,,,,,,,
44,,,,,,,,,,10839,0.022421052679419518,,,,,,,,
,,,,,,,,,8.816260162601626e-07,10844,,,,,,,,,
44,,,,,,,,,,10844,0.030413195490837097,,,,,,,,
,,,,,,,,,8.820325203252033e-07,10849,,,,,,,,,
44,,,,,,,,,,10849,0.04558353126049042,,,,,,,,
,,,,,,,,,8.824390243902439e-07,10854,,,,,,,,,
44,,,,,,,,,,10854,0.07737889140844345,,,,,,,,
,,,,,,,,,8.828455284552845e-07,10859,,,,,,,,,
44,,,,,,,,,,10859,0.10938018560409546,,,,,,,,
,,,,,,,,,8.832520325203252e-07,10864,,,,,,,,,
44,,,,,,,,,,10864,0.025748755782842636,,,,,,,,
,,,,,,,,,8.836585365853658e-07,10869,,,,,,,,,
44,,,,,,,,,,10869,0.021352000534534454,,,,,,,,
,,,,,,,,,8.840650406504065e-07,10874,,,,,,,,,
44,,,,,,,,,,10874,0.021407432854175568,,,,,,,,
,,,,,,,,,8.844715447154472e-07,10879,,,,,,,,,
44,,,,,,,,,,10879,0.07518120855093002,,,,,,,,
,,,,,,,,,8.848780487804878e-07,10884,,,,,,,,,
44,,,,,,,,,,10884,0.10862810909748077,,,,,,,,
,,,,,,,,,8.852845528455284e-07,10889,,,,,,,,,
44,,,,,,,,,,10889,0.04433385655283928,,,,,,,,
,,,,,,,,,8.856910569105691e-07,10894,,,,,,,,,
44,,,,,,,,,,10894,0.017956634983420372,,,,,,,,
,,,,,,,,,8.860975609756097e-07,10899,,,,,,,,,
44,,,,,,,,,,10899,0.028004590421915054,,,,,,,,
,,,,,,,,,8.865040650406503e-07,10904,,,,,,,,,
44,,,,,,,,,,10904,0.04445692151784897,,,,,,,,
,,,,,,,,,8.86910569105691e-07,10909,,,,,,,,,
44,,,,,,,,,,10909,0.04141082987189293,,,,,,,,
,,,,,,,,,8.873170731707317e-07,10914,,,,,,,,,
44,,,,,,,,,,10914,0.02247728779911995,,,,,,,,
,,,,,,,,,8.877235772357723e-07,10919,,,,,,,,,
44,,,,,,,,,,10919,0.0172518752515316,,,,,,,,
,,,,,,,,,8.88130081300813e-07,10924,,,,,,,,,
44,,,,,,,,,,10924,0.036018699407577515,,,,,,,,
,,,,,,,,,8.885365853658536e-07,10929,,,,,,,,,
44,,,,,,,,,,10929,0.05786409601569176,,,,,,,,
,,,,,,,,,8.889430894308942e-07,10934,,,,,,,,,
44,,,,,,,,,,10934,0.027524907141923904,,,,,,,,
,,,,,,,,,8.893495934959349e-07,10939,,,,,,,,,
44,,,,,,,,,,10939,0.034818969666957855,,,,,,,,
,,,,,,,,,8.897560975609755e-07,10944,,,,,,,,,
44,,,,,,,,,,10944,0.05182929337024689,,,,,,,,
,,,,,,,,,8.901626016260161e-07,10949,,,,,,,,,
44,,,,,,,,,,10949,0.05813741311430931,,,,,,,,
,,,,,,,,,8.90569105691057e-07,10954,,,,,,,,,
44,,,,,,,,,,10954,0.04534480348229408,,,,,,,,
,,,,,,,,,8.909756097560976e-07,10959,,,,,,,,,
44,,,,,,,,,,10959,0.08171050250530243,,,,,,,,
,,,,,,,,,8.913821138211382e-07,10964,,,,,,,,,
44,,,,,,,,,,10964,0.01855885051190853,,,,,,,,
,,,,,,,,,8.917886178861789e-07,10969,,,,,,,,,
44,,,,,,,,,,10969,0.019056357443332672,,,,,,,,
,,,,,,,,,8.921951219512195e-07,10974,,,,,,,,,
44,,,,,,,,,,10974,0.02395944856107235,,,,,,,,
,,,,,,,,,8.926016260162601e-07,10979,,,,,,,,,
44,,,,,,,,,,10979,0.037825845181941986,,,,,,,,
,,,,,,,,,8.930081300813008e-07,10984,,,,,,,,,
44,,,,,,,,,,10984,0.03849567100405693,,,,,,,,
,,,,,,,,,8.934146341463415e-07,10989,,,,,,,,,
44,,,,,,,,,,10989,0.0768384262919426,,,,,,,,
,,,,,,,,,8.938211382113821e-07,10994,,,,,,,,,
44,,,,,,,,,,10994,0.05755153298377991,,,,,,,,
,,,,,,,,,8.942276422764228e-07,10999,,,,,,,,,
44,,,,,,,,,,10999,0.04653530195355415,,,,,,,,
,,,,,,,,,8.946341463414634e-07,11004,,,,,,,,,
44,,,,,,,,,,11004,0.027403922751545906,,,,,,,,
,,,,,,,,,8.95040650406504e-07,11009,,,,,,,,,
44,,,,,,,,,,11009,0.036557551473379135,,,,,,,,
,,,,,,,,,8.954471544715447e-07,11014,,,,,,,,,
44,,,,,,,,,,11014,0.018798071891069412,,,,,,,,
,,,,,,,,,8.958536585365853e-07,11019,,,,,,,,,
44,,,,,,,,,,11019,0.053024690598249435,,,,,,,,
,,,,,,,,,8.962601626016259e-07,11024,,,,,,,,,
44,,,,,,,,,,11024,0.041123613715171814,,,,,,,,
,,,,,,,,,8.966666666666666e-07,11029,,,,,,,,,
44,,,,,,,,,,11029,0.04835960268974304,,,,,,,,
,,,,,,,,,8.970731707317073e-07,11034,,,,,,,,,
44,,,,,,,,,,11034,0.05365849286317825,,,,,,,,
,,,,,,,,,8.974796747967479e-07,11039,,,,,,,,,
44,,,,,,,,,,11039,0.04037637636065483,,,,,,,,
,,,,,,,,,8.978861788617885e-07,11044,,,,,,,,,
44,,,,,,,,,,11044,0.02711385302245617,,,,,,,,
,,,,,,,,,8.982926829268292e-07,11049,,,,,,,,,
44,,,,,,,,,,11049,0.062122642993927,,,,,,,,
,,,,,,,,,8.986991869918698e-07,11054,,,,,,,,,
44,,,,,,,,,,11054,0.041671980172395706,,,,,,,,
,,,,,,,,,8.991056910569104e-07,11059,,,,,,,,,
44,,,,,,,,,,11059,0.04257098585367203,,,,,,,,
,,,,,,,,,8.995121951219512e-07,11064,,,,,,,,,
44,,,,,,,,,,11064,0.07080041617155075,,,,,,,,
,,,,,,,,,8.999186991869919e-07,11069,,,,,,,,,
44,,,,,,,,,,11069,0.001785367843694985,,,,,,,,
44,,,,,,,,,,11069,,0.7076923251152039,0.800000011920929,0.06294433027505875,0.06294433027505875,0.2688791751861572,0.7599999904632568,0.8444444537162781,0.19331781566143036
,,,,,,,,,9.003252032520325e-07,11074,,,,,,,,,
45,,,,,,,,,,11074,0.04064911976456642,,,,,,,,
,,,,,,,,,9.007317073170732e-07,11079,,,,,,,,,
45,,,,,,,,,,11079,0.0251010712236166,,,,,,,,
,,,,,,,,,9.011382113821138e-07,11084,,,,,,,,,
45,,,,,,,,,,11084,0.04639872908592224,,,,,,,,
,,,,,,,,,9.015447154471544e-07,11089,,,,,,,,,
45,,,,,,,,,,11089,0.007705087773501873,,,,,,,,
,,,,,,,,,9.019512195121951e-07,11094,,,,,,,,,
45,,,,,,,,,,11094,0.04608998820185661,,,,,,,,
,,,,,,,,,9.023577235772357e-07,11099,,,,,,,,,
45,,,,,,,,,,11099,0.04400179162621498,,,,,,,,
,,,,,,,,,9.027642276422763e-07,11104,,,,,,,,,
45,,,,,,,,,,11104,0.049484338611364365,,,,,,,,
,,,,,,,,,9.031707317073171e-07,11109,,,,,,,,,
45,,,,,,,,,,11109,0.02208411879837513,,,,,,,,
,,,,,,,,,9.035772357723577e-07,11114,,,,,,,,,
45,,,,,,,,,,11114,0.036507297307252884,,,,,,,,
,,,,,,,,,9.039837398373983e-07,11119,,,,,,,,,
45,,,,,,,,,,11119,0.01929565519094467,,,,,,,,
,,,,,,,,,9.04390243902439e-07,11124,,,,,,,,,
45,,,,,,,,,,11124,0.03672581538558006,,,,,,,,
,,,,,,,,,9.047967479674796e-07,11129,,,,,,,,,
45,,,,,,,,,,11129,0.048351746052503586,,,,,,,,
,,,,,,,,,9.052032520325202e-07,11134,,,,,,,,,
45,,,,,,,,,,11134,0.02056163363158703,,,,,,,,
,,,,,,,,,9.056097560975609e-07,11139,,,,,,,,,
45,,,,,,,,,,11139,0.052614644169807434,,,,,,,,
,,,,,,,,,9.060162601626016e-07,11144,,,,,,,,,
45,,,,,,,,,,11144,0.05206916108727455,,,,,,,,
,,,,,,,,,9.064227642276422e-07,11149,,,,,,,,,
45,,,,,,,,,,11149,0.03452368080615997,,,,,,,,
,,,,,,,,,9.068292682926829e-07,11154,,,,,,,,,
45,,,,,,,,,,11154,0.036316320300102234,,,,,,,,
,,,,,,,,,9.072357723577235e-07,11159,,,,,,,,,
45,,,,,,,,,,11159,0.04238671064376831,,,,,,,,
,,,,,,,,,9.076422764227641e-07,11164,,,,,,,,,
45,,,,,,,,,,11164,0.021467236801981926,,,,,,,,
,,,,,,,,,9.080487804878048e-07,11169,,,,,,,,,
45,,,,,,,,,,11169,0.03253313526511192,,,,,,,,
,,,,,,,,,9.084552845528454e-07,11174,,,,,,,,,
45,,,,,,,,,,11174,0.02892995811998844,,,,,,,,
,,,,,,,,,9.08861788617886e-07,11179,,,,,,,,,
45,,,,,,,,,,11179,0.03531092405319214,,,,,,,,
,,,,,,,,,9.092682926829269e-07,11184,,,,,,,,,
45,,,,,,,,,,11184,0.06640662252902985,,,,,,,,
,,,,,,,,,9.096747967479675e-07,11189,,,,,,,,,
45,,,,,,,,,,11189,0.034979693591594696,,,,,,,,
,,,,,,,,,9.100813008130081e-07,11194,,,,,,,,,
45,,,,,,,,,,11194,0.06330623477697372,,,,,,,,
,,,,,,,,,9.104878048780488e-07,11199,,,,,,,,,
45,,,,,,,,,,11199,0.03577057272195816,,,,,,,,
,,,,,,,,,9.108943089430894e-07,11204,,,,,,,,,
45,,,,,,,,,,11204,0.04842367395758629,,,,,,,,
,,,,,,,,,9.1130081300813e-07,11209,,,,,,,,,
45,,,,,,,,,,11209,0.021740708500146866,,,,,,,,
,,,,,,,,,9.117073170731707e-07,11214,,,,,,,,,
45,,,,,,,,,,11214,0.009296737611293793,,,,,,,,
,,,,,,,,,9.121138211382113e-07,11219,,,,,,,,,
45,,,,,,,,,,11219,0.04303589090704918,,,,,,,,
,,,,,,,,,9.12520325203252e-07,11224,,,,,,,,,
45,,,,,,,,,,11224,0.043891772627830505,,,,,,,,
,,,,,,,,,9.129268292682927e-07,11229,,,,,,,,,
45,,,,,,,,,,11229,0.044236596673727036,,,,,,,,
,,,,,,,,,9.133333333333333e-07,11234,,,,,,,,,
45,,,,,,,,,,11234,0.02079446241259575,,,,,,,,
,,,,,,,,,9.137398373983739e-07,11239,,,,,,,,,
45,,,,,,,,,,11239,0.026026297360658646,,,,,,,,
,,,,,,,,,9.141463414634146e-07,11244,,,,,,,,,
45,,,,,,,,,,11244,0.0262476596981287,,,,,,,,
,,,,,,,,,9.145528455284552e-07,11249,,,,,,,,,
45,,,,,,,,,,11249,0.04396553710103035,,,,,,,,
,,,,,,,,,9.149593495934958e-07,11254,,,,,,,,,
45,,,,,,,,,,11254,0.028352992609143257,,,,,,,,
,,,,,,,,,9.153658536585366e-07,11259,,,,,,,,,
45,,,,,,,,,,11259,0.052498698234558105,,,,,,,,
,,,,,,,,,9.157723577235772e-07,11264,,,,,,,,,
45,,,,,,,,,,11264,0.04906201362609863,,,,,,,,
,,,,,,,,,9.161788617886178e-07,11269,,,,,,,,,
45,,,,,,,,,,11269,0.05050747096538544,,,,,,,,
,,,,,,,,,9.165853658536585e-07,11274,,,,,,,,,
45,,,,,,,,,,11274,0.057961877435445786,,,,,,,,
,,,,,,,,,9.169918699186991e-07,11279,,,,,,,,,
45,,,,,,,,,,11279,0.0302309300750494,,,,,,,,
,,,,,,,,,9.173983739837397e-07,11284,,,,,,,,,
45,,,,,,,,,,11284,0.04872536286711693,,,,,,,,
,,,,,,,,,9.178048780487805e-07,11289,,,,,,,,,
45,,,,,,,,,,11289,0.047353681176900864,,,,,,,,
,,,,,,,,,9.182113821138211e-07,11294,,,,,,,,,
45,,,,,,,,,,11294,0.03848251327872276,,,,,,,,
,,,,,,,,,9.186178861788618e-07,11299,,,,,,,,,
45,,,,,,,,,,11299,0.051184169948101044,,,,,,,,
,,,,,,,,,9.190243902439025e-07,11304,,,,,,,,,
45,,,,,,,,,,11304,0.03985540568828583,,,,,,,,
,,,,,,,,,9.194308943089431e-07,11309,,,,,,,,,
45,,,,,,,,,,11309,0.04316046088933945,,,,,,,,
,,,,,,,,,9.198373983739837e-07,11314,,,,,,,,,
45,,,,,,,,,,11314,0.07602372020483017,,,,,,,,
45,,,,,,,,,,11315,,0.7153846025466919,0.8082901835441589,0.06313688308000565,0.06313688308000565,0.24239572882652283,0.7572815418243408,0.8666666746139526,0.19307155907154083
,,,,,,,,,9.202439024390244e-07,11319,,,,,,,,,
46,,,,,,,,,,11319,0.0610627718269825,,,,,,,,
,,,,,,,,,9.20650406504065e-07,11324,,,,,,,,,
46,,,,,,,,,,11324,0.02845669351518154,,,,,,,,
,,,,,,,,,9.210569105691056e-07,11329,,,,,,,,,
46,,,,,,,,,,11329,0.0469483844935894,,,,,,,,
,,,,,,,,,9.214634146341463e-07,11334,,,,,,,,,
46,,,,,,,,,,11334,0.06134074181318283,,,,,,,,
,,,,,,,,,9.21869918699187e-07,11339,,,,,,,,,
46,,,,,,,,,,11339,0.034024666994810104,,,,,,,,
,,,,,,,,,9.222764227642276e-07,11344,,,,,,,,,
46,,,,,,,,,,11344,0.031405724585056305,,,,,,,,
,,,,,,,,,9.226829268292683e-07,11349,,,,,,,,,
46,,,,,,,,,,11349,0.019758692011237144,,,,,,,,
,,,,,,,,,9.230894308943089e-07,11354,,,,,,,,,
46,,,,,,,,,,11354,0.05034014210104942,,,,,,,,
,,,,,,,,,9.234959349593495e-07,11359,,,,,,,,,
46,,,,,,,,,,11359,0.04393354803323746,,,,,,,,
,,,,,,,,,9.239024390243902e-07,11364,,,,,,,,,
46,,,,,,,,,,11364,0.046959590166807175,,,,,,,,
,,,,,,,,,9.243089430894308e-07,11369,,,,,,,,,
46,,,,,,,,,,11369,0.0152951804921031,,,,,,,,
,,,,,,,,,9.247154471544714e-07,11374,,,,,,,,,
46,,,,,,,,,,11374,0.05966714397072792,,,,,,,,
,,,,,,,,,9.251219512195122e-07,11379,,,,,,,,,
46,,,,,,,,,,11379,0.030692679807543755,,,,,,,,
,,,,,,,,,9.255284552845528e-07,11384,,,,,,,,,
46,,,,,,,,,,11384,0.06937901675701141,,,,,,,,
,,,,,,,,,9.259349593495934e-07,11389,,,,,,,,,
46,,,,,,,,,,11389,0.02618701010942459,,,,,,,,
,,,,,,,,,9.263414634146342e-07,11394,,,,,,,,,
46,,,,,,,,,,11394,0.050081972032785416,,,,,,,,
,,,,,,,,,9.267479674796748e-07,11399,,,,,,,,,
46,,,,,,,,,,11399,0.0646020695567131,,,,,,,,
,,,,,,,,,9.271544715447154e-07,11404,,,,,,,,,
46,,,,,,,,,,11404,0.08042974025011063,,,,,,,,
,,,,,,,,,9.275609756097561e-07,11409,,,,,,,,,
46,,,,,,,,,,11409,0.022473301738500595,,,,,,,,
,,,,,,,,,9.279674796747967e-07,11414,,,,,,,,,
46,,,,,,,,,,11414,0.04344906657934189,,,,,,,,
,,,,,,,,,9.283739837398374e-07,11419,,,,,,,,,
46,,,,,,,,,,11419,0.04013353958725929,,,,,,,,
,,,,,,,,,9.287804878048781e-07,11424,,,,,,,,,
46,,,,,,,,,,11424,0.029117578640580177,,,,,,,,
,,,,,,,,,9.291869918699187e-07,11429,,,,,,,,,
46,,,,,,,,,,11429,0.03608321771025658,,,,,,,,
,,,,,,,,,9.295934959349593e-07,11434,,,,,,,,,
46,,,,,,,,,,11434,0.05014805123209953,,,,,,,,
,,,,,,,,,9.3e-07,11439,,,,,,,,,
46,,,,,,,,,,11439,0.014834869652986526,,,,,,,,
,,,,,,,,,9.304065040650406e-07,11444,,,,,,,,,
46,,,,,,,,,,11444,0.06197327747941017,,,,,,,,
,,,,,,,,,9.308130081300812e-07,11449,,,,,,,,,
46,,,,,,,,,,11449,0.05434132739901543,,,,,,,,
,,,,,,,,,9.31219512195122e-07,11454,,,,,,,,,
46,,,,,,,,,,11454,0.0413644053041935,,,,,,,,
,,,,,,,,,9.316260162601626e-07,11459,,,,,,,,,
46,,,,,,,,,,11459,0.045724038034677505,,,,,,,,
,,,,,,,,,9.320325203252032e-07,11464,,,,,,,,,
46,,,,,,,,,,11464,0.018306134268641472,,,,,,,,
,,,,,,,,,9.324390243902439e-07,11469,,,,,,,,,
46,,,,,,,,,,11469,0.036368876695632935,,,,,,,,
,,,,,,,,,9.328455284552845e-07,11474,,,,,,,,,
46,,,,,,,,,,11474,0.03542768210172653,,,,,,,,
,,,,,,,,,9.332520325203251e-07,11479,,,,,,,,,
46,,,,,,,,,,11479,0.05517466738820076,,,,,,,,
,,,,,,,,,9.336585365853658e-07,11484,,,,,,,,,
46,,,,,,,,,,11484,0.044185321778059006,,,,,,,,
,,,,,,,,,9.340650406504064e-07,11489,,,,,,,,,
46,,,,,,,,,,11489,0.019027529284358025,,,,,,,,
,,,,,,,,,9.344715447154471e-07,11494,,,,,,,,,
46,,,,,,,,,,11494,0.03071933053433895,,,,,,,,
,,,,,,,,,9.348780487804878e-07,11499,,,,,,,,,
46,,,,,,,,,,11499,0.02245677076280117,,,,,,,,
,,,,,,,,,9.352845528455284e-07,11504,,,,,,,,,
46,,,,,,,,,,11504,0.0062159160152077675,,,,,,,,
,,,,,,,,,9.35691056910569e-07,11509,,,,,,,,,
46,,,,,,,,,,11509,0.039817001670598984,,,,,,,,
,,,,,,,,,9.360975609756098e-07,11514,,,,,,,,,
46,,,,,,,,,,11514,0.03409043699502945,,,,,,,,
,,,,,,,,,9.365040650406504e-07,11519,,,,,,,,,
46,,,,,,,,,,11519,0.05905391275882721,,,,,,,,
,,,,,,,,,9.36910569105691e-07,11524,,,,,,,,,
46,,,,,,,,,,11524,0.02515186183154583,,,,,,,,
,,,,,,,,,9.373170731707317e-07,11529,,,,,,,,,
46,,,,,,,,,,11529,0.022136934101581573,,,,,,,,
,,,,,,,,,9.377235772357724e-07,11534,,,,,,,,,
46,,,,,,,,,,11534,0.03710436075925827,,,,,,,,
,,,,,,,,,9.38130081300813e-07,11539,,,,,,,,,
46,,,,,,,,,,11539,0.04161683842539787,,,,,,,,
,,,,,,,,,9.385365853658536e-07,11544,,,,,,,,,
46,,,,,,,,,,11544,0.06266798079013824,,,,,,,,
,,,,,,,,,9.389430894308943e-07,11549,,,,,,,,,
46,,,,,,,,,,11549,0.019942890852689743,,,,,,,,
,,,,,,,,,9.393495934959349e-07,11554,,,,,,,,,
46,,,,,,,,,,11554,0.04486578702926636,,,,,,,,
,,,,,,,,,9.397560975609755e-07,11559,,,,,,,,,
46,,,,,,,,,,11559,0.07074879109859467,,,,,,,,
46,,,,,,,,,,11561,,0.7153846025466919,0.8102564215660095,0.06338489800691605,0.06338489800691605,0.25829780101776123,0.7523809671401978,0.8777777552604675,0.18522152304649353
,,,,,,,,,9.401626016260162e-07,11564,,,,,,,,,
47,,,,,,,,,,11564,0.03775620460510254,,,,,,,,
,,,,,,,,,9.405691056910568e-07,11569,,,,,,,,,
47,,,,,,,,,,11569,0.05710592865943909,,,,,,,,
,,,,,,,,,9.409756097560975e-07,11574,,,,,,,,,
47,,,,,,,,,,11574,0.03424831107258797,,,,,,,,
,,,,,,,,,9.413821138211382e-07,11579,,,,,,,,,
47,,,,,,,,,,11579,0.05279548093676567,,,,,,,,
,,,,,,,,,9.417886178861788e-07,11584,,,,,,,,,
47,,,,,,,,,,11584,0.09051977097988129,,,,,,,,
,,,,,,,,,9.421951219512194e-07,11589,,,,,,,,,
47,,,,,,,,,,11589,0.04444629326462746,,,,,,,,
,,,,,,,,,9.426016260162601e-07,11594,,,,,,,,,
47,,,,,,,,,,11594,0.04474833235144615,,,,,,,,
,,,,,,,,,9.430081300813007e-07,11599,,,,,,,,,
47,,,,,,,,,,11599,0.04911496862769127,,,,,,,,
,,,,,,,,,9.434146341463413e-07,11604,,,,,,,,,
47,,,,,,,,,,11604,0.04681951180100441,,,,,,,,
,,,,,,,,,9.438211382113821e-07,11609,,,,,,,,,
47,,,,,,,,,,11609,0.048316840082407,,,,,,,,
,,,,,,,,,9.442276422764227e-07,11614,,,,,,,,,
47,,,,,,,,,,11614,0.054024383425712585,,,,,,,,
,,,,,,,,,9.446341463414633e-07,11619,,,,,,,,,
47,,,,,,,,,,11619,0.027217812836170197,,,,,,,,
,,,,,,,,,9.450406504065041e-07,11624,,,,,,,,,
47,,,,,,,,,,11624,0.023939598351716995,,,,,,,,
,,,,,,,,,9.454471544715447e-07,11629,,,,,,,,,
47,,,,,,,,,,11629,0.05634794384241104,,,,,,,,
,,,,,,,,,9.458536585365853e-07,11634,,,,,,,,,
47,,,,,,,,,,11634,0.05284030735492706,,,,,,,,
,,,,,,,,,9.46260162601626e-07,11639,,,,,,,,,
47,,,,,,,,,,11639,0.03942938894033432,,,,,,,,
,,,,,,,,,9.466666666666666e-07,11644,,,,,,,,,
47,,,,,,,,,,11644,0.03272341564297676,,,,,,,,
,,,,,,,,,9.470731707317073e-07,11649,,,,,,,,,
47,,,,,,,,,,11649,0.05839810147881508,,,,,,,,
,,,,,,,,,9.47479674796748e-07,11654,,,,,,,,,
47,,,,,,,,,,11654,0.1055803894996643,,,,,,,,
,,,,,,,,,9.478861788617886e-07,11659,,,,,,,,,
47,,,,,,,,,,11659,0.053353775292634964,,,,,,,,
,,,,,,,,,9.482926829268292e-07,11664,,,,,,,,,
47,,,,,,,,,,11664,0.027179686352610588,,,,,,,,
,,,,,,,,,9.486991869918699e-07,11669,,,,,,,,,
47,,,,,,,,,,11669,0.042830005288124084,,,,,,,,
,,,,,,,,,9.491056910569105e-07,11674,,,,,,,,,
47,,,,,,,,,,11674,0.023971302434802055,,,,,,,,
,,,,,,,,,9.495121951219511e-07,11679,,,,,,,,,
47,,,,,,,,,,11679,0.017701400443911552,,,,,,,,
,,,,,,,,,9.499186991869918e-07,11684,,,,,,,,,
47,,,,,,,,,,11684,0.05336202308535576,,,,,,,,
,,,,,,,,,9.503252032520325e-07,11689,,,,,,,,,
47,,,,,,,,,,11689,0.0536307618021965,,,,,,,,
,,,,,,,,,9.507317073170731e-07,11694,,,,,,,,,
47,,,,,,,,,,11694,0.07177604734897614,,,,,,,,
,,,,,,,,,9.511382113821138e-07,11699,,,,,,,,,
47,,,,,,,,,,11699,0.03185587376356125,,,,,,,,
,,,,,,,,,9.515447154471544e-07,11704,,,,,,,,,
47,,,,,,,,,,11704,0.03610238432884216,,,,,,,,
,,,,,,,,,9.51951219512195e-07,11709,,,,,,,,,
47,,,,,,,,,,11709,0.031580280512571335,,,,,,,,
,,,,,,,,,9.523577235772357e-07,11714,,,,,,,,,
47,,,,,,,,,,11714,0.031032195314764977,,,,,,,,
,,,,,,,,,9.527642276422763e-07,11719,,,,,,,,,
47,,,,,,,,,,11719,0.016574189066886902,,,,,,,,
,,,,,,,,,9.531707317073169e-07,11724,,,,,,,,,
47,,,,,,,,,,11724,0.05937233939766884,,,,,,,,
,,,,,,,,,9.535772357723578e-07,11729,,,,,,,,,
47,,,,,,,,,,11729,0.04736524820327759,,,,,,,,
,,,,,,,,,9.539837398373982e-07,11734,,,,,,,,,
47,,,,,,,,,,11734,0.025403209030628204,,,,,,,,
,,,,,,,,,9.543902439024388e-07,11739,,,,,,,,,
47,,,,,,,,,,11739,0.029801687225699425,,,,,,,,
,,,,,,,,,9.547967479674797e-07,11744,,,,,,,,,
47,,,,,,,,,,11744,0.05502859875559807,,,,,,,,
,,,,,,,,,9.552032520325203e-07,11749,,,,,,,,,
47,,,,,,,,,,11749,0.028051460161805153,,,,,,,,
,,,,,,,,,9.556097560975609e-07,11754,,,,,,,,,
47,,,,,,,,,,11754,0.03410661220550537,,,,,,,,
,,,,,,,,,9.560162601626017e-07,11759,,,,,,,,,
47,,,,,,,,,,11759,0.025290818884968758,,,,,,,,
,,,,,,,,,9.564227642276423e-07,11764,,,,,,,,,
47,,,,,,,,,,11764,0.052603766322135925,,,,,,,,
,,,,,,,,,9.568292682926829e-07,11769,,,,,,,,,
47,,,,,,,,,,11769,0.04620671644806862,,,,,,,,
,,,,,,,,,9.572357723577235e-07,11774,,,,,,,,,
47,,,,,,,,,,11774,0.03894120082259178,,,,,,,,
,,,,,,,,,9.57642276422764e-07,11779,,,,,,,,,
47,,,,,,,,,,11779,0.06938502937555313,,,,,,,,
,,,,,,,,,9.58048780487805e-07,11784,,,,,,,,,
47,,,,,,,,,,11784,0.05992753803730011,,,,,,,,
,,,,,,,,,9.584552845528455e-07,11789,,,,,,,,,
47,,,,,,,,,,11789,0.07352172583341599,,,,,,,,
,,,,,,,,,9.58861788617886e-07,11794,,,,,,,,,
47,,,,,,,,,,11794,0.02227392978966236,,,,,,,,
,,,,,,,,,9.592682926829267e-07,11799,,,,,,,,,
47,,,,,,,,,,11799,0.025332583114504814,,,,,,,,
,,,,,,,,,9.596747967479675e-07,11804,,,,,,,,,
47,,,,,,,,,,11804,0.04648071900010109,,,,,,,,
47,,,,,,,,,,11807,,0.7153846025466919,0.8082901835441589,0.06279172748327255,0.06279172748327255,0.257760226726532,0.7572815418243408,0.8666666746139526,0.19469955563545227
,,,,,,,,,9.600813008130081e-07,11809,,,,,,,,,
48,,,,,,,,,,11809,0.04684358462691307,,,,,,,,
,,,,,,,,,9.604878048780487e-07,11814,,,,,,,,,
48,,,,,,,,,,11814,0.014915344305336475,,,,,,,,
,,,,,,,,,9.608943089430893e-07,11819,,,,,,,,,
48,,,,,,,,,,11819,0.020420551300048828,,,,,,,,
,,,,,,,,,9.613008130081301e-07,11824,,,,,,,,,
48,,,,,,,,,,11824,0.06650683283805847,,,,,,,,
,,,,,,,,,9.617073170731707e-07,11829,,,,,,,,,
48,,,,,,,,,,11829,0.03877205401659012,,,,,,,,
,,,,,,,,,9.621138211382113e-07,11834,,,,,,,,,
48,,,,,,,,,,11834,0.03841181471943855,,,,,,,,
,,,,,,,,,9.62520325203252e-07,11839,,,,,,,,,
48,,,,,,,,,,11839,0.020922020077705383,,,,,,,,
,,,,,,,,,9.629268292682925e-07,11844,,,,,,,,,
48,,,,,,,,,,11844,0.020772458985447884,,,,,,,,
,,,,,,,,,9.633333333333334e-07,11849,,,,,,,,,
48,,,,,,,,,,11849,0.04792122170329094,,,,,,,,
,,,,,,,,,9.63739837398374e-07,11854,,,,,,,,,
48,,,,,,,,,,11854,0.0503859706223011,,,,,,,,
,,,,,,,,,9.641463414634146e-07,11859,,,,,,,,,
48,,,,,,,,,,11859,0.016806188970804214,,,,,,,,
,,,,,,,,,9.645528455284554e-07,11864,,,,,,,,,
48,,,,,,,,,,11864,0.04187598451972008,,,,,,,,
,,,,,,,,,9.64959349593496e-07,11869,,,,,,,,,
48,,,,,,,,,,11869,0.048802994191646576,,,,,,,,
,,,,,,,,,9.653658536585366e-07,11874,,,,,,,,,
48,,,,,,,,,,11874,0.05624225735664368,,,,,,,,
,,,,,,,,,9.657723577235772e-07,11879,,,,,,,,,
48,,,,,,,,,,11879,0.04585244879126549,,,,,,,,
,,,,,,,,,9.661788617886178e-07,11884,,,,,,,,,
48,,,,,,,,,,11884,0.03473638743162155,,,,,,,,
,,,,,,,,,9.665853658536584e-07,11889,,,,,,,,,
48,,,,,,,,,,11889,0.06348482519388199,,,,,,,,
,,,,,,,,,9.669918699186992e-07,11894,,,,,,,,,
48,,,,,,,,,,11894,0.05627337098121643,,,,,,,,
,,,,,,,,,9.673983739837398e-07,11899,,,,,,,,,
48,,,,,,,,,,11899,0.009941336698830128,,,,,,,,
,,,,,,,,,9.678048780487804e-07,11904,,,,,,,,,
48,,,,,,,,,,11904,0.038916803896427155,,,,,,,,
,,,,,,,,,9.682113821138212e-07,11909,,,,,,,,,
48,,,,,,,,,,11909,0.08419935405254364,,,,,,,,
,,,,,,,,,9.686178861788618e-07,11914,,,,,,,,,
48,,,,,,,,,,11914,0.04877088963985443,,,,,,,,
,,,,,,,,,9.690243902439024e-07,11919,,,,,,,,,
48,,,,,,,,,,11919,0.04236165061593056,,,,,,,,
,,,,,,,,,9.69430894308943e-07,11924,,,,,,,,,
48,,,,,,,,,,11924,0.04957909509539604,,,,,,,,
,,,,,,,,,9.698373983739836e-07,11929,,,,,,,,,
48,,,,,,,,,,11929,0.06107868254184723,,,,,,,,
,,,,,,,,,9.702439024390242e-07,11934,,,,,,,,,
48,,,,,,,,,,11934,0.038189616054296494,,,,,,,,
,,,,,,,,,9.70650406504065e-07,11939,,,,,,,,,
48,,,,,,,,,,11939,0.034151069819927216,,,,,,,,
,,,,,,,,,9.710569105691056e-07,11944,,,,,,,,,
48,,,,,,,,,,11944,0.021536707878112793,,,,,,,,
,,,,,,,,,9.714634146341462e-07,11949,,,,,,,,,
48,,,,,,,,,,11949,0.05060132220387459,,,,,,,,
,,,,,,,,,9.71869918699187e-07,11954,,,,,,,,,
48,,,,,,,,,,11954,0.035433780401945114,,,,,,,,
,,,,,,,,,9.722764227642277e-07,11959,,,,,,,,,
48,,,,,,,,,,11959,0.03790493682026863,,,,,,,,
,,,,,,,,,9.726829268292683e-07,11964,,,,,,,,,
48,,,,,,,,,,11964,0.07194574922323227,,,,,,,,
,,,,,,,,,9.730894308943089e-07,11969,,,,,,,,,
48,,,,,,,,,,11969,0.03875802829861641,,,,,,,,
,,,,,,,,,9.734959349593495e-07,11974,,,,,,,,,
48,,,,,,,,,,11974,0.04014699161052704,,,,,,,,
,,,,,,,,,9.739024390243903e-07,11979,,,,,,,,,
48,,,,,,,,,,11979,0.030181892216205597,,,,,,,,
,,,,,,,,,9.743089430894309e-07,11984,,,,,,,,,
48,,,,,,,,,,11984,0.01825670525431633,,,,,,,,
,,,,,,,,,9.747154471544715e-07,11989,,,,,,,,,
48,,,,,,,,,,11989,0.06609398126602173,,,,,,,,
,,,,,,,,,9.75121951219512e-07,11994,,,,,,,,,
48,,,,,,,,,,11994,0.06117982417345047,,,,,,,,
,,,,,,,,,9.755284552845529e-07,11999,,,,,,,,,
48,,,,,,,,,,11999,0.07604959607124329,,,,,,,,
,,,,,,,,,9.759349593495935e-07,12004,,,,,,,,,
48,,,,,,,,,,12004,0.03491060808300972,,,,,,,,
,,,,,,,,,9.76341463414634e-07,12009,,,,,,,,,
48,,,,,,,,,,12009,0.03450583294034004,,,,,,,,
,,,,,,,,,9.76747967479675e-07,12014,,,,,,,,,
48,,,,,,,,,,12014,0.03148733079433441,,,,,,,,
,,,,,,,,,9.771544715447155e-07,12019,,,,,,,,,
48,,,,,,,,,,12019,0.0444394014775753,,,,,,,,
,,,,,,,,,9.775609756097561e-07,12024,,,,,,,,,
48,,,,,,,,,,12024,0.04261438921093941,,,,,,,,
,,,,,,,,,9.779674796747967e-07,12029,,,,,,,,,
48,,,,,,,,,,12029,0.02970784530043602,,,,,,,,
,,,,,,,,,9.783739837398373e-07,12034,,,,,,,,,
48,,,,,,,,,,12034,0.042501434683799744,,,,,,,,
,,,,,,,,,9.78780487804878e-07,12039,,,,,,,,,
48,,,,,,,,,,12039,0.04383989796042442,,,,,,,,
,,,,,,,,,9.791869918699185e-07,12044,,,,,,,,,
48,,,,,,,,,,12044,0.04772549495100975,,,,,,,,
,,,,,,,,,9.795934959349593e-07,12049,,,,,,,,,
48,,,,,,,,,,12049,0.03810323029756546,,,,,,,,
48,,,,,,,,,,12053,,0.7076923251152039,0.8020833134651184,0.06422515958547592,0.06422515958547592,0.26470232009887695,0.7549019455909729,0.855555534362793,0.19023962318897247
,,,,,,,,,9.8e-07,12054,,,,,,,,,
49,,,,,,,,,,12054,0.05310721695423126,,,,,,,,
,,,,,,,,,9.804065040650405e-07,12059,,,,,,,,,
49,,,,,,,,,,12059,0.027779458090662956,,,,,,,,
,,,,,,,,,9.808130081300813e-07,12064,,,,,,,,,
49,,,,,,,,,,12064,0.042540837079286575,,,,,,,,
,,,,,,,,,9.81219512195122e-07,12069,,,,,,,,,
49,,,,,,,,,,12069,0.08307588845491409,,,,,,,,
,,,,,,,,,9.816260162601626e-07,12074,,,,,,,,,
49,,,,,,,,,,12074,0.04556254670023918,,,,,,,,
,,,,,,,,,9.820325203252032e-07,12079,,,,,,,,,
49,,,,,,,,,,12079,0.010449880734086037,,,,,,,,
,,,,,,,,,9.824390243902438e-07,12084,,,,,,,,,
49,,,,,,,,,,12084,0.06430459767580032,,,,,,,,
,,,,,,,,,9.828455284552844e-07,12089,,,,,,,,,
49,,,,,,,,,,12089,0.032085057348012924,,,,,,,,
,,,,,,,,,9.832520325203252e-07,12094,,,,,,,,,
49,,,,,,,,,,12094,0.014183181338012218,,,,,,,,
,,,,,,,,,9.836585365853658e-07,12099,,,,,,,,,
49,,,,,,,,,,12099,0.017241669818758965,,,,,,,,
,,,,,,,,,9.840650406504064e-07,12104,,,,,,,,,
49,,,,,,,,,,12104,0.052373405545949936,,,,,,,,
,,,,,,,,,9.844715447154472e-07,12109,,,,,,,,,
49,,,,,,,,,,12109,0.07285410165786743,,,,,,,,
,,,,,,,,,9.848780487804878e-07,12114,,,,,,,,,
49,,,,,,,,,,12114,0.020573731511831284,,,,,,,,
,,,,,,,,,9.852845528455284e-07,12119,,,,,,,,,
49,,,,,,,,,,12119,0.034746840596199036,,,,,,,,
,,,,,,,,,9.85691056910569e-07,12124,,,,,,,,,
49,,,,,,,,,,12124,0.042484432458877563,,,,,,,,
,,,,,,,,,9.860975609756096e-07,12129,,,,,,,,,
49,,,,,,,,,,12129,0.04053197056055069,,,,,,,,
,,,,,,,,,9.865040650406504e-07,12134,,,,,,,,,
49,,,,,,,,,,12134,0.02889375202357769,,,,,,,,
,,,,,,,,,9.86910569105691e-07,12139,,,,,,,,,
49,,,,,,,,,,12139,0.08400613069534302,,,,,,,,
,,,,,,,,,9.873170731707316e-07,12144,,,,,,,,,
49,,,,,,,,,,12144,0.07160767167806625,,,,,,,,
,,,,,,,,,9.877235772357722e-07,12149,,,,,,,,,
49,,,,,,,,,,12149,0.04163318872451782,,,,,,,,
,,,,,,,,,9.88130081300813e-07,12154,,,,,,,,,
49,,,,,,,,,,12154,0.053800635039806366,,,,,,,,
,,,,,,,,,9.885365853658536e-07,12159,,,,,,,,,
49,,,,,,,,,,12159,0.038845401257276535,,,,,,,,
,,,,,,,,,9.889430894308942e-07,12164,,,,,,,,,
49,,,,,,,,,,12164,0.04107779636979103,,,,,,,,
,,,,,,,,,9.89349593495935e-07,12169,,,,,,,,,
49,,,,,,,,,,12169,0.030709393322467804,,,,,,,,
,,,,,,,,,9.897560975609756e-07,12174,,,,,,,,,
49,,,,,,,,,,12174,0.030504947528243065,,,,,,,,
,,,,,,,,,9.901626016260162e-07,12179,,,,,,,,,
49,,,,,,,,,,12179,0.044841133058071136,,,,,,,,
,,,,,,,,,9.905691056910569e-07,12184,,,,,,,,,
49,,,,,,,,,,12184,0.042346879839897156,,,,,,,,
,,,,,,,,,9.909756097560975e-07,12189,,,,,,,,,
49,,,,,,,,,,12189,0.014089200645685196,,,,,,,,
,,,,,,,,,9.91382113821138e-07,12194,,,,,,,,,
49,,,,,,,,,,12194,0.037911634892225266,,,,,,,,
,,,,,,,,,9.917886178861789e-07,12199,,,,,,,,,
49,,,,,,,,,,12199,0.04144563153386116,,,,,,,,
,,,,,,,,,9.921951219512195e-07,12204,,,,,,,,,
49,,,,,,,,,,12204,0.01593880169093609,,,,,,,,
,,,,,,,,,9.9260162601626e-07,12209,,,,,,,,,
49,,,,,,,,,,12209,0.06052720546722412,,,,,,,,
,,,,,,,,,9.930081300813009e-07,12214,,,,,,,,,
49,,,,,,,,,,12214,0.05199536308646202,,,,,,,,
,,,,,,,,,9.934146341463415e-07,12219,,,,,,,,,
49,,,,,,,,,,12219,0.05758831277489662,,,,,,,,
,,,,,,,,,9.93821138211382e-07,12224,,,,,,,,,
49,,,,,,,,,,12224,0.048485737293958664,,,,,,,,
,,,,,,,,,9.942276422764227e-07,12229,,,,,,,,,
49,,,,,,,,,,12229,0.03605756163597107,,,,,,,,
,,,,,,,,,9.946341463414633e-07,12234,,,,,,,,,
49,,,,,,,,,,12234,0.0076400479301810265,,,,,,,,
,,,,,,,,,9.950406504065039e-07,12239,,,,,,,,,
49,,,,,,,,,,12239,0.02395886369049549,,,,,,,,
,,,,,,,,,9.954471544715447e-07,12244,,,,,,,,,
49,,,,,,,,,,12244,0.02349628508090973,,,,,,,,
,,,,,,,,,9.958536585365853e-07,12249,,,,,,,,,
49,,,,,,,,,,12249,0.051549240946769714,,,,,,,,
,,,,,,,,,9.96260162601626e-07,12254,,,,,,,,,
49,,,,,,,,,,12254,0.015871530398726463,,,,,,,,
,,,,,,,,,9.966666666666667e-07,12259,,,,,,,,,
49,,,,,,,,,,12259,0.021003354340791702,,,,,,,,
,,,,,,,,,9.970731707317073e-07,12264,,,,,,,,,
49,,,,,,,,,,12264,0.039107099175453186,,,,,,,,
,,,,,,,,,9.97479674796748e-07,12269,,,,,,,,,
49,,,,,,,,,,12269,0.02619532309472561,,,,,,,,
,,,,,,,,,9.978861788617885e-07,12274,,,,,,,,,
49,,,,,,,,,,12274,0.025740187615156174,,,,,,,,
,,,,,,,,,9.982926829268291e-07,12279,,,,,,,,,
49,,,,,,,,,,12279,0.03222116082906723,,,,,,,,
,,,,,,,,,9.986991869918697e-07,12284,,,,,,,,,
49,,,,,,,,,,12284,0.056402113288640976,,,,,,,,
,,,,,,,,,9.991056910569105e-07,12289,,,,,,,,,
49,,,,,,,,,,12289,0.027157103642821312,,,,,,,,
,,,,,,,,,9.995121951219511e-07,12294,,,,,,,,,
49,,,,,,,,,,12294,0.030934542417526245,,,,,,,,
,,,,,,,,,9.999186991869917e-07,12299,,,,,,,,,
49,,,,,,,,,,12299,0.1572398990392685,,,,,,,,
49,,,,,,,,,,12299,,0.7076923251152039,0.8020833134651184,0.0637105256319046,0.0637105256319046,0.2728514075279236,0.7549019455909729,0.855555534362793,0.20518726110458374
,,,,,,,,,9.996747967479673e-07,12304,,,,,,,,,
50,,,,,,,,,,12304,0.03758685663342476,,,,,,,,
,,,,,,,,,9.992682926829267e-07,12309,,,,,,,,,
50,,,,,,,,,,12309,0.04505068436264992,,,,,,,,
,,,,,,,,,9.988617886178861e-07,12314,,,,,,,,,
50,,,,,,,,,,12314,0.02024838887155056,,,,,,,,
,,,,,,,,,9.984552845528455e-07,12319,,,,,,,,,
50,,,,,,,,,,12319,0.013245107606053352,,,,,,,,
,,,,,,,,,9.980487804878047e-07,12324,,,,,,,,,
50,,,,,,,,,,12324,0.041103288531303406,,,,,,,,
,,,,,,,,,9.976422764227641e-07,12329,,,,,,,,,
50,,,,,,,,,,12329,0.045115210115909576,,,,,,,,
,,,,,,,,,9.972357723577235e-07,12334,,,,,,,,,
50,,,,,,,,,,12334,0.034509602934122086,,,,,,,,
,,,,,,,,,9.96829268292683e-07,12339,,,,,,,,,
50,,,,,,,,,,12339,0.04134437441825867,,,,,,,,
,,,,,,,,,9.964227642276423e-07,12344,,,,,,,,,
50,,,,,,,,,,12344,0.05587325617671013,,,,,,,,
,,,,,,,,,9.960162601626015e-07,12349,,,,,,,,,
50,,,,,,,,,,12349,0.05314522609114647,,,,,,,,
,,,,,,,,,9.95609756097561e-07,12354,,,,,,,,,
50,,,,,,,,,,12354,0.027375131845474243,,,,,,,,
,,,,,,,,,9.952032520325203e-07,12359,,,,,,,,,
50,,,,,,,,,,12359,0.023191016167402267,,,,,,,,
,,,,,,,,,9.947967479674795e-07,12364,,,,,,,,,
50,,,,,,,,,,12364,0.019245967268943787,,,,,,,,
,,,,,,,,,9.943902439024389e-07,12369,,,,,,,,,
50,,,,,,,,,,12369,0.013731328770518303,,,,,,,,
,,,,,,,,,9.939837398373983e-07,12374,,,,,,,,,
50,,,,,,,,,,12374,0.028386957943439484,,,,,,,,
,,,,,,,,,9.935772357723577e-07,12379,,,,,,,,,
50,,,,,,,,,,12379,0.027287671342492104,,,,,,,,
,,,,,,,,,9.93170731707317e-07,12384,,,,,,,,,
50,,,,,,,,,,12384,0.0492798388004303,,,,,,,,
,,,,,,,,,9.927642276422765e-07,12389,,,,,,,,,
50,,,,,,,,,,12389,0.06845959275960922,,,,,,,,
,,,,,,,,,9.923577235772357e-07,12394,,,,,,,,,
50,,,,,,,,,,12394,0.053875379264354706,,,,,,,,
,,,,,,,,,9.91951219512195e-07,12399,,,,,,,,,
50,,,,,,,,,,12399,0.023467956110835075,,,,,,,,
,,,,,,,,,9.915447154471545e-07,12404,,,,,,,,,
50,,,,,,,,,,12404,0.03528290241956711,,,,,,,,
,,,,,,,,,9.911382113821137e-07,12409,,,,,,,,,
50,,,,,,,,,,12409,0.0490662083029747,,,,,,,,
,,,,,,,,,9.90731707317073e-07,12414,,,,,,,,,
50,,,,,,,,,,12414,0.029315264895558357,,,,,,,,
,,,,,,,,,9.903252032520324e-07,12419,,,,,,,,,
50,,,,,,,,,,12419,0.021072568371891975,,,,,,,,
,,,,,,,,,9.899186991869918e-07,12424,,,,,,,,,
50,,,,,,,,,,12424,0.013626032508909702,,,,,,,,
,,,,,,,,,9.895121951219512e-07,12429,,,,,,,,,
50,,,,,,,,,,12429,0.030787024646997452,,,,,,,,
,,,,,,,,,9.891056910569106e-07,12434,,,,,,,,,
50,,,,,,,,,,12434,0.03687294200062752,,,,,,,,
,,,,,,,,,9.886991869918698e-07,12439,,,,,,,,,
50,,,,,,,,,,12439,0.041144516319036484,,,,,,,,
,,,,,,,,,9.882926829268292e-07,12444,,,,,,,,,
50,,,,,,,,,,12444,0.025537971407175064,,,,,,,,
,,,,,,,,,9.878861788617886e-07,12449,,,,,,,,,
50,,,,,,,,,,12449,0.0337655209004879,,,,,,,,
,,,,,,,,,9.874796747967478e-07,12454,,,,,,,,,
50,,,,,,,,,,12454,0.042665909975767136,,,,,,,,
,,,,,,,,,9.870731707317072e-07,12459,,,,,,,,,
50,,,,,,,,,,12459,0.03195488452911377,,,,,,,,
,,,,,,,,,9.866666666666666e-07,12464,,,,,,,,,
50,,,,,,,,,,12464,0.02457958646118641,,,,,,,,
,,,,,,,,,9.86260162601626e-07,12469,,,,,,,,,
50,,,,,,,,,,12469,0.03287225589156151,,,,,,,,
,,,,,,,,,9.858536585365854e-07,12474,,,,,,,,,
50,,,,,,,,,,12474,0.025246940553188324,,,,,,,,
,,,,,,,,,9.854471544715446e-07,12479,,,,,,,,,
50,,,,,,,,,,12479,0.03657376393675804,,,,,,,,
,,,,,,,,,9.85040650406504e-07,12484,,,,,,,,,
50,,,,,,,,,,12484,0.019946767017245293,,,,,,,,
,,,,,,,,,9.846341463414634e-07,12489,,,,,,,,,
50,,,,,,,,,,12489,0.046408284455537796,,,,,,,,
,,,,,,,,,9.842276422764228e-07,12494,,,,,,,,,
50,,,,,,,,,,12494,0.06361232697963715,,,,,,,,
,,,,,,,,,9.83821138211382e-07,12499,,,,,,,,,
50,,,,,,,,,,12499,0.057617656886577606,,,,,,,,
,,,,,,,,,9.834146341463414e-07,12504,,,,,,,,,
50,,,,,,,,,,12504,0.03187680244445801,,,,,,,,
,,,,,,,,,9.830081300813008e-07,12509,,,,,,,,,
50,,,,,,,,,,12509,0.040358204394578934,,,,,,,,
,,,,,,,,,9.826016260162602e-07,12514,,,,,,,,,
50,,,,,,,,,,12514,0.027542220428586006,,,,,,,,
,,,,,,,,,9.821951219512194e-07,12519,,,,,,,,,
50,,,,,,,,,,12519,0.022920522838830948,,,,,,,,
,,,,,,,,,9.817886178861788e-07,12524,,,,,,,,,
50,,,,,,,,,,12524,0.04274403676390648,,,,,,,,
,,,,,,,,,9.813821138211381e-07,12529,,,,,,,,,
50,,,,,,,,,,12529,0.09038947522640228,,,,,,,,
,,,,,,,,,9.809756097560975e-07,12534,,,,,,,,,
50,,,,,,,,,,12534,0.029069015756249428,,,,,,,,
,,,,,,,,,9.80569105691057e-07,12539,,,,,,,,,
50,,,,,,,,,,12539,0.017601406201720238,,,,,,,,
,,,,,,,,,9.801626016260161e-07,12544,,,,,,,,,
50,,,,,,,,,,12544,0.05224991217255592,,,,,,,,
50,,,,,,,,,,12545,,0.7307692170143127,0.8128342032432556,0.06212778761982918,0.06212778761982918,0.2956230640411377,0.7835051417350769,0.8444444537162781,0.24637193977832794
,,,,,,,,,9.797560975609755e-07,12549,,,,,,,,,
51,,,,,,,,,,12549,0.03708219155669212,,,,,,,,
,,,,,,,,,9.79349593495935e-07,12554,,,,,,,,,
51,,,,,,,,,,12554,0.05452365428209305,,,,,,,,
,,,,,,,,,9.789430894308943e-07,12559,,,,,,,,,
51,,,,,,,,,,12559,0.031177284196019173,,,,,,,,
,,,,,,,,,9.785365853658535e-07,12564,,,,,,,,,
51,,,,,,,,,,12564,0.046705298125743866,,,,,,,,
,,,,,,,,,9.78130081300813e-07,12569,,,,,,,,,
51,,,,,,,,,,12569,0.02786029316484928,,,,,,,,
,,,,,,,,,9.777235772357723e-07,12574,,,,,,,,,
51,,,,,,,,,,12574,0.02677847072482109,,,,,,,,
,,,,,,,,,9.773170731707317e-07,12579,,,,,,,,,
51,,,,,,,,,,12579,0.051322903484106064,,,,,,,,
,,,,,,,,,9.769105691056911e-07,12584,,,,,,,,,
51,,,,,,,,,,12584,0.018525101244449615,,,,,,,,
,,,,,,,,,9.765040650406505e-07,12589,,,,,,,,,
51,,,,,,,,,,12589,0.03878461569547653,,,,,,,,
,,,,,,,,,9.760975609756097e-07,12594,,,,,,,,,
51,,,,,,,,,,12594,0.018253277987241745,,,,,,,,
,,,,,,,,,9.75691056910569e-07,12599,,,,,,,,,
51,,,,,,,,,,12599,0.05795740336179733,,,,,,,,
,,,,,,,,,9.752845528455285e-07,12604,,,,,,,,,
51,,,,,,,,,,12604,0.06768009811639786,,,,,,,,
,,,,,,,,,9.748780487804877e-07,12609,,,,,,,,,
51,,,,,,,,,,12609,0.034426718950271606,,,,,,,,
,,,,,,,,,9.74471544715447e-07,12614,,,,,,,,,
51,,,,,,,,,,12614,0.01881370320916176,,,,,,,,
,,,,,,,,,9.740650406504065e-07,12619,,,,,,,,,
51,,,,,,,,,,12619,0.0404808446764946,,,,,,,,
,,,,,,,,,9.736585365853659e-07,12624,,,,,,,,,
51,,,,,,,,,,12624,0.054997317492961884,,,,,,,,
,,,,,,,,,9.732520325203253e-07,12629,,,,,,,,,
51,,,,,,,,,,12629,0.05537000671029091,,,,,,,,
,,,,,,,,,9.728455284552845e-07,12634,,,,,,,,,
51,,,,,,,,,,12634,0.09085871279239655,,,,,,,,
,,,,,,,,,9.724390243902439e-07,12639,,,,,,,,,
51,,,,,,,,,,12639,0.07823828607797623,,,,,,,,
,,,,,,,,,9.720325203252033e-07,12644,,,,,,,,,
51,,,,,,,,,,12644,0.03846854716539383,,,,,,,,
,,,,,,,,,9.716260162601626e-07,12649,,,,,,,,,
51,,,,,,,,,,12649,0.02264830656349659,,,,,,,,
,,,,,,,,,9.712195121951218e-07,12654,,,,,,,,,
51,,,,,,,,,,12654,0.07665099948644638,,,,,,,,
,,,,,,,,,9.708130081300812e-07,12659,,,,,,,,,
51,,,,,,,,,,12659,0.04573923721909523,,,,,,,,
,,,,,,,,,9.704065040650406e-07,12664,,,,,,,,,
51,,,,,,,,,,12664,0.020697051659226418,,,,,,,,
,,,,,,,,,9.7e-07,12669,,,,,,,,,
51,,,,,,,,,,12669,0.04645349457859993,,,,,,,,
,,,,,,,,,9.695934959349592e-07,12674,,,,,,,,,
51,,,,,,,,,,12674,0.03078473173081875,,,,,,,,
,,,,,,,,,9.691869918699186e-07,12679,,,,,,,,,
51,,,,,,,,,,12679,0.019260872155427933,,,,,,,,
,,,,,,,,,9.68780487804878e-07,12684,,,,,,,,,
51,,,,,,,,,,12684,0.04170067235827446,,,,,,,,
,,,,,,,,,9.683739837398374e-07,12689,,,,,,,,,
51,,,,,,,,,,12689,0.057697657495737076,,,,,,,,
,,,,,,,,,9.679674796747968e-07,12694,,,,,,,,,
51,,,,,,,,,,12694,0.022417668253183365,,,,,,,,
,,,,,,,,,9.67560975609756e-07,12699,,,,,,,,,
51,,,,,,,,,,12699,0.02441980317234993,,,,,,,,
,,,,,,,,,9.671544715447154e-07,12704,,,,,,,,,
51,,,,,,,,,,12704,0.05028802528977394,,,,,,,,
,,,,,,,,,9.667479674796748e-07,12709,,,,,,,,,
51,,,,,,,,,,12709,0.03888038545846939,,,,,,,,
,,,,,,,,,9.66341463414634e-07,12714,,,,,,,,,
51,,,,,,,,,,12714,0.06064220517873764,,,,,,,,
,,,,,,,,,9.659349593495934e-07,12719,,,,,,,,,
51,,,,,,,,,,12719,0.03680739551782608,,,,,,,,
,,,,,,,,,9.655284552845528e-07,12724,,,,,,,,,
51,,,,,,,,,,12724,0.018306413665413857,,,,,,,,
,,,,,,,,,9.651219512195122e-07,12729,,,,,,,,,
51,,,,,,,,,,12729,0.03527653589844704,,,,,,,,
,,,,,,,,,9.647154471544716e-07,12734,,,,,,,,,
51,,,,,,,,,,12734,0.031106548383831978,,,,,,,,
,,,,,,,,,9.64308943089431e-07,12739,,,,,,,,,
51,,,,,,,,,,12739,0.04426409676671028,,,,,,,,
,,,,,,,,,9.639024390243902e-07,12744,,,,,,,,,
51,,,,,,,,,,12744,0.09372000396251678,,,,,,,,
,,,,,,,,,9.634959349593496e-07,12749,,,,,,,,,
51,,,,,,,,,,12749,0.03539702668786049,,,,,,,,
,,,,,,,,,9.63089430894309e-07,12754,,,,,,,,,
51,,,,,,,,,,12754,0.025266410782933235,,,,,,,,
,,,,,,,,,9.626829268292681e-07,12759,,,,,,,,,
51,,,,,,,,,,12759,0.026088841259479523,,,,,,,,
,,,,,,,,,9.622764227642275e-07,12764,,,,,,,,,
51,,,,,,,,,,12764,0.02378714829683304,,,,,,,,
,,,,,,,,,9.61869918699187e-07,12769,,,,,,,,,
51,,,,,,,,,,12769,0.021161390468478203,,,,,,,,
,,,,,,,,,9.614634146341463e-07,12774,,,,,,,,,
51,,,,,,,,,,12774,0.02121010795235634,,,,,,,,
,,,,,,,,,9.610569105691057e-07,12779,,,,,,,,,
51,,,,,,,,,,12779,0.07116293162107468,,,,,,,,
,,,,,,,,,9.606504065040651e-07,12784,,,,,,,,,
51,,,,,,,,,,12784,0.056835588067770004,,,,,,,,
,,,,,,,,,9.602439024390243e-07,12789,,,,,,,,,
51,,,,,,,,,,12789,0.032189298421144485,,,,,,,,
51,,,,,,,,,,12791,,0.7153846025466919,0.8062826991081238,0.0641191378235817,0.0641191378235817,0.27897316217422485,0.7623762488365173,0.855555534362793,0.2366832047700882
,,,,,,,,,9.598373983739837e-07,12794,,,,,,,,,
52,,,,,,,,,,12794,0.02635417878627777,,,,,,,,
,,,,,,,,,9.594308943089431e-07,12799,,,,,,,,,
52,,,,,,,,,,12799,0.020919736474752426,,,,,,,,
,,,,,,,,,9.590243902439023e-07,12804,,,,,,,,,
52,,,,,,,,,,12804,0.0835738405585289,,,,,,,,
,,,,,,,,,9.586178861788617e-07,12809,,,,,,,,,
52,,,,,,,,,,12809,0.07433874905109406,,,,,,,,
,,,,,,,,,9.58211382113821e-07,12814,,,,,,,,,
52,,,,,,,,,,12814,0.037529107183218,,,,,,,,
,,,,,,,,,9.578048780487805e-07,12819,,,,,,,,,
52,,,,,,,,,,12819,0.037307288497686386,,,,,,,,
,,,,,,,,,9.573983739837399e-07,12824,,,,,,,,,
52,,,,,,,,,,12824,0.05758386105298996,,,,,,,,
,,,,,,,,,9.56991869918699e-07,12829,,,,,,,,,
52,,,,,,,,,,12829,0.02423884905874729,,,,,,,,
,,,,,,,,,9.565853658536585e-07,12834,,,,,,,,,
52,,,,,,,,,,12834,0.05533711984753609,,,,,,,,
,,,,,,,,,9.561788617886179e-07,12839,,,,,,,,,
52,,,,,,,,,,12839,0.06713853031396866,,,,,,,,
,,,,,,,,,9.557723577235773e-07,12844,,,,,,,,,
52,,,,,,,,,,12844,0.05212266743183136,,,,,,,,
,,,,,,,,,9.553658536585365e-07,12849,,,,,,,,,
52,,,,,,,,,,12849,0.057884491980075836,,,,,,,,
,,,,,,,,,9.549593495934959e-07,12854,,,,,,,,,
52,,,,,,,,,,12854,0.03721817210316658,,,,,,,,
,,,,,,,,,9.545528455284553e-07,12859,,,,,,,,,
52,,,,,,,,,,12859,0.04103316366672516,,,,,,,,
,,,,,,,,,9.541463414634147e-07,12864,,,,,,,,,
52,,,,,,,,,,12864,0.021407898515462875,,,,,,,,
,,,,,,,,,9.537398373983738e-07,12869,,,,,,,,,
52,,,,,,,,,,12869,0.01619647443294525,,,,,,,,
,,,,,,,,,9.533333333333333e-07,12874,,,,,,,,,
52,,,,,,,,,,12874,0.03925968334078789,,,,,,,,
,,,,,,,,,9.529268292682926e-07,12879,,,,,,,,,
52,,,,,,,,,,12879,0.04326555132865906,,,,,,,,
,,,,,,,,,9.525203252032519e-07,12884,,,,,,,,,
52,,,,,,,,,,12884,0.03092760220170021,,,,,,,,
,,,,,,,,,9.521138211382113e-07,12889,,,,,,,,,
52,,,,,,,,,,12889,0.015550724230706692,,,,,,,,
,,,,,,,,,9.517073170731706e-07,12894,,,,,,,,,
52,,,,,,,,,,12894,0.051394566893577576,,,,,,,,
,,,,,,,,,9.5130081300813e-07,12899,,,,,,,,,
52,,,,,,,,,,12899,0.03159842640161514,,,,,,,,
,,,,,,,,,9.508943089430894e-07,12904,,,,,,,,,
52,,,,,,,,,,12904,0.04618724808096886,,,,,,,,
,,,,,,,,,9.504878048780487e-07,12909,,,,,,,,,
52,,,,,,,,,,12909,0.03696407377719879,,,,,,,,
,,,,,,,,,9.500813008130081e-07,12914,,,,,,,,,
52,,,,,,,,,,12914,0.020499570295214653,,,,,,,,
,,,,,,,,,9.496747967479675e-07,12919,,,,,,,,,
52,,,,,,,,,,12919,0.024744560942053795,,,,,,,,
,,,,,,,,,9.492682926829267e-07,12924,,,,,,,,,
52,,,,,,,,,,12924,0.06368640065193176,,,,,,,,
,,,,,,,,,9.488617886178861e-07,12929,,,,,,,,,
52,,,,,,,,,,12929,0.039718300104141235,,,,,,,,
,,,,,,,,,9.484552845528455e-07,12934,,,,,,,,,
52,,,,,,,,,,12934,0.036734212189912796,,,,,,,,
,,,,,,,,,9.480487804878048e-07,12939,,,,,,,,,
52,,,,,,,,,,12939,0.04511416330933571,,,,,,,,
,,,,,,,,,9.476422764227642e-07,12944,,,,,,,,,
52,,,,,,,,,,12944,0.05280029773712158,,,,,,,,
,,,,,,,,,9.472357723577236e-07,12949,,,,,,,,,
52,,,,,,,,,,12949,0.01957515813410282,,,,,,,,
,,,,,,,,,9.468292682926829e-07,12954,,,,,,,,,
52,,,,,,,,,,12954,0.010336605831980705,,,,,,,,
,,,,,,,,,9.464227642276423e-07,12959,,,,,,,,,
52,,,,,,,,,,12959,0.05558744817972183,,,,,,,,
,,,,,,,,,9.460162601626016e-07,12964,,,,,,,,,
52,,,,,,,,,,12964,0.03602053225040436,,,,,,,,
,,,,,,,,,9.456097560975609e-07,12969,,,,,,,,,
52,,,,,,,,,,12969,0.04939921200275421,,,,,,,,
,,,,,,,,,9.452032520325203e-07,12974,,,,,,,,,
52,,,,,,,,,,12974,0.010965235531330109,,,,,,,,
,,,,,,,,,9.447967479674797e-07,12979,,,,,,,,,
52,,,,,,,,,,12979,0.011832491494715214,,,,,,,,
,,,,,,,,,9.443902439024389e-07,12984,,,,,,,,,
52,,,,,,,,,,12984,0.03235252574086189,,,,,,,,
,,,,,,,,,9.439837398373983e-07,12989,,,,,,,,,
52,,,,,,,,,,12989,0.043939415365457535,,,,,,,,
,,,,,,,,,9.435772357723577e-07,12994,,,,,,,,,
52,,,,,,,,,,12994,0.05120617896318436,,,,,,,,
,,,,,,,,,9.43170731707317e-07,12999,,,,,,,,,
52,,,,,,,,,,12999,0.028558529913425446,,,,,,,,
,,,,,,,,,9.427642276422763e-07,13004,,,,,,,,,
52,,,,,,,,,,13004,0.027528995648026466,,,,,,,,
,,,,,,,,,9.423577235772357e-07,13009,,,,,,,,,
52,,,,,,,,,,13009,0.032535798847675323,,,,,,,,
,,,,,,,,,9.41951219512195e-07,13014,,,,,,,,,
52,,,,,,,,,,13014,0.04039672017097473,,,,,,,,
,,,,,,,,,9.415447154471544e-07,13019,,,,,,,,,
52,,,,,,,,,,13019,0.0319928377866745,,,,,,,,
,,,,,,,,,9.411382113821138e-07,13024,,,,,,,,,
52,,,,,,,,,,13024,0.02760385349392891,,,,,,,,
,,,,,,,,,9.407317073170731e-07,13029,,,,,,,,,
52,,,,,,,,,,13029,0.0449567511677742,,,,,,,,
,,,,,,,,,9.403252032520325e-07,13034,,,,,,,,,
52,,,,,,,,,,13034,0.03527116775512695,,,,,,,,
52,,,,,,,,,,13037,,0.7461538314819336,0.8272251486778259,0.0608425997197628,0.0608425997197628,0.31047967076301575,0.7821782231330872,0.8777777552604675,0.2707182466983795
,,,,,,,,,9.399186991869919e-07,13039,,,,,,,,,
53,,,,,,,,,,13039,0.041884586215019226,,,,,,,,
,,,,,,,,,9.395121951219511e-07,13044,,,,,,,,,
53,,,,,,,,,,13044,0.08355813473463058,,,,,,,,
,,,,,,,,,9.391056910569105e-07,13049,,,,,,,,,
53,,,,,,,,,,13049,0.031294841319322586,,,,,,,,
,,,,,,,,,9.386991869918699e-07,13054,,,,,,,,,
53,,,,,,,,,,13054,0.025626452639698982,,,,,,,,
,,,,,,,,,9.382926829268292e-07,13059,,,,,,,,,
53,,,,,,,,,,13059,0.06162219122052193,,,,,,,,
,,,,,,,,,9.378861788617886e-07,13064,,,,,,,,,
53,,,,,,,,,,13064,0.04333985969424248,,,,,,,,
,,,,,,,,,9.37479674796748e-07,13069,,,,,,,,,
53,,,,,,,,,,13069,0.028847167268395424,,,,,,,,
,,,,,,,,,9.370731707317074e-07,13074,,,,,,,,,
53,,,,,,,,,,13074,0.027039095759391785,,,,,,,,
,,,,,,,,,9.366666666666666e-07,13079,,,,,,,,,
53,,,,,,,,,,13079,0.054582711309194565,,,,,,,,
,,,,,,,,,9.36260162601626e-07,13084,,,,,,,,,
53,,,,,,,,,,13084,0.0709136351943016,,,,,,,,
,,,,,,,,,9.358536585365854e-07,13089,,,,,,,,,
53,,,,,,,,,,13089,0.02158261649310589,,,,,,,,
,,,,,,,,,9.354471544715446e-07,13094,,,,,,,,,
53,,,,,,,,,,13094,0.036599110811948776,,,,,,,,
,,,,,,,,,9.35040650406504e-07,13099,,,,,,,,,
53,,,,,,,,,,13099,0.022092077881097794,,,,,,,,
,,,,,,,,,9.346341463414634e-07,13104,,,,,,,,,
53,,,,,,,,,,13104,0.011848533526062965,,,,,,,,
,,,,,,,,,9.342276422764227e-07,13109,,,,,,,,,
53,,,,,,,,,,13109,0.016873357817530632,,,,,,,,
,,,,,,,,,9.338211382113821e-07,13114,,,,,,,,,
53,,,,,,,,,,13114,0.04235580563545227,,,,,,,,
,,,,,,,,,9.334146341463414e-07,13119,,,,,,,,,
53,,,,,,,,,,13119,0.024801254272460938,,,,,,,,
,,,,,,,,,9.330081300813007e-07,13124,,,,,,,,,
53,,,,,,,,,,13124,0.02638881839811802,,,,,,,,
,,,,,,,,,9.326016260162601e-07,13129,,,,,,,,,
53,,,,,,,,,,13129,0.05550654977560043,,,,,,,,
,,,,,,,,,9.321951219512195e-07,13134,,,,,,,,,
53,,,,,,,,,,13134,0.03481559455394745,,,,,,,,
,,,,,,,,,9.317886178861788e-07,13139,,,,,,,,,
53,,,,,,,,,,13139,0.028218556195497513,,,,,,,,
,,,,,,,,,9.313821138211382e-07,13144,,,,,,,,,
53,,,,,,,,,,13144,0.0497112050652504,,,,,,,,
,,,,,,,,,9.309756097560976e-07,13149,,,,,,,,,
53,,,,,,,,,,13149,0.022795170545578003,,,,,,,,
,,,,,,,,,9.305691056910569e-07,13154,,,,,,,,,
53,,,,,,,,,,13154,0.022809596732258797,,,,,,,,
,,,,,,,,,9.301626016260162e-07,13159,,,,,,,,,
53,,,,,,,,,,13159,0.10432828217744827,,,,,,,,
,,,,,,,,,9.297560975609756e-07,13164,,,,,,,,,
53,,,,,,,,,,13164,0.018757471814751625,,,,,,,,
,,,,,,,,,9.293495934959349e-07,13169,,,,,,,,,
53,,,,,,,,,,13169,0.05475463718175888,,,,,,,,
,,,,,,,,,9.289430894308943e-07,13174,,,,,,,,,
53,,,,,,,,,,13174,0.06782519817352295,,,,,,,,
,,,,,,,,,9.285365853658537e-07,13179,,,,,,,,,
53,,,,,,,,,,13179,0.03235975280404091,,,,,,,,
,,,,,,,,,9.28130081300813e-07,13184,,,,,,,,,
53,,,,,,,,,,13184,0.05719609558582306,,,,,,,,
,,,,,,,,,9.277235772357724e-07,13189,,,,,,,,,
53,,,,,,,,,,13189,0.012833787128329277,,,,,,,,
,,,,,,,,,9.273170731707318e-07,13194,,,,,,,,,
53,,,,,,,,,,13194,0.0854729562997818,,,,,,,,
,,,,,,,,,9.26910569105691e-07,13199,,,,,,,,,
53,,,,,,,,,,13199,0.03906717896461487,,,,,,,,
,,,,,,,,,9.265040650406503e-07,13204,,,,,,,,,
53,,,,,,,,,,13204,0.011376483365893364,,,,,,,,
,,,,,,,,,9.260975609756097e-07,13209,,,,,,,,,
53,,,,,,,,,,13209,0.030432112514972687,,,,,,,,
,,,,,,,,,9.25691056910569e-07,13214,,,,,,,,,
53,,,,,,,,,,13214,0.02240598015487194,,,,,,,,
,,,,,,,,,9.252845528455284e-07,13219,,,,,,,,,
53,,,,,,,,,,13219,0.08643290400505066,,,,,,,,
,,,,,,,,,9.248780487804878e-07,13224,,,,,,,,,
53,,,,,,,,,,13224,0.011803808622062206,,,,,,,,
,,,,,,,,,9.244715447154471e-07,13229,,,,,,,,,
53,,,,,,,,,,13229,0.029269486665725708,,,,,,,,
,,,,,,,,,9.240650406504064e-07,13234,,,,,,,,,
53,,,,,,,,,,13234,0.07446250319480896,,,,,,,,
,,,,,,,,,9.236585365853658e-07,13239,,,,,,,,,
53,,,,,,,,,,13239,0.04875825345516205,,,,,,,,
,,,,,,,,,9.232520325203251e-07,13244,,,,,,,,,
53,,,,,,,,,,13244,0.013776148669421673,,,,,,,,
,,,,,,,,,9.228455284552845e-07,13249,,,,,,,,,
53,,,,,,,,,,13249,0.041235778480768204,,,,,,,,
,,,,,,,,,9.224390243902439e-07,13254,,,,,,,,,
53,,,,,,,,,,13254,0.05455039069056511,,,,,,,,
,,,,,,,,,9.220325203252032e-07,13259,,,,,,,,,
53,,,,,,,,,,13259,0.08340488374233246,,,,,,,,
,,,,,,,,,9.216260162601626e-07,13264,,,,,,,,,
53,,,,,,,,,,13264,0.05131029710173607,,,,,,,,
,,,,,,,,,9.21219512195122e-07,13269,,,,,,,,,
53,,,,,,,,,,13269,0.018841715529561043,,,,,,,,
,,,,,,,,,9.208130081300812e-07,13274,,,,,,,,,
53,,,,,,,,,,13274,0.015878746286034584,,,,,,,,
,,,,,,,,,9.204065040650406e-07,13279,,,,,,,,,
53,,,,,,,,,,13279,0.07816001027822495,,,,,,,,
53,,,,,,,,,,13283,,0.7307692170143127,0.8205128312110901,0.06406764686107635,0.06406764686107635,0.3568960130214691,0.761904776096344,0.8888888955116272,0.30661940574645996
,,,,,,,,,9.2e-07,13284,,,,,,,,,
54,,,,,,,,,,13284,0.02782612293958664,,,,,,,,
,,,,,,,,,9.195934959349593e-07,13289,,,,,,,,,
54,,,,,,,,,,13289,0.014068025164306164,,,,,,,,
,,,,,,,,,9.191869918699187e-07,13294,,,,,,,,,
54,,,,,,,,,,13294,0.042586103081703186,,,,,,,,
,,,,,,,,,9.187804878048781e-07,13299,,,,,,,,,
54,,,,,,,,,,13299,0.07641594856977463,,,,,,,,
,,,,,,,,,9.183739837398374e-07,13304,,,,,,,,,
54,,,,,,,,,,13304,0.019560791552066803,,,,,,,,
,,,,,,,,,9.179674796747968e-07,13309,,,,,,,,,
54,,,,,,,,,,13309,0.044845595955848694,,,,,,,,
,,,,,,,,,9.17560975609756e-07,13314,,,,,,,,,
54,,,,,,,,,,13314,0.015019618906080723,,,,,,,,
,,,,,,,,,9.171544715447153e-07,13319,,,,,,,,,
54,,,,,,,,,,13319,0.013642208650708199,,,,,,,,
,,,,,,,,,9.167479674796747e-07,13324,,,,,,,,,
54,,,,,,,,,,13324,0.044597078114748,,,,,,,,
,,,,,,,,,9.163414634146341e-07,13329,,,,,,,,,
54,,,,,,,,,,13329,0.05717679113149643,,,,,,,,
,,,,,,,,,9.159349593495934e-07,13334,,,,,,,,,
54,,,,,,,,,,13334,0.05261886119842529,,,,,,,,
,,,,,,,,,9.155284552845528e-07,13339,,,,,,,,,
54,,,,,,,,,,13339,0.03237508237361908,,,,,,,,
,,,,,,,,,9.151219512195122e-07,13344,,,,,,,,,
54,,,,,,,,,,13344,0.05058949440717697,,,,,,,,
,,,,,,,,,9.147154471544714e-07,13349,,,,,,,,,
54,,,,,,,,,,13349,0.03718571737408638,,,,,,,,
,,,,,,,,,9.143089430894308e-07,13354,,,,,,,,,
54,,,,,,,,,,13354,0.046173594892024994,,,,,,,,
,,,,,,,,,9.139024390243902e-07,13359,,,,,,,,,
54,,,,,,,,,,13359,0.041711460798978806,,,,,,,,
,,,,,,,,,9.134959349593495e-07,13364,,,,,,,,,
54,,,,,,,,,,13364,0.03317782282829285,,,,,,,,
,,,,,,,,,9.130894308943089e-07,13369,,,,,,,,,
54,,,,,,,,,,13369,0.032123956829309464,,,,,,,,
,,,,,,,,,9.126829268292683e-07,13374,,,,,,,,,
54,,,,,,,,,,13374,0.05675075948238373,,,,,,,,
,,,,,,,,,9.122764227642276e-07,13379,,,,,,,,,
54,,,,,,,,,,13379,0.028599930927157402,,,,,,,,
,,,,,,,,,9.11869918699187e-07,13384,,,,,,,,,
54,,,,,,,,,,13384,0.035448331385850906,,,,,,,,
,,,,,,,,,9.114634146341463e-07,13389,,,,,,,,,
54,,,,,,,,,,13389,0.02593904361128807,,,,,,,,
,,,,,,,,,9.110569105691056e-07,13394,,,,,,,,,
54,,,,,,,,,,13394,0.020685475319623947,,,,,,,,
,,,,,,,,,9.10650406504065e-07,13399,,,,,,,,,
54,,,,,,,,,,13399,0.033310335129499435,,,,,,,,
,,,,,,,,,9.102439024390244e-07,13404,,,,,,,,,
54,,,,,,,,,,13404,0.01577957719564438,,,,,,,,
,,,,,,,,,9.098373983739837e-07,13409,,,,,,,,,
54,,,,,,,,,,13409,0.0479423888027668,,,,,,,,
,,,,,,,,,9.094308943089431e-07,13414,,,,,,,,,
54,,,,,,,,,,13414,0.03623104840517044,,,,,,,,
,,,,,,,,,9.090243902439025e-07,13419,,,,,,,,,
54,,,,,,,,,,13419,0.03349001705646515,,,,,,,,
,,,,,,,,,9.086178861788618e-07,13424,,,,,,,,,
54,,,,,,,,,,13424,0.01781543157994747,,,,,,,,
,,,,,,,,,9.08211382113821e-07,13429,,,,,,,,,
54,,,,,,,,,,13429,0.045105814933776855,,,,,,,,
,,,,,,,,,9.078048780487804e-07,13434,,,,,,,,,
54,,,,,,,,,,13434,0.06292762607336044,,,,,,,,
,,,,,,,,,9.073983739837397e-07,13439,,,,,,,,,
54,,,,,,,,,,13439,0.04268985241651535,,,,,,,,
,,,,,,,,,9.069918699186991e-07,13444,,,,,,,,,
54,,,,,,,,,,13444,0.023378297686576843,,,,,,,,
,,,,,,,,,9.065853658536585e-07,13449,,,,,,,,,
54,,,,,,,,,,13449,0.033217258751392365,,,,,,,,
,,,,,,,,,9.061788617886178e-07,13454,,,,,,,,,
54,,,,,,,,,,13454,0.051034003496170044,,,,,,,,
,,,,,,,,,9.057723577235772e-07,13459,,,,,,,,,
54,,,,,,,,,,13459,0.01413281261920929,,,,,,,,
,,,,,,,,,9.053658536585366e-07,13464,,,,,,,,,
54,,,,,,,,,,13464,0.02869970165193081,,,,,,,,
,,,,,,,,,9.049593495934958e-07,13469,,,,,,,,,
54,,,,,,,,,,13469,0.0374508760869503,,,,,,,,
,,,,,,,,,9.045528455284552e-07,13474,,,,,,,,,
54,,,,,,,,,,13474,0.054440226405858994,,,,,,,,
,,,,,,,,,9.041463414634146e-07,13479,,,,,,,,,
54,,,,,,,,,,13479,0.022772211581468582,,,,,,,,
,,,,,,,,,9.037398373983739e-07,13484,,,,,,,,,
54,,,,,,,,,,13484,0.020288407802581787,,,,,,,,
,,,,,,,,,9.033333333333333e-07,13489,,,,,,,,,
54,,,,,,,,,,13489,0.028365952894091606,,,,,,,,
,,,,,,,,,9.029268292682927e-07,13494,,,,,,,,,
54,,,,,,,,,,13494,0.018402766436338425,,,,,,,,
,,,,,,,,,9.02520325203252e-07,13499,,,,,,,,,
54,,,,,,,,,,13499,0.044506411999464035,,,,,,,,
,,,,,,,,,9.021138211382113e-07,13504,,,,,,,,,
54,,,,,,,,,,13504,0.05347118526697159,,,,,,,,
,,,,,,,,,9.017073170731707e-07,13509,,,,,,,,,
54,,,,,,,,,,13509,0.026586703956127167,,,,,,,,
,,,,,,,,,9.0130081300813e-07,13514,,,,,,,,,
54,,,,,,,,,,13514,0.0490453839302063,,,,,,,,
,,,,,,,,,9.008943089430894e-07,13519,,,,,,,,,
54,,,,,,,,,,13519,0.03256089240312576,,,,,,,,
,,,,,,,,,9.004878048780488e-07,13524,,,,,,,,,
54,,,,,,,,,,13524,0.07138426601886749,,,,,,,,
,,,,,,,,,9.000813008130081e-07,13529,,,,,,,,,
54,,,,,,,,,,13529,0.07577721029520035,,,,,,,,
54,,,,,,,,,,13529,,0.7307692170143127,0.8148148059844971,0.06136808171868324,0.06136808171868324,0.34390154480934143,0.7777777910232544,0.855555534362793,0.2940029799938202
,,,,,,,,,8.996747967479675e-07,13534,,,,,,,,,
55,,,,,,,,,,13534,0.02924705110490322,,,,,,,,
,,,,,,,,,8.992682926829269e-07,13539,,,,,,,,,
55,,,,,,,,,,13539,0.059921253472566605,,,,,,,,
,,,,,,,,,8.98861788617886e-07,13544,,,,,,,,,
55,,,,,,,,,,13544,0.04628240317106247,,,,,,,,
,,,,,,,,,8.984552845528454e-07,13549,,,,,,,,,
55,,,,,,,,,,13549,0.01736009679734707,,,,,,,,
,,,,,,,,,8.980487804878048e-07,13554,,,,,,,,,
55,,,,,,,,,,13554,0.02255549281835556,,,,,,,,
,,,,,,,,,8.976422764227641e-07,13559,,,,,,,,,
55,,,,,,,,,,13559,0.042048778384923935,,,,,,,,
,,,,,,,,,8.972357723577235e-07,13564,,,,,,,,,
55,,,,,,,,,,13564,0.02715756744146347,,,,,,,,
,,,,,,,,,8.968292682926829e-07,13569,,,,,,,,,
55,,,,,,,,,,13569,0.04326878488063812,,,,,,,,
,,,,,,,,,8.964227642276422e-07,13574,,,,,,,,,
55,,,,,,,,,,13574,0.021165020763874054,,,,,,,,
,,,,,,,,,8.960162601626016e-07,13579,,,,,,,,,
55,,,,,,,,,,13579,0.026149338111281395,,,,,,,,
,,,,,,,,,8.956097560975609e-07,13584,,,,,,,,,
55,,,,,,,,,,13584,0.054305847734212875,,,,,,,,
,,,,,,,,,8.952032520325203e-07,13589,,,,,,,,,
55,,,,,,,,,,13589,0.04309077933430672,,,,,,,,
,,,,,,,,,8.947967479674796e-07,13594,,,,,,,,,
55,,,,,,,,,,13594,0.0394802950322628,,,,,,,,
,,,,,,,,,8.94390243902439e-07,13599,,,,,,,,,
55,,,,,,,,,,13599,0.020356256514787674,,,,,,,,
,,,,,,,,,8.939837398373984e-07,13604,,,,,,,,,
55,,,,,,,,,,13604,0.034201256930828094,,,,,,,,
,,,,,,,,,8.935772357723577e-07,13609,,,,,,,,,
55,,,,,,,,,,13609,0.04733387380838394,,,,,,,,
,,,,,,,,,8.931707317073171e-07,13614,,,,,,,,,
55,,,,,,,,,,13614,0.0754256397485733,,,,,,,,
,,,,,,,,,8.927642276422765e-07,13619,,,,,,,,,
55,,,,,,,,,,13619,0.03221716731786728,,,,,,,,
,,,,,,,,,8.923577235772357e-07,13624,,,,,,,,,
55,,,,,,,,,,13624,0.03258981928229332,,,,,,,,
,,,,,,,,,8.919512195121951e-07,13629,,,,,,,,,
55,,,,,,,,,,13629,0.06751572340726852,,,,,,,,
,,,,,,,,,8.915447154471545e-07,13634,,,,,,,,,
55,,,,,,,,,,13634,0.05299079418182373,,,,,,,,
,,,,,,,,,8.911382113821138e-07,13639,,,,,,,,,
55,,,,,,,,,,13639,0.03906555473804474,,,,,,,,
,,,,,,,,,8.907317073170732e-07,13644,,,,,,,,,
55,,,,,,,,,,13644,0.025695672258734703,,,,,,,,
,,,,,,,,,8.903252032520326e-07,13649,,,,,,,,,
55,,,,,,,,,,13649,0.019470565021038055,,,,,,,,
,,,,,,,,,8.899186991869918e-07,13654,,,,,,,,,
55,,,,,,,,,,13654,0.03978893905878067,,,,,,,,
,,,,,,,,,8.895121951219511e-07,13659,,,,,,,,,
55,,,,,,,,,,13659,0.04296356439590454,,,,,,,,
,,,,,,,,,8.891056910569105e-07,13664,,,,,,,,,
55,,,,,,,,,,13664,0.04230377823114395,,,,,,,,
,,,,,,,,,8.886991869918698e-07,13669,,,,,,,,,
55,,,,,,,,,,13669,0.026612956076860428,,,,,,,,
,,,,,,,,,8.882926829268292e-07,13674,,,,,,,,,
55,,,,,,,,,,13674,0.018080025911331177,,,,,,,,
,,,,,,,,,8.878861788617886e-07,13679,,,,,,,,,
55,,,,,,,,,,13679,0.026543743908405304,,,,,,,,
,,,,,,,,,8.874796747967479e-07,13684,,,,,,,,,
55,,,,,,,,,,13684,0.022518673911690712,,,,,,,,
,,,,,,,,,8.870731707317073e-07,13689,,,,,,,,,
55,,,,,,,,,,13689,0.0100404042750597,,,,,,,,
,,,,,,,,,8.866666666666667e-07,13694,,,,,,,,,
55,,,,,,,,,,13694,0.02712921053171158,,,,,,,,
,,,,,,,,,8.862601626016259e-07,13699,,,,,,,,,
55,,,,,,,,,,13699,0.029418857768177986,,,,,,,,
,,,,,,,,,8.858536585365853e-07,13704,,,,,,,,,
55,,,,,,,,,,13704,0.05957058072090149,,,,,,,,
,,,,,,,,,8.854471544715447e-07,13709,,,,,,,,,
55,,,,,,,,,,13709,0.05115395039319992,,,,,,,,
,,,,,,,,,8.85040650406504e-07,13714,,,,,,,,,
55,,,,,,,,,,13714,0.01012242492288351,,,,,,,,
,,,,,,,,,8.846341463414634e-07,13719,,,,,,,,,
55,,,,,,,,,,13719,0.01488634292036295,,,,,,,,
,,,,,,,,,8.842276422764228e-07,13724,,,,,,,,,
55,,,,,,,,,,13724,0.020289918407797813,,,,,,,,
,,,,,,,,,8.838211382113821e-07,13729,,,,,,,,,
55,,,,,,,,,,13729,0.01469410676509142,,,,,,,,
,,,,,,,,,8.834146341463415e-07,13734,,,,,,,,,
55,,,,,,,,,,13734,0.034380897879600525,,,,,,,,
,,,,,,,,,8.830081300813008e-07,13739,,,,,,,,,
55,,,,,,,,,,13739,0.05003318190574646,,,,,,,,
,,,,,,,,,8.826016260162601e-07,13744,,,,,,,,,
55,,,,,,,,,,13744,0.03181711211800575,,,,,,,,
,,,,,,,,,8.821951219512195e-07,13749,,,,,,,,,
55,,,,,,,,,,13749,0.06758012622594833,,,,,,,,
,,,,,,,,,8.817886178861789e-07,13754,,,,,,,,,
55,,,,,,,,,,13754,0.06708841025829315,,,,,,,,
,,,,,,,,,8.813821138211382e-07,13759,,,,,,,,,
55,,,,,,,,,,13759,0.03082621470093727,,,,,,,,
,,,,,,,,,8.809756097560976e-07,13764,,,,,,,,,
55,,,,,,,,,,13764,0.042535919696092606,,,,,,,,
,,,,,,,,,8.80569105691057e-07,13769,,,,,,,,,
55,,,,,,,,,,13769,0.04152302071452141,,,,,,,,
,,,,,,,,,8.801626016260161e-07,13774,,,,,,,,,
55,,,,,,,,,,13774,0.06505521386861801,,,,,,,,
55,,,,,,,,,,13775,,0.7461538314819336,0.8253968358039856,0.06114637479186058,0.06114637479186058,0.33933815360069275,0.7878788113594055,0.8666666746139526,0.29617276787757874
,,,,,,,,,8.797560975609755e-07,13779,,,,,,,,,
56,,,,,,,,,,13779,0.01604512333869934,,,,,,,,
,,,,,,,,,8.793495934959349e-07,13784,,,,,,,,,
56,,,,,,,,,,13784,0.04045304283499718,,,,,,,,
,,,,,,,,,8.789430894308942e-07,13789,,,,,,,,,
56,,,,,,,,,,13789,0.031171360984444618,,,,,,,,
,,,,,,,,,8.785365853658536e-07,13794,,,,,,,,,
56,,,,,,,,,,13794,0.047397464513778687,,,,,,,,
,,,,,,,,,8.78130081300813e-07,13799,,,,,,,,,
56,,,,,,,,,,13799,0.028734494000673294,,,,,,,,
,,,,,,,,,8.777235772357723e-07,13804,,,,,,,,,
56,,,,,,,,,,13804,0.046604979783296585,,,,,,,,
,,,,,,,,,8.773170731707317e-07,13809,,,,,,,,,
56,,,,,,,,,,13809,0.028490392491221428,,,,,,,,
,,,,,,,,,8.76910569105691e-07,13814,,,,,,,,,
56,,,,,,,,,,13814,0.014467893168330193,,,,,,,,
,,,,,,,,,8.765040650406503e-07,13819,,,,,,,,,
56,,,,,,,,,,13819,0.047620125114917755,,,,,,,,
,,,,,,,,,8.760975609756097e-07,13824,,,,,,,,,
56,,,,,,,,,,13824,0.029961492866277695,,,,,,,,
,,,,,,,,,8.756910569105691e-07,13829,,,,,,,,,
56,,,,,,,,,,13829,0.050854120403528214,,,,,,,,
,,,,,,,,,8.752845528455284e-07,13834,,,,,,,,,
56,,,,,,,,,,13834,0.03750024735927582,,,,,,,,
,,,,,,,,,8.748780487804878e-07,13839,,,,,,,,,
56,,,,,,,,,,13839,0.03520401194691658,,,,,,,,
,,,,,,,,,8.744715447154472e-07,13844,,,,,,,,,
56,,,,,,,,,,13844,0.04196373000741005,,,,,,,,
,,,,,,,,,8.740650406504065e-07,13849,,,,,,,,,
56,,,,,,,,,,13849,0.051121924072504044,,,,,,,,
,,,,,,,,,8.736585365853658e-07,13854,,,,,,,,,
56,,,,,,,,,,13854,0.023979181423783302,,,,,,,,
,,,,,,,,,8.732520325203252e-07,13859,,,,,,,,,
56,,,,,,,,,,13859,0.017038095742464066,,,,,,,,
,,,,,,,,,8.728455284552845e-07,13864,,,,,,,,,
56,,,,,,,,,,13864,0.02200932987034321,,,,,,,,
,,,,,,,,,8.724390243902439e-07,13869,,,,,,,,,
56,,,,,,,,,,13869,0.01476224698126316,,,,,,,,
,,,,,,,,,8.720325203252033e-07,13874,,,,,,,,,
56,,,,,,,,,,13874,0.05308203771710396,,,,,,,,
,,,,,,,,,8.716260162601625e-07,13879,,,,,,,,,
56,,,,,,,,,,13879,0.05823009833693504,,,,,,,,
,,,,,,,,,8.712195121951219e-07,13884,,,,,,,,,
56,,,,,,,,,,13884,0.02799100987613201,,,,,,,,
,,,,,,,,,8.708130081300813e-07,13889,,,,,,,,,
56,,,,,,,,,,13889,0.03182222694158554,,,,,,,,
,,,,,,,,,8.704065040650405e-07,13894,,,,,,,,,
56,,,,,,,,,,13894,0.03564981371164322,,,,,,,,
,,,,,,,,,8.699999999999999e-07,13899,,,,,,,,,
56,,,,,,,,,,13899,0.027966391295194626,,,,,,,,
,,,,,,,,,8.695934959349593e-07,13904,,,,,,,,,
56,,,,,,,,,,13904,0.028080468997359276,,,,,,,,
,,,,,,,,,8.691869918699186e-07,13909,,,,,,,,,
56,,,,,,,,,,13909,0.04599427804350853,,,,,,,,
,,,,,,,,,8.68780487804878e-07,13914,,,,,,,,,
56,,,,,,,,,,13914,0.04629923775792122,,,,,,,,
,,,,,,,,,8.683739837398374e-07,13919,,,,,,,,,
56,,,,,,,,,,13919,0.013828909024596214,,,,,,,,
,,,,,,,,,8.679674796747967e-07,13924,,,,,,,,,
56,,,,,,,,,,13924,0.015021060593426228,,,,,,,,
,,,,,,,,,8.67560975609756e-07,13929,,,,,,,,,
56,,,,,,,,,,13929,0.03769339993596077,,,,,,,,
,,,,,,,,,8.671544715447154e-07,13934,,,,,,,,,
56,,,,,,,,,,13934,0.03125525638461113,,,,,,,,
,,,,,,,,,8.667479674796747e-07,13939,,,,,,,,,
56,,,,,,,,,,13939,0.032090481370687485,,,,,,,,
,,,,,,,,,8.663414634146341e-07,13944,,,,,,,,,
56,,,,,,,,,,13944,0.05183546990156174,,,,,,,,
,,,,,,,,,8.659349593495935e-07,13949,,,,,,,,,
56,,,,,,,,,,13949,0.037806738168001175,,,,,,,,
,,,,,,,,,8.655284552845528e-07,13954,,,,,,,,,
56,,,,,,,,,,13954,0.021781550720334053,,,,,,,,
,,,,,,,,,8.651219512195122e-07,13959,,,,,,,,,
56,,,,,,,,,,13959,0.029636837542057037,,,,,,,,
,,,,,,,,,8.647154471544716e-07,13964,,,,,,,,,
56,,,,,,,,,,13964,0.03876754269003868,,,,,,,,
,,,,,,,,,8.643089430894308e-07,13969,,,,,,,,,
56,,,,,,,,,,13969,0.04021890088915825,,,,,,,,
,,,,,,,,,8.639024390243902e-07,13974,,,,,,,,,
56,,,,,,,,,,13974,0.03249732032418251,,,,,,,,
,,,,,,,,,8.634959349593496e-07,13979,,,,,,,,,
56,,,,,,,,,,13979,0.02791532874107361,,,,,,,,
,,,,,,,,,8.630894308943089e-07,13984,,,,,,,,,
56,,,,,,,,,,13984,0.0703493133187294,,,,,,,,
,,,,,,,,,8.626829268292683e-07,13989,,,,,,,,,
56,,,,,,,,,,13989,0.03708347678184509,,,,,,,,
,,,,,,,,,8.622764227642276e-07,13994,,,,,,,,,
56,,,,,,,,,,13994,0.0506669282913208,,,,,,,,
,,,,,,,,,8.618699186991869e-07,13999,,,,,,,,,
56,,,,,,,,,,13999,0.03329671546816826,,,,,,,,
,,,,,,,,,8.614634146341463e-07,14004,,,,,,,,,
56,,,,,,,,,,14004,0.08824750781059265,,,,,,,,
,,,,,,,,,8.610569105691056e-07,14009,,,,,,,,,
56,,,,,,,,,,14009,0.03137563541531563,,,,,,,,
,,,,,,,,,8.606504065040649e-07,14014,,,,,,,,,
56,,,,,,,,,,14014,0.012912863865494728,,,,,,,,
,,,,,,,,,8.602439024390243e-07,14019,,,,,,,,,
56,,,,,,,,,,14019,0.04455381631851196,,,,,,,,
56,,,,,,,,,,14021,,0.7461538314819336,0.8216215968132019,0.06092802435159683,0.06092802435159683,0.3229861557483673,0.800000011920929,0.8444444537162781,0.2792797088623047
,,,,,,,,,8.598373983739837e-07,14024,,,,,,,,,
57,,,,,,,,,,14024,0.03258457034826279,,,,,,,,
,,,,,,,,,8.59430894308943e-07,14029,,,,,,,,,
57,,,,,,,,,,14029,0.02738506905734539,,,,,,,,
,,,,,,,,,8.590243902439024e-07,14034,,,,,,,,,
57,,,,,,,,,,14034,0.056560732424259186,,,,,,,,
,,,,,,,,,8.586178861788618e-07,14039,,,,,,,,,
57,,,,,,,,,,14039,0.03474471718072891,,,,,,,,
,,,,,,,,,8.58211382113821e-07,14044,,,,,,,,,
57,,,,,,,,,,14044,0.02127237059175968,,,,,,,,
,,,,,,,,,8.578048780487804e-07,14049,,,,,,,,,
57,,,,,,,,,,14049,0.0447329506278038,,,,,,,,
,,,,,,,,,8.573983739837398e-07,14054,,,,,,,,,
57,,,,,,,,,,14054,0.02201537974178791,,,,,,,,
,,,,,,,,,8.569918699186991e-07,14059,,,,,,,,,
57,,,,,,,,,,14059,0.01665983535349369,,,,,,,,
,,,,,,,,,8.565853658536585e-07,14064,,,,,,,,,
57,,,,,,,,,,14064,0.0575159527361393,,,,,,,,
,,,,,,,,,8.561788617886179e-07,14069,,,,,,,,,
57,,,,,,,,,,14069,0.017122024670243263,,,,,,,,
,,,,,,,,,8.557723577235772e-07,14074,,,,,,,,,
57,,,,,,,,,,14074,0.040349945425987244,,,,,,,,
,,,,,,,,,8.553658536585366e-07,14079,,,,,,,,,
57,,,,,,,,,,14079,0.03130219131708145,,,,,,,,
,,,,,,,,,8.549593495934959e-07,14084,,,,,,,,,
57,,,,,,,,,,14084,0.05209188163280487,,,,,,,,
,,,,,,,,,8.545528455284552e-07,14089,,,,,,,,,
57,,,,,,,,,,14089,0.015110221691429615,,,,,,,,
,,,,,,,,,8.541463414634146e-07,14094,,,,,,,,,
57,,,,,,,,,,14094,0.0425119549036026,,,,,,,,
,,,,,,,,,8.53739837398374e-07,14099,,,,,,,,,
57,,,,,,,,,,14099,0.02126370370388031,,,,,,,,
,,,,,,,,,8.533333333333334e-07,14104,,,,,,,,,
57,,,,,,,,,,14104,0.04941236227750778,,,,,,,,
,,,,,,,,,8.529268292682926e-07,14109,,,,,,,,,
57,,,,,,,,,,14109,0.022660240530967712,,,,,,,,
,,,,,,,,,8.52520325203252e-07,14114,,,,,,,,,
57,,,,,,,,,,14114,0.013694284483790398,,,,,,,,
,,,,,,,,,8.521138211382114e-07,14119,,,,,,,,,
57,,,,,,,,,,14119,0.020855167880654335,,,,,,,,
,,,,,,,,,8.517073170731706e-07,14124,,,,,,,,,
57,,,,,,,,,,14124,0.027701521292328835,,,,,,,,
,,,,,,,,,8.5130081300813e-07,14129,,,,,,,,,
57,,,,,,,,,,14129,0.025431223213672638,,,,,,,,
,,,,,,,,,8.508943089430894e-07,14134,,,,,,,,,
57,,,,,,,,,,14134,0.03223993256688118,,,,,,,,
,,,,,,,,,8.504878048780487e-07,14139,,,,,,,,,
57,,,,,,,,,,14139,0.019263533875346184,,,,,,,,
,,,,,,,,,8.500813008130081e-07,14144,,,,,,,,,
57,,,,,,,,,,14144,0.033844657242298126,,,,,,,,
,,,,,,,,,8.496747967479675e-07,14149,,,,,,,,,
57,,,,,,,,,,14149,0.035140857100486755,,,,,,,,
,,,,,,,,,8.492682926829268e-07,14154,,,,,,,,,
57,,,,,,,,,,14154,0.015258504077792168,,,,,,,,
,,,,,,,,,8.488617886178862e-07,14159,,,,,,,,,
57,,,,,,,,,,14159,0.0520971305668354,,,,,,,,
,,,,,,,,,8.484552845528455e-07,14164,,,,,,,,,
57,,,,,,,,,,14164,0.03261055052280426,,,,,,,,
,,,,,,,,,8.480487804878048e-07,14169,,,,,,,,,
57,,,,,,,,,,14169,0.03088737465441227,,,,,,,,
,,,,,,,,,8.476422764227642e-07,14174,,,,,,,,,
57,,,,,,,,,,14174,0.021380485966801643,,,,,,,,
,,,,,,,,,8.472357723577236e-07,14179,,,,,,,,,
57,,,,,,,,,,14179,0.07964678853750229,,,,,,,,
,,,,,,,,,8.468292682926829e-07,14184,,,,,,,,,
57,,,,,,,,,,14184,0.02681216038763523,,,,,,,,
,,,,,,,,,8.464227642276423e-07,14189,,,,,,,,,
57,,,,,,,,,,14189,0.03708069026470184,,,,,,,,
,,,,,,,,,8.460162601626017e-07,14194,,,,,,,,,
57,,,,,,,,,,14194,0.04513580724596977,,,,,,,,
,,,,,,,,,8.456097560975609e-07,14199,,,,,,,,,
57,,,,,,,,,,14199,0.012987427413463593,,,,,,,,
,,,,,,,,,8.452032520325203e-07,14204,,,,,,,,,
57,,,,,,,,,,14204,0.02926420047879219,,,,,,,,
,,,,,,,,,8.447967479674797e-07,14209,,,,,,,,,
57,,,,,,,,,,14209,0.007318558637052774,,,,,,,,
,,,,,,,,,8.44390243902439e-07,14214,,,,,,,,,
57,,,,,,,,,,14214,0.027934646233916283,,,,,,,,
,,,,,,,,,8.439837398373983e-07,14219,,,,,,,,,
57,,,,,,,,,,14219,0.04891537129878998,,,,,,,,
,,,,,,,,,8.435772357723577e-07,14224,,,,,,,,,
57,,,,,,,,,,14224,0.04044792801141739,,,,,,,,
,,,,,,,,,8.43170731707317e-07,14229,,,,,,,,,
57,,,,,,,,,,14229,0.038044556975364685,,,,,,,,
,,,,,,,,,8.427642276422764e-07,14234,,,,,,,,,
57,,,,,,,,,,14234,0.051915887743234634,,,,,,,,
,,,,,,,,,8.423577235772357e-07,14239,,,,,,,,,
57,,,,,,,,,,14239,0.02096329815685749,,,,,,,,
,,,,,,,,,8.41951219512195e-07,14244,,,,,,,,,
57,,,,,,,,,,14244,0.020529668778181076,,,,,,,,
,,,,,,,,,8.415447154471544e-07,14249,,,,,,,,,
57,,,,,,,,,,14249,0.04373832792043686,,,,,,,,
,,,,,,,,,8.411382113821138e-07,14254,,,,,,,,,
57,,,,,,,,,,14254,0.08333827555179596,,,,,,,,
,,,,,,,,,8.407317073170731e-07,14259,,,,,,,,,
57,,,,,,,,,,14259,0.03667689859867096,,,,,,,,
,,,,,,,,,8.403252032520325e-07,14264,,,,,,,,,
57,,,,,,,,,,14264,0.01753959059715271,,,,,,,,
57,,,,,,,,,,14267,,0.7307692170143127,0.8128342032432556,0.06373079121112823,0.06373079121112823,0.3442510664463043,0.7835051417350769,0.8444444537162781,0.292944073677063
,,,,,,,,,8.399186991869919e-07,14269,,,,,,,,,
58,,,,,,,,,,14269,0.02560623735189438,,,,,,,,
,,,,,,,,,8.395121951219512e-07,14274,,,,,,,,,
58,,,,,,,,,,14274,0.032208651304244995,,,,,,,,
,,,,,,,,,8.391056910569105e-07,14279,,,,,,,,,
58,,,,,,,,,,14279,0.02903900481760502,,,,,,,,
,,,,,,,,,8.386991869918699e-07,14284,,,,,,,,,
58,,,,,,,,,,14284,0.04769095033407211,,,,,,,,
,,,,,,,,,8.382926829268292e-07,14289,,,,,,,,,
58,,,,,,,,,,14289,0.020785942673683167,,,,,,,,
,,,,,,,,,8.378861788617886e-07,14294,,,,,,,,,
58,,,,,,,,,,14294,0.03351667523384094,,,,,,,,
,,,,,,,,,8.37479674796748e-07,14299,,,,,,,,,
58,,,,,,,,,,14299,0.04124593362212181,,,,,,,,
,,,,,,,,,8.370731707317073e-07,14304,,,,,,,,,
58,,,,,,,,,,14304,0.025271693244576454,,,,,,,,
,,,,,,,,,8.366666666666667e-07,14309,,,,,,,,,
58,,,,,,,,,,14309,0.026868954300880432,,,,,,,,
,,,,,,,,,8.362601626016261e-07,14314,,,,,,,,,
58,,,,,,,,,,14314,0.007881097495555878,,,,,,,,
,,,,,,,,,8.358536585365853e-07,14319,,,,,,,,,
58,,,,,,,,,,14319,0.03811858594417572,,,,,,,,
,,,,,,,,,8.354471544715447e-07,14324,,,,,,,,,
58,,,,,,,,,,14324,0.039590414613485336,,,,,,,,
,,,,,,,,,8.35040650406504e-07,14329,,,,,,,,,
58,,,,,,,,,,14329,0.030538087710738182,,,,,,,,
,,,,,,,,,8.346341463414633e-07,14334,,,,,,,,,
58,,,,,,,,,,14334,0.030876005068421364,,,,,,,,
,,,,,,,,,8.342276422764227e-07,14339,,,,,,,,,
58,,,,,,,,,,14339,0.027426565065979958,,,,,,,,
,,,,,,,,,8.338211382113821e-07,14344,,,,,,,,,
58,,,,,,,,,,14344,0.06916578859090805,,,,,,,,
,,,,,,,,,8.334146341463414e-07,14349,,,,,,,,,
58,,,,,,,,,,14349,0.03296317905187607,,,,,,,,
,,,,,,,,,8.330081300813007e-07,14354,,,,,,,,,
58,,,,,,,,,,14354,0.029689457267522812,,,,,,,,
,,,,,,,,,8.326016260162601e-07,14359,,,,,,,,,
58,,,,,,,,,,14359,0.040573395788669586,,,,,,,,
,,,,,,,,,8.321951219512194e-07,14364,,,,,,,,,
58,,,,,,,,,,14364,0.016446247696876526,,,,,,,,
,,,,,,,,,8.317886178861788e-07,14369,,,,,,,,,
58,,,,,,,,,,14369,0.029877128079533577,,,,,,,,
,,,,,,,,,8.313821138211382e-07,14374,,,,,,,,,
58,,,,,,,,,,14374,0.029960010200738907,,,,,,,,
,,,,,,,,,8.309756097560975e-07,14379,,,,,,,,,
58,,,,,,,,,,14379,0.11214767396450043,,,,,,,,
,,,,,,,,,8.305691056910569e-07,14384,,,,,,,,,
58,,,,,,,,,,14384,0.023697271943092346,,,,,,,,
,,,,,,,,,8.301626016260163e-07,14389,,,,,,,,,
58,,,,,,,,,,14389,0.030298808589577675,,,,,,,,
,,,,,,,,,8.297560975609755e-07,14394,,,,,,,,,
58,,,,,,,,,,14394,0.03818609192967415,,,,,,,,
,,,,,,,,,8.293495934959349e-07,14399,,,,,,,,,
58,,,,,,,,,,14399,0.019642068073153496,,,,,,,,
,,,,,,,,,8.289430894308943e-07,14404,,,,,,,,,
58,,,,,,,,,,14404,0.01644892990589142,,,,,,,,
,,,,,,,,,8.285365853658536e-07,14409,,,,,,,,,
58,,,,,,,,,,14409,0.02991929091513157,,,,,,,,
,,,,,,,,,8.28130081300813e-07,14414,,,,,,,,,
58,,,,,,,,,,14414,0.013907658867537975,,,,,,,,
,,,,,,,,,8.277235772357724e-07,14419,,,,,,,,,
58,,,,,,,,,,14419,0.023258956149220467,,,,,,,,
,,,,,,,,,8.273170731707317e-07,14424,,,,,,,,,
58,,,,,,,,,,14424,0.02868138812482357,,,,,,,,
,,,,,,,,,8.269105691056911e-07,14429,,,,,,,,,
58,,,,,,,,,,14429,0.017612945288419724,,,,,,,,
,,,,,,,,,8.265040650406504e-07,14434,,,,,,,,,
58,,,,,,,,,,14434,0.012005878612399101,,,,,,,,
,,,,,,,,,8.260975609756096e-07,14439,,,,,,,,,
58,,,,,,,,,,14439,0.043324340134859085,,,,,,,,
,,,,,,,,,8.25691056910569e-07,14444,,,,,,,,,
58,,,,,,,,,,14444,0.05279746651649475,,,,,,,,
,,,,,,,,,8.252845528455284e-07,14449,,,,,,,,,
58,,,,,,,,,,14449,0.016741817817091942,,,,,,,,
,,,,,,,,,8.248780487804877e-07,14454,,,,,,,,,
58,,,,,,,,,,14454,0.03187471628189087,,,,,,,,
,,,,,,,,,8.244715447154471e-07,14459,,,,,,,,,
58,,,,,,,,,,14459,0.05133756995201111,,,,,,,,
,,,,,,,,,8.240650406504065e-07,14464,,,,,,,,,
58,,,,,,,,,,14464,0.046227261424064636,,,,,,,,
,,,,,,,,,8.236585365853658e-07,14469,,,,,,,,,
58,,,,,,,,,,14469,0.009585359133780003,,,,,,,,
,,,,,,,,,8.232520325203251e-07,14474,,,,,,,,,
58,,,,,,,,,,14474,0.02208811044692993,,,,,,,,
,,,,,,,,,8.228455284552845e-07,14479,,,,,,,,,
58,,,,,,,,,,14479,0.020777860656380653,,,,,,,,
,,,,,,,,,8.224390243902438e-07,14484,,,,,,,,,
58,,,,,,,,,,14484,0.04451918601989746,,,,,,,,
,,,,,,,,,8.220325203252032e-07,14489,,,,,,,,,
58,,,,,,,,,,14489,0.024742966517806053,,,,,,,,
,,,,,,,,,8.216260162601626e-07,14494,,,,,,,,,
58,,,,,,,,,,14494,0.043990280479192734,,,,,,,,
,,,,,,,,,8.212195121951219e-07,14499,,,,,,,,,
58,,,,,,,,,,14499,0.020919950678944588,,,,,,,,
,,,,,,,,,8.208130081300813e-07,14504,,,,,,,,,
58,,,,,,,,,,14504,0.02516893483698368,,,,,,,,
,,,,,,,,,8.204065040650407e-07,14509,,,,,,,,,
58,,,,,,,,,,14509,0.037850942462682724,,,,,,,,
58,,,,,,,,,,14513,,0.7384615540504456,0.8229166865348816,0.06331219524145126,0.06331219524145126,0.3487583100795746,0.7745097875595093,0.8777777552604675,0.2739879786968231
,,,,,,,,,8.199999999999999e-07,14514,,,,,,,,,
59,,,,,,,,,,14514,0.04012703523039818,,,,,,,,
,,,,,,,,,8.195934959349593e-07,14519,,,,,,,,,
59,,,,,,,,,,14519,0.04474199563264847,,,,,,,,
,,,,,,,,,8.191869918699187e-07,14524,,,,,,,,,
59,,,,,,,,,,14524,0.014564025215804577,,,,,,,,
,,,,,,,,,8.18780487804878e-07,14529,,,,,,,,,
59,,,,,,,,,,14529,0.02306649647653103,,,,,,,,
,,,,,,,,,8.183739837398374e-07,14534,,,,,,,,,
59,,,,,,,,,,14534,0.0257255919277668,,,,,,,,
,,,,,,,,,8.179674796747968e-07,14539,,,,,,,,,
59,,,,,,,,,,14539,0.02074590139091015,,,,,,,,
,,,,,,,,,8.175609756097561e-07,14544,,,,,,,,,
59,,,,,,,,,,14544,0.052289124578237534,,,,,,,,
,,,,,,,,,8.171544715447153e-07,14549,,,,,,,,,
59,,,,,,,,,,14549,0.039619799703359604,,,,,,,,
,,,,,,,,,8.167479674796747e-07,14554,,,,,,,,,
59,,,,,,,,,,14554,0.031888559460639954,,,,,,,,
,,,,,,,,,8.16341463414634e-07,14559,,,,,,,,,
59,,,,,,,,,,14559,0.03085806593298912,,,,,,,,
,,,,,,,,,8.159349593495934e-07,14564,,,,,,,,,
59,,,,,,,,,,14564,0.03741023689508438,,,,,,,,
,,,,,,,,,8.155284552845528e-07,14569,,,,,,,,,
59,,,,,,,,,,14569,0.02075829915702343,,,,,,,,
,,,,,,,,,8.151219512195121e-07,14574,,,,,,,,,
59,,,,,,,,,,14574,0.029737001284956932,,,,,,,,
,,,,,,,,,8.147154471544715e-07,14579,,,,,,,,,
59,,,,,,,,,,14579,0.04327354207634926,,,,,,,,
,,,,,,,,,8.143089430894309e-07,14584,,,,,,,,,
59,,,,,,,,,,14584,0.06735455244779587,,,,,,,,
,,,,,,,,,8.139024390243901e-07,14589,,,,,,,,,
59,,,,,,,,,,14589,0.019775567576289177,,,,,,,,
,,,,,,,,,8.134959349593495e-07,14594,,,,,,,,,
59,,,,,,,,,,14594,0.01963934116065502,,,,,,,,
,,,,,,,,,8.130894308943089e-07,14599,,,,,,,,,
59,,,,,,,,,,14599,0.020619193091988564,,,,,,,,
,,,,,,,,,8.126829268292682e-07,14604,,,,,,,,,
59,,,,,,,,,,14604,0.007836285047233105,,,,,,,,
,,,,,,,,,8.122764227642276e-07,14609,,,,,,,,,
59,,,,,,,,,,14609,0.07377462089061737,,,,,,,,
,,,,,,,,,8.11869918699187e-07,14614,,,,,,,,,
59,,,,,,,,,,14614,0.05238180235028267,,,,,,,,
,,,,,,,,,8.114634146341464e-07,14619,,,,,,,,,
59,,,,,,,,,,14619,0.01604752615094185,,,,,,,,
,,,,,,,,,8.110569105691057e-07,14624,,,,,,,,,
59,,,,,,,,,,14624,0.05316762626171112,,,,,,,,
,,,,,,,,,8.10650406504065e-07,14629,,,,,,,,,
59,,,,,,,,,,14629,0.030937915667891502,,,,,,,,
,,,,,,,,,8.102439024390244e-07,14634,,,,,,,,,
59,,,,,,,,,,14634,0.008095325902104378,,,,,,,,
,,,,,,,,,8.098373983739837e-07,14639,,,,,,,,,
59,,,,,,,,,,14639,0.027582023292779922,,,,,,,,
,,,,,,,,,8.094308943089431e-07,14644,,,,,,,,,
59,,,,,,,,,,14644,0.01626722700893879,,,,,,,,
,,,,,,,,,8.090243902439025e-07,14649,,,,,,,,,
59,,,,,,,,,,14649,0.029726779088377953,,,,,,,,
,,,,,,,,,8.086178861788618e-07,14654,,,,,,,,,
59,,,,,,,,,,14654,0.0119576845318079,,,,,,,,
,,,,,,,,,8.082113821138212e-07,14659,,,,,,,,,
59,,,,,,,,,,14659,0.020269718021154404,,,,,,,,
,,,,,,,,,8.078048780487806e-07,14664,,,,,,,,,
59,,,,,,,,,,14664,0.017447445541620255,,,,,,,,
,,,,,,,,,8.073983739837397e-07,14669,,,,,,,,,
59,,,,,,,,,,14669,0.04582563042640686,,,,,,,,
,,,,,,,,,8.069918699186991e-07,14674,,,,,,,,,
59,,,,,,,,,,14674,0.049184538424015045,,,,,,,,
,,,,,,,,,8.065853658536585e-07,14679,,,,,,,,,
59,,,,,,,,,,14679,0.031007887795567513,,,,,,,,
,,,,,,,,,8.061788617886178e-07,14684,,,,,,,,,
59,,,,,,,,,,14684,0.016764700412750244,,,,,,,,
,,,,,,,,,8.057723577235772e-07,14689,,,,,,,,,
59,,,,,,,,,,14689,0.019176870584487915,,,,,,,,
,,,,,,,,,8.053658536585366e-07,14694,,,,,,,,,
59,,,,,,,,,,14694,0.03243858739733696,,,,,,,,
,,,,,,,,,8.049593495934959e-07,14699,,,,,,,,,
59,,,,,,,,,,14699,0.079379603266716,,,,,,,,
,,,,,,,,,8.045528455284552e-07,14704,,,,,,,,,
59,,,,,,,,,,14704,0.03608396276831627,,,,,,,,
,,,,,,,,,8.041463414634146e-07,14709,,,,,,,,,
59,,,,,,,,,,14709,0.042820949107408524,,,,,,,,
,,,,,,,,,8.037398373983739e-07,14714,,,,,,,,,
59,,,,,,,,,,14714,0.020387951284646988,,,,,,,,
,,,,,,,,,8.033333333333333e-07,14719,,,,,,,,,
59,,,,,,,,,,14719,0.035514891147613525,,,,,,,,
,,,,,,,,,8.029268292682927e-07,14724,,,,,,,,,
59,,,,,,,,,,14724,0.047200415283441544,,,,,,,,
,,,,,,,,,8.02520325203252e-07,14729,,,,,,,,,
59,,,,,,,,,,14729,0.01779687963426113,,,,,,,,
,,,,,,,,,8.021138211382114e-07,14734,,,,,,,,,
59,,,,,,,,,,14734,0.03993046283721924,,,,,,,,
,,,,,,,,,8.017073170731708e-07,14739,,,,,,,,,
59,,,,,,,,,,14739,0.024920135736465454,,,,,,,,
,,,,,,,,,8.0130081300813e-07,14744,,,,,,,,,
59,,,,,,,,,,14744,0.011042149737477303,,,,,,,,
,,,,,,,,,8.008943089430894e-07,14749,,,,,,,,,
59,,,,,,,,,,14749,0.023747166618704796,,,,,,,,
,,,,,,,,,8.004878048780488e-07,14754,,,,,,,,,
59,,,,,,,,,,14754,0.07290684431791306,,,,,,,,
,,,,,,,,,8.000813008130081e-07,14759,,,,,,,,,
59,,,,,,,,,,14759,0.04158642888069153,,,,,,,,
59,,,,,,,,,,14759,,0.7461538314819336,0.8253968358039856,0.06300972402095795,0.06300972402095795,0.32790839672088623,0.7878788113594055,0.8666666746139526,0.2728825807571411
,,,,,,,,,7.996747967479675e-07,14764,,,,,,,,,
60,,,,,,,,,,14764,0.0354941301047802,,,,,,,,
,,,,,,,,,7.992682926829269e-07,14769,,,,,,,,,
60,,,,,,,,,,14769,0.016124648973345757,,,,,,,,
,,,,,,,,,7.988617886178862e-07,14774,,,,,,,,,
60,,,,,,,,,,14774,0.027721373364329338,,,,,,,,
,,,,,,,,,7.984552845528456e-07,14779,,,,,,,,,
60,,,,,,,,,,14779,0.03652774170041084,,,,,,,,
,,,,,,,,,7.980487804878048e-07,14784,,,,,,,,,
60,,,,,,,,,,14784,0.025545353069901466,,,,,,,,
,,,,,,,,,7.976422764227641e-07,14789,,,,,,,,,
60,,,,,,,,,,14789,0.03817003592848778,,,,,,,,
,,,,,,,,,7.972357723577235e-07,14794,,,,,,,,,
60,,,,,,,,,,14794,0.04020434245467186,,,,,,,,
,,,,,,,,,7.968292682926829e-07,14799,,,,,,,,,
60,,,,,,,,,,14799,0.007570162881165743,,,,,,,,
,,,,,,,,,7.964227642276422e-07,14804,,,,,,,,,
60,,,,,,,,,,14804,0.02731083333492279,,,,,,,,
,,,,,,,,,7.960162601626016e-07,14809,,,,,,,,,
60,,,,,,,,,,14809,0.022002672776579857,,,,,,,,
,,,,,,,,,7.95609756097561e-07,14814,,,,,,,,,
60,,,,,,,,,,14814,0.06871644407510757,,,,,,,,
,,,,,,,,,7.952032520325202e-07,14819,,,,,,,,,
60,,,,,,,,,,14819,0.024534357711672783,,,,,,,,
,,,,,,,,,7.947967479674796e-07,14824,,,,,,,,,
60,,,,,,,,,,14824,0.023149043321609497,,,,,,,,
,,,,,,,,,7.94390243902439e-07,14829,,,,,,,,,
60,,,,,,,,,,14829,0.01688593626022339,,,,,,,,
,,,,,,,,,7.939837398373983e-07,14834,,,,,,,,,
60,,,,,,,,,,14834,0.016234515234827995,,,,,,,,
,,,,,,,,,7.935772357723577e-07,14839,,,,,,,,,
60,,,,,,,,,,14839,0.024850979447364807,,,,,,,,
,,,,,,,,,7.931707317073171e-07,14844,,,,,,,,,
60,,,,,,,,,,14844,0.034954287111759186,,,,,,,,
,,,,,,,,,7.927642276422764e-07,14849,,,,,,,,,
60,,,,,,,,,,14849,0.019082071259617805,,,,,,,,
,,,,,,,,,7.923577235772358e-07,14854,,,,,,,,,
60,,,,,,,,,,14854,0.04404060170054436,,,,,,,,
,,,,,,,,,7.919512195121951e-07,14859,,,,,,,,,
60,,,,,,,,,,14859,0.033293019980192184,,,,,,,,
,,,,,,,,,7.915447154471544e-07,14864,,,,,,,,,
60,,,,,,,,,,14864,0.03299962356686592,,,,,,,,
,,,,,,,,,7.911382113821138e-07,14869,,,,,,,,,
60,,,,,,,,,,14869,0.04348478838801384,,,,,,,,
,,,,,,,,,7.907317073170732e-07,14874,,,,,,,,,
60,,,,,,,,,,14874,0.02659689262509346,,,,,,,,
,,,,,,,,,7.903252032520325e-07,14879,,,,,,,,,
60,,,,,,,,,,14879,0.03868960961699486,,,,,,,,
,,,,,,,,,7.899186991869919e-07,14884,,,,,,,,,
60,,,,,,,,,,14884,0.04201582819223404,,,,,,,,
,,,,,,,,,7.895121951219513e-07,14889,,,,,,,,,
60,,,,,,,,,,14889,0.05623973533511162,,,,,,,,
,,,,,,,,,7.891056910569105e-07,14894,,,,,,,,,
60,,,,,,,,,,14894,0.11322644352912903,,,,,,,,
,,,,,,,,,7.886991869918698e-07,14899,,,,,,,,,
60,,,,,,,,,,14899,0.017544005066156387,,,,,,,,
,,,,,,,,,7.882926829268292e-07,14904,,,,,,,,,
60,,,,,,,,,,14904,0.008675655350089073,,,,,,,,
,,,,,,,,,7.878861788617885e-07,14909,,,,,,,,,
60,,,,,,,,,,14909,0.018239594995975494,,,,,,,,
,,,,,,,,,7.874796747967479e-07,14914,,,,,,,,,
60,,,,,,,,,,14914,0.02843848615884781,,,,,,,,
,,,,,,,,,7.870731707317073e-07,14919,,,,,,,,,
60,,,,,,,,,,14919,0.05090910196304321,,,,,,,,
,,,,,,,,,7.866666666666666e-07,14924,,,,,,,,,
60,,,,,,,,,,14924,0.06584687530994415,,,,,,,,
,,,,,,,,,7.86260162601626e-07,14929,,,,,,,,,
60,,,,,,,,,,14929,0.02892190031707287,,,,,,,,
,,,,,,,,,7.858536585365854e-07,14934,,,,,,,,,
60,,,,,,,,,,14934,0.004202173091471195,,,,,,,,
,,,,,,,,,7.854471544715446e-07,14939,,,,,,,,,
60,,,,,,,,,,14939,0.03658939525485039,,,,,,,,
,,,,,,,,,7.85040650406504e-07,14944,,,,,,,,,
60,,,,,,,,,,14944,0.027126776054501534,,,,,,,,
,,,,,,,,,7.846341463414634e-07,14949,,,,,,,,,
60,,,,,,,,,,14949,0.01390697993338108,,,,,,,,
,,,,,,,,,7.842276422764227e-07,14954,,,,,,,,,
60,,,,,,,,,,14954,0.02999156154692173,,,,,,,,
,,,,,,,,,7.838211382113821e-07,14959,,,,,,,,,
60,,,,,,,,,,14959,0.041453681886196136,,,,,,,,
,,,,,,,,,7.834146341463415e-07,14964,,,,,,,,,
60,,,,,,,,,,14964,0.057671140879392624,,,,,,,,
,,,,,,,,,7.830081300813008e-07,14969,,,,,,,,,
60,,,,,,,,,,14969,0.0174418818205595,,,,,,,,
,,,,,,,,,7.826016260162601e-07,14974,,,,,,,,,
60,,,,,,,,,,14974,0.02509697899222374,,,,,,,,
,,,,,,,,,7.821951219512195e-07,14979,,,,,,,,,
60,,,,,,,,,,14979,0.04518505930900574,,,,,,,,
,,,,,,,,,7.817886178861788e-07,14984,,,,,,,,,
60,,,,,,,,,,14984,0.02685551531612873,,,,,,,,
,,,,,,,,,7.813821138211382e-07,14989,,,,,,,,,
60,,,,,,,,,,14989,0.023051097989082336,,,,,,,,
,,,,,,,,,7.809756097560976e-07,14994,,,,,,,,,
60,,,,,,,,,,14994,0.03152729570865631,,,,,,,,
,,,,,,,,,7.805691056910568e-07,14999,,,,,,,,,
60,,,,,,,,,,14999,0.021433506160974503,,,,,,,,
,,,,,,,,,7.801626016260162e-07,15004,,,,,,,,,
60,,,,,,,,,,15004,0.03220869600772858,,,,,,,,
60,,,,,,,,,,15005,,0.7538461685180664,0.8315789699554443,0.0639989972114563,0.0639989972114563,0.3535892963409424,0.7900000214576721,0.8777777552604675,0.2813345789909363
,,,,,,,,,7.797560975609756e-07,15009,,,,,,,,,
61,,,,,,,,,,15009,0.08372219651937485,,,,,,,,
,,,,,,,,,7.793495934959348e-07,15014,,,,,,,,,
61,,,,,,,,,,15014,0.030193837359547615,,,,,,,,
,,,,,,,,,7.789430894308942e-07,15019,,,,,,,,,
61,,,,,,,,,,15019,0.0374438501894474,,,,,,,,
,,,,,,,,,7.785365853658536e-07,15024,,,,,,,,,
61,,,,,,,,,,15024,0.04311612993478775,,,,,,,,
,,,,,,,,,7.781300813008129e-07,15029,,,,,,,,,
61,,,,,,,,,,15029,0.02256694622337818,,,,,,,,
,,,,,,,,,7.777235772357723e-07,15034,,,,,,,,,
61,,,,,,,,,,15034,0.033258065581321716,,,,,,,,
,,,,,,,,,7.773170731707317e-07,15039,,,,,,,,,
61,,,,,,,,,,15039,0.029059240594506264,,,,,,,,
,,,,,,,,,7.76910569105691e-07,15044,,,,,,,,,
61,,,,,,,,,,15044,0.012165925465524197,,,,,,,,
,,,,,,,,,7.765040650406504e-07,15049,,,,,,,,,
61,,,,,,,,,,15049,0.02055240608751774,,,,,,,,
,,,,,,,,,7.760975609756097e-07,15054,,,,,,,,,
61,,,,,,,,,,15054,0.021361906081438065,,,,,,,,
,,,,,,,,,7.75691056910569e-07,15059,,,,,,,,,
61,,,,,,,,,,15059,0.0855330303311348,,,,,,,,
,,,,,,,,,7.752845528455284e-07,15064,,,,,,,,,
61,,,,,,,,,,15064,0.031752828508615494,,,,,,,,
,,,,,,,,,7.748780487804878e-07,15069,,,,,,,,,
61,,,,,,,,,,15069,0.049984440207481384,,,,,,,,
,,,,,,,,,7.744715447154471e-07,15074,,,,,,,,,
61,,,,,,,,,,15074,0.015977762639522552,,,,,,,,
,,,,,,,,,7.740650406504065e-07,15079,,,,,,,,,
61,,,,,,,,,,15079,0.03394901752471924,,,,,,,,
,,,,,,,,,7.736585365853659e-07,15084,,,,,,,,,
61,,,,,,,,,,15084,0.04056650400161743,,,,,,,,
,,,,,,,,,7.732520325203251e-07,15089,,,,,,,,,
61,,,,,,,,,,15089,0.015835300087928772,,,,,,,,
,,,,,,,,,7.728455284552845e-07,15094,,,,,,,,,
61,,,,,,,,,,15094,0.017806408926844597,,,,,,,,
,,,,,,,,,7.724390243902439e-07,15099,,,,,,,,,
61,,,,,,,,,,15099,0.04109514132142067,,,,,,,,
,,,,,,,,,7.720325203252032e-07,15104,,,,,,,,,
61,,,,,,,,,,15104,0.07437893003225327,,,,,,,,
,,,,,,,,,7.716260162601626e-07,15109,,,,,,,,,
61,,,,,,,,,,15109,0.03380046784877777,,,,,,,,
,,,,,,,,,7.71219512195122e-07,15114,,,,,,,,,
61,,,,,,,,,,15114,0.020838171243667603,,,,,,,,
,,,,,,,,,7.708130081300813e-07,15119,,,,,,,,,
61,,,,,,,,,,15119,0.014582984149456024,,,,,,,,
,,,,,,,,,7.704065040650406e-07,15124,,,,,,,,,
61,,,,,,,,,,15124,0.025485634803771973,,,,,,,,
,,,,,,,,,7.699999999999999e-07,15129,,,,,,,,,
61,,,,,,,,,,15129,0.03200207278132439,,,,,,,,
,,,,,,,,,7.695934959349593e-07,15134,,,,,,,,,
61,,,,,,,,,,15134,0.017334576696157455,,,,,,,,
,,,,,,,,,7.691869918699186e-07,15139,,,,,,,,,
61,,,,,,,,,,15139,0.044497277587652206,,,,,,,,
,,,,,,,,,7.68780487804878e-07,15144,,,,,,,,,
61,,,,,,,,,,15144,0.03735790029168129,,,,,,,,
,,,,,,,,,7.683739837398374e-07,15149,,,,,,,,,
61,,,,,,,,,,15149,0.05170859023928642,,,,,,,,
,,,,,,,,,7.679674796747967e-07,15154,,,,,,,,,
61,,,,,,,,,,15154,0.056713879108428955,,,,,,,,
,,,,,,,,,7.675609756097561e-07,15159,,,,,,,,,
61,,,,,,,,,,15159,0.03134192153811455,,,,,,,,
,,,,,,,,,7.671544715447155e-07,15164,,,,,,,,,
61,,,,,,,,,,15164,0.04304158687591553,,,,,,,,
,,,,,,,,,7.667479674796747e-07,15169,,,,,,,,,
61,,,,,,,,,,15169,0.023625578731298447,,,,,,,,
,,,,,,,,,7.663414634146341e-07,15174,,,,,,,,,
61,,,,,,,,,,15174,0.04950590804219246,,,,,,,,
,,,,,,,,,7.659349593495935e-07,15179,,,,,,,,,
61,,,,,,,,,,15179,0.028310125693678856,,,,,,,,
,,,,,,,,,7.655284552845528e-07,15184,,,,,,,,,
61,,,,,,,,,,15184,0.01761048659682274,,,,,,,,
,,,,,,,,,7.651219512195122e-07,15189,,,,,,,,,
61,,,,,,,,,,15189,0.02365684323012829,,,,,,,,
,,,,,,,,,7.647154471544716e-07,15194,,,,,,,,,
61,,,,,,,,,,15194,0.01189863309264183,,,,,,,,
,,,,,,,,,7.643089430894309e-07,15199,,,,,,,,,
61,,,,,,,,,,15199,0.02310296520590782,,,,,,,,
,,,,,,,,,7.639024390243903e-07,15204,,,,,,,,,
61,,,,,,,,,,15204,0.04095396399497986,,,,,,,,
,,,,,,,,,7.634959349593496e-07,15209,,,,,,,,,
61,,,,,,,,,,15209,0.04349343478679657,,,,,,,,
,,,,,,,,,7.630894308943089e-07,15214,,,,,,,,,
61,,,,,,,,,,15214,0.033360980451107025,,,,,,,,
,,,,,,,,,7.626829268292683e-07,15219,,,,,,,,,
61,,,,,,,,,,15219,0.0251681637018919,,,,,,,,
,,,,,,,,,7.622764227642277e-07,15224,,,,,,,,,
61,,,,,,,,,,15224,0.02515697106719017,,,,,,,,
,,,,,,,,,7.618699186991869e-07,15229,,,,,,,,,
61,,,,,,,,,,15229,0.037042759358882904,,,,,,,,
,,,,,,,,,7.614634146341463e-07,15234,,,,,,,,,
61,,,,,,,,,,15234,0.03931022062897682,,,,,,,,
,,,,,,,,,7.610569105691057e-07,15239,,,,,,,,,
61,,,,,,,,,,15239,0.05273786932229996,,,,,,,,
,,,,,,,,,7.606504065040649e-07,15244,,,,,,,,,
61,,,,,,,,,,15244,0.03150685504078865,,,,,,,,
,,,,,,,,,7.602439024390243e-07,15249,,,,,,,,,
61,,,,,,,,,,15249,0.018267201259732246,,,,,,,,
61,,,,,,,,,,15251,,0.7538461685180664,0.8315789699554443,0.06269688159227371,0.06269688159227371,0.3556111752986908,0.7900000214576721,0.8777777552604675,0.29011765122413635
,,,,,,,,,7.598373983739837e-07,15254,,,,,,,,,
62,,,,,,,,,,15254,0.03904500603675842,,,,,,,,
,,,,,,,,,7.59430894308943e-07,15259,,,,,,,,,
62,,,,,,,,,,15259,0.02512231096625328,,,,,,,,
,,,,,,,,,7.590243902439024e-07,15264,,,,,,,,,
62,,,,,,,,,,15264,0.028140980750322342,,,,,,,,
,,,,,,,,,7.586178861788618e-07,15269,,,,,,,,,
62,,,,,,,,,,15269,0.044471871107816696,,,,,,,,
,,,,,,,,,7.582113821138211e-07,15274,,,,,,,,,
62,,,,,,,,,,15274,0.012008685618638992,,,,,,,,
,,,,,,,,,7.578048780487805e-07,15279,,,,,,,,,
62,,,,,,,,,,15279,0.04791240394115448,,,,,,,,
,,,,,,,,,7.573983739837398e-07,15284,,,,,,,,,
62,,,,,,,,,,15284,0.01652594842016697,,,,,,,,
,,,,,,,,,7.569918699186991e-07,15289,,,,,,,,,
62,,,,,,,,,,15289,0.016008907929062843,,,,,,,,
,,,,,,,,,7.565853658536585e-07,15294,,,,,,,,,
62,,,,,,,,,,15294,0.017806751653552055,,,,,,,,
,,,,,,,,,7.561788617886179e-07,15299,,,,,,,,,
62,,,,,,,,,,15299,0.02101030945777893,,,,,,,,
,,,,,,,,,7.557723577235772e-07,15304,,,,,,,,,
62,,,,,,,,,,15304,0.03031008690595627,,,,,,,,
,,,,,,,,,7.553658536585366e-07,15309,,,,,,,,,
62,,,,,,,,,,15309,0.02004852704703808,,,,,,,,
,,,,,,,,,7.54959349593496e-07,15314,,,,,,,,,
62,,,,,,,,,,15314,0.031094539910554886,,,,,,,,
,,,,,,,,,7.545528455284553e-07,15319,,,,,,,,,
62,,,,,,,,,,15319,0.020699001848697662,,,,,,,,
,,,,,,,,,7.541463414634146e-07,15324,,,,,,,,,
62,,,,,,,,,,15324,0.0162387415766716,,,,,,,,
,,,,,,,,,7.53739837398374e-07,15329,,,,,,,,,
62,,,,,,,,,,15329,0.030010540038347244,,,,,,,,
,,,,,,,,,7.533333333333332e-07,15334,,,,,,,,,
62,,,,,,,,,,15334,0.024051370099186897,,,,,,,,
,,,,,,,,,7.529268292682926e-07,15339,,,,,,,,,
62,,,,,,,,,,15339,0.053466398268938065,,,,,,,,
,,,,,,,,,7.52520325203252e-07,15344,,,,,,,,,
62,,,,,,,,,,15344,0.02690912038087845,,,,,,,,
,,,,,,,,,7.521138211382113e-07,15349,,,,,,,,,
62,,,,,,,,,,15349,0.03568800166249275,,,,,,,,
,,,,,,,,,7.517073170731707e-07,15354,,,,,,,,,
62,,,,,,,,,,15354,0.026379624381661415,,,,,,,,
,,,,,,,,,7.513008130081301e-07,15359,,,,,,,,,
62,,,,,,,,,,15359,0.01724747195839882,,,,,,,,
,,,,,,,,,7.508943089430893e-07,15364,,,,,,,,,
62,,,,,,,,,,15364,0.026218755170702934,,,,,,,,
,,,,,,,,,7.504878048780487e-07,15369,,,,,,,,,
62,,,,,,,,,,15369,0.053182680159807205,,,,,,,,
,,,,,,,,,7.500813008130081e-07,15374,,,,,,,,,
62,,,,,,,,,,15374,0.020985767245292664,,,,,,,,
,,,,,,,,,7.496747967479674e-07,15379,,,,,,,,,
62,,,,,,,,,,15379,0.028012005612254143,,,,,,,,
,,,,,,,,,7.492682926829268e-07,15384,,,,,,,,,
62,,,,,,,,,,15384,0.03515682741999626,,,,,,,,
,,,,,,,,,7.488617886178862e-07,15389,,,,,,,,,
62,,,,,,,,,,15389,0.029983384534716606,,,,,,,,
,,,,,,,,,7.484552845528455e-07,15394,,,,,,,,,
62,,,,,,,,,,15394,0.01043736282736063,,,,,,,,
,,,,,,,,,7.480487804878048e-07,15399,,,,,,,,,
62,,,,,,,,,,15399,0.038325075060129166,,,,,,,,
,,,,,,,,,7.476422764227642e-07,15404,,,,,,,,,
62,,,,,,,,,,15404,0.02030535414814949,,,,,,,,
,,,,,,,,,7.472357723577235e-07,15409,,,,,,,,,
62,,,,,,,,,,15409,0.0263278279453516,,,,,,,,
,,,,,,,,,7.468292682926829e-07,15414,,,,,,,,,
62,,,,,,,,,,15414,0.02697061561048031,,,,,,,,
,,,,,,,,,7.464227642276423e-07,15419,,,,,,,,,
62,,,,,,,,,,15419,0.014623095281422138,,,,,,,,
,,,,,,,,,7.460162601626016e-07,15424,,,,,,,,,
62,,,,,,,,,,15424,0.02352660335600376,,,,,,,,
,,,,,,,,,7.45609756097561e-07,15429,,,,,,,,,
62,,,,,,,,,,15429,0.02900516428053379,,,,,,,,
,,,,,,,,,7.452032520325204e-07,15434,,,,,,,,,
62,,,,,,,,,,15434,0.02283754013478756,,,,,,,,
,,,,,,,,,7.447967479674796e-07,15439,,,,,,,,,
62,,,,,,,,,,15439,0.012174597941339016,,,,,,,,
,,,,,,,,,7.44390243902439e-07,15444,,,,,,,,,
62,,,,,,,,,,15444,0.029229624196887016,,,,,,,,
,,,,,,,,,7.439837398373984e-07,15449,,,,,,,,,
62,,,,,,,,,,15449,0.04164760187268257,,,,,,,,
,,,,,,,,,7.435772357723576e-07,15454,,,,,,,,,
62,,,,,,,,,,15454,0.032219164073467255,,,,,,,,
,,,,,,,,,7.43170731707317e-07,15459,,,,,,,,,
62,,,,,,,,,,15459,0.021921446546912193,,,,,,,,
,,,,,,,,,7.427642276422764e-07,15464,,,,,,,,,
62,,,,,,,,,,15464,0.05364283546805382,,,,,,,,
,,,,,,,,,7.423577235772357e-07,15469,,,,,,,,,
62,,,,,,,,,,15469,0.007157965563237667,,,,,,,,
,,,,,,,,,7.419512195121951e-07,15474,,,,,,,,,
62,,,,,,,,,,15474,0.06122526153922081,,,,,,,,
,,,,,,,,,7.415447154471544e-07,15479,,,,,,,,,
62,,,,,,,,,,15479,0.024553336203098297,,,,,,,,
,,,,,,,,,7.411382113821137e-07,15484,,,,,,,,,
62,,,,,,,,,,15484,0.04018322005867958,,,,,,,,
,,,,,,,,,7.407317073170731e-07,15489,,,,,,,,,
62,,,,,,,,,,15489,0.01846468262374401,,,,,,,,
,,,,,,,,,7.403252032520325e-07,15494,,,,,,,,,
62,,,,,,,,,,15494,0.04455146938562393,,,,,,,,
62,,,,,,,,,,15497,,0.7384615540504456,0.8191489577293396,0.06391526758670807,0.06391526758670807,0.3039744794368744,0.7857142686843872,0.855555534362793,0.2763957977294922
,,,,,,,,,7.399186991869918e-07,15499,,,,,,,,,
63,,,,,,,,,,15499,0.017758650705218315,,,,,,,,
,,,,,,,,,7.395121951219512e-07,15504,,,,,,,,,
63,,,,,,,,,,15504,0.028134571388363838,,,,,,,,
,,,,,,,,,7.391056910569106e-07,15509,,,,,,,,,
63,,,,,,,,,,15509,0.01580878160893917,,,,,,,,
,,,,,,,,,7.386991869918698e-07,15514,,,,,,,,,
63,,,,,,,,,,15514,0.01769568771123886,,,,,,,,
,,,,,,,,,7.382926829268292e-07,15519,,,,,,,,,
63,,,,,,,,,,15519,0.013062678277492523,,,,,,,,
,,,,,,,,,7.378861788617886e-07,15524,,,,,,,,,
63,,,,,,,,,,15524,0.019878942519426346,,,,,,,,
,,,,,,,,,7.374796747967479e-07,15529,,,,,,,,,
63,,,,,,,,,,15529,0.032633233815431595,,,,,,,,
,,,,,,,,,7.370731707317073e-07,15534,,,,,,,,,
63,,,,,,,,,,15534,0.03590951859951019,,,,,,,,
,,,,,,,,,7.366666666666667e-07,15539,,,,,,,,,
63,,,,,,,,,,15539,0.01503745187073946,,,,,,,,
,,,,,,,,,7.36260162601626e-07,15544,,,,,,,,,
63,,,,,,,,,,15544,0.07756098359823227,,,,,,,,
,,,,,,,,,7.358536585365854e-07,15549,,,,,,,,,
63,,,,,,,,,,15549,0.02316209487617016,,,,,,,,
,,,,,,,,,7.354471544715447e-07,15554,,,,,,,,,
63,,,,,,,,,,15554,0.01974080130457878,,,,,,,,
,,,,,,,,,7.35040650406504e-07,15559,,,,,,,,,
63,,,,,,,,,,15559,0.01775827631354332,,,,,,,,
,,,,,,,,,7.346341463414633e-07,15564,,,,,,,,,
63,,,,,,,,,,15564,0.013787331059575081,,,,,,,,
,,,,,,,,,7.342276422764227e-07,15569,,,,,,,,,
63,,,,,,,,,,15569,0.011659126728773117,,,,,,,,
,,,,,,,,,7.33821138211382e-07,15574,,,,,,,,,
63,,,,,,,,,,15574,0.04859291762113571,,,,,,,,
,,,,,,,,,7.334146341463414e-07,15579,,,,,,,,,
63,,,,,,,,,,15579,0.020933955907821655,,,,,,,,
,,,,,,,,,7.330081300813008e-07,15584,,,,,,,,,
63,,,,,,,,,,15584,0.06139024347066879,,,,,,,,
,,,,,,,,,7.326016260162601e-07,15589,,,,,,,,,
63,,,,,,,,,,15589,0.03221450746059418,,,,,,,,
,,,,,,,,,7.321951219512194e-07,15594,,,,,,,,,
63,,,,,,,,,,15594,0.053468167781829834,,,,,,,,
,,,,,,,,,7.317886178861788e-07,15599,,,,,,,,,
63,,,,,,,,,,15599,0.030492383986711502,,,,,,,,
,,,,,,,,,7.313821138211381e-07,15604,,,,,,,,,
63,,,,,,,,,,15604,0.03657705336809158,,,,,,,,
,,,,,,,,,7.309756097560975e-07,15609,,,,,,,,,
63,,,,,,,,,,15609,0.032542940229177475,,,,,,,,
,,,,,,,,,7.305691056910569e-07,15614,,,,,,,,,
63,,,,,,,,,,15614,0.032629888504743576,,,,,,,,
,,,,,,,,,7.301626016260162e-07,15619,,,,,,,,,
63,,,,,,,,,,15619,0.03230922669172287,,,,,,,,
,,,,,,,,,7.297560975609756e-07,15624,,,,,,,,,
63,,,,,,,,,,15624,0.006958314683288336,,,,,,,,
,,,,,,,,,7.29349593495935e-07,15629,,,,,,,,,
63,,,,,,,,,,15629,0.06913074851036072,,,,,,,,
,,,,,,,,,7.289430894308943e-07,15634,,,,,,,,,
63,,,,,,,,,,15634,0.028845056891441345,,,,,,,,
,,,,,,,,,7.285365853658536e-07,15639,,,,,,,,,
63,,,,,,,,,,15639,0.040877532213926315,,,,,,,,
,,,,,,,,,7.28130081300813e-07,15644,,,,,,,,,
63,,,,,,,,,,15644,0.021363336592912674,,,,,,,,
,,,,,,,,,7.277235772357724e-07,15649,,,,,,,,,
63,,,,,,,,,,15649,0.02089742198586464,,,,,,,,
,,,,,,,,,7.273170731707317e-07,15654,,,,,,,,,
63,,,,,,,,,,15654,0.04559493064880371,,,,,,,,
,,,,,,,,,7.269105691056911e-07,15659,,,,,,,,,
63,,,,,,,,,,15659,0.04402569681406021,,,,,,,,
,,,,,,,,,7.265040650406505e-07,15664,,,,,,,,,
63,,,,,,,,,,15664,0.013097512535750866,,,,,,,,
,,,,,,,,,7.260975609756097e-07,15669,,,,,,,,,
63,,,,,,,,,,15669,0.021911680698394775,,,,,,,,
,,,,,,,,,7.25691056910569e-07,15674,,,,,,,,,
63,,,,,,,,,,15674,0.019766977056860924,,,,,,,,
,,,,,,,,,7.252845528455284e-07,15679,,,,,,,,,
63,,,,,,,,,,15679,0.030495168641209602,,,,,,,,
,,,,,,,,,7.248780487804877e-07,15684,,,,,,,,,
63,,,,,,,,,,15684,0.03345639631152153,,,,,,,,
,,,,,,,,,7.244715447154471e-07,15689,,,,,,,,,
63,,,,,,,,,,15689,0.021503610536456108,,,,,,,,
,,,,,,,,,7.240650406504065e-07,15694,,,,,,,,,
63,,,,,,,,,,15694,0.023419924080371857,,,,,,,,
,,,,,,,,,7.236585365853658e-07,15699,,,,,,,,,
63,,,,,,,,,,15699,0.009852886199951172,,,,,,,,
,,,,,,,,,7.232520325203252e-07,15704,,,,,,,,,
63,,,,,,,,,,15704,0.030497431755065918,,,,,,,,
,,,,,,,,,7.228455284552845e-07,15709,,,,,,,,,
63,,,,,,,,,,15709,0.021392567083239555,,,,,,,,
,,,,,,,,,7.224390243902438e-07,15714,,,,,,,,,
63,,,,,,,,,,15714,0.03397680073976517,,,,,,,,
,,,,,,,,,7.220325203252032e-07,15719,,,,,,,,,
63,,,,,,,,,,15719,0.037613384425640106,,,,,,,,
,,,,,,,,,7.216260162601626e-07,15724,,,,,,,,,
63,,,,,,,,,,15724,0.03934996575117111,,,,,,,,
,,,,,,,,,7.212195121951219e-07,15729,,,,,,,,,
63,,,,,,,,,,15729,0.027422267943620682,,,,,,,,
,,,,,,,,,7.208130081300813e-07,15734,,,,,,,,,
63,,,,,,,,,,15734,0.05701354518532753,,,,,,,,
,,,,,,,,,7.204065040650407e-07,15739,,,,,,,,,
63,,,,,,,,,,15739,0.020019400864839554,,,,,,,,
63,,,,,,,,,,15743,,0.7692307829856873,0.8404255509376526,0.0618174783885479,0.0618174783885479,0.36160925030708313,0.8061224222183228,0.8777777552604675,0.30733901262283325
,,,,,,,,,7.2e-07,15744,,,,,,,,,
64,,,,,,,,,,15744,0.01077226921916008,,,,,,,,
,,,,,,,,,7.195934959349593e-07,15749,,,,,,,,,
64,,,,,,,,,,15749,0.03189960867166519,,,,,,,,
,,,,,,,,,7.191869918699187e-07,15754,,,,,,,,,
64,,,,,,,,,,15754,0.016366800293326378,,,,,,,,
,,,,,,,,,7.18780487804878e-07,15759,,,,,,,,,
64,,,,,,,,,,15759,0.01720142923295498,,,,,,,,
,,,,,,,,,7.183739837398374e-07,15764,,,,,,,,,
64,,,,,,,,,,15764,0.028956834226846695,,,,,,,,
,,,,,,,,,7.179674796747968e-07,15769,,,,,,,,,
64,,,,,,,,,,15769,0.030467357486486435,,,,,,,,
,,,,,,,,,7.175609756097561e-07,15774,,,,,,,,,
64,,,,,,,,,,15774,0.0147053562104702,,,,,,,,
,,,,,,,,,7.171544715447155e-07,15779,,,,,,,,,
64,,,,,,,,,,15779,0.07117297500371933,,,,,,,,
,,,,,,,,,7.167479674796749e-07,15784,,,,,,,,,
64,,,,,,,,,,15784,0.01131752971559763,,,,,,,,
,,,,,,,,,7.16341463414634e-07,15789,,,,,,,,,
64,,,,,,,,,,15789,0.019080564379692078,,,,,,,,
,,,,,,,,,7.159349593495934e-07,15794,,,,,,,,,
64,,,,,,,,,,15794,0.04698728770017624,,,,,,,,
,,,,,,,,,7.155284552845528e-07,15799,,,,,,,,,
64,,,,,,,,,,15799,0.010663560591638088,,,,,,,,
,,,,,,,,,7.151219512195121e-07,15804,,,,,,,,,
64,,,,,,,,,,15804,0.006672330666333437,,,,,,,,
,,,,,,,,,7.147154471544715e-07,15809,,,,,,,,,
64,,,,,,,,,,15809,0.03914230316877365,,,,,,,,
,,,,,,,,,7.143089430894309e-07,15814,,,,,,,,,
64,,,,,,,,,,15814,0.035461265593767166,,,,,,,,
,,,,,,,,,7.139024390243902e-07,15819,,,,,,,,,
64,,,,,,,,,,15819,0.030916612595319748,,,,,,,,
,,,,,,,,,7.134959349593495e-07,15824,,,,,,,,,
64,,,,,,,,,,15824,0.06009645387530327,,,,,,,,
,,,,,,,,,7.130894308943089e-07,15829,,,,,,,,,
64,,,,,,,,,,15829,0.06365276128053665,,,,,,,,
,,,,,,,,,7.126829268292682e-07,15834,,,,,,,,,
64,,,,,,,,,,15834,0.013269172981381416,,,,,,,,
,,,,,,,,,7.122764227642276e-07,15839,,,,,,,,,
64,,,,,,,,,,15839,0.04807431250810623,,,,,,,,
,,,,,,,,,7.11869918699187e-07,15844,,,,,,,,,
64,,,,,,,,,,15844,0.03045761026442051,,,,,,,,
,,,,,,,,,7.114634146341463e-07,15849,,,,,,,,,
64,,,,,,,,,,15849,0.012839836068451405,,,,,,,,
,,,,,,,,,7.110569105691057e-07,15854,,,,,,,,,
64,,,,,,,,,,15854,0.024680420756340027,,,,,,,,
,,,,,,,,,7.106504065040651e-07,15859,,,,,,,,,
64,,,,,,,,,,15859,0.0393444262444973,,,,,,,,
,,,,,,,,,7.102439024390243e-07,15864,,,,,,,,,
64,,,,,,,,,,15864,0.04023614153265953,,,,,,,,
,,,,,,,,,7.098373983739837e-07,15869,,,,,,,,,
64,,,,,,,,,,15869,0.007160727400332689,,,,,,,,
,,,,,,,,,7.094308943089431e-07,15874,,,,,,,,,
64,,,,,,,,,,15874,0.04623175039887428,,,,,,,,
,,,,,,,,,7.090243902439024e-07,15879,,,,,,,,,
64,,,,,,,,,,15879,0.05085057392716408,,,,,,,,
,,,,,,,,,7.086178861788618e-07,15884,,,,,,,,,
64,,,,,,,,,,15884,0.015519480220973492,,,,,,,,
,,,,,,,,,7.082113821138212e-07,15889,,,,,,,,,
64,,,,,,,,,,15889,0.02370566688477993,,,,,,,,
,,,,,,,,,7.078048780487805e-07,15894,,,,,,,,,
64,,,,,,,,,,15894,0.017782999202609062,,,,,,,,
,,,,,,,,,7.073983739837399e-07,15899,,,,,,,,,
64,,,,,,,,,,15899,0.0055471607483923435,,,,,,,,
,,,,,,,,,7.069918699186991e-07,15904,,,,,,,,,
64,,,,,,,,,,15904,0.005942214746028185,,,,,,,,
,,,,,,,,,7.065853658536584e-07,15909,,,,,,,,,
64,,,,,,,,,,15909,0.04443390294909477,,,,,,,,
,,,,,,,,,7.061788617886178e-07,15914,,,,,,,,,
64,,,,,,,,,,15914,0.020321017131209373,,,,,,,,
,,,,,,,,,7.057723577235772e-07,15919,,,,,,,,,
64,,,,,,,,,,15919,0.020113958045840263,,,,,,,,
,,,,,,,,,7.053658536585365e-07,15924,,,,,,,,,
64,,,,,,,,,,15924,0.032768651843070984,,,,,,,,
,,,,,,,,,7.049593495934959e-07,15929,,,,,,,,,
64,,,,,,,,,,15929,0.03809385374188423,,,,,,,,
,,,,,,,,,7.045528455284553e-07,15934,,,,,,,,,
64,,,,,,,,,,15934,0.03333566337823868,,,,,,,,
,,,,,,,,,7.041463414634146e-07,15939,,,,,,,,,
64,,,,,,,,,,15939,0.02632307820022106,,,,,,,,
,,,,,,,,,7.037398373983739e-07,15944,,,,,,,,,
64,,,,,,,,,,15944,0.044175274670124054,,,,,,,,
,,,,,,,,,7.033333333333333e-07,15949,,,,,,,,,
64,,,,,,,,,,15949,0.04233551397919655,,,,,,,,
,,,,,,,,,7.029268292682926e-07,15954,,,,,,,,,
64,,,,,,,,,,15954,0.008044770918786526,,,,,,,,
,,,,,,,,,7.02520325203252e-07,15959,,,,,,,,,
64,,,,,,,,,,15959,0.010270452126860619,,,,,,,,
,,,,,,,,,7.021138211382114e-07,15964,,,,,,,,,
64,,,,,,,,,,15964,0.0279072355479002,,,,,,,,
,,,,,,,,,7.017073170731707e-07,15969,,,,,,,,,
64,,,,,,,,,,15969,0.03279517963528633,,,,,,,,
,,,,,,,,,7.013008130081301e-07,15974,,,,,,,,,
64,,,,,,,,,,15974,0.018491437658667564,,,,,,,,
,,,,,,,,,7.008943089430894e-07,15979,,,,,,,,,
64,,,,,,,,,,15979,0.013022996485233307,,,,,,,,
,,,,,,,,,7.004878048780487e-07,15984,,,,,,,,,
64,,,,,,,,,,15984,0.03078363835811615,,,,,,,,
,,,,,,,,,7.000813008130081e-07,15989,,,,,,,,,
64,,,,,,,,,,15989,0.011483943089842796,,,,,,,,
64,,,,,,,,,,15989,,0.7692307829856873,0.8404255509376526,0.06234072148799896,0.06234072148799896,0.3431174159049988,0.8061224222183228,0.8777777552604675,0.3057055175304413
,,,,,,,,,6.996747967479675e-07,15994,,,,,,,,,
65,,,,,,,,,,15994,0.010604480281472206,,,,,,,,
,,,,,,,,,6.992682926829268e-07,15999,,,,,,,,,
65,,,,,,,,,,15999,0.04165787249803543,,,,,,,,
,,,,,,,,,6.988617886178862e-07,16004,,,,,,,,,
65,,,,,,,,,,16004,0.030345885083079338,,,,,,,,
,,,,,,,,,6.984552845528456e-07,16009,,,,,,,,,
65,,,,,,,,,,16009,0.017994767054915428,,,,,,,,
,,,,,,,,,6.980487804878048e-07,16014,,,,,,,,,
65,,,,,,,,,,16014,0.01281880121678114,,,,,,,,
,,,,,,,,,6.976422764227641e-07,16019,,,,,,,,,
65,,,,,,,,,,16019,0.06070319935679436,,,,,,,,
,,,,,,,,,6.972357723577235e-07,16024,,,,,,,,,
65,,,,,,,,,,16024,0.045615363866090775,,,,,,,,
,,,,,,,,,6.968292682926828e-07,16029,,,,,,,,,
65,,,,,,,,,,16029,0.02655680477619171,,,,,,,,
,,,,,,,,,6.964227642276422e-07,16034,,,,,,,,,
65,,,,,,,,,,16034,0.01662144809961319,,,,,,,,
,,,,,,,,,6.960162601626016e-07,16039,,,,,,,,,
65,,,,,,,,,,16039,0.045419998466968536,,,,,,,,
,,,,,,,,,6.956097560975609e-07,16044,,,,,,,,,
65,,,,,,,,,,16044,0.009228924289345741,,,,,,,,
,,,,,,,,,6.952032520325203e-07,16049,,,,,,,,,
65,,,,,,,,,,16049,0.03015320748090744,,,,,,,,
,,,,,,,,,6.947967479674797e-07,16054,,,,,,,,,
65,,,,,,,,,,16054,0.01656569167971611,,,,,,,,
,,,,,,,,,6.943902439024389e-07,16059,,,,,,,,,
65,,,,,,,,,,16059,0.02188829332590103,,,,,,,,
,,,,,,,,,6.939837398373983e-07,16064,,,,,,,,,
65,,,,,,,,,,16064,0.021051043644547462,,,,,,,,
,,,,,,,,,6.935772357723577e-07,16069,,,,,,,,,
65,,,,,,,,,,16069,0.02735363505780697,,,,,,,,
,,,,,,,,,6.93170731707317e-07,16074,,,,,,,,,
65,,,,,,,,,,16074,0.04859387129545212,,,,,,,,
,,,,,,,,,6.927642276422764e-07,16079,,,,,,,,,
65,,,,,,,,,,16079,0.030523577705025673,,,,,,,,
,,,,,,,,,6.923577235772358e-07,16084,,,,,,,,,
65,,,,,,,,,,16084,0.0164046511054039,,,,,,,,
,,,,,,,,,6.919512195121951e-07,16089,,,,,,,,,
65,,,,,,,,,,16089,0.053220923990011215,,,,,,,,
,,,,,,,,,6.915447154471545e-07,16094,,,,,,,,,
65,,,,,,,,,,16094,0.012520099990069866,,,,,,,,
,,,,,,,,,6.911382113821138e-07,16099,,,,,,,,,
65,,,,,,,,,,16099,0.052213989198207855,,,,,,,,
,,,,,,,,,6.907317073170731e-07,16104,,,,,,,,,
65,,,,,,,,,,16104,0.03235520422458649,,,,,,,,
,,,,,,,,,6.903252032520325e-07,16109,,,,,,,,,
65,,,,,,,,,,16109,0.02663027122616768,,,,,,,,
,,,,,,,,,6.899186991869919e-07,16114,,,,,,,,,
65,,,,,,,,,,16114,0.023786332458257675,,,,,,,,
,,,,,,,,,6.895121951219512e-07,16119,,,,,,,,,
65,,,,,,,,,,16119,0.0443042628467083,,,,,,,,
,,,,,,,,,6.891056910569105e-07,16124,,,,,,,,,
65,,,,,,,,,,16124,0.04588993266224861,,,,,,,,
,,,,,,,,,6.8869918699187e-07,16129,,,,,,,,,
65,,,,,,,,,,16129,0.023172246292233467,,,,,,,,
,,,,,,,,,6.882926829268291e-07,16134,,,,,,,,,
65,,,,,,,,,,16134,0.03534434363245964,,,,,,,,
,,,,,,,,,6.878861788617885e-07,16139,,,,,,,,,
65,,,,,,,,,,16139,0.03840823099017143,,,,,,,,
,,,,,,,,,6.874796747967479e-07,16144,,,,,,,,,
65,,,,,,,,,,16144,0.024843376129865646,,,,,,,,
,,,,,,,,,6.870731707317073e-07,16149,,,,,,,,,
65,,,,,,,,,,16149,0.06282880902290344,,,,,,,,
,,,,,,,,,6.866666666666666e-07,16154,,,,,,,,,
65,,,,,,,,,,16154,0.006489318795502186,,,,,,,,
,,,,,,,,,6.86260162601626e-07,16159,,,,,,,,,
65,,,,,,,,,,16159,0.028119610622525215,,,,,,,,
,,,,,,,,,6.858536585365854e-07,16164,,,,,,,,,
65,,,,,,,,,,16164,0.021403061226010323,,,,,,,,
,,,,,,,,,6.854471544715447e-07,16169,,,,,,,,,
65,,,,,,,,,,16169,0.05411224439740181,,,,,,,,
,,,,,,,,,6.85040650406504e-07,16174,,,,,,,,,
65,,,,,,,,,,16174,0.017825275659561157,,,,,,,,
,,,,,,,,,6.846341463414634e-07,16179,,,,,,,,,
65,,,,,,,,,,16179,0.027215508744120598,,,,,,,,
,,,,,,,,,6.842276422764227e-07,16184,,,,,,,,,
65,,,,,,,,,,16184,0.019132211804389954,,,,,,,,
,,,,,,,,,6.838211382113821e-07,16189,,,,,,,,,
65,,,,,,,,,,16189,0.043296314775943756,,,,,,,,
,,,,,,,,,6.834146341463415e-07,16194,,,,,,,,,
65,,,,,,,,,,16194,0.02362002246081829,,,,,,,,
,,,,,,,,,6.830081300813008e-07,16199,,,,,,,,,
65,,,,,,,,,,16199,0.05685485899448395,,,,,,,,
,,,,,,,,,6.826016260162602e-07,16204,,,,,,,,,
65,,,,,,,,,,16204,0.02507259137928486,,,,,,,,
,,,,,,,,,6.821951219512196e-07,16209,,,,,,,,,
65,,,,,,,,,,16209,0.01852601394057274,,,,,,,,
,,,,,,,,,6.817886178861788e-07,16214,,,,,,,,,
65,,,,,,,,,,16214,0.025869328528642654,,,,,,,,
,,,,,,,,,6.813821138211382e-07,16219,,,,,,,,,
65,,,,,,,,,,16219,0.008130447939038277,,,,,,,,
,,,,,,,,,6.809756097560976e-07,16224,,,,,,,,,
65,,,,,,,,,,16224,0.024175992235541344,,,,,,,,
,,,,,,,,,6.805691056910569e-07,16229,,,,,,,,,
65,,,,,,,,,,16229,0.025792494416236877,,,,,,,,
,,,,,,,,,6.801626016260163e-07,16234,,,,,,,,,
65,,,,,,,,,,16234,0.015891065821051598,,,,,,,,
65,,,,,,,,,,16235,,0.7615384459495544,0.8359788656234741,0.06304891407489777,0.06304891407489777,0.35981619358062744,0.7979797720909119,0.8777777552604675,0.31773367524147034
,,,,,,,,,6.797560975609757e-07,16239,,,,,,,,,
66,,,,,,,,,,16239,0.027316207066178322,,,,,,,,
,,,,,,,,,6.793495934959349e-07,16244,,,,,,,,,
66,,,,,,,,,,16244,0.012953410856425762,,,,,,,,
,,,,,,,,,6.789430894308943e-07,16249,,,,,,,,,
66,,,,,,,,,,16249,0.021657193079590797,,,,,,,,
,,,,,,,,,6.785365853658536e-07,16254,,,,,,,,,
66,,,,,,,,,,16254,0.03086359053850174,,,,,,,,
,,,,,,,,,6.781300813008129e-07,16259,,,,,,,,,
66,,,,,,,,,,16259,0.020900841802358627,,,,,,,,
,,,,,,,,,6.777235772357723e-07,16264,,,,,,,,,
66,,,,,,,,,,16264,0.06691822409629822,,,,,,,,
,,,,,,,,,6.773170731707317e-07,16269,,,,,,,,,
66,,,,,,,,,,16269,0.024029366672039032,,,,,,,,
,,,,,,,,,6.76910569105691e-07,16274,,,,,,,,,
66,,,,,,,,,,16274,0.03398261219263077,,,,,,,,
,,,,,,,,,6.765040650406504e-07,16279,,,,,,,,,
66,,,,,,,,,,16279,0.013828618451952934,,,,,,,,
,,,,,,,,,6.760975609756098e-07,16284,,,,,,,,,
66,,,,,,,,,,16284,0.04821404814720154,,,,,,,,
,,,,,,,,,6.75691056910569e-07,16289,,,,,,,,,
66,,,,,,,,,,16289,0.027967719361186028,,,,,,,,
,,,,,,,,,6.752845528455284e-07,16294,,,,,,,,,
66,,,,,,,,,,16294,0.0034024512860924006,,,,,,,,
,,,,,,,,,6.748780487804878e-07,16299,,,,,,,,,
66,,,,,,,,,,16299,0.021446097642183304,,,,,,,,
,,,,,,,,,6.744715447154471e-07,16304,,,,,,,,,
66,,,,,,,,,,16304,0.06397686153650284,,,,,,,,
,,,,,,,,,6.740650406504065e-07,16309,,,,,,,,,
66,,,,,,,,,,16309,0.01687447912991047,,,,,,,,
,,,,,,,,,6.736585365853659e-07,16314,,,,,,,,,
66,,,,,,,,,,16314,0.03186682611703873,,,,,,,,
,,,,,,,,,6.732520325203252e-07,16319,,,,,,,,,
66,,,,,,,,,,16319,0.026588447391986847,,,,,,,,
,,,,,,,,,6.728455284552846e-07,16324,,,,,,,,,
66,,,,,,,,,,16324,0.04153543338179588,,,,,,,,
,,,,,,,,,6.724390243902439e-07,16329,,,,,,,,,
66,,,,,,,,,,16329,0.02407052367925644,,,,,,,,
,,,,,,,,,6.720325203252032e-07,16334,,,,,,,,,
66,,,,,,,,,,16334,0.05056553706526756,,,,,,,,
,,,,,,,,,6.716260162601626e-07,16339,,,,,,,,,
66,,,,,,,,,,16339,0.018109174445271492,,,,,,,,
,,,,,,,,,6.71219512195122e-07,16344,,,,,,,,,
66,,,,,,,,,,16344,0.02101084589958191,,,,,,,,
,,,,,,,,,6.708130081300812e-07,16349,,,,,,,,,
66,,,,,,,,,,16349,0.01610441319644451,,,,,,,,
,,,,,,,,,6.704065040650406e-07,16354,,,,,,,,,
66,,,,,,,,,,16354,0.01737445965409279,,,,,,,,
,,,,,,,,,6.7e-07,16359,,,,,,,,,
66,,,,,,,,,,16359,0.03214516490697861,,,,,,,,
,,,,,,,,,6.695934959349593e-07,16364,,,,,,,,,
66,,,,,,,,,,16364,0.028543829917907715,,,,,,,,
,,,,,,,,,6.691869918699186e-07,16369,,,,,,,,,
66,,,,,,,,,,16369,0.023636283352971077,,,,,,,,
,,,,,,,,,6.68780487804878e-07,16374,,,,,,,,,
66,,,,,,,,,,16374,0.015398218296468258,,,,,,,,
,,,,,,,,,6.683739837398373e-07,16379,,,,,,,,,
66,,,,,,,,,,16379,0.016138041391968727,,,,,,,,
,,,,,,,,,6.679674796747967e-07,16384,,,,,,,,,
66,,,,,,,,,,16384,0.026848481968045235,,,,,,,,
,,,,,,,,,6.675609756097561e-07,16389,,,,,,,,,
66,,,,,,,,,,16389,0.03025815077126026,,,,,,,,
,,,,,,,,,6.671544715447154e-07,16394,,,,,,,,,
66,,,,,,,,,,16394,0.035599056631326675,,,,,,,,
,,,,,,,,,6.667479674796748e-07,16399,,,,,,,,,
66,,,,,,,,,,16399,0.02569364197552204,,,,,,,,
,,,,,,,,,6.663414634146342e-07,16404,,,,,,,,,
66,,,,,,,,,,16404,0.03502311930060387,,,,,,,,
,,,,,,,,,6.659349593495934e-07,16409,,,,,,,,,
66,,,,,,,,,,16409,0.059904202818870544,,,,,,,,
,,,,,,,,,6.655284552845528e-07,16414,,,,,,,,,
66,,,,,,,,,,16414,0.04100194573402405,,,,,,,,
,,,,,,,,,6.651219512195122e-07,16419,,,,,,,,,
66,,,,,,,,,,16419,0.0908375009894371,,,,,,,,
,,,,,,,,,6.647154471544715e-07,16424,,,,,,,,,
66,,,,,,,,,,16424,0.023118754848837852,,,,,,,,
,,,,,,,,,6.643089430894309e-07,16429,,,,,,,,,
66,,,,,,,,,,16429,0.015814078971743584,,,,,,,,
,,,,,,,,,6.639024390243903e-07,16434,,,,,,,,,
66,,,,,,,,,,16434,0.02940562181174755,,,,,,,,
,,,,,,,,,6.634959349593496e-07,16439,,,,,,,,,
66,,,,,,,,,,16439,0.015518193133175373,,,,,,,,
,,,,,,,,,6.630894308943089e-07,16444,,,,,,,,,
66,,,,,,,,,,16444,0.026668714359402657,,,,,,,,
,,,,,,,,,6.626829268292683e-07,16449,,,,,,,,,
66,,,,,,,,,,16449,0.031882088631391525,,,,,,,,
,,,,,,,,,6.622764227642276e-07,16454,,,,,,,,,
66,,,,,,,,,,16454,0.06487321108579636,,,,,,,,
,,,,,,,,,6.61869918699187e-07,16459,,,,,,,,,
66,,,,,,,,,,16459,0.018364964053034782,,,,,,,,
,,,,,,,,,6.614634146341463e-07,16464,,,,,,,,,
66,,,,,,,,,,16464,0.027929192408919334,,,,,,,,
,,,,,,,,,6.610569105691056e-07,16469,,,,,,,,,
66,,,,,,,,,,16469,0.05181078612804413,,,,,,,,
,,,,,,,,,6.60650406504065e-07,16474,,,,,,,,,
66,,,,,,,,,,16474,0.03506037965416908,,,,,,,,
,,,,,,,,,6.602439024390244e-07,16479,,,,,,,,,
66,,,,,,,,,,16479,0.0042752837762236595,,,,,,,,
66,,,,,,,,,,16481,,0.7615384459495544,0.8342245817184448,0.06175132095813751,0.06175132095813751,0.35295137763023376,0.8041236996650696,0.8666666746139526,0.31596338748931885
,,,,,,,,,6.598373983739836e-07,16484,,,,,,,,,
67,,,,,,,,,,16484,0.022959254682064056,,,,,,,,
,,,,,,,,,6.59430894308943e-07,16489,,,,,,,,,
67,,,,,,,,,,16489,0.03456670418381691,,,,,,,,
,,,,,,,,,6.590243902439024e-07,16494,,,,,,,,,
67,,,,,,,,,,16494,0.030398476868867874,,,,,,,,
,,,,,,,,,6.586178861788617e-07,16499,,,,,,,,,
67,,,,,,,,,,16499,0.022337166592478752,,,,,,,,
,,,,,,,,,6.582113821138211e-07,16504,,,,,,,,,
67,,,,,,,,,,16504,0.029744813218712807,,,,,,,,
,,,,,,,,,6.578048780487805e-07,16509,,,,,,,,,
67,,,,,,,,,,16509,0.022184159606695175,,,,,,,,
,,,,,,,,,6.573983739837398e-07,16514,,,,,,,,,
67,,,,,,,,,,16514,0.024027876555919647,,,,,,,,
,,,,,,,,,6.569918699186992e-07,16519,,,,,,,,,
67,,,,,,,,,,16519,0.01991567388176918,,,,,,,,
,,,,,,,,,6.565853658536585e-07,16524,,,,,,,,,
67,,,,,,,,,,16524,0.014026463963091373,,,,,,,,
,,,,,,,,,6.561788617886178e-07,16529,,,,,,,,,
67,,,,,,,,,,16529,0.04250769689679146,,,,,,,,
,,,,,,,,,6.557723577235772e-07,16534,,,,,,,,,
67,,,,,,,,,,16534,0.0211821049451828,,,,,,,,
,,,,,,,,,6.553658536585366e-07,16539,,,,,,,,,
67,,,,,,,,,,16539,0.015656249597668648,,,,,,,,
,,,,,,,,,6.549593495934959e-07,16544,,,,,,,,,
67,,,,,,,,,,16544,0.02481801062822342,,,,,,,,
,,,,,,,,,6.545528455284553e-07,16549,,,,,,,,,
67,,,,,,,,,,16549,0.017921578139066696,,,,,,,,
,,,,,,,,,6.541463414634147e-07,16554,,,,,,,,,
67,,,,,,,,,,16554,0.03237219899892807,,,,,,,,
,,,,,,,,,6.537398373983739e-07,16559,,,,,,,,,
67,,,,,,,,,,16559,0.020066363736987114,,,,,,,,
,,,,,,,,,6.533333333333333e-07,16564,,,,,,,,,
67,,,,,,,,,,16564,0.026607654988765717,,,,,,,,
,,,,,,,,,6.529268292682927e-07,16569,,,,,,,,,
67,,,,,,,,,,16569,0.03297768533229828,,,,,,,,
,,,,,,,,,6.525203252032519e-07,16574,,,,,,,,,
67,,,,,,,,,,16574,0.038960836827754974,,,,,,,,
,,,,,,,,,6.521138211382113e-07,16579,,,,,,,,,
67,,,,,,,,,,16579,0.036964308470487595,,,,,,,,
,,,,,,,,,6.517073170731707e-07,16584,,,,,,,,,
67,,,,,,,,,,16584,0.04270712658762932,,,,,,,,
,,,,,,,,,6.5130081300813e-07,16589,,,,,,,,,
67,,,,,,,,,,16589,0.020305506885051727,,,,,,,,
,,,,,,,,,6.508943089430894e-07,16594,,,,,,,,,
67,,,,,,,,,,16594,0.00508813327178359,,,,,,,,
,,,,,,,,,6.504878048780487e-07,16599,,,,,,,,,
67,,,,,,,,,,16599,0.017925547435879707,,,,,,,,
,,,,,,,,,6.50081300813008e-07,16604,,,,,,,,,
67,,,,,,,,,,16604,0.017916239798069,,,,,,,,
,,,,,,,,,6.496747967479674e-07,16609,,,,,,,,,
67,,,,,,,,,,16609,0.011560797691345215,,,,,,,,
,,,,,,,,,6.492682926829268e-07,16614,,,,,,,,,
67,,,,,,,,,,16614,0.005573163274675608,,,,,,,,
,,,,,,,,,6.488617886178861e-07,16619,,,,,,,,,
67,,,,,,,,,,16619,0.05355966463685036,,,,,,,,
,,,,,,,,,6.484552845528455e-07,16624,,,,,,,,,
67,,,,,,,,,,16624,0.04900113493204117,,,,,,,,
,,,,,,,,,6.480487804878049e-07,16629,,,,,,,,,
67,,,,,,,,,,16629,0.05050865188241005,,,,,,,,
,,,,,,,,,6.476422764227642e-07,16634,,,,,,,,,
67,,,,,,,,,,16634,0.007888277061283588,,,,,,,,
,,,,,,,,,6.472357723577235e-07,16639,,,,,,,,,
67,,,,,,,,,,16639,0.03263407200574875,,,,,,,,
,,,,,,,,,6.468292682926829e-07,16644,,,,,,,,,
67,,,,,,,,,,16644,0.028079291805624962,,,,,,,,
,,,,,,,,,6.464227642276422e-07,16649,,,,,,,,,
67,,,,,,,,,,16649,0.02920488268136978,,,,,,,,
,,,,,,,,,6.460162601626016e-07,16654,,,,,,,,,
67,,,,,,,,,,16654,0.05043167993426323,,,,,,,,
,,,,,,,,,6.45609756097561e-07,16659,,,,,,,,,
67,,,,,,,,,,16659,0.04388427734375,,,,,,,,
,,,,,,,,,6.452032520325204e-07,16664,,,,,,,,,
67,,,,,,,,,,16664,0.0052903988398611546,,,,,,,,
,,,,,,,,,6.447967479674797e-07,16669,,,,,,,,,
67,,,,,,,,,,16669,0.05287604779005051,,,,,,,,
,,,,,,,,,6.443902439024391e-07,16674,,,,,,,,,
67,,,,,,,,,,16674,0.03702837973833084,,,,,,,,
,,,,,,,,,6.439837398373984e-07,16679,,,,,,,,,
67,,,,,,,,,,16679,0.028415201231837273,,,,,,,,
,,,,,,,,,6.435772357723576e-07,16684,,,,,,,,,
67,,,,,,,,,,16684,0.01885279454290867,,,,,,,,
,,,,,,,,,6.43170731707317e-07,16689,,,,,,,,,
67,,,,,,,,,,16689,0.018564870581030846,,,,,,,,
,,,,,,,,,6.427642276422764e-07,16694,,,,,,,,,
67,,,,,,,,,,16694,0.02861875668168068,,,,,,,,
,,,,,,,,,6.423577235772357e-07,16699,,,,,,,,,
67,,,,,,,,,,16699,0.022708700969815254,,,,,,,,
,,,,,,,,,6.419512195121951e-07,16704,,,,,,,,,
67,,,,,,,,,,16704,0.02416747249662876,,,,,,,,
,,,,,,,,,6.415447154471545e-07,16709,,,,,,,,,
67,,,,,,,,,,16709,0.04371108487248421,,,,,,,,
,,,,,,,,,6.411382113821137e-07,16714,,,,,,,,,
67,,,,,,,,,,16714,0.008206169120967388,,,,,,,,
,,,,,,,,,6.407317073170731e-07,16719,,,,,,,,,
67,,,,,,,,,,16719,0.011780771426856518,,,,,,,,
,,,,,,,,,6.403252032520325e-07,16724,,,,,,,,,
67,,,,,,,,,,16724,0.015195046551525593,,,,,,,,
67,,,,,,,,,,16727,,0.7692307829856873,0.8404255509376526,0.061684221029281616,0.061684221029281616,0.3727090060710907,0.8061224222183228,0.8777777552604675,0.32867011427879333
,,,,,,,,,6.399186991869918e-07,16729,,,,,,,,,
68,,,,,,,,,,16729,0.07581430673599243,,,,,,,,
,,,,,,,,,6.395121951219512e-07,16734,,,,,,,,,
68,,,,,,,,,,16734,0.048508841544389725,,,,,,,,
,,,,,,,,,6.391056910569106e-07,16739,,,,,,,,,
68,,,,,,,,,,16739,0.019784027710556984,,,,,,,,
,,,,,,,,,6.386991869918699e-07,16744,,,,,,,,,
68,,,,,,,,,,16744,0.02259022742509842,,,,,,,,
,,,,,,,,,6.382926829268293e-07,16749,,,,,,,,,
68,,,,,,,,,,16749,0.05958656594157219,,,,,,,,
,,,,,,,,,6.378861788617886e-07,16754,,,,,,,,,
68,,,,,,,,,,16754,0.022202959284186363,,,,,,,,
,,,,,,,,,6.374796747967479e-07,16759,,,,,,,,,
68,,,,,,,,,,16759,0.01671416498720646,,,,,,,,
,,,,,,,,,6.370731707317073e-07,16764,,,,,,,,,
68,,,,,,,,,,16764,0.0452292263507843,,,,,,,,
,,,,,,,,,6.366666666666667e-07,16769,,,,,,,,,
68,,,,,,,,,,16769,0.035018861293792725,,,,,,,,
,,,,,,,,,6.36260162601626e-07,16774,,,,,,,,,
68,,,,,,,,,,16774,0.05845826119184494,,,,,,,,
,,,,,,,,,6.358536585365854e-07,16779,,,,,,,,,
68,,,,,,,,,,16779,0.03111240081489086,,,,,,,,
,,,,,,,,,6.354471544715448e-07,16784,,,,,,,,,
68,,,,,,,,,,16784,0.017798224464058876,,,,,,,,
,,,,,,,,,6.350406504065041e-07,16789,,,,,,,,,
68,,,,,,,,,,16789,0.02516772411763668,,,,,,,,
,,,,,,,,,6.346341463414634e-07,16794,,,,,,,,,
68,,,,,,,,,,16794,0.037930361926555634,,,,,,,,
,,,,,,,,,6.342276422764227e-07,16799,,,,,,,,,
68,,,,,,,,,,16799,0.023851461708545685,,,,,,,,
,,,,,,,,,6.33821138211382e-07,16804,,,,,,,,,
68,,,,,,,,,,16804,0.01846933923661709,,,,,,,,
,,,,,,,,,6.334146341463414e-07,16809,,,,,,,,,
68,,,,,,,,,,16809,0.016473980620503426,,,,,,,,
,,,,,,,,,6.330081300813008e-07,16814,,,,,,,,,
68,,,,,,,,,,16814,0.0218068677932024,,,,,,,,
,,,,,,,,,6.326016260162601e-07,16819,,,,,,,,,
68,,,,,,,,,,16819,0.04080145061016083,,,,,,,,
,,,,,,,,,6.321951219512195e-07,16824,,,,,,,,,
68,,,,,,,,,,16824,0.03716912120580673,,,,,,,,
,,,,,,,,,6.317886178861789e-07,16829,,,,,,,,,
68,,,,,,,,,,16829,0.03938329964876175,,,,,,,,
,,,,,,,,,6.313821138211381e-07,16834,,,,,,,,,
68,,,,,,,,,,16834,0.02534942515194416,,,,,,,,
,,,,,,,,,6.309756097560975e-07,16839,,,,,,,,,
68,,,,,,,,,,16839,0.023366650566458702,,,,,,,,
,,,,,,,,,6.305691056910569e-07,16844,,,,,,,,,
68,,,,,,,,,,16844,0.027768772095441818,,,,,,,,
,,,,,,,,,6.301626016260162e-07,16849,,,,,,,,,
68,,,,,,,,,,16849,0.016101529821753502,,,,,,,,
,,,,,,,,,6.297560975609756e-07,16854,,,,,,,,,
68,,,,,,,,,,16854,0.0521242655813694,,,,,,,,
,,,,,,,,,6.29349593495935e-07,16859,,,,,,,,,
68,,,,,,,,,,16859,0.04368080571293831,,,,,,,,
,,,,,,,,,6.289430894308943e-07,16864,,,,,,,,,
68,,,,,,,,,,16864,0.011330368928611279,,,,,,,,
,,,,,,,,,6.285365853658536e-07,16869,,,,,,,,,
68,,,,,,,,,,16869,0.011723333038389683,,,,,,,,
,,,,,,,,,6.28130081300813e-07,16874,,,,,,,,,
68,,,,,,,,,,16874,0.0216427743434906,,,,,,,,
,,,,,,,,,6.277235772357723e-07,16879,,,,,,,,,
68,,,,,,,,,,16879,0.024635184556245804,,,,,,,,
,,,,,,,,,6.273170731707317e-07,16884,,,,,,,,,
68,,,,,,,,,,16884,0.012264964170753956,,,,,,,,
,,,,,,,,,6.269105691056911e-07,16889,,,,,,,,,
68,,,,,,,,,,16889,0.05421730875968933,,,,,,,,
,,,,,,,,,6.265040650406504e-07,16894,,,,,,,,,
68,,,,,,,,,,16894,0.02182081900537014,,,,,,,,
,,,,,,,,,6.260975609756098e-07,16899,,,,,,,,,
68,,,,,,,,,,16899,0.025087719783186913,,,,,,,,
,,,,,,,,,6.256910569105692e-07,16904,,,,,,,,,
68,,,,,,,,,,16904,0.013510090298950672,,,,,,,,
,,,,,,,,,6.252845528455283e-07,16909,,,,,,,,,
68,,,,,,,,,,16909,0.04065804183483124,,,,,,,,
,,,,,,,,,6.248780487804877e-07,16914,,,,,,,,,
68,,,,,,,,,,16914,0.028899377211928368,,,,,,,,
,,,,,,,,,6.244715447154471e-07,16919,,,,,,,,,
68,,,,,,,,,,16919,0.01418482605367899,,,,,,,,
,,,,,,,,,6.240650406504064e-07,16924,,,,,,,,,
68,,,,,,,,,,16924,0.025592787191271782,,,,,,,,
,,,,,,,,,6.236585365853658e-07,16929,,,,,,,,,
68,,,,,,,,,,16929,0.01201603189110756,,,,,,,,
,,,,,,,,,6.232520325203252e-07,16934,,,,,,,,,
68,,,,,,,,,,16934,0.02415323071181774,,,,,,,,
,,,,,,,,,6.228455284552845e-07,16939,,,,,,,,,
68,,,,,,,,,,16939,0.024290231987833977,,,,,,,,
,,,,,,,,,6.224390243902439e-07,16944,,,,,,,,,
68,,,,,,,,,,16944,0.02272471971809864,,,,,,,,
,,,,,,,,,6.220325203252032e-07,16949,,,,,,,,,
68,,,,,,,,,,16949,0.023619716987013817,,,,,,,,
,,,,,,,,,6.216260162601625e-07,16954,,,,,,,,,
68,,,,,,,,,,16954,0.02548273280262947,,,,,,,,
,,,,,,,,,6.212195121951219e-07,16959,,,,,,,,,
68,,,,,,,,,,16959,0.027252759784460068,,,,,,,,
,,,,,,,,,6.208130081300813e-07,16964,,,,,,,,,
68,,,,,,,,,,16964,0.02680031582713127,,,,,,,,
,,,,,,,,,6.204065040650406e-07,16969,,,,,,,,,
68,,,,,,,,,,16969,0.036517899483442307,,,,,,,,
68,,,,,,,,,,16973,,0.7615384459495544,0.8342245817184448,0.061180975288152695,0.061180975288152695,0.37750574946403503,0.8041236996650696,0.8666666746139526,0.3407256305217743
,,,,,,,,,6.2e-07,16974,,,,,,,,,
69,,,,,,,,,,16974,0.026038914918899536,,,,,,,,
,,,,,,,,,6.195934959349594e-07,16979,,,,,,,,,
69,,,,,,,,,,16979,0.020913148298859596,,,,,,,,
,,,,,,,,,6.191869918699186e-07,16984,,,,,,,,,
69,,,,,,,,,,16984,0.021169137209653854,,,,,,,,
,,,,,,,,,6.18780487804878e-07,16989,,,,,,,,,
69,,,,,,,,,,16989,0.00705815339460969,,,,,,,,
,,,,,,,,,6.183739837398374e-07,16994,,,,,,,,,
69,,,,,,,,,,16994,0.03364628180861473,,,,,,,,
,,,,,,,,,6.179674796747967e-07,16999,,,,,,,,,
69,,,,,,,,,,16999,0.03431672602891922,,,,,,,,
,,,,,,,,,6.175609756097561e-07,17004,,,,,,,,,
69,,,,,,,,,,17004,0.033016666769981384,,,,,,,,
,,,,,,,,,6.171544715447155e-07,17009,,,,,,,,,
69,,,,,,,,,,17009,0.02163616567850113,,,,,,,,
,,,,,,,,,6.167479674796748e-07,17014,,,,,,,,,
69,,,,,,,,,,17014,0.023732198402285576,,,,,,,,
,,,,,,,,,6.163414634146342e-07,17019,,,,,,,,,
69,,,,,,,,,,17019,0.03497109189629555,,,,,,,,
,,,,,,,,,6.159349593495934e-07,17024,,,,,,,,,
69,,,,,,,,,,17024,0.04095948114991188,,,,,,,,
,,,,,,,,,6.155284552845527e-07,17029,,,,,,,,,
69,,,,,,,,,,17029,0.04104608669877052,,,,,,,,
,,,,,,,,,6.151219512195121e-07,17034,,,,,,,,,
69,,,,,,,,,,17034,0.024473324418067932,,,,,,,,
,,,,,,,,,6.147154471544715e-07,17039,,,,,,,,,
69,,,,,,,,,,17039,0.02348111756145954,,,,,,,,
,,,,,,,,,6.143089430894308e-07,17044,,,,,,,,,
69,,,,,,,,,,17044,0.026921022683382034,,,,,,,,
,,,,,,,,,6.139024390243902e-07,17049,,,,,,,,,
69,,,,,,,,,,17049,0.014854934066534042,,,,,,,,
,,,,,,,,,6.134959349593496e-07,17054,,,,,,,,,
69,,,,,,,,,,17054,0.02066153474152088,,,,,,,,
,,,,,,,,,6.130894308943089e-07,17059,,,,,,,,,
69,,,,,,,,,,17059,0.007646191865205765,,,,,,,,
,,,,,,,,,6.126829268292682e-07,17064,,,,,,,,,
69,,,,,,,,,,17064,0.06372217833995819,,,,,,,,
,,,,,,,,,6.122764227642276e-07,17069,,,,,,,,,
69,,,,,,,,,,17069,0.03299934044480324,,,,,,,,
,,,,,,,,,6.118699186991869e-07,17074,,,,,,,,,
69,,,,,,,,,,17074,0.03539985790848732,,,,,,,,
,,,,,,,,,6.114634146341463e-07,17079,,,,,,,,,
69,,,,,,,,,,17079,0.013707670383155346,,,,,,,,
,,,,,,,,,6.110569105691057e-07,17084,,,,,,,,,
69,,,,,,,,,,17084,0.023789023980498314,,,,,,,,
,,,,,,,,,6.10650406504065e-07,17089,,,,,,,,,
69,,,,,,,,,,17089,0.009867352433502674,,,,,,,,
,,,,,,,,,6.102439024390244e-07,17094,,,,,,,,,
69,,,,,,,,,,17094,0.07661782205104828,,,,,,,,
,,,,,,,,,6.098373983739838e-07,17099,,,,,,,,,
69,,,,,,,,,,17099,0.018621113151311874,,,,,,,,
,,,,,,,,,6.09430894308943e-07,17104,,,,,,,,,
69,,,,,,,,,,17104,0.016127394512295723,,,,,,,,
,,,,,,,,,6.090243902439024e-07,17109,,,,,,,,,
69,,,,,,,,,,17109,0.01616325043141842,,,,,,,,
,,,,,,,,,6.086178861788618e-07,17114,,,,,,,,,
69,,,,,,,,,,17114,0.05423329398036003,,,,,,,,
,,,,,,,,,6.082113821138211e-07,17119,,,,,,,,,
69,,,,,,,,,,17119,0.0420081727206707,,,,,,,,
,,,,,,,,,6.078048780487805e-07,17124,,,,,,,,,
69,,,,,,,,,,17124,0.034394413232803345,,,,,,,,
,,,,,,,,,6.073983739837399e-07,17129,,,,,,,,,
69,,,,,,,,,,17129,0.030954943969845772,,,,,,,,
,,,,,,,,,6.069918699186991e-07,17134,,,,,,,,,
69,,,,,,,,,,17134,0.013769906014204025,,,,,,,,
,,,,,,,,,6.065853658536584e-07,17139,,,,,,,,,
69,,,,,,,,,,17139,0.032579369843006134,,,,,,,,
,,,,,,,,,6.061788617886178e-07,17144,,,,,,,,,
69,,,,,,,,,,17144,0.03600743040442467,,,,,,,,
,,,,,,,,,6.057723577235771e-07,17149,,,,,,,,,
69,,,,,,,,,,17149,0.020310623571276665,,,,,,,,
,,,,,,,,,6.053658536585365e-07,17154,,,,,,,,,
69,,,,,,,,,,17154,0.01830824464559555,,,,,,,,
,,,,,,,,,6.049593495934959e-07,17159,,,,,,,,,
69,,,,,,,,,,17159,0.08325335383415222,,,,,,,,
,,,,,,,,,6.045528455284552e-07,17164,,,,,,,,,
69,,,,,,,,,,17164,0.04134263098239899,,,,,,,,
,,,,,,,,,6.041463414634146e-07,17169,,,,,,,,,
69,,,,,,,,,,17169,0.020022837445139885,,,,,,,,
,,,,,,,,,6.03739837398374e-07,17174,,,,,,,,,
69,,,,,,,,,,17174,0.03528842329978943,,,,,,,,
,,,,,,,,,6.033333333333333e-07,17179,,,,,,,,,
69,,,,,,,,,,17179,0.022246653214097023,,,,,,,,
,,,,,,,,,6.029268292682926e-07,17184,,,,,,,,,
69,,,,,,,,,,17184,0.03787146508693695,,,,,,,,
,,,,,,,,,6.02520325203252e-07,17189,,,,,,,,,
69,,,,,,,,,,17189,0.020120613276958466,,,,,,,,
,,,,,,,,,6.021138211382114e-07,17194,,,,,,,,,
69,,,,,,,,,,17194,0.010298801586031914,,,,,,,,
,,,,,,,,,6.017073170731707e-07,17199,,,,,,,,,
69,,,,,,,,,,17199,0.026434551924467087,,,,,,,,
,,,,,,,,,6.013008130081301e-07,17204,,,,,,,,,
69,,,,,,,,,,17204,0.04533045366406441,,,,,,,,
,,,,,,,,,6.008943089430895e-07,17209,,,,,,,,,
69,,,,,,,,,,17209,0.009798537939786911,,,,,,,,
,,,,,,,,,6.004878048780488e-07,17214,,,,,,,,,
69,,,,,,,,,,17214,0.028731297701597214,,,,,,,,
,,,,,,,,,6.000813008130081e-07,17219,,,,,,,,,
69,,,,,,,,,,17219,0.006818260531872511,,,,,,,,
69,,,,,,,,,,17219,,0.7538461685180664,0.8279569745063782,0.06262051314115524,0.06262051314115524,0.37084245681762695,0.8020833134651184,0.855555534362793,0.32864001393318176
,,,,,,,,,5.996747967479675e-07,17224,,,,,,,,,
70,,,,,,,,,,17224,0.012525178492069244,,,,,,,,
,,,,,,,,,5.992682926829268e-07,17229,,,,,,,,,
70,,,,,,,,,,17229,0.006572409067302942,,,,,,,,
,,,,,,,,,5.988617886178862e-07,17234,,,,,,,,,
70,,,,,,,,,,17234,0.012599367648363113,,,,,,,,
,,,,,,,,,5.984552845528456e-07,17239,,,,,,,,,
70,,,,,,,,,,17239,0.020088432356715202,,,,,,,,
,,,,,,,,,5.980487804878049e-07,17244,,,,,,,,,
70,,,,,,,,,,17244,0.012659124098718166,,,,,,,,
,,,,,,,,,5.976422764227642e-07,17249,,,,,,,,,
70,,,,,,,,,,17249,0.03303055465221405,,,,,,,,
,,,,,,,,,5.972357723577236e-07,17254,,,,,,,,,
70,,,,,,,,,,17254,0.01908743940293789,,,,,,,,
,,,,,,,,,5.968292682926828e-07,17259,,,,,,,,,
70,,,,,,,,,,17259,0.017339371144771576,,,,,,,,
,,,,,,,,,5.964227642276422e-07,17264,,,,,,,,,
70,,,,,,,,,,17264,0.01870778203010559,,,,,,,,
,,,,,,,,,5.960162601626016e-07,17269,,,,,,,,,
70,,,,,,,,,,17269,0.037794385105371475,,,,,,,,
,,,,,,,,,5.956097560975609e-07,17274,,,,,,,,,
70,,,,,,,,,,17274,0.039704445749521255,,,,,,,,
,,,,,,,,,5.952032520325203e-07,17279,,,,,,,,,
70,,,,,,,,,,17279,0.02304500713944435,,,,,,,,
,,,,,,,,,5.947967479674797e-07,17284,,,,,,,,,
70,,,,,,,,,,17284,0.01979798451066017,,,,,,,,
,,,,,,,,,5.94390243902439e-07,17289,,,,,,,,,
70,,,,,,,,,,17289,0.032893963158130646,,,,,,,,
,,,,,,,,,5.939837398373983e-07,17294,,,,,,,,,
70,,,,,,,,,,17294,0.026035470888018608,,,,,,,,
,,,,,,,,,5.935772357723577e-07,17299,,,,,,,,,
70,,,,,,,,,,17299,0.030475063249468803,,,,,,,,
,,,,,,,,,5.93170731707317e-07,17304,,,,,,,,,
70,,,,,,,,,,17304,0.018069952726364136,,,,,,,,
,,,,,,,,,5.927642276422764e-07,17309,,,,,,,,,
70,,,,,,,,,,17309,0.0430641733109951,,,,,,,,
,,,,,,,,,5.923577235772358e-07,17314,,,,,,,,,
70,,,,,,,,,,17314,0.06235438585281372,,,,,,,,
,,,,,,,,,5.919512195121951e-07,17319,,,,,,,,,
70,,,,,,,,,,17319,0.017419595271348953,,,,,,,,
,,,,,,,,,5.915447154471545e-07,17324,,,,,,,,,
70,,,,,,,,,,17324,0.0421065017580986,,,,,,,,
,,,,,,,,,5.911382113821139e-07,17329,,,,,,,,,
70,,,,,,,,,,17329,0.023505041375756264,,,,,,,,
,,,,,,,,,5.907317073170731e-07,17334,,,,,,,,,
70,,,,,,,,,,17334,0.024167243391275406,,,,,,,,
,,,,,,,,,5.903252032520325e-07,17339,,,,,,,,,
70,,,,,,,,,,17339,0.016356436535716057,,,,,,,,
,,,,,,,,,5.899186991869919e-07,17344,,,,,,,,,
70,,,,,,,,,,17344,0.011850723065435886,,,,,,,,
,,,,,,,,,5.895121951219512e-07,17349,,,,,,,,,
70,,,,,,,,,,17349,0.03796129301190376,,,,,,,,
,,,,,,,,,5.891056910569106e-07,17354,,,,,,,,,
70,,,,,,,,,,17354,0.02629062905907631,,,,,,,,
,,,,,,,,,5.8869918699187e-07,17359,,,,,,,,,
70,,,,,,,,,,17359,0.019774941727519035,,,,,,,,
,,,,,,,,,5.882926829268292e-07,17364,,,,,,,,,
70,,,,,,,,,,17364,0.024436980485916138,,,,,,,,
,,,,,,,,,5.878861788617886e-07,17369,,,,,,,,,
70,,,,,,,,,,17369,0.02074378915131092,,,,,,,,
,,,,,,,,,5.874796747967479e-07,17374,,,,,,,,,
70,,,,,,,,,,17374,0.03292039781808853,,,,,,,,
,,,,,,,,,5.870731707317072e-07,17379,,,,,,,,,
70,,,,,,,,,,17379,0.028998715803027153,,,,,,,,
,,,,,,,,,5.866666666666666e-07,17384,,,,,,,,,
70,,,,,,,,,,17384,0.028225542977452278,,,,,,,,
,,,,,,,,,5.86260162601626e-07,17389,,,,,,,,,
70,,,,,,,,,,17389,0.019886989146471024,,,,,,,,
,,,,,,,,,5.858536585365853e-07,17394,,,,,,,,,
70,,,,,,,,,,17394,0.045502565801143646,,,,,,,,
,,,,,,,,,5.854471544715447e-07,17399,,,,,,,,,
70,,,,,,,,,,17399,0.007537608966231346,,,,,,,,
,,,,,,,,,5.850406504065041e-07,17404,,,,,,,,,
70,,,,,,,,,,17404,0.03282077983021736,,,,,,,,
,,,,,,,,,5.846341463414633e-07,17409,,,,,,,,,
70,,,,,,,,,,17409,0.015906691551208496,,,,,,,,
,,,,,,,,,5.842276422764227e-07,17414,,,,,,,,,
70,,,,,,,,,,17414,0.03387884050607681,,,,,,,,
,,,,,,,,,5.838211382113821e-07,17419,,,,,,,,,
70,,,,,,,,,,17419,0.02314954623579979,,,,,,,,
,,,,,,,,,5.834146341463414e-07,17424,,,,,,,,,
70,,,,,,,,,,17424,0.0037841119337826967,,,,,,,,
,,,,,,,,,5.830081300813008e-07,17429,,,,,,,,,
70,,,,,,,,,,17429,0.05334145575761795,,,,,,,,
,,,,,,,,,5.826016260162602e-07,17434,,,,,,,,,
70,,,,,,,,,,17434,0.04578916355967522,,,,,,,,
,,,,,,,,,5.821951219512195e-07,17439,,,,,,,,,
70,,,,,,,,,,17439,0.03416353091597557,,,,,,,,
,,,,,,,,,5.817886178861789e-07,17444,,,,,,,,,
70,,,,,,,,,,17444,0.021646324545145035,,,,,,,,
,,,,,,,,,5.813821138211382e-07,17449,,,,,,,,,
70,,,,,,,,,,17449,0.03259015083312988,,,,,,,,
,,,,,,,,,5.809756097560975e-07,17454,,,,,,,,,
70,,,,,,,,,,17454,0.02209908328950405,,,,,,,,
,,,,,,,,,5.805691056910569e-07,17459,,,,,,,,,
70,,,,,,,,,,17459,0.015501885674893856,,,,,,,,
,,,,,,,,,5.801626016260163e-07,17464,,,,,,,,,
70,,,,,,,,,,17464,0.03030526265501976,,,,,,,,
70,,,,,,,,,,17465,,0.7615384459495544,0.8376963138580322,0.06541991978883743,0.06541991978883743,0.3722538948059082,0.7920792102813721,0.8888888955116272,0.3110738694667816
,,,,,,,,,5.797560975609755e-07,17469,,,,,,,,,
71,,,,,,,,,,17469,0.0677027702331543,,,,,,,,
,,,,,,,,,5.79349593495935e-07,17474,,,,,,,,,
71,,,,,,,,,,17474,0.04746696352958679,,,,,,,,
,,,,,,,,,5.789430894308943e-07,17479,,,,,,,,,
71,,,,,,,,,,17479,0.06793715059757233,,,,,,,,
,,,,,,,,,5.785365853658536e-07,17484,,,,,,,,,
71,,,,,,,,,,17484,0.022130971774458885,,,,,,,,
,,,,,,,,,5.781300813008129e-07,17489,,,,,,,,,
71,,,,,,,,,,17489,0.028406014665961266,,,,,,,,
,,,,,,,,,5.777235772357723e-07,17494,,,,,,,,,
71,,,,,,,,,,17494,0.033620744943618774,,,,,,,,
,,,,,,,,,5.773170731707316e-07,17499,,,,,,,,,
71,,,,,,,,,,17499,0.039050836116075516,,,,,,,,
,,,,,,,,,5.76910569105691e-07,17504,,,,,,,,,
71,,,,,,,,,,17504,0.022177444770932198,,,,,,,,
,,,,,,,,,5.765040650406504e-07,17509,,,,,,,,,
71,,,,,,,,,,17509,0.03231525048613548,,,,,,,,
,,,,,,,,,5.760975609756097e-07,17514,,,,,,,,,
71,,,,,,,,,,17514,0.04636980965733528,,,,,,,,
,,,,,,,,,5.756910569105691e-07,17519,,,,,,,,,
71,,,,,,,,,,17519,0.04694068804383278,,,,,,,,
,,,,,,,,,5.752845528455285e-07,17524,,,,,,,,,
71,,,,,,,,,,17524,0.028030961751937866,,,,,,,,
,,,,,,,,,5.748780487804877e-07,17529,,,,,,,,,
71,,,,,,,,,,17529,0.019823545590043068,,,,,,,,
,,,,,,,,,5.744715447154471e-07,17534,,,,,,,,,
71,,,,,,,,,,17534,0.008962973952293396,,,,,,,,
,,,,,,,,,5.740650406504065e-07,17539,,,,,,,,,
71,,,,,,,,,,17539,0.04487256705760956,,,,,,,,
,,,,,,,,,5.736585365853658e-07,17544,,,,,,,,,
71,,,,,,,,,,17544,0.017933497205376625,,,,,,,,
,,,,,,,,,5.732520325203252e-07,17549,,,,,,,,,
71,,,,,,,,,,17549,0.07249650359153748,,,,,,,,
,,,,,,,,,5.728455284552846e-07,17554,,,,,,,,,
71,,,,,,,,,,17554,0.02874663472175598,,,,,,,,
,,,,,,,,,5.724390243902439e-07,17559,,,,,,,,,
71,,,,,,,,,,17559,0.018433185294270515,,,,,,,,
,,,,,,,,,5.720325203252033e-07,17564,,,,,,,,,
71,,,,,,,,,,17564,0.043280892074108124,,,,,,,,
,,,,,,,,,5.716260162601626e-07,17569,,,,,,,,,
71,,,,,,,,,,17569,0.01590452529489994,,,,,,,,
,,,,,,,,,5.712195121951219e-07,17574,,,,,,,,,
71,,,,,,,,,,17574,0.025554774329066277,,,,,,,,
,,,,,,,,,5.708130081300813e-07,17579,,,,,,,,,
71,,,,,,,,,,17579,0.03172656521201134,,,,,,,,
,,,,,,,,,5.704065040650407e-07,17584,,,,,,,,,
71,,,,,,,,,,17584,0.02530376799404621,,,,,,,,
,,,,,,,,,5.699999999999999e-07,17589,,,,,,,,,
71,,,,,,,,,,17589,0.029686827212572098,,,,,,,,
,,,,,,,,,5.695934959349593e-07,17594,,,,,,,,,
71,,,,,,,,,,17594,0.02223055437207222,,,,,,,,
,,,,,,,,,5.691869918699187e-07,17599,,,,,,,,,
71,,,,,,,,,,17599,0.026321405544877052,,,,,,,,
,,,,,,,,,5.687804878048779e-07,17604,,,,,,,,,
71,,,,,,,,,,17604,0.011335238814353943,,,,,,,,
,,,,,,,,,5.683739837398373e-07,17609,,,,,,,,,
71,,,,,,,,,,17609,0.013056833297014236,,,,,,,,
,,,,,,,,,5.679674796747967e-07,17614,,,,,,,,,
71,,,,,,,,,,17614,0.024556683376431465,,,,,,,,
,,,,,,,,,5.67560975609756e-07,17619,,,,,,,,,
71,,,,,,,,,,17619,0.055292606353759766,,,,,,,,
,,,,,,,,,5.671544715447154e-07,17624,,,,,,,,,
71,,,,,,,,,,17624,0.019569577649235725,,,,,,,,
,,,,,,,,,5.667479674796748e-07,17629,,,,,,,,,
71,,,,,,,,,,17629,0.013949430547654629,,,,,,,,
,,,,,,,,,5.663414634146341e-07,17634,,,,,,,,,
71,,,,,,,,,,17634,0.041538916528224945,,,,,,,,
,,,,,,,,,5.659349593495935e-07,17639,,,,,,,,,
71,,,,,,,,,,17639,0.024309448897838593,,,,,,,,
,,,,,,,,,5.655284552845528e-07,17644,,,,,,,,,
71,,,,,,,,,,17644,0.016690652817487717,,,,,,,,
,,,,,,,,,5.651219512195121e-07,17649,,,,,,,,,
71,,,,,,,,,,17649,0.015638571232557297,,,,,,,,
,,,,,,,,,5.647154471544715e-07,17654,,,,,,,,,
71,,,,,,,,,,17654,0.01774578168988228,,,,,,,,
,,,,,,,,,5.643089430894309e-07,17659,,,,,,,,,
71,,,,,,,,,,17659,0.05204441025853157,,,,,,,,
,,,,,,,,,5.639024390243902e-07,17664,,,,,,,,,
71,,,,,,,,,,17664,0.05311091989278793,,,,,,,,
,,,,,,,,,5.634959349593496e-07,17669,,,,,,,,,
71,,,,,,,,,,17669,0.011710887774825096,,,,,,,,
,,,,,,,,,5.63089430894309e-07,17674,,,,,,,,,
71,,,,,,,,,,17674,0.03411921486258507,,,,,,,,
,,,,,,,,,5.626829268292683e-07,17679,,,,,,,,,
71,,,,,,,,,,17679,0.01992005668580532,,,,,,,,
,,,,,,,,,5.622764227642276e-07,17684,,,,,,,,,
71,,,,,,,,,,17684,0.023759322240948677,,,,,,,,
,,,,,,,,,5.61869918699187e-07,17689,,,,,,,,,
71,,,,,,,,,,17689,0.019417840987443924,,,,,,,,
,,,,,,,,,5.614634146341464e-07,17694,,,,,,,,,
71,,,,,,,,,,17694,0.02402653358876705,,,,,,,,
,,,,,,,,,5.610569105691056e-07,17699,,,,,,,,,
71,,,,,,,,,,17699,0.06963403522968292,,,,,,,,
,,,,,,,,,5.60650406504065e-07,17704,,,,,,,,,
71,,,,,,,,,,17704,0.043735992163419724,,,,,,,,
,,,,,,,,,5.602439024390244e-07,17709,,,,,,,,,
71,,,,,,,,,,17709,0.02593804895877838,,,,,,,,
71,,,,,,,,,,17711,,0.7615384459495544,0.8342245817184448,0.06340809911489487,0.06340809911489487,0.3618955910205841,0.8041236996650696,0.8666666746139526,0.32212793827056885
,,,,,,,,,5.598373983739837e-07,17714,,,,,,,,,
72,,,,,,,,,,17714,0.019019346684217453,,,,,,,,
,,,,,,,,,5.594308943089431e-07,17719,,,,,,,,,
72,,,,,,,,,,17719,0.032682355493307114,,,,,,,,
,,,,,,,,,5.590243902439024e-07,17724,,,,,,,,,
72,,,,,,,,,,17724,0.014915194362401962,,,,,,,,
,,,,,,,,,5.586178861788617e-07,17729,,,,,,,,,
72,,,,,,,,,,17729,0.021618761122226715,,,,,,,,
,,,,,,,,,5.582113821138211e-07,17734,,,,,,,,,
72,,,,,,,,,,17734,0.054484277963638306,,,,,,,,
,,,,,,,,,5.578048780487805e-07,17739,,,,,,,,,
72,,,,,,,,,,17739,0.03135295584797859,,,,,,,,
,,,,,,,,,5.573983739837398e-07,17744,,,,,,,,,
72,,,,,,,,,,17744,0.0021132088731974363,,,,,,,,
,,,,,,,,,5.569918699186992e-07,17749,,,,,,,,,
72,,,,,,,,,,17749,0.01606239192187786,,,,,,,,
,,,,,,,,,5.565853658536586e-07,17754,,,,,,,,,
72,,,,,,,,,,17754,0.021374132484197617,,,,,,,,
,,,,,,,,,5.561788617886178e-07,17759,,,,,,,,,
72,,,,,,,,,,17759,0.01807965710759163,,,,,,,,
,,,,,,,,,5.557723577235772e-07,17764,,,,,,,,,
72,,,,,,,,,,17764,0.020279278978705406,,,,,,,,
,,,,,,,,,5.553658536585366e-07,17769,,,,,,,,,
72,,,,,,,,,,17769,0.018766993656754494,,,,,,,,
,,,,,,,,,5.549593495934959e-07,17774,,,,,,,,,
72,,,,,,,,,,17774,0.03608598932623863,,,,,,,,
,,,,,,,,,5.545528455284553e-07,17779,,,,,,,,,
72,,,,,,,,,,17779,0.05906721204519272,,,,,,,,
,,,,,,,,,5.541463414634147e-07,17784,,,,,,,,,
72,,,,,,,,,,17784,0.024402856826782227,,,,,,,,
,,,,,,,,,5.53739837398374e-07,17789,,,,,,,,,
72,,,,,,,,,,17789,0.020081473514437675,,,,,,,,
,,,,,,,,,5.533333333333334e-07,17794,,,,,,,,,
72,,,,,,,,,,17794,0.009422489441931248,,,,,,,,
,,,,,,,,,5.529268292682927e-07,17799,,,,,,,,,
72,,,,,,,,,,17799,0.02311880886554718,,,,,,,,
,,,,,,,,,5.52520325203252e-07,17804,,,,,,,,,
72,,,,,,,,,,17804,0.019671805202960968,,,,,,,,
,,,,,,,,,5.521138211382113e-07,17809,,,,,,,,,
72,,,,,,,,,,17809,0.045931681990623474,,,,,,,,
,,,,,,,,,5.517073170731707e-07,17814,,,,,,,,,
72,,,,,,,,,,17814,0.015303749591112137,,,,,,,,
,,,,,,,,,5.5130081300813e-07,17819,,,,,,,,,
72,,,,,,,,,,17819,0.03002202697098255,,,,,,,,
,,,,,,,,,5.508943089430894e-07,17824,,,,,,,,,
72,,,,,,,,,,17824,0.03005817160010338,,,,,,,,
,,,,,,,,,5.504878048780488e-07,17829,,,,,,,,,
72,,,,,,,,,,17829,0.06554172933101654,,,,,,,,
,,,,,,,,,5.500813008130081e-07,17834,,,,,,,,,
72,,,,,,,,,,17834,0.011758374981582165,,,,,,,,
,,,,,,,,,5.496747967479674e-07,17839,,,,,,,,,
72,,,,,,,,,,17839,0.02212321013212204,,,,,,,,
,,,,,,,,,5.492682926829268e-07,17844,,,,,,,,,
72,,,,,,,,,,17844,0.01950228400528431,,,,,,,,
,,,,,,,,,5.488617886178861e-07,17849,,,,,,,,,
72,,,,,,,,,,17849,0.012999947182834148,,,,,,,,
,,,,,,,,,5.484552845528455e-07,17854,,,,,,,,,
72,,,,,,,,,,17854,0.01702098175883293,,,,,,,,
,,,,,,,,,5.480487804878049e-07,17859,,,,,,,,,
72,,,,,,,,,,17859,0.024091778323054314,,,,,,,,
,,,,,,,,,5.476422764227642e-07,17864,,,,,,,,,
72,,,,,,,,,,17864,0.013651609420776367,,,,,,,,
,,,,,,,,,5.472357723577236e-07,17869,,,,,,,,,
72,,,,,,,,,,17869,0.030885037034749985,,,,,,,,
,,,,,,,,,5.46829268292683e-07,17874,,,,,,,,,
72,,,,,,,,,,17874,0.01667366363108158,,,,,,,,
,,,,,,,,,5.464227642276422e-07,17879,,,,,,,,,
72,,,,,,,,,,17879,0.004098749719560146,,,,,,,,
,,,,,,,,,5.460162601626016e-07,17884,,,,,,,,,
72,,,,,,,,,,17884,0.05149928480386734,,,,,,,,
,,,,,,,,,5.45609756097561e-07,17889,,,,,,,,,
72,,,,,,,,,,17889,0.033509962260723114,,,,,,,,
,,,,,,,,,5.452032520325203e-07,17894,,,,,,,,,
72,,,,,,,,,,17894,0.02540542371571064,,,,,,,,
,,,,,,,,,5.447967479674797e-07,17899,,,,,,,,,
72,,,,,,,,,,17899,0.02848855033516884,,,,,,,,
,,,,,,,,,5.443902439024391e-07,17904,,,,,,,,,
72,,,,,,,,,,17904,0.039162419736385345,,,,,,,,
,,,,,,,,,5.439837398373984e-07,17909,,,,,,,,,
72,,,,,,,,,,17909,0.022906022146344185,,,,,,,,
,,,,,,,,,5.435772357723577e-07,17914,,,,,,,,,
72,,,,,,,,,,17914,0.025795621797442436,,,,,,,,
,,,,,,,,,5.43170731707317e-07,17919,,,,,,,,,
72,,,,,,,,,,17919,0.02348722703754902,,,,,,,,
,,,,,,,,,5.427642276422763e-07,17924,,,,,,,,,
72,,,,,,,,,,17924,0.020727714523673058,,,,,,,,
,,,,,,,,,5.423577235772357e-07,17929,,,,,,,,,
72,,,,,,,,,,17929,0.03673597797751427,,,,,,,,
,,,,,,,,,5.419512195121951e-07,17934,,,,,,,,,
72,,,,,,,,,,17934,0.017601048573851585,,,,,,,,
,,,,,,,,,5.415447154471544e-07,17939,,,,,,,,,
72,,,,,,,,,,17939,0.01621534302830696,,,,,,,,
,,,,,,,,,5.411382113821138e-07,17944,,,,,,,,,
72,,,,,,,,,,17944,0.008792857639491558,,,,,,,,
,,,,,,,,,5.407317073170732e-07,17949,,,,,,,,,
72,,,,,,,,,,17949,0.015345955267548561,,,,,,,,
,,,,,,,,,5.403252032520324e-07,17954,,,,,,,,,
72,,,,,,,,,,17954,0.022937025874853134,,,,,,,,
72,,,,,,,,,,17957,,0.7615384459495544,0.8376963138580322,0.06255577504634857,0.06255577504634857,0.36642903089523315,0.7920792102813721,0.8888888955116272,0.31936168670654297
,,,,,,,,,5.399186991869918e-07,17959,,,,,,,,,
73,,,,,,,,,,17959,0.012894252315163612,,,,,,,,
,,,,,,,,,5.395121951219512e-07,17964,,,,,,,,,
73,,,,,,,,,,17964,0.026538200676441193,,,,,,,,
,,,,,,,,,5.391056910569105e-07,17969,,,,,,,,,
73,,,,,,,,,,17969,0.025892063975334167,,,,,,,,
,,,,,,,,,5.386991869918699e-07,17974,,,,,,,,,
73,,,,,,,,,,17974,0.019387856125831604,,,,,,,,
,,,,,,,,,5.382926829268293e-07,17979,,,,,,,,,
73,,,,,,,,,,17979,0.024290822446346283,,,,,,,,
,,,,,,,,,5.378861788617886e-07,17984,,,,,,,,,
73,,,,,,,,,,17984,0.028694873675704002,,,,,,,,
,,,,,,,,,5.37479674796748e-07,17989,,,,,,,,,
73,,,,,,,,,,17989,0.01576012186706066,,,,,,,,
,,,,,,,,,5.370731707317073e-07,17994,,,,,,,,,
73,,,,,,,,,,17994,0.033691804856061935,,,,,,,,
,,,,,,,,,5.366666666666666e-07,17999,,,,,,,,,
73,,,,,,,,,,17999,0.03468279540538788,,,,,,,,
,,,,,,,,,5.36260162601626e-07,18004,,,,,,,,,
73,,,,,,,,,,18004,0.022914031520485878,,,,,,,,
,,,,,,,,,5.358536585365854e-07,18009,,,,,,,,,
73,,,,,,,,,,18009,0.01023489236831665,,,,,,,,
,,,,,,,,,5.354471544715447e-07,18014,,,,,,,,,
73,,,,,,,,,,18014,0.049345649778842926,,,,,,,,
,,,,,,,,,5.350406504065041e-07,18019,,,,,,,,,
73,,,,,,,,,,18019,0.022945581004023552,,,,,,,,
,,,,,,,,,5.346341463414635e-07,18024,,,,,,,,,
73,,,,,,,,,,18024,0.018728090450167656,,,,,,,,
,,,,,,,,,5.342276422764226e-07,18029,,,,,,,,,
73,,,,,,,,,,18029,0.008851016871631145,,,,,,,,
,,,,,,,,,5.33821138211382e-07,18034,,,,,,,,,
73,,,,,,,,,,18034,0.022249113768339157,,,,,,,,
,,,,,,,,,5.334146341463414e-07,18039,,,,,,,,,
73,,,,,,,,,,18039,0.04371250420808792,,,,,,,,
,,,,,,,,,5.330081300813007e-07,18044,,,,,,,,,
73,,,,,,,,,,18044,0.01744084805250168,,,,,,,,
,,,,,,,,,5.326016260162601e-07,18049,,,,,,,,,
73,,,,,,,,,,18049,0.038074493408203125,,,,,,,,
,,,,,,,,,5.321951219512195e-07,18054,,,,,,,,,
73,,,,,,,,,,18054,0.03473051264882088,,,,,,,,
,,,,,,,,,5.317886178861788e-07,18059,,,,,,,,,
73,,,,,,,,,,18059,0.031398192048072815,,,,,,,,
,,,,,,,,,5.313821138211382e-07,18064,,,,,,,,,
73,,,,,,,,,,18064,0.032480139285326004,,,,,,,,
,,,,,,,,,5.309756097560975e-07,18069,,,,,,,,,
73,,,,,,,,,,18069,0.022707508876919746,,,,,,,,
,,,,,,,,,5.305691056910568e-07,18074,,,,,,,,,
73,,,,,,,,,,18074,0.0437362939119339,,,,,,,,
,,,,,,,,,5.301626016260162e-07,18079,,,,,,,,,
73,,,,,,,,,,18079,0.04020914435386658,,,,,,,,
,,,,,,,,,5.297560975609756e-07,18084,,,,,,,,,
73,,,,,,,,,,18084,0.044400785118341446,,,,,,,,
,,,,,,,,,5.293495934959349e-07,18089,,,,,,,,,
73,,,,,,,,,,18089,0.012277323752641678,,,,,,,,
,,,,,,,,,5.289430894308943e-07,18094,,,,,,,,,
73,,,,,,,,,,18094,0.02352576144039631,,,,,,,,
,,,,,,,,,5.285365853658537e-07,18099,,,,,,,,,
73,,,,,,,,,,18099,0.016026025637984276,,,,,,,,
,,,,,,,,,5.28130081300813e-07,18104,,,,,,,,,
73,,,,,,,,,,18104,0.06026206165552139,,,,,,,,
,,,,,,,,,5.277235772357723e-07,18109,,,,,,,,,
73,,,,,,,,,,18109,0.029096711426973343,,,,,,,,
,,,,,,,,,5.273170731707317e-07,18114,,,,,,,,,
73,,,,,,,,,,18114,0.03035193309187889,,,,,,,,
,,,,,,,,,5.26910569105691e-07,18119,,,,,,,,,
73,,,,,,,,,,18119,0.04011581093072891,,,,,,,,
,,,,,,,,,5.265040650406504e-07,18124,,,,,,,,,
73,,,,,,,,,,18124,0.013827684335410595,,,,,,,,
,,,,,,,,,5.260975609756098e-07,18129,,,,,,,,,
73,,,,,,,,,,18129,0.026654237881302834,,,,,,,,
,,,,,,,,,5.256910569105691e-07,18134,,,,,,,,,
73,,,,,,,,,,18134,0.01998479850590229,,,,,,,,
,,,,,,,,,5.252845528455285e-07,18139,,,,,,,,,
73,,,,,,,,,,18139,0.009505257941782475,,,,,,,,
,,,,,,,,,5.248780487804879e-07,18144,,,,,,,,,
73,,,,,,,,,,18144,0.027523446828126907,,,,,,,,
,,,,,,,,,5.24471544715447e-07,18149,,,,,,,,,
73,,,,,,,,,,18149,0.03632839024066925,,,,,,,,
,,,,,,,,,5.240650406504064e-07,18154,,,,,,,,,
73,,,,,,,,,,18154,0.015620286576449871,,,,,,,,
,,,,,,,,,5.236585365853658e-07,18159,,,,,,,,,
73,,,,,,,,,,18159,0.021698856726288795,,,,,,,,
,,,,,,,,,5.232520325203251e-07,18164,,,,,,,,,
73,,,,,,,,,,18164,0.006393092684447765,,,,,,,,
,,,,,,,,,5.228455284552845e-07,18169,,,,,,,,,
73,,,,,,,,,,18169,0.030522556975483894,,,,,,,,
,,,,,,,,,5.224390243902439e-07,18174,,,,,,,,,
73,,,,,,,,,,18174,0.009232260286808014,,,,,,,,
,,,,,,,,,5.220325203252032e-07,18179,,,,,,,,,
73,,,,,,,,,,18179,0.012791912071406841,,,,,,,,
,,,,,,,,,5.216260162601625e-07,18184,,,,,,,,,
73,,,,,,,,,,18184,0.012875749729573727,,,,,,,,
,,,,,,,,,5.212195121951219e-07,18189,,,,,,,,,
73,,,,,,,,,,18189,0.032249901443719864,,,,,,,,
,,,,,,,,,5.208130081300813e-07,18194,,,,,,,,,
73,,,,,,,,,,18194,0.020098108798265457,,,,,,,,
,,,,,,,,,5.204065040650406e-07,18199,,,,,,,,,
73,,,,,,,,,,18199,0.01081528514623642,,,,,,,,
73,,,,,,,,,,18203,,0.7692307829856873,0.8404255509376526,0.06319590657949448,0.06319590657949448,0.374236524105072,0.8061224222183228,0.8777777552604675,0.33242136240005493
,,,,,,,,,5.2e-07,18204,,,,,,,,,
74,,,,,,,,,,18204,0.01900048740208149,,,,,,,,
,,,,,,,,,5.195934959349594e-07,18209,,,,,,,,,
74,,,,,,,,,,18209,0.03593821078538895,,,,,,,,
,,,,,,,,,5.191869918699187e-07,18214,,,,,,,,,
74,,,,,,,,,,18214,0.0337585024535656,,,,,,,,
,,,,,,,,,5.187804878048781e-07,18219,,,,,,,,,
74,,,,,,,,,,18219,0.013143033720552921,,,,,,,,
,,,,,,,,,5.183739837398374e-07,18224,,,,,,,,,
74,,,,,,,,,,18224,0.024735543876886368,,,,,,,,
,,,,,,,,,5.179674796747967e-07,18229,,,,,,,,,
74,,,,,,,,,,18229,0.02355613373219967,,,,,,,,
,,,,,,,,,5.175609756097561e-07,18234,,,,,,,,,
74,,,,,,,,,,18234,0.012866370379924774,,,,,,,,
,,,,,,,,,5.171544715447155e-07,18239,,,,,,,,,
74,,,,,,,,,,18239,0.03262976557016373,,,,,,,,
,,,,,,,,,5.167479674796748e-07,18244,,,,,,,,,
74,,,,,,,,,,18244,0.01161248330026865,,,,,,,,
,,,,,,,,,5.163414634146342e-07,18249,,,,,,,,,
74,,,,,,,,,,18249,0.015791313722729683,,,,,,,,
,,,,,,,,,5.159349593495936e-07,18254,,,,,,,,,
74,,,,,,,,,,18254,0.011666215024888515,,,,,,,,
,,,,,,,,,5.155284552845528e-07,18259,,,,,,,,,
74,,,,,,,,,,18259,0.033680230379104614,,,,,,,,
,,,,,,,,,5.151219512195121e-07,18264,,,,,,,,,
74,,,,,,,,,,18264,0.01927032507956028,,,,,,,,
,,,,,,,,,5.147154471544715e-07,18269,,,,,,,,,
74,,,,,,,,,,18269,0.018436266109347343,,,,,,,,
,,,,,,,,,5.143089430894308e-07,18274,,,,,,,,,
74,,,,,,,,,,18274,0.018383817747235298,,,,,,,,
,,,,,,,,,5.139024390243902e-07,18279,,,,,,,,,
74,,,,,,,,,,18279,0.0379258394241333,,,,,,,,
,,,,,,,,,5.134959349593496e-07,18284,,,,,,,,,
74,,,,,,,,,,18284,0.026213746517896652,,,,,,,,
,,,,,,,,,5.130894308943089e-07,18289,,,,,,,,,
74,,,,,,,,,,18289,0.04317548871040344,,,,,,,,
,,,,,,,,,5.126829268292683e-07,18294,,,,,,,,,
74,,,,,,,,,,18294,0.036742158234119415,,,,,,,,
,,,,,,,,,5.122764227642277e-07,18299,,,,,,,,,
74,,,,,,,,,,18299,0.036332614719867706,,,,,,,,
,,,,,,,,,5.118699186991869e-07,18304,,,,,,,,,
74,,,,,,,,,,18304,0.053938671946525574,,,,,,,,
,,,,,,,,,5.114634146341463e-07,18309,,,,,,,,,
74,,,,,,,,,,18309,0.013580859638750553,,,,,,,,
,,,,,,,,,5.110569105691057e-07,18314,,,,,,,,,
74,,,,,,,,,,18314,0.02114676497876644,,,,,,,,
,,,,,,,,,5.10650406504065e-07,18319,,,,,,,,,
74,,,,,,,,,,18319,0.07387568801641464,,,,,,,,
,,,,,,,,,5.102439024390244e-07,18324,,,,,,,,,
74,,,,,,,,,,18324,0.011324547231197357,,,,,,,,
,,,,,,,,,5.098373983739838e-07,18329,,,,,,,,,
74,,,,,,,,,,18329,0.011719985865056515,,,,,,,,
,,,,,,,,,5.094308943089431e-07,18334,,,,,,,,,
74,,,,,,,,,,18334,0.034985389560461044,,,,,,,,
,,,,,,,,,5.090243902439024e-07,18339,,,,,,,,,
74,,,,,,,,,,18339,0.020064903423190117,,,,,,,,
,,,,,,,,,5.086178861788618e-07,18344,,,,,,,,,
74,,,,,,,,,,18344,0.02000955119729042,,,,,,,,
,,,,,,,,,5.082113821138211e-07,18349,,,,,,,,,
74,,,,,,,,,,18349,0.01823199726641178,,,,,,,,
,,,,,,,,,5.078048780487805e-07,18354,,,,,,,,,
74,,,,,,,,,,18354,0.04632911831140518,,,,,,,,
,,,,,,,,,5.073983739837399e-07,18359,,,,,,,,,
74,,,,,,,,,,18359,0.09885619580745697,,,,,,,,
,,,,,,,,,5.069918699186992e-07,18364,,,,,,,,,
74,,,,,,,,,,18364,0.01895577646791935,,,,,,,,
,,,,,,,,,5.065853658536586e-07,18369,,,,,,,,,
74,,,,,,,,,,18369,0.051932886242866516,,,,,,,,
,,,,,,,,,5.06178861788618e-07,18374,,,,,,,,,
74,,,,,,,,,,18374,0.0322100855410099,,,,,,,,
,,,,,,,,,5.057723577235771e-07,18379,,,,,,,,,
74,,,,,,,,,,18379,0.01392415538430214,,,,,,,,
,,,,,,,,,5.053658536585365e-07,18384,,,,,,,,,
74,,,,,,,,,,18384,0.03251615911722183,,,,,,,,
,,,,,,,,,5.049593495934959e-07,18389,,,,,,,,,
74,,,,,,,,,,18389,0.016765788197517395,,,,,,,,
,,,,,,,,,5.045528455284552e-07,18394,,,,,,,,,
74,,,,,,,,,,18394,0.02797303907573223,,,,,,,,
,,,,,,,,,5.041463414634146e-07,18399,,,,,,,,,
74,,,,,,,,,,18399,0.020518632605671883,,,,,,,,
,,,,,,,,,5.03739837398374e-07,18404,,,,,,,,,
74,,,,,,,,,,18404,0.02347383089363575,,,,,,,,
,,,,,,,,,5.033333333333333e-07,18409,,,,,,,,,
74,,,,,,,,,,18409,0.012407773174345493,,,,,,,,
,,,,,,,,,5.029268292682927e-07,18414,,,,,,,,,
74,,,,,,,,,,18414,0.03565138205885887,,,,,,,,
,,,,,,,,,5.02520325203252e-07,18419,,,,,,,,,
74,,,,,,,,,,18419,0.01857859641313553,,,,,,,,
,,,,,,,,,5.021138211382113e-07,18424,,,,,,,,,
74,,,,,,,,,,18424,0.054153282195329666,,,,,,,,
,,,,,,,,,5.017073170731707e-07,18429,,,,,,,,,
74,,,,,,,,,,18429,0.03935481235384941,,,,,,,,
,,,,,,,,,5.013008130081301e-07,18434,,,,,,,,,
74,,,,,,,,,,18434,0.046000320464372635,,,,,,,,
,,,,,,,,,5.008943089430894e-07,18439,,,,,,,,,
74,,,,,,,,,,18439,0.030760830268263817,,,,,,,,
,,,,,,,,,5.004878048780488e-07,18444,,,,,,,,,
74,,,,,,,,,,18444,0.010924024507403374,,,,,,,,
,,,,,,,,,5.000813008130082e-07,18449,,,,,,,,,
74,,,,,,,,,,18449,5.630920350085944e-05,,,,,,,,
74,,,,,,,,,,18449,,0.7769230604171753,0.8432432413101196,0.061930399388074875,0.061930399388074875,0.3739907443523407,0.821052610874176,0.8666666746139526,0.3289710581302643
,,,,,,,,,4.996747967479675e-07,18454,,,,,,,,,
75,,,,,,,,,,18454,0.016830427572131157,,,,,,,,
,,,,,,,,,4.992682926829268e-07,18459,,,,,,,,,
75,,,,,,,,,,18459,0.011679105460643768,,,,,,,,
,,,,,,,,,4.988617886178862e-07,18464,,,,,,,,,
75,,,,,,,,,,18464,0.032742276787757874,,,,,,,,
,,,,,,,,,4.984552845528456e-07,18469,,,,,,,,,
75,,,,,,,,,,18469,0.057700447738170624,,,,,,,,
,,,,,,,,,4.980487804878049e-07,18474,,,,,,,,,
75,,,,,,,,,,18474,0.034059494733810425,,,,,,,,
,,,,,,,,,4.976422764227641e-07,18479,,,,,,,,,
75,,,,,,,,,,18479,0.016117045655846596,,,,,,,,
,,,,,,,,,4.972357723577235e-07,18484,,,,,,,,,
75,,,,,,,,,,18484,0.02190903015434742,,,,,,,,
,,,,,,,,,4.968292682926829e-07,18489,,,,,,,,,
75,,,,,,,,,,18489,0.053224869072437286,,,,,,,,
,,,,,,,,,4.964227642276422e-07,18494,,,,,,,,,
75,,,,,,,,,,18494,0.010287166573107243,,,,,,,,
,,,,,,,,,4.960162601626016e-07,18499,,,,,,,,,
75,,,,,,,,,,18499,0.021015606820583344,,,,,,,,
,,,,,,,,,4.956097560975609e-07,18504,,,,,,,,,
75,,,,,,,,,,18504,0.01876950077712536,,,,,,,,
,,,,,,,,,4.952032520325203e-07,18509,,,,,,,,,
75,,,,,,,,,,18509,0.01350355427712202,,,,,,,,
,,,,,,,,,4.947967479674796e-07,18514,,,,,,,,,
75,,,,,,,,,,18514,0.03999556228518486,,,,,,,,
,,,,,,,,,4.94390243902439e-07,18519,,,,,,,,,
75,,,,,,,,,,18519,0.02068023942410946,,,,,,,,
,,,,,,,,,4.939837398373983e-07,18524,,,,,,,,,
75,,,,,,,,,,18524,0.03611370921134949,,,,,,,,
,,,,,,,,,4.935772357723577e-07,18529,,,,,,,,,
75,,,,,,,,,,18529,0.029096612706780434,,,,,,,,
,,,,,,,,,4.93170731707317e-07,18534,,,,,,,,,
75,,,,,,,,,,18534,0.04430779442191124,,,,,,,,
,,,,,,,,,4.927642276422764e-07,18539,,,,,,,,,
75,,,,,,,,,,18539,0.0113418223336339,,,,,,,,
,,,,,,,,,4.923577235772358e-07,18544,,,,,,,,,
75,,,,,,,,,,18544,0.02991393208503723,,,,,,,,
,,,,,,,,,4.919512195121951e-07,18549,,,,,,,,,
75,,,,,,,,,,18549,0.054713234305381775,,,,,,,,
,,,,,,,,,4.915447154471544e-07,18554,,,,,,,,,
75,,,,,,,,,,18554,0.09473960101604462,,,,,,,,
,,,,,,,,,4.911382113821138e-07,18559,,,,,,,,,
75,,,,,,,,,,18559,0.008711707778275013,,,,,,,,
,,,,,,,,,4.907317073170732e-07,18564,,,,,,,,,
75,,,,,,,,,,18564,0.026508672162890434,,,,,,,,
,,,,,,,,,4.903252032520325e-07,18569,,,,,,,,,
75,,,,,,,,,,18569,0.015850123018026352,,,,,,,,
,,,,,,,,,4.899186991869919e-07,18574,,,,,,,,,
75,,,,,,,,,,18574,0.054232802242040634,,,,,,,,
,,,,,,,,,4.895121951219512e-07,18579,,,,,,,,,
75,,,,,,,,,,18579,0.02104933373630047,,,,,,,,
,,,,,,,,,4.891056910569106e-07,18584,,,,,,,,,
75,,,,,,,,,,18584,0.04016273096203804,,,,,,,,
,,,,,,,,,4.8869918699187e-07,18589,,,,,,,,,
75,,,,,,,,,,18589,0.03878346458077431,,,,,,,,
,,,,,,,,,4.882926829268292e-07,18594,,,,,,,,,
75,,,,,,,,,,18594,0.008372670039534569,,,,,,,,
,,,,,,,,,4.878861788617886e-07,18599,,,,,,,,,
75,,,,,,,,,,18599,0.023955393582582474,,,,,,,,
,,,,,,,,,4.874796747967479e-07,18604,,,,,,,,,
75,,,,,,,,,,18604,0.025362428277730942,,,,,,,,
,,,,,,,,,4.870731707317072e-07,18609,,,,,,,,,
75,,,,,,,,,,18609,0.010411402210593224,,,,,,,,
,,,,,,,,,4.866666666666666e-07,18614,,,,,,,,,
75,,,,,,,,,,18614,0.019747335463762283,,,,,,,,
,,,,,,,,,4.86260162601626e-07,18619,,,,,,,,,
75,,,,,,,,,,18619,0.01574942097067833,,,,,,,,
,,,,,,,,,4.858536585365853e-07,18624,,,,,,,,,
75,,,,,,,,,,18624,0.05098012834787369,,,,,,,,
,,,,,,,,,4.854471544715447e-07,18629,,,,,,,,,
75,,,,,,,,,,18629,0.04403422400355339,,,,,,,,
,,,,,,,,,4.85040650406504e-07,18634,,,,,,,,,
75,,,,,,,,,,18634,0.018945446237921715,,,,,,,,
,,,,,,,,,4.846341463414634e-07,18639,,,,,,,,,
75,,,,,,,,,,18639,0.003095031948760152,,,,,,,,
,,,,,,,,,4.842276422764228e-07,18644,,,,,,,,,
75,,,,,,,,,,18644,0.030904917046427727,,,,,,,,
,,,,,,,,,4.838211382113821e-07,18649,,,,,,,,,
75,,,,,,,,,,18649,0.026446107774972916,,,,,,,,
,,,,,,,,,4.834146341463414e-07,18654,,,,,,,,,
75,,,,,,,,,,18654,0.008291159756481647,,,,,,,,
,,,,,,,,,4.830081300813008e-07,18659,,,,,,,,,
75,,,,,,,,,,18659,0.008233865723013878,,,,,,,,
,,,,,,,,,4.826016260162602e-07,18664,,,,,,,,,
75,,,,,,,,,,18664,0.015543111599981785,,,,,,,,
,,,,,,,,,4.821951219512195e-07,18669,,,,,,,,,
75,,,,,,,,,,18669,0.01167384535074234,,,,,,,,
,,,,,,,,,4.817886178861789e-07,18674,,,,,,,,,
75,,,,,,,,,,18674,0.03244299441576004,,,,,,,,
,,,,,,,,,4.813821138211382e-07,18679,,,,,,,,,
75,,,,,,,,,,18679,0.012962118722498417,,,,,,,,
,,,,,,,,,4.809756097560976e-07,18684,,,,,,,,,
75,,,,,,,,,,18684,0.025113947689533234,,,,,,,,
,,,,,,,,,4.805691056910569e-07,18689,,,,,,,,,
75,,,,,,,,,,18689,0.05548253655433655,,,,,,,,
,,,,,,,,,4.801626016260163e-07,18694,,,,,,,,,
75,,,,,,,,,,18694,0.02935458905994892,,,,,,,,
75,,,,,,,,,,18695,,0.7615384459495544,0.8306010961532593,0.06245706230401993,0.06245706230401993,0.3781576454639435,0.8172042965888977,0.8444444537162781,0.3358415961265564
,,,,,,,,,4.797560975609756e-07,18699,,,,,,,,,
76,,,,,,,,,,18699,0.01165878213942051,,,,,,,,
,,,,,,,,,4.79349593495935e-07,18704,,,,,,,,,
76,,,,,,,,,,18704,0.017272498458623886,,,,,,,,
,,,,,,,,,4.789430894308942e-07,18709,,,,,,,,,
76,,,,,,,,,,18709,0.022973261773586273,,,,,,,,
,,,,,,,,,4.785365853658536e-07,18714,,,,,,,,,
76,,,,,,,,,,18714,0.019345266744494438,,,,,,,,
,,,,,,,,,4.78130081300813e-07,18719,,,,,,,,,
76,,,,,,,,,,18719,0.023448804393410683,,,,,,,,
,,,,,,,,,4.777235772357723e-07,18724,,,,,,,,,
76,,,,,,,,,,18724,0.03656811639666557,,,,,,,,
,,,,,,,,,4.773170731707316e-07,18729,,,,,,,,,
76,,,,,,,,,,18729,0.010438238270580769,,,,,,,,
,,,,,,,,,4.76910569105691e-07,18734,,,,,,,,,
76,,,,,,,,,,18734,0.02316267043352127,,,,,,,,
,,,,,,,,,4.7650406504065037e-07,18739,,,,,,,,,
76,,,,,,,,,,18739,0.015889491885900497,,,,,,,,
,,,,,,,,,4.760975609756097e-07,18744,,,,,,,,,
76,,,,,,,,,,18744,0.027768032625317574,,,,,,,,
,,,,,,,,,4.756910569105691e-07,18749,,,,,,,,,
76,,,,,,,,,,18749,0.028819289058446884,,,,,,,,
,,,,,,,,,4.752845528455284e-07,18754,,,,,,,,,
76,,,,,,,,,,18754,0.014243380166590214,,,,,,,,
,,,,,,,,,4.7487804878048775e-07,18759,,,,,,,,,
76,,,,,,,,,,18759,0.06523919105529785,,,,,,,,
,,,,,,,,,4.7447154471544715e-07,18764,,,,,,,,,
76,,,,,,,,,,18764,0.033978208899497986,,,,,,,,
,,,,,,,,,4.740650406504065e-07,18769,,,,,,,,,
76,,,,,,,,,,18769,0.024383487179875374,,,,,,,,
,,,,,,,,,4.736585365853658e-07,18774,,,,,,,,,
76,,,,,,,,,,18774,0.030807064846158028,,,,,,,,
,,,,,,,,,4.732520325203252e-07,18779,,,,,,,,,
76,,,,,,,,,,18779,0.05853263661265373,,,,,,,,
,,,,,,,,,4.7284552845528453e-07,18784,,,,,,,,,
76,,,,,,,,,,18784,0.009060810320079327,,,,,,,,
,,,,,,,,,4.724390243902439e-07,18789,,,,,,,,,
76,,,,,,,,,,18789,0.014983300119638443,,,,,,,,
,,,,,,,,,4.720325203252032e-07,18794,,,,,,,,,
76,,,,,,,,,,18794,0.03186633810400963,,,,,,,,
,,,,,,,,,4.7162601626016257e-07,18799,,,,,,,,,
76,,,,,,,,,,18799,0.05881470814347267,,,,,,,,
,,,,,,,,,4.712195121951219e-07,18804,,,,,,,,,
76,,,,,,,,,,18804,0.025754857808351517,,,,,,,,
,,,,,,,,,4.708130081300813e-07,18809,,,,,,,,,
76,,,,,,,,,,18809,0.01930384896695614,,,,,,,,
,,,,,,,,,4.704065040650406e-07,18814,,,,,,,,,
76,,,,,,,,,,18814,0.041670314967632294,,,,,,,,
,,,,,,,,,4.6999999999999995e-07,18819,,,,,,,,,
76,,,,,,,,,,18819,0.01486643310636282,,,,,,,,
,,,,,,,,,4.6959349593495935e-07,18824,,,,,,,,,
76,,,,,,,,,,18824,0.024631492793560028,,,,,,,,
,,,,,,,,,4.691869918699187e-07,18829,,,,,,,,,
76,,,,,,,,,,18829,0.043397899717092514,,,,,,,,
,,,,,,,,,4.68780487804878e-07,18834,,,,,,,,,
76,,,,,,,,,,18834,0.019296571612358093,,,,,,,,
,,,,,,,,,4.683739837398374e-07,18839,,,,,,,,,
76,,,,,,,,,,18839,0.021743372082710266,,,,,,,,
,,,,,,,,,4.679674796747967e-07,18844,,,,,,,,,
76,,,,,,,,,,18844,0.013863119296729565,,,,,,,,
,,,,,,,,,4.675609756097561e-07,18849,,,,,,,,,
76,,,,,,,,,,18849,0.022451860830187798,,,,,,,,
,,,,,,,,,4.671544715447154e-07,18854,,,,,,,,,
76,,,,,,,,,,18854,0.020425712689757347,,,,,,,,
,,,,,,,,,4.6674796747967476e-07,18859,,,,,,,,,
76,,,,,,,,,,18859,0.03315316513180733,,,,,,,,
,,,,,,,,,4.6634146341463416e-07,18864,,,,,,,,,
76,,,,,,,,,,18864,0.017715610563755035,,,,,,,,
,,,,,,,,,4.659349593495935e-07,18869,,,,,,,,,
76,,,,,,,,,,18869,0.05280596390366554,,,,,,,,
,,,,,,,,,4.655284552845528e-07,18874,,,,,,,,,
76,,,,,,,,,,18874,0.018014097586274147,,,,,,,,
,,,,,,,,,4.651219512195122e-07,18879,,,,,,,,,
76,,,,,,,,,,18879,0.0158999040722847,,,,,,,,
,,,,,,,,,4.6471544715447154e-07,18884,,,,,,,,,
76,,,,,,,,,,18884,0.026247860863804817,,,,,,,,
,,,,,,,,,4.6430894308943083e-07,18889,,,,,,,,,
76,,,,,,,,,,18889,0.011836144141852856,,,,,,,,
,,,,,,,,,4.6390243902439023e-07,18894,,,,,,,,,
76,,,,,,,,,,18894,0.02826983854174614,,,,,,,,
,,,,,,,,,4.634959349593496e-07,18899,,,,,,,,,
76,,,,,,,,,,18899,0.023470526561141014,,,,,,,,
,,,,,,,,,4.630894308943089e-07,18904,,,,,,,,,
76,,,,,,,,,,18904,0.029748059809207916,,,,,,,,
,,,,,,,,,4.6268292682926827e-07,18909,,,,,,,,,
76,,,,,,,,,,18909,0.06762600690126419,,,,,,,,
,,,,,,,,,4.622764227642276e-07,18914,,,,,,,,,
76,,,,,,,,,,18914,0.03790413215756416,,,,,,,,
,,,,,,,,,4.6186991869918696e-07,18919,,,,,,,,,
76,,,,,,,,,,18919,0.026081323623657227,,,,,,,,
,,,,,,,,,4.6146341463414636e-07,18924,,,,,,,,,
76,,,,,,,,,,18924,0.022029031068086624,,,,,,,,
,,,,,,,,,4.6105691056910565e-07,18929,,,,,,,,,
76,,,,,,,,,,18929,0.07199151813983917,,,,,,,,
,,,,,,,,,4.60650406504065e-07,18934,,,,,,,,,
76,,,,,,,,,,18934,0.051949840039014816,,,,,,,,
,,,,,,,,,4.602439024390244e-07,18939,,,,,,,,,
76,,,,,,,,,,18939,0.033603668212890625,,,,,,,,
76,,,,,,,,,,18941,,0.7769230604171753,0.8432432413101196,0.061979930847883224,0.061979930847883224,0.3820280134677887,0.821052610874176,0.8666666746139526,0.3388020992279053
,,,,,,,,,4.5983739837398374e-07,18944,,,,,,,,,
77,,,,,,,,,,18944,0.031214024871587753,,,,,,,,
,,,,,,,,,4.5943089430894303e-07,18949,,,,,,,,,
77,,,,,,,,,,18949,0.028042785823345184,,,,,,,,
,,,,,,,,,4.5902439024390243e-07,18954,,,,,,,,,
77,,,,,,,,,,18954,0.033705294132232666,,,,,,,,
,,,,,,,,,4.586178861788618e-07,18959,,,,,,,,,
77,,,,,,,,,,18959,0.03764913231134415,,,,,,,,
,,,,,,,,,4.582113821138211e-07,18964,,,,,,,,,
77,,,,,,,,,,18964,0.011379670351743698,,,,,,,,
,,,,,,,,,4.5780487804878047e-07,18969,,,,,,,,,
77,,,,,,,,,,18969,0.01636277511715889,,,,,,,,
,,,,,,,,,4.573983739837398e-07,18974,,,,,,,,,
77,,,,,,,,,,18974,0.02597978338599205,,,,,,,,
,,,,,,,,,4.5699186991869916e-07,18979,,,,,,,,,
77,,,,,,,,,,18979,0.012370486743748188,,,,,,,,
,,,,,,,,,4.5658536585365855e-07,18984,,,,,,,,,
77,,,,,,,,,,18984,0.05285349115729332,,,,,,,,
,,,,,,,,,4.5617886178861785e-07,18989,,,,,,,,,
77,,,,,,,,,,18989,0.014574059285223484,,,,,,,,
,,,,,,,,,4.557723577235772e-07,18994,,,,,,,,,
77,,,,,,,,,,18994,0.00903635285794735,,,,,,,,
,,,,,,,,,4.553658536585366e-07,18999,,,,,,,,,
77,,,,,,,,,,18999,0.07914780080318451,,,,,,,,
,,,,,,,,,4.5495934959349594e-07,19004,,,,,,,,,
77,,,,,,,,,,19004,0.018254335969686508,,,,,,,,
,,,,,,,,,4.5455284552845523e-07,19009,,,,,,,,,
77,,,,,,,,,,19009,0.010156485252082348,,,,,,,,
,,,,,,,,,4.541463414634146e-07,19014,,,,,,,,,
77,,,,,,,,,,19014,0.05396401137113571,,,,,,,,
,,,,,,,,,4.5373983739837397e-07,19019,,,,,,,,,
77,,,,,,,,,,19019,0.09913605451583862,,,,,,,,
,,,,,,,,,4.5333333333333326e-07,19024,,,,,,,,,
77,,,,,,,,,,19024,0.02850414626300335,,,,,,,,
,,,,,,,,,4.5292682926829266e-07,19029,,,,,,,,,
77,,,,,,,,,,19029,0.00967845506966114,,,,,,,,
,,,,,,,,,4.52520325203252e-07,19034,,,,,,,,,
77,,,,,,,,,,19034,0.0324389673769474,,,,,,,,
,,,,,,,,,4.5211382113821135e-07,19039,,,,,,,,,
77,,,,,,,,,,19039,0.019986916333436966,,,,,,,,
,,,,,,,,,4.517073170731707e-07,19044,,,,,,,,,
77,,,,,,,,,,19044,0.015019821934401989,,,,,,,,
,,,,,,,,,4.5130081300813004e-07,19049,,,,,,,,,
77,,,,,,,,,,19049,0.05600140243768692,,,,,,,,
,,,,,,,,,4.508943089430894e-07,19054,,,,,,,,,
77,,,,,,,,,,19054,0.05144420638680458,,,,,,,,
,,,,,,,,,4.504878048780488e-07,19059,,,,,,,,,
77,,,,,,,,,,19059,0.01360632199794054,,,,,,,,
,,,,,,,,,4.500813008130081e-07,19064,,,,,,,,,
77,,,,,,,,,,19064,0.023779014125466347,,,,,,,,
,,,,,,,,,4.496747967479674e-07,19069,,,,,,,,,
77,,,,,,,,,,19069,0.023340288549661636,,,,,,,,
,,,,,,,,,4.492682926829268e-07,19074,,,,,,,,,
77,,,,,,,,,,19074,0.03435160964727402,,,,,,,,
,,,,,,,,,4.4886178861788617e-07,19079,,,,,,,,,
77,,,,,,,,,,19079,0.030654843896627426,,,,,,,,
,,,,,,,,,4.4845528455284546e-07,19084,,,,,,,,,
77,,,,,,,,,,19084,0.015675317496061325,,,,,,,,
,,,,,,,,,4.4804878048780486e-07,19089,,,,,,,,,
77,,,,,,,,,,19089,0.056354109197854996,,,,,,,,
,,,,,,,,,4.476422764227642e-07,19094,,,,,,,,,
77,,,,,,,,,,19094,0.034436848014593124,,,,,,,,
,,,,,,,,,4.472357723577236e-07,19099,,,,,,,,,
77,,,,,,,,,,19099,0.028256045654416084,,,,,,,,
,,,,,,,,,4.468292682926829e-07,19104,,,,,,,,,
77,,,,,,,,,,19104,0.02684110589325428,,,,,,,,
,,,,,,,,,4.4642276422764224e-07,19109,,,,,,,,,
77,,,,,,,,,,19109,0.023289036005735397,,,,,,,,
,,,,,,,,,4.4601626016260164e-07,19114,,,,,,,,,
77,,,,,,,,,,19114,0.018710117787122726,,,,,,,,
,,,,,,,,,4.45609756097561e-07,19119,,,,,,,,,
77,,,,,,,,,,19119,0.03393685072660446,,,,,,,,
,,,,,,,,,4.452032520325203e-07,19124,,,,,,,,,
77,,,,,,,,,,19124,0.014870263636112213,,,,,,,,
,,,,,,,,,4.447967479674797e-07,19129,,,,,,,,,
77,,,,,,,,,,19129,0.011341696605086327,,,,,,,,
,,,,,,,,,4.44390243902439e-07,19134,,,,,,,,,
77,,,,,,,,,,19134,0.01875072903931141,,,,,,,,
,,,,,,,,,4.4398373983739836e-07,19139,,,,,,,,,
77,,,,,,,,,,19139,0.013661053963005543,,,,,,,,
,,,,,,,,,4.435772357723577e-07,19144,,,,,,,,,
77,,,,,,,,,,19144,0.017200492322444916,,,,,,,,
,,,,,,,,,4.4317073170731705e-07,19149,,,,,,,,,
77,,,,,,,,,,19149,0.01577323116362095,,,,,,,,
,,,,,,,,,4.427642276422764e-07,19154,,,,,,,,,
77,,,,,,,,,,19154,0.09008941054344177,,,,,,,,
,,,,,,,,,4.423577235772358e-07,19159,,,,,,,,,
77,,,,,,,,,,19159,0.027436209842562675,,,,,,,,
,,,,,,,,,4.419512195121951e-07,19164,,,,,,,,,
77,,,,,,,,,,19164,0.013380352407693863,,,,,,,,
,,,,,,,,,4.4154471544715444e-07,19169,,,,,,,,,
77,,,,,,,,,,19169,0.012702963314950466,,,,,,,,
,,,,,,,,,4.4113821138211383e-07,19174,,,,,,,,,
77,,,,,,,,,,19174,0.018310151994228363,,,,,,,,
,,,,,,,,,4.407317073170732e-07,19179,,,,,,,,,
77,,,,,,,,,,19179,0.03350244462490082,,,,,,,,
,,,,,,,,,4.4032520325203247e-07,19184,,,,,,,,,
77,,,,,,,,,,19184,0.01831805147230625,,,,,,,,
77,,,,,,,,,,19187,,0.7692307829856873,0.8387096524238586,0.06232302635908127,0.06232302635908127,0.3870694935321808,0.8125,0.8666666746139526,0.34787246584892273
,,,,,,,,,4.3991869918699187e-07,19189,,,,,,,,,
78,,,,,,,,,,19189,0.025357332080602646,,,,,,,,
,,,,,,,,,4.395121951219512e-07,19194,,,,,,,,,
78,,,,,,,,,,19194,0.012573090381920338,,,,,,,,
,,,,,,,,,4.391056910569105e-07,19199,,,,,,,,,
78,,,,,,,,,,19199,0.01997270993888378,,,,,,,,
,,,,,,,,,4.386991869918699e-07,19204,,,,,,,,,
78,,,,,,,,,,19204,0.02619086392223835,,,,,,,,
,,,,,,,,,4.3829268292682925e-07,19209,,,,,,,,,
78,,,,,,,,,,19209,0.016155501827597618,,,,,,,,
,,,,,,,,,4.378861788617886e-07,19214,,,,,,,,,
78,,,,,,,,,,19214,0.06195053830742836,,,,,,,,
,,,,,,,,,4.3747967479674794e-07,19219,,,,,,,,,
78,,,,,,,,,,19219,0.02145204320549965,,,,,,,,
,,,,,,,,,4.370731707317073e-07,19224,,,,,,,,,
78,,,,,,,,,,19224,0.004569501616060734,,,,,,,,
,,,,,,,,,4.3666666666666663e-07,19229,,,,,,,,,
78,,,,,,,,,,19229,0.016573956236243248,,,,,,,,
,,,,,,,,,4.3626016260162603e-07,19234,,,,,,,,,
78,,,,,,,,,,19234,0.028781861066818237,,,,,,,,
,,,,,,,,,4.358536585365853e-07,19239,,,,,,,,,
78,,,,,,,,,,19239,0.01311496365815401,,,,,,,,
,,,,,,,,,4.3544715447154467e-07,19244,,,,,,,,,
78,,,,,,,,,,19244,0.025493500754237175,,,,,,,,
,,,,,,,,,4.3504065040650407e-07,19249,,,,,,,,,
78,,,,,,,,,,19249,0.05235068127512932,,,,,,,,
,,,,,,,,,4.346341463414634e-07,19254,,,,,,,,,
78,,,,,,,,,,19254,0.02929193526506424,,,,,,,,
,,,,,,,,,4.342276422764227e-07,19259,,,,,,,,,
78,,,,,,,,,,19259,0.012527039274573326,,,,,,,,
,,,,,,,,,4.338211382113821e-07,19264,,,,,,,,,
78,,,,,,,,,,19264,0.025745244696736336,,,,,,,,
,,,,,,,,,4.3341463414634145e-07,19269,,,,,,,,,
78,,,,,,,,,,19269,0.030552590265870094,,,,,,,,
,,,,,,,,,4.330081300813008e-07,19274,,,,,,,,,
78,,,,,,,,,,19274,0.02890753000974655,,,,,,,,
,,,,,,,,,4.3260162601626014e-07,19279,,,,,,,,,
78,,,,,,,,,,19279,0.0430934764444828,,,,,,,,
,,,,,,,,,4.321951219512195e-07,19284,,,,,,,,,
78,,,,,,,,,,19284,0.014941679313778877,,,,,,,,
,,,,,,,,,4.3178861788617883e-07,19289,,,,,,,,,
78,,,,,,,,,,19289,0.00868704542517662,,,,,,,,
,,,,,,,,,4.3138211382113823e-07,19294,,,,,,,,,
78,,,,,,,,,,19294,0.025448128581047058,,,,,,,,
,,,,,,,,,4.309756097560975e-07,19299,,,,,,,,,
78,,,,,,,,,,19299,0.01759996823966503,,,,,,,,
,,,,,,,,,4.3056910569105687e-07,19304,,,,,,,,,
78,,,,,,,,,,19304,0.018623562529683113,,,,,,,,
,,,,,,,,,4.3016260162601626e-07,19309,,,,,,,,,
78,,,,,,,,,,19309,0.0174773670732975,,,,,,,,
,,,,,,,,,4.297560975609756e-07,19314,,,,,,,,,
78,,,,,,,,,,19314,0.0483909510076046,,,,,,,,
,,,,,,,,,4.293495934959349e-07,19319,,,,,,,,,
78,,,,,,,,,,19319,0.03744666278362274,,,,,,,,
,,,,,,,,,4.289430894308943e-07,19324,,,,,,,,,
78,,,,,,,,,,19324,0.018404468894004822,,,,,,,,
,,,,,,,,,4.2853658536585364e-07,19329,,,,,,,,,
78,,,,,,,,,,19329,0.024809706956148148,,,,,,,,
,,,,,,,,,4.2813008130081294e-07,19334,,,,,,,,,
78,,,,,,,,,,19334,0.024487486109137535,,,,,,,,
,,,,,,,,,4.2772357723577234e-07,19339,,,,,,,,,
78,,,,,,,,,,19339,0.01345850434154272,,,,,,,,
,,,,,,,,,4.273170731707317e-07,19344,,,,,,,,,
78,,,,,,,,,,19344,0.012550260871648788,,,,,,,,
,,,,,,,,,4.269105691056911e-07,19349,,,,,,,,,
78,,,,,,,,,,19349,0.01644873432815075,,,,,,,,
,,,,,,,,,4.2650406504065037e-07,19354,,,,,,,,,
78,,,,,,,,,,19354,0.013917707838118076,,,,,,,,
,,,,,,,,,4.260975609756097e-07,19359,,,,,,,,,
78,,,,,,,,,,19359,0.03892558068037033,,,,,,,,
,,,,,,,,,4.256910569105691e-07,19364,,,,,,,,,
78,,,,,,,,,,19364,0.031172432005405426,,,,,,,,
,,,,,,,,,4.2528455284552846e-07,19369,,,,,,,,,
78,,,,,,,,,,19369,0.016246147453784943,,,,,,,,
,,,,,,,,,4.2487804878048775e-07,19374,,,,,,,,,
78,,,,,,,,,,19374,0.018312785774469376,,,,,,,,
,,,,,,,,,4.2447154471544715e-07,19379,,,,,,,,,
78,,,,,,,,,,19379,0.04138783738017082,,,,,,,,
,,,,,,,,,4.240650406504065e-07,19384,,,,,,,,,
78,,,,,,,,,,19384,0.0405900701880455,,,,,,,,
,,,,,,,,,4.2365853658536584e-07,19389,,,,,,,,,
78,,,,,,,,,,19389,0.015468803234398365,,,,,,,,
,,,,,,,,,4.232520325203252e-07,19394,,,,,,,,,
78,,,,,,,,,,19394,0.011696720495820045,,,,,,,,
,,,,,,,,,4.2284552845528453e-07,19399,,,,,,,,,
78,,,,,,,,,,19399,0.022302620112895966,,,,,,,,
,,,,,,,,,4.224390243902439e-07,19404,,,,,,,,,
78,,,,,,,,,,19404,0.02733699418604374,,,,,,,,
,,,,,,,,,4.220325203252033e-07,19409,,,,,,,,,
78,,,,,,,,,,19409,0.008477344177663326,,,,,,,,
,,,,,,,,,4.2162601626016257e-07,19414,,,,,,,,,
78,,,,,,,,,,19414,0.016328126192092896,,,,,,,,
,,,,,,,,,4.212195121951219e-07,19419,,,,,,,,,
78,,,,,,,,,,19419,0.04433679208159447,,,,,,,,
,,,,,,,,,4.208130081300813e-07,19424,,,,,,,,,
78,,,,,,,,,,19424,0.06306376308202744,,,,,,,,
,,,,,,,,,4.2040650406504066e-07,19429,,,,,,,,,
78,,,,,,,,,,19429,0.06622644513845444,,,,,,,,
78,,,,,,,,,,19433,,0.7769230604171753,0.8465608358383179,0.06237734854221344,0.06237734854221344,0.3825314939022064,0.808080792427063,0.8888888955116272,0.3445699214935303
,,,,,,,,,4.1999999999999995e-07,19434,,,,,,,,,
79,,,,,,,,,,19434,0.015334888361394405,,,,,,,,
,,,,,,,,,4.1959349593495935e-07,19439,,,,,,,,,
79,,,,,,,,,,19439,0.016525007784366608,,,,,,,,
,,,,,,,,,4.191869918699187e-07,19444,,,,,,,,,
79,,,,,,,,,,19444,0.011927680112421513,,,,,,,,
,,,,,,,,,4.1878048780487804e-07,19449,,,,,,,,,
79,,,,,,,,,,19449,0.00831310823559761,,,,,,,,
,,,,,,,,,4.183739837398374e-07,19454,,,,,,,,,
79,,,,,,,,,,19454,0.02610144577920437,,,,,,,,
,,,,,,,,,4.1796747967479673e-07,19459,,,,,,,,,
79,,,,,,,,,,19459,0.06027814373373985,,,,,,,,
,,,,,,,,,4.175609756097561e-07,19464,,,,,,,,,
79,,,,,,,,,,19464,0.015049259178340435,,,,,,,,
,,,,,,,,,4.1715447154471547e-07,19469,,,,,,,,,
79,,,,,,,,,,19469,0.01666746661067009,,,,,,,,
,,,,,,,,,4.1674796747967476e-07,19474,,,,,,,,,
79,,,,,,,,,,19474,0.023479443043470383,,,,,,,,
,,,,,,,,,4.163414634146341e-07,19479,,,,,,,,,
79,,,,,,,,,,19479,0.02489873394370079,,,,,,,,
,,,,,,,,,4.159349593495935e-07,19484,,,,,,,,,
79,,,,,,,,,,19484,0.03603383153676987,,,,,,,,
,,,,,,,,,4.155284552845528e-07,19489,,,,,,,,,
79,,,,,,,,,,19489,0.02118098922073841,,,,,,,,
,,,,,,,,,4.1512195121951215e-07,19494,,,,,,,,,
79,,,,,,,,,,19494,0.02520407736301422,,,,,,,,
,,,,,,,,,4.1471544715447154e-07,19499,,,,,,,,,
79,,,,,,,,,,19499,0.01445270236581564,,,,,,,,
,,,,,,,,,4.143089430894309e-07,19504,,,,,,,,,
79,,,,,,,,,,19504,0.02857988141477108,,,,,,,,
,,,,,,,,,4.139024390243902e-07,19509,,,,,,,,,
79,,,,,,,,,,19509,0.026848625391721725,,,,,,,,
,,,,,,,,,4.134959349593496e-07,19514,,,,,,,,,
79,,,,,,,,,,19514,0.021222790703177452,,,,,,,,
,,,,,,,,,4.130894308943089e-07,19519,,,,,,,,,
79,,,,,,,,,,19519,0.01772676594555378,,,,,,,,
,,,,,,,,,4.1268292682926827e-07,19524,,,,,,,,,
79,,,,,,,,,,19524,0.018961342051625252,,,,,,,,
,,,,,,,,,4.122764227642276e-07,19529,,,,,,,,,
79,,,,,,,,,,19529,0.03448106348514557,,,,,,,,
,,,,,,,,,4.1186991869918696e-07,19534,,,,,,,,,
79,,,,,,,,,,19534,0.009493120945990086,,,,,,,,
,,,,,,,,,4.114634146341463e-07,19539,,,,,,,,,
79,,,,,,,,,,19539,0.01800537295639515,,,,,,,,
,,,,,,,,,4.110569105691057e-07,19544,,,,,,,,,
79,,,,,,,,,,19544,0.015786021947860718,,,,,,,,
,,,,,,,,,4.10650406504065e-07,19549,,,,,,,,,
79,,,,,,,,,,19549,0.04151681065559387,,,,,,,,
,,,,,,,,,4.1024390243902434e-07,19554,,,,,,,,,
79,,,,,,,,,,19554,0.01116765197366476,,,,,,,,
,,,,,,,,,4.0983739837398374e-07,19559,,,,,,,,,
79,,,,,,,,,,19559,0.03447290137410164,,,,,,,,
,,,,,,,,,4.094308943089431e-07,19564,,,,,,,,,
79,,,,,,,,,,19564,0.013485818170011044,,,,,,,,
,,,,,,,,,4.090243902439024e-07,19569,,,,,,,,,
79,,,,,,,,,,19569,0.01903495006263256,,,,,,,,
,,,,,,,,,4.086178861788618e-07,19574,,,,,,,,,
79,,,,,,,,,,19574,0.016954680904746056,,,,,,,,
,,,,,,,,,4.082113821138211e-07,19579,,,,,,,,,
79,,,,,,,,,,19579,0.0189225971698761,,,,,,,,
,,,,,,,,,4.0780487804878047e-07,19584,,,,,,,,,
79,,,,,,,,,,19584,0.025167640298604965,,,,,,,,
,,,,,,,,,4.073983739837398e-07,19589,,,,,,,,,
79,,,,,,,,,,19589,0.007855381816625595,,,,,,,,
,,,,,,,,,4.0699186991869916e-07,19594,,,,,,,,,
79,,,,,,,,,,19594,0.02954188734292984,,,,,,,,
,,,,,,,,,4.065853658536585e-07,19599,,,,,,,,,
79,,,,,,,,,,19599,0.02146795578300953,,,,,,,,
,,,,,,,,,4.061788617886179e-07,19604,,,,,,,,,
79,,,,,,,,,,19604,0.04455844312906265,,,,,,,,
,,,,,,,,,4.057723577235772e-07,19609,,,,,,,,,
79,,,,,,,,,,19609,0.032356176525354385,,,,,,,,
,,,,,,,,,4.053658536585366e-07,19614,,,,,,,,,
79,,,,,,,,,,19614,0.04180583357810974,,,,,,,,
,,,,,,,,,4.0495934959349594e-07,19619,,,,,,,,,
79,,,,,,,,,,19619,0.03377735987305641,,,,,,,,
,,,,,,,,,4.0455284552845523e-07,19624,,,,,,,,,
79,,,,,,,,,,19624,0.0177617184817791,,,,,,,,
,,,,,,,,,4.0414634146341463e-07,19629,,,,,,,,,
79,,,,,,,,,,19629,0.011370598338544369,,,,,,,,
,,,,,,,,,4.0373983739837397e-07,19634,,,,,,,,,
79,,,,,,,,,,19634,0.018510572612285614,,,,,,,,
,,,,,,,,,4.033333333333333e-07,19639,,,,,,,,,
79,,,,,,,,,,19639,0.042496297508478165,,,,,,,,
,,,,,,,,,4.0292682926829266e-07,19644,,,,,,,,,
79,,,,,,,,,,19644,0.014379349537193775,,,,,,,,
,,,,,,,,,4.02520325203252e-07,19649,,,,,,,,,
79,,,,,,,,,,19649,0.031691987067461014,,,,,,,,
,,,,,,,,,4.0211382113821135e-07,19654,,,,,,,,,
79,,,,,,,,,,19654,0.013784488663077354,,,,,,,,
,,,,,,,,,4.0170731707317075e-07,19659,,,,,,,,,
79,,,,,,,,,,19659,0.07528538256883621,,,,,,,,
,,,,,,,,,4.0130081300813005e-07,19664,,,,,,,,,
79,,,,,,,,,,19664,0.036744192242622375,,,,,,,,
,,,,,,,,,4.008943089430894e-07,19669,,,,,,,,,
79,,,,,,,,,,19669,0.057842034846544266,,,,,,,,
,,,,,,,,,4.004878048780488e-07,19674,,,,,,,,,
79,,,,,,,,,,19674,0.027922919020056725,,,,,,,,
,,,,,,,,,4.0008130081300813e-07,19679,,,,,,,,,
79,,,,,,,,,,19679,0.0030834695789963007,,,,,,,,
79,,,,,,,,,,19679,,0.7615384459495544,0.8324324488639832,0.06105278432369232,0.06105278432369232,0.38283759355545044,0.8105263113975525,0.855555534362793,0.34266555309295654
,,,,,,,,,3.996747967479674e-07,19684,,,,,,,,,
80,,,,,,,,,,19684,0.012321684509515762,,,,,,,,
,,,,,,,,,3.992682926829268e-07,19689,,,,,,,,,
80,,,,,,,,,,19689,0.016229862347245216,,,,,,,,
,,,,,,,,,3.9886178861788617e-07,19694,,,,,,,,,
80,,,,,,,,,,19694,0.024263476952910423,,,,,,,,
,,,,,,,,,3.984552845528455e-07,19699,,,,,,,,,
80,,,,,,,,,,19699,0.03260459750890732,,,,,,,,
,,,,,,,,,3.9804878048780486e-07,19704,,,,,,,,,
80,,,,,,,,,,19704,0.02873372472822666,,,,,,,,
,,,,,,,,,3.976422764227642e-07,19709,,,,,,,,,
80,,,,,,,,,,19709,0.016538823023438454,,,,,,,,
,,,,,,,,,3.9723577235772355e-07,19714,,,,,,,,,
80,,,,,,,,,,19714,0.04510534182190895,,,,,,,,
,,,,,,,,,3.9682926829268295e-07,19719,,,,,,,,,
80,,,,,,,,,,19719,0.03270546346902847,,,,,,,,
,,,,,,,,,3.9642276422764224e-07,19724,,,,,,,,,
80,,,,,,,,,,19724,0.0291140154004097,,,,,,,,
,,,,,,,,,3.960162601626016e-07,19729,,,,,,,,,
80,,,,,,,,,,19729,0.020075572654604912,,,,,,,,
,,,,,,,,,3.95609756097561e-07,19734,,,,,,,,,
80,,,,,,,,,,19734,0.01534157432615757,,,,,,,,
,,,,,,,,,3.9520325203252033e-07,19739,,,,,,,,,
80,,,,,,,,,,19739,0.023357681930065155,,,,,,,,
,,,,,,,,,3.947967479674796e-07,19744,,,,,,,,,
80,,,,,,,,,,19744,0.06099707633256912,,,,,,,,
,,,,,,,,,3.94390243902439e-07,19749,,,,,,,,,
80,,,,,,,,,,19749,0.01763034425675869,,,,,,,,
,,,,,,,,,3.9398373983739837e-07,19754,,,,,,,,,
80,,,,,,,,,,19754,0.03325613588094711,,,,,,,,
,,,,,,,,,3.9357723577235766e-07,19759,,,,,,,,,
80,,,,,,,,,,19759,0.04502228647470474,,,,,,,,
,,,,,,,,,3.9317073170731706e-07,19764,,,,,,,,,
80,,,,,,,,,,19764,0.04327750205993652,,,,,,,,
,,,,,,,,,3.927642276422764e-07,19769,,,,,,,,,
80,,,,,,,,,,19769,0.03069852478802204,,,,,,,,
,,,,,,,,,3.9235772357723575e-07,19774,,,,,,,,,
80,,,,,,,,,,19774,0.030231036245822906,,,,,,,,
,,,,,,,,,3.919512195121951e-07,19779,,,,,,,,,
80,,,,,,,,,,19779,0.03160606697201729,,,,,,,,
,,,,,,,,,3.9154471544715444e-07,19784,,,,,,,,,
80,,,,,,,,,,19784,0.018284007906913757,,,,,,,,
,,,,,,,,,3.911382113821138e-07,19789,,,,,,,,,
80,,,,,,,,,,19789,0.03581412136554718,,,,,,,,
,,,,,,,,,3.907317073170732e-07,19794,,,,,,,,,
80,,,,,,,,,,19794,0.032635647803545,,,,,,,,
,,,,,,,,,3.903252032520325e-07,19799,,,,,,,,,
80,,,,,,,,,,19799,0.05951569601893425,,,,,,,,
,,,,,,,,,3.899186991869918e-07,19804,,,,,,,,,
80,,,,,,,,,,19804,0.043652232736349106,,,,,,,,
,,,,,,,,,3.895121951219512e-07,19809,,,,,,,,,
80,,,,,,,,,,19809,0.016929009929299355,,,,,,,,
,,,,,,,,,3.8910569105691056e-07,19814,,,,,,,,,
80,,,,,,,,,,19814,0.0171838216483593,,,,,,,,
,,,,,,,,,3.8869918699186986e-07,19819,,,,,,,,,
80,,,,,,,,,,19819,0.018951307982206345,,,,,,,,
,,,,,,,,,3.8829268292682925e-07,19824,,,,,,,,,
80,,,,,,,,,,19824,0.01256536040455103,,,,,,,,
,,,,,,,,,3.878861788617886e-07,19829,,,,,,,,,
80,,,,,,,,,,19829,0.05727654695510864,,,,,,,,
,,,,,,,,,3.8747967479674794e-07,19834,,,,,,,,,
80,,,,,,,,,,19834,0.010929814539849758,,,,,,,,
,,,,,,,,,3.870731707317073e-07,19839,,,,,,,,,
80,,,,,,,,,,19839,0.04419920966029167,,,,,,,,
,,,,,,,,,3.8666666666666664e-07,19844,,,,,,,,,
80,,,,,,,,,,19844,0.02384401485323906,,,,,,,,
,,,,,,,,,3.86260162601626e-07,19849,,,,,,,,,
80,,,,,,,,,,19849,0.015904469415545464,,,,,,,,
,,,,,,,,,3.858536585365854e-07,19854,,,,,,,,,
80,,,,,,,,,,19854,0.014097010716795921,,,,,,,,
,,,,,,,,,3.8544715447154467e-07,19859,,,,,,,,,
80,,,,,,,,,,19859,0.007744945585727692,,,,,,,,
,,,,,,,,,3.8504065040650407e-07,19864,,,,,,,,,
80,,,,,,,,,,19864,0.02895878627896309,,,,,,,,
,,,,,,,,,3.846341463414634e-07,19869,,,,,,,,,
80,,,,,,,,,,19869,0.03860834613442421,,,,,,,,
,,,,,,,,,3.8422764227642276e-07,19874,,,,,,,,,
80,,,,,,,,,,19874,0.05030118301510811,,,,,,,,
,,,,,,,,,3.838211382113821e-07,19879,,,,,,,,,
80,,,,,,,,,,19879,0.013319985941052437,,,,,,,,
,,,,,,,,,3.8341463414634145e-07,19884,,,,,,,,,
80,,,,,,,,,,19884,0.01865047961473465,,,,,,,,
,,,,,,,,,3.830081300813008e-07,19889,,,,,,,,,
80,,,,,,,,,,19889,0.019975533708930016,,,,,,,,
,,,,,,,,,3.826016260162602e-07,19894,,,,,,,,,
80,,,,,,,,,,19894,0.017185797914862633,,,,,,,,
,,,,,,,,,3.821951219512195e-07,19899,,,,,,,,,
80,,,,,,,,,,19899,0.01592257246375084,,,,,,,,
,,,,,,,,,3.8178861788617883e-07,19904,,,,,,,,,
80,,,,,,,,,,19904,0.027443481609225273,,,,,,,,
,,,,,,,,,3.8138211382113823e-07,19909,,,,,,,,,
80,,,,,,,,,,19909,0.005330295767635107,,,,,,,,
,,,,,,,,,3.809756097560976e-07,19914,,,,,,,,,
80,,,,,,,,,,19914,0.04946474730968475,,,,,,,,
,,,,,,,,,3.8056910569105687e-07,19919,,,,,,,,,
80,,,,,,,,,,19919,0.018325552344322205,,,,,,,,
,,,,,,,,,3.8016260162601627e-07,19924,,,,,,,,,
80,,,,,,,,,,19924,0.02051638439297676,,,,,,,,
80,,,,,,,,,,19925,,0.7692307829856873,0.8369565010070801,0.061269499361515045,0.061269499361515045,0.3838711977005005,0.8191489577293396,0.855555534362793,0.3547758162021637
,,,,,,,,,3.797560975609756e-07,19929,,,,,,,,,
81,,,,,,,,,,19929,0.008638598024845123,,,,,,,,
,,,,,,,,,3.793495934959349e-07,19934,,,,,,,,,
81,,,,,,,,,,19934,0.009733261540532112,,,,,,,,
,,,,,,,,,3.789430894308943e-07,19939,,,,,,,,,
81,,,,,,,,,,19939,0.02894079126417637,,,,,,,,
,,,,,,,,,3.7853658536585365e-07,19944,,,,,,,,,
81,,,,,,,,,,19944,0.03261156752705574,,,,,,,,
,,,,,,,,,3.78130081300813e-07,19949,,,,,,,,,
81,,,,,,,,,,19949,0.02015988714993,,,,,,,,
,,,,,,,,,3.7772357723577234e-07,19954,,,,,,,,,
81,,,,,,,,,,19954,0.02498577907681465,,,,,,,,
,,,,,,,,,3.773170731707317e-07,19959,,,,,,,,,
81,,,,,,,,,,19959,0.018656311556696892,,,,,,,,
,,,,,,,,,3.7691056910569103e-07,19964,,,,,,,,,
81,,,,,,,,,,19964,0.026230331510305405,,,,,,,,
,,,,,,,,,3.7650406504065043e-07,19969,,,,,,,,,
81,,,,,,,,,,19969,0.025160623714327812,,,,,,,,
,,,,,,,,,3.760975609756097e-07,19974,,,,,,,,,
81,,,,,,,,,,19974,0.009182536974549294,,,,,,,,
,,,,,,,,,3.7569105691056906e-07,19979,,,,,,,,,
81,,,,,,,,,,19979,0.029532285407185555,,,,,,,,
,,,,,,,,,3.7528455284552846e-07,19984,,,,,,,,,
81,,,,,,,,,,19984,0.009882175363600254,,,,,,,,
,,,,,,,,,3.748780487804878e-07,19989,,,,,,,,,
81,,,,,,,,,,19989,0.008164796978235245,,,,,,,,
,,,,,,,,,3.744715447154471e-07,19994,,,,,,,,,
81,,,,,,,,,,19994,0.045999474823474884,,,,,,,,
,,,,,,,,,3.740650406504065e-07,19999,,,,,,,,,
81,,,,,,,,,,19999,0.0504198782145977,,,,,,,,
,,,,,,,,,3.7365853658536584e-07,20004,,,,,,,,,
81,,,,,,,,,,20004,0.029978249222040176,,,,,,,,
,,,,,,,,,3.732520325203252e-07,20009,,,,,,,,,
81,,,,,,,,,,20009,0.009283076040446758,,,,,,,,
,,,,,,,,,3.7284552845528453e-07,20014,,,,,,,,,
81,,,,,,,,,,20014,0.01426709070801735,,,,,,,,
,,,,,,,,,3.724390243902439e-07,20019,,,,,,,,,
81,,,,,,,,,,20019,0.007325330283492804,,,,,,,,
,,,,,,,,,3.720325203252032e-07,20024,,,,,,,,,
81,,,,,,,,,,20024,0.01531742699444294,,,,,,,,
,,,,,,,,,3.716260162601626e-07,20029,,,,,,,,,
81,,,,,,,,,,20029,0.020430173724889755,,,,,,,,
,,,,,,,,,3.712195121951219e-07,20034,,,,,,,,,
81,,,,,,,,,,20034,0.04707740247249603,,,,,,,,
,,,,,,,,,3.7081300813008126e-07,20039,,,,,,,,,
81,,,,,,,,,,20039,0.014728866517543793,,,,,,,,
,,,,,,,,,3.7040650406504066e-07,20044,,,,,,,,,
81,,,,,,,,,,20044,0.05717218294739723,,,,,,,,
,,,,,,,,,3.7e-07,20049,,,,,,,,,
81,,,,,,,,,,20049,0.018710438162088394,,,,,,,,
,,,,,,,,,3.695934959349593e-07,20054,,,,,,,,,
81,,,,,,,,,,20054,0.023496180772781372,,,,,,,,
,,,,,,,,,3.691869918699187e-07,20059,,,,,,,,,
81,,,,,,,,,,20059,0.026189563795924187,,,,,,,,
,,,,,,,,,3.6878048780487804e-07,20064,,,,,,,,,
81,,,,,,,,,,20064,0.023054910823702812,,,,,,,,
,,,,,,,,,3.6837398373983733e-07,20069,,,,,,,,,
81,,,,,,,,,,20069,0.028295159339904785,,,,,,,,
,,,,,,,,,3.6796747967479673e-07,20074,,,,,,,,,
81,,,,,,,,,,20074,0.030746474862098694,,,,,,,,
,,,,,,,,,3.675609756097561e-07,20079,,,,,,,,,
81,,,,,,,,,,20079,0.03467375040054321,,,,,,,,
,,,,,,,,,3.671544715447154e-07,20084,,,,,,,,,
81,,,,,,,,,,20084,0.015430782921612263,,,,,,,,
,,,,,,,,,3.6674796747967477e-07,20089,,,,,,,,,
81,,,,,,,,,,20089,0.03342904895544052,,,,,,,,
,,,,,,,,,3.663414634146341e-07,20094,,,,,,,,,
81,,,,,,,,,,20094,0.036398157477378845,,,,,,,,
,,,,,,,,,3.6593495934959346e-07,20099,,,,,,,,,
81,,,,,,,,,,20099,0.027718359604477882,,,,,,,,
,,,,,,,,,3.6552845528455286e-07,20104,,,,,,,,,
81,,,,,,,,,,20104,0.025735346600413322,,,,,,,,
,,,,,,,,,3.6512195121951215e-07,20109,,,,,,,,,
81,,,,,,,,,,20109,0.016052938997745514,,,,,,,,
,,,,,,,,,3.647154471544715e-07,20114,,,,,,,,,
81,,,,,,,,,,20114,0.05236974358558655,,,,,,,,
,,,,,,,,,3.643089430894309e-07,20119,,,,,,,,,
81,,,,,,,,,,20119,0.021067606285214424,,,,,,,,
,,,,,,,,,3.6390243902439024e-07,20124,,,,,,,,,
81,,,,,,,,,,20124,0.006839969661086798,,,,,,,,
,,,,,,,,,3.634959349593496e-07,20129,,,,,,,,,
81,,,,,,,,,,20129,0.029905419796705246,,,,,,,,
,,,,,,,,,3.6308943089430893e-07,20134,,,,,,,,,
81,,,,,,,,,,20134,0.039565928280353546,,,,,,,,
,,,,,,,,,3.6268292682926827e-07,20139,,,,,,,,,
81,,,,,,,,,,20139,0.06110754609107971,,,,,,,,
,,,,,,,,,3.6227642276422767e-07,20144,,,,,,,,,
81,,,,,,,,,,20144,0.004368746653199196,,,,,,,,
,,,,,,,,,3.6186991869918696e-07,20149,,,,,,,,,
81,,,,,,,,,,20149,0.016425887122750282,,,,,,,,
,,,,,,,,,3.614634146341463e-07,20154,,,,,,,,,
81,,,,,,,,,,20154,0.013272765092551708,,,,,,,,
,,,,,,,,,3.610569105691057e-07,20159,,,,,,,,,
81,,,,,,,,,,20159,0.012657823972404003,,,,,,,,
,,,,,,,,,3.6065040650406505e-07,20164,,,,,,,,,
81,,,,,,,,,,20164,0.032927580177783966,,,,,,,,
,,,,,,,,,3.6024390243902434e-07,20169,,,,,,,,,
81,,,,,,,,,,20169,0.032710205763578415,,,,,,,,
81,,,,,,,,,,20171,,0.7769230604171753,0.8449198007583618,0.06269385665655136,0.06269385665655136,0.3838556110858917,0.8144329786300659,0.8777777552604675,0.3503705859184265
,,,,,,,,,3.5983739837398374e-07,20174,,,,,,,,,
82,,,,,,,,,,20174,0.052443116903305054,,,,,,,,
,,,,,,,,,3.594308943089431e-07,20179,,,,,,,,,
82,,,,,,,,,,20179,0.02009771578013897,,,,,,,,
,,,,,,,,,3.5902439024390243e-07,20184,,,,,,,,,
82,,,,,,,,,,20184,0.02084563672542572,,,,,,,,
,,,,,,,,,3.586178861788618e-07,20189,,,,,,,,,
82,,,,,,,,,,20189,0.014275497756898403,,,,,,,,
,,,,,,,,,3.582113821138211e-07,20194,,,,,,,,,
82,,,,,,,,,,20194,0.0494549535214901,,,,,,,,
,,,,,,,,,3.5780487804878047e-07,20199,,,,,,,,,
82,,,,,,,,,,20199,0.02654539793729782,,,,,,,,
,,,,,,,,,3.5739837398373987e-07,20204,,,,,,,,,
82,,,,,,,,,,20204,0.02160949446260929,,,,,,,,
,,,,,,,,,3.5699186991869916e-07,20209,,,,,,,,,
82,,,,,,,,,,20209,0.023639949038624763,,,,,,,,
,,,,,,,,,3.565853658536585e-07,20214,,,,,,,,,
82,,,,,,,,,,20214,0.022918706759810448,,,,,,,,
,,,,,,,,,3.561788617886179e-07,20219,,,,,,,,,
82,,,,,,,,,,20219,0.0224620271474123,,,,,,,,
,,,,,,,,,3.557723577235772e-07,20224,,,,,,,,,
82,,,,,,,,,,20224,0.03831198811531067,,,,,,,,
,,,,,,,,,3.5536585365853654e-07,20229,,,,,,,,,
82,,,,,,,,,,20229,0.02503235451877117,,,,,,,,
,,,,,,,,,3.5495934959349594e-07,20234,,,,,,,,,
82,,,,,,,,,,20234,0.012081557884812355,,,,,,,,
,,,,,,,,,3.545528455284553e-07,20239,,,,,,,,,
82,,,,,,,,,,20239,0.024363141506910324,,,,,,,,
,,,,,,,,,3.541463414634146e-07,20244,,,,,,,,,
82,,,,,,,,,,20244,0.011032585985958576,,,,,,,,
,,,,,,,,,3.53739837398374e-07,20249,,,,,,,,,
82,,,,,,,,,,20249,0.01723172329366207,,,,,,,,
,,,,,,,,,3.533333333333333e-07,20254,,,,,,,,,
82,,,,,,,,,,20254,0.010096185840666294,,,,,,,,
,,,,,,,,,3.5292682926829267e-07,20259,,,,,,,,,
82,,,,,,,,,,20259,0.016796065494418144,,,,,,,,
,,,,,,,,,3.52520325203252e-07,20264,,,,,,,,,
82,,,,,,,,,,20264,0.017048625275492668,,,,,,,,
,,,,,,,,,3.5211382113821136e-07,20269,,,,,,,,,
82,,,,,,,,,,20269,0.03102703206241131,,,,,,,,
,,,,,,,,,3.517073170731707e-07,20274,,,,,,,,,
82,,,,,,,,,,20274,0.03687421232461929,,,,,,,,
,,,,,,,,,3.513008130081301e-07,20279,,,,,,,,,
82,,,,,,,,,,20279,0.07728175073862076,,,,,,,,
,,,,,,,,,3.508943089430894e-07,20284,,,,,,,,,
82,,,,,,,,,,20284,0.025806047022342682,,,,,,,,
,,,,,,,,,3.5048780487804874e-07,20289,,,,,,,,,
82,,,,,,,,,,20289,0.023795487359166145,,,,,,,,
,,,,,,,,,3.5008130081300814e-07,20294,,,,,,,,,
82,,,,,,,,,,20294,0.016550574451684952,,,,,,,,
,,,,,,,,,3.496747967479675e-07,20299,,,,,,,,,
82,,,,,,,,,,20299,0.012901069596409798,,,,,,,,
,,,,,,,,,3.492682926829268e-07,20304,,,,,,,,,
82,,,,,,,,,,20304,0.0260864719748497,,,,,,,,
,,,,,,,,,3.4886178861788617e-07,20309,,,,,,,,,
82,,,,,,,,,,20309,0.02106541581451893,,,,,,,,
,,,,,,,,,3.484552845528455e-07,20314,,,,,,,,,
82,,,,,,,,,,20314,0.045293401926755905,,,,,,,,
,,,,,,,,,3.4804878048780486e-07,20319,,,,,,,,,
82,,,,,,,,,,20319,0.020929792895913124,,,,,,,,
,,,,,,,,,3.476422764227642e-07,20324,,,,,,,,,
82,,,,,,,,,,20324,0.036272261291742325,,,,,,,,
,,,,,,,,,3.4723577235772355e-07,20329,,,,,,,,,
82,,,,,,,,,,20329,0.016674453392624855,,,,,,,,
,,,,,,,,,3.468292682926829e-07,20334,,,,,,,,,
82,,,,,,,,,,20334,0.01091819629073143,,,,,,,,
,,,,,,,,,3.464227642276423e-07,20339,,,,,,,,,
82,,,,,,,,,,20339,0.021148256957530975,,,,,,,,
,,,,,,,,,3.460162601626016e-07,20344,,,,,,,,,
82,,,,,,,,,,20344,0.014161192812025547,,,,,,,,
,,,,,,,,,3.4560975609756093e-07,20349,,,,,,,,,
82,,,,,,,,,,20349,0.033652883023023605,,,,,,,,
,,,,,,,,,3.4520325203252033e-07,20354,,,,,,,,,
82,,,,,,,,,,20354,0.010847512632608414,,,,,,,,
,,,,,,,,,3.447967479674796e-07,20359,,,,,,,,,
82,,,,,,,,,,20359,0.020337041467428207,,,,,,,,
,,,,,,,,,3.4439024390243897e-07,20364,,,,,,,,,
82,,,,,,,,,,20364,0.012186422012746334,,,,,,,,
,,,,,,,,,3.4398373983739837e-07,20369,,,,,,,,,
82,,,,,,,,,,20369,0.02442646585404873,,,,,,,,
,,,,,,,,,3.435772357723577e-07,20374,,,,,,,,,
82,,,,,,,,,,20374,0.01650800183415413,,,,,,,,
,,,,,,,,,3.4317073170731706e-07,20379,,,,,,,,,
82,,,,,,,,,,20379,0.024039361625909805,,,,,,,,
,,,,,,,,,3.427642276422764e-07,20384,,,,,,,,,
82,,,,,,,,,,20384,0.014521103352308273,,,,,,,,
,,,,,,,,,3.4235772357723575e-07,20389,,,,,,,,,
82,,,,,,,,,,20389,0.0803336426615715,,,,,,,,
,,,,,,,,,3.4195121951219515e-07,20394,,,,,,,,,
82,,,,,,,,,,20394,0.014873783104121685,,,,,,,,
,,,,,,,,,3.4154471544715444e-07,20399,,,,,,,,,
82,,,,,,,,,,20399,0.018948890268802643,,,,,,,,
,,,,,,,,,3.411382113821138e-07,20404,,,,,,,,,
82,,,,,,,,,,20404,0.03773820027709007,,,,,,,,
,,,,,,,,,3.407317073170732e-07,20409,,,,,,,,,
82,,,,,,,,,,20409,0.08594615012407303,,,,,,,,
,,,,,,,,,3.4032520325203253e-07,20414,,,,,,,,,
82,,,,,,,,,,20414,0.027400018647313118,,,,,,,,
82,,,,,,,,,,20417,,0.7615384459495544,0.8359788656234741,0.06456953287124634,0.06456953287124634,0.38681599497795105,0.7979797720909119,0.8777777552604675,0.35835742950439453
,,,,,,,,,3.399186991869918e-07,20419,,,,,,,,,
83,,,,,,,,,,20419,0.01394880935549736,,,,,,,,
,,,,,,,,,3.395121951219512e-07,20424,,,,,,,,,
83,,,,,,,,,,20424,0.018015189096331596,,,,,,,,
,,,,,,,,,3.3910569105691057e-07,20429,,,,,,,,,
83,,,,,,,,,,20429,0.04744695872068405,,,,,,,,
,,,,,,,,,3.386991869918699e-07,20434,,,,,,,,,
83,,,,,,,,,,20434,0.02065614052116871,,,,,,,,
,,,,,,,,,3.3829268292682926e-07,20439,,,,,,,,,
83,,,,,,,,,,20439,0.030549127608537674,,,,,,,,
,,,,,,,,,3.378861788617886e-07,20444,,,,,,,,,
83,,,,,,,,,,20444,0.01346384547650814,,,,,,,,
,,,,,,,,,3.3747967479674795e-07,20449,,,,,,,,,
83,,,,,,,,,,20449,0.03939042240381241,,,,,,,,
,,,,,,,,,3.3707317073170734e-07,20454,,,,,,,,,
83,,,,,,,,,,20454,0.025314031168818474,,,,,,,,
,,,,,,,,,3.3666666666666664e-07,20459,,,,,,,,,
83,,,,,,,,,,20459,0.03297421708703041,,,,,,,,
,,,,,,,,,3.36260162601626e-07,20464,,,,,,,,,
83,,,,,,,,,,20464,0.024809734895825386,,,,,,,,
,,,,,,,,,3.358536585365854e-07,20469,,,,,,,,,
83,,,,,,,,,,20469,0.023060576990246773,,,,,,,,
,,,,,,,,,3.354471544715447e-07,20474,,,,,,,,,
83,,,,,,,,,,20474,0.013444446958601475,,,,,,,,
,,,,,,,,,3.35040650406504e-07,20479,,,,,,,,,
83,,,,,,,,,,20479,0.017471710219979286,,,,,,,,
,,,,,,,,,3.346341463414634e-07,20484,,,,,,,,,
83,,,,,,,,,,20484,0.017350362613797188,,,,,,,,
,,,,,,,,,3.3422764227642276e-07,20489,,,,,,,,,
83,,,,,,,,,,20489,0.010050822980701923,,,,,,,,
,,,,,,,,,3.3382113821138205e-07,20494,,,,,,,,,
83,,,,,,,,,,20494,0.016956308856606483,,,,,,,,
,,,,,,,,,3.3341463414634145e-07,20499,,,,,,,,,
83,,,,,,,,,,20499,0.017283041030168533,,,,,,,,
,,,,,,,,,3.330081300813008e-07,20504,,,,,,,,,
83,,,,,,,,,,20504,0.014172760769724846,,,,,,,,
,,,,,,,,,3.3260162601626014e-07,20509,,,,,,,,,
83,,,,,,,,,,20509,0.018694542348384857,,,,,,,,
,,,,,,,,,3.321951219512195e-07,20514,,,,,,,,,
83,,,,,,,,,,20514,0.01823212392628193,,,,,,,,
,,,,,,,,,3.3178861788617883e-07,20519,,,,,,,,,
83,,,,,,,,,,20519,0.031840596348047256,,,,,,,,
,,,,,,,,,3.313821138211382e-07,20524,,,,,,,,,
83,,,,,,,,,,20524,0.03189803287386894,,,,,,,,
,,,,,,,,,3.309756097560976e-07,20529,,,,,,,,,
83,,,,,,,,,,20529,0.033897530287504196,,,,,,,,
,,,,,,,,,3.3056910569105687e-07,20534,,,,,,,,,
83,,,,,,,,,,20534,0.012388045899569988,,,,,,,,
,,,,,,,,,3.301626016260162e-07,20539,,,,,,,,,
83,,,,,,,,,,20539,0.021215666085481644,,,,,,,,
,,,,,,,,,3.297560975609756e-07,20544,,,,,,,,,
83,,,,,,,,,,20544,0.023059284314513206,,,,,,,,
,,,,,,,,,3.2934959349593496e-07,20549,,,,,,,,,
83,,,,,,,,,,20549,0.00684748962521553,,,,,,,,
,,,,,,,,,3.2894308943089425e-07,20554,,,,,,,,,
83,,,,,,,,,,20554,0.008708208799362183,,,,,,,,
,,,,,,,,,3.2853658536585365e-07,20559,,,,,,,,,
83,,,,,,,,,,20559,0.021073462441563606,,,,,,,,
,,,,,,,,,3.28130081300813e-07,20564,,,,,,,,,
83,,,,,,,,,,20564,0.028627360239624977,,,,,,,,
,,,,,,,,,3.2772357723577234e-07,20569,,,,,,,,,
83,,,,,,,,,,20569,0.012442384846508503,,,,,,,,
,,,,,,,,,3.273170731707317e-07,20574,,,,,,,,,
83,,,,,,,,,,20574,0.0295272059738636,,,,,,,,
,,,,,,,,,3.2691056910569103e-07,20579,,,,,,,,,
83,,,,,,,,,,20579,0.006687951739877462,,,,,,,,
,,,,,,,,,3.265040650406504e-07,20584,,,,,,,,,
83,,,,,,,,,,20584,0.025441674515604973,,,,,,,,
,,,,,,,,,3.260975609756098e-07,20589,,,,,,,,,
83,,,,,,,,,,20589,0.01298003550618887,,,,,,,,
,,,,,,,,,3.2569105691056907e-07,20594,,,,,,,,,
83,,,,,,,,,,20594,0.03595709800720215,,,,,,,,
,,,,,,,,,3.252845528455284e-07,20599,,,,,,,,,
83,,,,,,,,,,20599,0.015888042747974396,,,,,,,,
,,,,,,,,,3.248780487804878e-07,20604,,,,,,,,,
83,,,,,,,,,,20604,0.017286714166402817,,,,,,,,
,,,,,,,,,3.2447154471544716e-07,20609,,,,,,,,,
83,,,,,,,,,,20609,0.03930859640240669,,,,,,,,
,,,,,,,,,3.2406504065040645e-07,20614,,,,,,,,,
83,,,,,,,,,,20614,0.01918974332511425,,,,,,,,
,,,,,,,,,3.2365853658536585e-07,20619,,,,,,,,,
83,,,,,,,,,,20619,0.014085906557738781,,,,,,,,
,,,,,,,,,3.232520325203252e-07,20624,,,,,,,,,
83,,,,,,,,,,20624,0.040158461779356,,,,,,,,
,,,,,,,,,3.228455284552846e-07,20629,,,,,,,,,
83,,,,,,,,,,20629,0.024748170748353004,,,,,,,,
,,,,,,,,,3.224390243902439e-07,20634,,,,,,,,,
83,,,,,,,,,,20634,0.019034791737794876,,,,,,,,
,,,,,,,,,3.2203252032520323e-07,20639,,,,,,,,,
83,,,,,,,,,,20639,0.010227899067103863,,,,,,,,
,,,,,,,,,3.216260162601626e-07,20644,,,,,,,,,
83,,,,,,,,,,20644,0.016319435089826584,,,,,,,,
,,,,,,,,,3.2121951219512197e-07,20649,,,,,,,,,
83,,,,,,,,,,20649,0.014979157596826553,,,,,,,,
,,,,,,,,,3.2081300813008126e-07,20654,,,,,,,,,
83,,,,,,,,,,20654,0.019875386729836464,,,,,,,,
,,,,,,,,,3.2040650406504066e-07,20659,,,,,,,,,
83,,,,,,,,,,20659,0.023220811039209366,,,,,,,,
83,,,,,,,,,,20663,,0.7692307829856873,0.8387096524238586,0.06288894265890121,0.06288894265890121,0.38840577006340027,0.8125,0.8666666746139526,0.3606065511703491
,,,,,,,,,3.2e-07,20664,,,,,,,,,
84,,,,,,,,,,20664,0.014204945415258408,,,,,,,,
,,,,,,,,,3.195934959349593e-07,20669,,,,,,,,,
84,,,,,,,,,,20669,0.027520833536982536,,,,,,,,
,,,,,,,,,3.191869918699187e-07,20674,,,,,,,,,
84,,,,,,,,,,20674,0.029024403542280197,,,,,,,,
,,,,,,,,,3.1878048780487804e-07,20679,,,,,,,,,
84,,,,,,,,,,20679,0.0208241268992424,,,,,,,,
,,,,,,,,,3.183739837398374e-07,20684,,,,,,,,,
84,,,,,,,,,,20684,0.009010868147015572,,,,,,,,
,,,,,,,,,3.1796747967479673e-07,20689,,,,,,,,,
84,,,,,,,,,,20689,0.012736845761537552,,,,,,,,
,,,,,,,,,3.175609756097561e-07,20694,,,,,,,,,
84,,,,,,,,,,20694,0.07271957397460938,,,,,,,,
,,,,,,,,,3.171544715447154e-07,20699,,,,,,,,,
84,,,,,,,,,,20699,0.01962883770465851,,,,,,,,
,,,,,,,,,3.167479674796748e-07,20704,,,,,,,,,
84,,,,,,,,,,20704,0.007521424908190966,,,,,,,,
,,,,,,,,,3.163414634146341e-07,20709,,,,,,,,,
84,,,,,,,,,,20709,0.03071397915482521,,,,,,,,
,,,,,,,,,3.1593495934959346e-07,20714,,,,,,,,,
84,,,,,,,,,,20714,0.013739950023591518,,,,,,,,
,,,,,,,,,3.1552845528455286e-07,20719,,,,,,,,,
84,,,,,,,,,,20719,0.017827488481998444,,,,,,,,
,,,,,,,,,3.151219512195122e-07,20724,,,,,,,,,
84,,,,,,,,,,20724,0.01583915203809738,,,,,,,,
,,,,,,,,,3.147154471544715e-07,20729,,,,,,,,,
84,,,,,,,,,,20729,0.02409885823726654,,,,,,,,
,,,,,,,,,3.143089430894309e-07,20734,,,,,,,,,
84,,,,,,,,,,20734,0.06449652463197708,,,,,,,,
,,,,,,,,,3.1390243902439024e-07,20739,,,,,,,,,
84,,,,,,,,,,20739,0.01945769414305687,,,,,,,,
,,,,,,,,,3.134959349593496e-07,20744,,,,,,,,,
84,,,,,,,,,,20744,0.006578241940587759,,,,,,,,
,,,,,,,,,3.1308943089430893e-07,20749,,,,,,,,,
84,,,,,,,,,,20749,0.03524969518184662,,,,,,,,
,,,,,,,,,3.126829268292683e-07,20754,,,,,,,,,
84,,,,,,,,,,20754,0.015313243493437767,,,,,,,,
,,,,,,,,,3.122764227642276e-07,20759,,,,,,,,,
84,,,,,,,,,,20759,0.025115614756941795,,,,,,,,
,,,,,,,,,3.11869918699187e-07,20764,,,,,,,,,
84,,,,,,,,,,20764,0.019932402297854424,,,,,,,,
,,,,,,,,,3.114634146341463e-07,20769,,,,,,,,,
84,,,,,,,,,,20769,0.01663072220981121,,,,,,,,
,,,,,,,,,3.1105691056910566e-07,20774,,,,,,,,,
84,,,,,,,,,,20774,0.019559083506464958,,,,,,,,
,,,,,,,,,3.1065040650406505e-07,20779,,,,,,,,,
84,,,,,,,,,,20779,0.02156064100563526,,,,,,,,
,,,,,,,,,3.102439024390244e-07,20784,,,,,,,,,
84,,,,,,,,,,20784,0.014530510641634464,,,,,,,,
,,,,,,,,,3.098373983739837e-07,20789,,,,,,,,,
84,,,,,,,,,,20789,0.010722007602453232,,,,,,,,
,,,,,,,,,3.094308943089431e-07,20794,,,,,,,,,
84,,,,,,,,,,20794,0.023880185559391975,,,,,,,,
,,,,,,,,,3.0902439024390244e-07,20799,,,,,,,,,
84,,,,,,,,,,20799,0.03869294375181198,,,,,,,,
,,,,,,,,,3.0861788617886173e-07,20804,,,,,,,,,
84,,,,,,,,,,20804,0.026904093101620674,,,,,,,,
,,,,,,,,,3.0821138211382113e-07,20809,,,,,,,,,
84,,,,,,,,,,20809,0.025641359388828278,,,,,,,,
,,,,,,,,,3.0780487804878047e-07,20814,,,,,,,,,
84,,,,,,,,,,20814,0.02084987610578537,,,,,,,,
,,,,,,,,,3.073983739837398e-07,20819,,,,,,,,,
84,,,,,,,,,,20819,0.012838222086429596,,,,,,,,
,,,,,,,,,3.0699186991869916e-07,20824,,,,,,,,,
84,,,,,,,,,,20824,0.04425713047385216,,,,,,,,
,,,,,,,,,3.065853658536585e-07,20829,,,,,,,,,
84,,,,,,,,,,20829,0.01110601145774126,,,,,,,,
,,,,,,,,,3.0617886178861785e-07,20834,,,,,,,,,
84,,,,,,,,,,20834,0.018881728872656822,,,,,,,,
,,,,,,,,,3.0577235772357725e-07,20839,,,,,,,,,
84,,,,,,,,,,20839,0.028007667511701584,,,,,,,,
,,,,,,,,,3.0536585365853654e-07,20844,,,,,,,,,
84,,,,,,,,,,20844,0.029513167217373848,,,,,,,,
,,,,,,,,,3.049593495934959e-07,20849,,,,,,,,,
84,,,,,,,,,,20849,0.014504596590995789,,,,,,,,
,,,,,,,,,3.045528455284553e-07,20854,,,,,,,,,
84,,,,,,,,,,20854,0.05730603262782097,,,,,,,,
,,,,,,,,,3.0414634146341463e-07,20859,,,,,,,,,
84,,,,,,,,,,20859,0.02672470733523369,,,,,,,,
,,,,,,,,,3.037398373983739e-07,20864,,,,,,,,,
84,,,,,,,,,,20864,0.020965734496712685,,,,,,,,
,,,,,,,,,3.033333333333333e-07,20869,,,,,,,,,
84,,,,,,,,,,20869,0.030943090096116066,,,,,,,,
,,,,,,,,,3.0292682926829267e-07,20874,,,,,,,,,
84,,,,,,,,,,20874,0.022104203701019287,,,,,,,,
,,,,,,,,,3.02520325203252e-07,20879,,,,,,,,,
84,,,,,,,,,,20879,0.015487046912312508,,,,,,,,
,,,,,,,,,3.0211382113821136e-07,20884,,,,,,,,,
84,,,,,,,,,,20884,0.02584395930171013,,,,,,,,
,,,,,,,,,3.017073170731707e-07,20889,,,,,,,,,
84,,,,,,,,,,20889,0.015601701103150845,,,,,,,,
,,,,,,,,,3.013008130081301e-07,20894,,,,,,,,,
84,,,,,,,,,,20894,0.010137726552784443,,,,,,,,
,,,,,,,,,3.0089430894308945e-07,20899,,,,,,,,,
84,,,,,,,,,,20899,0.02745017036795616,,,,,,,,
,,,,,,,,,3.0048780487804874e-07,20904,,,,,,,,,
84,,,,,,,,,,20904,0.050043828785419464,,,,,,,,
,,,,,,,,,3.0008130081300814e-07,20909,,,,,,,,,
84,,,,,,,,,,20909,0.010001624934375286,,,,,,,,
84,,,,,,,,,,20909,,0.7615384459495544,0.8359788656234741,0.06469718366861343,0.06469718366861343,0.38823869824409485,0.7979797720909119,0.8777777552604675,0.34762072563171387
,,,,,,,,,2.996747967479675e-07,20914,,,,,,,,,
85,,,,,,,,,,20914,0.02675117738544941,,,,,,,,
,,,,,,,,,2.9926829268292683e-07,20919,,,,,,,,,
85,,,,,,,,,,20919,0.010097790509462357,,,,,,,,
,,,,,,,,,2.988617886178862e-07,20924,,,,,,,,,
85,,,,,,,,,,20924,0.01428920030593872,,,,,,,,
,,,,,,,,,2.984552845528455e-07,20929,,,,,,,,,
85,,,,,,,,,,20929,0.018292224034667015,,,,,,,,
,,,,,,,,,2.9804878048780487e-07,20934,,,,,,,,,
85,,,,,,,,,,20934,0.009556601755321026,,,,,,,,
,,,,,,,,,2.9764227642276426e-07,20939,,,,,,,,,
85,,,,,,,,,,20939,0.03260273113846779,,,,,,,,
,,,,,,,,,2.9723577235772356e-07,20944,,,,,,,,,
85,,,,,,,,,,20944,0.03809070214629173,,,,,,,,
,,,,,,,,,2.968292682926829e-07,20949,,,,,,,,,
85,,,,,,,,,,20949,0.011657986789941788,,,,,,,,
,,,,,,,,,2.964227642276423e-07,20954,,,,,,,,,
85,,,,,,,,,,20954,0.03714697062969208,,,,,,,,
,,,,,,,,,2.960162601626016e-07,20959,,,,,,,,,
85,,,,,,,,,,20959,0.023399299010634422,,,,,,,,
,,,,,,,,,2.9560975609756094e-07,20964,,,,,,,,,
85,,,,,,,,,,20964,0.009141700342297554,,,,,,,,
,,,,,,,,,2.9520325203252034e-07,20969,,,,,,,,,
85,,,,,,,,,,20969,0.005484452936798334,,,,,,,,
,,,,,,,,,2.947967479674797e-07,20974,,,,,,,,,
85,,,,,,,,,,20974,0.011668393388390541,,,,,,,,
,,,,,,,,,2.9439024390243897e-07,20979,,,,,,,,,
85,,,,,,,,,,20979,0.026854775846004486,,,,,,,,
,,,,,,,,,2.9398373983739837e-07,20984,,,,,,,,,
85,,,,,,,,,,20984,0.022220715880393982,,,,,,,,
,,,,,,,,,2.935772357723577e-07,20989,,,,,,,,,
85,,,,,,,,,,20989,0.01904875598847866,,,,,,,,
,,,,,,,,,2.9317073170731706e-07,20994,,,,,,,,,
85,,,,,,,,,,20994,0.022872505709528923,,,,,,,,
,,,,,,,,,2.927642276422764e-07,20999,,,,,,,,,
85,,,,,,,,,,20999,0.011232582852244377,,,,,,,,
,,,,,,,,,2.9235772357723575e-07,21004,,,,,,,,,
85,,,,,,,,,,21004,0.025755221024155617,,,,,,,,
,,,,,,,,,2.919512195121951e-07,21009,,,,,,,,,
85,,,,,,,,,,21009,0.006777292117476463,,,,,,,,
,,,,,,,,,2.915447154471545e-07,21014,,,,,,,,,
85,,,,,,,,,,21014,0.01751161366701126,,,,,,,,
,,,,,,,,,2.911382113821138e-07,21019,,,,,,,,,
85,,,,,,,,,,21019,0.03461415320634842,,,,,,,,
,,,,,,,,,2.9073170731707313e-07,21024,,,,,,,,,
85,,,,,,,,,,21024,0.009111844934523106,,,,,,,,
,,,,,,,,,2.9032520325203253e-07,21029,,,,,,,,,
85,,,,,,,,,,21029,0.037805452942848206,,,,,,,,
,,,,,,,,,2.899186991869919e-07,21034,,,,,,,,,
85,,,,,,,,,,21034,0.014753971248865128,,,,,,,,
,,,,,,,,,2.8951219512195117e-07,21039,,,,,,,,,
85,,,,,,,,,,21039,0.027720000594854355,,,,,,,,
,,,,,,,,,2.8910569105691057e-07,21044,,,,,,,,,
85,,,,,,,,,,21044,0.013433897867798805,,,,,,,,
,,,,,,,,,2.886991869918699e-07,21049,,,,,,,,,
85,,,,,,,,,,21049,0.015171751379966736,,,,,,,,
,,,,,,,,,2.8829268292682926e-07,21054,,,,,,,,,
85,,,,,,,,,,21054,0.0166633203625679,,,,,,,,
,,,,,,,,,2.878861788617886e-07,21059,,,,,,,,,
85,,,,,,,,,,21059,0.017921453341841698,,,,,,,,
,,,,,,,,,2.8747967479674795e-07,21064,,,,,,,,,
85,,,,,,,,,,21064,0.021554136648774147,,,,,,,,
,,,,,,,,,2.870731707317073e-07,21069,,,,,,,,,
85,,,,,,,,,,21069,0.01735881343483925,,,,,,,,
,,,,,,,,,2.866666666666667e-07,21074,,,,,,,,,
85,,,,,,,,,,21074,0.0176842138171196,,,,,,,,
,,,,,,,,,2.86260162601626e-07,21079,,,,,,,,,
85,,,,,,,,,,21079,0.020317859947681427,,,,,,,,
,,,,,,,,,2.8585365853658533e-07,21084,,,,,,,,,
85,,,,,,,,,,21084,0.028791597113013268,,,,,,,,
,,,,,,,,,2.8544715447154473e-07,21089,,,,,,,,,
85,,,,,,,,,,21089,0.012180928140878677,,,,,,,,
,,,,,,,,,2.85040650406504e-07,21094,,,,,,,,,
85,,,,,,,,,,21094,0.03457816690206528,,,,,,,,
,,,,,,,,,2.8463414634146337e-07,21099,,,,,,,,,
85,,,,,,,,,,21099,0.02197437919676304,,,,,,,,
,,,,,,,,,2.8422764227642276e-07,21104,,,,,,,,,
85,,,,,,,,,,21104,0.08033188432455063,,,,,,,,
,,,,,,,,,2.838211382113821e-07,21109,,,,,,,,,
85,,,,,,,,,,21109,0.0175144225358963,,,,,,,,
,,,,,,,,,2.834146341463414e-07,21114,,,,,,,,,
85,,,,,,,,,,21114,0.0389409102499485,,,,,,,,
,,,,,,,,,2.830081300813008e-07,21119,,,,,,,,,
85,,,,,,,,,,21119,0.02481476217508316,,,,,,,,
,,,,,,,,,2.8260162601626015e-07,21124,,,,,,,,,
85,,,,,,,,,,21124,0.008849882520735264,,,,,,,,
,,,,,,,,,2.821951219512195e-07,21129,,,,,,,,,
85,,,,,,,,,,21129,0.03463197872042656,,,,,,,,
,,,,,,,,,2.8178861788617884e-07,21134,,,,,,,,,
85,,,,,,,,,,21134,0.015729635953903198,,,,,,,,
,,,,,,,,,2.813821138211382e-07,21139,,,,,,,,,
85,,,,,,,,,,21139,0.030487503856420517,,,,,,,,
,,,,,,,,,2.809756097560976e-07,21144,,,,,,,,,
85,,,,,,,,,,21144,0.009326327592134476,,,,,,,,
,,,,,,,,,2.805691056910569e-07,21149,,,,,,,,,
85,,,,,,,,,,21149,0.027304193004965782,,,,,,,,
,,,,,,,,,2.801626016260162e-07,21154,,,,,,,,,
85,,,,,,,,,,21154,0.015131860040128231,,,,,,,,
85,,,,,,,,,,21155,,0.7692307829856873,0.8387096524238586,0.06336788833141327,0.06336788833141327,0.38922354578971863,0.8125,0.8666666746139526,0.36168184876441956
,,,,,,,,,2.797560975609756e-07,21159,,,,,,,,,
86,,,,,,,,,,21159,0.04174158349633217,,,,,,,,
,,,,,,,,,2.7934959349593496e-07,21164,,,,,,,,,
86,,,,,,,,,,21164,0.04061957448720932,,,,,,,,
,,,,,,,,,2.789430894308943e-07,21169,,,,,,,,,
86,,,,,,,,,,21169,0.03007076121866703,,,,,,,,
,,,,,,,,,2.7853658536585365e-07,21174,,,,,,,,,
86,,,,,,,,,,21174,0.0121149942278862,,,,,,,,
,,,,,,,,,2.78130081300813e-07,21179,,,,,,,,,
86,,,,,,,,,,21179,0.020619472488760948,,,,,,,,
,,,,,,,,,2.7772357723577234e-07,21184,,,,,,,,,
86,,,,,,,,,,21184,0.01626725122332573,,,,,,,,
,,,,,,,,,2.7731707317073174e-07,21189,,,,,,,,,
86,,,,,,,,,,21189,0.01033643539994955,,,,,,,,
,,,,,,,,,2.7691056910569103e-07,21194,,,,,,,,,
86,,,,,,,,,,21194,0.09146362543106079,,,,,,,,
,,,,,,,,,2.765040650406504e-07,21199,,,,,,,,,
86,,,,,,,,,,21199,0.019139263778924942,,,,,,,,
,,,,,,,,,2.760975609756098e-07,21204,,,,,,,,,
86,,,,,,,,,,21204,0.011575044132769108,,,,,,,,
,,,,,,,,,2.756910569105691e-07,21209,,,,,,,,,
86,,,,,,,,,,21209,0.015478793531656265,,,,,,,,
,,,,,,,,,2.752845528455284e-07,21214,,,,,,,,,
86,,,,,,,,,,21214,0.02771732397377491,,,,,,,,
,,,,,,,,,2.748780487804878e-07,21219,,,,,,,,,
86,,,,,,,,,,21219,0.024418922141194344,,,,,,,,
,,,,,,,,,2.7447154471544716e-07,21224,,,,,,,,,
86,,,,,,,,,,21224,0.036129388958215714,,,,,,,,
,,,,,,,,,2.7406504065040645e-07,21229,,,,,,,,,
86,,,,,,,,,,21229,0.021982043981552124,,,,,,,,
,,,,,,,,,2.7365853658536585e-07,21234,,,,,,,,,
86,,,,,,,,,,21234,0.007348857820034027,,,,,,,,
,,,,,,,,,2.732520325203252e-07,21239,,,,,,,,,
86,,,,,,,,,,21239,0.030924396589398384,,,,,,,,
,,,,,,,,,2.7284552845528454e-07,21244,,,,,,,,,
86,,,,,,,,,,21244,0.028773095458745956,,,,,,,,
,,,,,,,,,2.724390243902439e-07,21249,,,,,,,,,
86,,,,,,,,,,21249,0.02749527059495449,,,,,,,,
,,,,,,,,,2.7203252032520323e-07,21254,,,,,,,,,
86,,,,,,,,,,21254,0.025190843269228935,,,,,,,,
,,,,,,,,,2.716260162601626e-07,21259,,,,,,,,,
86,,,,,,,,,,21259,0.029103446751832962,,,,,,,,
,,,,,,,,,2.7121951219512197e-07,21264,,,,,,,,,
86,,,,,,,,,,21264,0.010823396034538746,,,,,,,,
,,,,,,,,,2.7081300813008127e-07,21269,,,,,,,,,
86,,,,,,,,,,21269,0.013207335025072098,,,,,,,,
,,,,,,,,,2.704065040650406e-07,21274,,,,,,,,,
86,,,,,,,,,,21274,0.027209460735321045,,,,,,,,
,,,,,,,,,2.7e-07,21279,,,,,,,,,
86,,,,,,,,,,21279,0.02735898271203041,,,,,,,,
,,,,,,,,,2.6959349593495935e-07,21284,,,,,,,,,
86,,,,,,,,,,21284,0.022803211584687233,,,,,,,,
,,,,,,,,,2.6918699186991865e-07,21289,,,,,,,,,
86,,,,,,,,,,21289,0.014087174087762833,,,,,,,,
,,,,,,,,,2.6878048780487804e-07,21294,,,,,,,,,
86,,,,,,,,,,21294,0.01728753373026848,,,,,,,,
,,,,,,,,,2.683739837398374e-07,21299,,,,,,,,,
86,,,,,,,,,,21299,0.011959236115217209,,,,,,,,
,,,,,,,,,2.6796747967479674e-07,21304,,,,,,,,,
86,,,,,,,,,,21304,0.011189388111233711,,,,,,,,
,,,,,,,,,2.675609756097561e-07,21309,,,,,,,,,
86,,,,,,,,,,21309,0.022968223318457603,,,,,,,,
,,,,,,,,,2.671544715447154e-07,21314,,,,,,,,,
86,,,,,,,,,,21314,0.0077808937057852745,,,,,,,,
,,,,,,,,,2.6674796747967477e-07,21319,,,,,,,,,
86,,,,,,,,,,21319,0.01633172109723091,,,,,,,,
,,,,,,,,,2.6634146341463417e-07,21324,,,,,,,,,
86,,,,,,,,,,21324,0.08919523656368256,,,,,,,,
,,,,,,,,,2.6593495934959346e-07,21329,,,,,,,,,
86,,,,,,,,,,21329,0.018303554505109787,,,,,,,,
,,,,,,,,,2.655284552845528e-07,21334,,,,,,,,,
86,,,,,,,,,,21334,0.009992211125791073,,,,,,,,
,,,,,,,,,2.651219512195122e-07,21339,,,,,,,,,
86,,,,,,,,,,21339,0.026306960731744766,,,,,,,,
,,,,,,,,,2.6471544715447155e-07,21344,,,,,,,,,
86,,,,,,,,,,21344,0.018554851412773132,,,,,,,,
,,,,,,,,,2.6430894308943084e-07,21349,,,,,,,,,
86,,,,,,,,,,21349,0.008677871897816658,,,,,,,,
,,,,,,,,,2.6390243902439024e-07,21354,,,,,,,,,
86,,,,,,,,,,21354,0.027603261172771454,,,,,,,,
,,,,,,,,,2.634959349593496e-07,21359,,,,,,,,,
86,,,,,,,,,,21359,0.03117627650499344,,,,,,,,
,,,,,,,,,2.6308943089430893e-07,21364,,,,,,,,,
86,,,,,,,,,,21364,0.017471063882112503,,,,,,,,
,,,,,,,,,2.626829268292683e-07,21369,,,,,,,,,
86,,,,,,,,,,21369,0.007682794705033302,,,,,,,,
,,,,,,,,,2.622764227642276e-07,21374,,,,,,,,,
86,,,,,,,,,,21374,0.01857011578977108,,,,,,,,
,,,,,,,,,2.6186991869918697e-07,21379,,,,,,,,,
86,,,,,,,,,,21379,0.01058933511376381,,,,,,,,
,,,,,,,,,2.614634146341463e-07,21384,,,,,,,,,
86,,,,,,,,,,21384,0.01387788262218237,,,,,,,,
,,,,,,,,,2.6105691056910566e-07,21389,,,,,,,,,
86,,,,,,,,,,21389,0.04211822897195816,,,,,,,,
,,,,,,,,,2.60650406504065e-07,21394,,,,,,,,,
86,,,,,,,,,,21394,0.0024267390836030245,,,,,,,,
,,,,,,,,,2.602439024390244e-07,21399,,,,,,,,,
86,,,,,,,,,,21399,0.018280016258358955,,,,,,,,
86,,,,,,,,,,21401,,0.7615384459495544,0.8324324488639832,0.0630408227443695,0.0630408227443695,0.37876495718955994,0.8105263113975525,0.855555534362793,0.3453770875930786
,,,,,,,,,2.598373983739837e-07,21404,,,,,,,,,
87,,,,,,,,,,21404,0.07973910123109818,,,,,,,,
,,,,,,,,,2.594308943089431e-07,21409,,,,,,,,,
87,,,,,,,,,,21409,0.020016280934214592,,,,,,,,
,,,,,,,,,2.5902439024390244e-07,21414,,,,,,,,,
87,,,,,,,,,,21414,0.032216090708971024,,,,,,,,
,,,,,,,,,2.586178861788618e-07,21419,,,,,,,,,
87,,,,,,,,,,21419,0.02138240449130535,,,,,,,,
,,,,,,,,,2.5821138211382113e-07,21424,,,,,,,,,
87,,,,,,,,,,21424,0.03638312220573425,,,,,,,,
,,,,,,,,,2.578048780487805e-07,21429,,,,,,,,,
87,,,,,,,,,,21429,0.018799152225255966,,,,,,,,
,,,,,,,,,2.573983739837398e-07,21434,,,,,,,,,
87,,,,,,,,,,21434,0.0323263481259346,,,,,,,,
,,,,,,,,,2.569918699186992e-07,21439,,,,,,,,,
87,,,,,,,,,,21439,0.038076408207416534,,,,,,,,
,,,,,,,,,2.565853658536585e-07,21444,,,,,,,,,
87,,,,,,,,,,21444,0.008725356310606003,,,,,,,,
,,,,,,,,,2.5617886178861786e-07,21449,,,,,,,,,
87,,,,,,,,,,21449,0.02133803628385067,,,,,,,,
,,,,,,,,,2.5577235772357725e-07,21454,,,,,,,,,
87,,,,,,,,,,21454,0.03526410460472107,,,,,,,,
,,,,,,,,,2.553658536585366e-07,21459,,,,,,,,,
87,,,,,,,,,,21459,0.018644727766513824,,,,,,,,
,,,,,,,,,2.549593495934959e-07,21464,,,,,,,,,
87,,,,,,,,,,21464,0.013437836430966854,,,,,,,,
,,,,,,,,,2.545528455284553e-07,21469,,,,,,,,,
87,,,,,,,,,,21469,0.008159095421433449,,,,,,,,
,,,,,,,,,2.5414634146341463e-07,21474,,,,,,,,,
87,,,,,,,,,,21474,0.04522467032074928,,,,,,,,
,,,,,,,,,2.53739837398374e-07,21479,,,,,,,,,
87,,,,,,,,,,21479,0.017529170960187912,,,,,,,,
,,,,,,,,,2.533333333333333e-07,21484,,,,,,,,,
87,,,,,,,,,,21484,0.016724862158298492,,,,,,,,
,,,,,,,,,2.5292682926829267e-07,21489,,,,,,,,,
87,,,,,,,,,,21489,0.02800833061337471,,,,,,,,
,,,,,,,,,2.52520325203252e-07,21494,,,,,,,,,
87,,,,,,,,,,21494,0.01778414659202099,,,,,,,,
,,,,,,,,,2.521138211382114e-07,21499,,,,,,,,,
87,,,,,,,,,,21499,0.049287352710962296,,,,,,,,
,,,,,,,,,2.517073170731707e-07,21504,,,,,,,,,
87,,,,,,,,,,21504,0.021217381581664085,,,,,,,,
,,,,,,,,,2.5130081300813005e-07,21509,,,,,,,,,
87,,,,,,,,,,21509,0.023717833682894707,,,,,,,,
,,,,,,,,,2.5089430894308945e-07,21514,,,,,,,,,
87,,,,,,,,,,21514,0.01615091785788536,,,,,,,,
,,,,,,,,,2.504878048780488e-07,21519,,,,,,,,,
87,,,,,,,,,,21519,0.03579217568039894,,,,,,,,
,,,,,,,,,2.500813008130081e-07,21524,,,,,,,,,
87,,,,,,,,,,21524,0.011249573901295662,,,,,,,,
,,,,,,,,,2.4967479674796743e-07,21529,,,,,,,,,
87,,,,,,,,,,21529,0.02539115585386753,,,,,,,,
,,,,,,,,,2.4926829268292683e-07,21534,,,,,,,,,
87,,,,,,,,,,21534,0.036259353160858154,,,,,,,,
,,,,,,,,,2.488617886178862e-07,21539,,,,,,,,,
87,,,,,,,,,,21539,0.011654054746031761,,,,,,,,
,,,,,,,,,2.484552845528455e-07,21544,,,,,,,,,
87,,,,,,,,,,21544,0.02996564470231533,,,,,,,,
,,,,,,,,,2.4804878048780487e-07,21549,,,,,,,,,
87,,,,,,,,,,21549,0.03061474859714508,,,,,,,,
,,,,,,,,,2.476422764227642e-07,21554,,,,,,,,,
87,,,,,,,,,,21554,0.07392781227827072,,,,,,,,
,,,,,,,,,2.4723577235772356e-07,21559,,,,,,,,,
87,,,,,,,,,,21559,0.024769959971308708,,,,,,,,
,,,,,,,,,2.468292682926829e-07,21564,,,,,,,,,
87,,,,,,,,,,21564,0.0217273011803627,,,,,,,,
,,,,,,,,,2.4642276422764225e-07,21569,,,,,,,,,
87,,,,,,,,,,21569,0.05054910480976105,,,,,,,,
,,,,,,,,,2.460162601626016e-07,21574,,,,,,,,,
87,,,,,,,,,,21574,0.01880273036658764,,,,,,,,
,,,,,,,,,2.4560975609756094e-07,21579,,,,,,,,,
87,,,,,,,,,,21579,0.03231755644083023,,,,,,,,
,,,,,,,,,2.4520325203252034e-07,21584,,,,,,,,,
87,,,,,,,,,,21584,0.007100942078977823,,,,,,,,
,,,,,,,,,2.4479674796747963e-07,21589,,,,,,,,,
87,,,,,,,,,,21589,0.023974547162652016,,,,,,,,
,,,,,,,,,2.4439024390243903e-07,21594,,,,,,,,,
87,,,,,,,,,,21594,0.022223982959985733,,,,,,,,
,,,,,,,,,2.4398373983739837e-07,21599,,,,,,,,,
87,,,,,,,,,,21599,0.012769871391355991,,,,,,,,
,,,,,,,,,2.435772357723577e-07,21604,,,,,,,,,
87,,,,,,,,,,21604,0.043208323419094086,,,,,,,,
,,,,,,,,,2.4317073170731706e-07,21609,,,,,,,,,
87,,,,,,,,,,21609,0.02684277482330799,,,,,,,,
,,,,,,,,,2.427642276422764e-07,21614,,,,,,,,,
87,,,,,,,,,,21614,0.010807453654706478,,,,,,,,
,,,,,,,,,2.4235772357723575e-07,21619,,,,,,,,,
87,,,,,,,,,,21619,0.023211220279335976,,,,,,,,
,,,,,,,,,2.419512195121951e-07,21624,,,,,,,,,
87,,,,,,,,,,21624,0.02951573207974434,,,,,,,,
,,,,,,,,,2.4154471544715445e-07,21629,,,,,,,,,
87,,,,,,,,,,21629,0.01658722199499607,,,,,,,,
,,,,,,,,,2.4113821138211384e-07,21634,,,,,,,,,
87,,,,,,,,,,21634,0.017912227660417557,,,,,,,,
,,,,,,,,,2.4073170731707314e-07,21639,,,,,,,,,
87,,,,,,,,,,21639,0.015208487398922443,,,,,,,,
,,,,,,,,,2.4032520325203253e-07,21644,,,,,,,,,
87,,,,,,,,,,21644,0.0265990998595953,,,,,,,,
87,,,,,,,,,,21647,,0.7692307829856873,0.8387096524238586,0.06358560919761658,0.06358560919761658,0.393399715423584,0.8125,0.8666666746139526,0.36197736859321594
,,,,,,,,,2.399186991869919e-07,21649,,,,,,,,,
88,,,,,,,,,,21649,0.010960915125906467,,,,,,,,
,,,,,,,,,2.395121951219512e-07,21654,,,,,,,,,
88,,,,,,,,,,21654,0.037198781967163086,,,,,,,,
,,,,,,,,,2.3910569105691057e-07,21659,,,,,,,,,
88,,,,,,,,,,21659,0.031138107180595398,,,,,,,,
,,,,,,,,,2.386991869918699e-07,21664,,,,,,,,,
88,,,,,,,,,,21664,0.04592312127351761,,,,,,,,
,,,,,,,,,2.3829268292682923e-07,21669,,,,,,,,,
88,,,,,,,,,,21669,0.02347315475344658,,,,,,,,
,,,,,,,,,2.378861788617886e-07,21674,,,,,,,,,
88,,,,,,,,,,21674,0.031399134546518326,,,,,,,,
,,,,,,,,,2.3747967479674795e-07,21679,,,,,,,,,
88,,,,,,,,,,21679,0.03459053114056587,,,,,,,,
,,,,,,,,,2.370731707317073e-07,21684,,,,,,,,,
88,,,,,,,,,,21684,0.019285516813397408,,,,,,,,
,,,,,,,,,2.3666666666666664e-07,21689,,,,,,,,,
88,,,,,,,,,,21689,0.030344069004058838,,,,,,,,
,,,,,,,,,2.3626016260162601e-07,21694,,,,,,,,,
88,,,,,,,,,,21694,0.017260145395994186,,,,,,,,
,,,,,,,,,2.3585365853658533e-07,21699,,,,,,,,,
88,,,,,,,,,,21699,0.023236438632011414,,,,,,,,
,,,,,,,,,2.354471544715447e-07,21704,,,,,,,,,
88,,,,,,,,,,21704,0.020971789956092834,,,,,,,,
,,,,,,,,,2.3504065040650405e-07,21709,,,,,,,,,
88,,,,,,,,,,21709,0.015255155973136425,,,,,,,,
,,,,,,,,,2.346341463414634e-07,21714,,,,,,,,,
88,,,,,,,,,,21714,0.021313302218914032,,,,,,,,
,,,,,,,,,2.3422764227642274e-07,21719,,,,,,,,,
88,,,,,,,,,,21719,0.015350842848420143,,,,,,,,
,,,,,,,,,2.338211382113821e-07,21724,,,,,,,,,
88,,,,,,,,,,21724,0.0071530756540596485,,,,,,,,
,,,,,,,,,2.3341463414634146e-07,21729,,,,,,,,,
88,,,,,,,,,,21729,0.008159046992659569,,,,,,,,
,,,,,,,,,2.330081300813008e-07,21734,,,,,,,,,
88,,,,,,,,,,21734,0.03185812383890152,,,,,,,,
,,,,,,,,,2.3260162601626015e-07,21739,,,,,,,,,
88,,,,,,,,,,21739,0.03780405595898628,,,,,,,,
,,,,,,,,,2.3219512195121952e-07,21744,,,,,,,,,
88,,,,,,,,,,21744,0.04623387008905411,,,,,,,,
,,,,,,,,,2.3178861788617884e-07,21749,,,,,,,,,
88,,,,,,,,,,21749,0.025671467185020447,,,,,,,,
,,,,,,,,,2.313821138211382e-07,21754,,,,,,,,,
88,,,,,,,,,,21754,0.02513130009174347,,,,,,,,
,,,,,,,,,2.3097560975609756e-07,21759,,,,,,,,,
88,,,,,,,,,,21759,0.01592741161584854,,,,,,,,
,,,,,,,,,2.305691056910569e-07,21764,,,,,,,,,
88,,,,,,,,,,21764,0.023928724229335785,,,,,,,,
,,,,,,,,,2.3016260162601625e-07,21769,,,,,,,,,
88,,,,,,,,,,21769,0.03217868134379387,,,,,,,,
,,,,,,,,,2.2975609756097562e-07,21774,,,,,,,,,
88,,,,,,,,,,21774,0.011525560170412064,,,,,,,,
,,,,,,,,,2.2934959349593494e-07,21779,,,,,,,,,
88,,,,,,,,,,21779,0.013681179843842983,,,,,,,,
,,,,,,,,,2.289430894308943e-07,21784,,,,,,,,,
88,,,,,,,,,,21784,0.015730001032352448,,,,,,,,
,,,,,,,,,2.2853658536585365e-07,21789,,,,,,,,,
88,,,,,,,,,,21789,0.03460538014769554,,,,,,,,
,,,,,,,,,2.28130081300813e-07,21794,,,,,,,,,
88,,,,,,,,,,21794,0.002831726334989071,,,,,,,,
,,,,,,,,,2.2772357723577234e-07,21799,,,,,,,,,
88,,,,,,,,,,21799,0.05020476505160332,,,,,,,,
,,,,,,,,,2.2731707317073172e-07,21804,,,,,,,,,
88,,,,,,,,,,21804,0.05316825956106186,,,,,,,,
,,,,,,,,,2.2691056910569104e-07,21809,,,,,,,,,
88,,,,,,,,,,21809,0.038049984723329544,,,,,,,,
,,,,,,,,,2.265040650406504e-07,21814,,,,,,,,,
88,,,,,,,,,,21814,0.03020072914659977,,,,,,,,
,,,,,,,,,2.2609756097560975e-07,21819,,,,,,,,,
88,,,,,,,,,,21819,0.013315139338374138,,,,,,,,
,,,,,,,,,2.2569105691056907e-07,21824,,,,,,,,,
88,,,,,,,,,,21824,0.009245039895176888,,,,,,,,
,,,,,,,,,2.2528455284552844e-07,21829,,,,,,,,,
88,,,,,,,,,,21829,0.014828541316092014,,,,,,,,
,,,,,,,,,2.248780487804878e-07,21834,,,,,,,,,
88,,,,,,,,,,21834,0.03449830040335655,,,,,,,,
,,,,,,,,,2.2447154471544713e-07,21839,,,,,,,,,
88,,,,,,,,,,21839,0.02623564563691616,,,,,,,,
,,,,,,,,,2.2406504065040648e-07,21844,,,,,,,,,
88,,,,,,,,,,21844,0.04379631206393242,,,,,,,,
,,,,,,,,,2.2365853658536585e-07,21849,,,,,,,,,
88,,,,,,,,,,21849,0.011514897458255291,,,,,,,,
,,,,,,,,,2.232520325203252e-07,21854,,,,,,,,,
88,,,,,,,,,,21854,0.03984518349170685,,,,,,,,
,,,,,,,,,2.2284552845528454e-07,21859,,,,,,,,,
88,,,,,,,,,,21859,0.013940162025392056,,,,,,,,
,,,,,,,,,2.2243902439024389e-07,21864,,,,,,,,,
88,,,,,,,,,,21864,0.010975590907037258,,,,,,,,
,,,,,,,,,2.2203252032520326e-07,21869,,,,,,,,,
88,,,,,,,,,,21869,0.04626134783029556,,,,,,,,
,,,,,,,,,2.2162601626016258e-07,21874,,,,,,,,,
88,,,,,,,,,,21874,0.01878802850842476,,,,,,,,
,,,,,,,,,2.2121951219512195e-07,21879,,,,,,,,,
88,,,,,,,,,,21879,0.027606064453721046,,,,,,,,
,,,,,,,,,2.208130081300813e-07,21884,,,,,,,,,
88,,,,,,,,,,21884,0.03258616477251053,,,,,,,,
,,,,,,,,,2.2040650406504064e-07,21889,,,,,,,,,
88,,,,,,,,,,21889,0.029731320217251778,,,,,,,,
88,,,,,,,,,,21893,,0.7692307829856873,0.8404255509376526,0.06368839740753174,0.06368839740753174,0.3905482888221741,0.8061224222183228,0.8777777552604675,0.35854896903038025
,,,,,,,,,2.1999999999999998e-07,21894,,,,,,,,,
89,,,,,,,,,,21894,0.018366342410445213,,,,,,,,
,,,,,,,,,2.1959349593495936e-07,21899,,,,,,,,,
89,,,,,,,,,,21899,0.026072781533002853,,,,,,,,
,,,,,,,,,2.1918699186991868e-07,21904,,,,,,,,,
89,,,,,,,,,,21904,0.027055935934185982,,,,,,,,
,,,,,,,,,2.1878048780487805e-07,21909,,,,,,,,,
89,,,,,,,,,,21909,0.0327267199754715,,,,,,,,
,,,,,,,,,2.183739837398374e-07,21914,,,,,,,,,
89,,,,,,,,,,21914,0.019976381212472916,,,,,,,,
,,,,,,,,,2.1796747967479674e-07,21919,,,,,,,,,
89,,,,,,,,,,21919,0.03308498486876488,,,,,,,,
,,,,,,,,,2.1756097560975608e-07,21924,,,,,,,,,
89,,,,,,,,,,21924,0.012293620966374874,,,,,,,,
,,,,,,,,,2.1715447154471545e-07,21929,,,,,,,,,
89,,,,,,,,,,21929,0.021403802558779716,,,,,,,,
,,,,,,,,,2.1674796747967477e-07,21934,,,,,,,,,
89,,,,,,,,,,21934,0.012463027611374855,,,,,,,,
,,,,,,,,,2.1634146341463415e-07,21939,,,,,,,,,
89,,,,,,,,,,21939,0.03714032098650932,,,,,,,,
,,,,,,,,,2.159349593495935e-07,21944,,,,,,,,,
89,,,,,,,,,,21944,0.02561243809759617,,,,,,,,
,,,,,,,,,2.1552845528455284e-07,21949,,,,,,,,,
89,,,,,,,,,,21949,0.009587142616510391,,,,,,,,
,,,,,,,,,2.1512195121951218e-07,21954,,,,,,,,,
89,,,,,,,,,,21954,0.024816926568746567,,,,,,,,
,,,,,,,,,2.1471544715447155e-07,21959,,,,,,,,,
89,,,,,,,,,,21959,0.012260286137461662,,,,,,,,
,,,,,,,,,2.1430894308943087e-07,21964,,,,,,,,,
89,,,,,,,,,,21964,0.011673743836581707,,,,,,,,
,,,,,,,,,2.1390243902439022e-07,21969,,,,,,,,,
89,,,,,,,,,,21969,0.0205729641020298,,,,,,,,
,,,,,,,,,2.134959349593496e-07,21974,,,,,,,,,
89,,,,,,,,,,21974,0.014379968866705894,,,,,,,,
,,,,,,,,,2.1308943089430893e-07,21979,,,,,,,,,
89,,,,,,,,,,21979,0.013450641185045242,,,,,,,,
,,,,,,,,,2.1268292682926828e-07,21984,,,,,,,,,
89,,,,,,,,,,21984,0.039426207542419434,,,,,,,,
,,,,,,,,,2.1227642276422763e-07,21989,,,,,,,,,
89,,,,,,,,,,21989,0.024321792647242546,,,,,,,,
,,,,,,,,,2.11869918699187e-07,21994,,,,,,,,,
89,,,,,,,,,,21994,0.0071619548834860325,,,,,,,,
,,,,,,,,,2.1146341463414632e-07,21999,,,,,,,,,
89,,,,,,,,,,21999,0.022624431177973747,,,,,,,,
,,,,,,,,,2.110569105691057e-07,22004,,,,,,,,,
89,,,,,,,,,,22004,0.015936756506562233,,,,,,,,
,,,,,,,,,2.1065040650406503e-07,22009,,,,,,,,,
89,,,,,,,,,,22009,0.020037824288010597,,,,,,,,
,,,,,,,,,2.1024390243902438e-07,22014,,,,,,,,,
89,,,,,,,,,,22014,0.026225488632917404,,,,,,,,
,,,,,,,,,2.0983739837398372e-07,22019,,,,,,,,,
89,,,,,,,,,,22019,0.026835579425096512,,,,,,,,
,,,,,,,,,2.094308943089431e-07,22024,,,,,,,,,
89,,,,,,,,,,22024,0.015398611314594746,,,,,,,,
,,,,,,,,,2.0902439024390241e-07,22029,,,,,,,,,
89,,,,,,,,,,22029,0.027375224977731705,,,,,,,,
,,,,,,,,,2.0861788617886179e-07,22034,,,,,,,,,
89,,,,,,,,,,22034,0.021969173103570938,,,,,,,,
,,,,,,,,,2.0821138211382113e-07,22039,,,,,,,,,
89,,,,,,,,,,22039,0.008289346471428871,,,,,,,,
,,,,,,,,,2.0780487804878048e-07,22044,,,,,,,,,
89,,,,,,,,,,22044,0.017711125314235687,,,,,,,,
,,,,,,,,,2.0739837398373982e-07,22049,,,,,,,,,
89,,,,,,,,,,22049,0.023790644481778145,,,,,,,,
,,,,,,,,,2.069918699186992e-07,22054,,,,,,,,,
89,,,,,,,,,,22054,0.016273604705929756,,,,,,,,
,,,,,,,,,2.065853658536585e-07,22059,,,,,,,,,
89,,,,,,,,,,22059,0.01052371971309185,,,,,,,,
,,,,,,,,,2.0617886178861788e-07,22064,,,,,,,,,
89,,,,,,,,,,22064,0.00791303999722004,,,,,,,,
,,,,,,,,,2.0577235772357723e-07,22069,,,,,,,,,
89,,,,,,,,,,22069,0.039157524704933167,,,,,,,,
,,,,,,,,,2.0536585365853657e-07,22074,,,,,,,,,
89,,,,,,,,,,22074,0.029218081384897232,,,,,,,,
,,,,,,,,,2.0495934959349592e-07,22079,,,,,,,,,
89,,,,,,,,,,22079,0.01867414452135563,,,,,,,,
,,,,,,,,,2.045528455284553e-07,22084,,,,,,,,,
89,,,,,,,,,,22084,0.011707806959748268,,,,,,,,
,,,,,,,,,2.041463414634146e-07,22089,,,,,,,,,
89,,,,,,,,,,22089,0.024093545973300934,,,,,,,,
,,,,,,,,,2.0373983739837398e-07,22094,,,,,,,,,
89,,,,,,,,,,22094,0.03687407448887825,,,,,,,,
,,,,,,,,,2.0333333333333333e-07,22099,,,,,,,,,
89,,,,,,,,,,22099,0.014546738937497139,,,,,,,,
,,,,,,,,,2.029268292682927e-07,22104,,,,,,,,,
89,,,,,,,,,,22104,0.010021694004535675,,,,,,,,
,,,,,,,,,2.0252032520325202e-07,22109,,,,,,,,,
89,,,,,,,,,,22109,0.03657236322760582,,,,,,,,
,,,,,,,,,2.0211382113821136e-07,22114,,,,,,,,,
89,,,,,,,,,,22114,0.012225368060171604,,,,,,,,
,,,,,,,,,2.0170731707317074e-07,22119,,,,,,,,,
89,,,,,,,,,,22119,0.019739005714654922,,,,,,,,
,,,,,,,,,2.0130081300813005e-07,22124,,,,,,,,,
89,,,,,,,,,,22124,0.03257264569401741,,,,,,,,
,,,,,,,,,2.0089430894308943e-07,22129,,,,,,,,,
89,,,,,,,,,,22129,0.030296454206109047,,,,,,,,
,,,,,,,,,2.0048780487804877e-07,22134,,,,,,,,,
89,,,,,,,,,,22134,0.030797144398093224,,,,,,,,
,,,,,,,,,2.0008130081300812e-07,22139,,,,,,,,,
89,,,,,,,,,,22139,0.08835087716579437,,,,,,,,
89,,,,,,,,,,22139,,0.7692307829856873,0.8404255509376526,0.06454373896121979,0.06454373896121979,0.38855329155921936,0.8061224222183228,0.8777777552604675,0.35657891631126404
,,,,,,,,,1.9967479674796746e-07,22144,,,,,,,,,
90,,,,,,,,,,22144,0.022453410550951958,,,,,,,,
,,,,,,,,,1.9926829268292683e-07,22149,,,,,,,,,
90,,,,,,,,,,22149,0.00992229487746954,,,,,,,,
,,,,,,,,,1.9886178861788615e-07,22154,,,,,,,,,
90,,,,,,,,,,22154,0.02225254662334919,,,,,,,,
,,,,,,,,,1.9845528455284552e-07,22159,,,,,,,,,
90,,,,,,,,,,22159,0.05666350573301315,,,,,,,,
,,,,,,,,,1.9804878048780487e-07,22164,,,,,,,,,
90,,,,,,,,,,22164,0.02811027318239212,,,,,,,,
,,,,,,,,,1.9764227642276421e-07,22169,,,,,,,,,
90,,,,,,,,,,22169,0.005340296309441328,,,,,,,,
,,,,,,,,,1.9723577235772356e-07,22174,,,,,,,,,
90,,,,,,,,,,22174,0.0267356988042593,,,,,,,,
,,,,,,,,,1.9682926829268293e-07,22179,,,,,,,,,
90,,,,,,,,,,22179,0.00851613562554121,,,,,,,,
,,,,,,,,,1.9642276422764225e-07,22184,,,,,,,,,
90,,,,,,,,,,22184,0.01651209592819214,,,,,,,,
,,,,,,,,,1.9601626016260162e-07,22189,,,,,,,,,
90,,,,,,,,,,22189,0.024144474416971207,,,,,,,,
,,,,,,,,,1.9560975609756097e-07,22194,,,,,,,,,
90,,,,,,,,,,22194,0.0043525611981749535,,,,,,,,
,,,,,,,,,1.952032520325203e-07,22199,,,,,,,,,
90,,,,,,,,,,22199,0.018794922158122063,,,,,,,,
,,,,,,,,,1.9479674796747966e-07,22204,,,,,,,,,
90,,,,,,,,,,22204,0.022198565304279327,,,,,,,,
,,,,,,,,,1.9439024390243903e-07,22209,,,,,,,,,
90,,,,,,,,,,22209,0.013438249938189983,,,,,,,,
,,,,,,,,,1.9398373983739835e-07,22214,,,,,,,,,
90,,,,,,,,,,22214,0.02028764970600605,,,,,,,,
,,,,,,,,,1.9357723577235772e-07,22219,,,,,,,,,
90,,,,,,,,,,22219,0.008800598792731762,,,,,,,,
,,,,,,,,,1.9317073170731707e-07,22224,,,,,,,,,
90,,,,,,,,,,22224,0.02721559815108776,,,,,,,,
,,,,,,,,,1.927642276422764e-07,22229,,,,,,,,,
90,,,,,,,,,,22229,0.02413729391992092,,,,,,,,
,,,,,,,,,1.9235772357723576e-07,22234,,,,,,,,,
90,,,,,,,,,,22234,0.027104245498776436,,,,,,,,
,,,,,,,,,1.9195121951219513e-07,22239,,,,,,,,,
90,,,,,,,,,,22239,0.009399515576660633,,,,,,,,
,,,,,,,,,1.9154471544715447e-07,22244,,,,,,,,,
90,,,,,,,,,,22244,0.02055746130645275,,,,,,,,
,,,,,,,,,1.9113821138211382e-07,22249,,,,,,,,,
90,,,,,,,,,,22249,0.04394121840596199,,,,,,,,
,,,,,,,,,1.9073170731707316e-07,22254,,,,,,,,,
90,,,,,,,,,,22254,0.005311641842126846,,,,,,,,
,,,,,,,,,1.9032520325203254e-07,22259,,,,,,,,,
90,,,,,,,,,,22259,0.02780202031135559,,,,,,,,
,,,,,,,,,1.8991869918699186e-07,22264,,,,,,,,,
90,,,,,,,,,,22264,0.008816727437078953,,,,,,,,
,,,,,,,,,1.895121951219512e-07,22269,,,,,,,,,
90,,,,,,,,,,22269,0.004826815333217382,,,,,,,,
,,,,,,,,,1.8910569105691057e-07,22274,,,,,,,,,
90,,,,,,,,,,22274,0.04125015810132027,,,,,,,,
,,,,,,,,,1.886991869918699e-07,22279,,,,,,,,,
90,,,,,,,,,,22279,0.03838707134127617,,,,,,,,
,,,,,,,,,1.8829268292682926e-07,22284,,,,,,,,,
90,,,,,,,,,,22284,0.028850281611084938,,,,,,,,
,,,,,,,,,1.878861788617886e-07,22289,,,,,,,,,
90,,,,,,,,,,22289,0.02237241342663765,,,,,,,,
,,,,,,,,,1.8747967479674795e-07,22294,,,,,,,,,
90,,,,,,,,,,22294,0.00593437859788537,,,,,,,,
,,,,,,,,,1.870731707317073e-07,22299,,,,,,,,,
90,,,,,,,,,,22299,0.01744893565773964,,,,,,,,
,,,,,,,,,1.8666666666666667e-07,22304,,,,,,,,,
90,,,,,,,,,,22304,0.004151130095124245,,,,,,,,
,,,,,,,,,1.86260162601626e-07,22309,,,,,,,,,
90,,,,,,,,,,22309,0.008615116588771343,,,,,,,,
,,,,,,,,,1.8585365853658536e-07,22314,,,,,,,,,
90,,,,,,,,,,22314,0.023542869836091995,,,,,,,,
,,,,,,,,,1.854471544715447e-07,22319,,,,,,,,,
90,,,,,,,,,,22319,0.03261552378535271,,,,,,,,
,,,,,,,,,1.8504065040650405e-07,22324,,,,,,,,,
90,,,,,,,,,,22324,0.009444230236113071,,,,,,,,
,,,,,,,,,1.846341463414634e-07,22329,,,,,,,,,
90,,,,,,,,,,22329,0.01962839625775814,,,,,,,,
,,,,,,,,,1.8422764227642277e-07,22334,,,,,,,,,
90,,,,,,,,,,22334,0.016404109075665474,,,,,,,,
,,,,,,,,,1.838211382113821e-07,22339,,,,,,,,,
90,,,,,,,,,,22339,0.01862609013915062,,,,,,,,
,,,,,,,,,1.8341463414634146e-07,22344,,,,,,,,,
90,,,,,,,,,,22344,0.029830193147063255,,,,,,,,
,,,,,,,,,1.830081300813008e-07,22349,,,,,,,,,
90,,,,,,,,,,22349,0.0073609668761491776,,,,,,,,
,,,,,,,,,1.8260162601626015e-07,22354,,,,,,,,,
90,,,,,,,,,,22354,0.019417379051446915,,,,,,,,
,,,,,,,,,1.821951219512195e-07,22359,,,,,,,,,
90,,,,,,,,,,22359,0.008397391065955162,,,,,,,,
,,,,,,,,,1.8178861788617887e-07,22364,,,,,,,,,
90,,,,,,,,,,22364,0.042131371796131134,,,,,,,,
,,,,,,,,,1.813821138211382e-07,22369,,,,,,,,,
90,,,,,,,,,,22369,0.010925376787781715,,,,,,,,
,,,,,,,,,1.8097560975609756e-07,22374,,,,,,,,,
90,,,,,,,,,,22374,0.05418903008103371,,,,,,,,
,,,,,,,,,1.805691056910569e-07,22379,,,,,,,,,
90,,,,,,,,,,22379,0.025661252439022064,,,,,,,,
,,,,,,,,,1.8016260162601627e-07,22384,,,,,,,,,
90,,,,,,,,,,22384,0.014507370069622993,,,,,,,,
90,,,,,,,,,,22385,,0.7692307829856873,0.8387096524238586,0.06380941718816757,0.06380941718816757,0.3844708502292633,0.8125,0.8666666746139526,0.35264432430267334
,,,,,,,,,1.797560975609756e-07,22389,,,,,,,,,
91,,,,,,,,,,22389,0.017985068261623383,,,,,,,,
,,,,,,,,,1.7934959349593497e-07,22394,,,,,,,,,
91,,,,,,,,,,22394,0.041828397661447525,,,,,,,,
,,,,,,,,,1.789430894308943e-07,22399,,,,,,,,,
91,,,,,,,,,,22399,0.014974617399275303,,,,,,,,
,,,,,,,,,1.7853658536585363e-07,22404,,,,,,,,,
91,,,,,,,,,,22404,0.009708346799015999,,,,,,,,
,,,,,,,,,1.78130081300813e-07,22409,,,,,,,,,
91,,,,,,,,,,22409,0.026137080043554306,,,,,,,,
,,,,,,,,,1.7772357723577235e-07,22414,,,,,,,,,
91,,,,,,,,,,22414,0.008197171613574028,,,,,,,,
,,,,,,,,,1.773170731707317e-07,22419,,,,,,,,,
91,,,,,,,,,,22419,0.036555200815200806,,,,,,,,
,,,,,,,,,1.7691056910569104e-07,22424,,,,,,,,,
91,,,,,,,,,,22424,0.020941024646162987,,,,,,,,
,,,,,,,,,1.765040650406504e-07,22429,,,,,,,,,
91,,,,,,,,,,22429,0.005556467454880476,,,,,,,,
,,,,,,,,,1.7609756097560973e-07,22434,,,,,,,,,
91,,,,,,,,,,22434,0.021850522607564926,,,,,,,,
,,,,,,,,,1.756910569105691e-07,22439,,,,,,,,,
91,,,,,,,,,,22439,0.007536271587014198,,,,,,,,
,,,,,,,,,1.7528455284552845e-07,22444,,,,,,,,,
91,,,,,,,,,,22444,0.036850959062576294,,,,,,,,
,,,,,,,,,1.748780487804878e-07,22449,,,,,,,,,
91,,,,,,,,,,22449,0.018301980569958687,,,,,,,,
,,,,,,,,,1.7447154471544714e-07,22454,,,,,,,,,
91,,,,,,,,,,22454,0.02743612416088581,,,,,,,,
,,,,,,,,,1.740650406504065e-07,22459,,,,,,,,,
91,,,,,,,,,,22459,0.011844047345221043,,,,,,,,
,,,,,,,,,1.7365853658536583e-07,22464,,,,,,,,,
91,,,,,,,,,,22464,0.007347221486270428,,,,,,,,
,,,,,,,,,1.732520325203252e-07,22469,,,,,,,,,
91,,,,,,,,,,22469,0.010683885775506496,,,,,,,,
,,,,,,,,,1.7284552845528454e-07,22474,,,,,,,,,
91,,,,,,,,,,22474,0.03591988608241081,,,,,,,,
,,,,,,,,,1.724390243902439e-07,22479,,,,,,,,,
91,,,,,,,,,,22479,0.004585905931890011,,,,,,,,
,,,,,,,,,1.7203252032520323e-07,22484,,,,,,,,,
91,,,,,,,,,,22484,0.009365769103169441,,,,,,,,
,,,,,,,,,1.716260162601626e-07,22489,,,,,,,,,
91,,,,,,,,,,22489,0.024418149143457413,,,,,,,,
,,,,,,,,,1.7121951219512195e-07,22494,,,,,,,,,
91,,,,,,,,,,22494,0.014250099658966064,,,,,,,,
,,,,,,,,,1.708130081300813e-07,22499,,,,,,,,,
91,,,,,,,,,,22499,0.02236994355916977,,,,,,,,
,,,,,,,,,1.7040650406504064e-07,22504,,,,,,,,,
91,,,,,,,,,,22504,0.012751632370054722,,,,,,,,
,,,,,,,,,1.7000000000000001e-07,22509,,,,,,,,,
91,,,,,,,,,,22509,0.018368545919656754,,,,,,,,
,,,,,,,,,1.6959349593495933e-07,22514,,,,,,,,,
91,,,,,,,,,,22514,0.0460183210670948,,,,,,,,
,,,,,,,,,1.691869918699187e-07,22519,,,,,,,,,
91,,,,,,,,,,22519,0.0181548073887825,,,,,,,,
,,,,,,,,,1.6878048780487805e-07,22524,,,,,,,,,
91,,,,,,,,,,22524,0.018994970247149467,,,,,,,,
,,,,,,,,,1.683739837398374e-07,22529,,,,,,,,,
91,,,,,,,,,,22529,0.008589779026806355,,,,,,,,
,,,,,,,,,1.6796747967479674e-07,22534,,,,,,,,,
91,,,,,,,,,,22534,0.009463425725698471,,,,,,,,
,,,,,,,,,1.675609756097561e-07,22539,,,,,,,,,
91,,,,,,,,,,22539,0.03433496132493019,,,,,,,,
,,,,,,,,,1.6715447154471543e-07,22544,,,,,,,,,
91,,,,,,,,,,22544,0.030063780024647713,,,,,,,,
,,,,,,,,,1.667479674796748e-07,22549,,,,,,,,,
91,,,,,,,,,,22549,0.05852805823087692,,,,,,,,
,,,,,,,,,1.6634146341463415e-07,22554,,,,,,,,,
91,,,,,,,,,,22554,0.015156426467001438,,,,,,,,
,,,,,,,,,1.6593495934959347e-07,22559,,,,,,,,,
91,,,,,,,,,,22559,0.023293033242225647,,,,,,,,
,,,,,,,,,1.6552845528455284e-07,22564,,,,,,,,,
91,,,,,,,,,,22564,0.011674693785607815,,,,,,,,
,,,,,,,,,1.6512195121951218e-07,22569,,,,,,,,,
91,,,,,,,,,,22569,0.010494224727153778,,,,,,,,
,,,,,,,,,1.6471544715447153e-07,22574,,,,,,,,,
91,,,,,,,,,,22574,0.011543063446879387,,,,,,,,
,,,,,,,,,1.6430894308943087e-07,22579,,,,,,,,,
91,,,,,,,,,,22579,0.029852261766791344,,,,,,,,
,,,,,,,,,1.6390243902439025e-07,22584,,,,,,,,,
91,,,,,,,,,,22584,0.018546711653470993,,,,,,,,
,,,,,,,,,1.6349593495934956e-07,22589,,,,,,,,,
91,,,,,,,,,,22589,0.031171783804893494,,,,,,,,
,,,,,,,,,1.6308943089430894e-07,22594,,,,,,,,,
91,,,,,,,,,,22594,0.034485068172216415,,,,,,,,
,,,,,,,,,1.6268292682926828e-07,22599,,,,,,,,,
91,,,,,,,,,,22599,0.020300699397921562,,,,,,,,
,,,,,,,,,1.6227642276422763e-07,22604,,,,,,,,,
91,,,,,,,,,,22604,0.008663123473525047,,,,,,,,
,,,,,,,,,1.6186991869918697e-07,22609,,,,,,,,,
91,,,,,,,,,,22609,0.007030339911580086,,,,,,,,
,,,,,,,,,1.6146341463414634e-07,22614,,,,,,,,,
91,,,,,,,,,,22614,0.07786064594984055,,,,,,,,
,,,,,,,,,1.610569105691057e-07,22619,,,,,,,,,
91,,,,,,,,,,22619,0.033616650849580765,,,,,,,,
,,,,,,,,,1.6065040650406503e-07,22624,,,,,,,,,
91,,,,,,,,,,22624,0.012816679663956165,,,,,,,,
,,,,,,,,,1.6024390243902438e-07,22629,,,,,,,,,
91,,,,,,,,,,22629,0.007732888218015432,,,,,,,,
91,,,,,,,,,,22631,,0.7615384459495544,0.8324324488639832,0.06343512237071991,0.06343512237071991,0.38474005460739136,0.8105263113975525,0.855555534362793,0.35879793763160706
,,,,,,,,,1.5983739837398375e-07,22634,,,,,,,,,
92,,,,,,,,,,22634,0.014013766311109066,,,,,,,,
,,,,,,,,,1.5943089430894307e-07,22639,,,,,,,,,
92,,,,,,,,,,22639,0.022336136549711227,,,,,,,,
,,,,,,,,,1.5902439024390244e-07,22644,,,,,,,,,
92,,,,,,,,,,22644,0.01901116780936718,,,,,,,,
,,,,,,,,,1.586178861788618e-07,22649,,,,,,,,,
92,,,,,,,,,,22649,0.027026567608118057,,,,,,,,
,,,,,,,,,1.5821138211382113e-07,22654,,,,,,,,,
92,,,,,,,,,,22654,0.022735828533768654,,,,,,,,
,,,,,,,,,1.5780487804878048e-07,22659,,,,,,,,,
92,,,,,,,,,,22659,0.013450847007334232,,,,,,,,
,,,,,,,,,1.5739837398373985e-07,22664,,,,,,,,,
92,,,,,,,,,,22664,0.0220730509608984,,,,,,,,
,,,,,,,,,1.5699186991869917e-07,22669,,,,,,,,,
92,,,,,,,,,,22669,0.03578697517514229,,,,,,,,
,,,,,,,,,1.5658536585365854e-07,22674,,,,,,,,,
92,,,,,,,,,,22674,0.014150071889162064,,,,,,,,
,,,,,,,,,1.5617886178861789e-07,22679,,,,,,,,,
92,,,,,,,,,,22679,0.05823185294866562,,,,,,,,
,,,,,,,,,1.5577235772357723e-07,22684,,,,,,,,,
92,,,,,,,,,,22684,0.02008959650993347,,,,,,,,
,,,,,,,,,1.5536585365853658e-07,22689,,,,,,,,,
92,,,,,,,,,,22689,0.00834652315825224,,,,,,,,
,,,,,,,,,1.5495934959349595e-07,22694,,,,,,,,,
92,,,,,,,,,,22694,0.04478531330823898,,,,,,,,
,,,,,,,,,1.5455284552845527e-07,22699,,,,,,,,,
92,,,,,,,,,,22699,0.019345702603459358,,,,,,,,
,,,,,,,,,1.541463414634146e-07,22704,,,,,,,,,
92,,,,,,,,,,22704,0.012430810369551182,,,,,,,,
,,,,,,,,,1.5373983739837398e-07,22709,,,,,,,,,
92,,,,,,,,,,22709,0.013756331987679005,,,,,,,,
,,,,,,,,,1.533333333333333e-07,22714,,,,,,,,,
92,,,,,,,,,,22714,0.019029518589377403,,,,,,,,
,,,,,,,,,1.5292682926829268e-07,22719,,,,,,,,,
92,,,,,,,,,,22719,0.036607034504413605,,,,,,,,
,,,,,,,,,1.5252032520325202e-07,22724,,,,,,,,,
92,,,,,,,,,,22724,0.03163326904177666,,,,,,,,
,,,,,,,,,1.5211382113821137e-07,22729,,,,,,,,,
92,,,,,,,,,,22729,0.008558545261621475,,,,,,,,
,,,,,,,,,1.517073170731707e-07,22734,,,,,,,,,
92,,,,,,,,,,22734,0.01528625376522541,,,,,,,,
,,,,,,,,,1.5130081300813008e-07,22739,,,,,,,,,
92,,,,,,,,,,22739,0.01374125201255083,,,,,,,,
,,,,,,,,,1.5089430894308943e-07,22744,,,,,,,,,
92,,,,,,,,,,22744,0.01989924907684326,,,,,,,,
,,,,,,,,,1.5048780487804877e-07,22749,,,,,,,,,
92,,,,,,,,,,22749,0.010384331457316875,,,,,,,,
,,,,,,,,,1.5008130081300812e-07,22754,,,,,,,,,
92,,,,,,,,,,22754,0.00607425719499588,,,,,,,,
,,,,,,,,,1.496747967479675e-07,22759,,,,,,,,,
92,,,,,,,,,,22759,0.023417962715029716,,,,,,,,
,,,,,,,,,1.492682926829268e-07,22764,,,,,,,,,
92,,,,,,,,,,22764,0.008763954043388367,,,,,,,,
,,,,,,,,,1.4886178861788618e-07,22769,,,,,,,,,
92,,,,,,,,,,22769,0.0077483574859797955,,,,,,,,
,,,,,,,,,1.4845528455284553e-07,22774,,,,,,,,,
92,,,,,,,,,,22774,0.006914432626217604,,,,,,,,
,,,,,,,,,1.4804878048780487e-07,22779,,,,,,,,,
92,,,,,,,,,,22779,0.027031905949115753,,,,,,,,
,,,,,,,,,1.4764227642276422e-07,22784,,,,,,,,,
92,,,,,,,,,,22784,0.027024881914258003,,,,,,,,
,,,,,,,,,1.472357723577236e-07,22789,,,,,,,,,
92,,,,,,,,,,22789,0.01795034483075142,,,,,,,,
,,,,,,,,,1.468292682926829e-07,22794,,,,,,,,,
92,,,,,,,,,,22794,0.02715824916958809,,,,,,,,
,,,,,,,,,1.4642276422764228e-07,22799,,,,,,,,,
92,,,,,,,,,,22799,0.009981975890696049,,,,,,,,
,,,,,,,,,1.4601626016260162e-07,22804,,,,,,,,,
92,,,,,,,,,,22804,0.019651297479867935,,,,,,,,
,,,,,,,,,1.4560975609756097e-07,22809,,,,,,,,,
92,,,,,,,,,,22809,0.037771567702293396,,,,,,,,
,,,,,,,,,1.4520325203252032e-07,22814,,,,,,,,,
92,,,,,,,,,,22814,0.011551802977919579,,,,,,,,
,,,,,,,,,1.447967479674797e-07,22819,,,,,,,,,
92,,,,,,,,,,22819,0.045088570564985275,,,,,,,,
,,,,,,,,,1.44390243902439e-07,22824,,,,,,,,,
92,,,,,,,,,,22824,0.049286093562841415,,,,,,,,
,,,,,,,,,1.4398373983739838e-07,22829,,,,,,,,,
92,,,,,,,,,,22829,0.013955107890069485,,,,,,,,
,,,,,,,,,1.4357723577235772e-07,22834,,,,,,,,,
92,,,,,,,,,,22834,0.01065822783857584,,,,,,,,
,,,,,,,,,1.4317073170731704e-07,22839,,,,,,,,,
92,,,,,,,,,,22839,0.021936681121587753,,,,,,,,
,,,,,,,,,1.4276422764227641e-07,22844,,,,,,,,,
92,,,,,,,,,,22844,0.03884834796190262,,,,,,,,
,,,,,,,,,1.4235772357723576e-07,22849,,,,,,,,,
92,,,,,,,,,,22849,0.05917058512568474,,,,,,,,
,,,,,,,,,1.419512195121951e-07,22854,,,,,,,,,
92,,,,,,,,,,22854,0.01664498820900917,,,,,,,,
,,,,,,,,,1.4154471544715445e-07,22859,,,,,,,,,
92,,,,,,,,,,22859,0.009638692252337933,,,,,,,,
,,,,,,,,,1.4113821138211382e-07,22864,,,,,,,,,
92,,,,,,,,,,22864,0.017364224418997765,,,,,,,,
,,,,,,,,,1.4073170731707314e-07,22869,,,,,,,,,
92,,,,,,,,,,22869,0.04277072474360466,,,,,,,,
,,,,,,,,,1.403252032520325e-07,22874,,,,,,,,,
92,,,,,,,,,,22874,0.028664415702223778,,,,,,,,
92,,,,,,,,,,22877,,0.7615384459495544,0.8324324488639832,0.06347165256738663,0.06347165256738663,0.38667914271354675,0.8105263113975525,0.855555534362793,0.3624069392681122
,,,,,,,,,1.3991869918699186e-07,22879,,,,,,,,,
93,,,,,,,,,,22879,0.01880636252462864,,,,,,,,
,,,,,,,,,1.3951219512195123e-07,22884,,,,,,,,,
93,,,,,,,,,,22884,0.01914273574948311,,,,,,,,
,,,,,,,,,1.3910569105691055e-07,22889,,,,,,,,,
93,,,,,,,,,,22889,0.03628125414252281,,,,,,,,
,,,,,,,,,1.3869918699186992e-07,22894,,,,,,,,,
93,,,,,,,,,,22894,0.03784843906760216,,,,,,,,
,,,,,,,,,1.3829268292682927e-07,22899,,,,,,,,,
93,,,,,,,,,,22899,0.040049683302640915,,,,,,,,
,,,,,,,,,1.378861788617886e-07,22904,,,,,,,,,
93,,,,,,,,,,22904,0.029665103182196617,,,,,,,,
,,,,,,,,,1.3747967479674796e-07,22909,,,,,,,,,
93,,,,,,,,,,22909,0.036233559250831604,,,,,,,,
,,,,,,,,,1.3707317073170733e-07,22914,,,,,,,,,
93,,,,,,,,,,22914,0.028914522379636765,,,,,,,,
,,,,,,,,,1.3666666666666665e-07,22919,,,,,,,,,
93,,,,,,,,,,22919,0.015126063488423824,,,,,,,,
,,,,,,,,,1.3626016260162602e-07,22924,,,,,,,,,
93,,,,,,,,,,22924,0.021661441773176193,,,,,,,,
,,,,,,,,,1.3585365853658536e-07,22929,,,,,,,,,
93,,,,,,,,,,22929,0.01849556714296341,,,,,,,,
,,,,,,,,,1.354471544715447e-07,22934,,,,,,,,,
93,,,,,,,,,,22934,0.026594236493110657,,,,,,,,
,,,,,,,,,1.3504065040650405e-07,22939,,,,,,,,,
93,,,,,,,,,,22939,0.005709409713745117,,,,,,,,
,,,,,,,,,1.3463414634146343e-07,22944,,,,,,,,,
93,,,,,,,,,,22944,0.018961038440465927,,,,,,,,
,,,,,,,,,1.3422764227642274e-07,22949,,,,,,,,,
93,,,,,,,,,,22949,0.013900317251682281,,,,,,,,
,,,,,,,,,1.3382113821138212e-07,22954,,,,,,,,,
93,,,,,,,,,,22954,0.017774419859051704,,,,,,,,
,,,,,,,,,1.3341463414634146e-07,22959,,,,,,,,,
93,,,,,,,,,,22959,0.043948620557785034,,,,,,,,
,,,,,,,,,1.330081300813008e-07,22964,,,,,,,,,
93,,,,,,,,,,22964,0.030881913378834724,,,,,,,,
,,,,,,,,,1.3260162601626015e-07,22969,,,,,,,,,
93,,,,,,,,,,22969,0.008664178662002087,,,,,,,,
,,,,,,,,,1.3219512195121952e-07,22974,,,,,,,,,
93,,,,,,,,,,22974,0.015883401036262512,,,,,,,,
,,,,,,,,,1.3178861788617884e-07,22979,,,,,,,,,
93,,,,,,,,,,22979,0.04123466834425926,,,,,,,,
,,,,,,,,,1.3138211382113821e-07,22984,,,,,,,,,
93,,,,,,,,,,22984,0.03290694206953049,,,,,,,,
,,,,,,,,,1.3097560975609756e-07,22989,,,,,,,,,
93,,,,,,,,,,22989,0.01087583601474762,,,,,,,,
,,,,,,,,,1.3056910569105688e-07,22994,,,,,,,,,
93,,,,,,,,,,22994,0.01748843863606453,,,,,,,,
,,,,,,,,,1.3016260162601625e-07,22999,,,,,,,,,
93,,,,,,,,,,22999,0.01908305659890175,,,,,,,,
,,,,,,,,,1.297560975609756e-07,23004,,,,,,,,,
93,,,,,,,,,,23004,0.012847622856497765,,,,,,,,
,,,,,,,,,1.2934959349593497e-07,23009,,,,,,,,,
93,,,,,,,,,,23009,0.00961600337177515,,,,,,,,
,,,,,,,,,1.2894308943089429e-07,23014,,,,,,,,,
93,,,,,,,,,,23014,0.048085033893585205,,,,,,,,
,,,,,,,,,1.2853658536585366e-07,23019,,,,,,,,,
93,,,,,,,,,,23019,0.030804375186562538,,,,,,,,
,,,,,,,,,1.28130081300813e-07,23024,,,,,,,,,
93,,,,,,,,,,23024,0.021672800183296204,,,,,,,,
,,,,,,,,,1.2772357723577235e-07,23029,,,,,,,,,
93,,,,,,,,,,23029,0.009493911638855934,,,,,,,,
,,,,,,,,,1.273170731707317e-07,23034,,,,,,,,,
93,,,,,,,,,,23034,0.0330854132771492,,,,,,,,
,,,,,,,,,1.2691056910569107e-07,23039,,,,,,,,,
93,,,,,,,,,,23039,0.03767872229218483,,,,,,,,
,,,,,,,,,1.2650406504065038e-07,23044,,,,,,,,,
93,,,,,,,,,,23044,0.016811668872833252,,,,,,,,
,,,,,,,,,1.2609756097560976e-07,23049,,,,,,,,,
93,,,,,,,,,,23049,0.054818034172058105,,,,,,,,
,,,,,,,,,1.256910569105691e-07,23054,,,,,,,,,
93,,,,,,,,,,23054,0.018839821219444275,,,,,,,,
,,,,,,,,,1.2528455284552845e-07,23059,,,,,,,,,
93,,,,,,,,,,23059,0.03338434174656868,,,,,,,,
,,,,,,,,,1.248780487804878e-07,23064,,,,,,,,,
93,,,,,,,,,,23064,0.0156776774674654,,,,,,,,
,,,,,,,,,1.2447154471544714e-07,23069,,,,,,,,,
93,,,,,,,,,,23069,0.01965922676026821,,,,,,,,
,,,,,,,,,1.240650406504065e-07,23074,,,,,,,,,
93,,,,,,,,,,23074,0.02667493373155594,,,,,,,,
,,,,,,,,,1.2365853658536586e-07,23079,,,,,,,,,
93,,,,,,,,,,23079,0.027485497295856476,,,,,,,,
,,,,,,,,,1.232520325203252e-07,23084,,,,,,,,,
93,,,,,,,,,,23084,0.01396001037210226,,,,,,,,
,,,,,,,,,1.2284552845528455e-07,23089,,,,,,,,,
93,,,,,,,,,,23089,0.04028608649969101,,,,,,,,
,,,,,,,,,1.224390243902439e-07,23094,,,,,,,,,
93,,,,,,,,,,23094,0.007705240044742823,,,,,,,,
,,,,,,,,,1.2203252032520326e-07,23099,,,,,,,,,
93,,,,,,,,,,23099,0.007755543105304241,,,,,,,,
,,,,,,,,,1.216260162601626e-07,23104,,,,,,,,,
93,,,,,,,,,,23104,0.04032997041940689,,,,,,,,
,,,,,,,,,1.2121951219512195e-07,23109,,,,,,,,,
93,,,,,,,,,,23109,0.01609254628419876,,,,,,,,
,,,,,,,,,1.208130081300813e-07,23114,,,,,,,,,
93,,,,,,,,,,23114,0.03499839827418327,,,,,,,,
,,,,,,,,,1.2040650406504064e-07,23119,,,,,,,,,
93,,,,,,,,,,23119,0.00922135729342699,,,,,,,,
93,,,,,,,,,,23123,,0.7615384459495544,0.8324324488639832,0.06392741203308105,0.06392741203308105,0.38615739345550537,0.8105263113975525,0.855555534362793,0.3593643307685852
,,,,,,,,,1.2e-07,23124,,,,,,,,,
94,,,,,,,,,,23124,0.017106037586927414,,,,,,,,
,,,,,,,,,1.1959349593495936e-07,23129,,,,,,,,,
94,,,,,,,,,,23129,0.0760708749294281,,,,,,,,
,,,,,,,,,1.1918699186991869e-07,23134,,,,,,,,,
94,,,,,,,,,,23134,0.024188781157135963,,,,,,,,
,,,,,,,,,1.1878048780487804e-07,23139,,,,,,,,,
94,,,,,,,,,,23139,0.0395997017621994,,,,,,,,
,,,,,,,,,1.183739837398374e-07,23144,,,,,,,,,
94,,,,,,,,,,23144,0.04259777069091797,,,,,,,,
,,,,,,,,,1.1796747967479674e-07,23149,,,,,,,,,
94,,,,,,,,,,23149,0.03510783240199089,,,,,,,,
,,,,,,,,,1.1756097560975609e-07,23154,,,,,,,,,
94,,,,,,,,,,23154,0.03173410892486572,,,,,,,,
,,,,,,,,,1.1715447154471545e-07,23159,,,,,,,,,
94,,,,,,,,,,23159,0.02550814487040043,,,,,,,,
,,,,,,,,,1.1674796747967479e-07,23164,,,,,,,,,
94,,,,,,,,,,23164,0.01595616340637207,,,,,,,,
,,,,,,,,,1.1634146341463415e-07,23169,,,,,,,,,
94,,,,,,,,,,23169,0.01539875753223896,,,,,,,,
,,,,,,,,,1.159349593495935e-07,23174,,,,,,,,,
94,,,,,,,,,,23174,0.036983512341976166,,,,,,,,
,,,,,,,,,1.1552845528455284e-07,23179,,,,,,,,,
94,,,,,,,,,,23179,0.019957823678851128,,,,,,,,
,,,,,,,,,1.151219512195122e-07,23184,,,,,,,,,
94,,,,,,,,,,23184,0.0260796956717968,,,,,,,,
,,,,,,,,,1.1471544715447154e-07,23189,,,,,,,,,
94,,,,,,,,,,23189,0.009114132262766361,,,,,,,,
,,,,,,,,,1.1430894308943089e-07,23194,,,,,,,,,
94,,,,,,,,,,23194,0.02977457270026207,,,,,,,,
,,,,,,,,,1.1390243902439025e-07,23199,,,,,,,,,
94,,,,,,,,,,23199,0.012677332386374474,,,,,,,,
,,,,,,,,,1.134959349593496e-07,23204,,,,,,,,,
94,,,,,,,,,,23204,0.03695879876613617,,,,,,,,
,,,,,,,,,1.1308943089430893e-07,23209,,,,,,,,,
94,,,,,,,,,,23209,0.04382210969924927,,,,,,,,
,,,,,,,,,1.1268292682926828e-07,23214,,,,,,,,,
94,,,,,,,,,,23214,0.005612967535853386,,,,,,,,
,,,,,,,,,1.1227642276422763e-07,23219,,,,,,,,,
94,,,,,,,,,,23219,0.027360964566469193,,,,,,,,
,,,,,,,,,1.1186991869918699e-07,23224,,,,,,,,,
94,,,,,,,,,,23224,0.03574145957827568,,,,,,,,
,,,,,,,,,1.1146341463414633e-07,23229,,,,,,,,,
94,,,,,,,,,,23229,0.007795436307787895,,,,,,,,
,,,,,,,,,1.1105691056910568e-07,23234,,,,,,,,,
94,,,,,,,,,,23234,0.026479560881853104,,,,,,,,
,,,,,,,,,1.1065040650406504e-07,23239,,,,,,,,,
94,,,,,,,,,,23239,0.01635575108230114,,,,,,,,
,,,,,,,,,1.1024390243902438e-07,23244,,,,,,,,,
94,,,,,,,,,,23244,0.005292074754834175,,,,,,,,
,,,,,,,,,1.0983739837398373e-07,23249,,,,,,,,,
94,,,,,,,,,,23249,0.021266106516122818,,,,,,,,
,,,,,,,,,1.0943089430894309e-07,23254,,,,,,,,,
94,,,,,,,,,,23254,0.02215457893908024,,,,,,,,
,,,,,,,,,1.0902439024390243e-07,23259,,,,,,,,,
94,,,,,,,,,,23259,0.006667830515652895,,,,,,,,
,,,,,,,,,1.0861788617886178e-07,23264,,,,,,,,,
94,,,,,,,,,,23264,0.01199306920170784,,,,,,,,
,,,,,,,,,1.0821138211382114e-07,23269,,,,,,,,,
94,,,,,,,,,,23269,0.006289369892328978,,,,,,,,
,,,,,,,,,1.0780487804878048e-07,23274,,,,,,,,,
94,,,,,,,,,,23274,0.022086558863520622,,,,,,,,
,,,,,,,,,1.0739837398373983e-07,23279,,,,,,,,,
94,,,,,,,,,,23279,0.01614091731607914,,,,,,,,
,,,,,,,,,1.0699186991869918e-07,23284,,,,,,,,,
94,,,,,,,,,,23284,0.009403308853507042,,,,,,,,
,,,,,,,,,1.0658536585365853e-07,23289,,,,,,,,,
94,,,,,,,,,,23289,0.02095254510641098,,,,,,,,
,,,,,,,,,1.0617886178861789e-07,23294,,,,,,,,,
94,,,,,,,,,,23294,0.011943933553993702,,,,,,,,
,,,,,,,,,1.0577235772357723e-07,23299,,,,,,,,,
94,,,,,,,,,,23299,0.0268841702491045,,,,,,,,
,,,,,,,,,1.0536585365853658e-07,23304,,,,,,,,,
94,,,,,,,,,,23304,0.008288231678307056,,,,,,,,
,,,,,,,,,1.0495934959349594e-07,23309,,,,,,,,,
94,,,,,,,,,,23309,0.03243641182780266,,,,,,,,
,,,,,,,,,1.0455284552845528e-07,23314,,,,,,,,,
94,,,,,,,,,,23314,0.020817292854189873,,,,,,,,
,,,,,,,,,1.0414634146341463e-07,23319,,,,,,,,,
94,,,,,,,,,,23319,0.008517198264598846,,,,,,,,
,,,,,,,,,1.0373983739837399e-07,23324,,,,,,,,,
94,,,,,,,,,,23324,0.01910538412630558,,,,,,,,
,,,,,,,,,1.0333333333333333e-07,23329,,,,,,,,,
94,,,,,,,,,,23329,0.017455339431762695,,,,,,,,
,,,,,,,,,1.0292682926829268e-07,23334,,,,,,,,,
94,,,,,,,,,,23334,0.031064050272107124,,,,,,,,
,,,,,,,,,1.0252032520325204e-07,23339,,,,,,,,,
94,,,,,,,,,,23339,0.010143657214939594,,,,,,,,
,,,,,,,,,1.0211382113821138e-07,23344,,,,,,,,,
94,,,,,,,,,,23344,0.02227618359029293,,,,,,,,
,,,,,,,,,1.0170731707317073e-07,23349,,,,,,,,,
94,,,,,,,,,,23349,0.017067769542336464,,,,,,,,
,,,,,,,,,1.0130081300813009e-07,23354,,,,,,,,,
94,,,,,,,,,,23354,0.01731967367231846,,,,,,,,
,,,,,,,,,1.0089430894308942e-07,23359,,,,,,,,,
94,,,,,,,,,,23359,0.006964626256376505,,,,,,,,
,,,,,,,,,1.0048780487804878e-07,23364,,,,,,,,,
94,,,,,,,,,,23364,0.05494831129908562,,,,,,,,
,,,,,,,,,1.0008130081300812e-07,23369,,,,,,,,,
94,,,,,,,,,,23369,0.001692736055701971,,,,,,,,
94,,,,,,,,,,23369,,0.7538461685180664,0.8260869383811951,0.06349923461675644,0.06349923461675644,0.38340839743614197,0.8085106611251831,0.8444444537162781,0.3584723472595215
,,,,,,,,,9.967479674796747e-08,23374,,,,,,,,,
95,,,,,,,,,,23374,0.05027495324611664,,,,,,,,
,,,,,,,,,9.926829268292682e-08,23379,,,,,,,,,
95,,,,,,,,,,23379,0.026793314144015312,,,,,,,,
,,,,,,,,,9.886178861788617e-08,23384,,,,,,,,,
95,,,,,,,,,,23384,0.030174802988767624,,,,,,,,
,,,,,,,,,9.845528455284552e-08,23389,,,,,,,,,
95,,,,,,,,,,23389,0.02049722708761692,,,,,,,,
,,,,,,,,,9.804878048780487e-08,23394,,,,,,,,,
95,,,,,,,,,,23394,0.02300196699798107,,,,,,,,
,,,,,,,,,9.764227642276422e-08,23399,,,,,,,,,
95,,,,,,,,,,23399,0.015951551496982574,,,,,,,,
,,,,,,,,,9.723577235772356e-08,23404,,,,,,,,,
95,,,,,,,,,,23404,0.00711278710514307,,,,,,,,
,,,,,,,,,9.682926829268292e-08,23409,,,,,,,,,
95,,,,,,,,,,23409,0.03702262416481972,,,,,,,,
,,,,,,,,,9.642276422764227e-08,23414,,,,,,,,,
95,,,,,,,,,,23414,0.012056833133101463,,,,,,,,
,,,,,,,,,9.601626016260163e-08,23419,,,,,,,,,
95,,,,,,,,,,23419,0.008177803829312325,,,,,,,,
,,,,,,,,,9.560975609756097e-08,23424,,,,,,,,,
95,,,,,,,,,,23424,0.02197512984275818,,,,,,,,
,,,,,,,,,9.520325203252032e-08,23429,,,,,,,,,
95,,,,,,,,,,23429,0.026784908026456833,,,,,,,,
,,,,,,,,,9.479674796747968e-08,23434,,,,,,,,,
95,,,,,,,,,,23434,0.01456650160253048,,,,,,,,
,,,,,,,,,9.439024390243902e-08,23439,,,,,,,,,
95,,,,,,,,,,23439,0.01993080973625183,,,,,,,,
,,,,,,,,,9.398373983739837e-08,23444,,,,,,,,,
95,,,,,,,,,,23444,0.04451187327504158,,,,,,,,
,,,,,,,,,9.357723577235773e-08,23449,,,,,,,,,
95,,,,,,,,,,23449,0.014856686815619469,,,,,,,,
,,,,,,,,,9.317073170731707e-08,23454,,,,,,,,,
95,,,,,,,,,,23454,0.03773573040962219,,,,,,,,
,,,,,,,,,9.276422764227642e-08,23459,,,,,,,,,
95,,,,,,,,,,23459,0.015577098354697227,,,,,,,,
,,,,,,,,,9.235772357723577e-08,23464,,,,,,,,,
95,,,,,,,,,,23464,0.021615276113152504,,,,,,,,
,,,,,,,,,9.195121951219512e-08,23469,,,,,,,,,
95,,,,,,,,,,23469,0.032406747341156006,,,,,,,,
,,,,,,,,,9.154471544715447e-08,23474,,,,,,,,,
95,,,,,,,,,,23474,0.04281316325068474,,,,,,,,
,,,,,,,,,9.113821138211382e-08,23479,,,,,,,,,
95,,,,,,,,,,23479,0.009799005463719368,,,,,,,,
,,,,,,,,,9.073170731707317e-08,23484,,,,,,,,,
95,,,,,,,,,,23484,0.01652630604803562,,,,,,,,
,,,,,,,,,9.032520325203253e-08,23489,,,,,,,,,
95,,,,,,,,,,23489,0.04083918780088425,,,,,,,,
,,,,,,,,,8.991869918699187e-08,23494,,,,,,,,,
95,,,,,,,,,,23494,0.044581420719623566,,,,,,,,
,,,,,,,,,8.951219512195122e-08,23499,,,,,,,,,
95,,,,,,,,,,23499,0.035679761320352554,,,,,,,,
,,,,,,,,,8.910569105691058e-08,23504,,,,,,,,,
95,,,,,,,,,,23504,0.017551612108945847,,,,,,,,
,,,,,,,,,8.869918699186991e-08,23509,,,,,,,,,
95,,,,,,,,,,23509,0.011439839377999306,,,,,,,,
,,,,,,,,,8.829268292682925e-08,23514,,,,,,,,,
95,,,,,,,,,,23514,0.01070653460919857,,,,,,,,
,,,,,,,,,8.788617886178861e-08,23519,,,,,,,,,
95,,,,,,,,,,23519,0.05955257639288902,,,,,,,,
,,,,,,,,,8.747967479674796e-08,23524,,,,,,,,,
95,,,,,,,,,,23524,0.028679972514510155,,,,,,,,
,,,,,,,,,8.70731707317073e-08,23529,,,,,,,,,
95,,,,,,,,,,23529,0.015736062079668045,,,,,,,,
,,,,,,,,,8.666666666666666e-08,23534,,,,,,,,,
95,,,,,,,,,,23534,0.004948824644088745,,,,,,,,
,,,,,,,,,8.626016260162601e-08,23539,,,,,,,,,
95,,,,,,,,,,23539,0.03360644355416298,,,,,,,,
,,,,,,,,,8.585365853658537e-08,23544,,,,,,,,,
95,,,,,,,,,,23544,0.011453165672719479,,,,,,,,
,,,,,,,,,8.544715447154471e-08,23549,,,,,,,,,
95,,,,,,,,,,23549,0.014902313239872456,,,,,,,,
,,,,,,,,,8.504065040650406e-08,23554,,,,,,,,,
95,,,,,,,,,,23554,0.009655317291617393,,,,,,,,
,,,,,,,,,8.463414634146341e-08,23559,,,,,,,,,
95,,,,,,,,,,23559,0.012508999556303024,,,,,,,,
,,,,,,,,,8.422764227642276e-08,23564,,,,,,,,,
95,,,,,,,,,,23564,0.02340897172689438,,,,,,,,
,,,,,,,,,8.38211382113821e-08,23569,,,,,,,,,
95,,,,,,,,,,23569,0.0240987129509449,,,,,,,,
,,,,,,,,,8.341463414634146e-08,23574,,,,,,,,,
95,,,,,,,,,,23574,0.02445678599178791,,,,,,,,
,,,,,,,,,8.300813008130081e-08,23579,,,,,,,,,
95,,,,,,,,,,23579,0.03693266585469246,,,,,,,,
,,,,,,,,,8.260162601626015e-08,23584,,,,,,,,,
95,,,,,,,,,,23584,0.012180890887975693,,,,,,,,
,,,,,,,,,8.219512195121951e-08,23589,,,,,,,,,
95,,,,,,,,,,23589,0.01896454580128193,,,,,,,,
,,,,,,,,,8.178861788617886e-08,23594,,,,,,,,,
95,,,,,,,,,,23594,0.038760676980018616,,,,,,,,
,,,,,,,,,8.13821138211382e-08,23599,,,,,,,,,
95,,,,,,,,,,23599,0.013435116969048977,,,,,,,,
,,,,,,,,,8.097560975609756e-08,23604,,,,,,,,,
95,,,,,,,,,,23604,0.016836848109960556,,,,,,,,
,,,,,,,,,8.056910569105691e-08,23609,,,,,,,,,
95,,,,,,,,,,23609,0.006503064651042223,,,,,,,,
,,,,,,,,,8.016260162601627e-08,23614,,,,,,,,,
95,,,,,,,,,,23614,0.06377387046813965,,,,,,,,
95,,,,,,,,,,23615,,0.7615384459495544,0.8306010961532593,0.06368610262870789,0.06368610262870789,0.3755025863647461,0.8172042965888977,0.8444444537162781,0.3514103293418884
,,,,,,,,,7.975609756097561e-08,23619,,,,,,,,,
96,,,,,,,,,,23619,0.008923842571675777,,,,,,,,
,,,,,,,,,7.934959349593496e-08,23624,,,,,,,,,
96,,,,,,,,,,23624,0.04236331209540367,,,,,,,,
,,,,,,,,,7.894308943089432e-08,23629,,,,,,,,,
96,,,,,,,,,,23629,0.006607216317206621,,,,,,,,
,,,,,,,,,7.853658536585366e-08,23634,,,,,,,,,
96,,,,,,,,,,23634,0.011430454440414906,,,,,,,,
,,,,,,,,,7.8130081300813e-08,23639,,,,,,,,,
96,,,,,,,,,,23639,0.014546981081366539,,,,,,,,
,,,,,,,,,7.772357723577236e-08,23644,,,,,,,,,
96,,,,,,,,,,23644,0.007709138561040163,,,,,,,,
,,,,,,,,,7.73170731707317e-08,23649,,,,,,,,,
96,,,,,,,,,,23649,0.006627499591559172,,,,,,,,
,,,,,,,,,7.691056910569104e-08,23654,,,,,,,,,
96,,,,,,,,,,23654,0.02460828796029091,,,,,,,,
,,,,,,,,,7.65040650406504e-08,23659,,,,,,,,,
96,,,,,,,,,,23659,0.009272894822061062,,,,,,,,
,,,,,,,,,7.609756097560975e-08,23664,,,,,,,,,
96,,,,,,,,,,23664,0.02780972234904766,,,,,,,,
,,,,,,,,,7.569105691056909e-08,23669,,,,,,,,,
96,,,,,,,,,,23669,0.009124504402279854,,,,,,,,
,,,,,,,,,7.528455284552845e-08,23674,,,,,,,,,
96,,,,,,,,,,23674,0.024045409634709358,,,,,,,,
,,,,,,,,,7.48780487804878e-08,23679,,,,,,,,,
96,,,,,,,,,,23679,0.018774928525090218,,,,,,,,
,,,,,,,,,7.447154471544715e-08,23684,,,,,,,,,
96,,,,,,,,,,23684,0.0503997802734375,,,,,,,,
,,,,,,,,,7.40650406504065e-08,23689,,,,,,,,,
96,,,,,,,,,,23689,0.0022569498978555202,,,,,,,,
,,,,,,,,,7.365853658536584e-08,23694,,,,,,,,,
96,,,,,,,,,,23694,0.023080766201019287,,,,,,,,
,,,,,,,,,7.32520325203252e-08,23699,,,,,,,,,
96,,,,,,,,,,23699,0.014195148833096027,,,,,,,,
,,,,,,,,,7.284552845528455e-08,23704,,,,,,,,,
96,,,,,,,,,,23704,0.030604543164372444,,,,,,,,
,,,,,,,,,7.243902439024389e-08,23709,,,,,,,,,
96,,,,,,,,,,23709,0.004372054245322943,,,,,,,,
,,,,,,,,,7.203252032520325e-08,23714,,,,,,,,,
96,,,,,,,,,,23714,0.0423458032310009,,,,,,,,
,,,,,,,,,7.16260162601626e-08,23719,,,,,,,,,
96,,,,,,,,,,23719,0.018459204584360123,,,,,,,,
,,,,,,,,,7.121951219512194e-08,23724,,,,,,,,,
96,,,,,,,,,,23724,0.03022007830440998,,,,,,,,
,,,,,,,,,7.08130081300813e-08,23729,,,,,,,,,
96,,,,,,,,,,23729,0.007598535157740116,,,,,,,,
,,,,,,,,,7.040650406504065e-08,23734,,,,,,,,,
96,,,,,,,,,,23734,0.035011399537324905,,,,,,,,
,,,,,,,,,7e-08,23739,,,,,,,,,
96,,,,,,,,,,23739,0.012665252201259136,,,,,,,,
,,,,,,,,,6.959349593495935e-08,23744,,,,,,,,,
96,,,,,,,,,,23744,0.016221843659877777,,,,,,,,
,,,,,,,,,6.91869918699187e-08,23749,,,,,,,,,
96,,,,,,,,,,23749,0.020089423283934593,,,,,,,,
,,,,,,,,,6.878048780487805e-08,23754,,,,,,,,,
96,,,,,,,,,,23754,0.035147812217473984,,,,,,,,
,,,,,,,,,6.83739837398374e-08,23759,,,,,,,,,
96,,,,,,,,,,23759,0.03782622888684273,,,,,,,,
,,,,,,,,,6.796747967479674e-08,23764,,,,,,,,,
96,,,,,,,,,,23764,0.008933554403483868,,,,,,,,
,,,,,,,,,6.75609756097561e-08,23769,,,,,,,,,
96,,,,,,,,,,23769,0.00785728171467781,,,,,,,,
,,,,,,,,,6.715447154471545e-08,23774,,,,,,,,,
96,,,,,,,,,,23774,0.05195904150605202,,,,,,,,
,,,,,,,,,6.67479674796748e-08,23779,,,,,,,,,
96,,,,,,,,,,23779,0.05629030615091324,,,,,,,,
,,,,,,,,,6.634146341463415e-08,23784,,,,,,,,,
96,,,,,,,,,,23784,0.006818334572017193,,,,,,,,
,,,,,,,,,6.59349593495935e-08,23789,,,,,,,,,
96,,,,,,,,,,23789,0.022515133023262024,,,,,,,,
,,,,,,,,,6.552845528455283e-08,23794,,,,,,,,,
96,,,,,,,,,,23794,0.007308322004973888,,,,,,,,
,,,,,,,,,6.512195121951219e-08,23799,,,,,,,,,
96,,,,,,,,,,23799,0.008304032497107983,,,,,,,,
,,,,,,,,,6.471544715447153e-08,23804,,,,,,,,,
96,,,,,,,,,,23804,0.06091617792844772,,,,,,,,
,,,,,,,,,6.430894308943089e-08,23809,,,,,,,,,
96,,,,,,,,,,23809,0.024718647822737694,,,,,,,,
,,,,,,,,,6.390243902439024e-08,23814,,,,,,,,,
96,,,,,,,,,,23814,0.01819830946624279,,,,,,,,
,,,,,,,,,6.349593495934958e-08,23819,,,,,,,,,
96,,,,,,,,,,23819,0.014596776105463505,,,,,,,,
,,,,,,,,,6.308943089430894e-08,23824,,,,,,,,,
96,,,,,,,,,,23824,0.03281379118561745,,,,,,,,
,,,,,,,,,6.268292682926829e-08,23829,,,,,,,,,
96,,,,,,,,,,23829,0.016478892415761948,,,,,,,,
,,,,,,,,,6.227642276422765e-08,23834,,,,,,,,,
96,,,,,,,,,,23834,0.02215016819536686,,,,,,,,
,,,,,,,,,6.186991869918699e-08,23839,,,,,,,,,
96,,,,,,,,,,23839,0.015233376063406467,,,,,,,,
,,,,,,,,,6.146341463414634e-08,23844,,,,,,,,,
96,,,,,,,,,,23844,0.027456164360046387,,,,,,,,
,,,,,,,,,6.10569105691057e-08,23849,,,,,,,,,
96,,,,,,,,,,23849,0.010393627919256687,,,,,,,,
,,,,,,,,,6.065040650406504e-08,23854,,,,,,,,,
96,,,,,,,,,,23854,0.028017861768603325,,,,,,,,
,,,,,,,,,6.024390243902438e-08,23859,,,,,,,,,
96,,,,,,,,,,23859,0.012801983393728733,,,,,,,,
96,,,,,,,,,,23861,,0.7692307829856873,0.8387096524238586,0.06396113336086273,0.06396113336086273,0.3842771649360657,0.8125,0.8666666746139526,0.359123557806015
,,,,,,,,,5.983739837398374e-08,23864,,,,,,,,,
97,,,,,,,,,,23864,0.023694196715950966,,,,,,,,
,,,,,,,,,5.943089430894309e-08,23869,,,,,,,,,
97,,,,,,,,,,23869,0.03650199994444847,,,,,,,,
,,,,,,,,,5.9024390243902434e-08,23874,,,,,,,,,
97,,,,,,,,,,23874,0.024754347279667854,,,,,,,,
,,,,,,,,,5.8617886178861786e-08,23879,,,,,,,,,
97,,,,,,,,,,23879,0.0243841540068388,,,,,,,,
,,,,,,,,,5.821138211382114e-08,23884,,,,,,,,,
97,,,,,,,,,,23884,0.009719287045300007,,,,,,,,
,,,,,,,,,5.780487804878049e-08,23889,,,,,,,,,
97,,,,,,,,,,23889,0.011991554871201515,,,,,,,,
,,,,,,,,,5.7398373983739835e-08,23894,,,,,,,,,
97,,,,,,,,,,23894,0.005351179279386997,,,,,,,,
,,,,,,,,,5.699186991869919e-08,23899,,,,,,,,,
97,,,,,,,,,,23899,0.008885294198989868,,,,,,,,
,,,,,,,,,5.658536585365854e-08,23904,,,,,,,,,
97,,,,,,,,,,23904,0.018305471166968346,,,,,,,,
,,,,,,,,,5.617886178861788e-08,23909,,,,,,,,,
97,,,,,,,,,,23909,0.0077129751443862915,,,,,,,,
,,,,,,,,,5.577235772357723e-08,23914,,,,,,,,,
97,,,,,,,,,,23914,0.005888951011002064,,,,,,,,
,,,,,,,,,5.536585365853658e-08,23919,,,,,,,,,
97,,,,,,,,,,23919,0.015017022378742695,,,,,,,,
,,,,,,,,,5.4959349593495933e-08,23924,,,,,,,,,
97,,,,,,,,,,23924,0.021791333332657814,,,,,,,,
,,,,,,,,,5.455284552845528e-08,23929,,,,,,,,,
97,,,,,,,,,,23929,0.010976613499224186,,,,,,,,
,,,,,,,,,5.414634146341463e-08,23934,,,,,,,,,
97,,,,,,,,,,23934,0.012962042354047298,,,,,,,,
,,,,,,,,,5.373983739837398e-08,23939,,,,,,,,,
97,,,,,,,,,,23939,0.04103323072195053,,,,,,,,
,,,,,,,,,5.3333333333333334e-08,23944,,,,,,,,,
97,,,,,,,,,,23944,0.01377018541097641,,,,,,,,
,,,,,,,,,5.292682926829268e-08,23949,,,,,,,,,
97,,,,,,,,,,23949,0.030371814966201782,,,,,,,,
,,,,,,,,,5.252032520325203e-08,23954,,,,,,,,,
97,,,,,,,,,,23954,0.026150941848754883,,,,,,,,
,,,,,,,,,5.2113821138211384e-08,23959,,,,,,,,,
97,,,,,,,,,,23959,0.010807079263031483,,,,,,,,
,,,,,,,,,5.170731707317073e-08,23964,,,,,,,,,
97,,,,,,,,,,23964,0.01822686940431595,,,,,,,,
,,,,,,,,,5.130081300813008e-08,23969,,,,,,,,,
97,,,,,,,,,,23969,0.020237645134329796,,,,,,,,
,,,,,,,,,5.089430894308943e-08,23974,,,,,,,,,
97,,,,,,,,,,23974,0.007610618602484465,,,,,,,,
,,,,,,,,,5.0487804878048785e-08,23979,,,,,,,,,
97,,,,,,,,,,23979,0.0417417474091053,,,,,,,,
,,,,,,,,,5.0081300813008123e-08,23984,,,,,,,,,
97,,,,,,,,,,23984,0.02172507904469967,,,,,,,,
,,,,,,,,,4.9674796747967475e-08,23989,,,,,,,,,
97,,,,,,,,,,23989,0.010025102645158768,,,,,,,,
,,,,,,,,,4.926829268292683e-08,23994,,,,,,,,,
97,,,,,,,,,,23994,0.04898655042052269,,,,,,,,
,,,,,,,,,4.886178861788617e-08,23999,,,,,,,,,
97,,,,,,,,,,23999,0.0561600923538208,,,,,,,,
,,,,,,,,,4.8455284552845524e-08,24004,,,,,,,,,
97,,,,,,,,,,24004,0.02219408005475998,,,,,,,,
,,,,,,,,,4.8048780487804876e-08,24009,,,,,,,,,
97,,,,,,,,,,24009,0.011793535202741623,,,,,,,,
,,,,,,,,,4.764227642276423e-08,24014,,,,,,,,,
97,,,,,,,,,,24014,0.00853205006569624,,,,,,,,
,,,,,,,,,4.7235772357723574e-08,24019,,,,,,,,,
97,,,,,,,,,,24019,0.008698785677552223,,,,,,,,
,,,,,,,,,4.6829268292682926e-08,24024,,,,,,,,,
97,,,,,,,,,,24024,0.01395856961607933,,,,,,,,
,,,,,,,,,4.642276422764228e-08,24029,,,,,,,,,
97,,,,,,,,,,24029,0.029775112867355347,,,,,,,,
,,,,,,,,,4.601626016260162e-08,24034,,,,,,,,,
97,,,,,,,,,,24034,0.02514197863638401,,,,,,,,
,,,,,,,,,4.5609756097560975e-08,24039,,,,,,,,,
97,,,,,,,,,,24039,0.025467993691563606,,,,,,,,
,,,,,,,,,4.5203252032520327e-08,24044,,,,,,,,,
97,,,,,,,,,,24044,0.02139568142592907,,,,,,,,
,,,,,,,,,4.479674796747968e-08,24049,,,,,,,,,
97,,,,,,,,,,24049,0.01938924752175808,,,,,,,,
,,,,,,,,,4.439024390243902e-08,24054,,,,,,,,,
97,,,,,,,,,,24054,0.007775403559207916,,,,,,,,
,,,,,,,,,4.398373983739837e-08,24059,,,,,,,,,
97,,,,,,,,,,24059,0.0047432431019842625,,,,,,,,
,,,,,,,,,4.357723577235772e-08,24064,,,,,,,,,
97,,,,,,,,,,24064,0.0416976697742939,,,,,,,,
,,,,,,,,,4.3170731707317066e-08,24069,,,,,,,,,
97,,,,,,,,,,24069,0.023588111624121666,,,,,,,,
,,,,,,,,,4.276422764227642e-08,24074,,,,,,,,,
97,,,,,,,,,,24074,0.03720685839653015,,,,,,,,
,,,,,,,,,4.235772357723577e-08,24079,,,,,,,,,
97,,,,,,,,,,24079,0.006418239790946245,,,,,,,,
,,,,,,,,,4.195121951219512e-08,24084,,,,,,,,,
97,,,,,,,,,,24084,0.016322968527674675,,,,,,,,
,,,,,,,,,4.154471544715447e-08,24089,,,,,,,,,
97,,,,,,,,,,24089,0.02671949751675129,,,,,,,,
,,,,,,,,,4.113821138211382e-08,24094,,,,,,,,,
97,,,,,,,,,,24094,0.01613648422062397,,,,,,,,
,,,,,,,,,4.073170731707317e-08,24099,,,,,,,,,
97,,,,,,,,,,24099,0.02370697632431984,,,,,,,,
,,,,,,,,,4.032520325203252e-08,24104,,,,,,,,,
97,,,,,,,,,,24104,0.02672077901661396,,,,,,,,
97,,,,,,,,,,24107,,0.7692307829856873,0.8369565010070801,0.0636233538389206,0.0636233538389206,0.3789902627468109,0.8191489577293396,0.855555534362793,0.35133644938468933
,,,,,,,,,3.991869918699187e-08,24109,,,,,,,,,
98,,,,,,,,,,24109,0.0302322618663311,,,,,,,,
,,,,,,,,,3.951219512195122e-08,24114,,,,,,,,,
98,,,,,,,,,,24114,0.006139399949461222,,,,,,,,
,,,,,,,,,3.910569105691057e-08,24119,,,,,,,,,
98,,,,,,,,,,24119,0.005873051937669516,,,,,,,,
,,,,,,,,,3.869918699186991e-08,24124,,,,,,,,,
98,,,,,,,,,,24124,0.012527864426374435,,,,,,,,
,,,,,,,,,3.829268292682926e-08,24129,,,,,,,,,
98,,,,,,,,,,24129,0.05227268487215042,,,,,,,,
,,,,,,,,,3.7886178861788615e-08,24134,,,,,,,,,
98,,,,,,,,,,24134,0.009469443932175636,,,,,,,,
,,,,,,,,,3.747967479674797e-08,24139,,,,,,,,,
98,,,,,,,,,,24139,0.025945067405700684,,,,,,,,
,,,,,,,,,3.707317073170731e-08,24144,,,,,,,,,
98,,,,,,,,,,24144,0.011659350246191025,,,,,,,,
,,,,,,,,,3.6666666666666664e-08,24149,,,,,,,,,
98,,,,,,,,,,24149,0.022647298872470856,,,,,,,,
,,,,,,,,,3.6260162601626016e-08,24154,,,,,,,,,
98,,,,,,,,,,24154,0.010386796668171883,,,,,,,,
,,,,,,,,,3.585365853658536e-08,24159,,,,,,,,,
98,,,,,,,,,,24159,0.02057306095957756,,,,,,,,
,,,,,,,,,3.544715447154471e-08,24164,,,,,,,,,
98,,,,,,,,,,24164,0.013676537200808525,,,,,,,,
,,,,,,,,,3.5040650406504065e-08,24169,,,,,,,,,
98,,,,,,,,,,24169,0.028202129527926445,,,,,,,,
,,,,,,,,,3.463414634146342e-08,24174,,,,,,,,,
98,,,,,,,,,,24174,0.02462555468082428,,,,,,,,
,,,,,,,,,3.422764227642276e-08,24179,,,,,,,,,
98,,,,,,,,,,24179,0.017140664160251617,,,,,,,,
,,,,,,,,,3.3821138211382114e-08,24184,,,,,,,,,
98,,,,,,,,,,24184,0.025681333616375923,,,,,,,,
,,,,,,,,,3.3414634146341466e-08,24189,,,,,,,,,
98,,,,,,,,,,24189,0.031014161184430122,,,,,,,,
,,,,,,,,,3.300813008130081e-08,24194,,,,,,,,,
98,,,,,,,,,,24194,0.028386978432536125,,,,,,,,
,,,,,,,,,3.260162601626016e-08,24199,,,,,,,,,
98,,,,,,,,,,24199,0.029231956228613853,,,,,,,,
,,,,,,,,,3.219512195121951e-08,24204,,,,,,,,,
98,,,,,,,,,,24204,0.021391119807958603,,,,,,,,
,,,,,,,,,3.178861788617886e-08,24209,,,,,,,,,
98,,,,,,,,,,24209,0.013047280721366405,,,,,,,,
,,,,,,,,,3.1382113821138206e-08,24214,,,,,,,,,
98,,,,,,,,,,24214,0.028474699705839157,,,,,,,,
,,,,,,,,,3.097560975609756e-08,24219,,,,,,,,,
98,,,,,,,,,,24219,0.028164595365524292,,,,,,,,
,,,,,,,,,3.056910569105691e-08,24224,,,,,,,,,
98,,,,,,,,,,24224,0.020764920860528946,,,,,,,,
,,,,,,,,,3.016260162601626e-08,24229,,,,,,,,,
98,,,,,,,,,,24229,0.011996856890618801,,,,,,,,
,,,,,,,,,2.9756097560975607e-08,24234,,,,,,,,,
98,,,,,,,,,,24234,0.00939713791012764,,,,,,,,
,,,,,,,,,2.934959349593496e-08,24239,,,,,,,,,
98,,,,,,,,,,24239,0.015371231362223625,,,,,,,,
,,,,,,,,,2.8943089430894308e-08,24244,,,,,,,,,
98,,,,,,,,,,24244,0.016670262441039085,,,,,,,,
,,,,,,,,,2.853658536585366e-08,24249,,,,,,,,,
98,,,,,,,,,,24249,0.033077336847782135,,,,,,,,
,,,,,,,,,2.8130081300813005e-08,24254,,,,,,,,,
98,,,,,,,,,,24254,0.04351216182112694,,,,,,,,
,,,,,,,,,2.7723577235772357e-08,24259,,,,,,,,,
98,,,,,,,,,,24259,0.008566992357373238,,,,,,,,
,,,,,,,,,2.7317073170731705e-08,24264,,,,,,,,,
98,,,,,,,,,,24264,0.005823542829602957,,,,,,,,
,,,,,,,,,2.6910569105691054e-08,24269,,,,,,,,,
98,,,,,,,,,,24269,0.0205775685608387,,,,,,,,
,,,,,,,,,2.6504065040650406e-08,24274,,,,,,,,,
98,,,,,,,,,,24274,0.00832315068691969,,,,,,,,
,,,,,,,,,2.6097560975609755e-08,24279,,,,,,,,,
98,,,,,,,,,,24279,0.003921897150576115,,,,,,,,
,,,,,,,,,2.5691056910569107e-08,24284,,,,,,,,,
98,,,,,,,,,,24284,0.02353501506149769,,,,,,,,
,,,,,,,,,2.5284552845528452e-08,24289,,,,,,,,,
98,,,,,,,,,,24289,0.02454756386578083,,,,,,,,
,,,,,,,,,2.4878048780487804e-08,24294,,,,,,,,,
98,,,,,,,,,,24294,0.023178528994321823,,,,,,,,
,,,,,,,,,2.4471544715447152e-08,24299,,,,,,,,,
98,,,,,,,,,,24299,0.023959284648299217,,,,,,,,
,,,,,,,,,2.4065040650406504e-08,24304,,,,,,,,,
98,,,,,,,,,,24304,0.01320077758282423,,,,,,,,
,,,,,,,,,2.3658536585365853e-08,24309,,,,,,,,,
98,,,,,,,,,,24309,0.048386361449956894,,,,,,,,
,,,,,,,,,2.32520325203252e-08,24314,,,,,,,,,
98,,,,,,,,,,24314,0.020816076546907425,,,,,,,,
,,,,,,,,,2.2845528455284553e-08,24319,,,,,,,,,
98,,,,,,,,,,24319,0.02021917700767517,,,,,,,,
,,,,,,,,,2.2439024390243902e-08,24324,,,,,,,,,
98,,,,,,,,,,24324,0.01181783527135849,,,,,,,,
,,,,,,,,,2.203252032520325e-08,24329,,,,,,,,,
98,,,,,,,,,,24329,0.06367024779319763,,,,,,,,
,,,,,,,,,2.16260162601626e-08,24334,,,,,,,,,
98,,,,,,,,,,24334,0.051795490086078644,,,,,,,,
,,,,,,,,,2.121951219512195e-08,24339,,,,,,,,,
98,,,,,,,,,,24339,0.014347250573337078,,,,,,,,
,,,,,,,,,2.08130081300813e-08,24344,,,,,,,,,
98,,,,,,,,,,24344,0.01899104192852974,,,,,,,,
,,,,,,,,,2.040650406504065e-08,24349,,,,,,,,,
98,,,,,,,,,,24349,0.02426939643919468,,,,,,,,
98,,,,,,,,,,24353,,0.7692307829856873,0.8387096524238586,0.06390883028507233,0.06390883028507233,0.38536131381988525,0.8125,0.8666666746139526,0.35788682103157043
,,,,,,,,,2e-08,24354,,,,,,,,,
99,,,,,,,,,,24354,0.033396702259778976,,,,,,,,
,,,,,,,,,1.959349593495935e-08,24359,,,,,,,,,
99,,,,,,,,,,24359,0.0286643598228693,,,,,,,,
,,,,,,,,,1.9186991869918698e-08,24364,,,,,,,,,
99,,,,,,,,,,24364,0.02232515998184681,,,,,,,,
,,,,,,,,,1.8780487804878046e-08,24369,,,,,,,,,
99,,,,,,,,,,24369,0.012694860808551311,,,,,,,,
,,,,,,,,,1.8373983739837398e-08,24374,,,,,,,,,
99,,,,,,,,,,24374,0.05014048144221306,,,,,,,,
,,,,,,,,,1.7967479674796747e-08,24379,,,,,,,,,
99,,,,,,,,,,24379,0.01802016794681549,,,,,,,,
,,,,,,,,,1.75609756097561e-08,24384,,,,,,,,,
99,,,,,,,,,,24384,0.02957089990377426,,,,,,,,
,,,,,,,,,1.7154471544715447e-08,24389,,,,,,,,,
99,,,,,,,,,,24389,0.014237512834370136,,,,,,,,
,,,,,,,,,1.6747967479674796e-08,24394,,,,,,,,,
99,,,,,,,,,,24394,0.04156119003891945,,,,,,,,
,,,,,,,,,1.6341463414634145e-08,24399,,,,,,,,,
99,,,,,,,,,,24399,0.011899847537279129,,,,,,,,
,,,,,,,,,1.5934959349593493e-08,24404,,,,,,,,,
99,,,,,,,,,,24404,0.01327365729957819,,,,,,,,
,,,,,,,,,1.5528455284552845e-08,24409,,,,,,,,,
99,,,,,,,,,,24409,0.01098191924393177,,,,,,,,
,,,,,,,,,1.5121951219512194e-08,24414,,,,,,,,,
99,,,,,,,,,,24414,0.01728355884552002,,,,,,,,
,,,,,,,,,1.4715447154471544e-08,24419,,,,,,,,,
99,,,,,,,,,,24419,0.023593755438923836,,,,,,,,
,,,,,,,,,1.4308943089430894e-08,24424,,,,,,,,,
99,,,,,,,,,,24424,0.01565207540988922,,,,,,,,
,,,,,,,,,1.3902439024390243e-08,24429,,,,,,,,,
99,,,,,,,,,,24429,0.01055682823061943,,,,,,,,
,,,,,,,,,1.3495934959349593e-08,24434,,,,,,,,,
99,,,,,,,,,,24434,0.016597289592027664,,,,,,,,
,,,,,,,,,1.3089430894308943e-08,24439,,,,,,,,,
99,,,,,,,,,,24439,0.016193615272641182,,,,,,,,
,,,,,,,,,1.2682926829268294e-08,24444,,,,,,,,,
99,,,,,,,,,,24444,0.008307909592986107,,,,,,,,
,,,,,,,,,1.227642276422764e-08,24449,,,,,,,,,
99,,,,,,,,,,24449,0.01814287342131138,,,,,,,,
,,,,,,,,,1.1869918699186991e-08,24454,,,,,,,,,
99,,,,,,,,,,24454,0.025632167235016823,,,,,,,,
,,,,,,,,,1.1463414634146341e-08,24459,,,,,,,,,
99,,,,,,,,,,24459,0.015098648145794868,,,,,,,,
,,,,,,,,,1.105691056910569e-08,24464,,,,,,,,,
99,,,,,,,,,,24464,0.012448805384337902,,,,,,,,
,,,,,,,,,1.065040650406504e-08,24469,,,,,,,,,
99,,,,,,,,,,24469,0.02448970451951027,,,,,,,,
,,,,,,,,,1.024390243902439e-08,24474,,,,,,,,,
99,,,,,,,,,,24474,0.04353141784667969,,,,,,,,
,,,,,,,,,9.83739837398374e-09,24479,,,,,,,,,
99,,,,,,,,,,24479,0.019947415217757225,,,,,,,,
,,,,,,,,,9.43089430894309e-09,24484,,,,,,,,,
99,,,,,,,,,,24484,0.013163402676582336,,,,,,,,
,,,,,,,,,9.024390243902438e-09,24489,,,,,,,,,
99,,,,,,,,,,24489,0.010648021474480629,,,,,,,,
,,,,,,,,,8.617886178861788e-09,24494,,,,,,,,,
99,,,,,,,,,,24494,0.01851004920899868,,,,,,,,
,,,,,,,,,8.211382113821138e-09,24499,,,,,,,,,
99,,,,,,,,,,24499,0.019827870652079582,,,,,,,,
,,,,,,,,,7.804878048780487e-09,24504,,,,,,,,,
99,,,,,,,,,,24504,0.026645703241229057,,,,,,,,
,,,,,,,,,7.398373983739837e-09,24509,,,,,,,,,
99,,,,,,,,,,24509,0.014246447011828423,,,,,,,,
,,,,,,,,,6.991869918699187e-09,24514,,,,,,,,,
99,,,,,,,,,,24514,0.0040254839695990086,,,,,,,,
,,,,,,,,,6.585365853658536e-09,24519,,,,,,,,,
99,,,,,,,,,,24519,0.019420890137553215,,,,,,,,
,,,,,,,,,6.178861788617886e-09,24524,,,,,,,,,
99,,,,,,,,,,24524,0.014410275965929031,,,,,,,,
,,,,,,,,,5.772357723577236e-09,24529,,,,,,,,,
99,,,,,,,,,,24529,0.018778406083583832,,,,,,,,
,,,,,,,,,5.365853658536585e-09,24534,,,,,,,,,
99,,,,,,,,,,24534,0.01478094607591629,,,,,,,,
,,,,,,,,,4.959349593495935e-09,24539,,,,,,,,,
99,,,,,,,,,,24539,0.018151817843317986,,,,,,,,
,,,,,,,,,4.552845528455284e-09,24544,,,,,,,,,
99,,,,,,,,,,24544,0.018220622092485428,,,,,,,,
,,,,,,,,,4.1463414634146345e-09,24549,,,,,,,,,
99,,,,,,,,,,24549,0.011523383669555187,,,,,,,,
,,,,,,,,,3.739837398373984e-09,24554,,,,,,,,,
99,,,,,,,,,,24554,0.018386760726571083,,,,,,,,
,,,,,,,,,3.3333333333333334e-09,24559,,,,,,,,,
99,,,,,,,,,,24559,0.027771443128585815,,,,,,,,
,,,,,,,,,2.926829268292683e-09,24564,,,,,,,,,
99,,,,,,,,,,24564,0.0166644174605608,,,,,,,,
,,,,,,,,,2.5203252032520327e-09,24569,,,,,,,,,
99,,,,,,,,,,24569,0.03197682648897171,,,,,,,,
,,,,,,,,,2.113821138211382e-09,24574,,,,,,,,,
99,,,,,,,,,,24574,0.03696329891681671,,,,,,,,
,,,,,,,,,1.7073170731707316e-09,24579,,,,,,,,,
99,,,,,,,,,,24579,0.009729849174618721,,,,,,,,
,,,,,,,,,1.3008130081300812e-09,24584,,,,,,,,,
99,,,,,,,,,,24584,0.005517260171473026,,,,,,,,
,,,,,,,,,8.943089430894309e-10,24589,,,,,,,,,
99,,,,,,,,,,24589,0.07048027217388153,,,,,,,,
,,,,,,,,,4.878048780487804e-10,24594,,,,,,,,,
99,,,,,,,,,,24594,0.015637367963790894,,,,,,,,
,,,,,,,,,8.130081300813008e-11,24599,,,,,,,,,
99,,,,,,,,,,24599,0.007077694404870272,,,,,,,,
99,,,,,,,,,,24599,,0.7615384459495544,0.8324324488639832,0.06378857791423798,0.06378857791423798,0.38323572278022766,0.8105263113975525,0.855555534362793,0.3558264672756195
100,0.73384028673172,0.8148148059844971,0.06423527747392654,0.06423527747392654,0.38261815905570984,0.8148148059844971,0.8148148059844971,0.3580545485019684,,24600,,,,,,,,,
