epoch,eval_accuracy,eval_f1,eval_mse,eval_pearson,eval_precision,eval_recall,eval_spearman,lr-AdamW,step,train_loss,val_accuracy,val_f1,val_mse,val_pearson,val_precision,val_recall,val_spearman
,,,,,,,,1.0526315789473683e-09,4,,,,,,,,
0,,,,,,,,,4,0.08224181830883026,,,,,,,
,,,,,,,,2.368421052631579e-09,9,,,,,,,,
0,,,,,,,,,9,0.0913740023970604,,,,,,,
,,,,,,,,3.6842105263157894e-09,14,,,,,,,,
0,,,,,,,,,14,0.053329337388277054,,,,,,,
,,,,,,,,5e-09,19,,,,,,,,
0,,,,,,,,,19,0.09986675530672073,,,,,,,
,,,,,,,,6.31578947368421e-09,24,,,,,,,,
0,,,,,,,,,24,0.062151938676834106,,,,,,,
,,,,,,,,7.63157894736842e-09,29,,,,,,,,
0,,,,,,,,,29,0.17872679233551025,,,,,,,
,,,,,,,,8.94736842105263e-09,34,,,,,,,,
0,,,,,,,,,34,0.15281814336776733,,,,,,,
,,,,,,,,1.0263157894736841e-08,39,,,,,,,,
0,,,,,,,,,39,0.1047445610165596,,,,,,,
,,,,,,,,1.1578947368421052e-08,44,,,,,,,,
0,,,,,,,,,44,0.08793837577104568,,,,,,,
,,,,,,,,1.2894736842105263e-08,49,,,,,,,,
0,,,,,,,,,49,0.14141245186328888,,,,,,,
,,,,,,,,1.4210526315789474e-08,54,,,,,,,,
0,,,,,,,,,54,0.10787731409072876,,,,,,,
,,,,,,,,1.5526315789473684e-08,59,,,,,,,,
0,,,,,,,,,59,0.12581299245357513,,,,,,,
,,,,,,,,1.6842105263157893e-08,64,,,,,,,,
0,,,,,,,,,64,0.1440657079219818,,,,,,,
,,,,,,,,1.8157894736842106e-08,69,,,,,,,,
0,,,,,,,,,69,0.1414998322725296,,,,,,,
,,,,,,,,1.9473684210526315e-08,74,,,,,,,,
0,,,,,,,,,74,0.06316554546356201,,,,,,,
,,,,,,,,2.0789473684210527e-08,79,,,,,,,,
0,,,,,,,,,79,0.14074085652828217,,,,,,,
,,,,,,,,2.2105263157894733e-08,84,,,,,,,,
0,,,,,,,,,84,0.05912807956337929,,,,,,,
,,,,,,,,2.3421052631578945e-08,89,,,,,,,,
0,,,,,,,,,89,0.14675475656986237,,,,,,,
,,,,,,,,2.4736842105263158e-08,94,,,,,,,,
0,,,,,,,,,94,0.09669050574302673,,,,,,,
,,,,,,,,2.6052631578947367e-08,99,,,,,,,,
0,,,,,,,,,99,0.14970947802066803,,,,,,,
,,,,,,,,2.736842105263158e-08,104,,,,,,,,
0,,,,,,,,,104,0.14144018292427063,,,,,,,
,,,,,,,,2.8684210526315785e-08,109,,,,,,,,
0,,,,,,,,,109,0.10038219392299652,,,,,,,
,,,,,,,,3e-08,114,,,,,,,,
0,,,,,,,,,114,0.131736621260643,,,,,,,
,,,,,,,,3.131578947368421e-08,119,,,,,,,,
0,,,,,,,,,119,0.09879852831363678,,,,,,,
,,,,,,,,3.263157894736842e-08,124,,,,,,,,
0,,,,,,,,,124,0.17587098479270935,,,,,,,
,,,,,,,,3.3947368421052625e-08,129,,,,,,,,
0,,,,,,,,,129,0.08915286511182785,,,,,,,
,,,,,,,,3.526315789473684e-08,134,,,,,,,,
0,,,,,,,,,134,0.10057821124792099,,,,,,,
,,,,,,,,3.657894736842105e-08,139,,,,,,,,
0,,,,,,,,,139,0.12107628583908081,,,,,,,
,,,,,,,,3.7894736842105265e-08,144,,,,,,,,
0,,,,,,,,,144,0.11199425905942917,,,,,,,
,,,,,,,,3.9210526315789474e-08,149,,,,,,,,
0,,,,,,,,,149,0.14878956973552704,,,,,,,
0,,,,,,,,,151,0.10866974294185638,0.44999998807907104,0.4054054021835327,0.10866974294185638,-0.05234428122639656,0.5357142686843872,0.32608696818351746,-0.04773815721273422
,,,,,,,,4.0526315789473677e-08,154,,,,,,,,
1,,,,,,,,,154,0.15105040371418,,,,,,,
,,,,,,,,4.184210526315789e-08,159,,,,,,,,
1,,,,,,,,,159,0.12168299406766891,,,,,,,
,,,,,,,,4.31578947368421e-08,164,,,,,,,,
1,,,,,,,,,164,0.1545032411813736,,,,,,,
,,,,,,,,4.447368421052632e-08,169,,,,,,,,
1,,,,,,,,,169,0.13715992867946625,,,,,,,
,,,,,,,,4.5789473684210526e-08,174,,,,,,,,
1,,,,,,,,,174,0.07733595371246338,,,,,,,
,,,,,,,,4.710526315789473e-08,179,,,,,,,,
1,,,,,,,,,179,0.08165933191776276,,,,,,,
,,,,,,,,4.8421052631578944e-08,184,,,,,,,,
1,,,,,,,,,184,0.20977754890918732,,,,,,,
,,,,,,,,4.973684210526315e-08,189,,,,,,,,
1,,,,,,,,,189,0.07113617658615112,,,,,,,
,,,,,,,,5.105263157894737e-08,194,,,,,,,,
1,,,,,,,,,194,0.11485761404037476,,,,,,,
,,,,,,,,5.236842105263158e-08,199,,,,,,,,
1,,,,,,,,,199,0.069254569709301,,,,,,,
,,,,,,,,5.368421052631579e-08,204,,,,,,,,
1,,,,,,,,,204,0.06253907084465027,,,,,,,
,,,,,,,,5.4999999999999996e-08,209,,,,,,,,
1,,,,,,,,,209,0.17533738911151886,,,,,,,
,,,,,,,,5.6315789473684205e-08,214,,,,,,,,
1,,,,,,,,,214,0.05995672941207886,,,,,,,
,,,,,,,,5.763157894736842e-08,219,,,,,,,,
1,,,,,,,,,219,0.12569166719913483,,,,,,,
,,,,,,,,5.894736842105263e-08,224,,,,,,,,
1,,,,,,,,,224,0.0937623456120491,,,,,,,
,,,,,,,,6.026315789473684e-08,229,,,,,,,,
1,,,,,,,,,229,0.08889167755842209,,,,,,,
,,,,,,,,6.157894736842105e-08,234,,,,,,,,
1,,,,,,,,,234,0.1520635187625885,,,,,,,
,,,,,,,,6.289473684210527e-08,239,,,,,,,,
1,,,,,,,,,239,0.14363305270671844,,,,,,,
,,,,,,,,6.421052631578947e-08,244,,,,,,,,
1,,,,,,,,,244,0.08883528411388397,,,,,,,
,,,,,,,,6.552631578947368e-08,249,,,,,,,,
1,,,,,,,,,249,0.0982649028301239,,,,,,,
,,,,,,,,6.68421052631579e-08,254,,,,,,,,
1,,,,,,,,,254,0.1467898041009903,,,,,,,
,,,,,,,,6.815789473684211e-08,259,,,,,,,,
1,,,,,,,,,259,0.10528738051652908,,,,,,,
,,,,,,,,6.947368421052632e-08,264,,,,,,,,
1,,,,,,,,,264,0.07449988275766373,,,,,,,
,,,,,,,,7.078947368421052e-08,269,,,,,,,,
1,,,,,,,,,269,0.06368900090456009,,,,,,,
,,,,,,,,7.210526315789473e-08,274,,,,,,,,
1,,,,,,,,,274,0.10507755726575851,,,,,,,
,,,,,,,,7.342105263157894e-08,279,,,,,,,,
1,,,,,,,,,279,0.03814410790801048,,,,,,,
,,,,,,,,7.473684210526315e-08,284,,,,,,,,
1,,,,,,,,,284,0.1660091131925583,,,,,,,
,,,,,,,,7.605263157894737e-08,289,,,,,,,,
1,,,,,,,,,289,0.08285285532474518,,,,,,,
,,,,,,,,7.736842105263157e-08,294,,,,,,,,
1,,,,,,,,,294,0.10566159337759018,,,,,,,
,,,,,,,,7.868421052631578e-08,299,,,,,,,,
1,,,,,,,,,299,0.1182931587100029,,,,,,,
1,,,,,,,,,303,0.10508052259683609,0.4749999940395355,0.44736841320991516,0.10508052259683609,-0.054870299994945526,0.5666666626930237,0.3695652186870575,-0.052045974880456924
,,,,,,,,8e-08,304,,,,,,,,
2,,,,,,,,,304,0.21558065712451935,,,,,,,
,,,,,,,,8.131578947368421e-08,309,,,,,,,,
2,,,,,,,,,309,0.13432227075099945,,,,,,,
,,,,,,,,8.263157894736842e-08,314,,,,,,,,
2,,,,,,,,,314,0.16003455221652985,,,,,,,
,,,,,,,,8.394736842105263e-08,319,,,,,,,,
2,,,,,,,,,319,0.14939147233963013,,,,,,,
,,,,,,,,8.526315789473684e-08,324,,,,,,,,
2,,,,,,,,,324,0.07956096529960632,,,,,,,
,,,,,,,,8.657894736842105e-08,329,,,,,,,,
2,,,,,,,,,329,0.16181884706020355,,,,,,,
,,,,,,,,8.789473684210526e-08,334,,,,,,,,
2,,,,,,,,,334,0.09778419882059097,,,,,,,
,,,,,,,,8.921052631578948e-08,339,,,,,,,,
2,,,,,,,,,339,0.11783545464277267,,,,,,,
,,,,,,,,9.052631578947369e-08,344,,,,,,,,
2,,,,,,,,,344,0.06229478865861893,,,,,,,
,,,,,,,,9.184210526315788e-08,349,,,,,,,,
2,,,,,,,,,349,0.12629367411136627,,,,,,,
,,,,,,,,9.31578947368421e-08,354,,,,,,,,
2,,,,,,,,,354,0.11788921058177948,,,,,,,
,,,,,,,,9.447368421052631e-08,359,,,,,,,,
2,,,,,,,,,359,0.06956326961517334,,,,,,,
,,,,,,,,9.578947368421052e-08,364,,,,,,,,
2,,,,,,,,,364,0.09064700454473495,,,,,,,
,,,,,,,,9.710526315789473e-08,369,,,,,,,,
2,,,,,,,,,369,0.07046669721603394,,,,,,,
,,,,,,,,9.842105263157894e-08,374,,,,,,,,
2,,,,,,,,,374,0.0806129202246666,,,,,,,
,,,,,,,,9.973684210526315e-08,379,,,,,,,,
2,,,,,,,,,379,0.058650292456150055,,,,,,,
,,,,,,,,1.0105263157894736e-07,384,,,,,,,,
2,,,,,,,,,384,0.11563095450401306,,,,,,,
,,,,,,,,1.0236842105263158e-07,389,,,,,,,,
2,,,,,,,,,389,0.147724911570549,,,,,,,
,,,,,,,,1.0368421052631579e-07,394,,,,,,,,
2,,,,,,,,,394,0.17997930943965912,,,,,,,
,,,,,,,,1.0499999999999999e-07,399,,,,,,,,
2,,,,,,,,,399,0.1021214947104454,,,,,,,
,,,,,,,,1.0631578947368421e-07,404,,,,,,,,
2,,,,,,,,,404,0.1307089775800705,,,,,,,
,,,,,,,,1.0763157894736842e-07,409,,,,,,,,
2,,,,,,,,,409,0.09507357329130173,,,,,,,
,,,,,,,,1.0894736842105263e-07,414,,,,,,,,
2,,,,,,,,,414,0.13639333844184875,,,,,,,
,,,,,,,,1.1026315789473684e-07,419,,,,,,,,
2,,,,,,,,,419,0.08981511741876602,,,,,,,
,,,,,,,,1.1157894736842105e-07,424,,,,,,,,
2,,,,,,,,,424,0.19822217524051666,,,,,,,
,,,,,,,,1.1289473684210527e-07,429,,,,,,,,
2,,,,,,,,,429,0.11267832666635513,,,,,,,
,,,,,,,,1.1421052631578946e-07,434,,,,,,,,
2,,,,,,,,,434,0.027881570160388947,,,,,,,
,,,,,,,,1.1552631578947369e-07,439,,,,,,,,
2,,,,,,,,,439,0.0885775089263916,,,,,,,
,,,,,,,,1.168421052631579e-07,444,,,,,,,,
2,,,,,,,,,444,0.11000422388315201,,,,,,,
,,,,,,,,1.1815789473684209e-07,449,,,,,,,,
2,,,,,,,,,449,0.16918224096298218,,,,,,,
,,,,,,,,1.194736842105263e-07,454,,,,,,,,
2,,,,,,,,,454,0.07175150513648987,,,,,,,
2,,,,,,,,,455,0.10126374661922455,0.5249999761581421,0.5365853905677795,0.10126374661922455,-0.057600509375333786,0.6111111044883728,0.47826087474823,-0.058654431253671646
,,,,,,,,1.2078947368421054e-07,459,,,,,,,,
3,,,,,,,,,459,0.10286606848239899,,,,,,,
,,,,,,,,1.2210526315789472e-07,464,,,,,,,,
3,,,,,,,,,464,0.07134991139173508,,,,,,,
,,,,,,,,1.2342105263157893e-07,469,,,,,,,,
3,,,,,,,,,469,0.028689268976449966,,,,,,,
,,,,,,,,1.2473684210526316e-07,474,,,,,,,,
3,,,,,,,,,474,0.08258967846632004,,,,,,,
,,,,,,,,1.2605263157894735e-07,479,,,,,,,,
3,,,,,,,,,479,0.1276942938566208,,,,,,,
,,,,,,,,1.2736842105263158e-07,484,,,,,,,,
3,,,,,,,,,484,0.09136409312486649,,,,,,,
,,,,,,,,1.286842105263158e-07,489,,,,,,,,
3,,,,,,,,,489,0.1057344600558281,,,,,,,
,,,,,,,,1.3e-07,494,,,,,,,,
3,,,,,,,,,494,0.10581911355257034,,,,,,,
,,,,,,,,1.313157894736842e-07,499,,,,,,,,
3,,,,,,,,,499,0.0458330400288105,,,,,,,
,,,,,,,,1.3263157894736842e-07,504,,,,,,,,
3,,,,,,,,,504,0.20629873871803284,,,,,,,
,,,,,,,,1.3394736842105263e-07,509,,,,,,,,
3,,,,,,,,,509,0.10337790101766586,,,,,,,
,,,,,,,,1.3526315789473684e-07,514,,,,,,,,
3,,,,,,,,,514,0.09842213243246078,,,,,,,
,,,,,,,,1.3657894736842104e-07,519,,,,,,,,
3,,,,,,,,,519,0.125748872756958,,,,,,,
,,,,,,,,1.3789473684210525e-07,524,,,,,,,,
3,,,,,,,,,524,0.10072144865989685,,,,,,,
,,,,,,,,1.3921052631578946e-07,529,,,,,,,,
3,,,,,,,,,529,0.09509329497814178,,,,,,,
,,,,,,,,1.405263157894737e-07,534,,,,,,,,
3,,,,,,,,,534,0.12894576787948608,,,,,,,
,,,,,,,,1.418421052631579e-07,539,,,,,,,,
3,,,,,,,,,539,0.08025986701250076,,,,,,,
,,,,,,,,1.431578947368421e-07,544,,,,,,,,
3,,,,,,,,,544,0.13559892773628235,,,,,,,
,,,,,,,,1.444736842105263e-07,549,,,,,,,,
3,,,,,,,,,549,0.07235299050807953,,,,,,,
,,,,,,,,1.457894736842105e-07,554,,,,,,,,
3,,,,,,,,,554,0.14523456990718842,,,,,,,
,,,,,,,,1.4710526315789474e-07,559,,,,,,,,
3,,,,,,,,,559,0.05907300487160683,,,,,,,
,,,,,,,,1.4842105263157895e-07,564,,,,,,,,
3,,,,,,,,,564,0.11618666350841522,,,,,,,
,,,,,,,,1.4973684210526316e-07,569,,,,,,,,
3,,,,,,,,,569,0.06621618568897247,,,,,,,
,,,,,,,,1.5105263157894734e-07,574,,,,,,,,
3,,,,,,,,,574,0.08753053098917007,,,,,,,
,,,,,,,,1.5236842105263155e-07,579,,,,,,,,
3,,,,,,,,,579,0.1328004151582718,,,,,,,
,,,,,,,,1.536842105263158e-07,584,,,,,,,,
3,,,,,,,,,584,0.20054514706134796,,,,,,,
,,,,,,,,1.55e-07,589,,,,,,,,
3,,,,,,,,,589,0.051260173320770264,,,,,,,
,,,,,,,,1.563157894736842e-07,594,,,,,,,,
3,,,,,,,,,594,0.0373135469853878,,,,,,,
,,,,,,,,1.5763157894736842e-07,599,,,,,,,,
3,,,,,,,,,599,0.05697958916425705,,,,,,,
,,,,,,,,1.5894736842105263e-07,604,,,,,,,,
3,,,,,,,,,604,0.11934758722782135,,,,,,,
3,,,,,,,,,607,0.09920212626457214,0.550000011920929,0.6000000238418579,0.09920212626457214,-0.058698203414678574,0.6136363744735718,0.5869565010070801,-0.06246925890445709
,,,,,,,,1.6026315789473683e-07,609,,,,,,,,
4,,,,,,,,,609,0.09612106531858444,,,,,,,
,,,,,,,,1.6157894736842104e-07,614,,,,,,,,
4,,,,,,,,,614,0.11201203614473343,,,,,,,
,,,,,,,,1.6289473684210525e-07,619,,,,,,,,
4,,,,,,,,,619,0.12644560635089874,,,,,,,
,,,,,,,,1.6421052631578946e-07,624,,,,,,,,
4,,,,,,,,,624,0.1411832571029663,,,,,,,
,,,,,,,,1.6552631578947367e-07,629,,,,,,,,
4,,,,,,,,,629,0.07554147392511368,,,,,,,
,,,,,,,,1.668421052631579e-07,634,,,,,,,,
4,,,,,,,,,634,0.1424693614244461,,,,,,,
,,,,,,,,1.6815789473684212e-07,639,,,,,,,,
4,,,,,,,,,639,0.1307118535041809,,,,,,,
,,,,,,,,1.694736842105263e-07,644,,,,,,,,
4,,,,,,,,,644,0.1053585484623909,,,,,,,
,,,,,,,,1.707894736842105e-07,649,,,,,,,,
4,,,,,,,,,649,0.04099009931087494,,,,,,,
,,,,,,,,1.7210526315789472e-07,654,,,,,,,,
4,,,,,,,,,654,0.1765417754650116,,,,,,,
,,,,,,,,1.7342105263157895e-07,659,,,,,,,,
4,,,,,,,,,659,0.05732814967632294,,,,,,,
,,,,,,,,1.7473684210526316e-07,664,,,,,,,,
4,,,,,,,,,664,0.15455910563468933,,,,,,,
,,,,,,,,1.7605263157894737e-07,669,,,,,,,,
4,,,,,,,,,669,0.15840710699558258,,,,,,,
,,,,,,,,1.7736842105263158e-07,674,,,,,,,,
4,,,,,,,,,674,0.037037987262010574,,,,,,,
,,,,,,,,1.7868421052631576e-07,679,,,,,,,,
4,,,,,,,,,679,0.043668776750564575,,,,,,,
,,,,,,,,1.8e-07,684,,,,,,,,
4,,,,,,,,,684,0.06705589592456818,,,,,,,
,,,,,,,,1.813157894736842e-07,689,,,,,,,,
4,,,,,,,,,689,0.1334179788827896,,,,,,,
,,,,,,,,1.8263157894736842e-07,694,,,,,,,,
4,,,,,,,,,694,0.04821188002824783,,,,,,,
,,,,,,,,1.8394736842105262e-07,699,,,,,,,,
4,,,,,,,,,699,0.09157197922468185,,,,,,,
,,,,,,,,1.8526315789473683e-07,704,,,,,,,,
4,,,,,,,,,704,0.14520755410194397,,,,,,,
,,,,,,,,1.8657894736842107e-07,709,,,,,,,,
4,,,,,,,,,709,0.10014215856790543,,,,,,,
,,,,,,,,1.8789473684210525e-07,714,,,,,,,,
4,,,,,,,,,714,0.057711411267519,,,,,,,
,,,,,,,,1.8921052631578946e-07,719,,,,,,,,
4,,,,,,,,,719,0.0841299369931221,,,,,,,
,,,,,,,,1.9052631578947367e-07,724,,,,,,,,
4,,,,,,,,,724,0.041664257645606995,,,,,,,
,,,,,,,,1.9184210526315788e-07,729,,,,,,,,
4,,,,,,,,,729,0.10914982855319977,,,,,,,
,,,,,,,,1.9315789473684211e-07,734,,,,,,,,
4,,,,,,,,,734,0.12143472582101822,,,,,,,
,,,,,,,,1.9447368421052632e-07,739,,,,,,,,
4,,,,,,,,,739,0.13471995294094086,,,,,,,
,,,,,,,,1.957894736842105e-07,744,,,,,,,,
4,,,,,,,,,744,0.04352496564388275,,,,,,,
,,,,,,,,1.9710526315789472e-07,749,,,,,,,,
4,,,,,,,,,749,0.08015229552984238,,,,,,,
,,,,,,,,1.9842105263157892e-07,754,,,,,,,,
4,,,,,,,,,754,0.08016884326934814,,,,,,,
,,,,,,,,1.9973684210526316e-07,759,,,,,,,,
4,,,,,,,,,759,0.08058758825063705,,,,,,,
4,,,,,,,,,759,0.09835324436426163,0.5249999761581421,0.6041666865348816,0.09835324436426163,-0.05802513286471367,0.5799999833106995,0.6304348111152649,-0.06888990849256516
,,,,,,,,2.0105263157894737e-07,764,,,,,,,,
5,,,,,,,,,764,0.1316756308078766,,,,,,,
,,,,,,,,2.0236842105263158e-07,769,,,,,,,,
5,,,,,,,,,769,0.11729808151721954,,,,,,,
,,,,,,,,2.036842105263158e-07,774,,,,,,,,
5,,,,,,,,,774,0.14772291481494904,,,,,,,
,,,,,,,,2.0499999999999997e-07,779,,,,,,,,
5,,,,,,,,,779,0.0861600786447525,,,,,,,
,,,,,,,,2.063157894736842e-07,784,,,,,,,,
5,,,,,,,,,784,0.12275157123804092,,,,,,,
,,,,,,,,2.0763157894736841e-07,789,,,,,,,,
5,,,,,,,,,789,0.04801877960562706,,,,,,,
,,,,,,,,2.0894736842105262e-07,794,,,,,,,,
5,,,,,,,,,794,0.11511396616697311,,,,,,,
,,,,,,,,2.1026315789473683e-07,799,,,,,,,,
5,,,,,,,,,799,0.09587547928094864,,,,,,,
,,,,,,,,2.1157894736842104e-07,804,,,,,,,,
5,,,,,,,,,804,0.05720801651477814,,,,,,,
,,,,,,,,2.1289473684210528e-07,809,,,,,,,,
5,,,,,,,,,809,0.053406525403261185,,,,,,,
,,,,,,,,2.1421052631578946e-07,814,,,,,,,,
5,,,,,,,,,814,0.06974241137504578,,,,,,,
,,,,,,,,2.1552631578947367e-07,819,,,,,,,,
5,,,,,,,,,819,0.07637187093496323,,,,,,,
,,,,,,,,2.1684210526315788e-07,824,,,,,,,,
5,,,,,,,,,824,0.08199850469827652,,,,,,,
,,,,,,,,2.1815789473684209e-07,829,,,,,,,,
5,,,,,,,,,829,0.06989368796348572,,,,,,,
,,,,,,,,2.1947368421052632e-07,834,,,,,,,,
5,,,,,,,,,834,0.07039809972047806,,,,,,,
,,,,,,,,2.2078947368421053e-07,839,,,,,,,,
5,,,,,,,,,839,0.15773114562034607,,,,,,,
,,,,,,,,2.2210526315789474e-07,844,,,,,,,,
5,,,,,,,,,844,0.12740111351013184,,,,,,,
,,,,,,,,2.2342105263157892e-07,849,,,,,,,,
5,,,,,,,,,849,0.06478672474622726,,,,,,,
,,,,,,,,2.2473684210526313e-07,854,,,,,,,,
5,,,,,,,,,854,0.14446324110031128,,,,,,,
,,,,,,,,2.2605263157894737e-07,859,,,,,,,,
5,,,,,,,,,859,0.04514417052268982,,,,,,,
,,,,,,,,2.2736842105263158e-07,864,,,,,,,,
5,,,,,,,,,864,0.06448318809270859,,,,,,,
,,,,,,,,2.2868421052631579e-07,869,,,,,,,,
5,,,,,,,,,869,0.08500932902097702,,,,,,,
,,,,,,,,2.3e-07,874,,,,,,,,
5,,,,,,,,,874,0.02658940851688385,,,,,,,
,,,,,,,,2.3131578947368418e-07,879,,,,,,,,
5,,,,,,,,,879,0.1202983409166336,,,,,,,
,,,,,,,,2.326315789473684e-07,884,,,,,,,,
5,,,,,,,,,884,0.0777362808585167,,,,,,,
,,,,,,,,2.3394736842105262e-07,889,,,,,,,,
5,,,,,,,,,889,0.05907288193702698,,,,,,,
,,,,,,,,2.3526315789473683e-07,894,,,,,,,,
5,,,,,,,,,894,0.08511003851890564,,,,,,,
,,,,,,,,2.3657894736842104e-07,899,,,,,,,,
5,,,,,,,,,899,0.09709656238555908,,,,,,,
,,,,,,,,2.3789473684210525e-07,904,,,,,,,,
5,,,,,,,,,904,0.1324514001607895,,,,,,,
,,,,,,,,2.392105263157895e-07,909,,,,,,,,
5,,,,,,,,,909,0.052764665335416794,,,,,,,
5,,,,,,,,,911,0.09866748750209808,0.5249999761581421,0.6274510025978088,0.09866748750209808,-0.057543620467185974,0.5714285969734192,0.695652186870575,-0.06471119821071625
,,,,,,,,2.4052631578947364e-07,914,,,,,,,,
6,,,,,,,,,914,0.10758503526449203,,,,,,,
,,,,,,,,2.4184210526315785e-07,919,,,,,,,,
6,,,,,,,,,919,0.07387007772922516,,,,,,,
,,,,,,,,2.431578947368421e-07,924,,,,,,,,
6,,,,,,,,,924,0.04036999121308327,,,,,,,
,,,,,,,,2.444736842105263e-07,929,,,,,,,,
6,,,,,,,,,929,0.08989878743886948,,,,,,,
,,,,,,,,2.4578947368421053e-07,934,,,,,,,,
6,,,,,,,,,934,0.06906314939260483,,,,,,,
,,,,,,,,2.4710526315789474e-07,939,,,,,,,,
6,,,,,,,,,939,0.08112442493438721,,,,,,,
,,,,,,,,2.4842105263157895e-07,944,,,,,,,,
6,,,,,,,,,944,0.11744622141122818,,,,,,,
,,,,,,,,2.4973684210526316e-07,949,,,,,,,,
6,,,,,,,,,949,0.10284261405467987,,,,,,,
,,,,,,,,2.5105263157894737e-07,954,,,,,,,,
6,,,,,,,,,954,0.10042381286621094,,,,,,,
,,,,,,,,2.523684210526316e-07,959,,,,,,,,
6,,,,,,,,,959,0.11868952959775925,,,,,,,
,,,,,,,,2.536842105263158e-07,964,,,,,,,,
6,,,,,,,,,964,0.0920649841427803,,,,,,,
,,,,,,,,2.55e-07,969,,,,,,,,
6,,,,,,,,,969,0.06435340642929077,,,,,,,
,,,,,,,,2.563157894736842e-07,974,,,,,,,,
6,,,,,,,,,974,0.048210591077804565,,,,,,,
,,,,,,,,2.576315789473684e-07,979,,,,,,,,
6,,,,,,,,,979,0.06345666199922562,,,,,,,
,,,,,,,,2.589473684210526e-07,984,,,,,,,,
6,,,,,,,,,984,0.07481107115745544,,,,,,,
,,,,,,,,2.6026315789473683e-07,989,,,,,,,,
6,,,,,,,,,989,0.07083746045827866,,,,,,,
,,,,,,,,2.615789473684211e-07,994,,,,,,,,
6,,,,,,,,,994,0.08375082165002823,,,,,,,
,,,,,,,,2.6289473684210525e-07,999,,,,,,,,
6,,,,,,,,,999,0.0752914547920227,,,,,,,
,,,,,,,,2.6421052631578946e-07,1004,,,,,,,,
6,,,,,,,,,1004,0.09608668088912964,,,,,,,
,,,,,,,,2.6552631578947367e-07,1009,,,,,,,,
6,,,,,,,,,1009,0.07294206321239471,,,,,,,
,,,,,,,,2.668421052631579e-07,1014,,,,,,,,
6,,,,,,,,,1014,0.12346675992012024,,,,,,,
,,,,,,,,2.681578947368421e-07,1019,,,,,,,,
6,,,,,,,,,1019,0.04558740183711052,,,,,,,
,,,,,,,,2.694736842105263e-07,1024,,,,,,,,
6,,,,,,,,,1024,0.10610698163509369,,,,,,,
,,,,,,,,2.707894736842105e-07,1029,,,,,,,,
6,,,,,,,,,1029,0.11787904053926468,,,,,,,
,,,,,,,,2.721052631578947e-07,1034,,,,,,,,
6,,,,,,,,,1034,0.12839676439762115,,,,,,,
,,,,,,,,2.734210526315789e-07,1039,,,,,,,,
6,,,,,,,,,1039,0.07328715175390244,,,,,,,
,,,,,,,,2.7473684210526313e-07,1044,,,,,,,,
6,,,,,,,,,1044,0.10515687614679337,,,,,,,
,,,,,,,,2.760526315789474e-07,1049,,,,,,,,
6,,,,,,,,,1049,0.1051822230219841,,,,,,,
,,,,,,,,2.773684210526316e-07,1054,,,,,,,,
6,,,,,,,,,1054,0.09838667511940002,,,,,,,
,,,,,,,,2.786842105263158e-07,1059,,,,,,,,
6,,,,,,,,,1059,0.0856265127658844,,,,,,,
6,,,,,,,,,1063,0.0980512946844101,0.5375000238418579,0.6476190686225891,0.0980512946844101,-0.04749029502272606,0.5762711763381958,0.739130437374115,-0.05527390539646149
,,,,,,,,2.8e-07,1064,,,,,,,,
7,,,,,,,,,1064,0.21033106744289398,,,,,,,
,,,,,,,,2.813157894736842e-07,1069,,,,,,,,
7,,,,,,,,,1069,0.03162514418363571,,,,,,,
,,,,,,,,2.826315789473684e-07,1074,,,,,,,,
7,,,,,,,,,1074,0.1011117622256279,,,,,,,
,,,,,,,,2.839473684210526e-07,1079,,,,,,,,
7,,,,,,,,,1079,0.1435583084821701,,,,,,,
,,,,,,,,2.852631578947368e-07,1084,,,,,,,,
7,,,,,,,,,1084,0.04456407204270363,,,,,,,
,,,,,,,,2.86578947368421e-07,1089,,,,,,,,
7,,,,,,,,,1089,0.11972834169864655,,,,,,,
,,,,,,,,2.878947368421052e-07,1094,,,,,,,,
7,,,,,,,,,1094,0.08757776021957397,,,,,,,
,,,,,,,,2.892105263157895e-07,1099,,,,,,,,
7,,,,,,,,,1099,0.06224942207336426,,,,,,,
,,,,,,,,2.905263157894737e-07,1104,,,,,,,,
7,,,,,,,,,1104,0.06129365414381027,,,,,,,
,,,,,,,,2.918421052631579e-07,1109,,,,,,,,
7,,,,,,,,,1109,0.044454384595155716,,,,,,,
,,,,,,,,2.931578947368421e-07,1114,,,,,,,,
7,,,,,,,,,1114,0.09359575808048248,,,,,,,
,,,,,,,,2.944736842105263e-07,1119,,,,,,,,
7,,,,,,,,,1119,0.07116292417049408,,,,,,,
,,,,,,,,2.9578947368421053e-07,1124,,,,,,,,
7,,,,,,,,,1124,0.0944422110915184,,,,,,,
,,,,,,,,2.9710526315789474e-07,1129,,,,,,,,
7,,,,,,,,,1129,0.0913095474243164,,,,,,,
,,,,,,,,2.984210526315789e-07,1134,,,,,,,,
7,,,,,,,,,1134,0.08184538781642914,,,,,,,
,,,,,,,,2.997368421052631e-07,1139,,,,,,,,
7,,,,,,,,,1139,0.046121254563331604,,,,,,,
,,,,,,,,3.010526315789473e-07,1144,,,,,,,,
7,,,,,,,,,1144,0.05606155842542648,,,,,,,
,,,,,,,,3.0236842105263157e-07,1149,,,,,,,,
7,,,,,,,,,1149,0.07110320031642914,,,,,,,
,,,,,,,,3.036842105263158e-07,1154,,,,,,,,
7,,,,,,,,,1154,0.1053287610411644,,,,,,,
,,,,,,,,3.05e-07,1159,,,,,,,,
7,,,,,,,,,1159,0.022114736959338188,,,,,,,
,,,,,,,,3.063157894736842e-07,1164,,,,,,,,
7,,,,,,,,,1164,0.06643488258123398,,,,,,,
,,,,,,,,3.076315789473684e-07,1169,,,,,,,,
7,,,,,,,,,1169,0.07346806675195694,,,,,,,
,,,,,,,,3.089473684210526e-07,1174,,,,,,,,
7,,,,,,,,,1174,0.08014069497585297,,,,,,,
,,,,,,,,3.1026315789473683e-07,1179,,,,,,,,
7,,,,,,,,,1179,0.08444912731647491,,,,,,,
,,,,,,,,3.1157894736842104e-07,1184,,,,,,,,
7,,,,,,,,,1184,0.04740297421813011,,,,,,,
,,,,,,,,3.1289473684210525e-07,1189,,,,,,,,
7,,,,,,,,,1189,0.06556844711303711,,,,,,,
,,,,,,,,3.1421052631578946e-07,1194,,,,,,,,
7,,,,,,,,,1194,0.08158157020807266,,,,,,,
,,,,,,,,3.155263157894737e-07,1199,,,,,,,,
7,,,,,,,,,1199,0.05670258775353432,,,,,,,
,,,,,,,,3.1684210526315787e-07,1204,,,,,,,,
7,,,,,,,,,1204,0.2015644609928131,,,,,,,
,,,,,,,,3.181578947368421e-07,1209,,,,,,,,
7,,,,,,,,,1209,0.11136238276958466,,,,,,,
,,,,,,,,3.194736842105263e-07,1214,,,,,,,,
7,,,,,,,,,1214,0.08242463320493698,,,,,,,
7,,,,,,,,,1215,0.09801673144102097,0.550000011920929,0.6666666865348816,0.09801673144102097,-0.03909723088145256,0.5806451439857483,0.782608687877655,-0.04996836557984352
,,,,,,,,3.207894736842105e-07,1219,,,,,,,,
8,,,,,,,,,1219,0.04461725056171417,,,,,,,
,,,,,,,,3.221052631578947e-07,1224,,,,,,,,
8,,,,,,,,,1224,0.08367979526519775,,,,,,,
,,,,,,,,3.234210526315789e-07,1229,,,,,,,,
8,,,,,,,,,1229,0.12088878452777863,,,,,,,
,,,,,,,,3.2473684210526313e-07,1234,,,,,,,,
8,,,,,,,,,1234,0.08726366609334946,,,,,,,
,,,,,,,,3.2605263157894734e-07,1239,,,,,,,,
8,,,,,,,,,1239,0.09819357097148895,,,,,,,
,,,,,,,,3.2736842105263155e-07,1244,,,,,,,,
8,,,,,,,,,1244,0.05834035202860832,,,,,,,
,,,,,,,,3.286842105263158e-07,1249,,,,,,,,
8,,,,,,,,,1249,0.08587420731782913,,,,,,,
,,,,,,,,3.3e-07,1254,,,,,,,,
8,,,,,,,,,1254,0.07144644856452942,,,,,,,
,,,,,,,,3.313157894736842e-07,1259,,,,,,,,
8,,,,,,,,,1259,0.13466407358646393,,,,,,,
,,,,,,,,3.3263157894736843e-07,1264,,,,,,,,
8,,,,,,,,,1264,0.10803762823343277,,,,,,,
,,,,,,,,3.339473684210526e-07,1269,,,,,,,,
8,,,,,,,,,1269,0.02666357345879078,,,,,,,
,,,,,,,,3.352631578947368e-07,1274,,,,,,,,
8,,,,,,,,,1274,0.1268446147441864,,,,,,,
,,,,,,,,3.36578947368421e-07,1279,,,,,,,,
8,,,,,,,,,1279,0.06125394254922867,,,,,,,
,,,,,,,,3.378947368421052e-07,1284,,,,,,,,
8,,,,,,,,,1284,0.06363288313150406,,,,,,,
,,,,,,,,3.3921052631578943e-07,1289,,,,,,,,
8,,,,,,,,,1289,0.027935493737459183,,,,,,,
,,,,,,,,3.4052631578947364e-07,1294,,,,,,,,
8,,,,,,,,,1294,0.053708937019109726,,,,,,,
,,,,,,,,3.418421052631579e-07,1299,,,,,,,,
8,,,,,,,,,1299,0.08720250427722931,,,,,,,
,,,,,,,,3.431578947368421e-07,1304,,,,,,,,
8,,,,,,,,,1304,0.06892438977956772,,,,,,,
,,,,,,,,3.444736842105263e-07,1309,,,,,,,,
8,,,,,,,,,1309,0.1485307812690735,,,,,,,
,,,,,,,,3.457894736842105e-07,1314,,,,,,,,
8,,,,,,,,,1314,0.04248541221022606,,,,,,,
,,,,,,,,3.4710526315789473e-07,1319,,,,,,,,
8,,,,,,,,,1319,0.04237626492977142,,,,,,,
,,,,,,,,3.4842105263157894e-07,1324,,,,,,,,
8,,,,,,,,,1324,0.07421598583459854,,,,,,,
,,,,,,,,3.4973684210526315e-07,1329,,,,,,,,
8,,,,,,,,,1329,0.058510761708021164,,,,,,,
,,,,,,,,3.5105263157894736e-07,1334,,,,,,,,
8,,,,,,,,,1334,0.06867849081754684,,,,,,,
,,,,,,,,3.523684210526315e-07,1339,,,,,,,,
8,,,,,,,,,1339,0.1046370342373848,,,,,,,
,,,,,,,,3.5368421052631573e-07,1344,,,,,,,,
8,,,,,,,,,1344,0.06412360072135925,,,,,,,
,,,,,,,,3.55e-07,1349,,,,,,,,
8,,,,,,,,,1349,0.06849052011966705,,,,,,,
,,,,,,,,3.563157894736842e-07,1354,,,,,,,,
8,,,,,,,,,1354,0.10961352288722992,,,,,,,
,,,,,,,,3.576315789473684e-07,1359,,,,,,,,
8,,,,,,,,,1359,0.10532178729772568,,,,,,,
,,,,,,,,3.589473684210526e-07,1364,,,,,,,,
8,,,,,,,,,1364,0.05664244294166565,,,,,,,
8,,,,,,,,,1367,0.0975721925497055,0.550000011920929,0.6666666865348816,0.0975721925497055,-0.03274938836693764,0.5806451439857483,0.782608687877655,-0.042326971888542175
,,,,,,,,3.602631578947368e-07,1369,,,,,,,,
9,,,,,,,,,1369,0.06782203167676926,,,,,,,
,,,,,,,,3.6157894736842103e-07,1374,,,,,,,,
9,,,,,,,,,1374,0.14939700067043304,,,,,,,
,,,,,,,,3.6289473684210524e-07,1379,,,,,,,,
9,,,,,,,,,1379,0.05384209379553795,,,,,,,
,,,,,,,,3.6421052631578945e-07,1384,,,,,,,,
9,,,,,,,,,1384,0.11087261885404587,,,,,,,
,,,,,,,,3.6552631578947366e-07,1389,,,,,,,,
9,,,,,,,,,1389,0.09826070815324783,,,,,,,
,,,,,,,,3.6684210526315787e-07,1394,,,,,,,,
9,,,,,,,,,1394,0.08381523936986923,,,,,,,
,,,,,,,,3.6815789473684213e-07,1399,,,,,,,,
9,,,,,,,,,1399,0.09975060820579529,,,,,,,
,,,,,,,,3.6947368421052634e-07,1404,,,,,,,,
9,,,,,,,,,1404,0.133698508143425,,,,,,,
,,,,,,,,3.707894736842105e-07,1409,,,,,,,,
9,,,,,,,,,1409,0.10570970922708511,,,,,,,
,,,,,,,,3.721052631578947e-07,1414,,,,,,,,
9,,,,,,,,,1414,0.09778401255607605,,,,,,,
,,,,,,,,3.734210526315789e-07,1419,,,,,,,,
9,,,,,,,,,1419,0.1352730095386505,,,,,,,
,,,,,,,,3.747368421052631e-07,1424,,,,,,,,
9,,,,,,,,,1424,0.055747903883457184,,,,,,,
,,,,,,,,3.7605263157894733e-07,1429,,,,,,,,
9,,,,,,,,,1429,0.05757967010140419,,,,,,,
,,,,,,,,3.7736842105263154e-07,1434,,,,,,,,
9,,,,,,,,,1434,0.07098636776208878,,,,,,,
,,,,,,,,3.7868421052631575e-07,1439,,,,,,,,
9,,,,,,,,,1439,0.12732850015163422,,,,,,,
,,,,,,,,3.7999999999999996e-07,1444,,,,,,,,
9,,,,,,,,,1444,0.08649967610836029,,,,,,,
,,,,,,,,3.813157894736842e-07,1449,,,,,,,,
9,,,,,,,,,1449,0.11953972280025482,,,,,,,
,,,,,,,,3.8263157894736843e-07,1454,,,,,,,,
9,,,,,,,,,1454,0.07530286908149719,,,,,,,
,,,,,,,,3.8394736842105264e-07,1459,,,,,,,,
9,,,,,,,,,1459,0.0756973996758461,,,,,,,
,,,,,,,,3.8526315789473685e-07,1464,,,,,,,,
9,,,,,,,,,1464,0.11429735273122787,,,,,,,
,,,,,,,,3.8657894736842106e-07,1469,,,,,,,,
9,,,,,,,,,1469,0.05249147117137909,,,,,,,
,,,,,,,,3.878947368421052e-07,1474,,,,,,,,
9,,,,,,,,,1474,0.0748654454946518,,,,,,,
,,,,,,,,3.892105263157894e-07,1479,,,,,,,,
9,,,,,,,,,1479,0.05765779688954353,,,,,,,
,,,,,,,,3.9052631578947363e-07,1484,,,,,,,,
9,,,,,,,,,1484,0.0599563829600811,,,,,,,
,,,,,,,,3.9184210526315784e-07,1489,,,,,,,,
9,,,,,,,,,1489,0.09017263352870941,,,,,,,
,,,,,,,,3.9315789473684205e-07,1494,,,,,,,,
9,,,,,,,,,1494,0.052504848688840866,,,,,,,
,,,,,,,,3.944736842105263e-07,1499,,,,,,,,
9,,,,,,,,,1499,0.030514923855662346,,,,,,,
,,,,,,,,3.957894736842105e-07,1504,,,,,,,,
9,,,,,,,,,1504,0.06988614797592163,,,,,,,
,,,,,,,,3.9710526315789473e-07,1509,,,,,,,,
9,,,,,,,,,1509,0.055424731224775314,,,,,,,
,,,,,,,,3.9842105263157894e-07,1514,,,,,,,,
9,,,,,,,,,1514,0.055203285068273544,,,,,,,
,,,,,,,,3.9973684210526315e-07,1519,,,,,,,,
9,,,,,,,,,1519,0.14571331441402435,,,,,,,
9,,,,,,,,,1519,0.09599052369594574,0.550000011920929,0.6603773832321167,0.09599052369594574,-0.022975463420152664,0.5833333134651184,0.760869562625885,-0.03960376977920532
,,,,,,,,4.0105263157894736e-07,1524,,,,,,,,
10,,,,,,,,,1524,0.08455929905176163,,,,,,,
,,,,,,,,4.0236842105263157e-07,1529,,,,,,,,
10,,,,,,,,,1529,0.07869023829698563,,,,,,,
,,,,,,,,4.036842105263158e-07,1534,,,,,,,,
10,,,,,,,,,1534,0.045527324080467224,,,,,,,
,,,,,,,,4.05e-07,1539,,,,,,,,
10,,,,,,,,,1539,0.10256583243608475,,,,,,,
,,,,,,,,4.0631578947368414e-07,1544,,,,,,,,
10,,,,,,,,,1544,0.10462797433137894,,,,,,,
,,,,,,,,4.076315789473684e-07,1549,,,,,,,,
10,,,,,,,,,1549,0.08440858125686646,,,,,,,
,,,,,,,,4.089473684210526e-07,1554,,,,,,,,
10,,,,,,,,,1554,0.09041514992713928,,,,,,,
,,,,,,,,4.102631578947368e-07,1559,,,,,,,,
10,,,,,,,,,1559,0.09479063004255295,,,,,,,
,,,,,,,,4.1157894736842103e-07,1564,,,,,,,,
10,,,,,,,,,1564,0.07172869145870209,,,,,,,
,,,,,,,,4.1289473684210524e-07,1569,,,,,,,,
10,,,,,,,,,1569,0.06301262974739075,,,,,,,
,,,,,,,,4.1421052631578945e-07,1574,,,,,,,,
10,,,,,,,,,1574,0.07286643236875534,,,,,,,
,,,,,,,,4.1552631578947366e-07,1579,,,,,,,,
10,,,,,,,,,1579,0.10672004520893097,,,,,,,
,,,,,,,,4.1684210526315787e-07,1584,,,,,,,,
10,,,,,,,,,1584,0.04599931091070175,,,,,,,
,,,,,,,,4.181578947368421e-07,1589,,,,,,,,
10,,,,,,,,,1589,0.09100580960512161,,,,,,,
,,,,,,,,4.194736842105263e-07,1594,,,,,,,,
10,,,,,,,,,1594,0.05321292579174042,,,,,,,
,,,,,,,,4.2078947368421055e-07,1599,,,,,,,,
10,,,,,,,,,1599,0.03828359395265579,,,,,,,
,,,,,,,,4.2210526315789476e-07,1604,,,,,,,,
10,,,,,,,,,1604,0.05181822553277016,,,,,,,
,,,,,,,,4.234210526315789e-07,1609,,,,,,,,
10,,,,,,,,,1609,0.08199747651815414,,,,,,,
,,,,,,,,4.247368421052631e-07,1614,,,,,,,,
10,,,,,,,,,1614,0.11637059599161148,,,,,,,
,,,,,,,,4.2605263157894733e-07,1619,,,,,,,,
10,,,,,,,,,1619,0.09785988926887512,,,,,,,
,,,,,,,,4.2736842105263154e-07,1624,,,,,,,,
10,,,,,,,,,1624,0.04504469037055969,,,,,,,
,,,,,,,,4.2868421052631575e-07,1629,,,,,,,,
10,,,,,,,,,1629,0.04702610522508621,,,,,,,
,,,,,,,,4.2999999999999996e-07,1634,,,,,,,,
10,,,,,,,,,1634,0.125162273645401,,,,,,,
,,,,,,,,4.3131578947368417e-07,1639,,,,,,,,
10,,,,,,,,,1639,0.07805544137954712,,,,,,,
,,,,,,,,4.326315789473684e-07,1644,,,,,,,,
10,,,,,,,,,1644,0.10928171128034592,,,,,,,
,,,,,,,,4.3394736842105264e-07,1649,,,,,,,,
10,,,,,,,,,1649,0.06278203427791595,,,,,,,
,,,,,,,,4.3526315789473685e-07,1654,,,,,,,,
10,,,,,,,,,1654,0.11379352957010269,,,,,,,
,,,,,,,,4.3657894736842106e-07,1659,,,,,,,,
10,,,,,,,,,1659,0.03700948506593704,,,,,,,
,,,,,,,,4.3789473684210527e-07,1664,,,,,,,,
10,,,,,,,,,1664,0.09431466460227966,,,,,,,
,,,,,,,,4.392105263157895e-07,1669,,,,,,,,
10,,,,,,,,,1669,0.04177580773830414,,,,,,,
10,,,,,,,,,1671,0.09393236041069031,0.5625,0.6666666865348816,0.09393236041069031,-0.014837199822068214,0.5932203531265259,0.760869562625885,-0.020506160333752632
,,,,,,,,4.405263157894737e-07,1674,,,,,,,,
11,,,,,,,,,1674,0.11739814281463623,,,,,,,
,,,,,,,,4.4184210526315784e-07,1679,,,,,,,,
11,,,,,,,,,1679,0.12004520744085312,,,,,,,
,,,,,,,,4.4315789473684205e-07,1684,,,,,,,,
11,,,,,,,,,1684,0.05692748352885246,,,,,,,
,,,,,,,,4.4447368421052626e-07,1689,,,,,,,,
11,,,,,,,,,1689,0.07087425887584686,,,,,,,
,,,,,,,,4.4578947368421047e-07,1694,,,,,,,,
11,,,,,,,,,1694,0.056534405797719955,,,,,,,
,,,,,,,,4.4710526315789473e-07,1699,,,,,,,,
11,,,,,,,,,1699,0.07760774344205856,,,,,,,
,,,,,,,,4.4842105263157894e-07,1704,,,,,,,,
11,,,,,,,,,1704,0.108073391020298,,,,,,,
,,,,,,,,4.4973684210526315e-07,1709,,,,,,,,
11,,,,,,,,,1709,0.08178981393575668,,,,,,,
,,,,,,,,4.5105263157894736e-07,1714,,,,,,,,
11,,,,,,,,,1714,0.07303265482187271,,,,,,,
,,,,,,,,4.5236842105263157e-07,1719,,,,,,,,
11,,,,,,,,,1719,0.11296028643846512,,,,,,,
,,,,,,,,4.536842105263158e-07,1724,,,,,,,,
11,,,,,,,,,1724,0.09796212613582611,,,,,,,
,,,,,,,,4.55e-07,1729,,,,,,,,
11,,,,,,,,,1729,0.06111760064959526,,,,,,,
,,,,,,,,4.563157894736842e-07,1734,,,,,,,,
11,,,,,,,,,1734,0.07548630237579346,,,,,,,
,,,,,,,,4.576315789473684e-07,1739,,,,,,,,
11,,,,,,,,,1739,0.019756633788347244,,,,,,,
,,,,,,,,4.5894736842105256e-07,1744,,,,,,,,
11,,,,,,,,,1744,0.08011703193187714,,,,,,,
,,,,,,,,4.602631578947368e-07,1749,,,,,,,,
11,,,,,,,,,1749,0.06398129463195801,,,,,,,
,,,,,,,,4.6157894736842103e-07,1754,,,,,,,,
11,,,,,,,,,1754,0.034365423023700714,,,,,,,
,,,,,,,,4.6289473684210524e-07,1759,,,,,,,,
11,,,,,,,,,1759,0.1277848780155182,,,,,,,
,,,,,,,,4.6421052631578945e-07,1764,,,,,,,,
11,,,,,,,,,1764,0.05977274850010872,,,,,,,
,,,,,,,,4.6552631578947366e-07,1769,,,,,,,,
11,,,,,,,,,1769,0.07075467705726624,,,,,,,
,,,,,,,,4.6684210526315787e-07,1774,,,,,,,,
11,,,,,,,,,1774,0.07452480494976044,,,,,,,
,,,,,,,,4.681578947368421e-07,1779,,,,,,,,
11,,,,,,,,,1779,0.07287448644638062,,,,,,,
,,,,,,,,4.694736842105263e-07,1784,,,,,,,,
11,,,,,,,,,1784,0.06758948415517807,,,,,,,
,,,,,,,,4.707894736842105e-07,1789,,,,,,,,
11,,,,,,,,,1789,0.08714623749256134,,,,,,,
,,,,,,,,4.721052631578947e-07,1794,,,,,,,,
11,,,,,,,,,1794,0.04559123516082764,,,,,,,
,,,,,,,,4.7342105263157896e-07,1799,,,,,,,,
11,,,,,,,,,1799,0.10314541310071945,,,,,,,
,,,,,,,,4.747368421052632e-07,1804,,,,,,,,
11,,,,,,,,,1804,0.09010779112577438,,,,,,,
,,,,,,,,4.760526315789474e-07,1809,,,,,,,,
11,,,,,,,,,1809,0.018967220559716225,,,,,,,
,,,,,,,,4.773684210526315e-07,1814,,,,,,,,
11,,,,,,,,,1814,0.06626370549201965,,,,,,,
,,,,,,,,4.786842105263157e-07,1819,,,,,,,,
11,,,,,,,,,1819,0.04895356297492981,,,,,,,
11,,,,,,,,,1823,0.09321120381355286,0.5625,0.6666666865348816,0.09321120381355286,-0.0077588786371052265,0.5932203531265259,0.760869562625885,-0.011010177433490753
,,,,,,,,4.8e-07,1824,,,,,,,,
12,,,,,,,,,1824,0.11320178955793381,,,,,,,
,,,,,,,,4.813157894736842e-07,1829,,,,,,,,
12,,,,,,,,,1829,0.07648380100727081,,,,,,,
,,,,,,,,4.826315789473684e-07,1834,,,,,,,,
12,,,,,,,,,1834,0.046024199575185776,,,,,,,
,,,,,,,,4.839473684210526e-07,1839,,,,,,,,
12,,,,,,,,,1839,0.09135333448648453,,,,,,,
,,,,,,,,4.852631578947368e-07,1844,,,,,,,,
12,,,,,,,,,1844,0.04879870265722275,,,,,,,
,,,,,,,,4.86578947368421e-07,1849,,,,,,,,
12,,,,,,,,,1849,0.03464547172188759,,,,,,,
,,,,,,,,4.878947368421052e-07,1854,,,,,,,,
12,,,,,,,,,1854,0.10842686146497726,,,,,,,
,,,,,,,,4.892105263157894e-07,1859,,,,,,,,
12,,,,,,,,,1859,0.10710848867893219,,,,,,,
,,,,,,,,4.905263157894736e-07,1864,,,,,,,,
12,,,,,,,,,1864,0.1293623447418213,,,,,,,
,,,,,,,,4.918421052631578e-07,1869,,,,,,,,
12,,,,,,,,,1869,0.09509022533893585,,,,,,,
,,,,,,,,4.931578947368422e-07,1874,,,,,,,,
12,,,,,,,,,1874,0.08321169018745422,,,,,,,
,,,,,,,,4.944736842105264e-07,1879,,,,,,,,
12,,,,,,,,,1879,0.12746788561344147,,,,,,,
,,,,,,,,4.957894736842105e-07,1884,,,,,,,,
12,,,,,,,,,1884,0.07561613619327545,,,,,,,
,,,,,,,,4.971052631578947e-07,1889,,,,,,,,
12,,,,,,,,,1889,0.04092210903763771,,,,,,,
,,,,,,,,4.984210526315789e-07,1894,,,,,,,,
12,,,,,,,,,1894,0.08490252494812012,,,,,,,
,,,,,,,,4.997368421052631e-07,1899,,,,,,,,
12,,,,,,,,,1899,0.060679223388433456,,,,,,,
,,,,,,,,5.010526315789474e-07,1904,,,,,,,,
12,,,,,,,,,1904,0.07564616948366165,,,,,,,
,,,,,,,,5.023684210526315e-07,1909,,,,,,,,
12,,,,,,,,,1909,0.0746491476893425,,,,,,,
,,,,,,,,5.036842105263157e-07,1914,,,,,,,,
12,,,,,,,,,1914,0.10847826302051544,,,,,,,
,,,,,,,,5.049999999999999e-07,1919,,,,,,,,
12,,,,,,,,,1919,0.141529843211174,,,,,,,
,,,,,,,,5.063157894736841e-07,1924,,,,,,,,
12,,,,,,,,,1924,0.08881112188100815,,,,,,,
,,,,,,,,5.076315789473685e-07,1929,,,,,,,,
12,,,,,,,,,1929,0.026055926457047462,,,,,,,
,,,,,,,,5.089473684210526e-07,1934,,,,,,,,
12,,,,,,,,,1934,0.08935607224702835,,,,,,,
,,,,,,,,5.102631578947369e-07,1939,,,,,,,,
12,,,,,,,,,1939,0.08338167518377304,,,,,,,
,,,,,,,,5.11578947368421e-07,1944,,,,,,,,
12,,,,,,,,,1944,0.07700876146554947,,,,,,,
,,,,,,,,5.128947368421053e-07,1949,,,,,,,,
12,,,,,,,,,1949,0.10147885233163834,,,,,,,
,,,,,,,,5.142105263157894e-07,1954,,,,,,,,
12,,,,,,,,,1954,0.06812300533056259,,,,,,,
,,,,,,,,5.155263157894737e-07,1959,,,,,,,,
12,,,,,,,,,1959,0.12332043796777725,,,,,,,
,,,,,,,,5.168421052631578e-07,1964,,,,,,,,
12,,,,,,,,,1964,0.0808539018034935,,,,,,,
,,,,,,,,5.181578947368421e-07,1969,,,,,,,,
12,,,,,,,,,1969,0.03966527804732323,,,,,,,
,,,,,,,,5.194736842105263e-07,1974,,,,,,,,
12,,,,,,,,,1974,0.13690988719463348,,,,,,,
12,,,,,,,,,1975,0.09347371757030487,0.574999988079071,0.6792452931404114,0.09347371757030487,-0.0009083847398869693,0.6000000238418579,0.782608687877655,-0.004389985464513302
,,,,,,,,5.207894736842105e-07,1979,,,,,,,,
13,,,,,,,,,1979,0.13043616712093353,,,,,,,
,,,,,,,,5.221052631578948e-07,1984,,,,,,,,
13,,,,,,,,,1984,0.08413480222225189,,,,,,,
,,,,,,,,5.234210526315789e-07,1989,,,,,,,,
13,,,,,,,,,1989,0.05047856643795967,,,,,,,
,,,,,,,,5.247368421052632e-07,1994,,,,,,,,
13,,,,,,,,,1994,0.046878986060619354,,,,,,,
,,,,,,,,5.260526315789473e-07,1999,,,,,,,,
13,,,,,,,,,1999,0.07095792144536972,,,,,,,
,,,,,,,,5.273684210526316e-07,2004,,,,,,,,
13,,,,,,,,,2004,0.04222710803151131,,,,,,,
,,,,,,,,5.286842105263157e-07,2009,,,,,,,,
13,,,,,,,,,2009,0.019621120765805244,,,,,,,
,,,,,,,,5.3e-07,2014,,,,,,,,
13,,,,,,,,,2014,0.07853297144174576,,,,,,,
,,,,,,,,5.313157894736841e-07,2019,,,,,,,,
13,,,,,,,,,2019,0.10063178837299347,,,,,,,
,,,,,,,,5.326315789473684e-07,2024,,,,,,,,
13,,,,,,,,,2024,0.09313010424375534,,,,,,,
,,,,,,,,5.339473684210526e-07,2029,,,,,,,,
13,,,,,,,,,2029,0.041041113436222076,,,,,,,
,,,,,,,,5.352631578947368e-07,2034,,,,,,,,
13,,,,,,,,,2034,0.053360797464847565,,,,,,,
,,,,,,,,5.365789473684211e-07,2039,,,,,,,,
13,,,,,,,,,2039,0.047332748770713806,,,,,,,
,,,,,,,,5.378947368421053e-07,2044,,,,,,,,
13,,,,,,,,,2044,0.0909009501338005,,,,,,,
,,,,,,,,5.392105263157895e-07,2049,,,,,,,,
13,,,,,,,,,2049,0.041583333164453506,,,,,,,
,,,,,,,,5.405263157894736e-07,2054,,,,,,,,
13,,,,,,,,,2054,0.07124096155166626,,,,,,,
,,,,,,,,5.418421052631579e-07,2059,,,,,,,,
13,,,,,,,,,2059,0.062318477779626846,,,,,,,
,,,,,,,,5.43157894736842e-07,2064,,,,,,,,
13,,,,,,,,,2064,0.1657429039478302,,,,,,,
,,,,,,,,5.444736842105263e-07,2069,,,,,,,,
13,,,,,,,,,2069,0.12988722324371338,,,,,,,
,,,,,,,,5.457894736842105e-07,2074,,,,,,,,
13,,,,,,,,,2074,0.04869699850678444,,,,,,,
,,,,,,,,5.471052631578947e-07,2079,,,,,,,,
13,,,,,,,,,2079,0.13127602636814117,,,,,,,
,,,,,,,,5.484210526315789e-07,2084,,,,,,,,
13,,,,,,,,,2084,0.07190720736980438,,,,,,,
,,,,,,,,5.497368421052631e-07,2089,,,,,,,,
13,,,,,,,,,2089,0.04765462130308151,,,,,,,
,,,,,,,,5.510526315789474e-07,2094,,,,,,,,
13,,,,,,,,,2094,0.07270663231611252,,,,,,,
,,,,,,,,5.523684210526316e-07,2099,,,,,,,,
13,,,,,,,,,2099,0.043419621884822845,,,,,,,
,,,,,,,,5.536842105263158e-07,2104,,,,,,,,
13,,,,,,,,,2104,0.07937435060739517,,,,,,,
,,,,,,,,5.55e-07,2109,,,,,,,,
13,,,,,,,,,2109,0.03456627577543259,,,,,,,
,,,,,,,,5.563157894736842e-07,2114,,,,,,,,
13,,,,,,,,,2114,0.02803783304989338,,,,,,,
,,,,,,,,5.576315789473683e-07,2119,,,,,,,,
13,,,,,,,,,2119,0.047581858932971954,,,,,,,
,,,,,,,,5.589473684210526e-07,2124,,,,,,,,
13,,,,,,,,,2124,0.05206417292356491,,,,,,,
13,,,,,,,,,2127,0.09103795886039734,0.612500011920929,0.6990291476249695,0.09103795886039734,0.017457077279686928,0.6315789222717285,0.782608687877655,0.011491432785987854
,,,,,,,,5.602631578947368e-07,2129,,,,,,,,
14,,,,,,,,,2129,0.0723496526479721,,,,,,,
,,,,,,,,5.61578947368421e-07,2134,,,,,,,,
14,,,,,,,,,2134,0.06265312433242798,,,,,,,
,,,,,,,,5.628947368421052e-07,2139,,,,,,,,
14,,,,,,,,,2139,0.05389198660850525,,,,,,,
,,,,,,,,5.642105263157894e-07,2144,,,,,,,,
14,,,,,,,,,2144,0.03777504712343216,,,,,,,
,,,,,,,,5.655263157894737e-07,2149,,,,,,,,
14,,,,,,,,,2149,0.05450115725398064,,,,,,,
,,,,,,,,5.668421052631579e-07,2154,,,,,,,,
14,,,,,,,,,2154,0.0330960787832737,,,,,,,
,,,,,,,,5.681578947368421e-07,2159,,,,,,,,
14,,,,,,,,,2159,0.1245252713561058,,,,,,,
,,,,,,,,5.694736842105263e-07,2164,,,,,,,,
14,,,,,,,,,2164,0.07882048189640045,,,,,,,
,,,,,,,,5.707894736842105e-07,2169,,,,,,,,
14,,,,,,,,,2169,0.05381550267338753,,,,,,,
,,,,,,,,5.721052631578948e-07,2174,,,,,,,,
14,,,,,,,,,2174,0.07415104657411575,,,,,,,
,,,,,,,,5.734210526315789e-07,2179,,,,,,,,
14,,,,,,,,,2179,0.1107499822974205,,,,,,,
,,,,,,,,5.747368421052632e-07,2184,,,,,,,,
14,,,,,,,,,2184,0.058406710624694824,,,,,,,
,,,,,,,,5.760526315789473e-07,2189,,,,,,,,
14,,,,,,,,,2189,0.20040053129196167,,,,,,,
,,,,,,,,5.773684210526315e-07,2194,,,,,,,,
14,,,,,,,,,2194,0.07730963081121445,,,,,,,
,,,,,,,,5.786842105263157e-07,2199,,,,,,,,
14,,,,,,,,,2199,0.07491049915552139,,,,,,,
,,,,,,,,5.8e-07,2204,,,,,,,,
14,,,,,,,,,2204,0.09046991169452667,,,,,,,
,,,,,,,,5.813157894736842e-07,2209,,,,,,,,
14,,,,,,,,,2209,0.06568611413240433,,,,,,,
,,,,,,,,5.826315789473684e-07,2214,,,,,,,,
14,,,,,,,,,2214,0.12475539743900299,,,,,,,
,,,,,,,,5.839473684210527e-07,2219,,,,,,,,
14,,,,,,,,,2219,0.0911964550614357,,,,,,,
,,,,,,,,5.852631578947368e-07,2224,,,,,,,,
14,,,,,,,,,2224,0.10492823272943497,,,,,,,
,,,,,,,,5.865789473684211e-07,2229,,,,,,,,
14,,,,,,,,,2229,0.0682520717382431,,,,,,,
,,,,,,,,5.878947368421052e-07,2234,,,,,,,,
14,,,,,,,,,2234,0.04548006132245064,,,,,,,
,,,,,,,,5.892105263157895e-07,2239,,,,,,,,
14,,,,,,,,,2239,0.08711699396371841,,,,,,,
,,,,,,,,5.905263157894736e-07,2244,,,,,,,,
14,,,,,,,,,2244,0.050365328788757324,,,,,,,
,,,,,,,,5.918421052631579e-07,2249,,,,,,,,
14,,,,,,,,,2249,0.057445548474788666,,,,,,,
,,,,,,,,5.93157894736842e-07,2254,,,,,,,,
14,,,,,,,,,2254,0.06892441213130951,,,,,,,
,,,,,,,,5.944736842105263e-07,2259,,,,,,,,
14,,,,,,,,,2259,0.14061327278614044,,,,,,,
,,,,,,,,5.957894736842105e-07,2264,,,,,,,,
14,,,,,,,,,2264,0.01770298182964325,,,,,,,
,,,,,,,,5.971052631578947e-07,2269,,,,,,,,
14,,,,,,,,,2269,0.08317328989505768,,,,,,,
,,,,,,,,5.98421052631579e-07,2274,,,,,,,,
14,,,,,,,,,2274,0.06555300951004028,,,,,,,
,,,,,,,,5.997368421052631e-07,2279,,,,,,,,
14,,,,,,,,,2279,0.07206930220127106,,,,,,,
14,,,,,,,,,2279,0.09014171361923218,0.612500011920929,0.6990291476249695,0.09014171361923218,0.025694243609905243,0.6315789222717285,0.782608687877655,0.022935913875699043
,,,,,,,,6.010526315789474e-07,2284,,,,,,,,
15,,,,,,,,,2284,0.07922057807445526,,,,,,,
,,,,,,,,6.023684210526315e-07,2289,,,,,,,,
15,,,,,,,,,2289,0.06641650199890137,,,,,,,
,,,,,,,,6.036842105263158e-07,2294,,,,,,,,
15,,,,,,,,,2294,0.05265975743532181,,,,,,,
,,,,,,,,6.049999999999999e-07,2299,,,,,,,,
15,,,,,,,,,2299,0.03661487251520157,,,,,,,
,,,,,,,,6.063157894736842e-07,2304,,,,,,,,
15,,,,,,,,,2304,0.07016722857952118,,,,,,,
,,,,,,,,6.076315789473683e-07,2309,,,,,,,,
15,,,,,,,,,2309,0.06452162563800812,,,,,,,
,,,,,,,,6.089473684210527e-07,2314,,,,,,,,
15,,,,,,,,,2314,0.07089056074619293,,,,,,,
,,,,,,,,6.102631578947368e-07,2319,,,,,,,,
15,,,,,,,,,2319,0.09185884892940521,,,,,,,
,,,,,,,,6.11578947368421e-07,2324,,,,,,,,
15,,,,,,,,,2324,0.06856384128332138,,,,,,,
,,,,,,,,6.128947368421053e-07,2329,,,,,,,,
15,,,,,,,,,2329,0.11960691213607788,,,,,,,
,,,,,,,,6.142105263157894e-07,2334,,,,,,,,
15,,,,,,,,,2334,0.09235522150993347,,,,,,,
,,,,,,,,6.155263157894737e-07,2339,,,,,,,,
15,,,,,,,,,2339,0.07882586121559143,,,,,,,
,,,,,,,,6.168421052631578e-07,2344,,,,,,,,
15,,,,,,,,,2344,0.0651988685131073,,,,,,,
,,,,,,,,6.181578947368421e-07,2349,,,,,,,,
15,,,,,,,,,2349,0.04520430415868759,,,,,,,
,,,,,,,,6.194736842105262e-07,2354,,,,,,,,
15,,,,,,,,,2354,0.07398515939712524,,,,,,,
,,,,,,,,6.207894736842105e-07,2359,,,,,,,,
15,,,,,,,,,2359,0.03525737300515175,,,,,,,
,,,,,,,,6.221052631578946e-07,2364,,,,,,,,
15,,,,,,,,,2364,0.05066443607211113,,,,,,,
,,,,,,,,6.23421052631579e-07,2369,,,,,,,,
15,,,,,,,,,2369,0.08864404261112213,,,,,,,
,,,,,,,,6.247368421052632e-07,2374,,,,,,,,
15,,,,,,,,,2374,0.08220047503709793,,,,,,,
,,,,,,,,6.260526315789474e-07,2379,,,,,,,,
15,,,,,,,,,2379,0.06978815793991089,,,,,,,
,,,,,,,,6.273684210526316e-07,2384,,,,,,,,
15,,,,,,,,,2384,0.09933552891016006,,,,,,,
,,,,,,,,6.286842105263157e-07,2389,,,,,,,,
15,,,,,,,,,2389,0.0251405481249094,,,,,,,
,,,,,,,,6.3e-07,2394,,,,,,,,
15,,,,,,,,,2394,0.06373430788516998,,,,,,,
,,,,,,,,6.313157894736841e-07,2399,,,,,,,,
15,,,,,,,,,2399,0.03966870158910751,,,,,,,
,,,,,,,,6.326315789473684e-07,2404,,,,,,,,
15,,,,,,,,,2404,0.06381089985370636,,,,,,,
,,,,,,,,6.339473684210525e-07,2409,,,,,,,,
15,,,,,,,,,2409,0.06281507760286331,,,,,,,
,,,,,,,,6.352631578947368e-07,2414,,,,,,,,
15,,,,,,,,,2414,0.03836464881896973,,,,,,,
,,,,,,,,6.365789473684209e-07,2419,,,,,,,,
15,,,,,,,,,2419,0.03450389951467514,,,,,,,
,,,,,,,,6.378947368421053e-07,2424,,,,,,,,
15,,,,,,,,,2424,0.05906694382429123,,,,,,,
,,,,,,,,6.392105263157895e-07,2429,,,,,,,,
15,,,,,,,,,2429,0.07676900178194046,,,,,,,
15,,,,,,,,,2431,0.08990567177534103,0.625,0.7115384340286255,0.08990567177534103,0.040370844304561615,0.6379310488700867,0.804347813129425,0.04204526171088219
,,,,,,,,6.405263157894737e-07,2434,,,,,,,,
16,,,,,,,,,2434,0.056199606508016586,,,,,,,
,,,,,,,,6.418421052631579e-07,2439,,,,,,,,
16,,,,,,,,,2439,0.10768583416938782,,,,,,,
,,,,,,,,6.431578947368421e-07,2444,,,,,,,,
16,,,,,,,,,2444,0.1472916305065155,,,,,,,
,,,,,,,,6.444736842105263e-07,2449,,,,,,,,
16,,,,,,,,,2449,0.07020898163318634,,,,,,,
,,,,,,,,6.457894736842105e-07,2454,,,,,,,,
16,,,,,,,,,2454,0.16812162101268768,,,,,,,
,,,,,,,,6.471052631578947e-07,2459,,,,,,,,
16,,,,,,,,,2459,0.04497813805937767,,,,,,,
,,,,,,,,6.484210526315788e-07,2464,,,,,,,,
16,,,,,,,,,2464,0.10110291838645935,,,,,,,
,,,,,,,,6.497368421052631e-07,2469,,,,,,,,
16,,,,,,,,,2469,0.06089657545089722,,,,,,,
,,,,,,,,6.510526315789473e-07,2474,,,,,,,,
16,,,,,,,,,2474,0.10031004250049591,,,,,,,
,,,,,,,,6.523684210526316e-07,2479,,,,,,,,
16,,,,,,,,,2479,0.06749636679887772,,,,,,,
,,,,,,,,6.536842105263158e-07,2484,,,,,,,,
16,,,,,,,,,2484,0.052074261009693146,,,,,,,
,,,,,,,,6.55e-07,2489,,,,,,,,
16,,,,,,,,,2489,0.0663495659828186,,,,,,,
,,,,,,,,6.563157894736842e-07,2494,,,,,,,,
16,,,,,,,,,2494,0.06029035523533821,,,,,,,
,,,,,,,,6.576315789473684e-07,2499,,,,,,,,
16,,,,,,,,,2499,0.06107020378112793,,,,,,,
,,,,,,,,6.589473684210526e-07,2504,,,,,,,,
16,,,,,,,,,2504,0.1134873703122139,,,,,,,
,,,,,,,,6.602631578947368e-07,2509,,,,,,,,
16,,,,,,,,,2509,0.10074656456708908,,,,,,,
,,,,,,,,6.61578947368421e-07,2514,,,,,,,,
16,,,,,,,,,2514,0.09662284702062607,,,,,,,
,,,,,,,,6.628947368421053e-07,2519,,,,,,,,
16,,,,,,,,,2519,0.07433025538921356,,,,,,,
,,,,,,,,6.642105263157894e-07,2524,,,,,,,,
16,,,,,,,,,2524,0.08726109564304352,,,,,,,
,,,,,,,,6.655263157894736e-07,2529,,,,,,,,
16,,,,,,,,,2529,0.036536458879709244,,,,,,,
,,,,,,,,6.668421052631579e-07,2534,,,,,,,,
16,,,,,,,,,2534,0.07511452585458755,,,,,,,
,,,,,,,,6.681578947368421e-07,2539,,,,,,,,
16,,,,,,,,,2539,0.12310241162776947,,,,,,,
,,,,,,,,6.694736842105263e-07,2544,,,,,,,,
16,,,,,,,,,2544,0.09514671564102173,,,,,,,
,,,,,,,,6.707894736842105e-07,2549,,,,,,,,
16,,,,,,,,,2549,0.03191090002655983,,,,,,,
,,,,,,,,6.721052631578947e-07,2554,,,,,,,,
16,,,,,,,,,2554,0.09770626574754715,,,,,,,
,,,,,,,,6.734210526315789e-07,2559,,,,,,,,
16,,,,,,,,,2559,0.05106507986783981,,,,,,,
,,,,,,,,6.747368421052631e-07,2564,,,,,,,,
16,,,,,,,,,2564,0.022219954058527946,,,,,,,
,,,,,,,,6.760526315789473e-07,2569,,,,,,,,
16,,,,,,,,,2569,0.050580523908138275,,,,,,,
,,,,,,,,6.773684210526316e-07,2574,,,,,,,,
16,,,,,,,,,2574,0.08018006384372711,,,,,,,
,,,,,,,,6.786842105263157e-07,2579,,,,,,,,
16,,,,,,,,,2579,0.06930216401815414,,,,,,,
16,,,,,,,,,2583,0.09063662588596344,0.625,0.7272727489471436,0.09063662588596344,0.05398716405034065,0.625,0.8695651888847351,0.04696345329284668
,,,,,,,,6.800000000000001e-07,2584,,,,,,,,
17,,,,,,,,,2584,0.0807473361492157,,,,,,,
,,,,,,,,6.813157894736842e-07,2589,,,,,,,,
17,,,,,,,,,2589,0.10072685778141022,,,,,,,
,,,,,,,,6.826315789473684e-07,2594,,,,,,,,
17,,,,,,,,,2594,0.1289103776216507,,,,,,,
,,,,,,,,6.839473684210526e-07,2599,,,,,,,,
17,,,,,,,,,2599,0.037694480270147324,,,,,,,
,,,,,,,,6.852631578947368e-07,2604,,,,,,,,
17,,,,,,,,,2604,0.06636573374271393,,,,,,,
,,,,,,,,6.86578947368421e-07,2609,,,,,,,,
17,,,,,,,,,2609,0.07126172631978989,,,,,,,
,,,,,,,,6.878947368421052e-07,2614,,,,,,,,
17,,,,,,,,,2614,0.024417787790298462,,,,,,,
,,,,,,,,6.892105263157894e-07,2619,,,,,,,,
17,,,,,,,,,2619,0.07524615526199341,,,,,,,
,,,,,,,,6.905263157894736e-07,2624,,,,,,,,
17,,,,,,,,,2624,0.06682835519313812,,,,,,,
,,,,,,,,6.918421052631579e-07,2629,,,,,,,,
17,,,,,,,,,2629,0.11172211170196533,,,,,,,
,,,,,,,,6.93157894736842e-07,2634,,,,,,,,
17,,,,,,,,,2634,0.03516647219657898,,,,,,,
,,,,,,,,6.944736842105264e-07,2639,,,,,,,,
17,,,,,,,,,2639,0.05189267918467522,,,,,,,
,,,,,,,,6.957894736842105e-07,2644,,,,,,,,
17,,,,,,,,,2644,0.03610587492585182,,,,,,,
,,,,,,,,6.971052631578948e-07,2649,,,,,,,,
17,,,,,,,,,2649,0.09140607714653015,,,,,,,
,,,,,,,,6.984210526315789e-07,2654,,,,,,,,
17,,,,,,,,,2654,0.14771167933940887,,,,,,,
,,,,,,,,6.997368421052632e-07,2659,,,,,,,,
17,,,,,,,,,2659,0.055078115314245224,,,,,,,
,,,,,,,,7.010526315789473e-07,2664,,,,,,,,
17,,,,,,,,,2664,0.06623882055282593,,,,,,,
,,,,,,,,7.023684210526315e-07,2669,,,,,,,,
17,,,,,,,,,2669,0.05219779536128044,,,,,,,
,,,,,,,,7.036842105263158e-07,2674,,,,,,,,
17,,,,,,,,,2674,0.042834166437387466,,,,,,,
,,,,,,,,7.049999999999999e-07,2679,,,,,,,,
17,,,,,,,,,2679,0.09223774820566177,,,,,,,
,,,,,,,,7.063157894736842e-07,2684,,,,,,,,
17,,,,,,,,,2684,0.09737806767225266,,,,,,,
,,,,,,,,7.076315789473683e-07,2689,,,,,,,,
17,,,,,,,,,2689,0.04043726995587349,,,,,,,
,,,,,,,,7.089473684210527e-07,2694,,,,,,,,
17,,,,,,,,,2694,0.08957492560148239,,,,,,,
,,,,,,,,7.102631578947368e-07,2699,,,,,,,,
17,,,,,,,,,2699,0.11171494424343109,,,,,,,
,,,,,,,,7.115789473684211e-07,2704,,,,,,,,
17,,,,,,,,,2704,0.04748375341296196,,,,,,,
,,,,,,,,7.128947368421052e-07,2709,,,,,,,,
17,,,,,,,,,2709,0.08221213519573212,,,,,,,
,,,,,,,,7.142105263157895e-07,2714,,,,,,,,
17,,,,,,,,,2714,0.10585246235132217,,,,,,,
,,,,,,,,7.155263157894736e-07,2719,,,,,,,,
17,,,,,,,,,2719,0.10095532983541489,,,,,,,
,,,,,,,,7.168421052631579e-07,2724,,,,,,,,
17,,,,,,,,,2724,0.02945515140891075,,,,,,,
,,,,,,,,7.181578947368421e-07,2729,,,,,,,,
17,,,,,,,,,2729,0.06525417417287827,,,,,,,
,,,,,,,,7.194736842105262e-07,2734,,,,,,,,
17,,,,,,,,,2734,0.07696380466222763,,,,,,,
17,,,,,,,,,2735,0.08980844914913177,0.6499999761581421,0.7407407164573669,0.08980844914913177,0.06310418993234634,0.6451612710952759,0.8695651888847351,0.06611975282430649
,,,,,,,,7.207894736842105e-07,2739,,,,,,,,
18,,,,,,,,,2739,0.07782364636659622,,,,,,,
,,,,,,,,7.221052631578946e-07,2744,,,,,,,,
18,,,,,,,,,2744,0.03748154640197754,,,,,,,
,,,,,,,,7.23421052631579e-07,2749,,,,,,,,
18,,,,,,,,,2749,0.09454291313886642,,,,,,,
,,,,,,,,7.247368421052631e-07,2754,,,,,,,,
18,,,,,,,,,2754,0.04904790222644806,,,,,,,
,,,,,,,,7.260526315789474e-07,2759,,,,,,,,
18,,,,,,,,,2759,0.06687553226947784,,,,,,,
,,,,,,,,7.273684210526315e-07,2764,,,,,,,,
18,,,,,,,,,2764,0.15824487805366516,,,,,,,
,,,,,,,,7.286842105263158e-07,2769,,,,,,,,
18,,,,,,,,,2769,0.06365326792001724,,,,,,,
,,,,,,,,7.3e-07,2774,,,,,,,,
18,,,,,,,,,2774,0.09182951599359512,,,,,,,
,,,,,,,,7.313157894736842e-07,2779,,,,,,,,
18,,,,,,,,,2779,0.11972368508577347,,,,,,,
,,,,,,,,7.326315789473684e-07,2784,,,,,,,,
18,,,,,,,,,2784,0.036080501973629,,,,,,,
,,,,,,,,7.339473684210526e-07,2789,,,,,,,,
18,,,,,,,,,2789,0.031774550676345825,,,,,,,
,,,,,,,,7.352631578947368e-07,2794,,,,,,,,
18,,,,,,,,,2794,0.10463743656873703,,,,,,,
,,,,,,,,7.365789473684209e-07,2799,,,,,,,,
18,,,,,,,,,2799,0.051248032599687576,,,,,,,
,,,,,,,,7.378947368421053e-07,2804,,,,,,,,
18,,,,,,,,,2804,0.06449243426322937,,,,,,,
,,,,,,,,7.392105263157894e-07,2809,,,,,,,,
18,,,,,,,,,2809,0.06563611328601837,,,,,,,
,,,,,,,,7.405263157894737e-07,2814,,,,,,,,
18,,,,,,,,,2814,0.08522304147481918,,,,,,,
,,,,,,,,7.418421052631578e-07,2819,,,,,,,,
18,,,,,,,,,2819,0.0533575601875782,,,,,,,
,,,,,,,,7.431578947368421e-07,2824,,,,,,,,
18,,,,,,,,,2824,0.054701127111911774,,,,,,,
,,,,,,,,7.444736842105263e-07,2829,,,,,,,,
18,,,,,,,,,2829,0.07706532627344131,,,,,,,
,,,,,,,,7.457894736842105e-07,2834,,,,,,,,
18,,,,,,,,,2834,0.040130481123924255,,,,,,,
,,,,,,,,7.471052631578947e-07,2839,,,,,,,,
18,,,,,,,,,2839,0.11607170104980469,,,,,,,
,,,,,,,,7.484210526315789e-07,2844,,,,,,,,
18,,,,,,,,,2844,0.06637595593929291,,,,,,,
,,,,,,,,7.497368421052631e-07,2849,,,,,,,,
18,,,,,,,,,2849,0.06818811595439911,,,,,,,
,,,,,,,,7.510526315789473e-07,2854,,,,,,,,
18,,,,,,,,,2854,0.0692974254488945,,,,,,,
,,,,,,,,7.523684210526316e-07,2859,,,,,,,,
18,,,,,,,,,2859,0.06735874712467194,,,,,,,
,,,,,,,,7.536842105263157e-07,2864,,,,,,,,
18,,,,,,,,,2864,0.08904461562633514,,,,,,,
,,,,,,,,7.55e-07,2869,,,,,,,,
18,,,,,,,,,2869,0.02950141206383705,,,,,,,
,,,,,,,,7.563157894736842e-07,2874,,,,,,,,
18,,,,,,,,,2874,0.10648821294307709,,,,,,,
,,,,,,,,7.576315789473684e-07,2879,,,,,,,,
18,,,,,,,,,2879,0.057987846434116364,,,,,,,
,,,,,,,,7.589473684210526e-07,2884,,,,,,,,
18,,,,,,,,,2884,0.13678589463233948,,,,,,,
18,,,,,,,,,2887,0.08733302354812622,0.637499988079071,0.7184466123580933,0.08733302354812622,0.08658220618963242,0.6491228342056274,0.804347813129425,0.09733090549707413
,,,,,,,,7.602631578947368e-07,2889,,,,,,,,
19,,,,,,,,,2889,0.03292171284556389,,,,,,,
,,,,,,,,7.61578947368421e-07,2894,,,,,,,,
19,,,,,,,,,2894,0.11051025986671448,,,,,,,
,,,,,,,,7.628947368421052e-07,2899,,,,,,,,
19,,,,,,,,,2899,0.06331487745046616,,,,,,,
,,,,,,,,7.642105263157894e-07,2904,,,,,,,,
19,,,,,,,,,2904,0.07098150253295898,,,,,,,
,,,,,,,,7.655263157894736e-07,2909,,,,,,,,
19,,,,,,,,,2909,0.046339597553014755,,,,,,,
,,,,,,,,7.668421052631579e-07,2914,,,,,,,,
19,,,,,,,,,2914,0.02349352464079857,,,,,,,
,,,,,,,,7.681578947368422e-07,2919,,,,,,,,
19,,,,,,,,,2919,0.03835009038448334,,,,,,,
,,,,,,,,7.694736842105263e-07,2924,,,,,,,,
19,,,,,,,,,2924,0.10611957311630249,,,,,,,
,,,,,,,,7.707894736842106e-07,2929,,,,,,,,
19,,,,,,,,,2929,0.052467528730630875,,,,,,,
,,,,,,,,7.721052631578947e-07,2934,,,,,,,,
19,,,,,,,,,2934,0.07017264515161514,,,,,,,
,,,,,,,,7.734210526315789e-07,2939,,,,,,,,
19,,,,,,,,,2939,0.08259730786085129,,,,,,,
,,,,,,,,7.747368421052631e-07,2944,,,,,,,,
19,,,,,,,,,2944,0.0273540448397398,,,,,,,
,,,,,,,,7.760526315789473e-07,2949,,,,,,,,
19,,,,,,,,,2949,0.06694592535495758,,,,,,,
,,,,,,,,7.773684210526315e-07,2954,,,,,,,,
19,,,,,,,,,2954,0.06397497653961182,,,,,,,
,,,,,,,,7.786842105263157e-07,2959,,,,,,,,
19,,,,,,,,,2959,0.04600224643945694,,,,,,,
,,,,,,,,7.799999999999999e-07,2964,,,,,,,,
19,,,,,,,,,2964,0.12303938716650009,,,,,,,
,,,,,,,,7.813157894736842e-07,2969,,,,,,,,
19,,,,,,,,,2969,0.06541343778371811,,,,,,,
,,,,,,,,7.826315789473685e-07,2974,,,,,,,,
19,,,,,,,,,2974,0.07510603219270706,,,,,,,
,,,,,,,,7.839473684210526e-07,2979,,,,,,,,
19,,,,,,,,,2979,0.08738413453102112,,,,,,,
,,,,,,,,7.852631578947369e-07,2984,,,,,,,,
19,,,,,,,,,2984,0.040475208312273026,,,,,,,
,,,,,,,,7.86578947368421e-07,2989,,,,,,,,
19,,,,,,,,,2989,0.09747246652841568,,,,,,,
,,,,,,,,7.878947368421053e-07,2994,,,,,,,,
19,,,,,,,,,2994,0.0883265808224678,,,,,,,
,,,,,,,,7.892105263157894e-07,2999,,,,,,,,
19,,,,,,,,,2999,0.07199586927890778,,,,,,,
,,,,,,,,7.905263157894736e-07,3004,,,,,,,,
19,,,,,,,,,3004,0.07176868617534637,,,,,,,
,,,,,,,,7.918421052631578e-07,3009,,,,,,,,
19,,,,,,,,,3009,0.08159955590963364,,,,,,,
,,,,,,,,7.93157894736842e-07,3014,,,,,,,,
19,,,,,,,,,3014,0.11241091787815094,,,,,,,
,,,,,,,,7.944736842105262e-07,3019,,,,,,,,
19,,,,,,,,,3019,0.06506787985563278,,,,,,,
,,,,,,,,7.957894736842105e-07,3024,,,,,,,,
19,,,,,,,,,3024,0.06035713851451874,,,,,,,
,,,,,,,,7.971052631578948e-07,3029,,,,,,,,
19,,,,,,,,,3029,0.08275094628334045,,,,,,,
,,,,,,,,7.984210526315789e-07,3034,,,,,,,,
19,,,,,,,,,3034,0.09548153728246689,,,,,,,
,,,,,,,,7.997368421052632e-07,3039,,,,,,,,
19,,,,,,,,,3039,0.04017511010169983,,,,,,,
19,,,,,,,,,3039,0.08688346296548843,0.637499988079071,0.7128713130950928,0.08688346296548843,0.10066051036119461,0.6545454263687134,0.782608687877655,0.11787228286266327
,,,,,,,,8.010526315789473e-07,3044,,,,,,,,
20,,,,,,,,,3044,0.07681123912334442,,,,,,,
,,,,,,,,8.023684210526316e-07,3049,,,,,,,,
20,,,,,,,,,3049,0.051866646856069565,,,,,,,
,,,,,,,,8.036842105263157e-07,3054,,,,,,,,
20,,,,,,,,,3054,0.11021579802036285,,,,,,,
,,,,,,,,8.05e-07,3059,,,,,,,,
20,,,,,,,,,3059,0.03497670963406563,,,,,,,
,,,,,,,,8.063157894736841e-07,3064,,,,,,,,
20,,,,,,,,,3064,0.07296891510486603,,,,,,,
,,,,,,,,8.076315789473683e-07,3069,,,,,,,,
20,,,,,,,,,3069,0.09070644527673721,,,,,,,
,,,,,,,,8.089473684210526e-07,3074,,,,,,,,
20,,,,,,,,,3074,0.028950408101081848,,,,,,,
,,,,,,,,8.102631578947368e-07,3079,,,,,,,,
20,,,,,,,,,3079,0.138466939330101,,,,,,,
,,,,,,,,8.115789473684211e-07,3084,,,,,,,,
20,,,,,,,,,3084,0.04869098588824272,,,,,,,
,,,,,,,,8.128947368421052e-07,3089,,,,,,,,
20,,,,,,,,,3089,0.0414893701672554,,,,,,,
,,,,,,,,8.142105263157895e-07,3094,,,,,,,,
20,,,,,,,,,3094,0.06369523704051971,,,,,,,
,,,,,,,,8.155263157894736e-07,3099,,,,,,,,
20,,,,,,,,,3099,0.05186742916703224,,,,,,,
,,,,,,,,8.168421052631579e-07,3104,,,,,,,,
20,,,,,,,,,3104,0.06544867902994156,,,,,,,
,,,,,,,,8.18157894736842e-07,3109,,,,,,,,
20,,,,,,,,,3109,0.04569593816995621,,,,,,,
,,,,,,,,8.194736842105263e-07,3114,,,,,,,,
20,,,,,,,,,3114,0.06553907692432404,,,,,,,
,,,,,,,,8.207894736842104e-07,3119,,,,,,,,
20,,,,,,,,,3119,0.07363945990800858,,,,,,,
,,,,,,,,8.221052631578947e-07,3124,,,,,,,,
20,,,,,,,,,3124,0.08412668108940125,,,,,,,
,,,,,,,,8.23421052631579e-07,3129,,,,,,,,
20,,,,,,,,,3129,0.06679016351699829,,,,,,,
,,,,,,,,8.247368421052632e-07,3134,,,,,,,,
20,,,,,,,,,3134,0.05010442063212395,,,,,,,
,,,,,,,,8.260526315789474e-07,3139,,,,,,,,
20,,,,,,,,,3139,0.050981853157281876,,,,,,,
,,,,,,,,8.273684210526315e-07,3144,,,,,,,,
20,,,,,,,,,3144,0.06812794506549835,,,,,,,
,,,,,,,,8.286842105263158e-07,3149,,,,,,,,
20,,,,,,,,,3149,0.06132741644978523,,,,,,,
,,,,,,,,8.299999999999999e-07,3154,,,,,,,,
20,,,,,,,,,3154,0.03351697698235512,,,,,,,
,,,,,,,,8.313157894736842e-07,3159,,,,,,,,
20,,,,,,,,,3159,0.06932144612073898,,,,,,,
,,,,,,,,8.326315789473683e-07,3164,,,,,,,,
20,,,,,,,,,3164,0.06388960778713226,,,,,,,
,,,,,,,,8.339473684210526e-07,3169,,,,,,,,
20,,,,,,,,,3169,0.049523014575242996,,,,,,,
,,,,,,,,8.352631578947368e-07,3174,,,,,,,,
20,,,,,,,,,3174,0.08390673995018005,,,,,,,
,,,,,,,,8.36578947368421e-07,3179,,,,,,,,
20,,,,,,,,,3179,0.04537302628159523,,,,,,,
,,,,,,,,8.378947368421052e-07,3184,,,,,,,,
20,,,,,,,,,3184,0.08900079131126404,,,,,,,
,,,,,,,,8.392105263157895e-07,3189,,,,,,,,
20,,,,,,,,,3189,0.05692627653479576,,,,,,,
20,,,,,,,,,3191,0.08737276494503021,0.637499988079071,0.7184466123580933,0.08737276494503021,0.10561706125736237,0.6491228342056274,0.804347813129425,0.11116992682218552
,,,,,,,,8.405263157894737e-07,3194,,,,,,,,
21,,,,,,,,,3194,0.02338523045182228,,,,,,,
,,,,,,,,8.418421052631579e-07,3199,,,,,,,,
21,,,,,,,,,3199,0.062338221818208694,,,,,,,
,,,,,,,,8.431578947368421e-07,3204,,,,,,,,
21,,,,,,,,,3204,0.0916946604847908,,,,,,,
,,,,,,,,8.444736842105262e-07,3209,,,,,,,,
21,,,,,,,,,3209,0.07297784090042114,,,,,,,
,,,,,,,,8.457894736842105e-07,3214,,,,,,,,
21,,,,,,,,,3214,0.03414731100201607,,,,,,,
,,,,,,,,8.471052631578946e-07,3219,,,,,,,,
21,,,,,,,,,3219,0.05783521756529808,,,,,,,
,,,,,,,,8.484210526315789e-07,3224,,,,,,,,
21,,,,,,,,,3224,0.026633700355887413,,,,,,,
,,,,,,,,8.497368421052631e-07,3229,,,,,,,,
21,,,,,,,,,3229,0.08023261278867722,,,,,,,
,,,,,,,,8.510526315789473e-07,3234,,,,,,,,
21,,,,,,,,,3234,0.12686394155025482,,,,,,,
,,,,,,,,8.523684210526315e-07,3239,,,,,,,,
21,,,,,,,,,3239,0.045135438442230225,,,,,,,
,,,,,,,,8.536842105263158e-07,3244,,,,,,,,
21,,,,,,,,,3244,0.06656785309314728,,,,,,,
,,,,,,,,8.55e-07,3249,,,,,,,,
21,,,,,,,,,3249,0.01108434610068798,,,,,,,
,,,,,,,,8.563157894736842e-07,3254,,,,,,,,
21,,,,,,,,,3254,0.05212400481104851,,,,,,,
,,,,,,,,8.576315789473684e-07,3259,,,,,,,,
21,,,,,,,,,3259,0.08347256481647491,,,,,,,
,,,,,,,,8.589473684210526e-07,3264,,,,,,,,
21,,,,,,,,,3264,0.10311269760131836,,,,,,,
,,,,,,,,8.602631578947368e-07,3269,,,,,,,,
21,,,,,,,,,3269,0.025874100625514984,,,,,,,
,,,,,,,,8.61578947368421e-07,3274,,,,,,,,
21,,,,,,,,,3274,0.12326053529977798,,,,,,,
,,,,,,,,8.628947368421052e-07,3279,,,,,,,,
21,,,,,,,,,3279,0.08093804121017456,,,,,,,
,,,,,,,,8.642105263157894e-07,3284,,,,,,,,
21,,,,,,,,,3284,0.022680513560771942,,,,,,,
,,,,,,,,8.655263157894736e-07,3289,,,,,,,,
21,,,,,,,,,3289,0.06046397611498833,,,,,,,
,,,,,,,,8.668421052631578e-07,3294,,,,,,,,
21,,,,,,,,,3294,0.057294439524412155,,,,,,,
,,,,,,,,8.681578947368421e-07,3299,,,,,,,,
21,,,,,,,,,3299,0.0780167505145073,,,,,,,
,,,,,,,,8.694736842105263e-07,3304,,,,,,,,
21,,,,,,,,,3304,0.10470911860466003,,,,,,,
,,,,,,,,8.707894736842105e-07,3309,,,,,,,,
21,,,,,,,,,3309,0.05530298873782158,,,,,,,
,,,,,,,,8.721052631578947e-07,3314,,,,,,,,
21,,,,,,,,,3314,0.05695590376853943,,,,,,,
,,,,,,,,8.73421052631579e-07,3319,,,,,,,,
21,,,,,,,,,3319,0.10775138437747955,,,,,,,
,,,,,,,,8.747368421052631e-07,3324,,,,,,,,
21,,,,,,,,,3324,0.053836889564991,,,,,,,
,,,,,,,,8.760526315789474e-07,3329,,,,,,,,
21,,,,,,,,,3329,0.06980147957801819,,,,,,,
,,,,,,,,8.773684210526315e-07,3334,,,,,,,,
21,,,,,,,,,3334,0.04413202032446861,,,,,,,
,,,,,,,,8.786842105263157e-07,3339,,,,,,,,
21,,,,,,,,,3339,0.0633457601070404,,,,,,,
21,,,,,,,,,3343,0.0851382166147232,0.625,0.6875,0.0851382166147232,0.1188967376947403,0.6600000262260437,0.717391312122345,0.12137018144130707
,,,,,,,,8.799999999999999e-07,3344,,,,,,,,
22,,,,,,,,,3344,0.032543934881687164,,,,,,,
,,,,,,,,8.813157894736841e-07,3349,,,,,,,,
22,,,,,,,,,3349,0.07171517610549927,,,,,,,
,,,,,,,,8.826315789473684e-07,3354,,,,,,,,
22,,,,,,,,,3354,0.06851209700107574,,,,,,,
,,,,,,,,8.839473684210526e-07,3359,,,,,,,,
22,,,,,,,,,3359,0.04296817630529404,,,,,,,
,,,,,,,,8.852631578947368e-07,3364,,,,,,,,
22,,,,,,,,,3364,0.05851097032427788,,,,,,,
,,,,,,,,8.86578947368421e-07,3369,,,,,,,,
22,,,,,,,,,3369,0.09072943776845932,,,,,,,
,,,,,,,,8.878947368421053e-07,3374,,,,,,,,
22,,,,,,,,,3374,0.07682228088378906,,,,,,,
,,,,,,,,8.892105263157894e-07,3379,,,,,,,,
22,,,,,,,,,3379,0.06952705979347229,,,,,,,
,,,,,,,,8.905263157894737e-07,3384,,,,,,,,
22,,,,,,,,,3384,0.04099190980195999,,,,,,,
,,,,,,,,8.918421052631578e-07,3389,,,,,,,,
22,,,,,,,,,3389,0.05639675632119179,,,,,,,
,,,,,,,,8.931578947368421e-07,3394,,,,,,,,
22,,,,,,,,,3394,0.06983800232410431,,,,,,,
,,,,,,,,8.944736842105262e-07,3399,,,,,,,,
22,,,,,,,,,3399,0.03350852057337761,,,,,,,
,,,,,,,,8.957894736842106e-07,3404,,,,,,,,
22,,,,,,,,,3404,0.03858326002955437,,,,,,,
,,,,,,,,8.971052631578947e-07,3409,,,,,,,,
22,,,,,,,,,3409,0.04191944748163223,,,,,,,
,,,,,,,,8.984210526315789e-07,3414,,,,,,,,
22,,,,,,,,,3414,0.051732584834098816,,,,,,,
,,,,,,,,8.997368421052631e-07,3419,,,,,,,,
22,,,,,,,,,3419,0.03536411374807358,,,,,,,
,,,,,,,,9.010526315789473e-07,3424,,,,,,,,
22,,,,,,,,,3424,0.04332511126995087,,,,,,,
,,,,,,,,9.023684210526316e-07,3429,,,,,,,,
22,,,,,,,,,3429,0.06329116225242615,,,,,,,
,,,,,,,,9.036842105263157e-07,3434,,,,,,,,
22,,,,,,,,,3434,0.031142273917794228,,,,,,,
,,,,,,,,9.05e-07,3439,,,,,,,,
22,,,,,,,,,3439,0.10776278376579285,,,,,,,
,,,,,,,,9.063157894736841e-07,3444,,,,,,,,
22,,,,,,,,,3444,0.032450828701257706,,,,,,,
,,,,,,,,9.076315789473684e-07,3449,,,,,,,,
22,,,,,,,,,3449,0.035919975489377975,,,,,,,
,,,,,,,,9.089473684210525e-07,3454,,,,,,,,
22,,,,,,,,,3454,0.0635596215724945,,,,,,,
,,,,,,,,9.102631578947369e-07,3459,,,,,,,,
22,,,,,,,,,3459,0.04502704739570618,,,,,,,
,,,,,,,,9.11578947368421e-07,3464,,,,,,,,
22,,,,,,,,,3464,0.05544924736022949,,,,,,,
,,,,,,,,9.128947368421053e-07,3469,,,,,,,,
22,,,,,,,,,3469,0.08964502811431885,,,,,,,
,,,,,,,,9.142105263157895e-07,3474,,,,,,,,
22,,,,,,,,,3474,0.035968951880931854,,,,,,,
,,,,,,,,9.155263157894736e-07,3479,,,,,,,,
22,,,,,,,,,3479,0.04468457028269768,,,,,,,
,,,,,,,,9.168421052631579e-07,3484,,,,,,,,
22,,,,,,,,,3484,0.026963405311107635,,,,,,,
,,,,,,,,9.18157894736842e-07,3489,,,,,,,,
22,,,,,,,,,3489,0.10346584767103195,,,,,,,
,,,,,,,,9.194736842105263e-07,3494,,,,,,,,
22,,,,,,,,,3494,0.06390517950057983,,,,,,,
22,,,,,,,,,3495,0.08613507449626923,0.612500011920929,0.6990291476249695,0.08613507449626923,0.13316036760807037,0.6315789222717285,0.782608687877655,0.13991610705852509
,,,,,,,,9.207894736842104e-07,3499,,,,,,,,
23,,,,,,,,,3499,0.08389946073293686,,,,,,,
,,,,,,,,9.221052631578947e-07,3504,,,,,,,,
23,,,,,,,,,3504,0.047335442155599594,,,,,,,
,,,,,,,,9.234210526315788e-07,3509,,,,,,,,
23,,,,,,,,,3509,0.08470242470502853,,,,,,,
,,,,,,,,9.247368421052632e-07,3514,,,,,,,,
23,,,,,,,,,3514,0.04962943121790886,,,,,,,
,,,,,,,,9.260526315789473e-07,3519,,,,,,,,
23,,,,,,,,,3519,0.0285982433706522,,,,,,,
,,,,,,,,9.273684210526316e-07,3524,,,,,,,,
23,,,,,,,,,3524,0.06789644062519073,,,,,,,
,,,,,,,,9.286842105263158e-07,3529,,,,,,,,
23,,,,,,,,,3529,0.037988267838954926,,,,,,,
,,,,,,,,9.3e-07,3534,,,,,,,,
23,,,,,,,,,3534,0.06048121675848961,,,,,,,
,,,,,,,,9.313157894736842e-07,3539,,,,,,,,
23,,,,,,,,,3539,0.03007841482758522,,,,,,,
,,,,,,,,9.326315789473683e-07,3544,,,,,,,,
23,,,,,,,,,3544,0.041415736079216,,,,,,,
,,,,,,,,9.339473684210526e-07,3549,,,,,,,,
23,,,,,,,,,3549,0.12149016559123993,,,,,,,
,,,,,,,,9.352631578947367e-07,3554,,,,,,,,
23,,,,,,,,,3554,0.03425640985369682,,,,,,,
,,,,,,,,9.36578947368421e-07,3559,,,,,,,,
23,,,,,,,,,3559,0.0746566653251648,,,,,,,
,,,,,,,,9.378947368421051e-07,3564,,,,,,,,
23,,,,,,,,,3564,0.07705986499786377,,,,,,,
,,,,,,,,9.392105263157895e-07,3569,,,,,,,,
23,,,,,,,,,3569,0.028183359652757645,,,,,,,
,,,,,,,,9.405263157894737e-07,3574,,,,,,,,
23,,,,,,,,,3574,0.04687551409006119,,,,,,,
,,,,,,,,9.418421052631579e-07,3579,,,,,,,,
23,,,,,,,,,3579,0.040520478039979935,,,,,,,
,,,,,,,,9.431578947368421e-07,3584,,,,,,,,
23,,,,,,,,,3584,0.05414298176765442,,,,,,,
,,,,,,,,9.444736842105263e-07,3589,,,,,,,,
23,,,,,,,,,3589,0.06100814789533615,,,,,,,
,,,,,,,,9.457894736842105e-07,3594,,,,,,,,
23,,,,,,,,,3594,0.03312322869896889,,,,,,,
,,,,,,,,9.471052631578947e-07,3599,,,,,,,,
23,,,,,,,,,3599,0.03625400364398956,,,,,,,
,,,,,,,,9.484210526315789e-07,3604,,,,,,,,
23,,,,,,,,,3604,0.026107262820005417,,,,,,,
,,,,,,,,9.497368421052631e-07,3609,,,,,,,,
23,,,,,,,,,3609,0.03407103195786476,,,,,,,
,,,,,,,,9.510526315789473e-07,3614,,,,,,,,
23,,,,,,,,,3614,0.07101880759000778,,,,,,,
,,,,,,,,9.523684210526314e-07,3619,,,,,,,,
23,,,,,,,,,3619,0.08219705522060394,,,,,,,
,,,,,,,,9.536842105263158e-07,3624,,,,,,,,
23,,,,,,,,,3624,0.06328020244836807,,,,,,,
,,,,,,,,9.55e-07,3629,,,,,,,,
23,,,,,,,,,3629,0.05301545932888985,,,,,,,
,,,,,,,,9.563157894736842e-07,3634,,,,,,,,
23,,,,,,,,,3634,0.09114812314510345,,,,,,,
,,,,,,,,9.576315789473684e-07,3639,,,,,,,,
23,,,,,,,,,3639,0.062344033271074295,,,,,,,
,,,,,,,,9.589473684210526e-07,3644,,,,,,,,
23,,,,,,,,,3644,0.03457092493772507,,,,,,,
23,,,,,,,,,3647,0.08425940573215485,0.637499988079071,0.6947368383407593,0.08425940573215485,0.14667779207229614,0.6734693646430969,0.717391312122345,0.150632843375206
,,,,,,,,9.602631578947368e-07,3649,,,,,,,,
24,,,,,,,,,3649,0.10416492819786072,,,,,,,
,,,,,,,,9.61578947368421e-07,3654,,,,,,,,
24,,,,,,,,,3654,0.06994125247001648,,,,,,,
,,,,,,,,9.628947368421052e-07,3659,,,,,,,,
24,,,,,,,,,3659,0.060999564826488495,,,,,,,
,,,,,,,,9.642105263157894e-07,3664,,,,,,,,
24,,,,,,,,,3664,0.05991998687386513,,,,,,,
,,,,,,,,9.655263157894736e-07,3669,,,,,,,,
24,,,,,,,,,3669,0.0700189620256424,,,,,,,
,,,,,,,,9.668421052631578e-07,3674,,,,,,,,
24,,,,,,,,,3674,0.08957644551992416,,,,,,,
,,,,,,,,9.68157894736842e-07,3679,,,,,,,,
24,,,,,,,,,3679,0.048834457993507385,,,,,,,
,,,,,,,,9.694736842105263e-07,3684,,,,,,,,
24,,,,,,,,,3684,0.08102217316627502,,,,,,,
,,,,,,,,9.707894736842105e-07,3689,,,,,,,,
24,,,,,,,,,3689,0.06238635256886482,,,,,,,
,,,,,,,,9.721052631578947e-07,3694,,,,,,,,
24,,,,,,,,,3694,0.02539047785103321,,,,,,,
,,,,,,,,9.734210526315789e-07,3699,,,,,,,,
24,,,,,,,,,3699,0.029650330543518066,,,,,,,
,,,,,,,,9.74736842105263e-07,3704,,,,,,,,
24,,,,,,,,,3704,0.03373178467154503,,,,,,,
,,,,,,,,9.760526315789473e-07,3709,,,,,,,,
24,,,,,,,,,3709,0.029759004712104797,,,,,,,
,,,,,,,,9.773684210526315e-07,3714,,,,,,,,
24,,,,,,,,,3714,0.03040221519768238,,,,,,,
,,,,,,,,9.786842105263157e-07,3719,,,,,,,,
24,,,,,,,,,3719,0.05316543951630592,,,,,,,
,,,,,,,,9.8e-07,3724,,,,,,,,
24,,,,,,,,,3724,0.0546143613755703,,,,,,,
,,,,,,,,9.813157894736841e-07,3729,,,,,,,,
24,,,,,,,,,3729,0.09697488695383072,,,,,,,
,,,,,,,,9.826315789473684e-07,3734,,,,,,,,
24,,,,,,,,,3734,0.03436475992202759,,,,,,,
,,,,,,,,9.839473684210526e-07,3739,,,,,,,,
24,,,,,,,,,3739,0.02858024835586548,,,,,,,
,,,,,,,,9.852631578947368e-07,3744,,,,,,,,
24,,,,,,,,,3744,0.046301912516355515,,,,,,,
,,,,,,,,9.86578947368421e-07,3749,,,,,,,,
24,,,,,,,,,3749,0.018231095746159554,,,,,,,
,,,,,,,,9.878947368421052e-07,3754,,,,,,,,
24,,,,,,,,,3754,0.09122397750616074,,,,,,,
,,,,,,,,9.892105263157894e-07,3759,,,,,,,,
24,,,,,,,,,3759,0.047396980226039886,,,,,,,
,,,,,,,,9.905263157894736e-07,3764,,,,,,,,
24,,,,,,,,,3764,0.034222740679979324,,,,,,,
,,,,,,,,9.918421052631578e-07,3769,,,,,,,,
24,,,,,,,,,3769,0.07484173774719238,,,,,,,
,,,,,,,,9.93157894736842e-07,3774,,,,,,,,
24,,,,,,,,,3774,0.06363943964242935,,,,,,,
,,,,,,,,9.944736842105262e-07,3779,,,,,,,,
24,,,,,,,,,3779,0.03399675339460373,,,,,,,
,,,,,,,,9.957894736842104e-07,3784,,,,,,,,
24,,,,,,,,,3784,0.09501678496599197,,,,,,,
,,,,,,,,9.971052631578947e-07,3789,,,,,,,,
24,,,,,,,,,3789,0.04534279555082321,,,,,,,
,,,,,,,,9.984210526315789e-07,3794,,,,,,,,
24,,,,,,,,,3794,0.08272736519575119,,,,,,,
,,,,,,,,9.99736842105263e-07,3799,,,,,,,,
24,,,,,,,,,3799,0.04439030587673187,,,,,,,
24,,,,,,,,,3799,0.0850028246641159,0.612500011920929,0.6868686676025391,0.0850028246641159,0.14925602078437805,0.6415094137191772,0.739130437374115,0.1514192819595337
,,,,,,,,9.989473684210526e-07,3804,,,,,,,,
25,,,,,,,,,3804,0.05389350652694702,,,,,,,
,,,,,,,,9.976315789473684e-07,3809,,,,,,,,
25,,,,,,,,,3809,0.03845854103565216,,,,,,,
,,,,,,,,9.963157894736842e-07,3814,,,,,,,,
25,,,,,,,,,3814,0.05560477450489998,,,,,,,
,,,,,,,,9.95e-07,3819,,,,,,,,
25,,,,,,,,,3819,0.05500471591949463,,,,,,,
,,,,,,,,9.936842105263158e-07,3824,,,,,,,,
25,,,,,,,,,3824,0.03340431675314903,,,,,,,
,,,,,,,,9.923684210526316e-07,3829,,,,,,,,
25,,,,,,,,,3829,0.07907545566558838,,,,,,,
,,,,,,,,9.910526315789474e-07,3834,,,,,,,,
25,,,,,,,,,3834,0.046664778143167496,,,,,,,
,,,,,,,,9.897368421052632e-07,3839,,,,,,,,
25,,,,,,,,,3839,0.09365148097276688,,,,,,,
,,,,,,,,9.88421052631579e-07,3844,,,,,,,,
25,,,,,,,,,3844,0.05050646513700485,,,,,,,
,,,,,,,,9.871052631578947e-07,3849,,,,,,,,
25,,,,,,,,,3849,0.04411552846431732,,,,,,,
,,,,,,,,9.857894736842105e-07,3854,,,,,,,,
25,,,,,,,,,3854,0.07678411155939102,,,,,,,
,,,,,,,,9.844736842105263e-07,3859,,,,,,,,
25,,,,,,,,,3859,0.04372861608862877,,,,,,,
,,,,,,,,9.831578947368421e-07,3864,,,,,,,,
25,,,,,,,,,3864,0.06908261775970459,,,,,,,
,,,,,,,,9.818421052631577e-07,3869,,,,,,,,
25,,,,,,,,,3869,0.023558486253023148,,,,,,,
,,,,,,,,9.805263157894737e-07,3874,,,,,,,,
25,,,,,,,,,3874,0.07768846303224564,,,,,,,
,,,,,,,,9.792105263157893e-07,3879,,,,,,,,
25,,,,,,,,,3879,0.038133405148983,,,,,,,
,,,,,,,,9.778947368421053e-07,3884,,,,,,,,
25,,,,,,,,,3884,0.02716747671365738,,,,,,,
,,,,,,,,9.76578947368421e-07,3889,,,,,,,,
25,,,,,,,,,3889,0.08664775639772415,,,,,,,
,,,,,,,,9.752631578947369e-07,3894,,,,,,,,
25,,,,,,,,,3894,0.09312276542186737,,,,,,,
,,,,,,,,9.739473684210527e-07,3899,,,,,,,,
25,,,,,,,,,3899,0.07552137225866318,,,,,,,
,,,,,,,,9.726315789473684e-07,3904,,,,,,,,
25,,,,,,,,,3904,0.05860518664121628,,,,,,,
,,,,,,,,9.713157894736842e-07,3909,,,,,,,,
25,,,,,,,,,3909,0.05263292416930199,,,,,,,
,,,,,,,,9.7e-07,3914,,,,,,,,
25,,,,,,,,,3914,0.07150635123252869,,,,,,,
,,,,,,,,9.686842105263158e-07,3919,,,,,,,,
25,,,,,,,,,3919,0.09509944170713425,,,,,,,
,,,,,,,,9.673684210526314e-07,3924,,,,,,,,
25,,,,,,,,,3924,0.0407833494246006,,,,,,,
,,,,,,,,9.660526315789474e-07,3929,,,,,,,,
25,,,,,,,,,3929,0.056464776396751404,,,,,,,
,,,,,,,,9.64736842105263e-07,3934,,,,,,,,
25,,,,,,,,,3934,0.09446239471435547,,,,,,,
,,,,,,,,9.63421052631579e-07,3939,,,,,,,,
25,,,,,,,,,3939,0.02088393084704876,,,,,,,
,,,,,,,,9.621052631578946e-07,3944,,,,,,,,
25,,,,,,,,,3944,0.07789086550474167,,,,,,,
,,,,,,,,9.607894736842106e-07,3949,,,,,,,,
25,,,,,,,,,3949,0.025769567117094994,,,,,,,
25,,,,,,,,,3951,0.08614946901798248,0.6000000238418579,0.692307710647583,0.08614946901798248,0.15382200479507446,0.6206896305084229,0.782608687877655,0.16955438256263733
,,,,,,,,9.594736842105264e-07,3954,,,,,,,,
26,,,,,,,,,3954,0.07524006813764572,,,,,,,
,,,,,,,,9.581578947368421e-07,3959,,,,,,,,
26,,,,,,,,,3959,0.042856816202402115,,,,,,,
,,,,,,,,9.56842105263158e-07,3964,,,,,,,,
26,,,,,,,,,3964,0.06509377807378769,,,,,,,
,,,,,,,,9.555263157894737e-07,3969,,,,,,,,
26,,,,,,,,,3969,0.06067463383078575,,,,,,,
,,,,,,,,9.542105263157895e-07,3974,,,,,,,,
26,,,,,,,,,3974,0.10080631822347641,,,,,,,
,,,,,,,,9.528947368421052e-07,3979,,,,,,,,
26,,,,,,,,,3979,0.05536891147494316,,,,,,,
,,,,,,,,9.51578947368421e-07,3984,,,,,,,,
26,,,,,,,,,3984,0.07472880929708481,,,,,,,
,,,,,,,,9.502631578947368e-07,3989,,,,,,,,
26,,,,,,,,,3989,0.06929878145456314,,,,,,,
,,,,,,,,9.489473684210526e-07,3994,,,,,,,,
26,,,,,,,,,3994,0.04312277212738991,,,,,,,
,,,,,,,,9.476315789473684e-07,3999,,,,,,,,
26,,,,,,,,,3999,0.036602698266506195,,,,,,,
,,,,,,,,9.463157894736842e-07,4004,,,,,,,,
26,,,,,,,,,4004,0.0719187781214714,,,,,,,
,,,,,,,,9.45e-07,4009,,,,,,,,
26,,,,,,,,,4009,0.051523953676223755,,,,,,,
,,,,,,,,9.436842105263157e-07,4014,,,,,,,,
26,,,,,,,,,4014,0.0451672188937664,,,,,,,
,,,,,,,,9.423684210526316e-07,4019,,,,,,,,
26,,,,,,,,,4019,0.012977708131074905,,,,,,,
,,,,,,,,9.410526315789473e-07,4024,,,,,,,,
26,,,,,,,,,4024,0.02989501878619194,,,,,,,
,,,,,,,,9.397368421052631e-07,4029,,,,,,,,
26,,,,,,,,,4029,0.04461662471294403,,,,,,,
,,,,,,,,9.384210526315789e-07,4034,,,,,,,,
26,,,,,,,,,4034,0.03618149086833,,,,,,,
,,,,,,,,9.371052631578947e-07,4039,,,,,,,,
26,,,,,,,,,4039,0.09007535129785538,,,,,,,
,,,,,,,,9.357894736842105e-07,4044,,,,,,,,
26,,,,,,,,,4044,0.04266848415136337,,,,,,,
,,,,,,,,9.344736842105263e-07,4049,,,,,,,,
26,,,,,,,,,4049,0.07919281721115112,,,,,,,
,,,,,,,,9.331578947368421e-07,4054,,,,,,,,
26,,,,,,,,,4054,0.0293740127235651,,,,,,,
,,,,,,,,9.318421052631579e-07,4059,,,,,,,,
26,,,,,,,,,4059,0.02849852666258812,,,,,,,
,,,,,,,,9.305263157894737e-07,4064,,,,,,,,
26,,,,,,,,,4064,0.08979775011539459,,,,,,,
,,,,,,,,9.292105263157894e-07,4069,,,,,,,,
26,,,,,,,,,4069,0.07246065884828568,,,,,,,
,,,,,,,,9.278947368421051e-07,4074,,,,,,,,
26,,,,,,,,,4074,0.06273822486400604,,,,,,,
,,,,,,,,9.26578947368421e-07,4079,,,,,,,,
26,,,,,,,,,4079,0.08217839151620865,,,,,,,
,,,,,,,,9.252631578947367e-07,4084,,,,,,,,
26,,,,,,,,,4084,0.04515502229332924,,,,,,,
,,,,,,,,9.239473684210526e-07,4089,,,,,,,,
26,,,,,,,,,4089,0.06153913214802742,,,,,,,
,,,,,,,,9.226315789473684e-07,4094,,,,,,,,
26,,,,,,,,,4094,0.027064338326454163,,,,,,,
,,,,,,,,9.213157894736842e-07,4099,,,,,,,,
26,,,,,,,,,4099,0.023597894236445427,,,,,,,
26,,,,,,,,,4103,0.08467625081539154,0.6000000238418579,0.686274528503418,0.08467625081539154,0.16629353165626526,0.625,0.760869562625885,0.17646802961826324
,,,,,,,,9.2e-07,4104,,,,,,,,
27,,,,,,,,,4104,0.048701971769332886,,,,,,,
,,,,,,,,9.186842105263158e-07,4109,,,,,,,,
27,,,,,,,,,4109,0.06239749863743782,,,,,,,
,,,,,,,,9.173684210526316e-07,4114,,,,,,,,
27,,,,,,,,,4114,0.050062257796525955,,,,,,,
,,,,,,,,9.160526315789472e-07,4119,,,,,,,,
27,,,,,,,,,4119,0.02570677362382412,,,,,,,
,,,,,,,,9.147368421052631e-07,4124,,,,,,,,
27,,,,,,,,,4124,0.029725387692451477,,,,,,,
,,,,,,,,9.134210526315788e-07,4129,,,,,,,,
27,,,,,,,,,4129,0.0423722006380558,,,,,,,
,,,,,,,,9.121052631578947e-07,4134,,,,,,,,
27,,,,,,,,,4134,0.0305477362126112,,,,,,,
,,,,,,,,9.107894736842104e-07,4139,,,,,,,,
27,,,,,,,,,4139,0.07988033443689346,,,,,,,
,,,,,,,,9.094736842105263e-07,4144,,,,,,,,
27,,,,,,,,,4144,0.04525023326277733,,,,,,,
,,,,,,,,9.08157894736842e-07,4149,,,,,,,,
27,,,,,,,,,4149,0.038943883031606674,,,,,,,
,,,,,,,,9.068421052631579e-07,4154,,,,,,,,
27,,,,,,,,,4154,0.07472927868366241,,,,,,,
,,,,,,,,9.055263157894737e-07,4159,,,,,,,,
27,,,,,,,,,4159,0.0527614951133728,,,,,,,
,,,,,,,,9.042105263157895e-07,4164,,,,,,,,
27,,,,,,,,,4164,0.05026721581816673,,,,,,,
,,,,,,,,9.028947368421053e-07,4169,,,,,,,,
27,,,,,,,,,4169,0.05303593724966049,,,,,,,
,,,,,,,,9.015789473684209e-07,4174,,,,,,,,
27,,,,,,,,,4174,0.05075250566005707,,,,,,,
,,,,,,,,9.002631578947368e-07,4179,,,,,,,,
27,,,,,,,,,4179,0.0704050287604332,,,,,,,
,,,,,,,,8.989473684210525e-07,4184,,,,,,,,
27,,,,,,,,,4184,0.04807410389184952,,,,,,,
,,,,,,,,8.976315789473684e-07,4189,,,,,,,,
27,,,,,,,,,4189,0.05039059743285179,,,,,,,
,,,,,,,,8.963157894736841e-07,4194,,,,,,,,
27,,,,,,,,,4194,0.07983896136283875,,,,,,,
,,,,,,,,8.95e-07,4199,,,,,,,,
27,,,,,,,,,4199,0.06723913550376892,,,,,,,
,,,,,,,,8.936842105263157e-07,4204,,,,,,,,
27,,,,,,,,,4204,0.044191863387823105,,,,,,,
,,,,,,,,8.923684210526316e-07,4209,,,,,,,,
27,,,,,,,,,4209,0.07388132810592651,,,,,,,
,,,,,,,,8.910526315789473e-07,4214,,,,,,,,
27,,,,,,,,,4214,0.04274692386388779,,,,,,,
,,,,,,,,8.897368421052632e-07,4219,,,,,,,,
27,,,,,,,,,4219,0.07882305234670639,,,,,,,
,,,,,,,,8.88421052631579e-07,4224,,,,,,,,
27,,,,,,,,,4224,0.0446753054857254,,,,,,,
,,,,,,,,8.871052631578946e-07,4229,,,,,,,,
27,,,,,,,,,4229,0.06529384106397629,,,,,,,
,,,,,,,,8.857894736842105e-07,4234,,,,,,,,
27,,,,,,,,,4234,0.05445496737957001,,,,,,,
,,,,,,,,8.844736842105262e-07,4239,,,,,,,,
27,,,,,,,,,4239,0.04388858377933502,,,,,,,
,,,,,,,,8.831578947368421e-07,4244,,,,,,,,
27,,,,,,,,,4244,0.05348452180624008,,,,,,,
,,,,,,,,8.818421052631578e-07,4249,,,,,,,,
27,,,,,,,,,4249,0.05179205909371376,,,,,,,
,,,,,,,,8.805263157894737e-07,4254,,,,,,,,
27,,,,,,,,,4254,0.015100263990461826,,,,,,,
27,,,,,,,,,4255,0.08399762213230133,0.612500011920929,0.6990291476249695,0.08399762213230133,0.20033296942710876,0.6315789222717285,0.782608687877655,0.20490902662277222
,,,,,,,,8.792105263157894e-07,4259,,,,,,,,
28,,,,,,,,,4259,0.06510238349437714,,,,,,,
,,,,,,,,8.778947368421053e-07,4264,,,,,,,,
28,,,,,,,,,4264,0.02339223586022854,,,,,,,
,,,,,,,,8.76578947368421e-07,4269,,,,,,,,
28,,,,,,,,,4269,0.04624196141958237,,,,,,,
,,,,,,,,8.752631578947368e-07,4274,,,,,,,,
28,,,,,,,,,4274,0.01854449324309826,,,,,,,
,,,,,,,,8.739473684210526e-07,4279,,,,,,,,
28,,,,,,,,,4279,0.01366199366748333,,,,,,,
,,,,,,,,8.726315789473683e-07,4284,,,,,,,,
28,,,,,,,,,4284,0.03788052126765251,,,,,,,
,,,,,,,,8.713157894736842e-07,4289,,,,,,,,
28,,,,,,,,,4289,0.03962523862719536,,,,,,,
,,,,,,,,8.699999999999999e-07,4294,,,,,,,,
28,,,,,,,,,4294,0.04705037921667099,,,,,,,
,,,,,,,,8.686842105263158e-07,4299,,,,,,,,
28,,,,,,,,,4299,0.014017967507243156,,,,,,,
,,,,,,,,8.673684210526315e-07,4304,,,,,,,,
28,,,,,,,,,4304,0.058231089264154434,,,,,,,
,,,,,,,,8.660526315789474e-07,4309,,,,,,,,
28,,,,,,,,,4309,0.056687772274017334,,,,,,,
,,,,,,,,8.647368421052631e-07,4314,,,,,,,,
28,,,,,,,,,4314,0.026907904073596,,,,,,,
,,,,,,,,8.63421052631579e-07,4319,,,,,,,,
28,,,,,,,,,4319,0.03720831125974655,,,,,,,
,,,,,,,,8.621052631578947e-07,4324,,,,,,,,
28,,,,,,,,,4324,0.10892485082149506,,,,,,,
,,,,,,,,8.607894736842105e-07,4329,,,,,,,,
28,,,,,,,,,4329,0.04660802707076073,,,,,,,
,,,,,,,,8.594736842105263e-07,4334,,,,,,,,
28,,,,,,,,,4334,0.059474289417266846,,,,,,,
,,,,,,,,8.58157894736842e-07,4339,,,,,,,,
28,,,,,,,,,4339,0.023732701316475868,,,,,,,
,,,,,,,,8.568421052631578e-07,4344,,,,,,,,
28,,,,,,,,,4344,0.047049425542354584,,,,,,,
,,,,,,,,8.555263157894736e-07,4349,,,,,,,,
28,,,,,,,,,4349,0.04763726890087128,,,,,,,
,,,,,,,,8.542105263157894e-07,4354,,,,,,,,
28,,,,,,,,,4354,0.02800031378865242,,,,,,,
,,,,,,,,8.528947368421052e-07,4359,,,,,,,,
28,,,,,,,,,4359,0.0773724839091301,,,,,,,
,,,,,,,,8.515789473684211e-07,4364,,,,,,,,
28,,,,,,,,,4364,0.07345929741859436,,,,,,,
,,,,,,,,8.502631578947368e-07,4369,,,,,,,,
28,,,,,,,,,4369,0.05267692729830742,,,,,,,
,,,,,,,,8.489473684210526e-07,4374,,,,,,,,
28,,,,,,,,,4374,0.06638489663600922,,,,,,,
,,,,,,,,8.476315789473684e-07,4379,,,,,,,,
28,,,,,,,,,4379,0.036054059863090515,,,,,,,
,,,,,,,,8.463157894736842e-07,4384,,,,,,,,
28,,,,,,,,,4384,0.05164037272334099,,,,,,,
,,,,,,,,8.45e-07,4389,,,,,,,,
28,,,,,,,,,4389,0.016967248171567917,,,,,,,
,,,,,,,,8.436842105263157e-07,4394,,,,,,,,
28,,,,,,,,,4394,0.02444746531546116,,,,,,,
,,,,,,,,8.423684210526315e-07,4399,,,,,,,,
28,,,,,,,,,4399,0.03302439674735069,,,,,,,
,,,,,,,,8.410526315789473e-07,4404,,,,,,,,
28,,,,,,,,,4404,0.07783236354589462,,,,,,,
28,,,,,,,,,4407,0.08187347650527954,0.625,0.6938775777816772,0.08187347650527954,0.20683151483535767,0.6538461446762085,0.739130437374115,0.2100619673728943
,,,,,,,,8.397368421052631e-07,4409,,,,,,,,
29,,,,,,,,,4409,0.08450494706630707,,,,,,,
,,,,,,,,8.384210526315789e-07,4414,,,,,,,,
29,,,,,,,,,4414,0.02492564357817173,,,,,,,
,,,,,,,,8.371052631578946e-07,4419,,,,,,,,
29,,,,,,,,,4419,0.05188426375389099,,,,,,,
,,,,,,,,8.357894736842105e-07,4424,,,,,,,,
29,,,,,,,,,4424,0.06444734334945679,,,,,,,
,,,,,,,,8.344736842105263e-07,4429,,,,,,,,
29,,,,,,,,,4429,0.044039126485586166,,,,,,,
,,,,,,,,8.331578947368421e-07,4434,,,,,,,,
29,,,,,,,,,4434,0.05172131955623627,,,,,,,
,,,,,,,,8.318421052631579e-07,4439,,,,,,,,
29,,,,,,,,,4439,0.021446749567985535,,,,,,,
,,,,,,,,8.305263157894737e-07,4444,,,,,,,,
29,,,,,,,,,4444,0.02679848112165928,,,,,,,
,,,,,,,,8.292105263157894e-07,4449,,,,,,,,
29,,,,,,,,,4449,0.04772887006402016,,,,,,,
,,,,,,,,8.278947368421052e-07,4454,,,,,,,,
29,,,,,,,,,4454,0.018646858632564545,,,,,,,
,,,,,,,,8.26578947368421e-07,4459,,,,,,,,
29,,,,,,,,,4459,0.02822715789079666,,,,,,,
,,,,,,,,8.252631578947368e-07,4464,,,,,,,,
29,,,,,,,,,4464,0.05371662229299545,,,,,,,
,,,,,,,,8.239473684210526e-07,4469,,,,,,,,
29,,,,,,,,,4469,0.04015699028968811,,,,,,,
,,,,,,,,8.226315789473683e-07,4474,,,,,,,,
29,,,,,,,,,4474,0.10680846124887466,,,,,,,
,,,,,,,,8.213157894736842e-07,4479,,,,,,,,
29,,,,,,,,,4479,0.038306087255477905,,,,,,,
,,,,,,,,8.199999999999999e-07,4484,,,,,,,,
29,,,,,,,,,4484,0.03141365200281143,,,,,,,
,,,,,,,,8.186842105263158e-07,4489,,,,,,,,
29,,,,,,,,,4489,0.018043389543890953,,,,,,,
,,,,,,,,8.173684210526316e-07,4494,,,,,,,,
29,,,,,,,,,4494,0.03666707128286362,,,,,,,
,,,,,,,,8.160526315789474e-07,4499,,,,,,,,
29,,,,,,,,,4499,0.09676944464445114,,,,,,,
,,,,,,,,8.147368421052631e-07,4504,,,,,,,,
29,,,,,,,,,4504,0.05342136695981026,,,,,,,
,,,,,,,,8.134210526315789e-07,4509,,,,,,,,
29,,,,,,,,,4509,0.04018029198050499,,,,,,,
,,,,,,,,8.121052631578947e-07,4514,,,,,,,,
29,,,,,,,,,4514,0.05792321637272835,,,,,,,
,,,,,,,,8.107894736842105e-07,4519,,,,,,,,
29,,,,,,,,,4519,0.052343979477882385,,,,,,,
,,,,,,,,8.094736842105263e-07,4524,,,,,,,,
29,,,,,,,,,4524,0.10057149082422256,,,,,,,
,,,,,,,,8.08157894736842e-07,4529,,,,,,,,
29,,,,,,,,,4529,0.06558319926261902,,,,,,,
,,,,,,,,8.068421052631579e-07,4534,,,,,,,,
29,,,,,,,,,4534,0.03707142546772957,,,,,,,
,,,,,,,,8.055263157894736e-07,4539,,,,,,,,
29,,,,,,,,,4539,0.06711258739233017,,,,,,,
,,,,,,,,8.042105263157895e-07,4544,,,,,,,,
29,,,,,,,,,4544,0.0186326764523983,,,,,,,
,,,,,,,,8.028947368421052e-07,4549,,,,,,,,
29,,,,,,,,,4549,0.033797480165958405,,,,,,,
,,,,,,,,8.015789473684211e-07,4554,,,,,,,,
29,,,,,,,,,4554,0.03461722657084465,,,,,,,
,,,,,,,,8.002631578947367e-07,4559,,,,,,,,
29,,,,,,,,,4559,0.04815879091620445,,,,,,,
29,,,,,,,,,4559,0.08274445682764053,0.5874999761581421,0.6796116232872009,0.08274445682764053,0.22229023277759552,0.6140350699424744,0.760869562625885,0.22135385870933533
,,,,,,,,7.989473684210526e-07,4564,,,,,,,,
30,,,,,,,,,4564,0.026023276150226593,,,,,,,
,,,,,,,,7.976315789473684e-07,4569,,,,,,,,
30,,,,,,,,,4569,0.049090247601270676,,,,,,,
,,,,,,,,7.963157894736841e-07,4574,,,,,,,,
30,,,,,,,,,4574,0.024190625175833702,,,,,,,
,,,,,,,,7.95e-07,4579,,,,,,,,
30,,,,,,,,,4579,0.03275540471076965,,,,,,,
,,,,,,,,7.936842105263157e-07,4584,,,,,,,,
30,,,,,,,,,4584,0.058804064989089966,,,,,,,
,,,,,,,,7.923684210526316e-07,4589,,,,,,,,
30,,,,,,,,,4589,0.025850946083664894,,,,,,,
,,,,,,,,7.910526315789473e-07,4594,,,,,,,,
30,,,,,,,,,4594,0.040623001754283905,,,,,,,
,,,,,,,,7.897368421052632e-07,4599,,,,,,,,
30,,,,,,,,,4599,0.026149967685341835,,,,,,,
,,,,,,,,7.884210526315789e-07,4604,,,,,,,,
30,,,,,,,,,4604,0.0345134399831295,,,,,,,
,,,,,,,,7.871052631578948e-07,4609,,,,,,,,
30,,,,,,,,,4609,0.04096685349941254,,,,,,,
,,,,,,,,7.857894736842104e-07,4614,,,,,,,,
30,,,,,,,,,4614,0.034433722496032715,,,,,,,
,,,,,,,,7.844736842105263e-07,4619,,,,,,,,
30,,,,,,,,,4619,0.051029764115810394,,,,,,,
,,,,,,,,7.83157894736842e-07,4624,,,,,,,,
30,,,,,,,,,4624,0.04617905616760254,,,,,,,
,,,,,,,,7.818421052631578e-07,4629,,,,,,,,
30,,,,,,,,,4629,0.05191655457019806,,,,,,,
,,,,,,,,7.805263157894737e-07,4634,,,,,,,,
30,,,,,,,,,4634,0.028977908194065094,,,,,,,
,,,,,,,,7.792105263157894e-07,4639,,,,,,,,
30,,,,,,,,,4639,0.04114444553852081,,,,,,,
,,,,,,,,7.778947368421053e-07,4644,,,,,,,,
30,,,,,,,,,4644,0.018240051344037056,,,,,,,
,,,,,,,,7.76578947368421e-07,4649,,,,,,,,
30,,,,,,,,,4649,0.023863624781370163,,,,,,,
,,,,,,,,7.752631578947369e-07,4654,,,,,,,,
30,,,,,,,,,4654,0.040891073644161224,,,,,,,
,,,,,,,,7.739473684210526e-07,4659,,,,,,,,
30,,,,,,,,,4659,0.02389596775174141,,,,,,,
,,,,,,,,7.726315789473685e-07,4664,,,,,,,,
30,,,,,,,,,4664,0.013192713260650635,,,,,,,
,,,,,,,,7.713157894736841e-07,4669,,,,,,,,
30,,,,,,,,,4669,0.048650067299604416,,,,,,,
,,,,,,,,7.699999999999999e-07,4674,,,,,,,,
30,,,,,,,,,4674,0.036651611328125,,,,,,,
,,,,,,,,7.686842105263157e-07,4679,,,,,,,,
30,,,,,,,,,4679,0.04531804099678993,,,,,,,
,,,,,,,,7.673684210526315e-07,4684,,,,,,,,
30,,,,,,,,,4684,0.10432376712560654,,,,,,,
,,,,,,,,7.660526315789473e-07,4689,,,,,,,,
30,,,,,,,,,4689,0.028187880292534828,,,,,,,
,,,,,,,,7.647368421052631e-07,4694,,,,,,,,
30,,,,,,,,,4694,0.049677833914756775,,,,,,,
,,,,,,,,7.63421052631579e-07,4699,,,,,,,,
30,,,,,,,,,4699,0.08518166840076447,,,,,,,
,,,,,,,,7.621052631578947e-07,4704,,,,,,,,
30,,,,,,,,,4704,0.022468406707048416,,,,,,,
,,,,,,,,7.607894736842106e-07,4709,,,,,,,,
30,,,,,,,,,4709,0.019617848098278046,,,,,,,
30,,,,,,,,,4711,0.08182422816753387,0.612500011920929,0.6930692791938782,0.08182422816753387,0.23318815231323242,0.6363636255264282,0.760869562625885,0.2298521250486374
,,,,,,,,7.594736842105263e-07,4714,,,,,,,,
31,,,,,,,,,4714,0.025443807244300842,,,,,,,
,,,,,,,,7.581578947368422e-07,4719,,,,,,,,
31,,,,,,,,,4719,0.06607286632061005,,,,,,,
,,,,,,,,7.568421052631578e-07,4724,,,,,,,,
31,,,,,,,,,4724,0.061201222240924835,,,,,,,
,,,,,,,,7.555263157894736e-07,4729,,,,,,,,
31,,,,,,,,,4729,0.04433611035346985,,,,,,,
,,,,,,,,7.542105263157894e-07,4734,,,,,,,,
31,,,,,,,,,4734,0.040218230336904526,,,,,,,
,,,,,,,,7.528947368421052e-07,4739,,,,,,,,
31,,,,,,,,,4739,0.044430896639823914,,,,,,,
,,,,,,,,7.51578947368421e-07,4744,,,,,,,,
31,,,,,,,,,4744,0.017965516075491905,,,,,,,
,,,,,,,,7.502631578947368e-07,4749,,,,,,,,
31,,,,,,,,,4749,0.03541974350810051,,,,,,,
,,,,,,,,7.489473684210526e-07,4754,,,,,,,,
31,,,,,,,,,4754,0.04948623850941658,,,,,,,
,,,,,,,,7.476315789473684e-07,4759,,,,,,,,
31,,,,,,,,,4759,0.03691387549042702,,,,,,,
,,,,,,,,7.463157894736843e-07,4764,,,,,,,,
31,,,,,,,,,4764,0.047184087336063385,,,,,,,
,,,,,,,,7.45e-07,4769,,,,,,,,
31,,,,,,,,,4769,0.04643494263291359,,,,,,,
,,,,,,,,7.436842105263158e-07,4774,,,,,,,,
31,,,,,,,,,4774,0.05224510282278061,,,,,,,
,,,,,,,,7.423684210526315e-07,4779,,,,,,,,
31,,,,,,,,,4779,0.06001017615199089,,,,,,,
,,,,,,,,7.410526315789473e-07,4784,,,,,,,,
31,,,,,,,,,4784,0.047189097851514816,,,,,,,
,,,,,,,,7.397368421052631e-07,4789,,,,,,,,
31,,,,,,,,,4789,0.04337364062666893,,,,,,,
,,,,,,,,7.384210526315789e-07,4794,,,,,,,,
31,,,,,,,,,4794,0.022177640348672867,,,,,,,
,,,,,,,,7.371052631578947e-07,4799,,,,,,,,
31,,,,,,,,,4799,0.04468824714422226,,,,,,,
,,,,,,,,7.357894736842105e-07,4804,,,,,,,,
31,,,,,,,,,4804,0.04007656127214432,,,,,,,
,,,,,,,,7.344736842105263e-07,4809,,,,,,,,
31,,,,,,,,,4809,0.028380868956446648,,,,,,,
,,,,,,,,7.331578947368421e-07,4814,,,,,,,,
31,,,,,,,,,4814,0.03858231380581856,,,,,,,
,,,,,,,,7.318421052631578e-07,4819,,,,,,,,
31,,,,,,,,,4819,0.09022179245948792,,,,,,,
,,,,,,,,7.305263157894737e-07,4824,,,,,,,,
31,,,,,,,,,4824,0.05892618000507355,,,,,,,
,,,,,,,,7.292105263157893e-07,4829,,,,,,,,
31,,,,,,,,,4829,0.052938975393772125,,,,,,,
,,,,,,,,7.278947368421052e-07,4834,,,,,,,,
31,,,,,,,,,4834,0.030833862721920013,,,,,,,
,,,,,,,,7.26578947368421e-07,4839,,,,,,,,
31,,,,,,,,,4839,0.01259789988398552,,,,,,,
,,,,,,,,7.252631578947368e-07,4844,,,,,,,,
31,,,,,,,,,4844,0.04807997867465019,,,,,,,
,,,,,,,,7.239473684210526e-07,4849,,,,,,,,
31,,,,,,,,,4849,0.05017072707414627,,,,,,,
,,,,,,,,7.226315789473684e-07,4854,,,,,,,,
31,,,,,,,,,4854,0.0425984151661396,,,,,,,
,,,,,,,,7.213157894736842e-07,4859,,,,,,,,
31,,,,,,,,,4859,0.0514199398458004,,,,,,,
31,,,,,,,,,4863,0.08086580783128738,0.574999988079071,0.6600000262260437,0.08086580783128738,0.23941582441329956,0.6111111044883728,0.717391312122345,0.2276923507452011
,,,,,,,,7.2e-07,4864,,,,,,,,
32,,,,,,,,,4864,0.0059553468599915504,,,,,,,
,,,,,,,,7.186842105263158e-07,4869,,,,,,,,
32,,,,,,,,,4869,0.024184726178646088,,,,,,,
,,,,,,,,7.173684210526315e-07,4874,,,,,,,,
32,,,,,,,,,4874,0.03662026673555374,,,,,,,
,,,,,,,,7.160526315789474e-07,4879,,,,,,,,
32,,,,,,,,,4879,0.038366012275218964,,,,,,,
,,,,,,,,7.14736842105263e-07,4884,,,,,,,,
32,,,,,,,,,4884,0.03647633269429207,,,,,,,
,,,,,,,,7.134210526315789e-07,4889,,,,,,,,
32,,,,,,,,,4889,0.028505904600024223,,,,,,,
,,,,,,,,7.121052631578946e-07,4894,,,,,,,,
32,,,,,,,,,4894,0.07392223179340363,,,,,,,
,,,,,,,,7.107894736842105e-07,4899,,,,,,,,
32,,,,,,,,,4899,0.03872215002775192,,,,,,,
,,,,,,,,7.094736842105263e-07,4904,,,,,,,,
32,,,,,,,,,4904,0.025615837424993515,,,,,,,
,,,,,,,,7.081578947368421e-07,4909,,,,,,,,
32,,,,,,,,,4909,0.0438460111618042,,,,,,,
,,,,,,,,7.068421052631579e-07,4914,,,,,,,,
32,,,,,,,,,4914,0.033179450780153275,,,,,,,
,,,,,,,,7.055263157894737e-07,4919,,,,,,,,
32,,,,,,,,,4919,0.03823740780353546,,,,,,,
,,,,,,,,7.042105263157895e-07,4924,,,,,,,,
32,,,,,,,,,4924,0.08634044975042343,,,,,,,
,,,,,,,,7.028947368421052e-07,4929,,,,,,,,
32,,,,,,,,,4929,0.03088963031768799,,,,,,,
,,,,,,,,7.015789473684211e-07,4934,,,,,,,,
32,,,,,,,,,4934,0.04724249616265297,,,,,,,
,,,,,,,,7.002631578947367e-07,4939,,,,,,,,
32,,,,,,,,,4939,0.026763204485177994,,,,,,,
,,,,,,,,6.989473684210526e-07,4944,,,,,,,,
32,,,,,,,,,4944,0.026402227580547333,,,,,,,
,,,,,,,,6.976315789473683e-07,4949,,,,,,,,
32,,,,,,,,,4949,0.0383969210088253,,,,,,,
,,,,,,,,6.963157894736842e-07,4954,,,,,,,,
32,,,,,,,,,4954,0.04170871526002884,,,,,,,
,,,,,,,,6.949999999999999e-07,4959,,,,,,,,
32,,,,,,,,,4959,0.034063007682561874,,,,,,,
,,,,,,,,6.936842105263158e-07,4964,,,,,,,,
32,,,,,,,,,4964,0.07562239468097687,,,,,,,
,,,,,,,,6.923684210526316e-07,4969,,,,,,,,
32,,,,,,,,,4969,0.060385748744010925,,,,,,,
,,,,,,,,6.910526315789473e-07,4974,,,,,,,,
32,,,,,,,,,4974,0.011940308846533298,,,,,,,
,,,,,,,,6.897368421052632e-07,4979,,,,,,,,
32,,,,,,,,,4979,0.048260074108839035,,,,,,,
,,,,,,,,6.884210526315789e-07,4984,,,,,,,,
32,,,,,,,,,4984,0.016345547512173653,,,,,,,
,,,,,,,,6.871052631578948e-07,4989,,,,,,,,
32,,,,,,,,,4989,0.032379526644945145,,,,,,,
,,,,,,,,6.857894736842104e-07,4994,,,,,,,,
32,,,,,,,,,4994,0.06499607861042023,,,,,,,
,,,,,,,,6.844736842105263e-07,4999,,,,,,,,
32,,,,,,,,,4999,0.03115999884903431,,,,,,,
,,,,,,,,6.83157894736842e-07,5004,,,,,,,,
32,,,,,,,,,5004,0.04433853179216385,,,,,,,
,,,,,,,,6.818421052631579e-07,5009,,,,,,,,
32,,,,,,,,,5009,0.05440584942698479,,,,,,,
,,,,,,,,6.805263157894736e-07,5014,,,,,,,,
32,,,,,,,,,5014,0.04639856144785881,,,,,,,
32,,,,,,,,,5015,0.0815015584230423,0.6000000238418579,0.686274528503418,0.0815015584230423,0.2512429356575012,0.625,0.760869562625885,0.2396298199892044
,,,,,,,,6.792105263157895e-07,5019,,,,,,,,
33,,,,,,,,,5019,0.07253029942512512,,,,,,,
,,,,,,,,6.778947368421052e-07,5024,,,,,,,,
33,,,,,,,,,5024,0.04381173476576805,,,,,,,
,,,,,,,,6.76578947368421e-07,5029,,,,,,,,
33,,,,,,,,,5029,0.031176498159766197,,,,,,,
,,,,,,,,6.752631578947368e-07,5034,,,,,,,,
33,,,,,,,,,5034,0.014051437377929688,,,,,,,
,,,,,,,,6.739473684210526e-07,5039,,,,,,,,
33,,,,,,,,,5039,0.031130537390708923,,,,,,,
,,,,,,,,6.726315789473685e-07,5044,,,,,,,,
33,,,,,,,,,5044,0.02103797346353531,,,,,,,
,,,,,,,,6.713157894736841e-07,5049,,,,,,,,
33,,,,,,,,,5049,0.05038171261548996,,,,,,,
,,,,,,,,6.7e-07,5054,,,,,,,,
33,,,,,,,,,5054,0.030061770230531693,,,,,,,
,,,,,,,,6.686842105263157e-07,5059,,,,,,,,
33,,,,,,,,,5059,0.06346061825752258,,,,,,,
,,,,,,,,6.673684210526316e-07,5064,,,,,,,,
33,,,,,,,,,5064,0.018066145479679108,,,,,,,
,,,,,,,,6.660526315789473e-07,5069,,,,,,,,
33,,,,,,,,,5069,0.029652299359440804,,,,,,,
,,,,,,,,6.647368421052631e-07,5074,,,,,,,,
33,,,,,,,,,5074,0.025094294920563698,,,,,,,
,,,,,,,,6.634210526315789e-07,5079,,,,,,,,
33,,,,,,,,,5079,0.047163113951683044,,,,,,,
,,,,,,,,6.621052631578947e-07,5084,,,,,,,,
33,,,,,,,,,5084,0.04971238970756531,,,,,,,
,,,,,,,,6.607894736842105e-07,5089,,,,,,,,
33,,,,,,,,,5089,0.024720745161175728,,,,,,,
,,,,,,,,6.594736842105263e-07,5094,,,,,,,,
33,,,,,,,,,5094,0.02719564363360405,,,,,,,
,,,,,,,,6.581578947368421e-07,5099,,,,,,,,
33,,,,,,,,,5099,0.0593414232134819,,,,,,,
,,,,,,,,6.568421052631578e-07,5104,,,,,,,,
33,,,,,,,,,5104,0.030322562903165817,,,,,,,
,,,,,,,,6.555263157894737e-07,5109,,,,,,,,
33,,,,,,,,,5109,0.04060622304677963,,,,,,,
,,,,,,,,6.542105263157894e-07,5114,,,,,,,,
33,,,,,,,,,5114,0.03981092572212219,,,,,,,
,,,,,,,,6.528947368421053e-07,5119,,,,,,,,
33,,,,,,,,,5119,0.019591225311160088,,,,,,,
,,,,,,,,6.51578947368421e-07,5124,,,,,,,,
33,,,,,,,,,5124,0.015017195604741573,,,,,,,
,,,,,,,,6.502631578947368e-07,5129,,,,,,,,
33,,,,,,,,,5129,0.052499376237392426,,,,,,,
,,,,,,,,6.489473684210526e-07,5134,,,,,,,,
33,,,,,,,,,5134,0.038725413382053375,,,,,,,
,,,,,,,,6.476315789473684e-07,5139,,,,,,,,
33,,,,,,,,,5139,0.021411597728729248,,,,,,,
,,,,,,,,6.463157894736842e-07,5144,,,,,,,,
33,,,,,,,,,5144,0.05795362591743469,,,,,,,
,,,,,,,,6.45e-07,5149,,,,,,,,
33,,,,,,,,,5149,0.019486546516418457,,,,,,,
,,,,,,,,6.436842105263158e-07,5154,,,,,,,,
33,,,,,,,,,5154,0.06153969094157219,,,,,,,
,,,,,,,,6.423684210526315e-07,5159,,,,,,,,
33,,,,,,,,,5159,0.01570533774793148,,,,,,,
,,,,,,,,6.410526315789473e-07,5164,,,,,,,,
33,,,,,,,,,5164,0.04558033123612404,,,,,,,
33,,,,,,,,,5167,0.08167483657598495,0.574999988079071,0.6600000262260437,0.08167483657598495,0.2453799992799759,0.6111111044883728,0.717391312122345,0.23331481218338013
,,,,,,,,6.397368421052631e-07,5169,,,,,,,,
34,,,,,,,,,5169,0.055856142193078995,,,,,,,
,,,,,,,,6.384210526315789e-07,5174,,,,,,,,
34,,,,,,,,,5174,0.033382028341293335,,,,,,,
,,,,,,,,6.371052631578947e-07,5179,,,,,,,,
34,,,,,,,,,5179,0.02292674407362938,,,,,,,
,,,,,,,,6.357894736842105e-07,5184,,,,,,,,
34,,,,,,,,,5184,0.08664674311876297,,,,,,,
,,,,,,,,6.344736842105263e-07,5189,,,,,,,,
34,,,,,,,,,5189,0.02286667376756668,,,,,,,
,,,,,,,,6.331578947368421e-07,5194,,,,,,,,
34,,,,,,,,,5194,0.031013455241918564,,,,,,,
,,,,,,,,6.318421052631579e-07,5199,,,,,,,,
34,,,,,,,,,5199,0.02934380993247032,,,,,,,
,,,,,,,,6.305263157894737e-07,5204,,,,,,,,
34,,,,,,,,,5204,0.06024407222867012,,,,,,,
,,,,,,,,6.292105263157895e-07,5209,,,,,,,,
34,,,,,,,,,5209,0.05335839092731476,,,,,,,
,,,,,,,,6.278947368421052e-07,5214,,,,,,,,
34,,,,,,,,,5214,0.03627801313996315,,,,,,,
,,,,,,,,6.265789473684209e-07,5219,,,,,,,,
34,,,,,,,,,5219,0.052327968180179596,,,,,,,
,,,,,,,,6.252631578947368e-07,5224,,,,,,,,
34,,,,,,,,,5224,0.03403734043240547,,,,,,,
,,,,,,,,6.239473684210525e-07,5229,,,,,,,,
34,,,,,,,,,5229,0.03622091934084892,,,,,,,
,,,,,,,,6.226315789473684e-07,5234,,,,,,,,
34,,,,,,,,,5234,0.014306093566119671,,,,,,,
,,,,,,,,6.213157894736842e-07,5239,,,,,,,,
34,,,,,,,,,5239,0.03978743404150009,,,,,,,
,,,,,,,,6.2e-07,5244,,,,,,,,
34,,,,,,,,,5244,0.0387692004442215,,,,,,,
,,,,,,,,6.186842105263158e-07,5249,,,,,,,,
34,,,,,,,,,5249,0.031624991446733475,,,,,,,
,,,,,,,,6.173684210526316e-07,5254,,,,,,,,
34,,,,,,,,,5254,0.03869086876511574,,,,,,,
,,,,,,,,6.160526315789474e-07,5259,,,,,,,,
34,,,,,,,,,5259,0.03476916626095772,,,,,,,
,,,,,,,,6.147368421052632e-07,5264,,,,,,,,
34,,,,,,,,,5264,0.03896785154938698,,,,,,,
,,,,,,,,6.13421052631579e-07,5269,,,,,,,,
34,,,,,,,,,5269,0.04338769614696503,,,,,,,
,,,,,,,,6.121052631578946e-07,5274,,,,,,,,
34,,,,,,,,,5274,0.01297994889318943,,,,,,,
,,,,,,,,6.107894736842105e-07,5279,,,,,,,,
34,,,,,,,,,5279,0.017644384875893593,,,,,,,
,,,,,,,,6.094736842105262e-07,5284,,,,,,,,
34,,,,,,,,,5284,0.014132393524050713,,,,,,,
,,,,,,,,6.081578947368421e-07,5289,,,,,,,,
34,,,,,,,,,5289,0.04033614695072174,,,,,,,
,,,,,,,,6.068421052631578e-07,5294,,,,,,,,
34,,,,,,,,,5294,0.017419280484318733,,,,,,,
,,,,,,,,6.055263157894737e-07,5299,,,,,,,,
34,,,,,,,,,5299,0.01681620627641678,,,,,,,
,,,,,,,,6.042105263157894e-07,5304,,,,,,,,
34,,,,,,,,,5304,0.052398402243852615,,,,,,,
,,,,,,,,6.028947368421053e-07,5309,,,,,,,,
34,,,,,,,,,5309,0.03503202646970749,,,,,,,
,,,,,,,,6.015789473684211e-07,5314,,,,,,,,
34,,,,,,,,,5314,0.05944128334522247,,,,,,,
,,,,,,,,6.002631578947369e-07,5319,,,,,,,,
34,,,,,,,,,5319,0.0022993816528469324,,,,,,,
34,,,,,,,,,5319,0.08024238049983978,0.5625,0.6315789222717285,0.08024238049983978,0.2507968842983246,0.6122449040412903,0.6521739363670349,0.23636667430400848
,,,,,,,,5.989473684210526e-07,5324,,,,,,,,
35,,,,,,,,,5324,0.05271367356181145,,,,,,,
,,,,,,,,5.976315789473683e-07,5329,,,,,,,,
35,,,,,,,,,5329,0.06823569536209106,,,,,,,
,,,,,,,,5.963157894736842e-07,5334,,,,,,,,
35,,,,,,,,,5334,0.03811374306678772,,,,,,,
,,,,,,,,5.949999999999999e-07,5339,,,,,,,,
35,,,,,,,,,5339,0.01727394387125969,,,,,,,
,,,,,,,,5.936842105263158e-07,5344,,,,,,,,
35,,,,,,,,,5344,0.01666349172592163,,,,,,,
,,,,,,,,5.923684210526315e-07,5349,,,,,,,,
35,,,,,,,,,5349,0.05574088543653488,,,,,,,
,,,,,,,,5.910526315789474e-07,5354,,,,,,,,
35,,,,,,,,,5354,0.03828553855419159,,,,,,,
,,,,,,,,5.897368421052631e-07,5359,,,,,,,,
35,,,,,,,,,5359,0.03646368905901909,,,,,,,
,,,,,,,,5.88421052631579e-07,5364,,,,,,,,
35,,,,,,,,,5364,0.05070653557777405,,,,,,,
,,,,,,,,5.871052631578947e-07,5369,,,,,,,,
35,,,,,,,,,5369,0.04670288786292076,,,,,,,
,,,,,,,,5.857894736842105e-07,5374,,,,,,,,
35,,,,,,,,,5374,0.04329647868871689,,,,,,,
,,,,,,,,5.844736842105263e-07,5379,,,,,,,,
35,,,,,,,,,5379,0.017768871039152145,,,,,,,
,,,,,,,,5.83157894736842e-07,5384,,,,,,,,
35,,,,,,,,,5384,0.064008928835392,,,,,,,
,,,,,,,,5.818421052631579e-07,5389,,,,,,,,
35,,,,,,,,,5389,0.01779470592737198,,,,,,,
,,,,,,,,5.805263157894736e-07,5394,,,,,,,,
35,,,,,,,,,5394,0.04543844982981682,,,,,,,
,,,,,,,,5.792105263157895e-07,5399,,,,,,,,
35,,,,,,,,,5399,0.03621480241417885,,,,,,,
,,,,,,,,5.778947368421052e-07,5404,,,,,,,,
35,,,,,,,,,5404,0.015710311010479927,,,,,,,
,,,,,,,,5.765789473684211e-07,5409,,,,,,,,
35,,,,,,,,,5409,0.04267261549830437,,,,,,,
,,,,,,,,5.752631578947368e-07,5414,,,,,,,,
35,,,,,,,,,5414,0.025758957490324974,,,,,,,
,,,,,,,,5.739473684210527e-07,5419,,,,,,,,
35,,,,,,,,,5419,0.022799475118517876,,,,,,,
,,,,,,,,5.726315789473684e-07,5424,,,,,,,,
35,,,,,,,,,5424,0.0607026070356369,,,,,,,
,,,,,,,,5.713157894736842e-07,5429,,,,,,,,
35,,,,,,,,,5429,0.06470410525798798,,,,,,,
,,,,,,,,5.699999999999999e-07,5434,,,,,,,,
35,,,,,,,,,5434,0.053412001579999924,,,,,,,
,,,,,,,,5.686842105263157e-07,5439,,,,,,,,
35,,,,,,,,,5439,0.01775689795613289,,,,,,,
,,,,,,,,5.673684210526316e-07,5444,,,,,,,,
35,,,,,,,,,5444,0.02919292077422142,,,,,,,
,,,,,,,,5.660526315789473e-07,5449,,,,,,,,
35,,,,,,,,,5449,0.03172660619020462,,,,,,,
,,,,,,,,5.647368421052632e-07,5454,,,,,,,,
35,,,,,,,,,5454,0.057288672775030136,,,,,,,
,,,,,,,,5.634210526315789e-07,5459,,,,,,,,
35,,,,,,,,,5459,0.024859273806214333,,,,,,,
,,,,,,,,5.621052631578948e-07,5464,,,,,,,,
35,,,,,,,,,5464,0.056349318474531174,,,,,,,
,,,,,,,,5.607894736842105e-07,5469,,,,,,,,
35,,,,,,,,,5469,0.04216371849179268,,,,,,,
35,,,,,,,,,5471,0.08006387203931808,0.5625,0.6534653306007385,0.08006387203931808,0.2801256477832794,0.6000000238418579,0.717391312122345,0.2561802864074707
,,,,,,,,5.594736842105263e-07,5474,,,,,,,,
36,,,,,,,,,5474,0.027207423001527786,,,,,,,
,,,,,,,,5.581578947368421e-07,5479,,,,,,,,
36,,,,,,,,,5479,0.032318130135536194,,,,,,,
,,,,,,,,5.568421052631579e-07,5484,,,,,,,,
36,,,,,,,,,5484,0.05423607677221298,,,,,,,
,,,,,,,,5.555263157894736e-07,5489,,,,,,,,
36,,,,,,,,,5489,0.031214222311973572,,,,,,,
,,,,,,,,5.542105263157894e-07,5494,,,,,,,,
36,,,,,,,,,5494,0.029735524207353592,,,,,,,
,,,,,,,,5.528947368421052e-07,5499,,,,,,,,
36,,,,,,,,,5499,0.058415476232767105,,,,,,,
,,,,,,,,5.51578947368421e-07,5504,,,,,,,,
36,,,,,,,,,5504,0.03980373218655586,,,,,,,
,,,,,,,,5.502631578947368e-07,5509,,,,,,,,
36,,,,,,,,,5509,0.016151418909430504,,,,,,,
,,,,,,,,5.489473684210526e-07,5514,,,,,,,,
36,,,,,,,,,5514,0.020874543115496635,,,,,,,
,,,,,,,,5.476315789473685e-07,5519,,,,,,,,
36,,,,,,,,,5519,0.05267942696809769,,,,,,,
,,,,,,,,5.463157894736842e-07,5524,,,,,,,,
36,,,,,,,,,5524,0.017417609691619873,,,,,,,
,,,,,,,,5.45e-07,5529,,,,,,,,
36,,,,,,,,,5529,0.07098925858736038,,,,,,,
,,,,,,,,5.436842105263158e-07,5534,,,,,,,,
36,,,,,,,,,5534,0.033018723130226135,,,,,,,
,,,,,,,,5.423684210526316e-07,5539,,,,,,,,
36,,,,,,,,,5539,0.04630504176020622,,,,,,,
,,,,,,,,5.410526315789473e-07,5544,,,,,,,,
36,,,,,,,,,5544,0.04699946939945221,,,,,,,
,,,,,,,,5.397368421052631e-07,5549,,,,,,,,
36,,,,,,,,,5549,0.02067445032298565,,,,,,,
,,,,,,,,5.384210526315789e-07,5554,,,,,,,,
36,,,,,,,,,5554,0.07538484036922455,,,,,,,
,,,,,,,,5.371052631578947e-07,5559,,,,,,,,
36,,,,,,,,,5559,0.018654709681868553,,,,,,,
,,,,,,,,5.357894736842105e-07,5564,,,,,,,,
36,,,,,,,,,5564,0.03707704320549965,,,,,,,
,,,,,,,,5.344736842105263e-07,5569,,,,,,,,
36,,,,,,,,,5569,0.015192510560154915,,,,,,,
,,,,,,,,5.33157894736842e-07,5574,,,,,,,,
36,,,,,,,,,5574,0.019414929673075676,,,,,,,
,,,,,,,,5.318421052631579e-07,5579,,,,,,,,
36,,,,,,,,,5579,0.015411236323416233,,,,,,,
,,,,,,,,5.305263157894737e-07,5584,,,,,,,,
36,,,,,,,,,5584,0.014858349226415157,,,,,,,
,,,,,,,,5.292105263157895e-07,5589,,,,,,,,
36,,,,,,,,,5589,0.044311609119176865,,,,,,,
,,,,,,,,5.278947368421053e-07,5594,,,,,,,,
36,,,,,,,,,5594,0.03942929580807686,,,,,,,
,,,,,,,,5.26578947368421e-07,5599,,,,,,,,
36,,,,,,,,,5599,0.020659683272242546,,,,,,,
,,,,,,,,5.252631578947368e-07,5604,,,,,,,,
36,,,,,,,,,5604,0.02277994342148304,,,,,,,
,,,,,,,,5.239473684210526e-07,5609,,,,,,,,
36,,,,,,,,,5609,0.029642019420862198,,,,,,,
,,,,,,,,5.226315789473684e-07,5614,,,,,,,,
36,,,,,,,,,5614,0.04255472496151924,,,,,,,
,,,,,,,,5.213157894736841e-07,5619,,,,,,,,
36,,,,,,,,,5619,0.030294466763734818,,,,,,,
36,,,,,,,,,5623,0.07975055277347565,0.5625,0.6464646458625793,0.07975055277347565,0.28547269105911255,0.6037735939025879,0.695652186870575,0.2660636305809021
,,,,,,,,5.2e-07,5624,,,,,,,,
37,,,,,,,,,5624,0.030743060633540154,,,,,,,
,,,,,,,,5.186842105263157e-07,5629,,,,,,,,
37,,,,,,,,,5629,0.05172882601618767,,,,,,,
,,,,,,,,5.173684210526316e-07,5634,,,,,,,,
37,,,,,,,,,5634,0.025149932131171227,,,,,,,
,,,,,,,,5.160526315789473e-07,5639,,,,,,,,
37,,,,,,,,,5639,0.04338131844997406,,,,,,,
,,,,,,,,5.147368421052632e-07,5644,,,,,,,,
37,,,,,,,,,5644,0.05231611430644989,,,,,,,
,,,,,,,,5.13421052631579e-07,5649,,,,,,,,
37,,,,,,,,,5649,0.059927985072135925,,,,,,,
,,,,,,,,5.121052631578947e-07,5654,,,,,,,,
37,,,,,,,,,5654,0.05532636120915413,,,,,,,
,,,,,,,,5.107894736842105e-07,5659,,,,,,,,
37,,,,,,,,,5659,0.04874899238348007,,,,,,,
,,,,,,,,5.094736842105263e-07,5664,,,,,,,,
37,,,,,,,,,5664,0.00958691630512476,,,,,,,
,,,,,,,,5.081578947368421e-07,5669,,,,,,,,
37,,,,,,,,,5669,0.04455522075295448,,,,,,,
,,,,,,,,5.068421052631578e-07,5674,,,,,,,,
37,,,,,,,,,5674,0.029221905395388603,,,,,,,
,,,,,,,,5.055263157894737e-07,5679,,,,,,,,
37,,,,,,,,,5679,0.03452771529555321,,,,,,,
,,,,,,,,5.042105263157894e-07,5684,,,,,,,,
37,,,,,,,,,5684,0.0957222431898117,,,,,,,
,,,,,,,,5.028947368421053e-07,5689,,,,,,,,
37,,,,,,,,,5689,0.04257786273956299,,,,,,,
,,,,,,,,5.01578947368421e-07,5694,,,,,,,,
37,,,,,,,,,5694,0.06377683579921722,,,,,,,
,,,,,,,,5.002631578947369e-07,5699,,,,,,,,
37,,,,,,,,,5699,0.01671820692718029,,,,,,,
,,,,,,,,4.989473684210527e-07,5704,,,,,,,,
37,,,,,,,,,5704,0.03452247753739357,,,,,,,
,,,,,,,,4.976315789473684e-07,5709,,,,,,,,
37,,,,,,,,,5709,0.040519021451473236,,,,,,,
,,,,,,,,4.963157894736842e-07,5714,,,,,,,,
37,,,,,,,,,5714,0.028653323650360107,,,,,,,
,,,,,,,,4.95e-07,5719,,,,,,,,
37,,,,,,,,,5719,0.03028460033237934,,,,,,,
,,,,,,,,4.936842105263157e-07,5724,,,,,,,,
37,,,,,,,,,5724,0.050506334751844406,,,,,,,
,,,,,,,,4.923684210526315e-07,5729,,,,,,,,
37,,,,,,,,,5729,0.03154104948043823,,,,,,,
,,,,,,,,4.910526315789473e-07,5734,,,,,,,,
37,,,,,,,,,5734,0.044978030025959015,,,,,,,
,,,,,,,,4.897368421052631e-07,5739,,,,,,,,
37,,,,,,,,,5739,0.06901168823242188,,,,,,,
,,,,,,,,4.884210526315789e-07,5744,,,,,,,,
37,,,,,,,,,5744,0.03115287609398365,,,,,,,
,,,,,,,,4.871052631578948e-07,5749,,,,,,,,
37,,,,,,,,,5749,0.01398450881242752,,,,,,,
,,,,,,,,4.857894736842106e-07,5754,,,,,,,,
37,,,,,,,,,5754,0.01759602129459381,,,,,,,
,,,,,,,,4.844736842105264e-07,5759,,,,,,,,
37,,,,,,,,,5759,0.020370002835989,,,,,,,
,,,,,,,,4.831578947368421e-07,5764,,,,,,,,
37,,,,,,,,,5764,0.030431367456912994,,,,,,,
,,,,,,,,4.818421052631579e-07,5769,,,,,,,,
37,,,,,,,,,5769,0.08091947436332703,,,,,,,
,,,,,,,,4.805263157894736e-07,5774,,,,,,,,
37,,,,,,,,,5774,0.014930175617337227,,,,,,,
37,,,,,,,,,5775,0.0779072642326355,0.574999988079071,0.6382978558540344,0.0779072642326355,0.2932683825492859,0.625,0.6521739363670349,0.269174188375473
,,,,,,,,4.792105263157894e-07,5779,,,,,,,,
38,,,,,,,,,5779,0.0383467972278595,,,,,,,
,,,,,,,,4.778947368421052e-07,5784,,,,,,,,
38,,,,,,,,,5784,0.07003479450941086,,,,,,,
,,,,,,,,4.7657894736842105e-07,5789,,,,,,,,
38,,,,,,,,,5789,0.016783054918050766,,,,,,,
,,,,,,,,4.7526315789473684e-07,5794,,,,,,,,
38,,,,,,,,,5794,0.05460403487086296,,,,,,,
,,,,,,,,4.739473684210526e-07,5799,,,,,,,,
38,,,,,,,,,5799,0.03262891620397568,,,,,,,
,,,,,,,,4.7263157894736837e-07,5804,,,,,,,,
38,,,,,,,,,5804,0.06997337192296982,,,,,,,
,,,,,,,,4.7131578947368416e-07,5809,,,,,,,,
38,,,,,,,,,5809,0.030440442264080048,,,,,,,
,,,,,,,,4.6999999999999995e-07,5814,,,,,,,,
38,,,,,,,,,5814,0.01831897534430027,,,,,,,
,,,,,,,,4.686842105263158e-07,5819,,,,,,,,
38,,,,,,,,,5819,0.05044138431549072,,,,,,,
,,,,,,,,4.673684210526316e-07,5824,,,,,,,,
38,,,,,,,,,5824,0.037610314786434174,,,,,,,
,,,,,,,,4.6605263157894737e-07,5829,,,,,,,,
38,,,,,,,,,5829,0.022897114977240562,,,,,,,
,,,,,,,,4.6473684210526316e-07,5834,,,,,,,,
38,,,,,,,,,5834,0.05477086827158928,,,,,,,
,,,,,,,,4.6342105263157895e-07,5839,,,,,,,,
38,,,,,,,,,5839,0.044403377920389175,,,,,,,
,,,,,,,,4.6210526315789475e-07,5844,,,,,,,,
38,,,,,,,,,5844,0.011640636250376701,,,,,,,
,,,,,,,,4.607894736842105e-07,5849,,,,,,,,
38,,,,,,,,,5849,0.036029402166604996,,,,,,,
,,,,,,,,4.594736842105263e-07,5854,,,,,,,,
38,,,,,,,,,5854,0.036988794803619385,,,,,,,
,,,,,,,,4.5815789473684207e-07,5859,,,,,,,,
38,,,,,,,,,5859,0.02641621045768261,,,,,,,
,,,,,,,,4.5684210526315786e-07,5864,,,,,,,,
38,,,,,,,,,5864,0.048532504588365555,,,,,,,
,,,,,,,,4.5552631578947365e-07,5869,,,,,,,,
38,,,,,,,,,5869,0.026793286204338074,,,,,,,
,,,,,,,,4.5421052631578944e-07,5874,,,,,,,,
38,,,,,,,,,5874,0.04587229713797569,,,,,,,
,,,,,,,,4.5289473684210523e-07,5879,,,,,,,,
38,,,,,,,,,5879,0.0075570810586214066,,,,,,,
,,,,,,,,4.5157894736842107e-07,5884,,,,,,,,
38,,,,,,,,,5884,0.01844330132007599,,,,,,,
,,,,,,,,4.5026315789473686e-07,5889,,,,,,,,
38,,,,,,,,,5889,0.038735680282115936,,,,,,,
,,,,,,,,4.4894736842105265e-07,5894,,,,,,,,
38,,,,,,,,,5894,0.029688572511076927,,,,,,,
,,,,,,,,4.476315789473684e-07,5899,,,,,,,,
38,,,,,,,,,5899,0.02565799094736576,,,,,,,
,,,,,,,,4.463157894736842e-07,5904,,,,,,,,
38,,,,,,,,,5904,0.01982744410634041,,,,,,,
,,,,,,,,4.45e-07,5909,,,,,,,,
38,,,,,,,,,5909,0.03483336791396141,,,,,,,
,,,,,,,,4.4368421052631577e-07,5914,,,,,,,,
38,,,,,,,,,5914,0.0258233230561018,,,,,,,
,,,,,,,,4.4236842105263156e-07,5919,,,,,,,,
38,,,,,,,,,5919,0.05718086287379265,,,,,,,
,,,,,,,,4.4105263157894735e-07,5924,,,,,,,,
38,,,,,,,,,5924,0.021438991650938988,,,,,,,
38,,,,,,,,,5927,0.07803790271282196,0.5874999761581421,0.6597937941551208,0.07803790271282196,0.3022229075431824,0.6274510025978088,0.695652186870575,0.27732032537460327
,,,,,,,,4.3973684210526314e-07,5929,,,,,,,,
39,,,,,,,,,5929,0.015673868358135223,,,,,,,
,,,,,,,,4.3842105263157893e-07,5934,,,,,,,,
39,,,,,,,,,5934,0.04044334962964058,,,,,,,
,,,,,,,,4.371052631578947e-07,5939,,,,,,,,
39,,,,,,,,,5939,0.01813940331339836,,,,,,,
,,,,,,,,4.357894736842105e-07,5944,,,,,,,,
39,,,,,,,,,5944,0.011462290771305561,,,,,,,
,,,,,,,,4.3447368421052625e-07,5949,,,,,,,,
39,,,,,,,,,5949,0.039402250200510025,,,,,,,
,,,,,,,,4.331578947368421e-07,5954,,,,,,,,
39,,,,,,,,,5954,0.04549859091639519,,,,,,,
,,,,,,,,4.318421052631579e-07,5959,,,,,,,,
39,,,,,,,,,5959,0.024782102555036545,,,,,,,
,,,,,,,,4.305263157894737e-07,5964,,,,,,,,
39,,,,,,,,,5964,0.021052872762084007,,,,,,,
,,,,,,,,4.2921052631578947e-07,5969,,,,,,,,
39,,,,,,,,,5969,0.047800879925489426,,,,,,,
,,,,,,,,4.2789473684210526e-07,5974,,,,,,,,
39,,,,,,,,,5974,0.045275744050741196,,,,,,,
,,,,,,,,4.2657894736842105e-07,5979,,,,,,,,
39,,,,,,,,,5979,0.028402572497725487,,,,,,,
,,,,,,,,4.2526315789473684e-07,5984,,,,,,,,
39,,,,,,,,,5984,0.06246138736605644,,,,,,,
,,,,,,,,4.2394736842105263e-07,5989,,,,,,,,
39,,,,,,,,,5989,0.01318998821079731,,,,,,,
,,,,,,,,4.226315789473684e-07,5994,,,,,,,,
39,,,,,,,,,5994,0.05055979639291763,,,,,,,
,,,,,,,,4.2131578947368416e-07,5999,,,,,,,,
39,,,,,,,,,5999,0.035448163747787476,,,,,,,
,,,,,,,,4.1999999999999995e-07,6004,,,,,,,,
39,,,,,,,,,6004,0.027537889778614044,,,,,,,
,,,,,,,,4.1868421052631574e-07,6009,,,,,,,,
39,,,,,,,,,6009,0.04523148760199547,,,,,,,
,,,,,,,,4.1736842105263153e-07,6014,,,,,,,,
39,,,,,,,,,6014,0.021246880292892456,,,,,,,
,,,,,,,,4.160526315789474e-07,6019,,,,,,,,
39,,,,,,,,,6019,0.016779864206910133,,,,,,,
,,,,,,,,4.1473684210526317e-07,6024,,,,,,,,
39,,,,,,,,,6024,0.046200793236494064,,,,,,,
,,,,,,,,4.1342105263157896e-07,6029,,,,,,,,
39,,,,,,,,,6029,0.019701866433024406,,,,,,,
,,,,,,,,4.1210526315789475e-07,6034,,,,,,,,
39,,,,,,,,,6034,0.03735077381134033,,,,,,,
,,,,,,,,4.1078947368421054e-07,6039,,,,,,,,
39,,,,,,,,,6039,0.02372376248240471,,,,,,,
,,,,,,,,4.0947368421052633e-07,6044,,,,,,,,
39,,,,,,,,,6044,0.03893903270363808,,,,,,,
,,,,,,,,4.0815789473684207e-07,6049,,,,,,,,
39,,,,,,,,,6049,0.04109020158648491,,,,,,,
,,,,,,,,4.0684210526315786e-07,6054,,,,,,,,
39,,,,,,,,,6054,0.03314540162682533,,,,,,,
,,,,,,,,4.0552631578947365e-07,6059,,,,,,,,
39,,,,,,,,,6059,0.021649379283189774,,,,,,,
,,,,,,,,4.0421052631578944e-07,6064,,,,,,,,
39,,,,,,,,,6064,0.05445827171206474,,,,,,,
,,,,,,,,4.0289473684210523e-07,6069,,,,,,,,
39,,,,,,,,,6069,0.023324374109506607,,,,,,,
,,,,,,,,4.01578947368421e-07,6074,,,,,,,,
39,,,,,,,,,6074,0.0627104640007019,,,,,,,
,,,,,,,,4.002631578947368e-07,6079,,,,,,,,
39,,,,,,,,,6079,0.03712666407227516,,,,,,,
39,,,,,,,,,6079,0.07751065492630005,0.574999988079071,0.6304348111152649,0.07751065492630005,0.3001449406147003,0.6304348111152649,0.6304348111152649,0.2727777361869812
,,,,,,,,3.989473684210526e-07,6084,,,,,,,,
40,,,,,,,,,6084,0.02975340373814106,,,,,,,
,,,,,,,,3.9763157894736845e-07,6089,,,,,,,,
40,,,,,,,,,6089,0.013311882503330708,,,,,,,
,,,,,,,,3.9631578947368424e-07,6094,,,,,,,,
40,,,,,,,,,6094,0.021226737648248672,,,,,,,
,,,,,,,,3.95e-07,6099,,,,,,,,
40,,,,,,,,,6099,0.04833296686410904,,,,,,,
,,,,,,,,3.9368421052631577e-07,6104,,,,,,,,
40,,,,,,,,,6104,0.0438128337264061,,,,,,,
,,,,,,,,3.9236842105263156e-07,6109,,,,,,,,
40,,,,,,,,,6109,0.011628315784037113,,,,,,,
,,,,,,,,3.9105263157894735e-07,6114,,,,,,,,
40,,,,,,,,,6114,0.01840030588209629,,,,,,,
,,,,,,,,3.8973684210526314e-07,6119,,,,,,,,
40,,,,,,,,,6119,0.08231056481599808,,,,,,,
,,,,,,,,3.8842105263157893e-07,6124,,,,,,,,
40,,,,,,,,,6124,0.05521946772933006,,,,,,,
,,,,,,,,3.871052631578947e-07,6129,,,,,,,,
40,,,,,,,,,6129,0.04196770116686821,,,,,,,
,,,,,,,,3.857894736842105e-07,6134,,,,,,,,
40,,,,,,,,,6134,0.022076664492487907,,,,,,,
,,,,,,,,3.844736842105263e-07,6139,,,,,,,,
40,,,,,,,,,6139,0.029963219538331032,,,,,,,
,,,,,,,,3.831578947368421e-07,6144,,,,,,,,
40,,,,,,,,,6144,0.04202092066407204,,,,,,,
,,,,,,,,3.8184210526315783e-07,6149,,,,,,,,
40,,,,,,,,,6149,0.022002702578902245,,,,,,,
,,,,,,,,3.805263157894736e-07,6154,,,,,,,,
40,,,,,,,,,6154,0.03362658619880676,,,,,,,
,,,,,,,,3.7921052631578947e-07,6159,,,,,,,,
40,,,,,,,,,6159,0.02024431712925434,,,,,,,
,,,,,,,,3.7789473684210526e-07,6164,,,,,,,,
40,,,,,,,,,6164,0.03655999153852463,,,,,,,
,,,,,,,,3.7657894736842105e-07,6169,,,,,,,,
40,,,,,,,,,6169,0.051112622022628784,,,,,,,
,,,,,,,,3.7526315789473684e-07,6174,,,,,,,,
40,,,,,,,,,6174,0.02521195448935032,,,,,,,
,,,,,,,,3.7394736842105263e-07,6179,,,,,,,,
40,,,,,,,,,6179,0.030637945979833603,,,,,,,
,,,,,,,,3.726315789473684e-07,6184,,,,,,,,
40,,,,,,,,,6184,0.06042340397834778,,,,,,,
,,,,,,,,3.713157894736842e-07,6189,,,,,,,,
40,,,,,,,,,6189,0.027449220418930054,,,,,,,
,,,,,,,,3.7e-07,6194,,,,,,,,
40,,,,,,,,,6194,0.016294032335281372,,,,,,,
,,,,,,,,3.6868421052631574e-07,6199,,,,,,,,
40,,,,,,,,,6199,0.03360768035054207,,,,,,,
,,,,,,,,3.6736842105263153e-07,6204,,,,,,,,
40,,,,,,,,,6204,0.02547718770802021,,,,,,,
,,,,,,,,3.660526315789473e-07,6209,,,,,,,,
40,,,,,,,,,6209,0.021318882703781128,,,,,,,
,,,,,,,,3.647368421052631e-07,6214,,,,,,,,
40,,,,,,,,,6214,0.03698010370135307,,,,,,,
,,,,,,,,3.634210526315789e-07,6219,,,,,,,,
40,,,,,,,,,6219,0.008888046257197857,,,,,,,
,,,,,,,,3.6210526315789475e-07,6224,,,,,,,,
40,,,,,,,,,6224,0.05084250122308731,,,,,,,
,,,,,,,,3.6078947368421054e-07,6229,,,,,,,,
40,,,,,,,,,6229,0.05192621797323227,,,,,,,
40,,,,,,,,,6231,0.07783772051334381,0.6000000238418579,0.6666666865348816,0.07783772051334381,0.3079395294189453,0.6399999856948853,0.695652186870575,0.2849147617816925
,,,,,,,,3.5947368421052633e-07,6234,,,,,,,,
41,,,,,,,,,6234,0.04883979633450508,,,,,,,
,,,,,,,,3.581578947368421e-07,6239,,,,,,,,
41,,,,,,,,,6239,0.053784582763910294,,,,,,,
,,,,,,,,3.568421052631579e-07,6244,,,,,,,,
41,,,,,,,,,6244,0.03460126742720604,,,,,,,
,,,,,,,,3.5552631578947365e-07,6249,,,,,,,,
41,,,,,,,,,6249,0.03480736166238785,,,,,,,
,,,,,,,,3.5421052631578944e-07,6254,,,,,,,,
41,,,,,,,,,6254,0.02330958843231201,,,,,,,
,,,,,,,,3.5289473684210523e-07,6259,,,,,,,,
41,,,,,,,,,6259,0.01978197693824768,,,,,,,
,,,,,,,,3.51578947368421e-07,6264,,,,,,,,
41,,,,,,,,,6264,0.018276574090123177,,,,,,,
,,,,,,,,3.502631578947368e-07,6269,,,,,,,,
41,,,,,,,,,6269,0.04485498368740082,,,,,,,
,,,,,,,,3.489473684210526e-07,6274,,,,,,,,
41,,,,,,,,,6274,0.03995323181152344,,,,,,,
,,,,,,,,3.476315789473684e-07,6279,,,,,,,,
41,,,,,,,,,6279,0.017324747517704964,,,,,,,
,,,,,,,,3.463157894736842e-07,6284,,,,,,,,
41,,,,,,,,,6284,0.02393452264368534,,,,,,,
,,,,,,,,3.45e-07,6289,,,,,,,,
41,,,,,,,,,6289,0.02916276827454567,,,,,,,
,,,,,,,,3.436842105263158e-07,6294,,,,,,,,
41,,,,,,,,,6294,0.051835764199495316,,,,,,,
,,,,,,,,3.4236842105263156e-07,6299,,,,,,,,
41,,,,,,,,,6299,0.03156742453575134,,,,,,,
,,,,,,,,3.4105263157894735e-07,6304,,,,,,,,
41,,,,,,,,,6304,0.020987853407859802,,,,,,,
,,,,,,,,3.3973684210526314e-07,6309,,,,,,,,
41,,,,,,,,,6309,0.028937818482518196,,,,,,,
,,,,,,,,3.3842105263157893e-07,6314,,,,,,,,
41,,,,,,,,,6314,0.011301372200250626,,,,,,,
,,,,,,,,3.371052631578947e-07,6319,,,,,,,,
41,,,,,,,,,6319,0.0340387262403965,,,,,,,
,,,,,,,,3.357894736842105e-07,6324,,,,,,,,
41,,,,,,,,,6324,0.019640903919935226,,,,,,,
,,,,,,,,3.344736842105263e-07,6329,,,,,,,,
41,,,,,,,,,6329,0.006951726973056793,,,,,,,
,,,,,,,,3.331578947368421e-07,6334,,,,,,,,
41,,,,,,,,,6334,0.022715460509061813,,,,,,,
,,,,,,,,3.318421052631579e-07,6339,,,,,,,,
41,,,,,,,,,6339,0.037500008940696716,,,,,,,
,,,,,,,,3.305263157894737e-07,6344,,,,,,,,
41,,,,,,,,,6344,0.04083758220076561,,,,,,,
,,,,,,,,3.292105263157894e-07,6349,,,,,,,,
41,,,,,,,,,6349,0.026252832263708115,,,,,,,
,,,,,,,,3.278947368421052e-07,6354,,,,,,,,
41,,,,,,,,,6354,0.004692670423537493,,,,,,,
,,,,,,,,3.2657894736842105e-07,6359,,,,,,,,
41,,,,,,,,,6359,0.021657580509781837,,,,,,,
,,,,,,,,3.2526315789473684e-07,6364,,,,,,,,
41,,,,,,,,,6364,0.01927141472697258,,,,,,,
,,,,,,,,3.2394736842105263e-07,6369,,,,,,,,
41,,,,,,,,,6369,0.026814088225364685,,,,,,,
,,,,,,,,3.226315789473684e-07,6374,,,,,,,,
41,,,,,,,,,6374,0.03205389901995659,,,,,,,
,,,,,,,,3.213157894736842e-07,6379,,,,,,,,
41,,,,,,,,,6379,0.03111906349658966,,,,,,,
41,,,,,,,,,6383,0.07637954503297806,0.6000000238418579,0.6521739363670349,0.07637954503297806,0.319647878408432,0.6521739363670349,0.6521739363670349,0.2930491268634796
,,,,,,,,3.2e-07,6384,,,,,,,,
42,,,,,,,,,6384,0.0498628132045269,,,,,,,
,,,,,,,,3.186842105263158e-07,6389,,,,,,,,
42,,,,,,,,,6389,0.030168937519192696,,,,,,,
,,,,,,,,3.173684210526316e-07,6394,,,,,,,,
42,,,,,,,,,6394,0.023512301966547966,,,,,,,
,,,,,,,,3.1605263157894733e-07,6399,,,,,,,,
42,,,,,,,,,6399,0.04597368463873863,,,,,,,
,,,,,,,,3.147368421052631e-07,6404,,,,,,,,
42,,,,,,,,,6404,0.04601529613137245,,,,,,,
,,,,,,,,3.134210526315789e-07,6409,,,,,,,,
42,,,,,,,,,6409,0.036524448543787,,,,,,,
,,,,,,,,3.121052631578947e-07,6414,,,,,,,,
42,,,,,,,,,6414,0.05301518738269806,,,,,,,
,,,,,,,,3.107894736842105e-07,6419,,,,,,,,
42,,,,,,,,,6419,0.01991119422018528,,,,,,,
,,,,,,,,3.094736842105263e-07,6424,,,,,,,,
42,,,,,,,,,6424,0.021691402420401573,,,,,,,
,,,,,,,,3.081578947368421e-07,6429,,,,,,,,
42,,,,,,,,,6429,0.031685661524534225,,,,,,,
,,,,,,,,3.068421052631579e-07,6434,,,,,,,,
42,,,,,,,,,6434,0.030278092250227928,,,,,,,
,,,,,,,,3.055263157894737e-07,6439,,,,,,,,
42,,,,,,,,,6439,0.00993533805012703,,,,,,,
,,,,,,,,3.042105263157895e-07,6444,,,,,,,,
42,,,,,,,,,6444,0.014205032959580421,,,,,,,
,,,,,,,,3.0289473684210524e-07,6449,,,,,,,,
42,,,,,,,,,6449,0.04883083701133728,,,,,,,
,,,,,,,,3.0157894736842103e-07,6454,,,,,,,,
42,,,,,,,,,6454,0.039181966334581375,,,,,,,
,,,,,,,,3.002631578947368e-07,6459,,,,,,,,
42,,,,,,,,,6459,0.0343187153339386,,,,,,,
,,,,,,,,2.989473684210526e-07,6464,,,,,,,,
42,,,,,,,,,6464,0.025098634883761406,,,,,,,
,,,,,,,,2.976315789473684e-07,6469,,,,,,,,
42,,,,,,,,,6469,0.05598270148038864,,,,,,,
,,,,,,,,2.963157894736842e-07,6474,,,,,,,,
42,,,,,,,,,6474,0.03775433450937271,,,,,,,
,,,,,,,,2.95e-07,6479,,,,,,,,
42,,,,,,,,,6479,0.04211311414837837,,,,,,,
,,,,,,,,2.9368421052631577e-07,6484,,,,,,,,
42,,,,,,,,,6484,0.04131094366312027,,,,,,,
,,,,,,,,2.9236842105263156e-07,6489,,,,,,,,
42,,,,,,,,,6489,0.030446646735072136,,,,,,,
,,,,,,,,2.910526315789474e-07,6494,,,,,,,,
42,,,,,,,,,6494,0.04113985225558281,,,,,,,
,,,,,,,,2.8973684210526315e-07,6499,,,,,,,,
42,,,,,,,,,6499,0.014322394505143166,,,,,,,
,,,,,,,,2.8842105263157894e-07,6504,,,,,,,,
42,,,,,,,,,6504,0.020829321816563606,,,,,,,
,,,,,,,,2.8710526315789473e-07,6509,,,,,,,,
42,,,,,,,,,6509,0.0515005886554718,,,,,,,
,,,,,,,,2.857894736842105e-07,6514,,,,,,,,
42,,,,,,,,,6514,0.03305011987686157,,,,,,,
,,,,,,,,2.844736842105263e-07,6519,,,,,,,,
42,,,,,,,,,6519,0.013822201639413834,,,,,,,
,,,,,,,,2.831578947368421e-07,6524,,,,,,,,
42,,,,,,,,,6524,0.013899483717978,,,,,,,
,,,,,,,,2.818421052631579e-07,6529,,,,,,,,
42,,,,,,,,,6529,0.037708088755607605,,,,,,,
,,,,,,,,2.805263157894737e-07,6534,,,,,,,,
42,,,,,,,,,6534,0.06714729964733124,,,,,,,
42,,,,,,,,,6535,0.07697410881519318,0.5874999761581421,0.6526315808296204,0.07697410881519318,0.32286518812179565,0.6326530575752258,0.6739130616188049,0.3009604811668396
,,,,,,,,2.7921052631578947e-07,6539,,,,,,,,
43,,,,,,,,,6539,0.03634200245141983,,,,,,,
,,,,,,,,2.7789473684210526e-07,6544,,,,,,,,
43,,,,,,,,,6544,0.03854649141430855,,,,,,,
,,,,,,,,2.76578947368421e-07,6549,,,,,,,,
43,,,,,,,,,6549,0.03113788738846779,,,,,,,
,,,,,,,,2.752631578947368e-07,6554,,,,,,,,
43,,,,,,,,,6554,0.011138823814690113,,,,,,,
,,,,,,,,2.739473684210526e-07,6559,,,,,,,,
43,,,,,,,,,6559,0.01458657719194889,,,,,,,
,,,,,,,,2.7263157894736843e-07,6564,,,,,,,,
43,,,,,,,,,6564,0.019652409479022026,,,,,,,
,,,,,,,,2.713157894736842e-07,6569,,,,,,,,
43,,,,,,,,,6569,0.03213164955377579,,,,,,,
,,,,,,,,2.7e-07,6574,,,,,,,,
43,,,,,,,,,6574,0.01694505661725998,,,,,,,
,,,,,,,,2.686842105263158e-07,6579,,,,,,,,
43,,,,,,,,,6579,0.030491428449749947,,,,,,,
,,,,,,,,2.673684210526316e-07,6584,,,,,,,,
43,,,,,,,,,6584,0.03214765340089798,,,,,,,
,,,,,,,,2.660526315789474e-07,6589,,,,,,,,
43,,,,,,,,,6589,0.015496325679123402,,,,,,,
,,,,,,,,2.6473684210526317e-07,6594,,,,,,,,
43,,,,,,,,,6594,0.005019403528422117,,,,,,,
,,,,,,,,2.634210526315789e-07,6599,,,,,,,,
43,,,,,,,,,6599,0.029122773557901382,,,,,,,
,,,,,,,,2.621052631578947e-07,6604,,,,,,,,
43,,,,,,,,,6604,0.03415842726826668,,,,,,,
,,,,,,,,2.607894736842105e-07,6609,,,,,,,,
43,,,,,,,,,6609,0.010083083063364029,,,,,,,
,,,,,,,,2.594736842105263e-07,6614,,,,,,,,
43,,,,,,,,,6614,0.026793697848916054,,,,,,,
,,,,,,,,2.581578947368421e-07,6619,,,,,,,,
43,,,,,,,,,6619,0.02525179460644722,,,,,,,
,,,,,,,,2.5684210526315787e-07,6624,,,,,,,,
43,,,,,,,,,6624,0.01662578620016575,,,,,,,
,,,,,,,,2.5552631578947366e-07,6629,,,,,,,,
43,,,,,,,,,6629,0.028702402487397194,,,,,,,
,,,,,,,,2.542105263157895e-07,6634,,,,,,,,
43,,,,,,,,,6634,0.04599940776824951,,,,,,,
,,,,,,,,2.528947368421053e-07,6639,,,,,,,,
43,,,,,,,,,6639,0.04009964317083359,,,,,,,
,,,,,,,,2.515789473684211e-07,6644,,,,,,,,
43,,,,,,,,,6644,0.04072381928563118,,,,,,,
,,,,,,,,2.502631578947368e-07,6649,,,,,,,,
43,,,,,,,,,6649,0.03165017068386078,,,,,,,
,,,,,,,,2.489473684210526e-07,6654,,,,,,,,
43,,,,,,,,,6654,0.01765674166381359,,,,,,,
,,,,,,,,2.476315789473684e-07,6659,,,,,,,,
43,,,,,,,,,6659,0.026753460988402367,,,,,,,
,,,,,,,,2.463157894736842e-07,6664,,,,,,,,
43,,,,,,,,,6664,0.045702941715717316,,,,,,,
,,,,,,,,2.45e-07,6669,,,,,,,,
43,,,,,,,,,6669,0.026367397978901863,,,,,,,
,,,,,,,,2.436842105263158e-07,6674,,,,,,,,
43,,,,,,,,,6674,0.03910275548696518,,,,,,,
,,,,,,,,2.4236842105263157e-07,6679,,,,,,,,
43,,,,,,,,,6679,0.05541021376848221,,,,,,,
,,,,,,,,2.4105263157894736e-07,6684,,,,,,,,
43,,,,,,,,,6684,0.023493221029639244,,,,,,,
43,,,,,,,,,6687,0.07627670466899872,0.612500011920929,0.6736842393875122,0.07627670466899872,0.3282286524772644,0.6530612111091614,0.695652186870575,0.302779883146286
,,,,,,,,2.3973684210526315e-07,6689,,,,,,,,
44,,,,,,,,,6689,0.05279969424009323,,,,,,,
,,,,,,,,2.3842105263157894e-07,6694,,,,,,,,
44,,,,,,,,,6694,0.04935759678483009,,,,,,,
,,,,,,,,2.3710526315789473e-07,6699,,,,,,,,
44,,,,,,,,,6699,0.022938210517168045,,,,,,,
,,,,,,,,2.3578947368421052e-07,6704,,,,,,,,
44,,,,,,,,,6704,0.01249027717858553,,,,,,,
,,,,,,,,2.3447368421052628e-07,6709,,,,,,,,
44,,,,,,,,,6709,0.03920049965381622,,,,,,,
,,,,,,,,2.3315789473684208e-07,6714,,,,,,,,
44,,,,,,,,,6714,0.010734070092439651,,,,,,,
,,,,,,,,2.318421052631579e-07,6719,,,,,,,,
44,,,,,,,,,6719,0.02688915841281414,,,,,,,
,,,,,,,,2.3052631578947368e-07,6724,,,,,,,,
44,,,,,,,,,6724,0.016748977825045586,,,,,,,
,,,,,,,,2.2921052631578947e-07,6729,,,,,,,,
44,,,,,,,,,6729,0.018728716298937798,,,,,,,
,,,,,,,,2.2789473684210524e-07,6734,,,,,,,,
44,,,,,,,,,6734,0.025279676541686058,,,,,,,
,,,,,,,,2.2657894736842103e-07,6739,,,,,,,,
44,,,,,,,,,6739,0.04786428064107895,,,,,,,
,,,,,,,,2.2526315789473682e-07,6744,,,,,,,,
44,,,,,,,,,6744,0.02191343531012535,,,,,,,
,,,,,,,,2.2394736842105264e-07,6749,,,,,,,,
44,,,,,,,,,6749,0.034861139953136444,,,,,,,
,,,,,,,,2.2263157894736843e-07,6754,,,,,,,,
44,,,,,,,,,6754,0.03620133176445961,,,,,,,
,,,,,,,,2.213157894736842e-07,6759,,,,,,,,
44,,,,,,,,,6759,0.02145792357623577,,,,,,,
,,,,,,,,2.1999999999999998e-07,6764,,,,,,,,
44,,,,,,,,,6764,0.016869349405169487,,,,,,,
,,,,,,,,2.1868421052631578e-07,6769,,,,,,,,
44,,,,,,,,,6769,0.022430140525102615,,,,,,,
,,,,,,,,2.1736842105263157e-07,6774,,,,,,,,
44,,,,,,,,,6774,0.02175023965537548,,,,,,,
,,,,,,,,2.1605263157894736e-07,6779,,,,,,,,
44,,,,,,,,,6779,0.036400459706783295,,,,,,,
,,,,,,,,2.1473684210526315e-07,6784,,,,,,,,
44,,,,,,,,,6784,0.036335356533527374,,,,,,,
,,,,,,,,2.1342105263157894e-07,6789,,,,,,,,
44,,,,,,,,,6789,0.020298214629292488,,,,,,,
,,,,,,,,2.1210526315789473e-07,6794,,,,,,,,
44,,,,,,,,,6794,0.04779641702771187,,,,,,,
,,,,,,,,2.1078947368421052e-07,6799,,,,,,,,
44,,,,,,,,,6799,0.027611471712589264,,,,,,,
,,,,,,,,2.094736842105263e-07,6804,,,,,,,,
44,,,,,,,,,6804,0.03651897981762886,,,,,,,
,,,,,,,,2.0815789473684208e-07,6809,,,,,,,,
44,,,,,,,,,6809,0.038323335349559784,,,,,,,
,,,,,,,,2.0684210526315787e-07,6814,,,,,,,,
44,,,,,,,,,6814,0.016881778836250305,,,,,,,
,,,,,,,,2.0552631578947368e-07,6819,,,,,,,,
44,,,,,,,,,6819,0.029192108660936356,,,,,,,
,,,,,,,,2.0421052631578948e-07,6824,,,,,,,,
44,,,,,,,,,6824,0.016916479915380478,,,,,,,
,,,,,,,,2.0289473684210527e-07,6829,,,,,,,,
44,,,,,,,,,6829,0.01713949255645275,,,,,,,
,,,,,,,,2.0157894736842103e-07,6834,,,,,,,,
44,,,,,,,,,6834,0.028360310941934586,,,,,,,
,,,,,,,,2.0026315789473682e-07,6839,,,,,,,,
44,,,,,,,,,6839,0.046311523765325546,,,,,,,
44,,,,,,,,,6839,0.07610131055116653,0.6000000238418579,0.6595744490623474,0.07610131055116653,0.32955604791641235,0.6458333134651184,0.6739130616188049,0.2994345724582672
,,,,,,,,1.989473684210526e-07,6844,,,,,,,,
45,,,,,,,,,6844,0.013334715738892555,,,,,,,
,,,,,,,,1.976315789473684e-07,6849,,,,,,,,
45,,,,,,,,,6849,0.07138895243406296,,,,,,,
,,,,,,,,1.9631578947368422e-07,6854,,,,,,,,
45,,,,,,,,,6854,0.011663361452519894,,,,,,,
,,,,,,,,1.9499999999999999e-07,6859,,,,,,,,
45,,,,,,,,,6859,0.020136643201112747,,,,,,,
,,,,,,,,1.9368421052631578e-07,6864,,,,,,,,
45,,,,,,,,,6864,0.02988373674452305,,,,,,,
,,,,,,,,1.9236842105263157e-07,6869,,,,,,,,
45,,,,,,,,,6869,0.03647707402706146,,,,,,,
,,,,,,,,1.9105263157894736e-07,6874,,,,,,,,
45,,,,,,,,,6874,0.02723240666091442,,,,,,,
,,,,,,,,1.8973684210526315e-07,6879,,,,,,,,
45,,,,,,,,,6879,0.008914507925510406,,,,,,,
,,,,,,,,1.8842105263157891e-07,6884,,,,,,,,
45,,,,,,,,,6884,0.04382683336734772,,,,,,,
,,,,,,,,1.8710526315789473e-07,6889,,,,,,,,
45,,,,,,,,,6889,0.0515768863260746,,,,,,,
,,,,,,,,1.8578947368421052e-07,6894,,,,,,,,
45,,,,,,,,,6894,0.02587820775806904,,,,,,,
,,,,,,,,1.8447368421052631e-07,6899,,,,,,,,
45,,,,,,,,,6899,0.02116696536540985,,,,,,,
,,,,,,,,1.831578947368421e-07,6904,,,,,,,,
45,,,,,,,,,6904,0.021941740065813065,,,,,,,
,,,,,,,,1.8184210526315787e-07,6909,,,,,,,,
45,,,,,,,,,6909,0.023746149614453316,,,,,,,
,,,,,,,,1.8052631578947366e-07,6914,,,,,,,,
45,,,,,,,,,6914,0.03127299249172211,,,,,,,
,,,,,,,,1.7921052631578948e-07,6919,,,,,,,,
45,,,,,,,,,6919,0.020386002957820892,,,,,,,
,,,,,,,,1.7789473684210527e-07,6924,,,,,,,,
45,,,,,,,,,6924,0.03689178079366684,,,,,,,
,,,,,,,,1.7657894736842106e-07,6929,,,,,,,,
45,,,,,,,,,6929,0.020424792543053627,,,,,,,
,,,,,,,,1.7526315789473682e-07,6934,,,,,,,,
45,,,,,,,,,6934,0.010738195851445198,,,,,,,
,,,,,,,,1.7394736842105261e-07,6939,,,,,,,,
45,,,,,,,,,6939,0.0083637535572052,,,,,,,
,,,,,,,,1.726315789473684e-07,6944,,,,,,,,
45,,,,,,,,,6944,0.024647966027259827,,,,,,,
,,,,,,,,1.713157894736842e-07,6949,,,,,,,,
45,,,,,,,,,6949,0.024835214018821716,,,,,,,
,,,,,,,,1.7000000000000001e-07,6954,,,,,,,,
45,,,,,,,,,6954,0.025311877951025963,,,,,,,
,,,,,,,,1.6868421052631578e-07,6959,,,,,,,,
45,,,,,,,,,6959,0.02280944213271141,,,,,,,
,,,,,,,,1.6736842105263157e-07,6964,,,,,,,,
45,,,,,,,,,6964,0.0452873669564724,,,,,,,
,,,,,,,,1.6605263157894736e-07,6969,,,,,,,,
45,,,,,,,,,6969,0.026746727526187897,,,,,,,
,,,,,,,,1.6473684210526315e-07,6974,,,,,,,,
45,,,,,,,,,6974,0.021279143169522285,,,,,,,
,,,,,,,,1.6342105263157894e-07,6979,,,,,,,,
45,,,,,,,,,6979,0.01701662316918373,,,,,,,
,,,,,,,,1.621052631578947e-07,6984,,,,,,,,
45,,,,,,,,,6984,0.022955764085054398,,,,,,,
,,,,,,,,1.6078947368421052e-07,6989,,,,,,,,
45,,,,,,,,,6989,0.01721768267452717,,,,,,,
45,,,,,,,,,6991,0.07648000866174698,0.6000000238418579,0.6666666865348816,0.07648000866174698,0.3307875990867615,0.6399999856948853,0.695652186870575,0.3010543882846832
,,,,,,,,1.5947368421052631e-07,6994,,,,,,,,
46,,,,,,,,,6994,0.00799407809972763,,,,,,,
,,,,,,,,1.581578947368421e-07,6999,,,,,,,,
46,,,,,,,,,6999,0.03356857970356941,,,,,,,
,,,,,,,,1.568421052631579e-07,7004,,,,,,,,
46,,,,,,,,,7004,0.01894506812095642,,,,,,,
,,,,,,,,1.5552631578947366e-07,7009,,,,,,,,
46,,,,,,,,,7009,0.035660386085510254,,,,,,,
,,,,,,,,1.5421052631578945e-07,7014,,,,,,,,
46,,,,,,,,,7014,0.018698344007134438,,,,,,,
,,,,,,,,1.5289473684210524e-07,7019,,,,,,,,
46,,,,,,,,,7019,0.04868875443935394,,,,,,,
,,,,,,,,1.5157894736842106e-07,7024,,,,,,,,
46,,,,,,,,,7024,0.05401219055056572,,,,,,,
,,,,,,,,1.5026315789473685e-07,7029,,,,,,,,
46,,,,,,,,,7029,0.059178419411182404,,,,,,,
,,,,,,,,1.4894736842105262e-07,7034,,,,,,,,
46,,,,,,,,,7034,0.025449855253100395,,,,,,,
,,,,,,,,1.476315789473684e-07,7039,,,,,,,,
46,,,,,,,,,7039,0.02607783116400242,,,,,,,
,,,,,,,,1.463157894736842e-07,7044,,,,,,,,
46,,,,,,,,,7044,0.022318629547953606,,,,,,,
,,,,,,,,1.45e-07,7049,,,,,,,,
46,,,,,,,,,7049,0.013718773610889912,,,,,,,
,,,,,,,,1.436842105263158e-07,7054,,,,,,,,
46,,,,,,,,,7054,0.033008962869644165,,,,,,,
,,,,,,,,1.4236842105263157e-07,7059,,,,,,,,
46,,,,,,,,,7059,0.046947672963142395,,,,,,,
,,,,,,,,1.4105263157894736e-07,7064,,,,,,,,
46,,,,,,,,,7064,0.03671058639883995,,,,,,,
,,,,,,,,1.3973684210526315e-07,7069,,,,,,,,
46,,,,,,,,,7069,0.03742918372154236,,,,,,,
,,,,,,,,1.3842105263157894e-07,7074,,,,,,,,
46,,,,,,,,,7074,0.044306330382823944,,,,,,,
,,,,,,,,1.3710526315789473e-07,7079,,,,,,,,
46,,,,,,,,,7079,0.029499636963009834,,,,,,,
,,,,,,,,1.357894736842105e-07,7084,,,,,,,,
46,,,,,,,,,7084,0.02323232591152191,,,,,,,
,,,,,,,,1.3447368421052632e-07,7089,,,,,,,,
46,,,,,,,,,7089,0.03195393830537796,,,,,,,
,,,,,,,,1.331578947368421e-07,7094,,,,,,,,
46,,,,,,,,,7094,0.022553691640496254,,,,,,,
,,,,,,,,1.318421052631579e-07,7099,,,,,,,,
46,,,,,,,,,7099,0.01652279682457447,,,,,,,
,,,,,,,,1.305263157894737e-07,7104,,,,,,,,
46,,,,,,,,,7104,0.026585394516587257,,,,,,,
,,,,,,,,1.2921052631578945e-07,7109,,,,,,,,
46,,,,,,,,,7109,0.014667671173810959,,,,,,,
,,,,,,,,1.2789473684210524e-07,7114,,,,,,,,
46,,,,,,,,,7114,0.01977013796567917,,,,,,,
,,,,,,,,1.2657894736842103e-07,7119,,,,,,,,
46,,,,,,,,,7119,0.020070211961865425,,,,,,,
,,,,,,,,1.2526315789473685e-07,7124,,,,,,,,
46,,,,,,,,,7124,0.028498385101556778,,,,,,,
,,,,,,,,1.2394736842105262e-07,7129,,,,,,,,
46,,,,,,,,,7129,0.029945392161607742,,,,,,,
,,,,,,,,1.226315789473684e-07,7134,,,,,,,,
46,,,,,,,,,7134,0.032331161201000214,,,,,,,
,,,,,,,,1.213157894736842e-07,7139,,,,,,,,
46,,,,,,,,,7139,0.045290086418390274,,,,,,,
46,,,,,,,,,7143,0.07604330033063889,0.574999988079071,0.6304348111152649,0.07604330033063889,0.3268511891365051,0.6304348111152649,0.6304348111152649,0.302826851606369
,,,,,,,,1.2e-07,7144,,,,,,,,
47,,,,,,,,,7144,0.03533479571342468,,,,,,,
,,,,,,,,1.186842105263158e-07,7149,,,,,,,,
47,,,,,,,,,7149,0.018078412860631943,,,,,,,
,,,,,,,,1.1736842105263157e-07,7154,,,,,,,,
47,,,,,,,,,7154,0.025645652785897255,,,,,,,
,,,,,,,,1.1605263157894736e-07,7159,,,,,,,,
47,,,,,,,,,7159,0.02722834050655365,,,,,,,
,,,,,,,,1.1473684210526314e-07,7164,,,,,,,,
47,,,,,,,,,7164,0.01169237494468689,,,,,,,
,,,,,,,,1.1342105263157894e-07,7169,,,,,,,,
47,,,,,,,,,7169,0.01641680859029293,,,,,,,
,,,,,,,,1.1210526315789473e-07,7174,,,,,,,,
47,,,,,,,,,7174,0.05179174244403839,,,,,,,
,,,,,,,,1.1078947368421051e-07,7179,,,,,,,,
47,,,,,,,,,7179,0.02093653753399849,,,,,,,
,,,,,,,,1.0947368421052632e-07,7184,,,,,,,,
47,,,,,,,,,7184,0.0506611093878746,,,,,,,
,,,,,,,,1.081578947368421e-07,7189,,,,,,,,
47,,,,,,,,,7189,0.049823593348264694,,,,,,,
,,,,,,,,1.0684210526315789e-07,7194,,,,,,,,
47,,,,,,,,,7194,0.04493620991706848,,,,,,,
,,,,,,,,1.0552631578947369e-07,7199,,,,,,,,
47,,,,,,,,,7199,0.011190957389771938,,,,,,,
,,,,,,,,1.0421052631578947e-07,7204,,,,,,,,
47,,,,,,,,,7204,0.0162750706076622,,,,,,,
,,,,,,,,1.0289473684210526e-07,7209,,,,,,,,
47,,,,,,,,,7209,0.03986481949687004,,,,,,,
,,,,,,,,1.0157894736842104e-07,7214,,,,,,,,
47,,,,,,,,,7214,0.06394028663635254,,,,,,,
,,,,,,,,1.0026315789473684e-07,7219,,,,,,,,
47,,,,,,,,,7219,0.01645478792488575,,,,,,,
,,,,,,,,9.894736842105263e-08,7224,,,,,,,,
47,,,,,,,,,7224,0.034538038074970245,,,,,,,
,,,,,,,,9.763157894736841e-08,7229,,,,,,,,
47,,,,,,,,,7229,0.05516437813639641,,,,,,,
,,,,,,,,9.631578947368421e-08,7234,,,,,,,,
47,,,,,,,,,7234,0.018146533519029617,,,,,,,
,,,,,,,,9.499999999999999e-08,7239,,,,,,,,
47,,,,,,,,,7239,0.029919026419520378,,,,,,,
,,,,,,,,9.368421052631578e-08,7244,,,,,,,,
47,,,,,,,,,7244,0.014410966075956821,,,,,,,
,,,,,,,,9.236842105263159e-08,7249,,,,,,,,
47,,,,,,,,,7249,0.061998169869184494,,,,,,,
,,,,,,,,9.105263157894736e-08,7254,,,,,,,,
47,,,,,,,,,7254,0.03463687375187874,,,,,,,
,,,,,,,,8.973684210526315e-08,7259,,,,,,,,
47,,,,,,,,,7259,0.056924328207969666,,,,,,,
,,,,,,,,8.842105263157893e-08,7264,,,,,,,,
47,,,,,,,,,7264,0.04697893559932709,,,,,,,
,,,,,,,,8.710526315789474e-08,7269,,,,,,,,
47,,,,,,,,,7269,0.030769839882850647,,,,,,,
,,,,,,,,8.578947368421053e-08,7274,,,,,,,,
47,,,,,,,,,7274,0.04209425300359726,,,,,,,
,,,,,,,,8.44736842105263e-08,7279,,,,,,,,
47,,,,,,,,,7279,0.023789245635271072,,,,,,,
,,,,,,,,8.315789473684211e-08,7284,,,,,,,,
47,,,,,,,,,7284,0.030484089627861977,,,,,,,
,,,,,,,,8.184210526315789e-08,7289,,,,,,,,
47,,,,,,,,,7289,0.03379272669553757,,,,,,,
,,,,,,,,8.052631578947368e-08,7294,,,,,,,,
47,,,,,,,,,7294,0.0238797590136528,,,,,,,
47,,,,,,,,,7295,0.07620074599981308,0.574999988079071,0.6304348111152649,0.07620074599981308,0.3270902633666992,0.6304348111152649,0.6304348111152649,0.3004205524921417
,,,,,,,,7.921052631578947e-08,7299,,,,,,,,
48,,,,,,,,,7299,0.04124685749411583,,,,,,,
,,,,,,,,7.789473684210526e-08,7304,,,,,,,,
48,,,,,,,,,7304,0.022888420149683952,,,,,,,
,,,,,,,,7.657894736842105e-08,7309,,,,,,,,
48,,,,,,,,,7309,0.022356374189257622,,,,,,,
,,,,,,,,7.526315789473683e-08,7314,,,,,,,,
48,,,,,,,,,7314,0.009344085119664669,,,,,,,
,,,,,,,,7.394736842105263e-08,7319,,,,,,,,
48,,,,,,,,,7319,0.022587653249502182,,,,,,,
,,,,,,,,7.263157894736842e-08,7324,,,,,,,,
48,,,,,,,,,7324,0.04741716384887695,,,,,,,
,,,,,,,,7.13157894736842e-08,7329,,,,,,,,
48,,,,,,,,,7329,0.027317529544234276,,,,,,,
,,,,,,,,7e-08,7334,,,,,,,,
48,,,,,,,,,7334,0.028318319469690323,,,,,,,
,,,,,,,,6.868421052631578e-08,7339,,,,,,,,
48,,,,,,,,,7339,0.032519035041332245,,,,,,,
,,,,,,,,6.736842105263157e-08,7344,,,,,,,,
48,,,,,,,,,7344,0.06852329522371292,,,,,,,
,,,,,,,,6.605263157894736e-08,7349,,,,,,,,
48,,,,,,,,,7349,0.04909546300768852,,,,,,,
,,,,,,,,6.473684210526316e-08,7354,,,,,,,,
48,,,,,,,,,7354,0.02987273596227169,,,,,,,
,,,,,,,,6.342105263157895e-08,7359,,,,,,,,
48,,,,,,,,,7359,0.040520478039979935,,,,,,,
,,,,,,,,6.210526315789474e-08,7364,,,,,,,,
48,,,,,,,,,7364,0.04464138671755791,,,,,,,
,,,,,,,,6.078947368421053e-08,7369,,,,,,,,
48,,,,,,,,,7369,0.05718191713094711,,,,,,,
,,,,,,,,5.947368421052631e-08,7374,,,,,,,,
48,,,,,,,,,7374,0.03955715522170067,,,,,,,
,,,,,,,,5.81578947368421e-08,7379,,,,,,,,
48,,,,,,,,,7379,0.019532542675733566,,,,,,,
,,,,,,,,5.6842105263157894e-08,7384,,,,,,,,
48,,,,,,,,,7384,0.008634514175355434,,,,,,,
,,,,,,,,5.5526315789473685e-08,7389,,,,,,,,
48,,,,,,,,,7389,0.03136856108903885,,,,,,,
,,,,,,,,5.421052631578947e-08,7394,,,,,,,,
48,,,,,,,,,7394,0.023693516850471497,,,,,,,
,,,,,,,,5.289473684210526e-08,7399,,,,,,,,
48,,,,,,,,,7399,0.0626811683177948,,,,,,,
,,,,,,,,5.157894736842105e-08,7404,,,,,,,,
48,,,,,,,,,7404,0.021254977211356163,,,,,,,
,,,,,,,,5.026315789473684e-08,7409,,,,,,,,
48,,,,,,,,,7409,0.014967910014092922,,,,,,,
,,,,,,,,4.8947368421052627e-08,7414,,,,,,,,
48,,,,,,,,,7414,0.02959679253399372,,,,,,,
,,,,,,,,4.763157894736842e-08,7419,,,,,,,,
48,,,,,,,,,7419,0.038709815591573715,,,,,,,
,,,,,,,,4.631578947368421e-08,7424,,,,,,,,
48,,,,,,,,,7424,0.034274980425834656,,,,,,,
,,,,,,,,4.5e-08,7429,,,,,,,,
48,,,,,,,,,7429,0.052302777767181396,,,,,,,
,,,,,,,,4.368421052631579e-08,7434,,,,,,,,
48,,,,,,,,,7434,0.01835840381681919,,,,,,,
,,,,,,,,4.2368421052631575e-08,7439,,,,,,,,
48,,,,,,,,,7439,0.031603649258613586,,,,,,,
,,,,,,,,4.1052631578947365e-08,7444,,,,,,,,
48,,,,,,,,,7444,0.02338261343538761,,,,,,,
48,,,,,,,,,7447,0.07612831145524979,0.574999988079071,0.6304348111152649,0.07612831145524979,0.3298642039299011,0.6304348111152649,0.6304348111152649,0.30252164602279663
,,,,,,,,3.9736842105263156e-08,7449,,,,,,,,
49,,,,,,,,,7449,0.03627679497003555,,,,,,,
,,,,,,,,3.842105263157895e-08,7454,,,,,,,,
49,,,,,,,,,7454,0.01634606346487999,,,,,,,
,,,,,,,,3.710526315789474e-08,7459,,,,,,,,
49,,,,,,,,,7459,0.023737404495477676,,,,,,,
,,,,,,,,3.578947368421052e-08,7464,,,,,,,,
49,,,,,,,,,7464,0.025206461548805237,,,,,,,
,,,,,,,,3.4473684210526313e-08,7469,,,,,,,,
49,,,,,,,,,7469,0.015469513833522797,,,,,,,
,,,,,,,,3.3157894736842104e-08,7474,,,,,,,,
49,,,,,,,,,7474,0.008238322101533413,,,,,,,
,,,,,,,,3.1842105263157895e-08,7479,,,,,,,,
49,,,,,,,,,7479,0.023217452690005302,,,,,,,
,,,,,,,,3.052631578947368e-08,7484,,,,,,,,
49,,,,,,,,,7484,0.04582436755299568,,,,,,,
,,,,,,,,2.9210526315789474e-08,7489,,,,,,,,
49,,,,,,,,,7489,0.037928637117147446,,,,,,,
,,,,,,,,2.789473684210526e-08,7494,,,,,,,,
49,,,,,,,,,7494,0.01529056765139103,,,,,,,
,,,,,,,,2.6578947368421052e-08,7499,,,,,,,,
49,,,,,,,,,7499,0.016216233372688293,,,,,,,
,,,,,,,,2.526315789473684e-08,7504,,,,,,,,
49,,,,,,,,,7504,0.012087189592421055,,,,,,,
,,,,,,,,2.394736842105263e-08,7509,,,,,,,,
49,,,,,,,,,7509,0.04358825832605362,,,,,,,
,,,,,,,,2.2631578947368422e-08,7514,,,,,,,,
49,,,,,,,,,7514,0.022814542055130005,,,,,,,
,,,,,,,,2.131578947368421e-08,7519,,,,,,,,
49,,,,,,,,,7519,0.01883397065103054,,,,,,,
,,,,,,,,2e-08,7524,,,,,,,,
49,,,,,,,,,7524,0.043471358716487885,,,,,,,
,,,,,,,,1.8684210526315788e-08,7529,,,,,,,,
49,,,,,,,,,7529,0.029646944254636765,,,,,,,
,,,,,,,,1.736842105263158e-08,7534,,,,,,,,
49,,,,,,,,,7534,0.02598842978477478,,,,,,,
,,,,,,,,1.6052631578947367e-08,7539,,,,,,,,
49,,,,,,,,,7539,0.006209034938365221,,,,,,,
,,,,,,,,1.4736842105263158e-08,7544,,,,,,,,
49,,,,,,,,,7544,0.013454215601086617,,,,,,,
,,,,,,,,1.3421052631578947e-08,7549,,,,,,,,
49,,,,,,,,,7549,0.00949746835976839,,,,,,,
,,,,,,,,1.2105263157894736e-08,7554,,,,,,,,
49,,,,,,,,,7554,0.019938092678785324,,,,,,,
,,,,,,,,1.0789473684210525e-08,7559,,,,,,,,
49,,,,,,,,,7559,0.03836623206734657,,,,,,,
,,,,,,,,9.473684210526316e-09,7564,,,,,,,,
49,,,,,,,,,7564,0.016877008602023125,,,,,,,
,,,,,,,,8.157894736842106e-09,7569,,,,,,,,
49,,,,,,,,,7569,0.014127233996987343,,,,,,,
,,,,,,,,6.842105263157895e-09,7574,,,,,,,,
49,,,,,,,,,7574,0.06093115359544754,,,,,,,
,,,,,,,,5.526315789473683e-09,7579,,,,,,,,
49,,,,,,,,,7579,0.04358765855431557,,,,,,,
,,,,,,,,4.210526315789473e-09,7584,,,,,,,,
49,,,,,,,,,7584,0.07859381288290024,,,,,,,
,,,,,,,,2.894736842105263e-09,7589,,,,,,,,
49,,,,,,,,,7589,0.016978802159428596,,,,,,,
,,,,,,,,1.5789473684210525e-09,7594,,,,,,,,
49,,,,,,,,,7594,0.039271652698516846,,,,,,,
,,,,,,,,2.631578947368421e-10,7599,,,,,,,,
49,,,,,,,,,7599,0.004082913044840097,,,,,,,
49,,,,,,,,,7599,0.0761362835764885,0.574999988079071,0.6304348111152649,0.0761362835764885,0.3300611674785614,0.6304348111152649,0.6304348111152649,0.30279162526130676
50,0.6196318864822388,0.6990291476249695,0.0830010399222374,0.23884448409080505,0.6792452931404114,0.7200000286102295,0.25199511647224426,,7600,0.0830010399222374,,,,,,,
