epoch,eval_accuracy,eval_f1,eval_loss,eval_mse,eval_pearson,eval_precision,eval_recall,eval_spearman,lr-AdamW,step,train_loss,val_accuracy,val_f1,val_loss,val_mse,val_pearson,val_precision,val_recall,val_spearman
,,,,,,,,,2.64026402640264e-10,4,,,,,,,,,
0,,,,,,,,,,4,0.08675777167081833,,,,,,,,
,,,,,,,,,5.940594059405941e-10,9,,,,,,,,,
0,,,,,,,,,,9,0.06595004349946976,,,,,,,,
,,,,,,,,,9.24092409240924e-10,14,,,,,,,,,
0,,,,,,,,,,14,0.11766870319843292,,,,,,,,
,,,,,,,,,1.2541254125412543e-09,19,,,,,,,,,
0,,,,,,,,,,19,0.1304212510585785,,,,,,,,
,,,,,,,,,1.5841584158415842e-09,24,,,,,,,,,
0,,,,,,,,,,24,0.114150270819664,,,,,,,,
,,,,,,,,,1.914191419141914e-09,29,,,,,,,,,
0,,,,,,,,,,29,0.08218634873628616,,,,,,,,
,,,,,,,,,2.2442244224422443e-09,34,,,,,,,,,
0,,,,,,,,,,34,0.11736808717250824,,,,,,,,
,,,,,,,,,2.5742574257425743e-09,39,,,,,,,,,
0,,,,,,,,,,39,0.04673100635409355,,,,,,,,
,,,,,,,,,2.9042904290429042e-09,44,,,,,,,,,
0,,,,,,,,,,44,0.10738077014684677,,,,,,,,
,,,,,,,,,3.234323432343234e-09,49,,,,,,,,,
0,,,,,,,,,,49,0.008871050551533699,,,,,,,,
,,,,,,,,,3.564356435643564e-09,54,,,,,,,,,
0,,,,,,,,,,54,0.10829611867666245,,,,,,,,
,,,,,,,,,3.894389438943894e-09,59,,,,,,,,,
0,,,,,,,,,,59,0.09944911301136017,,,,,,,,
,,,,,,,,,4.224422442244224e-09,64,,,,,,,,,
0,,,,,,,,,,64,0.03950165584683418,,,,,,,,
,,,,,,,,,4.554455445544554e-09,69,,,,,,,,,
0,,,,,,,,,,69,0.05883563682436943,,,,,,,,
,,,,,,,,,4.884488448844884e-09,74,,,,,,,,,
0,,,,,,,,,,74,0.07536990195512772,,,,,,,,
,,,,,,,,,5.214521452145214e-09,79,,,,,,,,,
0,,,,,,,,,,79,0.08301839977502823,,,,,,,,
,,,,,,,,,5.544554455445544e-09,84,,,,,,,,,
0,,,,,,,,,,84,0.11626417934894562,,,,,,,,
,,,,,,,,,5.874587458745874e-09,89,,,,,,,,,
0,,,,,,,,,,89,0.11897272616624832,,,,,,,,
,,,,,,,,,6.204620462046204e-09,94,,,,,,,,,
0,,,,,,,,,,94,0.0746004655957222,,,,,,,,
,,,,,,,,,6.5346534653465345e-09,99,,,,,,,,,
0,,,,,,,,,,99,0.06068149581551552,,,,,,,,
,,,,,,,,,6.8646864686468644e-09,104,,,,,,,,,
0,,,,,,,,,,104,0.06212196126580238,,,,,,,,
,,,,,,,,,7.194719471947194e-09,109,,,,,,,,,
0,,,,,,,,,,109,0.060193903744220734,,,,,,,,
,,,,,,,,,7.524752475247524e-09,114,,,,,,,,,
0,,,,,,,,,,114,0.08968101441860199,,,,,,,,
,,,,,,,,,7.854785478547854e-09,119,,,,,,,,,
0,,,,,,,,,,119,0.07298338413238525,,,,,,,,
,,,,,,,,,8.184818481848183e-09,124,,,,,,,,,
0,,,,,,,,,,124,0.062425803393125534,,,,,,,,
,,,,,,,,,8.514851485148516e-09,129,,,,,,,,,
0,,,,,,,,,,129,0.09481951594352722,,,,,,,,
,,,,,,,,,8.844884488448845e-09,134,,,,,,,,,
0,,,,,,,,,,134,0.047590091824531555,,,,,,,,
,,,,,,,,,9.174917491749176e-09,139,,,,,,,,,
0,,,,,,,,,,139,0.11522169411182404,,,,,,,,
,,,,,,,,,9.504950495049505e-09,144,,,,,,,,,
0,,,,,,,,,,144,0.12212816625833511,,,,,,,,
,,,,,,,,,9.834983498349836e-09,149,,,,,,,,,
0,,,,,,,,,,149,0.09737064689397812,,,,,,,,
,,,,,,,,,1.0165016501650165e-08,154,,,,,,,,,
0,,,,,,,,,,154,0.037255872040987015,,,,,,,,
,,,,,,,,,1.0495049504950496e-08,159,,,,,,,,,
0,,,,,,,,,,159,0.059096597135066986,,,,,,,,
,,,,,,,,,1.0825082508250825e-08,164,,,,,,,,,
0,,,,,,,,,,164,0.06103283166885376,,,,,,,,
,,,,,,,,,1.1155115511551155e-08,169,,,,,,,,,
0,,,,,,,,,,169,0.08254727721214294,,,,,,,,
,,,,,,,,,1.1485148514851485e-08,174,,,,,,,,,
0,,,,,,,,,,174,0.04897383600473404,,,,,,,,
,,,,,,,,,1.1815181518151815e-08,179,,,,,,,,,
0,,,,,,,,,,179,0.07898173481225967,,,,,,,,
,,,,,,,,,1.2145214521452144e-08,184,,,,,,,,,
0,,,,,,,,,,184,0.09430635720491409,,,,,,,,
,,,,,,,,,1.2475247524752475e-08,189,,,,,,,,,
0,,,,,,,,,,189,0.06688481569290161,,,,,,,,
,,,,,,,,,1.2805280528052804e-08,194,,,,,,,,,
0,,,,,,,,,,194,0.09846282750368118,,,,,,,,
,,,,,,,,,1.3135313531353135e-08,199,,,,,,,,,
0,,,,,,,,,,199,0.15106607973575592,,,,,,,,
,,,,,,,,,1.3465346534653464e-08,204,,,,,,,,,
0,,,,,,,,,,204,0.0666174665093422,,,,,,,,
,,,,,,,,,1.3795379537953795e-08,209,,,,,,,,,
0,,,,,,,,,,209,0.10082032531499863,,,,,,,,
,,,,,,,,,1.4125412541254124e-08,214,,,,,,,,,
0,,,,,,,,,,214,0.10552963614463806,,,,,,,,
,,,,,,,,,1.4455445544554455e-08,219,,,,,,,,,
0,,,,,,,,,,219,0.0820213109254837,,,,,,,,
,,,,,,,,,1.4785478547854784e-08,224,,,,,,,,,
0,,,,,,,,,,224,0.1057322695851326,,,,,,,,
,,,,,,,,,1.5115511551155115e-08,229,,,,,,,,,
0,,,,,,,,,,229,0.09364373236894608,,,,,,,,
,,,,,,,,,1.5445544554455444e-08,234,,,,,,,,,
0,,,,,,,,,,234,0.15313312411308289,,,,,,,,
,,,,,,,,,1.5775577557755773e-08,239,,,,,,,,,
0,,,,,,,,,,239,0.15165431797504425,,,,,,,,
,,,,,,,,,1.6105610561056106e-08,244,,,,,,,,,
0,,,,,,,,,,244,0.08784731477499008,,,,,,,,
,,,,,,,,,1.6435643564356435e-08,249,,,,,,,,,
0,,,,,,,,,,249,0.08052588999271393,,,,,,,,
,,,,,,,,,1.6765676567656764e-08,254,,,,,,,,,
0,,,,,,,,,,254,0.09454146772623062,,,,,,,,
,,,,,,,,,1.7095709570957093e-08,259,,,,,,,,,
0,,,,,,,,,,259,0.043827321380376816,,,,,,,,
,,,,,,,,,1.7425742574257425e-08,264,,,,,,,,,
0,,,,,,,,,,264,0.0650244653224945,,,,,,,,
,,,,,,,,,1.7755775577557754e-08,269,,,,,,,,,
0,,,,,,,,,,269,0.09464512020349503,,,,,,,,
,,,,,,,,,1.8085808580858084e-08,274,,,,,,,,,
0,,,,,,,,,,274,0.08051158487796783,,,,,,,,
,,,,,,,,,1.8415841584158413e-08,279,,,,,,,,,
0,,,,,,,,,,279,0.11788399517536163,,,,,,,,
,,,,,,,,,1.8745874587458745e-08,284,,,,,,,,,
0,,,,,,,,,,284,0.08699201047420502,,,,,,,,
,,,,,,,,,1.9075907590759074e-08,289,,,,,,,,,
0,,,,,,,,,,289,0.06523483246564865,,,,,,,,
,,,,,,,,,1.9405940594059403e-08,294,,,,,,,,,
0,,,,,,,,,,294,0.058031532913446426,,,,,,,,
,,,,,,,,,1.9735973597359732e-08,299,,,,,,,,,
0,,,,,,,,,,299,0.06695747375488281,,,,,,,,
0,,,,,,,,,,302,,0.5625,0.7200000286102295,0.083344466984272,0.083344466984272,-0.009893961250782013,0.5625,1.0,-0.029571322724223137
,,,,,,,,,2.0066006600660068e-08,304,,,,,,,,,
1,,,,,,,,,,304,0.12630386650562286,,,,,,,,
,,,,,,,,,2.0396039603960397e-08,309,,,,,,,,,
1,,,,,,,,,,309,0.05578117445111275,,,,,,,,
,,,,,,,,,2.0726072607260726e-08,314,,,,,,,,,
1,,,,,,,,,,314,0.08522115647792816,,,,,,,,
,,,,,,,,,2.1056105610561056e-08,319,,,,,,,,,
1,,,,,,,,,,319,0.07533774524927139,,,,,,,,
,,,,,,,,,2.1386138613861388e-08,324,,,,,,,,,
1,,,,,,,,,,324,0.12880095839500427,,,,,,,,
,,,,,,,,,2.1716171617161717e-08,329,,,,,,,,,
1,,,,,,,,,,329,0.019387949258089066,,,,,,,,
,,,,,,,,,2.2046204620462046e-08,334,,,,,,,,,
1,,,,,,,,,,334,0.06427750736474991,,,,,,,,
,,,,,,,,,2.2376237623762375e-08,339,,,,,,,,,
1,,,,,,,,,,339,0.09052537381649017,,,,,,,,
,,,,,,,,,2.2706270627062708e-08,344,,,,,,,,,
1,,,,,,,,,,344,0.054885175079107285,,,,,,,,
,,,,,,,,,2.3036303630363037e-08,349,,,,,,,,,
1,,,,,,,,,,349,0.046411920338869095,,,,,,,,
,,,,,,,,,2.3366336633663366e-08,354,,,,,,,,,
1,,,,,,,,,,354,0.07104603201150894,,,,,,,,
,,,,,,,,,2.3696369636963695e-08,359,,,,,,,,,
1,,,,,,,,,,359,0.06099411100149155,,,,,,,,
,,,,,,,,,2.4026402640264028e-08,364,,,,,,,,,
1,,,,,,,,,,364,0.05242447927594185,,,,,,,,
,,,,,,,,,2.4356435643564357e-08,369,,,,,,,,,
1,,,,,,,,,,369,0.09748213738203049,,,,,,,,
,,,,,,,,,2.4686468646864686e-08,374,,,,,,,,,
1,,,,,,,,,,374,0.12027589976787567,,,,,,,,
,,,,,,,,,2.5016501650165015e-08,379,,,,,,,,,
1,,,,,,,,,,379,0.11155590415000916,,,,,,,,
,,,,,,,,,2.5346534653465347e-08,384,,,,,,,,,
1,,,,,,,,,,384,0.07348396629095078,,,,,,,,
,,,,,,,,,2.5676567656765677e-08,389,,,,,,,,,
1,,,,,,,,,,389,0.07067251205444336,,,,,,,,
,,,,,,,,,2.6006600660066006e-08,394,,,,,,,,,
1,,,,,,,,,,394,0.10452833026647568,,,,,,,,
,,,,,,,,,2.6336633663366335e-08,399,,,,,,,,,
1,,,,,,,,,,399,0.04106422886252403,,,,,,,,
,,,,,,,,,2.6666666666666667e-08,404,,,,,,,,,
1,,,,,,,,,,404,0.0743786171078682,,,,,,,,
,,,,,,,,,2.6996699669966996e-08,409,,,,,,,,,
1,,,,,,,,,,409,0.08368661999702454,,,,,,,,
,,,,,,,,,2.7326732673267325e-08,414,,,,,,,,,
1,,,,,,,,,,414,0.07850603014230728,,,,,,,,
,,,,,,,,,2.7656765676567655e-08,419,,,,,,,,,
1,,,,,,,,,,419,0.07574571669101715,,,,,,,,
,,,,,,,,,2.7986798679867987e-08,424,,,,,,,,,
1,,,,,,,,,,424,0.06054824963212013,,,,,,,,
,,,,,,,,,2.8316831683168316e-08,429,,,,,,,,,
1,,,,,,,,,,429,0.10209756344556808,,,,,,,,
,,,,,,,,,2.8646864686468645e-08,434,,,,,,,,,
1,,,,,,,,,,434,0.0866561010479927,,,,,,,,
,,,,,,,,,2.8976897689768974e-08,439,,,,,,,,,
1,,,,,,,,,,439,0.12097407132387161,,,,,,,,
,,,,,,,,,2.9306930693069304e-08,444,,,,,,,,,
1,,,,,,,,,,444,0.09516794234514236,,,,,,,,
,,,,,,,,,2.9636963696369636e-08,449,,,,,,,,,
1,,,,,,,,,,449,0.03829335421323776,,,,,,,,
,,,,,,,,,2.9966996699669965e-08,454,,,,,,,,,
1,,,,,,,,,,454,0.056164879351854324,,,,,,,,
,,,,,,,,,3.0297029702970294e-08,459,,,,,,,,,
1,,,,,,,,,,459,0.0748065635561943,,,,,,,,
,,,,,,,,,3.0627062706270623e-08,464,,,,,,,,,
1,,,,,,,,,,464,0.04498919099569321,,,,,,,,
,,,,,,,,,3.095709570957096e-08,469,,,,,,,,,
1,,,,,,,,,,469,0.09765051305294037,,,,,,,,
,,,,,,,,,3.128712871287129e-08,474,,,,,,,,,
1,,,,,,,,,,474,0.10393866896629333,,,,,,,,
,,,,,,,,,3.161716171617162e-08,479,,,,,,,,,
1,,,,,,,,,,479,0.08828694373369217,,,,,,,,
,,,,,,,,,3.1947194719471946e-08,484,,,,,,,,,
1,,,,,,,,,,484,0.10173764824867249,,,,,,,,
,,,,,,,,,3.2277227722772276e-08,489,,,,,,,,,
1,,,,,,,,,,489,0.07100366055965424,,,,,,,,
,,,,,,,,,3.2607260726072605e-08,494,,,,,,,,,
1,,,,,,,,,,494,0.09023958444595337,,,,,,,,
,,,,,,,,,3.2937293729372934e-08,499,,,,,,,,,
1,,,,,,,,,,499,0.07861927896738052,,,,,,,,
,,,,,,,,,3.326732673267327e-08,504,,,,,,,,,
1,,,,,,,,,,504,0.06596944481134415,,,,,,,,
,,,,,,,,,3.359735973597359e-08,509,,,,,,,,,
1,,,,,,,,,,509,0.0821150541305542,,,,,,,,
,,,,,,,,,3.392739273927393e-08,514,,,,,,,,,
1,,,,,,,,,,514,0.09964853525161743,,,,,,,,
,,,,,,,,,3.425742574257426e-08,519,,,,,,,,,
1,,,,,,,,,,519,0.064493827521801,,,,,,,,
,,,,,,,,,3.4587458745874586e-08,524,,,,,,,,,
1,,,,,,,,,,524,0.05959659442305565,,,,,,,,
,,,,,,,,,3.4917491749174915e-08,529,,,,,,,,,
1,,,,,,,,,,529,0.09552648663520813,,,,,,,,
,,,,,,,,,3.5247524752475244e-08,534,,,,,,,,,
1,,,,,,,,,,534,0.07151160389184952,,,,,,,,
,,,,,,,,,3.5577557755775573e-08,539,,,,,,,,,
1,,,,,,,,,,539,0.0545719675719738,,,,,,,,
,,,,,,,,,3.590759075907591e-08,544,,,,,,,,,
1,,,,,,,,,,544,0.08502888679504395,,,,,,,,
,,,,,,,,,3.623762376237623e-08,549,,,,,,,,,
1,,,,,,,,,,549,0.07083350419998169,,,,,,,,
,,,,,,,,,3.656765676567657e-08,554,,,,,,,,,
1,,,,,,,,,,554,0.06498294323682785,,,,,,,,
,,,,,,,,,3.6897689768976896e-08,559,,,,,,,,,
1,,,,,,,,,,559,0.10035853087902069,,,,,,,,
,,,,,,,,,3.7227722772277226e-08,564,,,,,,,,,
1,,,,,,,,,,564,0.11693067848682404,,,,,,,,
,,,,,,,,,3.7557755775577555e-08,569,,,,,,,,,
1,,,,,,,,,,569,0.06808657199144363,,,,,,,,
,,,,,,,,,3.7887788778877884e-08,574,,,,,,,,,
1,,,,,,,,,,574,0.10245941579341888,,,,,,,,
,,,,,,,,,3.821782178217821e-08,579,,,,,,,,,
1,,,,,,,,,,579,0.049306146800518036,,,,,,,,
,,,,,,,,,3.854785478547855e-08,584,,,,,,,,,
1,,,,,,,,,,584,0.11043625324964523,,,,,,,,
,,,,,,,,,3.887788778877887e-08,589,,,,,,,,,
1,,,,,,,,,,589,0.074173204600811,,,,,,,,
,,,,,,,,,3.920792079207921e-08,594,,,,,,,,,
1,,,,,,,,,,594,0.15431328117847443,,,,,,,,
,,,,,,,,,3.9537953795379536e-08,599,,,,,,,,,
1,,,,,,,,,,599,0.06672881543636322,,,,,,,,
,,,,,,,,,3.9867986798679865e-08,604,,,,,,,,,
1,,,,,,,,,,604,0.05068698152899742,,,,,,,,
1,,,,,,,,,,605,,0.5625,0.7200000286102295,0.08333028852939606,0.08333028852939606,-0.010088806040585041,0.5625,1.0,-0.027198340743780136
,,,,,,,,,4.0198019801980194e-08,609,,,,,,,,,
2,,,,,,,,,,609,0.05212624743580818,,,,,,,,
,,,,,,,,,4.0528052805280523e-08,614,,,,,,,,,
2,,,,,,,,,,614,0.04366898536682129,,,,,,,,
,,,,,,,,,4.085808580858085e-08,619,,,,,,,,,
2,,,,,,,,,,619,0.07893388718366623,,,,,,,,
,,,,,,,,,4.118811881188119e-08,624,,,,,,,,,
2,,,,,,,,,,624,0.06829541176557541,,,,,,,,
,,,,,,,,,4.151815181518151e-08,629,,,,,,,,,
2,,,,,,,,,,629,0.07242488861083984,,,,,,,,
,,,,,,,,,4.1848184818481847e-08,634,,,,,,,,,
2,,,,,,,,,,634,0.1419956386089325,,,,,,,,
,,,,,,,,,4.217821782178218e-08,639,,,,,,,,,
2,,,,,,,,,,639,0.10820771753787994,,,,,,,,
,,,,,,,,,4.2508250825082505e-08,644,,,,,,,,,
2,,,,,,,,,,644,0.05873437970876694,,,,,,,,
,,,,,,,,,4.283828382838284e-08,649,,,,,,,,,
2,,,,,,,,,,649,0.04444232955574989,,,,,,,,
,,,,,,,,,4.316831683168316e-08,654,,,,,,,,,
2,,,,,,,,,,654,0.06601158529520035,,,,,,,,
,,,,,,,,,4.34983498349835e-08,659,,,,,,,,,
2,,,,,,,,,,659,0.04535802826285362,,,,,,,,
,,,,,,,,,4.382838283828383e-08,664,,,,,,,,,
2,,,,,,,,,,664,0.09698318690061569,,,,,,,,
,,,,,,,,,4.415841584158416e-08,669,,,,,,,,,
2,,,,,,,,,,669,0.1302032619714737,,,,,,,,
,,,,,,,,,4.4488448844884486e-08,674,,,,,,,,,
2,,,,,,,,,,674,0.08357854932546616,,,,,,,,
,,,,,,,,,4.481848184818482e-08,679,,,,,,,,,
2,,,,,,,,,,679,0.08300705254077911,,,,,,,,
,,,,,,,,,4.5148514851485144e-08,684,,,,,,,,,
2,,,,,,,,,,684,0.06767689436674118,,,,,,,,
,,,,,,,,,4.547854785478548e-08,689,,,,,,,,,
2,,,,,,,,,,689,0.12032348662614822,,,,,,,,
,,,,,,,,,4.58085808580858e-08,694,,,,,,,,,
2,,,,,,,,,,694,0.1289510577917099,,,,,,,,
,,,,,,,,,4.613861386138614e-08,699,,,,,,,,,
2,,,,,,,,,,699,0.0634438544511795,,,,,,,,
,,,,,,,,,4.646864686468647e-08,704,,,,,,,,,
2,,,,,,,,,,704,0.1040186658501625,,,,,,,,
,,,,,,,,,4.6798679867986797e-08,709,,,,,,,,,
2,,,,,,,,,,709,0.04406552389264107,,,,,,,,
,,,,,,,,,4.7128712871287126e-08,714,,,,,,,,,
2,,,,,,,,,,714,0.07665584236383438,,,,,,,,
,,,,,,,,,4.745874587458746e-08,719,,,,,,,,,
2,,,,,,,,,,719,0.09649273008108139,,,,,,,,
,,,,,,,,,4.7788778877887784e-08,724,,,,,,,,,
2,,,,,,,,,,724,0.06883954256772995,,,,,,,,
,,,,,,,,,4.811881188118812e-08,729,,,,,,,,,
2,,,,,,,,,,729,0.10291998833417892,,,,,,,,
,,,,,,,,,4.844884488448844e-08,734,,,,,,,,,
2,,,,,,,,,,734,0.11565879732370377,,,,,,,,
,,,,,,,,,4.877887788778878e-08,739,,,,,,,,,
2,,,,,,,,,,739,0.07296191900968552,,,,,,,,
,,,,,,,,,4.910891089108911e-08,744,,,,,,,,,
2,,,,,,,,,,744,0.05893201008439064,,,,,,,,
,,,,,,,,,4.9438943894389436e-08,749,,,,,,,,,
2,,,,,,,,,,749,0.10502411425113678,,,,,,,,
,,,,,,,,,4.9768976897689765e-08,754,,,,,,,,,
2,,,,,,,,,,754,0.09123282134532928,,,,,,,,
,,,,,,,,,5.00990099009901e-08,759,,,,,,,,,
2,,,,,,,,,,759,0.12636439502239227,,,,,,,,
,,,,,,,,,5.0429042904290424e-08,764,,,,,,,,,
2,,,,,,,,,,764,0.09815369546413422,,,,,,,,
,,,,,,,,,5.075907590759076e-08,769,,,,,,,,,
2,,,,,,,,,,769,0.09676618874073029,,,,,,,,
,,,,,,,,,5.108910891089108e-08,774,,,,,,,,,
2,,,,,,,,,,774,0.08820635825395584,,,,,,,,
,,,,,,,,,5.141914191419142e-08,779,,,,,,,,,
2,,,,,,,,,,779,0.03546828776597977,,,,,,,,
,,,,,,,,,5.174917491749175e-08,784,,,,,,,,,
2,,,,,,,,,,784,0.08216448128223419,,,,,,,,
,,,,,,,,,5.2079207920792076e-08,789,,,,,,,,,
2,,,,,,,,,,789,0.09284168481826782,,,,,,,,
,,,,,,,,,5.2409240924092405e-08,794,,,,,,,,,
2,,,,,,,,,,794,0.07115410268306732,,,,,,,,
,,,,,,,,,5.273927392739274e-08,799,,,,,,,,,
2,,,,,,,,,,799,0.10579784214496613,,,,,,,,
,,,,,,,,,5.306930693069306e-08,804,,,,,,,,,
2,,,,,,,,,,804,0.0733267217874527,,,,,,,,
,,,,,,,,,5.33993399339934e-08,809,,,,,,,,,
2,,,,,,,,,,809,0.0553857758641243,,,,,,,,
,,,,,,,,,5.372937293729372e-08,814,,,,,,,,,
2,,,,,,,,,,814,0.14123189449310303,,,,,,,,
,,,,,,,,,5.405940594059406e-08,819,,,,,,,,,
2,,,,,,,,,,819,0.15029941499233246,,,,,,,,
,,,,,,,,,5.4389438943894386e-08,824,,,,,,,,,
2,,,,,,,,,,824,0.057170458137989044,,,,,,,,
,,,,,,,,,5.4719471947194715e-08,829,,,,,,,,,
2,,,,,,,,,,829,0.13882295787334442,,,,,,,,
,,,,,,,,,5.5049504950495045e-08,834,,,,,,,,,
2,,,,,,,,,,834,0.07024914771318436,,,,,,,,
,,,,,,,,,5.537953795379538e-08,839,,,,,,,,,
2,,,,,,,,,,839,0.05974709987640381,,,,,,,,
,,,,,,,,,5.57095709570957e-08,844,,,,,,,,,
2,,,,,,,,,,844,0.03874407708644867,,,,,,,,
,,,,,,,,,5.603960396039604e-08,849,,,,,,,,,
2,,,,,,,,,,849,0.06594874709844589,,,,,,,,
,,,,,,,,,5.636963696369636e-08,854,,,,,,,,,
2,,,,,,,,,,854,0.11934631317853928,,,,,,,,
,,,,,,,,,5.66996699669967e-08,859,,,,,,,,,
2,,,,,,,,,,859,0.08882863074541092,,,,,,,,
,,,,,,,,,5.7029702970297026e-08,864,,,,,,,,,
2,,,,,,,,,,864,0.1335941106081009,,,,,,,,
,,,,,,,,,5.7359735973597355e-08,869,,,,,,,,,
2,,,,,,,,,,869,0.06490568071603775,,,,,,,,
,,,,,,,,,5.768976897689769e-08,874,,,,,,,,,
2,,,,,,,,,,874,0.08576954156160355,,,,,,,,
,,,,,,,,,5.801980198019802e-08,879,,,,,,,,,
2,,,,,,,,,,879,0.04317638278007507,,,,,,,,
,,,,,,,,,5.834983498349835e-08,884,,,,,,,,,
2,,,,,,,,,,884,0.1078277975320816,,,,,,,,
,,,,,,,,,5.867986798679868e-08,889,,,,,,,,,
2,,,,,,,,,,889,0.06710173189640045,,,,,,,,
,,,,,,,,,5.900990099009901e-08,894,,,,,,,,,
2,,,,,,,,,,894,0.07165701687335968,,,,,,,,
,,,,,,,,,5.9339933993399336e-08,899,,,,,,,,,
2,,,,,,,,,,899,0.04978480190038681,,,,,,,,
,,,,,,,,,5.966996699669967e-08,904,,,,,,,,,
2,,,,,,,,,,904,0.09293587505817413,,,,,,,,
2,,,,,,,,,,908,,0.5625,0.7200000286102295,0.08331073820590973,0.08331073820590973,-0.010267059318721294,0.5625,1.0,-0.021387619897723198
,,,,,,,,,6e-08,909,,,,,,,,,
3,,,,,,,,,,909,0.06063724681735039,,,,,,,,
,,,,,,,,,6.033003300330033e-08,914,,,,,,,,,
3,,,,,,,,,,914,0.05980682373046875,,,,,,,,
,,,,,,,,,6.066006600660067e-08,919,,,,,,,,,
3,,,,,,,,,,919,0.09593726694583893,,,,,,,,
,,,,,,,,,6.099009900990099e-08,924,,,,,,,,,
3,,,,,,,,,,924,0.057489726692438126,,,,,,,,
,,,,,,,,,6.132013201320132e-08,929,,,,,,,,,
3,,,,,,,,,,929,0.055664073675870895,,,,,,,,
,,,,,,,,,6.165016501650165e-08,934,,,,,,,,,
3,,,,,,,,,,934,0.12830013036727905,,,,,,,,
,,,,,,,,,6.198019801980198e-08,939,,,,,,,,,
3,,,,,,,,,,939,0.09177947044372559,,,,,,,,
,,,,,,,,,6.23102310231023e-08,944,,,,,,,,,
3,,,,,,,,,,944,0.05792532488703728,,,,,,,,
,,,,,,,,,6.264026402640264e-08,949,,,,,,,,,
3,,,,,,,,,,949,0.052228063344955444,,,,,,,,
,,,,,,,,,6.297029702970296e-08,954,,,,,,,,,
3,,,,,,,,,,954,0.0754723846912384,,,,,,,,
,,,,,,,,,6.33003300330033e-08,959,,,,,,,,,
3,,,,,,,,,,959,0.04914749413728714,,,,,,,,
,,,,,,,,,6.363036303630363e-08,964,,,,,,,,,
3,,,,,,,,,,964,0.05507121980190277,,,,,,,,
,,,,,,,,,6.396039603960396e-08,969,,,,,,,,,
3,,,,,,,,,,969,0.09601151943206787,,,,,,,,
,,,,,,,,,6.429042904290428e-08,974,,,,,,,,,
3,,,,,,,,,,974,0.07354968786239624,,,,,,,,
,,,,,,,,,6.462046204620463e-08,979,,,,,,,,,
3,,,,,,,,,,979,0.09731639176607132,,,,,,,,
,,,,,,,,,6.495049504950495e-08,984,,,,,,,,,
3,,,,,,,,,,984,0.05983659625053406,,,,,,,,
,,,,,,,,,6.528052805280527e-08,989,,,,,,,,,
3,,,,,,,,,,989,0.06521977484226227,,,,,,,,
,,,,,,,,,6.56105610561056e-08,994,,,,,,,,,
3,,,,,,,,,,994,0.03890804201364517,,,,,,,,
,,,,,,,,,6.594059405940595e-08,999,,,,,,,,,
3,,,,,,,,,,999,0.08883170783519745,,,,,,,,
,,,,,,,,,6.627062706270627e-08,1004,,,,,,,,,
3,,,,,,,,,,1004,0.04863464832305908,,,,,,,,
,,,,,,,,,6.660066006600659e-08,1009,,,,,,,,,
3,,,,,,,,,,1009,0.09837472438812256,,,,,,,,
,,,,,,,,,6.693069306930693e-08,1014,,,,,,,,,
3,,,,,,,,,,1014,0.08240549266338348,,,,,,,,
,,,,,,,,,6.726072607260726e-08,1019,,,,,,,,,
3,,,,,,,,,,1019,0.10191473364830017,,,,,,,,
,,,,,,,,,6.759075907590758e-08,1024,,,,,,,,,
3,,,,,,,,,,1024,0.08849784731864929,,,,,,,,
,,,,,,,,,6.792079207920792e-08,1029,,,,,,,,,
3,,,,,,,,,,1029,0.10141825675964355,,,,,,,,
,,,,,,,,,6.825082508250824e-08,1034,,,,,,,,,
3,,,,,,,,,,1034,0.11878196150064468,,,,,,,,
,,,,,,,,,6.858085808580858e-08,1039,,,,,,,,,
3,,,,,,,,,,1039,0.0950636938214302,,,,,,,,
,,,,,,,,,6.891089108910891e-08,1044,,,,,,,,,
3,,,,,,,,,,1044,0.020284634083509445,,,,,,,,
,,,,,,,,,6.924092409240924e-08,1049,,,,,,,,,
3,,,,,,,,,,1049,0.10800611972808838,,,,,,,,
,,,,,,,,,6.957095709570956e-08,1054,,,,,,,,,
3,,,,,,,,,,1054,0.12383581697940826,,,,,,,,
,,,,,,,,,6.990099009900991e-08,1059,,,,,,,,,
3,,,,,,,,,,1059,0.09353239834308624,,,,,,,,
,,,,,,,,,7.023102310231023e-08,1064,,,,,,,,,
3,,,,,,,,,,1064,0.08093929290771484,,,,,,,,
,,,,,,,,,7.056105610561055e-08,1069,,,,,,,,,
3,,,,,,,,,,1069,0.13062509894371033,,,,,,,,
,,,,,,,,,7.089108910891088e-08,1074,,,,,,,,,
3,,,,,,,,,,1074,0.08662335574626923,,,,,,,,
,,,,,,,,,7.122112211221122e-08,1079,,,,,,,,,
3,,,,,,,,,,1079,0.07876180112361908,,,,,,,,
,,,,,,,,,7.155115511551155e-08,1084,,,,,,,,,
3,,,,,,,,,,1084,0.07653307169675827,,,,,,,,
,,,,,,,,,7.188118811881187e-08,1089,,,,,,,,,
3,,,,,,,,,,1089,0.10030315816402435,,,,,,,,
,,,,,,,,,7.221122112211222e-08,1094,,,,,,,,,
3,,,,,,,,,,1094,0.08586156368255615,,,,,,,,
,,,,,,,,,7.254125412541254e-08,1099,,,,,,,,,
3,,,,,,,,,,1099,0.09406143426895142,,,,,,,,
,,,,,,,,,7.287128712871286e-08,1104,,,,,,,,,
3,,,,,,,,,,1104,0.08123403042554855,,,,,,,,
,,,,,,,,,7.32013201320132e-08,1109,,,,,,,,,
3,,,,,,,,,,1109,0.04280971363186836,,,,,,,,
,,,,,,,,,7.353135313531353e-08,1114,,,,,,,,,
3,,,,,,,,,,1114,0.10011513531208038,,,,,,,,
,,,,,,,,,7.386138613861386e-08,1119,,,,,,,,,
3,,,,,,,,,,1119,0.09627470374107361,,,,,,,,
,,,,,,,,,7.419141914191419e-08,1124,,,,,,,,,
3,,,,,,,,,,1124,0.07927316427230835,,,,,,,,
,,,,,,,,,7.452145214521452e-08,1129,,,,,,,,,
3,,,,,,,,,,1129,0.08870884031057358,,,,,,,,
,,,,,,,,,7.485148514851485e-08,1134,,,,,,,,,
3,,,,,,,,,,1134,0.11299782991409302,,,,,,,,
,,,,,,,,,7.518151815181519e-08,1139,,,,,,,,,
3,,,,,,,,,,1139,0.09561453759670258,,,,,,,,
,,,,,,,,,7.551155115511551e-08,1144,,,,,,,,,
3,,,,,,,,,,1144,0.09108788520097733,,,,,,,,
,,,,,,,,,7.584158415841583e-08,1149,,,,,,,,,
3,,,,,,,,,,1149,0.08978930115699768,,,,,,,,
,,,,,,,,,7.617161716171617e-08,1154,,,,,,,,,
3,,,,,,,,,,1154,0.016437450423836708,,,,,,,,
,,,,,,,,,7.65016501650165e-08,1159,,,,,,,,,
3,,,,,,,,,,1159,0.06572860479354858,,,,,,,,
,,,,,,,,,7.683168316831683e-08,1164,,,,,,,,,
3,,,,,,,,,,1164,0.034738168120384216,,,,,,,,
,,,,,,,,,7.716171617161715e-08,1169,,,,,,,,,
3,,,,,,,,,,1169,0.1106497123837471,,,,,,,,
,,,,,,,,,7.74917491749175e-08,1174,,,,,,,,,
3,,,,,,,,,,1174,0.13220906257629395,,,,,,,,
,,,,,,,,,7.782178217821782e-08,1179,,,,,,,,,
3,,,,,,,,,,1179,0.09770891815423965,,,,,,,,
,,,,,,,,,7.815181518151814e-08,1184,,,,,,,,,
3,,,,,,,,,,1184,0.07169727981090546,,,,,,,,
,,,,,,,,,7.848184818481848e-08,1189,,,,,,,,,
3,,,,,,,,,,1189,0.1320262849330902,,,,,,,,
,,,,,,,,,7.881188118811881e-08,1194,,,,,,,,,
3,,,,,,,,,,1194,0.06796877086162567,,,,,,,,
,,,,,,,,,7.914191419141914e-08,1199,,,,,,,,,
3,,,,,,,,,,1199,0.06390026956796646,,,,,,,,
,,,,,,,,,7.947194719471947e-08,1204,,,,,,,,,
3,,,,,,,,,,1204,0.06335189938545227,,,,,,,,
,,,,,,,,,7.98019801980198e-08,1209,,,,,,,,,
3,,,,,,,,,,1209,0.04786264896392822,,,,,,,,
3,,,,,,,,,,1211,,0.5625,0.7200000286102295,0.08330322802066803,0.08330322802066803,-0.009033584967255592,0.5625,1.0,-0.012995660305023193
,,,,,,,,,8.013201320132013e-08,1214,,,,,,,,,
4,,,,,,,,,,1214,0.05370889604091644,,,,,,,,
,,,,,,,,,8.046204620462047e-08,1219,,,,,,,,,
4,,,,,,,,,,1219,0.0988069698214531,,,,,,,,
,,,,,,,,,8.079207920792079e-08,1224,,,,,,,,,
4,,,,,,,,,,1224,0.05372445657849312,,,,,,,,
,,,,,,,,,8.112211221122111e-08,1229,,,,,,,,,
4,,,,,,,,,,1229,0.04203055426478386,,,,,,,,
,,,,,,,,,8.145214521452145e-08,1234,,,,,,,,,
4,,,,,,,,,,1234,0.15336567163467407,,,,,,,,
,,,,,,,,,8.178217821782178e-08,1239,,,,,,,,,
4,,,,,,,,,,1239,0.08072324097156525,,,,,,,,
,,,,,,,,,8.21122112211221e-08,1244,,,,,,,,,
4,,,,,,,,,,1244,0.11696334183216095,,,,,,,,
,,,,,,,,,8.244224422442243e-08,1249,,,,,,,,,
4,,,,,,,,,,1249,0.056395962834358215,,,,,,,,
,,,,,,,,,8.277227722772278e-08,1254,,,,,,,,,
4,,,,,,,,,,1254,0.0593021884560585,,,,,,,,
,,,,,,,,,8.31023102310231e-08,1259,,,,,,,,,
4,,,,,,,,,,1259,0.08118589222431183,,,,,,,,
,,,,,,,,,8.343234323432342e-08,1264,,,,,,,,,
4,,,,,,,,,,1264,0.10294235497713089,,,,,,,,
,,,,,,,,,8.376237623762376e-08,1269,,,,,,,,,
4,,,,,,,,,,1269,0.0891699492931366,,,,,,,,
,,,,,,,,,8.409240924092409e-08,1274,,,,,,,,,
4,,,,,,,,,,1274,0.1110723614692688,,,,,,,,
,,,,,,,,,8.442244224422442e-08,1279,,,,,,,,,
4,,,,,,,,,,1279,0.0964711382985115,,,,,,,,
,,,,,,,,,8.475247524752475e-08,1284,,,,,,,,,
4,,,,,,,,,,1284,0.10912946611642838,,,,,,,,
,,,,,,,,,8.508250825082507e-08,1289,,,,,,,,,
4,,,,,,,,,,1289,0.07826951891183853,,,,,,,,
,,,,,,,,,8.541254125412541e-08,1294,,,,,,,,,
4,,,,,,,,,,1294,0.07134126871824265,,,,,,,,
,,,,,,,,,8.574257425742575e-08,1299,,,,,,,,,
4,,,,,,,,,,1299,0.092898890376091,,,,,,,,
,,,,,,,,,8.607260726072607e-08,1304,,,,,,,,,
4,,,,,,,,,,1304,0.057218343019485474,,,,,,,,
,,,,,,,,,8.640264026402639e-08,1309,,,,,,,,,
4,,,,,,,,,,1309,0.1115630641579628,,,,,,,,
,,,,,,,,,8.673267326732673e-08,1314,,,,,,,,,
4,,,,,,,,,,1314,0.08647222816944122,,,,,,,,
,,,,,,,,,8.706270627062706e-08,1319,,,,,,,,,
4,,,,,,,,,,1319,0.07569010555744171,,,,,,,,
,,,,,,,,,8.739273927392738e-08,1324,,,,,,,,,
4,,,,,,,,,,1324,0.1219143271446228,,,,,,,,
,,,,,,,,,8.772277227722771e-08,1329,,,,,,,,,
4,,,,,,,,,,1329,0.1566152125597,,,,,,,,
,,,,,,,,,8.805280528052806e-08,1334,,,,,,,,,
4,,,,,,,,,,1334,0.07527842372655869,,,,,,,,
,,,,,,,,,8.838283828382838e-08,1339,,,,,,,,,
4,,,,,,,,,,1339,0.10424118489027023,,,,,,,,
,,,,,,,,,8.87128712871287e-08,1344,,,,,,,,,
4,,,,,,,,,,1344,0.07418922334909439,,,,,,,,
,,,,,,,,,8.904290429042905e-08,1349,,,,,,,,,
4,,,,,,,,,,1349,0.06162039563059807,,,,,,,,
,,,,,,,,,8.937293729372937e-08,1354,,,,,,,,,
4,,,,,,,,,,1354,0.08707775920629501,,,,,,,,
,,,,,,,,,8.97029702970297e-08,1359,,,,,,,,,
4,,,,,,,,,,1359,0.06707461923360825,,,,,,,,
,,,,,,,,,9.003300330033003e-08,1364,,,,,,,,,
4,,,,,,,,,,1364,0.09836908429861069,,,,,,,,
,,,,,,,,,9.036303630363037e-08,1369,,,,,,,,,
4,,,,,,,,,,1369,0.10173295438289642,,,,,,,,
,,,,,,,,,9.069306930693069e-08,1374,,,,,,,,,
4,,,,,,,,,,1374,0.04110095277428627,,,,,,,,
,,,,,,,,,9.102310231023102e-08,1379,,,,,,,,,
4,,,,,,,,,,1379,0.06729519367218018,,,,,,,,
,,,,,,,,,9.135313531353135e-08,1384,,,,,,,,,
4,,,,,,,,,,1384,0.05629032477736473,,,,,,,,
,,,,,,,,,9.168316831683168e-08,1389,,,,,,,,,
4,,,,,,,,,,1389,0.188073068857193,,,,,,,,
,,,,,,,,,9.2013201320132e-08,1394,,,,,,,,,
4,,,,,,,,,,1394,0.0336107574403286,,,,,,,,
,,,,,,,,,9.234323432343234e-08,1399,,,,,,,,,
4,,,,,,,,,,1399,0.08687948435544968,,,,,,,,
,,,,,,,,,9.267326732673266e-08,1404,,,,,,,,,
4,,,,,,,,,,1404,0.06566230207681656,,,,,,,,
,,,,,,,,,9.3003300330033e-08,1409,,,,,,,,,
4,,,,,,,,,,1409,0.07290349900722504,,,,,,,,
,,,,,,,,,9.333333333333334e-08,1414,,,,,,,,,
4,,,,,,,,,,1414,0.07641527056694031,,,,,,,,
,,,,,,,,,9.366336633663366e-08,1419,,,,,,,,,
4,,,,,,,,,,1419,0.0976499542593956,,,,,,,,
,,,,,,,,,9.399339933993398e-08,1424,,,,,,,,,
4,,,,,,,,,,1424,0.053091589361429214,,,,,,,,
,,,,,,,,,9.432343234323433e-08,1429,,,,,,,,,
4,,,,,,,,,,1429,0.07801080495119095,,,,,,,,
,,,,,,,,,9.465346534653465e-08,1434,,,,,,,,,
4,,,,,,,,,,1434,0.0940849781036377,,,,,,,,
,,,,,,,,,9.498349834983497e-08,1439,,,,,,,,,
4,,,,,,,,,,1439,0.07163061201572418,,,,,,,,
,,,,,,,,,9.531353135313531e-08,1444,,,,,,,,,
4,,,,,,,,,,1444,0.04991842433810234,,,,,,,,
,,,,,,,,,9.564356435643565e-08,1449,,,,,,,,,
4,,,,,,,,,,1449,0.05049591138958931,,,,,,,,
,,,,,,,,,9.597359735973597e-08,1454,,,,,,,,,
4,,,,,,,,,,1454,0.04411889985203743,,,,,,,,
,,,,,,,,,9.63036303630363e-08,1459,,,,,,,,,
4,,,,,,,,,,1459,0.07772646099328995,,,,,,,,
,,,,,,,,,9.663366336633663e-08,1464,,,,,,,,,
4,,,,,,,,,,1464,0.10710332542657852,,,,,,,,
,,,,,,,,,9.696369636963696e-08,1469,,,,,,,,,
4,,,,,,,,,,1469,0.07396984845399857,,,,,,,,
,,,,,,,,,9.729372937293728e-08,1474,,,,,,,,,
4,,,,,,,,,,1474,0.14147956669330597,,,,,,,,
,,,,,,,,,9.762376237623762e-08,1479,,,,,,,,,
4,,,,,,,,,,1479,0.11092625558376312,,,,,,,,
,,,,,,,,,9.795379537953794e-08,1484,,,,,,,,,
4,,,,,,,,,,1484,0.07020170241594315,,,,,,,,
,,,,,,,,,9.828382838283828e-08,1489,,,,,,,,,
4,,,,,,,,,,1489,0.0421966128051281,,,,,,,,
,,,,,,,,,9.861386138613861e-08,1494,,,,,,,,,
4,,,,,,,,,,1494,0.07635236531496048,,,,,,,,
,,,,,,,,,9.894389438943894e-08,1499,,,,,,,,,
4,,,,,,,,,,1499,0.05733569711446762,,,,,,,,
,,,,,,,,,9.927392739273926e-08,1504,,,,,,,,,
4,,,,,,,,,,1504,0.03947813808917999,,,,,,,,
,,,,,,,,,9.960396039603961e-08,1509,,,,,,,,,
4,,,,,,,,,,1509,0.06893859803676605,,,,,,,,
,,,,,,,,,9.993399339933993e-08,1514,,,,,,,,,
4,,,,,,,,,,1514,0.035318974405527115,,,,,,,,
4,,,,,,,,,,1514,,0.5625,0.7200000286102295,0.08333056420087814,0.08333056420087814,-0.0034439729060977697,0.5625,1.0,0.003832260612398386
,,,,,,,,,1.0026402640264025e-07,1519,,,,,,,,,
5,,,,,,,,,,1519,0.12483588606119156,,,,,,,,
,,,,,,,,,1.0059405940594059e-07,1524,,,,,,,,,
5,,,,,,,,,,1524,0.03697381541132927,,,,,,,,
,,,,,,,,,1.0092409240924092e-07,1529,,,,,,,,,
5,,,,,,,,,,1529,0.1279636025428772,,,,,,,,
,,,,,,,,,1.0125412541254125e-07,1534,,,,,,,,,
5,,,,,,,,,,1534,0.10994639247655869,,,,,,,,
,,,,,,,,,1.0158415841584157e-07,1539,,,,,,,,,
5,,,,,,,,,,1539,0.05624212697148323,,,,,,,,
,,,,,,,,,1.019141914191419e-07,1544,,,,,,,,,
5,,,,,,,,,,1544,0.11416126787662506,,,,,,,,
,,,,,,,,,1.0224422442244224e-07,1549,,,,,,,,,
5,,,,,,,,,,1549,0.10794898122549057,,,,,,,,
,,,,,,,,,1.0257425742574256e-07,1554,,,,,,,,,
5,,,,,,,,,,1554,0.0533200278878212,,,,,,,,
,,,,,,,,,1.029042904290429e-07,1559,,,,,,,,,
5,,,,,,,,,,1559,0.07087714225053787,,,,,,,,
,,,,,,,,,1.0323432343234324e-07,1564,,,,,,,,,
5,,,,,,,,,,1564,0.05629495531320572,,,,,,,,
,,,,,,,,,1.0356435643564356e-07,1569,,,,,,,,,
5,,,,,,,,,,1569,0.0945231094956398,,,,,,,,
,,,,,,,,,1.038943894389439e-07,1574,,,,,,,,,
5,,,,,,,,,,1574,0.07964084297418594,,,,,,,,
,,,,,,,,,1.0422442244224422e-07,1579,,,,,,,,,
5,,,,,,,,,,1579,0.06156621873378754,,,,,,,,
,,,,,,,,,1.0455445544554455e-07,1584,,,,,,,,,
5,,,,,,,,,,1584,0.12429355084896088,,,,,,,,
,,,,,,,,,1.0488448844884489e-07,1589,,,,,,,,,
5,,,,,,,,,,1589,0.13584107160568237,,,,,,,,
,,,,,,,,,1.0521452145214521e-07,1594,,,,,,,,,
5,,,,,,,,,,1594,0.08249082416296005,,,,,,,,
,,,,,,,,,1.0554455445544553e-07,1599,,,,,,,,,
5,,,,,,,,,,1599,0.07026003301143646,,,,,,,,
,,,,,,,,,1.0587458745874588e-07,1604,,,,,,,,,
5,,,,,,,,,,1604,0.0800027996301651,,,,,,,,
,,,,,,,,,1.062046204620462e-07,1609,,,,,,,,,
5,,,,,,,,,,1609,0.14641842246055603,,,,,,,,
,,,,,,,,,1.0653465346534653e-07,1614,,,,,,,,,
5,,,,,,,,,,1614,0.058475736528635025,,,,,,,,
,,,,,,,,,1.0686468646864685e-07,1619,,,,,,,,,
5,,,,,,,,,,1619,0.15186038613319397,,,,,,,,
,,,,,,,,,1.071947194719472e-07,1624,,,,,,,,,
5,,,,,,,,,,1624,0.1374138444662094,,,,,,,,
,,,,,,,,,1.0752475247524752e-07,1629,,,,,,,,,
5,,,,,,,,,,1629,0.09678409993648529,,,,,,,,
,,,,,,,,,1.0785478547854784e-07,1634,,,,,,,,,
5,,,,,,,,,,1634,0.07497195154428482,,,,,,,,
,,,,,,,,,1.0818481848184818e-07,1639,,,,,,,,,
5,,,,,,,,,,1639,0.07646691054105759,,,,,,,,
,,,,,,,,,1.0851485148514851e-07,1644,,,,,,,,,
5,,,,,,,,,,1644,0.06524774432182312,,,,,,,,
,,,,,,,,,1.0884488448844884e-07,1649,,,,,,,,,
5,,,,,,,,,,1649,0.06408052891492844,,,,,,,,
,,,,,,,,,1.0917491749174917e-07,1654,,,,,,,,,
5,,,,,,,,,,1654,0.0831780806183815,,,,,,,,
,,,,,,,,,1.095049504950495e-07,1659,,,,,,,,,
5,,,,,,,,,,1659,0.05839388445019722,,,,,,,,
,,,,,,,,,1.0983498349834983e-07,1664,,,,,,,,,
5,,,,,,,,,,1664,0.0918029174208641,,,,,,,,
,,,,,,,,,1.1016501650165017e-07,1669,,,,,,,,,
5,,,,,,,,,,1669,0.09682212024927139,,,,,,,,
,,,,,,,,,1.1049504950495049e-07,1674,,,,,,,,,
5,,,,,,,,,,1674,0.06779532134532928,,,,,,,,
,,,,,,,,,1.1082508250825081e-07,1679,,,,,,,,,
5,,,,,,,,,,1679,0.07748997956514359,,,,,,,,
,,,,,,,,,1.1115511551155116e-07,1684,,,,,,,,,
5,,,,,,,,,,1684,0.09311863034963608,,,,,,,,
,,,,,,,,,1.1148514851485148e-07,1689,,,,,,,,,
5,,,,,,,,,,1689,0.0453185960650444,,,,,,,,
,,,,,,,,,1.118151815181518e-07,1694,,,,,,,,,
5,,,,,,,,,,1694,0.16566836833953857,,,,,,,,
,,,,,,,,,1.1214521452145213e-07,1699,,,,,,,,,
5,,,,,,,,,,1699,0.14490318298339844,,,,,,,,
,,,,,,,,,1.1247524752475248e-07,1704,,,,,,,,,
5,,,,,,,,,,1704,0.08866257965564728,,,,,,,,
,,,,,,,,,1.128052805280528e-07,1709,,,,,,,,,
5,,,,,,,,,,1709,0.09314816445112228,,,,,,,,
,,,,,,,,,1.1313531353135312e-07,1714,,,,,,,,,
5,,,,,,,,,,1714,0.05686972290277481,,,,,,,,
,,,,,,,,,1.1346534653465346e-07,1719,,,,,,,,,
5,,,,,,,,,,1719,0.08867959678173065,,,,,,,,
,,,,,,,,,1.137953795379538e-07,1724,,,,,,,,,
5,,,,,,,,,,1724,0.09555310755968094,,,,,,,,
,,,,,,,,,1.1412541254125412e-07,1729,,,,,,,,,
5,,,,,,,,,,1729,0.06781192868947983,,,,,,,,
,,,,,,,,,1.1445544554455445e-07,1734,,,,,,,,,
5,,,,,,,,,,1734,0.05409066379070282,,,,,,,,
,,,,,,,,,1.1478547854785477e-07,1739,,,,,,,,,
5,,,,,,,,,,1739,0.07777095586061478,,,,,,,,
,,,,,,,,,1.1511551155115511e-07,1744,,,,,,,,,
5,,,,,,,,,,1744,0.04758024588227272,,,,,,,,
,,,,,,,,,1.1544554455445545e-07,1749,,,,,,,,,
5,,,,,,,,,,1749,0.10473363101482391,,,,,,,,
,,,,,,,,,1.1577557755775577e-07,1754,,,,,,,,,
5,,,,,,,,,,1754,0.0701596736907959,,,,,,,,
,,,,,,,,,1.1610561056105609e-07,1759,,,,,,,,,
5,,,,,,,,,,1759,0.07751116901636124,,,,,,,,
,,,,,,,,,1.1643564356435644e-07,1764,,,,,,,,,
5,,,,,,,,,,1764,0.07665357738733292,,,,,,,,
,,,,,,,,,1.1676567656765676e-07,1769,,,,,,,,,
5,,,,,,,,,,1769,0.08597058802843094,,,,,,,,
,,,,,,,,,1.1709570957095709e-07,1774,,,,,,,,,
5,,,,,,,,,,1774,0.09714868664741516,,,,,,,,
,,,,,,,,,1.1742574257425741e-07,1779,,,,,,,,,
5,,,,,,,,,,1779,0.044706352055072784,,,,,,,,
,,,,,,,,,1.1775577557755776e-07,1784,,,,,,,,,
5,,,,,,,,,,1784,0.1063414141535759,,,,,,,,
,,,,,,,,,1.1808580858085808e-07,1789,,,,,,,,,
5,,,,,,,,,,1789,0.09080193936824799,,,,,,,,
,,,,,,,,,1.184158415841584e-07,1794,,,,,,,,,
5,,,,,,,,,,1794,0.0463169664144516,,,,,,,,
,,,,,,,,,1.1874587458745875e-07,1799,,,,,,,,,
5,,,,,,,,,,1799,0.019675947725772858,,,,,,,,
,,,,,,,,,1.1907590759075907e-07,1804,,,,,,,,,
5,,,,,,,,,,1804,0.1034616157412529,,,,,,,,
,,,,,,,,,1.194059405940594e-07,1809,,,,,,,,,
5,,,,,,,,,,1809,0.052595119923353195,,,,,,,,
,,,,,,,,,1.1973597359735973e-07,1814,,,,,,,,,
5,,,,,,,,,,1814,0.08173444867134094,,,,,,,,
5,,,,,,,,,,1817,,0.5625,0.7200000286102295,0.08340180665254593,0.08340180665254593,0.009580687619745731,0.5625,1.0,0.03278760612010956
,,,,,,,,,1.2006600660066005e-07,1819,,,,,,,,,
6,,,,,,,,,,1819,0.12703679502010345,,,,,,,,
,,,,,,,,,1.2039603960396038e-07,1824,,,,,,,,,
6,,,,,,,,,,1824,0.10835283249616623,,,,,,,,
,,,,,,,,,1.2072607260726073e-07,1829,,,,,,,,,
6,,,,,,,,,,1829,0.07723395526409149,,,,,,,,
,,,,,,,,,1.2105610561056105e-07,1834,,,,,,,,,
6,,,,,,,,,,1834,0.06985796242952347,,,,,,,,
,,,,,,,,,1.2138613861386137e-07,1839,,,,,,,,,
6,,,,,,,,,,1839,0.04477608576416969,,,,,,,,
,,,,,,,,,1.2171617161716172e-07,1844,,,,,,,,,
6,,,,,,,,,,1844,0.03806248679757118,,,,,,,,
,,,,,,,,,1.2204620462046204e-07,1849,,,,,,,,,
6,,,,,,,,,,1849,0.08258197456598282,,,,,,,,
,,,,,,,,,1.2237623762376236e-07,1854,,,,,,,,,
6,,,,,,,,,,1854,0.06394635140895844,,,,,,,,
,,,,,,,,,1.2270627062706269e-07,1859,,,,,,,,,
6,,,,,,,,,,1859,0.12480000406503677,,,,,,,,
,,,,,,,,,1.2303630363036304e-07,1864,,,,,,,,,
6,,,,,,,,,,1864,0.08158709853887558,,,,,,,,
,,,,,,,,,1.2336633663366336e-07,1869,,,,,,,,,
6,,,,,,,,,,1869,0.1174931451678276,,,,,,,,
,,,,,,,,,1.2369636963696368e-07,1874,,,,,,,,,
6,,,,,,,,,,1874,0.04193286597728729,,,,,,,,
,,,,,,,,,1.2402640264026403e-07,1879,,,,,,,,,
6,,,,,,,,,,1879,0.13628920912742615,,,,,,,,
,,,,,,,,,1.2435643564356435e-07,1884,,,,,,,,,
6,,,,,,,,,,1884,0.07085593044757843,,,,,,,,
,,,,,,,,,1.2468646864686467e-07,1889,,,,,,,,,
6,,,,,,,,,,1889,0.11255815625190735,,,,,,,,
,,,,,,,,,1.25016501650165e-07,1894,,,,,,,,,
6,,,,,,,,,,1894,0.07600699365139008,,,,,,,,
,,,,,,,,,1.2534653465346535e-07,1899,,,,,,,,,
6,,,,,,,,,,1899,0.06162546947598457,,,,,,,,
,,,,,,,,,1.2567656765676567e-07,1904,,,,,,,,,
6,,,,,,,,,,1904,0.06909558176994324,,,,,,,,
,,,,,,,,,1.26006600660066e-07,1909,,,,,,,,,
6,,,,,,,,,,1909,0.09849900752305984,,,,,,,,
,,,,,,,,,1.2633663366336634e-07,1914,,,,,,,,,
6,,,,,,,,,,1914,0.06935043632984161,,,,,,,,
,,,,,,,,,1.2666666666666666e-07,1919,,,,,,,,,
6,,,,,,,,,,1919,0.07645902782678604,,,,,,,,
,,,,,,,,,1.2699669966996699e-07,1924,,,,,,,,,
6,,,,,,,,,,1924,0.10237324982881546,,,,,,,,
,,,,,,,,,1.2732673267326733e-07,1929,,,,,,,,,
6,,,,,,,,,,1929,0.09145611524581909,,,,,,,,
,,,,,,,,,1.2765676567656766e-07,1934,,,,,,,,,
6,,,,,,,,,,1934,0.0728086605668068,,,,,,,,
,,,,,,,,,1.2798679867986798e-07,1939,,,,,,,,,
6,,,,,,,,,,1939,0.03717043250799179,,,,,,,,
,,,,,,,,,1.283168316831683e-07,1944,,,,,,,,,
6,,,,,,,,,,1944,0.05483825504779816,,,,,,,,
,,,,,,,,,1.2864686468646865e-07,1949,,,,,,,,,
6,,,,,,,,,,1949,0.04393656551837921,,,,,,,,
,,,,,,,,,1.2897689768976897e-07,1954,,,,,,,,,
6,,,,,,,,,,1954,0.09715920686721802,,,,,,,,
,,,,,,,,,1.293069306930693e-07,1959,,,,,,,,,
6,,,,,,,,,,1959,0.0949145033955574,,,,,,,,
,,,,,,,,,1.2963696369636964e-07,1964,,,,,,,,,
6,,,,,,,,,,1964,0.0953095406293869,,,,,,,,
,,,,,,,,,1.2996699669966997e-07,1969,,,,,,,,,
6,,,,,,,,,,1969,0.05131915211677551,,,,,,,,
,,,,,,,,,1.302970297029703e-07,1974,,,,,,,,,
6,,,,,,,,,,1974,0.11156293004751205,,,,,,,,
,,,,,,,,,1.306270627062706e-07,1979,,,,,,,,,
6,,,,,,,,,,1979,0.07791086286306381,,,,,,,,
,,,,,,,,,1.3095709570957093e-07,1984,,,,,,,,,
6,,,,,,,,,,1984,0.09632537513971329,,,,,,,,
,,,,,,,,,1.3128712871287128e-07,1989,,,,,,,,,
6,,,,,,,,,,1989,0.044103194028139114,,,,,,,,
,,,,,,,,,1.316171617161716e-07,1994,,,,,,,,,
6,,,,,,,,,,1994,0.07089520990848541,,,,,,,,
,,,,,,,,,1.3194719471947193e-07,1999,,,,,,,,,
6,,,,,,,,,,1999,0.06514041870832443,,,,,,,,
,,,,,,,,,1.3227722772277228e-07,2004,,,,,,,,,
6,,,,,,,,,,2004,0.10407765209674835,,,,,,,,
,,,,,,,,,1.326072607260726e-07,2009,,,,,,,,,
6,,,,,,,,,,2009,0.08937188982963562,,,,,,,,
,,,,,,,,,1.3293729372937292e-07,2014,,,,,,,,,
6,,,,,,,,,,2014,0.10385065525770187,,,,,,,,
,,,,,,,,,1.3326732673267327e-07,2019,,,,,,,,,
6,,,,,,,,,,2019,0.10062091052532196,,,,,,,,
,,,,,,,,,1.3359735973597357e-07,2024,,,,,,,,,
6,,,,,,,,,,2024,0.0847880095243454,,,,,,,,
,,,,,,,,,1.3392739273927392e-07,2029,,,,,,,,,
6,,,,,,,,,,2029,0.06040927395224571,,,,,,,,
,,,,,,,,,1.3425742574257427e-07,2034,,,,,,,,,
6,,,,,,,,,,2034,0.10790212452411652,,,,,,,,
,,,,,,,,,1.3458745874587456e-07,2039,,,,,,,,,
6,,,,,,,,,,2039,0.08602376282215118,,,,,,,,
,,,,,,,,,1.349174917491749e-07,2044,,,,,,,,,
6,,,,,,,,,,2044,0.05848246067762375,,,,,,,,
,,,,,,,,,1.3524752475247526e-07,2049,,,,,,,,,
6,,,,,,,,,,2049,0.07387929409742355,,,,,,,,
,,,,,,,,,1.3557755775577556e-07,2054,,,,,,,,,
6,,,,,,,,,,2054,0.09010009467601776,,,,,,,,
,,,,,,,,,1.359075907590759e-07,2059,,,,,,,,,
6,,,,,,,,,,2059,0.08691567927598953,,,,,,,,
,,,,,,,,,1.3623762376237625e-07,2064,,,,,,,,,
6,,,,,,,,,,2064,0.10230205208063126,,,,,,,,
,,,,,,,,,1.3656765676567655e-07,2069,,,,,,,,,
6,,,,,,,,,,2069,0.11298052966594696,,,,,,,,
,,,,,,,,,1.368976897689769e-07,2074,,,,,,,,,
6,,,,,,,,,,2074,0.10992565006017685,,,,,,,,
,,,,,,,,,1.3722772277227722e-07,2079,,,,,,,,,
6,,,,,,,,,,2079,0.09816691279411316,,,,,,,,
,,,,,,,,,1.3755775577557754e-07,2084,,,,,,,,,
6,,,,,,,,,,2084,0.05899716913700104,,,,,,,,
,,,,,,,,,1.378877887788779e-07,2089,,,,,,,,,
6,,,,,,,,,,2089,0.03511948511004448,,,,,,,,
,,,,,,,,,1.3821782178217822e-07,2094,,,,,,,,,
6,,,,,,,,,,2094,0.03920109197497368,,,,,,,,
,,,,,,,,,1.3854785478547854e-07,2099,,,,,,,,,
6,,,,,,,,,,2099,0.05308086425065994,,,,,,,,
,,,,,,,,,1.3887788778877889e-07,2104,,,,,,,,,
6,,,,,,,,,,2104,0.09846677631139755,,,,,,,,
,,,,,,,,,1.392079207920792e-07,2109,,,,,,,,,
6,,,,,,,,,,2109,0.10731089115142822,,,,,,,,
,,,,,,,,,1.3953795379537953e-07,2114,,,,,,,,,
6,,,,,,,,,,2114,0.090033620595932,,,,,,,,
,,,,,,,,,1.3986798679867985e-07,2119,,,,,,,,,
6,,,,,,,,,,2119,0.07513371109962463,,,,,,,,
6,,,,,,,,,,2120,,0.5625,0.7200000286102295,0.08349171280860901,0.08349171280860901,0.025507193058729172,0.5625,1.0,0.0507022850215435
,,,,,,,,,1.401980198019802e-07,2124,,,,,,,,,
7,,,,,,,,,,2124,0.09375950694084167,,,,,,,,
,,,,,,,,,1.4052805280528053e-07,2129,,,,,,,,,
7,,,,,,,,,,2129,0.06870879977941513,,,,,,,,
,,,,,,,,,1.4085808580858085e-07,2134,,,,,,,,,
7,,,,,,,,,,2134,0.09663984924554825,,,,,,,,
,,,,,,,,,1.4118811881188117e-07,2139,,,,,,,,,
7,,,,,,,,,,2139,0.09016866236925125,,,,,,,,
,,,,,,,,,1.4151815181518152e-07,2144,,,,,,,,,
7,,,,,,,,,,2144,0.06431640684604645,,,,,,,,
,,,,,,,,,1.4184818481848184e-07,2149,,,,,,,,,
7,,,,,,,,,,2149,0.06297488510608673,,,,,,,,
,,,,,,,,,1.4217821782178216e-07,2154,,,,,,,,,
7,,,,,,,,,,2154,0.12696966528892517,,,,,,,,
,,,,,,,,,1.425082508250825e-07,2159,,,,,,,,,
7,,,,,,,,,,2159,0.1504802703857422,,,,,,,,
,,,,,,,,,1.4283828382838284e-07,2164,,,,,,,,,
7,,,,,,,,,,2164,0.11227746307849884,,,,,,,,
,,,,,,,,,1.4316831683168316e-07,2169,,,,,,,,,
7,,,,,,,,,,2169,0.02883274108171463,,,,,,,,
,,,,,,,,,1.4349834983498348e-07,2174,,,,,,,,,
7,,,,,,,,,,2174,0.05100957676768303,,,,,,,,
,,,,,,,,,1.4382838283828383e-07,2179,,,,,,,,,
7,,,,,,,,,,2179,0.054905474185943604,,,,,,,,
,,,,,,,,,1.4415841584158415e-07,2184,,,,,,,,,
7,,,,,,,,,,2184,0.07658921182155609,,,,,,,,
,,,,,,,,,1.4448844884488448e-07,2189,,,,,,,,,
7,,,,,,,,,,2189,0.052160024642944336,,,,,,,,
,,,,,,,,,1.4481848184818482e-07,2194,,,,,,,,,
7,,,,,,,,,,2194,0.07183056324720383,,,,,,,,
,,,,,,,,,1.4514851485148512e-07,2199,,,,,,,,,
7,,,,,,,,,,2199,0.12948693335056305,,,,,,,,
,,,,,,,,,1.4547854785478547e-07,2204,,,,,,,,,
7,,,,,,,,,,2204,0.10470736026763916,,,,,,,,
,,,,,,,,,1.4580858085808582e-07,2209,,,,,,,,,
7,,,,,,,,,,2209,0.08408656716346741,,,,,,,,
,,,,,,,,,1.4613861386138611e-07,2214,,,,,,,,,
7,,,,,,,,,,2214,0.07254473865032196,,,,,,,,
,,,,,,,,,1.4646864686468646e-07,2219,,,,,,,,,
7,,,,,,,,,,2219,0.04640396311879158,,,,,,,,
,,,,,,,,,1.467986798679868e-07,2224,,,,,,,,,
7,,,,,,,,,,2224,0.035638999193906784,,,,,,,,
,,,,,,,,,1.471287128712871e-07,2229,,,,,,,,,
7,,,,,,,,,,2229,0.06096577271819115,,,,,,,,
,,,,,,,,,1.4745874587458746e-07,2234,,,,,,,,,
7,,,,,,,,,,2234,0.13968820869922638,,,,,,,,
,,,,,,,,,1.477887788778878e-07,2239,,,,,,,,,
7,,,,,,,,,,2239,0.06853078305721283,,,,,,,,
,,,,,,,,,1.481188118811881e-07,2244,,,,,,,,,
7,,,,,,,,,,2244,0.09337832033634186,,,,,,,,
,,,,,,,,,1.4844884488448845e-07,2249,,,,,,,,,
7,,,,,,,,,,2249,0.09091153740882874,,,,,,,,
,,,,,,,,,1.4877887788778877e-07,2254,,,,,,,,,
7,,,,,,,,,,2254,0.11403084546327591,,,,,,,,
,,,,,,,,,1.491089108910891e-07,2259,,,,,,,,,
7,,,,,,,,,,2259,0.08805657923221588,,,,,,,,
,,,,,,,,,1.4943894389438944e-07,2264,,,,,,,,,
7,,,,,,,,,,2264,0.04641765356063843,,,,,,,,
,,,,,,,,,1.4976897689768977e-07,2269,,,,,,,,,
7,,,,,,,,,,2269,0.03281860798597336,,,,,,,,
,,,,,,,,,1.500990099009901e-07,2274,,,,,,,,,
7,,,,,,,,,,2274,0.06807894259691238,,,,,,,,
,,,,,,,,,1.5042904290429044e-07,2279,,,,,,,,,
7,,,,,,,,,,2279,0.07092123478651047,,,,,,,,
,,,,,,,,,1.5075907590759076e-07,2284,,,,,,,,,
7,,,,,,,,,,2284,0.09186583757400513,,,,,,,,
,,,,,,,,,1.5108910891089108e-07,2289,,,,,,,,,
7,,,,,,,,,,2289,0.05782494693994522,,,,,,,,
,,,,,,,,,1.514191419141914e-07,2294,,,,,,,,,
7,,,,,,,,,,2294,0.08315974473953247,,,,,,,,
,,,,,,,,,1.5174917491749173e-07,2299,,,,,,,,,
7,,,,,,,,,,2299,0.12009534239768982,,,,,,,,
,,,,,,,,,1.5207920792079208e-07,2304,,,,,,,,,
7,,,,,,,,,,2304,0.07389649748802185,,,,,,,,
,,,,,,,,,1.524092409240924e-07,2309,,,,,,,,,
7,,,,,,,,,,2309,0.0659194067120552,,,,,,,,
,,,,,,,,,1.5273927392739272e-07,2314,,,,,,,,,
7,,,,,,,,,,2314,0.058645159006118774,,,,,,,,
,,,,,,,,,1.5306930693069307e-07,2319,,,,,,,,,
7,,,,,,,,,,2319,0.09182446449995041,,,,,,,,
,,,,,,,,,1.533993399339934e-07,2324,,,,,,,,,
7,,,,,,,,,,2324,0.08509894460439682,,,,,,,,
,,,,,,,,,1.5372937293729372e-07,2329,,,,,,,,,
7,,,,,,,,,,2329,0.059856317937374115,,,,,,,,
,,,,,,,,,1.5405940594059404e-07,2334,,,,,,,,,
7,,,,,,,,,,2334,0.07038724422454834,,,,,,,,
,,,,,,,,,1.543894389438944e-07,2339,,,,,,,,,
7,,,,,,,,,,2339,0.04563874751329422,,,,,,,,
,,,,,,,,,1.547194719471947e-07,2344,,,,,,,,,
7,,,,,,,,,,2344,0.053721554577350616,,,,,,,,
,,,,,,,,,1.5504950495049503e-07,2349,,,,,,,,,
7,,,,,,,,,,2349,0.10534413158893585,,,,,,,,
,,,,,,,,,1.5537953795379538e-07,2354,,,,,,,,,
7,,,,,,,,,,2354,0.05600989982485771,,,,,,,,
,,,,,,,,,1.557095709570957e-07,2359,,,,,,,,,
7,,,,,,,,,,2359,0.11345471441745758,,,,,,,,
,,,,,,,,,1.5603960396039603e-07,2364,,,,,,,,,
7,,,,,,,,,,2364,0.12600471079349518,,,,,,,,
,,,,,,,,,1.5636963696369638e-07,2369,,,,,,,,,
7,,,,,,,,,,2369,0.07376641035079956,,,,,,,,
,,,,,,,,,1.5669966996699667e-07,2374,,,,,,,,,
7,,,,,,,,,,2374,0.11056898534297943,,,,,,,,
,,,,,,,,,1.5702970297029702e-07,2379,,,,,,,,,
7,,,,,,,,,,2379,0.07564003020524979,,,,,,,,
,,,,,,,,,1.5735973597359737e-07,2384,,,,,,,,,
7,,,,,,,,,,2384,0.09012874215841293,,,,,,,,
,,,,,,,,,1.5768976897689767e-07,2389,,,,,,,,,
7,,,,,,,,,,2389,0.09918821603059769,,,,,,,,
,,,,,,,,,1.5801980198019802e-07,2394,,,,,,,,,
7,,,,,,,,,,2394,0.08831494301557541,,,,,,,,
,,,,,,,,,1.5834983498349836e-07,2399,,,,,,,,,
7,,,,,,,,,,2399,0.06034095212817192,,,,,,,,
,,,,,,,,,1.5867986798679866e-07,2404,,,,,,,,,
7,,,,,,,,,,2404,0.08334222435951233,,,,,,,,
,,,,,,,,,1.59009900990099e-07,2409,,,,,,,,,
7,,,,,,,,,,2409,0.016271131113171577,,,,,,,,
,,,,,,,,,1.5933993399339933e-07,2414,,,,,,,,,
7,,,,,,,,,,2414,0.10613732039928436,,,,,,,,
,,,,,,,,,1.5966996699669965e-07,2419,,,,,,,,,
7,,,,,,,,,,2419,0.0595659501850605,,,,,,,,
7,,,,,,,,,,2423,,0.5625,0.7200000286102295,0.08360233157873154,0.08360233157873154,0.04565788060426712,0.5625,1.0,0.0718889832496643
,,,,,,,,,1.6e-07,2424,,,,,,,,,
8,,,,,,,,,,2424,0.07489689439535141,,,,,,,,
,,,,,,,,,1.6033003300330033e-07,2429,,,,,,,,,
8,,,,,,,,,,2429,0.0787593349814415,,,,,,,,
,,,,,,,,,1.6066006600660065e-07,2434,,,,,,,,,
8,,,,,,,,,,2434,0.034099336713552475,,,,,,,,
,,,,,,,,,1.60990099009901e-07,2439,,,,,,,,,
8,,,,,,,,,,2439,0.10161962360143661,,,,,,,,
,,,,,,,,,1.6132013201320132e-07,2444,,,,,,,,,
8,,,,,,,,,,2444,0.11246085911989212,,,,,,,,
,,,,,,,,,1.6165016501650164e-07,2449,,,,,,,,,
8,,,,,,,,,,2449,0.05405636876821518,,,,,,,,
,,,,,,,,,1.6198019801980196e-07,2454,,,,,,,,,
8,,,,,,,,,,2454,0.12563158571720123,,,,,,,,
,,,,,,,,,1.623102310231023e-07,2459,,,,,,,,,
8,,,,,,,,,,2459,0.10339897125959396,,,,,,,,
,,,,,,,,,1.6264026402640264e-07,2464,,,,,,,,,
8,,,,,,,,,,2464,0.07752907276153564,,,,,,,,
,,,,,,,,,1.6297029702970296e-07,2469,,,,,,,,,
8,,,,,,,,,,2469,0.06830371916294098,,,,,,,,
,,,,,,,,,1.6330033003300328e-07,2474,,,,,,,,,
8,,,,,,,,,,2474,0.0639691948890686,,,,,,,,
,,,,,,,,,1.6363036303630363e-07,2479,,,,,,,,,
8,,,,,,,,,,2479,0.053296349942684174,,,,,,,,
,,,,,,,,,1.6396039603960395e-07,2484,,,,,,,,,
8,,,,,,,,,,2484,0.07891078293323517,,,,,,,,
,,,,,,,,,1.6429042904290428e-07,2489,,,,,,,,,
8,,,,,,,,,,2489,0.11775372177362442,,,,,,,,
,,,,,,,,,1.6462046204620462e-07,2494,,,,,,,,,
8,,,,,,,,,,2494,0.05857845023274422,,,,,,,,
,,,,,,,,,1.6495049504950495e-07,2499,,,,,,,,,
8,,,,,,,,,,2499,0.10315267741680145,,,,,,,,
,,,,,,,,,1.6528052805280527e-07,2504,,,,,,,,,
8,,,,,,,,,,2504,0.08333541452884674,,,,,,,,
,,,,,,,,,1.656105610561056e-07,2509,,,,,,,,,
8,,,,,,,,,,2509,0.11696747690439224,,,,,,,,
,,,,,,,,,1.6594059405940594e-07,2514,,,,,,,,,
8,,,,,,,,,,2514,0.08268757909536362,,,,,,,,
,,,,,,,,,1.6627062706270626e-07,2519,,,,,,,,,
8,,,,,,,,,,2519,0.059983644634485245,,,,,,,,
,,,,,,,,,1.6660066006600659e-07,2524,,,,,,,,,
8,,,,,,,,,,2524,0.09929937869310379,,,,,,,,
,,,,,,,,,1.6693069306930693e-07,2529,,,,,,,,,
8,,,,,,,,,,2529,0.08204136788845062,,,,,,,,
,,,,,,,,,1.6726072607260726e-07,2534,,,,,,,,,
8,,,,,,,,,,2534,0.07036876678466797,,,,,,,,
,,,,,,,,,1.6759075907590758e-07,2539,,,,,,,,,
8,,,,,,,,,,2539,0.01571958139538765,,,,,,,,
,,,,,,,,,1.6792079207920793e-07,2544,,,,,,,,,
8,,,,,,,,,,2544,0.05247737094759941,,,,,,,,
,,,,,,,,,1.6825082508250822e-07,2549,,,,,,,,,
8,,,,,,,,,,2549,0.06419496983289719,,,,,,,,
,,,,,,,,,1.6858085808580857e-07,2554,,,,,,,,,
8,,,,,,,,,,2554,0.09166234731674194,,,,,,,,
,,,,,,,,,1.6891089108910892e-07,2559,,,,,,,,,
8,,,,,,,,,,2559,0.0641055479645729,,,,,,,,
,,,,,,,,,1.6924092409240922e-07,2564,,,,,,,,,
8,,,,,,,,,,2564,0.06749232113361359,,,,,,,,
,,,,,,,,,1.6957095709570957e-07,2569,,,,,,,,,
8,,,,,,,,,,2569,0.05908593907952309,,,,,,,,
,,,,,,,,,1.6990099009900992e-07,2574,,,,,,,,,
8,,,,,,,,,,2574,0.10564105212688446,,,,,,,,
,,,,,,,,,1.702310231023102e-07,2579,,,,,,,,,
8,,,,,,,,,,2579,0.041951097548007965,,,,,,,,
,,,,,,,,,1.7056105610561056e-07,2584,,,,,,,,,
8,,,,,,,,,,2584,0.08076043426990509,,,,,,,,
,,,,,,,,,1.7089108910891088e-07,2589,,,,,,,,,
8,,,,,,,,,,2589,0.041131313890218735,,,,,,,,
,,,,,,,,,1.712211221122112e-07,2594,,,,,,,,,
8,,,,,,,,,,2594,0.10836832970380783,,,,,,,,
,,,,,,,,,1.7155115511551156e-07,2599,,,,,,,,,
8,,,,,,,,,,2599,0.052990324795246124,,,,,,,,
,,,,,,,,,1.7188118811881185e-07,2604,,,,,,,,,
8,,,,,,,,,,2604,0.10902533680200577,,,,,,,,
,,,,,,,,,1.722112211221122e-07,2609,,,,,,,,,
8,,,,,,,,,,2609,0.05204106867313385,,,,,,,,
,,,,,,,,,1.7254125412541255e-07,2614,,,,,,,,,
8,,,,,,,,,,2614,0.0960565060377121,,,,,,,,
,,,,,,,,,1.7287128712871285e-07,2619,,,,,,,,,
8,,,,,,,,,,2619,0.10284961760044098,,,,,,,,
,,,,,,,,,1.732013201320132e-07,2624,,,,,,,,,
8,,,,,,,,,,2624,0.07910740375518799,,,,,,,,
,,,,,,,,,1.7353135313531352e-07,2629,,,,,,,,,
8,,,,,,,,,,2629,0.13310763239860535,,,,,,,,
,,,,,,,,,1.7386138613861384e-07,2634,,,,,,,,,
8,,,,,,,,,,2634,0.11524780839681625,,,,,,,,
,,,,,,,,,1.741914191419142e-07,2639,,,,,,,,,
8,,,,,,,,,,2639,0.05860317125916481,,,,,,,,
,,,,,,,,,1.745214521452145e-07,2644,,,,,,,,,
8,,,,,,,,,,2644,0.07861675322055817,,,,,,,,
,,,,,,,,,1.7485148514851483e-07,2649,,,,,,,,,
8,,,,,,,,,,2649,0.07356365025043488,,,,,,,,
,,,,,,,,,1.7518151815181518e-07,2654,,,,,,,,,
8,,,,,,,,,,2654,0.06688586622476578,,,,,,,,
,,,,,,,,,1.755115511551155e-07,2659,,,,,,,,,
8,,,,,,,,,,2659,0.06508810073137283,,,,,,,,
,,,,,,,,,1.7584158415841583e-07,2664,,,,,,,,,
8,,,,,,,,,,2664,0.03942963108420372,,,,,,,,
,,,,,,,,,1.7617161716171615e-07,2669,,,,,,,,,
8,,,,,,,,,,2669,0.09430602192878723,,,,,,,,
,,,,,,,,,1.765016501650165e-07,2674,,,,,,,,,
8,,,,,,,,,,2674,0.06805824488401413,,,,,,,,
,,,,,,,,,1.7683168316831682e-07,2679,,,,,,,,,
8,,,,,,,,,,2679,0.07690129429101944,,,,,,,,
,,,,,,,,,1.7716171617161714e-07,2684,,,,,,,,,
8,,,,,,,,,,2684,0.07110591977834702,,,,,,,,
,,,,,,,,,1.774917491749175e-07,2689,,,,,,,,,
8,,,,,,,,,,2689,0.06997794657945633,,,,,,,,
,,,,,,,,,1.7782178217821782e-07,2694,,,,,,,,,
8,,,,,,,,,,2694,0.06008248031139374,,,,,,,,
,,,,,,,,,1.7815181518151814e-07,2699,,,,,,,,,
8,,,,,,,,,,2699,0.09086690098047256,,,,,,,,
,,,,,,,,,1.784818481848185e-07,2704,,,,,,,,,
8,,,,,,,,,,2704,0.04792825132608414,,,,,,,,
,,,,,,,,,1.7881188118811878e-07,2709,,,,,,,,,
8,,,,,,,,,,2709,0.14592808485031128,,,,,,,,
,,,,,,,,,1.7914191419141913e-07,2714,,,,,,,,,
8,,,,,,,,,,2714,0.045596037060022354,,,,,,,,
,,,,,,,,,1.7947194719471948e-07,2719,,,,,,,,,
8,,,,,,,,,,2719,0.08901757746934891,,,,,,,,
,,,,,,,,,1.7980198019801978e-07,2724,,,,,,,,,
8,,,,,,,,,,2724,0.031897105276584625,,,,,,,,
8,,,,,,,,,,2726,,0.5625,0.7200000286102295,0.08376272022724152,0.08376272022724152,0.05848615616559982,0.5625,1.0,0.09211504459381104
,,,,,,,,,1.8013201320132013e-07,2729,,,,,,,,,
9,,,,,,,,,,2729,0.08009795099496841,,,,,,,,
,,,,,,,,,1.8046204620462048e-07,2734,,,,,,,,,
9,,,,,,,,,,2734,0.12311380356550217,,,,,,,,
,,,,,,,,,1.8079207920792077e-07,2739,,,,,,,,,
9,,,,,,,,,,2739,0.13949237763881683,,,,,,,,
,,,,,,,,,1.8112211221122112e-07,2744,,,,,,,,,
9,,,,,,,,,,2744,0.08821021765470505,,,,,,,,
,,,,,,,,,1.8145214521452147e-07,2749,,,,,,,,,
9,,,,,,,,,,2749,0.06842289865016937,,,,,,,,
,,,,,,,,,1.8178217821782177e-07,2754,,,,,,,,,
9,,,,,,,,,,2754,0.08257924765348434,,,,,,,,
,,,,,,,,,1.8211221122112211e-07,2759,,,,,,,,,
9,,,,,,,,,,2759,0.0976780503988266,,,,,,,,
,,,,,,,,,1.824422442244224e-07,2764,,,,,,,,,
9,,,,,,,,,,2764,0.04920167475938797,,,,,,,,
,,,,,,,,,1.8277227722772276e-07,2769,,,,,,,,,
9,,,,,,,,,,2769,0.1225535124540329,,,,,,,,
,,,,,,,,,1.831023102310231e-07,2774,,,,,,,,,
9,,,,,,,,,,2774,0.03892624378204346,,,,,,,,
,,,,,,,,,1.834323432343234e-07,2779,,,,,,,,,
9,,,,,,,,,,2779,0.054485198110342026,,,,,,,,
,,,,,,,,,1.8376237623762375e-07,2784,,,,,,,,,
9,,,,,,,,,,2784,0.0719013512134552,,,,,,,,
,,,,,,,,,1.840924092409241e-07,2789,,,,,,,,,
9,,,,,,,,,,2789,0.09842327982187271,,,,,,,,
,,,,,,,,,1.844224422442244e-07,2794,,,,,,,,,
9,,,,,,,,,,2794,0.13111256062984467,,,,,,,,
,,,,,,,,,1.8475247524752475e-07,2799,,,,,,,,,
9,,,,,,,,,,2799,0.06570633500814438,,,,,,,,
,,,,,,,,,1.8508250825082507e-07,2804,,,,,,,,,
9,,,,,,,,,,2804,0.05650914087891579,,,,,,,,
,,,,,,,,,1.854125412541254e-07,2809,,,,,,,,,
9,,,,,,,,,,2809,0.06240537762641907,,,,,,,,
,,,,,,,,,1.8574257425742574e-07,2814,,,,,,,,,
9,,,,,,,,,,2814,0.05420596897602081,,,,,,,,
,,,,,,,,,1.8607260726072606e-07,2819,,,,,,,,,
9,,,,,,,,,,2819,0.0585097000002861,,,,,,,,
,,,,,,,,,1.8640264026402639e-07,2824,,,,,,,,,
9,,,,,,,,,,2824,0.10635147243738174,,,,,,,,
,,,,,,,,,1.8673267326732674e-07,2829,,,,,,,,,
9,,,,,,,,,,2829,0.11730755120515823,,,,,,,,
,,,,,,,,,1.8706270627062706e-07,2834,,,,,,,,,
9,,,,,,,,,,2834,0.07451779395341873,,,,,,,,
,,,,,,,,,1.8739273927392738e-07,2839,,,,,,,,,
9,,,,,,,,,,2839,0.1169791966676712,,,,,,,,
,,,,,,,,,1.877227722772277e-07,2844,,,,,,,,,
9,,,,,,,,,,2844,0.12527291476726532,,,,,,,,
,,,,,,,,,1.8805280528052805e-07,2849,,,,,,,,,
9,,,,,,,,,,2849,0.04482254013419151,,,,,,,,
,,,,,,,,,1.8838283828382837e-07,2854,,,,,,,,,
9,,,,,,,,,,2854,0.11294213682413101,,,,,,,,
,,,,,,,,,1.887128712871287e-07,2859,,,,,,,,,
9,,,,,,,,,,2859,0.14205150306224823,,,,,,,,
,,,,,,,,,1.8904290429042905e-07,2864,,,,,,,,,
9,,,,,,,,,,2864,0.12174468487501144,,,,,,,,
,,,,,,,,,1.8937293729372937e-07,2869,,,,,,,,,
9,,,,,,,,,,2869,0.1070437952876091,,,,,,,,
,,,,,,,,,1.897029702970297e-07,2874,,,,,,,,,
9,,,,,,,,,,2874,0.03719907999038696,,,,,,,,
,,,,,,,,,1.9003300330033004e-07,2879,,,,,,,,,
9,,,,,,,,,,2879,0.03680972754955292,,,,,,,,
,,,,,,,,,1.9036303630363034e-07,2884,,,,,,,,,
9,,,,,,,,,,2884,0.10847849398851395,,,,,,,,
,,,,,,,,,1.9069306930693068e-07,2889,,,,,,,,,
9,,,,,,,,,,2889,0.09904587268829346,,,,,,,,
,,,,,,,,,1.9102310231023103e-07,2894,,,,,,,,,
9,,,,,,,,,,2894,0.043134309351444244,,,,,,,,
,,,,,,,,,1.9135313531353133e-07,2899,,,,,,,,,
9,,,,,,,,,,2899,0.1294163018465042,,,,,,,,
,,,,,,,,,1.9168316831683168e-07,2904,,,,,,,,,
9,,,,,,,,,,2904,0.05221332982182503,,,,,,,,
,,,,,,,,,1.9201320132013203e-07,2909,,,,,,,,,
9,,,,,,,,,,2909,0.15348482131958008,,,,,,,,
,,,,,,,,,1.9234323432343232e-07,2914,,,,,,,,,
9,,,,,,,,,,2914,0.051209572702646255,,,,,,,,
,,,,,,,,,1.9267326732673267e-07,2919,,,,,,,,,
9,,,,,,,,,,2919,0.10249509662389755,,,,,,,,
,,,,,,,,,1.9300330033003297e-07,2924,,,,,,,,,
9,,,,,,,,,,2924,0.10483081638813019,,,,,,,,
,,,,,,,,,1.9333333333333332e-07,2929,,,,,,,,,
9,,,,,,,,,,2929,0.06591162085533142,,,,,,,,
,,,,,,,,,1.9366336633663367e-07,2934,,,,,,,,,
9,,,,,,,,,,2934,0.05635703355073929,,,,,,,,
,,,,,,,,,1.9399339933993396e-07,2939,,,,,,,,,
9,,,,,,,,,,2939,0.04232689365744591,,,,,,,,
,,,,,,,,,1.943234323432343e-07,2944,,,,,,,,,
9,,,,,,,,,,2944,0.05941527709364891,,,,,,,,
,,,,,,,,,1.9465346534653466e-07,2949,,,,,,,,,
9,,,,,,,,,,2949,0.13741625845432281,,,,,,,,
,,,,,,,,,1.9498349834983496e-07,2954,,,,,,,,,
9,,,,,,,,,,2954,0.08576630800962448,,,,,,,,
,,,,,,,,,1.953135313531353e-07,2959,,,,,,,,,
9,,,,,,,,,,2959,0.03218810632824898,,,,,,,,
,,,,,,,,,1.9564356435643565e-07,2964,,,,,,,,,
9,,,,,,,,,,2964,0.050921931862831116,,,,,,,,
,,,,,,,,,1.9597359735973595e-07,2969,,,,,,,,,
9,,,,,,,,,,2969,0.10986681282520294,,,,,,,,
,,,,,,,,,1.963036303630363e-07,2974,,,,,,,,,
9,,,,,,,,,,2974,0.06852714717388153,,,,,,,,
,,,,,,,,,1.9663366336633662e-07,2979,,,,,,,,,
9,,,,,,,,,,2979,0.02223534695804119,,,,,,,,
,,,,,,,,,1.9696369636963694e-07,2984,,,,,,,,,
9,,,,,,,,,,2984,0.06536588072776794,,,,,,,,
,,,,,,,,,1.972937293729373e-07,2989,,,,,,,,,
9,,,,,,,,,,2989,0.09782277792692184,,,,,,,,
,,,,,,,,,1.9762376237623762e-07,2994,,,,,,,,,
9,,,,,,,,,,2994,0.11944626271724701,,,,,,,,
,,,,,,,,,1.9795379537953794e-07,2999,,,,,,,,,
9,,,,,,,,,,2999,0.09489096701145172,,,,,,,,
,,,,,,,,,1.982838283828383e-07,3004,,,,,,,,,
9,,,,,,,,,,3004,0.10973004251718521,,,,,,,,
,,,,,,,,,1.986138613861386e-07,3009,,,,,,,,,
9,,,,,,,,,,3009,0.07923146337270737,,,,,,,,
,,,,,,,,,1.9894389438943893e-07,3014,,,,,,,,,
9,,,,,,,,,,3014,0.03509517386555672,,,,,,,,
,,,,,,,,,1.9927392739273925e-07,3019,,,,,,,,,
9,,,,,,,,,,3019,0.12163679301738739,,,,,,,,
,,,,,,,,,1.996039603960396e-07,3024,,,,,,,,,
9,,,,,,,,,,3024,0.13994115591049194,,,,,,,,
,,,,,,,,,1.9993399339933993e-07,3029,,,,,,,,,
9,,,,,,,,,,3029,0.0733807310461998,,,,,,,,
9,,,,,,,,,,3029,,0.5625,0.7200000286102295,0.08384467661380768,0.08384467661380768,0.08268671482801437,0.5625,1.0,0.12052333354949951
,,,,,,,,,2.0026402640264025e-07,3034,,,,,,,,,
10,,,,,,,,,,3034,0.1075204461812973,,,,,,,,
,,,,,,,,,2.005940594059406e-07,3039,,,,,,,,,
10,,,,,,,,,,3039,0.10031135380268097,,,,,,,,
,,,,,,,,,2.0092409240924092e-07,3044,,,,,,,,,
10,,,,,,,,,,3044,0.10772481560707092,,,,,,,,
,,,,,,,,,2.0125412541254124e-07,3049,,,,,,,,,
10,,,,,,,,,,3049,0.09776394814252853,,,,,,,,
,,,,,,,,,2.015841584158416e-07,3054,,,,,,,,,
10,,,,,,,,,,3054,0.06289210915565491,,,,,,,,
,,,,,,,,,2.019141914191419e-07,3059,,,,,,,,,
10,,,,,,,,,,3059,0.04355769604444504,,,,,,,,
,,,,,,,,,2.0224422442244224e-07,3064,,,,,,,,,
10,,,,,,,,,,3064,0.10742206871509552,,,,,,,,
,,,,,,,,,2.0257425742574259e-07,3069,,,,,,,,,
10,,,,,,,,,,3069,0.13082052767276764,,,,,,,,
,,,,,,,,,2.0290429042904288e-07,3074,,,,,,,,,
10,,,,,,,,,,3074,0.07709690928459167,,,,,,,,
,,,,,,,,,2.0323432343234323e-07,3079,,,,,,,,,
10,,,,,,,,,,3079,0.14476357400417328,,,,,,,,
,,,,,,,,,2.0356435643564355e-07,3084,,,,,,,,,
10,,,,,,,,,,3084,0.06915505975484848,,,,,,,,
,,,,,,,,,2.0389438943894388e-07,3089,,,,,,,,,
10,,,,,,,,,,3089,0.11203133314847946,,,,,,,,
,,,,,,,,,2.0422442244224422e-07,3094,,,,,,,,,
10,,,,,,,,,,3094,0.10921633988618851,,,,,,,,
,,,,,,,,,2.0455445544554452e-07,3099,,,,,,,,,
10,,,,,,,,,,3099,0.10799704492092133,,,,,,,,
,,,,,,,,,2.0488448844884487e-07,3104,,,,,,,,,
10,,,,,,,,,,3104,0.09390522539615631,,,,,,,,
,,,,,,,,,2.0521452145214522e-07,3109,,,,,,,,,
10,,,,,,,,,,3109,0.06788758933544159,,,,,,,,
,,,,,,,,,2.0554455445544551e-07,3114,,,,,,,,,
10,,,,,,,,,,3114,0.0942620262503624,,,,,,,,
,,,,,,,,,2.0587458745874586e-07,3119,,,,,,,,,
10,,,,,,,,,,3119,0.09358852356672287,,,,,,,,
,,,,,,,,,2.062046204620462e-07,3124,,,,,,,,,
10,,,,,,,,,,3124,0.06718116998672485,,,,,,,,
,,,,,,,,,2.065346534653465e-07,3129,,,,,,,,,
10,,,,,,,,,,3129,0.07664050161838531,,,,,,,,
,,,,,,,,,2.0686468646864686e-07,3134,,,,,,,,,
10,,,,,,,,,,3134,0.15920870006084442,,,,,,,,
,,,,,,,,,2.0719471947194718e-07,3139,,,,,,,,,
10,,,,,,,,,,3139,0.0844816267490387,,,,,,,,
,,,,,,,,,2.075247524752475e-07,3144,,,,,,,,,
10,,,,,,,,,,3144,0.07584666460752487,,,,,,,,
,,,,,,,,,2.0785478547854785e-07,3149,,,,,,,,,
10,,,,,,,,,,3149,0.058606576174497604,,,,,,,,
,,,,,,,,,2.0818481848184817e-07,3154,,,,,,,,,
10,,,,,,,,,,3154,0.0684177577495575,,,,,,,,
,,,,,,,,,2.085148514851485e-07,3159,,,,,,,,,
10,,,,,,,,,,3159,0.03275671601295471,,,,,,,,
,,,,,,,,,2.0884488448844885e-07,3164,,,,,,,,,
10,,,,,,,,,,3164,0.04085381329059601,,,,,,,,
,,,,,,,,,2.0917491749174917e-07,3169,,,,,,,,,
10,,,,,,,,,,3169,0.10229159891605377,,,,,,,,
,,,,,,,,,2.095049504950495e-07,3174,,,,,,,,,
10,,,,,,,,,,3174,0.06877695024013519,,,,,,,,
,,,,,,,,,2.0983498349834984e-07,3179,,,,,,,,,
10,,,,,,,,,,3179,0.10992025583982468,,,,,,,,
,,,,,,,,,2.1016501650165016e-07,3184,,,,,,,,,
10,,,,,,,,,,3184,0.07831363379955292,,,,,,,,
,,,,,,,,,2.1049504950495048e-07,3189,,,,,,,,,
10,,,,,,,,,,3189,0.07548324763774872,,,,,,,,
,,,,,,,,,2.108250825082508e-07,3194,,,,,,,,,
10,,,,,,,,,,3194,0.05501578748226166,,,,,,,,
,,,,,,,,,2.1115511551155116e-07,3199,,,,,,,,,
10,,,,,,,,,,3199,0.07255201041698456,,,,,,,,
,,,,,,,,,2.1148514851485148e-07,3204,,,,,,,,,
10,,,,,,,,,,3204,0.06588543951511383,,,,,,,,
,,,,,,,,,2.118151815181518e-07,3209,,,,,,,,,
10,,,,,,,,,,3209,0.0599154494702816,,,,,,,,
,,,,,,,,,2.1214521452145215e-07,3214,,,,,,,,,
10,,,,,,,,,,3214,0.1130596324801445,,,,,,,,
,,,,,,,,,2.1247524752475247e-07,3219,,,,,,,,,
10,,,,,,,,,,3219,0.09306561201810837,,,,,,,,
,,,,,,,,,2.128052805280528e-07,3224,,,,,,,,,
10,,,,,,,,,,3224,0.07097404450178146,,,,,,,,
,,,,,,,,,2.1313531353135314e-07,3229,,,,,,,,,
10,,,,,,,,,,3229,0.09819252043962479,,,,,,,,
,,,,,,,,,2.1346534653465344e-07,3234,,,,,,,,,
10,,,,,,,,,,3234,0.055980902165174484,,,,,,,,
,,,,,,,,,2.137953795379538e-07,3239,,,,,,,,,
10,,,,,,,,,,3239,0.06939750164747238,,,,,,,,
,,,,,,,,,2.141254125412541e-07,3244,,,,,,,,,
10,,,,,,,,,,3244,0.05853799730539322,,,,,,,,
,,,,,,,,,2.1445544554455443e-07,3249,,,,,,,,,
10,,,,,,,,,,3249,0.09470399469137192,,,,,,,,
,,,,,,,,,2.1478547854785478e-07,3254,,,,,,,,,
10,,,,,,,,,,3254,0.038988251239061356,,,,,,,,
,,,,,,,,,2.151155115511551e-07,3259,,,,,,,,,
10,,,,,,,,,,3259,0.12341728061437607,,,,,,,,
,,,,,,,,,2.1544554455445543e-07,3264,,,,,,,,,
10,,,,,,,,,,3264,0.11091634631156921,,,,,,,,
,,,,,,,,,2.1577557755775578e-07,3269,,,,,,,,,
10,,,,,,,,,,3269,0.09040723741054535,,,,,,,,
,,,,,,,,,2.1610561056105607e-07,3274,,,,,,,,,
10,,,,,,,,,,3274,0.08769498765468597,,,,,,,,
,,,,,,,,,2.1643564356435642e-07,3279,,,,,,,,,
10,,,,,,,,,,3279,0.08109261095523834,,,,,,,,
,,,,,,,,,2.1676567656765677e-07,3284,,,,,,,,,
10,,,,,,,,,,3284,0.015113061293959618,,,,,,,,
,,,,,,,,,2.1709570957095707e-07,3289,,,,,,,,,
10,,,,,,,,,,3289,0.037639059126377106,,,,,,,,
,,,,,,,,,2.1742574257425742e-07,3294,,,,,,,,,
10,,,,,,,,,,3294,0.15668603777885437,,,,,,,,
,,,,,,,,,2.1775577557755777e-07,3299,,,,,,,,,
10,,,,,,,,,,3299,0.065435990691185,,,,,,,,
,,,,,,,,,2.1808580858085806e-07,3304,,,,,,,,,
10,,,,,,,,,,3304,0.04155077785253525,,,,,,,,
,,,,,,,,,2.184158415841584e-07,3309,,,,,,,,,
10,,,,,,,,,,3309,0.05471520498394966,,,,,,,,
,,,,,,,,,2.1874587458745873e-07,3314,,,,,,,,,
10,,,,,,,,,,3314,0.10223738849163055,,,,,,,,
,,,,,,,,,2.1907590759075906e-07,3319,,,,,,,,,
10,,,,,,,,,,3319,0.07729102671146393,,,,,,,,
,,,,,,,,,2.194059405940594e-07,3324,,,,,,,,,
10,,,,,,,,,,3324,0.08217395097017288,,,,,,,,
,,,,,,,,,2.1973597359735973e-07,3329,,,,,,,,,
10,,,,,,,,,,3329,0.055451031774282455,,,,,,,,
10,,,,,,,,,,3332,,0.5625,0.7200000286102295,0.08381206542253494,0.08381206542253494,0.10009805858135223,0.5625,1.0,0.14613333344459534
,,,,,,,,,2.2006600660066005e-07,3334,,,,,,,,,
11,,,,,,,,,,3334,0.044463492929935455,,,,,,,,
,,,,,,,,,2.203960396039604e-07,3339,,,,,,,,,
11,,,,,,,,,,3339,0.1017007827758789,,,,,,,,
,,,,,,,,,2.2072607260726072e-07,3344,,,,,,,,,
11,,,,,,,,,,3344,0.06876718997955322,,,,,,,,
,,,,,,,,,2.2105610561056104e-07,3349,,,,,,,,,
11,,,,,,,,,,3349,0.10673788189888,,,,,,,,
,,,,,,,,,2.2138613861386137e-07,3354,,,,,,,,,
11,,,,,,,,,,3354,0.1498655378818512,,,,,,,,
,,,,,,,,,2.2171617161716171e-07,3359,,,,,,,,,
11,,,,,,,,,,3359,0.05674820393323898,,,,,,,,
,,,,,,,,,2.2204620462046204e-07,3364,,,,,,,,,
11,,,,,,,,,,3364,0.08795811235904694,,,,,,,,
,,,,,,,,,2.2237623762376236e-07,3369,,,,,,,,,
11,,,,,,,,,,3369,0.07033651322126389,,,,,,,,
,,,,,,,,,2.227062706270627e-07,3374,,,,,,,,,
11,,,,,,,,,,3374,0.07032433897256851,,,,,,,,
,,,,,,,,,2.2303630363036303e-07,3379,,,,,,,,,
11,,,,,,,,,,3379,0.04786855727434158,,,,,,,,
,,,,,,,,,2.2336633663366335e-07,3384,,,,,,,,,
11,,,,,,,,,,3384,0.10900439321994781,,,,,,,,
,,,,,,,,,2.236963696369637e-07,3389,,,,,,,,,
11,,,,,,,,,,3389,0.08709610998630524,,,,,,,,
,,,,,,,,,2.24026402640264e-07,3394,,,,,,,,,
11,,,,,,,,,,3394,0.09986178576946259,,,,,,,,
,,,,,,,,,2.2435643564356435e-07,3399,,,,,,,,,
11,,,,,,,,,,3399,0.07365816831588745,,,,,,,,
,,,,,,,,,2.2468646864686467e-07,3404,,,,,,,,,
11,,,,,,,,,,3404,0.0886140763759613,,,,,,,,
,,,,,,,,,2.25016501650165e-07,3409,,,,,,,,,
11,,,,,,,,,,3409,0.10039927810430527,,,,,,,,
,,,,,,,,,2.2534653465346534e-07,3414,,,,,,,,,
11,,,,,,,,,,3414,0.09592949599027634,,,,,,,,
,,,,,,,,,2.2567656765676566e-07,3419,,,,,,,,,
11,,,,,,,,,,3419,0.07264160364866257,,,,,,,,
,,,,,,,,,2.2600660066006599e-07,3424,,,,,,,,,
11,,,,,,,,,,3424,0.09343113750219345,,,,,,,,
,,,,,,,,,2.2633663366336634e-07,3429,,,,,,,,,
11,,,,,,,,,,3429,0.11493182927370071,,,,,,,,
,,,,,,,,,2.2666666666666663e-07,3434,,,,,,,,,
11,,,,,,,,,,3434,0.10792286694049835,,,,,,,,
,,,,,,,,,2.2699669966996698e-07,3439,,,,,,,,,
11,,,,,,,,,,3439,0.07806213945150375,,,,,,,,
,,,,,,,,,2.2732673267326733e-07,3444,,,,,,,,,
11,,,,,,,,,,3444,0.06953175365924835,,,,,,,,
,,,,,,,,,2.2765676567656763e-07,3449,,,,,,,,,
11,,,,,,,,,,3449,0.10346537828445435,,,,,,,,
,,,,,,,,,2.2798679867986797e-07,3454,,,,,,,,,
11,,,,,,,,,,3454,0.1420288234949112,,,,,,,,
,,,,,,,,,2.2831683168316832e-07,3459,,,,,,,,,
11,,,,,,,,,,3459,0.08884482830762863,,,,,,,,
,,,,,,,,,2.2864686468646862e-07,3464,,,,,,,,,
11,,,,,,,,,,3464,0.05807020887732506,,,,,,,,
,,,,,,,,,2.2897689768976897e-07,3469,,,,,,,,,
11,,,,,,,,,,3469,0.08769414573907852,,,,,,,,
,,,,,,,,,2.2930693069306932e-07,3474,,,,,,,,,
11,,,,,,,,,,3474,0.07226993143558502,,,,,,,,
,,,,,,,,,2.2963696369636961e-07,3479,,,,,,,,,
11,,,,,,,,,,3479,0.06817160546779633,,,,,,,,
,,,,,,,,,2.2996699669966996e-07,3484,,,,,,,,,
11,,,,,,,,,,3484,0.13051801919937134,,,,,,,,
,,,,,,,,,2.3029702970297029e-07,3489,,,,,,,,,
11,,,,,,,,,,3489,0.04637901112437248,,,,,,,,
,,,,,,,,,2.306270627062706e-07,3494,,,,,,,,,
11,,,,,,,,,,3494,0.08012635260820389,,,,,,,,
,,,,,,,,,2.3095709570957096e-07,3499,,,,,,,,,
11,,,,,,,,,,3499,0.04944441094994545,,,,,,,,
,,,,,,,,,2.3128712871287128e-07,3504,,,,,,,,,
11,,,,,,,,,,3504,0.09949725866317749,,,,,,,,
,,,,,,,,,2.316171617161716e-07,3509,,,,,,,,,
11,,,,,,,,,,3509,0.10235105454921722,,,,,,,,
,,,,,,,,,2.3194719471947195e-07,3514,,,,,,,,,
11,,,,,,,,,,3514,0.043680306524038315,,,,,,,,
,,,,,,,,,2.3227722772277227e-07,3519,,,,,,,,,
11,,,,,,,,,,3519,0.0952928215265274,,,,,,,,
,,,,,,,,,2.326072607260726e-07,3524,,,,,,,,,
11,,,,,,,,,,3524,0.08515080064535141,,,,,,,,
,,,,,,,,,2.3293729372937292e-07,3529,,,,,,,,,
11,,,,,,,,,,3529,0.10847660154104233,,,,,,,,
,,,,,,,,,2.3326732673267327e-07,3534,,,,,,,,,
11,,,,,,,,,,3534,0.10761213302612305,,,,,,,,
,,,,,,,,,2.335973597359736e-07,3539,,,,,,,,,
11,,,,,,,,,,3539,0.07080283761024475,,,,,,,,
,,,,,,,,,2.339273927392739e-07,3544,,,,,,,,,
11,,,,,,,,,,3544,0.024011146277189255,,,,,,,,
,,,,,,,,,2.3425742574257426e-07,3549,,,,,,,,,
11,,,,,,,,,,3549,0.09707008302211761,,,,,,,,
,,,,,,,,,2.3458745874587458e-07,3554,,,,,,,,,
11,,,,,,,,,,3554,0.06229998543858528,,,,,,,,
,,,,,,,,,2.349174917491749e-07,3559,,,,,,,,,
11,,,,,,,,,,3559,0.07339877635240555,,,,,,,,
,,,,,,,,,2.3524752475247523e-07,3564,,,,,,,,,
11,,,,,,,,,,3564,0.042558349668979645,,,,,,,,
,,,,,,,,,2.3557755775577555e-07,3569,,,,,,,,,
11,,,,,,,,,,3569,0.07374603301286697,,,,,,,,
,,,,,,,,,2.359075907590759e-07,3574,,,,,,,,,
11,,,,,,,,,,3574,0.041378919035196304,,,,,,,,
,,,,,,,,,2.3623762376237622e-07,3579,,,,,,,,,
11,,,,,,,,,,3579,0.09884831309318542,,,,,,,,
,,,,,,,,,2.3656765676567655e-07,3584,,,,,,,,,
11,,,,,,,,,,3584,0.1339460015296936,,,,,,,,
,,,,,,,,,2.368976897689769e-07,3589,,,,,,,,,
11,,,,,,,,,,3589,0.12025808542966843,,,,,,,,
,,,,,,,,,2.3722772277227722e-07,3594,,,,,,,,,
11,,,,,,,,,,3594,0.07293827831745148,,,,,,,,
,,,,,,,,,2.3755775577557754e-07,3599,,,,,,,,,
11,,,,,,,,,,3599,0.0859951376914978,,,,,,,,
,,,,,,,,,2.378877887788779e-07,3604,,,,,,,,,
11,,,,,,,,,,3604,0.0798606127500534,,,,,,,,
,,,,,,,,,2.3821782178217818e-07,3609,,,,,,,,,
11,,,,,,,,,,3609,0.07255373150110245,,,,,,,,
,,,,,,,,,2.3854785478547856e-07,3614,,,,,,,,,
11,,,,,,,,,,3614,0.08518100529909134,,,,,,,,
,,,,,,,,,2.388778877887789e-07,3619,,,,,,,,,
11,,,,,,,,,,3619,0.038200002163648605,,,,,,,,
,,,,,,,,,2.392079207920792e-07,3624,,,,,,,,,
11,,,,,,,,,,3624,0.08129808306694031,,,,,,,,
,,,,,,,,,2.3953795379537953e-07,3629,,,,,,,,,
11,,,,,,,,,,3629,0.05193537473678589,,,,,,,,
,,,,,,,,,2.3986798679867985e-07,3634,,,,,,,,,
11,,,,,,,,,,3634,0.11123504489660263,,,,,,,,
11,,,,,,,,,,3635,,0.5625,0.7200000286102295,0.08378955721855164,0.08378955721855164,0.11434932053089142,0.5625,1.0,0.15906886756420135
,,,,,,,,,2.4019801980198017e-07,3639,,,,,,,,,
12,,,,,,,,,,3639,0.09117265045642853,,,,,,,,
,,,,,,,,,2.405280528052805e-07,3644,,,,,,,,,
12,,,,,,,,,,3644,0.14696384966373444,,,,,,,,
,,,,,,,,,2.4085808580858087e-07,3649,,,,,,,,,
12,,,,,,,,,,3649,0.017872925847768784,,,,,,,,
,,,,,,,,,2.411881188118812e-07,3654,,,,,,,,,
12,,,,,,,,,,3654,0.10595748573541641,,,,,,,,
,,,,,,,,,2.415181518151815e-07,3659,,,,,,,,,
12,,,,,,,,,,3659,0.02721378393471241,,,,,,,,
,,,,,,,,,2.4184818481848184e-07,3664,,,,,,,,,
12,,,,,,,,,,3664,0.0723789855837822,,,,,,,,
,,,,,,,,,2.4217821782178216e-07,3669,,,,,,,,,
12,,,,,,,,,,3669,0.08486007899045944,,,,,,,,
,,,,,,,,,2.425082508250825e-07,3674,,,,,,,,,
12,,,,,,,,,,3674,0.09925758093595505,,,,,,,,
,,,,,,,,,2.4283828382838286e-07,3679,,,,,,,,,
12,,,,,,,,,,3679,0.10377423465251923,,,,,,,,
,,,,,,,,,2.4316831683168313e-07,3684,,,,,,,,,
12,,,,,,,,,,3684,0.06691943854093552,,,,,,,,
,,,,,,,,,2.434983498349835e-07,3689,,,,,,,,,
12,,,,,,,,,,3689,0.06025128439068794,,,,,,,,
,,,,,,,,,2.438283828382838e-07,3694,,,,,,,,,
12,,,,,,,,,,3694,0.06576765328645706,,,,,,,,
,,,,,,,,,2.4415841584158415e-07,3699,,,,,,,,,
12,,,,,,,,,,3699,0.12460821866989136,,,,,,,,
,,,,,,,,,2.4448844884488447e-07,3704,,,,,,,,,
12,,,,,,,,,,3704,0.10496346652507782,,,,,,,,
,,,,,,,,,2.448184818481848e-07,3709,,,,,,,,,
12,,,,,,,,,,3709,0.06732404232025146,,,,,,,,
,,,,,,,,,2.451485148514851e-07,3714,,,,,,,,,
12,,,,,,,,,,3714,0.11191929131746292,,,,,,,,
,,,,,,,,,2.454785478547855e-07,3719,,,,,,,,,
12,,,,,,,,,,3719,0.061966508626937866,,,,,,,,
,,,,,,,,,2.4580858085808576e-07,3724,,,,,,,,,
12,,,,,,,,,,3724,0.03074914589524269,,,,,,,,
,,,,,,,,,2.4613861386138614e-07,3729,,,,,,,,,
12,,,,,,,,,,3729,0.11740274727344513,,,,,,,,
,,,,,,,,,2.4646864686468646e-07,3734,,,,,,,,,
12,,,,,,,,,,3734,0.11333323270082474,,,,,,,,
,,,,,,,,,2.467986798679868e-07,3739,,,,,,,,,
12,,,,,,,,,,3739,0.04736416041851044,,,,,,,,
,,,,,,,,,2.471287128712871e-07,3744,,,,,,,,,
12,,,,,,,,,,3744,0.055639855563640594,,,,,,,,
,,,,,,,,,2.474587458745875e-07,3749,,,,,,,,,
12,,,,,,,,,,3749,0.06100211665034294,,,,,,,,
,,,,,,,,,2.4778877887788775e-07,3754,,,,,,,,,
12,,,,,,,,,,3754,0.08442458510398865,,,,,,,,
,,,,,,,,,2.481188118811881e-07,3759,,,,,,,,,
12,,,,,,,,,,3759,0.04971139132976532,,,,,,,,
,,,,,,,,,2.4844884488448845e-07,3764,,,,,,,,,
12,,,,,,,,,,3764,0.07567958533763885,,,,,,,,
,,,,,,,,,2.4877887788778877e-07,3769,,,,,,,,,
12,,,,,,,,,,3769,0.08129275590181351,,,,,,,,
,,,,,,,,,2.491089108910891e-07,3774,,,,,,,,,
12,,,,,,,,,,3774,0.05882132798433304,,,,,,,,
,,,,,,,,,2.494389438943894e-07,3779,,,,,,,,,
12,,,,,,,,,,3779,0.07210389524698257,,,,,,,,
,,,,,,,,,2.4976897689768974e-07,3784,,,,,,,,,
12,,,,,,,,,,3784,0.08486217260360718,,,,,,,,
,,,,,,,,,2.500990099009901e-07,3789,,,,,,,,,
12,,,,,,,,,,3789,0.062274519354104996,,,,,,,,
,,,,,,,,,2.504290429042904e-07,3794,,,,,,,,,
12,,,,,,,,,,3794,0.08083923906087875,,,,,,,,
,,,,,,,,,2.5075907590759076e-07,3799,,,,,,,,,
12,,,,,,,,,,3799,0.06920428574085236,,,,,,,,
,,,,,,,,,2.510891089108911e-07,3804,,,,,,,,,
12,,,,,,,,,,3804,0.11633165180683136,,,,,,,,
,,,,,,,,,2.514191419141914e-07,3809,,,,,,,,,
12,,,,,,,,,,3809,0.08668012917041779,,,,,,,,
,,,,,,,,,2.517491749174918e-07,3814,,,,,,,,,
12,,,,,,,,,,3814,0.11462236195802689,,,,,,,,
,,,,,,,,,2.5207920792079205e-07,3819,,,,,,,,,
12,,,,,,,,,,3819,0.1326277107000351,,,,,,,,
,,,,,,,,,2.5240924092409237e-07,3824,,,,,,,,,
12,,,,,,,,,,3824,0.06644921004772186,,,,,,,,
,,,,,,,,,2.5273927392739274e-07,3829,,,,,,,,,
12,,,,,,,,,,3829,0.08283054828643799,,,,,,,,
,,,,,,,,,2.5306930693069307e-07,3834,,,,,,,,,
12,,,,,,,,,,3834,0.12464067339897156,,,,,,,,
,,,,,,,,,2.533993399339934e-07,3839,,,,,,,,,
12,,,,,,,,,,3839,0.0825333371758461,,,,,,,,
,,,,,,,,,2.5372937293729377e-07,3844,,,,,,,,,
12,,,,,,,,,,3844,0.055429644882678986,,,,,,,,
,,,,,,,,,2.5405940594059403e-07,3849,,,,,,,,,
12,,,,,,,,,,3849,0.06125052273273468,,,,,,,,
,,,,,,,,,2.5438943894389436e-07,3854,,,,,,,,,
12,,,,,,,,,,3854,0.06791006773710251,,,,,,,,
,,,,,,,,,2.5471947194719473e-07,3859,,,,,,,,,
12,,,,,,,,,,3859,0.07963543385267258,,,,,,,,
,,,,,,,,,2.5504950495049506e-07,3864,,,,,,,,,
12,,,,,,,,,,3864,0.09300503879785538,,,,,,,,
,,,,,,,,,2.553795379537954e-07,3869,,,,,,,,,
12,,,,,,,,,,3869,0.04284588247537613,,,,,,,,
,,,,,,,,,2.557095709570957e-07,3874,,,,,,,,,
12,,,,,,,,,,3874,0.08112847805023193,,,,,,,,
,,,,,,,,,2.56039603960396e-07,3879,,,,,,,,,
12,,,,,,,,,,3879,0.14349651336669922,,,,,,,,
,,,,,,,,,2.5636963696369635e-07,3884,,,,,,,,,
12,,,,,,,,,,3884,0.05026610940694809,,,,,,,,
,,,,,,,,,2.566996699669967e-07,3889,,,,,,,,,
12,,,,,,,,,,3889,0.04541715234518051,,,,,,,,
,,,,,,,,,2.5702970297029704e-07,3894,,,,,,,,,
12,,,,,,,,,,3894,0.09875465929508209,,,,,,,,
,,,,,,,,,2.573597359735973e-07,3899,,,,,,,,,
12,,,,,,,,,,3899,0.09064549207687378,,,,,,,,
,,,,,,,,,2.576897689768977e-07,3904,,,,,,,,,
12,,,,,,,,,,3904,0.07206642627716064,,,,,,,,
,,,,,,,,,2.58019801980198e-07,3909,,,,,,,,,
12,,,,,,,,,,3909,0.11694013327360153,,,,,,,,
,,,,,,,,,2.5834983498349833e-07,3914,,,,,,,,,
12,,,,,,,,,,3914,0.08337134122848511,,,,,,,,
,,,,,,,,,2.586798679867987e-07,3919,,,,,,,,,
12,,,,,,,,,,3919,0.10189364105463028,,,,,,,,
,,,,,,,,,2.5900990099009903e-07,3924,,,,,,,,,
12,,,,,,,,,,3924,0.11159166693687439,,,,,,,,
,,,,,,,,,2.593399339933993e-07,3929,,,,,,,,,
12,,,,,,,,,,3929,0.07713921368122101,,,,,,,,
,,,,,,,,,2.596699669966997e-07,3934,,,,,,,,,
12,,,,,,,,,,3934,0.07510732114315033,,,,,,,,
12,,,,,,,,,,3938,,0.5625,0.7200000286102295,0.08370427042245865,0.08370427042245865,0.13219501078128815,0.5625,1.0,0.17696741223335266
,,,,,,,,,2.6e-07,3939,,,,,,,,,
13,,,,,,,,,,3939,0.08160951733589172,,,,,,,,
,,,,,,,,,2.603300330033003e-07,3944,,,,,,,,,
13,,,,,,,,,,3944,0.0442122146487236,,,,,,,,
,,,,,,,,,2.6066006600660064e-07,3949,,,,,,,,,
13,,,,,,,,,,3949,0.08860262483358383,,,,,,,,
,,,,,,,,,2.6099009900990097e-07,3954,,,,,,,,,
13,,,,,,,,,,3954,0.06508772075176239,,,,,,,,
,,,,,,,,,2.613201320132013e-07,3959,,,,,,,,,
13,,,,,,,,,,3959,0.07344875484704971,,,,,,,,
,,,,,,,,,2.616501650165016e-07,3964,,,,,,,,,
13,,,,,,,,,,3964,0.07306791096925735,,,,,,,,
,,,,,,,,,2.61980198019802e-07,3969,,,,,,,,,
13,,,,,,,,,,3969,0.11398110538721085,,,,,,,,
,,,,,,,,,2.623102310231023e-07,3974,,,,,,,,,
13,,,,,,,,,,3974,0.014369824901223183,,,,,,,,
,,,,,,,,,2.626402640264026e-07,3979,,,,,,,,,
13,,,,,,,,,,3979,0.12972435355186462,,,,,,,,
,,,,,,,,,2.6297029702970295e-07,3984,,,,,,,,,
13,,,,,,,,,,3984,0.10605989396572113,,,,,,,,
,,,,,,,,,2.633003300330033e-07,3989,,,,,,,,,
13,,,,,,,,,,3989,0.0495462566614151,,,,,,,,
,,,,,,,,,2.636303630363036e-07,3994,,,,,,,,,
13,,,,,,,,,,3994,0.044354986399412155,,,,,,,,
,,,,,,,,,2.63960396039604e-07,3999,,,,,,,,,
13,,,,,,,,,,3999,0.0840129554271698,,,,,,,,
,,,,,,,,,2.642904290429043e-07,4004,,,,,,,,,
13,,,,,,,,,,4004,0.06440458446741104,,,,,,,,
,,,,,,,,,2.6462046204620457e-07,4009,,,,,,,,,
13,,,,,,,,,,4009,0.08865059167146683,,,,,,,,
,,,,,,,,,2.6495049504950494e-07,4014,,,,,,,,,
13,,,,,,,,,,4014,0.0765729770064354,,,,,,,,
,,,,,,,,,2.6528052805280526e-07,4019,,,,,,,,,
13,,,,,,,,,,4019,0.09023668617010117,,,,,,,,
,,,,,,,,,2.656105610561056e-07,4024,,,,,,,,,
13,,,,,,,,,,4024,0.04099538177251816,,,,,,,,
,,,,,,,,,2.6594059405940596e-07,4029,,,,,,,,,
13,,,,,,,,,,4029,0.06389162689447403,,,,,,,,
,,,,,,,,,2.6627062706270623e-07,4034,,,,,,,,,
13,,,,,,,,,,4034,0.08532942831516266,,,,,,,,
,,,,,,,,,2.6660066006600655e-07,4039,,,,,,,,,
13,,,,,,,,,,4039,0.03813771903514862,,,,,,,,
,,,,,,,,,2.6693069306930693e-07,4044,,,,,,,,,
13,,,,,,,,,,4044,0.03479896858334541,,,,,,,,
,,,,,,,,,2.6726072607260725e-07,4049,,,,,,,,,
13,,,,,,,,,,4049,0.12256138771772385,,,,,,,,
,,,,,,,,,2.675907590759076e-07,4054,,,,,,,,,
13,,,,,,,,,,4054,0.062443990260362625,,,,,,,,
,,,,,,,,,2.6792079207920795e-07,4059,,,,,,,,,
13,,,,,,,,,,4059,0.05685647949576378,,,,,,,,
,,,,,,,,,2.682508250825082e-07,4064,,,,,,,,,
13,,,,,,,,,,4064,0.07464409619569778,,,,,,,,
,,,,,,,,,2.6858085808580854e-07,4069,,,,,,,,,
13,,,,,,,,,,4069,0.11674869805574417,,,,,,,,
,,,,,,,,,2.689108910891089e-07,4074,,,,,,,,,
13,,,,,,,,,,4074,0.0648326501250267,,,,,,,,
,,,,,,,,,2.6924092409240924e-07,4079,,,,,,,,,
13,,,,,,,,,,4079,0.0731249749660492,,,,,,,,
,,,,,,,,,2.6957095709570956e-07,4084,,,,,,,,,
13,,,,,,,,,,4084,0.05407419055700302,,,,,,,,
,,,,,,,,,2.699009900990099e-07,4089,,,,,,,,,
13,,,,,,,,,,4089,0.054403308779001236,,,,,,,,
,,,,,,,,,2.702310231023102e-07,4094,,,,,,,,,
13,,,,,,,,,,4094,0.0862095057964325,,,,,,,,
,,,,,,,,,2.7056105610561053e-07,4099,,,,,,,,,
13,,,,,,,,,,4099,0.10130441933870316,,,,,,,,
,,,,,,,,,2.708910891089109e-07,4104,,,,,,,,,
13,,,,,,,,,,4104,0.1133459061384201,,,,,,,,
,,,,,,,,,2.7122112211221123e-07,4109,,,,,,,,,
13,,,,,,,,,,4109,0.0845056101679802,,,,,,,,
,,,,,,,,,2.715511551155115e-07,4114,,,,,,,,,
13,,,,,,,,,,4114,0.09009694308042526,,,,,,,,
,,,,,,,,,2.718811881188119e-07,4119,,,,,,,,,
13,,,,,,,,,,4119,0.060110192745923996,,,,,,,,
,,,,,,,,,2.722112211221122e-07,4124,,,,,,,,,
13,,,,,,,,,,4124,0.051926348358392715,,,,,,,,
,,,,,,,,,2.725412541254125e-07,4129,,,,,,,,,
13,,,,,,,,,,4129,0.05493207648396492,,,,,,,,
,,,,,,,,,2.728712871287129e-07,4134,,,,,,,,,
13,,,,,,,,,,4134,0.052137814462184906,,,,,,,,
,,,,,,,,,2.732013201320132e-07,4139,,,,,,,,,
13,,,,,,,,,,4139,0.06436484307050705,,,,,,,,
,,,,,,,,,2.735313531353135e-07,4144,,,,,,,,,
13,,,,,,,,,,4144,0.16343317925930023,,,,,,,,
,,,,,,,,,2.7386138613861386e-07,4149,,,,,,,,,
13,,,,,,,,,,4149,0.09882111102342606,,,,,,,,
,,,,,,,,,2.741914191419142e-07,4154,,,,,,,,,
13,,,,,,,,,,4154,0.08596591651439667,,,,,,,,
,,,,,,,,,2.745214521452145e-07,4159,,,,,,,,,
13,,,,,,,,,,4159,0.10059867054224014,,,,,,,,
,,,,,,,,,2.748514851485149e-07,4164,,,,,,,,,
13,,,,,,,,,,4164,0.10804802179336548,,,,,,,,
,,,,,,,,,2.7518151815181515e-07,4169,,,,,,,,,
13,,,,,,,,,,4169,0.10394101589918137,,,,,,,,
,,,,,,,,,2.755115511551155e-07,4174,,,,,,,,,
13,,,,,,,,,,4174,0.08462902158498764,,,,,,,,
,,,,,,,,,2.7584158415841585e-07,4179,,,,,,,,,
13,,,,,,,,,,4179,0.08571755141019821,,,,,,,,
,,,,,,,,,2.7617161716171617e-07,4184,,,,,,,,,
13,,,,,,,,,,4184,0.06970963627099991,,,,,,,,
,,,,,,,,,2.765016501650165e-07,4189,,,,,,,,,
13,,,,,,,,,,4189,0.02548677660524845,,,,,,,,
,,,,,,,,,2.768316831683168e-07,4194,,,,,,,,,
13,,,,,,,,,,4194,0.06134993955492973,,,,,,,,
,,,,,,,,,2.7716171617161714e-07,4199,,,,,,,,,
13,,,,,,,,,,4199,0.09028198570013046,,,,,,,,
,,,,,,,,,2.7749174917491746e-07,4204,,,,,,,,,
13,,,,,,,,,,4204,0.13029725849628448,,,,,,,,
,,,,,,,,,2.7782178217821784e-07,4209,,,,,,,,,
13,,,,,,,,,,4209,0.08927219361066818,,,,,,,,
,,,,,,,,,2.7815181518151816e-07,4214,,,,,,,,,
13,,,,,,,,,,4214,0.07699268311262131,,,,,,,,
,,,,,,,,,2.784818481848185e-07,4219,,,,,,,,,
13,,,,,,,,,,4219,0.1024489775300026,,,,,,,,
,,,,,,,,,2.788118811881188e-07,4224,,,,,,,,,
13,,,,,,,,,,4224,0.06067107990384102,,,,,,,,
,,,,,,,,,2.7914191419141913e-07,4229,,,,,,,,,
13,,,,,,,,,,4229,0.0709710344672203,,,,,,,,
,,,,,,,,,2.7947194719471945e-07,4234,,,,,,,,,
13,,,,,,,,,,4234,0.054743994027376175,,,,,,,,
,,,,,,,,,2.798019801980198e-07,4239,,,,,,,,,
13,,,,,,,,,,4239,0.03171173483133316,,,,,,,,
13,,,,,,,,,,4241,,0.5625,0.7200000286102295,0.08366667479276657,0.08366667479276657,0.14560481905937195,0.5625,1.0,0.18646080791950226
,,,,,,,,,2.8013201320132015e-07,4244,,,,,,,,,
14,,,,,,,,,,4244,0.11354702711105347,,,,,,,,
,,,,,,,,,2.804620462046204e-07,4249,,,,,,,,,
14,,,,,,,,,,4249,0.028627699241042137,,,,,,,,
,,,,,,,,,2.807920792079208e-07,4254,,,,,,,,,
14,,,,,,,,,,4254,0.06375551223754883,,,,,,,,
,,,,,,,,,2.811221122112211e-07,4259,,,,,,,,,
14,,,,,,,,,,4259,0.04460616037249565,,,,,,,,
,,,,,,,,,2.8145214521452144e-07,4264,,,,,,,,,
14,,,,,,,,,,4264,0.05263727903366089,,,,,,,,
,,,,,,,,,2.8178217821782176e-07,4269,,,,,,,,,
14,,,,,,,,,,4269,0.04563813656568527,,,,,,,,
,,,,,,,,,2.821122112211221e-07,4274,,,,,,,,,
14,,,,,,,,,,4274,0.06408537924289703,,,,,,,,
,,,,,,,,,2.824422442244224e-07,4279,,,,,,,,,
14,,,,,,,,,,4279,0.08178629726171494,,,,,,,,
,,,,,,,,,2.8277227722772273e-07,4284,,,,,,,,,
14,,,,,,,,,,4284,0.08523772656917572,,,,,,,,
,,,,,,,,,2.831023102310231e-07,4289,,,,,,,,,
14,,,,,,,,,,4289,0.057919248938560486,,,,,,,,
,,,,,,,,,2.834323432343234e-07,4294,,,,,,,,,
14,,,,,,,,,,4294,0.08866406232118607,,,,,,,,
,,,,,,,,,2.8376237623762375e-07,4299,,,,,,,,,
14,,,,,,,,,,4299,0.04402286559343338,,,,,,,,
,,,,,,,,,2.8409240924092407e-07,4304,,,,,,,,,
14,,,,,,,,,,4304,0.09903770685195923,,,,,,,,
,,,,,,,,,2.844224422442244e-07,4309,,,,,,,,,
14,,,,,,,,,,4309,0.04969654604792595,,,,,,,,
,,,,,,,,,2.847524752475247e-07,4314,,,,,,,,,
14,,,,,,,,,,4314,0.09863506257534027,,,,,,,,
,,,,,,,,,2.850825082508251e-07,4319,,,,,,,,,
14,,,,,,,,,,4319,0.1234789565205574,,,,,,,,
,,,,,,,,,2.854125412541254e-07,4324,,,,,,,,,
14,,,,,,,,,,4324,0.08381258696317673,,,,,,,,
,,,,,,,,,2.857425742574257e-07,4329,,,,,,,,,
14,,,,,,,,,,4329,0.07892072200775146,,,,,,,,
,,,,,,,,,2.8607260726072606e-07,4334,,,,,,,,,
14,,,,,,,,,,4334,0.03512521833181381,,,,,,,,
,,,,,,,,,2.864026402640264e-07,4339,,,,,,,,,
14,,,,,,,,,,4339,0.08734603226184845,,,,,,,,
,,,,,,,,,2.867326732673267e-07,4344,,,,,,,,,
14,,,,,,,,,,4344,0.09520811587572098,,,,,,,,
,,,,,,,,,2.870627062706271e-07,4349,,,,,,,,,
14,,,,,,,,,,4349,0.06717334687709808,,,,,,,,
,,,,,,,,,2.873927392739274e-07,4354,,,,,,,,,
14,,,,,,,,,,4354,0.06637350469827652,,,,,,,,
,,,,,,,,,2.8772277227722767e-07,4359,,,,,,,,,
14,,,,,,,,,,4359,0.02981472760438919,,,,,,,,
,,,,,,,,,2.8805280528052805e-07,4364,,,,,,,,,
14,,,,,,,,,,4364,0.1125921979546547,,,,,,,,
,,,,,,,,,2.8838283828382837e-07,4369,,,,,,,,,
14,,,,,,,,,,4369,0.12115313112735748,,,,,,,,
,,,,,,,,,2.887128712871287e-07,4374,,,,,,,,,
14,,,,,,,,,,4374,0.08900273591279984,,,,,,,,
,,,,,,,,,2.8904290429042907e-07,4379,,,,,,,,,
14,,,,,,,,,,4379,0.06824084371328354,,,,,,,,
,,,,,,,,,2.8937293729372934e-07,4384,,,,,,,,,
14,,,,,,,,,,4384,0.11086455732584,,,,,,,,
,,,,,,,,,2.8970297029702966e-07,4389,,,,,,,,,
14,,,,,,,,,,4389,0.13091762363910675,,,,,,,,
,,,,,,,,,2.9003300330033004e-07,4394,,,,,,,,,
14,,,,,,,,,,4394,0.10666118562221527,,,,,,,,
,,,,,,,,,2.9036303630363036e-07,4399,,,,,,,,,
14,,,,,,,,,,4399,0.040204230695962906,,,,,,,,
,,,,,,,,,2.906930693069307e-07,4404,,,,,,,,,
14,,,,,,,,,,4404,0.05289090797305107,,,,,,,,
,,,,,,,,,2.91023102310231e-07,4409,,,,,,,,,
14,,,,,,,,,,4409,0.050318602472543716,,,,,,,,
,,,,,,,,,2.913531353135313e-07,4414,,,,,,,,,
14,,,,,,,,,,4414,0.04781608656048775,,,,,,,,
,,,,,,,,,2.9168316831683165e-07,4419,,,,,,,,,
14,,,,,,,,,,4419,0.07003006339073181,,,,,,,,
,,,,,,,,,2.92013201320132e-07,4424,,,,,,,,,
14,,,,,,,,,,4424,0.06547965109348297,,,,,,,,
,,,,,,,,,2.9234323432343235e-07,4429,,,,,,,,,
14,,,,,,,,,,4429,0.0844784677028656,,,,,,,,
,,,,,,,,,2.9267326732673267e-07,4434,,,,,,,,,
14,,,,,,,,,,4434,0.07616694271564484,,,,,,,,
,,,,,,,,,2.93003300330033e-07,4439,,,,,,,,,
14,,,,,,,,,,4439,0.07640713453292847,,,,,,,,
,,,,,,,,,2.933333333333333e-07,4444,,,,,,,,,
14,,,,,,,,,,4444,0.056465405970811844,,,,,,,,
,,,,,,,,,2.9366336633663364e-07,4449,,,,,,,,,
14,,,,,,,,,,4449,0.06308247148990631,,,,,,,,
,,,,,,,,,2.93993399339934e-07,4454,,,,,,,,,
14,,,,,,,,,,4454,0.04629196599125862,,,,,,,,
,,,,,,,,,2.9432343234323433e-07,4459,,,,,,,,,
14,,,,,,,,,,4459,0.09324492514133453,,,,,,,,
,,,,,,,,,2.946534653465346e-07,4464,,,,,,,,,
14,,,,,,,,,,4464,0.096934013068676,,,,,,,,
,,,,,,,,,2.94983498349835e-07,4469,,,,,,,,,
14,,,,,,,,,,4469,0.04293699935078621,,,,,,,,
,,,,,,,,,2.953135313531353e-07,4474,,,,,,,,,
14,,,,,,,,,,4474,0.035200268030166626,,,,,,,,
,,,,,,,,,2.956435643564356e-07,4479,,,,,,,,,
14,,,,,,,,,,4479,0.012720145285129547,,,,,,,,
,,,,,,,,,2.95973597359736e-07,4484,,,,,,,,,
14,,,,,,,,,,4484,0.049745142459869385,,,,,,,,
,,,,,,,,,2.9630363036303627e-07,4489,,,,,,,,,
14,,,,,,,,,,4489,0.06030021235346794,,,,,,,,
,,,,,,,,,2.966336633663366e-07,4494,,,,,,,,,
14,,,,,,,,,,4494,0.039229243993759155,,,,,,,,
,,,,,,,,,2.9696369636963697e-07,4499,,,,,,,,,
14,,,,,,,,,,4499,0.09132447093725204,,,,,,,,
,,,,,,,,,2.972937293729373e-07,4504,,,,,,,,,
14,,,,,,,,,,4504,0.09837181121110916,,,,,,,,
,,,,,,,,,2.976237623762376e-07,4509,,,,,,,,,
14,,,,,,,,,,4509,0.06452818214893341,,,,,,,,
,,,,,,,,,2.97953795379538e-07,4514,,,,,,,,,
14,,,,,,,,,,4514,0.08244918286800385,,,,,,,,
,,,,,,,,,2.9828382838283826e-07,4519,,,,,,,,,
14,,,,,,,,,,4519,0.09160763025283813,,,,,,,,
,,,,,,,,,2.986138613861386e-07,4524,,,,,,,,,
14,,,,,,,,,,4524,0.09813903272151947,,,,,,,,
,,,,,,,,,2.9894389438943895e-07,4529,,,,,,,,,
14,,,,,,,,,,4529,0.11009176075458527,,,,,,,,
,,,,,,,,,2.992739273927393e-07,4534,,,,,,,,,
14,,,,,,,,,,4534,0.06273134052753448,,,,,,,,
,,,,,,,,,2.996039603960396e-07,4539,,,,,,,,,
14,,,,,,,,,,4539,0.046852242201566696,,,,,,,,
,,,,,,,,,2.999339933993399e-07,4544,,,,,,,,,
14,,,,,,,,,,4544,0.09901082515716553,,,,,,,,
14,,,,,,,,,,4544,,0.5625,0.7200000286102295,0.08347408473491669,0.08347408473491669,0.15850010514259338,0.5625,1.0,0.195809006690979
,,,,,,,,,3.0026402640264024e-07,4549,,,,,,,,,
15,,,,,,,,,,4549,0.06242942437529564,,,,,,,,
,,,,,,,,,3.0059405940594057e-07,4554,,,,,,,,,
15,,,,,,,,,,4554,0.05240790173411369,,,,,,,,
,,,,,,,,,3.0092409240924094e-07,4559,,,,,,,,,
15,,,,,,,,,,4559,0.06721118092536926,,,,,,,,
,,,,,,,,,3.0125412541254126e-07,4564,,,,,,,,,
15,,,,,,,,,,4564,0.061037417501211166,,,,,,,,
,,,,,,,,,3.0158415841584153e-07,4569,,,,,,,,,
15,,,,,,,,,,4569,0.07032515108585358,,,,,,,,
,,,,,,,,,3.019141914191419e-07,4574,,,,,,,,,
15,,,,,,,,,,4574,0.053649451583623886,,,,,,,,
,,,,,,,,,3.0224422442244223e-07,4579,,,,,,,,,
15,,,,,,,,,,4579,0.10840531438589096,,,,,,,,
,,,,,,,,,3.0257425742574255e-07,4584,,,,,,,,,
15,,,,,,,,,,4584,0.05935049057006836,,,,,,,,
,,,,,,,,,3.029042904290429e-07,4589,,,,,,,,,
15,,,,,,,,,,4589,0.08963312953710556,,,,,,,,
,,,,,,,,,3.0323432343234325e-07,4594,,,,,,,,,
15,,,,,,,,,,4594,0.059688013046979904,,,,,,,,
,,,,,,,,,3.035643564356435e-07,4599,,,,,,,,,
15,,,,,,,,,,4599,0.05198819935321808,,,,,,,,
,,,,,,,,,3.0389438943894384e-07,4604,,,,,,,,,
15,,,,,,,,,,4604,0.03629432991147041,,,,,,,,
,,,,,,,,,3.042244224422442e-07,4609,,,,,,,,,
15,,,,,,,,,,4609,0.09292352199554443,,,,,,,,
,,,,,,,,,3.0455445544554454e-07,4614,,,,,,,,,
15,,,,,,,,,,4614,0.05337829887866974,,,,,,,,
,,,,,,,,,3.0488448844884487e-07,4619,,,,,,,,,
15,,,,,,,,,,4619,0.07370563596487045,,,,,,,,
,,,,,,,,,3.052145214521452e-07,4624,,,,,,,,,
15,,,,,,,,,,4624,0.14076684415340424,,,,,,,,
,,,,,,,,,3.055445544554455e-07,4629,,,,,,,,,
15,,,,,,,,,,4629,0.040809303522109985,,,,,,,,
,,,,,,,,,3.0587458745874583e-07,4634,,,,,,,,,
15,,,,,,,,,,4634,0.04811042919754982,,,,,,,,
,,,,,,,,,3.062046204620462e-07,4639,,,,,,,,,
15,,,,,,,,,,4639,0.10849140584468842,,,,,,,,
,,,,,,,,,3.0653465346534653e-07,4644,,,,,,,,,
15,,,,,,,,,,4644,0.07676546275615692,,,,,,,,
,,,,,,,,,3.0686468646864685e-07,4649,,,,,,,,,
15,,,,,,,,,,4649,0.07630518823862076,,,,,,,,
,,,,,,,,,3.071947194719472e-07,4654,,,,,,,,,
15,,,,,,,,,,4654,0.07232571393251419,,,,,,,,
,,,,,,,,,3.075247524752475e-07,4659,,,,,,,,,
15,,,,,,,,,,4659,0.049048833549022675,,,,,,,,
,,,,,,,,,3.078547854785478e-07,4664,,,,,,,,,
15,,,,,,,,,,4664,0.054398320615291595,,,,,,,,
,,,,,,,,,3.081848184818482e-07,4669,,,,,,,,,
15,,,,,,,,,,4669,0.08650107681751251,,,,,,,,
,,,,,,,,,3.085148514851485e-07,4674,,,,,,,,,
15,,,,,,,,,,4674,0.06921521574258804,,,,,,,,
,,,,,,,,,3.088448844884488e-07,4679,,,,,,,,,
15,,,,,,,,,,4679,0.08468088507652283,,,,,,,,
,,,,,,,,,3.0917491749174916e-07,4684,,,,,,,,,
15,,,,,,,,,,4684,0.09620165079832077,,,,,,,,
,,,,,,,,,3.095049504950495e-07,4689,,,,,,,,,
15,,,,,,,,,,4689,0.06724725663661957,,,,,,,,
,,,,,,,,,3.098349834983498e-07,4694,,,,,,,,,
15,,,,,,,,,,4694,0.07728979736566544,,,,,,,,
,,,,,,,,,3.101650165016502e-07,4699,,,,,,,,,
15,,,,,,,,,,4699,0.0983094871044159,,,,,,,,
,,,,,,,,,3.1049504950495045e-07,4704,,,,,,,,,
15,,,,,,,,,,4704,0.059161897748708725,,,,,,,,
,,,,,,,,,3.108250825082508e-07,4709,,,,,,,,,
15,,,,,,,,,,4709,0.0602412186563015,,,,,,,,
,,,,,,,,,3.1115511551155115e-07,4714,,,,,,,,,
15,,,,,,,,,,4714,0.11133525520563126,,,,,,,,
,,,,,,,,,3.114851485148515e-07,4719,,,,,,,,,
15,,,,,,,,,,4719,0.07612979412078857,,,,,,,,
,,,,,,,,,3.118151815181518e-07,4724,,,,,,,,,
15,,,,,,,,,,4724,0.07752789556980133,,,,,,,,
,,,,,,,,,3.1214521452145217e-07,4729,,,,,,,,,
15,,,,,,,,,,4729,0.10906634479761124,,,,,,,,
,,,,,,,,,3.1247524752475244e-07,4734,,,,,,,,,
15,,,,,,,,,,4734,0.08472965657711029,,,,,,,,
,,,,,,,,,3.1280528052805276e-07,4739,,,,,,,,,
15,,,,,,,,,,4739,0.07300363481044769,,,,,,,,
,,,,,,,,,3.1313531353135314e-07,4744,,,,,,,,,
15,,,,,,,,,,4744,0.09933297336101532,,,,,,,,
,,,,,,,,,3.1346534653465346e-07,4749,,,,,,,,,
15,,,,,,,,,,4749,0.06819922477006912,,,,,,,,
,,,,,,,,,3.137953795379538e-07,4754,,,,,,,,,
15,,,,,,,,,,4754,0.05292370542883873,,,,,,,,
,,,,,,,,,3.141254125412541e-07,4759,,,,,,,,,
15,,,,,,,,,,4759,0.1459086835384369,,,,,,,,
,,,,,,,,,3.1445544554455443e-07,4764,,,,,,,,,
15,,,,,,,,,,4764,0.03731612488627434,,,,,,,,
,,,,,,,,,3.1478547854785475e-07,4769,,,,,,,,,
15,,,,,,,,,,4769,0.09273100644350052,,,,,,,,
,,,,,,,,,3.1511551155115513e-07,4774,,,,,,,,,
15,,,,,,,,,,4774,0.0836961567401886,,,,,,,,
,,,,,,,,,3.1544554455445545e-07,4779,,,,,,,,,
15,,,,,,,,,,4779,0.04467572271823883,,,,,,,,
,,,,,,,,,3.157755775577557e-07,4784,,,,,,,,,
15,,,,,,,,,,4784,0.05171017348766327,,,,,,,,
,,,,,,,,,3.161056105610561e-07,4789,,,,,,,,,
15,,,,,,,,,,4789,0.054347213357686996,,,,,,,,
,,,,,,,,,3.164356435643564e-07,4794,,,,,,,,,
15,,,,,,,,,,4794,0.06794485449790955,,,,,,,,
,,,,,,,,,3.1676567656765674e-07,4799,,,,,,,,,
15,,,,,,,,,,4799,0.0752730742096901,,,,,,,,
,,,,,,,,,3.170957095709571e-07,4804,,,,,,,,,
15,,,,,,,,,,4804,0.054549023509025574,,,,,,,,
,,,,,,,,,3.1742574257425744e-07,4809,,,,,,,,,
15,,,,,,,,,,4809,0.05774823576211929,,,,,,,,
,,,,,,,,,3.177557755775577e-07,4814,,,,,,,,,
15,,,,,,,,,,4814,0.025116298347711563,,,,,,,,
,,,,,,,,,3.180858085808581e-07,4819,,,,,,,,,
15,,,,,,,,,,4819,0.08553863316774368,,,,,,,,
,,,,,,,,,3.184158415841584e-07,4824,,,,,,,,,
15,,,,,,,,,,4824,0.0527900829911232,,,,,,,,
,,,,,,,,,3.1874587458745873e-07,4829,,,,,,,,,
15,,,,,,,,,,4829,0.057418517768383026,,,,,,,,
,,,,,,,,,3.190759075907591e-07,4834,,,,,,,,,
15,,,,,,,,,,4834,0.05337601527571678,,,,,,,,
,,,,,,,,,3.1940594059405937e-07,4839,,,,,,,,,
15,,,,,,,,,,4839,0.03712347522377968,,,,,,,,
,,,,,,,,,3.197359735973597e-07,4844,,,,,,,,,
15,,,,,,,,,,4844,0.07588343322277069,,,,,,,,
15,,,,,,,,,,4847,,0.5625,0.7200000286102295,0.0832584798336029,0.0832584798336029,0.18445256352424622,0.5625,1.0,0.21253718435764313
,,,,,,,,,3.2006600660066007e-07,4849,,,,,,,,,
16,,,,,,,,,,4849,0.0640762597322464,,,,,,,,
,,,,,,,,,3.203960396039604e-07,4854,,,,,,,,,
16,,,,,,,,,,4854,0.0736953616142273,,,,,,,,
,,,,,,,,,3.207260726072607e-07,4859,,,,,,,,,
16,,,,,,,,,,4859,0.06966505199670792,,,,,,,,
,,,,,,,,,3.210561056105611e-07,4864,,,,,,,,,
16,,,,,,,,,,4864,0.07842636108398438,,,,,,,,
,,,,,,,,,3.2138613861386136e-07,4869,,,,,,,,,
16,,,,,,,,,,4869,0.08448152244091034,,,,,,,,
,,,,,,,,,3.217161716171617e-07,4874,,,,,,,,,
16,,,,,,,,,,4874,0.05258368328213692,,,,,,,,
,,,,,,,,,3.2204620462046206e-07,4879,,,,,,,,,
16,,,,,,,,,,4879,0.05724983662366867,,,,,,,,
,,,,,,,,,3.223762376237624e-07,4884,,,,,,,,,
16,,,,,,,,,,4884,0.04144854098558426,,,,,,,,
,,,,,,,,,3.227062706270627e-07,4889,,,,,,,,,
16,,,,,,,,,,4889,0.10916640609502792,,,,,,,,
,,,,,,,,,3.23036303630363e-07,4894,,,,,,,,,
16,,,,,,,,,,4894,0.07453729212284088,,,,,,,,
,,,,,,,,,3.2336633663366335e-07,4899,,,,,,,,,
16,,,,,,,,,,4899,0.0691111832857132,,,,,,,,
,,,,,,,,,3.2369636963696367e-07,4904,,,,,,,,,
16,,,,,,,,,,4904,0.09662678837776184,,,,,,,,
,,,,,,,,,3.24026402640264e-07,4909,,,,,,,,,
16,,,,,,,,,,4909,0.07237108051776886,,,,,,,,
,,,,,,,,,3.2435643564356437e-07,4914,,,,,,,,,
16,,,,,,,,,,4914,0.12895038723945618,,,,,,,,
,,,,,,,,,3.2468646864686464e-07,4919,,,,,,,,,
16,,,,,,,,,,4919,0.07689918577671051,,,,,,,,
,,,,,,,,,3.2501650165016496e-07,4924,,,,,,,,,
16,,,,,,,,,,4924,0.10874152928590775,,,,,,,,
,,,,,,,,,3.2534653465346534e-07,4929,,,,,,,,,
16,,,,,,,,,,4929,0.08553265035152435,,,,,,,,
,,,,,,,,,3.2567656765676566e-07,4934,,,,,,,,,
16,,,,,,,,,,4934,0.03006916120648384,,,,,,,,
,,,,,,,,,3.26006600660066e-07,4939,,,,,,,,,
16,,,,,,,,,,4939,0.07897167652845383,,,,,,,,
,,,,,,,,,3.2633663366336636e-07,4944,,,,,,,,,
16,,,,,,,,,,4944,0.04131590574979782,,,,,,,,
,,,,,,,,,3.2666666666666663e-07,4949,,,,,,,,,
16,,,,,,,,,,4949,0.03929617255926132,,,,,,,,
,,,,,,,,,3.2699669966996695e-07,4954,,,,,,,,,
16,,,,,,,,,,4954,0.07626163214445114,,,,,,,,
,,,,,,,,,3.273267326732673e-07,4959,,,,,,,,,
16,,,,,,,,,,4959,0.04343365132808685,,,,,,,,
,,,,,,,,,3.2765676567656765e-07,4964,,,,,,,,,
16,,,,,,,,,,4964,0.09710966050624847,,,,,,,,
,,,,,,,,,3.2798679867986797e-07,4969,,,,,,,,,
16,,,,,,,,,,4969,0.05288824066519737,,,,,,,,
,,,,,,,,,3.283168316831683e-07,4974,,,,,,,,,
16,,,,,,,,,,4974,0.11259396374225616,,,,,,,,
,,,,,,,,,3.286468646864686e-07,4979,,,,,,,,,
16,,,,,,,,,,4979,0.05753367766737938,,,,,,,,
,,,,,,,,,3.2897689768976894e-07,4984,,,,,,,,,
16,,,,,,,,,,4984,0.10738889873027802,,,,,,,,
,,,,,,,,,3.293069306930693e-07,4989,,,,,,,,,
16,,,,,,,,,,4989,0.055113185197114944,,,,,,,,
,,,,,,,,,3.2963696369636964e-07,4994,,,,,,,,,
16,,,,,,,,,,4994,0.08850371092557907,,,,,,,,
,,,,,,,,,3.299669966996699e-07,4999,,,,,,,,,
16,,,,,,,,,,4999,0.12191933393478394,,,,,,,,
,,,,,,,,,3.302970297029703e-07,5004,,,,,,,,,
16,,,,,,,,,,5004,0.03901709243655205,,,,,,,,
,,,,,,,,,3.306270627062706e-07,5009,,,,,,,,,
16,,,,,,,,,,5009,0.0748775526881218,,,,,,,,
,,,,,,,,,3.309570957095709e-07,5014,,,,,,,,,
16,,,,,,,,,,5014,0.0833221897482872,,,,,,,,
,,,,,,,,,3.312871287128713e-07,5019,,,,,,,,,
16,,,,,,,,,,5019,0.058904994279146194,,,,,,,,
,,,,,,,,,3.316171617161716e-07,5024,,,,,,,,,
16,,,,,,,,,,5024,0.07278341054916382,,,,,,,,
,,,,,,,,,3.319471947194719e-07,5029,,,,,,,,,
16,,,,,,,,,,5029,0.04428688436746597,,,,,,,,
,,,,,,,,,3.3227722772277227e-07,5034,,,,,,,,,
16,,,,,,,,,,5034,0.06790000200271606,,,,,,,,
,,,,,,,,,3.326072607260726e-07,5039,,,,,,,,,
16,,,,,,,,,,5039,0.056905344128608704,,,,,,,,
,,,,,,,,,3.329372937293729e-07,5044,,,,,,,,,
16,,,,,,,,,,5044,0.11158165335655212,,,,,,,,
,,,,,,,,,3.332673267326733e-07,5049,,,,,,,,,
16,,,,,,,,,,5049,0.05722871050238609,,,,,,,,
,,,,,,,,,3.3359735973597356e-07,5054,,,,,,,,,
16,,,,,,,,,,5054,0.05723748356103897,,,,,,,,
,,,,,,,,,3.339273927392739e-07,5059,,,,,,,,,
16,,,,,,,,,,5059,0.08399506658315659,,,,,,,,
,,,,,,,,,3.3425742574257426e-07,5064,,,,,,,,,
16,,,,,,,,,,5064,0.05591180548071861,,,,,,,,
,,,,,,,,,3.345874587458746e-07,5069,,,,,,,,,
16,,,,,,,,,,5069,0.1309042125940323,,,,,,,,
,,,,,,,,,3.349174917491749e-07,5074,,,,,,,,,
16,,,,,,,,,,5074,0.055816423147916794,,,,,,,,
,,,,,,,,,3.352475247524753e-07,5079,,,,,,,,,
16,,,,,,,,,,5079,0.01772594451904297,,,,,,,,
,,,,,,,,,3.3557755775577555e-07,5084,,,,,,,,,
16,,,,,,,,,,5084,0.10739485919475555,,,,,,,,
,,,,,,,,,3.3590759075907587e-07,5089,,,,,,,,,
16,,,,,,,,,,5089,0.06645083427429199,,,,,,,,
,,,,,,,,,3.3623762376237624e-07,5094,,,,,,,,,
16,,,,,,,,,,5094,0.0914706140756607,,,,,,,,
,,,,,,,,,3.3656765676567657e-07,5099,,,,,,,,,
16,,,,,,,,,,5099,0.10352419316768646,,,,,,,,
,,,,,,,,,3.368976897689769e-07,5104,,,,,,,,,
16,,,,,,,,,,5104,0.037321336567401886,,,,,,,,
,,,,,,,,,3.372277227722772e-07,5109,,,,,,,,,
16,,,,,,,,,,5109,0.05897444859147072,,,,,,,,
,,,,,,,,,3.3755775577557753e-07,5114,,,,,,,,,
16,,,,,,,,,,5114,0.08603879809379578,,,,,,,,
,,,,,,,,,3.3788778877887786e-07,5119,,,,,,,,,
16,,,,,,,,,,5119,0.0551268644630909,,,,,,,,
,,,,,,,,,3.3821782178217823e-07,5124,,,,,,,,,
16,,,,,,,,,,5124,0.07805852591991425,,,,,,,,
,,,,,,,,,3.3854785478547856e-07,5129,,,,,,,,,
16,,,,,,,,,,5129,0.0717790424823761,,,,,,,,
,,,,,,,,,3.388778877887788e-07,5134,,,,,,,,,
16,,,,,,,,,,5134,0.06884236633777618,,,,,,,,
,,,,,,,,,3.392079207920792e-07,5139,,,,,,,,,
16,,,,,,,,,,5139,0.07929124683141708,,,,,,,,
,,,,,,,,,3.395379537953795e-07,5144,,,,,,,,,
16,,,,,,,,,,5144,0.07235824316740036,,,,,,,,
,,,,,,,,,3.3986798679867985e-07,5149,,,,,,,,,
16,,,,,,,,,,5149,0.07485243678092957,,,,,,,,
16,,,,,,,,,,5150,,0.5625,0.7200000286102295,0.08308091014623642,0.08308091014623642,0.21058249473571777,0.5625,1.0,0.2324625849723816
,,,,,,,,,3.401980198019802e-07,5154,,,,,,,,,
17,,,,,,,,,,5154,0.07236205786466599,,,,,,,,
,,,,,,,,,3.4052805280528054e-07,5159,,,,,,,,,
17,,,,,,,,,,5159,0.045746780931949615,,,,,,,,
,,,,,,,,,3.408580858085808e-07,5164,,,,,,,,,
17,,,,,,,,,,5164,0.06267792731523514,,,,,,,,
,,,,,,,,,3.411881188118812e-07,5169,,,,,,,,,
17,,,,,,,,,,5169,0.1164122000336647,,,,,,,,
,,,,,,,,,3.415181518151815e-07,5174,,,,,,,,,
17,,,,,,,,,,5174,0.06912550330162048,,,,,,,,
,,,,,,,,,3.4184818481848183e-07,5179,,,,,,,,,
17,,,,,,,,,,5179,0.09864945709705353,,,,,,,,
,,,,,,,,,3.421782178217822e-07,5184,,,,,,,,,
17,,,,,,,,,,5184,0.11552423238754272,,,,,,,,
,,,,,,,,,3.425082508250825e-07,5189,,,,,,,,,
17,,,,,,,,,,5189,0.04097732529044151,,,,,,,,
,,,,,,,,,3.428382838283828e-07,5194,,,,,,,,,
17,,,,,,,,,,5194,0.11967022716999054,,,,,,,,
,,,,,,,,,3.431683168316832e-07,5199,,,,,,,,,
17,,,,,,,,,,5199,0.08319581300020218,,,,,,,,
,,,,,,,,,3.434983498349835e-07,5204,,,,,,,,,
17,,,,,,,,,,5204,0.10389287024736404,,,,,,,,
,,,,,,,,,3.438283828382838e-07,5209,,,,,,,,,
17,,,,,,,,,,5209,0.02220424823462963,,,,,,,,
,,,,,,,,,3.441584158415841e-07,5214,,,,,,,,,
17,,,,,,,,,,5214,0.07335426658391953,,,,,,,,
,,,,,,,,,3.4448844884488447e-07,5219,,,,,,,,,
17,,,,,,,,,,5219,0.11664431542158127,,,,,,,,
,,,,,,,,,3.448184818481848e-07,5224,,,,,,,,,
17,,,,,,,,,,5224,0.046605970710515976,,,,,,,,
,,,,,,,,,3.451485148514851e-07,5229,,,,,,,,,
17,,,,,,,,,,5229,0.09785744547843933,,,,,,,,
,,,,,,,,,3.454785478547855e-07,5234,,,,,,,,,
17,,,,,,,,,,5234,0.052470169961452484,,,,,,,,
,,,,,,,,,3.458085808580858e-07,5239,,,,,,,,,
17,,,,,,,,,,5239,0.08105415850877762,,,,,,,,
,,,,,,,,,3.461386138613861e-07,5244,,,,,,,,,
17,,,,,,,,,,5244,0.06623940169811249,,,,,,,,
,,,,,,,,,3.4646864686468645e-07,5249,,,,,,,,,
17,,,,,,,,,,5249,0.0804811641573906,,,,,,,,
,,,,,,,,,3.467986798679868e-07,5254,,,,,,,,,
17,,,,,,,,,,5254,0.1226821318268776,,,,,,,,
,,,,,,,,,3.471287128712871e-07,5259,,,,,,,,,
17,,,,,,,,,,5259,0.041391681879758835,,,,,,,,
,,,,,,,,,3.474587458745875e-07,5264,,,,,,,,,
17,,,,,,,,,,5264,0.09187072515487671,,,,,,,,
,,,,,,,,,3.4778877887788774e-07,5269,,,,,,,,,
17,,,,,,,,,,5269,0.09653931856155396,,,,,,,,
,,,,,,,,,3.4811881188118807e-07,5274,,,,,,,,,
17,,,,,,,,,,5274,0.03941357135772705,,,,,,,,
,,,,,,,,,3.4844884488448844e-07,5279,,,,,,,,,
17,,,,,,,,,,5279,0.0871545821428299,,,,,,,,
,,,,,,,,,3.4877887788778876e-07,5284,,,,,,,,,
17,,,,,,,,,,5284,0.022328397259116173,,,,,,,,
,,,,,,,,,3.491089108910891e-07,5289,,,,,,,,,
17,,,,,,,,,,5289,0.03936392068862915,,,,,,,,
,,,,,,,,,3.4943894389438946e-07,5294,,,,,,,,,
17,,,,,,,,,,5294,0.05638326704502106,,,,,,,,
,,,,,,,,,3.4976897689768973e-07,5299,,,,,,,,,
17,,,,,,,,,,5299,0.1061708927154541,,,,,,,,
,,,,,,,,,3.5009900990099005e-07,5304,,,,,,,,,
17,,,,,,,,,,5304,0.07144062221050262,,,,,,,,
,,,,,,,,,3.5042904290429043e-07,5309,,,,,,,,,
17,,,,,,,,,,5309,0.07286525517702103,,,,,,,,
,,,,,,,,,3.5075907590759075e-07,5314,,,,,,,,,
17,,,,,,,,,,5314,0.11691966652870178,,,,,,,,
,,,,,,,,,3.510891089108911e-07,5319,,,,,,,,,
17,,,,,,,,,,5319,0.08410559594631195,,,,,,,,
,,,,,,,,,3.514191419141914e-07,5324,,,,,,,,,
17,,,,,,,,,,5324,0.10778956860303879,,,,,,,,
,,,,,,,,,3.517491749174917e-07,5329,,,,,,,,,
17,,,,,,,,,,5329,0.055602386593818665,,,,,,,,
,,,,,,,,,3.5207920792079204e-07,5334,,,,,,,,,
17,,,,,,,,,,5334,0.04070544242858887,,,,,,,,
,,,,,,,,,3.524092409240924e-07,5339,,,,,,,,,
17,,,,,,,,,,5339,0.1067412793636322,,,,,,,,
,,,,,,,,,3.5273927392739274e-07,5344,,,,,,,,,
17,,,,,,,,,,5344,0.07836426794528961,,,,,,,,
,,,,,,,,,3.53069306930693e-07,5349,,,,,,,,,
17,,,,,,,,,,5349,0.06718221306800842,,,,,,,,
,,,,,,,,,3.533993399339934e-07,5354,,,,,,,,,
17,,,,,,,,,,5354,0.08860877901315689,,,,,,,,
,,,,,,,,,3.537293729372937e-07,5359,,,,,,,,,
17,,,,,,,,,,5359,0.10875198990106583,,,,,,,,
,,,,,,,,,3.5405940594059403e-07,5364,,,,,,,,,
17,,,,,,,,,,5364,0.07214818894863129,,,,,,,,
,,,,,,,,,3.543894389438944e-07,5369,,,,,,,,,
17,,,,,,,,,,5369,0.06774939596652985,,,,,,,,
,,,,,,,,,3.5471947194719473e-07,5374,,,,,,,,,
17,,,,,,,,,,5374,0.0620882548391819,,,,,,,,
,,,,,,,,,3.55049504950495e-07,5379,,,,,,,,,
17,,,,,,,,,,5379,0.09759111702442169,,,,,,,,
,,,,,,,,,3.5537953795379537e-07,5384,,,,,,,,,
17,,,,,,,,,,5384,0.06752562522888184,,,,,,,,
,,,,,,,,,3.557095709570957e-07,5389,,,,,,,,,
17,,,,,,,,,,5389,0.06441489607095718,,,,,,,,
,,,,,,,,,3.56039603960396e-07,5394,,,,,,,,,
17,,,,,,,,,,5394,0.08466628938913345,,,,,,,,
,,,,,,,,,3.563696369636964e-07,5399,,,,,,,,,
17,,,,,,,,,,5399,0.10347617417573929,,,,,,,,
,,,,,,,,,3.5669966996699666e-07,5404,,,,,,,,,
17,,,,,,,,,,5404,0.07442490011453629,,,,,,,,
,,,,,,,,,3.57029702970297e-07,5409,,,,,,,,,
17,,,,,,,,,,5409,0.12407095730304718,,,,,,,,
,,,,,,,,,3.5735973597359736e-07,5414,,,,,,,,,
17,,,,,,,,,,5414,0.10995452851057053,,,,,,,,
,,,,,,,,,3.576897689768977e-07,5419,,,,,,,,,
17,,,,,,,,,,5419,0.07741288095712662,,,,,,,,
,,,,,,,,,3.58019801980198e-07,5424,,,,,,,,,
17,,,,,,,,,,5424,0.1492905169725418,,,,,,,,
,,,,,,,,,3.583498349834984e-07,5429,,,,,,,,,
17,,,,,,,,,,5429,0.028717041015625,,,,,,,,
,,,,,,,,,3.5867986798679865e-07,5434,,,,,,,,,
17,,,,,,,,,,5434,0.0798056572675705,,,,,,,,
,,,,,,,,,3.59009900990099e-07,5439,,,,,,,,,
17,,,,,,,,,,5439,0.08028692752122879,,,,,,,,
,,,,,,,,,3.5933993399339935e-07,5444,,,,,,,,,
17,,,,,,,,,,5444,0.05890662595629692,,,,,,,,
,,,,,,,,,3.5966996699669967e-07,5449,,,,,,,,,
17,,,,,,,,,,5449,0.1013101115822792,,,,,,,,
17,,,,,,,,,,5453,,0.5625,0.7200000286102295,0.08219246566295624,0.08219246566295624,0.24162304401397705,0.5625,1.0,0.2555030882358551
,,,,,,,,,3.6e-07,5454,,,,,,,,,
18,,,,,,,,,,5454,0.01926390267908573,,,,,,,,
,,,,,,,,,3.603300330033003e-07,5459,,,,,,,,,
18,,,,,,,,,,5459,0.09451402723789215,,,,,,,,
,,,,,,,,,3.6066006600660064e-07,5464,,,,,,,,,
18,,,,,,,,,,5464,0.0733301118016243,,,,,,,,
,,,,,,,,,3.6099009900990096e-07,5469,,,,,,,,,
18,,,,,,,,,,5469,0.06488087028265,,,,,,,,
,,,,,,,,,3.6132013201320134e-07,5474,,,,,,,,,
18,,,,,,,,,,5474,0.11595655977725983,,,,,,,,
,,,,,,,,,3.6165016501650166e-07,5479,,,,,,,,,
18,,,,,,,,,,5479,0.058027155697345734,,,,,,,,
,,,,,,,,,3.6198019801980193e-07,5484,,,,,,,,,
18,,,,,,,,,,5484,0.055667173117399216,,,,,,,,
,,,,,,,,,3.623102310231023e-07,5489,,,,,,,,,
18,,,,,,,,,,5489,0.10198558121919632,,,,,,,,
,,,,,,,,,3.6264026402640263e-07,5494,,,,,,,,,
18,,,,,,,,,,5494,0.0554073229432106,,,,,,,,
,,,,,,,,,3.6297029702970295e-07,5499,,,,,,,,,
18,,,,,,,,,,5499,0.0741516724228859,,,,,,,,
,,,,,,,,,3.633003300330033e-07,5504,,,,,,,,,
18,,,,,,,,,,5504,0.08004409074783325,,,,,,,,
,,,,,,,,,3.6363036303630365e-07,5509,,,,,,,,,
18,,,,,,,,,,5509,0.13620588183403015,,,,,,,,
,,,,,,,,,3.639603960396039e-07,5514,,,,,,,,,
18,,,,,,,,,,5514,0.03472866490483284,,,,,,,,
,,,,,,,,,3.642904290429043e-07,5519,,,,,,,,,
18,,,,,,,,,,5519,0.08054588735103607,,,,,,,,
,,,,,,,,,3.646204620462046e-07,5524,,,,,,,,,
18,,,,,,,,,,5524,0.0664433166384697,,,,,,,,
,,,,,,,,,3.6495049504950494e-07,5529,,,,,,,,,
18,,,,,,,,,,5529,0.12493404000997543,,,,,,,,
,,,,,,,,,3.6528052805280526e-07,5534,,,,,,,,,
18,,,,,,,,,,5534,0.0819256454706192,,,,,,,,
,,,,,,,,,3.656105610561056e-07,5539,,,,,,,,,
18,,,,,,,,,,5539,0.07935890555381775,,,,,,,,
,,,,,,,,,3.659405940594059e-07,5544,,,,,,,,,
18,,,,,,,,,,5544,0.10486273467540741,,,,,,,,
,,,,,,,,,3.6627062706270623e-07,5549,,,,,,,,,
18,,,,,,,,,,5549,0.03231910243630409,,,,,,,,
,,,,,,,,,3.666006600660066e-07,5554,,,,,,,,,
18,,,,,,,,,,5554,0.08892421424388885,,,,,,,,
,,,,,,,,,3.669306930693069e-07,5559,,,,,,,,,
18,,,,,,,,,,5559,0.07578621059656143,,,,,,,,
,,,,,,,,,3.672607260726072e-07,5564,,,,,,,,,
18,,,,,,,,,,5564,0.046489816159009933,,,,,,,,
,,,,,,,,,3.6759075907590757e-07,5569,,,,,,,,,
18,,,,,,,,,,5569,0.055035531520843506,,,,,,,,
,,,,,,,,,3.679207920792079e-07,5574,,,,,,,,,
18,,,,,,,,,,5574,0.09992974996566772,,,,,,,,
,,,,,,,,,3.682508250825082e-07,5579,,,,,,,,,
18,,,,,,,,,,5579,0.06896565109491348,,,,,,,,
,,,,,,,,,3.685808580858086e-07,5584,,,,,,,,,
18,,,,,,,,,,5584,0.07446535676717758,,,,,,,,
,,,,,,,,,3.689108910891089e-07,5589,,,,,,,,,
18,,,,,,,,,,5589,0.08119805157184601,,,,,,,,
,,,,,,,,,3.692409240924092e-07,5594,,,,,,,,,
18,,,,,,,,,,5594,0.07906413823366165,,,,,,,,
,,,,,,,,,3.6957095709570956e-07,5599,,,,,,,,,
18,,,,,,,,,,5599,0.09799344837665558,,,,,,,,
,,,,,,,,,3.699009900990099e-07,5604,,,,,,,,,
18,,,,,,,,,,5604,0.08532936871051788,,,,,,,,
,,,,,,,,,3.702310231023102e-07,5609,,,,,,,,,
18,,,,,,,,,,5609,0.07578542828559875,,,,,,,,
,,,,,,,,,3.705610561056106e-07,5614,,,,,,,,,
18,,,,,,,,,,5614,0.10916351526975632,,,,,,,,
,,,,,,,,,3.7089108910891085e-07,5619,,,,,,,,,
18,,,,,,,,,,5619,0.10021978616714478,,,,,,,,
,,,,,,,,,3.7122112211221117e-07,5624,,,,,,,,,
18,,,,,,,,,,5624,0.04167058691382408,,,,,,,,
,,,,,,,,,3.7155115511551155e-07,5629,,,,,,,,,
18,,,,,,,,,,5629,0.09888997673988342,,,,,,,,
,,,,,,,,,3.7188118811881187e-07,5634,,,,,,,,,
18,,,,,,,,,,5634,0.03208313509821892,,,,,,,,
,,,,,,,,,3.722112211221122e-07,5639,,,,,,,,,
18,,,,,,,,,,5639,0.07411680370569229,,,,,,,,
,,,,,,,,,3.7254125412541257e-07,5644,,,,,,,,,
18,,,,,,,,,,5644,0.08493620157241821,,,,,,,,
,,,,,,,,,3.7287128712871284e-07,5649,,,,,,,,,
18,,,,,,,,,,5649,0.03707832843065262,,,,,,,,
,,,,,,,,,3.7320132013201316e-07,5654,,,,,,,,,
18,,,,,,,,,,5654,0.03559452295303345,,,,,,,,
,,,,,,,,,3.7353135313531353e-07,5659,,,,,,,,,
18,,,,,,,,,,5659,0.08433990180492401,,,,,,,,
,,,,,,,,,3.7386138613861386e-07,5664,,,,,,,,,
18,,,,,,,,,,5664,0.03425996005535126,,,,,,,,
,,,,,,,,,3.741914191419142e-07,5669,,,,,,,,,
18,,,,,,,,,,5669,0.07963036000728607,,,,,,,,
,,,,,,,,,3.745214521452145e-07,5674,,,,,,,,,
18,,,,,,,,,,5674,0.15399432182312012,,,,,,,,
,,,,,,,,,3.748514851485148e-07,5679,,,,,,,,,
18,,,,,,,,,,5679,0.09690797328948975,,,,,,,,
,,,,,,,,,3.7518151815181515e-07,5684,,,,,,,,,
18,,,,,,,,,,5684,0.030307823792099953,,,,,,,,
,,,,,,,,,3.755115511551155e-07,5689,,,,,,,,,
18,,,,,,,,,,5689,0.06039518862962723,,,,,,,,
,,,,,,,,,3.7584158415841585e-07,5694,,,,,,,,,
18,,,,,,,,,,5694,0.06474322080612183,,,,,,,,
,,,,,,,,,3.761716171617161e-07,5699,,,,,,,,,
18,,,,,,,,,,5699,0.05153100937604904,,,,,,,,
,,,,,,,,,3.765016501650165e-07,5704,,,,,,,,,
18,,,,,,,,,,5704,0.03630537912249565,,,,,,,,
,,,,,,,,,3.768316831683168e-07,5709,,,,,,,,,
18,,,,,,,,,,5709,0.08017625659704208,,,,,,,,
,,,,,,,,,3.7716171617161714e-07,5714,,,,,,,,,
18,,,,,,,,,,5714,0.04432237148284912,,,,,,,,
,,,,,,,,,3.774917491749175e-07,5719,,,,,,,,,
18,,,,,,,,,,5719,0.09622541069984436,,,,,,,,
,,,,,,,,,3.7782178217821783e-07,5724,,,,,,,,,
18,,,,,,,,,,5724,0.056366216391325,,,,,,,,
,,,,,,,,,3.781518151815181e-07,5729,,,,,,,,,
18,,,,,,,,,,5729,0.03609791770577431,,,,,,,,
,,,,,,,,,3.784818481848185e-07,5734,,,,,,,,,
18,,,,,,,,,,5734,0.10960453748703003,,,,,,,,
,,,,,,,,,3.788118811881188e-07,5739,,,,,,,,,
18,,,,,,,,,,5739,0.049947451800107956,,,,,,,,
,,,,,,,,,3.791419141914191e-07,5744,,,,,,,,,
18,,,,,,,,,,5744,0.11832761019468307,,,,,,,,
,,,,,,,,,3.794719471947195e-07,5749,,,,,,,,,
18,,,,,,,,,,5749,0.0927586480975151,,,,,,,,
,,,,,,,,,3.7980198019801977e-07,5754,,,,,,,,,
18,,,,,,,,,,5754,0.12153217941522598,,,,,,,,
18,,,,,,,,,,5756,,0.5625,0.7200000286102295,0.08138670772314072,0.08138670772314072,0.27115145325660706,0.5625,1.0,0.27583327889442444
,,,,,,,,,3.801320132013201e-07,5759,,,,,,,,,
19,,,,,,,,,,5759,0.05650108680129051,,,,,,,,
,,,,,,,,,3.8046204620462047e-07,5764,,,,,,,,,
19,,,,,,,,,,5764,0.07319837808609009,,,,,,,,
,,,,,,,,,3.807920792079208e-07,5769,,,,,,,,,
19,,,,,,,,,,5769,0.10635416954755783,,,,,,,,
,,,,,,,,,3.811221122112211e-07,5774,,,,,,,,,
19,,,,,,,,,,5774,0.08920566737651825,,,,,,,,
,,,,,,,,,3.8145214521452143e-07,5779,,,,,,,,,
19,,,,,,,,,,5779,0.09448812156915665,,,,,,,,
,,,,,,,,,3.8178217821782176e-07,5784,,,,,,,,,
19,,,,,,,,,,5784,0.08966320753097534,,,,,,,,
,,,,,,,,,3.821122112211221e-07,5789,,,,,,,,,
19,,,,,,,,,,5789,0.10515770316123962,,,,,,,,
,,,,,,,,,3.8244224422442245e-07,5794,,,,,,,,,
19,,,,,,,,,,5794,0.10833531618118286,,,,,,,,
,,,,,,,,,3.827722772277228e-07,5799,,,,,,,,,
19,,,,,,,,,,5799,0.01469940785318613,,,,,,,,
,,,,,,,,,3.831023102310231e-07,5804,,,,,,,,,
19,,,,,,,,,,5804,0.09990619122982025,,,,,,,,
,,,,,,,,,3.834323432343234e-07,5809,,,,,,,,,
19,,,,,,,,,,5809,0.05019993335008621,,,,,,,,
,,,,,,,,,3.8376237623762374e-07,5814,,,,,,,,,
19,,,,,,,,,,5814,0.078531414270401,,,,,,,,
,,,,,,,,,3.8409240924092407e-07,5819,,,,,,,,,
19,,,,,,,,,,5819,0.07259674370288849,,,,,,,,
,,,,,,,,,3.8442244224422444e-07,5824,,,,,,,,,
19,,,,,,,,,,5824,0.08643709868192673,,,,,,,,
,,,,,,,,,3.8475247524752476e-07,5829,,,,,,,,,
19,,,,,,,,,,5829,0.11919935792684555,,,,,,,,
,,,,,,,,,3.8508250825082503e-07,5834,,,,,,,,,
19,,,,,,,,,,5834,0.05653851479291916,,,,,,,,
,,,,,,,,,3.854125412541254e-07,5839,,,,,,,,,
19,,,,,,,,,,5839,0.07375205308198929,,,,,,,,
,,,,,,,,,3.8574257425742573e-07,5844,,,,,,,,,
19,,,,,,,,,,5844,0.10076862573623657,,,,,,,,
,,,,,,,,,3.8607260726072605e-07,5849,,,,,,,,,
19,,,,,,,,,,5849,0.11064843833446503,,,,,,,,
,,,,,,,,,3.864026402640264e-07,5854,,,,,,,,,
19,,,,,,,,,,5854,0.053548939526081085,,,,,,,,
,,,,,,,,,3.867326732673267e-07,5859,,,,,,,,,
19,,,,,,,,,,5859,0.06784054636955261,,,,,,,,
,,,,,,,,,3.87062706270627e-07,5864,,,,,,,,,
19,,,,,,,,,,5864,0.04412601515650749,,,,,,,,
,,,,,,,,,3.8739273927392734e-07,5869,,,,,,,,,
19,,,,,,,,,,5869,0.051493383944034576,,,,,,,,
,,,,,,,,,3.877227722772277e-07,5874,,,,,,,,,
19,,,,,,,,,,5874,0.05574844777584076,,,,,,,,
,,,,,,,,,3.8805280528052804e-07,5879,,,,,,,,,
19,,,,,,,,,,5879,0.11750929057598114,,,,,,,,
,,,,,,,,,3.8838283828382837e-07,5884,,,,,,,,,
19,,,,,,,,,,5884,0.06617818772792816,,,,,,,,
,,,,,,,,,3.887128712871287e-07,5889,,,,,,,,,
19,,,,,,,,,,5889,0.061270445585250854,,,,,,,,
,,,,,,,,,3.89042904290429e-07,5894,,,,,,,,,
19,,,,,,,,,,5894,0.06509032845497131,,,,,,,,
,,,,,,,,,3.8937293729372933e-07,5899,,,,,,,,,
19,,,,,,,,,,5899,0.03597645461559296,,,,,,,,
,,,,,,,,,3.897029702970297e-07,5904,,,,,,,,,
19,,,,,,,,,,5904,0.08024490624666214,,,,,,,,
,,,,,,,,,3.9003300330033003e-07,5909,,,,,,,,,
19,,,,,,,,,,5909,0.12533816695213318,,,,,,,,
,,,,,,,,,3.903630363036303e-07,5914,,,,,,,,,
19,,,,,,,,,,5914,0.042752426117658615,,,,,,,,
,,,,,,,,,3.906930693069307e-07,5919,,,,,,,,,
19,,,,,,,,,,5919,0.04953557997941971,,,,,,,,
,,,,,,,,,3.91023102310231e-07,5924,,,,,,,,,
19,,,,,,,,,,5924,0.09062762558460236,,,,,,,,
,,,,,,,,,3.913531353135313e-07,5929,,,,,,,,,
19,,,,,,,,,,5929,0.09270287305116653,,,,,,,,
,,,,,,,,,3.916831683168317e-07,5934,,,,,,,,,
19,,,,,,,,,,5934,0.05678118020296097,,,,,,,,
,,,,,,,,,3.92013201320132e-07,5939,,,,,,,,,
19,,,,,,,,,,5939,0.10305460542440414,,,,,,,,
,,,,,,,,,3.923432343234323e-07,5944,,,,,,,,,
19,,,,,,,,,,5944,0.031111635267734528,,,,,,,,
,,,,,,,,,3.9267326732673266e-07,5949,,,,,,,,,
19,,,,,,,,,,5949,0.07945095002651215,,,,,,,,
,,,,,,,,,3.93003300330033e-07,5954,,,,,,,,,
19,,,,,,,,,,5954,0.07960127294063568,,,,,,,,
,,,,,,,,,3.933333333333333e-07,5959,,,,,,,,,
19,,,,,,,,,,5959,0.13617287576198578,,,,,,,,
,,,,,,,,,3.936633663366337e-07,5964,,,,,,,,,
19,,,,,,,,,,5964,0.05399320274591446,,,,,,,,
,,,,,,,,,3.9399339933993395e-07,5969,,,,,,,,,
19,,,,,,,,,,5969,0.10517234355211258,,,,,,,,
,,,,,,,,,3.943234323432343e-07,5974,,,,,,,,,
19,,,,,,,,,,5974,0.04718216508626938,,,,,,,,
,,,,,,,,,3.9465346534653465e-07,5979,,,,,,,,,
19,,,,,,,,,,5979,0.08888775110244751,,,,,,,,
,,,,,,,,,3.94983498349835e-07,5984,,,,,,,,,
19,,,,,,,,,,5984,0.04292890802025795,,,,,,,,
,,,,,,,,,3.953135313531353e-07,5989,,,,,,,,,
19,,,,,,,,,,5989,0.05977616086602211,,,,,,,,
,,,,,,,,,3.956435643564356e-07,5994,,,,,,,,,
19,,,,,,,,,,5994,0.08776047080755234,,,,,,,,
,,,,,,,,,3.9597359735973594e-07,5999,,,,,,,,,
19,,,,,,,,,,5999,0.08149365335702896,,,,,,,,
,,,,,,,,,3.9630363036303626e-07,6004,,,,,,,,,
19,,,,,,,,,,6004,0.07316817343235016,,,,,,,,
,,,,,,,,,3.9663366336633664e-07,6009,,,,,,,,,
19,,,,,,,,,,6009,0.08088790625333786,,,,,,,,
,,,,,,,,,3.9696369636963696e-07,6014,,,,,,,,,
19,,,,,,,,,,6014,0.08698289841413498,,,,,,,,
,,,,,,,,,3.972937293729373e-07,6019,,,,,,,,,
19,,,,,,,,,,6019,0.04012247174978256,,,,,,,,
,,,,,,,,,3.976237623762376e-07,6024,,,,,,,,,
19,,,,,,,,,,6024,0.06290477514266968,,,,,,,,
,,,,,,,,,3.9795379537953793e-07,6029,,,,,,,,,
19,,,,,,,,,,6029,0.02870642952620983,,,,,,,,
,,,,,,,,,3.9828382838283825e-07,6034,,,,,,,,,
19,,,,,,,,,,6034,0.08394793421030045,,,,,,,,
,,,,,,,,,3.9861386138613863e-07,6039,,,,,,,,,
19,,,,,,,,,,6039,0.11931562423706055,,,,,,,,
,,,,,,,,,3.9894389438943895e-07,6044,,,,,,,,,
19,,,,,,,,,,6044,0.07912980765104294,,,,,,,,
,,,,,,,,,3.992739273927392e-07,6049,,,,,,,,,
19,,,,,,,,,,6049,0.08788850158452988,,,,,,,,
,,,,,,,,,3.996039603960396e-07,6054,,,,,,,,,
19,,,,,,,,,,6054,0.04942485690116882,,,,,,,,
,,,,,,,,,3.999339933993399e-07,6059,,,,,,,,,
19,,,,,,,,,,6059,0.07700467109680176,,,,,,,,
19,,,,,,,,,,6059,,0.5562499761581421,0.7148594260215759,0.080106720328331,0.080106720328331,0.31089064478874207,0.5597484111785889,0.9888888597488403,0.3132055401802063
,,,,,,,,,4.0026402640264024e-07,6064,,,,,,,,,
20,,,,,,,,,,6064,0.07538274675607681,,,,,,,,
,,,,,,,,,4.005940594059406e-07,6069,,,,,,,,,
20,,,,,,,,,,6069,0.03724244236946106,,,,,,,,
,,,,,,,,,4.009240924092409e-07,6074,,,,,,,,,
20,,,,,,,,,,6074,0.07104750722646713,,,,,,,,
,,,,,,,,,4.012541254125412e-07,6079,,,,,,,,,
20,,,,,,,,,,6079,0.06410782039165497,,,,,,,,
,,,,,,,,,4.015841584158416e-07,6084,,,,,,,,,
20,,,,,,,,,,6084,0.01381763257086277,,,,,,,,
,,,,,,,,,4.019141914191419e-07,6089,,,,,,,,,
20,,,,,,,,,,6089,0.07557331025600433,,,,,,,,
,,,,,,,,,4.0224422442244223e-07,6094,,,,,,,,,
20,,,,,,,,,,6094,0.05225115641951561,,,,,,,,
,,,,,,,,,4.025742574257426e-07,6099,,,,,,,,,
20,,,,,,,,,,6099,0.05762149766087532,,,,,,,,
,,,,,,,,,4.0290429042904287e-07,6104,,,,,,,,,
20,,,,,,,,,,6104,0.09408902376890182,,,,,,,,
,,,,,,,,,4.032343234323432e-07,6109,,,,,,,,,
20,,,,,,,,,,6109,0.11496258527040482,,,,,,,,
,,,,,,,,,4.0356435643564357e-07,6114,,,,,,,,,
20,,,,,,,,,,6114,0.1255505234003067,,,,,,,,
,,,,,,,,,4.038943894389439e-07,6119,,,,,,,,,
20,,,,,,,,,,6119,0.07333248108625412,,,,,,,,
,,,,,,,,,4.042244224422442e-07,6124,,,,,,,,,
20,,,,,,,,,,6124,0.062320053577423096,,,,,,,,
,,,,,,,,,4.0455445544554454e-07,6129,,,,,,,,,
20,,,,,,,,,,6129,0.033690717071294785,,,,,,,,
,,,,,,,,,4.0488448844884486e-07,6134,,,,,,,,,
20,,,,,,,,,,6134,0.04489670693874359,,,,,,,,
,,,,,,,,,4.052145214521452e-07,6139,,,,,,,,,
20,,,,,,,,,,6139,0.07180122286081314,,,,,,,,
,,,,,,,,,4.0554455445544556e-07,6144,,,,,,,,,
20,,,,,,,,,,6144,0.06756339967250824,,,,,,,,
,,,,,,,,,4.058745874587459e-07,6149,,,,,,,,,
20,,,,,,,,,,6149,0.05319288745522499,,,,,,,,
,,,,,,,,,4.0620462046204615e-07,6154,,,,,,,,,
20,,,,,,,,,,6154,0.12966471910476685,,,,,,,,
,,,,,,,,,4.0653465346534647e-07,6159,,,,,,,,,
20,,,,,,,,,,6159,0.043277010321617126,,,,,,,,
,,,,,,,,,4.0686468646864685e-07,6164,,,,,,,,,
20,,,,,,,,,,6164,0.07615304738283157,,,,,,,,
,,,,,,,,,4.0719471947194717e-07,6169,,,,,,,,,
20,,,,,,,,,,6169,0.07735136151313782,,,,,,,,
,,,,,,,,,4.075247524752475e-07,6174,,,,,,,,,
20,,,,,,,,,,6174,0.05241676792502403,,,,,,,,
,,,,,,,,,4.0785478547854787e-07,6179,,,,,,,,,
20,,,,,,,,,,6179,0.04503435641527176,,,,,,,,
,,,,,,,,,4.0818481848184814e-07,6184,,,,,,,,,
20,,,,,,,,,,6184,0.11122649908065796,,,,,,,,
,,,,,,,,,4.0851485148514846e-07,6189,,,,,,,,,
20,,,,,,,,,,6189,0.0652761459350586,,,,,,,,
,,,,,,,,,4.0884488448844884e-07,6194,,,,,,,,,
20,,,,,,,,,,6194,0.05176829919219017,,,,,,,,
,,,,,,,,,4.0917491749174916e-07,6199,,,,,,,,,
20,,,,,,,,,,6199,0.02299824170768261,,,,,,,,
,,,,,,,,,4.095049504950495e-07,6204,,,,,,,,,
20,,,,,,,,,,6204,0.060286372900009155,,,,,,,,
,,,,,,,,,4.098349834983498e-07,6209,,,,,,,,,
20,,,,,,,,,,6209,0.08741442114114761,,,,,,,,
,,,,,,,,,4.1016501650165013e-07,6214,,,,,,,,,
20,,,,,,,,,,6214,0.027925200760364532,,,,,,,,
,,,,,,,,,4.1049504950495045e-07,6219,,,,,,,,,
20,,,,,,,,,,6219,0.05270828679203987,,,,,,,,
,,,,,,,,,4.108250825082508e-07,6224,,,,,,,,,
20,,,,,,,,,,6224,0.06073835864663124,,,,,,,,
,,,,,,,,,4.1115511551155115e-07,6229,,,,,,,,,
20,,,,,,,,,,6229,0.057389914989471436,,,,,,,,
,,,,,,,,,4.1148514851485147e-07,6234,,,,,,,,,
20,,,,,,,,,,6234,0.05272262543439865,,,,,,,,
,,,,,,,,,4.118151815181518e-07,6239,,,,,,,,,
20,,,,,,,,,,6239,0.10559646785259247,,,,,,,,
,,,,,,,,,4.121452145214521e-07,6244,,,,,,,,,
20,,,,,,,,,,6244,0.05490073189139366,,,,,,,,
,,,,,,,,,4.1247524752475244e-07,6249,,,,,,,,,
20,,,,,,,,,,6249,0.05394148454070091,,,,,,,,
,,,,,,,,,4.128052805280528e-07,6254,,,,,,,,,
20,,,,,,,,,,6254,0.057814110070466995,,,,,,,,
,,,,,,,,,4.1313531353135314e-07,6259,,,,,,,,,
20,,,,,,,,,,6259,0.031598445028066635,,,,,,,,
,,,,,,,,,4.134653465346534e-07,6264,,,,,,,,,
20,,,,,,,,,,6264,0.10141013562679291,,,,,,,,
,,,,,,,,,4.137953795379538e-07,6269,,,,,,,,,
20,,,,,,,,,,6269,0.10016839951276779,,,,,,,,
,,,,,,,,,4.141254125412541e-07,6274,,,,,,,,,
20,,,,,,,,,,6274,0.10784575343132019,,,,,,,,
,,,,,,,,,4.144554455445544e-07,6279,,,,,,,,,
20,,,,,,,,,,6279,0.08107898384332657,,,,,,,,
,,,,,,,,,4.147854785478548e-07,6284,,,,,,,,,
20,,,,,,,,,,6284,0.082276850938797,,,,,,,,
,,,,,,,,,4.1511551155115507e-07,6289,,,,,,,,,
20,,,,,,,,,,6289,0.07900097966194153,,,,,,,,
,,,,,,,,,4.154455445544554e-07,6294,,,,,,,,,
20,,,,,,,,,,6294,0.05811659246683121,,,,,,,,
,,,,,,,,,4.1577557755775577e-07,6299,,,,,,,,,
20,,,,,,,,,,6299,0.12359093874692917,,,,,,,,
,,,,,,,,,4.161056105610561e-07,6304,,,,,,,,,
20,,,,,,,,,,6304,0.07857663184404373,,,,,,,,
,,,,,,,,,4.164356435643564e-07,6309,,,,,,,,,
20,,,,,,,,,,6309,0.07739528268575668,,,,,,,,
,,,,,,,,,4.167656765676568e-07,6314,,,,,,,,,
20,,,,,,,,,,6314,0.05039302632212639,,,,,,,,
,,,,,,,,,4.1709570957095706e-07,6319,,,,,,,,,
20,,,,,,,,,,6319,0.08848168700933456,,,,,,,,
,,,,,,,,,4.174257425742574e-07,6324,,,,,,,,,
20,,,,,,,,,,6324,0.07895775884389877,,,,,,,,
,,,,,,,,,4.1775577557755776e-07,6329,,,,,,,,,
20,,,,,,,,,,6329,0.13513332605361938,,,,,,,,
,,,,,,,,,4.180858085808581e-07,6334,,,,,,,,,
20,,,,,,,,,,6334,0.07387086749076843,,,,,,,,
,,,,,,,,,4.184158415841584e-07,6339,,,,,,,,,
20,,,,,,,,,,6339,0.08694194257259369,,,,,,,,
,,,,,,,,,4.187458745874587e-07,6344,,,,,,,,,
20,,,,,,,,,,6344,0.07329794764518738,,,,,,,,
,,,,,,,,,4.1907590759075905e-07,6349,,,,,,,,,
20,,,,,,,,,,6349,0.07599997520446777,,,,,,,,
,,,,,,,,,4.1940594059405937e-07,6354,,,,,,,,,
20,,,,,,,,,,6354,0.02318572625517845,,,,,,,,
,,,,,,,,,4.1973597359735974e-07,6359,,,,,,,,,
20,,,,,,,,,,6359,0.056722790002822876,,,,,,,,
20,,,,,,,,,,6362,,0.581250011920929,0.7242798209190369,0.07791589200496674,0.07791589200496674,0.342843621969223,0.5751634240150452,0.9777777791023254,0.3501715064048767
,,,,,,,,,4.2006600660066007e-07,6364,,,,,,,,,
21,,,,,,,,,,6364,0.03514735773205757,,,,,,,,
,,,,,,,,,4.2039603960396034e-07,6369,,,,,,,,,
21,,,,,,,,,,6369,0.045621104538440704,,,,,,,,
,,,,,,,,,4.207260726072607e-07,6374,,,,,,,,,
21,,,,,,,,,,6374,0.0899016410112381,,,,,,,,
,,,,,,,,,4.2105610561056103e-07,6379,,,,,,,,,
21,,,,,,,,,,6379,0.11227928847074509,,,,,,,,
,,,,,,,,,4.2138613861386136e-07,6384,,,,,,,,,
21,,,,,,,,,,6384,0.0828680545091629,,,,,,,,
,,,,,,,,,4.2171617161716173e-07,6389,,,,,,,,,
21,,,,,,,,,,6389,0.03351357951760292,,,,,,,,
,,,,,,,,,4.2204620462046205e-07,6394,,,,,,,,,
21,,,,,,,,,,6394,0.0393940694630146,,,,,,,,
,,,,,,,,,4.223762376237623e-07,6399,,,,,,,,,
21,,,,,,,,,,6399,0.05875791609287262,,,,,,,,
,,,,,,,,,4.227062706270627e-07,6404,,,,,,,,,
21,,,,,,,,,,6404,0.07539250701665878,,,,,,,,
,,,,,,,,,4.23036303630363e-07,6409,,,,,,,,,
21,,,,,,,,,,6409,0.10109219700098038,,,,,,,,
,,,,,,,,,4.2336633663366334e-07,6414,,,,,,,,,
21,,,,,,,,,,6414,0.027938183397054672,,,,,,,,
,,,,,,,,,4.236963696369637e-07,6419,,,,,,,,,
21,,,,,,,,,,6419,0.10100721567869186,,,,,,,,
,,,,,,,,,4.24026402640264e-07,6424,,,,,,,,,
21,,,,,,,,,,6424,0.04417259991168976,,,,,,,,
,,,,,,,,,4.243564356435643e-07,6429,,,,,,,,,
21,,,,,,,,,,6429,0.06400202214717865,,,,,,,,
,,,,,,,,,4.246864686468647e-07,6434,,,,,,,,,
21,,,,,,,,,,6434,0.08588845282793045,,,,,,,,
,,,,,,,,,4.25016501650165e-07,6439,,,,,,,,,
21,,,,,,,,,,6439,0.09434573352336884,,,,,,,,
,,,,,,,,,4.2534653465346533e-07,6444,,,,,,,,,
21,,,,,,,,,,6444,0.04630762338638306,,,,,,,,
,,,,,,,,,4.256765676567657e-07,6449,,,,,,,,,
21,,,,,,,,,,6449,0.047387126833200455,,,,,,,,
,,,,,,,,,4.26006600660066e-07,6454,,,,,,,,,
21,,,,,,,,,,6454,0.04649179428815842,,,,,,,,
,,,,,,,,,4.263366336633663e-07,6459,,,,,,,,,
21,,,,,,,,,,6459,0.07492215186357498,,,,,,,,
,,,,,,,,,4.266666666666667e-07,6464,,,,,,,,,
21,,,,,,,,,,6464,0.05770443007349968,,,,,,,,
,,,,,,,,,4.26996699669967e-07,6469,,,,,,,,,
21,,,,,,,,,,6469,0.08379168063402176,,,,,,,,
,,,,,,,,,4.273267326732673e-07,6474,,,,,,,,,
21,,,,,,,,,,6474,0.058788787573575974,,,,,,,,
,,,,,,,,,4.276567656765676e-07,6479,,,,,,,,,
21,,,,,,,,,,6479,0.10728290677070618,,,,,,,,
,,,,,,,,,4.2798679867986797e-07,6484,,,,,,,,,
21,,,,,,,,,,6484,0.05404790863394737,,,,,,,,
,,,,,,,,,4.283168316831683e-07,6489,,,,,,,,,
21,,,,,,,,,,6489,0.035943206399679184,,,,,,,,
,,,,,,,,,4.286468646864686e-07,6494,,,,,,,,,
21,,,,,,,,,,6494,0.039676859974861145,,,,,,,,
,,,,,,,,,4.28976897689769e-07,6499,,,,,,,,,
21,,,,,,,,,,6499,0.04541819170117378,,,,,,,,
,,,,,,,,,4.2930693069306926e-07,6504,,,,,,,,,
21,,,,,,,,,,6504,0.02554364502429962,,,,,,,,
,,,,,,,,,4.296369636963696e-07,6509,,,,,,,,,
21,,,,,,,,,,6509,0.11967252194881439,,,,,,,,
,,,,,,,,,4.2996699669966995e-07,6514,,,,,,,,,
21,,,,,,,,,,6514,0.12938205897808075,,,,,,,,
,,,,,,,,,4.302970297029703e-07,6519,,,,,,,,,
21,,,,,,,,,,6519,0.05207521840929985,,,,,,,,
,,,,,,,,,4.306270627062706e-07,6524,,,,,,,,,
21,,,,,,,,,,6524,0.034666839987039566,,,,,,,,
,,,,,,,,,4.30957095709571e-07,6529,,,,,,,,,
21,,,,,,,,,,6529,0.08545581996440887,,,,,,,,
,,,,,,,,,4.3128712871287124e-07,6534,,,,,,,,,
21,,,,,,,,,,6534,0.01811251789331436,,,,,,,,
,,,,,,,,,4.3161716171617157e-07,6539,,,,,,,,,
21,,,,,,,,,,6539,0.04268069565296173,,,,,,,,
,,,,,,,,,4.3194719471947194e-07,6544,,,,,,,,,
21,,,,,,,,,,6544,0.040186889469623566,,,,,,,,
,,,,,,,,,4.3227722772277226e-07,6549,,,,,,,,,
21,,,,,,,,,,6549,0.08896301686763763,,,,,,,,
,,,,,,,,,4.326072607260726e-07,6554,,,,,,,,,
21,,,,,,,,,,6554,0.09512443095445633,,,,,,,,
,,,,,,,,,4.329372937293729e-07,6559,,,,,,,,,
21,,,,,,,,,,6559,0.04143279418349266,,,,,,,,
,,,,,,,,,4.3326732673267323e-07,6564,,,,,,,,,
21,,,,,,,,,,6564,0.11677227914333344,,,,,,,,
,,,,,,,,,4.3359735973597355e-07,6569,,,,,,,,,
21,,,,,,,,,,6569,0.11304495483636856,,,,,,,,
,,,,,,,,,4.3392739273927393e-07,6574,,,,,,,,,
21,,,,,,,,,,6574,0.06036492809653282,,,,,,,,
,,,,,,,,,4.3425742574257425e-07,6579,,,,,,,,,
21,,,,,,,,,,6579,0.05684736371040344,,,,,,,,
,,,,,,,,,4.345874587458745e-07,6584,,,,,,,,,
21,,,,,,,,,,6584,0.06297633051872253,,,,,,,,
,,,,,,,,,4.349174917491749e-07,6589,,,,,,,,,
21,,,,,,,,,,6589,0.0744071677327156,,,,,,,,
,,,,,,,,,4.352475247524752e-07,6594,,,,,,,,,
21,,,,,,,,,,6594,0.08444545418024063,,,,,,,,
,,,,,,,,,4.3557755775577554e-07,6599,,,,,,,,,
21,,,,,,,,,,6599,0.047358229756355286,,,,,,,,
,,,,,,,,,4.359075907590759e-07,6604,,,,,,,,,
21,,,,,,,,,,6604,0.07879262417554855,,,,,,,,
,,,,,,,,,4.3623762376237624e-07,6609,,,,,,,,,
21,,,,,,,,,,6609,0.0823267325758934,,,,,,,,
,,,,,,,,,4.365676567656765e-07,6614,,,,,,,,,
21,,,,,,,,,,6614,0.06637143343687057,,,,,,,,
,,,,,,,,,4.368976897689769e-07,6619,,,,,,,,,
21,,,,,,,,,,6619,0.03939691185951233,,,,,,,,
,,,,,,,,,4.372277227722772e-07,6624,,,,,,,,,
21,,,,,,,,,,6624,0.08723867684602737,,,,,,,,
,,,,,,,,,4.3755775577557753e-07,6629,,,,,,,,,
21,,,,,,,,,,6629,0.02035856619477272,,,,,,,,
,,,,,,,,,4.378877887788779e-07,6634,,,,,,,,,
21,,,,,,,,,,6634,0.06793677806854248,,,,,,,,
,,,,,,,,,4.382178217821782e-07,6639,,,,,,,,,
21,,,,,,,,,,6639,0.12860505282878876,,,,,,,,
,,,,,,,,,4.385478547854785e-07,6644,,,,,,,,,
21,,,,,,,,,,6644,0.0380857028067112,,,,,,,,
,,,,,,,,,4.3887788778877887e-07,6649,,,,,,,,,
21,,,,,,,,,,6649,0.053425323218107224,,,,,,,,
,,,,,,,,,4.392079207920792e-07,6654,,,,,,,,,
21,,,,,,,,,,6654,0.08305349946022034,,,,,,,,
,,,,,,,,,4.395379537953795e-07,6659,,,,,,,,,
21,,,,,,,,,,6659,0.07062509655952454,,,,,,,,
,,,,,,,,,4.398679867986799e-07,6664,,,,,,,,,
21,,,,,,,,,,6664,0.057816363871097565,,,,,,,,
21,,,,,,,,,,6665,,0.6187499761581421,0.7136150002479553,0.07587092369794846,0.07587092369794846,0.34240028262138367,0.6178861856460571,0.8444444537162781,0.3587071895599365
,,,,,,,,,4.4019801980198016e-07,6669,,,,,,,,,
22,,,,,,,,,,6669,0.0505768246948719,,,,,,,,
,,,,,,,,,4.405280528052805e-07,6674,,,,,,,,,
22,,,,,,,,,,6674,0.057891037315130234,,,,,,,,
,,,,,,,,,4.4085808580858086e-07,6679,,,,,,,,,
22,,,,,,,,,,6679,0.035493891686201096,,,,,,,,
,,,,,,,,,4.411881188118812e-07,6684,,,,,,,,,
22,,,,,,,,,,6684,0.058295369148254395,,,,,,,,
,,,,,,,,,4.415181518151815e-07,6689,,,,,,,,,
22,,,,,,,,,,6689,0.05917685478925705,,,,,,,,
,,,,,,,,,4.4184818481848183e-07,6694,,,,,,,,,
22,,,,,,,,,,6694,0.01950971968472004,,,,,,,,
,,,,,,,,,4.4217821782178215e-07,6699,,,,,,,,,
22,,,,,,,,,,6699,0.05395051836967468,,,,,,,,
,,,,,,,,,4.4250825082508247e-07,6704,,,,,,,,,
22,,,,,,,,,,6704,0.10657674819231033,,,,,,,,
,,,,,,,,,4.4283828382838285e-07,6709,,,,,,,,,
22,,,,,,,,,,6709,0.08199545741081238,,,,,,,,
,,,,,,,,,4.4316831683168317e-07,6714,,,,,,,,,
22,,,,,,,,,,6714,0.06586623936891556,,,,,,,,
,,,,,,,,,4.4349834983498344e-07,6719,,,,,,,,,
22,,,,,,,,,,6719,0.05364052951335907,,,,,,,,
,,,,,,,,,4.438283828382838e-07,6724,,,,,,,,,
22,,,,,,,,,,6724,0.04874004051089287,,,,,,,,
,,,,,,,,,4.4415841584158414e-07,6729,,,,,,,,,
22,,,,,,,,,,6729,0.03274784982204437,,,,,,,,
,,,,,,,,,4.4448844884488446e-07,6734,,,,,,,,,
22,,,,,,,,,,6734,0.028021549805998802,,,,,,,,
,,,,,,,,,4.4481848184818484e-07,6739,,,,,,,,,
22,,,,,,,,,,6739,0.042484965175390244,,,,,,,,
,,,,,,,,,4.4514851485148516e-07,6744,,,,,,,,,
22,,,,,,,,,,6744,0.07335428148508072,,,,,,,,
,,,,,,,,,4.4547854785478543e-07,6749,,,,,,,,,
22,,,,,,,,,,6749,0.02279466949403286,,,,,,,,
,,,,,,,,,4.458085808580858e-07,6754,,,,,,,,,
22,,,,,,,,,,6754,0.07482753694057465,,,,,,,,
,,,,,,,,,4.4613861386138613e-07,6759,,,,,,,,,
22,,,,,,,,,,6759,0.06499134004116058,,,,,,,,
,,,,,,,,,4.4646864686468645e-07,6764,,,,,,,,,
22,,,,,,,,,,6764,0.07099047303199768,,,,,,,,
,,,,,,,,,4.467986798679868e-07,6769,,,,,,,,,
22,,,,,,,,,,6769,0.0805346816778183,,,,,,,,
,,,,,,,,,4.471287128712871e-07,6774,,,,,,,,,
22,,,,,,,,,,6774,0.015802642330527306,,,,,,,,
,,,,,,,,,4.474587458745874e-07,6779,,,,,,,,,
22,,,,,,,,,,6779,0.09416795521974564,,,,,,,,
,,,,,,,,,4.477887788778878e-07,6784,,,,,,,,,
22,,,,,,,,,,6784,0.06497173011302948,,,,,,,,
,,,,,,,,,4.481188118811881e-07,6789,,,,,,,,,
22,,,,,,,,,,6789,0.03766902536153793,,,,,,,,
,,,,,,,,,4.4844884488448844e-07,6794,,,,,,,,,
22,,,,,,,,,,6794,0.053803861141204834,,,,,,,,
,,,,,,,,,4.487788778877887e-07,6799,,,,,,,,,
22,,,,,,,,,,6799,0.03356390818953514,,,,,,,,
,,,,,,,,,4.491089108910891e-07,6804,,,,,,,,,
22,,,,,,,,,,6804,0.06052472069859505,,,,,,,,
,,,,,,,,,4.494389438943894e-07,6809,,,,,,,,,
22,,,,,,,,,,6809,0.07057259231805801,,,,,,,,
,,,,,,,,,4.4976897689768973e-07,6814,,,,,,,,,
22,,,,,,,,,,6814,0.05995301902294159,,,,,,,,
,,,,,,,,,4.500990099009901e-07,6819,,,,,,,,,
22,,,,,,,,,,6819,0.04624900966882706,,,,,,,,
,,,,,,,,,4.504290429042904e-07,6824,,,,,,,,,
22,,,,,,,,,,6824,0.09770031273365021,,,,,,,,
,,,,,,,,,4.507590759075907e-07,6829,,,,,,,,,
22,,,,,,,,,,6829,0.08607789129018784,,,,,,,,
,,,,,,,,,4.5108910891089107e-07,6834,,,,,,,,,
22,,,,,,,,,,6834,0.06483883410692215,,,,,,,,
,,,,,,,,,4.514191419141914e-07,6839,,,,,,,,,
22,,,,,,,,,,6839,0.08598585426807404,,,,,,,,
,,,,,,,,,4.517491749174917e-07,6844,,,,,,,,,
22,,,,,,,,,,6844,0.04966352880001068,,,,,,,,
,,,,,,,,,4.520792079207921e-07,6849,,,,,,,,,
22,,,,,,,,,,6849,0.02687872387468815,,,,,,,,
,,,,,,,,,4.5240924092409236e-07,6854,,,,,,,,,
22,,,,,,,,,,6854,0.06752008199691772,,,,,,,,
,,,,,,,,,4.527392739273927e-07,6859,,,,,,,,,
22,,,,,,,,,,6859,0.08688881248235703,,,,,,,,
,,,,,,,,,4.5306930693069306e-07,6864,,,,,,,,,
22,,,,,,,,,,6864,0.0804227888584137,,,,,,,,
,,,,,,,,,4.533993399339934e-07,6869,,,,,,,,,
22,,,,,,,,,,6869,0.05799714848399162,,,,,,,,
,,,,,,,,,4.537293729372937e-07,6874,,,,,,,,,
22,,,,,,,,,,6874,0.05952063202857971,,,,,,,,
,,,,,,,,,4.540594059405941e-07,6879,,,,,,,,,
22,,,,,,,,,,6879,0.06253742426633835,,,,,,,,
,,,,,,,,,4.5438943894389435e-07,6884,,,,,,,,,
22,,,,,,,,,,6884,0.035794034600257874,,,,,,,,
,,,,,,,,,4.5471947194719467e-07,6889,,,,,,,,,
22,,,,,,,,,,6889,0.033937860280275345,,,,,,,,
,,,,,,,,,4.5504950495049505e-07,6894,,,,,,,,,
22,,,,,,,,,,6894,0.06577200442552567,,,,,,,,
,,,,,,,,,4.5537953795379537e-07,6899,,,,,,,,,
22,,,,,,,,,,6899,0.0849575623869896,,,,,,,,
,,,,,,,,,4.557095709570957e-07,6904,,,,,,,,,
22,,,,,,,,,,6904,0.06968211382627487,,,,,,,,
,,,,,,,,,4.56039603960396e-07,6909,,,,,,,,,
22,,,,,,,,,,6909,0.07402221858501434,,,,,,,,
,,,,,,,,,4.5636963696369634e-07,6914,,,,,,,,,
22,,,,,,,,,,6914,0.08545970916748047,,,,,,,,
,,,,,,,,,4.5669966996699666e-07,6919,,,,,,,,,
22,,,,,,,,,,6919,0.03898949548602104,,,,,,,,
,,,,,,,,,4.5702970297029703e-07,6924,,,,,,,,,
22,,,,,,,,,,6924,0.09290816634893417,,,,,,,,
,,,,,,,,,4.5735973597359736e-07,6929,,,,,,,,,
22,,,,,,,,,,6929,0.0505327507853508,,,,,,,,
,,,,,,,,,4.576897689768976e-07,6934,,,,,,,,,
22,,,,,,,,,,6934,0.042625706642866135,,,,,,,,
,,,,,,,,,4.58019801980198e-07,6939,,,,,,,,,
22,,,,,,,,,,6939,0.056781597435474396,,,,,,,,
,,,,,,,,,4.583498349834983e-07,6944,,,,,,,,,
22,,,,,,,,,,6944,0.030867906287312508,,,,,,,,
,,,,,,,,,4.5867986798679865e-07,6949,,,,,,,,,
22,,,,,,,,,,6949,0.04776556417346001,,,,,,,,
,,,,,,,,,4.59009900990099e-07,6954,,,,,,,,,
22,,,,,,,,,,6954,0.08546410501003265,,,,,,,,
,,,,,,,,,4.5933993399339934e-07,6959,,,,,,,,,
22,,,,,,,,,,6959,0.0991782397031784,,,,,,,,
,,,,,,,,,4.596699669966996e-07,6964,,,,,,,,,
22,,,,,,,,,,6964,0.09776666760444641,,,,,,,,
22,,,,,,,,,,6968,,0.606249988079071,0.6735751032829285,0.07446183264255524,0.07446183264255524,0.3493303656578064,0.6310679316520691,0.7222222089767456,0.38179755210876465
,,,,,,,,,4.6e-07,6969,,,,,,,,,
23,,,,,,,,,,6969,0.0417146235704422,,,,,,,,
,,,,,,,,,4.603300330033003e-07,6974,,,,,,,,,
23,,,,,,,,,,6974,0.07274314761161804,,,,,,,,
,,,,,,,,,4.6066006600660063e-07,6979,,,,,,,,,
23,,,,,,,,,,6979,0.09192671626806259,,,,,,,,
,,,,,,,,,4.60990099009901e-07,6984,,,,,,,,,
23,,,,,,,,,,6984,0.06752924621105194,,,,,,,,
,,,,,,,,,4.613201320132013e-07,6989,,,,,,,,,
23,,,,,,,,,,6989,0.05738688260316849,,,,,,,,
,,,,,,,,,4.616501650165016e-07,6994,,,,,,,,,
23,,,,,,,,,,6994,0.04104834049940109,,,,,,,,
,,,,,,,,,4.61980198019802e-07,6999,,,,,,,,,
23,,,,,,,,,,6999,0.08539923280477524,,,,,,,,
,,,,,,,,,4.623102310231023e-07,7004,,,,,,,,,
23,,,,,,,,,,7004,0.09022196382284164,,,,,,,,
,,,,,,,,,4.626402640264026e-07,7009,,,,,,,,,
23,,,,,,,,,,7009,0.07659944146871567,,,,,,,,
,,,,,,,,,4.62970297029703e-07,7014,,,,,,,,,
23,,,,,,,,,,7014,0.03986087441444397,,,,,,,,
,,,,,,,,,4.6330033003300327e-07,7019,,,,,,,,,
23,,,,,,,,,,7019,0.08004678040742874,,,,,,,,
,,,,,,,,,4.636303630363036e-07,7024,,,,,,,,,
23,,,,,,,,,,7024,0.04856458678841591,,,,,,,,
,,,,,,,,,4.6396039603960397e-07,7029,,,,,,,,,
23,,,,,,,,,,7029,0.08417687565088272,,,,,,,,
,,,,,,,,,4.642904290429043e-07,7034,,,,,,,,,
23,,,,,,,,,,7034,0.05636950209736824,,,,,,,,
,,,,,,,,,4.646204620462046e-07,7039,,,,,,,,,
23,,,,,,,,,,7039,0.07136762142181396,,,,,,,,
,,,,,,,,,4.6495049504950493e-07,7044,,,,,,,,,
23,,,,,,,,,,7044,0.036520522087812424,,,,,,,,
,,,,,,,,,4.6528052805280526e-07,7049,,,,,,,,,
23,,,,,,,,,,7049,0.028719602152705193,,,,,,,,
,,,,,,,,,4.656105610561056e-07,7054,,,,,,,,,
23,,,,,,,,,,7054,0.03782820701599121,,,,,,,,
,,,,,,,,,4.6594059405940595e-07,7059,,,,,,,,,
23,,,,,,,,,,7059,0.03718067333102226,,,,,,,,
,,,,,,,,,4.662706270627063e-07,7064,,,,,,,,,
23,,,,,,,,,,7064,0.01670491322875023,,,,,,,,
,,,,,,,,,4.6660066006600655e-07,7069,,,,,,,,,
23,,,,,,,,,,7069,0.04899037629365921,,,,,,,,
,,,,,,,,,4.669306930693069e-07,7074,,,,,,,,,
23,,,,,,,,,,7074,0.07111670821905136,,,,,,,,
,,,,,,,,,4.6726072607260724e-07,7079,,,,,,,,,
23,,,,,,,,,,7079,0.040569476783275604,,,,,,,,
,,,,,,,,,4.6759075907590757e-07,7084,,,,,,,,,
23,,,,,,,,,,7084,0.02688642404973507,,,,,,,,
,,,,,,,,,4.6792079207920794e-07,7089,,,,,,,,,
23,,,,,,,,,,7089,0.03964082896709442,,,,,,,,
,,,,,,,,,4.6825082508250826e-07,7094,,,,,,,,,
23,,,,,,,,,,7094,0.055681467056274414,,,,,,,,
,,,,,,,,,4.6858085808580853e-07,7099,,,,,,,,,
23,,,,,,,,,,7099,0.07919052988290787,,,,,,,,
,,,,,,,,,4.6891089108910886e-07,7104,,,,,,,,,
23,,,,,,,,,,7104,0.0393548384308815,,,,,,,,
,,,,,,,,,4.6924092409240923e-07,7109,,,,,,,,,
23,,,,,,,,,,7109,0.0445227213203907,,,,,,,,
,,,,,,,,,4.6957095709570955e-07,7114,,,,,,,,,
23,,,,,,,,,,7114,0.0628473088145256,,,,,,,,
,,,,,,,,,4.699009900990099e-07,7119,,,,,,,,,
23,,,,,,,,,,7119,0.06026361882686615,,,,,,,,
,,,,,,,,,4.702310231023102e-07,7124,,,,,,,,,
23,,,,,,,,,,7124,0.045758526772260666,,,,,,,,
,,,,,,,,,4.705610561056105e-07,7129,,,,,,,,,
23,,,,,,,,,,7129,0.035099826753139496,,,,,,,,
,,,,,,,,,4.7089108910891084e-07,7134,,,,,,,,,
23,,,,,,,,,,7134,0.05636494979262352,,,,,,,,
,,,,,,,,,4.712211221122112e-07,7139,,,,,,,,,
23,,,,,,,,,,7139,0.024538889527320862,,,,,,,,
,,,,,,,,,4.7155115511551154e-07,7144,,,,,,,,,
23,,,,,,,,,,7144,0.052062779664993286,,,,,,,,
,,,,,,,,,4.718811881188118e-07,7149,,,,,,,,,
23,,,,,,,,,,7149,0.03508596122264862,,,,,,,,
,,,,,,,,,4.722112211221122e-07,7154,,,,,,,,,
23,,,,,,,,,,7154,0.06712646782398224,,,,,,,,
,,,,,,,,,4.725412541254125e-07,7159,,,,,,,,,
23,,,,,,,,,,7159,0.07162708789110184,,,,,,,,
,,,,,,,,,4.7287128712871283e-07,7164,,,,,,,,,
23,,,,,,,,,,7164,0.060674991458654404,,,,,,,,
,,,,,,,,,4.732013201320132e-07,7169,,,,,,,,,
23,,,,,,,,,,7169,0.07515735924243927,,,,,,,,
,,,,,,,,,4.7353135313531353e-07,7174,,,,,,,,,
23,,,,,,,,,,7174,0.07010773569345474,,,,,,,,
,,,,,,,,,4.738613861386138e-07,7179,,,,,,,,,
23,,,,,,,,,,7179,0.04485516622662544,,,,,,,,
,,,,,,,,,4.741914191419142e-07,7184,,,,,,,,,
23,,,,,,,,,,7184,0.07814314216375351,,,,,,,,
,,,,,,,,,4.745214521452145e-07,7189,,,,,,,,,
23,,,,,,,,,,7189,0.04493767023086548,,,,,,,,
,,,,,,,,,4.748514851485148e-07,7194,,,,,,,,,
23,,,,,,,,,,7194,0.06551536172628403,,,,,,,,
,,,,,,,,,4.751815181518152e-07,7199,,,,,,,,,
23,,,,,,,,,,7199,0.013500937260687351,,,,,,,,
,,,,,,,,,4.7551155115511547e-07,7204,,,,,,,,,
23,,,,,,,,,,7204,0.04188002273440361,,,,,,,,
,,,,,,,,,4.758415841584158e-07,7209,,,,,,,,,
23,,,,,,,,,,7209,0.06351591646671295,,,,,,,,
,,,,,,,,,4.7617161716171616e-07,7214,,,,,,,,,
23,,,,,,,,,,7214,0.023105908185243607,,,,,,,,
,,,,,,,,,4.765016501650165e-07,7219,,,,,,,,,
23,,,,,,,,,,7219,0.10494619607925415,,,,,,,,
,,,,,,,,,4.768316831683168e-07,7224,,,,,,,,,
23,,,,,,,,,,7224,0.043504197150468826,,,,,,,,
,,,,,,,,,4.771617161716171e-07,7229,,,,,,,,,
23,,,,,,,,,,7229,0.04574403539299965,,,,,,,,
,,,,,,,,,4.774917491749175e-07,7234,,,,,,,,,
23,,,,,,,,,,7234,0.03369414061307907,,,,,,,,
,,,,,,,,,4.778217821782178e-07,7239,,,,,,,,,
23,,,,,,,,,,7239,0.06201232224702835,,,,,,,,
,,,,,,,,,4.781518151815182e-07,7244,,,,,,,,,
23,,,,,,,,,,7244,0.03267039358615875,,,,,,,,
,,,,,,,,,4.784818481848184e-07,7249,,,,,,,,,
23,,,,,,,,,,7249,0.05633324012160301,,,,,,,,
,,,,,,,,,4.788118811881188e-07,7254,,,,,,,,,
23,,,,,,,,,,7254,0.05165006220340729,,,,,,,,
,,,,,,,,,4.791419141914192e-07,7259,,,,,,,,,
23,,,,,,,,,,7259,0.10692988336086273,,,,,,,,
,,,,,,,,,4.794719471947194e-07,7264,,,,,,,,,
23,,,,,,,,,,7264,0.09927964210510254,,,,,,,,
,,,,,,,,,4.798019801980197e-07,7269,,,,,,,,,
23,,,,,,,,,,7269,0.04518721252679825,,,,,,,,
23,,,,,,,,,,7271,,0.606249988079071,0.6594594717025757,0.07328860461711884,0.07328860461711884,0.3670567572116852,0.6421052813529968,0.6777777671813965,0.3862707018852234
,,,,,,,,,4.801320132013201e-07,7274,,,,,,,,,
24,,,,,,,,,,7274,0.041916314512491226,,,,,,,,
,,,,,,,,,4.804620462046205e-07,7279,,,,,,,,,
24,,,,,,,,,,7279,0.049418240785598755,,,,,,,,
,,,,,,,,,4.807920792079207e-07,7284,,,,,,,,,
24,,,,,,,,,,7284,0.08621295541524887,,,,,,,,
,,,,,,,,,4.811221122112211e-07,7289,,,,,,,,,
24,,,,,,,,,,7289,0.05732795596122742,,,,,,,,
,,,,,,,,,4.814521452145215e-07,7294,,,,,,,,,
24,,,,,,,,,,7294,0.06368660926818848,,,,,,,,
,,,,,,,,,4.817821782178218e-07,7299,,,,,,,,,
24,,,,,,,,,,7299,0.03341275826096535,,,,,,,,
,,,,,,,,,4.821122112211221e-07,7304,,,,,,,,,
24,,,,,,,,,,7304,0.06431248039007187,,,,,,,,
,,,,,,,,,4.824422442244224e-07,7309,,,,,,,,,
24,,,,,,,,,,7309,0.05721079185605049,,,,,,,,
,,,,,,,,,4.827722772277228e-07,7314,,,,,,,,,
24,,,,,,,,,,7314,0.07167252153158188,,,,,,,,
,,,,,,,,,4.831023102310231e-07,7319,,,,,,,,,
24,,,,,,,,,,7319,0.06889604032039642,,,,,,,,
,,,,,,,,,4.834323432343234e-07,7324,,,,,,,,,
24,,,,,,,,,,7324,0.05956818163394928,,,,,,,,
,,,,,,,,,4.837623762376237e-07,7329,,,,,,,,,
24,,,,,,,,,,7329,0.092661052942276,,,,,,,,
,,,,,,,,,4.840924092409241e-07,7334,,,,,,,,,
24,,,,,,,,,,7334,0.04471946135163307,,,,,,,,
,,,,,,,,,4.844224422442244e-07,7339,,,,,,,,,
24,,,,,,,,,,7339,0.06835054606199265,,,,,,,,
,,,,,,,,,4.847524752475247e-07,7344,,,,,,,,,
24,,,,,,,,,,7344,0.08308383077383041,,,,,,,,
,,,,,,,,,4.850825082508251e-07,7349,,,,,,,,,
24,,,,,,,,,,7349,0.06676939874887466,,,,,,,,
,,,,,,,,,4.854125412541254e-07,7354,,,,,,,,,
24,,,,,,,,,,7354,0.049516476690769196,,,,,,,,
,,,,,,,,,4.857425742574257e-07,7359,,,,,,,,,
24,,,,,,,,,,7359,0.06221342459321022,,,,,,,,
,,,,,,,,,4.860726072607261e-07,7364,,,,,,,,,
24,,,,,,,,,,7364,0.04296240583062172,,,,,,,,
,,,,,,,,,4.864026402640264e-07,7369,,,,,,,,,
24,,,,,,,,,,7369,0.08533190935850143,,,,,,,,
,,,,,,,,,4.867326732673267e-07,7374,,,,,,,,,
24,,,,,,,,,,7374,0.020828451961278915,,,,,,,,
,,,,,,,,,4.87062706270627e-07,7379,,,,,,,,,
24,,,,,,,,,,7379,0.07172717154026031,,,,,,,,
,,,,,,,,,4.873927392739274e-07,7384,,,,,,,,,
24,,,,,,,,,,7384,0.04499351233243942,,,,,,,,
,,,,,,,,,4.877227722772277e-07,7389,,,,,,,,,
24,,,,,,,,,,7389,0.04868943616747856,,,,,,,,
,,,,,,,,,4.88052805280528e-07,7394,,,,,,,,,
24,,,,,,,,,,7394,0.04539196193218231,,,,,,,,
,,,,,,,,,4.883828382838284e-07,7399,,,,,,,,,
24,,,,,,,,,,7399,0.0275595523416996,,,,,,,,
,,,,,,,,,4.887128712871287e-07,7404,,,,,,,,,
24,,,,,,,,,,7404,0.05004756152629852,,,,,,,,
,,,,,,,,,4.890429042904291e-07,7409,,,,,,,,,
24,,,,,,,,,,7409,0.041671060025691986,,,,,,,,
,,,,,,,,,4.893729372937293e-07,7414,,,,,,,,,
24,,,,,,,,,,7414,0.04940232262015343,,,,,,,,
,,,,,,,,,4.897029702970297e-07,7419,,,,,,,,,
24,,,,,,,,,,7419,0.023000666871666908,,,,,,,,
,,,,,,,,,4.9003300330033e-07,7424,,,,,,,,,
24,,,,,,,,,,7424,0.03681586682796478,,,,,,,,
,,,,,,,,,4.903630363036303e-07,7429,,,,,,,,,
24,,,,,,,,,,7429,0.02283930778503418,,,,,,,,
,,,,,,,,,4.906930693069306e-07,7434,,,,,,,,,
24,,,,,,,,,,7434,0.06848195940256119,,,,,,,,
,,,,,,,,,4.91023102310231e-07,7439,,,,,,,,,
24,,,,,,,,,,7439,0.012507540173828602,,,,,,,,
,,,,,,,,,4.913531353135314e-07,7444,,,,,,,,,
24,,,,,,,,,,7444,0.05562025308609009,,,,,,,,
,,,,,,,,,4.916831683168316e-07,7449,,,,,,,,,
24,,,,,,,,,,7449,0.03769725188612938,,,,,,,,
,,,,,,,,,4.92013201320132e-07,7454,,,,,,,,,
24,,,,,,,,,,7454,0.04432995617389679,,,,,,,,
,,,,,,,,,4.923432343234323e-07,7459,,,,,,,,,
24,,,,,,,,,,7459,0.05490095540881157,,,,,,,,
,,,,,,,,,4.926732673267327e-07,7464,,,,,,,,,
24,,,,,,,,,,7464,0.05454760789871216,,,,,,,,
,,,,,,,,,4.930033003300329e-07,7469,,,,,,,,,
24,,,,,,,,,,7469,0.05945758894085884,,,,,,,,
,,,,,,,,,4.933333333333333e-07,7474,,,,,,,,,
24,,,,,,,,,,7474,0.011140857823193073,,,,,,,,
,,,,,,,,,4.936633663366337e-07,7479,,,,,,,,,
24,,,,,,,,,,7479,0.03058549389243126,,,,,,,,
,,,,,,,,,4.93993399339934e-07,7484,,,,,,,,,
24,,,,,,,,,,7484,0.09313612431287766,,,,,,,,
,,,,,,,,,4.943234323432343e-07,7489,,,,,,,,,
24,,,,,,,,,,7489,0.038078729063272476,,,,,,,,
,,,,,,,,,4.946534653465346e-07,7494,,,,,,,,,
24,,,,,,,,,,7494,0.04959558695554733,,,,,,,,
,,,,,,,,,4.94983498349835e-07,7499,,,,,,,,,
24,,,,,,,,,,7499,0.058229897171258926,,,,,,,,
,,,,,,,,,4.953135313531353e-07,7504,,,,,,,,,
24,,,,,,,,,,7504,0.07930997759103775,,,,,,,,
,,,,,,,,,4.956435643564356e-07,7509,,,,,,,,,
24,,,,,,,,,,7509,0.12058300524950027,,,,,,,,
,,,,,,,,,4.959735973597359e-07,7514,,,,,,,,,
24,,,,,,,,,,7514,0.06339391320943832,,,,,,,,
,,,,,,,,,4.963036303630363e-07,7519,,,,,,,,,
24,,,,,,,,,,7519,0.04436463862657547,,,,,,,,
,,,,,,,,,4.966336633663366e-07,7524,,,,,,,,,
24,,,,,,,,,,7524,0.029832277446985245,,,,,,,,
,,,,,,,,,4.969636963696369e-07,7529,,,,,,,,,
24,,,,,,,,,,7529,0.09547799825668335,,,,,,,,
,,,,,,,,,4.972937293729373e-07,7534,,,,,,,,,
24,,,,,,,,,,7534,0.04998472332954407,,,,,,,,
,,,,,,,,,4.976237623762375e-07,7539,,,,,,,,,
24,,,,,,,,,,7539,0.033018242567777634,,,,,,,,
,,,,,,,,,4.979537953795379e-07,7544,,,,,,,,,
24,,,,,,,,,,7544,0.03023870848119259,,,,,,,,
,,,,,,,,,4.982838283828383e-07,7549,,,,,,,,,
24,,,,,,,,,,7549,0.033252473920583725,,,,,,,,
,,,,,,,,,4.986138613861386e-07,7554,,,,,,,,,
24,,,,,,,,,,7554,0.03795063495635986,,,,,,,,
,,,,,,,,,4.989438943894389e-07,7559,,,,,,,,,
24,,,,,,,,,,7559,0.09914841502904892,,,,,,,,
,,,,,,,,,4.992739273927393e-07,7564,,,,,,,,,
24,,,,,,,,,,7564,0.07236801087856293,,,,,,,,
,,,,,,,,,4.996039603960396e-07,7569,,,,,,,,,
24,,,,,,,,,,7569,0.030360857024788857,,,,,,,,
,,,,,,,,,4.999339933993399e-07,7574,,,,,,,,,
24,,,,,,,,,,7574,0.08448415249586105,,,,,,,,
24,,,,,,,,,,7574,,0.612500011920929,0.6666666865348816,0.07352014631032944,0.07352014631032944,0.37088966369628906,0.6458333134651184,0.6888889074325562,0.4018842875957489
,,,,,,,,,5.002640264026402e-07,7579,,,,,,,,,
25,,,,,,,,,,7579,0.05340096354484558,,,,,,,,
,,,,,,,,,5.005940594059406e-07,7584,,,,,,,,,
25,,,,,,,,,,7584,0.06656681001186371,,,,,,,,
,,,,,,,,,5.00924092409241e-07,7589,,,,,,,,,
25,,,,,,,,,,7589,0.10581405460834503,,,,,,,,
,,,,,,,,,5.012541254125411e-07,7594,,,,,,,,,
25,,,,,,,,,,7594,0.07803276181221008,,,,,,,,
,,,,,,,,,5.015841584158415e-07,7599,,,,,,,,,
25,,,,,,,,,,7599,0.06141720712184906,,,,,,,,
,,,,,,,,,5.019141914191419e-07,7604,,,,,,,,,
25,,,,,,,,,,7604,0.04585617408156395,,,,,,,,
,,,,,,,,,5.022442244224422e-07,7609,,,,,,,,,
25,,,,,,,,,,7609,0.0537494532763958,,,,,,,,
,,,,,,,,,5.025742574257425e-07,7614,,,,,,,,,
25,,,,,,,,,,7614,0.0621129609644413,,,,,,,,
,,,,,,,,,5.029042904290429e-07,7619,,,,,,,,,
25,,,,,,,,,,7619,0.04345373064279556,,,,,,,,
,,,,,,,,,5.032343234323432e-07,7624,,,,,,,,,
25,,,,,,,,,,7624,0.00653532100841403,,,,,,,,
,,,,,,,,,5.035643564356436e-07,7629,,,,,,,,,
25,,,,,,,,,,7629,0.03010513260960579,,,,,,,,
,,,,,,,,,5.038943894389439e-07,7634,,,,,,,,,
25,,,,,,,,,,7634,0.07042931765317917,,,,,,,,
,,,,,,,,,5.042244224422442e-07,7639,,,,,,,,,
25,,,,,,,,,,7639,0.013637213036417961,,,,,,,,
,,,,,,,,,5.045544554455446e-07,7644,,,,,,,,,
25,,,,,,,,,,7644,0.026637965813279152,,,,,,,,
,,,,,,,,,5.048844884488449e-07,7649,,,,,,,,,
25,,,,,,,,,,7649,0.03909028321504593,,,,,,,,
,,,,,,,,,5.052145214521451e-07,7654,,,,,,,,,
25,,,,,,,,,,7654,0.047352951020002365,,,,,,,,
,,,,,,,,,5.055445544554455e-07,7659,,,,,,,,,
25,,,,,,,,,,7659,0.06299690157175064,,,,,,,,
,,,,,,,,,5.058745874587459e-07,7664,,,,,,,,,
25,,,,,,,,,,7664,0.04158179089426994,,,,,,,,
,,,,,,,,,5.062046204620461e-07,7669,,,,,,,,,
25,,,,,,,,,,7669,0.03422994539141655,,,,,,,,
,,,,,,,,,5.065346534653465e-07,7674,,,,,,,,,
25,,,,,,,,,,7674,0.05802120640873909,,,,,,,,
,,,,,,,,,5.068646864686469e-07,7679,,,,,,,,,
25,,,,,,,,,,7679,0.024647928774356842,,,,,,,,
,,,,,,,,,5.071947194719472e-07,7684,,,,,,,,,
25,,,,,,,,,,7684,0.05842430517077446,,,,,,,,
,,,,,,,,,5.075247524752475e-07,7689,,,,,,,,,
25,,,,,,,,,,7689,0.027479805052280426,,,,,,,,
,,,,,,,,,5.078547854785479e-07,7694,,,,,,,,,
25,,,,,,,,,,7694,0.02779603749513626,,,,,,,,
,,,,,,,,,5.081848184818481e-07,7699,,,,,,,,,
25,,,,,,,,,,7699,0.0669906884431839,,,,,,,,
,,,,,,,,,5.085148514851485e-07,7704,,,,,,,,,
25,,,,,,,,,,7704,0.05256027355790138,,,,,,,,
,,,,,,,,,5.088448844884488e-07,7709,,,,,,,,,
25,,,,,,,,,,7709,0.047253187745809555,,,,,,,,
,,,,,,,,,5.091749174917491e-07,7714,,,,,,,,,
25,,,,,,,,,,7714,0.061881016939878464,,,,,,,,
,,,,,,,,,5.095049504950495e-07,7719,,,,,,,,,
25,,,,,,,,,,7719,0.035495709627866745,,,,,,,,
,,,,,,,,,5.098349834983499e-07,7724,,,,,,,,,
25,,,,,,,,,,7724,0.04047935828566551,,,,,,,,
,,,,,,,,,5.101650165016501e-07,7729,,,,,,,,,
25,,,,,,,,,,7729,0.06933648139238358,,,,,,,,
,,,,,,,,,5.104950495049505e-07,7734,,,,,,,,,
25,,,,,,,,,,7734,0.027644023299217224,,,,,,,,
,,,,,,,,,5.108250825082509e-07,7739,,,,,,,,,
25,,,,,,,,,,7739,0.07941493391990662,,,,,,,,
,,,,,,,,,5.111551155115511e-07,7744,,,,,,,,,
25,,,,,,,,,,7744,0.02938704565167427,,,,,,,,
,,,,,,,,,5.114851485148515e-07,7749,,,,,,,,,
25,,,,,,,,,,7749,0.010659364052116871,,,,,,,,
,,,,,,,,,5.118151815181518e-07,7754,,,,,,,,,
25,,,,,,,,,,7754,0.06692950427532196,,,,,,,,
,,,,,,,,,5.121452145214521e-07,7759,,,,,,,,,
25,,,,,,,,,,7759,0.0236657802015543,,,,,,,,
,,,,,,,,,5.124752475247524e-07,7764,,,,,,,,,
25,,,,,,,,,,7764,0.0666472539305687,,,,,,,,
,,,,,,,,,5.128052805280528e-07,7769,,,,,,,,,
25,,,,,,,,,,7769,0.026692548766732216,,,,,,,,
,,,,,,,,,5.131353135313531e-07,7774,,,,,,,,,
25,,,,,,,,,,7774,0.021496621891856194,,,,,,,,
,,,,,,,,,5.134653465346535e-07,7779,,,,,,,,,
25,,,,,,,,,,7779,0.0835091844201088,,,,,,,,
,,,,,,,,,5.137953795379538e-07,7784,,,,,,,,,
25,,,,,,,,,,7784,0.053228698670864105,,,,,,,,
,,,,,,,,,5.141254125412541e-07,7789,,,,,,,,,
25,,,,,,,,,,7789,0.03148059919476509,,,,,,,,
,,,,,,,,,5.144554455445545e-07,7794,,,,,,,,,
25,,,,,,,,,,7794,0.025797193869948387,,,,,,,,
,,,,,,,,,5.147854785478548e-07,7799,,,,,,,,,
25,,,,,,,,,,7799,0.03481297940015793,,,,,,,,
,,,,,,,,,5.151155115511551e-07,7804,,,,,,,,,
25,,,,,,,,,,7804,0.047592781484127045,,,,,,,,
,,,,,,,,,5.154455445544554e-07,7809,,,,,,,,,
25,,,,,,,,,,7809,0.026271604001522064,,,,,,,,
,,,,,,,,,5.157755775577558e-07,7814,,,,,,,,,
25,,,,,,,,,,7814,0.08377770334482193,,,,,,,,
,,,,,,,,,5.16105610561056e-07,7819,,,,,,,,,
25,,,,,,,,,,7819,0.02511652745306492,,,,,,,,
,,,,,,,,,5.164356435643564e-07,7824,,,,,,,,,
25,,,,,,,,,,7824,0.05085793510079384,,,,,,,,
,,,,,,,,,5.167656765676568e-07,7829,,,,,,,,,
25,,,,,,,,,,7829,0.04658609628677368,,,,,,,,
,,,,,,,,,5.170957095709571e-07,7834,,,,,,,,,
25,,,,,,,,,,7834,0.05639909580349922,,,,,,,,
,,,,,,,,,5.174257425742574e-07,7839,,,,,,,,,
25,,,,,,,,,,7839,0.05104828625917435,,,,,,,,
,,,,,,,,,5.177557755775578e-07,7844,,,,,,,,,
25,,,,,,,,,,7844,0.05900827795267105,,,,,,,,
,,,,,,,,,5.180858085808581e-07,7849,,,,,,,,,
25,,,,,,,,,,7849,0.06824894994497299,,,,,,,,
,,,,,,,,,5.184158415841584e-07,7854,,,,,,,,,
25,,,,,,,,,,7854,0.06292867660522461,,,,,,,,
,,,,,,,,,5.187458745874588e-07,7859,,,,,,,,,
25,,,,,,,,,,7859,0.0709187388420105,,,,,,,,
,,,,,,,,,5.19075907590759e-07,7864,,,,,,,,,
25,,,,,,,,,,7864,0.06872928887605667,,,,,,,,
,,,,,,,,,5.194059405940594e-07,7869,,,,,,,,,
25,,,,,,,,,,7869,0.03771243989467621,,,,,,,,
,,,,,,,,,5.197359735973597e-07,7874,,,,,,,,,
25,,,,,,,,,,7874,0.07751701027154922,,,,,,,,
25,,,,,,,,,,7877,,0.6187499761581421,0.6666666865348816,0.07303299754858017,0.07303299754858017,0.38357216119766235,0.6559139490127563,0.6777777671813965,0.41030558943748474
,,,,,,,,,5.2006600660066e-07,7879,,,,,,,,,
26,,,,,,,,,,7879,0.02586645819246769,,,,,,,,
,,,,,,,,,5.203960396039604e-07,7884,,,,,,,,,
26,,,,,,,,,,7884,0.0565703921020031,,,,,,,,
,,,,,,,,,5.207260726072608e-07,7889,,,,,,,,,
26,,,,,,,,,,7889,0.03304196894168854,,,,,,,,
,,,,,,,,,5.21056105610561e-07,7894,,,,,,,,,
26,,,,,,,,,,7894,0.05167756602168083,,,,,,,,
,,,,,,,,,5.213861386138614e-07,7899,,,,,,,,,
26,,,,,,,,,,7899,0.036609988659620285,,,,,,,,
,,,,,,,,,5.217161716171617e-07,7904,,,,,,,,,
26,,,,,,,,,,7904,0.03850308433175087,,,,,,,,
,,,,,,,,,5.22046204620462e-07,7909,,,,,,,,,
26,,,,,,,,,,7909,0.05313033238053322,,,,,,,,
,,,,,,,,,5.223762376237623e-07,7914,,,,,,,,,
26,,,,,,,,,,7914,0.059259213507175446,,,,,,,,
,,,,,,,,,5.227062706270626e-07,7919,,,,,,,,,
26,,,,,,,,,,7919,0.05292807146906853,,,,,,,,
,,,,,,,,,5.23036303630363e-07,7924,,,,,,,,,
26,,,,,,,,,,7924,0.037014156579971313,,,,,,,,
,,,,,,,,,5.233663366336633e-07,7929,,,,,,,,,
26,,,,,,,,,,7929,0.049208980053663254,,,,,,,,
,,,,,,,,,5.236963696369636e-07,7934,,,,,,,,,
26,,,,,,,,,,7934,0.02185511775314808,,,,,,,,
,,,,,,,,,5.24026402640264e-07,7939,,,,,,,,,
26,,,,,,,,,,7939,0.04292834922671318,,,,,,,,
,,,,,,,,,5.243564356435644e-07,7944,,,,,,,,,
26,,,,,,,,,,7944,0.042560551315546036,,,,,,,,
,,,,,,,,,5.246864686468646e-07,7949,,,,,,,,,
26,,,,,,,,,,7949,0.04732232168316841,,,,,,,,
,,,,,,,,,5.25016501650165e-07,7954,,,,,,,,,
26,,,,,,,,,,7954,0.04588479548692703,,,,,,,,
,,,,,,,,,5.253465346534654e-07,7959,,,,,,,,,
26,,,,,,,,,,7959,0.035052888095378876,,,,,,,,
,,,,,,,,,5.256765676567657e-07,7964,,,,,,,,,
26,,,,,,,,,,7964,0.05282880738377571,,,,,,,,
,,,,,,,,,5.260066006600659e-07,7969,,,,,,,,,
26,,,,,,,,,,7969,0.020209308713674545,,,,,,,,
,,,,,,,,,5.263366336633663e-07,7974,,,,,,,,,
26,,,,,,,,,,7974,0.021856414154171944,,,,,,,,
,,,,,,,,,5.266666666666666e-07,7979,,,,,,,,,
26,,,,,,,,,,7979,0.058728065341711044,,,,,,,,
,,,,,,,,,5.269966996699669e-07,7984,,,,,,,,,
26,,,,,,,,,,7984,0.03699970245361328,,,,,,,,
,,,,,,,,,5.273267326732673e-07,7989,,,,,,,,,
26,,,,,,,,,,7989,0.05974888429045677,,,,,,,,
,,,,,,,,,5.276567656765676e-07,7994,,,,,,,,,
26,,,,,,,,,,7994,0.06194446235895157,,,,,,,,
,,,,,,,,,5.27986798679868e-07,7999,,,,,,,,,
26,,,,,,,,,,7999,0.06683646887540817,,,,,,,,
,,,,,,,,,5.283168316831683e-07,8004,,,,,,,,,
26,,,,,,,,,,8004,0.032295111566782,,,,,,,,
,,,,,,,,,5.286468646864686e-07,8009,,,,,,,,,
26,,,,,,,,,,8009,0.03511287644505501,,,,,,,,
,,,,,,,,,5.28976897689769e-07,8014,,,,,,,,,
26,,,,,,,,,,8014,0.049274493008852005,,,,,,,,
,,,,,,,,,5.293069306930694e-07,8019,,,,,,,,,
26,,,,,,,,,,8019,0.05483352765440941,,,,,,,,
,,,,,,,,,5.296369636963695e-07,8024,,,,,,,,,
26,,,,,,,,,,8024,0.015083637088537216,,,,,,,,
,,,,,,,,,5.299669966996699e-07,8029,,,,,,,,,
26,,,,,,,,,,8029,0.021942472085356712,,,,,,,,
,,,,,,,,,5.302970297029703e-07,8034,,,,,,,,,
26,,,,,,,,,,8034,0.04235371574759483,,,,,,,,
,,,,,,,,,5.306270627062705e-07,8039,,,,,,,,,
26,,,,,,,,,,8039,0.02641991525888443,,,,,,,,
,,,,,,,,,5.309570957095709e-07,8044,,,,,,,,,
26,,,,,,,,,,8044,0.028772646561264992,,,,,,,,
,,,,,,,,,5.312871287128713e-07,8049,,,,,,,,,
26,,,,,,,,,,8049,0.04419906064867973,,,,,,,,
,,,,,,,,,5.316171617161716e-07,8054,,,,,,,,,
26,,,,,,,,,,8054,0.06384995579719543,,,,,,,,
,,,,,,,,,5.319471947194719e-07,8059,,,,,,,,,
26,,,,,,,,,,8059,0.06250671297311783,,,,,,,,
,,,,,,,,,5.322772277227723e-07,8064,,,,,,,,,
26,,,,,,,,,,8064,0.025110678747296333,,,,,,,,
,,,,,,,,,5.326072607260726e-07,8069,,,,,,,,,
26,,,,,,,,,,8069,0.014254647307097912,,,,,,,,
,,,,,,,,,5.32937293729373e-07,8074,,,,,,,,,
26,,,,,,,,,,8074,0.04688004404306412,,,,,,,,
,,,,,,,,,5.332673267326732e-07,8079,,,,,,,,,
26,,,,,,,,,,8079,0.0338762141764164,,,,,,,,
,,,,,,,,,5.335973597359735e-07,8084,,,,,,,,,
26,,,,,,,,,,8084,0.026701753959059715,,,,,,,,
,,,,,,,,,5.339273927392739e-07,8089,,,,,,,,,
26,,,,,,,,,,8089,0.04105129465460777,,,,,,,,
,,,,,,,,,5.342574257425742e-07,8094,,,,,,,,,
26,,,,,,,,,,8094,0.016773220151662827,,,,,,,,
,,,,,,,,,5.345874587458745e-07,8099,,,,,,,,,
26,,,,,,,,,,8099,0.07969268411397934,,,,,,,,
,,,,,,,,,5.349174917491749e-07,8104,,,,,,,,,
26,,,,,,,,,,8104,0.033196743577718735,,,,,,,,
,,,,,,,,,5.352475247524753e-07,8109,,,,,,,,,
26,,,,,,,,,,8109,0.03801931068301201,,,,,,,,
,,,,,,,,,5.355775577557755e-07,8114,,,,,,,,,
26,,,,,,,,,,8114,0.03069436177611351,,,,,,,,
,,,,,,,,,5.359075907590759e-07,8119,,,,,,,,,
26,,,,,,,,,,8119,0.05545463040471077,,,,,,,,
,,,,,,,,,5.362376237623763e-07,8124,,,,,,,,,
26,,,,,,,,,,8124,0.03010822832584381,,,,,,,,
,,,,,,,,,5.365676567656765e-07,8129,,,,,,,,,
26,,,,,,,,,,8129,0.057093292474746704,,,,,,,,
,,,,,,,,,5.368976897689768e-07,8134,,,,,,,,,
26,,,,,,,,,,8134,0.05458182841539383,,,,,,,,
,,,,,,,,,5.372277227722772e-07,8139,,,,,,,,,
26,,,,,,,,,,8139,0.03947822377085686,,,,,,,,
,,,,,,,,,5.375577557755775e-07,8144,,,,,,,,,
26,,,,,,,,,,8144,0.03945678845047951,,,,,,,,
,,,,,,,,,5.378877887788778e-07,8149,,,,,,,,,
26,,,,,,,,,,8149,0.025834543630480766,,,,,,,,
,,,,,,,,,5.382178217821782e-07,8154,,,,,,,,,
26,,,,,,,,,,8154,0.019449342042207718,,,,,,,,
,,,,,,,,,5.385478547854785e-07,8159,,,,,,,,,
26,,,,,,,,,,8159,0.054118260741233826,,,,,,,,
,,,,,,,,,5.388778877887789e-07,8164,,,,,,,,,
26,,,,,,,,,,8164,0.032133739441633224,,,,,,,,
,,,,,,,,,5.392079207920792e-07,8169,,,,,,,,,
26,,,,,,,,,,8169,0.038917724043130875,,,,,,,,
,,,,,,,,,5.395379537953795e-07,8174,,,,,,,,,
26,,,,,,,,,,8174,0.010869473218917847,,,,,,,,
,,,,,,,,,5.398679867986799e-07,8179,,,,,,,,,
26,,,,,,,,,,8179,0.04336287081241608,,,,,,,,
26,,,,,,,,,,8180,,0.6187499761581421,0.659217894077301,0.07134287059307098,0.07134287059307098,0.40518918633461,0.6629213690757751,0.6555555462837219,0.4316140115261078
,,,,,,,,,5.401980198019802e-07,8184,,,,,,,,,
27,,,,,,,,,,8184,0.010568578727543354,,,,,,,,
,,,,,,,,,5.405280528052804e-07,8189,,,,,,,,,
27,,,,,,,,,,8189,0.025045379996299744,,,,,,,,
,,,,,,,,,5.408580858085808e-07,8194,,,,,,,,,
27,,,,,,,,,,8194,0.04107561707496643,,,,,,,,
,,,,,,,,,5.411881188118812e-07,8199,,,,,,,,,
27,,,,,,,,,,8199,0.016954714432358742,,,,,,,,
,,,,,,,,,5.415181518151814e-07,8204,,,,,,,,,
27,,,,,,,,,,8204,0.04239115118980408,,,,,,,,
,,,,,,,,,5.418481848184818e-07,8209,,,,,,,,,
27,,,,,,,,,,8209,0.03328463435173035,,,,,,,,
,,,,,,,,,5.421782178217822e-07,8214,,,,,,,,,
27,,,,,,,,,,8214,0.02045239694416523,,,,,,,,
,,,,,,,,,5.425082508250825e-07,8219,,,,,,,,,
27,,,,,,,,,,8219,0.03761203959584236,,,,,,,,
,,,,,,,,,5.428382838283828e-07,8224,,,,,,,,,
27,,,,,,,,,,8224,0.034431807696819305,,,,,,,,
,,,,,,,,,5.431683168316832e-07,8229,,,,,,,,,
27,,,,,,,,,,8229,0.037177469581365585,,,,,,,,
,,,,,,,,,5.434983498349835e-07,8234,,,,,,,,,
27,,,,,,,,,,8234,0.09913460910320282,,,,,,,,
,,,,,,,,,5.438283828382838e-07,8239,,,,,,,,,
27,,,,,,,,,,8239,0.039556242525577545,,,,,,,,
,,,,,,,,,5.441584158415841e-07,8244,,,,,,,,,
27,,,,,,,,,,8244,0.05703948810696602,,,,,,,,
,,,,,,,,,5.444884488448844e-07,8249,,,,,,,,,
27,,,,,,,,,,8249,0.022708019241690636,,,,,,,,
,,,,,,,,,5.448184818481848e-07,8254,,,,,,,,,
27,,,,,,,,,,8254,0.031006906181573868,,,,,,,,
,,,,,,,,,5.451485148514852e-07,8259,,,,,,,,,
27,,,,,,,,,,8259,0.04583941772580147,,,,,,,,
,,,,,,,,,5.454785478547854e-07,8264,,,,,,,,,
27,,,,,,,,,,8264,0.03711454197764397,,,,,,,,
,,,,,,,,,5.458085808580858e-07,8269,,,,,,,,,
27,,,,,,,,,,8269,0.04171818867325783,,,,,,,,
,,,,,,,,,5.461386138613862e-07,8274,,,,,,,,,
27,,,,,,,,,,8274,0.027701811864972115,,,,,,,,
,,,,,,,,,5.464686468646864e-07,8279,,,,,,,,,
27,,,,,,,,,,8279,0.028528884053230286,,,,,,,,
,,,,,,,,,5.467986798679868e-07,8284,,,,,,,,,
27,,,,,,,,,,8284,0.020353786647319794,,,,,,,,
,,,,,,,,,5.471287128712872e-07,8289,,,,,,,,,
27,,,,,,,,,,8289,0.057697270065546036,,,,,,,,
,,,,,,,,,5.474587458745874e-07,8294,,,,,,,,,
27,,,,,,,,,,8294,0.04572648927569389,,,,,,,,
,,,,,,,,,5.477887788778877e-07,8299,,,,,,,,,
27,,,,,,,,,,8299,0.07069909572601318,,,,,,,,
,,,,,,,,,5.481188118811881e-07,8304,,,,,,,,,
27,,,,,,,,,,8304,0.06071292236447334,,,,,,,,
,,,,,,,,,5.484488448844884e-07,8309,,,,,,,,,
27,,,,,,,,,,8309,0.01614929921925068,,,,,,,,
,,,,,,,,,5.487788778877888e-07,8314,,,,,,,,,
27,,,,,,,,,,8314,0.07246923446655273,,,,,,,,
,,,,,,,,,5.491089108910891e-07,8319,,,,,,,,,
27,,,,,,,,,,8319,0.05017000436782837,,,,,,,,
,,,,,,,,,5.494389438943894e-07,8324,,,,,,,,,
27,,,,,,,,,,8324,0.05839501693844795,,,,,,,,
,,,,,,,,,5.497689768976898e-07,8329,,,,,,,,,
27,,,,,,,,,,8329,0.0439501516520977,,,,,,,,
,,,,,,,,,5.500990099009902e-07,8334,,,,,,,,,
27,,,,,,,,,,8334,0.027786264196038246,,,,,,,,
,,,,,,,,,5.504290429042904e-07,8339,,,,,,,,,
27,,,,,,,,,,8339,0.04084516689181328,,,,,,,,
,,,,,,,,,5.507590759075907e-07,8344,,,,,,,,,
27,,,,,,,,,,8344,0.0339181087911129,,,,,,,,
,,,,,,,,,5.510891089108911e-07,8349,,,,,,,,,
27,,,,,,,,,,8349,0.033210255205631256,,,,,,,,
,,,,,,,,,5.514191419141913e-07,8354,,,,,,,,,
27,,,,,,,,,,8354,0.03421441838145256,,,,,,,,
,,,,,,,,,5.517491749174917e-07,8359,,,,,,,,,
27,,,,,,,,,,8359,0.031794458627700806,,,,,,,,
,,,,,,,,,5.520792079207921e-07,8364,,,,,,,,,
27,,,,,,,,,,8364,0.05822229012846947,,,,,,,,
,,,,,,,,,5.524092409240924e-07,8369,,,,,,,,,
27,,,,,,,,,,8369,0.05205194652080536,,,,,,,,
,,,,,,,,,5.527392739273927e-07,8374,,,,,,,,,
27,,,,,,,,,,8374,0.06442700326442719,,,,,,,,
,,,,,,,,,5.530693069306931e-07,8379,,,,,,,,,
27,,,,,,,,,,8379,0.03599441796541214,,,,,,,,
,,,,,,,,,5.533993399339934e-07,8384,,,,,,,,,
27,,,,,,,,,,8384,0.03766637295484543,,,,,,,,
,,,,,,,,,5.537293729372938e-07,8389,,,,,,,,,
27,,,,,,,,,,8389,0.03577402979135513,,,,,,,,
,,,,,,,,,5.540594059405941e-07,8394,,,,,,,,,
27,,,,,,,,,,8394,0.06312964111566544,,,,,,,,
,,,,,,,,,5.543894389438943e-07,8399,,,,,,,,,
27,,,,,,,,,,8399,0.029386939480900764,,,,,,,,
,,,,,,,,,5.547194719471947e-07,8404,,,,,,,,,
27,,,,,,,,,,8404,0.029815252870321274,,,,,,,,
,,,,,,,,,5.55049504950495e-07,8409,,,,,,,,,
27,,,,,,,,,,8409,0.024870166555047035,,,,,,,,
,,,,,,,,,5.553795379537953e-07,8414,,,,,,,,,
27,,,,,,,,,,8414,0.031707532703876495,,,,,,,,
,,,,,,,,,5.557095709570957e-07,8419,,,,,,,,,
27,,,,,,,,,,8419,0.015004334039986134,,,,,,,,
,,,,,,,,,5.560396039603961e-07,8424,,,,,,,,,
27,,,,,,,,,,8424,0.02517125755548477,,,,,,,,
,,,,,,,,,5.563696369636963e-07,8429,,,,,,,,,
27,,,,,,,,,,8429,0.042966075241565704,,,,,,,,
,,,,,,,,,5.566996699669967e-07,8434,,,,,,,,,
27,,,,,,,,,,8434,0.01851065643131733,,,,,,,,
,,,,,,,,,5.570297029702971e-07,8439,,,,,,,,,
27,,,,,,,,,,8439,0.017506325617432594,,,,,,,,
,,,,,,,,,5.573597359735974e-07,8444,,,,,,,,,
27,,,,,,,,,,8444,0.024218201637268066,,,,,,,,
,,,,,,,,,5.576897689768977e-07,8449,,,,,,,,,
27,,,,,,,,,,8449,0.024802586063742638,,,,,,,,
,,,,,,,,,5.58019801980198e-07,8454,,,,,,,,,
27,,,,,,,,,,8454,0.09044145792722702,,,,,,,,
,,,,,,,,,5.583498349834983e-07,8459,,,,,,,,,
27,,,,,,,,,,8459,0.016977321356534958,,,,,,,,
,,,,,,,,,5.586798679867986e-07,8464,,,,,,,,,
27,,,,,,,,,,8464,0.05062897875905037,,,,,,,,
,,,,,,,,,5.59009900990099e-07,8469,,,,,,,,,
27,,,,,,,,,,8469,0.021655572578310966,,,,,,,,
,,,,,,,,,5.593399339933993e-07,8474,,,,,,,,,
27,,,,,,,,,,8474,0.05326099321246147,,,,,,,,
,,,,,,,,,5.596699669966997e-07,8479,,,,,,,,,
27,,,,,,,,,,8479,0.07483091205358505,,,,,,,,
27,,,,,,,,,,8483,,0.643750011920929,0.6850828528404236,0.07248704880475998,0.07248704880475998,0.4027016758918762,0.6813187003135681,0.6888889074325562,0.43382418155670166
,,,,,,,,,5.6e-07,8484,,,,,,,,,
28,,,,,,,,,,8484,0.05573706701397896,,,,,,,,
,,,,,,,,,5.603300330033003e-07,8489,,,,,,,,,
28,,,,,,,,,,8489,0.03040810115635395,,,,,,,,
,,,,,,,,,5.606600660066007e-07,8494,,,,,,,,,
28,,,,,,,,,,8494,0.054618190973997116,,,,,,,,
,,,,,,,,,5.609900990099011e-07,8499,,,,,,,,,
28,,,,,,,,,,8499,0.03397002071142197,,,,,,,,
,,,,,,,,,5.613201320132012e-07,8504,,,,,,,,,
28,,,,,,,,,,8504,0.06549696624279022,,,,,,,,
,,,,,,,,,5.616501650165016e-07,8509,,,,,,,,,
28,,,,,,,,,,8509,0.04332461208105087,,,,,,,,
,,,,,,,,,5.61980198019802e-07,8514,,,,,,,,,
28,,,,,,,,,,8514,0.0283220112323761,,,,,,,,
,,,,,,,,,5.623102310231022e-07,8519,,,,,,,,,
28,,,,,,,,,,8519,0.04262901842594147,,,,,,,,
,,,,,,,,,5.626402640264026e-07,8524,,,,,,,,,
28,,,,,,,,,,8524,0.03757203742861748,,,,,,,,
,,,,,,,,,5.629702970297029e-07,8529,,,,,,,,,
28,,,,,,,,,,8529,0.03153219446539879,,,,,,,,
,,,,,,,,,5.633003300330033e-07,8534,,,,,,,,,
28,,,,,,,,,,8534,0.027290375903248787,,,,,,,,
,,,,,,,,,5.636303630363036e-07,8539,,,,,,,,,
28,,,,,,,,,,8539,0.03436281159520149,,,,,,,,
,,,,,,,,,5.639603960396039e-07,8544,,,,,,,,,
28,,,,,,,,,,8544,0.034739576280117035,,,,,,,,
,,,,,,,,,5.642904290429043e-07,8549,,,,,,,,,
28,,,,,,,,,,8549,0.015579694882035255,,,,,,,,
,,,,,,,,,5.646204620462047e-07,8554,,,,,,,,,
28,,,,,,,,,,8554,0.042070213705301285,,,,,,,,
,,,,,,,,,5.649504950495048e-07,8559,,,,,,,,,
28,,,,,,,,,,8559,0.04166292026638985,,,,,,,,
,,,,,,,,,5.652805280528052e-07,8564,,,,,,,,,
28,,,,,,,,,,8564,0.033783331513404846,,,,,,,,
,,,,,,,,,5.656105610561056e-07,8569,,,,,,,,,
28,,,,,,,,,,8569,0.0824170708656311,,,,,,,,
,,,,,,,,,5.659405940594058e-07,8574,,,,,,,,,
28,,,,,,,,,,8574,0.10254473239183426,,,,,,,,
,,,,,,,,,5.662706270627062e-07,8579,,,,,,,,,
28,,,,,,,,,,8579,0.01419637631624937,,,,,,,,
,,,,,,,,,5.666006600660066e-07,8584,,,,,,,,,
28,,,,,,,,,,8584,0.05405810847878456,,,,,,,,
,,,,,,,,,5.669306930693069e-07,8589,,,,,,,,,
28,,,,,,,,,,8589,0.04009131342172623,,,,,,,,
,,,,,,,,,5.672607260726072e-07,8594,,,,,,,,,
28,,,,,,,,,,8594,0.033997777849435806,,,,,,,,
,,,,,,,,,5.675907590759076e-07,8599,,,,,,,,,
28,,,,,,,,,,8599,0.06460938602685928,,,,,,,,
,,,,,,,,,5.679207920792079e-07,8604,,,,,,,,,
28,,,,,,,,,,8604,0.021236436441540718,,,,,,,,
,,,,,,,,,5.682508250825083e-07,8609,,,,,,,,,
28,,,,,,,,,,8609,0.03962884470820427,,,,,,,,
,,,,,,,,,5.685808580858085e-07,8614,,,,,,,,,
28,,,,,,,,,,8614,0.02215629816055298,,,,,,,,
,,,,,,,,,5.689108910891088e-07,8619,,,,,,,,,
28,,,,,,,,,,8619,0.06243637204170227,,,,,,,,
,,,,,,,,,5.692409240924092e-07,8624,,,,,,,,,
28,,,,,,,,,,8624,0.03406543284654617,,,,,,,,
,,,,,,,,,5.695709570957095e-07,8629,,,,,,,,,
28,,,,,,,,,,8629,0.04351106286048889,,,,,,,,
,,,,,,,,,5.699009900990098e-07,8634,,,,,,,,,
28,,,,,,,,,,8634,0.05541059002280235,,,,,,,,
,,,,,,,,,5.702310231023102e-07,8639,,,,,,,,,
28,,,,,,,,,,8639,0.033536333590745926,,,,,,,,
,,,,,,,,,5.705610561056106e-07,8644,,,,,,,,,
28,,,,,,,,,,8644,0.046638038009405136,,,,,,,,
,,,,,,,,,5.708910891089108e-07,8649,,,,,,,,,
28,,,,,,,,,,8649,0.0036609265953302383,,,,,,,,
,,,,,,,,,5.712211221122112e-07,8654,,,,,,,,,
28,,,,,,,,,,8654,0.05321969836950302,,,,,,,,
,,,,,,,,,5.715511551155116e-07,8659,,,,,,,,,
28,,,,,,,,,,8659,0.037194281816482544,,,,,,,,
,,,,,,,,,5.718811881188119e-07,8664,,,,,,,,,
28,,,,,,,,,,8664,0.06312625855207443,,,,,,,,
,,,,,,,,,5.722112211221121e-07,8669,,,,,,,,,
28,,,,,,,,,,8669,0.018609773367643356,,,,,,,,
,,,,,,,,,5.725412541254125e-07,8674,,,,,,,,,
28,,,,,,,,,,8674,0.06227488070726395,,,,,,,,
,,,,,,,,,5.728712871287128e-07,8679,,,,,,,,,
28,,,,,,,,,,8679,0.018771328032016754,,,,,,,,
,,,,,,,,,5.732013201320132e-07,8684,,,,,,,,,
28,,,,,,,,,,8684,0.06557516008615494,,,,,,,,
,,,,,,,,,5.735313531353135e-07,8689,,,,,,,,,
28,,,,,,,,,,8689,0.005978579167276621,,,,,,,,
,,,,,,,,,5.738613861386138e-07,8694,,,,,,,,,
28,,,,,,,,,,8694,0.03799393028020859,,,,,,,,
,,,,,,,,,5.741914191419142e-07,8699,,,,,,,,,
28,,,,,,,,,,8699,0.0339127853512764,,,,,,,,
,,,,,,,,,5.745214521452145e-07,8704,,,,,,,,,
28,,,,,,,,,,8704,0.025336818769574165,,,,,,,,
,,,,,,,,,5.748514851485148e-07,8709,,,,,,,,,
28,,,,,,,,,,8709,0.04087673872709274,,,,,,,,
,,,,,,,,,5.751815181518152e-07,8714,,,,,,,,,
28,,,,,,,,,,8714,0.04870057478547096,,,,,,,,
,,,,,,,,,5.755115511551156e-07,8719,,,,,,,,,
28,,,,,,,,,,8719,0.029358267784118652,,,,,,,,
,,,,,,,,,5.758415841584157e-07,8724,,,,,,,,,
28,,,,,,,,,,8724,0.05118866264820099,,,,,,,,
,,,,,,,,,5.761716171617161e-07,8729,,,,,,,,,
28,,,,,,,,,,8729,0.045998502522706985,,,,,,,,
,,,,,,,,,5.765016501650165e-07,8734,,,,,,,,,
28,,,,,,,,,,8734,0.029842529445886612,,,,,,,,
,,,,,,,,,5.768316831683168e-07,8739,,,,,,,,,
28,,,,,,,,,,8739,0.02182522416114807,,,,,,,,
,,,,,,,,,5.771617161716171e-07,8744,,,,,,,,,
28,,,,,,,,,,8744,0.046931181102991104,,,,,,,,
,,,,,,,,,5.774917491749175e-07,8749,,,,,,,,,
28,,,,,,,,,,8749,0.07247402518987656,,,,,,,,
,,,,,,,,,5.778217821782178e-07,8754,,,,,,,,,
28,,,,,,,,,,8754,0.06651057302951813,,,,,,,,
,,,,,,,,,5.781518151815181e-07,8759,,,,,,,,,
28,,,,,,,,,,8759,0.039805516600608826,,,,,,,,
,,,,,,,,,5.784818481848185e-07,8764,,,,,,,,,
28,,,,,,,,,,8764,0.062265537679195404,,,,,,,,
,,,,,,,,,5.788118811881188e-07,8769,,,,,,,,,
28,,,,,,,,,,8769,0.05667812004685402,,,,,,,,
,,,,,,,,,5.791419141914191e-07,8774,,,,,,,,,
28,,,,,,,,,,8774,0.0469881109893322,,,,,,,,
,,,,,,,,,5.794719471947194e-07,8779,,,,,,,,,
28,,,,,,,,,,8779,0.026805033907294273,,,,,,,,
,,,,,,,,,5.798019801980197e-07,8784,,,,,,,,,
28,,,,,,,,,,8784,0.016721630468964577,,,,,,,,
28,,,,,,,,,,8786,,0.6499999761581421,0.6818181872367859,0.07096045464277267,0.07096045464277267,0.4162522554397583,0.6976743936538696,0.6666666865348816,0.44124963879585266
,,,,,,,,,5.801320132013201e-07,8789,,,,,,,,,
29,,,,,,,,,,8789,0.014255397953093052,,,,,,,,
,,,,,,,,,5.804620462046205e-07,8794,,,,,,,,,
29,,,,,,,,,,8794,0.021484769880771637,,,,,,,,
,,,,,,,,,5.807920792079207e-07,8799,,,,,,,,,
29,,,,,,,,,,8799,0.026939887553453445,,,,,,,,
,,,,,,,,,5.811221122112211e-07,8804,,,,,,,,,
29,,,,,,,,,,8804,0.02757997065782547,,,,,,,,
,,,,,,,,,5.814521452145215e-07,8809,,,,,,,,,
29,,,,,,,,,,8809,0.026839617639780045,,,,,,,,
,,,,,,,,,5.817821782178217e-07,8814,,,,,,,,,
29,,,,,,,,,,8814,0.026900924742221832,,,,,,,,
,,,,,,,,,5.821122112211221e-07,8819,,,,,,,,,
29,,,,,,,,,,8819,0.06601345539093018,,,,,,,,
,,,,,,,,,5.824422442244225e-07,8824,,,,,,,,,
29,,,,,,,,,,8824,0.02079102024435997,,,,,,,,
,,,,,,,,,5.827722772277227e-07,8829,,,,,,,,,
29,,,,,,,,,,8829,0.057479072362184525,,,,,,,,
,,,,,,,,,5.83102310231023e-07,8834,,,,,,,,,
29,,,,,,,,,,8834,0.04479409009218216,,,,,,,,
,,,,,,,,,5.834323432343234e-07,8839,,,,,,,,,
29,,,,,,,,,,8839,0.05633801594376564,,,,,,,,
,,,,,,,,,5.837623762376237e-07,8844,,,,,,,,,
29,,,,,,,,,,8844,0.03428729623556137,,,,,,,,
,,,,,,,,,5.840924092409241e-07,8849,,,,,,,,,
29,,,,,,,,,,8849,0.013489763252437115,,,,,,,,
,,,,,,,,,5.844224422442244e-07,8854,,,,,,,,,
29,,,,,,,,,,8854,0.0383949913084507,,,,,,,,
,,,,,,,,,5.847524752475247e-07,8859,,,,,,,,,
29,,,,,,,,,,8859,0.033209383487701416,,,,,,,,
,,,,,,,,,5.850825082508251e-07,8864,,,,,,,,,
29,,,,,,,,,,8864,0.08686026930809021,,,,,,,,
,,,,,,,,,5.854125412541255e-07,8869,,,,,,,,,
29,,,,,,,,,,8869,0.025960778817534447,,,,,,,,
,,,,,,,,,5.857425742574257e-07,8874,,,,,,,,,
29,,,,,,,,,,8874,0.017380081117153168,,,,,,,,
,,,,,,,,,5.860726072607261e-07,8879,,,,,,,,,
29,,,,,,,,,,8879,0.024771450087428093,,,,,,,,
,,,,,,,,,5.864026402640264e-07,8884,,,,,,,,,
29,,,,,,,,,,8884,0.016111548990011215,,,,,,,,
,,,,,,,,,5.867326732673266e-07,8889,,,,,,,,,
29,,,,,,,,,,8889,0.02184581756591797,,,,,,,,
,,,,,,,,,5.87062706270627e-07,8894,,,,,,,,,
29,,,,,,,,,,8894,0.06177498772740364,,,,,,,,
,,,,,,,,,5.873927392739274e-07,8899,,,,,,,,,
29,,,,,,,,,,8899,0.049335744231939316,,,,,,,,
,,,,,,,,,5.877227722772277e-07,8904,,,,,,,,,
29,,,,,,,,,,8904,0.019427776336669922,,,,,,,,
,,,,,,,,,5.88052805280528e-07,8909,,,,,,,,,
29,,,,,,,,,,8909,0.03738434612751007,,,,,,,,
,,,,,,,,,5.883828382838284e-07,8914,,,,,,,,,
29,,,,,,,,,,8914,0.02557956427335739,,,,,,,,
,,,,,,,,,5.887128712871287e-07,8919,,,,,,,,,
29,,,,,,,,,,8919,0.03870223090052605,,,,,,,,
,,,,,,,,,5.890429042904291e-07,8924,,,,,,,,,
29,,,,,,,,,,8924,0.052742574363946915,,,,,,,,
,,,,,,,,,5.893729372937294e-07,8929,,,,,,,,,
29,,,,,,,,,,8929,0.01183817908167839,,,,,,,,
,,,,,,,,,5.897029702970296e-07,8934,,,,,,,,,
29,,,,,,,,,,8934,0.03210040554404259,,,,,,,,
,,,,,,,,,5.9003300330033e-07,8939,,,,,,,,,
29,,,,,,,,,,8939,0.026416966691613197,,,,,,,,
,,,,,,,,,5.903630363036303e-07,8944,,,,,,,,,
29,,,,,,,,,,8944,0.026655200868844986,,,,,,,,
,,,,,,,,,5.906930693069306e-07,8949,,,,,,,,,
29,,,,,,,,,,8949,0.03008696623146534,,,,,,,,
,,,,,,,,,5.91023102310231e-07,8954,,,,,,,,,
29,,,,,,,,,,8954,0.041570406407117844,,,,,,,,
,,,,,,,,,5.913531353135314e-07,8959,,,,,,,,,
29,,,,,,,,,,8959,0.03772364929318428,,,,,,,,
,,,,,,,,,5.916831683168316e-07,8964,,,,,,,,,
29,,,,,,,,,,8964,0.03011140413582325,,,,,,,,
,,,,,,,,,5.92013201320132e-07,8969,,,,,,,,,
29,,,,,,,,,,8969,0.024926885962486267,,,,,,,,
,,,,,,,,,5.923432343234324e-07,8974,,,,,,,,,
29,,,,,,,,,,8974,0.0126089658588171,,,,,,,,
,,,,,,,,,5.926732673267327e-07,8979,,,,,,,,,
29,,,,,,,,,,8979,0.04655018448829651,,,,,,,,
,,,,,,,,,5.93003300330033e-07,8984,,,,,,,,,
29,,,,,,,,,,8984,0.020959563553333282,,,,,,,,
,,,,,,,,,5.933333333333334e-07,8989,,,,,,,,,
29,,,,,,,,,,8989,0.014213665388524532,,,,,,,,
,,,,,,,,,5.936633663366336e-07,8994,,,,,,,,,
29,,,,,,,,,,8994,0.05414454638957977,,,,,,,,
,,,,,,,,,5.939933993399339e-07,8999,,,,,,,,,
29,,,,,,,,,,8999,0.022525141015648842,,,,,,,,
,,,,,,,,,5.943234323432343e-07,9004,,,,,,,,,
29,,,,,,,,,,9004,0.025177855044603348,,,,,,,,
,,,,,,,,,5.946534653465346e-07,9009,,,,,,,,,
29,,,,,,,,,,9009,0.02087232656776905,,,,,,,,
,,,,,,,,,5.94983498349835e-07,9014,,,,,,,,,
29,,,,,,,,,,9014,0.028942646458745003,,,,,,,,
,,,,,,,,,5.953135313531353e-07,9019,,,,,,,,,
29,,,,,,,,,,9019,0.03200072422623634,,,,,,,,
,,,,,,,,,5.956435643564356e-07,9024,,,,,,,,,
29,,,,,,,,,,9024,0.04181399568915367,,,,,,,,
,,,,,,,,,5.95973597359736e-07,9029,,,,,,,,,
29,,,,,,,,,,9029,0.02964847721159458,,,,,,,,
,,,,,,,,,5.963036303630364e-07,9034,,,,,,,,,
29,,,,,,,,,,9034,0.06158012896776199,,,,,,,,
,,,,,,,,,5.966336633663366e-07,9039,,,,,,,,,
29,,,,,,,,,,9039,0.05542300269007683,,,,,,,,
,,,,,,,,,5.969636963696369e-07,9044,,,,,,,,,
29,,,,,,,,,,9044,0.06346850097179413,,,,,,,,
,,,,,,,,,5.972937293729373e-07,9049,,,,,,,,,
29,,,,,,,,,,9049,0.03577399253845215,,,,,,,,
,,,,,,,,,5.976237623762375e-07,9054,,,,,,,,,
29,,,,,,,,,,9054,0.02937822975218296,,,,,,,,
,,,,,,,,,5.979537953795379e-07,9059,,,,,,,,,
29,,,,,,,,,,9059,0.04028457775712013,,,,,,,,
,,,,,,,,,5.982838283828383e-07,9064,,,,,,,,,
29,,,,,,,,,,9064,0.025001293048262596,,,,,,,,
,,,,,,,,,5.986138613861386e-07,9069,,,,,,,,,
29,,,,,,,,,,9069,0.016266658902168274,,,,,,,,
,,,,,,,,,5.989438943894389e-07,9074,,,,,,,,,
29,,,,,,,,,,9074,0.0330544151365757,,,,,,,,
,,,,,,,,,5.992739273927393e-07,9079,,,,,,,,,
29,,,,,,,,,,9079,0.016206936910748482,,,,,,,,
,,,,,,,,,5.996039603960396e-07,9084,,,,,,,,,
29,,,,,,,,,,9084,0.054114870727062225,,,,,,,,
,,,,,,,,,5.9993399339934e-07,9089,,,,,,,,,
29,,,,,,,,,,9089,0.08745705336332321,,,,,,,,
29,,,,,,,,,,9089,,0.65625,0.6994535326957703,0.07243207097053528,0.07243207097053528,0.4229263365268707,0.6881720423698425,0.7111111283302307,0.44327211380004883
,,,,,,,,,6.002640264026403e-07,9094,,,,,,,,,
30,,,,,,,,,,9094,0.01829228363931179,,,,,,,,
,,,,,,,,,6.005940594059405e-07,9099,,,,,,,,,
30,,,,,,,,,,9099,0.015875432640314102,,,,,,,,
,,,,,,,,,6.009240924092409e-07,9104,,,,,,,,,
30,,,,,,,,,,9104,0.0306614488363266,,,,,,,,
,,,,,,,,,6.012541254125413e-07,9109,,,,,,,,,
30,,,,,,,,,,9109,0.044538214802742004,,,,,,,,
,,,,,,,,,6.015841584158415e-07,9114,,,,,,,,,
30,,,,,,,,,,9114,0.0374479666352272,,,,,,,,
,,,,,,,,,6.019141914191419e-07,9119,,,,,,,,,
30,,,,,,,,,,9119,0.019732913002371788,,,,,,,,
,,,,,,,,,6.022442244224423e-07,9124,,,,,,,,,
30,,,,,,,,,,9124,0.030255209654569626,,,,,,,,
,,,,,,,,,6.025742574257425e-07,9129,,,,,,,,,
30,,,,,,,,,,9129,0.024924498051404953,,,,,,,,
,,,,,,,,,6.029042904290429e-07,9134,,,,,,,,,
30,,,,,,,,,,9134,0.04172827675938606,,,,,,,,
,,,,,,,,,6.032343234323433e-07,9139,,,,,,,,,
30,,,,,,,,,,9139,0.04890898987650871,,,,,,,,
,,,,,,,,,6.035643564356436e-07,9144,,,,,,,,,
30,,,,,,,,,,9144,0.02577424980700016,,,,,,,,
,,,,,,,,,6.038943894389439e-07,9149,,,,,,,,,
30,,,,,,,,,,9149,0.032756008207798004,,,,,,,,
,,,,,,,,,6.042244224422441e-07,9154,,,,,,,,,
30,,,,,,,,,,9154,0.026159239932894707,,,,,,,,
,,,,,,,,,6.045544554455445e-07,9159,,,,,,,,,
30,,,,,,,,,,9159,0.05502910912036896,,,,,,,,
,,,,,,,,,6.048844884488449e-07,9164,,,,,,,,,
30,,,,,,,,,,9164,0.03856886178255081,,,,,,,,
,,,,,,,,,6.052145214521451e-07,9169,,,,,,,,,
30,,,,,,,,,,9169,0.032140400260686874,,,,,,,,
,,,,,,,,,6.055445544554455e-07,9174,,,,,,,,,
30,,,,,,,,,,9174,0.048335134983062744,,,,,,,,
,,,,,,,,,6.058745874587459e-07,9179,,,,,,,,,
30,,,,,,,,,,9179,0.04076043888926506,,,,,,,,
,,,,,,,,,6.062046204620461e-07,9184,,,,,,,,,
30,,,,,,,,,,9184,0.016023462638258934,,,,,,,,
,,,,,,,,,6.065346534653465e-07,9189,,,,,,,,,
30,,,,,,,,,,9189,0.013295859098434448,,,,,,,,
,,,,,,,,,6.068646864686469e-07,9194,,,,,,,,,
30,,,,,,,,,,9194,0.027509255334734917,,,,,,,,
,,,,,,,,,6.071947194719472e-07,9199,,,,,,,,,
30,,,,,,,,,,9199,0.036045704036951065,,,,,,,,
,,,,,,,,,6.075247524752474e-07,9204,,,,,,,,,
30,,,,,,,,,,9204,0.02394317090511322,,,,,,,,
,,,,,,,,,6.078547854785478e-07,9209,,,,,,,,,
30,,,,,,,,,,9209,0.052456747740507126,,,,,,,,
,,,,,,,,,6.081848184818481e-07,9214,,,,,,,,,
30,,,,,,,,,,9214,0.026557791978120804,,,,,,,,
,,,,,,,,,6.085148514851485e-07,9219,,,,,,,,,
30,,,,,,,,,,9219,0.02429266646504402,,,,,,,,
,,,,,,,,,6.088448844884488e-07,9224,,,,,,,,,
30,,,,,,,,,,9224,0.05574418604373932,,,,,,,,
,,,,,,,,,6.091749174917491e-07,9229,,,,,,,,,
30,,,,,,,,,,9229,0.03273877128958702,,,,,,,,
,,,,,,,,,6.095049504950495e-07,9234,,,,,,,,,
30,,,,,,,,,,9234,0.03714549541473389,,,,,,,,
,,,,,,,,,6.098349834983498e-07,9239,,,,,,,,,
30,,,,,,,,,,9239,0.020451435819268227,,,,,,,,
,,,,,,,,,6.101650165016501e-07,9244,,,,,,,,,
30,,,,,,,,,,9244,0.025642620399594307,,,,,,,,
,,,,,,,,,6.104950495049505e-07,9249,,,,,,,,,
30,,,,,,,,,,9249,0.024117492139339447,,,,,,,,
,,,,,,,,,6.108250825082509e-07,9254,,,,,,,,,
30,,,,,,,,,,9254,0.026481278240680695,,,,,,,,
,,,,,,,,,6.11155115511551e-07,9259,,,,,,,,,
30,,,,,,,,,,9259,0.05442286282777786,,,,,,,,
,,,,,,,,,6.114851485148514e-07,9264,,,,,,,,,
30,,,,,,,,,,9264,0.02013367973268032,,,,,,,,
,,,,,,,,,6.118151815181518e-07,9269,,,,,,,,,
30,,,,,,,,,,9269,0.02733115293085575,,,,,,,,
,,,,,,,,,6.12145214521452e-07,9274,,,,,,,,,
30,,,,,,,,,,9274,0.043748654425144196,,,,,,,,
,,,,,,,,,6.124752475247524e-07,9279,,,,,,,,,
30,,,,,,,,,,9279,0.0646086111664772,,,,,,,,
,,,,,,,,,6.128052805280528e-07,9284,,,,,,,,,
30,,,,,,,,,,9284,0.010222649201750755,,,,,,,,
,,,,,,,,,6.131353135313531e-07,9289,,,,,,,,,
30,,,,,,,,,,9289,0.01097757089883089,,,,,,,,
,,,,,,,,,6.134653465346534e-07,9294,,,,,,,,,
30,,,,,,,,,,9294,0.025096464902162552,,,,,,,,
,,,,,,,,,6.137953795379538e-07,9299,,,,,,,,,
30,,,,,,,,,,9299,0.01710977777838707,,,,,,,,
,,,,,,,,,6.141254125412541e-07,9304,,,,,,,,,
30,,,,,,,,,,9304,0.014393702149391174,,,,,,,,
,,,,,,,,,6.144554455445545e-07,9309,,,,,,,,,
30,,,,,,,,,,9309,0.052530962973833084,,,,,,,,
,,,,,,,,,6.147854785478547e-07,9314,,,,,,,,,
30,,,,,,,,,,9314,0.015879938378930092,,,,,,,,
,,,,,,,,,6.15115511551155e-07,9319,,,,,,,,,
30,,,,,,,,,,9319,0.021266300231218338,,,,,,,,
,,,,,,,,,6.154455445544554e-07,9324,,,,,,,,,
30,,,,,,,,,,9324,0.05649573728442192,,,,,,,,
,,,,,,,,,6.157755775577558e-07,9329,,,,,,,,,
30,,,,,,,,,,9329,0.025389431044459343,,,,,,,,
,,,,,,,,,6.16105610561056e-07,9334,,,,,,,,,
30,,,,,,,,,,9334,0.02126324363052845,,,,,,,,
,,,,,,,,,6.164356435643564e-07,9339,,,,,,,,,
30,,,,,,,,,,9339,0.06951137632131577,,,,,,,,
,,,,,,,,,6.167656765676568e-07,9344,,,,,,,,,
30,,,,,,,,,,9344,0.05351024121046066,,,,,,,,
,,,,,,,,,6.17095709570957e-07,9349,,,,,,,,,
30,,,,,,,,,,9349,0.02288776822388172,,,,,,,,
,,,,,,,,,6.174257425742574e-07,9354,,,,,,,,,
30,,,,,,,,,,9354,0.031885210424661636,,,,,,,,
,,,,,,,,,6.177557755775578e-07,9359,,,,,,,,,
30,,,,,,,,,,9359,0.03790752962231636,,,,,,,,
,,,,,,,,,6.18085808580858e-07,9364,,,,,,,,,
30,,,,,,,,,,9364,0.023222239688038826,,,,,,,,
,,,,,,,,,6.184158415841583e-07,9369,,,,,,,,,
30,,,,,,,,,,9369,0.06331004947423935,,,,,,,,
,,,,,,,,,6.187458745874587e-07,9374,,,,,,,,,
30,,,,,,,,,,9374,0.04896264150738716,,,,,,,,
,,,,,,,,,6.19075907590759e-07,9379,,,,,,,,,
30,,,,,,,,,,9379,0.02171085774898529,,,,,,,,
,,,,,,,,,6.194059405940594e-07,9384,,,,,,,,,
30,,,,,,,,,,9384,0.04561856389045715,,,,,,,,
,,,,,,,,,6.197359735973597e-07,9389,,,,,,,,,
30,,,,,,,,,,9389,0.07337570935487747,,,,,,,,
30,,,,,,,,,,9392,,0.643750011920929,0.6850828528404236,0.07255706936120987,0.07255706936120987,0.42042696475982666,0.6813187003135681,0.6888889074325562,0.4414461851119995
,,,,,,,,,6.2006600660066e-07,9394,,,,,,,,,
31,,,,,,,,,,9394,0.02129613608121872,,,,,,,,
,,,,,,,,,6.203960396039604e-07,9399,,,,,,,,,
31,,,,,,,,,,9399,0.04670131206512451,,,,,,,,
,,,,,,,,,6.207260726072608e-07,9404,,,,,,,,,
31,,,,,,,,,,9404,0.024977829307317734,,,,,,,,
,,,,,,,,,6.21056105610561e-07,9409,,,,,,,,,
31,,,,,,,,,,9409,0.011794538237154484,,,,,,,,
,,,,,,,,,6.213861386138614e-07,9414,,,,,,,,,
31,,,,,,,,,,9414,0.025610659271478653,,,,,,,,
,,,,,,,,,6.217161716171617e-07,9419,,,,,,,,,
31,,,,,,,,,,9419,0.037762414664030075,,,,,,,,
,,,,,,,,,6.220462046204619e-07,9424,,,,,,,,,
31,,,,,,,,,,9424,0.0206593107432127,,,,,,,,
,,,,,,,,,6.223762376237623e-07,9429,,,,,,,,,
31,,,,,,,,,,9429,0.037827663123607635,,,,,,,,
,,,,,,,,,6.227062706270627e-07,9434,,,,,,,,,
31,,,,,,,,,,9434,0.007929648272693157,,,,,,,,
,,,,,,,,,6.23036303630363e-07,9439,,,,,,,,,
31,,,,,,,,,,9439,0.02897723764181137,,,,,,,,
,,,,,,,,,6.233663366336633e-07,9444,,,,,,,,,
31,,,,,,,,,,9444,0.030297063291072845,,,,,,,,
,,,,,,,,,6.236963696369637e-07,9449,,,,,,,,,
31,,,,,,,,,,9449,0.03880397230386734,,,,,,,,
,,,,,,,,,6.24026402640264e-07,9454,,,,,,,,,
31,,,,,,,,,,9454,0.042451728135347366,,,,,,,,
,,,,,,,,,6.243564356435644e-07,9459,,,,,,,,,
31,,,,,,,,,,9459,0.036398857831954956,,,,,,,,
,,,,,,,,,6.246864686468647e-07,9464,,,,,,,,,
31,,,,,,,,,,9464,0.010362234897911549,,,,,,,,
,,,,,,,,,6.25016501650165e-07,9469,,,,,,,,,
31,,,,,,,,,,9469,0.03676784411072731,,,,,,,,
,,,,,,,,,6.253465346534653e-07,9474,,,,,,,,,
31,,,,,,,,,,9474,0.016522426158189774,,,,,,,,
,,,,,,,,,6.256765676567656e-07,9479,,,,,,,,,
31,,,,,,,,,,9479,0.04821900650858879,,,,,,,,
,,,,,,,,,6.260066006600659e-07,9484,,,,,,,,,
31,,,,,,,,,,9484,0.021736610680818558,,,,,,,,
,,,,,,,,,6.263366336633663e-07,9489,,,,,,,,,
31,,,,,,,,,,9489,0.02668667957186699,,,,,,,,
,,,,,,,,,6.266666666666667e-07,9494,,,,,,,,,
31,,,,,,,,,,9494,0.014142959378659725,,,,,,,,
,,,,,,,,,6.269966996699669e-07,9499,,,,,,,,,
31,,,,,,,,,,9499,0.022482244297862053,,,,,,,,
,,,,,,,,,6.273267326732673e-07,9504,,,,,,,,,
31,,,,,,,,,,9504,0.04035155475139618,,,,,,,,
,,,,,,,,,6.276567656765677e-07,9509,,,,,,,,,
31,,,,,,,,,,9509,0.055635254830121994,,,,,,,,
,,,,,,,,,6.27986798679868e-07,9514,,,,,,,,,
31,,,,,,,,,,9514,0.02013515681028366,,,,,,,,
,,,,,,,,,6.283168316831683e-07,9519,,,,,,,,,
31,,,,,,,,,,9519,0.03546595200896263,,,,,,,,
,,,,,,,,,6.286468646864687e-07,9524,,,,,,,,,
31,,,,,,,,,,9524,0.02645394392311573,,,,,,,,
,,,,,,,,,6.289768976897689e-07,9529,,,,,,,,,
31,,,,,,,,,,9529,0.020007751882076263,,,,,,,,
,,,,,,,,,6.293069306930692e-07,9534,,,,,,,,,
31,,,,,,,,,,9534,0.0161590613424778,,,,,,,,
,,,,,,,,,6.296369636963696e-07,9539,,,,,,,,,
31,,,,,,,,,,9539,0.004594753962010145,,,,,,,,
,,,,,,,,,6.299669966996699e-07,9544,,,,,,,,,
31,,,,,,,,,,9544,0.05439658463001251,,,,,,,,
,,,,,,,,,6.302970297029703e-07,9549,,,,,,,,,
31,,,,,,,,,,9549,0.041792966425418854,,,,,,,,
,,,,,,,,,6.306270627062706e-07,9554,,,,,,,,,
31,,,,,,,,,,9554,0.011699059046804905,,,,,,,,
,,,,,,,,,6.309570957095709e-07,9559,,,,,,,,,
31,,,,,,,,,,9559,0.01205673161894083,,,,,,,,
,,,,,,,,,6.312871287128713e-07,9564,,,,,,,,,
31,,,,,,,,,,9564,0.0512101948261261,,,,,,,,
,,,,,,,,,6.316171617161717e-07,9569,,,,,,,,,
31,,,,,,,,,,9569,0.03050348535180092,,,,,,,,
,,,,,,,,,6.319471947194719e-07,9574,,,,,,,,,
31,,,,,,,,,,9574,0.05763924866914749,,,,,,,,
,,,,,,,,,6.322772277227723e-07,9579,,,,,,,,,
31,,,,,,,,,,9579,0.06184732913970947,,,,,,,,
,,,,,,,,,6.326072607260726e-07,9584,,,,,,,,,
31,,,,,,,,,,9584,0.017754124477505684,,,,,,,,
,,,,,,,,,6.329372937293728e-07,9589,,,,,,,,,
31,,,,,,,,,,9589,0.016510827466845512,,,,,,,,
,,,,,,,,,6.332673267326732e-07,9594,,,,,,,,,
31,,,,,,,,,,9594,0.02432010881602764,,,,,,,,
,,,,,,,,,6.335973597359736e-07,9599,,,,,,,,,
31,,,,,,,,,,9599,0.05061633884906769,,,,,,,,
,,,,,,,,,6.339273927392739e-07,9604,,,,,,,,,
31,,,,,,,,,,9604,0.03381839394569397,,,,,,,,
,,,,,,,,,6.342574257425742e-07,9609,,,,,,,,,
31,,,,,,,,,,9609,0.04496235400438309,,,,,,,,
,,,,,,,,,6.345874587458746e-07,9614,,,,,,,,,
31,,,,,,,,,,9614,0.03398967161774635,,,,,,,,
,,,,,,,,,6.349174917491749e-07,9619,,,,,,,,,
31,,,,,,,,,,9619,0.029206356033682823,,,,,,,,
,,,,,,,,,6.352475247524753e-07,9624,,,,,,,,,
31,,,,,,,,,,9624,0.024517348036170006,,,,,,,,
,,,,,,,,,6.355775577557756e-07,9629,,,,,,,,,
31,,,,,,,,,,9629,0.029875170439481735,,,,,,,,
,,,,,,,,,6.359075907590758e-07,9634,,,,,,,,,
31,,,,,,,,,,9634,0.0446990467607975,,,,,,,,
,,,,,,,,,6.362376237623762e-07,9639,,,,,,,,,
31,,,,,,,,,,9639,0.019650109112262726,,,,,,,,
,,,,,,,,,6.365676567656766e-07,9644,,,,,,,,,
31,,,,,,,,,,9644,0.018417084589600563,,,,,,,,
,,,,,,,,,6.368976897689768e-07,9649,,,,,,,,,
31,,,,,,,,,,9649,0.034906309098005295,,,,,,,,
,,,,,,,,,6.372277227722772e-07,9654,,,,,,,,,
31,,,,,,,,,,9654,0.01590961590409279,,,,,,,,
,,,,,,,,,6.375577557755776e-07,9659,,,,,,,,,
31,,,,,,,,,,9659,0.011332903988659382,,,,,,,,
,,,,,,,,,6.378877887788778e-07,9664,,,,,,,,,
31,,,,,,,,,,9664,0.03975962474942207,,,,,,,,
,,,,,,,,,6.382178217821782e-07,9669,,,,,,,,,
31,,,,,,,,,,9669,0.04438026249408722,,,,,,,,
,,,,,,,,,6.385478547854786e-07,9674,,,,,,,,,
31,,,,,,,,,,9674,0.027111085131764412,,,,,,,,
,,,,,,,,,6.388778877887789e-07,9679,,,,,,,,,
31,,,,,,,,,,9679,0.01232883706688881,,,,,,,,
,,,,,,,,,6.392079207920792e-07,9684,,,,,,,,,
31,,,,,,,,,,9684,0.028691047802567482,,,,,,,,
,,,,,,,,,6.395379537953795e-07,9689,,,,,,,,,
31,,,,,,,,,,9689,0.033270351588726044,,,,,,,,
,,,,,,,,,6.398679867986798e-07,9694,,,,,,,,,
31,,,,,,,,,,9694,0.032385531812906265,,,,,,,,
31,,,,,,,,,,9695,,0.675000011920929,0.7011494040489197,0.07144224643707275,0.07144224643707275,0.4254671335220337,0.726190447807312,0.6777777671813965,0.44891709089279175
,,,,,,,,,6.401980198019802e-07,9699,,,,,,,,,
32,,,,,,,,,,9699,0.022305399179458618,,,,,,,,
,,,,,,,,,6.405280528052805e-07,9704,,,,,,,,,
32,,,,,,,,,,9704,0.035872623324394226,,,,,,,,
,,,,,,,,,6.408580858085808e-07,9709,,,,,,,,,
32,,,,,,,,,,9709,0.017849266529083252,,,,,,,,
,,,,,,,,,6.411881188118812e-07,9714,,,,,,,,,
32,,,,,,,,,,9714,0.033940639346838,,,,,,,,
,,,,,,,,,6.415181518151815e-07,9719,,,,,,,,,
32,,,,,,,,,,9719,0.01856042630970478,,,,,,,,
,,,,,,,,,6.418481848184818e-07,9724,,,,,,,,,
32,,,,,,,,,,9724,0.026220208033919334,,,,,,,,
,,,,,,,,,6.421782178217822e-07,9729,,,,,,,,,
32,,,,,,,,,,9729,0.033431991934776306,,,,,,,,
,,,,,,,,,6.425082508250826e-07,9734,,,,,,,,,
32,,,,,,,,,,9734,0.02251514047384262,,,,,,,,
,,,,,,,,,6.428382838283828e-07,9739,,,,,,,,,
32,,,,,,,,,,9739,0.0226241797208786,,,,,,,,
,,,,,,,,,6.431683168316831e-07,9744,,,,,,,,,
32,,,,,,,,,,9744,0.01897677220404148,,,,,,,,
,,,,,,,,,6.434983498349835e-07,9749,,,,,,,,,
32,,,,,,,,,,9749,0.04120296612381935,,,,,,,,
,,,,,,,,,6.438283828382838e-07,9754,,,,,,,,,
32,,,,,,,,,,9754,0.024742458015680313,,,,,,,,
,,,,,,,,,6.441584158415841e-07,9759,,,,,,,,,
32,,,,,,,,,,9759,0.018689993768930435,,,,,,,,
,,,,,,,,,6.444884488448845e-07,9764,,,,,,,,,
32,,,,,,,,,,9764,0.048099834471940994,,,,,,,,
,,,,,,,,,6.448184818481848e-07,9769,,,,,,,,,
32,,,,,,,,,,9769,0.027350472286343575,,,,,,,,
,,,,,,,,,6.451485148514852e-07,9774,,,,,,,,,
32,,,,,,,,,,9774,0.0362798273563385,,,,,,,,
,,,,,,,,,6.454785478547855e-07,9779,,,,,,,,,
32,,,,,,,,,,9779,0.043670300394296646,,,,,,,,
,,,,,,,,,6.458085808580858e-07,9784,,,,,,,,,
32,,,,,,,,,,9784,0.018292222172021866,,,,,,,,
,,,,,,,,,6.461386138613862e-07,9789,,,,,,,,,
32,,,,,,,,,,9789,0.019561687484383583,,,,,,,,
,,,,,,,,,6.464686468646863e-07,9794,,,,,,,,,
32,,,,,,,,,,9794,0.021331969648599625,,,,,,,,
,,,,,,,,,6.467986798679867e-07,9799,,,,,,,,,
32,,,,,,,,,,9799,0.011854655109345913,,,,,,,,
,,,,,,,,,6.471287128712871e-07,9804,,,,,,,,,
32,,,,,,,,,,9804,0.022589748725295067,,,,,,,,
,,,,,,,,,6.474587458745874e-07,9809,,,,,,,,,
32,,,,,,,,,,9809,0.06796766072511673,,,,,,,,
,,,,,,,,,6.477887788778877e-07,9814,,,,,,,,,
32,,,,,,,,,,9814,0.019781459122896194,,,,,,,,
,,,,,,,,,6.481188118811881e-07,9819,,,,,,,,,
32,,,,,,,,,,9819,0.00835471786558628,,,,,,,,
,,,,,,,,,6.484488448844884e-07,9824,,,,,,,,,
32,,,,,,,,,,9824,0.023731648921966553,,,,,,,,
,,,,,,,,,6.487788778877888e-07,9829,,,,,,,,,
32,,,,,,,,,,9829,0.0480603463947773,,,,,,,,
,,,,,,,,,6.491089108910891e-07,9834,,,,,,,,,
32,,,,,,,,,,9834,0.029923774302005768,,,,,,,,
,,,,,,,,,6.494389438943894e-07,9839,,,,,,,,,
32,,,,,,,,,,9839,0.016993455588817596,,,,,,,,
,,,,,,,,,6.497689768976898e-07,9844,,,,,,,,,
32,,,,,,,,,,9844,0.018722619861364365,,,,,,,,
,,,,,,,,,6.5009900990099e-07,9849,,,,,,,,,
32,,,,,,,,,,9849,0.013989897444844246,,,,,,,,
,,,,,,,,,6.504290429042903e-07,9854,,,,,,,,,
32,,,,,,,,,,9854,0.03948676958680153,,,,,,,,
,,,,,,,,,6.507590759075907e-07,9859,,,,,,,,,
32,,,,,,,,,,9859,0.06285041570663452,,,,,,,,
,,,,,,,,,6.510891089108911e-07,9864,,,,,,,,,
32,,,,,,,,,,9864,0.04675919562578201,,,,,,,,
,,,,,,,,,6.514191419141913e-07,9869,,,,,,,,,
32,,,,,,,,,,9869,0.05714632570743561,,,,,,,,
,,,,,,,,,6.517491749174917e-07,9874,,,,,,,,,
32,,,,,,,,,,9874,0.02612374909222126,,,,,,,,
,,,,,,,,,6.520792079207921e-07,9879,,,,,,,,,
32,,,,,,,,,,9879,0.051203303039073944,,,,,,,,
,,,,,,,,,6.524092409240924e-07,9884,,,,,,,,,
32,,,,,,,,,,9884,0.03153424710035324,,,,,,,,
,,,,,,,,,6.527392739273927e-07,9889,,,,,,,,,
32,,,,,,,,,,9889,0.017889099195599556,,,,,,,,
,,,,,,,,,6.530693069306931e-07,9894,,,,,,,,,
32,,,,,,,,,,9894,0.030077194795012474,,,,,,,,
,,,,,,,,,6.533993399339934e-07,9899,,,,,,,,,
32,,,,,,,,,,9899,0.02732350490987301,,,,,,,,
,,,,,,,,,6.537293729372936e-07,9904,,,,,,,,,
32,,,,,,,,,,9904,0.012590277940034866,,,,,,,,
,,,,,,,,,6.54059405940594e-07,9909,,,,,,,,,
32,,,,,,,,,,9909,0.014279096387326717,,,,,,,,
,,,,,,,,,6.543894389438943e-07,9914,,,,,,,,,
32,,,,,,,,,,9914,0.09065493941307068,,,,,,,,
,,,,,,,,,6.547194719471947e-07,9919,,,,,,,,,
32,,,,,,,,,,9919,0.020232759416103363,,,,,,,,
,,,,,,,,,6.55049504950495e-07,9924,,,,,,,,,
32,,,,,,,,,,9924,0.02380329743027687,,,,,,,,
,,,,,,,,,6.553795379537953e-07,9929,,,,,,,,,
32,,,,,,,,,,9929,0.02175852842628956,,,,,,,,
,,,,,,,,,6.557095709570957e-07,9934,,,,,,,,,
32,,,,,,,,,,9934,0.031015900894999504,,,,,,,,
,,,,,,,,,6.560396039603961e-07,9939,,,,,,,,,
32,,,,,,,,,,9939,0.017959142103791237,,,,,,,,
,,,,,,,,,6.563696369636963e-07,9944,,,,,,,,,
32,,,,,,,,,,9944,0.03228266164660454,,,,,,,,
,,,,,,,,,6.566996699669967e-07,9949,,,,,,,,,
32,,,,,,,,,,9949,0.016643481329083443,,,,,,,,
,,,,,,,,,6.570297029702971e-07,9954,,,,,,,,,
32,,,,,,,,,,9954,0.05134144425392151,,,,,,,,
,,,,,,,,,6.573597359735972e-07,9959,,,,,,,,,
32,,,,,,,,,,9959,0.0450395829975605,,,,,,,,
,,,,,,,,,6.576897689768976e-07,9964,,,,,,,,,
32,,,,,,,,,,9964,0.02626984938979149,,,,,,,,
,,,,,,,,,6.58019801980198e-07,9969,,,,,,,,,
32,,,,,,,,,,9969,0.051323726773262024,,,,,,,,
,,,,,,,,,6.583498349834983e-07,9974,,,,,,,,,
32,,,,,,,,,,9974,0.022855985909700394,,,,,,,,
,,,,,,,,,6.586798679867986e-07,9979,,,,,,,,,
32,,,,,,,,,,9979,0.022046873345971107,,,,,,,,
,,,,,,,,,6.59009900990099e-07,9984,,,,,,,,,
32,,,,,,,,,,9984,0.036332521587610245,,,,,,,,
,,,,,,,,,6.593399339933993e-07,9989,,,,,,,,,
32,,,,,,,,,,9989,0.06308232247829437,,,,,,,,
,,,,,,,,,6.596699669966997e-07,9994,,,,,,,,,
32,,,,,,,,,,9994,0.03018067218363285,,,,,,,,
32,,,,,,,,,,9998,,0.668749988079071,0.6936416029930115,0.07085487246513367,0.07085487246513367,0.4363715946674347,0.7228915691375732,0.6666666865348816,0.4565713405609131
,,,,,,,,,6.6e-07,9999,,,,,,,,,
33,,,,,,,,,,9999,0.02265097014605999,,,,,,,,
,,,,,,,,,6.603300330033003e-07,10004,,,,,,,,,
33,,,,,,,,,,10004,0.020021775737404823,,,,,,,,
,,,,,,,,,6.606600660066006e-07,10009,,,,,,,,,
33,,,,,,,,,,10009,0.01421476248651743,,,,,,,,
,,,,,,,,,6.60990099009901e-07,10014,,,,,,,,,
33,,,,,,,,,,10014,0.01832709088921547,,,,,,,,
,,,,,,,,,6.613201320132012e-07,10019,,,,,,,,,
33,,,,,,,,,,10019,0.038599755614995956,,,,,,,,
,,,,,,,,,6.616501650165016e-07,10024,,,,,,,,,
33,,,,,,,,,,10024,0.04049624130129814,,,,,,,,
,,,,,,,,,6.61980198019802e-07,10029,,,,,,,,,
33,,,,,,,,,,10029,0.02996690943837166,,,,,,,,
,,,,,,,,,6.623102310231022e-07,10034,,,,,,,,,
33,,,,,,,,,,10034,0.07301297038793564,,,,,,,,
,,,,,,,,,6.626402640264026e-07,10039,,,,,,,,,
33,,,,,,,,,,10039,0.052074503153562546,,,,,,,,
,,,,,,,,,6.62970297029703e-07,10044,,,,,,,,,
33,,,,,,,,,,10044,0.025519931688904762,,,,,,,,
,,,,,,,,,6.633003300330033e-07,10049,,,,,,,,,
33,,,,,,,,,,10049,0.044710904359817505,,,,,,,,
,,,,,,,,,6.636303630363036e-07,10054,,,,,,,,,
33,,,,,,,,,,10054,0.02164202742278576,,,,,,,,
,,,,,,,,,6.63960396039604e-07,10059,,,,,,,,,
33,,,,,,,,,,10059,0.015884513035416603,,,,,,,,
,,,,,,,,,6.642904290429042e-07,10064,,,,,,,,,
33,,,,,,,,,,10064,0.030375439673662186,,,,,,,,
,,,,,,,,,6.646204620462045e-07,10069,,,,,,,,,
33,,,,,,,,,,10069,0.020148102194070816,,,,,,,,
,,,,,,,,,6.649504950495049e-07,10074,,,,,,,,,
33,,,,,,,,,,10074,0.01959368772804737,,,,,,,,
,,,,,,,,,6.652805280528052e-07,10079,,,,,,,,,
33,,,,,,,,,,10079,0.042786628007888794,,,,,,,,
,,,,,,,,,6.656105610561056e-07,10084,,,,,,,,,
33,,,,,,,,,,10084,0.06671704351902008,,,,,,,,
,,,,,,,,,6.659405940594059e-07,10089,,,,,,,,,
33,,,,,,,,,,10089,0.02445986121892929,,,,,,,,
,,,,,,,,,6.662706270627062e-07,10094,,,,,,,,,
33,,,,,,,,,,10094,0.04870586469769478,,,,,,,,
,,,,,,,,,6.666006600660066e-07,10099,,,,,,,,,
33,,,,,,,,,,10099,0.009559441357851028,,,,,,,,
,,,,,,,,,6.66930693069307e-07,10104,,,,,,,,,
33,,,,,,,,,,10104,0.022264182567596436,,,,,,,,
,,,,,,,,,6.672607260726072e-07,10109,,,,,,,,,
33,,,,,,,,,,10109,0.0327233225107193,,,,,,,,
,,,,,,,,,6.675907590759076e-07,10114,,,,,,,,,
33,,,,,,,,,,10114,0.01932375878095627,,,,,,,,
,,,,,,,,,6.679207920792079e-07,10119,,,,,,,,,
33,,,,,,,,,,10119,0.029134303331375122,,,,,,,,
,,,,,,,,,6.682508250825081e-07,10124,,,,,,,,,
33,,,,,,,,,,10124,0.039475493133068085,,,,,,,,
,,,,,,,,,6.685808580858085e-07,10129,,,,,,,,,
33,,,,,,,,,,10129,0.034306466579437256,,,,,,,,
,,,,,,,,,6.689108910891089e-07,10134,,,,,,,,,
33,,,,,,,,,,10134,0.022179504856467247,,,,,,,,
,,,,,,,,,6.692409240924092e-07,10139,,,,,,,,,
33,,,,,,,,,,10139,0.021280484274029732,,,,,,,,
,,,,,,,,,6.695709570957095e-07,10144,,,,,,,,,
33,,,,,,,,,,10144,0.004008698742836714,,,,,,,,
,,,,,,,,,6.699009900990099e-07,10149,,,,,,,,,
33,,,,,,,,,,10149,0.023540573194622993,,,,,,,,
,,,,,,,,,6.702310231023102e-07,10154,,,,,,,,,
33,,,,,,,,,,10154,0.023495031520724297,,,,,,,,
,,,,,,,,,6.705610561056106e-07,10159,,,,,,,,,
33,,,,,,,,,,10159,0.015310581773519516,,,,,,,,
,,,,,,,,,6.708910891089109e-07,10164,,,,,,,,,
33,,,,,,,,,,10164,0.027574587613344193,,,,,,,,
,,,,,,,,,6.712211221122112e-07,10169,,,,,,,,,
33,,,,,,,,,,10169,0.041928816586732864,,,,,,,,
,,,,,,,,,6.715511551155115e-07,10174,,,,,,,,,
33,,,,,,,,,,10174,0.03508419170975685,,,,,,,,
,,,,,,,,,6.718811881188119e-07,10179,,,,,,,,,
33,,,,,,,,,,10179,0.04280024766921997,,,,,,,,
,,,,,,,,,6.722112211221121e-07,10184,,,,,,,,,
33,,,,,,,,,,10184,0.03296971693634987,,,,,,,,
,,,,,,,,,6.725412541254125e-07,10189,,,,,,,,,
33,,,,,,,,,,10189,0.018006673082709312,,,,,,,,
,,,,,,,,,6.728712871287129e-07,10194,,,,,,,,,
33,,,,,,,,,,10194,0.04382605105638504,,,,,,,,
,,,,,,,,,6.732013201320131e-07,10199,,,,,,,,,
33,,,,,,,,,,10199,0.01669929549098015,,,,,,,,
,,,,,,,,,6.735313531353135e-07,10204,,,,,,,,,
33,,,,,,,,,,10204,0.03395992890000343,,,,,,,,
,,,,,,,,,6.738613861386139e-07,10209,,,,,,,,,
33,,,,,,,,,,10209,0.023290913552045822,,,,,,,,
,,,,,,,,,6.741914191419142e-07,10214,,,,,,,,,
33,,,,,,,,,,10214,0.01621023193001747,,,,,,,,
,,,,,,,,,6.745214521452145e-07,10219,,,,,,,,,
33,,,,,,,,,,10219,0.04273549094796181,,,,,,,,
,,,,,,,,,6.748514851485149e-07,10224,,,,,,,,,
33,,,,,,,,,,10224,0.0054414826445281506,,,,,,,,
,,,,,,,,,6.751815181518151e-07,10229,,,,,,,,,
33,,,,,,,,,,10229,0.015352371148765087,,,,,,,,
,,,,,,,,,6.755115511551155e-07,10234,,,,,,,,,
33,,,,,,,,,,10234,0.048173632472753525,,,,,,,,
,,,,,,,,,6.758415841584158e-07,10239,,,,,,,,,
33,,,,,,,,,,10239,0.028308192268013954,,,,,,,,
,,,,,,,,,6.761716171617161e-07,10244,,,,,,,,,
33,,,,,,,,,,10244,0.03212032839655876,,,,,,,,
,,,,,,,,,6.765016501650165e-07,10249,,,,,,,,,
33,,,,,,,,,,10249,0.046075042337179184,,,,,,,,
,,,,,,,,,6.768316831683169e-07,10254,,,,,,,,,
33,,,,,,,,,,10254,0.02121792733669281,,,,,,,,
,,,,,,,,,6.771617161716171e-07,10259,,,,,,,,,
33,,,,,,,,,,10259,0.02298993058502674,,,,,,,,
,,,,,,,,,6.774917491749175e-07,10264,,,,,,,,,
33,,,,,,,,,,10264,0.021076694130897522,,,,,,,,
,,,,,,,,,6.778217821782179e-07,10269,,,,,,,,,
33,,,,,,,,,,10269,0.04797086492180824,,,,,,,,
,,,,,,,,,6.781518151815181e-07,10274,,,,,,,,,
33,,,,,,,,,,10274,0.06262935698032379,,,,,,,,
,,,,,,,,,6.784818481848184e-07,10279,,,,,,,,,
33,,,,,,,,,,10279,0.028670720756053925,,,,,,,,
,,,,,,,,,6.788118811881188e-07,10284,,,,,,,,,
33,,,,,,,,,,10284,0.026870928704738617,,,,,,,,
,,,,,,,,,6.791419141914191e-07,10289,,,,,,,,,
33,,,,,,,,,,10289,0.016108907759189606,,,,,,,,
,,,,,,,,,6.794719471947194e-07,10294,,,,,,,,,
33,,,,,,,,,,10294,0.04399565979838371,,,,,,,,
,,,,,,,,,6.798019801980198e-07,10299,,,,,,,,,
33,,,,,,,,,,10299,0.0728631541132927,,,,,,,,
33,,,,,,,,,,10301,,0.675000011920929,0.7111111283302307,0.07171295583248138,0.07171295583248138,0.43814533948898315,0.7111111283302307,0.7111111283302307,0.45363959670066833
,,,,,,,,,6.801320132013201e-07,10304,,,,,,,,,
34,,,,,,,,,,10304,0.028199294582009315,,,,,,,,
,,,,,,,,,6.804620462046205e-07,10309,,,,,,,,,
34,,,,,,,,,,10309,0.03350464254617691,,,,,,,,
,,,,,,,,,6.807920792079208e-07,10314,,,,,,,,,
34,,,,,,,,,,10314,0.004456357564777136,,,,,,,,
,,,,,,,,,6.811221122112211e-07,10319,,,,,,,,,
34,,,,,,,,,,10319,0.011210241355001926,,,,,,,,
,,,,,,,,,6.814521452145215e-07,10324,,,,,,,,,
34,,,,,,,,,,10324,0.03588927537202835,,,,,,,,
,,,,,,,,,6.817821782178218e-07,10329,,,,,,,,,
34,,,,,,,,,,10329,0.057211291044950485,,,,,,,,
,,,,,,,,,6.82112211221122e-07,10334,,,,,,,,,
34,,,,,,,,,,10334,0.0459732711315155,,,,,,,,
,,,,,,,,,6.824422442244224e-07,10339,,,,,,,,,
34,,,,,,,,,,10339,0.021186798810958862,,,,,,,,
,,,,,,,,,6.827722772277228e-07,10344,,,,,,,,,
34,,,,,,,,,,10344,0.02096879668533802,,,,,,,,
,,,,,,,,,6.83102310231023e-07,10349,,,,,,,,,
34,,,,,,,,,,10349,0.008250348269939423,,,,,,,,
,,,,,,,,,6.834323432343234e-07,10354,,,,,,,,,
34,,,,,,,,,,10354,0.04837489873170853,,,,,,,,
,,,,,,,,,6.837623762376238e-07,10359,,,,,,,,,
34,,,,,,,,,,10359,0.015258563682436943,,,,,,,,
,,,,,,,,,6.840924092409241e-07,10364,,,,,,,,,
34,,,,,,,,,,10364,0.01109869685024023,,,,,,,,
,,,,,,,,,6.844224422442244e-07,10369,,,,,,,,,
34,,,,,,,,,,10369,0.02212308719754219,,,,,,,,
,,,,,,,,,6.847524752475248e-07,10374,,,,,,,,,
34,,,,,,,,,,10374,0.041232600808143616,,,,,,,,
,,,,,,,,,6.850825082508251e-07,10379,,,,,,,,,
34,,,,,,,,,,10379,0.03437931090593338,,,,,,,,
,,,,,,,,,6.854125412541254e-07,10384,,,,,,,,,
34,,,,,,,,,,10384,0.03858301788568497,,,,,,,,
,,,,,,,,,6.857425742574257e-07,10389,,,,,,,,,
34,,,,,,,,,,10389,0.04604994133114815,,,,,,,,
,,,,,,,,,6.86072607260726e-07,10394,,,,,,,,,
34,,,,,,,,,,10394,0.009383383207023144,,,,,,,,
,,,,,,,,,6.864026402640264e-07,10399,,,,,,,,,
34,,,,,,,,,,10399,0.023799803107976913,,,,,,,,
,,,,,,,,,6.867326732673267e-07,10404,,,,,,,,,
34,,,,,,,,,,10404,0.030385825783014297,,,,,,,,
,,,,,,,,,6.87062706270627e-07,10409,,,,,,,,,
34,,,,,,,,,,10409,0.04001494124531746,,,,,,,,
,,,,,,,,,6.873927392739274e-07,10414,,,,,,,,,
34,,,,,,,,,,10414,0.028309375047683716,,,,,,,,
,,,,,,,,,6.877227722772277e-07,10419,,,,,,,,,
34,,,,,,,,,,10419,0.02139148861169815,,,,,,,,
,,,,,,,,,6.88052805280528e-07,10424,,,,,,,,,
34,,,,,,,,,,10424,0.012928195297718048,,,,,,,,
,,,,,,,,,6.883828382838284e-07,10429,,,,,,,,,
34,,,,,,,,,,10429,0.005067331716418266,,,,,,,,
,,,,,,,,,6.887128712871287e-07,10434,,,,,,,,,
34,,,,,,,,,,10434,0.024639712646603584,,,,,,,,
,,,,,,,,,6.890429042904289e-07,10439,,,,,,,,,
34,,,,,,,,,,10439,0.02551446110010147,,,,,,,,
,,,,,,,,,6.893729372937293e-07,10444,,,,,,,,,
34,,,,,,,,,,10444,0.03582768514752388,,,,,,,,
,,,,,,,,,6.897029702970296e-07,10449,,,,,,,,,
34,,,,,,,,,,10449,0.0175024326890707,,,,,,,,
,,,,,,,,,6.9003300330033e-07,10454,,,,,,,,,
34,,,,,,,,,,10454,0.007545607164502144,,,,,,,,
,,,,,,,,,6.903630363036303e-07,10459,,,,,,,,,
34,,,,,,,,,,10459,0.02882189117372036,,,,,,,,
,,,,,,,,,6.906930693069306e-07,10464,,,,,,,,,
34,,,,,,,,,,10464,0.017612388357520103,,,,,,,,
,,,,,,,,,6.91023102310231e-07,10469,,,,,,,,,
34,,,,,,,,,,10469,0.020459380000829697,,,,,,,,
,,,,,,,,,6.913531353135314e-07,10474,,,,,,,,,
34,,,,,,,,,,10474,0.03151171654462814,,,,,,,,
,,,,,,,,,6.916831683168316e-07,10479,,,,,,,,,
34,,,,,,,,,,10479,0.02331915684044361,,,,,,,,
,,,,,,,,,6.92013201320132e-07,10484,,,,,,,,,
34,,,,,,,,,,10484,0.04391857236623764,,,,,,,,
,,,,,,,,,6.923432343234324e-07,10489,,,,,,,,,
34,,,,,,,,,,10489,0.04948674887418747,,,,,,,,
,,,,,,,,,6.926732673267325e-07,10494,,,,,,,,,
34,,,,,,,,,,10494,0.012479199096560478,,,,,,,,
,,,,,,,,,6.930033003300329e-07,10499,,,,,,,,,
34,,,,,,,,,,10499,0.03126871585845947,,,,,,,,
,,,,,,,,,6.933333333333333e-07,10504,,,,,,,,,
34,,,,,,,,,,10504,0.026365509256720543,,,,,,,,
,,,,,,,,,6.936633663366336e-07,10509,,,,,,,,,
34,,,,,,,,,,10509,0.02818700112402439,,,,,,,,
,,,,,,,,,6.939933993399339e-07,10514,,,,,,,,,
34,,,,,,,,,,10514,0.023344162851572037,,,,,,,,
,,,,,,,,,6.943234323432343e-07,10519,,,,,,,,,
34,,,,,,,,,,10519,0.010151959955692291,,,,,,,,
,,,,,,,,,6.946534653465346e-07,10524,,,,,,,,,
34,,,,,,,,,,10524,0.013148182071745396,,,,,,,,
,,,,,,,,,6.94983498349835e-07,10529,,,,,,,,,
34,,,,,,,,,,10529,0.0494113564491272,,,,,,,,
,,,,,,,,,6.953135313531353e-07,10534,,,,,,,,,
34,,,,,,,,,,10534,0.02313908189535141,,,,,,,,
,,,,,,,,,6.956435643564356e-07,10539,,,,,,,,,
34,,,,,,,,,,10539,0.045994725078344345,,,,,,,,
,,,,,,,,,6.95973597359736e-07,10544,,,,,,,,,
34,,,,,,,,,,10544,0.01454127486795187,,,,,,,,
,,,,,,,,,6.963036303630363e-07,10549,,,,,,,,,
34,,,,,,,,,,10549,0.022750627249479294,,,,,,,,
,,,,,,,,,6.966336633663365e-07,10554,,,,,,,,,
34,,,,,,,,,,10554,0.012731214985251427,,,,,,,,
,,,,,,,,,6.969636963696369e-07,10559,,,,,,,,,
34,,,,,,,,,,10559,0.02399209514260292,,,,,,,,
,,,,,,,,,6.972937293729373e-07,10564,,,,,,,,,
34,,,,,,,,,,10564,0.008694787509739399,,,,,,,,
,,,,,,,,,6.976237623762375e-07,10569,,,,,,,,,
34,,,,,,,,,,10569,0.02843945473432541,,,,,,,,
,,,,,,,,,6.979537953795379e-07,10574,,,,,,,,,
34,,,,,,,,,,10574,0.015755508095026016,,,,,,,,
,,,,,,,,,6.982838283828383e-07,10579,,,,,,,,,
34,,,,,,,,,,10579,0.06829691678285599,,,,,,,,
,,,,,,,,,6.986138613861386e-07,10584,,,,,,,,,
34,,,,,,,,,,10584,0.021981695666909218,,,,,,,,
,,,,,,,,,6.989438943894389e-07,10589,,,,,,,,,
34,,,,,,,,,,10589,0.022562561556696892,,,,,,,,
,,,,,,,,,6.992739273927393e-07,10594,,,,,,,,,
34,,,,,,,,,,10594,0.03863019496202469,,,,,,,,
,,,,,,,,,6.996039603960395e-07,10599,,,,,,,,,
34,,,,,,,,,,10599,0.0799131989479065,,,,,,,,
,,,,,,,,,6.999339933993399e-07,10604,,,,,,,,,
34,,,,,,,,,,10604,0.030625000596046448,,,,,,,,
34,,,,,,,,,,10604,,0.675000011920929,0.7142857313156128,0.07259063422679901,0.07259063422679901,0.44402945041656494,0.70652174949646,0.7222222089767456,0.4581567645072937
,,,,,,,,,7.002640264026402e-07,10609,,,,,,,,,
35,,,,,,,,,,10609,0.008929576724767685,,,,,,,,
,,,,,,,,,7.005940594059405e-07,10614,,,,,,,,,
35,,,,,,,,,,10614,0.02952418103814125,,,,,,,,
,,,,,,,,,7.009240924092409e-07,10619,,,,,,,,,
35,,,,,,,,,,10619,0.02625625766813755,,,,,,,,
,,,,,,,,,7.012541254125412e-07,10624,,,,,,,,,
35,,,,,,,,,,10624,0.018591169267892838,,,,,,,,
,,,,,,,,,7.015841584158415e-07,10629,,,,,,,,,
35,,,,,,,,,,10629,0.017621994018554688,,,,,,,,
,,,,,,,,,7.019141914191419e-07,10634,,,,,,,,,
35,,,,,,,,,,10634,0.04636402055621147,,,,,,,,
,,,,,,,,,7.022442244224423e-07,10639,,,,,,,,,
35,,,,,,,,,,10639,0.033714260905981064,,,,,,,,
,,,,,,,,,7.025742574257425e-07,10644,,,,,,,,,
35,,,,,,,,,,10644,0.013202852569520473,,,,,,,,
,,,,,,,,,7.029042904290429e-07,10649,,,,,,,,,
35,,,,,,,,,,10649,0.009192944504320621,,,,,,,,
,,,,,,,,,7.032343234323433e-07,10654,,,,,,,,,
35,,,,,,,,,,10654,0.03310803323984146,,,,,,,,
,,,,,,,,,7.035643564356435e-07,10659,,,,,,,,,
35,,,,,,,,,,10659,0.04701315239071846,,,,,,,,
,,,,,,,,,7.038943894389438e-07,10664,,,,,,,,,
35,,,,,,,,,,10664,0.016260966658592224,,,,,,,,
,,,,,,,,,7.042244224422442e-07,10669,,,,,,,,,
35,,,,,,,,,,10669,0.017051877453923225,,,,,,,,
,,,,,,,,,7.045544554455445e-07,10674,,,,,,,,,
35,,,,,,,,,,10674,0.03298352286219597,,,,,,,,
,,,,,,,,,7.048844884488448e-07,10679,,,,,,,,,
35,,,,,,,,,,10679,0.02083105966448784,,,,,,,,
,,,,,,,,,7.052145214521452e-07,10684,,,,,,,,,
35,,,,,,,,,,10684,0.030083656311035156,,,,,,,,
,,,,,,,,,7.055445544554455e-07,10689,,,,,,,,,
35,,,,,,,,,,10689,0.02777131274342537,,,,,,,,
,,,,,,,,,7.058745874587459e-07,10694,,,,,,,,,
35,,,,,,,,,,10694,0.020210063084959984,,,,,,,,
,,,,,,,,,7.062046204620462e-07,10699,,,,,,,,,
35,,,,,,,,,,10699,0.03703133016824722,,,,,,,,
,,,,,,,,,7.065346534653465e-07,10704,,,,,,,,,
35,,,,,,,,,,10704,0.017000960186123848,,,,,,,,
,,,,,,,,,7.068646864686468e-07,10709,,,,,,,,,
35,,,,,,,,,,10709,0.019841261208057404,,,,,,,,
,,,,,,,,,7.071947194719472e-07,10714,,,,,,,,,
35,,,,,,,,,,10714,0.018445301800966263,,,,,,,,
,,,,,,,,,7.075247524752474e-07,10719,,,,,,,,,
35,,,,,,,,,,10719,0.021778326481580734,,,,,,,,
,,,,,,,,,7.078547854785478e-07,10724,,,,,,,,,
35,,,,,,,,,,10724,0.03226780891418457,,,,,,,,
,,,,,,,,,7.081848184818482e-07,10729,,,,,,,,,
35,,,,,,,,,,10729,0.06084825471043587,,,,,,,,
,,,,,,,,,7.085148514851484e-07,10734,,,,,,,,,
35,,,,,,,,,,10734,0.0072703054174780846,,,,,,,,
,,,,,,,,,7.088448844884488e-07,10739,,,,,,,,,
35,,,,,,,,,,10739,0.02374967746436596,,,,,,,,
,,,,,,,,,7.091749174917492e-07,10744,,,,,,,,,
35,,,,,,,,,,10744,0.021902525797486305,,,,,,,,
,,,,,,,,,7.095049504950495e-07,10749,,,,,,,,,
35,,,,,,,,,,10749,0.023025309666991234,,,,,,,,
,,,,,,,,,7.098349834983498e-07,10754,,,,,,,,,
35,,,,,,,,,,10754,0.031733617186546326,,,,,,,,
,,,,,,,,,7.101650165016502e-07,10759,,,,,,,,,
35,,,,,,,,,,10759,0.031241485849022865,,,,,,,,
,,,,,,,,,7.104950495049504e-07,10764,,,,,,,,,
35,,,,,,,,,,10764,0.03648868575692177,,,,,,,,
,,,,,,,,,7.108250825082508e-07,10769,,,,,,,,,
35,,,,,,,,,,10769,0.028202198445796967,,,,,,,,
,,,,,,,,,7.111551155115511e-07,10774,,,,,,,,,
35,,,,,,,,,,10774,0.04091702401638031,,,,,,,,
,,,,,,,,,7.114851485148514e-07,10779,,,,,,,,,
35,,,,,,,,,,10779,0.02081216126680374,,,,,,,,
,,,,,,,,,7.118151815181518e-07,10784,,,,,,,,,
35,,,,,,,,,,10784,0.02813117764890194,,,,,,,,
,,,,,,,,,7.121452145214522e-07,10789,,,,,,,,,
35,,,,,,,,,,10789,0.051542047411203384,,,,,,,,
,,,,,,,,,7.124752475247524e-07,10794,,,,,,,,,
35,,,,,,,,,,10794,0.022447392344474792,,,,,,,,
,,,,,,,,,7.128052805280528e-07,10799,,,,,,,,,
35,,,,,,,,,,10799,0.013881925493478775,,,,,,,,
,,,,,,,,,7.131353135313532e-07,10804,,,,,,,,,
35,,,,,,,,,,10804,0.009049597196280956,,,,,,,,
,,,,,,,,,7.134653465346534e-07,10809,,,,,,,,,
35,,,,,,,,,,10809,0.03976490721106529,,,,,,,,
,,,,,,,,,7.137953795379538e-07,10814,,,,,,,,,
35,,,,,,,,,,10814,0.037265270948410034,,,,,,,,
,,,,,,,,,7.141254125412541e-07,10819,,,,,,,,,
35,,,,,,,,,,10819,0.036700304597616196,,,,,,,,
,,,,,,,,,7.144554455445544e-07,10824,,,,,,,,,
35,,,,,,,,,,10824,0.02678835391998291,,,,,,,,
,,,,,,,,,7.147854785478547e-07,10829,,,,,,,,,
35,,,,,,,,,,10829,0.01762470230460167,,,,,,,,
,,,,,,,,,7.151155115511551e-07,10834,,,,,,,,,
35,,,,,,,,,,10834,0.01654011756181717,,,,,,,,
,,,,,,,,,7.154455445544554e-07,10839,,,,,,,,,
35,,,,,,,,,,10839,0.011989844031631947,,,,,,,,
,,,,,,,,,7.157755775577558e-07,10844,,,,,,,,,
35,,,,,,,,,,10844,0.019613509997725487,,,,,,,,
,,,,,,,,,7.161056105610561e-07,10849,,,,,,,,,
35,,,,,,,,,,10849,0.013570538721978664,,,,,,,,
,,,,,,,,,7.164356435643564e-07,10854,,,,,,,,,
35,,,,,,,,,,10854,0.01853773556649685,,,,,,,,
,,,,,,,,,7.167656765676568e-07,10859,,,,,,,,,
35,,,,,,,,,,10859,0.029619159176945686,,,,,,,,
,,,,,,,,,7.170957095709572e-07,10864,,,,,,,,,
35,,,,,,,,,,10864,0.028401028364896774,,,,,,,,
,,,,,,,,,7.174257425742573e-07,10869,,,,,,,,,
35,,,,,,,,,,10869,0.010160518810153008,,,,,,,,
,,,,,,,,,7.177557755775577e-07,10874,,,,,,,,,
35,,,,,,,,,,10874,0.06622873246669769,,,,,,,,
,,,,,,,,,7.180858085808581e-07,10879,,,,,,,,,
35,,,,,,,,,,10879,0.02132527343928814,,,,,,,,
,,,,,,,,,7.184158415841583e-07,10884,,,,,,,,,
35,,,,,,,,,,10884,0.02649848535656929,,,,,,,,
,,,,,,,,,7.187458745874587e-07,10889,,,,,,,,,
35,,,,,,,,,,10889,0.04308050498366356,,,,,,,,
,,,,,,,,,7.190759075907591e-07,10894,,,,,,,,,
35,,,,,,,,,,10894,0.0265831146389246,,,,,,,,
,,,,,,,,,7.194059405940594e-07,10899,,,,,,,,,
35,,,,,,,,,,10899,0.02537529356777668,,,,,,,,
,,,,,,,,,7.197359735973597e-07,10904,,,,,,,,,
35,,,,,,,,,,10904,0.010176467709243298,,,,,,,,
35,,,,,,,,,,10907,,0.675000011920929,0.717391312122345,0.07302146404981613,0.07302146404981613,0.4443604052066803,0.7021276354789734,0.7333333492279053,0.4522697925567627
,,,,,,,,,7.200660066006601e-07,10909,,,,,,,,,
36,,,,,,,,,,10909,0.01103304699063301,,,,,,,,
,,,,,,,,,7.203960396039604e-07,10914,,,,,,,,,
36,,,,,,,,,,10914,0.015811407938599586,,,,,,,,
,,,,,,,,,7.207260726072608e-07,10919,,,,,,,,,
36,,,,,,,,,,10919,0.021642982959747314,,,,,,,,
,,,,,,,,,7.21056105610561e-07,10924,,,,,,,,,
36,,,,,,,,,,10924,0.021460428833961487,,,,,,,,
,,,,,,,,,7.213861386138613e-07,10929,,,,,,,,,
36,,,,,,,,,,10929,0.01868145912885666,,,,,,,,
,,,,,,,,,7.217161716171617e-07,10934,,,,,,,,,
36,,,,,,,,,,10934,0.035346224904060364,,,,,,,,
,,,,,,,,,7.22046204620462e-07,10939,,,,,,,,,
36,,,,,,,,,,10939,0.010354499332606792,,,,,,,,
,,,,,,,,,7.223762376237623e-07,10944,,,,,,,,,
36,,,,,,,,,,10944,0.07463990151882172,,,,,,,,
,,,,,,,,,7.227062706270627e-07,10949,,,,,,,,,
36,,,,,,,,,,10949,0.010175942443311214,,,,,,,,
,,,,,,,,,7.230363036303631e-07,10954,,,,,,,,,
36,,,,,,,,,,10954,0.023966848850250244,,,,,,,,
,,,,,,,,,7.233663366336633e-07,10959,,,,,,,,,
36,,,,,,,,,,10959,0.04053644463419914,,,,,,,,
,,,,,,,,,7.236963696369637e-07,10964,,,,,,,,,
36,,,,,,,,,,10964,0.010365033522248268,,,,,,,,
,,,,,,,,,7.240264026402641e-07,10969,,,,,,,,,
36,,,,,,,,,,10969,0.027809295803308487,,,,,,,,
,,,,,,,,,7.243564356435644e-07,10974,,,,,,,,,
36,,,,,,,,,,10974,0.023293515667319298,,,,,,,,
,,,,,,,,,7.246864686468646e-07,10979,,,,,,,,,
36,,,,,,,,,,10979,0.01768701896071434,,,,,,,,
,,,,,,,,,7.25016501650165e-07,10984,,,,,,,,,
36,,,,,,,,,,10984,0.035732027143239975,,,,,,,,
,,,,,,,,,7.253465346534653e-07,10989,,,,,,,,,
36,,,,,,,,,,10989,0.022724317386746407,,,,,,,,
,,,,,,,,,7.256765676567656e-07,10994,,,,,,,,,
36,,,,,,,,,,10994,0.024686062708497047,,,,,,,,
,,,,,,,,,7.26006600660066e-07,10999,,,,,,,,,
36,,,,,,,,,,10999,0.030603809282183647,,,,,,,,
,,,,,,,,,7.263366336633663e-07,11004,,,,,,,,,
36,,,,,,,,,,11004,0.011433840729296207,,,,,,,,
,,,,,,,,,7.266666666666667e-07,11009,,,,,,,,,
36,,,,,,,,,,11009,0.056149959564208984,,,,,,,,
,,,,,,,,,7.26996699669967e-07,11014,,,,,,,,,
36,,,,,,,,,,11014,0.05525518208742142,,,,,,,,
,,,,,,,,,7.273267326732673e-07,11019,,,,,,,,,
36,,,,,,,,,,11019,0.010006973519921303,,,,,,,,
,,,,,,,,,7.276567656765677e-07,11024,,,,,,,,,
36,,,,,,,,,,11024,0.039892543107271194,,,,,,,,
,,,,,,,,,7.279867986798681e-07,11029,,,,,,,,,
36,,,,,,,,,,11029,0.032001055777072906,,,,,,,,
,,,,,,,,,7.283168316831682e-07,11034,,,,,,,,,
36,,,,,,,,,,11034,0.016092410311102867,,,,,,,,
,,,,,,,,,7.286468646864686e-07,11039,,,,,,,,,
36,,,,,,,,,,11039,0.03182912990450859,,,,,,,,
,,,,,,,,,7.28976897689769e-07,11044,,,,,,,,,
36,,,,,,,,,,11044,0.01585386134684086,,,,,,,,
,,,,,,,,,7.293069306930692e-07,11049,,,,,,,,,
36,,,,,,,,,,11049,0.019006885588169098,,,,,,,,
,,,,,,,,,7.296369636963696e-07,11054,,,,,,,,,
36,,,,,,,,,,11054,0.009552198462188244,,,,,,,,
,,,,,,,,,7.299669966996699e-07,11059,,,,,,,,,
36,,,,,,,,,,11059,0.01971825398504734,,,,,,,,
,,,,,,,,,7.302970297029703e-07,11064,,,,,,,,,
36,,,,,,,,,,11064,0.0429890975356102,,,,,,,,
,,,,,,,,,7.306270627062706e-07,11069,,,,,,,,,
36,,,,,,,,,,11069,0.02530049905180931,,,,,,,,
,,,,,,,,,7.309570957095709e-07,11074,,,,,,,,,
36,,,,,,,,,,11074,0.07643122971057892,,,,,,,,
,,,,,,,,,7.312871287128713e-07,11079,,,,,,,,,
36,,,,,,,,,,11079,0.02063574828207493,,,,,,,,
,,,,,,,,,7.316171617161716e-07,11084,,,,,,,,,
36,,,,,,,,,,11084,0.06314316391944885,,,,,,,,
,,,,,,,,,7.319471947194718e-07,11089,,,,,,,,,
36,,,,,,,,,,11089,0.02418476715683937,,,,,,,,
,,,,,,,,,7.322772277227722e-07,11094,,,,,,,,,
36,,,,,,,,,,11094,0.014949149452149868,,,,,,,,
,,,,,,,,,7.326072607260726e-07,11099,,,,,,,,,
36,,,,,,,,,,11099,0.02844507247209549,,,,,,,,
,,,,,,,,,7.329372937293728e-07,11104,,,,,,,,,
36,,,,,,,,,,11104,0.014584491960704327,,,,,,,,
,,,,,,,,,7.332673267326732e-07,11109,,,,,,,,,
36,,,,,,,,,,11109,0.032398272305727005,,,,,,,,
,,,,,,,,,7.335973597359736e-07,11114,,,,,,,,,
36,,,,,,,,,,11114,0.024216214194893837,,,,,,,,
,,,,,,,,,7.339273927392739e-07,11119,,,,,,,,,
36,,,,,,,,,,11119,0.02753579616546631,,,,,,,,
,,,,,,,,,7.342574257425742e-07,11124,,,,,,,,,
36,,,,,,,,,,11124,0.0441366471350193,,,,,,,,
,,,,,,,,,7.345874587458746e-07,11129,,,,,,,,,
36,,,,,,,,,,11129,0.012220115400850773,,,,,,,,
,,,,,,,,,7.349174917491749e-07,11134,,,,,,,,,
36,,,,,,,,,,11134,0.05154599994421005,,,,,,,,
,,,,,,,,,7.352475247524752e-07,11139,,,,,,,,,
36,,,,,,,,,,11139,0.008694329299032688,,,,,,,,
,,,,,,,,,7.355775577557755e-07,11144,,,,,,,,,
36,,,,,,,,,,11144,0.008002678863704205,,,,,,,,
,,,,,,,,,7.359075907590758e-07,11149,,,,,,,,,
36,,,,,,,,,,11149,0.015782255679368973,,,,,,,,
,,,,,,,,,7.362376237623762e-07,11154,,,,,,,,,
36,,,,,,,,,,11154,0.04096972942352295,,,,,,,,
,,,,,,,,,7.365676567656765e-07,11159,,,,,,,,,
36,,,,,,,,,,11159,0.012501056306064129,,,,,,,,
,,,,,,,,,7.368976897689768e-07,11164,,,,,,,,,
36,,,,,,,,,,11164,0.020593952387571335,,,,,,,,
,,,,,,,,,7.372277227722772e-07,11169,,,,,,,,,
36,,,,,,,,,,11169,0.007627418730407953,,,,,,,,
,,,,,,,,,7.375577557755776e-07,11174,,,,,,,,,
36,,,,,,,,,,11174,0.012312086299061775,,,,,,,,
,,,,,,,,,7.378877887788778e-07,11179,,,,,,,,,
36,,,,,,,,,,11179,0.02111588791012764,,,,,,,,
,,,,,,,,,7.382178217821782e-07,11184,,,,,,,,,
36,,,,,,,,,,11184,0.02144339121878147,,,,,,,,
,,,,,,,,,7.385478547854786e-07,11189,,,,,,,,,
36,,,,,,,,,,11189,0.049153752624988556,,,,,,,,
,,,,,,,,,7.388778877887788e-07,11194,,,,,,,,,
36,,,,,,,,,,11194,0.05241955444216728,,,,,,,,
,,,,,,,,,7.392079207920791e-07,11199,,,,,,,,,
36,,,,,,,,,,11199,0.04481450840830803,,,,,,,,
,,,,,,,,,7.395379537953795e-07,11204,,,,,,,,,
36,,,,,,,,,,11204,0.02887670323252678,,,,,,,,
,,,,,,,,,7.398679867986798e-07,11209,,,,,,,,,
36,,,,,,,,,,11209,0.06467172503471375,,,,,,,,
36,,,,,,,,,,11210,,0.6937500238418579,0.7322404384613037,0.07402360439300537,0.07402360439300537,0.4444020986557007,0.7204301357269287,0.7444444298744202,0.45319080352783203
,,,,,,,,,7.401980198019801e-07,11214,,,,,,,,,
37,,,,,,,,,,11214,0.0106795160099864,,,,,,,,
,,,,,,,,,7.405280528052805e-07,11219,,,,,,,,,
37,,,,,,,,,,11219,0.013680266216397285,,,,,,,,
,,,,,,,,,7.408580858085808e-07,11224,,,,,,,,,
37,,,,,,,,,,11224,0.015858687460422516,,,,,,,,
,,,,,,,,,7.411881188118812e-07,11229,,,,,,,,,
37,,,,,,,,,,11229,0.009742647409439087,,,,,,,,
,,,,,,,,,7.415181518151815e-07,11234,,,,,,,,,
37,,,,,,,,,,11234,0.04667908698320389,,,,,,,,
,,,,,,,,,7.418481848184818e-07,11239,,,,,,,,,
37,,,,,,,,,,11239,0.03277770057320595,,,,,,,,
,,,,,,,,,7.421782178217822e-07,11244,,,,,,,,,
37,,,,,,,,,,11244,0.017822353169322014,,,,,,,,
,,,,,,,,,7.425082508250825e-07,11249,,,,,,,,,
37,,,,,,,,,,11249,0.009572930634021759,,,,,,,,
,,,,,,,,,7.428382838283827e-07,11254,,,,,,,,,
37,,,,,,,,,,11254,0.03330321982502937,,,,,,,,
,,,,,,,,,7.431683168316831e-07,11259,,,,,,,,,
37,,,,,,,,,,11259,0.011210030876100063,,,,,,,,
,,,,,,,,,7.434983498349835e-07,11264,,,,,,,,,
37,,,,,,,,,,11264,0.010022183880209923,,,,,,,,
,,,,,,,,,7.438283828382837e-07,11269,,,,,,,,,
37,,,,,,,,,,11269,0.03862138092517853,,,,,,,,
,,,,,,,,,7.441584158415841e-07,11274,,,,,,,,,
37,,,,,,,,,,11274,0.016293087974190712,,,,,,,,
,,,,,,,,,7.444884488448845e-07,11279,,,,,,,,,
37,,,,,,,,,,11279,0.021873021498322487,,,,,,,,
,,,,,,,,,7.448184818481848e-07,11284,,,,,,,,,
37,,,,,,,,,,11284,0.011434969492256641,,,,,,,,
,,,,,,,,,7.451485148514851e-07,11289,,,,,,,,,
37,,,,,,,,,,11289,0.026264285668730736,,,,,,,,
,,,,,,,,,7.454785478547855e-07,11294,,,,,,,,,
37,,,,,,,,,,11294,0.012011056765913963,,,,,,,,
,,,,,,,,,7.458085808580857e-07,11299,,,,,,,,,
37,,,,,,,,,,11299,0.03313621133565903,,,,,,,,
,,,,,,,,,7.461386138613861e-07,11304,,,,,,,,,
37,,,,,,,,,,11304,0.016684582456946373,,,,,,,,
,,,,,,,,,7.464686468646864e-07,11309,,,,,,,,,
37,,,,,,,,,,11309,0.016920780763030052,,,,,,,,
,,,,,,,,,7.467986798679867e-07,11314,,,,,,,,,
37,,,,,,,,,,11314,0.03702898323535919,,,,,,,,
,,,,,,,,,7.471287128712871e-07,11319,,,,,,,,,
37,,,,,,,,,,11319,0.04098532721400261,,,,,,,,
,,,,,,,,,7.474587458745875e-07,11324,,,,,,,,,
37,,,,,,,,,,11324,0.019047807902097702,,,,,,,,
,,,,,,,,,7.477887788778877e-07,11329,,,,,,,,,
37,,,,,,,,,,11329,0.008332112804055214,,,,,,,,
,,,,,,,,,7.481188118811881e-07,11334,,,,,,,,,
37,,,,,,,,,,11334,0.031754571944475174,,,,,,,,
,,,,,,,,,7.484488448844885e-07,11339,,,,,,,,,
37,,,,,,,,,,11339,0.027758408337831497,,,,,,,,
,,,,,,,,,7.487788778877887e-07,11344,,,,,,,,,
37,,,,,,,,,,11344,0.013882970437407494,,,,,,,,
,,,,,,,,,7.491089108910891e-07,11349,,,,,,,,,
37,,,,,,,,,,11349,0.021351806819438934,,,,,,,,
,,,,,,,,,7.494389438943894e-07,11354,,,,,,,,,
37,,,,,,,,,,11354,0.009691644459962845,,,,,,,,
,,,,,,,,,7.497689768976897e-07,11359,,,,,,,,,
37,,,,,,,,,,11359,0.039163000881671906,,,,,,,,
,,,,,,,,,7.5009900990099e-07,11364,,,,,,,,,
37,,,,,,,,,,11364,0.03571502864360809,,,,,,,,
,,,,,,,,,7.504290429042904e-07,11369,,,,,,,,,
37,,,,,,,,,,11369,0.05074479803442955,,,,,,,,
,,,,,,,,,7.507590759075907e-07,11374,,,,,,,,,
37,,,,,,,,,,11374,0.06338302046060562,,,,,,,,
,,,,,,,,,7.510891089108911e-07,11379,,,,,,,,,
37,,,,,,,,,,11379,0.049272265285253525,,,,,,,,
,,,,,,,,,7.514191419141914e-07,11384,,,,,,,,,
37,,,,,,,,,,11384,0.025067515671253204,,,,,,,,
,,,,,,,,,7.517491749174917e-07,11389,,,,,,,,,
37,,,,,,,,,,11389,0.02235891856253147,,,,,,,,
,,,,,,,,,7.520792079207921e-07,11394,,,,,,,,,
37,,,,,,,,,,11394,0.018988413736224174,,,,,,,,
,,,,,,,,,7.524092409240925e-07,11399,,,,,,,,,
37,,,,,,,,,,11399,0.012139749713242054,,,,,,,,
,,,,,,,,,7.527392739273927e-07,11404,,,,,,,,,
37,,,,,,,,,,11404,0.022588606923818588,,,,,,,,
,,,,,,,,,7.53069306930693e-07,11409,,,,,,,,,
37,,,,,,,,,,11409,0.02849126048386097,,,,,,,,
,,,,,,,,,7.533993399339934e-07,11414,,,,,,,,,
37,,,,,,,,,,11414,0.006468981970101595,,,,,,,,
,,,,,,,,,7.537293729372936e-07,11419,,,,,,,,,
37,,,,,,,,,,11419,0.036177974194288254,,,,,,,,
,,,,,,,,,7.54059405940594e-07,11424,,,,,,,,,
37,,,,,,,,,,11424,0.009308942593634129,,,,,,,,
,,,,,,,,,7.543894389438944e-07,11429,,,,,,,,,
37,,,,,,,,,,11429,0.020827235653996468,,,,,,,,
,,,,,,,,,7.547194719471947e-07,11434,,,,,,,,,
37,,,,,,,,,,11434,0.030189376324415207,,,,,,,,
,,,,,,,,,7.55049504950495e-07,11439,,,,,,,,,
37,,,,,,,,,,11439,0.032412778586149216,,,,,,,,
,,,,,,,,,7.553795379537954e-07,11444,,,,,,,,,
37,,,,,,,,,,11444,0.02319684438407421,,,,,,,,
,,,,,,,,,7.557095709570957e-07,11449,,,,,,,,,
37,,,,,,,,,,11449,0.02100766822695732,,,,,,,,
,,,,,,,,,7.560396039603961e-07,11454,,,,,,,,,
37,,,,,,,,,,11454,0.021976090967655182,,,,,,,,
,,,,,,,,,7.563696369636964e-07,11459,,,,,,,,,
37,,,,,,,,,,11459,0.025577962398529053,,,,,,,,
,,,,,,,,,7.566996699669966e-07,11464,,,,,,,,,
37,,,,,,,,,,11464,0.006717681419104338,,,,,,,,
,,,,,,,,,7.57029702970297e-07,11469,,,,,,,,,
37,,,,,,,,,,11469,0.008311168290674686,,,,,,,,
,,,,,,,,,7.573597359735973e-07,11474,,,,,,,,,
37,,,,,,,,,,11474,0.01065677497535944,,,,,,,,
,,,,,,,,,7.576897689768976e-07,11479,,,,,,,,,
37,,,,,,,,,,11479,0.021426545456051826,,,,,,,,
,,,,,,,,,7.58019801980198e-07,11484,,,,,,,,,
37,,,,,,,,,,11484,0.07540667802095413,,,,,,,,
,,,,,,,,,7.583498349834984e-07,11489,,,,,,,,,
37,,,,,,,,,,11489,0.0356723815202713,,,,,,,,
,,,,,,,,,7.586798679867986e-07,11494,,,,,,,,,
37,,,,,,,,,,11494,0.007484014146029949,,,,,,,,
,,,,,,,,,7.59009900990099e-07,11499,,,,,,,,,
37,,,,,,,,,,11499,0.03431382030248642,,,,,,,,
,,,,,,,,,7.593399339933994e-07,11504,,,,,,,,,
37,,,,,,,,,,11504,0.014938396401703358,,,,,,,,
,,,,,,,,,7.596699669966997e-07,11509,,,,,,,,,
37,,,,,,,,,,11509,0.03228449821472168,,,,,,,,
37,,,,,,,,,,11513,,0.6812499761581421,0.7213114500045776,0.07426287978887558,0.07426287978887558,0.4359581470489502,0.7096773982048035,0.7333333492279053,0.44950079917907715
,,,,,,,,,7.599999999999999e-07,11514,,,,,,,,,
38,,,,,,,,,,11514,0.013793095014989376,,,,,,,,
,,,,,,,,,7.603300330033003e-07,11519,,,,,,,,,
38,,,,,,,,,,11519,0.027313100174069405,,,,,,,,
,,,,,,,,,7.606600660066006e-07,11524,,,,,,,,,
38,,,,,,,,,,11524,0.05531642585992813,,,,,,,,
,,,,,,,,,7.609900990099009e-07,11529,,,,,,,,,
38,,,,,,,,,,11529,0.008724723942577839,,,,,,,,
,,,,,,,,,7.613201320132013e-07,11534,,,,,,,,,
38,,,,,,,,,,11534,0.029987772926688194,,,,,,,,
,,,,,,,,,7.616501650165016e-07,11539,,,,,,,,,
38,,,,,,,,,,11539,0.032931603491306305,,,,,,,,
,,,,,,,,,7.61980198019802e-07,11544,,,,,,,,,
38,,,,,,,,,,11544,0.008275147527456284,,,,,,,,
,,,,,,,,,7.623102310231023e-07,11549,,,,,,,,,
38,,,,,,,,,,11549,0.022257791832089424,,,,,,,,
,,,,,,,,,7.626402640264026e-07,11554,,,,,,,,,
38,,,,,,,,,,11554,0.06503470242023468,,,,,,,,
,,,,,,,,,7.62970297029703e-07,11559,,,,,,,,,
38,,,,,,,,,,11559,0.014721390791237354,,,,,,,,
,,,,,,,,,7.633003300330034e-07,11564,,,,,,,,,
38,,,,,,,,,,11564,0.011708351783454418,,,,,,,,
,,,,,,,,,7.636303630363035e-07,11569,,,,,,,,,
38,,,,,,,,,,11569,0.007619776763021946,,,,,,,,
,,,,,,,,,7.639603960396039e-07,11574,,,,,,,,,
38,,,,,,,,,,11574,0.02773737534880638,,,,,,,,
,,,,,,,,,7.642904290429043e-07,11579,,,,,,,,,
38,,,,,,,,,,11579,0.04129481688141823,,,,,,,,
,,,,,,,,,7.646204620462045e-07,11584,,,,,,,,,
38,,,,,,,,,,11584,0.016568206250667572,,,,,,,,
,,,,,,,,,7.649504950495049e-07,11589,,,,,,,,,
38,,,,,,,,,,11589,0.004770656116306782,,,,,,,,
,,,,,,,,,7.652805280528053e-07,11594,,,,,,,,,
38,,,,,,,,,,11594,0.06957829743623734,,,,,,,,
,,,,,,,,,7.656105610561056e-07,11599,,,,,,,,,
38,,,,,,,,,,11599,0.005502139683812857,,,,,,,,
,,,,,,,,,7.659405940594059e-07,11604,,,,,,,,,
38,,,,,,,,,,11604,0.056056927889585495,,,,,,,,
,,,,,,,,,7.662706270627063e-07,11609,,,,,,,,,
38,,,,,,,,,,11609,0.04310555011034012,,,,,,,,
,,,,,,,,,7.666006600660066e-07,11614,,,,,,,,,
38,,,,,,,,,,11614,0.0271926149725914,,,,,,,,
,,,,,,,,,7.66930693069307e-07,11619,,,,,,,,,
38,,,,,,,,,,11619,0.033283621072769165,,,,,,,,
,,,,,,,,,7.672607260726072e-07,11624,,,,,,,,,
38,,,,,,,,,,11624,0.027558444067835808,,,,,,,,
,,,,,,,,,7.675907590759075e-07,11629,,,,,,,,,
38,,,,,,,,,,11629,0.057602573186159134,,,,,,,,
,,,,,,,,,7.679207920792079e-07,11634,,,,,,,,,
38,,,,,,,,,,11634,0.017021652311086655,,,,,,,,
,,,,,,,,,7.682508250825083e-07,11639,,,,,,,,,
38,,,,,,,,,,11639,0.011613353155553341,,,,,,,,
,,,,,,,,,7.685808580858085e-07,11644,,,,,,,,,
38,,,,,,,,,,11644,0.03730764612555504,,,,,,,,
,,,,,,,,,7.689108910891089e-07,11649,,,,,,,,,
38,,,,,,,,,,11649,0.027047811076045036,,,,,,,,
,,,,,,,,,7.692409240924093e-07,11654,,,,,,,,,
38,,,,,,,,,,11654,0.015161413699388504,,,,,,,,
,,,,,,,,,7.695709570957095e-07,11659,,,,,,,,,
38,,,,,,,,,,11659,0.0061415270902216434,,,,,,,,
,,,,,,,,,7.699009900990099e-07,11664,,,,,,,,,
38,,,,,,,,,,11664,0.012253208085894585,,,,,,,,
,,,,,,,,,7.702310231023103e-07,11669,,,,,,,,,
38,,,,,,,,,,11669,0.024012887850403786,,,,,,,,
,,,,,,,,,7.705610561056105e-07,11674,,,,,,,,,
38,,,,,,,,,,11674,0.021352792158722878,,,,,,,,
,,,,,,,,,7.708910891089108e-07,11679,,,,,,,,,
38,,,,,,,,,,11679,0.01961452327668667,,,,,,,,
,,,,,,,,,7.712211221122111e-07,11684,,,,,,,,,
38,,,,,,,,,,11684,0.009080610238015652,,,,,,,,
,,,,,,,,,7.715511551155115e-07,11689,,,,,,,,,
38,,,,,,,,,,11689,0.017467381432652473,,,,,,,,
,,,,,,,,,7.718811881188119e-07,11694,,,,,,,,,
38,,,,,,,,,,11694,0.014905698597431183,,,,,,,,
,,,,,,,,,7.722112211221121e-07,11699,,,,,,,,,
38,,,,,,,,,,11699,0.012368676252663136,,,,,,,,
,,,,,,,,,7.725412541254125e-07,11704,,,,,,,,,
38,,,,,,,,,,11704,0.01894998364150524,,,,,,,,
,,,,,,,,,7.728712871287129e-07,11709,,,,,,,,,
38,,,,,,,,,,11709,0.014397157356142998,,,,,,,,
,,,,,,,,,7.732013201320131e-07,11714,,,,,,,,,
38,,,,,,,,,,11714,0.03399701789021492,,,,,,,,
,,,,,,,,,7.735313531353135e-07,11719,,,,,,,,,
38,,,,,,,,,,11719,0.053279679268598557,,,,,,,,
,,,,,,,,,7.738613861386139e-07,11724,,,,,,,,,
38,,,,,,,,,,11724,0.023342208936810493,,,,,,,,
,,,,,,,,,7.741914191419141e-07,11729,,,,,,,,,
38,,,,,,,,,,11729,0.010329851880669594,,,,,,,,
,,,,,,,,,7.745214521452144e-07,11734,,,,,,,,,
38,,,,,,,,,,11734,0.012768047861754894,,,,,,,,
,,,,,,,,,7.748514851485148e-07,11739,,,,,,,,,
38,,,,,,,,,,11739,0.011774659156799316,,,,,,,,
,,,,,,,,,7.751815181518151e-07,11744,,,,,,,,,
38,,,,,,,,,,11744,0.01506777387112379,,,,,,,,
,,,,,,,,,7.755115511551155e-07,11749,,,,,,,,,
38,,,,,,,,,,11749,0.022593822330236435,,,,,,,,
,,,,,,,,,7.758415841584158e-07,11754,,,,,,,,,
38,,,,,,,,,,11754,0.01196262426674366,,,,,,,,
,,,,,,,,,7.761716171617161e-07,11759,,,,,,,,,
38,,,,,,,,,,11759,0.007213975768536329,,,,,,,,
,,,,,,,,,7.765016501650165e-07,11764,,,,,,,,,
38,,,,,,,,,,11764,0.01555213425308466,,,,,,,,
,,,,,,,,,7.768316831683168e-07,11769,,,,,,,,,
38,,,,,,,,,,11769,0.025958072394132614,,,,,,,,
,,,,,,,,,7.771617161716171e-07,11774,,,,,,,,,
38,,,,,,,,,,11774,0.014453602954745293,,,,,,,,
,,,,,,,,,7.774917491749175e-07,11779,,,,,,,,,
38,,,,,,,,,,11779,0.027119282633066177,,,,,,,,
,,,,,,,,,7.778217821782178e-07,11784,,,,,,,,,
38,,,,,,,,,,11784,0.02038404904305935,,,,,,,,
,,,,,,,,,7.78151815181518e-07,11789,,,,,,,,,
38,,,,,,,,,,11789,0.017784317955374718,,,,,,,,
,,,,,,,,,7.784818481848184e-07,11794,,,,,,,,,
38,,,,,,,,,,11794,0.03764336556196213,,,,,,,,
,,,,,,,,,7.788118811881188e-07,11799,,,,,,,,,
38,,,,,,,,,,11799,0.021954553201794624,,,,,,,,
,,,,,,,,,7.79141914191419e-07,11804,,,,,,,,,
38,,,,,,,,,,11804,0.00779786566272378,,,,,,,,
,,,,,,,,,7.794719471947194e-07,11809,,,,,,,,,
38,,,,,,,,,,11809,0.022289087995886803,,,,,,,,
,,,,,,,,,7.798019801980198e-07,11814,,,,,,,,,
38,,,,,,,,,,11814,0.042020365595817566,,,,,,,,
38,,,,,,,,,,11816,,0.675000011920929,0.717391312122345,0.07519538700580597,0.07519538700580597,0.4482131600379944,0.7021276354789734,0.7333333492279053,0.4535354673862457
,,,,,,,,,7.801320132013201e-07,11819,,,,,,,,,
39,,,,,,,,,,11819,0.01543981023132801,,,,,,,,
,,,,,,,,,7.804620462046204e-07,11824,,,,,,,,,
39,,,,,,,,,,11824,0.017867403104901314,,,,,,,,
,,,,,,,,,7.807920792079208e-07,11829,,,,,,,,,
39,,,,,,,,,,11829,0.015489787794649601,,,,,,,,
,,,,,,,,,7.811221122112211e-07,11834,,,,,,,,,
39,,,,,,,,,,11834,0.01522116083651781,,,,,,,,
,,,,,,,,,7.814521452145214e-07,11839,,,,,,,,,
39,,,,,,,,,,11839,0.025109054520726204,,,,,,,,
,,,,,,,,,7.817821782178217e-07,11844,,,,,,,,,
39,,,,,,,,,,11844,0.008175920695066452,,,,,,,,
,,,,,,,,,7.82112211221122e-07,11849,,,,,,,,,
39,,,,,,,,,,11849,0.015146007761359215,,,,,,,,
,,,,,,,,,7.824422442244224e-07,11854,,,,,,,,,
39,,,,,,,,,,11854,0.014620831236243248,,,,,,,,
,,,,,,,,,7.827722772277228e-07,11859,,,,,,,,,
39,,,,,,,,,,11859,0.035841647535562515,,,,,,,,
,,,,,,,,,7.83102310231023e-07,11864,,,,,,,,,
39,,,,,,,,,,11864,0.024879885837435722,,,,,,,,
,,,,,,,,,7.834323432343234e-07,11869,,,,,,,,,
39,,,,,,,,,,11869,0.03138241544365883,,,,,,,,
,,,,,,,,,7.837623762376238e-07,11874,,,,,,,,,
39,,,,,,,,,,11874,0.03462022542953491,,,,,,,,
,,,,,,,,,7.84092409240924e-07,11879,,,,,,,,,
39,,,,,,,,,,11879,0.05549997836351395,,,,,,,,
,,,,,,,,,7.844224422442244e-07,11884,,,,,,,,,
39,,,,,,,,,,11884,0.01299349870532751,,,,,,,,
,,,,,,,,,7.847524752475248e-07,11889,,,,,,,,,
39,,,,,,,,,,11889,0.024691198021173477,,,,,,,,
,,,,,,,,,7.85082508250825e-07,11894,,,,,,,,,
39,,,,,,,,,,11894,0.05287321284413338,,,,,,,,
,,,,,,,,,7.854125412541253e-07,11899,,,,,,,,,
39,,,,,,,,,,11899,0.027476193383336067,,,,,,,,
,,,,,,,,,7.857425742574257e-07,11904,,,,,,,,,
39,,,,,,,,,,11904,0.01761716604232788,,,,,,,,
,,,,,,,,,7.86072607260726e-07,11909,,,,,,,,,
39,,,,,,,,,,11909,0.04164759814739227,,,,,,,,
,,,,,,,,,7.864026402640264e-07,11914,,,,,,,,,
39,,,,,,,,,,11914,0.025554301217198372,,,,,,,,
,,,,,,,,,7.867326732673267e-07,11919,,,,,,,,,
39,,,,,,,,,,11919,0.008644890040159225,,,,,,,,
,,,,,,,,,7.87062706270627e-07,11924,,,,,,,,,
39,,,,,,,,,,11924,0.040627963840961456,,,,,,,,
,,,,,,,,,7.873927392739274e-07,11929,,,,,,,,,
39,,,,,,,,,,11929,0.017402535304427147,,,,,,,,
,,,,,,,,,7.877227722772278e-07,11934,,,,,,,,,
39,,,,,,,,,,11934,0.04610369727015495,,,,,,,,
,,,,,,,,,7.88052805280528e-07,11939,,,,,,,,,
39,,,,,,,,,,11939,0.045989178121089935,,,,,,,,
,,,,,,,,,7.883828382838283e-07,11944,,,,,,,,,
39,,,,,,,,,,11944,0.013273694552481174,,,,,,,,
,,,,,,,,,7.887128712871287e-07,11949,,,,,,,,,
39,,,,,,,,,,11949,0.006006795912981033,,,,,,,,
,,,,,,,,,7.890429042904289e-07,11954,,,,,,,,,
39,,,,,,,,,,11954,0.026549549773335457,,,,,,,,
,,,,,,,,,7.893729372937293e-07,11959,,,,,,,,,
39,,,,,,,,,,11959,0.011006252840161324,,,,,,,,
,,,,,,,,,7.897029702970297e-07,11964,,,,,,,,,
39,,,,,,,,,,11964,0.03238605335354805,,,,,,,,
,,,,,,,,,7.9003300330033e-07,11969,,,,,,,,,
39,,,,,,,,,,11969,0.01971113681793213,,,,,,,,
,,,,,,,,,7.903630363036303e-07,11974,,,,,,,,,
39,,,,,,,,,,11974,0.026428712531924248,,,,,,,,
,,,,,,,,,7.906930693069307e-07,11979,,,,,,,,,
39,,,,,,,,,,11979,0.027071243152022362,,,,,,,,
,,,,,,,,,7.91023102310231e-07,11984,,,,,,,,,
39,,,,,,,,,,11984,0.019165437668561935,,,,,,,,
,,,,,,,,,7.913531353135314e-07,11989,,,,,,,,,
39,,,,,,,,,,11989,0.016512451693415642,,,,,,,,
,,,,,,,,,7.916831683168317e-07,11994,,,,,,,,,
39,,,,,,,,,,11994,0.02558203786611557,,,,,,,,
,,,,,,,,,7.920132013201319e-07,11999,,,,,,,,,
39,,,,,,,,,,11999,0.01437203586101532,,,,,,,,
,,,,,,,,,7.923432343234323e-07,12004,,,,,,,,,
39,,,,,,,,,,12004,0.043813202530145645,,,,,,,,
,,,,,,,,,7.926732673267326e-07,12009,,,,,,,,,
39,,,,,,,,,,12009,0.06718075275421143,,,,,,,,
,,,,,,,,,7.930033003300329e-07,12014,,,,,,,,,
39,,,,,,,,,,12014,0.02530115842819214,,,,,,,,
,,,,,,,,,7.933333333333333e-07,12019,,,,,,,,,
39,,,,,,,,,,12019,0.02581878937780857,,,,,,,,
,,,,,,,,,7.936633663366337e-07,12024,,,,,,,,,
39,,,,,,,,,,12024,0.03962693363428116,,,,,,,,
,,,,,,,,,7.939933993399339e-07,12029,,,,,,,,,
39,,,,,,,,,,12029,0.05390186607837677,,,,,,,,
,,,,,,,,,7.943234323432343e-07,12034,,,,,,,,,
39,,,,,,,,,,12034,0.01079733856022358,,,,,,,,
,,,,,,,,,7.946534653465347e-07,12039,,,,,,,,,
39,,,,,,,,,,12039,0.008351058699190617,,,,,,,,
,,,,,,,,,7.94983498349835e-07,12044,,,,,,,,,
39,,,,,,,,,,12044,0.008299731649458408,,,,,,,,
,,,,,,,,,7.953135313531353e-07,12049,,,,,,,,,
39,,,,,,,,,,12049,0.014038576744496822,,,,,,,,
,,,,,,,,,7.956435643564356e-07,12054,,,,,,,,,
39,,,,,,,,,,12054,0.021903133019804955,,,,,,,,
,,,,,,,,,7.959735973597359e-07,12059,,,,,,,,,
39,,,,,,,,,,12059,0.018020760267972946,,,,,,,,
,,,,,,,,,7.963036303630362e-07,12064,,,,,,,,,
39,,,,,,,,,,12064,0.03949339687824249,,,,,,,,
,,,,,,,,,7.966336633663366e-07,12069,,,,,,,,,
39,,,,,,,,,,12069,0.010916336439549923,,,,,,,,
,,,,,,,,,7.969636963696369e-07,12074,,,,,,,,,
39,,,,,,,,,,12074,0.01866815984249115,,,,,,,,
,,,,,,,,,7.972937293729373e-07,12079,,,,,,,,,
39,,,,,,,,,,12079,0.018566474318504333,,,,,,,,
,,,,,,,,,7.976237623762376e-07,12084,,,,,,,,,
39,,,,,,,,,,12084,0.01391445379704237,,,,,,,,
,,,,,,,,,7.979537953795379e-07,12089,,,,,,,,,
39,,,,,,,,,,12089,0.02796836756169796,,,,,,,,
,,,,,,,,,7.982838283828383e-07,12094,,,,,,,,,
39,,,,,,,,,,12094,0.05727282166481018,,,,,,,,
,,,,,,,,,7.986138613861387e-07,12099,,,,,,,,,
39,,,,,,,,,,12099,0.00732106389477849,,,,,,,,
,,,,,,,,,7.989438943894388e-07,12104,,,,,,,,,
39,,,,,,,,,,12104,0.036010295152664185,,,,,,,,
,,,,,,,,,7.992739273927392e-07,12109,,,,,,,,,
39,,,,,,,,,,12109,0.043940745294094086,,,,,,,,
,,,,,,,,,7.996039603960396e-07,12114,,,,,,,,,
39,,,,,,,,,,12114,0.009190106764435768,,,,,,,,
,,,,,,,,,7.999339933993398e-07,12119,,,,,,,,,
39,,,,,,,,,,12119,0.04642656445503235,,,,,,,,
39,,,,,,,,,,12119,,0.668749988079071,0.7135134935379028,0.0756063312292099,0.0756063312292099,0.44216957688331604,0.6947368383407593,0.7333333492279053,0.4491899013519287
,,,,,,,,,8.002640264026402e-07,12124,,,,,,,,,
40,,,,,,,,,,12124,0.01395665667951107,,,,,,,,
,,,,,,,,,8.005940594059406e-07,12129,,,,,,,,,
40,,,,,,,,,,12129,0.028323566541075706,,,,,,,,
,,,,,,,,,8.009240924092409e-07,12134,,,,,,,,,
40,,,,,,,,,,12134,0.011921937577426434,,,,,,,,
,,,,,,,,,8.012541254125412e-07,12139,,,,,,,,,
40,,,,,,,,,,12139,0.015024717897176743,,,,,,,,
,,,,,,,,,8.015841584158416e-07,12144,,,,,,,,,
40,,,,,,,,,,12144,0.0014598355628550053,,,,,,,,
,,,,,,,,,8.019141914191419e-07,12149,,,,,,,,,
40,,,,,,,,,,12149,0.01657303050160408,,,,,,,,
,,,,,,,,,8.022442244224423e-07,12154,,,,,,,,,
40,,,,,,,,,,12154,0.054135557264089584,,,,,,,,
,,,,,,,,,8.025742574257425e-07,12159,,,,,,,,,
40,,,,,,,,,,12159,0.04449751228094101,,,,,,,,
,,,,,,,,,8.029042904290428e-07,12164,,,,,,,,,
40,,,,,,,,,,12164,0.015193530358374119,,,,,,,,
,,,,,,,,,8.032343234323432e-07,12169,,,,,,,,,
40,,,,,,,,,,12169,0.013164839707314968,,,,,,,,
,,,,,,,,,8.035643564356436e-07,12174,,,,,,,,,
40,,,,,,,,,,12174,0.015054616145789623,,,,,,,,
,,,,,,,,,8.038943894389438e-07,12179,,,,,,,,,
40,,,,,,,,,,12179,0.02034551091492176,,,,,,,,
,,,,,,,,,8.042244224422442e-07,12184,,,,,,,,,
40,,,,,,,,,,12184,0.017374109476804733,,,,,,,,
,,,,,,,,,8.045544554455446e-07,12189,,,,,,,,,
40,,,,,,,,,,12189,0.012226556427776814,,,,,,,,
,,,,,,,,,8.048844884488448e-07,12194,,,,,,,,,
40,,,,,,,,,,12194,0.016896391287446022,,,,,,,,
,,,,,,,,,8.052145214521452e-07,12199,,,,,,,,,
40,,,,,,,,,,12199,0.01632341742515564,,,,,,,,
,,,,,,,,,8.055445544554456e-07,12204,,,,,,,,,
40,,,,,,,,,,12204,0.019762633368372917,,,,,,,,
,,,,,,,,,8.058745874587459e-07,12209,,,,,,,,,
40,,,,,,,,,,12209,0.02964707836508751,,,,,,,,
,,,,,,,,,8.062046204620461e-07,12214,,,,,,,,,
40,,,,,,,,,,12214,0.027908489108085632,,,,,,,,
,,,,,,,,,8.065346534653465e-07,12219,,,,,,,,,
40,,,,,,,,,,12219,0.040113333612680435,,,,,,,,
,,,,,,,,,8.068646864686468e-07,12224,,,,,,,,,
40,,,,,,,,,,12224,0.026240447536110878,,,,,,,,
,,,,,,,,,8.071947194719472e-07,12229,,,,,,,,,
40,,,,,,,,,,12229,0.010362495668232441,,,,,,,,
,,,,,,,,,8.075247524752475e-07,12234,,,,,,,,,
40,,,,,,,,,,12234,0.010967804118990898,,,,,,,,
,,,,,,,,,8.078547854785478e-07,12239,,,,,,,,,
40,,,,,,,,,,12239,0.0055947513319551945,,,,,,,,
,,,,,,,,,8.081848184818482e-07,12244,,,,,,,,,
40,,,,,,,,,,12244,0.017820782959461212,,,,,,,,
,,,,,,,,,8.085148514851485e-07,12249,,,,,,,,,
40,,,,,,,,,,12249,0.027253899723291397,,,,,,,,
,,,,,,,,,8.088448844884488e-07,12254,,,,,,,,,
40,,,,,,,,,,12254,0.044477108865976334,,,,,,,,
,,,,,,,,,8.091749174917492e-07,12259,,,,,,,,,
40,,,,,,,,,,12259,0.015771526843309402,,,,,,,,
,,,,,,,,,8.095049504950496e-07,12264,,,,,,,,,
40,,,,,,,,,,12264,0.007005772553384304,,,,,,,,
,,,,,,,,,8.098349834983497e-07,12269,,,,,,,,,
40,,,,,,,,,,12269,0.020853299647569656,,,,,,,,
,,,,,,,,,8.101650165016501e-07,12274,,,,,,,,,
40,,,,,,,,,,12274,0.02249937318265438,,,,,,,,
,,,,,,,,,8.104950495049505e-07,12279,,,,,,,,,
40,,,,,,,,,,12279,0.010249106213450432,,,,,,,,
,,,,,,,,,8.108250825082508e-07,12284,,,,,,,,,
40,,,,,,,,,,12284,0.006099036894738674,,,,,,,,
,,,,,,,,,8.111551155115511e-07,12289,,,,,,,,,
40,,,,,,,,,,12289,0.02103838510811329,,,,,,,,
,,,,,,,,,8.114851485148515e-07,12294,,,,,,,,,
40,,,,,,,,,,12294,0.043198008090257645,,,,,,,,
,,,,,,,,,8.118151815181518e-07,12299,,,,,,,,,
40,,,,,,,,,,12299,0.029468316584825516,,,,,,,,
,,,,,,,,,8.121452145214521e-07,12304,,,,,,,,,
40,,,,,,,,,,12304,0.08610177040100098,,,,,,,,
,,,,,,,,,8.124752475247525e-07,12309,,,,,,,,,
40,,,,,,,,,,12309,0.019261514768004417,,,,,,,,
,,,,,,,,,8.128052805280528e-07,12314,,,,,,,,,
40,,,,,,,,,,12314,0.020547566935420036,,,,,,,,
,,,,,,,,,8.131353135313532e-07,12319,,,,,,,,,
40,,,,,,,,,,12319,0.02180895395576954,,,,,,,,
,,,,,,,,,8.134653465346533e-07,12324,,,,,,,,,
40,,,,,,,,,,12324,0.045679181814193726,,,,,,,,
,,,,,,,,,8.137953795379537e-07,12329,,,,,,,,,
40,,,,,,,,,,12329,0.0065227411687374115,,,,,,,,
,,,,,,,,,8.141254125412541e-07,12334,,,,,,,,,
40,,,,,,,,,,12334,0.04157564043998718,,,,,,,,
,,,,,,,,,8.144554455445544e-07,12339,,,,,,,,,
40,,,,,,,,,,12339,0.02006523124873638,,,,,,,,
,,,,,,,,,8.147854785478547e-07,12344,,,,,,,,,
40,,,,,,,,,,12344,0.03342030569911003,,,,,,,,
,,,,,,,,,8.151155115511551e-07,12349,,,,,,,,,
40,,,,,,,,,,12349,0.019068971276283264,,,,,,,,
,,,,,,,,,8.154455445544554e-07,12354,,,,,,,,,
40,,,,,,,,,,12354,0.03334810584783554,,,,,,,,
,,,,,,,,,8.157755775577558e-07,12359,,,,,,,,,
40,,,,,,,,,,12359,0.010213450528681278,,,,,,,,
,,,,,,,,,8.161056105610561e-07,12364,,,,,,,,,
40,,,,,,,,,,12364,0.02871965989470482,,,,,,,,
,,,,,,,,,8.164356435643564e-07,12369,,,,,,,,,
40,,,,,,,,,,12369,0.00979150366038084,,,,,,,,
,,,,,,,,,8.167656765676567e-07,12374,,,,,,,,,
40,,,,,,,,,,12374,0.025995362550020218,,,,,,,,
,,,,,,,,,8.17095709570957e-07,12379,,,,,,,,,
40,,,,,,,,,,12379,0.02509722299873829,,,,,,,,
,,,,,,,,,8.174257425742573e-07,12384,,,,,,,,,
40,,,,,,,,,,12384,0.020559558644890785,,,,,,,,
,,,,,,,,,8.177557755775577e-07,12389,,,,,,,,,
40,,,,,,,,,,12389,0.026251688599586487,,,,,,,,
,,,,,,,,,8.180858085808581e-07,12394,,,,,,,,,
40,,,,,,,,,,12394,0.024757346138358116,,,,,,,,
,,,,,,,,,8.184158415841583e-07,12399,,,,,,,,,
40,,,,,,,,,,12399,0.0065674432553350925,,,,,,,,
,,,,,,,,,8.187458745874587e-07,12404,,,,,,,,,
40,,,,,,,,,,12404,0.027683855965733528,,,,,,,,
,,,,,,,,,8.190759075907591e-07,12409,,,,,,,,,
40,,,,,,,,,,12409,0.020875629037618637,,,,,,,,
,,,,,,,,,8.194059405940594e-07,12414,,,,,,,,,
40,,,,,,,,,,12414,0.025448212400078773,,,,,,,,
,,,,,,,,,8.197359735973597e-07,12419,,,,,,,,,
40,,,,,,,,,,12419,0.020349690690636635,,,,,,,,
40,,,,,,,,,,12422,,0.6812499761581421,0.7243243455886841,0.07576610893011093,0.07576610893011093,0.43649640679359436,0.7052631378173828,0.7444444298744202,0.4448164403438568
,,,,,,,,,8.200660066006601e-07,12424,,,,,,,,,
41,,,,,,,,,,12424,0.01707995869219303,,,,,,,,
,,,,,,,,,8.203960396039603e-07,12429,,,,,,,,,
41,,,,,,,,,,12429,0.010241322219371796,,,,,,,,
,,,,,,,,,8.207260726072606e-07,12434,,,,,,,,,
41,,,,,,,,,,12434,0.013929205015301704,,,,,,,,
,,,,,,,,,8.21056105610561e-07,12439,,,,,,,,,
41,,,,,,,,,,12439,0.03273444250226021,,,,,,,,
,,,,,,,,,8.213861386138613e-07,12444,,,,,,,,,
41,,,,,,,,,,12444,0.013107063248753548,,,,,,,,
,,,,,,,,,8.217161716171617e-07,12449,,,,,,,,,
41,,,,,,,,,,12449,0.01683700457215309,,,,,,,,
,,,,,,,,,8.22046204620462e-07,12454,,,,,,,,,
41,,,,,,,,,,12454,0.021845944225788116,,,,,,,,
,,,,,,,,,8.223762376237623e-07,12459,,,,,,,,,
41,,,,,,,,,,12459,0.03517365828156471,,,,,,,,
,,,,,,,,,8.227062706270627e-07,12464,,,,,,,,,
41,,,,,,,,,,12464,0.03474145755171776,,,,,,,,
,,,,,,,,,8.230363036303631e-07,12469,,,,,,,,,
41,,,,,,,,,,12469,0.017161067575216293,,,,,,,,
,,,,,,,,,8.233663366336633e-07,12474,,,,,,,,,
41,,,,,,,,,,12474,0.029471784830093384,,,,,,,,
,,,,,,,,,8.236963696369637e-07,12479,,,,,,,,,
41,,,,,,,,,,12479,0.010585779324173927,,,,,,,,
,,,,,,,,,8.24026402640264e-07,12484,,,,,,,,,
41,,,,,,,,,,12484,0.018539145588874817,,,,,,,,
,,,,,,,,,8.243564356435642e-07,12489,,,,,,,,,
41,,,,,,,,,,12489,0.013989679515361786,,,,,,,,
,,,,,,,,,8.246864686468646e-07,12494,,,,,,,,,
41,,,,,,,,,,12494,0.021172383800148964,,,,,,,,
,,,,,,,,,8.25016501650165e-07,12499,,,,,,,,,
41,,,,,,,,,,12499,0.014480365440249443,,,,,,,,
,,,,,,,,,8.253465346534653e-07,12504,,,,,,,,,
41,,,,,,,,,,12504,0.005053335800766945,,,,,,,,
,,,,,,,,,8.256765676567656e-07,12509,,,,,,,,,
41,,,,,,,,,,12509,0.02767893113195896,,,,,,,,
,,,,,,,,,8.26006600660066e-07,12514,,,,,,,,,
41,,,,,,,,,,12514,0.0772150382399559,,,,,,,,
,,,,,,,,,8.263366336633663e-07,12519,,,,,,,,,
41,,,,,,,,,,12519,0.01514676958322525,,,,,,,,
,,,,,,,,,8.266666666666667e-07,12524,,,,,,,,,
41,,,,,,,,,,12524,0.014737875200808048,,,,,,,,
,,,,,,,,,8.26996699669967e-07,12529,,,,,,,,,
41,,,,,,,,,,12529,0.04256253316998482,,,,,,,,
,,,,,,,,,8.273267326732672e-07,12534,,,,,,,,,
41,,,,,,,,,,12534,0.034650471061468124,,,,,,,,
,,,,,,,,,8.276567656765676e-07,12539,,,,,,,,,
41,,,,,,,,,,12539,0.02407076396048069,,,,,,,,
,,,,,,,,,8.27986798679868e-07,12544,,,,,,,,,
41,,,,,,,,,,12544,0.0217034462839365,,,,,,,,
,,,,,,,,,8.283168316831682e-07,12549,,,,,,,,,
41,,,,,,,,,,12549,0.02005567029118538,,,,,,,,
,,,,,,,,,8.286468646864686e-07,12554,,,,,,,,,
41,,,,,,,,,,12554,0.0125512620434165,,,,,,,,
,,,,,,,,,8.28976897689769e-07,12559,,,,,,,,,
41,,,,,,,,,,12559,0.021902840584516525,,,,,,,,
,,,,,,,,,8.293069306930692e-07,12564,,,,,,,,,
41,,,,,,,,,,12564,0.005937428213655949,,,,,,,,
,,,,,,,,,8.296369636963696e-07,12569,,,,,,,,,
41,,,,,,,,,,12569,0.018433088436722755,,,,,,,,
,,,,,,,,,8.2996699669967e-07,12574,,,,,,,,,
41,,,,,,,,,,12574,0.016847403720021248,,,,,,,,
,,,,,,,,,8.302970297029703e-07,12579,,,,,,,,,
41,,,,,,,,,,12579,0.0102249039337039,,,,,,,,
,,,,,,,,,8.306270627062706e-07,12584,,,,,,,,,
41,,,,,,,,,,12584,0.020547613501548767,,,,,,,,
,,,,,,,,,8.309570957095709e-07,12589,,,,,,,,,
41,,,,,,,,,,12589,0.018269920721650124,,,,,,,,
,,,,,,,,,8.312871287128712e-07,12594,,,,,,,,,
41,,,,,,,,,,12594,0.005804656073451042,,,,,,,,
,,,,,,,,,8.316171617161715e-07,12599,,,,,,,,,
41,,,,,,,,,,12599,0.02784385345876217,,,,,,,,
,,,,,,,,,8.319471947194719e-07,12604,,,,,,,,,
41,,,,,,,,,,12604,0.007832950912415981,,,,,,,,
,,,,,,,,,8.322772277227722e-07,12609,,,,,,,,,
41,,,,,,,,,,12609,0.0436847060918808,,,,,,,,
,,,,,,,,,8.326072607260726e-07,12614,,,,,,,,,
41,,,,,,,,,,12614,0.020147157832980156,,,,,,,,
,,,,,,,,,8.329372937293729e-07,12619,,,,,,,,,
41,,,,,,,,,,12619,0.01992686279118061,,,,,,,,
,,,,,,,,,8.332673267326732e-07,12624,,,,,,,,,
41,,,,,,,,,,12624,0.0229653213173151,,,,,,,,
,,,,,,,,,8.335973597359736e-07,12629,,,,,,,,,
41,,,,,,,,,,12629,0.03871278464794159,,,,,,,,
,,,,,,,,,8.33927392739274e-07,12634,,,,,,,,,
41,,,,,,,,,,12634,0.00617194501683116,,,,,,,,
,,,,,,,,,8.342574257425742e-07,12639,,,,,,,,,
41,,,,,,,,,,12639,0.01082590688019991,,,,,,,,
,,,,,,,,,8.345874587458745e-07,12644,,,,,,,,,
41,,,,,,,,,,12644,0.02631075121462345,,,,,,,,
,,,,,,,,,8.349174917491749e-07,12649,,,,,,,,,
41,,,,,,,,,,12649,0.01920780912041664,,,,,,,,
,,,,,,,,,8.352475247524751e-07,12654,,,,,,,,,
41,,,,,,,,,,12654,0.013243379071354866,,,,,,,,
,,,,,,,,,8.355775577557755e-07,12659,,,,,,,,,
41,,,,,,,,,,12659,0.013892645947635174,,,,,,,,
,,,,,,,,,8.359075907590759e-07,12664,,,,,,,,,
41,,,,,,,,,,12664,0.054386261850595474,,,,,,,,
,,,,,,,,,8.362376237623762e-07,12669,,,,,,,,,
41,,,,,,,,,,12669,0.008940229192376137,,,,,,,,
,,,,,,,,,8.365676567656765e-07,12674,,,,,,,,,
41,,,,,,,,,,12674,0.012835395522415638,,,,,,,,
,,,,,,,,,8.368976897689769e-07,12679,,,,,,,,,
41,,,,,,,,,,12679,0.011993151158094406,,,,,,,,
,,,,,,,,,8.372277227722772e-07,12684,,,,,,,,,
41,,,,,,,,,,12684,0.018913980573415756,,,,,,,,
,,,,,,,,,8.375577557755776e-07,12689,,,,,,,,,
41,,,,,,,,,,12689,0.02147686295211315,,,,,,,,
,,,,,,,,,8.378877887788779e-07,12694,,,,,,,,,
41,,,,,,,,,,12694,0.01391003280878067,,,,,,,,
,,,,,,,,,8.382178217821781e-07,12699,,,,,,,,,
41,,,,,,,,,,12699,0.0042837741784751415,,,,,,,,
,,,,,,,,,8.385478547854785e-07,12704,,,,,,,,,
41,,,,,,,,,,12704,0.06803161650896072,,,,,,,,
,,,,,,,,,8.388778877887789e-07,12709,,,,,,,,,
41,,,,,,,,,,12709,0.029964962974190712,,,,,,,,
,,,,,,,,,8.392079207920791e-07,12714,,,,,,,,,
41,,,,,,,,,,12714,0.02266872487962246,,,,,,,,
,,,,,,,,,8.395379537953795e-07,12719,,,,,,,,,
41,,,,,,,,,,12719,0.025419535115361214,,,,,,,,
,,,,,,,,,8.398679867986799e-07,12724,,,,,,,,,
41,,,,,,,,,,12724,0.0038636347744613886,,,,,,,,
41,,,,,,,,,,12725,,0.675000011920929,0.717391312122345,0.07781442254781723,0.07781442254781723,0.4314870834350586,0.7021276354789734,0.7333333492279053,0.439881294965744
,,,,,,,,,8.401980198019801e-07,12729,,,,,,,,,
42,,,,,,,,,,12729,0.01935872621834278,,,,,,,,
,,,,,,,,,8.405280528052805e-07,12734,,,,,,,,,
42,,,,,,,,,,12734,0.0393035002052784,,,,,,,,
,,,,,,,,,8.408580858085809e-07,12739,,,,,,,,,
42,,,,,,,,,,12739,0.026048842817544937,,,,,,,,
,,,,,,,,,8.411881188118812e-07,12744,,,,,,,,,
42,,,,,,,,,,12744,0.0035086411517113447,,,,,,,,
,,,,,,,,,8.415181518151814e-07,12749,,,,,,,,,
42,,,,,,,,,,12749,0.012211429886519909,,,,,,,,
,,,,,,,,,8.418481848184818e-07,12754,,,,,,,,,
42,,,,,,,,,,12754,0.01289643719792366,,,,,,,,
,,,,,,,,,8.421782178217821e-07,12759,,,,,,,,,
42,,,,,,,,,,12759,0.0118686743080616,,,,,,,,
,,,,,,,,,8.425082508250825e-07,12764,,,,,,,,,
42,,,,,,,,,,12764,0.013916634023189545,,,,,,,,
,,,,,,,,,8.428382838283828e-07,12769,,,,,,,,,
42,,,,,,,,,,12769,0.041557490825653076,,,,,,,,
,,,,,,,,,8.431683168316831e-07,12774,,,,,,,,,
42,,,,,,,,,,12774,0.005341659300029278,,,,,,,,
,,,,,,,,,8.434983498349835e-07,12779,,,,,,,,,
42,,,,,,,,,,12779,0.010334993712604046,,,,,,,,
,,,,,,,,,8.438283828382839e-07,12784,,,,,,,,,
42,,,,,,,,,,12784,0.02141195349395275,,,,,,,,
,,,,,,,,,8.441584158415841e-07,12789,,,,,,,,,
42,,,,,,,,,,12789,0.010911176912486553,,,,,,,,
,,,,,,,,,8.444884488448845e-07,12794,,,,,,,,,
42,,,,,,,,,,12794,0.09076021611690521,,,,,,,,
,,,,,,,,,8.448184818481849e-07,12799,,,,,,,,,
42,,,,,,,,,,12799,0.007432570215314627,,,,,,,,
,,,,,,,,,8.45148514851485e-07,12804,,,,,,,,,
42,,,,,,,,,,12804,0.019041890278458595,,,,,,,,
,,,,,,,,,8.454785478547854e-07,12809,,,,,,,,,
42,,,,,,,,,,12809,0.015633760020136833,,,,,,,,
,,,,,,,,,8.458085808580858e-07,12814,,,,,,,,,
42,,,,,,,,,,12814,0.002975668990984559,,,,,,,,
,,,,,,,,,8.461386138613861e-07,12819,,,,,,,,,
42,,,,,,,,,,12819,0.02872801572084427,,,,,,,,
,,,,,,,,,8.464686468646864e-07,12824,,,,,,,,,
42,,,,,,,,,,12824,0.018687408417463303,,,,,,,,
,,,,,,,,,8.467986798679868e-07,12829,,,,,,,,,
42,,,,,,,,,,12829,0.026341279968619347,,,,,,,,
,,,,,,,,,8.471287128712871e-07,12834,,,,,,,,,
42,,,,,,,,,,12834,0.0165557824075222,,,,,,,,
,,,,,,,,,8.474587458745875e-07,12839,,,,,,,,,
42,,,,,,,,,,12839,0.008893691003322601,,,,,,,,
,,,,,,,,,8.477887788778878e-07,12844,,,,,,,,,
42,,,,,,,,,,12844,0.012417980469763279,,,,,,,,
,,,,,,,,,8.481188118811881e-07,12849,,,,,,,,,
42,,,,,,,,,,12849,0.010660026222467422,,,,,,,,
,,,,,,,,,8.484488448844885e-07,12854,,,,,,,,,
42,,,,,,,,,,12854,0.005949913989752531,,,,,,,,
,,,,,,,,,8.487788778877887e-07,12859,,,,,,,,,
42,,,,,,,,,,12859,0.014938421547412872,,,,,,,,
,,,,,,,,,8.49108910891089e-07,12864,,,,,,,,,
42,,,,,,,,,,12864,0.004654046148061752,,,,,,,,
,,,,,,,,,8.494389438943894e-07,12869,,,,,,,,,
42,,,,,,,,,,12869,0.025502672418951988,,,,,,,,
,,,,,,,,,8.497689768976898e-07,12874,,,,,,,,,
42,,,,,,,,,,12874,0.023146245628595352,,,,,,,,
,,,,,,,,,8.5009900990099e-07,12879,,,,,,,,,
42,,,,,,,,,,12879,0.00839121825993061,,,,,,,,
,,,,,,,,,8.504290429042904e-07,12884,,,,,,,,,
42,,,,,,,,,,12884,0.038643911480903625,,,,,,,,
,,,,,,,,,8.507590759075908e-07,12889,,,,,,,,,
42,,,,,,,,,,12889,0.0054532489739358425,,,,,,,,
,,,,,,,,,8.51089108910891e-07,12894,,,,,,,,,
42,,,,,,,,,,12894,0.013249097391963005,,,,,,,,
,,,,,,,,,8.514191419141914e-07,12899,,,,,,,,,
42,,,,,,,,,,12899,0.0052903033792972565,,,,,,,,
,,,,,,,,,8.517491749174918e-07,12904,,,,,,,,,
42,,,,,,,,,,12904,0.02655823715031147,,,,,,,,
,,,,,,,,,8.520792079207921e-07,12909,,,,,,,,,
42,,,,,,,,,,12909,0.04306025430560112,,,,,,,,
,,,,,,,,,8.524092409240923e-07,12914,,,,,,,,,
42,,,,,,,,,,12914,0.04669605940580368,,,,,,,,
,,,,,,,,,8.527392739273927e-07,12919,,,,,,,,,
42,,,,,,,,,,12919,0.019751405343413353,,,,,,,,
,,,,,,,,,8.53069306930693e-07,12924,,,,,,,,,
42,,,,,,,,,,12924,0.03012171946465969,,,,,,,,
,,,,,,,,,8.533993399339934e-07,12929,,,,,,,,,
42,,,,,,,,,,12929,0.018696289509534836,,,,,,,,
,,,,,,,,,8.537293729372937e-07,12934,,,,,,,,,
42,,,,,,,,,,12934,0.01699669472873211,,,,,,,,
,,,,,,,,,8.54059405940594e-07,12939,,,,,,,,,
42,,,,,,,,,,12939,0.004203901160508394,,,,,,,,
,,,,,,,,,8.543894389438944e-07,12944,,,,,,,,,
42,,,,,,,,,,12944,0.05018892511725426,,,,,,,,
,,,,,,,,,8.547194719471947e-07,12949,,,,,,,,,
42,,,,,,,,,,12949,0.02809133566915989,,,,,,,,
,,,,,,,,,8.55049504950495e-07,12954,,,,,,,,,
42,,,,,,,,,,12954,0.011653020046651363,,,,,,,,
,,,,,,,,,8.553795379537954e-07,12959,,,,,,,,,
42,,,,,,,,,,12959,0.0052162338979542255,,,,,,,,
,,,,,,,,,8.557095709570956e-07,12964,,,,,,,,,
42,,,,,,,,,,12964,0.06962288171052933,,,,,,,,
,,,,,,,,,8.560396039603959e-07,12969,,,,,,,,,
42,,,,,,,,,,12969,0.016602996736764908,,,,,,,,
,,,,,,,,,8.563696369636963e-07,12974,,,,,,,,,
42,,,,,,,,,,12974,0.009445678442716599,,,,,,,,
,,,,,,,,,8.566996699669966e-07,12979,,,,,,,,,
42,,,,,,,,,,12979,0.03735080361366272,,,,,,,,
,,,,,,,,,8.57029702970297e-07,12984,,,,,,,,,
42,,,,,,,,,,12984,0.006447771564126015,,,,,,,,
,,,,,,,,,8.573597359735973e-07,12989,,,,,,,,,
42,,,,,,,,,,12989,0.021666910499334335,,,,,,,,
,,,,,,,,,8.576897689768976e-07,12994,,,,,,,,,
42,,,,,,,,,,12994,0.04566801339387894,,,,,,,,
,,,,,,,,,8.58019801980198e-07,12999,,,,,,,,,
42,,,,,,,,,,12999,0.03682595118880272,,,,,,,,
,,,,,,,,,8.583498349834984e-07,13004,,,,,,,,,
42,,,,,,,,,,13004,0.01631886325776577,,,,,,,,
,,,,,,,,,8.586798679867986e-07,13009,,,,,,,,,
42,,,,,,,,,,13009,0.013752871192991734,,,,,,,,
,,,,,,,,,8.59009900990099e-07,13014,,,,,,,,,
42,,,,,,,,,,13014,0.014034084975719452,,,,,,,,
,,,,,,,,,8.593399339933993e-07,13019,,,,,,,,,
42,,,,,,,,,,13019,0.021609239280223846,,,,,,,,
,,,,,,,,,8.596699669966995e-07,13024,,,,,,,,,
42,,,,,,,,,,13024,0.012790706939995289,,,,,,,,
42,,,,,,,,,,13028,,0.6625000238418579,0.7157894968986511,0.07719063013792038,0.07719063013792038,0.447704017162323,0.6800000071525574,0.7555555701255798,0.44523587822914124
,,,,,,,,,8.599999999999999e-07,13029,,,,,,,,,
43,,,,,,,,,,13029,0.024628890678286552,,,,,,,,
,,,,,,,,,8.603300330033003e-07,13034,,,,,,,,,
43,,,,,,,,,,13034,0.0193184744566679,,,,,,,,
,,,,,,,,,8.606600660066006e-07,13039,,,,,,,,,
43,,,,,,,,,,13039,0.037083353847265244,,,,,,,,
,,,,,,,,,8.609900990099009e-07,13044,,,,,,,,,
43,,,,,,,,,,13044,0.012958968989551067,,,,,,,,
,,,,,,,,,8.613201320132013e-07,13049,,,,,,,,,
43,,,,,,,,,,13049,0.020598532631993294,,,,,,,,
,,,,,,,,,8.616501650165016e-07,13054,,,,,,,,,
43,,,,,,,,,,13054,0.011230616830289364,,,,,,,,
,,,,,,,,,8.61980198019802e-07,13059,,,,,,,,,
43,,,,,,,,,,13059,0.017967304214835167,,,,,,,,
,,,,,,,,,8.623102310231023e-07,13064,,,,,,,,,
43,,,,,,,,,,13064,0.017034193500876427,,,,,,,,
,,,,,,,,,8.626402640264026e-07,13069,,,,,,,,,
43,,,,,,,,,,13069,0.03185936436057091,,,,,,,,
,,,,,,,,,8.629702970297029e-07,13074,,,,,,,,,
43,,,,,,,,,,13074,0.011531713418662548,,,,,,,,
,,,,,,,,,8.633003300330032e-07,13079,,,,,,,,,
43,,,,,,,,,,13079,0.0389232374727726,,,,,,,,
,,,,,,,,,8.636303630363035e-07,13084,,,,,,,,,
43,,,,,,,,,,13084,0.010323366150259972,,,,,,,,
,,,,,,,,,8.639603960396039e-07,13089,,,,,,,,,
43,,,,,,,,,,13089,0.013116877526044846,,,,,,,,
,,,,,,,,,8.642904290429043e-07,13094,,,,,,,,,
43,,,,,,,,,,13094,0.01312489528208971,,,,,,,,
,,,,,,,,,8.646204620462045e-07,13099,,,,,,,,,
43,,,,,,,,,,13099,0.018389571458101273,,,,,,,,
,,,,,,,,,8.649504950495049e-07,13104,,,,,,,,,
43,,,,,,,,,,13104,0.041049979627132416,,,,,,,,
,,,,,,,,,8.652805280528053e-07,13109,,,,,,,,,
43,,,,,,,,,,13109,0.006581861060112715,,,,,,,,
,,,,,,,,,8.656105610561056e-07,13114,,,,,,,,,
43,,,,,,,,,,13114,0.020667940378189087,,,,,,,,
,,,,,,,,,8.659405940594059e-07,13119,,,,,,,,,
43,,,,,,,,,,13119,0.006228590849786997,,,,,,,,
,,,,,,,,,8.662706270627063e-07,13124,,,,,,,,,
43,,,,,,,,,,13124,0.04153160750865936,,,,,,,,
,,,,,,,,,8.666006600660065e-07,13129,,,,,,,,,
43,,,,,,,,,,13129,0.01056884229183197,,,,,,,,
,,,,,,,,,8.669306930693069e-07,13134,,,,,,,,,
43,,,,,,,,,,13134,0.02031470276415348,,,,,,,,
,,,,,,,,,8.672607260726072e-07,13139,,,,,,,,,
43,,,,,,,,,,13139,0.014058695174753666,,,,,,,,
,,,,,,,,,8.675907590759075e-07,13144,,,,,,,,,
43,,,,,,,,,,13144,0.012367289513349533,,,,,,,,
,,,,,,,,,8.679207920792079e-07,13149,,,,,,,,,
43,,,,,,,,,,13149,0.0346466600894928,,,,,,,,
,,,,,,,,,8.682508250825082e-07,13154,,,,,,,,,
43,,,,,,,,,,13154,0.03378450870513916,,,,,,,,
,,,,,,,,,8.685808580858085e-07,13159,,,,,,,,,
43,,,,,,,,,,13159,0.009020253084599972,,,,,,,,
,,,,,,,,,8.689108910891089e-07,13164,,,,,,,,,
43,,,,,,,,,,13164,0.015167970210313797,,,,,,,,
,,,,,,,,,8.692409240924093e-07,13169,,,,,,,,,
43,,,,,,,,,,13169,0.02447420358657837,,,,,,,,
,,,,,,,,,8.695709570957095e-07,13174,,,,,,,,,
43,,,,,,,,,,13174,0.02509821206331253,,,,,,,,
,,,,,,,,,8.699009900990098e-07,13179,,,,,,,,,
43,,,,,,,,,,13179,0.01405334658920765,,,,,,,,
,,,,,,,,,8.702310231023102e-07,13184,,,,,,,,,
43,,,,,,,,,,13184,0.011848673224449158,,,,,,,,
,,,,,,,,,8.705610561056105e-07,13189,,,,,,,,,
43,,,,,,,,,,13189,0.005746293812990189,,,,,,,,
,,,,,,,,,8.708910891089108e-07,13194,,,,,,,,,
43,,,,,,,,,,13194,0.052956681698560715,,,,,,,,
,,,,,,,,,8.712211221122112e-07,13199,,,,,,,,,
43,,,,,,,,,,13199,0.01700376719236374,,,,,,,,
,,,,,,,,,8.715511551155115e-07,13204,,,,,,,,,
43,,,,,,,,,,13204,0.016861481592059135,,,,,,,,
,,,,,,,,,8.718811881188118e-07,13209,,,,,,,,,
43,,,,,,,,,,13209,0.002881075255572796,,,,,,,,
,,,,,,,,,8.722112211221122e-07,13214,,,,,,,,,
43,,,,,,,,,,13214,0.003603067947551608,,,,,,,,
,,,,,,,,,8.725412541254125e-07,13219,,,,,,,,,
43,,,,,,,,,,13219,0.004521138966083527,,,,,,,,
,,,,,,,,,8.728712871287129e-07,13224,,,,,,,,,
43,,,,,,,,,,13224,0.02523396536707878,,,,,,,,
,,,,,,,,,8.732013201320132e-07,13229,,,,,,,,,
43,,,,,,,,,,13229,0.011143896728754044,,,,,,,,
,,,,,,,,,8.735313531353134e-07,13234,,,,,,,,,
43,,,,,,,,,,13234,0.009347723796963692,,,,,,,,
,,,,,,,,,8.738613861386138e-07,13239,,,,,,,,,
43,,,,,,,,,,13239,0.014557790011167526,,,,,,,,
,,,,,,,,,8.741914191419142e-07,13244,,,,,,,,,
43,,,,,,,,,,13244,0.039521388709545135,,,,,,,,
,,,,,,,,,8.745214521452144e-07,13249,,,,,,,,,
43,,,,,,,,,,13249,0.04247179627418518,,,,,,,,
,,,,,,,,,8.748514851485148e-07,13254,,,,,,,,,
43,,,,,,,,,,13254,0.011820522136986256,,,,,,,,
,,,,,,,,,8.751815181518152e-07,13259,,,,,,,,,
43,,,,,,,,,,13259,0.04503016546368599,,,,,,,,
,,,,,,,,,8.755115511551154e-07,13264,,,,,,,,,
43,,,,,,,,,,13264,0.014408384449779987,,,,,,,,
,,,,,,,,,8.758415841584158e-07,13269,,,,,,,,,
43,,,,,,,,,,13269,0.0036169379018247128,,,,,,,,
,,,,,,,,,8.761716171617162e-07,13274,,,,,,,,,
43,,,,,,,,,,13274,0.019030895084142685,,,,,,,,
,,,,,,,,,8.765016501650165e-07,13279,,,,,,,,,
43,,,,,,,,,,13279,0.03258639574050903,,,,,,,,
,,,,,,,,,8.768316831683168e-07,13284,,,,,,,,,
43,,,,,,,,,,13284,0.039712779223918915,,,,,,,,
,,,,,,,,,8.771617161716171e-07,13289,,,,,,,,,
43,,,,,,,,,,13289,0.019360171630978584,,,,,,,,
,,,,,,,,,8.774917491749174e-07,13294,,,,,,,,,
43,,,,,,,,,,13294,0.006639817729592323,,,,,,,,
,,,,,,,,,8.778217821782178e-07,13299,,,,,,,,,
43,,,,,,,,,,13299,0.024085236713290215,,,,,,,,
,,,,,,,,,8.781518151815181e-07,13304,,,,,,,,,
43,,,,,,,,,,13304,0.00677404785528779,,,,,,,,
,,,,,,,,,8.784818481848184e-07,13309,,,,,,,,,
43,,,,,,,,,,13309,0.03937216103076935,,,,,,,,
,,,,,,,,,8.788118811881188e-07,13314,,,,,,,,,
43,,,,,,,,,,13314,0.025842435657978058,,,,,,,,
,,,,,,,,,8.791419141914192e-07,13319,,,,,,,,,
43,,,,,,,,,,13319,0.02742699161171913,,,,,,,,
,,,,,,,,,8.794719471947194e-07,13324,,,,,,,,,
43,,,,,,,,,,13324,0.021982409060001373,,,,,,,,
,,,,,,,,,8.798019801980198e-07,13329,,,,,,,,,
43,,,,,,,,,,13329,0.02155137062072754,,,,,,,,
43,,,,,,,,,,13331,,0.6812499761581421,0.7150837779045105,0.07718975096940994,0.07718975096940994,0.42857396602630615,0.7191011309623718,0.7111111283302307,0.43417030572891235
,,,,,,,,,8.801320132013202e-07,13334,,,,,,,,,
44,,,,,,,,,,13334,0.013049036264419556,,,,,,,,
,,,,,,,,,8.804620462046203e-07,13339,,,,,,,,,
44,,,,,,,,,,13339,0.005115985404700041,,,,,,,,
,,,,,,,,,8.807920792079207e-07,13344,,,,,,,,,
44,,,,,,,,,,13344,0.005846574902534485,,,,,,,,
,,,,,,,,,8.811221122112211e-07,13349,,,,,,,,,
44,,,,,,,,,,13349,0.012123891152441502,,,,,,,,
,,,,,,,,,8.814521452145214e-07,13354,,,,,,,,,
44,,,,,,,,,,13354,0.01688469387590885,,,,,,,,
,,,,,,,,,8.817821782178217e-07,13359,,,,,,,,,
44,,,,,,,,,,13359,0.049648188054561615,,,,,,,,
,,,,,,,,,8.821122112211221e-07,13364,,,,,,,,,
44,,,,,,,,,,13364,0.006359741557389498,,,,,,,,
,,,,,,,,,8.824422442244224e-07,13369,,,,,,,,,
44,,,,,,,,,,13369,0.03494724631309509,,,,,,,,
,,,,,,,,,8.827722772277228e-07,13374,,,,,,,,,
44,,,,,,,,,,13374,0.01629619486629963,,,,,,,,
,,,,,,,,,8.831023102310231e-07,13379,,,,,,,,,
44,,,,,,,,,,13379,0.03318873420357704,,,,,,,,
,,,,,,,,,8.834323432343234e-07,13384,,,,,,,,,
44,,,,,,,,,,13384,0.010621490888297558,,,,,,,,
,,,,,,,,,8.837623762376238e-07,13389,,,,,,,,,
44,,,,,,,,,,13389,0.007080849725753069,,,,,,,,
,,,,,,,,,8.840924092409241e-07,13394,,,,,,,,,
44,,,,,,,,,,13394,0.020273035392165184,,,,,,,,
,,,,,,,,,8.844224422442243e-07,13399,,,,,,,,,
44,,,,,,,,,,13399,0.01268860138952732,,,,,,,,
,,,,,,,,,8.847524752475247e-07,13404,,,,,,,,,
44,,,,,,,,,,13404,0.009367699734866619,,,,,,,,
,,,,,,,,,8.850825082508251e-07,13409,,,,,,,,,
44,,,,,,,,,,13409,0.008386805653572083,,,,,,,,
,,,,,,,,,8.854125412541253e-07,13414,,,,,,,,,
44,,,,,,,,,,13414,0.0069414665922522545,,,,,,,,
,,,,,,,,,8.857425742574257e-07,13419,,,,,,,,,
44,,,,,,,,,,13419,0.003035687142983079,,,,,,,,
,,,,,,,,,8.860726072607261e-07,13424,,,,,,,,,
44,,,,,,,,,,13424,0.017007706686854362,,,,,,,,
,,,,,,,,,8.864026402640264e-07,13429,,,,,,,,,
44,,,,,,,,,,13429,0.010142764076590538,,,,,,,,
,,,,,,,,,8.867326732673267e-07,13434,,,,,,,,,
44,,,,,,,,,,13434,0.015284454450011253,,,,,,,,
,,,,,,,,,8.870627062706271e-07,13439,,,,,,,,,
44,,,,,,,,,,13439,0.053045473992824554,,,,,,,,
,,,,,,,,,8.873927392739274e-07,13444,,,,,,,,,
44,,,,,,,,,,13444,0.044321972876787186,,,,,,,,
,,,,,,,,,8.877227722772276e-07,13449,,,,,,,,,
44,,,,,,,,,,13449,0.037675708532333374,,,,,,,,
,,,,,,,,,8.88052805280528e-07,13454,,,,,,,,,
44,,,,,,,,,,13454,0.03291000798344612,,,,,,,,
,,,,,,,,,8.883828382838283e-07,13459,,,,,,,,,
44,,,,,,,,,,13459,0.014995894394814968,,,,,,,,
,,,,,,,,,8.887128712871287e-07,13464,,,,,,,,,
44,,,,,,,,,,13464,0.01604805514216423,,,,,,,,
,,,,,,,,,8.89042904290429e-07,13469,,,,,,,,,
44,,,,,,,,,,13469,0.014536400325596333,,,,,,,,
,,,,,,,,,8.893729372937293e-07,13474,,,,,,,,,
44,,,,,,,,,,13474,0.010788899846374989,,,,,,,,
,,,,,,,,,8.897029702970297e-07,13479,,,,,,,,,
44,,,,,,,,,,13479,0.017828449606895447,,,,,,,,
,,,,,,,,,8.900330033003301e-07,13484,,,,,,,,,
44,,,,,,,,,,13484,0.007307283580303192,,,,,,,,
,,,,,,,,,8.903630363036303e-07,13489,,,,,,,,,
44,,,,,,,,,,13489,0.031862206757068634,,,,,,,,
,,,,,,,,,8.906930693069307e-07,13494,,,,,,,,,
44,,,,,,,,,,13494,0.014905260875821114,,,,,,,,
,,,,,,,,,8.910231023102311e-07,13499,,,,,,,,,
44,,,,,,,,,,13499,0.018785301595926285,,,,,,,,
,,,,,,,,,8.913531353135312e-07,13504,,,,,,,,,
44,,,,,,,,,,13504,0.044928450137376785,,,,,,,,
,,,,,,,,,8.916831683168316e-07,13509,,,,,,,,,
44,,,,,,,,,,13509,0.0065255421213805676,,,,,,,,
,,,,,,,,,8.92013201320132e-07,13514,,,,,,,,,
44,,,,,,,,,,13514,0.006594632752239704,,,,,,,,
,,,,,,,,,8.923432343234323e-07,13519,,,,,,,,,
44,,,,,,,,,,13519,0.020150145515799522,,,,,,,,
,,,,,,,,,8.926732673267326e-07,13524,,,,,,,,,
44,,,,,,,,,,13524,0.039496440440416336,,,,,,,,
,,,,,,,,,8.93003300330033e-07,13529,,,,,,,,,
44,,,,,,,,,,13529,0.019265292212367058,,,,,,,,
,,,,,,,,,8.933333333333333e-07,13534,,,,,,,,,
44,,,,,,,,,,13534,0.009616386145353317,,,,,,,,
,,,,,,,,,8.936633663366337e-07,13539,,,,,,,,,
44,,,,,,,,,,13539,0.024756189435720444,,,,,,,,
,,,,,,,,,8.93993399339934e-07,13544,,,,,,,,,
44,,,,,,,,,,13544,0.002382950158789754,,,,,,,,
,,,,,,,,,8.943234323432343e-07,13549,,,,,,,,,
44,,,,,,,,,,13549,0.018176952376961708,,,,,,,,
,,,,,,,,,8.946534653465347e-07,13554,,,,,,,,,
44,,,,,,,,,,13554,0.021468080580234528,,,,,,,,
,,,,,,,,,8.94983498349835e-07,13559,,,,,,,,,
44,,,,,,,,,,13559,0.019898589700460434,,,,,,,,
,,,,,,,,,8.953135313531352e-07,13564,,,,,,,,,
44,,,,,,,,,,13564,0.04146876931190491,,,,,,,,
,,,,,,,,,8.956435643564356e-07,13569,,,,,,,,,
44,,,,,,,,,,13569,0.016001004725694656,,,,,,,,
,,,,,,,,,8.959735973597359e-07,13574,,,,,,,,,
44,,,,,,,,,,13574,0.03747427463531494,,,,,,,,
,,,,,,,,,8.963036303630362e-07,13579,,,,,,,,,
44,,,,,,,,,,13579,0.02325967699289322,,,,,,,,
,,,,,,,,,8.966336633663366e-07,13584,,,,,,,,,
44,,,,,,,,,,13584,0.0074147870764136314,,,,,,,,
,,,,,,,,,8.969636963696369e-07,13589,,,,,,,,,
44,,,,,,,,,,13589,0.05724112689495087,,,,,,,,
,,,,,,,,,8.972937293729373e-07,13594,,,,,,,,,
44,,,,,,,,,,13594,0.01068364642560482,,,,,,,,
,,,,,,,,,8.976237623762376e-07,13599,,,,,,,,,
44,,,,,,,,,,13599,0.010314307175576687,,,,,,,,
,,,,,,,,,8.979537953795379e-07,13604,,,,,,,,,
44,,,,,,,,,,13604,0.011438018642365932,,,,,,,,
,,,,,,,,,8.982838283828382e-07,13609,,,,,,,,,
44,,,,,,,,,,13609,0.018681375309824944,,,,,,,,
,,,,,,,,,8.986138613861386e-07,13614,,,,,,,,,
44,,,,,,,,,,13614,0.0336974635720253,,,,,,,,
,,,,,,,,,8.989438943894388e-07,13619,,,,,,,,,
44,,,,,,,,,,13619,0.07614710181951523,,,,,,,,
,,,,,,,,,8.992739273927392e-07,13624,,,,,,,,,
44,,,,,,,,,,13624,0.03279240056872368,,,,,,,,
,,,,,,,,,8.996039603960396e-07,13629,,,,,,,,,
44,,,,,,,,,,13629,0.04031410440802574,,,,,,,,
,,,,,,,,,8.999339933993398e-07,13634,,,,,,,,,
44,,,,,,,,,,13634,0.025718295946717262,,,,,,,,
44,,,,,,,,,,13634,,0.675000011920929,0.717391312122345,0.07812078297138214,0.07812078297138214,0.4345499873161316,0.7021276354789734,0.7333333492279053,0.442329078912735
,,,,,,,,,9.002640264026402e-07,13639,,,,,,,,,
45,,,,,,,,,,13639,0.02197512425482273,,,,,,,,
,,,,,,,,,9.005940594059406e-07,13644,,,,,,,,,
45,,,,,,,,,,13644,0.01040352787822485,,,,,,,,
,,,,,,,,,9.009240924092409e-07,13649,,,,,,,,,
45,,,,,,,,,,13649,0.011498917825520039,,,,,,,,
,,,,,,,,,9.012541254125412e-07,13654,,,,,,,,,
45,,,,,,,,,,13654,0.023952540010213852,,,,,,,,
,,,,,,,,,9.015841584158416e-07,13659,,,,,,,,,
45,,,,,,,,,,13659,0.04665292426943779,,,,,,,,
,,,,,,,,,9.019141914191418e-07,13664,,,,,,,,,
45,,,,,,,,,,13664,0.005848962347954512,,,,,,,,
,,,,,,,,,9.022442244224422e-07,13669,,,,,,,,,
45,,,,,,,,,,13669,0.017726201564073563,,,,,,,,
,,,,,,,,,9.025742574257425e-07,13674,,,,,,,,,
45,,,,,,,,,,13674,0.011003147810697556,,,,,,,,
,,,,,,,,,9.029042904290428e-07,13679,,,,,,,,,
45,,,,,,,,,,13679,0.019463423639535904,,,,,,,,
,,,,,,,,,9.032343234323432e-07,13684,,,,,,,,,
45,,,,,,,,,,13684,0.029864056035876274,,,,,,,,
,,,,,,,,,9.035643564356435e-07,13689,,,,,,,,,
45,,,,,,,,,,13689,0.022121354937553406,,,,,,,,
,,,,,,,,,9.038943894389438e-07,13694,,,,,,,,,
45,,,,,,,,,,13694,0.03741881623864174,,,,,,,,
,,,,,,,,,9.042244224422442e-07,13699,,,,,,,,,
45,,,,,,,,,,13699,0.017723046243190765,,,,,,,,
,,,,,,,,,9.045544554455446e-07,13704,,,,,,,,,
45,,,,,,,,,,13704,0.030228152871131897,,,,,,,,
,,,,,,,,,9.048844884488448e-07,13709,,,,,,,,,
45,,,,,,,,,,13709,0.008860071189701557,,,,,,,,
,,,,,,,,,9.052145214521452e-07,13714,,,,,,,,,
45,,,,,,,,,,13714,0.015573396347463131,,,,,,,,
,,,,,,,,,9.055445544554455e-07,13719,,,,,,,,,
45,,,,,,,,,,13719,0.0179797001183033,,,,,,,,
,,,,,,,,,9.058745874587458e-07,13724,,,,,,,,,
45,,,,,,,,,,13724,0.034837186336517334,,,,,,,,
,,,,,,,,,9.062046204620461e-07,13729,,,,,,,,,
45,,,,,,,,,,13729,0.020709941163659096,,,,,,,,
,,,,,,,,,9.065346534653465e-07,13734,,,,,,,,,
45,,,,,,,,,,13734,0.03690917789936066,,,,,,,,
,,,,,,,,,9.068646864686468e-07,13739,,,,,,,,,
45,,,,,,,,,,13739,0.01100247260183096,,,,,,,,
,,,,,,,,,9.071947194719471e-07,13744,,,,,,,,,
45,,,,,,,,,,13744,0.009087315760552883,,,,,,,,
,,,,,,,,,9.075247524752475e-07,13749,,,,,,,,,
45,,,,,,,,,,13749,0.002106820698827505,,,,,,,,
,,,,,,,,,9.078547854785478e-07,13754,,,,,,,,,
45,,,,,,,,,,13754,0.009295488707721233,,,,,,,,
,,,,,,,,,9.081848184818482e-07,13759,,,,,,,,,
45,,,,,,,,,,13759,0.025124074891209602,,,,,,,,
,,,,,,,,,9.085148514851485e-07,13764,,,,,,,,,
45,,,,,,,,,,13764,0.012911699712276459,,,,,,,,
,,,,,,,,,9.088448844884487e-07,13769,,,,,,,,,
45,,,,,,,,,,13769,0.017873302102088928,,,,,,,,
,,,,,,,,,9.091749174917491e-07,13774,,,,,,,,,
45,,,,,,,,,,13774,0.01917513832449913,,,,,,,,
,,,,,,,,,9.095049504950495e-07,13779,,,,,,,,,
45,,,,,,,,,,13779,0.023404007777571678,,,,,,,,
,,,,,,,,,9.098349834983497e-07,13784,,,,,,,,,
45,,,,,,,,,,13784,0.004347519483417273,,,,,,,,
,,,,,,,,,9.101650165016501e-07,13789,,,,,,,,,
45,,,,,,,,,,13789,0.014384289272129536,,,,,,,,
,,,,,,,,,9.104950495049505e-07,13794,,,,,,,,,
45,,,,,,,,,,13794,0.019159749150276184,,,,,,,,
,,,,,,,,,9.108250825082507e-07,13799,,,,,,,,,
45,,,,,,,,,,13799,0.011584939435124397,,,,,,,,
,,,,,,,,,9.111551155115511e-07,13804,,,,,,,,,
45,,,,,,,,,,13804,0.016805194318294525,,,,,,,,
,,,,,,,,,9.114851485148515e-07,13809,,,,,,,,,
45,,,,,,,,,,13809,0.025659840553998947,,,,,,,,
,,,,,,,,,9.118151815181518e-07,13814,,,,,,,,,
45,,,,,,,,,,13814,0.009980522096157074,,,,,,,,
,,,,,,,,,9.121452145214521e-07,13819,,,,,,,,,
45,,,,,,,,,,13819,0.015991074964404106,,,,,,,,
,,,,,,,,,9.124752475247524e-07,13824,,,,,,,,,
45,,,,,,,,,,13824,0.021583490073680878,,,,,,,,
,,,,,,,,,9.128052805280527e-07,13829,,,,,,,,,
45,,,,,,,,,,13829,0.02588312327861786,,,,,,,,
,,,,,,,,,9.131353135313531e-07,13834,,,,,,,,,
45,,,,,,,,,,13834,0.02476070448756218,,,,,,,,
,,,,,,,,,9.134653465346534e-07,13839,,,,,,,,,
45,,,,,,,,,,13839,0.008932745084166527,,,,,,,,
,,,,,,,,,9.137953795379537e-07,13844,,,,,,,,,
45,,,,,,,,,,13844,0.013738930225372314,,,,,,,,
,,,,,,,,,9.141254125412541e-07,13849,,,,,,,,,
45,,,,,,,,,,13849,0.004286299925297499,,,,,,,,
,,,,,,,,,9.144554455445545e-07,13854,,,,,,,,,
45,,,,,,,,,,13854,0.016103258356451988,,,,,,,,
,,,,,,,,,9.147854785478547e-07,13859,,,,,,,,,
45,,,,,,,,,,13859,0.005774884019047022,,,,,,,,
,,,,,,,,,9.151155115511551e-07,13864,,,,,,,,,
45,,,,,,,,,,13864,0.016931910067796707,,,,,,,,
,,,,,,,,,9.154455445544555e-07,13869,,,,,,,,,
45,,,,,,,,,,13869,0.015783140435814857,,,,,,,,
,,,,,,,,,9.157755775577557e-07,13874,,,,,,,,,
45,,,,,,,,,,13874,0.03524736687541008,,,,,,,,
,,,,,,,,,9.16105610561056e-07,13879,,,,,,,,,
45,,,,,,,,,,13879,0.004773709923028946,,,,,,,,
,,,,,,,,,9.164356435643564e-07,13884,,,,,,,,,
45,,,,,,,,,,13884,0.03201793134212494,,,,,,,,
,,,,,,,,,9.167656765676567e-07,13889,,,,,,,,,
45,,,,,,,,,,13889,0.03905126824975014,,,,,,,,
,,,,,,,,,9.17095709570957e-07,13894,,,,,,,,,
45,,,,,,,,,,13894,0.024644950404763222,,,,,,,,
,,,,,,,,,9.174257425742574e-07,13899,,,,,,,,,
45,,,,,,,,,,13899,0.008085678331553936,,,,,,,,
,,,,,,,,,9.177557755775577e-07,13904,,,,,,,,,
45,,,,,,,,,,13904,0.036604467779397964,,,,,,,,
,,,,,,,,,9.180858085808581e-07,13909,,,,,,,,,
45,,,,,,,,,,13909,0.04741664603352547,,,,,,,,
,,,,,,,,,9.184158415841584e-07,13914,,,,,,,,,
45,,,,,,,,,,13914,0.02733582817018032,,,,,,,,
,,,,,,,,,9.187458745874587e-07,13919,,,,,,,,,
45,,,,,,,,,,13919,0.015849148854613304,,,,,,,,
,,,,,,,,,9.190759075907591e-07,13924,,,,,,,,,
45,,,,,,,,,,13924,0.01605462096631527,,,,,,,,
,,,,,,,,,9.194059405940595e-07,13929,,,,,,,,,
45,,,,,,,,,,13929,0.010658679530024529,,,,,,,,
,,,,,,,,,9.197359735973596e-07,13934,,,,,,,,,
45,,,,,,,,,,13934,0.013147015124559402,,,,,,,,
45,,,,,,,,,,13937,,0.675000011920929,0.7142857313156128,0.07718076556921005,0.07718076556921005,0.42823725938796997,0.70652174949646,0.7222222089767456,0.4303659200668335
,,,,,,,,,9.2006600660066e-07,13939,,,,,,,,,
46,,,,,,,,,,13939,0.025471476837992668,,,,,,,,
,,,,,,,,,9.203960396039604e-07,13944,,,,,,,,,
46,,,,,,,,,,13944,0.014436226338148117,,,,,,,,
,,,,,,,,,9.207260726072606e-07,13949,,,,,,,,,
46,,,,,,,,,,13949,0.02473224326968193,,,,,,,,
,,,,,,,,,9.21056105610561e-07,13954,,,,,,,,,
46,,,,,,,,,,13954,0.008471650071442127,,,,,,,,
,,,,,,,,,9.213861386138614e-07,13959,,,,,,,,,
46,,,,,,,,,,13959,0.07637236267328262,,,,,,,,
,,,,,,,,,9.217161716171617e-07,13964,,,,,,,,,
46,,,,,,,,,,13964,0.017999760806560516,,,,,,,,
,,,,,,,,,9.22046204620462e-07,13969,,,,,,,,,
46,,,,,,,,,,13969,0.019827112555503845,,,,,,,,
,,,,,,,,,9.223762376237624e-07,13974,,,,,,,,,
46,,,,,,,,,,13974,0.006742956582456827,,,,,,,,
,,,,,,,,,9.227062706270627e-07,13979,,,,,,,,,
46,,,,,,,,,,13979,0.021927936002612114,,,,,,,,
,,,,,,,,,9.23036303630363e-07,13984,,,,,,,,,
46,,,,,,,,,,13984,0.023957913741469383,,,,,,,,
,,,,,,,,,9.233663366336633e-07,13989,,,,,,,,,
46,,,,,,,,,,13989,0.024332312867045403,,,,,,,,
,,,,,,,,,9.236963696369636e-07,13994,,,,,,,,,
46,,,,,,,,,,13994,0.017775293439626694,,,,,,,,
,,,,,,,,,9.24026402640264e-07,13999,,,,,,,,,
46,,,,,,,,,,13999,0.014157295227050781,,,,,,,,
,,,,,,,,,9.243564356435643e-07,14004,,,,,,,,,
46,,,,,,,,,,14004,0.032548949122428894,,,,,,,,
,,,,,,,,,9.246864686468646e-07,14009,,,,,,,,,
46,,,,,,,,,,14009,0.03494492918252945,,,,,,,,
,,,,,,,,,9.25016501650165e-07,14014,,,,,,,,,
46,,,,,,,,,,14014,0.026549967005848885,,,,,,,,
,,,,,,,,,9.253465346534654e-07,14019,,,,,,,,,
46,,,,,,,,,,14019,0.008758125826716423,,,,,,,,
,,,,,,,,,9.256765676567656e-07,14024,,,,,,,,,
46,,,,,,,,,,14024,0.01734568364918232,,,,,,,,
,,,,,,,,,9.26006600660066e-07,14029,,,,,,,,,
46,,,,,,,,,,14029,0.08456587046384811,,,,,,,,
,,,,,,,,,9.263366336633664e-07,14034,,,,,,,,,
46,,,,,,,,,,14034,0.007109528873115778,,,,,,,,
,,,,,,,,,9.266666666666665e-07,14039,,,,,,,,,
46,,,,,,,,,,14039,0.02308991365134716,,,,,,,,
,,,,,,,,,9.269966996699669e-07,14044,,,,,,,,,
46,,,,,,,,,,14044,0.024577148258686066,,,,,,,,
,,,,,,,,,9.273267326732673e-07,14049,,,,,,,,,
46,,,,,,,,,,14049,0.01106913760304451,,,,,,,,
,,,,,,,,,9.276567656765676e-07,14054,,,,,,,,,
46,,,,,,,,,,14054,0.010401949286460876,,,,,,,,
,,,,,,,,,9.279867986798679e-07,14059,,,,,,,,,
46,,,,,,,,,,14059,0.03267267718911171,,,,,,,,
,,,,,,,,,9.283168316831683e-07,14064,,,,,,,,,
46,,,,,,,,,,14064,0.009637794457376003,,,,,,,,
,,,,,,,,,9.286468646864686e-07,14069,,,,,,,,,
46,,,,,,,,,,14069,0.024989280849695206,,,,,,,,
,,,,,,,,,9.28976897689769e-07,14074,,,,,,,,,
46,,,,,,,,,,14074,0.008074216544628143,,,,,,,,
,,,,,,,,,9.293069306930693e-07,14079,,,,,,,,,
46,,,,,,,,,,14079,0.03008134476840496,,,,,,,,
,,,,,,,,,9.296369636963696e-07,14084,,,,,,,,,
46,,,,,,,,,,14084,0.0210796557366848,,,,,,,,
,,,,,,,,,9.2996699669967e-07,14089,,,,,,,,,
46,,,,,,,,,,14089,0.013743235729634762,,,,,,,,
,,,,,,,,,9.302970297029703e-07,14094,,,,,,,,,
46,,,,,,,,,,14094,0.013657857663929462,,,,,,,,
,,,,,,,,,9.306270627062705e-07,14099,,,,,,,,,
46,,,,,,,,,,14099,0.01774374209344387,,,,,,,,
,,,,,,,,,9.309570957095709e-07,14104,,,,,,,,,
46,,,,,,,,,,14104,0.01202675886452198,,,,,,,,
,,,,,,,,,9.312871287128713e-07,14109,,,,,,,,,
46,,,,,,,,,,14109,0.004696240182965994,,,,,,,,
,,,,,,,,,9.316171617161715e-07,14114,,,,,,,,,
46,,,,,,,,,,14114,0.0420537032186985,,,,,,,,
,,,,,,,,,9.319471947194719e-07,14119,,,,,,,,,
46,,,,,,,,,,14119,0.009941578842699528,,,,,,,,
,,,,,,,,,9.322772277227723e-07,14124,,,,,,,,,
46,,,,,,,,,,14124,0.013317707926034927,,,,,,,,
,,,,,,,,,9.326072607260726e-07,14129,,,,,,,,,
46,,,,,,,,,,14129,0.01365584321320057,,,,,,,,
,,,,,,,,,9.329372937293729e-07,14134,,,,,,,,,
46,,,,,,,,,,14134,0.029700323939323425,,,,,,,,
,,,,,,,,,9.332673267326733e-07,14139,,,,,,,,,
46,,,,,,,,,,14139,0.018758689984679222,,,,,,,,
,,,,,,,,,9.335973597359736e-07,14144,,,,,,,,,
46,,,,,,,,,,14144,0.011487461626529694,,,,,,,,
,,,,,,,,,9.339273927392739e-07,14149,,,,,,,,,
46,,,,,,,,,,14149,0.030118238180875778,,,,,,,,
,,,,,,,,,9.342574257425742e-07,14154,,,,,,,,,
46,,,,,,,,,,14154,0.015752894803881645,,,,,,,,
,,,,,,,,,9.345874587458745e-07,14159,,,,,,,,,
46,,,,,,,,,,14159,0.0150222759693861,,,,,,,,
,,,,,,,,,9.349174917491749e-07,14164,,,,,,,,,
46,,,,,,,,,,14164,0.015065095387399197,,,,,,,,
,,,,,,,,,9.352475247524752e-07,14169,,,,,,,,,
46,,,,,,,,,,14169,0.011492001824080944,,,,,,,,
,,,,,,,,,9.355775577557755e-07,14174,,,,,,,,,
46,,,,,,,,,,14174,0.01304264273494482,,,,,,,,
,,,,,,,,,9.359075907590759e-07,14179,,,,,,,,,
46,,,,,,,,,,14179,0.049756310880184174,,,,,,,,
,,,,,,,,,9.362376237623763e-07,14184,,,,,,,,,
46,,,,,,,,,,14184,0.01089821569621563,,,,,,,,
,,,,,,,,,9.365676567656765e-07,14189,,,,,,,,,
46,,,,,,,,,,14189,0.04262585565447807,,,,,,,,
,,,,,,,,,9.368976897689769e-07,14194,,,,,,,,,
46,,,,,,,,,,14194,0.014112818986177444,,,,,,,,
,,,,,,,,,9.372277227722773e-07,14199,,,,,,,,,
46,,,,,,,,,,14199,0.002693359972909093,,,,,,,,
,,,,,,,,,9.375577557755775e-07,14204,,,,,,,,,
46,,,,,,,,,,14204,0.007852229289710522,,,,,,,,
,,,,,,,,,9.378877887788778e-07,14209,,,,,,,,,
46,,,,,,,,,,14209,0.008418533951044083,,,,,,,,
,,,,,,,,,9.382178217821781e-07,14214,,,,,,,,,
46,,,,,,,,,,14214,0.012565349228680134,,,,,,,,
,,,,,,,,,9.385478547854785e-07,14219,,,,,,,,,
46,,,,,,,,,,14219,0.011515208519995213,,,,,,,,
,,,,,,,,,9.388778877887789e-07,14224,,,,,,,,,
46,,,,,,,,,,14224,0.060364339500665665,,,,,,,,
,,,,,,,,,9.392079207920791e-07,14229,,,,,,,,,
46,,,,,,,,,,14229,0.007355767302215099,,,,,,,,
,,,,,,,,,9.395379537953795e-07,14234,,,,,,,,,
46,,,,,,,,,,14234,0.046677760779857635,,,,,,,,
,,,,,,,,,9.398679867986799e-07,14239,,,,,,,,,
46,,,,,,,,,,14239,0.009156333282589912,,,,,,,,
46,,,,,,,,,,14240,,0.6812499761581421,0.7150837779045105,0.08098934590816498,0.08098934590816498,0.4136009216308594,0.7191011309623718,0.7111111283302307,0.42231568694114685
,,,,,,,,,9.401980198019801e-07,14244,,,,,,,,,
47,,,,,,,,,,14244,0.010891296900808811,,,,,,,,
,,,,,,,,,9.405280528052805e-07,14249,,,,,,,,,
47,,,,,,,,,,14249,0.011967362836003304,,,,,,,,
,,,,,,,,,9.408580858085808e-07,14254,,,,,,,,,
47,,,,,,,,,,14254,0.024804241955280304,,,,,,,,
,,,,,,,,,9.411881188118811e-07,14259,,,,,,,,,
47,,,,,,,,,,14259,0.020693322643637657,,,,,,,,
,,,,,,,,,9.415181518151814e-07,14264,,,,,,,,,
47,,,,,,,,,,14264,0.03178286924958229,,,,,,,,
,,,,,,,,,9.418481848184818e-07,14269,,,,,,,,,
47,,,,,,,,,,14269,0.02854147180914879,,,,,,,,
,,,,,,,,,9.421782178217821e-07,14274,,,,,,,,,
47,,,,,,,,,,14274,0.011703613214194775,,,,,,,,
,,,,,,,,,9.425082508250825e-07,14279,,,,,,,,,
47,,,,,,,,,,14279,0.01253516785800457,,,,,,,,
,,,,,,,,,9.428382838283828e-07,14284,,,,,,,,,
47,,,,,,,,,,14284,0.007090089377015829,,,,,,,,
,,,,,,,,,9.431683168316831e-07,14289,,,,,,,,,
47,,,,,,,,,,14289,0.037084631621837616,,,,,,,,
,,,,,,,,,9.434983498349835e-07,14294,,,,,,,,,
47,,,,,,,,,,14294,0.012135783210396767,,,,,,,,
,,,,,,,,,9.438283828382838e-07,14299,,,,,,,,,
47,,,,,,,,,,14299,0.06300043314695358,,,,,,,,
,,,,,,,,,9.441584158415841e-07,14304,,,,,,,,,
47,,,,,,,,,,14304,0.026031581684947014,,,,,,,,
,,,,,,,,,9.444884488448844e-07,14309,,,,,,,,,
47,,,,,,,,,,14309,0.007064873818308115,,,,,,,,
,,,,,,,,,9.448184818481848e-07,14314,,,,,,,,,
47,,,,,,,,,,14314,0.024248406291007996,,,,,,,,
,,,,,,,,,9.45148514851485e-07,14319,,,,,,,,,
47,,,,,,,,,,14319,0.014920970425009727,,,,,,,,
,,,,,,,,,9.454785478547854e-07,14324,,,,,,,,,
47,,,,,,,,,,14324,0.007177397143095732,,,,,,,,
,,,,,,,,,9.458085808580858e-07,14329,,,,,,,,,
47,,,,,,,,,,14329,0.023837901651859283,,,,,,,,
,,,,,,,,,9.46138613861386e-07,14334,,,,,,,,,
47,,,,,,,,,,14334,0.02112332172691822,,,,,,,,
,,,,,,,,,9.464686468646864e-07,14339,,,,,,,,,
47,,,,,,,,,,14339,0.008860504254698753,,,,,,,,
,,,,,,,,,9.467986798679868e-07,14344,,,,,,,,,
47,,,,,,,,,,14344,0.01456349529325962,,,,,,,,
,,,,,,,,,9.471287128712871e-07,14349,,,,,,,,,
47,,,,,,,,,,14349,0.015466885641217232,,,,,,,,
,,,,,,,,,9.474587458745874e-07,14354,,,,,,,,,
47,,,,,,,,,,14354,0.006754733622074127,,,,,,,,
,,,,,,,,,9.477887788778878e-07,14359,,,,,,,,,
47,,,,,,,,,,14359,0.010464191436767578,,,,,,,,
,,,,,,,,,9.48118811881188e-07,14364,,,,,,,,,
47,,,,,,,,,,14364,0.018038040027022362,,,,,,,,
,,,,,,,,,9.484488448844884e-07,14369,,,,,,,,,
47,,,,,,,,,,14369,0.009294841438531876,,,,,,,,
,,,,,,,,,9.487788778877887e-07,14374,,,,,,,,,
47,,,,,,,,,,14374,0.010867311619222164,,,,,,,,
,,,,,,,,,9.49108910891089e-07,14379,,,,,,,,,
47,,,,,,,,,,14379,0.0464782640337944,,,,,,,,
,,,,,,,,,9.494389438943894e-07,14384,,,,,,,,,
47,,,,,,,,,,14384,0.033216968178749084,,,,,,,,
,,,,,,,,,9.497689768976898e-07,14389,,,,,,,,,
47,,,,,,,,,,14389,0.00871414877474308,,,,,,,,
,,,,,,,,,9.5009900990099e-07,14394,,,,,,,,,
47,,,,,,,,,,14394,0.02197866328060627,,,,,,,,
,,,,,,,,,9.504290429042904e-07,14399,,,,,,,,,
47,,,,,,,,,,14399,0.03510279953479767,,,,,,,,
,,,,,,,,,9.507590759075908e-07,14404,,,,,,,,,
47,,,,,,,,,,14404,0.027975860983133316,,,,,,,,
,,,,,,,,,9.51089108910891e-07,14409,,,,,,,,,
47,,,,,,,,,,14409,0.020029541105031967,,,,,,,,
,,,,,,,,,9.514191419141913e-07,14414,,,,,,,,,
47,,,,,,,,,,14414,0.015583259984850883,,,,,,,,
,,,,,,,,,9.517491749174917e-07,14419,,,,,,,,,
47,,,,,,,,,,14419,0.045535970479249954,,,,,,,,
,,,,,,,,,9.52079207920792e-07,14424,,,,,,,,,
47,,,,,,,,,,14424,0.010260789655148983,,,,,,,,
,,,,,,,,,9.524092409240923e-07,14429,,,,,,,,,
47,,,,,,,,,,14429,0.010145476087927818,,,,,,,,
,,,,,,,,,9.527392739273927e-07,14434,,,,,,,,,
47,,,,,,,,,,14434,0.013566362671554089,,,,,,,,
,,,,,,,,,9.53069306930693e-07,14439,,,,,,,,,
47,,,,,,,,,,14439,0.008441931568086147,,,,,,,,
,,,,,,,,,9.533993399339934e-07,14444,,,,,,,,,
47,,,,,,,,,,14444,0.045128557831048965,,,,,,,,
,,,,,,,,,9.537293729372937e-07,14449,,,,,,,,,
47,,,,,,,,,,14449,0.05230448767542839,,,,,,,,
,,,,,,,,,9.54059405940594e-07,14454,,,,,,,,,
47,,,,,,,,,,14454,0.005024310667067766,,,,,,,,
,,,,,,,,,9.543894389438943e-07,14459,,,,,,,,,
47,,,,,,,,,,14459,0.011163298040628433,,,,,,,,
,,,,,,,,,9.547194719471948e-07,14464,,,,,,,,,
47,,,,,,,,,,14464,0.005949727725237608,,,,,,,,
,,,,,,,,,9.55049504950495e-07,14469,,,,,,,,,
47,,,,,,,,,,14469,0.015568103641271591,,,,,,,,
,,,,,,,,,9.553795379537953e-07,14474,,,,,,,,,
47,,,,,,,,,,14474,0.03658832982182503,,,,,,,,
,,,,,,,,,9.557095709570958e-07,14479,,,,,,,,,
47,,,,,,,,,,14479,0.012734211049973965,,,,,,,,
,,,,,,,,,9.56039603960396e-07,14484,,,,,,,,,
47,,,,,,,,,,14484,0.01897820271551609,,,,,,,,
,,,,,,,,,9.563696369636963e-07,14489,,,,,,,,,
47,,,,,,,,,,14489,0.01836388371884823,,,,,,,,
,,,,,,,,,9.566996699669968e-07,14494,,,,,,,,,
47,,,,,,,,,,14494,0.010780492797493935,,,,,,,,
,,,,,,,,,9.570297029702969e-07,14499,,,,,,,,,
47,,,,,,,,,,14499,0.010488910600543022,,,,,,,,
,,,,,,,,,9.573597359735973e-07,14504,,,,,,,,,
47,,,,,,,,,,14504,0.006857368629425764,,,,,,,,
,,,,,,,,,9.576897689768976e-07,14509,,,,,,,,,
47,,,,,,,,,,14509,0.040298257023096085,,,,,,,,
,,,,,,,,,9.580198019801979e-07,14514,,,,,,,,,
47,,,,,,,,,,14514,0.008795938454568386,,,,,,,,
,,,,,,,,,9.583498349834984e-07,14519,,,,,,,,,
47,,,,,,,,,,14519,0.02123231627047062,,,,,,,,
,,,,,,,,,9.586798679867986e-07,14524,,,,,,,,,
47,,,,,,,,,,14524,0.01775495521724224,,,,,,,,
,,,,,,,,,9.590099009900989e-07,14529,,,,,,,,,
47,,,,,,,,,,14529,0.0173579640686512,,,,,,,,
,,,,,,,,,9.593399339933994e-07,14534,,,,,,,,,
47,,,,,,,,,,14534,0.048093609511852264,,,,,,,,
,,,,,,,,,9.596699669966996e-07,14539,,,,,,,,,
47,,,,,,,,,,14539,0.033784233033657074,,,,,,,,
47,,,,,,,,,,14543,,0.6812499761581421,0.7213114500045776,0.08072898536920547,0.08072898536920547,0.4058932662010193,0.7096773982048035,0.7333333492279053,0.4143754243850708
,,,,,,,,,9.6e-07,14544,,,,,,,,,
48,,,,,,,,,,14544,0.024729756638407707,,,,,,,,
,,,,,,,,,9.603300330033002e-07,14549,,,,,,,,,
48,,,,,,,,,,14549,0.012325076386332512,,,,,,,,
,,,,,,,,,9.606600660066007e-07,14554,,,,,,,,,
48,,,,,,,,,,14554,0.008904018439352512,,,,,,,,
,,,,,,,,,9.60990099009901e-07,14559,,,,,,,,,
48,,,,,,,,,,14559,0.008115601725876331,,,,,,,,
,,,,,,,,,9.613201320132012e-07,14564,,,,,,,,,
48,,,,,,,,,,14564,0.005646274890750647,,,,,,,,
,,,,,,,,,9.616501650165017e-07,14569,,,,,,,,,
48,,,,,,,,,,14569,0.01033293828368187,,,,,,,,
,,,,,,,,,9.61980198019802e-07,14574,,,,,,,,,
48,,,,,,,,,,14574,0.01024800818413496,,,,,,,,
,,,,,,,,,9.623102310231022e-07,14579,,,,,,,,,
48,,,,,,,,,,14579,0.01058559026569128,,,,,,,,
,,,,,,,,,9.626402640264027e-07,14584,,,,,,,,,
48,,,,,,,,,,14584,0.02194535732269287,,,,,,,,
,,,,,,,,,9.62970297029703e-07,14589,,,,,,,,,
48,,,,,,,,,,14589,0.0261064562946558,,,,,,,,
,,,,,,,,,9.633003300330032e-07,14594,,,,,,,,,
48,,,,,,,,,,14594,0.030689585953950882,,,,,,,,
,,,,,,,,,9.636303630363037e-07,14599,,,,,,,,,
48,,,,,,,,,,14599,0.01976788230240345,,,,,,,,
,,,,,,,,,9.639603960396038e-07,14604,,,,,,,,,
48,,,,,,,,,,14604,0.016440831124782562,,,,,,,,
,,,,,,,,,9.642904290429043e-07,14609,,,,,,,,,
48,,,,,,,,,,14609,0.010778144001960754,,,,,,,,
,,,,,,,,,9.646204620462045e-07,14614,,,,,,,,,
48,,,,,,,,,,14614,0.010991822928190231,,,,,,,,
,,,,,,,,,9.649504950495048e-07,14619,,,,,,,,,
48,,,,,,,,,,14619,0.02909051813185215,,,,,,,,
,,,,,,,,,9.652805280528053e-07,14624,,,,,,,,,
48,,,,,,,,,,14624,0.03039495460689068,,,,,,,,
,,,,,,,,,9.656105610561056e-07,14629,,,,,,,,,
48,,,,,,,,,,14629,0.020324137061834335,,,,,,,,
,,,,,,,,,9.659405940594058e-07,14634,,,,,,,,,
48,,,,,,,,,,14634,0.017986305058002472,,,,,,,,
,,,,,,,,,9.662706270627063e-07,14639,,,,,,,,,
48,,,,,,,,,,14639,0.02195211499929428,,,,,,,,
,,,,,,,,,9.666006600660066e-07,14644,,,,,,,,,
48,,,,,,,,,,14644,0.03233829513192177,,,,,,,,
,,,,,,,,,9.669306930693068e-07,14649,,,,,,,,,
48,,,,,,,,,,14649,0.013725110329687595,,,,,,,,
,,,,,,,,,9.672607260726073e-07,14654,,,,,,,,,
48,,,,,,,,,,14654,0.012608892284333706,,,,,,,,
,,,,,,,,,9.675907590759076e-07,14659,,,,,,,,,
48,,,,,,,,,,14659,0.00796322152018547,,,,,,,,
,,,,,,,,,9.679207920792079e-07,14664,,,,,,,,,
48,,,,,,,,,,14664,0.017151005566120148,,,,,,,,
,,,,,,,,,9.682508250825081e-07,14669,,,,,,,,,
48,,,,,,,,,,14669,0.024171896278858185,,,,,,,,
,,,,,,,,,9.685808580858086e-07,14674,,,,,,,,,
48,,,,,,,,,,14674,0.021857434883713722,,,,,,,,
,,,,,,,,,9.689108910891089e-07,14679,,,,,,,,,
48,,,,,,,,,,14679,0.02599255181849003,,,,,,,,
,,,,,,,,,9.692409240924092e-07,14684,,,,,,,,,
48,,,,,,,,,,14684,0.00652176421135664,,,,,,,,
,,,,,,,,,9.695709570957096e-07,14689,,,,,,,,,
48,,,,,,,,,,14689,0.015219180844724178,,,,,,,,
,,,,,,,,,9.6990099009901e-07,14694,,,,,,,,,
48,,,,,,,,,,14694,0.013742159120738506,,,,,,,,
,,,,,,,,,9.702310231023102e-07,14699,,,,,,,,,
48,,,,,,,,,,14699,0.014226269908249378,,,,,,,,
,,,,,,,,,9.705610561056107e-07,14704,,,,,,,,,
48,,,,,,,,,,14704,0.050290752202272415,,,,,,,,
,,,,,,,,,9.708910891089107e-07,14709,,,,,,,,,
48,,,,,,,,,,14709,0.004739329218864441,,,,,,,,
,,,,,,,,,9.712211221122112e-07,14714,,,,,,,,,
48,,,,,,,,,,14714,0.010283286683261395,,,,,,,,
,,,,,,,,,9.715511551155115e-07,14719,,,,,,,,,
48,,,,,,,,,,14719,0.014722280204296112,,,,,,,,
,,,,,,,,,9.718811881188117e-07,14724,,,,,,,,,
48,,,,,,,,,,14724,0.020734092220664024,,,,,,,,
,,,,,,,,,9.722112211221122e-07,14729,,,,,,,,,
48,,,,,,,,,,14729,0.008921453729271889,,,,,,,,
,,,,,,,,,9.725412541254125e-07,14734,,,,,,,,,
48,,,,,,,,,,14734,0.03840094804763794,,,,,,,,
,,,,,,,,,9.728712871287128e-07,14739,,,,,,,,,
48,,,,,,,,,,14739,0.004895107354968786,,,,,,,,
,,,,,,,,,9.732013201320132e-07,14744,,,,,,,,,
48,,,,,,,,,,14744,0.0075280023738741875,,,,,,,,
,,,,,,,,,9.735313531353135e-07,14749,,,,,,,,,
48,,,,,,,,,,14749,0.029980534687638283,,,,,,,,
,,,,,,,,,9.738613861386138e-07,14754,,,,,,,,,
48,,,,,,,,,,14754,0.01382822822779417,,,,,,,,
,,,,,,,,,9.741914191419143e-07,14759,,,,,,,,,
48,,,,,,,,,,14759,0.007358198054134846,,,,,,,,
,,,,,,,,,9.745214521452145e-07,14764,,,,,,,,,
48,,,,,,,,,,14764,0.020481131970882416,,,,,,,,
,,,,,,,,,9.748514851485148e-07,14769,,,,,,,,,
48,,,,,,,,,,14769,0.01789640635251999,,,,,,,,
,,,,,,,,,9.75181518151815e-07,14774,,,,,,,,,
48,,,,,,,,,,14774,0.010164182633161545,,,,,,,,
,,,,,,,,,9.755115511551155e-07,14779,,,,,,,,,
48,,,,,,,,,,14779,0.012299341149628162,,,,,,,,
,,,,,,,,,9.758415841584158e-07,14784,,,,,,,,,
48,,,,,,,,,,14784,0.02272575907409191,,,,,,,,
,,,,,,,,,9.76171617161716e-07,14789,,,,,,,,,
48,,,,,,,,,,14789,0.009280950762331486,,,,,,,,
,,,,,,,,,9.765016501650166e-07,14794,,,,,,,,,
48,,,,,,,,,,14794,0.018858568742871284,,,,,,,,
,,,,,,,,,9.768316831683168e-07,14799,,,,,,,,,
48,,,,,,,,,,14799,0.016690455377101898,,,,,,,,
,,,,,,,,,9.771617161716171e-07,14804,,,,,,,,,
48,,,,,,,,,,14804,0.012248576618731022,,,,,,,,
,,,,,,,,,9.774917491749176e-07,14809,,,,,,,,,
48,,,,,,,,,,14809,0.003081876551732421,,,,,,,,
,,,,,,,,,9.778217821782179e-07,14814,,,,,,,,,
48,,,,,,,,,,14814,0.03292347118258476,,,,,,,,
,,,,,,,,,9.781518151815181e-07,14819,,,,,,,,,
48,,,,,,,,,,14819,0.015190515667200089,,,,,,,,
,,,,,,,,,9.784818481848184e-07,14824,,,,,,,,,
48,,,,,,,,,,14824,0.048091720789670944,,,,,,,,
,,,,,,,,,9.788118811881187e-07,14829,,,,,,,,,
48,,,,,,,,,,14829,0.03624036908149719,,,,,,,,
,,,,,,,,,9.791419141914191e-07,14834,,,,,,,,,
48,,,,,,,,,,14834,0.005645707715302706,,,,,,,,
,,,,,,,,,9.794719471947194e-07,14839,,,,,,,,,
48,,,,,,,,,,14839,0.01465529017150402,,,,,,,,
,,,,,,,,,9.798019801980197e-07,14844,,,,,,,,,
48,,,,,,,,,,14844,0.01539250835776329,,,,,,,,
48,,,,,,,,,,14846,,0.6937500238418579,0.7292817831039429,0.07901079952716827,0.07901079952716827,0.432049036026001,0.7252747416496277,0.7333333492279053,0.43671485781669617
,,,,,,,,,9.801320132013202e-07,14849,,,,,,,,,
49,,,,,,,,,,14849,0.04827089235186577,,,,,,,,
,,,,,,,,,9.804620462046204e-07,14854,,,,,,,,,
49,,,,,,,,,,14854,0.003844230202957988,,,,,,,,
,,,,,,,,,9.807920792079207e-07,14859,,,,,,,,,
49,,,,,,,,,,14859,0.011707748286426067,,,,,,,,
,,,,,,,,,9.811221122112212e-07,14864,,,,,,,,,
49,,,,,,,,,,14864,0.013781417161226273,,,,,,,,
,,,,,,,,,9.814521452145215e-07,14869,,,,,,,,,
49,,,,,,,,,,14869,0.027880091220140457,,,,,,,,
,,,,,,,,,9.817821782178217e-07,14874,,,,,,,,,
49,,,,,,,,,,14874,0.011398138478398323,,,,,,,,
,,,,,,,,,9.82112211221122e-07,14879,,,,,,,,,
49,,,,,,,,,,14879,0.029734205454587936,,,,,,,,
,,,,,,,,,9.824422442244223e-07,14884,,,,,,,,,
49,,,,,,,,,,14884,0.01764768548309803,,,,,,,,
,,,,,,,,,9.827722772277227e-07,14889,,,,,,,,,
49,,,,,,,,,,14889,0.01593809202313423,,,,,,,,
,,,,,,,,,9.83102310231023e-07,14894,,,,,,,,,
49,,,,,,,,,,14894,0.0173933207988739,,,,,,,,
,,,,,,,,,9.834323432343233e-07,14899,,,,,,,,,
49,,,,,,,,,,14899,0.009180353954434395,,,,,,,,
,,,,,,,,,9.837623762376238e-07,14904,,,,,,,,,
49,,,,,,,,,,14904,0.02801312692463398,,,,,,,,
,,,,,,,,,9.84092409240924e-07,14909,,,,,,,,,
49,,,,,,,,,,14909,0.009190510958433151,,,,,,,,
,,,,,,,,,9.844224422442243e-07,14914,,,,,,,,,
49,,,,,,,,,,14914,0.03165121376514435,,,,,,,,
,,,,,,,,,9.847524752475248e-07,14919,,,,,,,,,
49,,,,,,,,,,14919,0.009125187061727047,,,,,,,,
,,,,,,,,,9.85082508250825e-07,14924,,,,,,,,,
49,,,,,,,,,,14924,0.02502318285405636,,,,,,,,
,,,,,,,,,9.854125412541253e-07,14929,,,,,,,,,
49,,,,,,,,,,14929,0.006924130488187075,,,,,,,,
,,,,,,,,,9.857425742574256e-07,14934,,,,,,,,,
49,,,,,,,,,,14934,0.02714766375720501,,,,,,,,
,,,,,,,,,9.86072607260726e-07,14939,,,,,,,,,
49,,,,,,,,,,14939,0.009486015886068344,,,,,,,,
,,,,,,,,,9.864026402640263e-07,14944,,,,,,,,,
49,,,,,,,,,,14944,0.037849295884370804,,,,,,,,
,,,,,,,,,9.867326732673266e-07,14949,,,,,,,,,
49,,,,,,,,,,14949,0.021147677674889565,,,,,,,,
,,,,,,,,,9.87062706270627e-07,14954,,,,,,,,,
49,,,,,,,,,,14954,0.013516667298972607,,,,,,,,
,,,,,,,,,9.873927392739274e-07,14959,,,,,,,,,
49,,,,,,,,,,14959,0.02348650060594082,,,,,,,,
,,,,,,,,,9.877227722772276e-07,14964,,,,,,,,,
49,,,,,,,,,,14964,0.01316589955240488,,,,,,,,
,,,,,,,,,9.880528052805281e-07,14969,,,,,,,,,
49,,,,,,,,,,14969,0.022359246388077736,,,,,,,,
,,,,,,,,,9.883828382838284e-07,14974,,,,,,,,,
49,,,,,,,,,,14974,0.0259413905441761,,,,,,,,
,,,,,,,,,9.887128712871287e-07,14979,,,,,,,,,
49,,,,,,,,,,14979,0.006080947816371918,,,,,,,,
,,,,,,,,,9.89042904290429e-07,14984,,,,,,,,,
49,,,,,,,,,,14984,0.027140071615576744,,,,,,,,
,,,,,,,,,9.893729372937292e-07,14989,,,,,,,,,
49,,,,,,,,,,14989,0.022058600559830666,,,,,,,,
,,,,,,,,,9.897029702970297e-07,14994,,,,,,,,,
49,,,,,,,,,,14994,0.010483368299901485,,,,,,,,
,,,,,,,,,9.9003300330033e-07,14999,,,,,,,,,
49,,,,,,,,,,14999,0.01198348868638277,,,,,,,,
,,,,,,,,,9.903630363036302e-07,15004,,,,,,,,,
49,,,,,,,,,,15004,0.03973742574453354,,,,,,,,
,,,,,,,,,9.906930693069307e-07,15009,,,,,,,,,
49,,,,,,,,,,15009,0.0034677975345402956,,,,,,,,
,,,,,,,,,9.91023102310231e-07,15014,,,,,,,,,
49,,,,,,,,,,15014,0.006955245975404978,,,,,,,,
,,,,,,,,,9.913531353135312e-07,15019,,,,,,,,,
49,,,,,,,,,,15019,0.01541693415492773,,,,,,,,
,,,,,,,,,9.916831683168317e-07,15024,,,,,,,,,
49,,,,,,,,,,15024,0.019444938749074936,,,,,,,,
,,,,,,,,,9.92013201320132e-07,15029,,,,,,,,,
49,,,,,,,,,,15029,0.018112359568476677,,,,,,,,
,,,,,,,,,9.923432343234323e-07,15034,,,,,,,,,
49,,,,,,,,,,15034,0.01335181761533022,,,,,,,,
,,,,,,,,,9.926732673267325e-07,15039,,,,,,,,,
49,,,,,,,,,,15039,0.012210720218718052,,,,,,,,
,,,,,,,,,9.93003300330033e-07,15044,,,,,,,,,
49,,,,,,,,,,15044,0.01650095358490944,,,,,,,,
,,,,,,,,,9.933333333333333e-07,15049,,,,,,,,,
49,,,,,,,,,,15049,0.0269390307366848,,,,,,,,
,,,,,,,,,9.936633663366336e-07,15054,,,,,,,,,
49,,,,,,,,,,15054,0.026921913027763367,,,,,,,,
,,,,,,,,,9.93993399339934e-07,15059,,,,,,,,,
49,,,,,,,,,,15059,0.009985641576349735,,,,,,,,
,,,,,,,,,9.943234323432343e-07,15064,,,,,,,,,
49,,,,,,,,,,15064,0.030142750591039658,,,,,,,,
,,,,,,,,,9.946534653465346e-07,15069,,,,,,,,,
49,,,,,,,,,,15069,0.006504309829324484,,,,,,,,
,,,,,,,,,9.94983498349835e-07,15074,,,,,,,,,
49,,,,,,,,,,15074,0.026474596932530403,,,,,,,,
,,,,,,,,,9.953135313531353e-07,15079,,,,,,,,,
49,,,,,,,,,,15079,0.019843535497784615,,,,,,,,
,,,,,,,,,9.956435643564356e-07,15084,,,,,,,,,
49,,,,,,,,,,15084,0.004562762565910816,,,,,,,,
,,,,,,,,,9.959735973597359e-07,15089,,,,,,,,,
49,,,,,,,,,,15089,0.018168553709983826,,,,,,,,
,,,,,,,,,9.963036303630361e-07,15094,,,,,,,,,
49,,,,,,,,,,15094,0.01469816081225872,,,,,,,,
,,,,,,,,,9.966336633663366e-07,15099,,,,,,,,,
49,,,,,,,,,,15099,0.011869251728057861,,,,,,,,
,,,,,,,,,9.969636963696369e-07,15104,,,,,,,,,
49,,,,,,,,,,15104,0.0052973986603319645,,,,,,,,
,,,,,,,,,9.972937293729372e-07,15109,,,,,,,,,
49,,,,,,,,,,15109,0.02009011059999466,,,,,,,,
,,,,,,,,,9.976237623762376e-07,15114,,,,,,,,,
49,,,,,,,,,,15114,0.040474165230989456,,,,,,,,
,,,,,,,,,9.97953795379538e-07,15119,,,,,,,,,
49,,,,,,,,,,15119,0.038567736744880676,,,,,,,,
,,,,,,,,,9.982838283828382e-07,15124,,,,,,,,,
49,,,,,,,,,,15124,0.007924111559987068,,,,,,,,
,,,,,,,,,9.986138613861387e-07,15129,,,,,,,,,
49,,,,,,,,,,15129,0.024446021765470505,,,,,,,,
,,,,,,,,,9.98943894389439e-07,15134,,,,,,,,,
49,,,,,,,,,,15134,0.04265754669904709,,,,,,,,
,,,,,,,,,9.992739273927392e-07,15139,,,,,,,,,
49,,,,,,,,,,15139,0.008209014311432838,,,,,,,,
,,,,,,,,,9.996039603960395e-07,15144,,,,,,,,,
49,,,,,,,,,,15144,0.03127031400799751,,,,,,,,
,,,,,,,,,9.9993399339934e-07,15149,,,,,,,,,
49,,,,,,,,,,15149,0.005803001578897238,,,,,,,,
49,,,,,,,,,,15149,,0.668749988079071,0.7135134935379028,0.08029277622699738,0.08029277622699738,0.41724205017089844,0.6947368383407593,0.7333333492279053,0.4226999282836914
,,,,,,,,,9.997359735973597e-07,15154,,,,,,,,,
50,,,,,,,,,,15154,0.04057745262980461,,,,,,,,
,,,,,,,,,9.994059405940594e-07,15159,,,,,,,,,
50,,,,,,,,,,15159,0.008664465509355068,,,,,,,,
,,,,,,,,,9.99075907590759e-07,15164,,,,,,,,,
50,,,,,,,,,,15164,0.010312804020941257,,,,,,,,
,,,,,,,,,9.987458745874587e-07,15169,,,,,,,,,
50,,,,,,,,,,15169,0.016776354983448982,,,,,,,,
,,,,,,,,,9.984158415841584e-07,15174,,,,,,,,,
50,,,,,,,,,,15174,0.033149778842926025,,,,,,,,
,,,,,,,,,9.98085808580858e-07,15179,,,,,,,,,
50,,,,,,,,,,15179,0.02797532081604004,,,,,,,,
,,,,,,,,,9.977557755775577e-07,15184,,,,,,,,,
50,,,,,,,,,,15184,0.01003084983676672,,,,,,,,
,,,,,,,,,9.974257425742574e-07,15189,,,,,,,,,
50,,,,,,,,,,15189,0.01765863224864006,,,,,,,,
,,,,,,,,,9.970957095709571e-07,15194,,,,,,,,,
50,,,,,,,,,,15194,0.015465199016034603,,,,,,,,
,,,,,,,,,9.967656765676568e-07,15199,,,,,,,,,
50,,,,,,,,,,15199,0.05046335607767105,,,,,,,,
,,,,,,,,,9.964356435643564e-07,15204,,,,,,,,,
50,,,,,,,,,,15204,0.006516158115118742,,,,,,,,
,,,,,,,,,9.96105610561056e-07,15209,,,,,,,,,
50,,,,,,,,,,15209,0.005575306713581085,,,,,,,,
,,,,,,,,,9.957755775577558e-07,15214,,,,,,,,,
50,,,,,,,,,,15214,0.006294558756053448,,,,,,,,
,,,,,,,,,9.954455445544553e-07,15219,,,,,,,,,
50,,,,,,,,,,15219,0.004619802813977003,,,,,,,,
,,,,,,,,,9.95115511551155e-07,15224,,,,,,,,,
50,,,,,,,,,,15224,0.02019401639699936,,,,,,,,
,,,,,,,,,9.947854785478548e-07,15229,,,,,,,,,
50,,,,,,,,,,15229,0.012595023028552532,,,,,,,,
,,,,,,,,,9.944554455445543e-07,15234,,,,,,,,,
50,,,,,,,,,,15234,0.0071137878112494946,,,,,,,,
,,,,,,,,,9.94125412541254e-07,15239,,,,,,,,,
50,,,,,,,,,,15239,0.01694631762802601,,,,,,,,
,,,,,,,,,9.937953795379538e-07,15244,,,,,,,,,
50,,,,,,,,,,15244,0.008650227449834347,,,,,,,,
,,,,,,,,,9.934653465346535e-07,15249,,,,,,,,,
50,,,,,,,,,,15249,0.017157183960080147,,,,,,,,
,,,,,,,,,9.93135313531353e-07,15254,,,,,,,,,
50,,,,,,,,,,15254,0.0551811084151268,,,,,,,,
,,,,,,,,,9.928052805280528e-07,15259,,,,,,,,,
50,,,,,,,,,,15259,0.014769140630960464,,,,,,,,
,,,,,,,,,9.924752475247525e-07,15264,,,,,,,,,
50,,,,,,,,,,15264,0.025965038686990738,,,,,,,,
,,,,,,,,,9.92145214521452e-07,15269,,,,,,,,,
50,,,,,,,,,,15269,0.011543643660843372,,,,,,,,
,,,,,,,,,9.918151815181517e-07,15274,,,,,,,,,
50,,,,,,,,,,15274,0.006167878862470388,,,,,,,,
,,,,,,,,,9.914851485148515e-07,15279,,,,,,,,,
50,,,,,,,,,,15279,0.014284326694905758,,,,,,,,
,,,,,,,,,9.91155115511551e-07,15284,,,,,,,,,
50,,,,,,,,,,15284,0.00802217423915863,,,,,,,,
,,,,,,,,,9.908250825082507e-07,15289,,,,,,,,,
50,,,,,,,,,,15289,0.01792321540415287,,,,,,,,
,,,,,,,,,9.904950495049505e-07,15294,,,,,,,,,
50,,,,,,,,,,15294,0.0296198558062315,,,,,,,,
,,,,,,,,,9.9016501650165e-07,15299,,,,,,,,,
50,,,,,,,,,,15299,0.0508035309612751,,,,,,,,
,,,,,,,,,9.8983498349835e-07,15304,,,,,,,,,
50,,,,,,,,,,15304,0.01587320677936077,,,,,,,,
,,,,,,,,,9.895049504950494e-07,15309,,,,,,,,,
50,,,,,,,,,,15309,0.005907092243432999,,,,,,,,
,,,,,,,,,9.891749174917492e-07,15314,,,,,,,,,
50,,,,,,,,,,15314,0.016050850972533226,,,,,,,,
,,,,,,,,,9.88844884488449e-07,15319,,,,,,,,,
50,,,,,,,,,,15319,0.00846810918301344,,,,,,,,
,,,,,,,,,9.885148514851484e-07,15324,,,,,,,,,
50,,,,,,,,,,15324,0.011346406303346157,,,,,,,,
,,,,,,,,,9.881848184818481e-07,15329,,,,,,,,,
50,,,,,,,,,,15329,0.03714035078883171,,,,,,,,
,,,,,,,,,9.878547854785479e-07,15334,,,,,,,,,
50,,,,,,,,,,15334,0.007133034057915211,,,,,,,,
,,,,,,,,,9.875247524752474e-07,15339,,,,,,,,,
50,,,,,,,,,,15339,0.013802540488541126,,,,,,,,
,,,,,,,,,9.871947194719471e-07,15344,,,,,,,,,
50,,,,,,,,,,15344,0.015141302719712257,,,,,,,,
,,,,,,,,,9.868646864686469e-07,15349,,,,,,,,,
50,,,,,,,,,,15349,0.017878957092761993,,,,,,,,
,,,,,,,,,9.865346534653464e-07,15354,,,,,,,,,
50,,,,,,,,,,15354,0.005649503320455551,,,,,,,,
,,,,,,,,,9.86204620462046e-07,15359,,,,,,,,,
50,,,,,,,,,,15359,0.01931331492960453,,,,,,,,
,,,,,,,,,9.858745874587458e-07,15364,,,,,,,,,
50,,,,,,,,,,15364,0.022538620978593826,,,,,,,,
,,,,,,,,,9.855445544554456e-07,15369,,,,,,,,,
50,,,,,,,,,,15369,0.019742775708436966,,,,,,,,
,,,,,,,,,9.85214521452145e-07,15374,,,,,,,,,
50,,,,,,,,,,15374,0.02244117297232151,,,,,,,,
,,,,,,,,,9.848844884488448e-07,15379,,,,,,,,,
50,,,,,,,,,,15379,0.015829002484679222,,,,,,,,
,,,,,,,,,9.845544554455445e-07,15384,,,,,,,,,
50,,,,,,,,,,15384,0.018429959192872047,,,,,,,,
,,,,,,,,,9.84224422442244e-07,15389,,,,,,,,,
50,,,,,,,,,,15389,0.003572227666154504,,,,,,,,
,,,,,,,,,9.838943894389438e-07,15394,,,,,,,,,
50,,,,,,,,,,15394,0.038760602474212646,,,,,,,,
,,,,,,,,,9.835643564356435e-07,15399,,,,,,,,,
50,,,,,,,,,,15399,0.014509974978864193,,,,,,,,
,,,,,,,,,9.83234323432343e-07,15404,,,,,,,,,
50,,,,,,,,,,15404,0.020107382908463478,,,,,,,,
,,,,,,,,,9.82904290429043e-07,15409,,,,,,,,,
50,,,,,,,,,,15409,0.032351646572351456,,,,,,,,
,,,,,,,,,9.825742574257425e-07,15414,,,,,,,,,
50,,,,,,,,,,15414,0.003911734092980623,,,,,,,,
,,,,,,,,,9.822442244224422e-07,15419,,,,,,,,,
50,,,,,,,,,,15419,0.024154702201485634,,,,,,,,
,,,,,,,,,9.81914191419142e-07,15424,,,,,,,,,
50,,,,,,,,,,15424,0.027563514187932014,,,,,,,,
,,,,,,,,,9.815841584158415e-07,15429,,,,,,,,,
50,,,,,,,,,,15429,0.019958380609750748,,,,,,,,
,,,,,,,,,9.812541254125412e-07,15434,,,,,,,,,
50,,,,,,,,,,15434,0.025302857160568237,,,,,,,,
,,,,,,,,,9.80924092409241e-07,15439,,,,,,,,,
50,,,,,,,,,,15439,0.011732048355042934,,,,,,,,
,,,,,,,,,9.805940594059405e-07,15444,,,,,,,,,
50,,,,,,,,,,15444,0.014702404849231243,,,,,,,,
,,,,,,,,,9.802640264026402e-07,15449,,,,,,,,,
50,,,,,,,,,,15449,0.030330048874020576,,,,,,,,
50,,,,,,,,,,15452,,0.668749988079071,0.7103825211524963,0.0803188756108284,0.0803188756108284,0.4197847843170166,0.698924720287323,0.7222222089767456,0.42385855317115784
,,,,,,,,,9.7993399339934e-07,15454,,,,,,,,,
51,,,,,,,,,,15454,0.0231196079403162,,,,,,,,
,,,,,,,,,9.796039603960394e-07,15459,,,,,,,,,
51,,,,,,,,,,15459,0.017350535839796066,,,,,,,,
,,,,,,,,,9.792739273927392e-07,15464,,,,,,,,,
51,,,,,,,,,,15464,0.024588322266936302,,,,,,,,
,,,,,,,,,9.78943894389439e-07,15469,,,,,,,,,
51,,,,,,,,,,15469,0.008791325613856316,,,,,,,,
,,,,,,,,,9.786138613861386e-07,15474,,,,,,,,,
51,,,,,,,,,,15474,0.03118228167295456,,,,,,,,
,,,,,,,,,9.782838283828384e-07,15479,,,,,,,,,
51,,,,,,,,,,15479,0.014169663190841675,,,,,,,,
,,,,,,,,,9.779537953795379e-07,15484,,,,,,,,,
51,,,,,,,,,,15484,0.025136040523648262,,,,,,,,
,,,,,,,,,9.776237623762376e-07,15489,,,,,,,,,
51,,,,,,,,,,15489,0.02905682846903801,,,,,,,,
,,,,,,,,,9.772937293729373e-07,15494,,,,,,,,,
51,,,,,,,,,,15494,0.029885733500123024,,,,,,,,
,,,,,,,,,9.769636963696369e-07,15499,,,,,,,,,
51,,,,,,,,,,15499,0.03849043697118759,,,,,,,,
,,,,,,,,,9.766336633663366e-07,15504,,,,,,,,,
51,,,,,,,,,,15504,0.0034668941516429186,,,,,,,,
,,,,,,,,,9.763036303630363e-07,15509,,,,,,,,,
51,,,,,,,,,,15509,0.012333099730312824,,,,,,,,
,,,,,,,,,9.759735973597358e-07,15514,,,,,,,,,
51,,,,,,,,,,15514,0.03388657048344612,,,,,,,,
,,,,,,,,,9.756435643564356e-07,15519,,,,,,,,,
51,,,,,,,,,,15519,0.0032537204679101706,,,,,,,,
,,,,,,,,,9.753135313531353e-07,15524,,,,,,,,,
51,,,,,,,,,,15524,0.02217525616288185,,,,,,,,
,,,,,,,,,9.74983498349835e-07,15529,,,,,,,,,
51,,,,,,,,,,15529,0.011891603469848633,,,,,,,,
,,,,,,,,,9.746534653465346e-07,15534,,,,,,,,,
51,,,,,,,,,,15534,0.07989630848169327,,,,,,,,
,,,,,,,,,9.743234323432343e-07,15539,,,,,,,,,
51,,,,,,,,,,15539,0.009124028496444225,,,,,,,,
,,,,,,,,,9.73993399339934e-07,15544,,,,,,,,,
51,,,,,,,,,,15544,0.030352383852005005,,,,,,,,
,,,,,,,,,9.736633663366335e-07,15549,,,,,,,,,
51,,,,,,,,,,15549,0.010873189195990562,,,,,,,,
,,,,,,,,,9.733333333333333e-07,15554,,,,,,,,,
51,,,,,,,,,,15554,0.011651085689663887,,,,,,,,
,,,,,,,,,9.73003300330033e-07,15559,,,,,,,,,
51,,,,,,,,,,15559,0.003133859019726515,,,,,,,,
,,,,,,,,,9.726732673267325e-07,15564,,,,,,,,,
51,,,,,,,,,,15564,0.010469313710927963,,,,,,,,
,,,,,,,,,9.723432343234325e-07,15569,,,,,,,,,
51,,,,,,,,,,15569,0.010318882763385773,,,,,,,,
,,,,,,,,,9.72013201320132e-07,15574,,,,,,,,,
51,,,,,,,,,,15574,0.017835890874266624,,,,,,,,
,,,,,,,,,9.716831683168317e-07,15579,,,,,,,,,
51,,,,,,,,,,15579,0.007504929322749376,,,,,,,,
,,,,,,,,,9.713531353135314e-07,15584,,,,,,,,,
51,,,,,,,,,,15584,0.009540941566228867,,,,,,,,
,,,,,,,,,9.71023102310231e-07,15589,,,,,,,,,
51,,,,,,,,,,15589,0.02979259192943573,,,,,,,,
,,,,,,,,,9.706930693069307e-07,15594,,,,,,,,,
51,,,,,,,,,,15594,0.0068788607604801655,,,,,,,,
,,,,,,,,,9.703630363036304e-07,15599,,,,,,,,,
51,,,,,,,,,,15599,0.041735049337148666,,,,,,,,
,,,,,,,,,9.7003300330033e-07,15604,,,,,,,,,
51,,,,,,,,,,15604,0.02184486575424671,,,,,,,,
,,,,,,,,,9.697029702970297e-07,15609,,,,,,,,,
51,,,,,,,,,,15609,0.013316711410880089,,,,,,,,
,,,,,,,,,9.693729372937294e-07,15614,,,,,,,,,
51,,,,,,,,,,15614,0.00804830715060234,,,,,,,,
,,,,,,,,,9.69042904290429e-07,15619,,,,,,,,,
51,,,,,,,,,,15619,0.010478130541741848,,,,,,,,
,,,,,,,,,9.687128712871286e-07,15624,,,,,,,,,
51,,,,,,,,,,15624,0.005048470571637154,,,,,,,,
,,,,,,,,,9.683828382838284e-07,15629,,,,,,,,,
51,,,,,,,,,,15629,0.006645317655056715,,,,,,,,
,,,,,,,,,9.68052805280528e-07,15634,,,,,,,,,
51,,,,,,,,,,15634,0.014108306728303432,,,,,,,,
,,,,,,,,,9.677227722772276e-07,15639,,,,,,,,,
51,,,,,,,,,,15639,0.017300205305218697,,,,,,,,
,,,,,,,,,9.673927392739274e-07,15644,,,,,,,,,
51,,,,,,,,,,15644,0.012110492214560509,,,,,,,,
,,,,,,,,,9.67062706270627e-07,15649,,,,,,,,,
51,,,,,,,,,,15649,0.0213798638433218,,,,,,,,
,,,,,,,,,9.667326732673266e-07,15654,,,,,,,,,
51,,,,,,,,,,15654,0.016200410202145576,,,,,,,,
,,,,,,,,,9.664026402640263e-07,15659,,,,,,,,,
51,,,,,,,,,,15659,0.011410072445869446,,,,,,,,
,,,,,,,,,9.66072607260726e-07,15664,,,,,,,,,
51,,,,,,,,,,15664,0.013161898590624332,,,,,,,,
,,,,,,,,,9.657425742574256e-07,15669,,,,,,,,,
51,,,,,,,,,,15669,0.012458178214728832,,,,,,,,
,,,,,,,,,9.654125412541253e-07,15674,,,,,,,,,
51,,,,,,,,,,15674,0.03765774145722389,,,,,,,,
,,,,,,,,,9.65082508250825e-07,15679,,,,,,,,,
51,,,,,,,,,,15679,0.026584191247820854,,,,,,,,
,,,,,,,,,9.647524752475248e-07,15684,,,,,,,,,
51,,,,,,,,,,15684,0.005872056353837252,,,,,,,,
,,,,,,,,,9.644224422442245e-07,15689,,,,,,,,,
51,,,,,,,,,,15689,0.02965703047811985,,,,,,,,
,,,,,,,,,9.64092409240924e-07,15694,,,,,,,,,
51,,,,,,,,,,15694,0.024367045611143112,,,,,,,,
,,,,,,,,,9.637623762376237e-07,15699,,,,,,,,,
51,,,,,,,,,,15699,0.023701881989836693,,,,,,,,
,,,,,,,,,9.634323432343235e-07,15704,,,,,,,,,
51,,,,,,,,,,15704,0.0344366580247879,,,,,,,,
,,,,,,,,,9.63102310231023e-07,15709,,,,,,,,,
51,,,,,,,,,,15709,0.011379655450582504,,,,,,,,
,,,,,,,,,9.627722772277227e-07,15714,,,,,,,,,
51,,,,,,,,,,15714,0.00940439198166132,,,,,,,,
,,,,,,,,,9.624422442244225e-07,15719,,,,,,,,,
51,,,,,,,,,,15719,0.01819302886724472,,,,,,,,
,,,,,,,,,9.62112211221122e-07,15724,,,,,,,,,
51,,,,,,,,,,15724,0.009971744380891323,,,,,,,,
,,,,,,,,,9.617821782178217e-07,15729,,,,,,,,,
51,,,,,,,,,,15729,0.01334334071725607,,,,,,,,
,,,,,,,,,9.614521452145214e-07,15734,,,,,,,,,
51,,,,,,,,,,15734,0.012366637587547302,,,,,,,,
,,,,,,,,,9.611221122112212e-07,15739,,,,,,,,,
51,,,,,,,,,,15739,0.008386244997382164,,,,,,,,
,,,,,,,,,9.607920792079207e-07,15744,,,,,,,,,
51,,,,,,,,,,15744,0.00776207959279418,,,,,,,,
,,,,,,,,,9.604620462046204e-07,15749,,,,,,,,,
51,,,,,,,,,,15749,0.01606038212776184,,,,,,,,
,,,,,,,,,9.601320132013201e-07,15754,,,,,,,,,
51,,,,,,,,,,15754,0.009287125431001186,,,,,,,,
51,,,,,,,,,,15755,,0.6937500238418579,0.7379679083824158,0.08190763741731644,0.08190763741731644,0.41414815187454224,0.7113401889801025,0.7666666507720947,0.4197256565093994
,,,,,,,,,9.598019801980197e-07,15759,,,,,,,,,
52,,,,,,,,,,15759,0.008699723519384861,,,,,,,,
,,,,,,,,,9.594719471947194e-07,15764,,,,,,,,,
52,,,,,,,,,,15764,0.0519903190433979,,,,,,,,
,,,,,,,,,9.591419141914191e-07,15769,,,,,,,,,
52,,,,,,,,,,15769,0.018298987299203873,,,,,,,,
,,,,,,,,,9.588118811881186e-07,15774,,,,,,,,,
52,,,,,,,,,,15774,0.004837832413613796,,,,,,,,
,,,,,,,,,9.584818481848184e-07,15779,,,,,,,,,
52,,,,,,,,,,15779,0.011022072285413742,,,,,,,,
,,,,,,,,,9.581518151815181e-07,15784,,,,,,,,,
52,,,,,,,,,,15784,0.04339124262332916,,,,,,,,
,,,,,,,,,9.578217821782178e-07,15789,,,,,,,,,
52,,,,,,,,,,15789,0.00351169565692544,,,,,,,,
,,,,,,,,,9.574917491749176e-07,15794,,,,,,,,,
52,,,,,,,,,,15794,0.007277478463947773,,,,,,,,
,,,,,,,,,9.57161716171617e-07,15799,,,,,,,,,
52,,,,,,,,,,15799,0.006610960233956575,,,,,,,,
,,,,,,,,,9.568316831683168e-07,15804,,,,,,,,,
52,,,,,,,,,,15804,0.005009700544178486,,,,,,,,
,,,,,,,,,9.565016501650165e-07,15809,,,,,,,,,
52,,,,,,,,,,15809,0.025351015850901604,,,,,,,,
,,,,,,,,,9.56171617161716e-07,15814,,,,,,,,,
52,,,,,,,,,,15814,0.048831429332494736,,,,,,,,
,,,,,,,,,9.558415841584158e-07,15819,,,,,,,,,
52,,,,,,,,,,15819,0.011504387483000755,,,,,,,,
,,,,,,,,,9.555115511551155e-07,15824,,,,,,,,,
52,,,,,,,,,,15824,0.039844296872615814,,,,,,,,
,,,,,,,,,9.55181518151815e-07,15829,,,,,,,,,
52,,,,,,,,,,15829,0.006265533622354269,,,,,,,,
,,,,,,,,,9.548514851485148e-07,15834,,,,,,,,,
52,,,,,,,,,,15834,0.015419506467878819,,,,,,,,
,,,,,,,,,9.545214521452145e-07,15839,,,,,,,,,
52,,,,,,,,,,15839,0.0037275291979312897,,,,,,,,
,,,,,,,,,9.541914191419142e-07,15844,,,,,,,,,
52,,,,,,,,,,15844,0.01195880863815546,,,,,,,,
,,,,,,,,,9.538613861386138e-07,15849,,,,,,,,,
52,,,,,,,,,,15849,0.02750113047659397,,,,,,,,
,,,,,,,,,9.535313531353135e-07,15854,,,,,,,,,
52,,,,,,,,,,15854,0.03887961432337761,,,,,,,,
,,,,,,,,,9.532013201320131e-07,15859,,,,,,,,,
52,,,,,,,,,,15859,0.013662969693541527,,,,,,,,
,,,,,,,,,9.528712871287127e-07,15864,,,,,,,,,
52,,,,,,,,,,15864,0.0076578832231462,,,,,,,,
,,,,,,,,,9.525412541254126e-07,15869,,,,,,,,,
52,,,,,,,,,,15869,0.009372173808515072,,,,,,,,
,,,,,,,,,9.522112211221122e-07,15874,,,,,,,,,
52,,,,,,,,,,15874,0.019033662974834442,,,,,,,,
,,,,,,,,,9.518811881188118e-07,15879,,,,,,,,,
52,,,,,,,,,,15879,0.02920501120388508,,,,,,,,
,,,,,,,,,9.515511551155116e-07,15884,,,,,,,,,
52,,,,,,,,,,15884,0.053854990750551224,,,,,,,,
,,,,,,,,,9.512211221122112e-07,15889,,,,,,,,,
52,,,,,,,,,,15889,0.04057149961590767,,,,,,,,
,,,,,,,,,9.508910891089108e-07,15894,,,,,,,,,
52,,,,,,,,,,15894,0.017462512478232384,,,,,,,,
,,,,,,,,,9.505610561056105e-07,15899,,,,,,,,,
52,,,,,,,,,,15899,0.02498510107398033,,,,,,,,
,,,,,,,,,9.502310231023102e-07,15904,,,,,,,,,
52,,,,,,,,,,15904,0.020367473363876343,,,,,,,,
,,,,,,,,,9.499009900990098e-07,15909,,,,,,,,,
52,,,,,,,,,,15909,0.011752299964427948,,,,,,,,
,,,,,,,,,9.495709570957095e-07,15914,,,,,,,,,
52,,,,,,,,,,15914,0.022778674960136414,,,,,,,,
,,,,,,,,,9.492409240924092e-07,15919,,,,,,,,,
52,,,,,,,,,,15919,0.013692978769540787,,,,,,,,
,,,,,,,,,9.489108910891089e-07,15924,,,,,,,,,
52,,,,,,,,,,15924,0.008866383694112301,,,,,,,,
,,,,,,,,,9.485808580858086e-07,15929,,,,,,,,,
52,,,,,,,,,,15929,0.02246200479567051,,,,,,,,
,,,,,,,,,9.482508250825082e-07,15934,,,,,,,,,
52,,,,,,,,,,15934,0.00318726385012269,,,,,,,,
,,,,,,,,,9.479207920792078e-07,15939,,,,,,,,,
52,,,,,,,,,,15939,0.019812991842627525,,,,,,,,
,,,,,,,,,9.475907590759076e-07,15944,,,,,,,,,
52,,,,,,,,,,15944,0.05952071025967598,,,,,,,,
,,,,,,,,,9.472607260726072e-07,15949,,,,,,,,,
52,,,,,,,,,,15949,0.02030649408698082,,,,,,,,
,,,,,,,,,9.469306930693068e-07,15954,,,,,,,,,
52,,,,,,,,,,15954,0.028255220502614975,,,,,,,,
,,,,,,,,,9.466006600660066e-07,15959,,,,,,,,,
52,,,,,,,,,,15959,0.022034812718629837,,,,,,,,
,,,,,,,,,9.462706270627062e-07,15964,,,,,,,,,
52,,,,,,,,,,15964,0.014844406396150589,,,,,,,,
,,,,,,,,,9.459405940594058e-07,15969,,,,,,,,,
52,,,,,,,,,,15969,0.007833502255380154,,,,,,,,
,,,,,,,,,9.456105610561056e-07,15974,,,,,,,,,
52,,,,,,,,,,15974,0.02293146587908268,,,,,,,,
,,,,,,,,,9.452805280528053e-07,15979,,,,,,,,,
52,,,,,,,,,,15979,0.007152438163757324,,,,,,,,
,,,,,,,,,9.449504950495049e-07,15984,,,,,,,,,
52,,,,,,,,,,15984,0.00679370854049921,,,,,,,,
,,,,,,,,,9.446204620462046e-07,15989,,,,,,,,,
52,,,,,,,,,,15989,0.00967950839549303,,,,,,,,
,,,,,,,,,9.442904290429042e-07,15994,,,,,,,,,
52,,,,,,,,,,15994,0.0027829676400870085,,,,,,,,
,,,,,,,,,9.439603960396039e-07,15999,,,,,,,,,
52,,,,,,,,,,15999,0.014616819098591805,,,,,,,,
,,,,,,,,,9.436303630363036e-07,16004,,,,,,,,,
52,,,,,,,,,,16004,0.019686872139573097,,,,,,,,
,,,,,,,,,9.433003300330032e-07,16009,,,,,,,,,
52,,,,,,,,,,16009,0.011402462609112263,,,,,,,,
,,,,,,,,,9.429702970297028e-07,16014,,,,,,,,,
52,,,,,,,,,,16014,0.020451076328754425,,,,,,,,
,,,,,,,,,9.426402640264026e-07,16019,,,,,,,,,
52,,,,,,,,,,16019,0.013612063601613045,,,,,,,,
,,,,,,,,,9.423102310231022e-07,16024,,,,,,,,,
52,,,,,,,,,,16024,0.004027840215712786,,,,,,,,
,,,,,,,,,9.419801980198019e-07,16029,,,,,,,,,
52,,,,,,,,,,16029,0.008215216919779778,,,,,,,,
,,,,,,,,,9.416501650165017e-07,16034,,,,,,,,,
52,,,,,,,,,,16034,0.04651794582605362,,,,,,,,
,,,,,,,,,9.413201320132013e-07,16039,,,,,,,,,
52,,,,,,,,,,16039,0.011400499381124973,,,,,,,,
,,,,,,,,,9.409900990099009e-07,16044,,,,,,,,,
52,,,,,,,,,,16044,0.010758304968476295,,,,,,,,
,,,,,,,,,9.406600660066006e-07,16049,,,,,,,,,
52,,,,,,,,,,16049,0.03362200781702995,,,,,,,,
,,,,,,,,,9.403300330033003e-07,16054,,,,,,,,,
52,,,,,,,,,,16054,0.009149542078375816,,,,,,,,
52,,,,,,,,,,16058,,0.675000011920929,0.717391312122345,0.08076687157154083,0.08076687157154083,0.42187467217445374,0.7021276354789734,0.7333333492279053,0.42467838525772095
,,,,,,,,,9.399999999999999e-07,16059,,,,,,,,,
53,,,,,,,,,,16059,0.009092815220355988,,,,,,,,
,,,,,,,,,9.396699669966996e-07,16064,,,,,,,,,
53,,,,,,,,,,16064,0.00918531883507967,,,,,,,,
,,,,,,,,,9.393399339933992e-07,16069,,,,,,,,,
53,,,,,,,,,,16069,0.010417439043521881,,,,,,,,
,,,,,,,,,9.390099009900989e-07,16074,,,,,,,,,
53,,,,,,,,,,16074,0.009883326478302479,,,,,,,,
,,,,,,,,,9.386798679867987e-07,16079,,,,,,,,,
53,,,,,,,,,,16079,0.02414637617766857,,,,,,,,
,,,,,,,,,9.383498349834983e-07,16084,,,,,,,,,
53,,,,,,,,,,16084,0.01746164634823799,,,,,,,,
,,,,,,,,,9.38019801980198e-07,16089,,,,,,,,,
53,,,,,,,,,,16089,0.010455773212015629,,,,,,,,
,,,,,,,,,9.376897689768977e-07,16094,,,,,,,,,
53,,,,,,,,,,16094,0.009115692228078842,,,,,,,,
,,,,,,,,,9.373597359735973e-07,16099,,,,,,,,,
53,,,,,,,,,,16099,0.0186225026845932,,,,,,,,
,,,,,,,,,9.37029702970297e-07,16104,,,,,,,,,
53,,,,,,,,,,16104,0.011363806203007698,,,,,,,,
,,,,,,,,,9.366996699669967e-07,16109,,,,,,,,,
53,,,,,,,,,,16109,0.08063369989395142,,,,,,,,
,,,,,,,,,9.363696369636963e-07,16114,,,,,,,,,
53,,,,,,,,,,16114,0.008380343206226826,,,,,,,,
,,,,,,,,,9.36039603960396e-07,16119,,,,,,,,,
53,,,,,,,,,,16119,0.024466877803206444,,,,,,,,
,,,,,,,,,9.357095709570956e-07,16124,,,,,,,,,
53,,,,,,,,,,16124,0.01775219663977623,,,,,,,,
,,,,,,,,,9.353795379537953e-07,16129,,,,,,,,,
53,,,,,,,,,,16129,0.0049938238225877285,,,,,,,,
,,,,,,,,,9.350495049504951e-07,16134,,,,,,,,,
53,,,,,,,,,,16134,0.012727630324661732,,,,,,,,
,,,,,,,,,9.347194719471947e-07,16139,,,,,,,,,
53,,,,,,,,,,16139,0.003878905437886715,,,,,,,,
,,,,,,,,,9.343894389438944e-07,16144,,,,,,,,,
53,,,,,,,,,,16144,0.023184603080153465,,,,,,,,
,,,,,,,,,9.340594059405941e-07,16149,,,,,,,,,
53,,,,,,,,,,16149,0.011901665478944778,,,,,,,,
,,,,,,,,,9.337293729372937e-07,16154,,,,,,,,,
53,,,,,,,,,,16154,0.0067923106253147125,,,,,,,,
,,,,,,,,,9.333993399339933e-07,16159,,,,,,,,,
53,,,,,,,,,,16159,0.004074980970472097,,,,,,,,
,,,,,,,,,9.330693069306931e-07,16164,,,,,,,,,
53,,,,,,,,,,16164,0.010497525334358215,,,,,,,,
,,,,,,,,,9.327392739273927e-07,16169,,,,,,,,,
53,,,,,,,,,,16169,0.008196004666388035,,,,,,,,
,,,,,,,,,9.324092409240923e-07,16174,,,,,,,,,
53,,,,,,,,,,16174,0.017377832904458046,,,,,,,,
,,,,,,,,,9.32079207920792e-07,16179,,,,,,,,,
53,,,,,,,,,,16179,0.008521793410182,,,,,,,,
,,,,,,,,,9.317491749174917e-07,16184,,,,,,,,,
53,,,,,,,,,,16184,0.02800709567964077,,,,,,,,
,,,,,,,,,9.314191419141914e-07,16189,,,,,,,,,
53,,,,,,,,,,16189,0.013968338258564472,,,,,,,,
,,,,,,,,,9.310891089108911e-07,16194,,,,,,,,,
53,,,,,,,,,,16194,0.018078850582242012,,,,,,,,
,,,,,,,,,9.307590759075908e-07,16199,,,,,,,,,
53,,,,,,,,,,16199,0.027638917788863182,,,,,,,,
,,,,,,,,,9.304290429042904e-07,16204,,,,,,,,,
53,,,,,,,,,,16204,0.02249782159924507,,,,,,,,
,,,,,,,,,9.300990099009901e-07,16209,,,,,,,,,
53,,,,,,,,,,16209,0.020605744794011116,,,,,,,,
,,,,,,,,,9.297689768976897e-07,16214,,,,,,,,,
53,,,,,,,,,,16214,0.015259360894560814,,,,,,,,
,,,,,,,,,9.294389438943894e-07,16219,,,,,,,,,
53,,,,,,,,,,16219,0.011976721696555614,,,,,,,,
,,,,,,,,,9.291089108910891e-07,16224,,,,,,,,,
53,,,,,,,,,,16224,0.01553870178759098,,,,,,,,
,,,,,,,,,9.287788778877887e-07,16229,,,,,,,,,
53,,,,,,,,,,16229,0.013244334608316422,,,,,,,,
,,,,,,,,,9.284488448844883e-07,16234,,,,,,,,,
53,,,,,,,,,,16234,0.007701473776251078,,,,,,,,
,,,,,,,,,9.281188118811881e-07,16239,,,,,,,,,
53,,,,,,,,,,16239,0.012381837703287601,,,,,,,,
,,,,,,,,,9.277887788778878e-07,16244,,,,,,,,,
53,,,,,,,,,,16244,0.0029609897173941135,,,,,,,,
,,,,,,,,,9.274587458745874e-07,16249,,,,,,,,,
53,,,,,,,,,,16249,0.01704578287899494,,,,,,,,
,,,,,,,,,9.271287128712872e-07,16254,,,,,,,,,
53,,,,,,,,,,16254,0.005146050360053778,,,,,,,,
,,,,,,,,,9.267986798679868e-07,16259,,,,,,,,,
53,,,,,,,,,,16259,0.03645431995391846,,,,,,,,
,,,,,,,,,9.264686468646864e-07,16264,,,,,,,,,
53,,,,,,,,,,16264,0.014977601356804371,,,,,,,,
,,,,,,,,,9.261386138613861e-07,16269,,,,,,,,,
53,,,,,,,,,,16269,0.020418183878064156,,,,,,,,
,,,,,,,,,9.258085808580858e-07,16274,,,,,,,,,
53,,,,,,,,,,16274,0.022256311029195786,,,,,,,,
,,,,,,,,,9.254785478547854e-07,16279,,,,,,,,,
53,,,,,,,,,,16279,0.022834621369838715,,,,,,,,
,,,,,,,,,9.251485148514851e-07,16284,,,,,,,,,
53,,,,,,,,,,16284,0.021864401176571846,,,,,,,,
,,,,,,,,,9.248184818481847e-07,16289,,,,,,,,,
53,,,,,,,,,,16289,0.050689078867435455,,,,,,,,
,,,,,,,,,9.244884488448844e-07,16294,,,,,,,,,
53,,,,,,,,,,16294,0.01380388718098402,,,,,,,,
,,,,,,,,,9.241584158415842e-07,16299,,,,,,,,,
53,,,,,,,,,,16299,0.01894611306488514,,,,,,,,
,,,,,,,,,9.238283828382838e-07,16304,,,,,,,,,
53,,,,,,,,,,16304,0.017871523275971413,,,,,,,,
,,,,,,,,,9.234983498349835e-07,16309,,,,,,,,,
53,,,,,,,,,,16309,0.011616067960858345,,,,,,,,
,,,,,,,,,9.231683168316832e-07,16314,,,,,,,,,
53,,,,,,,,,,16314,0.010617632418870926,,,,,,,,
,,,,,,,,,9.228382838283828e-07,16319,,,,,,,,,
53,,,,,,,,,,16319,0.01674814708530903,,,,,,,,
,,,,,,,,,9.225082508250824e-07,16324,,,,,,,,,
53,,,,,,,,,,16324,0.010267572477459908,,,,,,,,
,,,,,,,,,9.221782178217822e-07,16329,,,,,,,,,
53,,,,,,,,,,16329,0.03166210651397705,,,,,,,,
,,,,,,,,,9.218481848184818e-07,16334,,,,,,,,,
53,,,,,,,,,,16334,0.02635825425386429,,,,,,,,
,,,,,,,,,9.215181518151814e-07,16339,,,,,,,,,
53,,,,,,,,,,16339,0.033159445971250534,,,,,,,,
,,,,,,,,,9.211881188118811e-07,16344,,,,,,,,,
53,,,,,,,,,,16344,0.038406990468502045,,,,,,,,
,,,,,,,,,9.208580858085809e-07,16349,,,,,,,,,
53,,,,,,,,,,16349,0.00912152323871851,,,,,,,,
,,,,,,,,,9.205280528052805e-07,16354,,,,,,,,,
53,,,,,,,,,,16354,0.010061459615826607,,,,,,,,
,,,,,,,,,9.201980198019802e-07,16359,,,,,,,,,
53,,,,,,,,,,16359,0.00645185774192214,,,,,,,,
53,,,,,,,,,,16361,,0.6625000238418579,0.7032967209815979,0.08148302137851715,0.08148302137851715,0.4157909154891968,0.695652186870575,0.7111111283302307,0.41893070936203003
,,,,,,,,,9.198679867986799e-07,16364,,,,,,,,,
54,,,,,,,,,,16364,0.022215452045202255,,,,,,,,
,,,,,,,,,9.195379537953795e-07,16369,,,,,,,,,
54,,,,,,,,,,16369,0.00855228304862976,,,,,,,,
,,,,,,,,,9.192079207920792e-07,16374,,,,,,,,,
54,,,,,,,,,,16374,0.009415056556463242,,,,,,,,
,,,,,,,,,9.188778877887788e-07,16379,,,,,,,,,
54,,,,,,,,,,16379,0.01433788426220417,,,,,,,,
,,,,,,,,,9.185478547854785e-07,16384,,,,,,,,,
54,,,,,,,,,,16384,0.015681181102991104,,,,,,,,
,,,,,,,,,9.182178217821782e-07,16389,,,,,,,,,
54,,,,,,,,,,16389,0.014429079368710518,,,,,,,,
,,,,,,,,,9.178877887788778e-07,16394,,,,,,,,,
54,,,,,,,,,,16394,0.03994325175881386,,,,,,,,
,,,,,,,,,9.175577557755774e-07,16399,,,,,,,,,
54,,,,,,,,,,16399,0.03554447740316391,,,,,,,,
,,,,,,,,,9.172277227722773e-07,16404,,,,,,,,,
54,,,,,,,,,,16404,0.027287716045975685,,,,,,,,
,,,,,,,,,9.168976897689769e-07,16409,,,,,,,,,
54,,,,,,,,,,16409,0.010875879786908627,,,,,,,,
,,,,,,,,,9.165676567656765e-07,16414,,,,,,,,,
54,,,,,,,,,,16414,0.00911854300647974,,,,,,,,
,,,,,,,,,9.162376237623763e-07,16419,,,,,,,,,
54,,,,,,,,,,16419,0.015318239107728004,,,,,,,,
,,,,,,,,,9.159075907590759e-07,16424,,,,,,,,,
54,,,,,,,,,,16424,0.03673148900270462,,,,,,,,
,,,,,,,,,9.155775577557755e-07,16429,,,,,,,,,
54,,,,,,,,,,16429,0.04295168071985245,,,,,,,,
,,,,,,,,,9.152475247524752e-07,16434,,,,,,,,,
54,,,,,,,,,,16434,0.009803160093724728,,,,,,,,
,,,,,,,,,9.149174917491749e-07,16439,,,,,,,,,
54,,,,,,,,,,16439,0.017647534608840942,,,,,,,,
,,,,,,,,,9.145874587458745e-07,16444,,,,,,,,,
54,,,,,,,,,,16444,0.023137478157877922,,,,,,,,
,,,,,,,,,9.142574257425742e-07,16449,,,,,,,,,
54,,,,,,,,,,16449,0.022313255816698074,,,,,,,,
,,,,,,,,,9.139273927392738e-07,16454,,,,,,,,,
54,,,,,,,,,,16454,0.012737294659018517,,,,,,,,
,,,,,,,,,9.135973597359736e-07,16459,,,,,,,,,
54,,,,,,,,,,16459,0.01242725271731615,,,,,,,,
,,,,,,,,,9.132673267326733e-07,16464,,,,,,,,,
54,,,,,,,,,,16464,0.02947556972503662,,,,,,,,
,,,,,,,,,9.129372937293729e-07,16469,,,,,,,,,
54,,,,,,,,,,16469,0.01576535403728485,,,,,,,,
,,,,,,,,,9.126072607260725e-07,16474,,,,,,,,,
54,,,,,,,,,,16474,0.015496418811380863,,,,,,,,
,,,,,,,,,9.122772277227723e-07,16479,,,,,,,,,
54,,,,,,,,,,16479,0.0279783234000206,,,,,,,,
,,,,,,,,,9.119471947194719e-07,16484,,,,,,,,,
54,,,,,,,,,,16484,0.014062182046473026,,,,,,,,
,,,,,,,,,9.116171617161715e-07,16489,,,,,,,,,
54,,,,,,,,,,16489,0.01634325459599495,,,,,,,,
,,,,,,,,,9.112871287128713e-07,16494,,,,,,,,,
54,,,,,,,,,,16494,0.015160435810685158,,,,,,,,
,,,,,,,,,9.109570957095709e-07,16499,,,,,,,,,
54,,,,,,,,,,16499,0.016086166724562645,,,,,,,,
,,,,,,,,,9.106270627062705e-07,16504,,,,,,,,,
54,,,,,,,,,,16504,0.014547841623425484,,,,,,,,
,,,,,,,,,9.102970297029703e-07,16509,,,,,,,,,
54,,,,,,,,,,16509,0.014008929952979088,,,,,,,,
,,,,,,,,,9.0996699669967e-07,16514,,,,,,,,,
54,,,,,,,,,,16514,0.021291881799697876,,,,,,,,
,,,,,,,,,9.096369636963696e-07,16519,,,,,,,,,
54,,,,,,,,,,16519,0.033881839364767075,,,,,,,,
,,,,,,,,,9.093069306930693e-07,16524,,,,,,,,,
54,,,,,,,,,,16524,0.026035118848085403,,,,,,,,
,,,,,,,,,9.089768976897689e-07,16529,,,,,,,,,
54,,,,,,,,,,16529,0.032851625233888626,,,,,,,,
,,,,,,,,,9.086468646864686e-07,16534,,,,,,,,,
54,,,,,,,,,,16534,0.007468430791050196,,,,,,,,
,,,,,,,,,9.083168316831683e-07,16539,,,,,,,,,
54,,,,,,,,,,16539,0.009017569944262505,,,,,,,,
,,,,,,,,,9.079867986798679e-07,16544,,,,,,,,,
54,,,,,,,,,,16544,0.03367006033658981,,,,,,,,
,,,,,,,,,9.076567656765675e-07,16549,,,,,,,,,
54,,,,,,,,,,16549,0.006785726640373468,,,,,,,,
,,,,,,,,,9.073267326732673e-07,16554,,,,,,,,,
54,,,,,,,,,,16554,0.006785983685404062,,,,,,,,
,,,,,,,,,9.069966996699669e-07,16559,,,,,,,,,
54,,,,,,,,,,16559,0.021968215703964233,,,,,,,,
,,,,,,,,,9.066666666666665e-07,16564,,,,,,,,,
54,,,,,,,,,,16564,0.02438049390912056,,,,,,,,
,,,,,,,,,9.063366336633664e-07,16569,,,,,,,,,
54,,,,,,,,,,16569,0.003873395035043359,,,,,,,,
,,,,,,,,,9.06006600660066e-07,16574,,,,,,,,,
54,,,,,,,,,,16574,0.02223525196313858,,,,,,,,
,,,,,,,,,9.056765676567656e-07,16579,,,,,,,,,
54,,,,,,,,,,16579,0.022733908146619797,,,,,,,,
,,,,,,,,,9.053465346534653e-07,16584,,,,,,,,,
54,,,,,,,,,,16584,0.004201479256153107,,,,,,,,
,,,,,,,,,9.05016501650165e-07,16589,,,,,,,,,
54,,,,,,,,,,16589,0.0065157003700733185,,,,,,,,
,,,,,,,,,9.046864686468646e-07,16594,,,,,,,,,
54,,,,,,,,,,16594,0.01389714889228344,,,,,,,,
,,,,,,,,,9.043564356435643e-07,16599,,,,,,,,,
54,,,,,,,,,,16599,0.024720728397369385,,,,,,,,
,,,,,,,,,9.040264026402639e-07,16604,,,,,,,,,
54,,,,,,,,,,16604,0.01880607008934021,,,,,,,,
,,,,,,,,,9.036963696369636e-07,16609,,,,,,,,,
54,,,,,,,,,,16609,0.04548206552863121,,,,,,,,
,,,,,,,,,9.033663366336633e-07,16614,,,,,,,,,
54,,,,,,,,,,16614,0.0148028414696455,,,,,,,,
,,,,,,,,,9.03036303630363e-07,16619,,,,,,,,,
54,,,,,,,,,,16619,0.031671758741140366,,,,,,,,
,,,,,,,,,9.027062706270627e-07,16624,,,,,,,,,
54,,,,,,,,,,16624,0.01294898521155119,,,,,,,,
,,,,,,,,,9.023762376237624e-07,16629,,,,,,,,,
54,,,,,,,,,,16629,0.01449485495686531,,,,,,,,
,,,,,,,,,9.02046204620462e-07,16634,,,,,,,,,
54,,,,,,,,,,16634,0.01873655989766121,,,,,,,,
,,,,,,,,,9.017161716171616e-07,16639,,,,,,,,,
54,,,,,,,,,,16639,0.031978171318769455,,,,,,,,
,,,,,,,,,9.013861386138614e-07,16644,,,,,,,,,
54,,,,,,,,,,16644,0.02780223824083805,,,,,,,,
,,,,,,,,,9.01056105610561e-07,16649,,,,,,,,,
54,,,,,,,,,,16649,0.008178205229341984,,,,,,,,
,,,,,,,,,9.007260726072606e-07,16654,,,,,,,,,
54,,,,,,,,,,16654,0.01498586218804121,,,,,,,,
,,,,,,,,,9.003960396039603e-07,16659,,,,,,,,,
54,,,,,,,,,,16659,0.029197312891483307,,,,,,,,
,,,,,,,,,9.0006600660066e-07,16664,,,,,,,,,
54,,,,,,,,,,16664,0.028196608647704124,,,,,,,,
54,,,,,,,,,,16664,,0.6812499761581421,0.7272727489471436,0.08043172210454941,0.08043172210454941,0.4325425326824188,0.7010309100151062,0.7555555701255798,0.4379512369632721
,,,,,,,,,8.997359735973596e-07,16669,,,,,,,,,
55,,,,,,,,,,16669,0.009467098861932755,,,,,,,,
,,,,,,,,,8.994059405940594e-07,16674,,,,,,,,,
55,,,,,,,,,,16674,0.036859240382909775,,,,,,,,
,,,,,,,,,8.990759075907591e-07,16679,,,,,,,,,
55,,,,,,,,,,16679,0.011804027482867241,,,,,,,,
,,,,,,,,,8.987458745874587e-07,16684,,,,,,,,,
55,,,,,,,,,,16684,0.01633010059595108,,,,,,,,
,,,,,,,,,8.984158415841584e-07,16689,,,,,,,,,
55,,,,,,,,,,16689,0.021921247243881226,,,,,,,,
,,,,,,,,,8.98085808580858e-07,16694,,,,,,,,,
55,,,,,,,,,,16694,0.014581814408302307,,,,,,,,
,,,,,,,,,8.977557755775577e-07,16699,,,,,,,,,
55,,,,,,,,,,16699,0.004802686627954245,,,,,,,,
,,,,,,,,,8.974257425742574e-07,16704,,,,,,,,,
55,,,,,,,,,,16704,0.004373632837086916,,,,,,,,
,,,,,,,,,8.97095709570957e-07,16709,,,,,,,,,
55,,,,,,,,,,16709,0.022684914991259575,,,,,,,,
,,,,,,,,,8.967656765676566e-07,16714,,,,,,,,,
55,,,,,,,,,,16714,0.011898481287062168,,,,,,,,
,,,,,,,,,8.964356435643564e-07,16719,,,,,,,,,
55,,,,,,,,,,16719,0.02584834210574627,,,,,,,,
,,,,,,,,,8.96105610561056e-07,16724,,,,,,,,,
55,,,,,,,,,,16724,0.025631440803408623,,,,,,,,
,,,,,,,,,8.957755775577558e-07,16729,,,,,,,,,
55,,,,,,,,,,16729,0.026217728853225708,,,,,,,,
,,,,,,,,,8.954455445544555e-07,16734,,,,,,,,,
55,,,,,,,,,,16734,0.012653334997594357,,,,,,,,
,,,,,,,,,8.951155115511551e-07,16739,,,,,,,,,
55,,,,,,,,,,16739,0.029328683391213417,,,,,,,,
,,,,,,,,,8.947854785478548e-07,16744,,,,,,,,,
55,,,,,,,,,,16744,0.022446461021900177,,,,,,,,
,,,,,,,,,8.944554455445544e-07,16749,,,,,,,,,
55,,,,,,,,,,16749,0.00699375756084919,,,,,,,,
,,,,,,,,,8.941254125412541e-07,16754,,,,,,,,,
55,,,,,,,,,,16754,0.009690695442259312,,,,,,,,
,,,,,,,,,8.937953795379538e-07,16759,,,,,,,,,
55,,,,,,,,,,16759,0.002567973453551531,,,,,,,,
,,,,,,,,,8.934653465346534e-07,16764,,,,,,,,,
55,,,,,,,,,,16764,0.016092022880911827,,,,,,,,
,,,,,,,,,8.93135313531353e-07,16769,,,,,,,,,
55,,,,,,,,,,16769,0.008669770322740078,,,,,,,,
,,,,,,,,,8.928052805280528e-07,16774,,,,,,,,,
55,,,,,,,,,,16774,0.012584846466779709,,,,,,,,
,,,,,,,,,8.924752475247525e-07,16779,,,,,,,,,
55,,,,,,,,,,16779,0.010538618080317974,,,,,,,,
,,,,,,,,,8.921452145214521e-07,16784,,,,,,,,,
55,,,,,,,,,,16784,0.00611536018550396,,,,,,,,
,,,,,,,,,8.918151815181519e-07,16789,,,,,,,,,
55,,,,,,,,,,16789,0.015072443522512913,,,,,,,,
,,,,,,,,,8.914851485148515e-07,16794,,,,,,,,,
55,,,,,,,,,,16794,0.008021658286452293,,,,,,,,
,,,,,,,,,8.911551155115511e-07,16799,,,,,,,,,
55,,,,,,,,,,16799,0.0042707473039627075,,,,,,,,
,,,,,,,,,8.908250825082508e-07,16804,,,,,,,,,
55,,,,,,,,,,16804,0.005690852180123329,,,,,,,,
,,,,,,,,,8.904950495049505e-07,16809,,,,,,,,,
55,,,,,,,,,,16809,0.039291176944971085,,,,,,,,
,,,,,,,,,8.901650165016501e-07,16814,,,,,,,,,
55,,,,,,,,,,16814,0.009071215987205505,,,,,,,,
,,,,,,,,,8.898349834983498e-07,16819,,,,,,,,,
55,,,,,,,,,,16819,0.01998262107372284,,,,,,,,
,,,,,,,,,8.895049504950494e-07,16824,,,,,,,,,
55,,,,,,,,,,16824,0.016450319439172745,,,,,,,,
,,,,,,,,,8.891749174917491e-07,16829,,,,,,,,,
55,,,,,,,,,,16829,0.008190176449716091,,,,,,,,
,,,,,,,,,8.888448844884489e-07,16834,,,,,,,,,
55,,,,,,,,,,16834,0.010115638375282288,,,,,,,,
,,,,,,,,,8.885148514851485e-07,16839,,,,,,,,,
55,,,,,,,,,,16839,0.015101182274520397,,,,,,,,
,,,,,,,,,8.881848184818481e-07,16844,,,,,,,,,
55,,,,,,,,,,16844,0.01270796824246645,,,,,,,,
,,,,,,,,,8.878547854785479e-07,16849,,,,,,,,,
55,,,,,,,,,,16849,0.020017867907881737,,,,,,,,
,,,,,,,,,8.875247524752475e-07,16854,,,,,,,,,
55,,,,,,,,,,16854,0.008252313360571861,,,,,,,,
,,,,,,,,,8.871947194719471e-07,16859,,,,,,,,,
55,,,,,,,,,,16859,0.021284764632582664,,,,,,,,
,,,,,,,,,8.868646864686469e-07,16864,,,,,,,,,
55,,,,,,,,,,16864,0.0720553770661354,,,,,,,,
,,,,,,,,,8.865346534653465e-07,16869,,,,,,,,,
55,,,,,,,,,,16869,0.012959703803062439,,,,,,,,
,,,,,,,,,8.862046204620461e-07,16874,,,,,,,,,
55,,,,,,,,,,16874,0.005590934306383133,,,,,,,,
,,,,,,,,,8.858745874587458e-07,16879,,,,,,,,,
55,,,,,,,,,,16879,0.03262723982334137,,,,,,,,
,,,,,,,,,8.855445544554455e-07,16884,,,,,,,,,
55,,,,,,,,,,16884,0.016026314347982407,,,,,,,,
,,,,,,,,,8.852145214521452e-07,16889,,,,,,,,,
55,,,,,,,,,,16889,0.010927845723927021,,,,,,,,
,,,,,,,,,8.848844884488449e-07,16894,,,,,,,,,
55,,,,,,,,,,16894,0.04546460881829262,,,,,,,,
,,,,,,,,,8.845544554455445e-07,16899,,,,,,,,,
55,,,,,,,,,,16899,0.005845267791301012,,,,,,,,
,,,,,,,,,8.842244224422442e-07,16904,,,,,,,,,
55,,,,,,,,,,16904,0.012151088565587997,,,,,,,,
,,,,,,,,,8.838943894389439e-07,16909,,,,,,,,,
55,,,,,,,,,,16909,0.02260892279446125,,,,,,,,
,,,,,,,,,8.835643564356435e-07,16914,,,,,,,,,
55,,,,,,,,,,16914,0.024556268006563187,,,,,,,,
,,,,,,,,,8.832343234323432e-07,16919,,,,,,,,,
55,,,,,,,,,,16919,0.017500918358564377,,,,,,,,
,,,,,,,,,8.829042904290429e-07,16924,,,,,,,,,
55,,,,,,,,,,16924,0.004432163201272488,,,,,,,,
,,,,,,,,,8.825742574257425e-07,16929,,,,,,,,,
55,,,,,,,,,,16929,0.012597648426890373,,,,,,,,
,,,,,,,,,8.822442244224421e-07,16934,,,,,,,,,
55,,,,,,,,,,16934,0.04575363174080849,,,,,,,,
,,,,,,,,,8.81914191419142e-07,16939,,,,,,,,,
55,,,,,,,,,,16939,0.022234268486499786,,,,,,,,
,,,,,,,,,8.815841584158416e-07,16944,,,,,,,,,
55,,,,,,,,,,16944,0.019070029258728027,,,,,,,,
,,,,,,,,,8.812541254125412e-07,16949,,,,,,,,,
55,,,,,,,,,,16949,0.005246256943792105,,,,,,,,
,,,,,,,,,8.80924092409241e-07,16954,,,,,,,,,
55,,,,,,,,,,16954,0.022643055766820908,,,,,,,,
,,,,,,,,,8.805940594059406e-07,16959,,,,,,,,,
55,,,,,,,,,,16959,0.017686447128653526,,,,,,,,
,,,,,,,,,8.802640264026402e-07,16964,,,,,,,,,
55,,,,,,,,,,16964,0.0349605493247509,,,,,,,,
55,,,,,,,,,,16967,,0.675000011920929,0.7204301357269287,0.08059897273778915,0.08059897273778915,0.423109769821167,0.6979166865348816,0.7444444298744202,0.423598974943161
,,,,,,,,,8.799339933993399e-07,16969,,,,,,,,,
56,,,,,,,,,,16969,0.021168788895010948,,,,,,,,
,,,,,,,,,8.796039603960396e-07,16974,,,,,,,,,
56,,,,,,,,,,16974,0.01337146945297718,,,,,,,,
,,,,,,,,,8.792739273927392e-07,16979,,,,,,,,,
56,,,,,,,,,,16979,0.011470451951026917,,,,,,,,
,,,,,,,,,8.789438943894389e-07,16984,,,,,,,,,
56,,,,,,,,,,16984,0.009951909072697163,,,,,,,,
,,,,,,,,,8.786138613861385e-07,16989,,,,,,,,,
56,,,,,,,,,,16989,0.009295291267335415,,,,,,,,
,,,,,,,,,8.782838283828383e-07,16994,,,,,,,,,
56,,,,,,,,,,16994,0.012076237238943577,,,,,,,,
,,,,,,,,,8.77953795379538e-07,16999,,,,,,,,,
56,,,,,,,,,,16999,0.012387232854962349,,,,,,,,
,,,,,,,,,8.776237623762376e-07,17004,,,,,,,,,
56,,,,,,,,,,17004,0.015350276604294777,,,,,,,,
,,,,,,,,,8.772937293729372e-07,17009,,,,,,,,,
56,,,,,,,,,,17009,0.010066356509923935,,,,,,,,
,,,,,,,,,8.76963696369637e-07,17014,,,,,,,,,
56,,,,,,,,,,17014,0.004099325276911259,,,,,,,,
,,,,,,,,,8.766336633663366e-07,17019,,,,,,,,,
56,,,,,,,,,,17019,0.009048649109899998,,,,,,,,
,,,,,,,,,8.763036303630362e-07,17024,,,,,,,,,
56,,,,,,,,,,17024,0.01930849626660347,,,,,,,,
,,,,,,,,,8.75973597359736e-07,17029,,,,,,,,,
56,,,,,,,,,,17029,0.006295567844063044,,,,,,,,
,,,,,,,,,8.756435643564356e-07,17034,,,,,,,,,
56,,,,,,,,,,17034,0.01278822124004364,,,,,,,,
,,,,,,,,,8.753135313531352e-07,17039,,,,,,,,,
56,,,,,,,,,,17039,0.008798782713711262,,,,,,,,
,,,,,,,,,8.749834983498349e-07,17044,,,,,,,,,
56,,,,,,,,,,17044,0.0030352636240422726,,,,,,,,
,,,,,,,,,8.746534653465347e-07,17049,,,,,,,,,
56,,,,,,,,,,17049,0.003021063981577754,,,,,,,,
,,,,,,,,,8.743234323432343e-07,17054,,,,,,,,,
56,,,,,,,,,,17054,0.008154674433171749,,,,,,,,
,,,,,,,,,8.73993399339934e-07,17059,,,,,,,,,
56,,,,,,,,,,17059,0.010142610408365726,,,,,,,,
,,,,,,,,,8.736633663366336e-07,17064,,,,,,,,,
56,,,,,,,,,,17064,0.02027016691863537,,,,,,,,
,,,,,,,,,8.733333333333333e-07,17069,,,,,,,,,
56,,,,,,,,,,17069,0.027465367689728737,,,,,,,,
,,,,,,,,,8.73003300330033e-07,17074,,,,,,,,,
56,,,,,,,,,,17074,0.005046176258474588,,,,,,,,
,,,,,,,,,8.726732673267326e-07,17079,,,,,,,,,
56,,,,,,,,,,17079,0.0017212070524692535,,,,,,,,
,,,,,,,,,8.723432343234322e-07,17084,,,,,,,,,
56,,,,,,,,,,17084,0.04068974778056145,,,,,,,,
,,,,,,,,,8.72013201320132e-07,17089,,,,,,,,,
56,,,,,,,,,,17089,0.00445467559620738,,,,,,,,
,,,,,,,,,8.716831683168316e-07,17094,,,,,,,,,
56,,,,,,,,,,17094,0.012634419836103916,,,,,,,,
,,,,,,,,,8.713531353135312e-07,17099,,,,,,,,,
56,,,,,,,,,,17099,0.017998777329921722,,,,,,,,
,,,,,,,,,8.710231023102311e-07,17104,,,,,,,,,
56,,,,,,,,,,17104,0.012975976802408695,,,,,,,,
,,,,,,,,,8.706930693069307e-07,17109,,,,,,,,,
56,,,,,,,,,,17109,0.044301994144916534,,,,,,,,
,,,,,,,,,8.703630363036303e-07,17114,,,,,,,,,
56,,,,,,,,,,17114,0.08407548069953918,,,,,,,,
,,,,,,,,,8.7003300330033e-07,17119,,,,,,,,,
56,,,,,,,,,,17119,0.008780348114669323,,,,,,,,
,,,,,,,,,8.697029702970297e-07,17124,,,,,,,,,
56,,,,,,,,,,17124,0.017633037641644478,,,,,,,,
,,,,,,,,,8.693729372937293e-07,17129,,,,,,,,,
56,,,,,,,,,,17129,0.0223093144595623,,,,,,,,
,,,,,,,,,8.69042904290429e-07,17134,,,,,,,,,
56,,,,,,,,,,17134,0.01014617644250393,,,,,,,,
,,,,,,,,,8.687128712871286e-07,17139,,,,,,,,,
56,,,,,,,,,,17139,0.013339901342988014,,,,,,,,
,,,,,,,,,8.683828382838283e-07,17144,,,,,,,,,
56,,,,,,,,,,17144,0.013531440868973732,,,,,,,,
,,,,,,,,,8.68052805280528e-07,17149,,,,,,,,,
56,,,,,,,,,,17149,0.010168739594519138,,,,,,,,
,,,,,,,,,8.677227722772276e-07,17154,,,,,,,,,
56,,,,,,,,,,17154,0.007898617535829544,,,,,,,,
,,,,,,,,,8.673927392739274e-07,17159,,,,,,,,,
56,,,,,,,,,,17159,0.01577766425907612,,,,,,,,
,,,,,,,,,8.670627062706271e-07,17164,,,,,,,,,
56,,,,,,,,,,17164,0.008385540917515755,,,,,,,,
,,,,,,,,,8.667326732673267e-07,17169,,,,,,,,,
56,,,,,,,,,,17169,0.0036611780524253845,,,,,,,,
,,,,,,,,,8.664026402640263e-07,17174,,,,,,,,,
56,,,,,,,,,,17174,0.012677378952503204,,,,,,,,
,,,,,,,,,8.660726072607261e-07,17179,,,,,,,,,
56,,,,,,,,,,17179,0.012212851084768772,,,,,,,,
,,,,,,,,,8.657425742574257e-07,17184,,,,,,,,,
56,,,,,,,,,,17184,0.012304759584367275,,,,,,,,
,,,,,,,,,8.654125412541253e-07,17189,,,,,,,,,
56,,,,,,,,,,17189,0.05155748501420021,,,,,,,,
,,,,,,,,,8.65082508250825e-07,17194,,,,,,,,,
56,,,,,,,,,,17194,0.007180899381637573,,,,,,,,
,,,,,,,,,8.647524752475247e-07,17199,,,,,,,,,
56,,,,,,,,,,17199,0.02264290861785412,,,,,,,,
,,,,,,,,,8.644224422442243e-07,17204,,,,,,,,,
56,,,,,,,,,,17204,0.012582987546920776,,,,,,,,
,,,,,,,,,8.640924092409241e-07,17209,,,,,,,,,
56,,,,,,,,,,17209,0.014866490848362446,,,,,,,,
,,,,,,,,,8.637623762376238e-07,17214,,,,,,,,,
56,,,,,,,,,,17214,0.04645862430334091,,,,,,,,
,,,,,,,,,8.634323432343234e-07,17219,,,,,,,,,
56,,,,,,,,,,17219,0.020791610702872276,,,,,,,,
,,,,,,,,,8.631023102310231e-07,17224,,,,,,,,,
56,,,,,,,,,,17224,0.007359593641012907,,,,,,,,
,,,,,,,,,8.627722772277227e-07,17229,,,,,,,,,
56,,,,,,,,,,17229,0.02429305575788021,,,,,,,,
,,,,,,,,,8.624422442244224e-07,17234,,,,,,,,,
56,,,,,,,,,,17234,0.021511705592274666,,,,,,,,
,,,,,,,,,8.621122112211221e-07,17239,,,,,,,,,
56,,,,,,,,,,17239,0.039167165756225586,,,,,,,,
,,,,,,,,,8.617821782178217e-07,17244,,,,,,,,,
56,,,,,,,,,,17244,0.04115830734372139,,,,,,,,
,,,,,,,,,8.614521452145213e-07,17249,,,,,,,,,
56,,,,,,,,,,17249,0.028310516849160194,,,,,,,,
,,,,,,,,,8.611221122112211e-07,17254,,,,,,,,,
56,,,,,,,,,,17254,0.00489356555044651,,,,,,,,
,,,,,,,,,8.607920792079207e-07,17259,,,,,,,,,
56,,,,,,,,,,17259,0.01191020105034113,,,,,,,,
,,,,,,,,,8.604620462046204e-07,17264,,,,,,,,,
56,,,,,,,,,,17264,0.02553282305598259,,,,,,,,
,,,,,,,,,8.601320132013202e-07,17269,,,,,,,,,
56,,,,,,,,,,17269,0.025496629998087883,,,,,,,,
56,,,,,,,,,,17270,,0.675000011920929,0.7234042286872864,0.08249666541814804,0.08249666541814804,0.41256776452064514,0.6938775777816772,0.7555555701255798,0.41545045375823975
,,,,,,,,,8.598019801980198e-07,17274,,,,,,,,,
57,,,,,,,,,,17274,0.025060832500457764,,,,,,,,
,,,,,,,,,8.594719471947194e-07,17279,,,,,,,,,
57,,,,,,,,,,17279,0.007696051150560379,,,,,,,,
,,,,,,,,,8.591419141914191e-07,17284,,,,,,,,,
57,,,,,,,,,,17284,0.002471565268933773,,,,,,,,
,,,,,,,,,8.588118811881188e-07,17289,,,,,,,,,
57,,,,,,,,,,17289,0.012354090809822083,,,,,,,,
,,,,,,,,,8.584818481848184e-07,17294,,,,,,,,,
57,,,,,,,,,,17294,0.03265538066625595,,,,,,,,
,,,,,,,,,8.581518151815181e-07,17299,,,,,,,,,
57,,,,,,,,,,17299,0.007634871639311314,,,,,,,,
,,,,,,,,,8.578217821782177e-07,17304,,,,,,,,,
57,,,,,,,,,,17304,0.006586242932826281,,,,,,,,
,,,,,,,,,8.574917491749174e-07,17309,,,,,,,,,
57,,,,,,,,,,17309,0.018141208216547966,,,,,,,,
,,,,,,,,,8.571617161716171e-07,17314,,,,,,,,,
57,,,,,,,,,,17314,0.007557580713182688,,,,,,,,
,,,,,,,,,8.568316831683168e-07,17319,,,,,,,,,
57,,,,,,,,,,17319,0.015333782881498337,,,,,,,,
,,,,,,,,,8.565016501650164e-07,17324,,,,,,,,,
57,,,,,,,,,,17324,0.030901646241545677,,,,,,,,
,,,,,,,,,8.561716171617162e-07,17329,,,,,,,,,
57,,,,,,,,,,17329,0.020403342321515083,,,,,,,,
,,,,,,,,,8.558415841584158e-07,17334,,,,,,,,,
57,,,,,,,,,,17334,0.018494632095098495,,,,,,,,
,,,,,,,,,8.555115511551154e-07,17339,,,,,,,,,
57,,,,,,,,,,17339,0.0371464379131794,,,,,,,,
,,,,,,,,,8.551815181518152e-07,17344,,,,,,,,,
57,,,,,,,,,,17344,0.015752537176012993,,,,,,,,
,,,,,,,,,8.548514851485148e-07,17349,,,,,,,,,
57,,,,,,,,,,17349,0.010661669075489044,,,,,,,,
,,,,,,,,,8.545214521452144e-07,17354,,,,,,,,,
57,,,,,,,,,,17354,0.017216123640537262,,,,,,,,
,,,,,,,,,8.541914191419141e-07,17359,,,,,,,,,
57,,,,,,,,,,17359,0.008689169771969318,,,,,,,,
,,,,,,,,,8.538613861386138e-07,17364,,,,,,,,,
57,,,,,,,,,,17364,0.007837233133614063,,,,,,,,
,,,,,,,,,8.535313531353136e-07,17369,,,,,,,,,
57,,,,,,,,,,17369,0.04216494783759117,,,,,,,,
,,,,,,,,,8.532013201320132e-07,17374,,,,,,,,,
57,,,,,,,,,,17374,0.006896597798913717,,,,,,,,
,,,,,,,,,8.528712871287128e-07,17379,,,,,,,,,
57,,,,,,,,,,17379,0.03609990328550339,,,,,,,,
,,,,,,,,,8.525412541254126e-07,17384,,,,,,,,,
57,,,,,,,,,,17384,0.013402612879872322,,,,,,,,
,,,,,,,,,8.522112211221122e-07,17389,,,,,,,,,
57,,,,,,,,,,17389,0.02081441879272461,,,,,,,,
,,,,,,,,,8.518811881188118e-07,17394,,,,,,,,,
57,,,,,,,,,,17394,0.009314777329564095,,,,,,,,
,,,,,,,,,8.515511551155116e-07,17399,,,,,,,,,
57,,,,,,,,,,17399,0.016203543171286583,,,,,,,,
,,,,,,,,,8.512211221122112e-07,17404,,,,,,,,,
57,,,,,,,,,,17404,0.02067985013127327,,,,,,,,
,,,,,,,,,8.508910891089108e-07,17409,,,,,,,,,
57,,,,,,,,,,17409,0.014851929619908333,,,,,,,,
,,,,,,,,,8.505610561056105e-07,17414,,,,,,,,,
57,,,,,,,,,,17414,0.008056134916841984,,,,,,,,
,,,,,,,,,8.502310231023102e-07,17419,,,,,,,,,
57,,,,,,,,,,17419,0.009679116308689117,,,,,,,,
,,,,,,,,,8.499009900990099e-07,17424,,,,,,,,,
57,,,,,,,,,,17424,0.007003655657172203,,,,,,,,
,,,,,,,,,8.495709570957096e-07,17429,,,,,,,,,
57,,,,,,,,,,17429,0.060717783868312836,,,,,,,,
,,,,,,,,,8.492409240924092e-07,17434,,,,,,,,,
57,,,,,,,,,,17434,0.028572384268045425,,,,,,,,
,,,,,,,,,8.489108910891089e-07,17439,,,,,,,,,
57,,,,,,,,,,17439,0.02502802014350891,,,,,,,,
,,,,,,,,,8.485808580858086e-07,17444,,,,,,,,,
57,,,,,,,,,,17444,0.012339851818978786,,,,,,,,
,,,,,,,,,8.482508250825082e-07,17449,,,,,,,,,
57,,,,,,,,,,17449,0.03695090487599373,,,,,,,,
,,,,,,,,,8.479207920792079e-07,17454,,,,,,,,,
57,,,,,,,,,,17454,0.019673479720950127,,,,,,,,
,,,,,,,,,8.475907590759076e-07,17459,,,,,,,,,
57,,,,,,,,,,17459,0.006874180864542723,,,,,,,,
,,,,,,,,,8.472607260726072e-07,17464,,,,,,,,,
57,,,,,,,,,,17464,0.00488186813890934,,,,,,,,
,,,,,,,,,8.469306930693068e-07,17469,,,,,,,,,
57,,,,,,,,,,17469,0.030109407380223274,,,,,,,,
,,,,,,,,,8.466006600660066e-07,17474,,,,,,,,,
57,,,,,,,,,,17474,0.007745213806629181,,,,,,,,
,,,,,,,,,8.462706270627063e-07,17479,,,,,,,,,
57,,,,,,,,,,17479,0.028971612453460693,,,,,,,,
,,,,,,,,,8.459405940594059e-07,17484,,,,,,,,,
57,,,,,,,,,,17484,0.007555265445262194,,,,,,,,
,,,,,,,,,8.456105610561056e-07,17489,,,,,,,,,
57,,,,,,,,,,17489,0.02046789787709713,,,,,,,,
,,,,,,,,,8.452805280528053e-07,17494,,,,,,,,,
57,,,,,,,,,,17494,0.008253008127212524,,,,,,,,
,,,,,,,,,8.449504950495049e-07,17499,,,,,,,,,
57,,,,,,,,,,17499,0.01528862863779068,,,,,,,,
,,,,,,,,,8.446204620462046e-07,17504,,,,,,,,,
57,,,,,,,,,,17504,0.028960486873984337,,,,,,,,
,,,,,,,,,8.442904290429042e-07,17509,,,,,,,,,
57,,,,,,,,,,17509,0.0176852997392416,,,,,,,,
,,,,,,,,,8.439603960396039e-07,17514,,,,,,,,,
57,,,,,,,,,,17514,0.003099574474617839,,,,,,,,
,,,,,,,,,8.436303630363036e-07,17519,,,,,,,,,
57,,,,,,,,,,17519,0.028065308928489685,,,,,,,,
,,,,,,,,,8.433003300330032e-07,17524,,,,,,,,,
57,,,,,,,,,,17524,0.01583593524992466,,,,,,,,
,,,,,,,,,8.429702970297029e-07,17529,,,,,,,,,
57,,,,,,,,,,17529,0.016004951670765877,,,,,,,,
,,,,,,,,,8.426402640264027e-07,17534,,,,,,,,,
57,,,,,,,,,,17534,0.009896909818053246,,,,,,,,
,,,,,,,,,8.423102310231023e-07,17539,,,,,,,,,
57,,,,,,,,,,17539,0.039549585431814194,,,,,,,,
,,,,,,,,,8.419801980198019e-07,17544,,,,,,,,,
57,,,,,,,,,,17544,0.00658236863091588,,,,,,,,
,,,,,,,,,8.416501650165017e-07,17549,,,,,,,,,
57,,,,,,,,,,17549,0.015919970348477364,,,,,,,,
,,,,,,,,,8.413201320132013e-07,17554,,,,,,,,,
57,,,,,,,,,,17554,0.017271114513278008,,,,,,,,
,,,,,,,,,8.409900990099009e-07,17559,,,,,,,,,
57,,,,,,,,,,17559,0.03908516466617584,,,,,,,,
,,,,,,,,,8.406600660066006e-07,17564,,,,,,,,,
57,,,,,,,,,,17564,0.010683288797736168,,,,,,,,
,,,,,,,,,8.403300330033003e-07,17569,,,,,,,,,
57,,,,,,,,,,17569,0.01748976670205593,,,,,,,,
57,,,,,,,,,,17573,,0.6812499761581421,0.7213114500045776,0.08133994787931442,0.08133994787931442,0.41574037075042725,0.7096773982048035,0.7333333492279053,0.4200996160507202
,,,,,,,,,8.399999999999999e-07,17574,,,,,,,,,
58,,,,,,,,,,17574,0.008881308138370514,,,,,,,,
,,,,,,,,,8.396699669966996e-07,17579,,,,,,,,,
58,,,,,,,,,,17579,0.015361296012997627,,,,,,,,
,,,,,,,,,8.393399339933994e-07,17584,,,,,,,,,
58,,,,,,,,,,17584,0.017998497933149338,,,,,,,,
,,,,,,,,,8.39009900990099e-07,17589,,,,,,,,,
58,,,,,,,,,,17589,0.004672524519264698,,,,,,,,
,,,,,,,,,8.386798679867987e-07,17594,,,,,,,,,
58,,,,,,,,,,17594,0.024300171062350273,,,,,,,,
,,,,,,,,,8.383498349834983e-07,17599,,,,,,,,,
58,,,,,,,,,,17599,0.014778359793126583,,,,,,,,
,,,,,,,,,8.38019801980198e-07,17604,,,,,,,,,
58,,,,,,,,,,17604,0.016989123076200485,,,,,,,,
,,,,,,,,,8.376897689768977e-07,17609,,,,,,,,,
58,,,,,,,,,,17609,0.0196749959141016,,,,,,,,
,,,,,,,,,8.373597359735973e-07,17614,,,,,,,,,
58,,,,,,,,,,17614,0.012155286967754364,,,,,,,,
,,,,,,,,,8.370297029702969e-07,17619,,,,,,,,,
58,,,,,,,,,,17619,0.031057506799697876,,,,,,,,
,,,,,,,,,8.366996699669967e-07,17624,,,,,,,,,
58,,,,,,,,,,17624,0.011114943772554398,,,,,,,,
,,,,,,,,,8.363696369636963e-07,17629,,,,,,,,,
58,,,,,,,,,,17629,0.009768800809979439,,,,,,,,
,,,,,,,,,8.360396039603959e-07,17634,,,,,,,,,
58,,,,,,,,,,17634,0.006280520930886269,,,,,,,,
,,,,,,,,,8.357095709570958e-07,17639,,,,,,,,,
58,,,,,,,,,,17639,0.013111356645822525,,,,,,,,
,,,,,,,,,8.353795379537954e-07,17644,,,,,,,,,
58,,,,,,,,,,17644,0.02398592047393322,,,,,,,,
,,,,,,,,,8.35049504950495e-07,17649,,,,,,,,,
58,,,,,,,,,,17649,0.016309348866343498,,,,,,,,
,,,,,,,,,8.347194719471947e-07,17654,,,,,,,,,
58,,,,,,,,,,17654,0.020360929891467094,,,,,,,,
,,,,,,,,,8.343894389438944e-07,17659,,,,,,,,,
58,,,,,,,,,,17659,0.0045412033796310425,,,,,,,,
,,,,,,,,,8.34059405940594e-07,17664,,,,,,,,,
58,,,,,,,,,,17664,0.014437776058912277,,,,,,,,
,,,,,,,,,8.337293729372937e-07,17669,,,,,,,,,
58,,,,,,,,,,17669,0.0028885093051940203,,,,,,,,
,,,,,,,,,8.333993399339933e-07,17674,,,,,,,,,
58,,,,,,,,,,17674,0.003928329795598984,,,,,,,,
,,,,,,,,,8.33069306930693e-07,17679,,,,,,,,,
58,,,,,,,,,,17679,0.01889684610068798,,,,,,,,
,,,,,,,,,8.327392739273927e-07,17684,,,,,,,,,
58,,,,,,,,,,17684,0.04044489935040474,,,,,,,,
,,,,,,,,,8.324092409240923e-07,17689,,,,,,,,,
58,,,,,,,,,,17689,0.006881390232592821,,,,,,,,
,,,,,,,,,8.32079207920792e-07,17694,,,,,,,,,
58,,,,,,,,,,17694,0.0065993741154670715,,,,,,,,
,,,,,,,,,8.317491749174918e-07,17699,,,,,,,,,
58,,,,,,,,,,17699,0.016072209924459457,,,,,,,,
,,,,,,,,,8.314191419141914e-07,17704,,,,,,,,,
58,,,,,,,,,,17704,0.03523818030953407,,,,,,,,
,,,,,,,,,8.31089108910891e-07,17709,,,,,,,,,
58,,,,,,,,,,17709,0.011065362952649593,,,,,,,,
,,,,,,,,,8.307590759075908e-07,17714,,,,,,,,,
58,,,,,,,,,,17714,0.0013868047390133142,,,,,,,,
,,,,,,,,,8.304290429042904e-07,17719,,,,,,,,,
58,,,,,,,,,,17719,0.005480480846017599,,,,,,,,
,,,,,,,,,8.3009900990099e-07,17724,,,,,,,,,
58,,,,,,,,,,17724,0.024119041860103607,,,,,,,,
,,,,,,,,,8.297689768976897e-07,17729,,,,,,,,,
58,,,,,,,,,,17729,0.007156106177717447,,,,,,,,
,,,,,,,,,8.294389438943894e-07,17734,,,,,,,,,
58,,,,,,,,,,17734,0.026162825524806976,,,,,,,,
,,,,,,,,,8.29108910891089e-07,17739,,,,,,,,,
58,,,,,,,,,,17739,0.009059332311153412,,,,,,,,
,,,,,,,,,8.287788778877887e-07,17744,,,,,,,,,
58,,,,,,,,,,17744,0.010456297546625137,,,,,,,,
,,,,,,,,,8.284488448844885e-07,17749,,,,,,,,,
58,,,,,,,,,,17749,0.009628349915146828,,,,,,,,
,,,,,,,,,8.281188118811881e-07,17754,,,,,,,,,
58,,,,,,,,,,17754,0.00912120845168829,,,,,,,,
,,,,,,,,,8.277887788778878e-07,17759,,,,,,,,,
58,,,,,,,,,,17759,0.02339879795908928,,,,,,,,
,,,,,,,,,8.274587458745874e-07,17764,,,,,,,,,
58,,,,,,,,,,17764,0.00832337886095047,,,,,,,,
,,,,,,,,,8.271287128712871e-07,17769,,,,,,,,,
58,,,,,,,,,,17769,0.005941641051322222,,,,,,,,
,,,,,,,,,8.267986798679868e-07,17774,,,,,,,,,
58,,,,,,,,,,17774,0.02160239778459072,,,,,,,,
,,,,,,,,,8.264686468646864e-07,17779,,,,,,,,,
58,,,,,,,,,,17779,0.011776481755077839,,,,,,,,
,,,,,,,,,8.26138613861386e-07,17784,,,,,,,,,
58,,,,,,,,,,17784,0.01759881153702736,,,,,,,,
,,,,,,,,,8.258085808580858e-07,17789,,,,,,,,,
58,,,,,,,,,,17789,0.005680702161043882,,,,,,,,
,,,,,,,,,8.254785478547854e-07,17794,,,,,,,,,
58,,,,,,,,,,17794,0.01881364919245243,,,,,,,,
,,,,,,,,,8.25148514851485e-07,17799,,,,,,,,,
58,,,,,,,,,,17799,0.011686403304338455,,,,,,,,
,,,,,,,,,8.248184818481849e-07,17804,,,,,,,,,
58,,,,,,,,,,17804,0.03145681694149971,,,,,,,,
,,,,,,,,,8.244884488448845e-07,17809,,,,,,,,,
58,,,,,,,,,,17809,0.00740056810900569,,,,,,,,
,,,,,,,,,8.241584158415841e-07,17814,,,,,,,,,
58,,,,,,,,,,17814,0.013265354558825493,,,,,,,,
,,,,,,,,,8.238283828382838e-07,17819,,,,,,,,,
58,,,,,,,,,,17819,0.02694600261747837,,,,,,,,
,,,,,,,,,8.234983498349835e-07,17824,,,,,,,,,
58,,,,,,,,,,17824,0.030039900913834572,,,,,,,,
,,,,,,,,,8.231683168316831e-07,17829,,,,,,,,,
58,,,,,,,,,,17829,0.029666269198060036,,,,,,,,
,,,,,,,,,8.228382838283828e-07,17834,,,,,,,,,
58,,,,,,,,,,17834,0.009172981604933739,,,,,,,,
,,,,,,,,,8.225082508250824e-07,17839,,,,,,,,,
58,,,,,,,,,,17839,0.009564995765686035,,,,,,,,
,,,,,,,,,8.221782178217821e-07,17844,,,,,,,,,
58,,,,,,,,,,17844,0.004330935887992382,,,,,,,,
,,,,,,,,,8.218481848184818e-07,17849,,,,,,,,,
58,,,,,,,,,,17849,0.06011620908975601,,,,,,,,
,,,,,,,,,8.215181518151815e-07,17854,,,,,,,,,
58,,,,,,,,,,17854,0.012353182770311832,,,,,,,,
,,,,,,,,,8.211881188118811e-07,17859,,,,,,,,,
58,,,,,,,,,,17859,0.013953880406916142,,,,,,,,
,,,,,,,,,8.208580858085809e-07,17864,,,,,,,,,
58,,,,,,,,,,17864,0.006947539746761322,,,,,,,,
,,,,,,,,,8.205280528052805e-07,17869,,,,,,,,,
58,,,,,,,,,,17869,0.009569646790623665,,,,,,,,
,,,,,,,,,8.201980198019801e-07,17874,,,,,,,,,
58,,,,,,,,,,17874,0.01633104309439659,,,,,,,,
58,,,,,,,,,,17876,,0.675000011920929,0.7263157963752747,0.08239524066448212,0.08239524066448212,0.43172687292099,0.6899999976158142,0.7666666507720947,0.43157145380973816
,,,,,,,,,8.198679867986799e-07,17879,,,,,,,,,
59,,,,,,,,,,17879,0.009163829497992992,,,,,,,,
,,,,,,,,,8.195379537953795e-07,17884,,,,,,,,,
59,,,,,,,,,,17884,0.008658810518682003,,,,,,,,
,,,,,,,,,8.192079207920791e-07,17889,,,,,,,,,
59,,,,,,,,,,17889,0.009115561842918396,,,,,,,,
,,,,,,,,,8.188778877887788e-07,17894,,,,,,,,,
59,,,,,,,,,,17894,0.0032976954244077206,,,,,,,,
,,,,,,,,,8.185478547854785e-07,17899,,,,,,,,,
59,,,,,,,,,,17899,0.03733951970934868,,,,,,,,
,,,,,,,,,8.182178217821781e-07,17904,,,,,,,,,
59,,,,,,,,,,17904,0.006035446189343929,,,,,,,,
,,,,,,,,,8.178877887788779e-07,17909,,,,,,,,,
59,,,,,,,,,,17909,0.03239257633686066,,,,,,,,
,,,,,,,,,8.175577557755775e-07,17914,,,,,,,,,
59,,,,,,,,,,17914,0.01133226789534092,,,,,,,,
,,,,,,,,,8.172277227722772e-07,17919,,,,,,,,,
59,,,,,,,,,,17919,0.0173862986266613,,,,,,,,
,,,,,,,,,8.168976897689769e-07,17924,,,,,,,,,
59,,,,,,,,,,17924,0.014777435921132565,,,,,,,,
,,,,,,,,,8.165676567656765e-07,17929,,,,,,,,,
59,,,,,,,,,,17929,0.022555183619260788,,,,,,,,
,,,,,,,,,8.162376237623761e-07,17934,,,,,,,,,
59,,,,,,,,,,17934,0.041816290467977524,,,,,,,,
,,,,,,,,,8.159075907590759e-07,17939,,,,,,,,,
59,,,,,,,,,,17939,0.014690790325403214,,,,,,,,
,,,,,,,,,8.155775577557755e-07,17944,,,,,,,,,
59,,,,,,,,,,17944,0.003268687054514885,,,,,,,,
,,,,,,,,,8.152475247524751e-07,17949,,,,,,,,,
59,,,,,,,,,,17949,0.010027808137238026,,,,,,,,
,,,,,,,,,8.149174917491749e-07,17954,,,,,,,,,
59,,,,,,,,,,17954,0.006631259806454182,,,,,,,,
,,,,,,,,,8.145874587458745e-07,17959,,,,,,,,,
59,,,,,,,,,,17959,0.013722122646868229,,,,,,,,
,,,,,,,,,8.142574257425742e-07,17964,,,,,,,,,
59,,,,,,,,,,17964,0.010812472552061081,,,,,,,,
,,,,,,,,,8.139273927392739e-07,17969,,,,,,,,,
59,,,,,,,,,,17969,0.005359357688575983,,,,,,,,
,,,,,,,,,8.135973597359736e-07,17974,,,,,,,,,
59,,,,,,,,,,17974,0.006926496978849173,,,,,,,,
,,,,,,,,,8.132673267326732e-07,17979,,,,,,,,,
59,,,,,,,,,,17979,0.007946619763970375,,,,,,,,
,,,,,,,,,8.129372937293729e-07,17984,,,,,,,,,
59,,,,,,,,,,17984,0.02757965959608555,,,,,,,,
,,,,,,,,,8.126072607260725e-07,17989,,,,,,,,,
59,,,,,,,,,,17989,0.011780306696891785,,,,,,,,
,,,,,,,,,8.122772277227723e-07,17994,,,,,,,,,
59,,,,,,,,,,17994,0.009274802170693874,,,,,,,,
,,,,,,,,,8.119471947194719e-07,17999,,,,,,,,,
59,,,,,,,,,,17999,0.016609281301498413,,,,,,,,
,,,,,,,,,8.116171617161715e-07,18004,,,,,,,,,
59,,,,,,,,,,18004,0.02869458496570587,,,,,,,,
,,,,,,,,,8.112871287128713e-07,18009,,,,,,,,,
59,,,,,,,,,,18009,0.026886025443673134,,,,,,,,
,,,,,,,,,8.10957095709571e-07,18014,,,,,,,,,
59,,,,,,,,,,18014,0.009776578284800053,,,,,,,,
,,,,,,,,,8.106270627062706e-07,18019,,,,,,,,,
59,,,,,,,,,,18019,0.026643376797437668,,,,,,,,
,,,,,,,,,8.102970297029703e-07,18024,,,,,,,,,
59,,,,,,,,,,18024,0.011088351719081402,,,,,,,,
,,,,,,,,,8.0996699669967e-07,18029,,,,,,,,,
59,,,,,,,,,,18029,0.012890580110251904,,,,,,,,
,,,,,,,,,8.096369636963696e-07,18034,,,,,,,,,
59,,,,,,,,,,18034,0.021839512512087822,,,,,,,,
,,,,,,,,,8.093069306930693e-07,18039,,,,,,,,,
59,,,,,,,,,,18039,0.03134007751941681,,,,,,,,
,,,,,,,,,8.08976897689769e-07,18044,,,,,,,,,
59,,,,,,,,,,18044,0.0064179603941738605,,,,,,,,
,,,,,,,,,8.086468646864686e-07,18049,,,,,,,,,
59,,,,,,,,,,18049,0.008140718564391136,,,,,,,,
,,,,,,,,,8.083168316831683e-07,18054,,,,,,,,,
59,,,,,,,,,,18054,0.027737684547901154,,,,,,,,
,,,,,,,,,8.079867986798679e-07,18059,,,,,,,,,
59,,,,,,,,,,18059,0.008993956260383129,,,,,,,,
,,,,,,,,,8.076567656765676e-07,18064,,,,,,,,,
59,,,,,,,,,,18064,0.013672776520252228,,,,,,,,
,,,,,,,,,8.073267326732674e-07,18069,,,,,,,,,
59,,,,,,,,,,18069,0.024865804240107536,,,,,,,,
,,,,,,,,,8.06996699669967e-07,18074,,,,,,,,,
59,,,,,,,,,,18074,0.01333476323634386,,,,,,,,
,,,,,,,,,8.066666666666666e-07,18079,,,,,,,,,
59,,,,,,,,,,18079,0.006745222490280867,,,,,,,,
,,,,,,,,,8.063366336633664e-07,18084,,,,,,,,,
59,,,,,,,,,,18084,0.011254743672907352,,,,,,,,
,,,,,,,,,8.06006600660066e-07,18089,,,,,,,,,
59,,,,,,,,,,18089,0.011592062190175056,,,,,,,,
,,,,,,,,,8.056765676567656e-07,18094,,,,,,,,,
59,,,,,,,,,,18094,0.028226366266608238,,,,,,,,
,,,,,,,,,8.053465346534653e-07,18099,,,,,,,,,
59,,,,,,,,,,18099,0.028900429606437683,,,,,,,,
,,,,,,,,,8.05016501650165e-07,18104,,,,,,,,,
59,,,,,,,,,,18104,0.024935245513916016,,,,,,,,
,,,,,,,,,8.046864686468646e-07,18109,,,,,,,,,
59,,,,,,,,,,18109,0.043194372206926346,,,,,,,,
,,,,,,,,,8.043564356435643e-07,18114,,,,,,,,,
59,,,,,,,,,,18114,0.005576658993959427,,,,,,,,
,,,,,,,,,8.04026402640264e-07,18119,,,,,,,,,
59,,,,,,,,,,18119,0.036038655787706375,,,,,,,,
,,,,,,,,,8.036963696369637e-07,18124,,,,,,,,,
59,,,,,,,,,,18124,0.049055103212594986,,,,,,,,
,,,,,,,,,8.033663366336634e-07,18129,,,,,,,,,
59,,,,,,,,,,18129,0.008320429362356663,,,,,,,,
,,,,,,,,,8.03036303630363e-07,18134,,,,,,,,,
59,,,,,,,,,,18134,0.014287097379565239,,,,,,,,
,,,,,,,,,8.027062706270627e-07,18139,,,,,,,,,
59,,,,,,,,,,18139,0.017794311046600342,,,,,,,,
,,,,,,,,,8.023762376237624e-07,18144,,,,,,,,,
59,,,,,,,,,,18144,0.007358176168054342,,,,,,,,
,,,,,,,,,8.02046204620462e-07,18149,,,,,,,,,
59,,,,,,,,,,18149,0.0072859106585383415,,,,,,,,
,,,,,,,,,8.017161716171616e-07,18154,,,,,,,,,
59,,,,,,,,,,18154,0.01867813616991043,,,,,,,,
,,,,,,,,,8.013861386138614e-07,18159,,,,,,,,,
59,,,,,,,,,,18159,0.015158182010054588,,,,,,,,
,,,,,,,,,8.01056105610561e-07,18164,,,,,,,,,
59,,,,,,,,,,18164,0.00641672732308507,,,,,,,,
,,,,,,,,,8.007260726072606e-07,18169,,,,,,,,,
59,,,,,,,,,,18169,0.010203392244875431,,,,,,,,
,,,,,,,,,8.003960396039605e-07,18174,,,,,,,,,
59,,,,,,,,,,18174,0.0182530228048563,,,,,,,,
,,,,,,,,,8.000660066006601e-07,18179,,,,,,,,,
59,,,,,,,,,,18179,0.005942570511251688,,,,,,,,
59,,,,,,,,,,18179,,0.6499999761581421,0.692307710647583,0.08352240920066833,0.08352240920066833,0.4119884967803955,0.6847826242446899,0.699999988079071,0.4188295304775238
,,,,,,,,,7.997359735973597e-07,18184,,,,,,,,,
60,,,,,,,,,,18184,0.01530394982546568,,,,,,,,
,,,,,,,,,7.994059405940594e-07,18189,,,,,,,,,
60,,,,,,,,,,18189,0.01709703728556633,,,,,,,,
,,,,,,,,,7.990759075907591e-07,18194,,,,,,,,,
60,,,,,,,,,,18194,0.009567326866090298,,,,,,,,
,,,,,,,,,7.987458745874587e-07,18199,,,,,,,,,
60,,,,,,,,,,18199,0.01380571536719799,,,,,,,,
,,,,,,,,,7.984158415841584e-07,18204,,,,,,,,,
60,,,,,,,,,,18204,0.02037428505718708,,,,,,,,
,,,,,,,,,7.98085808580858e-07,18209,,,,,,,,,
60,,,,,,,,,,18209,0.007452897261828184,,,,,,,,
,,,,,,,,,7.977557755775577e-07,18214,,,,,,,,,
60,,,,,,,,,,18214,0.004982779733836651,,,,,,,,
,,,,,,,,,7.974257425742574e-07,18219,,,,,,,,,
60,,,,,,,,,,18219,0.01274958997964859,,,,,,,,
,,,,,,,,,7.97095709570957e-07,18224,,,,,,,,,
60,,,,,,,,,,18224,0.006518661510199308,,,,,,,,
,,,,,,,,,7.967656765676566e-07,18229,,,,,,,,,
60,,,,,,,,,,18229,0.016019081696867943,,,,,,,,
,,,,,,,,,7.964356435643565e-07,18234,,,,,,,,,
60,,,,,,,,,,18234,0.011166330426931381,,,,,,,,
,,,,,,,,,7.961056105610561e-07,18239,,,,,,,,,
60,,,,,,,,,,18239,0.01473080925643444,,,,,,,,
,,,,,,,,,7.957755775577557e-07,18244,,,,,,,,,
60,,,,,,,,,,18244,0.008243286982178688,,,,,,,,
,,,,,,,,,7.954455445544555e-07,18249,,,,,,,,,
60,,,,,,,,,,18249,0.0033584418706595898,,,,,,,,
,,,,,,,,,7.951155115511551e-07,18254,,,,,,,,,
60,,,,,,,,,,18254,0.0065496452152729034,,,,,,,,
,,,,,,,,,7.947854785478547e-07,18259,,,,,,,,,
60,,,,,,,,,,18259,0.003705502487719059,,,,,,,,
,,,,,,,,,7.944554455445544e-07,18264,,,,,,,,,
60,,,,,,,,,,18264,0.022792581468820572,,,,,,,,
,,,,,,,,,7.941254125412541e-07,18269,,,,,,,,,
60,,,,,,,,,,18269,0.009648023173213005,,,,,,,,
,,,,,,,,,7.937953795379537e-07,18274,,,,,,,,,
60,,,,,,,,,,18274,0.026289617642760277,,,,,,,,
,,,,,,,,,7.934653465346534e-07,18279,,,,,,,,,
60,,,,,,,,,,18279,0.004666381981223822,,,,,,,,
,,,,,,,,,7.931353135313531e-07,18284,,,,,,,,,
60,,,,,,,,,,18284,0.028691671788692474,,,,,,,,
,,,,,,,,,7.928052805280528e-07,18289,,,,,,,,,
60,,,,,,,,,,18289,0.026022465899586678,,,,,,,,
,,,,,,,,,7.924752475247525e-07,18294,,,,,,,,,
60,,,,,,,,,,18294,0.03233843296766281,,,,,,,,
,,,,,,,,,7.921452145214521e-07,18299,,,,,,,,,
60,,,,,,,,,,18299,0.008178908377885818,,,,,,,,
,,,,,,,,,7.918151815181518e-07,18304,,,,,,,,,
60,,,,,,,,,,18304,0.0180776696652174,,,,,,,,
,,,,,,,,,7.914851485148515e-07,18309,,,,,,,,,
60,,,,,,,,,,18309,0.036314114928245544,,,,,,,,
,,,,,,,,,7.911551155115511e-07,18314,,,,,,,,,
60,,,,,,,,,,18314,0.01219006534665823,,,,,,,,
,,,,,,,,,7.908250825082507e-07,18319,,,,,,,,,
60,,,,,,,,,,18319,0.010166246443986893,,,,,,,,
,,,,,,,,,7.904950495049505e-07,18324,,,,,,,,,
60,,,,,,,,,,18324,0.02209814265370369,,,,,,,,
,,,,,,,,,7.901650165016501e-07,18329,,,,,,,,,
60,,,,,,,,,,18329,0.028930777683854103,,,,,,,,
,,,,,,,,,7.898349834983497e-07,18334,,,,,,,,,
60,,,,,,,,,,18334,0.028938110917806625,,,,,,,,
,,,,,,,,,7.895049504950495e-07,18339,,,,,,,,,
60,,,,,,,,,,18339,0.02508504129946232,,,,,,,,
,,,,,,,,,7.891749174917492e-07,18344,,,,,,,,,
60,,,,,,,,,,18344,0.013668356463313103,,,,,,,,
,,,,,,,,,7.888448844884488e-07,18349,,,,,,,,,
60,,,,,,,,,,18349,0.018027905374765396,,,,,,,,
,,,,,,,,,7.885148514851485e-07,18354,,,,,,,,,
60,,,,,,,,,,18354,0.035672377794981,,,,,,,,
,,,,,,,,,7.881848184818482e-07,18359,,,,,,,,,
60,,,,,,,,,,18359,0.00278047495521605,,,,,,,,
,,,,,,,,,7.878547854785478e-07,18364,,,,,,,,,
60,,,,,,,,,,18364,0.01194862648844719,,,,,,,,
,,,,,,,,,7.875247524752475e-07,18369,,,,,,,,,
60,,,,,,,,,,18369,0.010253111831843853,,,,,,,,
,,,,,,,,,7.871947194719471e-07,18374,,,,,,,,,
60,,,,,,,,,,18374,0.014719037339091301,,,,,,,,
,,,,,,,,,7.868646864686468e-07,18379,,,,,,,,,
60,,,,,,,,,,18379,0.05203716456890106,,,,,,,,
,,,,,,,,,7.865346534653465e-07,18384,,,,,,,,,
60,,,,,,,,,,18384,0.036648526787757874,,,,,,,,
,,,,,,,,,7.862046204620461e-07,18389,,,,,,,,,
60,,,,,,,,,,18389,0.02558966726064682,,,,,,,,
,,,,,,,,,7.858745874587458e-07,18394,,,,,,,,,
60,,,,,,,,,,18394,0.00802261009812355,,,,,,,,
,,,,,,,,,7.855445544554456e-07,18399,,,,,,,,,
60,,,,,,,,,,18399,0.023410284891724586,,,,,,,,
,,,,,,,,,7.852145214521452e-07,18404,,,,,,,,,
60,,,,,,,,,,18404,0.015802184119820595,,,,,,,,
,,,,,,,,,7.848844884488448e-07,18409,,,,,,,,,
60,,,,,,,,,,18409,0.02113901451230049,,,,,,,,
,,,,,,,,,7.845544554455446e-07,18414,,,,,,,,,
60,,,,,,,,,,18414,0.007289073895663023,,,,,,,,
,,,,,,,,,7.842244224422442e-07,18419,,,,,,,,,
60,,,,,,,,,,18419,0.004677452612668276,,,,,,,,
,,,,,,,,,7.838943894389438e-07,18424,,,,,,,,,
60,,,,,,,,,,18424,0.025357387959957123,,,,,,,,
,,,,,,,,,7.835643564356435e-07,18429,,,,,,,,,
60,,,,,,,,,,18429,0.029853221029043198,,,,,,,,
,,,,,,,,,7.832343234323432e-07,18434,,,,,,,,,
60,,,,,,,,,,18434,0.005152086727321148,,,,,,,,
,,,,,,,,,7.829042904290428e-07,18439,,,,,,,,,
60,,,,,,,,,,18439,0.01993684284389019,,,,,,,,
,,,,,,,,,7.825742574257426e-07,18444,,,,,,,,,
60,,,,,,,,,,18444,0.020046275109052658,,,,,,,,
,,,,,,,,,7.822442244224422e-07,18449,,,,,,,,,
60,,,,,,,,,,18449,0.009447569958865643,,,,,,,,
,,,,,,,,,7.819141914191419e-07,18454,,,,,,,,,
60,,,,,,,,,,18454,0.01945924013853073,,,,,,,,
,,,,,,,,,7.815841584158416e-07,18459,,,,,,,,,
60,,,,,,,,,,18459,0.011110320687294006,,,,,,,,
,,,,,,,,,7.812541254125412e-07,18464,,,,,,,,,
60,,,,,,,,,,18464,0.056247614324092865,,,,,,,,
,,,,,,,,,7.809240924092408e-07,18469,,,,,,,,,
60,,,,,,,,,,18469,0.01247679814696312,,,,,,,,
,,,,,,,,,7.805940594059406e-07,18474,,,,,,,,,
60,,,,,,,,,,18474,0.002080207457765937,,,,,,,,
,,,,,,,,,7.802640264026402e-07,18479,,,,,,,,,
60,,,,,,,,,,18479,0.011750628240406513,,,,,,,,
60,,,,,,,,,,18482,,0.6625000238418579,0.70652174949646,0.08349013328552246,0.08349013328552246,0.4149949550628662,0.6914893388748169,0.7222222089767456,0.419147789478302
,,,,,,,,,7.799339933993398e-07,18484,,,,,,,,,
61,,,,,,,,,,18484,0.011072595603764057,,,,,,,,
,,,,,,,,,7.796039603960396e-07,18489,,,,,,,,,
61,,,,,,,,,,18489,0.008580298162996769,,,,,,,,
,,,,,,,,,7.792739273927392e-07,18494,,,,,,,,,
61,,,,,,,,,,18494,0.013276024721562862,,,,,,,,
,,,,,,,,,7.789438943894389e-07,18499,,,,,,,,,
61,,,,,,,,,,18499,0.02863687463104725,,,,,,,,
,,,,,,,,,7.786138613861386e-07,18504,,,,,,,,,
61,,,,,,,,,,18504,0.009578747674822807,,,,,,,,
,,,,,,,,,7.782838283828383e-07,18509,,,,,,,,,
61,,,,,,,,,,18509,0.007193929515779018,,,,,,,,
,,,,,,,,,7.779537953795379e-07,18514,,,,,,,,,
61,,,,,,,,,,18514,0.00684546260163188,,,,,,,,
,,,,,,,,,7.776237623762376e-07,18519,,,,,,,,,
61,,,,,,,,,,18519,0.0009553047711960971,,,,,,,,
,,,,,,,,,7.772937293729372e-07,18524,,,,,,,,,
61,,,,,,,,,,18524,0.017580457031726837,,,,,,,,
,,,,,,,,,7.769636963696369e-07,18529,,,,,,,,,
61,,,,,,,,,,18529,0.0044756243005394936,,,,,,,,
,,,,,,,,,7.766336633663366e-07,18534,,,,,,,,,
61,,,,,,,,,,18534,0.004644367843866348,,,,,,,,
,,,,,,,,,7.763036303630362e-07,18539,,,,,,,,,
61,,,,,,,,,,18539,0.005815320182591677,,,,,,,,
,,,,,,,,,7.759735973597359e-07,18544,,,,,,,,,
61,,,,,,,,,,18544,0.022913223132491112,,,,,,,,
,,,,,,,,,7.756435643564356e-07,18549,,,,,,,,,
61,,,,,,,,,,18549,0.0023242647293955088,,,,,,,,
,,,,,,,,,7.753135313531353e-07,18554,,,,,,,,,
61,,,,,,,,,,18554,0.004487161990255117,,,,,,,,
,,,,,,,,,7.749834983498349e-07,18559,,,,,,,,,
61,,,,,,,,,,18559,0.003622228279709816,,,,,,,,
,,,,,,,,,7.746534653465347e-07,18564,,,,,,,,,
61,,,,,,,,,,18564,0.04676072299480438,,,,,,,,
,,,,,,,,,7.743234323432343e-07,18569,,,,,,,,,
61,,,,,,,,,,18569,0.02943611517548561,,,,,,,,
,,,,,,,,,7.739933993399339e-07,18574,,,,,,,,,
61,,,,,,,,,,18574,0.003909444902092218,,,,,,,,
,,,,,,,,,7.736633663366336e-07,18579,,,,,,,,,
61,,,,,,,,,,18579,0.01307762786746025,,,,,,,,
,,,,,,,,,7.733333333333333e-07,18584,,,,,,,,,
61,,,,,,,,,,18584,0.0017621141159906983,,,,,,,,
,,,,,,,,,7.730033003300329e-07,18589,,,,,,,,,
61,,,,,,,,,,18589,0.04109955206513405,,,,,,,,
,,,,,,,,,7.726732673267326e-07,18594,,,,,,,,,
61,,,,,,,,,,18594,0.00775457639247179,,,,,,,,
,,,,,,,,,7.723432343234322e-07,18599,,,,,,,,,
61,,,,,,,,,,18599,0.010488762520253658,,,,,,,,
,,,,,,,,,7.720132013201319e-07,18604,,,,,,,,,
61,,,,,,,,,,18604,0.013026542030274868,,,,,,,,
,,,,,,,,,7.716831683168317e-07,18609,,,,,,,,,
61,,,,,,,,,,18609,0.0031767156906425953,,,,,,,,
,,,,,,,,,7.713531353135313e-07,18614,,,,,,,,,
61,,,,,,,,,,18614,0.021760515868663788,,,,,,,,
,,,,,,,,,7.71023102310231e-07,18619,,,,,,,,,
61,,,,,,,,,,18619,0.010106010362505913,,,,,,,,
,,,,,,,,,7.706930693069307e-07,18624,,,,,,,,,
61,,,,,,,,,,18624,0.02303352765738964,,,,,,,,
,,,,,,,,,7.703630363036303e-07,18629,,,,,,,,,
61,,,,,,,,,,18629,0.00352247036062181,,,,,,,,
,,,,,,,,,7.7003300330033e-07,18634,,,,,,,,,
61,,,,,,,,,,18634,0.013892351649701595,,,,,,,,
,,,,,,,,,7.697029702970297e-07,18639,,,,,,,,,
61,,,,,,,,,,18639,0.009481079876422882,,,,,,,,
,,,,,,,,,7.693729372937293e-07,18644,,,,,,,,,
61,,,,,,,,,,18644,0.010481070727109909,,,,,,,,
,,,,,,,,,7.69042904290429e-07,18649,,,,,,,,,
61,,,,,,,,,,18649,0.046063296496868134,,,,,,,,
,,,,,,,,,7.687128712871286e-07,18654,,,,,,,,,
61,,,,,,,,,,18654,0.01498658861964941,,,,,,,,
,,,,,,,,,7.683828382838284e-07,18659,,,,,,,,,
61,,,,,,,,,,18659,0.03986923396587372,,,,,,,,
,,,,,,,,,7.680528052805281e-07,18664,,,,,,,,,
61,,,,,,,,,,18664,0.006815084256231785,,,,,,,,
,,,,,,,,,7.677227722772277e-07,18669,,,,,,,,,
61,,,,,,,,,,18669,0.019638309255242348,,,,,,,,
,,,,,,,,,7.673927392739274e-07,18674,,,,,,,,,
61,,,,,,,,,,18674,0.015134953893721104,,,,,,,,
,,,,,,,,,7.670627062706271e-07,18679,,,,,,,,,
61,,,,,,,,,,18679,0.01244108472019434,,,,,,,,
,,,,,,,,,7.667326732673267e-07,18684,,,,,,,,,
61,,,,,,,,,,18684,0.059347521513700485,,,,,,,,
,,,,,,,,,7.664026402640263e-07,18689,,,,,,,,,
61,,,,,,,,,,18689,0.018025899305939674,,,,,,,,
,,,,,,,,,7.660726072607261e-07,18694,,,,,,,,,
61,,,,,,,,,,18694,0.008534658700227737,,,,,,,,
,,,,,,,,,7.657425742574257e-07,18699,,,,,,,,,
61,,,,,,,,,,18699,0.01043669879436493,,,,,,,,
,,,,,,,,,7.654125412541253e-07,18704,,,,,,,,,
61,,,,,,,,,,18704,0.018094832077622414,,,,,,,,
,,,,,,,,,7.65082508250825e-07,18709,,,,,,,,,
61,,,,,,,,,,18709,0.005849059205502272,,,,,,,,
,,,,,,,,,7.647524752475248e-07,18714,,,,,,,,,
61,,,,,,,,,,18714,0.010664905421435833,,,,,,,,
,,,,,,,,,7.644224422442244e-07,18719,,,,,,,,,
61,,,,,,,,,,18719,0.01688825525343418,,,,,,,,
,,,,,,,,,7.640924092409241e-07,18724,,,,,,,,,
61,,,,,,,,,,18724,0.02993965707719326,,,,,,,,
,,,,,,,,,7.637623762376238e-07,18729,,,,,,,,,
61,,,,,,,,,,18729,0.0077581945806741714,,,,,,,,
,,,,,,,,,7.634323432343234e-07,18734,,,,,,,,,
61,,,,,,,,,,18734,0.023627769201993942,,,,,,,,
,,,,,,,,,7.631023102310231e-07,18739,,,,,,,,,
61,,,,,,,,,,18739,0.035343002527952194,,,,,,,,
,,,,,,,,,7.627722772277227e-07,18744,,,,,,,,,
61,,,,,,,,,,18744,0.013885298743844032,,,,,,,,
,,,,,,,,,7.624422442244224e-07,18749,,,,,,,,,
61,,,,,,,,,,18749,0.013102740980684757,,,,,,,,
,,,,,,,,,7.621122112211221e-07,18754,,,,,,,,,
61,,,,,,,,,,18754,0.0073210205882787704,,,,,,,,
,,,,,,,,,7.617821782178217e-07,18759,,,,,,,,,
61,,,,,,,,,,18759,0.022492697462439537,,,,,,,,
,,,,,,,,,7.614521452145213e-07,18764,,,,,,,,,
61,,,,,,,,,,18764,0.0064840661361813545,,,,,,,,
,,,,,,,,,7.611221122112212e-07,18769,,,,,,,,,
61,,,,,,,,,,18769,0.019508790224790573,,,,,,,,
,,,,,,,,,7.607920792079208e-07,18774,,,,,,,,,
61,,,,,,,,,,18774,0.0242211502045393,,,,,,,,
,,,,,,,,,7.604620462046204e-07,18779,,,,,,,,,
61,,,,,,,,,,18779,0.015404192730784416,,,,,,,,
,,,,,,,,,7.601320132013202e-07,18784,,,,,,,,,
61,,,,,,,,,,18784,0.01258791983127594,,,,,,,,
61,,,,,,,,,,18785,,0.675000011920929,0.7078651785850525,0.08329175412654877,0.08329175412654877,0.4116549491882324,0.7159090638160706,0.699999988079071,0.4177662134170532
,,,,,,,,,7.598019801980198e-07,18789,,,,,,,,,
62,,,,,,,,,,18789,0.0320543497800827,,,,,,,,
,,,,,,,,,7.594719471947194e-07,18794,,,,,,,,,
62,,,,,,,,,,18794,0.016718924045562744,,,,,,,,
,,,,,,,,,7.591419141914191e-07,18799,,,,,,,,,
62,,,,,,,,,,18799,0.0052659036591649055,,,,,,,,
,,,,,,,,,7.588118811881188e-07,18804,,,,,,,,,
62,,,,,,,,,,18804,0.016590308398008347,,,,,,,,
,,,,,,,,,7.584818481848184e-07,18809,,,,,,,,,
62,,,,,,,,,,18809,0.019636500626802444,,,,,,,,
,,,,,,,,,7.581518151815181e-07,18814,,,,,,,,,
62,,,,,,,,,,18814,0.014728390611708164,,,,,,,,
,,,,,,,,,7.578217821782177e-07,18819,,,,,,,,,
62,,,,,,,,,,18819,0.014292020350694656,,,,,,,,
,,,,,,,,,7.574917491749175e-07,18824,,,,,,,,,
62,,,,,,,,,,18824,0.015004105865955353,,,,,,,,
,,,,,,,,,7.571617161716172e-07,18829,,,,,,,,,
62,,,,,,,,,,18829,0.014761249534785748,,,,,,,,
,,,,,,,,,7.568316831683168e-07,18834,,,,,,,,,
62,,,,,,,,,,18834,0.0218238215893507,,,,,,,,
,,,,,,,,,7.565016501650165e-07,18839,,,,,,,,,
62,,,,,,,,,,18839,0.03169319033622742,,,,,,,,
,,,,,,,,,7.561716171617162e-07,18844,,,,,,,,,
62,,,,,,,,,,18844,0.020046664401888847,,,,,,,,
,,,,,,,,,7.558415841584158e-07,18849,,,,,,,,,
62,,,,,,,,,,18849,0.007494492921978235,,,,,,,,
,,,,,,,,,7.555115511551154e-07,18854,,,,,,,,,
62,,,,,,,,,,18854,0.006591410841792822,,,,,,,,
,,,,,,,,,7.551815181518152e-07,18859,,,,,,,,,
62,,,,,,,,,,18859,0.016998546198010445,,,,,,,,
,,,,,,,,,7.548514851485148e-07,18864,,,,,,,,,
62,,,,,,,,,,18864,0.013145209290087223,,,,,,,,
,,,,,,,,,7.545214521452144e-07,18869,,,,,,,,,
62,,,,,,,,,,18869,0.02226572483778,,,,,,,,
,,,,,,,,,7.541914191419142e-07,18874,,,,,,,,,
62,,,,,,,,,,18874,0.011821187101304531,,,,,,,,
,,,,,,,,,7.538613861386139e-07,18879,,,,,,,,,
62,,,,,,,,,,18879,0.0067810183390975,,,,,,,,
,,,,,,,,,7.535313531353135e-07,18884,,,,,,,,,
62,,,,,,,,,,18884,0.028594356030225754,,,,,,,,
,,,,,,,,,7.532013201320132e-07,18889,,,,,,,,,
62,,,,,,,,,,18889,0.015440146438777447,,,,,,,,
,,,,,,,,,7.528712871287129e-07,18894,,,,,,,,,
62,,,,,,,,,,18894,0.003967472817748785,,,,,,,,
,,,,,,,,,7.525412541254125e-07,18899,,,,,,,,,
62,,,,,,,,,,18899,0.0011885002022609115,,,,,,,,
,,,,,,,,,7.522112211221122e-07,18904,,,,,,,,,
62,,,,,,,,,,18904,0.01202182937413454,,,,,,,,
,,,,,,,,,7.518811881188118e-07,18909,,,,,,,,,
62,,,,,,,,,,18909,0.029797811061143875,,,,,,,,
,,,,,,,,,7.515511551155115e-07,18914,,,,,,,,,
62,,,,,,,,,,18914,0.026013368740677834,,,,,,,,
,,,,,,,,,7.512211221122112e-07,18919,,,,,,,,,
62,,,,,,,,,,18919,0.01113403495401144,,,,,,,,
,,,,,,,,,7.508910891089108e-07,18924,,,,,,,,,
62,,,,,,,,,,18924,0.0234055332839489,,,,,,,,
,,,,,,,,,7.505610561056105e-07,18929,,,,,,,,,
62,,,,,,,,,,18929,0.020577462390065193,,,,,,,,
,,,,,,,,,7.502310231023103e-07,18934,,,,,,,,,
62,,,,,,,,,,18934,0.030713515356183052,,,,,,,,
,,,,,,,,,7.499009900990099e-07,18939,,,,,,,,,
62,,,,,,,,,,18939,0.05121475085616112,,,,,,,,
,,,,,,,,,7.495709570957095e-07,18944,,,,,,,,,
62,,,,,,,,,,18944,0.00623983982950449,,,,,,,,
,,,,,,,,,7.492409240924093e-07,18949,,,,,,,,,
62,,,,,,,,,,18949,0.007273891940712929,,,,,,,,
,,,,,,,,,7.489108910891089e-07,18954,,,,,,,,,
62,,,,,,,,,,18954,0.016620168462395668,,,,,,,,
,,,,,,,,,7.485808580858085e-07,18959,,,,,,,,,
62,,,,,,,,,,18959,0.009868379682302475,,,,,,,,
,,,,,,,,,7.482508250825082e-07,18964,,,,,,,,,
62,,,,,,,,,,18964,0.03955971822142601,,,,,,,,
,,,,,,,,,7.479207920792079e-07,18969,,,,,,,,,
62,,,,,,,,,,18969,0.002347291447222233,,,,,,,,
,,,,,,,,,7.475907590759075e-07,18974,,,,,,,,,
62,,,,,,,,,,18974,0.001943319570273161,,,,,,,,
,,,,,,,,,7.472607260726072e-07,18979,,,,,,,,,
62,,,,,,,,,,18979,0.01226851250976324,,,,,,,,
,,,,,,,,,7.469306930693069e-07,18984,,,,,,,,,
62,,,,,,,,,,18984,0.026139726862311363,,,,,,,,
,,,,,,,,,7.466006600660066e-07,18989,,,,,,,,,
62,,,,,,,,,,18989,0.03258457034826279,,,,,,,,
,,,,,,,,,7.462706270627063e-07,18994,,,,,,,,,
62,,,,,,,,,,18994,0.014678135514259338,,,,,,,,
,,,,,,,,,7.459405940594059e-07,18999,,,,,,,,,
62,,,,,,,,,,18999,0.024815700948238373,,,,,,,,
,,,,,,,,,7.456105610561055e-07,19004,,,,,,,,,
62,,,,,,,,,,19004,0.004381923004984856,,,,,,,,
,,,,,,,,,7.452805280528053e-07,19009,,,,,,,,,
62,,,,,,,,,,19009,0.001435376820154488,,,,,,,,
,,,,,,,,,7.449504950495049e-07,19014,,,,,,,,,
62,,,,,,,,,,19014,0.0246265921741724,,,,,,,,
,,,,,,,,,7.446204620462045e-07,19019,,,,,,,,,
62,,,,,,,,,,19019,0.0017992607317864895,,,,,,,,
,,,,,,,,,7.442904290429043e-07,19024,,,,,,,,,
62,,,,,,,,,,19024,0.01938808523118496,,,,,,,,
,,,,,,,,,7.439603960396039e-07,19029,,,,,,,,,
62,,,,,,,,,,19029,0.011580632999539375,,,,,,,,
,,,,,,,,,7.436303630363035e-07,19034,,,,,,,,,
62,,,,,,,,,,19034,0.02920214831829071,,,,,,,,
,,,,,,,,,7.433003300330033e-07,19039,,,,,,,,,
62,,,,,,,,,,19039,0.021067656576633453,,,,,,,,
,,,,,,,,,7.42970297029703e-07,19044,,,,,,,,,
62,,,,,,,,,,19044,0.0118174459785223,,,,,,,,
,,,,,,,,,7.426402640264026e-07,19049,,,,,,,,,
62,,,,,,,,,,19049,0.022324297577142715,,,,,,,,
,,,,,,,,,7.423102310231023e-07,19054,,,,,,,,,
62,,,,,,,,,,19054,0.002894557313993573,,,,,,,,
,,,,,,,,,7.419801980198019e-07,19059,,,,,,,,,
62,,,,,,,,,,19059,0.014899943955242634,,,,,,,,
,,,,,,,,,7.416501650165016e-07,19064,,,,,,,,,
62,,,,,,,,,,19064,0.022233491763472557,,,,,,,,
,,,,,,,,,7.413201320132013e-07,19069,,,,,,,,,
62,,,,,,,,,,19069,0.008013726212084293,,,,,,,,
,,,,,,,,,7.409900990099009e-07,19074,,,,,,,,,
62,,,,,,,,,,19074,0.004731560125946999,,,,,,,,
,,,,,,,,,7.406600660066005e-07,19079,,,,,,,,,
62,,,,,,,,,,19079,0.016372673213481903,,,,,,,,
,,,,,,,,,7.403300330033003e-07,19084,,,,,,,,,
62,,,,,,,,,,19084,0.006859026849269867,,,,,,,,
62,,,,,,,,,,19088,,0.668749988079071,0.7071823477745056,0.0834440290927887,0.0834440290927887,0.41186001896858215,0.7032967209815979,0.7111111283302307,0.41802141070365906
,,,,,,,,,7.4e-07,19089,,,,,,,,,
63,,,,,,,,,,19089,0.006462577730417252,,,,,,,,
,,,,,,,,,7.396699669966996e-07,19094,,,,,,,,,
63,,,,,,,,,,19094,0.005710356868803501,,,,,,,,
,,,,,,,,,7.393399339933994e-07,19099,,,,,,,,,
63,,,,,,,,,,19099,0.0059454781003296375,,,,,,,,
,,,,,,,,,7.39009900990099e-07,19104,,,,,,,,,
63,,,,,,,,,,19104,0.020650113001465797,,,,,,,,
,,,,,,,,,7.386798679867986e-07,19109,,,,,,,,,
63,,,,,,,,,,19109,0.004929911345243454,,,,,,,,
,,,,,,,,,7.383498349834983e-07,19114,,,,,,,,,
63,,,,,,,,,,19114,0.023784926161170006,,,,,,,,
,,,,,,,,,7.38019801980198e-07,19119,,,,,,,,,
63,,,,,,,,,,19119,0.017144300043582916,,,,,,,,
,,,,,,,,,7.376897689768976e-07,19124,,,,,,,,,
63,,,,,,,,,,19124,0.012205773033201694,,,,,,,,
,,,,,,,,,7.373597359735973e-07,19129,,,,,,,,,
63,,,,,,,,,,19129,0.014919576235115528,,,,,,,,
,,,,,,,,,7.37029702970297e-07,19134,,,,,,,,,
63,,,,,,,,,,19134,0.011901323683559895,,,,,,,,
,,,,,,,,,7.366996699669966e-07,19139,,,,,,,,,
63,,,,,,,,,,19139,0.02740500681102276,,,,,,,,
,,,,,,,,,7.363696369636964e-07,19144,,,,,,,,,
63,,,,,,,,,,19144,0.016292335465550423,,,,,,,,
,,,,,,,,,7.36039603960396e-07,19149,,,,,,,,,
63,,,,,,,,,,19149,0.01124956738203764,,,,,,,,
,,,,,,,,,7.357095709570957e-07,19154,,,,,,,,,
63,,,,,,,,,,19154,0.005914765410125256,,,,,,,,
,,,,,,,,,7.353795379537954e-07,19159,,,,,,,,,
63,,,,,,,,,,19159,0.01685633696615696,,,,,,,,
,,,,,,,,,7.35049504950495e-07,19164,,,,,,,,,
63,,,,,,,,,,19164,0.02439820021390915,,,,,,,,
,,,,,,,,,7.347194719471946e-07,19169,,,,,,,,,
63,,,,,,,,,,19169,0.007497685495764017,,,,,,,,
,,,,,,,,,7.343894389438944e-07,19174,,,,,,,,,
63,,,,,,,,,,19174,0.015677008777856827,,,,,,,,
,,,,,,,,,7.34059405940594e-07,19179,,,,,,,,,
63,,,,,,,,,,19179,0.008723460137844086,,,,,,,,
,,,,,,,,,7.337293729372936e-07,19184,,,,,,,,,
63,,,,,,,,,,19184,0.003208161098882556,,,,,,,,
,,,,,,,,,7.333993399339933e-07,19189,,,,,,,,,
63,,,,,,,,,,19189,0.006836464628577232,,,,,,,,
,,,,,,,,,7.33069306930693e-07,19194,,,,,,,,,
63,,,,,,,,,,19194,0.03689797967672348,,,,,,,,
,,,,,,,,,7.327392739273927e-07,19199,,,,,,,,,
63,,,,,,,,,,19199,0.005137270782142878,,,,,,,,
,,,,,,,,,7.324092409240924e-07,19204,,,,,,,,,
63,,,,,,,,,,19204,0.04157937318086624,,,,,,,,
,,,,,,,,,7.320792079207921e-07,19209,,,,,,,,,
63,,,,,,,,,,19209,0.008306923322379589,,,,,,,,
,,,,,,,,,7.317491749174917e-07,19214,,,,,,,,,
63,,,,,,,,,,19214,0.04867918789386749,,,,,,,,
,,,,,,,,,7.314191419141914e-07,19219,,,,,,,,,
63,,,,,,,,,,19219,0.02172376587986946,,,,,,,,
,,,,,,,,,7.31089108910891e-07,19224,,,,,,,,,
63,,,,,,,,,,19224,0.03541252017021179,,,,,,,,
,,,,,,,,,7.307590759075907e-07,19229,,,,,,,,,
63,,,,,,,,,,19229,0.008187605999410152,,,,,,,,
,,,,,,,,,7.304290429042904e-07,19234,,,,,,,,,
63,,,,,,,,,,19234,0.004890398122370243,,,,,,,,
,,,,,,,,,7.3009900990099e-07,19239,,,,,,,,,
63,,,,,,,,,,19239,0.009789228439331055,,,,,,,,
,,,,,,,,,7.297689768976896e-07,19244,,,,,,,,,
63,,,,,,,,,,19244,0.01854836754500866,,,,,,,,
,,,,,,,,,7.294389438943895e-07,19249,,,,,,,,,
63,,,,,,,,,,19249,0.015325968153774738,,,,,,,,
,,,,,,,,,7.291089108910891e-07,19254,,,,,,,,,
63,,,,,,,,,,19254,0.014210781082510948,,,,,,,,
,,,,,,,,,7.287788778877888e-07,19259,,,,,,,,,
63,,,,,,,,,,19259,0.03614315018057823,,,,,,,,
,,,,,,,,,7.284488448844885e-07,19264,,,,,,,,,
63,,,,,,,,,,19264,0.02075507678091526,,,,,,,,
,,,,,,,,,7.281188118811881e-07,19269,,,,,,,,,
63,,,,,,,,,,19269,0.024859605357050896,,,,,,,,
,,,,,,,,,7.277887788778878e-07,19274,,,,,,,,,
63,,,,,,,,,,19274,0.00941542536020279,,,,,,,,
,,,,,,,,,7.274587458745874e-07,19279,,,,,,,,,
63,,,,,,,,,,19279,0.002242553047835827,,,,,,,,
,,,,,,,,,7.271287128712871e-07,19284,,,,,,,,,
63,,,,,,,,,,19284,0.008272887207567692,,,,,,,,
,,,,,,,,,7.267986798679868e-07,19289,,,,,,,,,
63,,,,,,,,,,19289,0.02317318320274353,,,,,,,,
,,,,,,,,,7.264686468646864e-07,19294,,,,,,,,,
63,,,,,,,,,,19294,0.030847344547510147,,,,,,,,
,,,,,,,,,7.26138613861386e-07,19299,,,,,,,,,
63,,,,,,,,,,19299,0.01388601679354906,,,,,,,,
,,,,,,,,,7.258085808580859e-07,19304,,,,,,,,,
63,,,,,,,,,,19304,0.0036477819085121155,,,,,,,,
,,,,,,,,,7.254785478547855e-07,19309,,,,,,,,,
63,,,,,,,,,,19309,0.012981997802853584,,,,,,,,
,,,,,,,,,7.251485148514851e-07,19314,,,,,,,,,
63,,,,,,,,,,19314,0.05609225854277611,,,,,,,,
,,,,,,,,,7.248184818481849e-07,19319,,,,,,,,,
63,,,,,,,,,,19319,0.008828306570649147,,,,,,,,
,,,,,,,,,7.244884488448845e-07,19324,,,,,,,,,
63,,,,,,,,,,19324,0.005531146191060543,,,,,,,,
,,,,,,,,,7.241584158415841e-07,19329,,,,,,,,,
63,,,,,,,,,,19329,0.005742491222918034,,,,,,,,
,,,,,,,,,7.238283828382838e-07,19334,,,,,,,,,
63,,,,,,,,,,19334,0.01880537159740925,,,,,,,,
,,,,,,,,,7.234983498349835e-07,19339,,,,,,,,,
63,,,,,,,,,,19339,0.007222105748951435,,,,,,,,
,,,,,,,,,7.231683168316831e-07,19344,,,,,,,,,
63,,,,,,,,,,19344,0.01953592710196972,,,,,,,,
,,,,,,,,,7.228382838283828e-07,19349,,,,,,,,,
63,,,,,,,,,,19349,0.05018787831068039,,,,,,,,
,,,,,,,,,7.225082508250824e-07,19354,,,,,,,,,
63,,,,,,,,,,19354,0.018771082162857056,,,,,,,,
,,,,,,,,,7.221782178217822e-07,19359,,,,,,,,,
63,,,,,,,,,,19359,0.017190447077155113,,,,,,,,
,,,,,,,,,7.218481848184819e-07,19364,,,,,,,,,
63,,,,,,,,,,19364,0.032353293150663376,,,,,,,,
,,,,,,,,,7.215181518151815e-07,19369,,,,,,,,,
63,,,,,,,,,,19369,0.030718224123120308,,,,,,,,
,,,,,,,,,7.211881188118811e-07,19374,,,,,,,,,
63,,,,,,,,,,19374,0.037574272602796555,,,,,,,,
,,,,,,,,,7.208580858085809e-07,19379,,,,,,,,,
63,,,,,,,,,,19379,0.0651877298951149,,,,,,,,
,,,,,,,,,7.205280528052805e-07,19384,,,,,,,,,
63,,,,,,,,,,19384,0.014787445776164532,,,,,,,,
,,,,,,,,,7.201980198019801e-07,19389,,,,,,,,,
63,,,,,,,,,,19389,0.013804852962493896,,,,,,,,
63,,,,,,,,,,19391,,0.6625000238418579,0.7096773982048035,0.0852028876543045,0.0852028876543045,0.40904685854911804,0.6875,0.7333333492279053,0.41051822900772095
,,,,,,,,,7.198679867986799e-07,19394,,,,,,,,,
64,,,,,,,,,,19394,0.014821370132267475,,,,,,,,
,,,,,,,,,7.195379537953795e-07,19399,,,,,,,,,
64,,,,,,,,,,19399,0.030064629390835762,,,,,,,,
,,,,,,,,,7.192079207920791e-07,19404,,,,,,,,,
64,,,,,,,,,,19404,0.022492896765470505,,,,,,,,
,,,,,,,,,7.188778877887788e-07,19409,,,,,,,,,
64,,,,,,,,,,19409,0.009191843681037426,,,,,,,,
,,,,,,,,,7.185478547854786e-07,19414,,,,,,,,,
64,,,,,,,,,,19414,0.009290674701333046,,,,,,,,
,,,,,,,,,7.182178217821782e-07,19419,,,,,,,,,
64,,,,,,,,,,19419,0.007034725975245237,,,,,,,,
,,,,,,,,,7.178877887788779e-07,19424,,,,,,,,,
64,,,,,,,,,,19424,0.004561468027532101,,,,,,,,
,,,,,,,,,7.175577557755775e-07,19429,,,,,,,,,
64,,,,,,,,,,19429,0.017667360603809357,,,,,,,,
,,,,,,,,,7.172277227722772e-07,19434,,,,,,,,,
64,,,,,,,,,,19434,0.011283615604043007,,,,,,,,
,,,,,,,,,7.168976897689769e-07,19439,,,,,,,,,
64,,,,,,,,,,19439,0.0022737858816981316,,,,,,,,
,,,,,,,,,7.165676567656765e-07,19444,,,,,,,,,
64,,,,,,,,,,19444,0.00411924859508872,,,,,,,,
,,,,,,,,,7.162376237623762e-07,19449,,,,,,,,,
64,,,,,,,,,,19449,0.01840350404381752,,,,,,,,
,,,,,,,,,7.159075907590759e-07,19454,,,,,,,,,
64,,,,,,,,,,19454,0.01429064478725195,,,,,,,,
,,,,,,,,,7.155775577557755e-07,19459,,,,,,,,,
64,,,,,,,,,,19459,0.006463786121457815,,,,,,,,
,,,,,,,,,7.152475247524751e-07,19464,,,,,,,,,
64,,,,,,,,,,19464,0.007625283673405647,,,,,,,,
,,,,,,,,,7.14917491749175e-07,19469,,,,,,,,,
64,,,,,,,,,,19469,0.015142246149480343,,,,,,,,
,,,,,,,,,7.145874587458746e-07,19474,,,,,,,,,
64,,,,,,,,,,19474,0.024615509435534477,,,,,,,,
,,,,,,,,,7.142574257425742e-07,19479,,,,,,,,,
64,,,,,,,,,,19479,0.03657645359635353,,,,,,,,
,,,,,,,,,7.13927392739274e-07,19484,,,,,,,,,
64,,,,,,,,,,19484,0.012626729905605316,,,,,,,,
,,,,,,,,,7.135973597359736e-07,19489,,,,,,,,,
64,,,,,,,,,,19489,0.003594054142013192,,,,,,,,
,,,,,,,,,7.132673267326732e-07,19494,,,,,,,,,
64,,,,,,,,,,19494,0.011483979411423206,,,,,,,,
,,,,,,,,,7.129372937293729e-07,19499,,,,,,,,,
64,,,,,,,,,,19499,0.018039358779788017,,,,,,,,
,,,,,,,,,7.126072607260726e-07,19504,,,,,,,,,
64,,,,,,,,,,19504,0.038512084633111954,,,,,,,,
,,,,,,,,,7.122772277227722e-07,19509,,,,,,,,,
64,,,,,,,,,,19509,0.020912760868668556,,,,,,,,
,,,,,,,,,7.119471947194719e-07,19514,,,,,,,,,
64,,,,,,,,,,19514,0.018951594829559326,,,,,,,,
,,,,,,,,,7.116171617161716e-07,19519,,,,,,,,,
64,,,,,,,,,,19519,0.008147469721734524,,,,,,,,
,,,,,,,,,7.112871287128713e-07,19524,,,,,,,,,
64,,,,,,,,,,19524,0.026152867823839188,,,,,,,,
,,,,,,,,,7.10957095709571e-07,19529,,,,,,,,,
64,,,,,,,,,,19529,0.008665558882057667,,,,,,,,
,,,,,,,,,7.106270627062706e-07,19534,,,,,,,,,
64,,,,,,,,,,19534,0.016037315130233765,,,,,,,,
,,,,,,,,,7.102970297029702e-07,19539,,,,,,,,,
64,,,,,,,,,,19539,0.025264820083975792,,,,,,,,
,,,,,,,,,7.0996699669967e-07,19544,,,,,,,,,
64,,,,,,,,,,19544,0.026756158098578453,,,,,,,,
,,,,,,,,,7.096369636963696e-07,19549,,,,,,,,,
64,,,,,,,,,,19549,0.0034497890155762434,,,,,,,,
,,,,,,,,,7.093069306930692e-07,19554,,,,,,,,,
64,,,,,,,,,,19554,0.025710495188832283,,,,,,,,
,,,,,,,,,7.08976897689769e-07,19559,,,,,,,,,
64,,,,,,,,,,19559,0.009225375019013882,,,,,,,,
,,,,,,,,,7.086468646864686e-07,19564,,,,,,,,,
64,,,,,,,,,,19564,0.0017173136584460735,,,,,,,,
,,,,,,,,,7.083168316831682e-07,19569,,,,,,,,,
64,,,,,,,,,,19569,0.020339608192443848,,,,,,,,
,,,,,,,,,7.07986798679868e-07,19574,,,,,,,,,
64,,,,,,,,,,19574,0.01558930054306984,,,,,,,,
,,,,,,,,,7.076567656765677e-07,19579,,,,,,,,,
64,,,,,,,,,,19579,0.014739076606929302,,,,,,,,
,,,,,,,,,7.073267326732673e-07,19584,,,,,,,,,
64,,,,,,,,,,19584,0.010145283304154873,,,,,,,,
,,,,,,,,,7.06996699669967e-07,19589,,,,,,,,,
64,,,,,,,,,,19589,0.017302893102169037,,,,,,,,
,,,,,,,,,7.066666666666666e-07,19594,,,,,,,,,
64,,,,,,,,,,19594,0.019793033599853516,,,,,,,,
,,,,,,,,,7.063366336633663e-07,19599,,,,,,,,,
64,,,,,,,,,,19599,0.01642872393131256,,,,,,,,
,,,,,,,,,7.06006600660066e-07,19604,,,,,,,,,
64,,,,,,,,,,19604,0.017293337732553482,,,,,,,,
,,,,,,,,,7.056765676567656e-07,19609,,,,,,,,,
64,,,,,,,,,,19609,0.009354210458695889,,,,,,,,
,,,,,,,,,7.053465346534652e-07,19614,,,,,,,,,
64,,,,,,,,,,19614,0.022026319056749344,,,,,,,,
,,,,,,,,,7.05016501650165e-07,19619,,,,,,,,,
64,,,,,,,,,,19619,0.0033335338812321424,,,,,,,,
,,,,,,,,,7.046864686468646e-07,19624,,,,,,,,,
64,,,,,,,,,,19624,0.01680460385978222,,,,,,,,
,,,,,,,,,7.043564356435643e-07,19629,,,,,,,,,
64,,,,,,,,,,19629,0.0042806039564311504,,,,,,,,
,,,,,,,,,7.040264026402641e-07,19634,,,,,,,,,
64,,,,,,,,,,19634,0.013095919042825699,,,,,,,,
,,,,,,,,,7.036963696369637e-07,19639,,,,,,,,,
64,,,,,,,,,,19639,0.021081548184156418,,,,,,,,
,,,,,,,,,7.033663366336633e-07,19644,,,,,,,,,
64,,,,,,,,,,19644,0.005002300255000591,,,,,,,,
,,,,,,,,,7.03036303630363e-07,19649,,,,,,,,,
64,,,,,,,,,,19649,0.005393768660724163,,,,,,,,
,,,,,,,,,7.027062706270627e-07,19654,,,,,,,,,
64,,,,,,,,,,19654,0.017907660454511642,,,,,,,,
,,,,,,,,,7.023762376237623e-07,19659,,,,,,,,,
64,,,,,,,,,,19659,0.005836096592247486,,,,,,,,
,,,,,,,,,7.02046204620462e-07,19664,,,,,,,,,
64,,,,,,,,,,19664,0.0193533543497324,,,,,,,,
,,,,,,,,,7.017161716171616e-07,19669,,,,,,,,,
64,,,,,,,,,,19669,0.003265331033617258,,,,,,,,
,,,,,,,,,7.013861386138613e-07,19674,,,,,,,,,
64,,,,,,,,,,19674,0.01389317587018013,,,,,,,,
,,,,,,,,,7.010561056105611e-07,19679,,,,,,,,,
64,,,,,,,,,,19679,0.05199728533625603,,,,,,,,
,,,,,,,,,7.007260726072607e-07,19684,,,,,,,,,
64,,,,,,,,,,19684,0.015459902584552765,,,,,,,,
,,,,,,,,,7.003960396039604e-07,19689,,,,,,,,,
64,,,,,,,,,,19689,0.010294340550899506,,,,,,,,
,,,,,,,,,7.000660066006601e-07,19694,,,,,,,,,
64,,,,,,,,,,19694,0.007780028972774744,,,,,,,,
64,,,,,,,,,,19694,,0.675000011920929,0.7263157963752747,0.08445598185062408,0.08445598185062408,0.41444215178489685,0.6899999976158142,0.7666666507720947,0.413895845413208
,,,,,,,,,6.997359735973597e-07,19699,,,,,,,,,
65,,,,,,,,,,19699,0.013449029996991158,,,,,,,,
,,,,,,,,,6.994059405940593e-07,19704,,,,,,,,,
65,,,,,,,,,,19704,0.03936358168721199,,,,,,,,
,,,,,,,,,6.990759075907591e-07,19709,,,,,,,,,
65,,,,,,,,,,19709,0.010078058578073978,,,,,,,,
,,,,,,,,,6.987458745874587e-07,19714,,,,,,,,,
65,,,,,,,,,,19714,0.015311993658542633,,,,,,,,
,,,,,,,,,6.984158415841583e-07,19719,,,,,,,,,
65,,,,,,,,,,19719,0.0072762309573590755,,,,,,,,
,,,,,,,,,6.98085808580858e-07,19724,,,,,,,,,
65,,,,,,,,,,19724,0.006025013513863087,,,,,,,,
,,,,,,,,,6.977557755775577e-07,19729,,,,,,,,,
65,,,,,,,,,,19729,0.027122633531689644,,,,,,,,
,,,,,,,,,6.974257425742574e-07,19734,,,,,,,,,
65,,,,,,,,,,19734,0.055986665189266205,,,,,,,,
,,,,,,,,,6.970957095709571e-07,19739,,,,,,,,,
65,,,,,,,,,,19739,0.006119794212281704,,,,,,,,
,,,,,,,,,6.967656765676568e-07,19744,,,,,,,,,
65,,,,,,,,,,19744,0.004495804198086262,,,,,,,,
,,,,,,,,,6.964356435643564e-07,19749,,,,,,,,,
65,,,,,,,,,,19749,0.03806255757808685,,,,,,,,
,,,,,,,,,6.961056105610561e-07,19754,,,,,,,,,
65,,,,,,,,,,19754,0.02499830164015293,,,,,,,,
,,,,,,,,,6.957755775577557e-07,19759,,,,,,,,,
65,,,,,,,,,,19759,0.015868671238422394,,,,,,,,
,,,,,,,,,6.954455445544554e-07,19764,,,,,,,,,
65,,,,,,,,,,19764,0.01650787889957428,,,,,,,,
,,,,,,,,,6.951155115511551e-07,19769,,,,,,,,,
65,,,,,,,,,,19769,0.022727925330400467,,,,,,,,
,,,,,,,,,6.947854785478547e-07,19774,,,,,,,,,
65,,,,,,,,,,19774,0.035467155277729034,,,,,,,,
,,,,,,,,,6.944554455445543e-07,19779,,,,,,,,,
65,,,,,,,,,,19779,0.017022406682372093,,,,,,,,
,,,,,,,,,6.941254125412541e-07,19784,,,,,,,,,
65,,,,,,,,,,19784,0.0072205257602036,,,,,,,,
,,,,,,,,,6.937953795379538e-07,19789,,,,,,,,,
65,,,,,,,,,,19789,0.04564317688345909,,,,,,,,
,,,,,,,,,6.934653465346534e-07,19794,,,,,,,,,
65,,,,,,,,,,19794,0.013300773687660694,,,,,,,,
,,,,,,,,,6.931353135313532e-07,19799,,,,,,,,,
65,,,,,,,,,,19799,0.021332798525691032,,,,,,,,
,,,,,,,,,6.928052805280528e-07,19804,,,,,,,,,
65,,,,,,,,,,19804,0.014757766388356686,,,,,,,,
,,,,,,,,,6.924752475247524e-07,19809,,,,,,,,,
65,,,,,,,,,,19809,0.005783296190202236,,,,,,,,
,,,,,,,,,6.921452145214521e-07,19814,,,,,,,,,
65,,,,,,,,,,19814,0.018059205263853073,,,,,,,,
,,,,,,,,,6.918151815181518e-07,19819,,,,,,,,,
65,,,,,,,,,,19819,0.0064245411194860935,,,,,,,,
,,,,,,,,,6.914851485148514e-07,19824,,,,,,,,,
65,,,,,,,,,,19824,0.02653028629720211,,,,,,,,
,,,,,,,,,6.911551155115511e-07,19829,,,,,,,,,
65,,,,,,,,,,19829,0.016738638281822205,,,,,,,,
,,,,,,,,,6.908250825082507e-07,19834,,,,,,,,,
65,,,,,,,,,,19834,0.006061850115656853,,,,,,,,
,,,,,,,,,6.904950495049504e-07,19839,,,,,,,,,
65,,,,,,,,,,19839,0.025884084403514862,,,,,,,,
,,,,,,,,,6.901650165016502e-07,19844,,,,,,,,,
65,,,,,,,,,,19844,0.026291383430361748,,,,,,,,
,,,,,,,,,6.898349834983498e-07,19849,,,,,,,,,
65,,,,,,,,,,19849,0.004033162724226713,,,,,,,,
,,,,,,,,,6.895049504950494e-07,19854,,,,,,,,,
65,,,,,,,,,,19854,0.011897138319909573,,,,,,,,
,,,,,,,,,6.891749174917492e-07,19859,,,,,,,,,
65,,,,,,,,,,19859,0.016945844516158104,,,,,,,,
,,,,,,,,,6.888448844884488e-07,19864,,,,,,,,,
65,,,,,,,,,,19864,0.0016590626910328865,,,,,,,,
,,,,,,,,,6.885148514851484e-07,19869,,,,,,,,,
65,,,,,,,,,,19869,0.009837113320827484,,,,,,,,
,,,,,,,,,6.881848184818482e-07,19874,,,,,,,,,
65,,,,,,,,,,19874,0.0042411754839122295,,,,,,,,
,,,,,,,,,6.878547854785478e-07,19879,,,,,,,,,
65,,,,,,,,,,19879,0.013534939847886562,,,,,,,,
,,,,,,,,,6.875247524752474e-07,19884,,,,,,,,,
65,,,,,,,,,,19884,0.01481807604432106,,,,,,,,
,,,,,,,,,6.871947194719471e-07,19889,,,,,,,,,
65,,,,,,,,,,19889,0.027780689299106598,,,,,,,,
,,,,,,,,,6.868646864686468e-07,19894,,,,,,,,,
65,,,,,,,,,,19894,0.010946921072900295,,,,,,,,
,,,,,,,,,6.865346534653466e-07,19899,,,,,,,,,
65,,,,,,,,,,19899,0.019072415307164192,,,,,,,,
,,,,,,,,,6.862046204620462e-07,19904,,,,,,,,,
65,,,,,,,,,,19904,0.026559880003333092,,,,,,,,
,,,,,,,,,6.858745874587458e-07,19909,,,,,,,,,
65,,,,,,,,,,19909,0.01440640538930893,,,,,,,,
,,,,,,,,,6.855445544554456e-07,19914,,,,,,,,,
65,,,,,,,,,,19914,0.01840439811348915,,,,,,,,
,,,,,,,,,6.852145214521452e-07,19919,,,,,,,,,
65,,,,,,,,,,19919,0.010316072031855583,,,,,,,,
,,,,,,,,,6.848844884488448e-07,19924,,,,,,,,,
65,,,,,,,,,,19924,0.01784949190914631,,,,,,,,
,,,,,,,,,6.845544554455446e-07,19929,,,,,,,,,
65,,,,,,,,,,19929,0.017974071204662323,,,,,,,,
,,,,,,,,,6.842244224422442e-07,19934,,,,,,,,,
65,,,,,,,,,,19934,0.008713392540812492,,,,,,,,
,,,,,,,,,6.838943894389438e-07,19939,,,,,,,,,
65,,,,,,,,,,19939,0.018049342557787895,,,,,,,,
,,,,,,,,,6.835643564356435e-07,19944,,,,,,,,,
65,,,,,,,,,,19944,0.006374642252922058,,,,,,,,
,,,,,,,,,6.832343234323433e-07,19949,,,,,,,,,
65,,,,,,,,,,19949,0.012984239496290684,,,,,,,,
,,,,,,,,,6.829042904290429e-07,19954,,,,,,,,,
65,,,,,,,,,,19954,0.02231067419052124,,,,,,,,
,,,,,,,,,6.825742574257426e-07,19959,,,,,,,,,
65,,,,,,,,,,19959,0.020667443051934242,,,,,,,,
,,,,,,,,,6.822442244224422e-07,19964,,,,,,,,,
65,,,,,,,,,,19964,0.011371451430022717,,,,,,,,
,,,,,,,,,6.819141914191419e-07,19969,,,,,,,,,
65,,,,,,,,,,19969,0.009181085042655468,,,,,,,,
,,,,,,,,,6.815841584158416e-07,19974,,,,,,,,,
65,,,,,,,,,,19974,0.03373854607343674,,,,,,,,
,,,,,,,,,6.812541254125412e-07,19979,,,,,,,,,
65,,,,,,,,,,19979,0.009665511548519135,,,,,,,,
,,,,,,,,,6.809240924092409e-07,19984,,,,,,,,,
65,,,,,,,,,,19984,0.01389903761446476,,,,,,,,
,,,,,,,,,6.805940594059406e-07,19989,,,,,,,,,
65,,,,,,,,,,19989,0.013198133558034897,,,,,,,,
,,,,,,,,,6.802640264026402e-07,19994,,,,,,,,,
65,,,,,,,,,,19994,0.020335163921117783,,,,,,,,
65,,,,,,,,,,19997,,0.65625,0.6961326003074646,0.08490104973316193,0.08490104973316193,0.40433546900749207,0.692307710647583,0.699999988079071,0.4088932275772095
,,,,,,,,,6.799339933993398e-07,19999,,,,,,,,,
66,,,,,,,,,,19999,0.004994808230549097,,,,,,,,
,,,,,,,,,6.796039603960397e-07,20004,,,,,,,,,
66,,,,,,,,,,20004,0.01550899725407362,,,,,,,,
,,,,,,,,,6.792739273927393e-07,20009,,,,,,,,,
66,,,,,,,,,,20009,0.0036199914757162333,,,,,,,,
,,,,,,,,,6.789438943894389e-07,20014,,,,,,,,,
66,,,,,,,,,,20014,0.005746819078922272,,,,,,,,
,,,,,,,,,6.786138613861386e-07,20019,,,,,,,,,
66,,,,,,,,,,20019,0.02812478318810463,,,,,,,,
,,,,,,,,,6.782838283828383e-07,20024,,,,,,,,,
66,,,,,,,,,,20024,0.04863179475069046,,,,,,,,
,,,,,,,,,6.779537953795379e-07,20029,,,,,,,,,
66,,,,,,,,,,20029,0.034215688705444336,,,,,,,,
,,,,,,,,,6.776237623762376e-07,20034,,,,,,,,,
66,,,,,,,,,,20034,0.015399111434817314,,,,,,,,
,,,,,,,,,6.772937293729373e-07,20039,,,,,,,,,
66,,,,,,,,,,20039,0.00976331252604723,,,,,,,,
,,,,,,,,,6.769636963696369e-07,20044,,,,,,,,,
66,,,,,,,,,,20044,0.0070199971087276936,,,,,,,,
,,,,,,,,,6.766336633663366e-07,20049,,,,,,,,,
66,,,,,,,,,,20049,0.01244976744055748,,,,,,,,
,,,,,,,,,6.763036303630362e-07,20054,,,,,,,,,
66,,,,,,,,,,20054,0.005692792125046253,,,,,,,,
,,,,,,,,,6.75973597359736e-07,20059,,,,,,,,,
66,,,,,,,,,,20059,0.0235632061958313,,,,,,,,
,,,,,,,,,6.756435643564357e-07,20064,,,,,,,,,
66,,,,,,,,,,20064,0.00964069738984108,,,,,,,,
,,,,,,,,,6.753135313531353e-07,20069,,,,,,,,,
66,,,,,,,,,,20069,0.013427205383777618,,,,,,,,
,,,,,,,,,6.749834983498349e-07,20074,,,,,,,,,
66,,,,,,,,,,20074,0.028410783037543297,,,,,,,,
,,,,,,,,,6.746534653465347e-07,20079,,,,,,,,,
66,,,,,,,,,,20079,0.012970225885510445,,,,,,,,
,,,,,,,,,6.743234323432343e-07,20084,,,,,,,,,
66,,,,,,,,,,20084,0.015962112694978714,,,,,,,,
,,,,,,,,,6.739933993399339e-07,20089,,,,,,,,,
66,,,,,,,,,,20089,0.03273680433630943,,,,,,,,
,,,,,,,,,6.736633663366337e-07,20094,,,,,,,,,
66,,,,,,,,,,20094,0.01868768036365509,,,,,,,,
,,,,,,,,,6.733333333333333e-07,20099,,,,,,,,,
66,,,,,,,,,,20099,0.014201447367668152,,,,,,,,
,,,,,,,,,6.730033003300329e-07,20104,,,,,,,,,
66,,,,,,,,,,20104,0.03309129551053047,,,,,,,,
,,,,,,,,,6.726732673267327e-07,20109,,,,,,,,,
66,,,,,,,,,,20109,0.018504483625292778,,,,,,,,
,,,,,,,,,6.723432343234324e-07,20114,,,,,,,,,
66,,,,,,,,,,20114,0.012439213693141937,,,,,,,,
,,,,,,,,,6.72013201320132e-07,20119,,,,,,,,,
66,,,,,,,,,,20119,0.017487196251749992,,,,,,,,
,,,,,,,,,6.716831683168317e-07,20124,,,,,,,,,
66,,,,,,,,,,20124,0.016587231308221817,,,,,,,,
,,,,,,,,,6.713531353135313e-07,20129,,,,,,,,,
66,,,,,,,,,,20129,0.02166183665394783,,,,,,,,
,,,,,,,,,6.71023102310231e-07,20134,,,,,,,,,
66,,,,,,,,,,20134,0.005622189026325941,,,,,,,,
,,,,,,,,,6.706930693069307e-07,20139,,,,,,,,,
66,,,,,,,,,,20139,0.011048435233533382,,,,,,,,
,,,,,,,,,6.703630363036303e-07,20144,,,,,,,,,
66,,,,,,,,,,20144,0.015050419606268406,,,,,,,,
,,,,,,,,,6.700330033003299e-07,20149,,,,,,,,,
66,,,,,,,,,,20149,0.006834082771092653,,,,,,,,
,,,,,,,,,6.697029702970297e-07,20154,,,,,,,,,
66,,,,,,,,,,20154,0.008994503878057003,,,,,,,,
,,,,,,,,,6.693729372937293e-07,20159,,,,,,,,,
66,,,,,,,,,,20159,0.008976348675787449,,,,,,,,
,,,,,,,,,6.69042904290429e-07,20164,,,,,,,,,
66,,,,,,,,,,20164,0.006850467063486576,,,,,,,,
,,,,,,,,,6.687128712871288e-07,20169,,,,,,,,,
66,,,,,,,,,,20169,0.008524886332452297,,,,,,,,
,,,,,,,,,6.683828382838284e-07,20174,,,,,,,,,
66,,,,,,,,,,20174,0.0283705722540617,,,,,,,,
,,,,,,,,,6.68052805280528e-07,20179,,,,,,,,,
66,,,,,,,,,,20179,0.012091416865587234,,,,,,,,
,,,,,,,,,6.677227722772277e-07,20184,,,,,,,,,
66,,,,,,,,,,20184,0.024550726637244225,,,,,,,,
,,,,,,,,,6.673927392739274e-07,20189,,,,,,,,,
66,,,,,,,,,,20189,0.016787128522992134,,,,,,,,
,,,,,,,,,6.67062706270627e-07,20194,,,,,,,,,
66,,,,,,,,,,20194,0.015336543321609497,,,,,,,,
,,,,,,,,,6.667326732673267e-07,20199,,,,,,,,,
66,,,,,,,,,,20199,0.0017972855130210519,,,,,,,,
,,,,,,,,,6.664026402640263e-07,20204,,,,,,,,,
66,,,,,,,,,,20204,0.017207002267241478,,,,,,,,
,,,,,,,,,6.66072607260726e-07,20209,,,,,,,,,
66,,,,,,,,,,20209,0.010823741555213928,,,,,,,,
,,,,,,,,,6.657425742574257e-07,20214,,,,,,,,,
66,,,,,,,,,,20214,0.003131301375105977,,,,,,,,
,,,,,,,,,6.654125412541254e-07,20219,,,,,,,,,
66,,,,,,,,,,20219,0.02367090992629528,,,,,,,,
,,,,,,,,,6.650825082508251e-07,20224,,,,,,,,,
66,,,,,,,,,,20224,0.01990300603210926,,,,,,,,
,,,,,,,,,6.647524752475248e-07,20229,,,,,,,,,
66,,,,,,,,,,20229,0.010328349657356739,,,,,,,,
,,,,,,,,,6.644224422442244e-07,20234,,,,,,,,,
66,,,,,,,,,,20234,0.05872142314910889,,,,,,,,
,,,,,,,,,6.64092409240924e-07,20239,,,,,,,,,
66,,,,,,,,,,20239,0.004520355723798275,,,,,,,,
,,,,,,,,,6.637623762376238e-07,20244,,,,,,,,,
66,,,,,,,,,,20244,0.012361908331513405,,,,,,,,
,,,,,,,,,6.634323432343234e-07,20249,,,,,,,,,
66,,,,,,,,,,20249,0.008606639690697193,,,,,,,,
,,,,,,,,,6.63102310231023e-07,20254,,,,,,,,,
66,,,,,,,,,,20254,0.009403959847986698,,,,,,,,
,,,,,,,,,6.627722772277227e-07,20259,,,,,,,,,
66,,,,,,,,,,20259,0.019629232585430145,,,,,,,,
,,,,,,,,,6.624422442244224e-07,20264,,,,,,,,,
66,,,,,,,,,,20264,0.005337308626621962,,,,,,,,
,,,,,,,,,6.62112211221122e-07,20269,,,,,,,,,
66,,,,,,,,,,20269,0.033033985644578934,,,,,,,,
,,,,,,,,,6.617821782178218e-07,20274,,,,,,,,,
66,,,,,,,,,,20274,0.012275653891265392,,,,,,,,
,,,,,,,,,6.614521452145215e-07,20279,,,,,,,,,
66,,,,,,,,,,20279,0.024874849244952202,,,,,,,,
,,,,,,,,,6.611221122112211e-07,20284,,,,,,,,,
66,,,,,,,,,,20284,0.031555693596601486,,,,,,,,
,,,,,,,,,6.607920792079208e-07,20289,,,,,,,,,
66,,,,,,,,,,20289,0.019986899569630623,,,,,,,,
,,,,,,,,,6.604620462046204e-07,20294,,,,,,,,,
66,,,,,,,,,,20294,0.015623809769749641,,,,,,,,
,,,,,,,,,6.601320132013201e-07,20299,,,,,,,,,
66,,,,,,,,,,20299,0.015385235659778118,,,,,,,,
66,,,,,,,,,,20300,,0.668749988079071,0.7103825211524963,0.08498653024435043,0.08498653024435043,0.4016484022140503,0.698924720287323,0.7222222089767456,0.4093170762062073
,,,,,,,,,6.598019801980198e-07,20304,,,,,,,,,
67,,,,,,,,,,20304,0.00918731652200222,,,,,,,,
,,,,,,,,,6.594719471947194e-07,20309,,,,,,,,,
67,,,,,,,,,,20309,0.024504216387867928,,,,,,,,
,,,,,,,,,6.59141914191419e-07,20314,,,,,,,,,
67,,,,,,,,,,20314,0.01957525685429573,,,,,,,,
,,,,,,,,,6.588118811881188e-07,20319,,,,,,,,,
67,,,,,,,,,,20319,0.012129358015954494,,,,,,,,
,,,,,,,,,6.584818481848185e-07,20324,,,,,,,,,
67,,,,,,,,,,20324,0.004795692395418882,,,,,,,,
,,,,,,,,,6.581518151815181e-07,20329,,,,,,,,,
67,,,,,,,,,,20329,0.02953236736357212,,,,,,,,
,,,,,,,,,6.578217821782179e-07,20334,,,,,,,,,
67,,,,,,,,,,20334,0.001670606667175889,,,,,,,,
,,,,,,,,,6.574917491749175e-07,20339,,,,,,,,,
67,,,,,,,,,,20339,0.011616120114922523,,,,,,,,
,,,,,,,,,6.571617161716171e-07,20344,,,,,,,,,
67,,,,,,,,,,20344,0.02375010959804058,,,,,,,,
,,,,,,,,,6.568316831683168e-07,20349,,,,,,,,,
67,,,,,,,,,,20349,0.03659149259328842,,,,,,,,
,,,,,,,,,6.565016501650165e-07,20354,,,,,,,,,
67,,,,,,,,,,20354,0.01695968210697174,,,,,,,,
,,,,,,,,,6.561716171617161e-07,20359,,,,,,,,,
67,,,,,,,,,,20359,0.014021123759448528,,,,,,,,
,,,,,,,,,6.558415841584158e-07,20364,,,,,,,,,
67,,,,,,,,,,20364,0.012327933683991432,,,,,,,,
,,,,,,,,,6.555115511551154e-07,20369,,,,,,,,,
67,,,,,,,,,,20369,0.009816426783800125,,,,,,,,
,,,,,,,,,6.551815181518151e-07,20374,,,,,,,,,
67,,,,,,,,,,20374,0.004716924857348204,,,,,,,,
,,,,,,,,,6.548514851485149e-07,20379,,,,,,,,,
67,,,,,,,,,,20379,0.016654498875141144,,,,,,,,
,,,,,,,,,6.545214521452145e-07,20384,,,,,,,,,
67,,,,,,,,,,20384,0.009524017572402954,,,,,,,,
,,,,,,,,,6.541914191419141e-07,20389,,,,,,,,,
67,,,,,,,,,,20389,0.006954976357519627,,,,,,,,
,,,,,,,,,6.538613861386139e-07,20394,,,,,,,,,
67,,,,,,,,,,20394,0.01692846603691578,,,,,,,,
,,,,,,,,,6.535313531353135e-07,20399,,,,,,,,,
67,,,,,,,,,,20399,0.0084280576556921,,,,,,,,
,,,,,,,,,6.532013201320131e-07,20404,,,,,,,,,
67,,,,,,,,,,20404,0.015513083897531033,,,,,,,,
,,,,,,,,,6.528712871287129e-07,20409,,,,,,,,,
67,,,,,,,,,,20409,0.013519492000341415,,,,,,,,
,,,,,,,,,6.525412541254125e-07,20414,,,,,,,,,
67,,,,,,,,,,20414,0.007010422181338072,,,,,,,,
,,,,,,,,,6.522112211221121e-07,20419,,,,,,,,,
67,,,,,,,,,,20419,0.014918631874024868,,,,,,,,
,,,,,,,,,6.518811881188118e-07,20424,,,,,,,,,
67,,,,,,,,,,20424,0.019015302881598473,,,,,,,,
,,,,,,,,,6.515511551155115e-07,20429,,,,,,,,,
67,,,,,,,,,,20429,0.009451908059418201,,,,,,,,
,,,,,,,,,6.512211221122112e-07,20434,,,,,,,,,
67,,,,,,,,,,20434,0.02107101120054722,,,,,,,,
,,,,,,,,,6.508910891089109e-07,20439,,,,,,,,,
67,,,,,,,,,,20439,0.018315665423870087,,,,,,,,
,,,,,,,,,6.505610561056105e-07,20444,,,,,,,,,
67,,,,,,,,,,20444,0.007589967455714941,,,,,,,,
,,,,,,,,,6.502310231023102e-07,20449,,,,,,,,,
67,,,,,,,,,,20449,0.00331065128557384,,,,,,,,
,,,,,,,,,6.499009900990099e-07,20454,,,,,,,,,
67,,,,,,,,,,20454,0.015298423357307911,,,,,,,,
,,,,,,,,,6.495709570957095e-07,20459,,,,,,,,,
67,,,,,,,,,,20459,0.0213237963616848,,,,,,,,
,,,,,,,,,6.492409240924091e-07,20464,,,,,,,,,
67,,,,,,,,,,20464,0.021918820217251778,,,,,,,,
,,,,,,,,,6.489108910891089e-07,20469,,,,,,,,,
67,,,,,,,,,,20469,0.024465128779411316,,,,,,,,
,,,,,,,,,6.485808580858085e-07,20474,,,,,,,,,
67,,,,,,,,,,20474,0.015175801701843739,,,,,,,,
,,,,,,,,,6.482508250825081e-07,20479,,,,,,,,,
67,,,,,,,,,,20479,0.018022632226347923,,,,,,,,
,,,,,,,,,6.479207920792079e-07,20484,,,,,,,,,
67,,,,,,,,,,20484,0.006440021097660065,,,,,,,,
,,,,,,,,,6.475907590759076e-07,20489,,,,,,,,,
67,,,,,,,,,,20489,0.015762532129883766,,,,,,,,
,,,,,,,,,6.472607260726072e-07,20494,,,,,,,,,
67,,,,,,,,,,20494,0.011701726354658604,,,,,,,,
,,,,,,,,,6.469306930693069e-07,20499,,,,,,,,,
67,,,,,,,,,,20499,0.014376971870660782,,,,,,,,
,,,,,,,,,6.466006600660066e-07,20504,,,,,,,,,
67,,,,,,,,,,20504,0.007470014970749617,,,,,,,,
,,,,,,,,,6.462706270627062e-07,20509,,,,,,,,,
67,,,,,,,,,,20509,0.025484859943389893,,,,,,,,
,,,,,,,,,6.459405940594059e-07,20514,,,,,,,,,
67,,,,,,,,,,20514,0.021189527586102486,,,,,,,,
,,,,,,,,,6.456105610561055e-07,20519,,,,,,,,,
67,,,,,,,,,,20519,0.008472190238535404,,,,,,,,
,,,,,,,,,6.452805280528053e-07,20524,,,,,,,,,
67,,,,,,,,,,20524,0.0379902608692646,,,,,,,,
,,,,,,,,,6.449504950495049e-07,20529,,,,,,,,,
67,,,,,,,,,,20529,0.008946136571466923,,,,,,,,
,,,,,,,,,6.446204620462045e-07,20534,,,,,,,,,
67,,,,,,,,,,20534,0.015490519814193249,,,,,,,,
,,,,,,,,,6.442904290429044e-07,20539,,,,,,,,,
67,,,,,,,,,,20539,0.020469747483730316,,,,,,,,
,,,,,,,,,6.43960396039604e-07,20544,,,,,,,,,
67,,,,,,,,,,20544,0.021094979718327522,,,,,,,,
,,,,,,,,,6.436303630363036e-07,20549,,,,,,,,,
67,,,,,,,,,,20549,0.013408603146672249,,,,,,,,
,,,,,,,,,6.433003300330033e-07,20554,,,,,,,,,
67,,,,,,,,,,20554,0.013214296661317348,,,,,,,,
,,,,,,,,,6.42970297029703e-07,20559,,,,,,,,,
67,,,,,,,,,,20559,0.011840279214084148,,,,,,,,
,,,,,,,,,6.426402640264026e-07,20564,,,,,,,,,
67,,,,,,,,,,20564,0.005021480843424797,,,,,,,,
,,,,,,,,,6.423102310231023e-07,20569,,,,,,,,,
67,,,,,,,,,,20569,0.015298538841307163,,,,,,,,
,,,,,,,,,6.41980198019802e-07,20574,,,,,,,,,
67,,,,,,,,,,20574,0.010403677821159363,,,,,,,,
,,,,,,,,,6.416501650165016e-07,20579,,,,,,,,,
67,,,,,,,,,,20579,0.018616756424307823,,,,,,,,
,,,,,,,,,6.413201320132013e-07,20584,,,,,,,,,
67,,,,,,,,,,20584,0.011945982463657856,,,,,,,,
,,,,,,,,,6.409900990099009e-07,20589,,,,,,,,,
67,,,,,,,,,,20589,0.016833094879984856,,,,,,,,
,,,,,,,,,6.406600660066007e-07,20594,,,,,,,,,
67,,,,,,,,,,20594,0.022888317704200745,,,,,,,,
,,,,,,,,,6.403300330033004e-07,20599,,,,,,,,,
67,,,,,,,,,,20599,0.027800308540463448,,,,,,,,
67,,,,,,,,,,20603,,0.6625000238418579,0.70652174949646,0.08472636342048645,0.08472636342048645,0.40839990973472595,0.6914893388748169,0.7222222089767456,0.4109582304954529
,,,,,,,,,6.4e-07,20604,,,,,,,,,
68,,,,,,,,,,20604,0.0006634414312429726,,,,,,,,
,,,,,,,,,6.396699669966996e-07,20609,,,,,,,,,
68,,,,,,,,,,20609,0.016472788527607918,,,,,,,,
,,,,,,,,,6.393399339933994e-07,20614,,,,,,,,,
68,,,,,,,,,,20614,0.0053387912921607494,,,,,,,,
,,,,,,,,,6.39009900990099e-07,20619,,,,,,,,,
68,,,,,,,,,,20619,0.014518050476908684,,,,,,,,
,,,,,,,,,6.386798679867986e-07,20624,,,,,,,,,
68,,,,,,,,,,20624,0.02055341564118862,,,,,,,,
,,,,,,,,,6.383498349834983e-07,20629,,,,,,,,,
68,,,,,,,,,,20629,0.02016504667699337,,,,,,,,
,,,,,,,,,6.38019801980198e-07,20634,,,,,,,,,
68,,,,,,,,,,20634,0.006005984731018543,,,,,,,,
,,,,,,,,,6.376897689768976e-07,20639,,,,,,,,,
68,,,,,,,,,,20639,0.013394933193922043,,,,,,,,
,,,,,,,,,6.373597359735973e-07,20644,,,,,,,,,
68,,,,,,,,,,20644,0.0024715668987482786,,,,,,,,
,,,,,,,,,6.370297029702971e-07,20649,,,,,,,,,
68,,,,,,,,,,20649,0.007369129918515682,,,,,,,,
,,,,,,,,,6.366996699669967e-07,20654,,,,,,,,,
68,,,,,,,,,,20654,0.007593616843223572,,,,,,,,
,,,,,,,,,6.363696369636964e-07,20659,,,,,,,,,
68,,,,,,,,,,20659,0.002831405261531472,,,,,,,,
,,,,,,,,,6.36039603960396e-07,20664,,,,,,,,,
68,,,,,,,,,,20664,0.019138025119900703,,,,,,,,
,,,,,,,,,6.357095709570957e-07,20669,,,,,,,,,
68,,,,,,,,,,20669,0.037778399884700775,,,,,,,,
,,,,,,,,,6.353795379537954e-07,20674,,,,,,,,,
68,,,,,,,,,,20674,0.005460407584905624,,,,,,,,
,,,,,,,,,6.35049504950495e-07,20679,,,,,,,,,
68,,,,,,,,,,20679,0.0315803587436676,,,,,,,,
,,,,,,,,,6.347194719471946e-07,20684,,,,,,,,,
68,,,,,,,,,,20684,0.012205283157527447,,,,,,,,
,,,,,,,,,6.343894389438944e-07,20689,,,,,,,,,
68,,,,,,,,,,20689,0.02574748732149601,,,,,,,,
,,,,,,,,,6.34059405940594e-07,20694,,,,,,,,,
68,,,,,,,,,,20694,0.013366524130105972,,,,,,,,
,,,,,,,,,6.337293729372936e-07,20699,,,,,,,,,
68,,,,,,,,,,20699,0.0060851904563605785,,,,,,,,
,,,,,,,,,6.333993399339935e-07,20704,,,,,,,,,
68,,,,,,,,,,20704,0.0214853398501873,,,,,,,,
,,,,,,,,,6.330693069306931e-07,20709,,,,,,,,,
68,,,,,,,,,,20709,0.009703611023724079,,,,,,,,
,,,,,,,,,6.327392739273927e-07,20714,,,,,,,,,
68,,,,,,,,,,20714,0.022477099671959877,,,,,,,,
,,,,,,,,,6.324092409240924e-07,20719,,,,,,,,,
68,,,,,,,,,,20719,0.01980549842119217,,,,,,,,
,,,,,,,,,6.320792079207921e-07,20724,,,,,,,,,
68,,,,,,,,,,20724,0.02360740303993225,,,,,,,,
,,,,,,,,,6.317491749174917e-07,20729,,,,,,,,,
68,,,,,,,,,,20729,0.017247643321752548,,,,,,,,
,,,,,,,,,6.314191419141914e-07,20734,,,,,,,,,
68,,,,,,,,,,20734,0.017220115289092064,,,,,,,,
,,,,,,,,,6.31089108910891e-07,20739,,,,,,,,,
68,,,,,,,,,,20739,0.008918204344809055,,,,,,,,
,,,,,,,,,6.307590759075907e-07,20744,,,,,,,,,
68,,,,,,,,,,20744,0.006739570759236813,,,,,,,,
,,,,,,,,,6.304290429042904e-07,20749,,,,,,,,,
68,,,,,,,,,,20749,0.0069609349593520164,,,,,,,,
,,,,,,,,,6.300990099009901e-07,20754,,,,,,,,,
68,,,,,,,,,,20754,0.029160700738430023,,,,,,,,
,,,,,,,,,6.297689768976898e-07,20759,,,,,,,,,
68,,,,,,,,,,20759,0.006085623055696487,,,,,,,,
,,,,,,,,,6.294389438943895e-07,20764,,,,,,,,,
68,,,,,,,,,,20764,0.004167029168456793,,,,,,,,
,,,,,,,,,6.291089108910891e-07,20769,,,,,,,,,
68,,,,,,,,,,20769,0.021739158779382706,,,,,,,,
,,,,,,,,,6.287788778877887e-07,20774,,,,,,,,,
68,,,,,,,,,,20774,0.017138898372650146,,,,,,,,
,,,,,,,,,6.284488448844885e-07,20779,,,,,,,,,
68,,,,,,,,,,20779,0.003931927029043436,,,,,,,,
,,,,,,,,,6.281188118811881e-07,20784,,,,,,,,,
68,,,,,,,,,,20784,0.030634578317403793,,,,,,,,
,,,,,,,,,6.277887788778877e-07,20789,,,,,,,,,
68,,,,,,,,,,20789,0.026011694222688675,,,,,,,,
,,,,,,,,,6.274587458745874e-07,20794,,,,,,,,,
68,,,,,,,,,,20794,0.01430671475827694,,,,,,,,
,,,,,,,,,6.271287128712871e-07,20799,,,,,,,,,
68,,,,,,,,,,20799,0.005438974127173424,,,,,,,,
,,,,,,,,,6.267986798679867e-07,20804,,,,,,,,,
68,,,,,,,,,,20804,0.023179570212960243,,,,,,,,
,,,,,,,,,6.264686468646865e-07,20809,,,,,,,,,
68,,,,,,,,,,20809,0.02033652924001217,,,,,,,,
,,,,,,,,,6.261386138613862e-07,20814,,,,,,,,,
68,,,,,,,,,,20814,0.010774063877761364,,,,,,,,
,,,,,,,,,6.258085808580858e-07,20819,,,,,,,,,
68,,,,,,,,,,20819,0.039055150002241135,,,,,,,,
,,,,,,,,,6.254785478547855e-07,20824,,,,,,,,,
68,,,,,,,,,,20824,0.020453890785574913,,,,,,,,
,,,,,,,,,6.251485148514851e-07,20829,,,,,,,,,
68,,,,,,,,,,20829,0.009087245911359787,,,,,,,,
,,,,,,,,,6.248184818481848e-07,20834,,,,,,,,,
68,,,,,,,,,,20834,0.0018615283770486712,,,,,,,,
,,,,,,,,,6.244884488448845e-07,20839,,,,,,,,,
68,,,,,,,,,,20839,0.014327053911983967,,,,,,,,
,,,,,,,,,6.241584158415841e-07,20844,,,,,,,,,
68,,,,,,,,,,20844,0.016950562596321106,,,,,,,,
,,,,,,,,,6.238283828382837e-07,20849,,,,,,,,,
68,,,,,,,,,,20849,0.013409238308668137,,,,,,,,
,,,,,,,,,6.234983498349835e-07,20854,,,,,,,,,
68,,,,,,,,,,20854,0.010713133960962296,,,,,,,,
,,,,,,,,,6.231683168316831e-07,20859,,,,,,,,,
68,,,,,,,,,,20859,0.014478111639618874,,,,,,,,
,,,,,,,,,6.228382838283828e-07,20864,,,,,,,,,
68,,,,,,,,,,20864,0.0041807605884969234,,,,,,,,
,,,,,,,,,6.225082508250826e-07,20869,,,,,,,,,
68,,,,,,,,,,20869,0.017251044511795044,,,,,,,,
,,,,,,,,,6.221782178217822e-07,20874,,,,,,,,,
68,,,,,,,,,,20874,0.03335121273994446,,,,,,,,
,,,,,,,,,6.218481848184818e-07,20879,,,,,,,,,
68,,,,,,,,,,20879,0.014814588241279125,,,,,,,,
,,,,,,,,,6.215181518151815e-07,20884,,,,,,,,,
68,,,,,,,,,,20884,0.007930565625429153,,,,,,,,
,,,,,,,,,6.211881188118812e-07,20889,,,,,,,,,
68,,,,,,,,,,20889,0.0058315228670835495,,,,,,,,
,,,,,,,,,6.208580858085808e-07,20894,,,,,,,,,
68,,,,,,,,,,20894,0.005827967543154955,,,,,,,,
,,,,,,,,,6.205280528052805e-07,20899,,,,,,,,,
68,,,,,,,,,,20899,0.006356000434607267,,,,,,,,
,,,,,,,,,6.201980198019801e-07,20904,,,,,,,,,
68,,,,,,,,,,20904,0.04963903874158859,,,,,,,,
68,,,,,,,,,,20906,,0.65625,0.7027027010917664,0.08568849414587021,0.08568849414587021,0.404629111289978,0.6842105388641357,0.7222222089767456,0.4093420207500458
,,,,,,,,,6.198679867986798e-07,20909,,,,,,,,,
69,,,,,,,,,,20909,0.006673021242022514,,,,,,,,
,,,,,,,,,6.195379537953796e-07,20914,,,,,,,,,
69,,,,,,,,,,20914,0.004640388768166304,,,,,,,,
,,,,,,,,,6.192079207920792e-07,20919,,,,,,,,,
69,,,,,,,,,,20919,0.018827209249138832,,,,,,,,
,,,,,,,,,6.188778877887788e-07,20924,,,,,,,,,
69,,,,,,,,,,20924,0.006437887903302908,,,,,,,,
,,,,,,,,,6.185478547854786e-07,20929,,,,,,,,,
69,,,,,,,,,,20929,0.003500824561342597,,,,,,,,
,,,,,,,,,6.182178217821782e-07,20934,,,,,,,,,
69,,,,,,,,,,20934,0.009943381883203983,,,,,,,,
,,,,,,,,,6.178877887788778e-07,20939,,,,,,,,,
69,,,,,,,,,,20939,0.0009969311067834496,,,,,,,,
,,,,,,,,,6.175577557755776e-07,20944,,,,,,,,,
69,,,,,,,,,,20944,0.014683099463582039,,,,,,,,
,,,,,,,,,6.172277227722772e-07,20949,,,,,,,,,
69,,,,,,,,,,20949,0.013676946051418781,,,,,,,,
,,,,,,,,,6.168976897689768e-07,20954,,,,,,,,,
69,,,,,,,,,,20954,0.01046665944159031,,,,,,,,
,,,,,,,,,6.165676567656765e-07,20959,,,,,,,,,
69,,,,,,,,,,20959,0.010780823417007923,,,,,,,,
,,,,,,,,,6.162376237623762e-07,20964,,,,,,,,,
69,,,,,,,,,,20964,0.004365565720945597,,,,,,,,
,,,,,,,,,6.159075907590758e-07,20969,,,,,,,,,
69,,,,,,,,,,20969,0.00811262521892786,,,,,,,,
,,,,,,,,,6.155775577557756e-07,20974,,,,,,,,,
69,,,,,,,,,,20974,0.008529064245522022,,,,,,,,
,,,,,,,,,6.152475247524752e-07,20979,,,,,,,,,
69,,,,,,,,,,20979,0.010567798279225826,,,,,,,,
,,,,,,,,,6.149174917491749e-07,20984,,,,,,,,,
69,,,,,,,,,,20984,0.016086820513010025,,,,,,,,
,,,,,,,,,6.145874587458746e-07,20989,,,,,,,,,
69,,,,,,,,,,20989,0.019499821588397026,,,,,,,,
,,,,,,,,,6.142574257425742e-07,20994,,,,,,,,,
69,,,,,,,,,,20994,0.018142402172088623,,,,,,,,
,,,,,,,,,6.139273927392738e-07,20999,,,,,,,,,
69,,,,,,,,,,20999,0.012561137787997723,,,,,,,,
,,,,,,,,,6.135973597359736e-07,21004,,,,,,,,,
69,,,,,,,,,,21004,0.032703980803489685,,,,,,,,
,,,,,,,,,6.132673267326732e-07,21009,,,,,,,,,
69,,,,,,,,,,21009,0.0027716797776520252,,,,,,,,
,,,,,,,,,6.129372937293728e-07,21014,,,,,,,,,
69,,,,,,,,,,21014,0.032179925590753555,,,,,,,,
,,,,,,,,,6.126072607260726e-07,21019,,,,,,,,,
69,,,,,,,,,,21019,0.005396702326834202,,,,,,,,
,,,,,,,,,6.122772277227723e-07,21024,,,,,,,,,
69,,,,,,,,,,21024,0.006190981715917587,,,,,,,,
,,,,,,,,,6.119471947194719e-07,21029,,,,,,,,,
69,,,,,,,,,,21029,0.003644050331786275,,,,,,,,
,,,,,,,,,6.116171617161716e-07,21034,,,,,,,,,
69,,,,,,,,,,21034,0.01401413045823574,,,,,,,,
,,,,,,,,,6.112871287128713e-07,21039,,,,,,,,,
69,,,,,,,,,,21039,0.021860752254724503,,,,,,,,
,,,,,,,,,6.109570957095709e-07,21044,,,,,,,,,
69,,,,,,,,,,21044,0.04365146532654762,,,,,,,,
,,,,,,,,,6.106270627062706e-07,21049,,,,,,,,,
69,,,,,,,,,,21049,0.02122064307332039,,,,,,,,
,,,,,,,,,6.102970297029702e-07,21054,,,,,,,,,
69,,,,,,,,,,21054,0.037906963378190994,,,,,,,,
,,,,,,,,,6.099669966996699e-07,21059,,,,,,,,,
69,,,,,,,,,,21059,0.02120220474898815,,,,,,,,
,,,,,,,,,6.096369636963696e-07,21064,,,,,,,,,
69,,,,,,,,,,21064,0.014879412017762661,,,,,,,,
,,,,,,,,,6.093069306930692e-07,21069,,,,,,,,,
69,,,,,,,,,,21069,0.003228793852031231,,,,,,,,
,,,,,,,,,6.089768976897689e-07,21074,,,,,,,,,
69,,,,,,,,,,21074,0.01759253814816475,,,,,,,,
,,,,,,,,,6.086468646864687e-07,21079,,,,,,,,,
69,,,,,,,,,,21079,0.010510694235563278,,,,,,,,
,,,,,,,,,6.083168316831683e-07,21084,,,,,,,,,
69,,,,,,,,,,21084,0.030814483761787415,,,,,,,,
,,,,,,,,,6.079867986798679e-07,21089,,,,,,,,,
69,,,,,,,,,,21089,0.0028036213479936123,,,,,,,,
,,,,,,,,,6.076567656765677e-07,21094,,,,,,,,,
69,,,,,,,,,,21094,0.006993381772190332,,,,,,,,
,,,,,,,,,6.073267326732673e-07,21099,,,,,,,,,
69,,,,,,,,,,21099,0.006586962379515171,,,,,,,,
,,,,,,,,,6.069966996699669e-07,21104,,,,,,,,,
69,,,,,,,,,,21104,0.006334484089165926,,,,,,,,
,,,,,,,,,6.066666666666666e-07,21109,,,,,,,,,
69,,,,,,,,,,21109,0.006825718563050032,,,,,,,,
,,,,,,,,,6.063366336633663e-07,21114,,,,,,,,,
69,,,,,,,,,,21114,0.012701088562607765,,,,,,,,
,,,,,,,,,6.060066006600659e-07,21119,,,,,,,,,
69,,,,,,,,,,21119,0.027601974084973335,,,,,,,,
,,,,,,,,,6.056765676567656e-07,21124,,,,,,,,,
69,,,,,,,,,,21124,0.021472765132784843,,,,,,,,
,,,,,,,,,6.053465346534653e-07,21129,,,,,,,,,
69,,,,,,,,,,21129,0.004329379182308912,,,,,,,,
,,,,,,,,,6.05016501650165e-07,21134,,,,,,,,,
69,,,,,,,,,,21134,0.013707722537219524,,,,,,,,
,,,,,,,,,6.046864686468647e-07,21139,,,,,,,,,
69,,,,,,,,,,21139,0.012729302048683167,,,,,,,,
,,,,,,,,,6.043564356435643e-07,21144,,,,,,,,,
69,,,,,,,,,,21144,0.014736564829945564,,,,,,,,
,,,,,,,,,6.040264026402641e-07,21149,,,,,,,,,
69,,,,,,,,,,21149,0.015533753670752048,,,,,,,,
,,,,,,,,,6.036963696369637e-07,21154,,,,,,,,,
69,,,,,,,,,,21154,0.004038828890770674,,,,,,,,
,,,,,,,,,6.033663366336633e-07,21159,,,,,,,,,
69,,,,,,,,,,21159,0.023801783099770546,,,,,,,,
,,,,,,,,,6.03036303630363e-07,21164,,,,,,,,,
69,,,,,,,,,,21164,0.024715321138501167,,,,,,,,
,,,,,,,,,6.027062706270627e-07,21169,,,,,,,,,
69,,,,,,,,,,21169,0.016156934201717377,,,,,,,,
,,,,,,,,,6.023762376237623e-07,21174,,,,,,,,,
69,,,,,,,,,,21174,0.013607355765998363,,,,,,,,
,,,,,,,,,6.02046204620462e-07,21179,,,,,,,,,
69,,,,,,,,,,21179,0.009741521440446377,,,,,,,,
,,,,,,,,,6.017161716171618e-07,21184,,,,,,,,,
69,,,,,,,,,,21184,0.02330966480076313,,,,,,,,
,,,,,,,,,6.013861386138614e-07,21189,,,,,,,,,
69,,,,,,,,,,21189,0.007587855216115713,,,,,,,,
,,,,,,,,,6.010561056105611e-07,21194,,,,,,,,,
69,,,,,,,,,,21194,0.004629184957593679,,,,,,,,
,,,,,,,,,6.007260726072607e-07,21199,,,,,,,,,
69,,,,,,,,,,21199,0.02060985565185547,,,,,,,,
,,,,,,,,,6.003960396039604e-07,21204,,,,,,,,,
69,,,,,,,,,,21204,0.010687191970646381,,,,,,,,
,,,,,,,,,6.000660066006601e-07,21209,,,,,,,,,
69,,,,,,,,,,21209,0.006462693680077791,,,,,,,,
69,,,,,,,,,,21209,,0.6625000238418579,0.7127659320831299,0.08477891981601715,0.08477891981601715,0.41612473130226135,0.6836734414100647,0.7444444298744202,0.4166824221611023
,,,,,,,,,5.997359735973597e-07,21214,,,,,,,,,
70,,,,,,,,,,21214,0.001190339564345777,,,,,,,,
,,,,,,,,,5.994059405940593e-07,21219,,,,,,,,,
70,,,,,,,,,,21219,0.023267604410648346,,,,,,,,
,,,,,,,,,5.990759075907591e-07,21224,,,,,,,,,
70,,,,,,,,,,21224,0.010119865648448467,,,,,,,,
,,,,,,,,,5.987458745874587e-07,21229,,,,,,,,,
70,,,,,,,,,,21229,0.011585822328925133,,,,,,,,
,,,,,,,,,5.984158415841583e-07,21234,,,,,,,,,
70,,,,,,,,,,21234,0.0023548018652945757,,,,,,,,
,,,,,,,,,5.980858085808582e-07,21239,,,,,,,,,
70,,,,,,,,,,21239,0.003349801991134882,,,,,,,,
,,,,,,,,,5.977557755775578e-07,21244,,,,,,,,,
70,,,,,,,,,,21244,0.02692350372672081,,,,,,,,
,,,,,,,,,5.974257425742574e-07,21249,,,,,,,,,
70,,,,,,,,,,21249,0.04412080720067024,,,,,,,,
,,,,,,,,,5.970957095709571e-07,21254,,,,,,,,,
70,,,,,,,,,,21254,0.014600241556763649,,,,,,,,
,,,,,,,,,5.967656765676568e-07,21259,,,,,,,,,
70,,,,,,,,,,21259,0.02450525388121605,,,,,,,,
,,,,,,,,,5.964356435643564e-07,21264,,,,,,,,,
70,,,,,,,,,,21264,0.010037319734692574,,,,,,,,
,,,,,,,,,5.961056105610561e-07,21269,,,,,,,,,
70,,,,,,,,,,21269,0.005807042587548494,,,,,,,,
,,,,,,,,,5.957755775577557e-07,21274,,,,,,,,,
70,,,,,,,,,,21274,0.015187462791800499,,,,,,,,
,,,,,,,,,5.954455445544554e-07,21279,,,,,,,,,
70,,,,,,,,,,21279,0.02617458626627922,,,,,,,,
,,,,,,,,,5.951155115511551e-07,21284,,,,,,,,,
70,,,,,,,,,,21284,0.008307619951665401,,,,,,,,
,,,,,,,,,5.947854785478547e-07,21289,,,,,,,,,
70,,,,,,,,,,21289,0.014425073750317097,,,,,,,,
,,,,,,,,,5.944554455445544e-07,21294,,,,,,,,,
70,,,,,,,,,,21294,0.017505012452602386,,,,,,,,
,,,,,,,,,5.941254125412542e-07,21299,,,,,,,,,
70,,,,,,,,,,21299,0.0035534396301954985,,,,,,,,
,,,,,,,,,5.937953795379538e-07,21304,,,,,,,,,
70,,,,,,,,,,21304,0.004800159018486738,,,,,,,,
,,,,,,,,,5.934653465346534e-07,21309,,,,,,,,,
70,,,,,,,,,,21309,0.018680514767766,,,,,,,,
,,,,,,,,,5.931353135313532e-07,21314,,,,,,,,,
70,,,,,,,,,,21314,0.010768416337668896,,,,,,,,
,,,,,,,,,5.928052805280528e-07,21319,,,,,,,,,
70,,,,,,,,,,21319,0.009041029959917068,,,,,,,,
,,,,,,,,,5.924752475247524e-07,21324,,,,,,,,,
70,,,,,,,,,,21324,0.013737460598349571,,,,,,,,
,,,,,,,,,5.921452145214521e-07,21329,,,,,,,,,
70,,,,,,,,,,21329,0.046165723353624344,,,,,,,,
,,,,,,,,,5.918151815181518e-07,21334,,,,,,,,,
70,,,,,,,,,,21334,0.013813687488436699,,,,,,,,
,,,,,,,,,5.914851485148514e-07,21339,,,,,,,,,
70,,,,,,,,,,21339,0.024039072915911674,,,,,,,,
,,,,,,,,,5.911551155115512e-07,21344,,,,,,,,,
70,,,,,,,,,,21344,0.008827000856399536,,,,,,,,
,,,,,,,,,5.908250825082508e-07,21349,,,,,,,,,
70,,,,,,,,,,21349,0.013458367437124252,,,,,,,,
,,,,,,,,,5.904950495049505e-07,21354,,,,,,,,,
70,,,,,,,,,,21354,0.02388891577720642,,,,,,,,
,,,,,,,,,5.901650165016502e-07,21359,,,,,,,,,
70,,,,,,,,,,21359,0.02135940082371235,,,,,,,,
,,,,,,,,,5.898349834983498e-07,21364,,,,,,,,,
70,,,,,,,,,,21364,0.032011281698942184,,,,,,,,
,,,,,,,,,5.895049504950495e-07,21369,,,,,,,,,
70,,,,,,,,,,21369,0.0036643168423324823,,,,,,,,
,,,,,,,,,5.891749174917492e-07,21374,,,,,,,,,
70,,,,,,,,,,21374,0.007302466779947281,,,,,,,,
,,,,,,,,,5.888448844884488e-07,21379,,,,,,,,,
70,,,,,,,,,,21379,0.015674090012907982,,,,,,,,
,,,,,,,,,5.885148514851484e-07,21384,,,,,,,,,
70,,,,,,,,,,21384,0.019012514501810074,,,,,,,,
,,,,,,,,,5.881848184818482e-07,21389,,,,,,,,,
70,,,,,,,,,,21389,0.010589873418211937,,,,,,,,
,,,,,,,,,5.878547854785478e-07,21394,,,,,,,,,
70,,,,,,,,,,21394,0.021899743005633354,,,,,,,,
,,,,,,,,,5.875247524752475e-07,21399,,,,,,,,,
70,,,,,,,,,,21399,0.0028678863309323788,,,,,,,,
,,,,,,,,,5.871947194719472e-07,21404,,,,,,,,,
70,,,,,,,,,,21404,0.03672635927796364,,,,,,,,
,,,,,,,,,5.868646864686469e-07,21409,,,,,,,,,
70,,,,,,,,,,21409,0.018511593341827393,,,,,,,,
,,,,,,,,,5.865346534653465e-07,21414,,,,,,,,,
70,,,,,,,,,,21414,0.03688570111989975,,,,,,,,
,,,,,,,,,5.862046204620462e-07,21419,,,,,,,,,
70,,,,,,,,,,21419,0.007252201437950134,,,,,,,,
,,,,,,,,,5.858745874587459e-07,21424,,,,,,,,,
70,,,,,,,,,,21424,0.016291124746203423,,,,,,,,
,,,,,,,,,5.855445544554455e-07,21429,,,,,,,,,
70,,,,,,,,,,21429,0.006948303896933794,,,,,,,,
,,,,,,,,,5.852145214521452e-07,21434,,,,,,,,,
70,,,,,,,,,,21434,0.02663022093474865,,,,,,,,
,,,,,,,,,5.848844884488448e-07,21439,,,,,,,,,
70,,,,,,,,,,21439,0.005023100413382053,,,,,,,,
,,,,,,,,,5.845544554455445e-07,21444,,,,,,,,,
70,,,,,,,,,,21444,0.009666490368545055,,,,,,,,
,,,,,,,,,5.842244224422442e-07,21449,,,,,,,,,
70,,,,,,,,,,21449,0.00732805160805583,,,,,,,,
,,,,,,,,,5.838943894389439e-07,21454,,,,,,,,,
70,,,,,,,,,,21454,0.01928505301475525,,,,,,,,
,,,,,,,,,5.835643564356435e-07,21459,,,,,,,,,
70,,,,,,,,,,21459,0.003292085137218237,,,,,,,,
,,,,,,,,,5.832343234323433e-07,21464,,,,,,,,,
70,,,,,,,,,,21464,0.011656575836241245,,,,,,,,
,,,,,,,,,5.829042904290429e-07,21469,,,,,,,,,
70,,,,,,,,,,21469,0.022655589506030083,,,,,,,,
,,,,,,,,,5.825742574257425e-07,21474,,,,,,,,,
70,,,,,,,,,,21474,0.010561519302427769,,,,,,,,
,,,,,,,,,5.822442244224423e-07,21479,,,,,,,,,
70,,,,,,,,,,21479,0.010911773890256882,,,,,,,,
,,,,,,,,,5.819141914191419e-07,21484,,,,,,,,,
70,,,,,,,,,,21484,0.0026023928076028824,,,,,,,,
,,,,,,,,,5.815841584158415e-07,21489,,,,,,,,,
70,,,,,,,,,,21489,0.02307060733437538,,,,,,,,
,,,,,,,,,5.812541254125412e-07,21494,,,,,,,,,
70,,,,,,,,,,21494,0.02039063349366188,,,,,,,,
,,,,,,,,,5.809240924092409e-07,21499,,,,,,,,,
70,,,,,,,,,,21499,0.021848434582352638,,,,,,,,
,,,,,,,,,5.805940594059405e-07,21504,,,,,,,,,
70,,,,,,,,,,21504,0.011569753289222717,,,,,,,,
,,,,,,,,,5.802640264026403e-07,21509,,,,,,,,,
70,,,,,,,,,,21509,0.018926968798041344,,,,,,,,
70,,,,,,,,,,21512,,0.675000011920929,0.7291666865348816,0.08652763068675995,0.08652763068675995,0.41500532627105713,0.686274528503418,0.7777777910232544,0.41508087515830994
,,,,,,,,,5.799339933993399e-07,21514,,,,,,,,,
71,,,,,,,,,,21514,0.031095732003450394,,,,,,,,
,,,,,,,,,5.796039603960396e-07,21519,,,,,,,,,
71,,,,,,,,,,21519,0.013757566921412945,,,,,,,,
,,,,,,,,,5.792739273927393e-07,21524,,,,,,,,,
71,,,,,,,,,,21524,0.011150043457746506,,,,,,,,
,,,,,,,,,5.789438943894389e-07,21529,,,,,,,,,
71,,,,,,,,,,21529,0.016628054901957512,,,,,,,,
,,,,,,,,,5.786138613861385e-07,21534,,,,,,,,,
71,,,,,,,,,,21534,0.009488713927567005,,,,,,,,
,,,,,,,,,5.782838283828383e-07,21539,,,,,,,,,
71,,,,,,,,,,21539,0.011960485018789768,,,,,,,,
,,,,,,,,,5.779537953795379e-07,21544,,,,,,,,,
71,,,,,,,,,,21544,0.01730717346072197,,,,,,,,
,,,,,,,,,5.776237623762375e-07,21549,,,,,,,,,
71,,,,,,,,,,21549,0.0021666171960532665,,,,,,,,
,,,,,,,,,5.772937293729373e-07,21554,,,,,,,,,
71,,,,,,,,,,21554,0.007748540956526995,,,,,,,,
,,,,,,,,,5.769636963696369e-07,21559,,,,,,,,,
71,,,,,,,,,,21559,0.007280079647898674,,,,,,,,
,,,,,,,,,5.766336633663366e-07,21564,,,,,,,,,
71,,,,,,,,,,21564,0.018448585644364357,,,,,,,,
,,,,,,,,,5.763036303630363e-07,21569,,,,,,,,,
71,,,,,,,,,,21569,0.005668743513524532,,,,,,,,
,,,,,,,,,5.75973597359736e-07,21574,,,,,,,,,
71,,,,,,,,,,21574,0.022834191098809242,,,,,,,,
,,,,,,,,,5.756435643564356e-07,21579,,,,,,,,,
71,,,,,,,,,,21579,0.02965204231441021,,,,,,,,
,,,,,,,,,5.753135313531353e-07,21584,,,,,,,,,
71,,,,,,,,,,21584,0.014452926814556122,,,,,,,,
,,,,,,,,,5.749834983498349e-07,21589,,,,,,,,,
71,,,,,,,,,,21589,0.014973393641412258,,,,,,,,
,,,,,,,,,5.746534653465346e-07,21594,,,,,,,,,
71,,,,,,,,,,21594,0.017782272771000862,,,,,,,,
,,,,,,,,,5.743234323432343e-07,21599,,,,,,,,,
71,,,,,,,,,,21599,0.00703014200553298,,,,,,,,
,,,,,,,,,5.739933993399339e-07,21604,,,,,,,,,
71,,,,,,,,,,21604,0.011651265434920788,,,,,,,,
,,,,,,,,,5.736633663366335e-07,21609,,,,,,,,,
71,,,,,,,,,,21609,0.006749906577169895,,,,,,,,
,,,,,,,,,5.733333333333334e-07,21614,,,,,,,,,
71,,,,,,,,,,21614,0.015381261706352234,,,,,,,,
,,,,,,,,,5.73003300330033e-07,21619,,,,,,,,,
71,,,,,,,,,,21619,0.009100915864109993,,,,,,,,
,,,,,,,,,5.726732673267326e-07,21624,,,,,,,,,
71,,,,,,,,,,21624,0.011524404399096966,,,,,,,,
,,,,,,,,,5.723432343234324e-07,21629,,,,,,,,,
71,,,,,,,,,,21629,0.013168441131711006,,,,,,,,
,,,,,,,,,5.72013201320132e-07,21634,,,,,,,,,
71,,,,,,,,,,21634,0.00919791404157877,,,,,,,,
,,,,,,,,,5.716831683168316e-07,21639,,,,,,,,,
71,,,,,,,,,,21639,0.004557334817945957,,,,,,,,
,,,,,,,,,5.713531353135313e-07,21644,,,,,,,,,
71,,,,,,,,,,21644,0.02053423598408699,,,,,,,,
,,,,,,,,,5.71023102310231e-07,21649,,,,,,,,,
71,,,,,,,,,,21649,0.013966716825962067,,,,,,,,
,,,,,,,,,5.706930693069306e-07,21654,,,,,,,,,
71,,,,,,,,,,21654,0.018125057220458984,,,,,,,,
,,,,,,,,,5.703630363036303e-07,21659,,,,,,,,,
71,,,,,,,,,,21659,0.008011533878743649,,,,,,,,
,,,,,,,,,5.7003300330033e-07,21664,,,,,,,,,
71,,,,,,,,,,21664,0.0062575810588896275,,,,,,,,
,,,,,,,,,5.697029702970297e-07,21669,,,,,,,,,
71,,,,,,,,,,21669,0.03286350518465042,,,,,,,,
,,,,,,,,,5.693729372937294e-07,21674,,,,,,,,,
71,,,,,,,,,,21674,0.010882701724767685,,,,,,,,
,,,,,,,,,5.69042904290429e-07,21679,,,,,,,,,
71,,,,,,,,,,21679,0.014171101152896881,,,,,,,,
,,,,,,,,,5.687128712871287e-07,21684,,,,,,,,,
71,,,,,,,,,,21684,0.009425113908946514,,,,,,,,
,,,,,,,,,5.683828382838284e-07,21689,,,,,,,,,
71,,,,,,,,,,21689,0.012519659474492073,,,,,,,,
,,,,,,,,,5.68052805280528e-07,21694,,,,,,,,,
71,,,,,,,,,,21694,0.006549492944031954,,,,,,,,
,,,,,,,,,5.677227722772276e-07,21699,,,,,,,,,
71,,,,,,,,,,21699,0.003055854933336377,,,,,,,,
,,,,,,,,,5.673927392739274e-07,21704,,,,,,,,,
71,,,,,,,,,,21704,0.008508986793458462,,,,,,,,
,,,,,,,,,5.67062706270627e-07,21709,,,,,,,,,
71,,,,,,,,,,21709,0.018967747688293457,,,,,,,,
,,,,,,,,,5.667326732673266e-07,21714,,,,,,,,,
71,,,,,,,,,,21714,0.0412108339369297,,,,,,,,
,,,,,,,,,5.664026402640263e-07,21719,,,,,,,,,
71,,,,,,,,,,21719,0.015006883069872856,,,,,,,,
,,,,,,,,,5.660726072607261e-07,21724,,,,,,,,,
71,,,,,,,,,,21724,0.010146097280085087,,,,,,,,
,,,,,,,,,5.657425742574257e-07,21729,,,,,,,,,
71,,,,,,,,,,21729,0.01822100393474102,,,,,,,,
,,,,,,,,,5.654125412541254e-07,21734,,,,,,,,,
71,,,,,,,,,,21734,0.007302738726139069,,,,,,,,
,,,,,,,,,5.650825082508251e-07,21739,,,,,,,,,
71,,,,,,,,,,21739,0.03328715264797211,,,,,,,,
,,,,,,,,,5.647524752475247e-07,21744,,,,,,,,,
71,,,,,,,,,,21744,0.015697374939918518,,,,,,,,
,,,,,,,,,5.644224422442244e-07,21749,,,,,,,,,
71,,,,,,,,,,21749,0.007170586381107569,,,,,,,,
,,,,,,,,,5.64092409240924e-07,21754,,,,,,,,,
71,,,,,,,,,,21754,0.011512191966176033,,,,,,,,
,,,,,,,,,5.637623762376237e-07,21759,,,,,,,,,
71,,,,,,,,,,21759,0.0059224567376077175,,,,,,,,
,,,,,,,,,5.634323432343234e-07,21764,,,,,,,,,
71,,,,,,,,,,21764,0.022544261068105698,,,,,,,,
,,,,,,,,,5.63102310231023e-07,21769,,,,,,,,,
71,,,,,,,,,,21769,0.019679618999361992,,,,,,,,
,,,,,,,,,5.627722772277226e-07,21774,,,,,,,,,
71,,,,,,,,,,21774,0.0038450234569609165,,,,,,,,
,,,,,,,,,5.624422442244225e-07,21779,,,,,,,,,
71,,,,,,,,,,21779,0.00860864482820034,,,,,,,,
,,,,,,,,,5.621122112211221e-07,21784,,,,,,,,,
71,,,,,,,,,,21784,0.017428627237677574,,,,,,,,
,,,,,,,,,5.617821782178218e-07,21789,,,,,,,,,
71,,,,,,,,,,21789,0.020890185609459877,,,,,,,,
,,,,,,,,,5.614521452145215e-07,21794,,,,,,,,,
71,,,,,,,,,,21794,0.006564846727997065,,,,,,,,
,,,,,,,,,5.611221122112211e-07,21799,,,,,,,,,
71,,,,,,,,,,21799,0.046411097049713135,,,,,,,,
,,,,,,,,,5.607920792079208e-07,21804,,,,,,,,,
71,,,,,,,,,,21804,0.016702784225344658,,,,,,,,
,,,,,,,,,5.604620462046204e-07,21809,,,,,,,,,
71,,,,,,,,,,21809,0.019018078222870827,,,,,,,,
,,,,,,,,,5.601320132013201e-07,21814,,,,,,,,,
71,,,,,,,,,,21814,0.00941740907728672,,,,,,,,
71,,,,,,,,,,21815,,0.668749988079071,0.7135134935379028,0.08558337390422821,0.08558337390422821,0.40570804476737976,0.6947368383407593,0.7333333492279053,0.4107059836387634
,,,,,,,,,5.598019801980198e-07,21819,,,,,,,,,
72,,,,,,,,,,21819,0.006098383571952581,,,,,,,,
,,,,,,,,,5.594719471947194e-07,21824,,,,,,,,,
72,,,,,,,,,,21824,0.0013776173582300544,,,,,,,,
,,,,,,,,,5.591419141914191e-07,21829,,,,,,,,,
72,,,,,,,,,,21829,0.036624375730752945,,,,,,,,
,,,,,,,,,5.588118811881189e-07,21834,,,,,,,,,
72,,,,,,,,,,21834,0.01539966743439436,,,,,,,,
,,,,,,,,,5.584818481848185e-07,21839,,,,,,,,,
72,,,,,,,,,,21839,0.028921402990818024,,,,,,,,
,,,,,,,,,5.581518151815181e-07,21844,,,,,,,,,
72,,,,,,,,,,21844,0.030532458797097206,,,,,,,,
,,,,,,,,,5.578217821782179e-07,21849,,,,,,,,,
72,,,,,,,,,,21849,0.008486934937536716,,,,,,,,
,,,,,,,,,5.574917491749175e-07,21854,,,,,,,,,
72,,,,,,,,,,21854,0.012073920108377934,,,,,,,,
,,,,,,,,,5.571617161716171e-07,21859,,,,,,,,,
72,,,,,,,,,,21859,0.0056819189339876175,,,,,,,,
,,,,,,,,,5.568316831683168e-07,21864,,,,,,,,,
72,,,,,,,,,,21864,0.012396885082125664,,,,,,,,
,,,,,,,,,5.565016501650165e-07,21869,,,,,,,,,
72,,,,,,,,,,21869,0.049342237412929535,,,,,,,,
,,,,,,,,,5.561716171617161e-07,21874,,,,,,,,,
72,,,,,,,,,,21874,0.028921863064169884,,,,,,,,
,,,,,,,,,5.558415841584158e-07,21879,,,,,,,,,
72,,,,,,,,,,21879,0.008620401844382286,,,,,,,,
,,,,,,,,,5.555115511551155e-07,21884,,,,,,,,,
72,,,,,,,,,,21884,0.00415137829259038,,,,,,,,
,,,,,,,,,5.551815181518152e-07,21889,,,,,,,,,
72,,,,,,,,,,21889,0.004160678014159203,,,,,,,,
,,,,,,,,,5.548514851485149e-07,21894,,,,,,,,,
72,,,,,,,,,,21894,0.04517882317304611,,,,,,,,
,,,,,,,,,5.545214521452145e-07,21899,,,,,,,,,
72,,,,,,,,,,21899,0.026620198041200638,,,,,,,,
,,,,,,,,,5.541914191419142e-07,21904,,,,,,,,,
72,,,,,,,,,,21904,0.003006185404956341,,,,,,,,
,,,,,,,,,5.538613861386139e-07,21909,,,,,,,,,
72,,,,,,,,,,21909,0.006337932776659727,,,,,,,,
,,,,,,,,,5.535313531353135e-07,21914,,,,,,,,,
72,,,,,,,,,,21914,0.01325516402721405,,,,,,,,
,,,,,,,,,5.532013201320131e-07,21919,,,,,,,,,
72,,,,,,,,,,21919,0.010838649235665798,,,,,,,,
,,,,,,,,,5.528712871287129e-07,21924,,,,,,,,,
72,,,,,,,,,,21924,0.0046406034380197525,,,,,,,,
,,,,,,,,,5.525412541254125e-07,21929,,,,,,,,,
72,,,,,,,,,,21929,0.029321761801838875,,,,,,,,
,,,,,,,,,5.522112211221121e-07,21934,,,,,,,,,
72,,,,,,,,,,21934,0.03600439056754112,,,,,,,,
,,,,,,,,,5.518811881188119e-07,21939,,,,,,,,,
72,,,,,,,,,,21939,0.001957871252670884,,,,,,,,
,,,,,,,,,5.515511551155116e-07,21944,,,,,,,,,
72,,,,,,,,,,21944,0.003877151058986783,,,,,,,,
,,,,,,,,,5.512211221122112e-07,21949,,,,,,,,,
72,,,,,,,,,,21949,0.009349147789180279,,,,,,,,
,,,,,,,,,5.508910891089109e-07,21954,,,,,,,,,
72,,,,,,,,,,21954,0.006972532253712416,,,,,,,,
,,,,,,,,,5.505610561056105e-07,21959,,,,,,,,,
72,,,,,,,,,,21959,0.013149169273674488,,,,,,,,
,,,,,,,,,5.502310231023102e-07,21964,,,,,,,,,
72,,,,,,,,,,21964,0.001364994328469038,,,,,,,,
,,,,,,,,,5.499009900990099e-07,21969,,,,,,,,,
72,,,,,,,,,,21969,0.0015201104106381536,,,,,,,,
,,,,,,,,,5.495709570957095e-07,21974,,,,,,,,,
72,,,,,,,,,,21974,0.013259747996926308,,,,,,,,
,,,,,,,,,5.492409240924092e-07,21979,,,,,,,,,
72,,,,,,,,,,21979,0.01616741716861725,,,,,,,,
,,,,,,,,,5.489108910891089e-07,21984,,,,,,,,,
72,,,,,,,,,,21984,0.01449826080352068,,,,,,,,
,,,,,,,,,5.485808580858086e-07,21989,,,,,,,,,
72,,,,,,,,,,21989,0.016605611890554428,,,,,,,,
,,,,,,,,,5.482508250825082e-07,21994,,,,,,,,,
72,,,,,,,,,,21994,0.01151108369231224,,,,,,,,
,,,,,,,,,5.47920792079208e-07,21999,,,,,,,,,
72,,,,,,,,,,21999,0.007141963113099337,,,,,,,,
,,,,,,,,,5.475907590759076e-07,22004,,,,,,,,,
72,,,,,,,,,,22004,0.02391786128282547,,,,,,,,
,,,,,,,,,5.472607260726072e-07,22009,,,,,,,,,
72,,,,,,,,,,22009,0.010725813917815685,,,,,,,,
,,,,,,,,,5.46930693069307e-07,22014,,,,,,,,,
72,,,,,,,,,,22014,0.013900041580200195,,,,,,,,
,,,,,,,,,5.466006600660066e-07,22019,,,,,,,,,
72,,,,,,,,,,22019,0.02750137262046337,,,,,,,,
,,,,,,,,,5.462706270627062e-07,22024,,,,,,,,,
72,,,,,,,,,,22024,0.013324767351150513,,,,,,,,
,,,,,,,,,5.459405940594059e-07,22029,,,,,,,,,
72,,,,,,,,,,22029,0.008350342512130737,,,,,,,,
,,,,,,,,,5.456105610561056e-07,22034,,,,,,,,,
72,,,,,,,,,,22034,0.0145600950345397,,,,,,,,
,,,,,,,,,5.452805280528052e-07,22039,,,,,,,,,
72,,,,,,,,,,22039,0.005761490203440189,,,,,,,,
,,,,,,,,,5.44950495049505e-07,22044,,,,,,,,,
72,,,,,,,,,,22044,0.05591408535838127,,,,,,,,
,,,,,,,,,5.446204620462046e-07,22049,,,,,,,,,
72,,,,,,,,,,22049,0.02020140551030636,,,,,,,,
,,,,,,,,,5.442904290429043e-07,22054,,,,,,,,,
72,,,,,,,,,,22054,0.037923626601696014,,,,,,,,
,,,,,,,,,5.43960396039604e-07,22059,,,,,,,,,
72,,,,,,,,,,22059,0.007638129405677319,,,,,,,,
,,,,,,,,,5.436303630363036e-07,22064,,,,,,,,,
72,,,,,,,,,,22064,0.0033998768776655197,,,,,,,,
,,,,,,,,,5.433003300330032e-07,22069,,,,,,,,,
72,,,,,,,,,,22069,0.010535442270338535,,,,,,,,
,,,,,,,,,5.42970297029703e-07,22074,,,,,,,,,
72,,,,,,,,,,22074,0.026805968955159187,,,,,,,,
,,,,,,,,,5.426402640264026e-07,22079,,,,,,,,,
72,,,,,,,,,,22079,0.007864714600145817,,,,,,,,
,,,,,,,,,5.423102310231022e-07,22084,,,,,,,,,
72,,,,,,,,,,22084,0.005218182224780321,,,,,,,,
,,,,,,,,,5.41980198019802e-07,22089,,,,,,,,,
72,,,,,,,,,,22089,0.019026007503271103,,,,,,,,
,,,,,,,,,5.416501650165016e-07,22094,,,,,,,,,
72,,,,,,,,,,22094,0.0062787183560431,,,,,,,,
,,,,,,,,,5.413201320132013e-07,22099,,,,,,,,,
72,,,,,,,,,,22099,0.0181107334792614,,,,,,,,
,,,,,,,,,5.40990099009901e-07,22104,,,,,,,,,
72,,,,,,,,,,22104,0.054675620049238205,,,,,,,,
,,,,,,,,,5.406600660066007e-07,22109,,,,,,,,,
72,,,,,,,,,,22109,0.03246702626347542,,,,,,,,
,,,,,,,,,5.403300330033003e-07,22114,,,,,,,,,
72,,,,,,,,,,22114,0.02172347903251648,,,,,,,,
72,,,,,,,,,,22118,,0.675000011920929,0.7263157963752747,0.08520358800888062,0.08520358800888062,0.41571664810180664,0.6899999976158142,0.7666666507720947,0.4136083722114563
,,,,,,,,,5.4e-07,22119,,,,,,,,,
73,,,,,,,,,,22119,0.010709496214985847,,,,,,,,
,,,,,,,,,5.396699669966996e-07,22124,,,,,,,,,
73,,,,,,,,,,22124,0.002994429087266326,,,,,,,,
,,,,,,,,,5.393399339933993e-07,22129,,,,,,,,,
73,,,,,,,,,,22129,0.005832043942064047,,,,,,,,
,,,,,,,,,5.39009900990099e-07,22134,,,,,,,,,
73,,,,,,,,,,22134,0.0129119036719203,,,,,,,,
,,,,,,,,,5.386798679867986e-07,22139,,,,,,,,,
73,,,,,,,,,,22139,0.014232962392270565,,,,,,,,
,,,,,,,,,5.383498349834982e-07,22144,,,,,,,,,
73,,,,,,,,,,22144,0.0037853189278393984,,,,,,,,
,,,,,,,,,5.38019801980198e-07,22149,,,,,,,,,
73,,,,,,,,,,22149,0.016534505411982536,,,,,,,,
,,,,,,,,,5.376897689768977e-07,22154,,,,,,,,,
73,,,,,,,,,,22154,0.015851354226469994,,,,,,,,
,,,,,,,,,5.373597359735973e-07,22159,,,,,,,,,
73,,,,,,,,,,22159,0.0064727566204965115,,,,,,,,
,,,,,,,,,5.370297029702971e-07,22164,,,,,,,,,
73,,,,,,,,,,22164,0.02476096898317337,,,,,,,,
,,,,,,,,,5.366996699669967e-07,22169,,,,,,,,,
73,,,,,,,,,,22169,0.0037701076362282038,,,,,,,,
,,,,,,,,,5.363696369636963e-07,22174,,,,,,,,,
73,,,,,,,,,,22174,0.011379568837583065,,,,,,,,
,,,,,,,,,5.36039603960396e-07,22179,,,,,,,,,
73,,,,,,,,,,22179,0.01112159714102745,,,,,,,,
,,,,,,,,,5.357095709570957e-07,22184,,,,,,,,,
73,,,,,,,,,,22184,0.013854803517460823,,,,,,,,
,,,,,,,,,5.353795379537953e-07,22189,,,,,,,,,
73,,,,,,,,,,22189,0.012819170020520687,,,,,,,,
,,,,,,,,,5.35049504950495e-07,22194,,,,,,,,,
73,,,,,,,,,,22194,0.011858840472996235,,,,,,,,
,,,,,,,,,5.347194719471946e-07,22199,,,,,,,,,
73,,,,,,,,,,22199,0.01418002974241972,,,,,,,,
,,,,,,,,,5.343894389438943e-07,22204,,,,,,,,,
73,,,,,,,,,,22204,0.03129509463906288,,,,,,,,
,,,,,,,,,5.340594059405941e-07,22209,,,,,,,,,
73,,,,,,,,,,22209,0.0200958214700222,,,,,,,,
,,,,,,,,,5.337293729372937e-07,22214,,,,,,,,,
73,,,,,,,,,,22214,0.007955365814268589,,,,,,,,
,,,,,,,,,5.333993399339934e-07,22219,,,,,,,,,
73,,,,,,,,,,22219,0.011863356456160545,,,,,,,,
,,,,,,,,,5.330693069306931e-07,22224,,,,,,,,,
73,,,,,,,,,,22224,0.0168021060526371,,,,,,,,
,,,,,,,,,5.327392739273927e-07,22229,,,,,,,,,
73,,,,,,,,,,22229,0.02181907743215561,,,,,,,,
,,,,,,,,,5.324092409240923e-07,22234,,,,,,,,,
73,,,,,,,,,,22234,0.0081219132989645,,,,,,,,
,,,,,,,,,5.320792079207921e-07,22239,,,,,,,,,
73,,,,,,,,,,22239,0.007339854724705219,,,,,,,,
,,,,,,,,,5.317491749174917e-07,22244,,,,,,,,,
73,,,,,,,,,,22244,0.010078988038003445,,,,,,,,
,,,,,,,,,5.314191419141913e-07,22249,,,,,,,,,
73,,,,,,,,,,22249,0.008766043931245804,,,,,,,,
,,,,,,,,,5.31089108910891e-07,22254,,,,,,,,,
73,,,,,,,,,,22254,0.0168286319822073,,,,,,,,
,,,,,,,,,5.307590759075908e-07,22259,,,,,,,,,
73,,,,,,,,,,22259,0.0020969777833670378,,,,,,,,
,,,,,,,,,5.304290429042904e-07,22264,,,,,,,,,
73,,,,,,,,,,22264,0.011949527077376842,,,,,,,,
,,,,,,,,,5.300990099009901e-07,22269,,,,,,,,,
73,,,,,,,,,,22269,0.026652740314602852,,,,,,,,
,,,,,,,,,5.297689768976898e-07,22274,,,,,,,,,
73,,,,,,,,,,22274,0.01798846758902073,,,,,,,,
,,,,,,,,,5.294389438943894e-07,22279,,,,,,,,,
73,,,,,,,,,,22279,0.024531619623303413,,,,,,,,
,,,,,,,,,5.291089108910891e-07,22284,,,,,,,,,
73,,,,,,,,,,22284,0.031021414324641228,,,,,,,,
,,,,,,,,,5.287788778877887e-07,22289,,,,,,,,,
73,,,,,,,,,,22289,0.025156034156680107,,,,,,,,
,,,,,,,,,5.284488448844884e-07,22294,,,,,,,,,
73,,,,,,,,,,22294,0.008229488506913185,,,,,,,,
,,,,,,,,,5.281188118811881e-07,22299,,,,,,,,,
73,,,,,,,,,,22299,0.015789905562996864,,,,,,,,
,,,,,,,,,5.277887788778877e-07,22304,,,,,,,,,
73,,,,,,,,,,22304,0.030748818069696426,,,,,,,,
,,,,,,,,,5.274587458745873e-07,22309,,,,,,,,,
73,,,,,,,,,,22309,0.026492664590477943,,,,,,,,
,,,,,,,,,5.271287128712872e-07,22314,,,,,,,,,
73,,,,,,,,,,22314,0.014351978898048401,,,,,,,,
,,,,,,,,,5.267986798679868e-07,22319,,,,,,,,,
73,,,,,,,,,,22319,0.01777387596666813,,,,,,,,
,,,,,,,,,5.264686468646864e-07,22324,,,,,,,,,
73,,,,,,,,,,22324,0.005539103411138058,,,,,,,,
,,,,,,,,,5.261386138613862e-07,22329,,,,,,,,,
73,,,,,,,,,,22329,0.008563711307942867,,,,,,,,
,,,,,,,,,5.258085808580858e-07,22334,,,,,,,,,
73,,,,,,,,,,22334,0.01659330725669861,,,,,,,,
,,,,,,,,,5.254785478547854e-07,22339,,,,,,,,,
73,,,,,,,,,,22339,0.012966349720954895,,,,,,,,
,,,,,,,,,5.251485148514851e-07,22344,,,,,,,,,
73,,,,,,,,,,22344,0.00358036276884377,,,,,,,,
,,,,,,,,,5.248184818481848e-07,22349,,,,,,,,,
73,,,,,,,,,,22349,0.008813602849841118,,,,,,,,
,,,,,,,,,5.244884488448844e-07,22354,,,,,,,,,
73,,,,,,,,,,22354,0.014489644207060337,,,,,,,,
,,,,,,,,,5.241584158415841e-07,22359,,,,,,,,,
73,,,,,,,,,,22359,0.011507293209433556,,,,,,,,
,,,,,,,,,5.238283828382837e-07,22364,,,,,,,,,
73,,,,,,,,,,22364,0.04507958143949509,,,,,,,,
,,,,,,,,,5.234983498349835e-07,22369,,,,,,,,,
73,,,,,,,,,,22369,0.016841886565089226,,,,,,,,
,,,,,,,,,5.231683168316832e-07,22374,,,,,,,,,
73,,,,,,,,,,22374,0.007538642268627882,,,,,,,,
,,,,,,,,,5.228382838283828e-07,22379,,,,,,,,,
73,,,,,,,,,,22379,0.0033926034811884165,,,,,,,,
,,,,,,,,,5.225082508250824e-07,22384,,,,,,,,,
73,,,,,,,,,,22384,0.015708742663264275,,,,,,,,
,,,,,,,,,5.221782178217822e-07,22389,,,,,,,,,
73,,,,,,,,,,22389,0.003014035290107131,,,,,,,,
,,,,,,,,,5.218481848184818e-07,22394,,,,,,,,,
73,,,,,,,,,,22394,0.012407981790602207,,,,,,,,
,,,,,,,,,5.215181518151814e-07,22399,,,,,,,,,
73,,,,,,,,,,22399,0.01052920613437891,,,,,,,,
,,,,,,,,,5.211881188118812e-07,22404,,,,,,,,,
73,,,,,,,,,,22404,0.007783554494380951,,,,,,,,
,,,,,,,,,5.208580858085808e-07,22409,,,,,,,,,
73,,,,,,,,,,22409,0.013326500542461872,,,,,,,,
,,,,,,,,,5.205280528052805e-07,22414,,,,,,,,,
73,,,,,,,,,,22414,0.022203339263796806,,,,,,,,
,,,,,,,,,5.201980198019802e-07,22419,,,,,,,,,
73,,,,,,,,,,22419,0.018447350710630417,,,,,,,,
73,,,,,,,,,,22421,,0.6625000238418579,0.70652174949646,0.08539439737796783,0.08539439737796783,0.4113880693912506,0.6914893388748169,0.7222222089767456,0.4118851125240326
,,,,,,,,,5.198679867986799e-07,22424,,,,,,,,,
74,,,,,,,,,,22424,0.016527855768799782,,,,,,,,
,,,,,,,,,5.195379537953796e-07,22429,,,,,,,,,
74,,,,,,,,,,22429,0.010226594284176826,,,,,,,,
,,,,,,,,,5.192079207920792e-07,22434,,,,,,,,,
74,,,,,,,,,,22434,0.005619391333311796,,,,,,,,
,,,,,,,,,5.188778877887788e-07,22439,,,,,,,,,
74,,,,,,,,,,22439,0.005195937119424343,,,,,,,,
,,,,,,,,,5.185478547854786e-07,22444,,,,,,,,,
74,,,,,,,,,,22444,0.0010144509142264724,,,,,,,,
,,,,,,,,,5.182178217821782e-07,22449,,,,,,,,,
74,,,,,,,,,,22449,0.033384520560503006,,,,,,,,
,,,,,,,,,5.178877887788778e-07,22454,,,,,,,,,
74,,,,,,,,,,22454,0.00836494192481041,,,,,,,,
,,,,,,,,,5.175577557755776e-07,22459,,,,,,,,,
74,,,,,,,,,,22459,0.02237856201827526,,,,,,,,
,,,,,,,,,5.172277227722772e-07,22464,,,,,,,,,
74,,,,,,,,,,22464,0.009345488622784615,,,,,,,,
,,,,,,,,,5.168976897689768e-07,22469,,,,,,,,,
74,,,,,,,,,,22469,0.020707497373223305,,,,,,,,
,,,,,,,,,5.165676567656766e-07,22474,,,,,,,,,
74,,,,,,,,,,22474,0.009602298960089684,,,,,,,,
,,,,,,,,,5.162376237623763e-07,22479,,,,,,,,,
74,,,,,,,,,,22479,0.01237811055034399,,,,,,,,
,,,,,,,,,5.159075907590759e-07,22484,,,,,,,,,
74,,,,,,,,,,22484,0.021315377205610275,,,,,,,,
,,,,,,,,,5.155775577557756e-07,22489,,,,,,,,,
74,,,,,,,,,,22489,0.004583251196891069,,,,,,,,
,,,,,,,,,5.152475247524752e-07,22494,,,,,,,,,
74,,,,,,,,,,22494,0.012262084521353245,,,,,,,,
,,,,,,,,,5.149174917491749e-07,22499,,,,,,,,,
74,,,,,,,,,,22499,0.0019744429737329483,,,,,,,,
,,,,,,,,,5.145874587458746e-07,22504,,,,,,,,,
74,,,,,,,,,,22504,0.003282208926975727,,,,,,,,
,,,,,,,,,5.142574257425742e-07,22509,,,,,,,,,
74,,,,,,,,,,22509,0.015940988436341286,,,,,,,,
,,,,,,,,,5.139273927392739e-07,22514,,,,,,,,,
74,,,,,,,,,,22514,0.0142291858792305,,,,,,,,
,,,,,,,,,5.135973597359736e-07,22519,,,,,,,,,
74,,,,,,,,,,22519,0.004165190737694502,,,,,,,,
,,,,,,,,,5.132673267326732e-07,22524,,,,,,,,,
74,,,,,,,,,,22524,0.015059364028275013,,,,,,,,
,,,,,,,,,5.129372937293729e-07,22529,,,,,,,,,
74,,,,,,,,,,22529,0.01519071590155363,,,,,,,,
,,,,,,,,,5.126072607260727e-07,22534,,,,,,,,,
74,,,,,,,,,,22534,0.0029288888908922672,,,,,,,,
,,,,,,,,,5.122772277227723e-07,22539,,,,,,,,,
74,,,,,,,,,,22539,0.010503041557967663,,,,,,,,
,,,,,,,,,5.119471947194719e-07,22544,,,,,,,,,
74,,,,,,,,,,22544,0.018066735938191414,,,,,,,,
,,,,,,,,,5.116171617161716e-07,22549,,,,,,,,,
74,,,,,,,,,,22549,0.006888129282742739,,,,,,,,
,,,,,,,,,5.112871287128713e-07,22554,,,,,,,,,
74,,,,,,,,,,22554,0.012205613777041435,,,,,,,,
,,,,,,,,,5.109570957095709e-07,22559,,,,,,,,,
74,,,,,,,,,,22559,0.002642132109031081,,,,,,,,
,,,,,,,,,5.106270627062706e-07,22564,,,,,,,,,
74,,,,,,,,,,22564,0.014780026860535145,,,,,,,,
,,,,,,,,,5.102970297029703e-07,22569,,,,,,,,,
74,,,,,,,,,,22569,0.014504766091704369,,,,,,,,
,,,,,,,,,5.099669966996699e-07,22574,,,,,,,,,
74,,,,,,,,,,22574,0.005889832973480225,,,,,,,,
,,,,,,,,,5.096369636963697e-07,22579,,,,,,,,,
74,,,,,,,,,,22579,0.014712764881551266,,,,,,,,
,,,,,,,,,5.093069306930693e-07,22584,,,,,,,,,
74,,,,,,,,,,22584,0.004643940832465887,,,,,,,,
,,,,,,,,,5.08976897689769e-07,22589,,,,,,,,,
74,,,,,,,,,,22589,0.009497903287410736,,,,,,,,
,,,,,,,,,5.086468646864687e-07,22594,,,,,,,,,
74,,,,,,,,,,22594,0.002835857914760709,,,,,,,,
,,,,,,,,,5.083168316831683e-07,22599,,,,,,,,,
74,,,,,,,,,,22599,0.005826152395457029,,,,,,,,
,,,,,,,,,5.079867986798679e-07,22604,,,,,,,,,
74,,,,,,,,,,22604,0.004522533155977726,,,,,,,,
,,,,,,,,,5.076567656765677e-07,22609,,,,,,,,,
74,,,,,,,,,,22609,0.018795041367411613,,,,,,,,
,,,,,,,,,5.073267326732673e-07,22614,,,,,,,,,
74,,,,,,,,,,22614,0.0020769520197063684,,,,,,,,
,,,,,,,,,5.069966996699669e-07,22619,,,,,,,,,
74,,,,,,,,,,22619,0.005867165047675371,,,,,,,,
,,,,,,,,,5.066666666666667e-07,22624,,,,,,,,,
74,,,,,,,,,,22624,0.030145252123475075,,,,,,,,
,,,,,,,,,5.063366336633663e-07,22629,,,,,,,,,
74,,,,,,,,,,22629,0.015727167949080467,,,,,,,,
,,,,,,,,,5.060066006600659e-07,22634,,,,,,,,,
74,,,,,,,,,,22634,0.036788761615753174,,,,,,,,
,,,,,,,,,5.056765676567657e-07,22639,,,,,,,,,
74,,,,,,,,,,22639,0.007094128057360649,,,,,,,,
,,,,,,,,,5.053465346534654e-07,22644,,,,,,,,,
74,,,,,,,,,,22644,0.016976306214928627,,,,,,,,
,,,,,,,,,5.05016501650165e-07,22649,,,,,,,,,
74,,,,,,,,,,22649,0.022188784554600716,,,,,,,,
,,,,,,,,,5.046864686468647e-07,22654,,,,,,,,,
74,,,,,,,,,,22654,0.017992448061704636,,,,,,,,
,,,,,,,,,5.043564356435643e-07,22659,,,,,,,,,
74,,,,,,,,,,22659,0.0033656784798949957,,,,,,,,
,,,,,,,,,5.04026402640264e-07,22664,,,,,,,,,
74,,,,,,,,,,22664,0.018488066270947456,,,,,,,,
,,,,,,,,,5.036963696369637e-07,22669,,,,,,,,,
74,,,,,,,,,,22669,0.014715260826051235,,,,,,,,
,,,,,,,,,5.033663366336633e-07,22674,,,,,,,,,
74,,,,,,,,,,22674,0.015712207183241844,,,,,,,,
,,,,,,,,,5.030363036303629e-07,22679,,,,,,,,,
74,,,,,,,,,,22679,0.011640277691185474,,,,,,,,
,,,,,,,,,5.027062706270627e-07,22684,,,,,,,,,
74,,,,,,,,,,22684,0.011189280077815056,,,,,,,,
,,,,,,,,,5.023762376237624e-07,22689,,,,,,,,,
74,,,,,,,,,,22689,0.014317809604108334,,,,,,,,
,,,,,,,,,5.02046204620462e-07,22694,,,,,,,,,
74,,,,,,,,,,22694,0.012656881473958492,,,,,,,,
,,,,,,,,,5.017161716171618e-07,22699,,,,,,,,,
74,,,,,,,,,,22699,0.030342360958456993,,,,,,,,
,,,,,,,,,5.013861386138614e-07,22704,,,,,,,,,
74,,,,,,,,,,22704,0.017834080383181572,,,,,,,,
,,,,,,,,,5.01056105610561e-07,22709,,,,,,,,,
74,,,,,,,,,,22709,0.012970713898539543,,,,,,,,
,,,,,,,,,5.007260726072607e-07,22714,,,,,,,,,
74,,,,,,,,,,22714,0.0021318404469639063,,,,,,,,
,,,,,,,,,5.003960396039604e-07,22719,,,,,,,,,
74,,,,,,,,,,22719,0.015729138627648354,,,,,,,,
,,,,,,,,,5.0006600660066e-07,22724,,,,,,,,,
74,,,,,,,,,,22724,0.005392544437199831,,,,,,,,
74,,,,,,,,,,22724,,0.65625,0.6994535326957703,0.08635102212429047,0.08635102212429047,0.4003499746322632,0.6881720423698425,0.7111111283302307,0.4041956663131714
,,,,,,,,,4.997359735973597e-07,22729,,,,,,,,,
75,,,,,,,,,,22729,0.006394531577825546,,,,,,,,
,,,,,,,,,4.994059405940593e-07,22734,,,,,,,,,
75,,,,,,,,,,22734,0.012577967718243599,,,,,,,,
,,,,,,,,,4.990759075907591e-07,22739,,,,,,,,,
75,,,,,,,,,,22739,0.003500899998471141,,,,,,,,
,,,,,,,,,4.987458745874587e-07,22744,,,,,,,,,
75,,,,,,,,,,22744,0.01914406567811966,,,,,,,,
,,,,,,,,,4.984158415841584e-07,22749,,,,,,,,,
75,,,,,,,,,,22749,0.011942880228161812,,,,,,,,
,,,,,,,,,4.980858085808581e-07,22754,,,,,,,,,
75,,,,,,,,,,22754,0.031016582623124123,,,,,,,,
,,,,,,,,,4.977557755775577e-07,22759,,,,,,,,,
75,,,,,,,,,,22759,0.027994809672236443,,,,,,,,
,,,,,,,,,4.974257425742574e-07,22764,,,,,,,,,
75,,,,,,,,,,22764,0.027195369824767113,,,,,,,,
,,,,,,,,,4.970957095709571e-07,22769,,,,,,,,,
75,,,,,,,,,,22769,0.015218721702694893,,,,,,,,
,,,,,,,,,4.967656765676568e-07,22774,,,,,,,,,
75,,,,,,,,,,22774,0.0214052926748991,,,,,,,,
,,,,,,,,,4.964356435643564e-07,22779,,,,,,,,,
75,,,,,,,,,,22779,0.019735189154744148,,,,,,,,
,,,,,,,,,4.961056105610561e-07,22784,,,,,,,,,
75,,,,,,,,,,22784,0.007525003980845213,,,,,,,,
,,,,,,,,,4.957755775577557e-07,22789,,,,,,,,,
75,,,,,,,,,,22789,0.012401159852743149,,,,,,,,
,,,,,,,,,4.954455445544554e-07,22794,,,,,,,,,
75,,,,,,,,,,22794,0.018487093970179558,,,,,,,,
,,,,,,,,,4.951155115511551e-07,22799,,,,,,,,,
75,,,,,,,,,,22799,0.007729728240519762,,,,,,,,
,,,,,,,,,4.947854785478547e-07,22804,,,,,,,,,
75,,,,,,,,,,22804,0.05984053760766983,,,,,,,,
,,,,,,,,,4.944554455445545e-07,22809,,,,,,,,,
75,,,,,,,,,,22809,0.011484433896839619,,,,,,,,
,,,,,,,,,4.941254125412541e-07,22814,,,,,,,,,
75,,,,,,,,,,22814,0.005771300755441189,,,,,,,,
,,,,,,,,,4.937953795379537e-07,22819,,,,,,,,,
75,,,,,,,,,,22819,0.03332322835922241,,,,,,,,
,,,,,,,,,4.934653465346534e-07,22824,,,,,,,,,
75,,,,,,,,,,22824,0.006155881565064192,,,,,,,,
,,,,,,,,,4.931353135313532e-07,22829,,,,,,,,,
75,,,,,,,,,,22829,0.006103049963712692,,,,,,,,
,,,,,,,,,4.928052805280528e-07,22834,,,,,,,,,
75,,,,,,,,,,22834,0.008096669800579548,,,,,,,,
,,,,,,,,,4.924752475247524e-07,22839,,,,,,,,,
75,,,,,,,,,,22839,0.004949674941599369,,,,,,,,
,,,,,,,,,4.921452145214521e-07,22844,,,,,,,,,
75,,,,,,,,,,22844,0.01377205178141594,,,,,,,,
,,,,,,,,,4.918151815181518e-07,22849,,,,,,,,,
75,,,,,,,,,,22849,0.0028120046481490135,,,,,,,,
,,,,,,,,,4.914851485148515e-07,22854,,,,,,,,,
75,,,,,,,,,,22854,0.006460914388298988,,,,,,,,
,,,,,,,,,4.911551155115511e-07,22859,,,,,,,,,
75,,,,,,,,,,22859,0.01318116020411253,,,,,,,,
,,,,,,,,,4.908250825082507e-07,22864,,,,,,,,,
75,,,,,,,,,,22864,0.012354056350886822,,,,,,,,
,,,,,,,,,4.904950495049505e-07,22869,,,,,,,,,
75,,,,,,,,,,22869,0.003941408824175596,,,,,,,,
,,,,,,,,,4.901650165016501e-07,22874,,,,,,,,,
75,,,,,,,,,,22874,0.016196882352232933,,,,,,,,
,,,,,,,,,4.898349834983498e-07,22879,,,,,,,,,
75,,,,,,,,,,22879,0.012065713293850422,,,,,,,,
,,,,,,,,,4.895049504950495e-07,22884,,,,,,,,,
75,,,,,,,,,,22884,0.0020794051233679056,,,,,,,,
,,,,,,,,,4.891749174917492e-07,22889,,,,,,,,,
75,,,,,,,,,,22889,0.006506728008389473,,,,,,,,
,,,,,,,,,4.888448844884488e-07,22894,,,,,,,,,
75,,,,,,,,,,22894,0.004550616256892681,,,,,,,,
,,,,,,,,,4.885148514851484e-07,22899,,,,,,,,,
75,,,,,,,,,,22899,0.007408836856484413,,,,,,,,
,,,,,,,,,4.881848184818482e-07,22904,,,,,,,,,
75,,,,,,,,,,22904,0.027180837467312813,,,,,,,,
,,,,,,,,,4.878547854785479e-07,22909,,,,,,,,,
75,,,,,,,,,,22909,0.029106713831424713,,,,,,,,
,,,,,,,,,4.875247524752475e-07,22914,,,,,,,,,
75,,,,,,,,,,22914,0.016956252977252007,,,,,,,,
,,,,,,,,,4.871947194719471e-07,22919,,,,,,,,,
75,,,,,,,,,,22919,0.012631556019186974,,,,,,,,
,,,,,,,,,4.868646864686469e-07,22924,,,,,,,,,
75,,,,,,,,,,22924,0.012816385366022587,,,,,,,,
,,,,,,,,,4.865346534653465e-07,22929,,,,,,,,,
75,,,,,,,,,,22929,0.02060587890446186,,,,,,,,
,,,,,,,,,4.862046204620462e-07,22934,,,,,,,,,
75,,,,,,,,,,22934,0.022552885115146637,,,,,,,,
,,,,,,,,,4.858745874587459e-07,22939,,,,,,,,,
75,,,,,,,,,,22939,0.023164359852671623,,,,,,,,
,,,,,,,,,4.855445544554455e-07,22944,,,,,,,,,
75,,,,,,,,,,22944,0.03247273340821266,,,,,,,,
,,,,,,,,,4.852145214521452e-07,22949,,,,,,,,,
75,,,,,,,,,,22949,0.02165737748146057,,,,,,,,
,,,,,,,,,4.848844884488448e-07,22954,,,,,,,,,
75,,,,,,,,,,22954,0.03198378533124924,,,,,,,,
,,,,,,,,,4.845544554455446e-07,22959,,,,,,,,,
75,,,,,,,,,,22959,0.019603382796049118,,,,,,,,
,,,,,,,,,4.842244224422442e-07,22964,,,,,,,,,
75,,,,,,,,,,22964,0.007136934902518988,,,,,,,,
,,,,,,,,,4.838943894389439e-07,22969,,,,,,,,,
75,,,,,,,,,,22969,0.003319231327623129,,,,,,,,
,,,,,,,,,4.835643564356435e-07,22974,,,,,,,,,
75,,,,,,,,,,22974,0.009630855172872543,,,,,,,,
,,,,,,,,,4.832343234323432e-07,22979,,,,,,,,,
75,,,,,,,,,,22979,0.005341111682355404,,,,,,,,
,,,,,,,,,4.829042904290429e-07,22984,,,,,,,,,
75,,,,,,,,,,22984,0.004100468009710312,,,,,,,,
,,,,,,,,,4.825742574257425e-07,22989,,,,,,,,,
75,,,,,,,,,,22989,0.03935077041387558,,,,,,,,
,,,,,,,,,4.822442244224423e-07,22994,,,,,,,,,
75,,,,,,,,,,22994,0.02918342873454094,,,,,,,,
,,,,,,,,,4.819141914191419e-07,22999,,,,,,,,,
75,,,,,,,,,,22999,0.004601734224706888,,,,,,,,
,,,,,,,,,4.815841584158415e-07,23004,,,,,,,,,
75,,,,,,,,,,23004,0.03758500516414642,,,,,,,,
,,,,,,,,,4.812541254125412e-07,23009,,,,,,,,,
75,,,,,,,,,,23009,0.03363199159502983,,,,,,,,
,,,,,,,,,4.80924092409241e-07,23014,,,,,,,,,
75,,,,,,,,,,23014,0.008099745959043503,,,,,,,,
,,,,,,,,,4.805940594059406e-07,23019,,,,,,,,,
75,,,,,,,,,,23019,0.005855496972799301,,,,,,,,
,,,,,,,,,4.802640264026402e-07,23024,,,,,,,,,
75,,,,,,,,,,23024,0.005278490018099546,,,,,,,,
75,,,,,,,,,,23027,,0.65625,0.7027027010917664,0.08542121946811676,0.08542121946811676,0.41231590509414673,0.6842105388641357,0.7222222089767456,0.40982452034950256
,,,,,,,,,4.799339933993399e-07,23029,,,,,,,,,
76,,,,,,,,,,23029,0.013630212284624577,,,,,,,,
,,,,,,,,,4.796039603960396e-07,23034,,,,,,,,,
76,,,,,,,,,,23034,0.03606400266289711,,,,,,,,
,,,,,,,,,4.792739273927393e-07,23039,,,,,,,,,
76,,,,,,,,,,23039,0.006890082731842995,,,,,,,,
,,,,,,,,,4.789438943894389e-07,23044,,,,,,,,,
76,,,,,,,,,,23044,0.0048926523886621,,,,,,,,
,,,,,,,,,4.786138613861385e-07,23049,,,,,,,,,
76,,,,,,,,,,23049,0.016637401655316353,,,,,,,,
,,,,,,,,,4.782838283828383e-07,23054,,,,,,,,,
76,,,,,,,,,,23054,0.014080078341066837,,,,,,,,
,,,,,,,,,4.779537953795379e-07,23059,,,,,,,,,
76,,,,,,,,,,23059,0.01394194271415472,,,,,,,,
,,,,,,,,,4.776237623762376e-07,23064,,,,,,,,,
76,,,,,,,,,,23064,0.025335824117064476,,,,,,,,
,,,,,,,,,4.772937293729373e-07,23069,,,,,,,,,
76,,,,,,,,,,23069,0.01950128749012947,,,,,,,,
,,,,,,,,,4.76963696369637e-07,23074,,,,,,,,,
76,,,,,,,,,,23074,0.005421508569270372,,,,,,,,
,,,,,,,,,4.766336633663366e-07,23079,,,,,,,,,
76,,,,,,,,,,23079,0.012793452478945255,,,,,,,,
,,,,,,,,,4.763036303630363e-07,23084,,,,,,,,,
76,,,,,,,,,,23084,0.012272436171770096,,,,,,,,
,,,,,,,,,4.7597359735973597e-07,23089,,,,,,,,,
76,,,,,,,,,,23089,0.011768206022679806,,,,,,,,
,,,,,,,,,4.756435643564356e-07,23094,,,,,,,,,
76,,,,,,,,,,23094,0.02279653213918209,,,,,,,,
,,,,,,,,,4.7531353135313527e-07,23099,,,,,,,,,
76,,,,,,,,,,23099,0.006400143727660179,,,,,,,,
,,,,,,,,,4.74983498349835e-07,23104,,,,,,,,,
76,,,,,,,,,,23104,0.0071060024201869965,,,,,,,,
,,,,,,,,,4.7465346534653463e-07,23109,,,,,,,,,
76,,,,,,,,,,23109,0.005589425563812256,,,,,,,,
,,,,,,,,,4.743234323432343e-07,23114,,,,,,,,,
76,,,,,,,,,,23114,0.012267690151929855,,,,,,,,
,,,,,,,,,4.73993399339934e-07,23119,,,,,,,,,
76,,,,,,,,,,23119,0.06175962835550308,,,,,,,,
,,,,,,,,,4.736633663366336e-07,23124,,,,,,,,,
76,,,,,,,,,,23124,0.024165024980902672,,,,,,,,
,,,,,,,,,4.733333333333333e-07,23129,,,,,,,,,
76,,,,,,,,,,23129,0.00423209136351943,,,,,,,,
,,,,,,,,,4.73003300330033e-07,23134,,,,,,,,,
76,,,,,,,,,,23134,0.018817437812685966,,,,,,,,
,,,,,,,,,4.7267326732673264e-07,23139,,,,,,,,,
76,,,,,,,,,,23139,0.010456898249685764,,,,,,,,
,,,,,,,,,4.723432343234323e-07,23144,,,,,,,,,
76,,,,,,,,,,23144,0.02134622074663639,,,,,,,,
,,,,,,,,,4.72013201320132e-07,23149,,,,,,,,,
76,,,,,,,,,,23149,0.003152425168082118,,,,,,,,
,,,,,,,,,4.716831683168316e-07,23154,,,,,,,,,
76,,,,,,,,,,23154,0.028959723189473152,,,,,,,,
,,,,,,,,,4.7135313531353135e-07,23159,,,,,,,,,
76,,,,,,,,,,23159,0.0057026115246117115,,,,,,,,
,,,,,,,,,4.71023102310231e-07,23164,,,,,,,,,
76,,,,,,,,,,23164,0.008126319386065006,,,,,,,,
,,,,,,,,,4.7069306930693065e-07,23169,,,,,,,,,
76,,,,,,,,,,23169,0.006758551113307476,,,,,,,,
,,,,,,,,,4.7036303630363033e-07,23174,,,,,,,,,
76,,,,,,,,,,23174,0.014183787629008293,,,,,,,,
,,,,,,,,,4.7003300330033e-07,23179,,,,,,,,,
76,,,,,,,,,,23179,0.02176162600517273,,,,,,,,
,,,,,,,,,4.6970297029702963e-07,23184,,,,,,,,,
76,,,,,,,,,,23184,0.006476893089711666,,,,,,,,
,,,,,,,,,4.6937293729372936e-07,23189,,,,,,,,,
76,,,,,,,,,,23189,0.007606253959238529,,,,,,,,
,,,,,,,,,4.6904290429042904e-07,23194,,,,,,,,,
76,,,,,,,,,,23194,0.01702061854302883,,,,,,,,
,,,,,,,,,4.687128712871287e-07,23199,,,,,,,,,
76,,,,,,,,,,23199,0.00923195481300354,,,,,,,,
,,,,,,,,,4.6838283828382834e-07,23204,,,,,,,,,
76,,,,,,,,,,23204,0.03541279584169388,,,,,,,,
,,,,,,,,,4.68052805280528e-07,23209,,,,,,,,,
76,,,,,,,,,,23209,0.006469689775258303,,,,,,,,
,,,,,,,,,4.6772277227722775e-07,23214,,,,,,,,,
76,,,,,,,,,,23214,0.020070167258381844,,,,,,,,
,,,,,,,,,4.6739273927392737e-07,23219,,,,,,,,,
76,,,,,,,,,,23219,0.010866952128708363,,,,,,,,
,,,,,,,,,4.6706270627062705e-07,23224,,,,,,,,,
76,,,,,,,,,,23224,0.006257612258195877,,,,,,,,
,,,,,,,,,4.6673267326732673e-07,23229,,,,,,,,,
76,,,,,,,,,,23229,0.00781739130616188,,,,,,,,
,,,,,,,,,4.6640264026402635e-07,23234,,,,,,,,,
76,,,,,,,,,,23234,0.01230972446501255,,,,,,,,
,,,,,,,,,4.660726072607261e-07,23239,,,,,,,,,
76,,,,,,,,,,23239,0.026755647733807564,,,,,,,,
,,,,,,,,,4.6574257425742576e-07,23244,,,,,,,,,
76,,,,,,,,,,23244,0.015038883313536644,,,,,,,,
,,,,,,,,,4.654125412541254e-07,23249,,,,,,,,,
76,,,,,,,,,,23249,0.011415264569222927,,,,,,,,
,,,,,,,,,4.6508250825082506e-07,23254,,,,,,,,,
76,,,,,,,,,,23254,0.004664794076234102,,,,,,,,
,,,,,,,,,4.6475247524752474e-07,23259,,,,,,,,,
76,,,,,,,,,,23259,0.005749526899307966,,,,,,,,
,,,,,,,,,4.6442244224422436e-07,23264,,,,,,,,,
76,,,,,,,,,,23264,0.05818508192896843,,,,,,,,
,,,,,,,,,4.640924092409241e-07,23269,,,,,,,,,
76,,,,,,,,,,23269,0.0034686115104705095,,,,,,,,
,,,,,,,,,4.6376237623762377e-07,23274,,,,,,,,,
76,,,,,,,,,,23274,0.0025305633898824453,,,,,,,,
,,,,,,,,,4.634323432343234e-07,23279,,,,,,,,,
76,,,,,,,,,,23279,0.0024797602090984583,,,,,,,,
,,,,,,,,,4.631023102310231e-07,23284,,,,,,,,,
76,,,,,,,,,,23284,0.02080552652478218,,,,,,,,
,,,,,,,,,4.6277227722772275e-07,23289,,,,,,,,,
76,,,,,,,,,,23289,0.011369043961167336,,,,,,,,
,,,,,,,,,4.6244224422442243e-07,23294,,,,,,,,,
76,,,,,,,,,,23294,0.003964494448155165,,,,,,,,
,,,,,,,,,4.621122112211221e-07,23299,,,,,,,,,
76,,,,,,,,,,23299,0.014495561830699444,,,,,,,,
,,,,,,,,,4.617821782178218e-07,23304,,,,,,,,,
76,,,,,,,,,,23304,0.006626489572227001,,,,,,,,
,,,,,,,,,4.614521452145214e-07,23309,,,,,,,,,
76,,,,,,,,,,23309,0.0036691410932689905,,,,,,,,
,,,,,,,,,4.611221122112211e-07,23314,,,,,,,,,
76,,,,,,,,,,23314,0.015296508558094501,,,,,,,,
,,,,,,,,,4.607920792079208e-07,23319,,,,,,,,,
76,,,,,,,,,,23319,0.003749831346794963,,,,,,,,
,,,,,,,,,4.6046204620462044e-07,23324,,,,,,,,,
76,,,,,,,,,,23324,0.012053905986249447,,,,,,,,
,,,,,,,,,4.601320132013201e-07,23329,,,,,,,,,
76,,,,,,,,,,23329,0.006007022224366665,,,,,,,,
76,,,,,,,,,,23330,,0.6625000238418579,0.70652174949646,0.0860203355550766,0.0860203355550766,0.4102530777454376,0.6914893388748169,0.7222222089767456,0.40879204869270325
,,,,,,,,,4.598019801980198e-07,23334,,,,,,,,,
77,,,,,,,,,,23334,0.016500109806656837,,,,,,,,
,,,,,,,,,4.594719471947194e-07,23339,,,,,,,,,
77,,,,,,,,,,23339,0.029586467891931534,,,,,,,,
,,,,,,,,,4.591419141914191e-07,23344,,,,,,,,,
77,,,,,,,,,,23344,0.003728024661540985,,,,,,,,
,,,,,,,,,4.5881188118811883e-07,23349,,,,,,,,,
77,,,,,,,,,,23349,0.003496935125440359,,,,,,,,
,,,,,,,,,4.5848184818481845e-07,23354,,,,,,,,,
77,,,,,,,,,,23354,0.024888379499316216,,,,,,,,
,,,,,,,,,4.5815181518151813e-07,23359,,,,,,,,,
77,,,,,,,,,,23359,0.0034855392295867205,,,,,,,,
,,,,,,,,,4.578217821782178e-07,23364,,,,,,,,,
77,,,,,,,,,,23364,0.023023486137390137,,,,,,,,
,,,,,,,,,4.5749174917491743e-07,23369,,,,,,,,,
77,,,,,,,,,,23369,0.017530320212244987,,,,,,,,
,,,,,,,,,4.5716171617161716e-07,23374,,,,,,,,,
77,,,,,,,,,,23374,0.007110398728400469,,,,,,,,
,,,,,,,,,4.5683168316831684e-07,23379,,,,,,,,,
77,,,,,,,,,,23379,0.019303038716316223,,,,,,,,
,,,,,,,,,4.5650165016501647e-07,23384,,,,,,,,,
77,,,,,,,,,,23384,0.005721177440136671,,,,,,,,
,,,,,,,,,4.5617161716171614e-07,23389,,,,,,,,,
77,,,,,,,,,,23389,0.017626460641622543,,,,,,,,
,,,,,,,,,4.558415841584158e-07,23394,,,,,,,,,
77,,,,,,,,,,23394,0.008355393074452877,,,,,,,,
,,,,,,,,,4.5551155115511544e-07,23399,,,,,,,,,
77,,,,,,,,,,23399,0.03352481126785278,,,,,,,,
,,,,,,,,,4.551815181518152e-07,23404,,,,,,,,,
77,,,,,,,,,,23404,0.005858476273715496,,,,,,,,
,,,,,,,,,4.5485148514851485e-07,23409,,,,,,,,,
77,,,,,,,,,,23409,0.002401338191702962,,,,,,,,
,,,,,,,,,4.545214521452145e-07,23414,,,,,,,,,
77,,,,,,,,,,23414,0.00953695084899664,,,,,,,,
,,,,,,,,,4.5419141914191415e-07,23419,,,,,,,,,
77,,,,,,,,,,23419,0.0011475426144897938,,,,,,,,
,,,,,,,,,4.5386138613861383e-07,23424,,,,,,,,,
77,,,,,,,,,,23424,0.016382023692131042,,,,,,,,
,,,,,,,,,4.535313531353135e-07,23429,,,,,,,,,
77,,,,,,,,,,23429,0.017278719693422318,,,,,,,,
,,,,,,,,,4.532013201320132e-07,23434,,,,,,,,,
77,,,,,,,,,,23434,0.0019885229412466288,,,,,,,,
,,,,,,,,,4.5287128712871286e-07,23439,,,,,,,,,
77,,,,,,,,,,23439,0.005272578448057175,,,,,,,,
,,,,,,,,,4.525412541254125e-07,23444,,,,,,,,,
77,,,,,,,,,,23444,0.02473892644047737,,,,,,,,
,,,,,,,,,4.5221122112211217e-07,23449,,,,,,,,,
77,,,,,,,,,,23449,0.005653355270624161,,,,,,,,
,,,,,,,,,4.518811881188119e-07,23454,,,,,,,,,
77,,,,,,,,,,23454,0.018364105373620987,,,,,,,,
,,,,,,,,,4.515511551155115e-07,23459,,,,,,,,,
77,,,,,,,,,,23459,0.011815168894827366,,,,,,,,
,,,,,,,,,4.512211221122112e-07,23464,,,,,,,,,
77,,,,,,,,,,23464,0.014628369361162186,,,,,,,,
,,,,,,,,,4.508910891089109e-07,23469,,,,,,,,,
77,,,,,,,,,,23469,0.0059127202257514,,,,,,,,
,,,,,,,,,4.505610561056105e-07,23474,,,,,,,,,
77,,,,,,,,,,23474,0.01236854586750269,,,,,,,,
,,,,,,,,,4.502310231023102e-07,23479,,,,,,,,,
77,,,,,,,,,,23479,0.008970125578343868,,,,,,,,
,,,,,,,,,4.499009900990099e-07,23484,,,,,,,,,
77,,,,,,,,,,23484,0.02243025042116642,,,,,,,,
,,,,,,,,,4.4957095709570953e-07,23489,,,,,,,,,
77,,,,,,,,,,23489,0.02906922623515129,,,,,,,,
,,,,,,,,,4.492409240924092e-07,23494,,,,,,,,,
77,,,,,,,,,,23494,0.010335168801248074,,,,,,,,
,,,,,,,,,4.489108910891089e-07,23499,,,,,,,,,
77,,,,,,,,,,23499,0.011210907250642776,,,,,,,,
,,,,,,,,,4.485808580858085e-07,23504,,,,,,,,,
77,,,,,,,,,,23504,0.005702532362192869,,,,,,,,
,,,,,,,,,4.4825082508250824e-07,23509,,,,,,,,,
77,,,,,,,,,,23509,0.003580818185582757,,,,,,,,
,,,,,,,,,4.479207920792079e-07,23514,,,,,,,,,
77,,,,,,,,,,23514,0.009747697971761227,,,,,,,,
,,,,,,,,,4.475907590759076e-07,23519,,,,,,,,,
77,,,,,,,,,,23519,0.009573003277182579,,,,,,,,
,,,,,,,,,4.472607260726072e-07,23524,,,,,,,,,
77,,,,,,,,,,23524,0.01108649279922247,,,,,,,,
,,,,,,,,,4.469306930693069e-07,23529,,,,,,,,,
77,,,,,,,,,,23529,0.002860625507310033,,,,,,,,
,,,,,,,,,4.4660066006600663e-07,23534,,,,,,,,,
77,,,,,,,,,,23534,0.0076120528392493725,,,,,,,,
,,,,,,,,,4.4627062706270626e-07,23539,,,,,,,,,
77,,,,,,,,,,23539,0.018885070458054543,,,,,,,,
,,,,,,,,,4.4594059405940593e-07,23544,,,,,,,,,
77,,,,,,,,,,23544,0.01123780757188797,,,,,,,,
,,,,,,,,,4.456105610561056e-07,23549,,,,,,,,,
77,,,,,,,,,,23549,0.020857203751802444,,,,,,,,
,,,,,,,,,4.4528052805280524e-07,23554,,,,,,,,,
77,,,,,,,,,,23554,0.01861695386469364,,,,,,,,
,,,,,,,,,4.449504950495049e-07,23559,,,,,,,,,
77,,,,,,,,,,23559,0.005663569085299969,,,,,,,,
,,,,,,,,,4.4462046204620464e-07,23564,,,,,,,,,
77,,,,,,,,,,23564,0.011531942524015903,,,,,,,,
,,,,,,,,,4.4429042904290427e-07,23569,,,,,,,,,
77,,,,,,,,,,23569,0.005138061475008726,,,,,,,,
,,,,,,,,,4.4396039603960395e-07,23574,,,,,,,,,
77,,,,,,,,,,23574,0.014226263388991356,,,,,,,,
,,,,,,,,,4.436303630363036e-07,23579,,,,,,,,,
77,,,,,,,,,,23579,0.01888427510857582,,,,,,,,
,,,,,,,,,4.4330033003300325e-07,23584,,,,,,,,,
77,,,,,,,,,,23584,0.022321047261357307,,,,,,,,
,,,,,,,,,4.42970297029703e-07,23589,,,,,,,,,
77,,,,,,,,,,23589,0.02479756996035576,,,,,,,,
,,,,,,,,,4.4264026402640266e-07,23594,,,,,,,,,
77,,,,,,,,,,23594,0.029538815841078758,,,,,,,,
,,,,,,,,,4.423102310231023e-07,23599,,,,,,,,,
77,,,,,,,,,,23599,0.003663958515971899,,,,,,,,
,,,,,,,,,4.4198019801980196e-07,23604,,,,,,,,,
77,,,,,,,,,,23604,0.006142580881714821,,,,,,,,
,,,,,,,,,4.4165016501650163e-07,23609,,,,,,,,,
77,,,,,,,,,,23609,0.021153336390852928,,,,,,,,
,,,,,,,,,4.4132013201320126e-07,23614,,,,,,,,,
77,,,,,,,,,,23614,0.019958101212978363,,,,,,,,
,,,,,,,,,4.40990099009901e-07,23619,,,,,,,,,
77,,,,,,,,,,23619,0.02091624028980732,,,,,,,,
,,,,,,,,,4.4066006600660067e-07,23624,,,,,,,,,
77,,,,,,,,,,23624,0.013961556367576122,,,,,,,,
,,,,,,,,,4.403300330033003e-07,23629,,,,,,,,,
77,,,,,,,,,,23629,0.014885392971336842,,,,,,,,
77,,,,,,,,,,23633,,0.6625000238418579,0.70652174949646,0.08662490546703339,0.08662490546703339,0.4035714268684387,0.6914893388748169,0.7222222089767456,0.40646305680274963
,,,,,,,,,4.3999999999999997e-07,23634,,,,,,,,,
78,,,,,,,,,,23634,0.008204921148717403,,,,,,,,
,,,,,,,,,4.3966996699669965e-07,23639,,,,,,,,,
78,,,,,,,,,,23639,0.015096314251422882,,,,,,,,
,,,,,,,,,4.393399339933993e-07,23644,,,,,,,,,
78,,,,,,,,,,23644,0.008803014643490314,,,,,,,,
,,,,,,,,,4.39009900990099e-07,23649,,,,,,,,,
78,,,,,,,,,,23649,0.014687434770166874,,,,,,,,
,,,,,,,,,4.386798679867987e-07,23654,,,,,,,,,
78,,,,,,,,,,23654,0.0007513369200751185,,,,,,,,
,,,,,,,,,4.383498349834983e-07,23659,,,,,,,,,
78,,,,,,,,,,23659,0.01328171044588089,,,,,,,,
,,,,,,,,,4.38019801980198e-07,23664,,,,,,,,,
78,,,,,,,,,,23664,0.003911938518285751,,,,,,,,
,,,,,,,,,4.376897689768977e-07,23669,,,,,,,,,
78,,,,,,,,,,23669,0.0038053507450968027,,,,,,,,
,,,,,,,,,4.3735973597359734e-07,23674,,,,,,,,,
78,,,,,,,,,,23674,0.005858900491148233,,,,,,,,
,,,,,,,,,4.37029702970297e-07,23679,,,,,,,,,
78,,,,,,,,,,23679,0.006708142813295126,,,,,,,,
,,,,,,,,,4.366996699669967e-07,23684,,,,,,,,,
78,,,,,,,,,,23684,0.014670943841338158,,,,,,,,
,,,,,,,,,4.363696369636963e-07,23689,,,,,,,,,
78,,,,,,,,,,23689,0.018907660618424416,,,,,,,,
,,,,,,,,,4.36039603960396e-07,23694,,,,,,,,,
78,,,,,,,,,,23694,0.020510006695985794,,,,,,,,
,,,,,,,,,4.357095709570957e-07,23699,,,,,,,,,
78,,,,,,,,,,23699,0.004316878505051136,,,,,,,,
,,,,,,,,,4.3537953795379535e-07,23704,,,,,,,,,
78,,,,,,,,,,23704,0.013385231606662273,,,,,,,,
,,,,,,,,,4.35049504950495e-07,23709,,,,,,,,,
78,,,,,,,,,,23709,0.0012772927293553948,,,,,,,,
,,,,,,,,,4.347194719471947e-07,23714,,,,,,,,,
78,,,,,,,,,,23714,0.011857559904456139,,,,,,,,
,,,,,,,,,4.3438943894389433e-07,23719,,,,,,,,,
78,,,,,,,,,,23719,0.012075390666723251,,,,,,,,
,,,,,,,,,4.3405940594059406e-07,23724,,,,,,,,,
78,,,,,,,,,,23724,0.019287940114736557,,,,,,,,
,,,,,,,,,4.3372937293729374e-07,23729,,,,,,,,,
78,,,,,,,,,,23729,0.01243495848029852,,,,,,,,
,,,,,,,,,4.3339933993399336e-07,23734,,,,,,,,,
78,,,,,,,,,,23734,0.007139883004128933,,,,,,,,
,,,,,,,,,4.3306930693069304e-07,23739,,,,,,,,,
78,,,,,,,,,,23739,0.0032267605420202017,,,,,,,,
,,,,,,,,,4.327392739273927e-07,23744,,,,,,,,,
78,,,,,,,,,,23744,0.0015456167748197913,,,,,,,,
,,,,,,,,,4.324092409240924e-07,23749,,,,,,,,,
78,,,,,,,,,,23749,0.015816429629921913,,,,,,,,
,,,,,,,,,4.3207920792079207e-07,23754,,,,,,,,,
78,,,,,,,,,,23754,0.049105968326330185,,,,,,,,
,,,,,,,,,4.3174917491749175e-07,23759,,,,,,,,,
78,,,,,,,,,,23759,0.01771232672035694,,,,,,,,
,,,,,,,,,4.3141914191419137e-07,23764,,,,,,,,,
78,,,,,,,,,,23764,0.012522691860795021,,,,,,,,
,,,,,,,,,4.3108910891089105e-07,23769,,,,,,,,,
78,,,,,,,,,,23769,0.012724258936941624,,,,,,,,
,,,,,,,,,4.3075907590759073e-07,23774,,,,,,,,,
78,,,,,,,,,,23774,0.016454322263598442,,,,,,,,
,,,,,,,,,4.304290429042904e-07,23779,,,,,,,,,
78,,,,,,,,,,23779,0.018605045974254608,,,,,,,,
,,,,,,,,,4.300990099009901e-07,23784,,,,,,,,,
78,,,,,,,,,,23784,0.02048640139400959,,,,,,,,
,,,,,,,,,4.2976897689768976e-07,23789,,,,,,,,,
78,,,,,,,,,,23789,0.013178961351513863,,,,,,,,
,,,,,,,,,4.294389438943894e-07,23794,,,,,,,,,
78,,,,,,,,,,23794,0.003034187015146017,,,,,,,,
,,,,,,,,,4.2910891089108906e-07,23799,,,,,,,,,
78,,,,,,,,,,23799,0.013633590191602707,,,,,,,,
,,,,,,,,,4.287788778877888e-07,23804,,,,,,,,,
78,,,,,,,,,,23804,0.024250390008091927,,,,,,,,
,,,,,,,,,4.284488448844884e-07,23809,,,,,,,,,
78,,,,,,,,,,23809,0.004369521047919989,,,,,,,,
,,,,,,,,,4.281188118811881e-07,23814,,,,,,,,,
78,,,,,,,,,,23814,0.007599796634167433,,,,,,,,
,,,,,,,,,4.2778877887788777e-07,23819,,,,,,,,,
78,,,,,,,,,,23819,0.010643169283866882,,,,,,,,
,,,,,,,,,4.274587458745874e-07,23824,,,,,,,,,
78,,,,,,,,,,23824,0.007193546276539564,,,,,,,,
,,,,,,,,,4.271287128712871e-07,23829,,,,,,,,,
78,,,,,,,,,,23829,0.008239408023655415,,,,,,,,
,,,,,,,,,4.267986798679868e-07,23834,,,,,,,,,
78,,,,,,,,,,23834,0.008530521765351295,,,,,,,,
,,,,,,,,,4.264686468646865e-07,23839,,,,,,,,,
78,,,,,,,,,,23839,0.01234949380159378,,,,,,,,
,,,,,,,,,4.261386138613861e-07,23844,,,,,,,,,
78,,,,,,,,,,23844,0.0136821698397398,,,,,,,,
,,,,,,,,,4.258085808580858e-07,23849,,,,,,,,,
78,,,,,,,,,,23849,0.0031321984715759754,,,,,,,,
,,,,,,,,,4.2547854785478546e-07,23854,,,,,,,,,
78,,,,,,,,,,23854,0.01704021356999874,,,,,,,,
,,,,,,,,,4.2514851485148514e-07,23859,,,,,,,,,
78,,,,,,,,,,23859,0.012198823504149914,,,,,,,,
,,,,,,,,,4.248184818481848e-07,23864,,,,,,,,,
78,,,,,,,,,,23864,0.04274556040763855,,,,,,,,
,,,,,,,,,4.244884488448845e-07,23869,,,,,,,,,
78,,,,,,,,,,23869,0.020505154505372047,,,,,,,,
,,,,,,,,,4.241584158415841e-07,23874,,,,,,,,,
78,,,,,,,,,,23874,0.012648064643144608,,,,,,,,
,,,,,,,,,4.238283828382838e-07,23879,,,,,,,,,
78,,,,,,,,,,23879,0.003912799526005983,,,,,,,,
,,,,,,,,,4.2349834983498353e-07,23884,,,,,,,,,
78,,,,,,,,,,23884,0.007188009563833475,,,,,,,,
,,,,,,,,,4.2316831683168315e-07,23889,,,,,,,,,
78,,,,,,,,,,23889,0.03736991435289383,,,,,,,,
,,,,,,,,,4.2283828382838283e-07,23894,,,,,,,,,
78,,,,,,,,,,23894,0.011453568004071712,,,,,,,,
,,,,,,,,,4.225082508250825e-07,23899,,,,,,,,,
78,,,,,,,,,,23899,0.011137265712022781,,,,,,,,
,,,,,,,,,4.2217821782178213e-07,23904,,,,,,,,,
78,,,,,,,,,,23904,0.0027519860304892063,,,,,,,,
,,,,,,,,,4.218481848184818e-07,23909,,,,,,,,,
78,,,,,,,,,,23909,0.01356821320950985,,,,,,,,
,,,,,,,,,4.2151815181518154e-07,23914,,,,,,,,,
78,,,,,,,,,,23914,0.005552220158278942,,,,,,,,
,,,,,,,,,4.2118811881188116e-07,23919,,,,,,,,,
78,,,,,,,,,,23919,0.0030682384967803955,,,,,,,,
,,,,,,,,,4.2085808580858084e-07,23924,,,,,,,,,
78,,,,,,,,,,23924,0.009212612174451351,,,,,,,,
,,,,,,,,,4.205280528052805e-07,23929,,,,,,,,,
78,,,,,,,,,,23929,0.022659000009298325,,,,,,,,
,,,,,,,,,4.2019801980198014e-07,23934,,,,,,,,,
78,,,,,,,,,,23934,0.004153576213866472,,,,,,,,
78,,,,,,,,,,23936,,0.6625000238418579,0.70652174949646,0.0857534185051918,0.0857534185051918,0.40547677874565125,0.6914893388748169,0.7222222089767456,0.40598347783088684
,,,,,,,,,4.1986798679867987e-07,23939,,,,,,,,,
79,,,,,,,,,,23939,0.009213338606059551,,,,,,,,
,,,,,,,,,4.1953795379537955e-07,23944,,,,,,,,,
79,,,,,,,,,,23944,0.015481742098927498,,,,,,,,
,,,,,,,,,4.192079207920792e-07,23949,,,,,,,,,
79,,,,,,,,,,23949,0.006564770359545946,,,,,,,,
,,,,,,,,,4.1887788778877885e-07,23954,,,,,,,,,
79,,,,,,,,,,23954,0.006246509961783886,,,,,,,,
,,,,,,,,,4.1854785478547853e-07,23959,,,,,,,,,
79,,,,,,,,,,23959,0.005890332628041506,,,,,,,,
,,,,,,,,,4.182178217821782e-07,23964,,,,,,,,,
79,,,,,,,,,,23964,0.024721939116716385,,,,,,,,
,,,,,,,,,4.178877887788779e-07,23969,,,,,,,,,
79,,,,,,,,,,23969,0.008923092857003212,,,,,,,,
,,,,,,,,,4.1755775577557756e-07,23974,,,,,,,,,
79,,,,,,,,,,23974,0.006150720175355673,,,,,,,,
,,,,,,,,,4.172277227722772e-07,23979,,,,,,,,,
79,,,,,,,,,,23979,0.023872897028923035,,,,,,,,
,,,,,,,,,4.1689768976897686e-07,23984,,,,,,,,,
79,,,,,,,,,,23984,0.009955068118870258,,,,,,,,
,,,,,,,,,4.1656765676567654e-07,23989,,,,,,,,,
79,,,,,,,,,,23989,0.010666918009519577,,,,,,,,
,,,,,,,,,4.162376237623762e-07,23994,,,,,,,,,
79,,,,,,,,,,23994,0.009359012357890606,,,,,,,,
,,,,,,,,,4.159075907590759e-07,23999,,,,,,,,,
79,,,,,,,,,,23999,0.005669508595019579,,,,,,,,
,,,,,,,,,4.155775577557756e-07,24004,,,,,,,,,
79,,,,,,,,,,24004,0.004846276715397835,,,,,,,,
,,,,,,,,,4.152475247524752e-07,24009,,,,,,,,,
79,,,,,,,,,,24009,0.021525684744119644,,,,,,,,
,,,,,,,,,4.149174917491749e-07,24014,,,,,,,,,
79,,,,,,,,,,24014,0.004458945710211992,,,,,,,,
,,,,,,,,,4.145874587458746e-07,24019,,,,,,,,,
79,,,,,,,,,,24019,0.01655268855392933,,,,,,,,
,,,,,,,,,4.1425742574257423e-07,24024,,,,,,,,,
79,,,,,,,,,,24024,0.01573234051465988,,,,,,,,
,,,,,,,,,4.139273927392739e-07,24029,,,,,,,,,
79,,,,,,,,,,24029,0.0051371813751757145,,,,,,,,
,,,,,,,,,4.135973597359736e-07,24034,,,,,,,,,
79,,,,,,,,,,24034,0.005232419352978468,,,,,,,,
,,,,,,,,,4.132673267326732e-07,24039,,,,,,,,,
79,,,,,,,,,,24039,0.006295512896031141,,,,,,,,
,,,,,,,,,4.1293729372937294e-07,24044,,,,,,,,,
79,,,,,,,,,,24044,0.009455137886106968,,,,,,,,
,,,,,,,,,4.126072607260726e-07,24049,,,,,,,,,
79,,,,,,,,,,24049,0.007292499300092459,,,,,,,,
,,,,,,,,,4.1227722772277224e-07,24054,,,,,,,,,
79,,,,,,,,,,24054,0.008115961216390133,,,,,,,,
,,,,,,,,,4.119471947194719e-07,24059,,,,,,,,,
79,,,,,,,,,,24059,0.026982374489307404,,,,,,,,
,,,,,,,,,4.116171617161716e-07,24064,,,,,,,,,
79,,,,,,,,,,24064,0.015434288419783115,,,,,,,,
,,,,,,,,,4.112871287128712e-07,24069,,,,,,,,,
79,,,,,,,,,,24069,0.013689713552594185,,,,,,,,
,,,,,,,,,4.1095709570957095e-07,24074,,,,,,,,,
79,,,,,,,,,,24074,0.002953440183773637,,,,,,,,
,,,,,,,,,4.1062706270627063e-07,24079,,,,,,,,,
79,,,,,,,,,,24079,0.005429526325315237,,,,,,,,
,,,,,,,,,4.1029702970297026e-07,24084,,,,,,,,,
79,,,,,,,,,,24084,0.0027108185458928347,,,,,,,,
,,,,,,,,,4.0996699669966993e-07,24089,,,,,,,,,
79,,,,,,,,,,24089,0.010732695460319519,,,,,,,,
,,,,,,,,,4.096369636963696e-07,24094,,,,,,,,,
79,,,,,,,,,,24094,0.004878860432654619,,,,,,,,
,,,,,,,,,4.093069306930693e-07,24099,,,,,,,,,
79,,,,,,,,,,24099,0.0259635578840971,,,,,,,,
,,,,,,,,,4.0897689768976897e-07,24104,,,,,,,,,
79,,,,,,,,,,24104,0.011281024664640427,,,,,,,,
,,,,,,,,,4.0864686468646864e-07,24109,,,,,,,,,
79,,,,,,,,,,24109,0.01566755212843418,,,,,,,,
,,,,,,,,,4.0831683168316827e-07,24114,,,,,,,,,
79,,,,,,,,,,24114,0.013803825713694096,,,,,,,,
,,,,,,,,,4.0798679867986795e-07,24119,,,,,,,,,
79,,,,,,,,,,24119,0.008344902656972408,,,,,,,,
,,,,,,,,,4.076567656765676e-07,24124,,,,,,,,,
79,,,,,,,,,,24124,0.009891861118376255,,,,,,,,
,,,,,,,,,4.073267326732673e-07,24129,,,,,,,,,
79,,,,,,,,,,24129,0.01343374140560627,,,,,,,,
,,,,,,,,,4.06996699669967e-07,24134,,,,,,,,,
79,,,,,,,,,,24134,0.016606543213129044,,,,,,,,
,,,,,,,,,4.0666666666666666e-07,24139,,,,,,,,,
79,,,,,,,,,,24139,0.020668843761086464,,,,,,,,
,,,,,,,,,4.063366336633663e-07,24144,,,,,,,,,
79,,,,,,,,,,24144,0.019391870126128197,,,,,,,,
,,,,,,,,,4.0600660066006596e-07,24149,,,,,,,,,
79,,,,,,,,,,24149,0.025595648214221,,,,,,,,
,,,,,,,,,4.056765676567657e-07,24154,,,,,,,,,
79,,,,,,,,,,24154,0.006460720673203468,,,,,,,,
,,,,,,,,,4.0534653465346537e-07,24159,,,,,,,,,
79,,,,,,,,,,24159,0.04274102672934532,,,,,,,,
,,,,,,,,,4.05016501650165e-07,24164,,,,,,,,,
79,,,,,,,,,,24164,0.0067443279549479485,,,,,,,,
,,,,,,,,,4.0468646864686467e-07,24169,,,,,,,,,
79,,,,,,,,,,24169,0.011130770668387413,,,,,,,,
,,,,,,,,,4.0435643564356434e-07,24174,,,,,,,,,
79,,,,,,,,,,24174,0.022120250388979912,,,,,,,,
,,,,,,,,,4.04026402640264e-07,24179,,,,,,,,,
79,,,,,,,,,,24179,0.0094145517796278,,,,,,,,
,,,,,,,,,4.036963696369637e-07,24184,,,,,,,,,
79,,,,,,,,,,24184,0.006575264036655426,,,,,,,,
,,,,,,,,,4.033663366336634e-07,24189,,,,,,,,,
79,,,,,,,,,,24189,0.005430581979453564,,,,,,,,
,,,,,,,,,4.03036303630363e-07,24194,,,,,,,,,
79,,,,,,,,,,24194,0.007120496593415737,,,,,,,,
,,,,,,,,,4.027062706270627e-07,24199,,,,,,,,,
79,,,,,,,,,,24199,0.015014473348855972,,,,,,,,
,,,,,,,,,4.0237623762376236e-07,24204,,,,,,,,,
79,,,,,,,,,,24204,0.01312381960451603,,,,,,,,
,,,,,,,,,4.0204620462046203e-07,24209,,,,,,,,,
79,,,,,,,,,,24209,0.025694459676742554,,,,,,,,
,,,,,,,,,4.017161716171617e-07,24214,,,,,,,,,
79,,,,,,,,,,24214,0.005736177787184715,,,,,,,,
,,,,,,,,,4.013861386138614e-07,24219,,,,,,,,,
79,,,,,,,,,,24219,0.014618356712162495,,,,,,,,
,,,,,,,,,4.01056105610561e-07,24224,,,,,,,,,
79,,,,,,,,,,24224,0.007903105579316616,,,,,,,,
,,,,,,,,,4.007260726072607e-07,24229,,,,,,,,,
79,,,,,,,,,,24229,0.041356585919857025,,,,,,,,
,,,,,,,,,4.003960396039604e-07,24234,,,,,,,,,
79,,,,,,,,,,24234,0.0027108516078442335,,,,,,,,
,,,,,,,,,4.0006600660066005e-07,24239,,,,,,,,,
79,,,,,,,,,,24239,0.002668829867616296,,,,,,,,
79,,,,,,,,,,24239,,0.65625,0.6994535326957703,0.08639024943113327,0.08639024943113327,0.40012913942337036,0.6881720423698425,0.7111111283302307,0.4021526575088501
,,,,,,,,,3.997359735973597e-07,24244,,,,,,,,,
80,,,,,,,,,,24244,0.012162446044385433,,,,,,,,
,,,,,,,,,3.994059405940594e-07,24249,,,,,,,,,
80,,,,,,,,,,24249,0.015221535228192806,,,,,,,,
,,,,,,,,,3.99075907590759e-07,24254,,,,,,,,,
80,,,,,,,,,,24254,0.006201539188623428,,,,,,,,
,,,,,,,,,3.9874587458745876e-07,24259,,,,,,,,,
80,,,,,,,,,,24259,0.021799955517053604,,,,,,,,
,,,,,,,,,3.9841584158415843e-07,24264,,,,,,,,,
80,,,,,,,,,,24264,0.01479838602244854,,,,,,,,
,,,,,,,,,3.9808580858085806e-07,24269,,,,,,,,,
80,,,,,,,,,,24269,0.014802626334130764,,,,,,,,
,,,,,,,,,3.9775577557755774e-07,24274,,,,,,,,,
80,,,,,,,,,,24274,0.011956674046814442,,,,,,,,
,,,,,,,,,3.974257425742574e-07,24279,,,,,,,,,
80,,,,,,,,,,24279,0.020373370498418808,,,,,,,,
,,,,,,,,,3.9709570957095704e-07,24284,,,,,,,,,
80,,,,,,,,,,24284,0.013836336322128773,,,,,,,,
,,,,,,,,,3.9676567656765677e-07,24289,,,,,,,,,
80,,,,,,,,,,24289,0.004357827361673117,,,,,,,,
,,,,,,,,,3.9643564356435645e-07,24294,,,,,,,,,
80,,,,,,,,,,24294,0.0023497252259403467,,,,,,,,
,,,,,,,,,3.9610561056105607e-07,24299,,,,,,,,,
80,,,,,,,,,,24299,0.01003972627222538,,,,,,,,
,,,,,,,,,3.9577557755775575e-07,24304,,,,,,,,,
80,,,,,,,,,,24304,0.012225130572915077,,,,,,,,
,,,,,,,,,3.954455445544554e-07,24309,,,,,,,,,
80,,,,,,,,,,24309,0.006771901156753302,,,,,,,,
,,,,,,,,,3.951155115511551e-07,24314,,,,,,,,,
80,,,,,,,,,,24314,0.012899477034807205,,,,,,,,
,,,,,,,,,3.947854785478548e-07,24319,,,,,,,,,
80,,,,,,,,,,24319,0.014646229334175587,,,,,,,,
,,,,,,,,,3.9445544554455446e-07,24324,,,,,,,,,
80,,,,,,,,,,24324,0.006202418357133865,,,,,,,,
,,,,,,,,,3.941254125412541e-07,24329,,,,,,,,,
80,,,,,,,,,,24329,0.008241483941674232,,,,,,,,
,,,,,,,,,3.9379537953795376e-07,24334,,,,,,,,,
80,,,,,,,,,,24334,0.007698793895542622,,,,,,,,
,,,,,,,,,3.9346534653465344e-07,24339,,,,,,,,,
80,,,,,,,,,,24339,0.021399235352873802,,,,,,,,
,,,,,,,,,3.931353135313531e-07,24344,,,,,,,,,
80,,,,,,,,,,24344,0.0013780908193439245,,,,,,,,
,,,,,,,,,3.928052805280528e-07,24349,,,,,,,,,
80,,,,,,,,,,24349,0.00407354487106204,,,,,,,,
,,,,,,,,,3.9247524752475247e-07,24354,,,,,,,,,
80,,,,,,,,,,24354,0.006001536268740892,,,,,,,,
,,,,,,,,,3.921452145214521e-07,24359,,,,,,,,,
80,,,,,,,,,,24359,0.02410798706114292,,,,,,,,
,,,,,,,,,3.9181518151815177e-07,24364,,,,,,,,,
80,,,,,,,,,,24364,0.004848928190767765,,,,,,,,
,,,,,,,,,3.914851485148515e-07,24369,,,,,,,,,
80,,,,,,,,,,24369,0.007348407059907913,,,,,,,,
,,,,,,,,,3.9115511551155113e-07,24374,,,,,,,,,
80,,,,,,,,,,24374,0.010373023338615894,,,,,,,,
,,,,,,,,,3.908250825082508e-07,24379,,,,,,,,,
80,,,,,,,,,,24379,0.011393510736525059,,,,,,,,
,,,,,,,,,3.904950495049505e-07,24384,,,,,,,,,
80,,,,,,,,,,24384,0.009940896183252335,,,,,,,,
,,,,,,,,,3.901650165016501e-07,24389,,,,,,,,,
80,,,,,,,,,,24389,0.014171495102345943,,,,,,,,
,,,,,,,,,3.8983498349834984e-07,24394,,,,,,,,,
80,,,,,,,,,,24394,0.003209163201972842,,,,,,,,
,,,,,,,,,3.895049504950495e-07,24399,,,,,,,,,
80,,,,,,,,,,24399,0.003350235987454653,,,,,,,,
,,,,,,,,,3.8917491749174914e-07,24404,,,,,,,,,
80,,,,,,,,,,24404,0.005641489755362272,,,,,,,,
,,,,,,,,,3.888448844884488e-07,24409,,,,,,,,,
80,,,,,,,,,,24409,0.007031462155282497,,,,,,,,
,,,,,,,,,3.885148514851485e-07,24414,,,,,,,,,
80,,,,,,,,,,24414,0.008767453022301197,,,,,,,,
,,,,,,,,,3.881848184818481e-07,24419,,,,,,,,,
80,,,,,,,,,,24419,0.0058019813150167465,,,,,,,,
,,,,,,,,,3.8785478547854785e-07,24424,,,,,,,,,
80,,,,,,,,,,24424,0.006662259344011545,,,,,,,,
,,,,,,,,,3.8752475247524753e-07,24429,,,,,,,,,
80,,,,,,,,,,24429,0.025402355939149857,,,,,,,,
,,,,,,,,,3.8719471947194715e-07,24434,,,,,,,,,
80,,,,,,,,,,24434,0.027905719354748726,,,,,,,,
,,,,,,,,,3.8686468646864683e-07,24439,,,,,,,,,
80,,,,,,,,,,24439,0.004998256918042898,,,,,,,,
,,,,,,,,,3.865346534653465e-07,24444,,,,,,,,,
80,,,,,,,,,,24444,0.006336688995361328,,,,,,,,
,,,,,,,,,3.862046204620462e-07,24449,,,,,,,,,
80,,,,,,,,,,24449,0.026926666498184204,,,,,,,,
,,,,,,,,,3.8587458745874586e-07,24454,,,,,,,,,
80,,,,,,,,,,24454,0.040977586060762405,,,,,,,,
,,,,,,,,,3.8554455445544554e-07,24459,,,,,,,,,
80,,,,,,,,,,24459,0.012010634876787663,,,,,,,,
,,,,,,,,,3.852145214521452e-07,24464,,,,,,,,,
80,,,,,,,,,,24464,0.018277756869792938,,,,,,,,
,,,,,,,,,3.8488448844884484e-07,24469,,,,,,,,,
80,,,,,,,,,,24469,0.028386754915118217,,,,,,,,
,,,,,,,,,3.8455445544554457e-07,24474,,,,,,,,,
80,,,,,,,,,,24474,0.002040043007582426,,,,,,,,
,,,,,,,,,3.8422442244224425e-07,24479,,,,,,,,,
80,,,,,,,,,,24479,0.013643806800246239,,,,,,,,
,,,,,,,,,3.8389438943894387e-07,24484,,,,,,,,,
80,,,,,,,,,,24484,0.013333924114704132,,,,,,,,
,,,,,,,,,3.8356435643564355e-07,24489,,,,,,,,,
80,,,,,,,,,,24489,0.014653249643743038,,,,,,,,
,,,,,,,,,3.8323432343234323e-07,24494,,,,,,,,,
80,,,,,,,,,,24494,0.008593333885073662,,,,,,,,
,,,,,,,,,3.8290429042904285e-07,24499,,,,,,,,,
80,,,,,,,,,,24499,0.026024367660284042,,,,,,,,
,,,,,,,,,3.825742574257426e-07,24504,,,,,,,,,
80,,,,,,,,,,24504,0.003172046272084117,,,,,,,,
,,,,,,,,,3.8224422442244226e-07,24509,,,,,,,,,
80,,,,,,,,,,24509,0.009122125804424286,,,,,,,,
,,,,,,,,,3.819141914191419e-07,24514,,,,,,,,,
80,,,,,,,,,,24514,0.005571166053414345,,,,,,,,
,,,,,,,,,3.8158415841584156e-07,24519,,,,,,,,,
80,,,,,,,,,,24519,0.018446315079927444,,,,,,,,
,,,,,,,,,3.8125412541254124e-07,24524,,,,,,,,,
80,,,,,,,,,,24524,0.0018881348660215735,,,,,,,,
,,,,,,,,,3.809240924092409e-07,24529,,,,,,,,,
80,,,,,,,,,,24529,0.028487075120210648,,,,,,,,
,,,,,,,,,3.805940594059406e-07,24534,,,,,,,,,
80,,,,,,,,,,24534,0.0035956280771642923,,,,,,,,
,,,,,,,,,3.8026402640264027e-07,24539,,,,,,,,,
80,,,,,,,,,,24539,0.004239117261022329,,,,,,,,
80,,,,,,,,,,24542,,0.6625000238418579,0.70652174949646,0.08591346442699432,0.08591346442699432,0.4111674427986145,0.6914893388748169,0.7222222089767456,0.411888062953949
,,,,,,,,,3.799339933993399e-07,24544,,,,,,,,,
81,,,,,,,,,,24544,0.01317919883877039,,,,,,,,
,,,,,,,,,3.796039603960396e-07,24549,,,,,,,,,
81,,,,,,,,,,24549,0.012373107485473156,,,,,,,,
,,,,,,,,,3.792739273927393e-07,24554,,,,,,,,,
81,,,,,,,,,,24554,0.005262268241494894,,,,,,,,
,,,,,,,,,3.7894389438943893e-07,24559,,,,,,,,,
81,,,,,,,,,,24559,0.004094524309039116,,,,,,,,
,,,,,,,,,3.786138613861386e-07,24564,,,,,,,,,
81,,,,,,,,,,24564,0.017570003867149353,,,,,,,,
,,,,,,,,,3.782838283828383e-07,24569,,,,,,,,,
81,,,,,,,,,,24569,0.002764330478385091,,,,,,,,
,,,,,,,,,3.779537953795379e-07,24574,,,,,,,,,
81,,,,,,,,,,24574,0.022552035748958588,,,,,,,,
,,,,,,,,,3.776237623762376e-07,24579,,,,,,,,,
81,,,,,,,,,,24579,0.016802797093987465,,,,,,,,
,,,,,,,,,3.772937293729373e-07,24584,,,,,,,,,
81,,,,,,,,,,24584,0.0038226330652832985,,,,,,,,
,,,,,,,,,3.7696369636963694e-07,24589,,,,,,,,,
81,,,,,,,,,,24589,0.027567196637392044,,,,,,,,
,,,,,,,,,3.766336633663366e-07,24594,,,,,,,,,
81,,,,,,,,,,24594,0.003390261437743902,,,,,,,,
,,,,,,,,,3.763036303630363e-07,24599,,,,,,,,,
81,,,,,,,,,,24599,0.013073161244392395,,,,,,,,
,,,,,,,,,3.759735973597359e-07,24604,,,,,,,,,
81,,,,,,,,,,24604,0.008033781312406063,,,,,,,,
,,,,,,,,,3.7564356435643565e-07,24609,,,,,,,,,
81,,,,,,,,,,24609,0.024304233491420746,,,,,,,,
,,,,,,,,,3.7531353135313533e-07,24614,,,,,,,,,
81,,,,,,,,,,24614,0.009158098138868809,,,,,,,,
,,,,,,,,,3.7498349834983495e-07,24619,,,,,,,,,
81,,,,,,,,,,24619,0.018454615026712418,,,,,,,,
,,,,,,,,,3.7465346534653463e-07,24624,,,,,,,,,
81,,,,,,,,,,24624,0.010159746743738651,,,,,,,,
,,,,,,,,,3.743234323432343e-07,24629,,,,,,,,,
81,,,,,,,,,,24629,0.01770693250000477,,,,,,,,
,,,,,,,,,3.7399339933993393e-07,24634,,,,,,,,,
81,,,,,,,,,,24634,0.010946514084935188,,,,,,,,
,,,,,,,,,3.7366336633663366e-07,24639,,,,,,,,,
81,,,,,,,,,,24639,0.0099891172721982,,,,,,,,
,,,,,,,,,3.7333333333333334e-07,24644,,,,,,,,,
81,,,,,,,,,,24644,0.004860927816480398,,,,,,,,
,,,,,,,,,3.7300330033003297e-07,24649,,,,,,,,,
81,,,,,,,,,,24649,0.007546247914433479,,,,,,,,
,,,,,,,,,3.7267326732673264e-07,24654,,,,,,,,,
81,,,,,,,,,,24654,0.013479940593242645,,,,,,,,
,,,,,,,,,3.723432343234323e-07,24659,,,,,,,,,
81,,,,,,,,,,24659,0.010128984227776527,,,,,,,,
,,,,,,,,,3.72013201320132e-07,24664,,,,,,,,,
81,,,,,,,,,,24664,0.006065734196454287,,,,,,,,
,,,,,,,,,3.716831683168317e-07,24669,,,,,,,,,
81,,,,,,,,,,24669,0.02290489338338375,,,,,,,,
,,,,,,,,,3.7135313531353135e-07,24674,,,,,,,,,
81,,,,,,,,,,24674,0.01042769942432642,,,,,,,,
,,,,,,,,,3.71023102310231e-07,24679,,,,,,,,,
81,,,,,,,,,,24679,0.019038498401641846,,,,,,,,
,,,,,,,,,3.7069306930693066e-07,24684,,,,,,,,,
81,,,,,,,,,,24684,0.006810071878135204,,,,,,,,
,,,,,,,,,3.703630363036304e-07,24689,,,,,,,,,
81,,,,,,,,,,24689,0.008457445539534092,,,,,,,,
,,,,,,,,,3.7003300330033e-07,24694,,,,,,,,,
81,,,,,,,,,,24694,0.05247627943754196,,,,,,,,
,,,,,,,,,3.697029702970297e-07,24699,,,,,,,,,
81,,,,,,,,,,24699,0.009805174544453621,,,,,,,,
,,,,,,,,,3.6937293729372937e-07,24704,,,,,,,,,
81,,,,,,,,,,24704,0.01114237867295742,,,,,,,,
,,,,,,,,,3.69042904290429e-07,24709,,,,,,,,,
81,,,,,,,,,,24709,0.0026796322781592607,,,,,,,,
,,,,,,,,,3.6871287128712867e-07,24714,,,,,,,,,
81,,,,,,,,,,24714,0.005152645520865917,,,,,,,,
,,,,,,,,,3.683828382838284e-07,24719,,,,,,,,,
81,,,,,,,,,,24719,0.009859051555395126,,,,,,,,
,,,,,,,,,3.68052805280528e-07,24724,,,,,,,,,
81,,,,,,,,,,24724,0.011747084558010101,,,,,,,,
,,,,,,,,,3.677227722772277e-07,24729,,,,,,,,,
81,,,,,,,,,,24729,0.011016353964805603,,,,,,,,
,,,,,,,,,3.673927392739274e-07,24734,,,,,,,,,
81,,,,,,,,,,24734,0.005429354961961508,,,,,,,,
,,,,,,,,,3.67062706270627e-07,24739,,,,,,,,,
81,,,,,,,,,,24739,0.01530150230973959,,,,,,,,
,,,,,,,,,3.6673267326732673e-07,24744,,,,,,,,,
81,,,,,,,,,,24744,0.0028129150159657,,,,,,,,
,,,,,,,,,3.664026402640264e-07,24749,,,,,,,,,
81,,,,,,,,,,24749,0.03596816956996918,,,,,,,,
,,,,,,,,,3.6607260726072603e-07,24754,,,,,,,,,
81,,,,,,,,,,24754,0.005892859771847725,,,,,,,,
,,,,,,,,,3.657425742574257e-07,24759,,,,,,,,,
81,,,,,,,,,,24759,0.002327705267816782,,,,,,,,
,,,,,,,,,3.654125412541254e-07,24764,,,,,,,,,
81,,,,,,,,,,24764,0.031911853700876236,,,,,,,,
,,,,,,,,,3.65082508250825e-07,24769,,,,,,,,,
81,,,,,,,,,,24769,0.009662567637860775,,,,,,,,
,,,,,,,,,3.6475247524752474e-07,24774,,,,,,,,,
81,,,,,,,,,,24774,0.007077835965901613,,,,,,,,
,,,,,,,,,3.644224422442244e-07,24779,,,,,,,,,
81,,,,,,,,,,24779,0.0018231307622045279,,,,,,,,
,,,,,,,,,3.640924092409241e-07,24784,,,,,,,,,
81,,,,,,,,,,24784,0.013483410701155663,,,,,,,,
,,,,,,,,,3.637623762376237e-07,24789,,,,,,,,,
81,,,,,,,,,,24789,0.022466152906417847,,,,,,,,
,,,,,,,,,3.634323432343234e-07,24794,,,,,,,,,
81,,,,,,,,,,24794,0.01973438449203968,,,,,,,,
,,,,,,,,,3.6310231023102313e-07,24799,,,,,,,,,
81,,,,,,,,,,24799,0.001721734181046486,,,,,,,,
,,,,,,,,,3.6277227722772276e-07,24804,,,,,,,,,
81,,,,,,,,,,24804,0.019817238673567772,,,,,,,,
,,,,,,,,,3.6244224422442243e-07,24809,,,,,,,,,
81,,,,,,,,,,24809,0.009465963579714298,,,,,,,,
,,,,,,,,,3.621122112211221e-07,24814,,,,,,,,,
81,,,,,,,,,,24814,0.015978340059518814,,,,,,,,
,,,,,,,,,3.6178217821782174e-07,24819,,,,,,,,,
81,,,,,,,,,,24819,0.0086240004748106,,,,,,,,
,,,,,,,,,3.6145214521452147e-07,24824,,,,,,,,,
81,,,,,,,,,,24824,0.003398531349375844,,,,,,,,
,,,,,,,,,3.6112211221122114e-07,24829,,,,,,,,,
81,,,,,,,,,,24829,0.004412251990288496,,,,,,,,
,,,,,,,,,3.6079207920792077e-07,24834,,,,,,,,,
81,,,,,,,,,,24834,0.03636709228157997,,,,,,,,
,,,,,,,,,3.6046204620462045e-07,24839,,,,,,,,,
81,,,,,,,,,,24839,0.010532393120229244,,,,,,,,
,,,,,,,,,3.601320132013201e-07,24844,,,,,,,,,
81,,,,,,,,,,24844,0.004706402309238911,,,,,,,,
81,,,,,,,,,,24845,,0.6625000238418579,0.70652174949646,0.08652086555957794,0.08652086555957794,0.40431666374206543,0.6914893388748169,0.7222222089767456,0.4028654396533966
,,,,,,,,,3.5980198019801975e-07,24849,,,,,,,,,
82,,,,,,,,,,24849,0.03190174326300621,,,,,,,,
,,,,,,,,,3.594719471947195e-07,24854,,,,,,,,,
82,,,,,,,,,,24854,0.0008668109658174217,,,,,,,,
,,,,,,,,,3.5914191419141916e-07,24859,,,,,,,,,
82,,,,,,,,,,24859,0.0149384755641222,,,,,,,,
,,,,,,,,,3.588118811881188e-07,24864,,,,,,,,,
82,,,,,,,,,,24864,0.01573343761265278,,,,,,,,
,,,,,,,,,3.5848184818481846e-07,24869,,,,,,,,,
82,,,,,,,,,,24869,0.005063104908913374,,,,,,,,
,,,,,,,,,3.5815181518151814e-07,24874,,,,,,,,,
82,,,,,,,,,,24874,0.005083419848233461,,,,,,,,
,,,,,,,,,3.578217821782178e-07,24879,,,,,,,,,
82,,,,,,,,,,24879,0.006913323886692524,,,,,,,,
,,,,,,,,,3.574917491749175e-07,24884,,,,,,,,,
82,,,,,,,,,,24884,0.009933692403137684,,,,,,,,
,,,,,,,,,3.5716171617161717e-07,24889,,,,,,,,,
82,,,,,,,,,,24889,0.002949331421405077,,,,,,,,
,,,,,,,,,3.568316831683168e-07,24894,,,,,,,,,
82,,,,,,,,,,24894,0.023064229637384415,,,,,,,,
,,,,,,,,,3.5650165016501647e-07,24899,,,,,,,,,
82,,,,,,,,,,24899,0.005168757401406765,,,,,,,,
,,,,,,,,,3.561716171617162e-07,24904,,,,,,,,,
82,,,,,,,,,,24904,0.007567040156573057,,,,,,,,
,,,,,,,,,3.558415841584158e-07,24909,,,,,,,,,
82,,,,,,,,,,24909,0.023251540958881378,,,,,,,,
,,,,,,,,,3.555115511551155e-07,24914,,,,,,,,,
82,,,,,,,,,,24914,0.007635028567165136,,,,,,,,
,,,,,,,,,3.551815181518152e-07,24919,,,,,,,,,
82,,,,,,,,,,24919,0.012475157156586647,,,,,,,,
,,,,,,,,,3.548514851485148e-07,24924,,,,,,,,,
82,,,,,,,,,,24924,0.007816744036972523,,,,,,,,
,,,,,,,,,3.545214521452145e-07,24929,,,,,,,,,
82,,,,,,,,,,24929,0.008550540544092655,,,,,,,,
,,,,,,,,,3.541914191419142e-07,24934,,,,,,,,,
82,,,,,,,,,,24934,0.00908595323562622,,,,,,,,
,,,,,,,,,3.5386138613861384e-07,24939,,,,,,,,,
82,,,,,,,,,,24939,0.019352847710251808,,,,,,,,
,,,,,,,,,3.535313531353135e-07,24944,,,,,,,,,
82,,,,,,,,,,24944,0.01706899143755436,,,,,,,,
,,,,,,,,,3.532013201320132e-07,24949,,,,,,,,,
82,,,,,,,,,,24949,0.003575908252969384,,,,,,,,
,,,,,,,,,3.528712871287128e-07,24954,,,,,,,,,
82,,,,,,,,,,24954,0.014665057882666588,,,,,,,,
,,,,,,,,,3.5254125412541255e-07,24959,,,,,,,,,
82,,,,,,,,,,24959,0.0035848580300807953,,,,,,,,
,,,,,,,,,3.522112211221122e-07,24964,,,,,,,,,
82,,,,,,,,,,24964,0.012668008916079998,,,,,,,,
,,,,,,,,,3.5188118811881185e-07,24969,,,,,,,,,
82,,,,,,,,,,24969,0.019527558237314224,,,,,,,,
,,,,,,,,,3.515511551155115e-07,24974,,,,,,,,,
82,,,,,,,,,,24974,0.011410665698349476,,,,,,,,
,,,,,,,,,3.512211221122112e-07,24979,,,,,,,,,
82,,,,,,,,,,24979,0.021792300045490265,,,,,,,,
,,,,,,,,,3.5089108910891083e-07,24984,,,,,,,,,
82,,,,,,,,,,24984,0.0436159186065197,,,,,,,,
,,,,,,,,,3.5056105610561056e-07,24989,,,,,,,,,
82,,,,,,,,,,24989,0.007571370340883732,,,,,,,,
,,,,,,,,,3.5023102310231024e-07,24994,,,,,,,,,
82,,,,,,,,,,24994,0.026545893400907516,,,,,,,,
,,,,,,,,,3.4990099009900986e-07,24999,,,,,,,,,
82,,,,,,,,,,24999,0.006577239837497473,,,,,,,,
,,,,,,,,,3.4957095709570954e-07,25004,,,,,,,,,
82,,,,,,,,,,25004,0.014109741896390915,,,,,,,,
,,,,,,,,,3.492409240924092e-07,25009,,,,,,,,,
82,,,,,,,,,,25009,0.034607451409101486,,,,,,,,
,,,,,,,,,3.489108910891089e-07,25014,,,,,,,,,
82,,,,,,,,,,25014,0.0033319909125566483,,,,,,,,
,,,,,,,,,3.4858085808580857e-07,25019,,,,,,,,,
82,,,,,,,,,,25019,0.012482143938541412,,,,,,,,
,,,,,,,,,3.4825082508250825e-07,25024,,,,,,,,,
82,,,,,,,,,,25024,0.0019905767403542995,,,,,,,,
,,,,,,,,,3.4792079207920787e-07,25029,,,,,,,,,
82,,,,,,,,,,25029,0.018072260543704033,,,,,,,,
,,,,,,,,,3.4759075907590755e-07,25034,,,,,,,,,
82,,,,,,,,,,25034,0.017004691064357758,,,,,,,,
,,,,,,,,,3.472607260726073e-07,25039,,,,,,,,,
82,,,,,,,,,,25039,0.019724316895008087,,,,,,,,
,,,,,,,,,3.469306930693069e-07,25044,,,,,,,,,
82,,,,,,,,,,25044,0.023833084851503372,,,,,,,,
,,,,,,,,,3.466006600660066e-07,25049,,,,,,,,,
82,,,,,,,,,,25049,0.005845682229846716,,,,,,,,
,,,,,,,,,3.4627062706270626e-07,25054,,,,,,,,,
82,,,,,,,,,,25054,0.00783456675708294,,,,,,,,
,,,,,,,,,3.459405940594059e-07,25059,,,,,,,,,
82,,,,,,,,,,25059,0.009870102629065514,,,,,,,,
,,,,,,,,,3.4561056105610556e-07,25064,,,,,,,,,
82,,,,,,,,,,25064,0.004143692087382078,,,,,,,,
,,,,,,,,,3.452805280528053e-07,25069,,,,,,,,,
82,,,,,,,,,,25069,0.006339523009955883,,,,,,,,
,,,,,,,,,3.449504950495049e-07,25074,,,,,,,,,
82,,,,,,,,,,25074,0.003970206715166569,,,,,,,,
,,,,,,,,,3.446204620462046e-07,25079,,,,,,,,,
82,,,,,,,,,,25079,0.013733074069023132,,,,,,,,
,,,,,,,,,3.4429042904290427e-07,25084,,,,,,,,,
82,,,,,,,,,,25084,0.015349914319813251,,,,,,,,
,,,,,,,,,3.439603960396039e-07,25089,,,,,,,,,
82,,,,,,,,,,25089,0.010332002304494381,,,,,,,,
,,,,,,,,,3.4363036303630363e-07,25094,,,,,,,,,
82,,,,,,,,,,25094,0.011821707710623741,,,,,,,,
,,,,,,,,,3.433003300330033e-07,25099,,,,,,,,,
82,,,,,,,,,,25099,0.016557712107896805,,,,,,,,
,,,,,,,,,3.42970297029703e-07,25104,,,,,,,,,
82,,,,,,,,,,25104,0.02561933733522892,,,,,,,,
,,,,,,,,,3.426402640264026e-07,25109,,,,,,,,,
82,,,,,,,,,,25109,0.009305774234235287,,,,,,,,
,,,,,,,,,3.423102310231023e-07,25114,,,,,,,,,
82,,,,,,,,,,25114,0.01745177060365677,,,,,,,,
,,,,,,,,,3.41980198019802e-07,25119,,,,,,,,,
82,,,,,,,,,,25119,0.013130341656506062,,,,,,,,
,,,,,,,,,3.4165016501650164e-07,25124,,,,,,,,,
82,,,,,,,,,,25124,0.01080850325524807,,,,,,,,
,,,,,,,,,3.413201320132013e-07,25129,,,,,,,,,
82,,,,,,,,,,25129,0.015514741651713848,,,,,,,,
,,,,,,,,,3.40990099009901e-07,25134,,,,,,,,,
82,,,,,,,,,,25134,0.020563358440995216,,,,,,,,
,,,,,,,,,3.406600660066006e-07,25139,,,,,,,,,
82,,,,,,,,,,25139,0.011366888880729675,,,,,,,,
,,,,,,,,,3.403300330033003e-07,25144,,,,,,,,,
82,,,,,,,,,,25144,0.005414625629782677,,,,,,,,
82,,,,,,,,,,25148,,0.6625000238418579,0.70652174949646,0.08693211525678635,0.08693211525678635,0.40162715315818787,0.6914893388748169,0.7222222089767456,0.40017274022102356
,,,,,,,,,3.4000000000000003e-07,25149,,,,,,,,,
83,,,,,,,,,,25149,0.007903844118118286,,,,,,,,
,,,,,,,,,3.3966996699669965e-07,25154,,,,,,,,,
83,,,,,,,,,,25154,0.016495445743203163,,,,,,,,
,,,,,,,,,3.3933993399339933e-07,25159,,,,,,,,,
83,,,,,,,,,,25159,0.028886621817946434,,,,,,,,
,,,,,,,,,3.39009900990099e-07,25164,,,,,,,,,
83,,,,,,,,,,25164,0.006540780421346426,,,,,,,,
,,,,,,,,,3.3867986798679863e-07,25169,,,,,,,,,
83,,,,,,,,,,25169,0.012036852538585663,,,,,,,,
,,,,,,,,,3.3834983498349836e-07,25174,,,,,,,,,
83,,,,,,,,,,25174,0.014733457006514072,,,,,,,,
,,,,,,,,,3.3801980198019804e-07,25179,,,,,,,,,
83,,,,,,,,,,25179,0.007743811700493097,,,,,,,,
,,,,,,,,,3.3768976897689766e-07,25184,,,,,,,,,
83,,,,,,,,,,25184,0.005577596835792065,,,,,,,,
,,,,,,,,,3.3735973597359734e-07,25189,,,,,,,,,
83,,,,,,,,,,25189,0.007213488221168518,,,,,,,,
,,,,,,,,,3.37029702970297e-07,25194,,,,,,,,,
83,,,,,,,,,,25194,0.006109368987381458,,,,,,,,
,,,,,,,,,3.3669966996699664e-07,25199,,,,,,,,,
83,,,,,,,,,,25199,0.002613614546135068,,,,,,,,
,,,,,,,,,3.3636963696369637e-07,25204,,,,,,,,,
83,,,,,,,,,,25204,0.006381274666637182,,,,,,,,
,,,,,,,,,3.3603960396039605e-07,25209,,,,,,,,,
83,,,,,,,,,,25209,0.01576387882232666,,,,,,,,
,,,,,,,,,3.357095709570957e-07,25214,,,,,,,,,
83,,,,,,,,,,25214,0.04596502333879471,,,,,,,,
,,,,,,,,,3.3537953795379535e-07,25219,,,,,,,,,
83,,,,,,,,,,25219,0.0064144013449549675,,,,,,,,
,,,,,,,,,3.3504950495049503e-07,25224,,,,,,,,,
83,,,,,,,,,,25224,0.009704208932816982,,,,,,,,
,,,,,,,,,3.347194719471947e-07,25229,,,,,,,,,
83,,,,,,,,,,25229,0.009166406467556953,,,,,,,,
,,,,,,,,,3.343894389438944e-07,25234,,,,,,,,,
83,,,,,,,,,,25234,0.007262885104864836,,,,,,,,
,,,,,,,,,3.3405940594059406e-07,25239,,,,,,,,,
83,,,,,,,,,,25239,0.010634268634021282,,,,,,,,
,,,,,,,,,3.337293729372937e-07,25244,,,,,,,,,
83,,,,,,,,,,25244,0.004653772339224815,,,,,,,,
,,,,,,,,,3.3339933993399337e-07,25249,,,,,,,,,
83,,,,,,,,,,25249,0.024526922032237053,,,,,,,,
,,,,,,,,,3.330693069306931e-07,25254,,,,,,,,,
83,,,,,,,,,,25254,0.03660903871059418,,,,,,,,
,,,,,,,,,3.327392739273927e-07,25259,,,,,,,,,
83,,,,,,,,,,25259,0.03189745172858238,,,,,,,,
,,,,,,,,,3.324092409240924e-07,25264,,,,,,,,,
83,,,,,,,,,,25264,0.018528537824749947,,,,,,,,
,,,,,,,,,3.320792079207921e-07,25269,,,,,,,,,
83,,,,,,,,,,25269,0.009890171699225903,,,,,,,,
,,,,,,,,,3.317491749174917e-07,25274,,,,,,,,,
83,,,,,,,,,,25274,0.013362377882003784,,,,,,,,
,,,,,,,,,3.314191419141914e-07,25279,,,,,,,,,
83,,,,,,,,,,25279,0.015474085696041584,,,,,,,,
,,,,,,,,,3.310891089108911e-07,25284,,,,,,,,,
83,,,,,,,,,,25284,0.01543827261775732,,,,,,,,
,,,,,,,,,3.3075907590759073e-07,25289,,,,,,,,,
83,,,,,,,,,,25289,0.015486753545701504,,,,,,,,
,,,,,,,,,3.304290429042904e-07,25294,,,,,,,,,
83,,,,,,,,,,25294,0.006951432675123215,,,,,,,,
,,,,,,,,,3.300990099009901e-07,25299,,,,,,,,,
83,,,,,,,,,,25299,0.006531550548970699,,,,,,,,
,,,,,,,,,3.297689768976897e-07,25304,,,,,,,,,
83,,,,,,,,,,25304,0.004169211257249117,,,,,,,,
,,,,,,,,,3.2943894389438944e-07,25309,,,,,,,,,
83,,,,,,,,,,25309,0.05280747637152672,,,,,,,,
,,,,,,,,,3.291089108910891e-07,25314,,,,,,,,,
83,,,,,,,,,,25314,0.0064469920471310616,,,,,,,,
,,,,,,,,,3.2877887788778874e-07,25319,,,,,,,,,
83,,,,,,,,,,25319,0.008077820762991905,,,,,,,,
,,,,,,,,,3.284488448844884e-07,25324,,,,,,,,,
83,,,,,,,,,,25324,0.00935010239481926,,,,,,,,
,,,,,,,,,3.281188118811881e-07,25329,,,,,,,,,
83,,,,,,,,,,25329,0.004077866207808256,,,,,,,,
,,,,,,,,,3.277887788778878e-07,25334,,,,,,,,,
83,,,,,,,,,,25334,0.007505888119339943,,,,,,,,
,,,,,,,,,3.2745874587458745e-07,25339,,,,,,,,,
83,,,,,,,,,,25339,0.003920696675777435,,,,,,,,
,,,,,,,,,3.2712871287128713e-07,25344,,,,,,,,,
83,,,,,,,,,,25344,0.013860621489584446,,,,,,,,
,,,,,,,,,3.2679867986798676e-07,25349,,,,,,,,,
83,,,,,,,,,,25349,0.026876088231801987,,,,,,,,
,,,,,,,,,3.2646864686468643e-07,25354,,,,,,,,,
83,,,,,,,,,,25354,0.014761604368686676,,,,,,,,
,,,,,,,,,3.261386138613861e-07,25359,,,,,,,,,
83,,,,,,,,,,25359,0.006448138039559126,,,,,,,,
,,,,,,,,,3.258085808580858e-07,25364,,,,,,,,,
83,,,,,,,,,,25364,0.021728569641709328,,,,,,,,
,,,,,,,,,3.2547854785478547e-07,25369,,,,,,,,,
83,,,,,,,,,,25369,0.008330843411386013,,,,,,,,
,,,,,,,,,3.2514851485148514e-07,25374,,,,,,,,,
83,,,,,,,,,,25374,0.012955954298377037,,,,,,,,
,,,,,,,,,3.2481848184818477e-07,25379,,,,,,,,,
83,,,,,,,,,,25379,0.01750297285616398,,,,,,,,
,,,,,,,,,3.2448844884488445e-07,25384,,,,,,,,,
83,,,,,,,,,,25384,0.0016888404497876763,,,,,,,,
,,,,,,,,,3.241584158415842e-07,25389,,,,,,,,,
83,,,,,,,,,,25389,0.008521237410604954,,,,,,,,
,,,,,,,,,3.238283828382838e-07,25394,,,,,,,,,
83,,,,,,,,,,25394,0.03459290415048599,,,,,,,,
,,,,,,,,,3.234983498349835e-07,25399,,,,,,,,,
83,,,,,,,,,,25399,0.010783934965729713,,,,,,,,
,,,,,,,,,3.2316831683168316e-07,25404,,,,,,,,,
83,,,,,,,,,,25404,0.013868647627532482,,,,,,,,
,,,,,,,,,3.2283828382838283e-07,25409,,,,,,,,,
83,,,,,,,,,,25409,0.008461962454020977,,,,,,,,
,,,,,,,,,3.2250825082508246e-07,25414,,,,,,,,,
83,,,,,,,,,,25414,0.008798771537840366,,,,,,,,
,,,,,,,,,3.221782178217822e-07,25419,,,,,,,,,
83,,,,,,,,,,25419,0.007171059958636761,,,,,,,,
,,,,,,,,,3.2184818481848187e-07,25424,,,,,,,,,
83,,,,,,,,,,25424,0.011653934605419636,,,,,,,,
,,,,,,,,,3.215181518151815e-07,25429,,,,,,,,,
83,,,,,,,,,,25429,0.0074520171619951725,,,,,,,,
,,,,,,,,,3.2118811881188117e-07,25434,,,,,,,,,
83,,,,,,,,,,25434,0.018424123525619507,,,,,,,,
,,,,,,,,,3.2085808580858085e-07,25439,,,,,,,,,
83,,,,,,,,,,25439,0.017975427210330963,,,,,,,,
,,,,,,,,,3.205280528052805e-07,25444,,,,,,,,,
83,,,,,,,,,,25444,0.018780527636408806,,,,,,,,
,,,,,,,,,3.201980198019802e-07,25449,,,,,,,,,
83,,,,,,,,,,25449,0.014896425418555737,,,,,,,,
83,,,,,,,,,,25451,,0.6625000238418579,0.70652174949646,0.08713246136903763,0.08713246136903763,0.40280553698539734,0.6914893388748169,0.7222222089767456,0.40230226516723633
,,,,,,,,,3.198679867986799e-07,25454,,,,,,,,,
84,,,,,,,,,,25454,0.007215176708996296,,,,,,,,
,,,,,,,,,3.195379537953795e-07,25459,,,,,,,,,
84,,,,,,,,,,25459,0.013366895727813244,,,,,,,,
,,,,,,,,,3.192079207920792e-07,25464,,,,,,,,,
84,,,,,,,,,,25464,0.026497405022382736,,,,,,,,
,,,,,,,,,3.188778877887789e-07,25469,,,,,,,,,
84,,,,,,,,,,25469,0.000810243480373174,,,,,,,,
,,,,,,,,,3.1854785478547853e-07,25474,,,,,,,,,
84,,,,,,,,,,25474,0.02562858723104,,,,,,,,
,,,,,,,,,3.182178217821782e-07,25479,,,,,,,,,
84,,,,,,,,,,25479,0.008227547630667686,,,,,,,,
,,,,,,,,,3.178877887788779e-07,25484,,,,,,,,,
84,,,,,,,,,,25484,0.010719094425439835,,,,,,,,
,,,,,,,,,3.175577557755775e-07,25489,,,,,,,,,
84,,,,,,,,,,25489,0.016565995290875435,,,,,,,,
,,,,,,,,,3.172277227722772e-07,25494,,,,,,,,,
84,,,,,,,,,,25494,0.00778005039319396,,,,,,,,
,,,,,,,,,3.168976897689769e-07,25499,,,,,,,,,
84,,,,,,,,,,25499,0.032478731125593185,,,,,,,,
,,,,,,,,,3.1656765676567655e-07,25504,,,,,,,,,
84,,,,,,,,,,25504,0.01346487458795309,,,,,,,,
,,,,,,,,,3.162376237623762e-07,25509,,,,,,,,,
84,,,,,,,,,,25509,0.0123223178088665,,,,,,,,
,,,,,,,,,3.159075907590759e-07,25514,,,,,,,,,
84,,,,,,,,,,25514,0.003306753933429718,,,,,,,,
,,,,,,,,,3.155775577557755e-07,25519,,,,,,,,,
84,,,,,,,,,,25519,0.00516181904822588,,,,,,,,
,,,,,,,,,3.1524752475247526e-07,25524,,,,,,,,,
84,,,,,,,,,,25524,0.014892002567648888,,,,,,,,
,,,,,,,,,3.1491749174917493e-07,25529,,,,,,,,,
84,,,,,,,,,,25529,0.004845108836889267,,,,,,,,
,,,,,,,,,3.1458745874587456e-07,25534,,,,,,,,,
84,,,,,,,,,,25534,0.007023720536381006,,,,,,,,
,,,,,,,,,3.1425742574257424e-07,25539,,,,,,,,,
84,,,,,,,,,,25539,0.005785305518656969,,,,,,,,
,,,,,,,,,3.139273927392739e-07,25544,,,,,,,,,
84,,,,,,,,,,25544,0.006650552619248629,,,,,,,,
,,,,,,,,,3.135973597359736e-07,25549,,,,,,,,,
84,,,,,,,,,,25549,0.020812613889575005,,,,,,,,
,,,,,,,,,3.1326732673267327e-07,25554,,,,,,,,,
84,,,,,,,,,,25554,0.00707192812114954,,,,,,,,
,,,,,,,,,3.1293729372937295e-07,25559,,,,,,,,,
84,,,,,,,,,,25559,0.013165048323571682,,,,,,,,
,,,,,,,,,3.1260726072607257e-07,25564,,,,,,,,,
84,,,,,,,,,,25564,0.011497695930302143,,,,,,,,
,,,,,,,,,3.1227722772277225e-07,25569,,,,,,,,,
84,,,,,,,,,,25569,0.010279440321028233,,,,,,,,
,,,,,,,,,3.119471947194719e-07,25574,,,,,,,,,
84,,,,,,,,,,25574,0.014224749989807606,,,,,,,,
,,,,,,,,,3.116171617161716e-07,25579,,,,,,,,,
84,,,,,,,,,,25579,0.005291685461997986,,,,,,,,
,,,,,,,,,3.112871287128713e-07,25584,,,,,,,,,
84,,,,,,,,,,25584,0.017867568880319595,,,,,,,,
,,,,,,,,,3.1095709570957096e-07,25589,,,,,,,,,
84,,,,,,,,,,25589,0.0039579300209879875,,,,,,,,
,,,,,,,,,3.106270627062706e-07,25594,,,,,,,,,
84,,,,,,,,,,25594,0.04432305321097374,,,,,,,,
,,,,,,,,,3.1029702970297026e-07,25599,,,,,,,,,
84,,,,,,,,,,25599,0.009019927121698856,,,,,,,,
,,,,,,,,,3.0996699669967e-07,25604,,,,,,,,,
84,,,,,,,,,,25604,0.037515103816986084,,,,,,,,
,,,,,,,,,3.096369636963696e-07,25609,,,,,,,,,
84,,,,,,,,,,25609,0.0075567662715911865,,,,,,,,
,,,,,,,,,3.093069306930693e-07,25614,,,,,,,,,
84,,,,,,,,,,25614,0.01227689441293478,,,,,,,,
,,,,,,,,,3.0897689768976897e-07,25619,,,,,,,,,
84,,,,,,,,,,25619,0.01176863070577383,,,,,,,,
,,,,,,,,,3.086468646864686e-07,25624,,,,,,,,,
84,,,,,,,,,,25624,0.018536483868956566,,,,,,,,
,,,,,,,,,3.083168316831683e-07,25629,,,,,,,,,
84,,,,,,,,,,25629,0.006964861415326595,,,,,,,,
,,,,,,,,,3.07986798679868e-07,25634,,,,,,,,,
84,,,,,,,,,,25634,0.010545901022851467,,,,,,,,
,,,,,,,,,3.0765676567656763e-07,25639,,,,,,,,,
84,,,,,,,,,,25639,0.007489791139960289,,,,,,,,
,,,,,,,,,3.073267326732673e-07,25644,,,,,,,,,
84,,,,,,,,,,25644,0.0022080133203417063,,,,,,,,
,,,,,,,,,3.06996699669967e-07,25649,,,,,,,,,
84,,,,,,,,,,25649,0.01305410172790289,,,,,,,,
,,,,,,,,,3.066666666666666e-07,25654,,,,,,,,,
84,,,,,,,,,,25654,0.006588838063180447,,,,,,,,
,,,,,,,,,3.0633663366336634e-07,25659,,,,,,,,,
84,,,,,,,,,,25659,0.03013473004102707,,,,,,,,
,,,,,,,,,3.06006600660066e-07,25664,,,,,,,,,
84,,,,,,,,,,25664,0.03482925891876221,,,,,,,,
,,,,,,,,,3.0567656765676564e-07,25669,,,,,,,,,
84,,,,,,,,,,25669,0.02324306219816208,,,,,,,,
,,,,,,,,,3.053465346534653e-07,25674,,,,,,,,,
84,,,,,,,,,,25674,0.011795376427471638,,,,,,,,
,,,,,,,,,3.05016501650165e-07,25679,,,,,,,,,
84,,,,,,,,,,25679,0.0045149014331400394,,,,,,,,
,,,,,,,,,3.0468646864686467e-07,25684,,,,,,,,,
84,,,,,,,,,,25684,0.02522045373916626,,,,,,,,
,,,,,,,,,3.0435643564356435e-07,25689,,,,,,,,,
84,,,,,,,,,,25689,0.020870741456747055,,,,,,,,
,,,,,,,,,3.0402640264026403e-07,25694,,,,,,,,,
84,,,,,,,,,,25694,0.011633181013166904,,,,,,,,
,,,,,,,,,3.0369636963696365e-07,25699,,,,,,,,,
84,,,,,,,,,,25699,0.0021861903369426727,,,,,,,,
,,,,,,,,,3.0336633663366333e-07,25704,,,,,,,,,
84,,,,,,,,,,25704,0.008869283832609653,,,,,,,,
,,,,,,,,,3.03036303630363e-07,25709,,,,,,,,,
84,,,,,,,,,,25709,0.01743832789361477,,,,,,,,
,,,,,,,,,3.027062706270627e-07,25714,,,,,,,,,
84,,,,,,,,,,25714,0.01863136701285839,,,,,,,,
,,,,,,,,,3.0237623762376236e-07,25719,,,,,,,,,
84,,,,,,,,,,25719,0.004983650520443916,,,,,,,,
,,,,,,,,,3.0204620462046204e-07,25724,,,,,,,,,
84,,,,,,,,,,25724,0.00172628671862185,,,,,,,,
,,,,,,,,,3.017161716171617e-07,25729,,,,,,,,,
84,,,,,,,,,,25729,0.006377102807164192,,,,,,,,
,,,,,,,,,3.0138613861386134e-07,25734,,,,,,,,,
84,,,,,,,,,,25734,0.0066510653123259544,,,,,,,,
,,,,,,,,,3.0105610561056107e-07,25739,,,,,,,,,
84,,,,,,,,,,25739,0.012439112178981304,,,,,,,,
,,,,,,,,,3.0072607260726075e-07,25744,,,,,,,,,
84,,,,,,,,,,25744,0.008241219446063042,,,,,,,,
,,,,,,,,,3.0039603960396037e-07,25749,,,,,,,,,
84,,,,,,,,,,25749,0.03042798489332199,,,,,,,,
,,,,,,,,,3.0006600660066005e-07,25754,,,,,,,,,
84,,,,,,,,,,25754,0.02228855900466442,,,,,,,,
84,,,,,,,,,,25754,,0.6625000238418579,0.70652174949646,0.08713094145059586,0.08713094145059586,0.4002441465854645,0.6914893388748169,0.7222222089767456,0.4007945954799652
,,,,,,,,,2.9973597359735973e-07,25759,,,,,,,,,
85,,,,,,,,,,25759,0.03603139892220497,,,,,,,,
,,,,,,,,,2.994059405940594e-07,25764,,,,,,,,,
85,,,,,,,,,,25764,0.008522064425051212,,,,,,,,
,,,,,,,,,2.990759075907591e-07,25769,,,,,,,,,
85,,,,,,,,,,25769,0.0221776831895113,,,,,,,,
,,,,,,,,,2.9874587458745876e-07,25774,,,,,,,,,
85,,,,,,,,,,25774,0.01866172067821026,,,,,,,,
,,,,,,,,,2.984158415841584e-07,25779,,,,,,,,,
85,,,,,,,,,,25779,0.02055215649306774,,,,,,,,
,,,,,,,,,2.9808580858085806e-07,25784,,,,,,,,,
85,,,,,,,,,,25784,0.012065337039530277,,,,,,,,
,,,,,,,,,2.9775577557755774e-07,25789,,,,,,,,,
85,,,,,,,,,,25789,0.00830104760825634,,,,,,,,
,,,,,,,,,2.974257425742574e-07,25794,,,,,,,,,
85,,,,,,,,,,25794,0.014484025537967682,,,,,,,,
,,,,,,,,,2.970957095709571e-07,25799,,,,,,,,,
85,,,,,,,,,,25799,0.0009589465335011482,,,,,,,,
,,,,,,,,,2.9676567656765677e-07,25804,,,,,,,,,
85,,,,,,,,,,25804,0.002532321959733963,,,,,,,,
,,,,,,,,,2.964356435643564e-07,25809,,,,,,,,,
85,,,,,,,,,,25809,0.012181658297777176,,,,,,,,
,,,,,,,,,2.961056105610561e-07,25814,,,,,,,,,
85,,,,,,,,,,25814,0.025933992117643356,,,,,,,,
,,,,,,,,,2.957755775577558e-07,25819,,,,,,,,,
85,,,,,,,,,,25819,0.011640168726444244,,,,,,,,
,,,,,,,,,2.9544554455445543e-07,25824,,,,,,,,,
85,,,,,,,,,,25824,0.009871451184153557,,,,,,,,
,,,,,,,,,2.951155115511551e-07,25829,,,,,,,,,
85,,,,,,,,,,25829,0.005226070526987314,,,,,,,,
,,,,,,,,,2.947854785478548e-07,25834,,,,,,,,,
85,,,,,,,,,,25834,0.006037264131009579,,,,,,,,
,,,,,,,,,2.944554455445544e-07,25839,,,,,,,,,
85,,,,,,,,,,25839,0.007378456648439169,,,,,,,,
,,,,,,,,,2.9412541254125414e-07,25844,,,,,,,,,
85,,,,,,,,,,25844,0.0026539636310189962,,,,,,,,
,,,,,,,,,2.937953795379538e-07,25849,,,,,,,,,
85,,,,,,,,,,25849,0.00208127754740417,,,,,,,,
,,,,,,,,,2.9346534653465344e-07,25854,,,,,,,,,
85,,,,,,,,,,25854,0.005596144124865532,,,,,,,,
,,,,,,,,,2.931353135313531e-07,25859,,,,,,,,,
85,,,,,,,,,,25859,0.010803415440022945,,,,,,,,
,,,,,,,,,2.928052805280528e-07,25864,,,,,,,,,
85,,,,,,,,,,25864,0.00942221749573946,,,,,,,,
,,,,,,,,,2.924752475247524e-07,25869,,,,,,,,,
85,,,,,,,,,,25869,0.002350935945287347,,,,,,,,
,,,,,,,,,2.9214521452145215e-07,25874,,,,,,,,,
85,,,,,,,,,,25874,0.001988650532439351,,,,,,,,
,,,,,,,,,2.9181518151815183e-07,25879,,,,,,,,,
85,,,,,,,,,,25879,0.024636827409267426,,,,,,,,
,,,,,,,,,2.9148514851485145e-07,25884,,,,,,,,,
85,,,,,,,,,,25884,0.0046395063400268555,,,,,,,,
,,,,,,,,,2.9115511551155113e-07,25889,,,,,,,,,
85,,,,,,,,,,25889,0.018490472808480263,,,,,,,,
,,,,,,,,,2.908250825082508e-07,25894,,,,,,,,,
85,,,,,,,,,,25894,0.011994308792054653,,,,,,,,
,,,,,,,,,2.904950495049505e-07,25899,,,,,,,,,
85,,,,,,,,,,25899,0.020676979795098305,,,,,,,,
,,,,,,,,,2.9016501650165016e-07,25904,,,,,,,,,
85,,,,,,,,,,25904,0.004347630310803652,,,,,,,,
,,,,,,,,,2.8983498349834984e-07,25909,,,,,,,,,
85,,,,,,,,,,25909,0.03462764993309975,,,,,,,,
,,,,,,,,,2.8950495049504947e-07,25914,,,,,,,,,
85,,,,,,,,,,25914,0.00417486485093832,,,,,,,,
,,,,,,,,,2.8917491749174914e-07,25919,,,,,,,,,
85,,,,,,,,,,25919,0.004969390109181404,,,,,,,,
,,,,,,,,,2.888448844884489e-07,25924,,,,,,,,,
85,,,,,,,,,,25924,0.01662502810359001,,,,,,,,
,,,,,,,,,2.885148514851485e-07,25929,,,,,,,,,
85,,,,,,,,,,25929,0.014814576134085655,,,,,,,,
,,,,,,,,,2.881848184818482e-07,25934,,,,,,,,,
85,,,,,,,,,,25934,0.01359730213880539,,,,,,,,
,,,,,,,,,2.8785478547854785e-07,25939,,,,,,,,,
85,,,,,,,,,,25939,0.006443310994654894,,,,,,,,
,,,,,,,,,2.875247524752475e-07,25944,,,,,,,,,
85,,,,,,,,,,25944,0.013508815318346024,,,,,,,,
,,,,,,,,,2.8719471947194716e-07,25949,,,,,,,,,
85,,,,,,,,,,25949,0.01134522631764412,,,,,,,,
,,,,,,,,,2.868646864686469e-07,25954,,,,,,,,,
85,,,,,,,,,,25954,0.006238210014998913,,,,,,,,
,,,,,,,,,2.865346534653465e-07,25959,,,,,,,,,
85,,,,,,,,,,25959,0.024836013093590736,,,,,,,,
,,,,,,,,,2.862046204620462e-07,25964,,,,,,,,,
85,,,,,,,,,,25964,0.012034991756081581,,,,,,,,
,,,,,,,,,2.8587458745874587e-07,25969,,,,,,,,,
85,,,,,,,,,,25969,0.005605088546872139,,,,,,,,
,,,,,,,,,2.855445544554455e-07,25974,,,,,,,,,
85,,,,,,,,,,25974,0.023817742243409157,,,,,,,,
,,,,,,,,,2.852145214521452e-07,25979,,,,,,,,,
85,,,,,,,,,,25979,0.006205171812325716,,,,,,,,
,,,,,,,,,2.848844884488449e-07,25984,,,,,,,,,
85,,,,,,,,,,25984,0.008206814527511597,,,,,,,,
,,,,,,,,,2.845544554455445e-07,25989,,,,,,,,,
85,,,,,,,,,,25989,0.0210077203810215,,,,,,,,
,,,,,,,,,2.842244224422442e-07,25994,,,,,,,,,
85,,,,,,,,,,25994,0.004076410084962845,,,,,,,,
,,,,,,,,,2.838943894389439e-07,25999,,,,,,,,,
85,,,,,,,,,,25999,0.005150769371539354,,,,,,,,
,,,,,,,,,2.835643564356435e-07,26004,,,,,,,,,
85,,,,,,,,,,26004,0.004705626517534256,,,,,,,,
,,,,,,,,,2.8323432343234323e-07,26009,,,,,,,,,
85,,,,,,,,,,26009,0.007407317403703928,,,,,,,,
,,,,,,,,,2.829042904290429e-07,26014,,,,,,,,,
85,,,,,,,,,,26014,0.00660757627338171,,,,,,,,
,,,,,,,,,2.8257425742574253e-07,26019,,,,,,,,,
85,,,,,,,,,,26019,0.0069433520548045635,,,,,,,,
,,,,,,,,,2.822442244224422e-07,26024,,,,,,,,,
85,,,,,,,,,,26024,0.015314009971916676,,,,,,,,
,,,,,,,,,2.819141914191419e-07,26029,,,,,,,,,
85,,,,,,,,,,26029,0.010860881768167019,,,,,,,,
,,,,,,,,,2.8158415841584157e-07,26034,,,,,,,,,
85,,,,,,,,,,26034,0.016297180205583572,,,,,,,,
,,,,,,,,,2.8125412541254124e-07,26039,,,,,,,,,
85,,,,,,,,,,26039,0.010062658227980137,,,,,,,,
,,,,,,,,,2.809240924092409e-07,26044,,,,,,,,,
85,,,,,,,,,,26044,0.011476544663310051,,,,,,,,
,,,,,,,,,2.805940594059406e-07,26049,,,,,,,,,
85,,,,,,,,,,26049,0.002984515391290188,,,,,,,,
,,,,,,,,,2.802640264026402e-07,26054,,,,,,,,,
85,,,,,,,,,,26054,0.008503053337335587,,,,,,,,
85,,,,,,,,,,26057,,0.6625000238418579,0.70652174949646,0.08754073828458786,0.08754073828458786,0.40905383229255676,0.6914893388748169,0.7222222089767456,0.4084077775478363
,,,,,,,,,2.7993399339933995e-07,26059,,,,,,,,,
86,,,,,,,,,,26059,0.02024911716580391,,,,,,,,
,,,,,,,,,2.7960396039603963e-07,26064,,,,,,,,,
86,,,,,,,,,,26064,0.008486216887831688,,,,,,,,
,,,,,,,,,2.7927392739273926e-07,26069,,,,,,,,,
86,,,,,,,,,,26069,0.007659064140170813,,,,,,,,
,,,,,,,,,2.7894389438943893e-07,26074,,,,,,,,,
86,,,,,,,,,,26074,0.006730965338647366,,,,,,,,
,,,,,,,,,2.786138613861386e-07,26079,,,,,,,,,
86,,,,,,,,,,26079,0.01716741919517517,,,,,,,,
,,,,,,,,,2.7828382838283824e-07,26084,,,,,,,,,
86,,,,,,,,,,26084,0.01266863476485014,,,,,,,,
,,,,,,,,,2.7795379537953797e-07,26089,,,,,,,,,
86,,,,,,,,,,26089,0.0040020085871219635,,,,,,,,
,,,,,,,,,2.7762376237623764e-07,26094,,,,,,,,,
86,,,,,,,,,,26094,0.005002205725759268,,,,,,,,
,,,,,,,,,2.7729372937293727e-07,26099,,,,,,,,,
86,,,,,,,,,,26099,0.012397651560604572,,,,,,,,
,,,,,,,,,2.7696369636963695e-07,26104,,,,,,,,,
86,,,,,,,,,,26104,0.01189935952425003,,,,,,,,
,,,,,,,,,2.766336633663366e-07,26109,,,,,,,,,
86,,,,,,,,,,26109,0.011697298847138882,,,,,,,,
,,,,,,,,,2.763036303630363e-07,26114,,,,,,,,,
86,,,,,,,,,,26114,0.0087531553581357,,,,,,,,
,,,,,,,,,2.75973597359736e-07,26119,,,,,,,,,
86,,,,,,,,,,26119,0.01693396456539631,,,,,,,,
,,,,,,,,,2.7564356435643566e-07,26124,,,,,,,,,
86,,,,,,,,,,26124,0.01407913863658905,,,,,,,,
,,,,,,,,,2.753135313531353e-07,26129,,,,,,,,,
86,,,,,,,,,,26129,0.01441686600446701,,,,,,,,
,,,,,,,,,2.7498349834983496e-07,26134,,,,,,,,,
86,,,,,,,,,,26134,0.012881378643214703,,,,,,,,
,,,,,,,,,2.746534653465347e-07,26139,,,,,,,,,
86,,,,,,,,,,26139,0.0010052063735201955,,,,,,,,
,,,,,,,,,2.743234323432343e-07,26144,,,,,,,,,
86,,,,,,,,,,26144,0.010966653935611248,,,,,,,,
,,,,,,,,,2.73993399339934e-07,26149,,,,,,,,,
86,,,,,,,,,,26149,0.02142561413347721,,,,,,,,
,,,,,,,,,2.7366336633663367e-07,26154,,,,,,,,,
86,,,,,,,,,,26154,0.022614480927586555,,,,,,,,
,,,,,,,,,2.733333333333333e-07,26159,,,,,,,,,
86,,,,,,,,,,26159,0.030301924794912338,,,,,,,,
,,,,,,,,,2.7300330033003297e-07,26164,,,,,,,,,
86,,,,,,,,,,26164,0.007790530566126108,,,,,,,,
,,,,,,,,,2.726732673267327e-07,26169,,,,,,,,,
86,,,,,,,,,,26169,0.003911810927093029,,,,,,,,
,,,,,,,,,2.723432343234323e-07,26174,,,,,,,,,
86,,,,,,,,,,26174,0.004090127069503069,,,,,,,,
,,,,,,,,,2.72013201320132e-07,26179,,,,,,,,,
86,,,,,,,,,,26179,0.005060115363448858,,,,,,,,
,,,,,,,,,2.716831683168317e-07,26184,,,,,,,,,
86,,,,,,,,,,26184,0.02800094708800316,,,,,,,,
,,,,,,,,,2.713531353135313e-07,26189,,,,,,,,,
86,,,,,,,,,,26189,0.001265208120457828,,,,,,,,
,,,,,,,,,2.7102310231023104e-07,26194,,,,,,,,,
86,,,,,,,,,,26194,0.004107558634132147,,,,,,,,
,,,,,,,,,2.706930693069307e-07,26199,,,,,,,,,
86,,,,,,,,,,26199,0.02103225141763687,,,,,,,,
,,,,,,,,,2.7036303630363034e-07,26204,,,,,,,,,
86,,,,,,,,,,26204,0.0029691574163734913,,,,,,,,
,,,,,,,,,2.7003300330033e-07,26209,,,,,,,,,
86,,,,,,,,,,26209,0.014376792125403881,,,,,,,,
,,,,,,,,,2.697029702970297e-07,26214,,,,,,,,,
86,,,,,,,,,,26214,0.003859688062220812,,,,,,,,
,,,,,,,,,2.693729372937293e-07,26219,,,,,,,,,
86,,,,,,,,,,26219,0.008275371976196766,,,,,,,,
,,,,,,,,,2.6904290429042905e-07,26224,,,,,,,,,
86,,,,,,,,,,26224,0.009214301593601704,,,,,,,,
,,,,,,,,,2.687128712871287e-07,26229,,,,,,,,,
86,,,,,,,,,,26229,0.017243288457393646,,,,,,,,
,,,,,,,,,2.6838283828382835e-07,26234,,,,,,,,,
86,,,,,,,,,,26234,0.031397152692079544,,,,,,,,
,,,,,,,,,2.6805280528052803e-07,26239,,,,,,,,,
86,,,,,,,,,,26239,0.0019473355496302247,,,,,,,,
,,,,,,,,,2.677227722772277e-07,26244,,,,,,,,,
86,,,,,,,,,,26244,0.014684509485960007,,,,,,,,
,,,,,,,,,2.673927392739274e-07,26249,,,,,,,,,
86,,,,,,,,,,26249,0.0032296478748321533,,,,,,,,
,,,,,,,,,2.6706270627062706e-07,26254,,,,,,,,,
86,,,,,,,,,,26254,0.01787848025560379,,,,,,,,
,,,,,,,,,2.6673267326732674e-07,26259,,,,,,,,,
86,,,,,,,,,,26259,0.01763136498630047,,,,,,,,
,,,,,,,,,2.6640264026402636e-07,26264,,,,,,,,,
86,,,,,,,,,,26264,0.02368653006851673,,,,,,,,
,,,,,,,,,2.6607260726072604e-07,26269,,,,,,,,,
86,,,,,,,,,,26269,0.04672546684741974,,,,,,,,
,,,,,,,,,2.6574257425742577e-07,26274,,,,,,,,,
86,,,,,,,,,,26274,0.006782589480280876,,,,,,,,
,,,,,,,,,2.654125412541254e-07,26279,,,,,,,,,
86,,,,,,,,,,26279,0.021679090335965157,,,,,,,,
,,,,,,,,,2.6508250825082507e-07,26284,,,,,,,,,
86,,,,,,,,,,26284,0.003262591315433383,,,,,,,,
,,,,,,,,,2.6475247524752475e-07,26289,,,,,,,,,
86,,,,,,,,,,26289,0.0143720218911767,,,,,,,,
,,,,,,,,,2.6442244224422437e-07,26294,,,,,,,,,
86,,,,,,,,,,26294,0.008428949862718582,,,,,,,,
,,,,,,,,,2.6409240924092405e-07,26299,,,,,,,,,
86,,,,,,,,,,26299,0.01672808639705181,,,,,,,,
,,,,,,,,,2.637623762376238e-07,26304,,,,,,,,,
86,,,,,,,,,,26304,0.023540906608104706,,,,,,,,
,,,,,,,,,2.634323432343234e-07,26309,,,,,,,,,
86,,,,,,,,,,26309,0.0061489553190767765,,,,,,,,
,,,,,,,,,2.631023102310231e-07,26314,,,,,,,,,
86,,,,,,,,,,26314,0.016989445313811302,,,,,,,,
,,,,,,,,,2.6277227722772276e-07,26319,,,,,,,,,
86,,,,,,,,,,26319,0.0062055387534201145,,,,,,,,
,,,,,,,,,2.624422442244224e-07,26324,,,,,,,,,
86,,,,,,,,,,26324,0.02617386355996132,,,,,,,,
,,,,,,,,,2.621122112211221e-07,26329,,,,,,,,,
86,,,,,,,,,,26329,0.004913991317152977,,,,,,,,
,,,,,,,,,2.617821782178218e-07,26334,,,,,,,,,
86,,,,,,,,,,26334,0.0026104552671313286,,,,,,,,
,,,,,,,,,2.614521452145214e-07,26339,,,,,,,,,
86,,,,,,,,,,26339,0.003482647705823183,,,,,,,,
,,,,,,,,,2.611221122112211e-07,26344,,,,,,,,,
86,,,,,,,,,,26344,0.008600162342190742,,,,,,,,
,,,,,,,,,2.6079207920792077e-07,26349,,,,,,,,,
86,,,,,,,,,,26349,0.03453456610441208,,,,,,,,
,,,,,,,,,2.604620462046204e-07,26354,,,,,,,,,
86,,,,,,,,,,26354,0.007260420359671116,,,,,,,,
,,,,,,,,,2.6013201320132013e-07,26359,,,,,,,,,
86,,,,,,,,,,26359,0.01037475187331438,,,,,,,,
86,,,,,,,,,,26360,,0.6625000238418579,0.70652174949646,0.08678537607192993,0.08678537607192993,0.4020479619503021,0.6914893388748169,0.7222222089767456,0.40174055099487305
,,,,,,,,,2.598019801980198e-07,26364,,,,,,,,,
87,,,,,,,,,,26364,0.008545986376702785,,,,,,,,
,,,,,,,,,2.594719471947195e-07,26369,,,,,,,,,
87,,,,,,,,,,26369,0.0020972411148250103,,,,,,,,
,,,,,,,,,2.591419141914191e-07,26374,,,,,,,,,
87,,,,,,,,,,26374,0.011150559410452843,,,,,,,,
,,,,,,,,,2.588118811881188e-07,26379,,,,,,,,,
87,,,,,,,,,,26379,0.006752008572220802,,,,,,,,
,,,,,,,,,2.584818481848185e-07,26384,,,,,,,,,
87,,,,,,,,,,26384,0.005885451100766659,,,,,,,,
,,,,,,,,,2.5815181518151814e-07,26389,,,,,,,,,
87,,,,,,,,,,26389,0.02621292509138584,,,,,,,,
,,,,,,,,,2.578217821782178e-07,26394,,,,,,,,,
87,,,,,,,,,,26394,0.008696142584085464,,,,,,,,
,,,,,,,,,2.574917491749175e-07,26399,,,,,,,,,
87,,,,,,,,,,26399,0.004454782232642174,,,,,,,,
,,,,,,,,,2.571617161716171e-07,26404,,,,,,,,,
87,,,,,,,,,,26404,0.0062876115553081036,,,,,,,,
,,,,,,,,,2.5683168316831685e-07,26409,,,,,,,,,
87,,,,,,,,,,26409,0.015938954427838326,,,,,,,,
,,,,,,,,,2.5650165016501653e-07,26414,,,,,,,,,
87,,,,,,,,,,26414,0.01932344399392605,,,,,,,,
,,,,,,,,,2.5617161716171615e-07,26419,,,,,,,,,
87,,,,,,,,,,26419,0.01474432460963726,,,,,,,,
,,,,,,,,,2.5584158415841583e-07,26424,,,,,,,,,
87,,,,,,,,,,26424,0.010762155055999756,,,,,,,,
,,,,,,,,,2.555115511551155e-07,26429,,,,,,,,,
87,,,,,,,,,,26429,0.014085819013416767,,,,,,,,
,,,,,,,,,2.5518151815181513e-07,26434,,,,,,,,,
87,,,,,,,,,,26434,0.0067509617656469345,,,,,,,,
,,,,,,,,,2.5485148514851486e-07,26439,,,,,,,,,
87,,,,,,,,,,26439,0.005534961353987455,,,,,,,,
,,,,,,,,,2.5452145214521454e-07,26444,,,,,,,,,
87,,,,,,,,,,26444,0.010168214328587055,,,,,,,,
,,,,,,,,,2.5419141914191416e-07,26449,,,,,,,,,
87,,,,,,,,,,26449,0.004093980882316828,,,,,,,,
,,,,,,,,,2.5386138613861384e-07,26454,,,,,,,,,
87,,,,,,,,,,26454,0.003919983748346567,,,,,,,,
,,,,,,,,,2.535313531353135e-07,26459,,,,,,,,,
87,,,,,,,,,,26459,0.02357369475066662,,,,,,,,
,,,,,,,,,2.532013201320132e-07,26464,,,,,,,,,
87,,,,,,,,,,26464,0.02258533239364624,,,,,,,,
,,,,,,,,,2.528712871287129e-07,26469,,,,,,,,,
87,,,,,,,,,,26469,0.015159686096012592,,,,,,,,
,,,,,,,,,2.5254125412541255e-07,26474,,,,,,,,,
87,,,,,,,,,,26474,0.004354466218501329,,,,,,,,
,,,,,,,,,2.522112211221122e-07,26479,,,,,,,,,
87,,,,,,,,,,26479,0.003265903564170003,,,,,,,,
,,,,,,,,,2.5188118811881185e-07,26484,,,,,,,,,
87,,,,,,,,,,26484,0.006620676722377539,,,,,,,,
,,,,,,,,,2.515511551155116e-07,26489,,,,,,,,,
87,,,,,,,,,,26489,0.004872564226388931,,,,,,,,
,,,,,,,,,2.512211221122112e-07,26494,,,,,,,,,
87,,,,,,,,,,26494,0.0068004499189555645,,,,,,,,
,,,,,,,,,2.508910891089109e-07,26499,,,,,,,,,
87,,,,,,,,,,26499,0.012478680349886417,,,,,,,,
,,,,,,,,,2.5056105610561056e-07,26504,,,,,,,,,
87,,,,,,,,,,26504,0.006761579308658838,,,,,,,,
,,,,,,,,,2.502310231023102e-07,26509,,,,,,,,,
87,,,,,,,,,,26509,0.010581622831523418,,,,,,,,
,,,,,,,,,2.4990099009900987e-07,26514,,,,,,,,,
87,,,,,,,,,,26514,0.020457416772842407,,,,,,,,
,,,,,,,,,2.4957095709570954e-07,26519,,,,,,,,,
87,,,,,,,,,,26519,0.007426752243191004,,,,,,,,
,,,,,,,,,2.492409240924092e-07,26524,,,,,,,,,
87,,,,,,,,,,26524,0.03168121725320816,,,,,,,,
,,,,,,,,,2.489108910891089e-07,26529,,,,,,,,,
87,,,,,,,,,,26529,0.05517406761646271,,,,,,,,
,,,,,,,,,2.485808580858086e-07,26534,,,,,,,,,
87,,,,,,,,,,26534,0.004849310964345932,,,,,,,,
,,,,,,,,,2.4825082508250825e-07,26539,,,,,,,,,
87,,,,,,,,,,26539,0.03432014212012291,,,,,,,,
,,,,,,,,,2.4792079207920793e-07,26544,,,,,,,,,
87,,,,,,,,,,26544,0.01292272936552763,,,,,,,,
,,,,,,,,,2.4759075907590755e-07,26549,,,,,,,,,
87,,,,,,,,,,26549,0.008193857967853546,,,,,,,,
,,,,,,,,,2.4726072607260723e-07,26554,,,,,,,,,
87,,,,,,,,,,26554,0.006286827381700277,,,,,,,,
,,,,,,,,,2.469306930693069e-07,26559,,,,,,,,,
87,,,,,,,,,,26559,0.0013193006161600351,,,,,,,,
,,,,,,,,,2.466006600660066e-07,26564,,,,,,,,,
87,,,,,,,,,,26564,0.01997818611562252,,,,,,,,
,,,,,,,,,2.4627062706270626e-07,26569,,,,,,,,,
87,,,,,,,,,,26569,0.0025900141336023808,,,,,,,,
,,,,,,,,,2.4594059405940594e-07,26574,,,,,,,,,
87,,,,,,,,,,26574,0.003461632411926985,,,,,,,,
,,,,,,,,,2.4561056105610557e-07,26579,,,,,,,,,
87,,,,,,,,,,26579,0.01051523257046938,,,,,,,,
,,,,,,,,,2.452805280528053e-07,26584,,,,,,,,,
87,,,,,,,,,,26584,0.010501493699848652,,,,,,,,
,,,,,,,,,2.449504950495049e-07,26589,,,,,,,,,
87,,,,,,,,,,26589,0.014074387960135937,,,,,,,,
,,,,,,,,,2.446204620462046e-07,26594,,,,,,,,,
87,,,,,,,,,,26594,0.006864835042506456,,,,,,,,
,,,,,,,,,2.442904290429043e-07,26599,,,,,,,,,
87,,,,,,,,,,26599,0.003565134247764945,,,,,,,,
,,,,,,,,,2.4396039603960395e-07,26604,,,,,,,,,
87,,,,,,,,,,26604,0.005653588566929102,,,,,,,,
,,,,,,,,,2.4363036303630363e-07,26609,,,,,,,,,
87,,,,,,,,,,26609,0.009081009775400162,,,,,,,,
,,,,,,,,,2.433003300330033e-07,26614,,,,,,,,,
87,,,,,,,,,,26614,0.009131490252912045,,,,,,,,
,,,,,,,,,2.4297029702970293e-07,26619,,,,,,,,,
87,,,,,,,,,,26619,0.010848550125956535,,,,,,,,
,,,,,,,,,2.4264026402640266e-07,26624,,,,,,,,,
87,,,,,,,,,,26624,0.03930756449699402,,,,,,,,
,,,,,,,,,2.423102310231023e-07,26629,,,,,,,,,
87,,,,,,,,,,26629,0.018444247543811798,,,,,,,,
,,,,,,,,,2.4198019801980197e-07,26634,,,,,,,,,
87,,,,,,,,,,26634,0.016927914693951607,,,,,,,,
,,,,,,,,,2.4165016501650164e-07,26639,,,,,,,,,
87,,,,,,,,,,26639,0.020981332287192345,,,,,,,,
,,,,,,,,,2.413201320132013e-07,26644,,,,,,,,,
87,,,,,,,,,,26644,0.003890078514814377,,,,,,,,
,,,,,,,,,2.4099009900990095e-07,26649,,,,,,,,,
87,,,,,,,,,,26649,0.008184235543012619,,,,,,,,
,,,,,,,,,2.406600660066007e-07,26654,,,,,,,,,
87,,,,,,,,,,26654,0.008396932855248451,,,,,,,,
,,,,,,,,,2.403300330033003e-07,26659,,,,,,,,,
87,,,,,,,,,,26659,0.022385213524103165,,,,,,,,
87,,,,,,,,,,26663,,0.6625000238418579,0.70652174949646,0.08745864778757095,0.08745864778757095,0.4043533205986023,0.6914893388748169,0.7222222089767456,0.40343156456947327
,,,,,,,,,2.4e-07,26664,,,,,,,,,
88,,,,,,,,,,26664,0.005396346095949411,,,,,,,,
,,,,,,,,,2.3966996699669966e-07,26669,,,,,,,,,
88,,,,,,,,,,26669,0.009535492397844791,,,,,,,,
,,,,,,,,,2.3933993399339933e-07,26674,,,,,,,,,
88,,,,,,,,,,26674,0.013370522297918797,,,,,,,,
,,,,,,,,,2.39009900990099e-07,26679,,,,,,,,,
88,,,,,,,,,,26679,0.0050506447441875935,,,,,,,,
,,,,,,,,,2.386798679867987e-07,26684,,,,,,,,,
88,,,,,,,,,,26684,0.01853102073073387,,,,,,,,
,,,,,,,,,2.3834983498349834e-07,26689,,,,,,,,,
88,,,,,,,,,,26689,0.01829943247139454,,,,,,,,
,,,,,,,,,2.38019801980198e-07,26694,,,,,,,,,
88,,,,,,,,,,26694,0.0069197709672153,,,,,,,,
,,,,,,,,,2.376897689768977e-07,26699,,,,,,,,,
88,,,,,,,,,,26699,0.004826778080314398,,,,,,,,
,,,,,,,,,2.3735973597359735e-07,26704,,,,,,,,,
88,,,,,,,,,,26704,0.027255263179540634,,,,,,,,
,,,,,,,,,2.37029702970297e-07,26709,,,,,,,,,
88,,,,,,,,,,26709,0.006174125242978334,,,,,,,,
,,,,,,,,,2.366996699669967e-07,26714,,,,,,,,,
88,,,,,,,,,,26714,0.021023597568273544,,,,,,,,
,,,,,,,,,2.3636963696369635e-07,26719,,,,,,,,,
88,,,,,,,,,,26719,0.026418602094054222,,,,,,,,
,,,,,,,,,2.3603960396039603e-07,26724,,,,,,,,,
88,,,,,,,,,,26724,0.0070161293260753155,,,,,,,,
,,,,,,,,,2.357095709570957e-07,26729,,,,,,,,,
88,,,,,,,,,,26729,0.0032740039750933647,,,,,,,,
,,,,,,,,,2.3537953795379536e-07,26734,,,,,,,,,
88,,,,,,,,,,26734,0.008236071094870567,,,,,,,,
,,,,,,,,,2.3504950495049504e-07,26739,,,,,,,,,
88,,,,,,,,,,26739,0.021371232345700264,,,,,,,,
,,,,,,,,,2.347194719471947e-07,26744,,,,,,,,,
88,,,,,,,,,,26744,0.01224453840404749,,,,,,,,
,,,,,,,,,2.3438943894389436e-07,26749,,,,,,,,,
88,,,,,,,,,,26749,0.023420125246047974,,,,,,,,
,,,,,,,,,2.3405940594059407e-07,26754,,,,,,,,,
88,,,,,,,,,,26754,0.009076164104044437,,,,,,,,
,,,,,,,,,2.3372937293729372e-07,26759,,,,,,,,,
88,,,,,,,,,,26759,0.032468557357788086,,,,,,,,
,,,,,,,,,2.333993399339934e-07,26764,,,,,,,,,
88,,,,,,,,,,26764,0.01900462806224823,,,,,,,,
,,,,,,,,,2.3306930693069307e-07,26769,,,,,,,,,
88,,,,,,,,,,26769,0.010726558975875378,,,,,,,,
,,,,,,,,,2.3273927392739272e-07,26774,,,,,,,,,
88,,,,,,,,,,26774,0.01520820613950491,,,,,,,,
,,,,,,,,,2.324092409240924e-07,26779,,,,,,,,,
88,,,,,,,,,,26779,0.032876867800951004,,,,,,,,
,,,,,,,,,2.3207920792079208e-07,26784,,,,,,,,,
88,,,,,,,,,,26784,0.008874332532286644,,,,,,,,
,,,,,,,,,2.3174917491749173e-07,26789,,,,,,,,,
88,,,,,,,,,,26789,0.054252222180366516,,,,,,,,
,,,,,,,,,2.314191419141914e-07,26794,,,,,,,,,
88,,,,,,,,,,26794,0.01301331166177988,,,,,,,,
,,,,,,,,,2.3108910891089109e-07,26799,,,,,,,,,
88,,,,,,,,,,26799,0.008309307508170605,,,,,,,,
,,,,,,,,,2.3075907590759076e-07,26804,,,,,,,,,
88,,,,,,,,,,26804,0.03841104358434677,,,,,,,,
,,,,,,,,,2.3042904290429041e-07,26809,,,,,,,,,
88,,,,,,,,,,26809,0.029197923839092255,,,,,,,,
,,,,,,,,,2.300990099009901e-07,26814,,,,,,,,,
88,,,,,,,,,,26814,0.006234319414943457,,,,,,,,
,,,,,,,,,2.2976897689768977e-07,26819,,,,,,,,,
88,,,,,,,,,,26819,0.014562387019395828,,,,,,,,
,,,,,,,,,2.2943894389438942e-07,26824,,,,,,,,,
88,,,,,,,,,,26824,0.003996484912931919,,,,,,,,
,,,,,,,,,2.291089108910891e-07,26829,,,,,,,,,
88,,,,,,,,,,26829,0.008088828064501286,,,,,,,,
,,,,,,,,,2.2877887788778878e-07,26834,,,,,,,,,
88,,,,,,,,,,26834,0.0071350568905472755,,,,,,,,
,,,,,,,,,2.2844884488448843e-07,26839,,,,,,,,,
88,,,,,,,,,,26839,0.01053673680871725,,,,,,,,
,,,,,,,,,2.281188118811881e-07,26844,,,,,,,,,
88,,,,,,,,,,26844,0.019262302666902542,,,,,,,,
,,,,,,,,,2.2778877887788778e-07,26849,,,,,,,,,
88,,,,,,,,,,26849,0.0053737955167889595,,,,,,,,
,,,,,,,,,2.2745874587458743e-07,26854,,,,,,,,,
88,,,,,,,,,,26854,0.00792779866605997,,,,,,,,
,,,,,,,,,2.2712871287128714e-07,26859,,,,,,,,,
88,,,,,,,,,,26859,0.003859075019136071,,,,,,,,
,,,,,,,,,2.267986798679868e-07,26864,,,,,,,,,
88,,,,,,,,,,26864,0.0056724934838712215,,,,,,,,
,,,,,,,,,2.2646864686468644e-07,26869,,,,,,,,,
88,,,,,,,,,,26869,0.009062185883522034,,,,,,,,
,,,,,,,,,2.2613861386138614e-07,26874,,,,,,,,,
88,,,,,,,,,,26874,0.003950976300984621,,,,,,,,
,,,,,,,,,2.258085808580858e-07,26879,,,,,,,,,
88,,,,,,,,,,26879,0.0289232786744833,,,,,,,,
,,,,,,,,,2.2547854785478544e-07,26884,,,,,,,,,
88,,,,,,,,,,26884,0.038354527205228806,,,,,,,,
,,,,,,,,,2.2514851485148515e-07,26889,,,,,,,,,
88,,,,,,,,,,26889,0.011912939138710499,,,,,,,,
,,,,,,,,,2.248184818481848e-07,26894,,,,,,,,,
88,,,,,,,,,,26894,0.019325697794556618,,,,,,,,
,,,,,,,,,2.2448844884488448e-07,26899,,,,,,,,,
88,,,,,,,,,,26899,0.008281029760837555,,,,,,,,
,,,,,,,,,2.2415841584158415e-07,26904,,,,,,,,,
88,,,,,,,,,,26904,0.0012934807455167174,,,,,,,,
,,,,,,,,,2.238283828382838e-07,26909,,,,,,,,,
88,,,,,,,,,,26909,0.003031329484656453,,,,,,,,
,,,,,,,,,2.234983498349835e-07,26914,,,,,,,,,
88,,,,,,,,,,26914,0.013220720924437046,,,,,,,,
,,,,,,,,,2.2316831683168316e-07,26919,,,,,,,,,
88,,,,,,,,,,26919,0.005299790296703577,,,,,,,,
,,,,,,,,,2.228382838283828e-07,26924,,,,,,,,,
88,,,,,,,,,,26924,0.022443288937211037,,,,,,,,
,,,,,,,,,2.2250825082508252e-07,26929,,,,,,,,,
88,,,,,,,,,,26929,0.0063881659880280495,,,,,,,,
,,,,,,,,,2.2217821782178217e-07,26934,,,,,,,,,
88,,,,,,,,,,26934,0.02383221872150898,,,,,,,,
,,,,,,,,,2.2184818481848184e-07,26939,,,,,,,,,
88,,,,,,,,,,26939,0.022932155057787895,,,,,,,,
,,,,,,,,,2.2151815181518152e-07,26944,,,,,,,,,
88,,,,,,,,,,26944,0.010488525032997131,,,,,,,,
,,,,,,,,,2.2118811881188117e-07,26949,,,,,,,,,
88,,,,,,,,,,26949,0.00822453759610653,,,,,,,,
,,,,,,,,,2.2085808580858085e-07,26954,,,,,,,,,
88,,,,,,,,,,26954,0.013832302764058113,,,,,,,,
,,,,,,,,,2.2052805280528053e-07,26959,,,,,,,,,
88,,,,,,,,,,26959,0.0057062976993620396,,,,,,,,
,,,,,,,,,2.2019801980198018e-07,26964,,,,,,,,,
88,,,,,,,,,,26964,0.02035803534090519,,,,,,,,
88,,,,,,,,,,26966,,0.6625000238418579,0.70652174949646,0.08724631369113922,0.08724631369113922,0.40181291103363037,0.6914893388748169,0.7222222089767456,0.40205734968185425
,,,,,,,,,2.1986798679867986e-07,26969,,,,,,,,,
89,,,,,,,,,,26969,0.016980092972517014,,,,,,,,
,,,,,,,,,2.1953795379537953e-07,26974,,,,,,,,,
89,,,,,,,,,,26974,0.004116205498576164,,,,,,,,
,,,,,,,,,2.192079207920792e-07,26979,,,,,,,,,
89,,,,,,,,,,26979,0.0365106537938118,,,,,,,,
,,,,,,,,,2.1887788778877886e-07,26984,,,,,,,,,
89,,,,,,,,,,26984,0.0018405214650556445,,,,,,,,
,,,,,,,,,2.1854785478547854e-07,26989,,,,,,,,,
89,,,,,,,,,,26989,0.020319700241088867,,,,,,,,
,,,,,,,,,2.1821782178217822e-07,26994,,,,,,,,,
89,,,,,,,,,,26994,0.004464412573724985,,,,,,,,
,,,,,,,,,2.1788778877887787e-07,26999,,,,,,,,,
89,,,,,,,,,,26999,0.006394389551132917,,,,,,,,
,,,,,,,,,2.1755775577557755e-07,27004,,,,,,,,,
89,,,,,,,,,,27004,0.002362611936405301,,,,,,,,
,,,,,,,,,2.1722772277227722e-07,27009,,,,,,,,,
89,,,,,,,,,,27009,0.010719390586018562,,,,,,,,
,,,,,,,,,2.1689768976897687e-07,27014,,,,,,,,,
89,,,,,,,,,,27014,0.020117538049817085,,,,,,,,
,,,,,,,,,2.1656765676567658e-07,27019,,,,,,,,,
89,,,,,,,,,,27019,0.015259414911270142,,,,,,,,
,,,,,,,,,2.1623762376237623e-07,27024,,,,,,,,,
89,,,,,,,,,,27024,0.01770688034594059,,,,,,,,
,,,,,,,,,2.1590759075907588e-07,27029,,,,,,,,,
89,,,,,,,,,,27029,0.03439261391758919,,,,,,,,
,,,,,,,,,2.1557755775577558e-07,27034,,,,,,,,,
89,,,,,,,,,,27034,0.005826459266245365,,,,,,,,
,,,,,,,,,2.1524752475247523e-07,27039,,,,,,,,,
89,,,,,,,,,,27039,0.03189333528280258,,,,,,,,
,,,,,,,,,2.1491749174917489e-07,27044,,,,,,,,,
89,,,,,,,,,,27044,0.004960835445672274,,,,,,,,
,,,,,,,,,2.145874587458746e-07,27049,,,,,,,,,
89,,,,,,,,,,27049,0.02175464853644371,,,,,,,,
,,,,,,,,,2.1425742574257424e-07,27054,,,,,,,,,
89,,,,,,,,,,27054,0.011428416706621647,,,,,,,,
,,,,,,,,,2.139273927392739e-07,27059,,,,,,,,,
89,,,,,,,,,,27059,0.014412918128073215,,,,,,,,
,,,,,,,,,2.135973597359736e-07,27064,,,,,,,,,
89,,,,,,,,,,27064,0.010631585493683815,,,,,,,,
,,,,,,,,,2.1326732673267325e-07,27069,,,,,,,,,
89,,,,,,,,,,27069,0.011069335043430328,,,,,,,,
,,,,,,,,,2.1293729372937295e-07,27074,,,,,,,,,
89,,,,,,,,,,27074,0.02666710875928402,,,,,,,,
,,,,,,,,,2.126072607260726e-07,27079,,,,,,,,,
89,,,,,,,,,,27079,0.025362443178892136,,,,,,,,
,,,,,,,,,2.1227722772277225e-07,27084,,,,,,,,,
89,,,,,,,,,,27084,0.008263004012405872,,,,,,,,
,,,,,,,,,2.1194719471947196e-07,27089,,,,,,,,,
89,,,,,,,,,,27089,0.010673515498638153,,,,,,,,
,,,,,,,,,2.116171617161716e-07,27094,,,,,,,,,
89,,,,,,,,,,27094,0.006287376396358013,,,,,,,,
,,,,,,,,,2.1128712871287126e-07,27099,,,,,,,,,
89,,,,,,,,,,27099,0.0028382991440594196,,,,,,,,
,,,,,,,,,2.1095709570957096e-07,27104,,,,,,,,,
89,,,,,,,,,,27104,0.002560186432674527,,,,,,,,
,,,,,,,,,2.1062706270627061e-07,27109,,,,,,,,,
89,,,,,,,,,,27109,0.027130911126732826,,,,,,,,
,,,,,,,,,2.102970297029703e-07,27114,,,,,,,,,
89,,,,,,,,,,27114,0.032594483345746994,,,,,,,,
,,,,,,,,,2.0996699669966997e-07,27119,,,,,,,,,
89,,,,,,,,,,27119,0.00411631865426898,,,,,,,,
,,,,,,,,,2.0963696369636962e-07,27124,,,,,,,,,
89,,,,,,,,,,27124,0.03967324644327164,,,,,,,,
,,,,,,,,,2.093069306930693e-07,27129,,,,,,,,,
89,,,,,,,,,,27129,0.026803169399499893,,,,,,,,
,,,,,,,,,2.0897689768976897e-07,27134,,,,,,,,,
89,,,,,,,,,,27134,0.013514305464923382,,,,,,,,
,,,,,,,,,2.0864686468646863e-07,27139,,,,,,,,,
89,,,,,,,,,,27139,0.004944682586938143,,,,,,,,
,,,,,,,,,2.083168316831683e-07,27144,,,,,,,,,
89,,,,,,,,,,27144,0.009311685338616371,,,,,,,,
,,,,,,,,,2.0798679867986798e-07,27149,,,,,,,,,
89,,,,,,,,,,27149,0.03270454332232475,,,,,,,,
,,,,,,,,,2.0765676567656766e-07,27154,,,,,,,,,
89,,,,,,,,,,27154,0.024805132299661636,,,,,,,,
,,,,,,,,,2.073267326732673e-07,27159,,,,,,,,,
89,,,,,,,,,,27159,0.013534728437662125,,,,,,,,
,,,,,,,,,2.06996699669967e-07,27164,,,,,,,,,
89,,,,,,,,,,27164,0.011658022180199623,,,,,,,,
,,,,,,,,,2.0666666666666666e-07,27169,,,,,,,,,
89,,,,,,,,,,27169,0.02131696604192257,,,,,,,,
,,,,,,,,,2.0633663366336632e-07,27174,,,,,,,,,
89,,,,,,,,,,27174,0.01038054097443819,,,,,,,,
,,,,,,,,,2.06006600660066e-07,27179,,,,,,,,,
89,,,,,,,,,,27179,0.006074580363929272,,,,,,,,
,,,,,,,,,2.0567656765676567e-07,27184,,,,,,,,,
89,,,,,,,,,,27184,0.006311086937785149,,,,,,,,
,,,,,,,,,2.0534653465346532e-07,27189,,,,,,,,,
89,,,,,,,,,,27189,0.011936060152947903,,,,,,,,
,,,,,,,,,2.0501650165016503e-07,27194,,,,,,,,,
89,,,,,,,,,,27194,0.023666832596063614,,,,,,,,
,,,,,,,,,2.0468646864686468e-07,27199,,,,,,,,,
89,,,,,,,,,,27199,0.00988479983061552,,,,,,,,
,,,,,,,,,2.0435643564356433e-07,27204,,,,,,,,,
89,,,,,,,,,,27204,0.0050817206501960754,,,,,,,,
,,,,,,,,,2.0402640264026403e-07,27209,,,,,,,,,
89,,,,,,,,,,27209,0.0031598915811628103,,,,,,,,
,,,,,,,,,2.0369636963696368e-07,27214,,,,,,,,,
89,,,,,,,,,,27214,0.005588967353105545,,,,,,,,
,,,,,,,,,2.0336633663366333e-07,27219,,,,,,,,,
89,,,,,,,,,,27219,0.0007839262252673507,,,,,,,,
,,,,,,,,,2.0303630363036304e-07,27224,,,,,,,,,
89,,,,,,,,,,27224,0.00599582539871335,,,,,,,,
,,,,,,,,,2.027062706270627e-07,27229,,,,,,,,,
89,,,,,,,,,,27229,0.013310209847986698,,,,,,,,
,,,,,,,,,2.023762376237624e-07,27234,,,,,,,,,
89,,,,,,,,,,27234,0.006562638562172651,,,,,,,,
,,,,,,,,,2.0204620462046204e-07,27239,,,,,,,,,
89,,,,,,,,,,27239,0.009014233946800232,,,,,,,,
,,,,,,,,,2.017161716171617e-07,27244,,,,,,,,,
89,,,,,,,,,,27244,0.04961827024817467,,,,,,,,
,,,,,,,,,2.013861386138614e-07,27249,,,,,,,,,
89,,,,,,,,,,27249,0.015442597679793835,,,,,,,,
,,,,,,,,,2.0105610561056105e-07,27254,,,,,,,,,
89,,,,,,,,,,27254,0.020022345706820488,,,,,,,,
,,,,,,,,,2.007260726072607e-07,27259,,,,,,,,,
89,,,,,,,,,,27259,0.006139481905847788,,,,,,,,
,,,,,,,,,2.003960396039604e-07,27264,,,,,,,,,
89,,,,,,,,,,27264,0.017427314072847366,,,,,,,,
,,,,,,,,,2.0006600660066006e-07,27269,,,,,,,,,
89,,,,,,,,,,27269,0.02813214249908924,,,,,,,,
89,,,,,,,,,,27269,,0.6625000238418579,0.70652174949646,0.08768557012081146,0.08768557012081146,0.4028732478618622,0.6914893388748169,0.7222222089767456,0.40282145142555237
,,,,,,,,,1.997359735973597e-07,27274,,,,,,,,,
90,,,,,,,,,,27274,0.022319305688142776,,,,,,,,
,,,,,,,,,1.994059405940594e-07,27279,,,,,,,,,
90,,,,,,,,,,27279,0.02251511625945568,,,,,,,,
,,,,,,,,,1.9907590759075906e-07,27284,,,,,,,,,
90,,,,,,,,,,27284,0.021297380328178406,,,,,,,,
,,,,,,,,,1.9874587458745874e-07,27289,,,,,,,,,
90,,,,,,,,,,27289,0.0079621197655797,,,,,,,,
,,,,,,,,,1.9841584158415842e-07,27294,,,,,,,,,
90,,,,,,,,,,27294,0.01087240781635046,,,,,,,,
,,,,,,,,,1.9808580858085807e-07,27299,,,,,,,,,
90,,,,,,,,,,27299,0.008655901066958904,,,,,,,,
,,,,,,,,,1.9775577557755774e-07,27304,,,,,,,,,
90,,,,,,,,,,27304,0.029006250202655792,,,,,,,,
,,,,,,,,,1.9742574257425742e-07,27309,,,,,,,,,
90,,,,,,,,,,27309,0.008252699859440327,,,,,,,,
,,,,,,,,,1.9709570957095707e-07,27314,,,,,,,,,
90,,,,,,,,,,27314,0.017549002543091774,,,,,,,,
,,,,,,,,,1.9676567656765675e-07,27319,,,,,,,,,
90,,,,,,,,,,27319,0.0036747718695551157,,,,,,,,
,,,,,,,,,1.9643564356435643e-07,27324,,,,,,,,,
90,,,,,,,,,,27324,0.0019021393964067101,,,,,,,,
,,,,,,,,,1.961056105610561e-07,27329,,,,,,,,,
90,,,,,,,,,,27329,0.0036931985523551702,,,,,,,,
,,,,,,,,,1.9577557755775576e-07,27334,,,,,,,,,
90,,,,,,,,,,27334,0.016264036297798157,,,,,,,,
,,,,,,,,,1.9544554455445543e-07,27339,,,,,,,,,
90,,,,,,,,,,27339,0.005295193754136562,,,,,,,,
,,,,,,,,,1.951155115511551e-07,27344,,,,,,,,,
90,,,,,,,,,,27344,0.019701901823282242,,,,,,,,
,,,,,,,,,1.9478547854785476e-07,27349,,,,,,,,,
90,,,,,,,,,,27349,0.0031035428401082754,,,,,,,,
,,,,,,,,,1.9445544554455444e-07,27354,,,,,,,,,
90,,,,,,,,,,27354,0.0030601625330746174,,,,,,,,
,,,,,,,,,1.9412541254125412e-07,27359,,,,,,,,,
90,,,,,,,,,,27359,0.02271737903356552,,,,,,,,
,,,,,,,,,1.9379537953795377e-07,27364,,,,,,,,,
90,,,,,,,,,,27364,0.03285738080739975,,,,,,,,
,,,,,,,,,1.9346534653465347e-07,27369,,,,,,,,,
90,,,,,,,,,,27369,0.011258220300078392,,,,,,,,
,,,,,,,,,1.9313531353135312e-07,27374,,,,,,,,,
90,,,,,,,,,,27374,0.016412390395998955,,,,,,,,
,,,,,,,,,1.9280528052805278e-07,27379,,,,,,,,,
90,,,,,,,,,,27379,0.00402182899415493,,,,,,,,
,,,,,,,,,1.9247524752475248e-07,27384,,,,,,,,,
90,,,,,,,,,,27384,0.010752339847385883,,,,,,,,
,,,,,,,,,1.9214521452145213e-07,27389,,,,,,,,,
90,,,,,,,,,,27389,0.009590279310941696,,,,,,,,
,,,,,,,,,1.918151815181518e-07,27394,,,,,,,,,
90,,,,,,,,,,27394,0.008632023818790913,,,,,,,,
,,,,,,,,,1.9148514851485149e-07,27399,,,,,,,,,
90,,,,,,,,,,27399,0.010809238068759441,,,,,,,,
,,,,,,,,,1.9115511551155114e-07,27404,,,,,,,,,
90,,,,,,,,,,27404,0.012133138254284859,,,,,,,,
,,,,,,,,,1.9082508250825084e-07,27409,,,,,,,,,
90,,,,,,,,,,27409,0.020415762439370155,,,,,,,,
,,,,,,,,,1.904950495049505e-07,27414,,,,,,,,,
90,,,,,,,,,,27414,0.012309039942920208,,,,,,,,
,,,,,,,,,1.9016501650165014e-07,27419,,,,,,,,,
90,,,,,,,,,,27419,0.013274305500090122,,,,,,,,
,,,,,,,,,1.8983498349834985e-07,27424,,,,,,,,,
90,,,,,,,,,,27424,0.008535352535545826,,,,,,,,
,,,,,,,,,1.895049504950495e-07,27429,,,,,,,,,
90,,,,,,,,,,27429,0.02276088111102581,,,,,,,,
,,,,,,,,,1.8917491749174915e-07,27434,,,,,,,,,
90,,,,,,,,,,27434,0.002654093084856868,,,,,,,,
,,,,,,,,,1.8884488448844885e-07,27439,,,,,,,,,
90,,,,,,,,,,27439,0.005356178618967533,,,,,,,,
,,,,,,,,,1.885148514851485e-07,27444,,,,,,,,,
90,,,,,,,,,,27444,0.008052132092416286,,,,,,,,
,,,,,,,,,1.8818481848184818e-07,27449,,,,,,,,,
90,,,,,,,,,,27449,0.01841438189148903,,,,,,,,
,,,,,,,,,1.8785478547854786e-07,27454,,,,,,,,,
90,,,,,,,,,,27454,0.014836341142654419,,,,,,,,
,,,,,,,,,1.875247524752475e-07,27459,,,,,,,,,
90,,,,,,,,,,27459,0.015137981623411179,,,,,,,,
,,,,,,,,,1.8719471947194719e-07,27464,,,,,,,,,
90,,,,,,,,,,27464,0.006012298166751862,,,,,,,,
,,,,,,,,,1.8686468646864686e-07,27469,,,,,,,,,
90,,,,,,,,,,27469,0.007136726286262274,,,,,,,,
,,,,,,,,,1.8653465346534652e-07,27474,,,,,,,,,
90,,,,,,,,,,27474,0.002868090057745576,,,,,,,,
,,,,,,,,,1.862046204620462e-07,27479,,,,,,,,,
90,,,,,,,,,,27479,0.014220410026609898,,,,,,,,
,,,,,,,,,1.8587458745874587e-07,27484,,,,,,,,,
90,,,,,,,,,,27484,0.044997163116931915,,,,,,,,
,,,,,,,,,1.8554455445544555e-07,27489,,,,,,,,,
90,,,,,,,,,,27489,0.003640845650807023,,,,,,,,
,,,,,,,,,1.852145214521452e-07,27494,,,,,,,,,
90,,,,,,,,,,27494,0.0028454973362386227,,,,,,,,
,,,,,,,,,1.8488448844884488e-07,27499,,,,,,,,,
90,,,,,,,,,,27499,0.00934551190584898,,,,,,,,
,,,,,,,,,1.8455445544554455e-07,27504,,,,,,,,,
90,,,,,,,,,,27504,0.007574080489575863,,,,,,,,
,,,,,,,,,1.842244224422442e-07,27509,,,,,,,,,
90,,,,,,,,,,27509,0.003526260145008564,,,,,,,,
,,,,,,,,,1.8389438943894388e-07,27514,,,,,,,,,
90,,,,,,,,,,27514,0.0022420843597501516,,,,,,,,
,,,,,,,,,1.8356435643564356e-07,27519,,,,,,,,,
90,,,,,,,,,,27519,0.003712286474183202,,,,,,,,
,,,,,,,,,1.832343234323432e-07,27524,,,,,,,,,
90,,,,,,,,,,27524,0.0144797433167696,,,,,,,,
,,,,,,,,,1.829042904290429e-07,27529,,,,,,,,,
90,,,,,,,,,,27529,0.004570666700601578,,,,,,,,
,,,,,,,,,1.8257425742574257e-07,27534,,,,,,,,,
90,,,,,,,,,,27534,0.00746160838752985,,,,,,,,
,,,,,,,,,1.8224422442244224e-07,27539,,,,,,,,,
90,,,,,,,,,,27539,0.015301493927836418,,,,,,,,
,,,,,,,,,1.8191419141914192e-07,27544,,,,,,,,,
90,,,,,,,,,,27544,0.02289360761642456,,,,,,,,
,,,,,,,,,1.8158415841584157e-07,27549,,,,,,,,,
90,,,,,,,,,,27549,0.004474385641515255,,,,,,,,
,,,,,,,,,1.8125412541254125e-07,27554,,,,,,,,,
90,,,,,,,,,,27554,0.005220333579927683,,,,,,,,
,,,,,,,,,1.8092409240924093e-07,27559,,,,,,,,,
90,,,,,,,,,,27559,0.017134476453065872,,,,,,,,
,,,,,,,,,1.8059405940594058e-07,27564,,,,,,,,,
90,,,,,,,,,,27564,0.006629867944866419,,,,,,,,
,,,,,,,,,1.8026402640264026e-07,27569,,,,,,,,,
90,,,,,,,,,,27569,0.05117177218198776,,,,,,,,
90,,,,,,,,,,27572,,0.6625000238418579,0.70652174949646,0.0873032882809639,0.0873032882809639,0.40127381682395935,0.6914893388748169,0.7222222089767456,0.4018549621105194
,,,,,,,,,1.7993399339933993e-07,27574,,,,,,,,,
91,,,,,,,,,,27574,0.007546924985945225,,,,,,,,
,,,,,,,,,1.7960396039603958e-07,27579,,,,,,,,,
91,,,,,,,,,,27579,0.007200250402092934,,,,,,,,
,,,,,,,,,1.792739273927393e-07,27584,,,,,,,,,
91,,,,,,,,,,27584,0.011214080266654491,,,,,,,,
,,,,,,,,,1.7894389438943894e-07,27589,,,,,,,,,
91,,,,,,,,,,27589,0.010015877895057201,,,,,,,,
,,,,,,,,,1.786138613861386e-07,27594,,,,,,,,,
91,,,,,,,,,,27594,0.004023988731205463,,,,,,,,
,,,,,,,,,1.782838283828383e-07,27599,,,,,,,,,
91,,,,,,,,,,27599,0.004893727600574493,,,,,,,,
,,,,,,,,,1.7795379537953794e-07,27604,,,,,,,,,
91,,,,,,,,,,27604,0.006515446584671736,,,,,,,,
,,,,,,,,,1.776237623762376e-07,27609,,,,,,,,,
91,,,,,,,,,,27609,0.0037318074610084295,,,,,,,,
,,,,,,,,,1.772937293729373e-07,27614,,,,,,,,,
91,,,,,,,,,,27614,0.012942171655595303,,,,,,,,
,,,,,,,,,1.7696369636963695e-07,27619,,,,,,,,,
91,,,,,,,,,,27619,0.011629198677837849,,,,,,,,
,,,,,,,,,1.7663366336633663e-07,27624,,,,,,,,,
91,,,,,,,,,,27624,0.009489478543400764,,,,,,,,
,,,,,,,,,1.763036303630363e-07,27629,,,,,,,,,
91,,,,,,,,,,27629,0.014262588694691658,,,,,,,,
,,,,,,,,,1.7597359735973596e-07,27634,,,,,,,,,
91,,,,,,,,,,27634,0.0020108730532228947,,,,,,,,
,,,,,,,,,1.7564356435643563e-07,27639,,,,,,,,,
91,,,,,,,,,,27639,0.008030134253203869,,,,,,,,
,,,,,,,,,1.753135313531353e-07,27644,,,,,,,,,
91,,,,,,,,,,27644,0.00398858031257987,,,,,,,,
,,,,,,,,,1.7498349834983496e-07,27649,,,,,,,,,
91,,,,,,,,,,27649,0.03205898404121399,,,,,,,,
,,,,,,,,,1.7465346534653464e-07,27654,,,,,,,,,
91,,,,,,,,,,27654,0.01300643291324377,,,,,,,,
,,,,,,,,,1.7432343234323432e-07,27659,,,,,,,,,
91,,,,,,,,,,27659,0.01297890953719616,,,,,,,,
,,,,,,,,,1.73993399339934e-07,27664,,,,,,,,,
91,,,,,,,,,,27664,0.0272862296551466,,,,,,,,
,,,,,,,,,1.7366336633663365e-07,27669,,,,,,,,,
91,,,,,,,,,,27669,0.01435941457748413,,,,,,,,
,,,,,,,,,1.7333333333333332e-07,27674,,,,,,,,,
91,,,,,,,,,,27674,0.019116319715976715,,,,,,,,
,,,,,,,,,1.73003300330033e-07,27679,,,,,,,,,
91,,,,,,,,,,27679,0.006449734792113304,,,,,,,,
,,,,,,,,,1.7267326732673265e-07,27684,,,,,,,,,
91,,,,,,,,,,27684,0.00798788946121931,,,,,,,,
,,,,,,,,,1.7234323432343233e-07,27689,,,,,,,,,
91,,,,,,,,,,27689,0.0011065712897107005,,,,,,,,
,,,,,,,,,1.72013201320132e-07,27694,,,,,,,,,
91,,,,,,,,,,27694,0.02590603567659855,,,,,,,,
,,,,,,,,,1.7168316831683168e-07,27699,,,,,,,,,
91,,,,,,,,,,27699,0.02863343246281147,,,,,,,,
,,,,,,,,,1.7135313531353136e-07,27704,,,,,,,,,
91,,,,,,,,,,27704,0.0061622909270226955,,,,,,,,
,,,,,,,,,1.7102310231023101e-07,27709,,,,,,,,,
91,,,,,,,,,,27709,0.012735988944768906,,,,,,,,
,,,,,,,,,1.706930693069307e-07,27714,,,,,,,,,
91,,,,,,,,,,27714,0.07055942714214325,,,,,,,,
,,,,,,,,,1.7036303630363037e-07,27719,,,,,,,,,
91,,,,,,,,,,27719,0.007390917744487524,,,,,,,,
,,,,,,,,,1.7003300330033002e-07,27724,,,,,,,,,
91,,,,,,,,,,27724,0.014572816900908947,,,,,,,,
,,,,,,,,,1.697029702970297e-07,27729,,,,,,,,,
91,,,,,,,,,,27729,0.00724028842523694,,,,,,,,
,,,,,,,,,1.6937293729372937e-07,27734,,,,,,,,,
91,,,,,,,,,,27734,0.006555154453963041,,,,,,,,
,,,,,,,,,1.6904290429042903e-07,27739,,,,,,,,,
91,,,,,,,,,,27739,0.009571162983775139,,,,,,,,
,,,,,,,,,1.6871287128712873e-07,27744,,,,,,,,,
91,,,,,,,,,,27744,0.022800803184509277,,,,,,,,
,,,,,,,,,1.6838283828382838e-07,27749,,,,,,,,,
91,,,,,,,,,,27749,0.011203945614397526,,,,,,,,
,,,,,,,,,1.6805280528052803e-07,27754,,,,,,,,,
91,,,,,,,,,,27754,0.00383584201335907,,,,,,,,
,,,,,,,,,1.6772277227722774e-07,27759,,,,,,,,,
91,,,,,,,,,,27759,0.01209181733429432,,,,,,,,
,,,,,,,,,1.6739273927392739e-07,27764,,,,,,,,,
91,,,,,,,,,,27764,0.011172937229275703,,,,,,,,
,,,,,,,,,1.6706270627062704e-07,27769,,,,,,,,,
91,,,,,,,,,,27769,0.012633213773369789,,,,,,,,
,,,,,,,,,1.6673267326732674e-07,27774,,,,,,,,,
91,,,,,,,,,,27774,0.007749136537313461,,,,,,,,
,,,,,,,,,1.664026402640264e-07,27779,,,,,,,,,
91,,,,,,,,,,27779,0.008454631082713604,,,,,,,,
,,,,,,,,,1.6607260726072604e-07,27784,,,,,,,,,
91,,,,,,,,,,27784,0.004709132481366396,,,,,,,,
,,,,,,,,,1.6574257425742575e-07,27789,,,,,,,,,
91,,,,,,,,,,27789,0.0228054728358984,,,,,,,,
,,,,,,,,,1.654125412541254e-07,27794,,,,,,,,,
91,,,,,,,,,,27794,0.0077015990391373634,,,,,,,,
,,,,,,,,,1.6508250825082508e-07,27799,,,,,,,,,
91,,,,,,,,,,27799,0.02077673003077507,,,,,,,,
,,,,,,,,,1.6475247524752475e-07,27804,,,,,,,,,
91,,,,,,,,,,27804,0.018357355147600174,,,,,,,,
,,,,,,,,,1.644224422442244e-07,27809,,,,,,,,,
91,,,,,,,,,,27809,0.009094073437154293,,,,,,,,
,,,,,,,,,1.6409240924092408e-07,27814,,,,,,,,,
91,,,,,,,,,,27814,0.017203709110617638,,,,,,,,
,,,,,,,,,1.6376237623762376e-07,27819,,,,,,,,,
91,,,,,,,,,,27819,0.012034265324473381,,,,,,,,
,,,,,,,,,1.634323432343234e-07,27824,,,,,,,,,
91,,,,,,,,,,27824,0.0061470866203308105,,,,,,,,
,,,,,,,,,1.631023102310231e-07,27829,,,,,,,,,
91,,,,,,,,,,27829,0.009070053696632385,,,,,,,,
,,,,,,,,,1.6277227722772277e-07,27834,,,,,,,,,
91,,,,,,,,,,27834,0.005877390969544649,,,,,,,,
,,,,,,,,,1.6244224422442244e-07,27839,,,,,,,,,
91,,,,,,,,,,27839,0.0028038746677339077,,,,,,,,
,,,,,,,,,1.621122112211221e-07,27844,,,,,,,,,
91,,,,,,,,,,27844,0.009783715941011906,,,,,,,,
,,,,,,,,,1.6178217821782177e-07,27849,,,,,,,,,
91,,,,,,,,,,27849,0.00231979344971478,,,,,,,,
,,,,,,,,,1.6145214521452145e-07,27854,,,,,,,,,
91,,,,,,,,,,27854,0.014631402678787708,,,,,,,,
,,,,,,,,,1.6112211221122113e-07,27859,,,,,,,,,
91,,,,,,,,,,27859,0.0033971783705055714,,,,,,,,
,,,,,,,,,1.6079207920792078e-07,27864,,,,,,,,,
91,,,,,,,,,,27864,0.0058958036825060844,,,,,,,,
,,,,,,,,,1.6046204620462045e-07,27869,,,,,,,,,
91,,,,,,,,,,27869,0.013067628256976604,,,,,,,,
,,,,,,,,,1.6013201320132013e-07,27874,,,,,,,,,
91,,,,,,,,,,27874,0.016119860112667084,,,,,,,,
91,,,,,,,,,,27875,,0.6625000238418579,0.70652174949646,0.08751275390386581,0.08751275390386581,0.40125107765197754,0.6914893388748169,0.7222222089767456,0.40245628356933594
,,,,,,,,,1.598019801980198e-07,27879,,,,,,,,,
92,,,,,,,,,,27879,0.013031349517405033,,,,,,,,
,,,,,,,,,1.5947194719471946e-07,27884,,,,,,,,,
92,,,,,,,,,,27884,0.00238589895889163,,,,,,,,
,,,,,,,,,1.5914191419141914e-07,27889,,,,,,,,,
92,,,,,,,,,,27889,0.007376851513981819,,,,,,,,
,,,,,,,,,1.5881188118811882e-07,27894,,,,,,,,,
92,,,,,,,,,,27894,0.002681034617125988,,,,,,,,
,,,,,,,,,1.5848184818481847e-07,27899,,,,,,,,,
92,,,,,,,,,,27899,0.011484518647193909,,,,,,,,
,,,,,,,,,1.5815181518151814e-07,27904,,,,,,,,,
92,,,,,,,,,,27904,0.0027747603598982096,,,,,,,,
,,,,,,,,,1.5782178217821782e-07,27909,,,,,,,,,
92,,,,,,,,,,27909,0.011471183970570564,,,,,,,,
,,,,,,,,,1.5749174917491747e-07,27914,,,,,,,,,
92,,,,,,,,,,27914,0.023859113454818726,,,,,,,,
,,,,,,,,,1.5716171617161718e-07,27919,,,,,,,,,
92,,,,,,,,,,27919,0.00836180616170168,,,,,,,,
,,,,,,,,,1.5683168316831683e-07,27924,,,,,,,,,
92,,,,,,,,,,27924,0.01667521707713604,,,,,,,,
,,,,,,,,,1.5650165016501648e-07,27929,,,,,,,,,
92,,,,,,,,,,27929,0.017866361886262894,,,,,,,,
,,,,,,,,,1.5617161716171618e-07,27934,,,,,,,,,
92,,,,,,,,,,27934,0.005443986039608717,,,,,,,,
,,,,,,,,,1.5584158415841583e-07,27939,,,,,,,,,
92,,,,,,,,,,27939,0.010014834813773632,,,,,,,,
,,,,,,,,,1.5551155115511548e-07,27944,,,,,,,,,
92,,,,,,,,,,27944,0.011808945797383785,,,,,,,,
,,,,,,,,,1.551815181518152e-07,27949,,,,,,,,,
92,,,,,,,,,,27949,0.036858029663562775,,,,,,,,
,,,,,,,,,1.5485148514851484e-07,27954,,,,,,,,,
92,,,,,,,,,,27954,0.002618160331621766,,,,,,,,
,,,,,,,,,1.545214521452145e-07,27959,,,,,,,,,
92,,,,,,,,,,27959,0.006990199908614159,,,,,,,,
,,,,,,,,,1.541914191419142e-07,27964,,,,,,,,,
92,,,,,,,,,,27964,0.0017641312442719936,,,,,,,,
,,,,,,,,,1.5386138613861385e-07,27969,,,,,,,,,
92,,,,,,,,,,27969,0.0189194492995739,,,,,,,,
,,,,,,,,,1.5353135313531352e-07,27974,,,,,,,,,
92,,,,,,,,,,27974,0.0033222304191440344,,,,,,,,
,,,,,,,,,1.532013201320132e-07,27979,,,,,,,,,
92,,,,,,,,,,27979,0.009928238578140736,,,,,,,,
,,,,,,,,,1.5287128712871285e-07,27984,,,,,,,,,
92,,,,,,,,,,27984,0.014282027259469032,,,,,,,,
,,,,,,,,,1.5254125412541253e-07,27989,,,,,,,,,
92,,,,,,,,,,27989,0.012790056876838207,,,,,,,,
,,,,,,,,,1.522112211221122e-07,27994,,,,,,,,,
92,,,,,,,,,,27994,0.007462416309863329,,,,,,,,
,,,,,,,,,1.5188118811881186e-07,27999,,,,,,,,,
92,,,,,,,,,,27999,0.02612883783876896,,,,,,,,
,,,,,,,,,1.5155115511551154e-07,28004,,,,,,,,,
92,,,,,,,,,,28004,0.007828728295862675,,,,,,,,
,,,,,,,,,1.512211221122112e-07,28009,,,,,,,,,
92,,,,,,,,,,28009,0.009078225120902061,,,,,,,,
,,,,,,,,,1.508910891089109e-07,28014,,,,,,,,,
92,,,,,,,,,,28014,0.017659394070506096,,,,,,,,
,,,,,,,,,1.5056105610561057e-07,28019,,,,,,,,,
92,,,,,,,,,,28019,0.007987216114997864,,,,,,,,
,,,,,,,,,1.5023102310231022e-07,28024,,,,,,,,,
92,,,,,,,,,,28024,0.018437787890434265,,,,,,,,
,,,,,,,,,1.499009900990099e-07,28029,,,,,,,,,
92,,,,,,,,,,28029,0.024362651631236076,,,,,,,,
,,,,,,,,,1.4957095709570957e-07,28034,,,,,,,,,
92,,,,,,,,,,28034,0.0029627648182213306,,,,,,,,
,,,,,,,,,1.4924092409240922e-07,28039,,,,,,,,,
92,,,,,,,,,,28039,0.013379592448472977,,,,,,,,
,,,,,,,,,1.489108910891089e-07,28044,,,,,,,,,
92,,,,,,,,,,28044,0.007865986786782742,,,,,,,,
,,,,,,,,,1.4858085808580858e-07,28049,,,,,,,,,
92,,,,,,,,,,28049,0.010074990801513195,,,,,,,,
,,,,,,,,,1.4825082508250826e-07,28054,,,,,,,,,
92,,,,,,,,,,28054,0.019205179065465927,,,,,,,,
,,,,,,,,,1.479207920792079e-07,28059,,,,,,,,,
92,,,,,,,,,,28059,0.010691029019653797,,,,,,,,
,,,,,,,,,1.4759075907590759e-07,28064,,,,,,,,,
92,,,,,,,,,,28064,0.013742547482252121,,,,,,,,
,,,,,,,,,1.4726072607260726e-07,28069,,,,,,,,,
92,,,,,,,,,,28069,0.011021642945706844,,,,,,,,
,,,,,,,,,1.4693069306930691e-07,28074,,,,,,,,,
92,,,,,,,,,,28074,0.011837219819426537,,,,,,,,
,,,,,,,,,1.466006600660066e-07,28079,,,,,,,,,
92,,,,,,,,,,28079,0.027021685615181923,,,,,,,,
,,,,,,,,,1.4627062706270627e-07,28084,,,,,,,,,
92,,,,,,,,,,28084,0.0025255735963582993,,,,,,,,
,,,,,,,,,1.4594059405940592e-07,28089,,,,,,,,,
92,,,,,,,,,,28089,0.01762452907860279,,,,,,,,
,,,,,,,,,1.4561056105610562e-07,28094,,,,,,,,,
92,,,,,,,,,,28094,0.00954228825867176,,,,,,,,
,,,,,,,,,1.4528052805280528e-07,28099,,,,,,,,,
92,,,,,,,,,,28099,0.0046068765223026276,,,,,,,,
,,,,,,,,,1.4495049504950493e-07,28104,,,,,,,,,
92,,,,,,,,,,28104,0.015850985422730446,,,,,,,,
,,,,,,,,,1.4462046204620463e-07,28109,,,,,,,,,
92,,,,,,,,,,28109,0.014915487729012966,,,,,,,,
,,,,,,,,,1.4429042904290428e-07,28114,,,,,,,,,
92,,,,,,,,,,28114,0.02065359614789486,,,,,,,,
,,,,,,,,,1.4396039603960393e-07,28119,,,,,,,,,
92,,,,,,,,,,28119,0.05257847532629967,,,,,,,,
,,,,,,,,,1.4363036303630364e-07,28124,,,,,,,,,
92,,,,,,,,,,28124,0.01815805397927761,,,,,,,,
,,,,,,,,,1.433003300330033e-07,28129,,,,,,,,,
92,,,,,,,,,,28129,0.06617902964353561,,,,,,,,
,,,,,,,,,1.4297029702970297e-07,28134,,,,,,,,,
92,,,,,,,,,,28134,0.0029880760703235865,,,,,,,,
,,,,,,,,,1.4264026402640264e-07,28139,,,,,,,,,
92,,,,,,,,,,28139,0.008390824310481548,,,,,,,,
,,,,,,,,,1.423102310231023e-07,28144,,,,,,,,,
92,,,,,,,,,,28144,0.009890304878354073,,,,,,,,
,,,,,,,,,1.4198019801980197e-07,28149,,,,,,,,,
92,,,,,,,,,,28149,0.006181871518492699,,,,,,,,
,,,,,,,,,1.4165016501650165e-07,28154,,,,,,,,,
92,,,,,,,,,,28154,0.00942996982485056,,,,,,,,
,,,,,,,,,1.413201320132013e-07,28159,,,,,,,,,
92,,,,,,,,,,28159,0.016526736319065094,,,,,,,,
,,,,,,,,,1.4099009900990098e-07,28164,,,,,,,,,
92,,,,,,,,,,28164,0.006666833534836769,,,,,,,,
,,,,,,,,,1.4066006600660065e-07,28169,,,,,,,,,
92,,,,,,,,,,28169,0.005054245702922344,,,,,,,,
,,,,,,,,,1.403300330033003e-07,28174,,,,,,,,,
92,,,,,,,,,,28174,0.014372357167303562,,,,,,,,
92,,,,,,,,,,28178,,0.6625000238418579,0.70652174949646,0.08756892383098602,0.08756892383098602,0.4026069641113281,0.6914893388748169,0.7222222089767456,0.4018300175666809
,,,,,,,,,1.4e-07,28179,,,,,,,,,
93,,,,,,,,,,28179,0.006213505286723375,,,,,,,,
,,,,,,,,,1.3966996699669966e-07,28184,,,,,,,,,
93,,,,,,,,,,28184,0.022690238431096077,,,,,,,,
,,,,,,,,,1.3933993399339934e-07,28189,,,,,,,,,
93,,,,,,,,,,28189,0.005263497121632099,,,,,,,,
,,,,,,,,,1.3900990099009902e-07,28194,,,,,,,,,
93,,,,,,,,,,28194,0.0062598069198429585,,,,,,,,
,,,,,,,,,1.3867986798679867e-07,28199,,,,,,,,,
93,,,,,,,,,,28199,0.021379228681325912,,,,,,,,
,,,,,,,,,1.3834983498349834e-07,28204,,,,,,,,,
93,,,,,,,,,,28204,0.016784517094492912,,,,,,,,
,,,,,,,,,1.3801980198019802e-07,28209,,,,,,,,,
93,,,,,,,,,,28209,0.005465603433549404,,,,,,,,
,,,,,,,,,1.3768976897689767e-07,28214,,,,,,,,,
93,,,,,,,,,,28214,0.010901533998548985,,,,,,,,
,,,,,,,,,1.3735973597359735e-07,28219,,,,,,,,,
93,,,,,,,,,,28219,0.02501620166003704,,,,,,,,
,,,,,,,,,1.3702970297029703e-07,28224,,,,,,,,,
93,,,,,,,,,,28224,0.027841955423355103,,,,,,,,
,,,,,,,,,1.366996699669967e-07,28229,,,,,,,,,
93,,,,,,,,,,28229,0.010278959758579731,,,,,,,,
,,,,,,,,,1.3636963696369636e-07,28234,,,,,,,,,
93,,,,,,,,,,28234,0.003285524435341358,,,,,,,,
,,,,,,,,,1.3603960396039603e-07,28239,,,,,,,,,
93,,,,,,,,,,28239,0.013014002703130245,,,,,,,,
,,,,,,,,,1.357095709570957e-07,28244,,,,,,,,,
93,,,,,,,,,,28244,0.01324373483657837,,,,,,,,
,,,,,,,,,1.3537953795379536e-07,28249,,,,,,,,,
93,,,,,,,,,,28249,0.017050553113222122,,,,,,,,
,,,,,,,,,1.3504950495049504e-07,28254,,,,,,,,,
93,,,,,,,,,,28254,0.026443656533956528,,,,,,,,
,,,,,,,,,1.3471947194719472e-07,28259,,,,,,,,,
93,,,,,,,,,,28259,0.014330760575830936,,,,,,,,
,,,,,,,,,1.3438943894389437e-07,28264,,,,,,,,,
93,,,,,,,,,,28264,0.004222461488097906,,,,,,,,
,,,,,,,,,1.3405940594059407e-07,28269,,,,,,,,,
93,,,,,,,,,,28269,0.007748595904558897,,,,,,,,
,,,,,,,,,1.3372937293729372e-07,28274,,,,,,,,,
93,,,,,,,,,,28274,0.006767156533896923,,,,,,,,
,,,,,,,,,1.3339933993399337e-07,28279,,,,,,,,,
93,,,,,,,,,,28279,0.023019514977931976,,,,,,,,
,,,,,,,,,1.3306930693069308e-07,28284,,,,,,,,,
93,,,,,,,,,,28284,0.007936510257422924,,,,,,,,
,,,,,,,,,1.3273927392739273e-07,28289,,,,,,,,,
93,,,,,,,,,,28289,0.0038996946532279253,,,,,,,,
,,,,,,,,,1.3240924092409238e-07,28294,,,,,,,,,
93,,,,,,,,,,28294,0.0034722948912531137,,,,,,,,
,,,,,,,,,1.3207920792079208e-07,28299,,,,,,,,,
93,,,,,,,,,,28299,0.0018443053122609854,,,,,,,,
,,,,,,,,,1.3174917491749174e-07,28304,,,,,,,,,
93,,,,,,,,,,28304,0.0014801851939409971,,,,,,,,
,,,,,,,,,1.314191419141914e-07,28309,,,,,,,,,
93,,,,,,,,,,28309,0.0048357900232076645,,,,,,,,
,,,,,,,,,1.310891089108911e-07,28314,,,,,,,,,
93,,,,,,,,,,28314,0.006154477130621672,,,,,,,,
,,,,,,,,,1.3075907590759074e-07,28319,,,,,,,,,
93,,,,,,,,,,28319,0.006238163914531469,,,,,,,,
,,,,,,,,,1.3042904290429042e-07,28324,,,,,,,,,
93,,,,,,,,,,28324,0.0028479413595050573,,,,,,,,
,,,,,,,,,1.300990099009901e-07,28329,,,,,,,,,
93,,,,,,,,,,28329,0.01116255484521389,,,,,,,,
,,,,,,,,,1.2976897689768975e-07,28334,,,,,,,,,
93,,,,,,,,,,28334,0.009837627410888672,,,,,,,,
,,,,,,,,,1.2943894389438945e-07,28339,,,,,,,,,
93,,,,,,,,,,28339,0.03191480413079262,,,,,,,,
,,,,,,,,,1.291089108910891e-07,28344,,,,,,,,,
93,,,,,,,,,,28344,0.02281937189400196,,,,,,,,
,,,,,,,,,1.2877887788778878e-07,28349,,,,,,,,,
93,,,,,,,,,,28349,0.007111808750778437,,,,,,,,
,,,,,,,,,1.2844884488448846e-07,28354,,,,,,,,,
93,,,,,,,,,,28354,0.014517094939947128,,,,,,,,
,,,,,,,,,1.281188118811881e-07,28359,,,,,,,,,
93,,,,,,,,,,28359,0.006007920950651169,,,,,,,,
,,,,,,,,,1.2778877887788779e-07,28364,,,,,,,,,
93,,,,,,,,,,28364,0.0053453603759408,,,,,,,,
,,,,,,,,,1.2745874587458746e-07,28369,,,,,,,,,
93,,,,,,,,,,28369,0.008207403123378754,,,,,,,,
,,,,,,,,,1.2712871287128711e-07,28374,,,,,,,,,
93,,,,,,,,,,28374,0.01119797769933939,,,,,,,,
,,,,,,,,,1.267986798679868e-07,28379,,,,,,,,,
93,,,,,,,,,,28379,0.026160860434174538,,,,,,,,
,,,,,,,,,1.2646864686468647e-07,28384,,,,,,,,,
93,,,,,,,,,,28384,0.017746929079294205,,,,,,,,
,,,,,,,,,1.2613861386138615e-07,28389,,,,,,,,,
93,,,,,,,,,,28389,0.010843968018889427,,,,,,,,
,,,,,,,,,1.258085808580858e-07,28394,,,,,,,,,
93,,,,,,,,,,28394,0.005712863523513079,,,,,,,,
,,,,,,,,,1.2547854785478548e-07,28399,,,,,,,,,
93,,,,,,,,,,28399,0.021796559914946556,,,,,,,,
,,,,,,,,,1.2514851485148515e-07,28404,,,,,,,,,
93,,,,,,,,,,28404,0.01121154148131609,,,,,,,,
,,,,,,,,,1.2481848184818483e-07,28409,,,,,,,,,
93,,,,,,,,,,28409,0.004816973581910133,,,,,,,,
,,,,,,,,,1.2448844884488448e-07,28414,,,,,,,,,
93,,,,,,,,,,28414,0.014219352044165134,,,,,,,,
,,,,,,,,,1.2415841584158416e-07,28419,,,,,,,,,
93,,,,,,,,,,28419,0.006818879395723343,,,,,,,,
,,,,,,,,,1.2382838283828384e-07,28424,,,,,,,,,
93,,,,,,,,,,28424,0.00878144335001707,,,,,,,,
,,,,,,,,,1.234983498349835e-07,28429,,,,,,,,,
93,,,,,,,,,,28429,0.008027970790863037,,,,,,,,
,,,,,,,,,1.2316831683168316e-07,28434,,,,,,,,,
93,,,,,,,,,,28434,0.011891753412783146,,,,,,,,
,,,,,,,,,1.2283828382838284e-07,28439,,,,,,,,,
93,,,,,,,,,,28439,0.014666433446109295,,,,,,,,
,,,,,,,,,1.225082508250825e-07,28444,,,,,,,,,
93,,,,,,,,,,28444,0.01265264954417944,,,,,,,,
,,,,,,,,,1.2217821782178217e-07,28449,,,,,,,,,
93,,,,,,,,,,28449,0.014045926742255688,,,,,,,,
,,,,,,,,,1.2184818481848185e-07,28454,,,,,,,,,
93,,,,,,,,,,28454,0.01457755733281374,,,,,,,,
,,,,,,,,,1.2151815181518153e-07,28459,,,,,,,,,
93,,,,,,,,,,28459,0.027919074520468712,,,,,,,,
,,,,,,,,,1.2118811881188118e-07,28464,,,,,,,,,
93,,,,,,,,,,28464,0.010144545696675777,,,,,,,,
,,,,,,,,,1.2085808580858085e-07,28469,,,,,,,,,
93,,,,,,,,,,28469,0.011037131771445274,,,,,,,,
,,,,,,,,,1.2052805280528053e-07,28474,,,,,,,,,
93,,,,,,,,,,28474,0.0023612906225025654,,,,,,,,
,,,,,,,,,1.2019801980198018e-07,28479,,,,,,,,,
93,,,,,,,,,,28479,0.015503136441111565,,,,,,,,
93,,,,,,,,,,28481,,0.6625000238418579,0.70652174949646,0.08753388375043869,0.08753388375043869,0.4018051326274872,0.6914893388748169,0.7222222089767456,0.4011231064796448
,,,,,,,,,1.1986798679867986e-07,28484,,,,,,,,,
94,,,,,,,,,,28484,0.027494225651025772,,,,,,,,
,,,,,,,,,1.1953795379537954e-07,28489,,,,,,,,,
94,,,,,,,,,,28489,0.0037440781015902758,,,,,,,,
,,,,,,,,,1.192079207920792e-07,28494,,,,,,,,,
94,,,,,,,,,,28494,0.0026212281081825495,,,,,,,,
,,,,,,,,,1.1887788778877887e-07,28499,,,,,,,,,
94,,,,,,,,,,28499,0.002936558797955513,,,,,,,,
,,,,,,,,,1.1854785478547854e-07,28504,,,,,,,,,
94,,,,,,,,,,28504,0.03157608583569527,,,,,,,,
,,,,,,,,,1.1821782178217821e-07,28509,,,,,,,,,
94,,,,,,,,,,28509,0.012581773102283478,,,,,,,,
,,,,,,,,,1.1788778877887789e-07,28514,,,,,,,,,
94,,,,,,,,,,28514,0.01248675212264061,,,,,,,,
,,,,,,,,,1.1755775577557755e-07,28519,,,,,,,,,
94,,,,,,,,,,28519,0.005174833349883556,,,,,,,,
,,,,,,,,,1.1722772277227721e-07,28524,,,,,,,,,
94,,,,,,,,,,28524,0.015639297664165497,,,,,,,,
,,,,,,,,,1.1689768976897689e-07,28529,,,,,,,,,
94,,,,,,,,,,28529,0.0121822040528059,,,,,,,,
,,,,,,,,,1.1656765676567657e-07,28534,,,,,,,,,
94,,,,,,,,,,28534,0.00702201621606946,,,,,,,,
,,,,,,,,,1.1623762376237623e-07,28539,,,,,,,,,
94,,,,,,,,,,28539,0.0038573534693568945,,,,,,,,
,,,,,,,,,1.159075907590759e-07,28544,,,,,,,,,
94,,,,,,,,,,28544,0.0295389574021101,,,,,,,,
,,,,,,,,,1.1557755775577558e-07,28549,,,,,,,,,
94,,,,,,,,,,28549,0.0030848574824631214,,,,,,,,
,,,,,,,,,1.1524752475247525e-07,28554,,,,,,,,,
94,,,,,,,,,,28554,0.009025723673403263,,,,,,,,
,,,,,,,,,1.149174917491749e-07,28559,,,,,,,,,
94,,,,,,,,,,28559,0.013753674924373627,,,,,,,,
,,,,,,,,,1.1458745874587458e-07,28564,,,,,,,,,
94,,,,,,,,,,28564,0.006014628801494837,,,,,,,,
,,,,,,,,,1.1425742574257426e-07,28569,,,,,,,,,
94,,,,,,,,,,28569,0.02623062953352928,,,,,,,,
,,,,,,,,,1.1392739273927392e-07,28574,,,,,,,,,
94,,,,,,,,,,28574,0.019415246322751045,,,,,,,,
,,,,,,,,,1.1359735973597359e-07,28579,,,,,,,,,
94,,,,,,,,,,28579,0.014838059432804585,,,,,,,,
,,,,,,,,,1.1326732673267326e-07,28584,,,,,,,,,
94,,,,,,,,,,28584,0.00729496730491519,,,,,,,,
,,,,,,,,,1.1293729372937293e-07,28589,,,,,,,,,
94,,,,,,,,,,28589,0.01316771563142538,,,,,,,,
,,,,,,,,,1.126072607260726e-07,28594,,,,,,,,,
94,,,,,,,,,,28594,0.017688360065221786,,,,,,,,
,,,,,,,,,1.1227722772277227e-07,28599,,,,,,,,,
94,,,,,,,,,,28599,0.02030622959136963,,,,,,,,
,,,,,,,,,1.1194719471947195e-07,28604,,,,,,,,,
94,,,,,,,,,,28604,0.011176631785929203,,,,,,,,
,,,,,,,,,1.1161716171617161e-07,28609,,,,,,,,,
94,,,,,,,,,,28609,0.006833254359662533,,,,,,,,
,,,,,,,,,1.1128712871287129e-07,28614,,,,,,,,,
94,,,,,,,,,,28614,0.018054131418466568,,,,,,,,
,,,,,,,,,1.1095709570957095e-07,28619,,,,,,,,,
94,,,,,,,,,,28619,0.0028237965889275074,,,,,,,,
,,,,,,,,,1.1062706270627062e-07,28624,,,,,,,,,
94,,,,,,,,,,28624,0.017764504998922348,,,,,,,,
,,,,,,,,,1.102970297029703e-07,28629,,,,,,,,,
94,,,,,,,,,,28629,0.017781080678105354,,,,,,,,
,,,,,,,,,1.0996699669966997e-07,28634,,,,,,,,,
94,,,,,,,,,,28634,0.008410535752773285,,,,,,,,
,,,,,,,,,1.0963696369636962e-07,28639,,,,,,,,,
94,,,,,,,,,,28639,0.006349771283566952,,,,,,,,
,,,,,,,,,1.093069306930693e-07,28644,,,,,,,,,
94,,,,,,,,,,28644,0.007394912652671337,,,,,,,,
,,,,,,,,,1.0897689768976898e-07,28649,,,,,,,,,
94,,,,,,,,,,28649,0.010019512847065926,,,,,,,,
,,,,,,,,,1.0864686468646863e-07,28654,,,,,,,,,
94,,,,,,,,,,28654,0.02367418259382248,,,,,,,,
,,,,,,,,,1.0831683168316831e-07,28659,,,,,,,,,
94,,,,,,,,,,28659,0.013935061171650887,,,,,,,,
,,,,,,,,,1.0798679867986799e-07,28664,,,,,,,,,
94,,,,,,,,,,28664,0.012534144334495068,,,,,,,,
,,,,,,,,,1.0765676567656765e-07,28669,,,,,,,,,
94,,,,,,,,,,28669,0.011439219117164612,,,,,,,,
,,,,,,,,,1.0732673267326731e-07,28674,,,,,,,,,
94,,,,,,,,,,28674,0.002249517710879445,,,,,,,,
,,,,,,,,,1.0699669966996699e-07,28679,,,,,,,,,
94,,,,,,,,,,28679,0.014189716428518295,,,,,,,,
,,,,,,,,,1.0666666666666667e-07,28684,,,,,,,,,
94,,,,,,,,,,28684,0.012775607407093048,,,,,,,,
,,,,,,,,,1.0633663366336633e-07,28689,,,,,,,,,
94,,,,,,,,,,28689,0.012884587980806828,,,,,,,,
,,,,,,,,,1.06006600660066e-07,28694,,,,,,,,,
94,,,,,,,,,,28694,0.009843742474913597,,,,,,,,
,,,,,,,,,1.0567656765676567e-07,28699,,,,,,,,,
94,,,,,,,,,,28699,0.010501427575945854,,,,,,,,
,,,,,,,,,1.0534653465346534e-07,28704,,,,,,,,,
94,,,,,,,,,,28704,0.0252827201038599,,,,,,,,
,,,,,,,,,1.0501650165016502e-07,28709,,,,,,,,,
94,,,,,,,,,,28709,0.012962281703948975,,,,,,,,
,,,,,,,,,1.0468646864686468e-07,28714,,,,,,,,,
94,,,,,,,,,,28714,0.04625164344906807,,,,,,,,
,,,,,,,,,1.0435643564356435e-07,28719,,,,,,,,,
94,,,,,,,,,,28719,0.03324653580784798,,,,,,,,
,,,,,,,,,1.0402640264026402e-07,28724,,,,,,,,,
94,,,,,,,,,,28724,0.0037815524265170097,,,,,,,,
,,,,,,,,,1.036963696369637e-07,28729,,,,,,,,,
94,,,,,,,,,,28729,0.029736245051026344,,,,,,,,
,,,,,,,,,1.0336633663366335e-07,28734,,,,,,,,,
94,,,,,,,,,,28734,0.002573228208348155,,,,,,,,
,,,,,,,,,1.0303630363036303e-07,28739,,,,,,,,,
94,,,,,,,,,,28739,0.002957246731966734,,,,,,,,
,,,,,,,,,1.027062706270627e-07,28744,,,,,,,,,
94,,,,,,,,,,28744,0.019894201308488846,,,,,,,,
,,,,,,,,,1.0237623762376237e-07,28749,,,,,,,,,
94,,,,,,,,,,28749,0.025060657411813736,,,,,,,,
,,,,,,,,,1.0204620462046203e-07,28754,,,,,,,,,
94,,,,,,,,,,28754,0.01627856120467186,,,,,,,,
,,,,,,,,,1.0171617161716171e-07,28759,,,,,,,,,
94,,,,,,,,,,28759,0.0049920775927603245,,,,,,,,
,,,,,,,,,1.0138613861386139e-07,28764,,,,,,,,,
94,,,,,,,,,,28764,0.007233199663460255,,,,,,,,
,,,,,,,,,1.0105610561056105e-07,28769,,,,,,,,,
94,,,,,,,,,,28769,0.010019609704613686,,,,,,,,
,,,,,,,,,1.0072607260726072e-07,28774,,,,,,,,,
94,,,,,,,,,,28774,0.015608805231750011,,,,,,,,
,,,,,,,,,1.003960396039604e-07,28779,,,,,,,,,
94,,,,,,,,,,28779,0.007293254137039185,,,,,,,,
,,,,,,,,,1.0006600660066006e-07,28784,,,,,,,,,
94,,,,,,,,,,28784,0.012580654583871365,,,,,,,,
94,,,,,,,,,,28784,,0.6625000238418579,0.70652174949646,0.08751380443572998,0.08751380443572998,0.40303775668144226,0.6914893388748169,0.7222222089767456,0.40414726734161377
,,,,,,,,,9.973597359735974e-08,28789,,,,,,,,,
95,,,,,,,,,,28789,0.004177663940936327,,,,,,,,
,,,,,,,,,9.94059405940594e-08,28794,,,,,,,,,
95,,,,,,,,,,28794,0.011823195032775402,,,,,,,,
,,,,,,,,,9.907590759075907e-08,28799,,,,,,,,,
95,,,,,,,,,,28799,0.02299460954964161,,,,,,,,
,,,,,,,,,9.874587458745874e-08,28804,,,,,,,,,
95,,,,,,,,,,28804,0.007903967052698135,,,,,,,,
,,,,,,,,,9.841584158415842e-08,28809,,,,,,,,,
95,,,,,,,,,,28809,0.01075759157538414,,,,,,,,
,,,,,,,,,9.808580858085807e-08,28814,,,,,,,,,
95,,,,,,,,,,28814,0.005156594328582287,,,,,,,,
,,,,,,,,,9.775577557755775e-08,28819,,,,,,,,,
95,,,,,,,,,,28819,0.00902771670371294,,,,,,,,
,,,,,,,,,9.742574257425743e-08,28824,,,,,,,,,
95,,,,,,,,,,28824,0.024483326822519302,,,,,,,,
,,,,,,,,,9.709570957095709e-08,28829,,,,,,,,,
95,,,,,,,,,,28829,0.009669344872236252,,,,,,,,
,,,,,,,,,9.676567656765676e-08,28834,,,,,,,,,
95,,,,,,,,,,28834,0.022570498287677765,,,,,,,,
,,,,,,,,,9.643564356435643e-08,28839,,,,,,,,,
95,,,,,,,,,,28839,0.008233302272856236,,,,,,,,
,,,,,,,,,9.610561056105611e-08,28844,,,,,,,,,
95,,,,,,,,,,28844,0.004992079921066761,,,,,,,,
,,,,,,,,,9.577557755775577e-08,28849,,,,,,,,,
95,,,,,,,,,,28849,0.012239080853760242,,,,,,,,
,,,,,,,,,9.544554455445544e-08,28854,,,,,,,,,
95,,,,,,,,,,28854,0.01472283061593771,,,,,,,,
,,,,,,,,,9.511551155115512e-08,28859,,,,,,,,,
95,,,,,,,,,,28859,0.0015631815185770392,,,,,,,,
,,,,,,,,,9.478547854785478e-08,28864,,,,,,,,,
95,,,,,,,,,,28864,0.016497334465384483,,,,,,,,
,,,,,,,,,9.445544554455446e-08,28869,,,,,,,,,
95,,,,,,,,,,28869,0.009732741862535477,,,,,,,,
,,,,,,,,,9.412541254125412e-08,28874,,,,,,,,,
95,,,,,,,,,,28874,0.0207300316542387,,,,,,,,
,,,,,,,,,9.379537953795379e-08,28879,,,,,,,,,
95,,,,,,,,,,28879,0.004646589048206806,,,,,,,,
,,,,,,,,,9.346534653465346e-08,28884,,,,,,,,,
95,,,,,,,,,,28884,0.014320547692477703,,,,,,,,
,,,,,,,,,9.313531353135314e-08,28889,,,,,,,,,
95,,,,,,,,,,28889,0.0167361069470644,,,,,,,,
,,,,,,,,,9.280528052805279e-08,28894,,,,,,,,,
95,,,,,,,,,,28894,0.0033399539534002542,,,,,,,,
,,,,,,,,,9.247524752475247e-08,28899,,,,,,,,,
95,,,,,,,,,,28899,0.006780826952308416,,,,,,,,
,,,,,,,,,9.214521452145215e-08,28904,,,,,,,,,
95,,,,,,,,,,28904,0.019764453172683716,,,,,,,,
,,,,,,,,,9.18151815181518e-08,28909,,,,,,,,,
95,,,,,,,,,,28909,0.013546434231102467,,,,,,,,
,,,,,,,,,9.148514851485148e-08,28914,,,,,,,,,
95,,,,,,,,,,28914,0.008664161898195744,,,,,,,,
,,,,,,,,,9.115511551155115e-08,28919,,,,,,,,,
95,,,,,,,,,,28919,0.016395635902881622,,,,,,,,
,,,,,,,,,9.082508250825083e-08,28924,,,,,,,,,
95,,,,,,,,,,28924,0.007772721350193024,,,,,,,,
,,,,,,,,,9.049504950495048e-08,28929,,,,,,,,,
95,,,,,,,,,,28929,0.02613644301891327,,,,,,,,
,,,,,,,,,9.016501650165016e-08,28934,,,,,,,,,
95,,,,,,,,,,28934,0.02429872937500477,,,,,,,,
,,,,,,,,,8.983498349834984e-08,28939,,,,,,,,,
95,,,,,,,,,,28939,0.012018730863928795,,,,,,,,
,,,,,,,,,8.95049504950495e-08,28944,,,,,,,,,
95,,,,,,,,,,28944,0.004552422557026148,,,,,,,,
,,,,,,,,,8.917491749174917e-08,28949,,,,,,,,,
95,,,,,,,,,,28949,0.04085167497396469,,,,,,,,
,,,,,,,,,8.884488448844884e-08,28954,,,,,,,,,
95,,,,,,,,,,28954,0.01969257928431034,,,,,,,,
,,,,,,,,,8.851485148514851e-08,28959,,,,,,,,,
95,,,,,,,,,,28959,0.018480665981769562,,,,,,,,
,,,,,,,,,8.818481848184819e-08,28964,,,,,,,,,
95,,,,,,,,,,28964,0.004479583818465471,,,,,,,,
,,,,,,,,,8.785478547854785e-08,28969,,,,,,,,,
95,,,,,,,,,,28969,0.004741504322737455,,,,,,,,
,,,,,,,,,8.752475247524751e-08,28974,,,,,,,,,
95,,,,,,,,,,28974,0.007428813260048628,,,,,,,,
,,,,,,,,,8.719471947194719e-08,28979,,,,,,,,,
95,,,,,,,,,,28979,0.00793895311653614,,,,,,,,
,,,,,,,,,8.686468646864687e-08,28984,,,,,,,,,
95,,,,,,,,,,28984,0.027793802320957184,,,,,,,,
,,,,,,,,,8.653465346534652e-08,28989,,,,,,,,,
95,,,,,,,,,,28989,0.00788338016718626,,,,,,,,
,,,,,,,,,8.62046204620462e-08,28994,,,,,,,,,
95,,,,,,,,,,28994,0.010601183399558067,,,,,,,,
,,,,,,,,,8.587458745874587e-08,28999,,,,,,,,,
95,,,,,,,,,,28999,0.010588735342025757,,,,,,,,
,,,,,,,,,8.554455445544555e-08,29004,,,,,,,,,
95,,,,,,,,,,29004,0.014741101302206516,,,,,,,,
,,,,,,,,,8.52145214521452e-08,29009,,,,,,,,,
95,,,,,,,,,,29009,0.011291446164250374,,,,,,,,
,,,,,,,,,8.488448844884488e-08,29014,,,,,,,,,
95,,,,,,,,,,29014,0.014968794770538807,,,,,,,,
,,,,,,,,,8.455445544554456e-08,29019,,,,,,,,,
95,,,,,,,,,,29019,0.009672995656728745,,,,,,,,
,,,,,,,,,8.422442244224422e-08,29024,,,,,,,,,
95,,,,,,,,,,29024,0.01060036662966013,,,,,,,,
,,,,,,,,,8.389438943894389e-08,29029,,,,,,,,,
95,,,,,,,,,,29029,0.024909621104598045,,,,,,,,
,,,,,,,,,8.356435643564356e-08,29034,,,,,,,,,
95,,,,,,,,,,29034,0.036203499883413315,,,,,,,,
,,,,,,,,,8.323432343234323e-08,29039,,,,,,,,,
95,,,,,,,,,,29039,0.006797236390411854,,,,,,,,
,,,,,,,,,8.29042904290429e-08,29044,,,,,,,,,
95,,,,,,,,,,29044,0.007787414826452732,,,,,,,,
,,,,,,,,,8.257425742574257e-08,29049,,,,,,,,,
95,,,,,,,,,,29049,0.010982840321958065,,,,,,,,
,,,,,,,,,8.224422442244223e-08,29054,,,,,,,,,
95,,,,,,,,,,29054,0.011433265171945095,,,,,,,,
,,,,,,,,,8.191419141914191e-08,29059,,,,,,,,,
95,,,,,,,,,,29059,0.013575240038335323,,,,,,,,
,,,,,,,,,8.158415841584159e-08,29064,,,,,,,,,
95,,,,,,,,,,29064,0.01665104739367962,,,,,,,,
,,,,,,,,,8.125412541254124e-08,29069,,,,,,,,,
95,,,,,,,,,,29069,0.004756520502269268,,,,,,,,
,,,,,,,,,8.092409240924092e-08,29074,,,,,,,,,
95,,,,,,,,,,29074,0.014106068760156631,,,,,,,,
,,,,,,,,,8.05940594059406e-08,29079,,,,,,,,,
95,,,,,,,,,,29079,0.008652960881590843,,,,,,,,
,,,,,,,,,8.026402640264027e-08,29084,,,,,,,,,
95,,,,,,,,,,29084,0.004381267353892326,,,,,,,,
95,,,,,,,,,,29087,,0.6625000238418579,0.70652174949646,0.08763690292835236,0.08763690292835236,0.40117162466049194,0.6914893388748169,0.7222222089767456,0.40264543890953064
,,,,,,,,,7.993399339933992e-08,29089,,,,,,,,,
96,,,,,,,,,,29089,0.004213271662592888,,,,,,,,
,,,,,,,,,7.96039603960396e-08,29094,,,,,,,,,
96,,,,,,,,,,29094,0.0036897913087159395,,,,,,,,
,,,,,,,,,7.927392739273928e-08,29099,,,,,,,,,
96,,,,,,,,,,29099,0.006898588966578245,,,,,,,,
,,,,,,,,,7.894389438943893e-08,29104,,,,,,,,,
96,,,,,,,,,,29104,0.014121984131634235,,,,,,,,
,,,,,,,,,7.861386138613861e-08,29109,,,,,,,,,
96,,,,,,,,,,29109,0.019951798021793365,,,,,,,,
,,,,,,,,,7.828382838283828e-08,29114,,,,,,,,,
96,,,,,,,,,,29114,0.0012101049069315195,,,,,,,,
,,,,,,,,,7.795379537953795e-08,29119,,,,,,,,,
96,,,,,,,,,,29119,0.01419326476752758,,,,,,,,
,,,,,,,,,7.762376237623761e-08,29124,,,,,,,,,
96,,,,,,,,,,29124,0.00293903099372983,,,,,,,,
,,,,,,,,,7.729372937293729e-08,29129,,,,,,,,,
96,,,,,,,,,,29129,0.01286664605140686,,,,,,,,
,,,,,,,,,7.696369636963696e-08,29134,,,,,,,,,
96,,,,,,,,,,29134,0.002354566939175129,,,,,,,,
,,,,,,,,,7.663366336633663e-08,29139,,,,,,,,,
96,,,,,,,,,,29139,0.002114224713295698,,,,,,,,
,,,,,,,,,7.63036303630363e-08,29144,,,,,,,,,
96,,,,,,,,,,29144,0.0037011022213846445,,,,,,,,
,,,,,,,,,7.597359735973596e-08,29149,,,,,,,,,
96,,,,,,,,,,29149,0.008214284665882587,,,,,,,,
,,,,,,,,,7.564356435643564e-08,29154,,,,,,,,,
96,,,,,,,,,,29154,0.01185669843107462,,,,,,,,
,,,,,,,,,7.531353135313532e-08,29159,,,,,,,,,
96,,,,,,,,,,29159,0.009450379759073257,,,,,,,,
,,,,,,,,,7.498349834983498e-08,29164,,,,,,,,,
96,,,,,,,,,,29164,0.028906943276524544,,,,,,,,
,,,,,,,,,7.465346534653464e-08,29169,,,,,,,,,
96,,,,,,,,,,29169,0.0072077009826898575,,,,,,,,
,,,,,,,,,7.432343234323432e-08,29174,,,,,,,,,
96,,,,,,,,,,29174,0.006147816311568022,,,,,,,,
,,,,,,,,,7.3993399339934e-08,29179,,,,,,,,,
96,,,,,,,,,,29179,0.011792528443038464,,,,,,,,
,,,,,,,,,7.366336633663365e-08,29184,,,,,,,,,
96,,,,,,,,,,29184,0.011160562746226788,,,,,,,,
,,,,,,,,,7.333333333333333e-08,29189,,,,,,,,,
96,,,,,,,,,,29189,0.002955824136734009,,,,,,,,
,,,,,,,,,7.3003300330033e-08,29194,,,,,,,,,
96,,,,,,,,,,29194,0.027106447145342827,,,,,,,,
,,,,,,,,,7.267326732673267e-08,29199,,,,,,,,,
96,,,,,,,,,,29199,0.007535653188824654,,,,,,,,
,,,,,,,,,7.234323432343233e-08,29204,,,,,,,,,
96,,,,,,,,,,29204,0.009308827109634876,,,,,,,,
,,,,,,,,,7.201320132013201e-08,29209,,,,,,,,,
96,,,,,,,,,,29209,0.013993755914270878,,,,,,,,
,,,,,,,,,7.168316831683168e-08,29214,,,,,,,,,
96,,,,,,,,,,29214,0.008753984235227108,,,,,,,,
,,,,,,,,,7.135313531353135e-08,29219,,,,,,,,,
96,,,,,,,,,,29219,0.002622396219521761,,,,,,,,
,,,,,,,,,7.102310231023102e-08,29224,,,,,,,,,
96,,,,,,,,,,29224,0.018722185865044594,,,,,,,,
,,,,,,,,,7.069306930693068e-08,29229,,,,,,,,,
96,,,,,,,,,,29229,0.011579343117773533,,,,,,,,
,,,,,,,,,7.036303630363036e-08,29234,,,,,,,,,
96,,,,,,,,,,29234,0.0021293789613991976,,,,,,,,
,,,,,,,,,7.003300330033004e-08,29239,,,,,,,,,
96,,,,,,,,,,29239,0.009392855688929558,,,,,,,,
,,,,,,,,,6.97029702970297e-08,29244,,,,,,,,,
96,,,,,,,,,,29244,0.00839755218476057,,,,,,,,
,,,,,,,,,6.937293729372937e-08,29249,,,,,,,,,
96,,,,,,,,,,29249,0.006896508391946554,,,,,,,,
,,,,,,,,,6.904290429042904e-08,29254,,,,,,,,,
96,,,,,,,,,,29254,0.00457968283444643,,,,,,,,
,,,,,,,,,6.871287128712872e-08,29259,,,,,,,,,
96,,,,,,,,,,29259,0.013145003467798233,,,,,,,,
,,,,,,,,,6.838283828382837e-08,29264,,,,,,,,,
96,,,,,,,,,,29264,0.0028597237542271614,,,,,,,,
,,,,,,,,,6.805280528052805e-08,29269,,,,,,,,,
96,,,,,,,,,,29269,0.012441301718354225,,,,,,,,
,,,,,,,,,6.772277227722773e-08,29274,,,,,,,,,
96,,,,,,,,,,29274,0.011286744847893715,,,,,,,,
,,,,,,,,,6.739273927392739e-08,29279,,,,,,,,,
96,,,,,,,,,,29279,0.019138725474476814,,,,,,,,
,,,,,,,,,6.706270627062706e-08,29284,,,,,,,,,
96,,,,,,,,,,29284,0.01068201009184122,,,,,,,,
,,,,,,,,,6.673267326732673e-08,29289,,,,,,,,,
96,,,,,,,,,,29289,0.009939501993358135,,,,,,,,
,,,,,,,,,6.64026402640264e-08,29294,,,,,,,,,
96,,,,,,,,,,29294,0.004186115227639675,,,,,,,,
,,,,,,,,,6.607260726072607e-08,29299,,,,,,,,,
96,,,,,,,,,,29299,0.005130406469106674,,,,,,,,
,,,,,,,,,6.574257425742574e-08,29304,,,,,,,,,
96,,,,,,,,,,29304,0.008495822548866272,,,,,,,,
,,,,,,,,,6.54125412541254e-08,29309,,,,,,,,,
96,,,,,,,,,,29309,0.004503649193793535,,,,,,,,
,,,,,,,,,6.508250825082508e-08,29314,,,,,,,,,
96,,,,,,,,,,29314,0.006321505177766085,,,,,,,,
,,,,,,,,,6.475247524752476e-08,29319,,,,,,,,,
96,,,,,,,,,,29319,0.0009073487599380314,,,,,,,,
,,,,,,,,,6.442244224422442e-08,29324,,,,,,,,,
96,,,,,,,,,,29324,0.0028145306278020144,,,,,,,,
,,,,,,,,,6.409240924092409e-08,29329,,,,,,,,,
96,,,,,,,,,,29329,0.003082037903368473,,,,,,,,
,,,,,,,,,6.376237623762376e-08,29334,,,,,,,,,
96,,,,,,,,,,29334,0.0309519711881876,,,,,,,,
,,,,,,,,,6.343234323432344e-08,29339,,,,,,,,,
96,,,,,,,,,,29339,0.0031807112973183393,,,,,,,,
,,,,,,,,,6.310231023102309e-08,29344,,,,,,,,,
96,,,,,,,,,,29344,0.022400476038455963,,,,,,,,
,,,,,,,,,6.277227722772277e-08,29349,,,,,,,,,
96,,,,,,,,,,29349,0.006622324697673321,,,,,,,,
,,,,,,,,,6.244224422442243e-08,29354,,,,,,,,,
96,,,,,,,,,,29354,0.006867334712296724,,,,,,,,
,,,,,,,,,6.211221122112211e-08,29359,,,,,,,,,
96,,,,,,,,,,29359,0.014892916195094585,,,,,,,,
,,,,,,,,,6.178217821782178e-08,29364,,,,,,,,,
96,,,,,,,,,,29364,0.006234052125364542,,,,,,,,
,,,,,,,,,6.145214521452144e-08,29369,,,,,,,,,
96,,,,,,,,,,29369,0.022361237555742264,,,,,,,,
,,,,,,,,,6.112211221122112e-08,29374,,,,,,,,,
96,,,,,,,,,,29374,0.008705506101250648,,,,,,,,
,,,,,,,,,6.079207920792078e-08,29379,,,,,,,,,
96,,,,,,,,,,29379,0.028314583003520966,,,,,,,,
,,,,,,,,,6.046204620462046e-08,29384,,,,,,,,,
96,,,,,,,,,,29384,0.008168407715857029,,,,,,,,
,,,,,,,,,6.013201320132012e-08,29389,,,,,,,,,
96,,,,,,,,,,29389,0.004795380402356386,,,,,,,,
96,,,,,,,,,,29390,,0.6625000238418579,0.70652174949646,0.08760545402765274,0.08760545402765274,0.4033205509185791,0.6914893388748169,0.7222222089767456,0.4051753580570221
,,,,,,,,,5.98019801980198e-08,29394,,,,,,,,,
97,,,,,,,,,,29394,0.00150881742592901,,,,,,,,
,,,,,,,,,5.947194719471947e-08,29399,,,,,,,,,
97,,,,,,,,,,29399,0.007028268650174141,,,,,,,,
,,,,,,,,,5.9141914191419136e-08,29404,,,,,,,,,
97,,,,,,,,,,29404,0.028200069442391396,,,,,,,,
,,,,,,,,,5.881188118811881e-08,29409,,,,,,,,,
97,,,,,,,,,,29409,0.006646203808486462,,,,,,,,
,,,,,,,,,5.848184818481848e-08,29414,,,,,,,,,
97,,,,,,,,,,29414,0.0036562953609973192,,,,,,,,
,,,,,,,,,5.815181518151815e-08,29419,,,,,,,,,
97,,,,,,,,,,29419,0.005386724136769772,,,,,,,,
,,,,,,,,,5.782178217821782e-08,29424,,,,,,,,,
97,,,,,,,,,,29424,0.006129920482635498,,,,,,,,
,,,,,,,,,5.749174917491749e-08,29429,,,,,,,,,
97,,,,,,,,,,29429,0.04520590603351593,,,,,,,,
,,,,,,,,,5.7161716171617155e-08,29434,,,,,,,,,
97,,,,,,,,,,29434,0.008151022717356682,,,,,,,,
,,,,,,,,,5.683168316831683e-08,29439,,,,,,,,,
97,,,,,,,,,,29439,0.004312239121645689,,,,,,,,
,,,,,,,,,5.6501650165016497e-08,29444,,,,,,,,,
97,,,,,,,,,,29444,0.011836223304271698,,,,,,,,
,,,,,,,,,5.617161716171617e-08,29449,,,,,,,,,
97,,,,,,,,,,29449,0.014456195756793022,,,,,,,,
,,,,,,,,,5.584158415841584e-08,29454,,,,,,,,,
97,,,,,,,,,,29454,0.022246694192290306,,,,,,,,
,,,,,,,,,5.551155115511551e-08,29459,,,,,,,,,
97,,,,,,,,,,29459,0.01627681404352188,,,,,,,,
,,,,,,,,,5.518151815181518e-08,29464,,,,,,,,,
97,,,,,,,,,,29464,0.016354011371731758,,,,,,,,
,,,,,,,,,5.485148514851485e-08,29469,,,,,,,,,
97,,,,,,,,,,29469,0.011306439526379108,,,,,,,,
,,,,,,,,,5.4521452145214515e-08,29474,,,,,,,,,
97,,,,,,,,,,29474,0.010402621701359749,,,,,,,,
,,,,,,,,,5.419141914191419e-08,29479,,,,,,,,,
97,,,,,,,,,,29479,0.006192880682647228,,,,,,,,
,,,,,,,,,5.386138613861386e-08,29484,,,,,,,,,
97,,,,,,,,,,29484,0.007476134691387415,,,,,,,,
,,,,,,,,,5.353135313531353e-08,29489,,,,,,,,,
97,,,,,,,,,,29489,0.010996555909514427,,,,,,,,
,,,,,,,,,5.32013201320132e-08,29494,,,,,,,,,
97,,,,,,,,,,29494,0.008056008256971836,,,,,,,,
,,,,,,,,,5.287128712871287e-08,29499,,,,,,,,,
97,,,,,,,,,,29499,0.006113918498158455,,,,,,,,
,,,,,,,,,5.254125412541254e-08,29504,,,,,,,,,
97,,,,,,,,,,29504,0.0012942488538101315,,,,,,,,
,,,,,,,,,5.221122112211221e-08,29509,,,,,,,,,
97,,,,,,,,,,29509,0.004884066991508007,,,,,,,,
,,,,,,,,,5.1881188118811876e-08,29514,,,,,,,,,
97,,,,,,,,,,29514,0.008557338267564774,,,,,,,,
,,,,,,,,,5.155115511551155e-08,29519,,,,,,,,,
97,,,,,,,,,,29519,0.008432743139564991,,,,,,,,
,,,,,,,,,5.122112211221122e-08,29524,,,,,,,,,
97,,,,,,,,,,29524,0.00532979890704155,,,,,,,,
,,,,,,,,,5.089108910891089e-08,29529,,,,,,,,,
97,,,,,,,,,,29529,0.022903140634298325,,,,,,,,
,,,,,,,,,5.056105610561056e-08,29534,,,,,,,,,
97,,,,,,,,,,29534,0.032026685774326324,,,,,,,,
,,,,,,,,,5.023102310231023e-08,29539,,,,,,,,,
97,,,,,,,,,,29539,0.017785511910915375,,,,,,,,
,,,,,,,,,4.99009900990099e-08,29544,,,,,,,,,
97,,,,,,,,,,29544,0.007552407216280699,,,,,,,,
,,,,,,,,,4.957095709570957e-08,29549,,,,,,,,,
97,,,,,,,,,,29549,0.011181728914380074,,,,,,,,
,,,,,,,,,4.9240924092409236e-08,29554,,,,,,,,,
97,,,,,,,,,,29554,0.033789798617362976,,,,,,,,
,,,,,,,,,4.8910891089108914e-08,29559,,,,,,,,,
97,,,,,,,,,,29559,0.008151473477482796,,,,,,,,
,,,,,,,,,4.858085808580858e-08,29564,,,,,,,,,
97,,,,,,,,,,29564,0.004283287096768618,,,,,,,,
,,,,,,,,,4.825082508250824e-08,29569,,,,,,,,,
97,,,,,,,,,,29569,0.0011971191270276904,,,,,,,,
,,,,,,,,,4.792079207920792e-08,29574,,,,,,,,,
97,,,,,,,,,,29574,0.0075074452906847,,,,,,,,
,,,,,,,,,4.7590759075907584e-08,29579,,,,,,,,,
97,,,,,,,,,,29579,0.004635221790522337,,,,,,,,
,,,,,,,,,4.726072607260726e-08,29584,,,,,,,,,
97,,,,,,,,,,29584,0.027349187061190605,,,,,,,,
,,,,,,,,,4.6930693069306926e-08,29589,,,,,,,,,
97,,,,,,,,,,29589,0.025507410988211632,,,,,,,,
,,,,,,,,,4.6600660066006597e-08,29594,,,,,,,,,
97,,,,,,,,,,29594,0.014640205539762974,,,,,,,,
,,,,,,,,,4.627062706270627e-08,29599,,,,,,,,,
97,,,,,,,,,,29599,0.019854608923196793,,,,,,,,
,,,,,,,,,4.594059405940594e-08,29604,,,,,,,,,
97,,,,,,,,,,29604,0.005696048028767109,,,,,,,,
,,,,,,,,,4.56105610561056e-08,29609,,,,,,,,,
97,,,,,,,,,,29609,0.004726197104901075,,,,,,,,
,,,,,,,,,4.528052805280528e-08,29614,,,,,,,,,
97,,,,,,,,,,29614,0.010541149415075779,,,,,,,,
,,,,,,,,,4.4950495049504944e-08,29619,,,,,,,,,
97,,,,,,,,,,29619,0.005592044908553362,,,,,,,,
,,,,,,,,,4.462046204620462e-08,29624,,,,,,,,,
97,,,,,,,,,,29624,0.011009955778717995,,,,,,,,
,,,,,,,,,4.4290429042904286e-08,29629,,,,,,,,,
97,,,,,,,,,,29629,0.004304257221519947,,,,,,,,
,,,,,,,,,4.396039603960396e-08,29634,,,,,,,,,
97,,,,,,,,,,29634,0.012239046394824982,,,,,,,,
,,,,,,,,,4.363036303630363e-08,29639,,,,,,,,,
97,,,,,,,,,,29639,0.02557004988193512,,,,,,,,
,,,,,,,,,4.33003300330033e-08,29644,,,,,,,,,
97,,,,,,,,,,29644,0.012103680521249771,,,,,,,,
,,,,,,,,,4.297029702970296e-08,29649,,,,,,,,,
97,,,,,,,,,,29649,0.010059477761387825,,,,,,,,
,,,,,,,,,4.264026402640264e-08,29654,,,,,,,,,
97,,,,,,,,,,29654,0.012079978361725807,,,,,,,,
,,,,,,,,,4.2310231023102305e-08,29659,,,,,,,,,
97,,,,,,,,,,29659,0.0019028082024306059,,,,,,,,
,,,,,,,,,4.198019801980198e-08,29664,,,,,,,,,
97,,,,,,,,,,29664,0.02898247353732586,,,,,,,,
,,,,,,,,,4.1650165016501646e-08,29669,,,,,,,,,
97,,,,,,,,,,29669,0.01880793273448944,,,,,,,,
,,,,,,,,,4.132013201320132e-08,29674,,,,,,,,,
97,,,,,,,,,,29674,0.012289149686694145,,,,,,,,
,,,,,,,,,4.099009900990099e-08,29679,,,,,,,,,
97,,,,,,,,,,29679,0.015283210203051567,,,,,,,,
,,,,,,,,,4.066006600660066e-08,29684,,,,,,,,,
97,,,,,,,,,,29684,0.0029336416628211737,,,,,,,,
,,,,,,,,,4.033003300330033e-08,29689,,,,,,,,,
97,,,,,,,,,,29689,0.0374126210808754,,,,,,,,
97,,,,,,,,,,29693,,0.6625000238418579,0.70652174949646,0.08769740909337997,0.08769740909337997,0.40236571431159973,0.6914893388748169,0.7222222089767456,0.4043525755405426
,,,,,,,,,4e-08,29694,,,,,,,,,
98,,,,,,,,,,29694,0.012015128508210182,,,,,,,,
,,,,,,,,,3.9669966996699665e-08,29699,,,,,,,,,
98,,,,,,,,,,29699,0.012172507122159004,,,,,,,,
,,,,,,,,,3.933993399339934e-08,29704,,,,,,,,,
98,,,,,,,,,,29704,0.009591927751898766,,,,,,,,
,,,,,,,,,3.900990099009901e-08,29709,,,,,,,,,
98,,,,,,,,,,29709,0.01567223109304905,,,,,,,,
,,,,,,,,,3.867986798679868e-08,29714,,,,,,,,,
98,,,,,,,,,,29714,0.006034510675817728,,,,,,,,
,,,,,,,,,3.834983498349835e-08,29719,,,,,,,,,
98,,,,,,,,,,29719,0.006887773983180523,,,,,,,,
,,,,,,,,,3.801980198019802e-08,29724,,,,,,,,,
98,,,,,,,,,,29724,0.007898759096860886,,,,,,,,
,,,,,,,,,3.768976897689769e-08,29729,,,,,,,,,
98,,,,,,,,,,29729,0.010927252471446991,,,,,,,,
,,,,,,,,,3.735973597359736e-08,29734,,,,,,,,,
98,,,,,,,,,,29734,0.004314115270972252,,,,,,,,
,,,,,,,,,3.7029702970297025e-08,29739,,,,,,,,,
98,,,,,,,,,,29739,0.007975886575877666,,,,,,,,
,,,,,,,,,3.66996699669967e-08,29744,,,,,,,,,
98,,,,,,,,,,29744,0.00560417678207159,,,,,,,,
,,,,,,,,,3.636963696369637e-08,29749,,,,,,,,,
98,,,,,,,,,,29749,0.017468834295868874,,,,,,,,
,,,,,,,,,3.603960396039604e-08,29754,,,,,,,,,
98,,,,,,,,,,29754,0.011767653748393059,,,,,,,,
,,,,,,,,,3.570957095709571e-08,29759,,,,,,,,,
98,,,,,,,,,,29759,0.0010233335196971893,,,,,,,,
,,,,,,,,,3.537953795379538e-08,29764,,,,,,,,,
98,,,,,,,,,,29764,0.019468175247311592,,,,,,,,
,,,,,,,,,3.504950495049505e-08,29769,,,,,,,,,
98,,,,,,,,,,29769,0.01173183973878622,,,,,,,,
,,,,,,,,,3.471947194719472e-08,29774,,,,,,,,,
98,,,,,,,,,,29774,0.012489980086684227,,,,,,,,
,,,,,,,,,3.4389438943894386e-08,29779,,,,,,,,,
98,,,,,,,,,,29779,0.00882060918956995,,,,,,,,
,,,,,,,,,3.4059405940594063e-08,29784,,,,,,,,,
98,,,,,,,,,,29784,0.012607956305146217,,,,,,,,
,,,,,,,,,3.372937293729373e-08,29789,,,,,,,,,
98,,,,,,,,,,29789,0.001056311884894967,,,,,,,,
,,,,,,,,,3.339933993399339e-08,29794,,,,,,,,,
98,,,,,,,,,,29794,0.004206139128655195,,,,,,,,
,,,,,,,,,3.306930693069307e-08,29799,,,,,,,,,
98,,,,,,,,,,29799,0.006454551592469215,,,,,,,,
,,,,,,,,,3.2739273927392734e-08,29804,,,,,,,,,
98,,,,,,,,,,29804,0.01225614920258522,,,,,,,,
,,,,,,,,,3.240924092409241e-08,29809,,,,,,,,,
98,,,,,,,,,,29809,0.0025013028644025326,,,,,,,,
,,,,,,,,,3.2079207920792075e-08,29814,,,,,,,,,
98,,,,,,,,,,29814,0.006147413980215788,,,,,,,,
,,,,,,,,,3.1749174917491746e-08,29819,,,,,,,,,
98,,,,,,,,,,29819,0.003109844634309411,,,,,,,,
,,,,,,,,,3.141914191419142e-08,29824,,,,,,,,,
98,,,,,,,,,,29824,0.012535592541098595,,,,,,,,
,,,,,,,,,3.108910891089109e-08,29829,,,,,,,,,
98,,,,,,,,,,29829,0.005738313775509596,,,,,,,,
,,,,,,,,,3.075907590759076e-08,29834,,,,,,,,,
98,,,,,,,,,,29834,0.029847199097275734,,,,,,,,
,,,,,,,,,3.042904290429043e-08,29839,,,,,,,,,
98,,,,,,,,,,29839,0.009990688413381577,,,,,,,,
,,,,,,,,,3.0099009900990094e-08,29844,,,,,,,,,
98,,,,,,,,,,29844,0.010663459077477455,,,,,,,,
,,,,,,,,,2.9768976897689768e-08,29849,,,,,,,,,
98,,,,,,,,,,29849,0.014006244018673897,,,,,,,,
,,,,,,,,,2.943894389438944e-08,29854,,,,,,,,,
98,,,,,,,,,,29854,0.02430744282901287,,,,,,,,
,,,,,,,,,2.910891089108911e-08,29859,,,,,,,,,
98,,,,,,,,,,29859,0.005277146119624376,,,,,,,,
,,,,,,,,,2.8778877887788778e-08,29864,,,,,,,,,
98,,,,,,,,,,29864,0.018904799595475197,,,,,,,,
,,,,,,,,,2.844884488448845e-08,29869,,,,,,,,,
98,,,,,,,,,,29869,0.0033271724823862314,,,,,,,,
,,,,,,,,,2.811881188118812e-08,29874,,,,,,,,,
98,,,,,,,,,,29874,0.020636141300201416,,,,,,,,
,,,,,,,,,2.778877887788779e-08,29879,,,,,,,,,
98,,,,,,,,,,29879,0.0025032395496964455,,,,,,,,
,,,,,,,,,2.7458745874587458e-08,29884,,,,,,,,,
98,,,,,,,,,,29884,0.004921761807054281,,,,,,,,
,,,,,,,,,2.712871287128713e-08,29889,,,,,,,,,
98,,,,,,,,,,29889,0.018211612477898598,,,,,,,,
,,,,,,,,,2.67986798679868e-08,29894,,,,,,,,,
98,,,,,,,,,,29894,0.004019204527139664,,,,,,,,
,,,,,,,,,2.646864686468647e-08,29899,,,,,,,,,
98,,,,,,,,,,29899,0.008726383559405804,,,,,,,,
,,,,,,,,,2.6138613861386138e-08,29904,,,,,,,,,
98,,,,,,,,,,29904,0.005009166430681944,,,,,,,,
,,,,,,,,,2.580858085808581e-08,29909,,,,,,,,,
98,,,,,,,,,,29909,0.007475057616829872,,,,,,,,
,,,,,,,,,2.5478547854785476e-08,29914,,,,,,,,,
98,,,,,,,,,,29914,0.017477696761488914,,,,,,,,
,,,,,,,,,2.5148514851485147e-08,29919,,,,,,,,,
98,,,,,,,,,,29919,0.003985368646681309,,,,,,,,
,,,,,,,,,2.4818481848184815e-08,29924,,,,,,,,,
98,,,,,,,,,,29924,0.015350531786680222,,,,,,,,
,,,,,,,,,2.4488448844884486e-08,29929,,,,,,,,,
98,,,,,,,,,,29929,0.0026657136622816324,,,,,,,,
,,,,,,,,,2.4158415841584157e-08,29934,,,,,,,,,
98,,,,,,,,,,29934,0.003914522472769022,,,,,,,,
,,,,,,,,,2.3828382838283828e-08,29939,,,,,,,,,
98,,,,,,,,,,29939,0.00774787412956357,,,,,,,,
,,,,,,,,,2.3498349834983495e-08,29944,,,,,,,,,
98,,,,,,,,,,29944,0.021409979090094566,,,,,,,,
,,,,,,,,,2.3168316831683166e-08,29949,,,,,,,,,
98,,,,,,,,,,29949,0.021043376997113228,,,,,,,,
,,,,,,,,,2.2838283828382837e-08,29954,,,,,,,,,
98,,,,,,,,,,29954,0.05092110484838486,,,,,,,,
,,,,,,,,,2.2508250825082508e-08,29959,,,,,,,,,
98,,,,,,,,,,29959,0.02667071484029293,,,,,,,,
,,,,,,,,,2.2178217821782175e-08,29964,,,,,,,,,
98,,,,,,,,,,29964,0.006255218759179115,,,,,,,,
,,,,,,,,,2.1848184818481846e-08,29969,,,,,,,,,
98,,,,,,,,,,29969,0.011689254082739353,,,,,,,,
,,,,,,,,,2.1518151815181517e-08,29974,,,,,,,,,
98,,,,,,,,,,29974,0.004708980675786734,,,,,,,,
,,,,,,,,,2.1188118811881188e-08,29979,,,,,,,,,
98,,,,,,,,,,29979,0.008748507127165794,,,,,,,,
,,,,,,,,,2.0858085808580855e-08,29984,,,,,,,,,
98,,,,,,,,,,29984,0.005331953521817923,,,,,,,,
,,,,,,,,,2.0528052805280526e-08,29989,,,,,,,,,
98,,,,,,,,,,29989,0.0069922106340527534,,,,,,,,
,,,,,,,,,2.0198019801980197e-08,29994,,,,,,,,,
98,,,,,,,,,,29994,0.007406413555145264,,,,,,,,
98,,,,,,,,,,29996,,0.6625000238418579,0.70652174949646,0.0876738503575325,0.0876738503575325,0.4024863839149475,0.6914893388748169,0.7222222089767456,0.4042778015136719
,,,,,,,,,1.9867986798679868e-08,29999,,,,,,,,,
99,,,,,,,,,,29999,0.0025739166885614395,,,,,,,,
,,,,,,,,,1.9537953795379536e-08,30004,,,,,,,,,
99,,,,,,,,,,30004,0.018709328025579453,,,,,,,,
,,,,,,,,,1.9207920792079207e-08,30009,,,,,,,,,
99,,,,,,,,,,30009,0.007029143162071705,,,,,,,,
,,,,,,,,,1.8877887788778877e-08,30014,,,,,,,,,
99,,,,,,,,,,30014,0.002807550597935915,,,,,,,,
,,,,,,,,,1.8547854785478548e-08,30019,,,,,,,,,
99,,,,,,,,,,30019,0.017450163140892982,,,,,,,,
,,,,,,,,,1.8217821782178216e-08,30024,,,,,,,,,
99,,,,,,,,,,30024,0.006282321643084288,,,,,,,,
,,,,,,,,,1.7887788778877887e-08,30029,,,,,,,,,
99,,,,,,,,,,30029,0.010319295339286327,,,,,,,,
,,,,,,,,,1.7557755775577558e-08,30034,,,,,,,,,
99,,,,,,,,,,30034,0.018184537068009377,,,,,,,,
,,,,,,,,,1.722772277227723e-08,30039,,,,,,,,,
99,,,,,,,,,,30039,0.00422072596848011,,,,,,,,
,,,,,,,,,1.6897689768976896e-08,30044,,,,,,,,,
99,,,,,,,,,,30044,0.015720155090093613,,,,,,,,
,,,,,,,,,1.6567656765676567e-08,30049,,,,,,,,,
99,,,,,,,,,,30049,0.019011719152331352,,,,,,,,
,,,,,,,,,1.6237623762376238e-08,30054,,,,,,,,,
99,,,,,,,,,,30054,0.009310432709753513,,,,,,,,
,,,,,,,,,1.590759075907591e-08,30059,,,,,,,,,
99,,,,,,,,,,30059,0.013906555250287056,,,,,,,,
,,,,,,,,,1.5577557755775576e-08,30064,,,,,,,,,
99,,,,,,,,,,30064,0.005259097088128328,,,,,,,,
,,,,,,,,,1.5247524752475247e-08,30069,,,,,,,,,
99,,,,,,,,,,30069,0.009664003737270832,,,,,,,,
,,,,,,,,,1.4917491749174918e-08,30074,,,,,,,,,
99,,,,,,,,,,30074,0.005059279967099428,,,,,,,,
,,,,,,,,,1.4587458745874587e-08,30079,,,,,,,,,
99,,,,,,,,,,30079,0.009157825261354446,,,,,,,,
,,,,,,,,,1.4257425742574256e-08,30084,,,,,,,,,
99,,,,,,,,,,30084,0.007535990793257952,,,,,,,,
,,,,,,,,,1.3927392739273926e-08,30089,,,,,,,,,
99,,,,,,,,,,30089,0.012769500724971294,,,,,,,,
,,,,,,,,,1.3597359735973597e-08,30094,,,,,,,,,
99,,,,,,,,,,30094,0.03780568391084671,,,,,,,,
,,,,,,,,,1.3267326732673266e-08,30099,,,,,,,,,
99,,,,,,,,,,30099,0.0022322898730635643,,,,,,,,
,,,,,,,,,1.2937293729372937e-08,30104,,,,,,,,,
99,,,,,,,,,,30104,0.005939760245382786,,,,,,,,
,,,,,,,,,1.2607260726072606e-08,30109,,,,,,,,,
99,,,,,,,,,,30109,0.012682280503213406,,,,,,,,
,,,,,,,,,1.2277227722772277e-08,30114,,,,,,,,,
99,,,,,,,,,,30114,0.001351068844087422,,,,,,,,
,,,,,,,,,1.1947194719471946e-08,30119,,,,,,,,,
99,,,,,,,,,,30119,0.01584613509476185,,,,,,,,
,,,,,,,,,1.1617161716171617e-08,30124,,,,,,,,,
99,,,,,,,,,,30124,0.018634947016835213,,,,,,,,
,,,,,,,,,1.1287128712871286e-08,30129,,,,,,,,,
99,,,,,,,,,,30129,0.015531817451119423,,,,,,,,
,,,,,,,,,1.0957095709570957e-08,30134,,,,,,,,,
99,,,,,,,,,,30134,0.0168816689401865,,,,,,,,
,,,,,,,,,1.0627062706270626e-08,30139,,,,,,,,,
99,,,,,,,,,,30139,0.010737703181803226,,,,,,,,
,,,,,,,,,1.0297029702970297e-08,30144,,,,,,,,,
99,,,,,,,,,,30144,0.006387862842530012,,,,,,,,
,,,,,,,,,9.966996699669966e-09,30149,,,,,,,,,
99,,,,,,,,,,30149,0.019850658252835274,,,,,,,,
,,,,,,,,,9.636963696369637e-09,30154,,,,,,,,,
99,,,,,,,,,,30154,0.011478274129331112,,,,,,,,
,,,,,,,,,9.306930693069306e-09,30159,,,,,,,,,
99,,,,,,,,,,30159,0.008014720864593983,,,,,,,,
,,,,,,,,,8.976897689768977e-09,30164,,,,,,,,,
99,,,,,,,,,,30164,0.014449398033320904,,,,,,,,
,,,,,,,,,8.646864686468647e-09,30169,,,,,,,,,
99,,,,,,,,,,30169,0.014268683269619942,,,,,,,,
,,,,,,,,,8.316831683168317e-09,30174,,,,,,,,,
99,,,,,,,,,,30174,0.006248198915272951,,,,,,,,
,,,,,,,,,7.986798679867987e-09,30179,,,,,,,,,
99,,,,,,,,,,30179,0.008889922872185707,,,,,,,,
,,,,,,,,,7.656765676567656e-09,30184,,,,,,,,,
99,,,,,,,,,,30184,0.011206947267055511,,,,,,,,
,,,,,,,,,7.326732673267326e-09,30189,,,,,,,,,
99,,,,,,,,,,30189,0.0034907192457467318,,,,,,,,
,,,,,,,,,6.996699669966997e-09,30194,,,,,,,,,
99,,,,,,,,,,30194,0.005237633362412453,,,,,,,,
,,,,,,,,,6.666666666666667e-09,30199,,,,,,,,,
99,,,,,,,,,,30199,0.007760944776237011,,,,,,,,
,,,,,,,,,6.336633663366337e-09,30204,,,,,,,,,
99,,,,,,,,,,30204,0.0014103928115218878,,,,,,,,
,,,,,,,,,6.006600660066007e-09,30209,,,,,,,,,
99,,,,,,,,,,30209,0.0079912468791008,,,,,,,,
,,,,,,,,,5.676567656765677e-09,30214,,,,,,,,,
99,,,,,,,,,,30214,0.01090130303055048,,,,,,,,
,,,,,,,,,5.346534653465347e-09,30219,,,,,,,,,
99,,,,,,,,,,30219,0.022011637687683105,,,,,,,,
,,,,,,,,,5.016501650165017e-09,30224,,,,,,,,,
99,,,,,,,,,,30224,0.012516294606029987,,,,,,,,
,,,,,,,,,4.686468646864686e-09,30229,,,,,,,,,
99,,,,,,,,,,30229,0.018027866259217262,,,,,,,,
,,,,,,,,,4.356435643564356e-09,30234,,,,,,,,,
99,,,,,,,,,,30234,0.018166275694966316,,,,,,,,
,,,,,,,,,4.026402640264026e-09,30239,,,,,,,,,
99,,,,,,,,,,30239,0.019891852512955666,,,,,,,,
,,,,,,,,,3.696369636963696e-09,30244,,,,,,,,,
99,,,,,,,,,,30244,0.016401641070842743,,,,,,,,
,,,,,,,,,3.366336633663366e-09,30249,,,,,,,,,
99,,,,,,,,,,30249,0.011198868043720722,,,,,,,,
,,,,,,,,,3.036303630363036e-09,30254,,,,,,,,,
99,,,,,,,,,,30254,0.007257943041622639,,,,,,,,
,,,,,,,,,2.706270627062706e-09,30259,,,,,,,,,
99,,,,,,,,,,30259,0.034817587584257126,,,,,,,,
,,,,,,,,,2.3762376237623762e-09,30264,,,,,,,,,
99,,,,,,,,,,30264,0.01727309450507164,,,,,,,,
,,,,,,,,,2.046204620462046e-09,30269,,,,,,,,,
99,,,,,,,,,,30269,0.020516177639365196,,,,,,,,
,,,,,,,,,1.7161716171617161e-09,30274,,,,,,,,,
99,,,,,,,,,,30274,0.016727393493056297,,,,,,,,
,,,,,,,,,1.386138613861386e-09,30279,,,,,,,,,
99,,,,,,,,,,30279,0.006175328511744738,,,,,,,,
,,,,,,,,,1.056105610561056e-09,30284,,,,,,,,,
99,,,,,,,,,,30284,0.026901520788669586,,,,,,,,
,,,,,,,,,7.260726072607261e-10,30289,,,,,,,,,
99,,,,,,,,,,30289,0.030698440968990326,,,,,,,,
,,,,,,,,,3.9603960396039605e-10,30294,,,,,,,,,
99,,,,,,,,,,30294,0.010723079554736614,,,,,,,,
,,,,,,,,,6.6006600660066e-11,30299,,,,,,,,,
99,,,,,,,,,,30299,0.009416603483259678,,,,,,,,
99,,,,,,,,,,30299,,0.6625000238418579,0.70652174949646,0.0877181738615036,0.0877181738615036,0.4023860692977905,0.6914893388748169,0.7222222089767456,0.4035840630531311
100,0.657975435256958,0.7137355804443359,0.0856098160147667,0.0856098160147667,0.4008897840976715,0.7433155179023743,0.6864197254180908,0.39504274725914,,30300,,,,,,,,,
