epoch,eval_accuracy,eval_f1,eval_mse,eval_pearson,eval_precision,eval_recall,eval_spearman,lr-AdamW,step,train_loss,val_accuracy,val_f1,val_mse,val_pearson,val_precision,val_recall,val_spearman
,,,,,,,,5.28052805280528e-10,4,,,,,,,,
0,,,,,,,,,4,0.10239867120981216,,,,,,,
,,,,,,,,1.1881188118811881e-09,9,,,,,,,,
0,,,,,,,,,9,0.09655742347240448,,,,,,,
,,,,,,,,1.848184818481848e-09,14,,,,,,,,
0,,,,,,,,,14,0.1210961639881134,,,,,,,
,,,,,,,,2.5082508250825085e-09,19,,,,,,,,
0,,,,,,,,,19,0.12298624962568283,,,,,,,
,,,,,,,,3.1683168316831684e-09,24,,,,,,,,
0,,,,,,,,,24,0.15195536613464355,,,,,,,
,,,,,,,,3.828382838283828e-09,29,,,,,,,,
0,,,,,,,,,29,0.13120578229427338,,,,,,,
,,,,,,,,4.488448844884489e-09,34,,,,,,,,
0,,,,,,,,,34,0.1402914822101593,,,,,,,
,,,,,,,,5.1485148514851485e-09,39,,,,,,,,
0,,,,,,,,,39,0.07442773133516312,,,,,,,
,,,,,,,,5.8085808580858084e-09,44,,,,,,,,
0,,,,,,,,,44,0.1481427252292633,,,,,,,
,,,,,,,,6.468646864686468e-09,49,,,,,,,,
0,,,,,,,,,49,0.031949691474437714,,,,,,,
,,,,,,,,7.128712871287128e-09,54,,,,,,,,
0,,,,,,,,,54,0.1767035722732544,,,,,,,
,,,,,,,,7.788778877887788e-09,59,,,,,,,,
0,,,,,,,,,59,0.14795072376728058,,,,,,,
,,,,,,,,8.448844884488448e-09,64,,,,,,,,
0,,,,,,,,,64,0.07162458449602127,,,,,,,
,,,,,,,,9.108910891089108e-09,69,,,,,,,,
0,,,,,,,,,69,0.04989735037088394,,,,,,,
,,,,,,,,9.768976897689768e-09,74,,,,,,,,
0,,,,,,,,,74,0.08963137865066528,,,,,,,
,,,,,,,,1.0429042904290428e-08,79,,,,,,,,
0,,,,,,,,,79,0.11385103315114975,,,,,,,
,,,,,,,,1.1089108910891088e-08,84,,,,,,,,
0,,,,,,,,,84,0.18624413013458252,,,,,,,
,,,,,,,,1.1749174917491748e-08,89,,,,,,,,
0,,,,,,,,,89,0.09133750200271606,,,,,,,
,,,,,,,,1.2409240924092407e-08,94,,,,,,,,
0,,,,,,,,,94,0.039255186915397644,,,,,,,
,,,,,,,,1.3069306930693069e-08,99,,,,,,,,
0,,,,,,,,,99,0.11236998438835144,,,,,,,
,,,,,,,,1.3729372937293729e-08,104,,,,,,,,
0,,,,,,,,,104,0.057446569204330444,,,,,,,
,,,,,,,,1.4389438943894389e-08,109,,,,,,,,
0,,,,,,,,,109,0.07448318600654602,,,,,,,
,,,,,,,,1.5049504950495047e-08,114,,,,,,,,
0,,,,,,,,,114,0.17044901847839355,,,,,,,
,,,,,,,,1.570957095709571e-08,119,,,,,,,,
0,,,,,,,,,119,0.13284868001937866,,,,,,,
,,,,,,,,1.6369636963696367e-08,124,,,,,,,,
0,,,,,,,,,124,0.054294437170028687,,,,,,,
,,,,,,,,1.7029702970297032e-08,129,,,,,,,,
0,,,,,,,,,129,0.10036725550889969,,,,,,,
,,,,,,,,1.768976897689769e-08,134,,,,,,,,
0,,,,,,,,,134,0.05557873845100403,,,,,,,
,,,,,,,,1.834983498349835e-08,139,,,,,,,,
0,,,,,,,,,139,0.20283815264701843,,,,,,,
,,,,,,,,1.900990099009901e-08,144,,,,,,,,
0,,,,,,,,,144,0.13919369876384735,,,,,,,
,,,,,,,,1.966996699669967e-08,149,,,,,,,,
0,,,,,,,,,149,0.14332474768161774,,,,,,,
,,,,,,,,2.033003300330033e-08,154,,,,,,,,
0,,,,,,,,,154,0.03834203630685806,,,,,,,
,,,,,,,,2.099009900990099e-08,159,,,,,,,,
0,,,,,,,,,159,0.06422916799783707,,,,,,,
,,,,,,,,2.165016501650165e-08,164,,,,,,,,
0,,,,,,,,,164,0.11322803050279617,,,,,,,
,,,,,,,,2.231023102310231e-08,169,,,,,,,,
0,,,,,,,,,169,0.0946851298213005,,,,,,,
,,,,,,,,2.297029702970297e-08,174,,,,,,,,
0,,,,,,,,,174,0.11411131918430328,,,,,,,
,,,,,,,,2.363036303630363e-08,179,,,,,,,,
0,,,,,,,,,179,0.08431920409202576,,,,,,,
,,,,,,,,2.429042904290429e-08,184,,,,,,,,
0,,,,,,,,,184,0.11859116703271866,,,,,,,
,,,,,,,,2.495049504950495e-08,189,,,,,,,,
0,,,,,,,,,189,0.09253964573144913,,,,,,,
,,,,,,,,2.561056105610561e-08,194,,,,,,,,
0,,,,,,,,,194,0.0992511436343193,,,,,,,
,,,,,,,,2.627062706270627e-08,199,,,,,,,,
0,,,,,,,,,199,0.2520120143890381,,,,,,,
,,,,,,,,2.693069306930693e-08,204,,,,,,,,
0,,,,,,,,,204,0.11911651492118835,,,,,,,
,,,,,,,,2.759075907590759e-08,209,,,,,,,,
0,,,,,,,,,209,0.13189741969108582,,,,,,,
,,,,,,,,2.8250825082508248e-08,214,,,,,,,,
0,,,,,,,,,214,0.16526056826114655,,,,,,,
,,,,,,,,2.891089108910891e-08,219,,,,,,,,
0,,,,,,,,,219,0.13999846577644348,,,,,,,
,,,,,,,,2.9570957095709568e-08,224,,,,,,,,
0,,,,,,,,,224,0.21252946555614471,,,,,,,
,,,,,,,,3.023102310231023e-08,229,,,,,,,,
0,,,,,,,,,229,0.1663302332162857,,,,,,,
,,,,,,,,3.089108910891089e-08,234,,,,,,,,
0,,,,,,,,,234,0.19985757768154144,,,,,,,
,,,,,,,,3.1551155115511546e-08,239,,,,,,,,
0,,,,,,,,,239,0.13811546564102173,,,,,,,
,,,,,,,,3.221122112211221e-08,244,,,,,,,,
0,,,,,,,,,244,0.12187273055315018,,,,,,,
,,,,,,,,3.287128712871287e-08,249,,,,,,,,
0,,,,,,,,,249,0.15907448530197144,,,,,,,
,,,,,,,,3.353135313531353e-08,254,,,,,,,,
0,,,,,,,,,254,0.16340161859989166,,,,,,,
,,,,,,,,3.4191419141914186e-08,259,,,,,,,,
0,,,,,,,,,259,0.06857055425643921,,,,,,,
,,,,,,,,3.485148514851485e-08,264,,,,,,,,
0,,,,,,,,,264,0.09278008341789246,,,,,,,
,,,,,,,,3.551155115511551e-08,269,,,,,,,,
0,,,,,,,,,269,0.10431232303380966,,,,,,,
,,,,,,,,3.617161716171617e-08,274,,,,,,,,
0,,,,,,,,,274,0.12924888730049133,,,,,,,
,,,,,,,,3.6831683168316825e-08,279,,,,,,,,
0,,,,,,,,,279,0.183704674243927,,,,,,,
,,,,,,,,3.749174917491749e-08,284,,,,,,,,
0,,,,,,,,,284,0.0750293880701065,,,,,,,
,,,,,,,,3.815181518151815e-08,289,,,,,,,,
0,,,,,,,,,289,0.11770526319742203,,,,,,,
,,,,,,,,3.881188118811881e-08,294,,,,,,,,
0,,,,,,,,,294,0.08593718707561493,,,,,,,
,,,,,,,,3.9471947194719465e-08,299,,,,,,,,
0,,,,,,,,,299,0.0791488066315651,,,,,,,
0,,,,,,,,,302,0.11047995090484619,0.46875,0.4055944085121155,0.11047995090484619,-0.021944088861346245,0.5471698045730591,0.3222222328186035,-0.01502105314284563
,,,,,,,,4.0132013201320136e-08,304,,,,,,,,
1,,,,,,,,,304,0.1390470415353775,,,,,,,
,,,,,,,,4.0792079207920795e-08,309,,,,,,,,
1,,,,,,,,,309,0.0720432922244072,,,,,,,
,,,,,,,,4.145214521452145e-08,314,,,,,,,,
1,,,,,,,,,314,0.1253191977739334,,,,,,,
,,,,,,,,4.211221122112211e-08,319,,,,,,,,
1,,,,,,,,,319,0.09854188561439514,,,,,,,
,,,,,,,,4.2772277227722776e-08,324,,,,,,,,
1,,,,,,,,,324,0.15618114173412323,,,,,,,
,,,,,,,,4.3432343234323434e-08,329,,,,,,,,
1,,,,,,,,,329,0.06581918150186539,,,,,,,
,,,,,,,,4.409240924092409e-08,334,,,,,,,,
1,,,,,,,,,334,0.05772428587079048,,,,,,,
,,,,,,,,4.475247524752475e-08,339,,,,,,,,
1,,,,,,,,,339,0.1078389436006546,,,,,,,
,,,,,,,,4.5412541254125416e-08,344,,,,,,,,
1,,,,,,,,,344,0.09750408679246902,,,,,,,
,,,,,,,,4.6072607260726074e-08,349,,,,,,,,
1,,,,,,,,,349,0.06198081746697426,,,,,,,
,,,,,,,,4.673267326732673e-08,354,,,,,,,,
1,,,,,,,,,354,0.1299108862876892,,,,,,,
,,,,,,,,4.739273927392739e-08,359,,,,,,,,
1,,,,,,,,,359,0.09189588576555252,,,,,,,
,,,,,,,,4.8052805280528055e-08,364,,,,,,,,
1,,,,,,,,,364,0.07294677197933197,,,,,,,
,,,,,,,,4.8712871287128713e-08,369,,,,,,,,
1,,,,,,,,,369,0.17883673310279846,,,,,,,
,,,,,,,,4.937293729372937e-08,374,,,,,,,,
1,,,,,,,,,374,0.1058834046125412,,,,,,,
,,,,,,,,5.003300330033003e-08,379,,,,,,,,
1,,,,,,,,,379,0.15073412656784058,,,,,,,
,,,,,,,,5.0693069306930695e-08,384,,,,,,,,
1,,,,,,,,,384,0.11666042357683182,,,,,,,
,,,,,,,,5.135313531353135e-08,389,,,,,,,,
1,,,,,,,,,389,0.0787467211484909,,,,,,,
,,,,,,,,5.201320132013201e-08,394,,,,,,,,
1,,,,,,,,,394,0.19029845297336578,,,,,,,
,,,,,,,,5.267326732673267e-08,399,,,,,,,,
1,,,,,,,,,399,0.03554817661643028,,,,,,,
,,,,,,,,5.3333333333333334e-08,404,,,,,,,,
1,,,,,,,,,404,0.1736127883195877,,,,,,,
,,,,,,,,5.399339933993399e-08,409,,,,,,,,
1,,,,,,,,,409,0.1514223963022232,,,,,,,
,,,,,,,,5.465346534653465e-08,414,,,,,,,,
1,,,,,,,,,414,0.0747610479593277,,,,,,,
,,,,,,,,5.531353135313531e-08,419,,,,,,,,
1,,,,,,,,,419,0.1296435296535492,,,,,,,
,,,,,,,,5.5973597359735974e-08,424,,,,,,,,
1,,,,,,,,,424,0.1283988207578659,,,,,,,
,,,,,,,,5.663366336633663e-08,429,,,,,,,,
1,,,,,,,,,429,0.15294460952281952,,,,,,,
,,,,,,,,5.729372937293729e-08,434,,,,,,,,
1,,,,,,,,,434,0.04614337533712387,,,,,,,
,,,,,,,,5.795379537953795e-08,439,,,,,,,,
1,,,,,,,,,439,0.15678256750106812,,,,,,,
,,,,,,,,5.861386138613861e-08,444,,,,,,,,
1,,,,,,,,,444,0.11736486107110977,,,,,,,
,,,,,,,,5.927392739273927e-08,449,,,,,,,,
1,,,,,,,,,449,0.014860306866466999,,,,,,,
,,,,,,,,5.993399339933993e-08,454,,,,,,,,
1,,,,,,,,,454,0.06517964601516724,,,,,,,
,,,,,,,,6.059405940594059e-08,459,,,,,,,,
1,,,,,,,,,459,0.12340959906578064,,,,,,,
,,,,,,,,6.125412541254125e-08,464,,,,,,,,
1,,,,,,,,,464,0.05601475015282631,,,,,,,
,,,,,,,,6.191419141914192e-08,469,,,,,,,,
1,,,,,,,,,469,0.1372627466917038,,,,,,,
,,,,,,,,6.257425742574258e-08,474,,,,,,,,
1,,,,,,,,,474,0.11055607348680496,,,,,,,
,,,,,,,,6.323432343234323e-08,479,,,,,,,,
1,,,,,,,,,479,0.15126676857471466,,,,,,,
,,,,,,,,6.389438943894389e-08,484,,,,,,,,
1,,,,,,,,,484,0.08681156486272812,,,,,,,
,,,,,,,,6.455445544554455e-08,489,,,,,,,,
1,,,,,,,,,489,0.17190635204315186,,,,,,,
,,,,,,,,6.521452145214521e-08,494,,,,,,,,
1,,,,,,,,,494,0.14142248034477234,,,,,,,
,,,,,,,,6.587458745874587e-08,499,,,,,,,,
1,,,,,,,,,499,0.07830480486154556,,,,,,,
,,,,,,,,6.653465346534654e-08,504,,,,,,,,
1,,,,,,,,,504,0.07873915880918503,,,,,,,
,,,,,,,,6.719471947194718e-08,509,,,,,,,,
1,,,,,,,,,509,0.12430201470851898,,,,,,,
,,,,,,,,6.785478547854786e-08,514,,,,,,,,
1,,,,,,,,,514,0.07364185154438019,,,,,,,
,,,,,,,,6.851485148514851e-08,519,,,,,,,,
1,,,,,,,,,519,0.08306285738945007,,,,,,,
,,,,,,,,6.917491749174917e-08,524,,,,,,,,
1,,,,,,,,,524,0.08639227598905563,,,,,,,
,,,,,,,,6.983498349834983e-08,529,,,,,,,,
1,,,,,,,,,529,0.13787886500358582,,,,,,,
,,,,,,,,7.049504950495049e-08,534,,,,,,,,
1,,,,,,,,,534,0.08464888483285904,,,,,,,
,,,,,,,,7.115511551155115e-08,539,,,,,,,,
1,,,,,,,,,539,0.1042766198515892,,,,,,,
,,,,,,,,7.181518151815182e-08,544,,,,,,,,
1,,,,,,,,,544,0.08617689460515976,,,,,,,
,,,,,,,,7.247524752475246e-08,549,,,,,,,,
1,,,,,,,,,549,0.1335139125585556,,,,,,,
,,,,,,,,7.313531353135313e-08,554,,,,,,,,
1,,,,,,,,,554,0.07882843166589737,,,,,,,
,,,,,,,,7.379537953795379e-08,559,,,,,,,,
1,,,,,,,,,559,0.08395285159349442,,,,,,,
,,,,,,,,7.445544554455445e-08,564,,,,,,,,
1,,,,,,,,,564,0.15778623521327972,,,,,,,
,,,,,,,,7.511551155115511e-08,569,,,,,,,,
1,,,,,,,,,569,0.08982034772634506,,,,,,,
,,,,,,,,7.577557755775577e-08,574,,,,,,,,
1,,,,,,,,,574,0.11497268825769424,,,,,,,
,,,,,,,,7.643564356435643e-08,579,,,,,,,,
1,,,,,,,,,579,0.10966810584068298,,,,,,,
,,,,,,,,7.70957095709571e-08,584,,,,,,,,
1,,,,,,,,,584,0.12048336118459702,,,,,,,
,,,,,,,,7.775577557755774e-08,589,,,,,,,,
1,,,,,,,,,589,0.12461085617542267,,,,,,,
,,,,,,,,7.841584158415841e-08,594,,,,,,,,
1,,,,,,,,,594,0.15870603919029236,,,,,,,
,,,,,,,,7.907590759075907e-08,599,,,,,,,,
1,,,,,,,,,599,0.08379511535167694,,,,,,,
,,,,,,,,7.973597359735973e-08,604,,,,,,,,
1,,,,,,,,,604,0.07114552706480026,,,,,,,
1,,,,,,,,,605,0.10373735427856445,0.46875,0.4370861053466797,0.10373735427856445,-0.022633453831076622,0.5409836173057556,0.36666667461395264,-0.02417711913585663
,,,,,,,,8.039603960396039e-08,609,,,,,,,,
2,,,,,,,,,609,0.07540290802717209,,,,,,,
,,,,,,,,8.105610561056105e-08,614,,,,,,,,
2,,,,,,,,,614,0.06173233315348625,,,,,,,
,,,,,,,,8.17161716171617e-08,619,,,,,,,,
2,,,,,,,,,619,0.09464964270591736,,,,,,,
,,,,,,,,8.237623762376238e-08,624,,,,,,,,
2,,,,,,,,,624,0.08982594311237335,,,,,,,
,,,,,,,,8.303630363036302e-08,629,,,,,,,,
2,,,,,,,,,629,0.10956428200006485,,,,,,,
,,,,,,,,8.369636963696369e-08,634,,,,,,,,
2,,,,,,,,,634,0.12314305454492569,,,,,,,
,,,,,,,,8.435643564356436e-08,639,,,,,,,,
2,,,,,,,,,639,0.14063209295272827,,,,,,,
,,,,,,,,8.501650165016501e-08,644,,,,,,,,
2,,,,,,,,,644,0.12222415208816528,,,,,,,
,,,,,,,,8.567656765676568e-08,649,,,,,,,,
2,,,,,,,,,649,0.06744913011789322,,,,,,,
,,,,,,,,8.633663366336633e-08,654,,,,,,,,
2,,,,,,,,,654,0.1367107480764389,,,,,,,
,,,,,,,,8.6996699669967e-08,659,,,,,,,,
2,,,,,,,,,659,0.03926088288426399,,,,,,,
,,,,,,,,8.765676567656766e-08,664,,,,,,,,
2,,,,,,,,,664,0.0983806848526001,,,,,,,
,,,,,,,,8.831683168316831e-08,669,,,,,,,,
2,,,,,,,,,669,0.15296347439289093,,,,,,,
,,,,,,,,8.897689768976897e-08,674,,,,,,,,
2,,,,,,,,,674,0.12073241919279099,,,,,,,
,,,,,,,,8.963696369636964e-08,679,,,,,,,,
2,,,,,,,,,679,0.09644860774278641,,,,,,,
,,,,,,,,9.029702970297029e-08,684,,,,,,,,
2,,,,,,,,,684,0.09815116226673126,,,,,,,
,,,,,,,,9.095709570957096e-08,689,,,,,,,,
2,,,,,,,,,689,0.15655197203159332,,,,,,,
,,,,,,,,9.16171617161716e-08,694,,,,,,,,
2,,,,,,,,,694,0.13567085564136505,,,,,,,
,,,,,,,,9.227722772277228e-08,699,,,,,,,,
2,,,,,,,,,699,0.0976317822933197,,,,,,,
,,,,,,,,9.293729372937294e-08,704,,,,,,,,
2,,,,,,,,,704,0.09658446162939072,,,,,,,
,,,,,,,,9.359735973597359e-08,709,,,,,,,,
2,,,,,,,,,709,0.06707177311182022,,,,,,,
,,,,,,,,9.425742574257425e-08,714,,,,,,,,
2,,,,,,,,,714,0.03724661096930504,,,,,,,
,,,,,,,,9.491749174917492e-08,719,,,,,,,,
2,,,,,,,,,719,0.1287907212972641,,,,,,,
,,,,,,,,9.557755775577557e-08,724,,,,,,,,
2,,,,,,,,,724,0.08121519535779953,,,,,,,
,,,,,,,,9.623762376237624e-08,729,,,,,,,,
2,,,,,,,,,729,0.07796826213598251,,,,,,,
,,,,,,,,9.689768976897688e-08,734,,,,,,,,
2,,,,,,,,,734,0.16118532419204712,,,,,,,
,,,,,,,,9.755775577557756e-08,739,,,,,,,,
2,,,,,,,,,739,0.10605450719594955,,,,,,,
,,,,,,,,9.821782178217821e-08,744,,,,,,,,
2,,,,,,,,,744,0.07958126068115234,,,,,,,
,,,,,,,,9.887788778877887e-08,749,,,,,,,,
2,,,,,,,,,749,0.09609177708625793,,,,,,,
,,,,,,,,9.953795379537953e-08,754,,,,,,,,
2,,,,,,,,,754,0.09500130265951157,,,,,,,
,,,,,,,,1.001980198019802e-07,759,,,,,,,,
2,,,,,,,,,759,0.10037805885076523,,,,,,,
,,,,,,,,1.0085808580858085e-07,764,,,,,,,,
2,,,,,,,,,764,0.13134059309959412,,,,,,,
,,,,,,,,1.0151815181518152e-07,769,,,,,,,,
2,,,,,,,,,769,0.10977768898010254,,,,,,,
,,,,,,,,1.0217821782178216e-07,774,,,,,,,,
2,,,,,,,,,774,0.09842453896999359,,,,,,,
,,,,,,,,1.0283828382838284e-07,779,,,,,,,,
2,,,,,,,,,779,0.0416426882147789,,,,,,,
,,,,,,,,1.034983498349835e-07,784,,,,,,,,
2,,,,,,,,,784,0.07615730166435242,,,,,,,
,,,,,,,,1.0415841584158415e-07,789,,,,,,,,
2,,,,,,,,,789,0.06521198898553848,,,,,,,
,,,,,,,,1.0481848184818481e-07,794,,,,,,,,
2,,,,,,,,,794,0.12019915133714676,,,,,,,
,,,,,,,,1.0547854785478548e-07,799,,,,,,,,
2,,,,,,,,,799,0.15726438164710999,,,,,,,
,,,,,,,,1.0613861386138613e-07,804,,,,,,,,
2,,,,,,,,,804,0.1080411970615387,,,,,,,
,,,,,,,,1.067986798679868e-07,809,,,,,,,,
2,,,,,,,,,809,0.10615896433591843,,,,,,,
,,,,,,,,1.0745874587458744e-07,814,,,,,,,,
2,,,,,,,,,814,0.15510034561157227,,,,,,,
,,,,,,,,1.0811881188118811e-07,819,,,,,,,,
2,,,,,,,,,819,0.226236030459404,,,,,,,
,,,,,,,,1.0877887788778877e-07,824,,,,,,,,
2,,,,,,,,,824,0.07740478217601776,,,,,,,
,,,,,,,,1.0943894389438943e-07,829,,,,,,,,
2,,,,,,,,,829,0.1365969330072403,,,,,,,
,,,,,,,,1.1009900990099009e-07,834,,,,,,,,
2,,,,,,,,,834,0.06698501110076904,,,,,,,
,,,,,,,,1.1075907590759076e-07,839,,,,,,,,
2,,,,,,,,,839,0.06378321349620819,,,,,,,
,,,,,,,,1.114191419141914e-07,844,,,,,,,,
2,,,,,,,,,844,0.08366210013628006,,,,,,,
,,,,,,,,1.1207920792079208e-07,849,,,,,,,,
2,,,,,,,,,849,0.07605728507041931,,,,,,,
,,,,,,,,1.1273927392739272e-07,854,,,,,,,,
2,,,,,,,,,854,0.13133154809474945,,,,,,,
,,,,,,,,1.133993399339934e-07,859,,,,,,,,
2,,,,,,,,,859,0.09270849078893661,,,,,,,
,,,,,,,,1.1405940594059405e-07,864,,,,,,,,
2,,,,,,,,,864,0.12620072066783905,,,,,,,
,,,,,,,,1.1471947194719471e-07,869,,,,,,,,
2,,,,,,,,,869,0.08237392455339432,,,,,,,
,,,,,,,,1.1537953795379538e-07,874,,,,,,,,
2,,,,,,,,,874,0.11459778994321823,,,,,,,
,,,,,,,,1.1603960396039604e-07,879,,,,,,,,
2,,,,,,,,,879,0.05262625217437744,,,,,,,
,,,,,,,,1.166996699669967e-07,884,,,,,,,,
2,,,,,,,,,884,0.16412746906280518,,,,,,,
,,,,,,,,1.1735973597359736e-07,889,,,,,,,,
2,,,,,,,,,889,0.08907744288444519,,,,,,,
,,,,,,,,1.1801980198019801e-07,894,,,,,,,,
2,,,,,,,,,894,0.0751090720295906,,,,,,,
,,,,,,,,1.1867986798679867e-07,899,,,,,,,,
2,,,,,,,,,899,0.07035381346940994,,,,,,,
,,,,,,,,1.1933993399339934e-07,904,,,,,,,,
2,,,,,,,,,904,0.12356620281934738,,,,,,,
2,,,,,,,,,908,0.09891220927238464,0.4937500059604645,0.5371428728103638,0.09891220927238464,-0.021559184417128563,0.5529412031173706,0.5222222208976746,-0.03183723986148834
,,,,,,,,1.2e-07,909,,,,,,,,
3,,,,,,,,,909,0.06977364420890808,,,,,,,
,,,,,,,,1.2066006600660066e-07,914,,,,,,,,
3,,,,,,,,,914,0.09014420956373215,,,,,,,
,,,,,,,,1.2132013201320133e-07,919,,,,,,,,
3,,,,,,,,,919,0.16178211569786072,,,,,,,
,,,,,,,,1.2198019801980198e-07,924,,,,,,,,
3,,,,,,,,,924,0.04743393883109093,,,,,,,
,,,,,,,,1.2264026402640265e-07,929,,,,,,,,
3,,,,,,,,,929,0.07147831469774246,,,,,,,
,,,,,,,,1.233003300330033e-07,934,,,,,,,,
3,,,,,,,,,934,0.16129682958126068,,,,,,,
,,,,,,,,1.2396039603960397e-07,939,,,,,,,,
3,,,,,,,,,939,0.09780846536159515,,,,,,,
,,,,,,,,1.246204620462046e-07,944,,,,,,,,
3,,,,,,,,,944,0.08029486984014511,,,,,,,
,,,,,,,,1.2528052805280528e-07,949,,,,,,,,
3,,,,,,,,,949,0.08655121177434921,,,,,,,
,,,,,,,,1.2594059405940593e-07,954,,,,,,,,
3,,,,,,,,,954,0.13618682324886322,,,,,,,
,,,,,,,,1.266006600660066e-07,959,,,,,,,,
3,,,,,,,,,959,0.07057027518749237,,,,,,,
,,,,,,,,1.2726072607260727e-07,964,,,,,,,,
3,,,,,,,,,964,0.0365743488073349,,,,,,,
,,,,,,,,1.2792079207920791e-07,969,,,,,,,,
3,,,,,,,,,969,0.10075701028108597,,,,,,,
,,,,,,,,1.2858085808580856e-07,974,,,,,,,,
3,,,,,,,,,974,0.09571442008018494,,,,,,,
,,,,,,,,1.2924092409240926e-07,979,,,,,,,,
3,,,,,,,,,979,0.10261156409978867,,,,,,,
,,,,,,,,1.299009900990099e-07,984,,,,,,,,
3,,,,,,,,,984,0.07879218459129333,,,,,,,
,,,,,,,,1.3056105610561055e-07,989,,,,,,,,
3,,,,,,,,,989,0.0681724101305008,,,,,,,
,,,,,,,,1.312211221122112e-07,994,,,,,,,,
3,,,,,,,,,994,0.06603389978408813,,,,,,,
,,,,,,,,1.318811881188119e-07,999,,,,,,,,
3,,,,,,,,,999,0.11075976490974426,,,,,,,
,,,,,,,,1.3254125412541254e-07,1004,,,,,,,,
3,,,,,,,,,1004,0.04011395946145058,,,,,,,
,,,,,,,,1.3320132013201318e-07,1009,,,,,,,,
3,,,,,,,,,1009,0.13395237922668457,,,,,,,
,,,,,,,,1.3386138613861385e-07,1014,,,,,,,,
3,,,,,,,,,1014,0.07713665813207626,,,,,,,
,,,,,,,,1.3452145214521452e-07,1019,,,,,,,,
3,,,,,,,,,1019,0.09961660206317902,,,,,,,
,,,,,,,,1.3518151815181517e-07,1024,,,,,,,,
3,,,,,,,,,1024,0.09184400737285614,,,,,,,
,,,,,,,,1.3584158415841584e-07,1029,,,,,,,,
3,,,,,,,,,1029,0.09156763553619385,,,,,,,
,,,,,,,,1.3650165016501649e-07,1034,,,,,,,,
3,,,,,,,,,1034,0.1011902242898941,,,,,,,
,,,,,,,,1.3716171617161716e-07,1039,,,,,,,,
3,,,,,,,,,1039,0.08926612138748169,,,,,,,
,,,,,,,,1.3782178217821783e-07,1044,,,,,,,,
3,,,,,,,,,1044,0.039306409657001495,,,,,,,
,,,,,,,,1.3848184818481847e-07,1049,,,,,,,,
3,,,,,,,,,1049,0.09885860979557037,,,,,,,
,,,,,,,,1.3914191419141912e-07,1054,,,,,,,,
3,,,,,,,,,1054,0.1754818856716156,,,,,,,
,,,,,,,,1.3980198019801982e-07,1059,,,,,,,,
3,,,,,,,,,1059,0.10278448462486267,,,,,,,
,,,,,,,,1.4046204620462046e-07,1064,,,,,,,,
3,,,,,,,,,1064,0.08876599371433258,,,,,,,
,,,,,,,,1.411221122112211e-07,1069,,,,,,,,
3,,,,,,,,,1069,0.11307936161756516,,,,,,,
,,,,,,,,1.4178217821782175e-07,1074,,,,,,,,
3,,,,,,,,,1074,0.06729988008737564,,,,,,,
,,,,,,,,1.4244224422442245e-07,1079,,,,,,,,
3,,,,,,,,,1079,0.06708779186010361,,,,,,,
,,,,,,,,1.431023102310231e-07,1084,,,,,,,,
3,,,,,,,,,1084,0.12369146943092346,,,,,,,
,,,,,,,,1.4376237623762374e-07,1089,,,,,,,,
3,,,,,,,,,1089,0.1070440337061882,,,,,,,
,,,,,,,,1.4442244224422444e-07,1094,,,,,,,,
3,,,,,,,,,1094,0.1355714052915573,,,,,,,
,,,,,,,,1.4508250825082508e-07,1099,,,,,,,,
3,,,,,,,,,1099,0.09772859513759613,,,,,,,
,,,,,,,,1.4574257425742573e-07,1104,,,,,,,,
3,,,,,,,,,1104,0.13217811286449432,,,,,,,
,,,,,,,,1.464026402640264e-07,1109,,,,,,,,
3,,,,,,,,,1109,0.034072086215019226,,,,,,,
,,,,,,,,1.4706270627062707e-07,1114,,,,,,,,
3,,,,,,,,,1114,0.10863161832094193,,,,,,,
,,,,,,,,1.4772277227722771e-07,1119,,,,,,,,
3,,,,,,,,,1119,0.10555434972047806,,,,,,,
,,,,,,,,1.4838283828382839e-07,1124,,,,,,,,
3,,,,,,,,,1124,0.08801927417516708,,,,,,,
,,,,,,,,1.4904290429042903e-07,1129,,,,,,,,
3,,,,,,,,,1129,0.057807791978120804,,,,,,,
,,,,,,,,1.497029702970297e-07,1134,,,,,,,,
3,,,,,,,,,1134,0.15268367528915405,,,,,,,
,,,,,,,,1.5036303630363037e-07,1139,,,,,,,,
3,,,,,,,,,1139,0.051134705543518066,,,,,,,
,,,,,,,,1.5102310231023102e-07,1144,,,,,,,,
3,,,,,,,,,1144,0.09520651400089264,,,,,,,
,,,,,,,,1.5168316831683166e-07,1149,,,,,,,,
3,,,,,,,,,1149,0.07133680582046509,,,,,,,
,,,,,,,,1.5234323432343234e-07,1154,,,,,,,,
3,,,,,,,,,1154,0.018348515033721924,,,,,,,
,,,,,,,,1.53003300330033e-07,1159,,,,,,,,
3,,,,,,,,,1159,0.09605084359645844,,,,,,,
,,,,,,,,1.5366336633663365e-07,1164,,,,,,,,
3,,,,,,,,,1164,0.0503312423825264,,,,,,,
,,,,,,,,1.543234323432343e-07,1169,,,,,,,,
3,,,,,,,,,1169,0.15807831287384033,,,,,,,
,,,,,,,,1.54983498349835e-07,1174,,,,,,,,
3,,,,,,,,,1174,0.16636662185192108,,,,,,,
,,,,,,,,1.5564356435643564e-07,1179,,,,,,,,
3,,,,,,,,,1179,0.12534481287002563,,,,,,,
,,,,,,,,1.5630363036303629e-07,1184,,,,,,,,
3,,,,,,,,,1184,0.06838183104991913,,,,,,,
,,,,,,,,1.5696369636963696e-07,1189,,,,,,,,
3,,,,,,,,,1189,0.13344381749629974,,,,,,,
,,,,,,,,1.5762376237623763e-07,1194,,,,,,,,
3,,,,,,,,,1194,0.029177067801356316,,,,,,,
,,,,,,,,1.5828382838283827e-07,1199,,,,,,,,
3,,,,,,,,,1199,0.08314837515354156,,,,,,,
,,,,,,,,1.5894389438943894e-07,1204,,,,,,,,
3,,,,,,,,,1204,0.10685066133737564,,,,,,,
,,,,,,,,1.596039603960396e-07,1209,,,,,,,,
3,,,,,,,,,1209,0.07878304272890091,,,,,,,
3,,,,,,,,,1211,0.09702552109956741,0.5249999761581421,0.6000000238418579,0.09702552109956741,-0.016977772116661072,0.5699999928474426,0.6333333253860474,-0.02492509037256241
,,,,,,,,1.6026402640264026e-07,1214,,,,,,,,
4,,,,,,,,,1214,0.07375453412532806,,,,,,,
,,,,,,,,1.6092409240924093e-07,1219,,,,,,,,
4,,,,,,,,,1219,0.10230668634176254,,,,,,,
,,,,,,,,1.6158415841584158e-07,1224,,,,,,,,
4,,,,,,,,,1224,0.08596254140138626,,,,,,,
,,,,,,,,1.6224422442244222e-07,1229,,,,,,,,
4,,,,,,,,,1229,0.08778440952301025,,,,,,,
,,,,,,,,1.629042904290429e-07,1234,,,,,,,,
4,,,,,,,,,1234,0.1653016209602356,,,,,,,
,,,,,,,,1.6356435643564357e-07,1239,,,,,,,,
4,,,,,,,,,1239,0.08358292281627655,,,,,,,
,,,,,,,,1.642244224422442e-07,1244,,,,,,,,
4,,,,,,,,,1244,0.15401047468185425,,,,,,,
,,,,,,,,1.6488448844884486e-07,1249,,,,,,,,
4,,,,,,,,,1249,0.057391420006752014,,,,,,,
,,,,,,,,1.6554455445544555e-07,1254,,,,,,,,
4,,,,,,,,,1254,0.06904292851686478,,,,,,,
,,,,,,,,1.662046204620462e-07,1259,,,,,,,,
4,,,,,,,,,1259,0.09788796305656433,,,,,,,
,,,,,,,,1.6686468646864684e-07,1264,,,,,,,,
4,,,,,,,,,1264,0.15945914387702942,,,,,,,
,,,,,,,,1.6752475247524752e-07,1269,,,,,,,,
4,,,,,,,,,1269,0.08727076649665833,,,,,,,
,,,,,,,,1.6818481848184819e-07,1274,,,,,,,,
4,,,,,,,,,1274,0.15093299746513367,,,,,,,
,,,,,,,,1.6884488448844883e-07,1279,,,,,,,,
4,,,,,,,,,1279,0.11142871528863907,,,,,,,
,,,,,,,,1.695049504950495e-07,1284,,,,,,,,
4,,,,,,,,,1284,0.12098733335733414,,,,,,,
,,,,,,,,1.7016501650165015e-07,1289,,,,,,,,
4,,,,,,,,,1289,0.09656352549791336,,,,,,,
,,,,,,,,1.7082508250825082e-07,1294,,,,,,,,
4,,,,,,,,,1294,0.060926616191864014,,,,,,,
,,,,,,,,1.714851485148515e-07,1299,,,,,,,,
4,,,,,,,,,1299,0.13091632723808289,,,,,,,
,,,,,,,,1.7214521452145214e-07,1304,,,,,,,,
4,,,,,,,,,1304,0.0835539698600769,,,,,,,
,,,,,,,,1.7280528052805278e-07,1309,,,,,,,,
4,,,,,,,,,1309,0.10671242326498032,,,,,,,
,,,,,,,,1.7346534653465345e-07,1314,,,,,,,,
4,,,,,,,,,1314,0.09847066551446915,,,,,,,
,,,,,,,,1.7412541254125412e-07,1319,,,,,,,,
4,,,,,,,,,1319,0.0692678838968277,,,,,,,
,,,,,,,,1.7478547854785477e-07,1324,,,,,,,,
4,,,,,,,,,1324,0.18108442425727844,,,,,,,
,,,,,,,,1.7544554455445541e-07,1329,,,,,,,,
4,,,,,,,,,1329,0.11326247453689575,,,,,,,
,,,,,,,,1.761056105610561e-07,1334,,,,,,,,
4,,,,,,,,,1334,0.11059966683387756,,,,,,,
,,,,,,,,1.7676567656765676e-07,1339,,,,,,,,
4,,,,,,,,,1339,0.12504655122756958,,,,,,,
,,,,,,,,1.774257425742574e-07,1344,,,,,,,,
4,,,,,,,,,1344,0.06430766731500626,,,,,,,
,,,,,,,,1.780858085808581e-07,1349,,,,,,,,
4,,,,,,,,,1349,0.04353080317378044,,,,,,,
,,,,,,,,1.7874587458745875e-07,1354,,,,,,,,
4,,,,,,,,,1354,0.06694681197404861,,,,,,,
,,,,,,,,1.794059405940594e-07,1359,,,,,,,,
4,,,,,,,,,1359,0.057807136327028275,,,,,,,
,,,,,,,,1.8006600660066006e-07,1364,,,,,,,,
4,,,,,,,,,1364,0.08646951615810394,,,,,,,
,,,,,,,,1.8072607260726073e-07,1369,,,,,,,,
4,,,,,,,,,1369,0.1073632761836052,,,,,,,
,,,,,,,,1.8138613861386138e-07,1374,,,,,,,,
4,,,,,,,,,1374,0.0612284317612648,,,,,,,
,,,,,,,,1.8204620462046205e-07,1379,,,,,,,,
4,,,,,,,,,1379,0.09716998785734177,,,,,,,
,,,,,,,,1.827062706270627e-07,1384,,,,,,,,
4,,,,,,,,,1384,0.03927699103951454,,,,,,,
,,,,,,,,1.8336633663366337e-07,1389,,,,,,,,
4,,,,,,,,,1389,0.2519616186618805,,,,,,,
,,,,,,,,1.84026402640264e-07,1394,,,,,,,,
4,,,,,,,,,1394,0.06176891550421715,,,,,,,
,,,,,,,,1.8468646864686468e-07,1399,,,,,,,,
4,,,,,,,,,1399,0.1285226196050644,,,,,,,
,,,,,,,,1.8534653465346533e-07,1404,,,,,,,,
4,,,,,,,,,1404,0.07261327654123306,,,,,,,
,,,,,,,,1.86006600660066e-07,1409,,,,,,,,
4,,,,,,,,,1409,0.07825961709022522,,,,,,,
,,,,,,,,1.8666666666666667e-07,1414,,,,,,,,
4,,,,,,,,,1414,0.0786721482872963,,,,,,,
,,,,,,,,1.8732673267326732e-07,1419,,,,,,,,
4,,,,,,,,,1419,0.11993491649627686,,,,,,,
,,,,,,,,1.8798679867986796e-07,1424,,,,,,,,
4,,,,,,,,,1424,0.07578359544277191,,,,,,,
,,,,,,,,1.8864686468646866e-07,1429,,,,,,,,
4,,,,,,,,,1429,0.06701841950416565,,,,,,,
,,,,,,,,1.893069306930693e-07,1434,,,,,,,,
4,,,,,,,,,1434,0.08296820521354675,,,,,,,
,,,,,,,,1.8996699669966995e-07,1439,,,,,,,,
4,,,,,,,,,1439,0.08329597115516663,,,,,,,
,,,,,,,,1.9062706270627062e-07,1444,,,,,,,,
4,,,,,,,,,1444,0.050265468657016754,,,,,,,
,,,,,,,,1.912871287128713e-07,1449,,,,,,,,
4,,,,,,,,,1449,0.052675846964120865,,,,,,,
,,,,,,,,1.9194719471947194e-07,1454,,,,,,,,
4,,,,,,,,,1454,0.05571642145514488,,,,,,,
,,,,,,,,1.926072607260726e-07,1459,,,,,,,,
4,,,,,,,,,1459,0.09019489586353302,,,,,,,
,,,,,,,,1.9326732673267325e-07,1464,,,,,,,,
4,,,,,,,,,1464,0.12370604276657104,,,,,,,
,,,,,,,,1.9392739273927392e-07,1469,,,,,,,,
4,,,,,,,,,1469,0.13454677164554596,,,,,,,
,,,,,,,,1.9458745874587457e-07,1474,,,,,,,,
4,,,,,,,,,1474,0.14236688613891602,,,,,,,
,,,,,,,,1.9524752475247524e-07,1479,,,,,,,,
4,,,,,,,,,1479,0.11279592663049698,,,,,,,
,,,,,,,,1.9590759075907589e-07,1484,,,,,,,,
4,,,,,,,,,1484,0.049623340368270874,,,,,,,
,,,,,,,,1.9656765676567656e-07,1489,,,,,,,,
4,,,,,,,,,1489,0.056411124765872955,,,,,,,
,,,,,,,,1.9722772277227723e-07,1494,,,,,,,,
4,,,,,,,,,1494,0.122640460729599,,,,,,,
,,,,,,,,1.9788778877887787e-07,1499,,,,,,,,
4,,,,,,,,,1499,0.052456650882959366,,,,,,,
,,,,,,,,1.9854785478547852e-07,1504,,,,,,,,
4,,,,,,,,,1504,0.03929843008518219,,,,,,,
,,,,,,,,1.9920792079207922e-07,1509,,,,,,,,
4,,,,,,,,,1509,0.1115647703409195,,,,,,,
,,,,,,,,1.9986798679867986e-07,1514,,,,,,,,
4,,,,,,,,,1514,0.04304822161793709,,,,,,,
4,,,,,,,,,1514,0.09620821475982666,0.5375000238418579,0.6336633563041687,0.09620821475982666,-0.009159352630376816,0.5714285969734192,0.7111111283302307,-0.016789788380265236
,,,,,,,,2.005280528052805e-07,1519,,,,,,,,
5,,,,,,,,,1519,0.17209741473197937,,,,,,,
,,,,,,,,2.0118811881188118e-07,1524,,,,,,,,
5,,,,,,,,,1524,0.03849808871746063,,,,,,,
,,,,,,,,2.0184818481848185e-07,1529,,,,,,,,
5,,,,,,,,,1529,0.12632343173027039,,,,,,,
,,,,,,,,2.025082508250825e-07,1534,,,,,,,,
5,,,,,,,,,1534,0.14248664677143097,,,,,,,
,,,,,,,,2.0316831683168314e-07,1539,,,,,,,,
5,,,,,,,,,1539,0.07344448566436768,,,,,,,
,,,,,,,,2.038283828382838e-07,1544,,,,,,,,
5,,,,,,,,,1544,0.1290549784898758,,,,,,,
,,,,,,,,2.0448844884488448e-07,1549,,,,,,,,
5,,,,,,,,,1549,0.10876282304525375,,,,,,,
,,,,,,,,2.0514851485148513e-07,1554,,,,,,,,
5,,,,,,,,,1554,0.05490390211343765,,,,,,,
,,,,,,,,2.058085808580858e-07,1559,,,,,,,,
5,,,,,,,,,1559,0.061715226620435715,,,,,,,
,,,,,,,,2.0646864686468647e-07,1564,,,,,,,,
5,,,,,,,,,1564,0.08839479088783264,,,,,,,
,,,,,,,,2.0712871287128712e-07,1569,,,,,,,,
5,,,,,,,,,1569,0.13018453121185303,,,,,,,
,,,,,,,,2.077887788778878e-07,1574,,,,,,,,
5,,,,,,,,,1574,0.10247772186994553,,,,,,,
,,,,,,,,2.0844884488448843e-07,1579,,,,,,,,
5,,,,,,,,,1579,0.06734158098697662,,,,,,,
,,,,,,,,2.091089108910891e-07,1584,,,,,,,,
5,,,,,,,,,1584,0.1267656683921814,,,,,,,
,,,,,,,,2.0976897689768978e-07,1589,,,,,,,,
5,,,,,,,,,1589,0.14869186282157898,,,,,,,
,,,,,,,,2.1042904290429042e-07,1594,,,,,,,,
5,,,,,,,,,1594,0.05785630643367767,,,,,,,
,,,,,,,,2.1108910891089107e-07,1599,,,,,,,,
5,,,,,,,,,1599,0.08431051671504974,,,,,,,
,,,,,,,,2.1174917491749176e-07,1604,,,,,,,,
5,,,,,,,,,1604,0.09039413183927536,,,,,,,
,,,,,,,,2.124092409240924e-07,1609,,,,,,,,
5,,,,,,,,,1609,0.1292799860239029,,,,,,,
,,,,,,,,2.1306930693069305e-07,1614,,,,,,,,
5,,,,,,,,,1614,0.08311845362186432,,,,,,,
,,,,,,,,2.137293729372937e-07,1619,,,,,,,,
5,,,,,,,,,1619,0.16800948977470398,,,,,,,
,,,,,,,,2.143894389438944e-07,1624,,,,,,,,
5,,,,,,,,,1624,0.1547214686870575,,,,,,,
,,,,,,,,2.1504950495049504e-07,1629,,,,,,,,
5,,,,,,,,,1629,0.0988064557313919,,,,,,,
,,,,,,,,2.1570957095709569e-07,1634,,,,,,,,
5,,,,,,,,,1634,0.08485712110996246,,,,,,,
,,,,,,,,2.1636963696369636e-07,1639,,,,,,,,
5,,,,,,,,,1639,0.1260082721710205,,,,,,,
,,,,,,,,2.1702970297029703e-07,1644,,,,,,,,
5,,,,,,,,,1644,0.07129090279340744,,,,,,,
,,,,,,,,2.1768976897689767e-07,1649,,,,,,,,
5,,,,,,,,,1649,0.10372551530599594,,,,,,,
,,,,,,,,2.1834983498349835e-07,1654,,,,,,,,
5,,,,,,,,,1654,0.06729163229465485,,,,,,,
,,,,,,,,2.19009900990099e-07,1659,,,,,,,,
5,,,,,,,,,1659,0.0775076150894165,,,,,,,
,,,,,,,,2.1966996699669966e-07,1664,,,,,,,,
5,,,,,,,,,1664,0.1039050817489624,,,,,,,
,,,,,,,,2.2033003300330033e-07,1669,,,,,,,,
5,,,,,,,,,1669,0.1201440766453743,,,,,,,
,,,,,,,,2.2099009900990098e-07,1674,,,,,,,,
5,,,,,,,,,1674,0.0886048823595047,,,,,,,
,,,,,,,,2.2165016501650162e-07,1679,,,,,,,,
5,,,,,,,,,1679,0.04896393418312073,,,,,,,
,,,,,,,,2.2231023102310232e-07,1684,,,,,,,,
5,,,,,,,,,1684,0.07126792520284653,,,,,,,
,,,,,,,,2.2297029702970297e-07,1689,,,,,,,,
5,,,,,,,,,1689,0.043245814740657806,,,,,,,
,,,,,,,,2.236303630363036e-07,1694,,,,,,,,
5,,,,,,,,,1694,0.13023492693901062,,,,,,,
,,,,,,,,2.2429042904290426e-07,1699,,,,,,,,
5,,,,,,,,,1699,0.16708287596702576,,,,,,,
,,,,,,,,2.2495049504950495e-07,1704,,,,,,,,
5,,,,,,,,,1704,0.09202532470226288,,,,,,,
,,,,,,,,2.256105610561056e-07,1709,,,,,,,,
5,,,,,,,,,1709,0.12301983684301376,,,,,,,
,,,,,,,,2.2627062706270624e-07,1714,,,,,,,,
5,,,,,,,,,1714,0.04940909519791603,,,,,,,
,,,,,,,,2.2693069306930692e-07,1719,,,,,,,,
5,,,,,,,,,1719,0.09143281728029251,,,,,,,
,,,,,,,,2.275907590759076e-07,1724,,,,,,,,
5,,,,,,,,,1724,0.1265873908996582,,,,,,,
,,,,,,,,2.2825082508250823e-07,1729,,,,,,,,
5,,,,,,,,,1729,0.11824646592140198,,,,,,,
,,,,,,,,2.289108910891089e-07,1734,,,,,,,,
5,,,,,,,,,1734,0.09327949583530426,,,,,,,
,,,,,,,,2.2957095709570955e-07,1739,,,,,,,,
5,,,,,,,,,1739,0.04870630428195,,,,,,,
,,,,,,,,2.3023102310231022e-07,1744,,,,,,,,
5,,,,,,,,,1744,0.05748903006315231,,,,,,,
,,,,,,,,2.308910891089109e-07,1749,,,,,,,,
5,,,,,,,,,1749,0.10419055074453354,,,,,,,
,,,,,,,,2.3155115511551154e-07,1754,,,,,,,,
5,,,,,,,,,1754,0.0860176533460617,,,,,,,
,,,,,,,,2.3221122112211218e-07,1759,,,,,,,,
5,,,,,,,,,1759,0.09548085182905197,,,,,,,
,,,,,,,,2.3287128712871288e-07,1764,,,,,,,,
5,,,,,,,,,1764,0.11015699803829193,,,,,,,
,,,,,,,,2.3353135313531353e-07,1769,,,,,,,,
5,,,,,,,,,1769,0.09597750008106232,,,,,,,
,,,,,,,,2.3419141914191417e-07,1774,,,,,,,,
5,,,,,,,,,1774,0.0880860909819603,,,,,,,
,,,,,,,,2.3485148514851482e-07,1779,,,,,,,,
5,,,,,,,,,1779,0.06388609856367111,,,,,,,
,,,,,,,,2.355115511551155e-07,1784,,,,,,,,
5,,,,,,,,,1784,0.1362736076116562,,,,,,,
,,,,,,,,2.3617161716171616e-07,1789,,,,,,,,
5,,,,,,,,,1789,0.07085670530796051,,,,,,,
,,,,,,,,2.368316831683168e-07,1794,,,,,,,,
5,,,,,,,,,1794,0.03811132162809372,,,,,,,
,,,,,,,,2.374917491749175e-07,1799,,,,,,,,
5,,,,,,,,,1799,0.04903671145439148,,,,,,,
,,,,,,,,2.3815181518151815e-07,1804,,,,,,,,
5,,,,,,,,,1804,0.1556084007024765,,,,,,,
,,,,,,,,2.388118811881188e-07,1809,,,,,,,,
5,,,,,,,,,1809,0.04885629937052727,,,,,,,
,,,,,,,,2.3947194719471946e-07,1814,,,,,,,,
5,,,,,,,,,1814,0.09014999121427536,,,,,,,
5,,,,,,,,,1817,0.09505307674407959,0.550000011920929,0.6470588445663452,0.09505307674407959,0.0006263806717470288,0.5789473652839661,0.7333333492279053,-0.008204234763979912
,,,,,,,,2.401320132013201e-07,1819,,,,,,,,
6,,,,,,,,,1819,0.09483315795660019,,,,,,,
,,,,,,,,2.4079207920792075e-07,1824,,,,,,,,
6,,,,,,,,,1824,0.16074129939079285,,,,,,,
,,,,,,,,2.4145214521452145e-07,1829,,,,,,,,
6,,,,,,,,,1829,0.05668606609106064,,,,,,,
,,,,,,,,2.421122112211221e-07,1834,,,,,,,,
6,,,,,,,,,1834,0.06283440440893173,,,,,,,
,,,,,,,,2.4277227722772274e-07,1839,,,,,,,,
6,,,,,,,,,1839,0.028106356039643288,,,,,,,
,,,,,,,,2.4343234323432344e-07,1844,,,,,,,,
6,,,,,,,,,1844,0.04613291844725609,,,,,,,
,,,,,,,,2.440924092409241e-07,1849,,,,,,,,
6,,,,,,,,,1849,0.11805319041013718,,,,,,,
,,,,,,,,2.4475247524752473e-07,1854,,,,,,,,
6,,,,,,,,,1854,0.06596105545759201,,,,,,,
,,,,,,,,2.4541254125412537e-07,1859,,,,,,,,
6,,,,,,,,,1859,0.09297138452529907,,,,,,,
,,,,,,,,2.4607260726072607e-07,1864,,,,,,,,
6,,,,,,,,,1864,0.07468438148498535,,,,,,,
,,,,,,,,2.467326732673267e-07,1869,,,,,,,,
6,,,,,,,,,1869,0.17090339958667755,,,,,,,
,,,,,,,,2.4739273927392736e-07,1874,,,,,,,,
6,,,,,,,,,1874,0.05312102660536766,,,,,,,
,,,,,,,,2.4805280528052806e-07,1879,,,,,,,,
6,,,,,,,,,1879,0.11197087168693542,,,,,,,
,,,,,,,,2.487128712871287e-07,1884,,,,,,,,
6,,,,,,,,,1884,0.09220313280820847,,,,,,,
,,,,,,,,2.4937293729372935e-07,1889,,,,,,,,
6,,,,,,,,,1889,0.14595018327236176,,,,,,,
,,,,,,,,2.5003300330033e-07,1894,,,,,,,,
6,,,,,,,,,1894,0.08043962717056274,,,,,,,
,,,,,,,,2.506930693069307e-07,1899,,,,,,,,
6,,,,,,,,,1899,0.06017955392599106,,,,,,,
,,,,,,,,2.5135313531353134e-07,1904,,,,,,,,
6,,,,,,,,,1904,0.047990832477808,,,,,,,
,,,,,,,,2.52013201320132e-07,1909,,,,,,,,
6,,,,,,,,,1909,0.093167245388031,,,,,,,
,,,,,,,,2.526732673267327e-07,1914,,,,,,,,
6,,,,,,,,,1914,0.06940195709466934,,,,,,,
,,,,,,,,2.533333333333333e-07,1919,,,,,,,,
6,,,,,,,,,1919,0.08536892384290695,,,,,,,
,,,,,,,,2.5399339933993397e-07,1924,,,,,,,,
6,,,,,,,,,1924,0.1145590990781784,,,,,,,
,,,,,,,,2.5465346534653467e-07,1929,,,,,,,,
6,,,,,,,,,1929,0.06187877058982849,,,,,,,
,,,,,,,,2.553135313531353e-07,1934,,,,,,,,
6,,,,,,,,,1934,0.09959673881530762,,,,,,,
,,,,,,,,2.5597359735973596e-07,1939,,,,,,,,
6,,,,,,,,,1939,0.06294584274291992,,,,,,,
,,,,,,,,2.566336633663366e-07,1944,,,,,,,,
6,,,,,,,,,1944,0.05871449410915375,,,,,,,
,,,,,,,,2.572937293729373e-07,1949,,,,,,,,
6,,,,,,,,,1949,0.047266677021980286,,,,,,,
,,,,,,,,2.5795379537953795e-07,1954,,,,,,,,
6,,,,,,,,,1954,0.09870397299528122,,,,,,,
,,,,,,,,2.586138613861386e-07,1959,,,,,,,,
6,,,,,,,,,1959,0.14898338913917542,,,,,,,
,,,,,,,,2.592739273927393e-07,1964,,,,,,,,
6,,,,,,,,,1964,0.10119175165891647,,,,,,,
,,,,,,,,2.5993399339933993e-07,1969,,,,,,,,
6,,,,,,,,,1969,0.07020445913076401,,,,,,,
,,,,,,,,2.605940594059406e-07,1974,,,,,,,,
6,,,,,,,,,1974,0.12161310017108917,,,,,,,
,,,,,,,,2.612541254125412e-07,1979,,,,,,,,
6,,,,,,,,,1979,0.08659299463033676,,,,,,,
,,,,,,,,2.6191419141914187e-07,1984,,,,,,,,
6,,,,,,,,,1984,0.10030730068683624,,,,,,,
,,,,,,,,2.6257425742574257e-07,1989,,,,,,,,
6,,,,,,,,,1989,0.05434078350663185,,,,,,,
,,,,,,,,2.632343234323432e-07,1994,,,,,,,,
6,,,,,,,,,1994,0.06554637849330902,,,,,,,
,,,,,,,,2.6389438943894386e-07,1999,,,,,,,,
6,,,,,,,,,1999,0.05407094955444336,,,,,,,
,,,,,,,,2.6455445544554456e-07,2004,,,,,,,,
6,,,,,,,,,2004,0.12563727796077728,,,,,,,
,,,,,,,,2.652145214521452e-07,2009,,,,,,,,
6,,,,,,,,,2009,0.1320454180240631,,,,,,,
,,,,,,,,2.6587458745874585e-07,2014,,,,,,,,
6,,,,,,,,,2014,0.08430241048336029,,,,,,,
,,,,,,,,2.6653465346534654e-07,2019,,,,,,,,
6,,,,,,,,,2019,0.12096641957759857,,,,,,,
,,,,,,,,2.6719471947194714e-07,2024,,,,,,,,
6,,,,,,,,,2024,0.08650580048561096,,,,,,,
,,,,,,,,2.6785478547854783e-07,2029,,,,,,,,
6,,,,,,,,,2029,0.07274829596281052,,,,,,,
,,,,,,,,2.6851485148514853e-07,2034,,,,,,,,
6,,,,,,,,,2034,0.09033435583114624,,,,,,,
,,,,,,,,2.691749174917491e-07,2039,,,,,,,,
6,,,,,,,,,2039,0.06927216798067093,,,,,,,
,,,,,,,,2.698349834983498e-07,2044,,,,,,,,
6,,,,,,,,,2044,0.05351974815130234,,,,,,,
,,,,,,,,2.704950495049505e-07,2049,,,,,,,,
6,,,,,,,,,2049,0.10592451691627502,,,,,,,
,,,,,,,,2.711551155115511e-07,2054,,,,,,,,
6,,,,,,,,,2054,0.1180732250213623,,,,,,,
,,,,,,,,2.718151815181518e-07,2059,,,,,,,,
6,,,,,,,,,2059,0.07879294455051422,,,,,,,
,,,,,,,,2.724752475247525e-07,2064,,,,,,,,
6,,,,,,,,,2064,0.17260414361953735,,,,,,,
,,,,,,,,2.731353135313531e-07,2069,,,,,,,,
6,,,,,,,,,2069,0.1253441870212555,,,,,,,
,,,,,,,,2.737953795379538e-07,2074,,,,,,,,
6,,,,,,,,,2074,0.09415920823812485,,,,,,,
,,,,,,,,2.7445544554455444e-07,2079,,,,,,,,
6,,,,,,,,,2079,0.10326740145683289,,,,,,,
,,,,,,,,2.751155115511551e-07,2084,,,,,,,,
6,,,,,,,,,2084,0.051578786224126816,,,,,,,
,,,,,,,,2.757755775577558e-07,2089,,,,,,,,
6,,,,,,,,,2089,0.050737351179122925,,,,,,,
,,,,,,,,2.7643564356435643e-07,2094,,,,,,,,
6,,,,,,,,,2094,0.024812674149870872,,,,,,,
,,,,,,,,2.770957095709571e-07,2099,,,,,,,,
6,,,,,,,,,2099,0.05175444483757019,,,,,,,
,,,,,,,,2.7775577557755777e-07,2104,,,,,,,,
6,,,,,,,,,2104,0.10888592898845673,,,,,,,
,,,,,,,,2.784158415841584e-07,2109,,,,,,,,
6,,,,,,,,,2109,0.08802571892738342,,,,,,,
,,,,,,,,2.7907590759075906e-07,2114,,,,,,,,
6,,,,,,,,,2114,0.08969154953956604,,,,,,,
,,,,,,,,2.797359735973597e-07,2119,,,,,,,,
6,,,,,,,,,2119,0.04983263090252876,,,,,,,
6,,,,,,,,,2120,0.09364897012710571,0.5562499761581421,0.6536585092544556,0.09364897012710571,0.011590239591896534,0.582608699798584,0.7444444298744202,0.0012774200877174735
,,,,,,,,2.803960396039604e-07,2124,,,,,,,,
7,,,,,,,,,2124,0.10359038412570953,,,,,,,
,,,,,,,,2.8105610561056105e-07,2129,,,,,,,,
7,,,,,,,,,2129,0.06427232176065445,,,,,,,
,,,,,,,,2.817161716171617e-07,2134,,,,,,,,
7,,,,,,,,,2134,0.08106029033660889,,,,,,,
,,,,,,,,2.8237623762376234e-07,2139,,,,,,,,
7,,,,,,,,,2139,0.10898710042238235,,,,,,,
,,,,,,,,2.8303630363036304e-07,2144,,,,,,,,
7,,,,,,,,,2144,0.07657212764024734,,,,,,,
,,,,,,,,2.836963696369637e-07,2149,,,,,,,,
7,,,,,,,,,2149,0.09224505722522736,,,,,,,
,,,,,,,,2.8435643564356433e-07,2154,,,,,,,,
7,,,,,,,,,2154,0.08916040509939194,,,,,,,
,,,,,,,,2.85016501650165e-07,2159,,,,,,,,
7,,,,,,,,,2159,0.18429350852966309,,,,,,,
,,,,,,,,2.8567656765676567e-07,2164,,,,,,,,
7,,,,,,,,,2164,0.10452137142419815,,,,,,,
,,,,,,,,2.863366336633663e-07,2169,,,,,,,,
7,,,,,,,,,2169,0.05155608803033829,,,,,,,
,,,,,,,,2.8699669966996696e-07,2174,,,,,,,,
7,,,,,,,,,2174,0.05828336253762245,,,,,,,
,,,,,,,,2.8765676567656766e-07,2179,,,,,,,,
7,,,,,,,,,2179,0.10314575582742691,,,,,,,
,,,,,,,,2.883168316831683e-07,2184,,,,,,,,
7,,,,,,,,,2184,0.08204946666955948,,,,,,,
,,,,,,,,2.8897689768976895e-07,2189,,,,,,,,
7,,,,,,,,,2189,0.051073867827653885,,,,,,,
,,,,,,,,2.8963696369636965e-07,2194,,,,,,,,
7,,,,,,,,,2194,0.09295167773962021,,,,,,,
,,,,,,,,2.9029702970297024e-07,2199,,,,,,,,
7,,,,,,,,,2199,0.11613109707832336,,,,,,,
,,,,,,,,2.9095709570957094e-07,2204,,,,,,,,
7,,,,,,,,,2204,0.07476144284009933,,,,,,,
,,,,,,,,2.9161716171617164e-07,2209,,,,,,,,
7,,,,,,,,,2209,0.08394207805395126,,,,,,,
,,,,,,,,2.9227722772277223e-07,2214,,,,,,,,
7,,,,,,,,,2214,0.06768737733364105,,,,,,,
,,,,,,,,2.929372937293729e-07,2219,,,,,,,,
7,,,,,,,,,2219,0.019337503239512444,,,,,,,
,,,,,,,,2.935973597359736e-07,2224,,,,,,,,
7,,,,,,,,,2224,0.02748640812933445,,,,,,,
,,,,,,,,2.942574257425742e-07,2229,,,,,,,,
7,,,,,,,,,2229,0.09727956354618073,,,,,,,
,,,,,,,,2.949174917491749e-07,2234,,,,,,,,
7,,,,,,,,,2234,0.18304024636745453,,,,,,,
,,,,,,,,2.955775577557756e-07,2239,,,,,,,,
7,,,,,,,,,2239,0.062114909291267395,,,,,,,
,,,,,,,,2.962376237623762e-07,2244,,,,,,,,
7,,,,,,,,,2244,0.11609695851802826,,,,,,,
,,,,,,,,2.968976897689769e-07,2249,,,,,,,,
7,,,,,,,,,2249,0.11792559921741486,,,,,,,
,,,,,,,,2.9755775577557755e-07,2254,,,,,,,,
7,,,,,,,,,2254,0.1253751665353775,,,,,,,
,,,,,,,,2.982178217821782e-07,2259,,,,,,,,
7,,,,,,,,,2259,0.10078282654285431,,,,,,,
,,,,,,,,2.988778877887789e-07,2264,,,,,,,,
7,,,,,,,,,2264,0.07576234638690948,,,,,,,
,,,,,,,,2.9953795379537953e-07,2269,,,,,,,,
7,,,,,,,,,2269,0.04250858724117279,,,,,,,
,,,,,,,,3.001980198019802e-07,2274,,,,,,,,
7,,,,,,,,,2274,0.08833621442317963,,,,,,,
,,,,,,,,3.008580858085809e-07,2279,,,,,,,,
7,,,,,,,,,2279,0.06803376227617264,,,,,,,
,,,,,,,,3.015181518151815e-07,2284,,,,,,,,
7,,,,,,,,,2284,0.09548956900835037,,,,,,,
,,,,,,,,3.0217821782178217e-07,2289,,,,,,,,
7,,,,,,,,,2289,0.07967875897884369,,,,,,,
,,,,,,,,3.028382838283828e-07,2294,,,,,,,,
7,,,,,,,,,2294,0.0786990150809288,,,,,,,
,,,,,,,,3.0349834983498346e-07,2299,,,,,,,,
7,,,,,,,,,2299,0.1126183494925499,,,,,,,
,,,,,,,,3.0415841584158416e-07,2304,,,,,,,,
7,,,,,,,,,2304,0.06402061134576797,,,,,,,
,,,,,,,,3.048184818481848e-07,2309,,,,,,,,
7,,,,,,,,,2309,0.09513168036937714,,,,,,,
,,,,,,,,3.0547854785478545e-07,2314,,,,,,,,
7,,,,,,,,,2314,0.037594445049762726,,,,,,,
,,,,,,,,3.0613861386138614e-07,2319,,,,,,,,
7,,,,,,,,,2319,0.09886243939399719,,,,,,,
,,,,,,,,3.067986798679868e-07,2324,,,,,,,,
7,,,,,,,,,2324,0.0856044664978981,,,,,,,
,,,,,,,,3.0745874587458743e-07,2329,,,,,,,,
7,,,,,,,,,2329,0.03659721091389656,,,,,,,
,,,,,,,,3.081188118811881e-07,2334,,,,,,,,
7,,,,,,,,,2334,0.06958923488855362,,,,,,,
,,,,,,,,3.087788778877888e-07,2339,,,,,,,,
7,,,,,,,,,2339,0.08192089945077896,,,,,,,
,,,,,,,,3.094389438943894e-07,2344,,,,,,,,
7,,,,,,,,,2344,0.03880611062049866,,,,,,,
,,,,,,,,3.1009900990099007e-07,2349,,,,,,,,
7,,,,,,,,,2349,0.07219087332487106,,,,,,,
,,,,,,,,3.1075907590759076e-07,2354,,,,,,,,
7,,,,,,,,,2354,0.056396886706352234,,,,,,,
,,,,,,,,3.114191419141914e-07,2359,,,,,,,,
7,,,,,,,,,2359,0.08773402124643326,,,,,,,
,,,,,,,,3.1207920792079205e-07,2364,,,,,,,,
7,,,,,,,,,2364,0.15248951315879822,,,,,,,
,,,,,,,,3.1273927392739275e-07,2369,,,,,,,,
7,,,,,,,,,2369,0.09640896320343018,,,,,,,
,,,,,,,,3.1339933993399334e-07,2374,,,,,,,,
7,,,,,,,,,2374,0.0907139703631401,,,,,,,
,,,,,,,,3.1405940594059404e-07,2379,,,,,,,,
7,,,,,,,,,2379,0.07291393727064133,,,,,,,
,,,,,,,,3.1471947194719474e-07,2384,,,,,,,,
7,,,,,,,,,2384,0.08530150353908539,,,,,,,
,,,,,,,,3.1537953795379533e-07,2389,,,,,,,,
7,,,,,,,,,2389,0.07503464072942734,,,,,,,
,,,,,,,,3.1603960396039603e-07,2394,,,,,,,,
7,,,,,,,,,2394,0.09909167140722275,,,,,,,
,,,,,,,,3.1669966996699673e-07,2399,,,,,,,,
7,,,,,,,,,2399,0.0691090077161789,,,,,,,
,,,,,,,,3.173597359735973e-07,2404,,,,,,,,
7,,,,,,,,,2404,0.07804319262504578,,,,,,,
,,,,,,,,3.18019801980198e-07,2409,,,,,,,,
7,,,,,,,,,2409,0.030054308474063873,,,,,,,
,,,,,,,,3.1867986798679866e-07,2414,,,,,,,,
7,,,,,,,,,2414,0.10894957184791565,,,,,,,
,,,,,,,,3.193399339933993e-07,2419,,,,,,,,
7,,,,,,,,,2419,0.0696447566151619,,,,,,,
7,,,,,,,,,2423,0.09249654412269592,0.5562499761581421,0.6536585092544556,0.09249654412269592,0.024007584899663925,0.582608699798584,0.7444444298744202,0.014437340199947357
,,,,,,,,3.2e-07,2424,,,,,,,,
8,,,,,,,,,2424,0.07683130353689194,,,,,,,
,,,,,,,,3.2066006600660065e-07,2429,,,,,,,,
8,,,,,,,,,2429,0.049835771322250366,,,,,,,
,,,,,,,,3.213201320132013e-07,2434,,,,,,,,
8,,,,,,,,,2434,0.05781245976686478,,,,,,,
,,,,,,,,3.21980198019802e-07,2439,,,,,,,,
8,,,,,,,,,2439,0.08070939034223557,,,,,,,
,,,,,,,,3.2264026402640264e-07,2444,,,,,,,,
8,,,,,,,,,2444,0.10366874188184738,,,,,,,
,,,,,,,,3.233003300330033e-07,2449,,,,,,,,
8,,,,,,,,,2449,0.03994555398821831,,,,,,,
,,,,,,,,3.2396039603960393e-07,2454,,,,,,,,
8,,,,,,,,,2454,0.11717124283313751,,,,,,,
,,,,,,,,3.246204620462046e-07,2459,,,,,,,,
8,,,,,,,,,2459,0.11224284768104553,,,,,,,
,,,,,,,,3.2528052805280527e-07,2464,,,,,,,,
8,,,,,,,,,2464,0.0804862529039383,,,,,,,
,,,,,,,,3.259405940594059e-07,2469,,,,,,,,
8,,,,,,,,,2469,0.058896198868751526,,,,,,,
,,,,,,,,3.2660066006600656e-07,2474,,,,,,,,
8,,,,,,,,,2474,0.07831142842769623,,,,,,,
,,,,,,,,3.2726072607260726e-07,2479,,,,,,,,
8,,,,,,,,,2479,0.05102397873997688,,,,,,,
,,,,,,,,3.279207920792079e-07,2484,,,,,,,,
8,,,,,,,,,2484,0.0864512249827385,,,,,,,
,,,,,,,,3.2858085808580855e-07,2489,,,,,,,,
8,,,,,,,,,2489,0.15385884046554565,,,,,,,
,,,,,,,,3.2924092409240925e-07,2494,,,,,,,,
8,,,,,,,,,2494,0.09773599356412888,,,,,,,
,,,,,,,,3.299009900990099e-07,2499,,,,,,,,
8,,,,,,,,,2499,0.102192722260952,,,,,,,
,,,,,,,,3.3056105610561054e-07,2504,,,,,,,,
8,,,,,,,,,2504,0.10711550712585449,,,,,,,
,,,,,,,,3.312211221122112e-07,2509,,,,,,,,
8,,,,,,,,,2509,0.08913379162549973,,,,,,,
,,,,,,,,3.318811881188119e-07,2514,,,,,,,,
8,,,,,,,,,2514,0.11672577261924744,,,,,,,
,,,,,,,,3.3254125412541253e-07,2519,,,,,,,,
8,,,,,,,,,2519,0.059671081602573395,,,,,,,
,,,,,,,,3.3320132013201317e-07,2524,,,,,,,,
8,,,,,,,,,2524,0.09316957741975784,,,,,,,
,,,,,,,,3.3386138613861387e-07,2529,,,,,,,,
8,,,,,,,,,2529,0.05618194118142128,,,,,,,
,,,,,,,,3.345214521452145e-07,2534,,,,,,,,
8,,,,,,,,,2534,0.06030500680208206,,,,,,,
,,,,,,,,3.3518151815181516e-07,2539,,,,,,,,
8,,,,,,,,,2539,0.02612733282148838,,,,,,,
,,,,,,,,3.3584158415841586e-07,2544,,,,,,,,
8,,,,,,,,,2544,0.05944731459021568,,,,,,,
,,,,,,,,3.3650165016501645e-07,2549,,,,,,,,
8,,,,,,,,,2549,0.043633099645376205,,,,,,,
,,,,,,,,3.3716171617161715e-07,2554,,,,,,,,
8,,,,,,,,,2554,0.10118106752634048,,,,,,,
,,,,,,,,3.3782178217821785e-07,2559,,,,,,,,
8,,,,,,,,,2559,0.05731036514043808,,,,,,,
,,,,,,,,3.3848184818481844e-07,2564,,,,,,,,
8,,,,,,,,,2564,0.06743377447128296,,,,,,,
,,,,,,,,3.3914191419141914e-07,2569,,,,,,,,
8,,,,,,,,,2569,0.05803816765546799,,,,,,,
,,,,,,,,3.3980198019801983e-07,2574,,,,,,,,
8,,,,,,,,,2574,0.11237730830907822,,,,,,,
,,,,,,,,3.404620462046204e-07,2579,,,,,,,,
8,,,,,,,,,2579,0.0482809841632843,,,,,,,
,,,,,,,,3.411221122112211e-07,2584,,,,,,,,
8,,,,,,,,,2584,0.046902332454919815,,,,,,,
,,,,,,,,3.4178217821782177e-07,2589,,,,,,,,
8,,,,,,,,,2589,0.04109197109937668,,,,,,,
,,,,,,,,3.424422442244224e-07,2594,,,,,,,,
8,,,,,,,,,2594,0.10905439406633377,,,,,,,
,,,,,,,,3.431023102310231e-07,2599,,,,,,,,
8,,,,,,,,,2599,0.06215560808777809,,,,,,,
,,,,,,,,3.437623762376237e-07,2604,,,,,,,,
8,,,,,,,,,2604,0.07950229197740555,,,,,,,
,,,,,,,,3.444224422442244e-07,2609,,,,,,,,
8,,,,,,,,,2609,0.06088532879948616,,,,,,,
,,,,,,,,3.450825082508251e-07,2614,,,,,,,,
8,,,,,,,,,2614,0.07152940332889557,,,,,,,
,,,,,,,,3.457425742574257e-07,2619,,,,,,,,
8,,,,,,,,,2619,0.12037283927202225,,,,,,,
,,,,,,,,3.464026402640264e-07,2624,,,,,,,,
8,,,,,,,,,2624,0.09658661484718323,,,,,,,
,,,,,,,,3.4706270627062703e-07,2629,,,,,,,,
8,,,,,,,,,2629,0.12638933956623077,,,,,,,
,,,,,,,,3.477227722772277e-07,2634,,,,,,,,
8,,,,,,,,,2634,0.13892348110675812,,,,,,,
,,,,,,,,3.483828382838284e-07,2639,,,,,,,,
8,,,,,,,,,2639,0.06524848937988281,,,,,,,
,,,,,,,,3.49042904290429e-07,2644,,,,,,,,
8,,,,,,,,,2644,0.09305629879236221,,,,,,,
,,,,,,,,3.4970297029702967e-07,2649,,,,,,,,
8,,,,,,,,,2649,0.06660161912441254,,,,,,,
,,,,,,,,3.5036303630363037e-07,2654,,,,,,,,
8,,,,,,,,,2654,0.05404549464583397,,,,,,,
,,,,,,,,3.51023102310231e-07,2659,,,,,,,,
8,,,,,,,,,2659,0.04289664328098297,,,,,,,
,,,,,,,,3.5168316831683166e-07,2664,,,,,,,,
8,,,,,,,,,2664,0.03673575073480606,,,,,,,
,,,,,,,,3.523432343234323e-07,2669,,,,,,,,
8,,,,,,,,,2669,0.09886827319860458,,,,,,,
,,,,,,,,3.53003300330033e-07,2674,,,,,,,,
8,,,,,,,,,2674,0.06837626546621323,,,,,,,
,,,,,,,,3.5366336633663364e-07,2679,,,,,,,,
8,,,,,,,,,2679,0.07579762488603592,,,,,,,
,,,,,,,,3.543234323432343e-07,2684,,,,,,,,
8,,,,,,,,,2684,0.04622826725244522,,,,,,,
,,,,,,,,3.54983498349835e-07,2689,,,,,,,,
8,,,,,,,,,2689,0.07331324368715286,,,,,,,
,,,,,,,,3.5564356435643563e-07,2694,,,,,,,,
8,,,,,,,,,2694,0.06640579551458359,,,,,,,
,,,,,,,,3.563036303630363e-07,2699,,,,,,,,
8,,,,,,,,,2699,0.07271002233028412,,,,,,,
,,,,,,,,3.56963696369637e-07,2704,,,,,,,,
8,,,,,,,,,2704,0.05797143653035164,,,,,,,
,,,,,,,,3.5762376237623757e-07,2709,,,,,,,,
8,,,,,,,,,2709,0.09985952079296112,,,,,,,
,,,,,,,,3.5828382838283826e-07,2714,,,,,,,,
8,,,,,,,,,2714,0.05692282319068909,,,,,,,
,,,,,,,,3.5894389438943896e-07,2719,,,,,,,,
8,,,,,,,,,2719,0.10363014787435532,,,,,,,
,,,,,,,,3.5960396039603955e-07,2724,,,,,,,,
8,,,,,,,,,2724,0.049476154148578644,,,,,,,
8,,,,,,,,,2726,0.0912984237074852,0.5562499761581421,0.6570048332214355,0.0912984237074852,0.0377836674451828,0.5811966061592102,0.7555555701255798,0.031391389667987823
,,,,,,,,3.6026402640264025e-07,2729,,,,,,,,
9,,,,,,,,,2729,0.08603839576244354,,,,,,,
,,,,,,,,3.6092409240924095e-07,2734,,,,,,,,
9,,,,,,,,,2734,0.16046224534511566,,,,,,,
,,,,,,,,3.6158415841584154e-07,2739,,,,,,,,
9,,,,,,,,,2739,0.13382916152477264,,,,,,,
,,,,,,,,3.6224422442244224e-07,2744,,,,,,,,
9,,,,,,,,,2744,0.0823381096124649,,,,,,,
,,,,,,,,3.6290429042904294e-07,2749,,,,,,,,
9,,,,,,,,,2749,0.0746515616774559,,,,,,,
,,,,,,,,3.6356435643564353e-07,2754,,,,,,,,
9,,,,,,,,,2754,0.07482418417930603,,,,,,,
,,,,,,,,3.6422442244224423e-07,2759,,,,,,,,
9,,,,,,,,,2759,0.1038694679737091,,,,,,,
,,,,,,,,3.648844884488448e-07,2764,,,,,,,,
9,,,,,,,,,2764,0.02409656159579754,,,,,,,
,,,,,,,,3.655445544554455e-07,2769,,,,,,,,
9,,,,,,,,,2769,0.08619660884141922,,,,,,,
,,,,,,,,3.662046204620462e-07,2774,,,,,,,,
9,,,,,,,,,2774,0.049585629254579544,,,,,,,
,,,,,,,,3.668646864686468e-07,2779,,,,,,,,
9,,,,,,,,,2779,0.05865101143717766,,,,,,,
,,,,,,,,3.675247524752475e-07,2784,,,,,,,,
9,,,,,,,,,2784,0.05407296493649483,,,,,,,
,,,,,,,,3.681848184818482e-07,2789,,,,,,,,
9,,,,,,,,,2789,0.09861690551042557,,,,,,,
,,,,,,,,3.688448844884488e-07,2794,,,,,,,,
9,,,,,,,,,2794,0.14433538913726807,,,,,,,
,,,,,,,,3.695049504950495e-07,2799,,,,,,,,
9,,,,,,,,,2799,0.08278647810220718,,,,,,,
,,,,,,,,3.7016501650165014e-07,2804,,,,,,,,
9,,,,,,,,,2804,0.06387417018413544,,,,,,,
,,,,,,,,3.708250825082508e-07,2809,,,,,,,,
9,,,,,,,,,2809,0.07275578379631042,,,,,,,
,,,,,,,,3.714851485148515e-07,2814,,,,,,,,
9,,,,,,,,,2814,0.041311394423246384,,,,,,,
,,,,,,,,3.7214521452145213e-07,2819,,,,,,,,
9,,,,,,,,,2819,0.05966231971979141,,,,,,,
,,,,,,,,3.7280528052805277e-07,2824,,,,,,,,
9,,,,,,,,,2824,0.12406797707080841,,,,,,,
,,,,,,,,3.7346534653465347e-07,2829,,,,,,,,
9,,,,,,,,,2829,0.10429646074771881,,,,,,,
,,,,,,,,3.741254125412541e-07,2834,,,,,,,,
9,,,,,,,,,2834,0.09028754383325577,,,,,,,
,,,,,,,,3.7478547854785476e-07,2839,,,,,,,,
9,,,,,,,,,2839,0.08471569418907166,,,,,,,
,,,,,,,,3.754455445544554e-07,2844,,,,,,,,
9,,,,,,,,,2844,0.12036558240652084,,,,,,,
,,,,,,,,3.761056105610561e-07,2849,,,,,,,,
9,,,,,,,,,2849,0.03806670382618904,,,,,,,
,,,,,,,,3.7676567656765675e-07,2854,,,,,,,,
9,,,,,,,,,2854,0.122251495718956,,,,,,,
,,,,,,,,3.774257425742574e-07,2859,,,,,,,,
9,,,,,,,,,2859,0.12007486075162888,,,,,,,
,,,,,,,,3.780858085808581e-07,2864,,,,,,,,
9,,,,,,,,,2864,0.15505395829677582,,,,,,,
,,,,,,,,3.7874587458745874e-07,2869,,,,,,,,
9,,,,,,,,,2869,0.09692921489477158,,,,,,,
,,,,,,,,3.794059405940594e-07,2874,,,,,,,,
9,,,,,,,,,2874,0.039545588195323944,,,,,,,
,,,,,,,,3.800660066006601e-07,2879,,,,,,,,
9,,,,,,,,,2879,0.04434502124786377,,,,,,,
,,,,,,,,3.8072607260726067e-07,2884,,,,,,,,
9,,,,,,,,,2884,0.1364423930644989,,,,,,,
,,,,,,,,3.8138613861386137e-07,2889,,,,,,,,
9,,,,,,,,,2889,0.07995159178972244,,,,,,,
,,,,,,,,3.8204620462046207e-07,2894,,,,,,,,
9,,,,,,,,,2894,0.05440225452184677,,,,,,,
,,,,,,,,3.8270627062706266e-07,2899,,,,,,,,
9,,,,,,,,,2899,0.12031946331262589,,,,,,,
,,,,,,,,3.8336633663366336e-07,2904,,,,,,,,
9,,,,,,,,,2904,0.0413178913295269,,,,,,,
,,,,,,,,3.8402640264026406e-07,2909,,,,,,,,
9,,,,,,,,,2909,0.09711515158414841,,,,,,,
,,,,,,,,3.8468646864686465e-07,2914,,,,,,,,
9,,,,,,,,,2914,0.06965304166078568,,,,,,,
,,,,,,,,3.8534653465346535e-07,2919,,,,,,,,
9,,,,,,,,,2919,0.10451982915401459,,,,,,,
,,,,,,,,3.8600660066006594e-07,2924,,,,,,,,
9,,,,,,,,,2924,0.09633282572031021,,,,,,,
,,,,,,,,3.8666666666666664e-07,2929,,,,,,,,
9,,,,,,,,,2929,0.07295455038547516,,,,,,,
,,,,,,,,3.8732673267326733e-07,2934,,,,,,,,
9,,,,,,,,,2934,0.08103036135435104,,,,,,,
,,,,,,,,3.879867986798679e-07,2939,,,,,,,,
9,,,,,,,,,2939,0.040699269622564316,,,,,,,
,,,,,,,,3.886468646864686e-07,2944,,,,,,,,
9,,,,,,,,,2944,0.037310875952243805,,,,,,,
,,,,,,,,3.893069306930693e-07,2949,,,,,,,,
9,,,,,,,,,2949,0.10422395914793015,,,,,,,
,,,,,,,,3.899669966996699e-07,2954,,,,,,,,
9,,,,,,,,,2954,0.10980663448572159,,,,,,,
,,,,,,,,3.906270627062706e-07,2959,,,,,,,,
9,,,,,,,,,2959,0.04367588832974434,,,,,,,
,,,,,,,,3.912871287128713e-07,2964,,,,,,,,
9,,,,,,,,,2964,0.03785296157002449,,,,,,,
,,,,,,,,3.919471947194719e-07,2969,,,,,,,,
9,,,,,,,,,2969,0.09402746707201004,,,,,,,
,,,,,,,,3.926072607260726e-07,2974,,,,,,,,
9,,,,,,,,,2974,0.0458434633910656,,,,,,,
,,,,,,,,3.9326732673267324e-07,2979,,,,,,,,
9,,,,,,,,,2979,0.03116839937865734,,,,,,,
,,,,,,,,3.939273927392739e-07,2984,,,,,,,,
9,,,,,,,,,2984,0.05566544830799103,,,,,,,
,,,,,,,,3.945874587458746e-07,2989,,,,,,,,
9,,,,,,,,,2989,0.09284140169620514,,,,,,,
,,,,,,,,3.9524752475247523e-07,2994,,,,,,,,
9,,,,,,,,,2994,0.1385795623064041,,,,,,,
,,,,,,,,3.959075907590759e-07,2999,,,,,,,,
9,,,,,,,,,2999,0.11700598895549774,,,,,,,
,,,,,,,,3.965676567656766e-07,3004,,,,,,,,
9,,,,,,,,,3004,0.09598738700151443,,,,,,,
,,,,,,,,3.972277227722772e-07,3009,,,,,,,,
9,,,,,,,,,3009,0.08875557780265808,,,,,,,
,,,,,,,,3.9788778877887786e-07,3014,,,,,,,,
9,,,,,,,,,3014,0.030770590528845787,,,,,,,
,,,,,,,,3.985478547854785e-07,3019,,,,,,,,
9,,,,,,,,,3019,0.1320618987083435,,,,,,,
,,,,,,,,3.992079207920792e-07,3024,,,,,,,,
9,,,,,,,,,3024,0.12335953116416931,,,,,,,
,,,,,,,,3.9986798679867985e-07,3029,,,,,,,,
9,,,,,,,,,3029,0.08878345042467117,,,,,,,
9,,,,,,,,,3029,0.0899752601981163,0.5687500238418579,0.6634146571159363,0.0899752601981163,0.05353400111198425,0.591304361820221,0.7555555701255798,0.0471237488090992
,,,,,,,,4.005280528052805e-07,3034,,,,,,,,
10,,,,,,,,,3034,0.07877787202596664,,,,,,,
,,,,,,,,4.011881188118812e-07,3039,,,,,,,,
10,,,,,,,,,3039,0.08137880265712738,,,,,,,
,,,,,,,,4.0184818481848184e-07,3044,,,,,,,,
10,,,,,,,,,3044,0.12882699072360992,,,,,,,
,,,,,,,,4.025082508250825e-07,3049,,,,,,,,
10,,,,,,,,,3049,0.057984791696071625,,,,,,,
,,,,,,,,4.031683168316832e-07,3054,,,,,,,,
10,,,,,,,,,3054,0.06953944265842438,,,,,,,
,,,,,,,,4.038283828382838e-07,3059,,,,,,,,
10,,,,,,,,,3059,0.04502992331981659,,,,,,,
,,,,,,,,4.044884488448845e-07,3064,,,,,,,,
10,,,,,,,,,3064,0.13118760287761688,,,,,,,
,,,,,,,,4.0514851485148517e-07,3069,,,,,,,,
10,,,,,,,,,3069,0.10118242353200912,,,,,,,
,,,,,,,,4.0580858085808576e-07,3074,,,,,,,,
10,,,,,,,,,3074,0.06614723801612854,,,,,,,
,,,,,,,,4.0646864686468646e-07,3079,,,,,,,,
10,,,,,,,,,3079,0.1357034146785736,,,,,,,
,,,,,,,,4.071287128712871e-07,3084,,,,,,,,
10,,,,,,,,,3084,0.0696796178817749,,,,,,,
,,,,,,,,4.0778877887788775e-07,3089,,,,,,,,
10,,,,,,,,,3089,0.10398174077272415,,,,,,,
,,,,,,,,4.0844884488448845e-07,3094,,,,,,,,
10,,,,,,,,,3094,0.12299660593271255,,,,,,,
,,,,,,,,4.0910891089108904e-07,3099,,,,,,,,
10,,,,,,,,,3099,0.11265917122364044,,,,,,,
,,,,,,,,4.0976897689768974e-07,3104,,,,,,,,
10,,,,,,,,,3104,0.08510004729032516,,,,,,,
,,,,,,,,4.1042904290429044e-07,3109,,,,,,,,
10,,,,,,,,,3109,0.056715644896030426,,,,,,,
,,,,,,,,4.1108910891089103e-07,3114,,,,,,,,
10,,,,,,,,,3114,0.10354704409837723,,,,,,,
,,,,,,,,4.1174917491749173e-07,3119,,,,,,,,
10,,,,,,,,,3119,0.0889519602060318,,,,,,,
,,,,,,,,4.124092409240924e-07,3124,,,,,,,,
10,,,,,,,,,3124,0.08856876939535141,,,,,,,
,,,,,,,,4.13069306930693e-07,3129,,,,,,,,
10,,,,,,,,,3129,0.0780472457408905,,,,,,,
,,,,,,,,4.137293729372937e-07,3134,,,,,,,,
10,,,,,,,,,3134,0.15759815275669098,,,,,,,
,,,,,,,,4.1438943894389436e-07,3139,,,,,,,,
10,,,,,,,,,3139,0.0856286957859993,,,,,,,
,,,,,,,,4.15049504950495e-07,3144,,,,,,,,
10,,,,,,,,,3144,0.09891454875469208,,,,,,,
,,,,,,,,4.157095709570957e-07,3149,,,,,,,,
10,,,,,,,,,3149,0.08035866916179657,,,,,,,
,,,,,,,,4.1636963696369635e-07,3154,,,,,,,,
10,,,,,,,,,3154,0.05156498774886131,,,,,,,
,,,,,,,,4.17029702970297e-07,3159,,,,,,,,
10,,,,,,,,,3159,0.02832111530005932,,,,,,,
,,,,,,,,4.176897689768977e-07,3164,,,,,,,,
10,,,,,,,,,3164,0.057027123868465424,,,,,,,
,,,,,,,,4.1834983498349834e-07,3169,,,,,,,,
10,,,,,,,,,3169,0.08175624161958694,,,,,,,
,,,,,,,,4.19009900990099e-07,3174,,,,,,,,
10,,,,,,,,,3174,0.10024131089448929,,,,,,,
,,,,,,,,4.196699669966997e-07,3179,,,,,,,,
10,,,,,,,,,3179,0.08018191903829575,,,,,,,
,,,,,,,,4.203300330033003e-07,3184,,,,,,,,
10,,,,,,,,,3184,0.09017791599035263,,,,,,,
,,,,,,,,4.2099009900990097e-07,3189,,,,,,,,
10,,,,,,,,,3189,0.07519251108169556,,,,,,,
,,,,,,,,4.216501650165016e-07,3194,,,,,,,,
10,,,,,,,,,3194,0.05585319548845291,,,,,,,
,,,,,,,,4.223102310231023e-07,3199,,,,,,,,
10,,,,,,,,,3199,0.0710086077451706,,,,,,,
,,,,,,,,4.2297029702970296e-07,3204,,,,,,,,
10,,,,,,,,,3204,0.03693930059671402,,,,,,,
,,,,,,,,4.236303630363036e-07,3209,,,,,,,,
10,,,,,,,,,3209,0.08708450198173523,,,,,,,
,,,,,,,,4.242904290429043e-07,3214,,,,,,,,
10,,,,,,,,,3214,0.09804418683052063,,,,,,,
,,,,,,,,4.2495049504950495e-07,3219,,,,,,,,
10,,,,,,,,,3219,0.05982008948922157,,,,,,,
,,,,,,,,4.256105610561056e-07,3224,,,,,,,,
10,,,,,,,,,3224,0.07618100941181183,,,,,,,
,,,,,,,,4.262706270627063e-07,3229,,,,,,,,
10,,,,,,,,,3229,0.10791206359863281,,,,,,,
,,,,,,,,4.269306930693069e-07,3234,,,,,,,,
10,,,,,,,,,3234,0.050372861325740814,,,,,,,
,,,,,,,,4.275907590759076e-07,3239,,,,,,,,
10,,,,,,,,,3239,0.048265453428030014,,,,,,,
,,,,,,,,4.282508250825082e-07,3244,,,,,,,,
10,,,,,,,,,3244,0.058793965727090836,,,,,,,
,,,,,,,,4.2891089108910887e-07,3249,,,,,,,,
10,,,,,,,,,3249,0.07087355107069016,,,,,,,
,,,,,,,,4.2957095709570957e-07,3254,,,,,,,,
10,,,,,,,,,3254,0.05583491176366806,,,,,,,
,,,,,,,,4.302310231023102e-07,3259,,,,,,,,
10,,,,,,,,,3259,0.12660443782806396,,,,,,,
,,,,,,,,4.3089108910891086e-07,3264,,,,,,,,
10,,,,,,,,,3264,0.10724659264087677,,,,,,,
,,,,,,,,4.3155115511551155e-07,3269,,,,,,,,
10,,,,,,,,,3269,0.0930507481098175,,,,,,,
,,,,,,,,4.3221122112211215e-07,3274,,,,,,,,
10,,,,,,,,,3274,0.09375505894422531,,,,,,,
,,,,,,,,4.3287128712871284e-07,3279,,,,,,,,
10,,,,,,,,,3279,0.06607522070407867,,,,,,,
,,,,,,,,4.3353135313531354e-07,3284,,,,,,,,
10,,,,,,,,,3284,0.019004249945282936,,,,,,,
,,,,,,,,4.3419141914191413e-07,3289,,,,,,,,
10,,,,,,,,,3289,0.0446384958922863,,,,,,,
,,,,,,,,4.3485148514851483e-07,3294,,,,,,,,
10,,,,,,,,,3294,0.15647457540035248,,,,,,,
,,,,,,,,4.3551155115511553e-07,3299,,,,,,,,
10,,,,,,,,,3299,0.07987121492624283,,,,,,,
,,,,,,,,4.361716171617161e-07,3304,,,,,,,,
10,,,,,,,,,3304,0.040738049894571304,,,,,,,
,,,,,,,,4.368316831683168e-07,3309,,,,,,,,
10,,,,,,,,,3309,0.05997522920370102,,,,,,,
,,,,,,,,4.3749174917491747e-07,3314,,,,,,,,
10,,,,,,,,,3314,0.09452368319034576,,,,,,,
,,,,,,,,4.381518151815181e-07,3319,,,,,,,,
10,,,,,,,,,3319,0.07163886725902557,,,,,,,
,,,,,,,,4.388118811881188e-07,3324,,,,,,,,
10,,,,,,,,,3324,0.07544131577014923,,,,,,,
,,,,,,,,4.3947194719471945e-07,3329,,,,,,,,
10,,,,,,,,,3329,0.04059311002492905,,,,,,,
10,,,,,,,,,3332,0.08835610002279282,0.5874999761581421,0.6666666865348816,0.08835610002279282,0.06997627764940262,0.6111111044883728,0.7333333492279053,0.06496363133192062
,,,,,,,,4.401320132013201e-07,3334,,,,,,,,
11,,,,,,,,,3334,0.03314831107854843,,,,,,,
,,,,,,,,4.407920792079208e-07,3339,,,,,,,,
11,,,,,,,,,3339,0.07467476278543472,,,,,,,
,,,,,,,,4.4145214521452144e-07,3344,,,,,,,,
11,,,,,,,,,3344,0.08157827705144882,,,,,,,
,,,,,,,,4.421122112211221e-07,3349,,,,,,,,
11,,,,,,,,,3349,0.09938891232013702,,,,,,,
,,,,,,,,4.4277227722772273e-07,3354,,,,,,,,
11,,,,,,,,,3354,0.15288889408111572,,,,,,,
,,,,,,,,4.4343234323432343e-07,3359,,,,,,,,
11,,,,,,,,,3359,0.027139082551002502,,,,,,,
,,,,,,,,4.440924092409241e-07,3364,,,,,,,,
11,,,,,,,,,3364,0.08496198058128357,,,,,,,
,,,,,,,,4.447524752475247e-07,3369,,,,,,,,
11,,,,,,,,,3369,0.07420818507671356,,,,,,,
,,,,,,,,4.454125412541254e-07,3374,,,,,,,,
11,,,,,,,,,3374,0.058080364018678665,,,,,,,
,,,,,,,,4.4607260726072606e-07,3379,,,,,,,,
11,,,,,,,,,3379,0.071140818297863,,,,,,,
,,,,,,,,4.467326732673267e-07,3384,,,,,,,,
11,,,,,,,,,3384,0.08258786797523499,,,,,,,
,,,,,,,,4.473927392739274e-07,3389,,,,,,,,
11,,,,,,,,,3389,0.06831299513578415,,,,,,,
,,,,,,,,4.48052805280528e-07,3394,,,,,,,,
11,,,,,,,,,3394,0.09924902766942978,,,,,,,
,,,,,,,,4.487128712871287e-07,3399,,,,,,,,
11,,,,,,,,,3399,0.0636950135231018,,,,,,,
,,,,,,,,4.4937293729372934e-07,3404,,,,,,,,
11,,,,,,,,,3404,0.07670377939939499,,,,,,,
,,,,,,,,4.5003300330033e-07,3409,,,,,,,,
11,,,,,,,,,3409,0.06457856297492981,,,,,,,
,,,,,,,,4.506930693069307e-07,3414,,,,,,,,
11,,,,,,,,,3414,0.07276235520839691,,,,,,,
,,,,,,,,4.5135313531353133e-07,3419,,,,,,,,
11,,,,,,,,,3419,0.06598719954490662,,,,,,,
,,,,,,,,4.5201320132013197e-07,3424,,,,,,,,
11,,,,,,,,,3424,0.09511110931634903,,,,,,,
,,,,,,,,4.5267326732673267e-07,3429,,,,,,,,
11,,,,,,,,,3429,0.10688582062721252,,,,,,,
,,,,,,,,4.5333333333333326e-07,3434,,,,,,,,
11,,,,,,,,,3434,0.10647876560688019,,,,,,,
,,,,,,,,4.5399339933993396e-07,3439,,,,,,,,
11,,,,,,,,,3439,0.0700594112277031,,,,,,,
,,,,,,,,4.5465346534653466e-07,3444,,,,,,,,
11,,,,,,,,,3444,0.05506952106952667,,,,,,,
,,,,,,,,4.5531353135313525e-07,3449,,,,,,,,
11,,,,,,,,,3449,0.09613028913736343,,,,,,,
,,,,,,,,4.5597359735973595e-07,3454,,,,,,,,
11,,,,,,,,,3454,0.10933994501829147,,,,,,,
,,,,,,,,4.5663366336633665e-07,3459,,,,,,,,
11,,,,,,,,,3459,0.1065317764878273,,,,,,,
,,,,,,,,4.5729372937293724e-07,3464,,,,,,,,
11,,,,,,,,,3464,0.048754360526800156,,,,,,,
,,,,,,,,4.5795379537953794e-07,3469,,,,,,,,
11,,,,,,,,,3469,0.07400587946176529,,,,,,,
,,,,,,,,4.5861386138613864e-07,3474,,,,,,,,
11,,,,,,,,,3474,0.09026425331830978,,,,,,,
,,,,,,,,4.5927392739273923e-07,3479,,,,,,,,
11,,,,,,,,,3479,0.0569193996489048,,,,,,,
,,,,,,,,4.599339933993399e-07,3484,,,,,,,,
11,,,,,,,,,3484,0.13462293148040771,,,,,,,
,,,,,,,,4.6059405940594057e-07,3489,,,,,,,,
11,,,,,,,,,3489,0.025761324912309647,,,,,,,
,,,,,,,,4.612541254125412e-07,3494,,,,,,,,
11,,,,,,,,,3494,0.0833173617720604,,,,,,,
,,,,,,,,4.619141914191419e-07,3499,,,,,,,,
11,,,,,,,,,3499,0.033149782568216324,,,,,,,
,,,,,,,,4.6257425742574256e-07,3504,,,,,,,,
11,,,,,,,,,3504,0.08454480767250061,,,,,,,
,,,,,,,,4.632343234323432e-07,3509,,,,,,,,
11,,,,,,,,,3509,0.07889299839735031,,,,,,,
,,,,,,,,4.638943894389439e-07,3514,,,,,,,,
11,,,,,,,,,3514,0.06436818838119507,,,,,,,
,,,,,,,,4.6455445544554455e-07,3519,,,,,,,,
11,,,,,,,,,3519,0.10465499758720398,,,,,,,
,,,,,,,,4.652145214521452e-07,3524,,,,,,,,
11,,,,,,,,,3524,0.09591204673051834,,,,,,,
,,,,,,,,4.6587458745874584e-07,3529,,,,,,,,
11,,,,,,,,,3529,0.08884740620851517,,,,,,,
,,,,,,,,4.6653465346534653e-07,3534,,,,,,,,
11,,,,,,,,,3534,0.10927934944629669,,,,,,,
,,,,,,,,4.671947194719472e-07,3539,,,,,,,,
11,,,,,,,,,3539,0.06172536313533783,,,,,,,
,,,,,,,,4.678547854785478e-07,3544,,,,,,,,
11,,,,,,,,,3544,0.013397403992712498,,,,,,,
,,,,,,,,4.685148514851485e-07,3549,,,,,,,,
11,,,,,,,,,3549,0.1028611958026886,,,,,,,
,,,,,,,,4.6917491749174917e-07,3554,,,,,,,,
11,,,,,,,,,3554,0.054698895663022995,,,,,,,
,,,,,,,,4.698349834983498e-07,3559,,,,,,,,
11,,,,,,,,,3559,0.06746843457221985,,,,,,,
,,,,,,,,4.7049504950495046e-07,3564,,,,,,,,
11,,,,,,,,,3564,0.04013830050826073,,,,,,,
,,,,,,,,4.711551155115511e-07,3569,,,,,,,,
11,,,,,,,,,3569,0.07234077155590057,,,,,,,
,,,,,,,,4.718151815181518e-07,3574,,,,,,,,
11,,,,,,,,,3574,0.037593960762023926,,,,,,,
,,,,,,,,4.7247524752475245e-07,3579,,,,,,,,
11,,,,,,,,,3579,0.08414371311664581,,,,,,,
,,,,,,,,4.731353135313531e-07,3584,,,,,,,,
11,,,,,,,,,3584,0.1499839872121811,,,,,,,
,,,,,,,,4.737953795379538e-07,3589,,,,,,,,
11,,,,,,,,,3589,0.10864652693271637,,,,,,,
,,,,,,,,4.7445544554455443e-07,3594,,,,,,,,
11,,,,,,,,,3594,0.06351574510335922,,,,,,,
,,,,,,,,4.751155115511551e-07,3599,,,,,,,,
11,,,,,,,,,3599,0.06603127717971802,,,,,,,
,,,,,,,,4.757755775577558e-07,3604,,,,,,,,
11,,,,,,,,,3604,0.07954701781272888,,,,,,,
,,,,,,,,4.7643564356435637e-07,3609,,,,,,,,
11,,,,,,,,,3609,0.07940788567066193,,,,,,,
,,,,,,,,4.770957095709571e-07,3614,,,,,,,,
11,,,,,,,,,3614,0.09595229476690292,,,,,,,
,,,,,,,,4.777557755775578e-07,3619,,,,,,,,
11,,,,,,,,,3619,0.053825538605451584,,,,,,,
,,,,,,,,4.784158415841584e-07,3624,,,,,,,,
11,,,,,,,,,3624,0.10244280844926834,,,,,,,
,,,,,,,,4.790759075907591e-07,3629,,,,,,,,
11,,,,,,,,,3629,0.07733572274446487,,,,,,,
,,,,,,,,4.797359735973597e-07,3634,,,,,,,,
11,,,,,,,,,3634,0.05001799389719963,,,,,,,
11,,,,,,,,,3635,0.0873519778251648,0.574999988079071,0.6530612111091614,0.0873519778251648,0.08525580912828445,0.6037735939025879,0.7111111283302307,0.08267151564359665
,,,,,,,,4.803960396039603e-07,3639,,,,,,,,
12,,,,,,,,,3639,0.076322540640831,,,,,,,
,,,,,,,,4.81056105610561e-07,3644,,,,,,,,
12,,,,,,,,,3644,0.16651318967342377,,,,,,,
,,,,,,,,4.817161716171617e-07,3649,,,,,,,,
12,,,,,,,,,3649,0.016386639326810837,,,,,,,
,,,,,,,,4.823762376237624e-07,3654,,,,,,,,
12,,,,,,,,,3654,0.10417874157428741,,,,,,,
,,,,,,,,4.83036303630363e-07,3659,,,,,,,,
12,,,,,,,,,3659,0.028094766661524773,,,,,,,
,,,,,,,,4.836963696369637e-07,3664,,,,,,,,
12,,,,,,,,,3664,0.06103060394525528,,,,,,,
,,,,,,,,4.843564356435643e-07,3669,,,,,,,,
12,,,,,,,,,3669,0.060096148401498795,,,,,,,
,,,,,,,,4.85016501650165e-07,3674,,,,,,,,
12,,,,,,,,,3674,0.11280142515897751,,,,,,,
,,,,,,,,4.856765676567657e-07,3679,,,,,,,,
12,,,,,,,,,3679,0.07342913746833801,,,,,,,
,,,,,,,,4.863366336633663e-07,3684,,,,,,,,
12,,,,,,,,,3684,0.034626301378011703,,,,,,,
,,,,,,,,4.86996699669967e-07,3689,,,,,,,,
12,,,,,,,,,3689,0.06750689446926117,,,,,,,
,,,,,,,,4.876567656765677e-07,3694,,,,,,,,
12,,,,,,,,,3694,0.06058277189731598,,,,,,,
,,,,,,,,4.883168316831683e-07,3699,,,,,,,,
12,,,,,,,,,3699,0.12854081392288208,,,,,,,
,,,,,,,,4.889768976897689e-07,3704,,,,,,,,
12,,,,,,,,,3704,0.08872426301240921,,,,,,,
,,,,,,,,4.896369636963696e-07,3709,,,,,,,,
12,,,,,,,,,3709,0.05606088414788246,,,,,,,
,,,,,,,,4.902970297029702e-07,3714,,,,,,,,
12,,,,,,,,,3714,0.10980259627103806,,,,,,,
,,,,,,,,4.90957095709571e-07,3719,,,,,,,,
12,,,,,,,,,3719,0.0889715701341629,,,,,,,
,,,,,,,,4.916171617161715e-07,3724,,,,,,,,
12,,,,,,,,,3724,0.02672983519732952,,,,,,,
,,,,,,,,4.922772277227723e-07,3729,,,,,,,,
12,,,,,,,,,3729,0.09392155706882477,,,,,,,
,,,,,,,,4.929372937293729e-07,3734,,,,,,,,
12,,,,,,,,,3734,0.09896006435155869,,,,,,,
,,,,,,,,4.935973597359736e-07,3739,,,,,,,,
12,,,,,,,,,3739,0.03852498531341553,,,,,,,
,,,,,,,,4.942574257425742e-07,3744,,,,,,,,
12,,,,,,,,,3744,0.045591313391923904,,,,,,,
,,,,,,,,4.94917491749175e-07,3749,,,,,,,,
12,,,,,,,,,3749,0.07157352566719055,,,,,,,
,,,,,,,,4.955775577557755e-07,3754,,,,,,,,
12,,,,,,,,,3754,0.10177575051784515,,,,,,,
,,,,,,,,4.962376237623762e-07,3759,,,,,,,,
12,,,,,,,,,3759,0.055883411318063736,,,,,,,
,,,,,,,,4.968976897689769e-07,3764,,,,,,,,
12,,,,,,,,,3764,0.09015882015228271,,,,,,,
,,,,,,,,4.975577557755775e-07,3769,,,,,,,,
12,,,,,,,,,3769,0.0839357003569603,,,,,,,
,,,,,,,,4.982178217821782e-07,3774,,,,,,,,
12,,,,,,,,,3774,0.04419051483273506,,,,,,,
,,,,,,,,4.988778877887788e-07,3779,,,,,,,,
12,,,,,,,,,3779,0.07850529253482819,,,,,,,
,,,,,,,,4.995379537953795e-07,3784,,,,,,,,
12,,,,,,,,,3784,0.07212406396865845,,,,,,,
,,,,,,,,5.001980198019802e-07,3789,,,,,,,,
12,,,,,,,,,3789,0.06284330040216446,,,,,,,
,,,,,,,,5.008580858085808e-07,3794,,,,,,,,
12,,,,,,,,,3794,0.06956540793180466,,,,,,,
,,,,,,,,5.015181518151815e-07,3799,,,,,,,,
12,,,,,,,,,3799,0.05696924030780792,,,,,,,
,,,,,,,,5.021782178217822e-07,3804,,,,,,,,
12,,,,,,,,,3804,0.08803040534257889,,,,,,,
,,,,,,,,5.028382838283828e-07,3809,,,,,,,,
12,,,,,,,,,3809,0.07582943141460419,,,,,,,
,,,,,,,,5.034983498349836e-07,3814,,,,,,,,
12,,,,,,,,,3814,0.07026508450508118,,,,,,,
,,,,,,,,5.041584158415841e-07,3819,,,,,,,,
12,,,,,,,,,3819,0.13598741590976715,,,,,,,
,,,,,,,,5.048184818481847e-07,3824,,,,,,,,
12,,,,,,,,,3824,0.060613587498664856,,,,,,,
,,,,,,,,5.054785478547855e-07,3829,,,,,,,,
12,,,,,,,,,3829,0.08076518774032593,,,,,,,
,,,,,,,,5.061386138613861e-07,3834,,,,,,,,
12,,,,,,,,,3834,0.10328269749879837,,,,,,,
,,,,,,,,5.067986798679868e-07,3839,,,,,,,,
12,,,,,,,,,3839,0.05932500213384628,,,,,,,
,,,,,,,,5.074587458745875e-07,3844,,,,,,,,
12,,,,,,,,,3844,0.04736854135990143,,,,,,,
,,,,,,,,5.081188118811881e-07,3849,,,,,,,,
12,,,,,,,,,3849,0.050730150192976,,,,,,,
,,,,,,,,5.087788778877887e-07,3854,,,,,,,,
12,,,,,,,,,3854,0.07044055312871933,,,,,,,
,,,,,,,,5.094389438943895e-07,3859,,,,,,,,
12,,,,,,,,,3859,0.05111515149474144,,,,,,,
,,,,,,,,5.100990099009901e-07,3864,,,,,,,,
12,,,,,,,,,3864,0.08381308615207672,,,,,,,
,,,,,,,,5.107590759075908e-07,3869,,,,,,,,
12,,,,,,,,,3869,0.04817730933427811,,,,,,,
,,,,,,,,5.114191419141914e-07,3874,,,,,,,,
12,,,,,,,,,3874,0.08862671256065369,,,,,,,
,,,,,,,,5.12079207920792e-07,3879,,,,,,,,
12,,,,,,,,,3879,0.1196550503373146,,,,,,,
,,,,,,,,5.127392739273927e-07,3884,,,,,,,,
12,,,,,,,,,3884,0.02882705070078373,,,,,,,
,,,,,,,,5.133993399339934e-07,3889,,,,,,,,
12,,,,,,,,,3889,0.06533399224281311,,,,,,,
,,,,,,,,5.140594059405941e-07,3894,,,,,,,,
12,,,,,,,,,3894,0.10193565487861633,,,,,,,
,,,,,,,,5.147194719471946e-07,3899,,,,,,,,
12,,,,,,,,,3899,0.054968468844890594,,,,,,,
,,,,,,,,5.153795379537954e-07,3904,,,,,,,,
12,,,,,,,,,3904,0.09065333753824234,,,,,,,
,,,,,,,,5.16039603960396e-07,3909,,,,,,,,
12,,,,,,,,,3909,0.13023999333381653,,,,,,,
,,,,,,,,5.166996699669967e-07,3914,,,,,,,,
12,,,,,,,,,3914,0.09264025092124939,,,,,,,
,,,,,,,,5.173597359735974e-07,3919,,,,,,,,
12,,,,,,,,,3919,0.0892249047756195,,,,,,,
,,,,,,,,5.180198019801981e-07,3924,,,,,,,,
12,,,,,,,,,3924,0.10361224412918091,,,,,,,
,,,,,,,,5.186798679867986e-07,3929,,,,,,,,
12,,,,,,,,,3929,0.07730914652347565,,,,,,,
,,,,,,,,5.193399339933994e-07,3934,,,,,,,,
12,,,,,,,,,3934,0.05795243754982948,,,,,,,
12,,,,,,,,,3938,0.086472287774086,0.574999988079071,0.6565656661987305,0.086472287774086,0.10275997966527939,0.6018518805503845,0.7222222089767456,0.11089061945676804
,,,,,,,,5.2e-07,3939,,,,,,,,
13,,,,,,,,,3939,0.054140448570251465,,,,,,,
,,,,,,,,5.206600660066006e-07,3944,,,,,,,,
13,,,,,,,,,3944,0.050254203379154205,,,,,,,
,,,,,,,,5.213201320132013e-07,3949,,,,,,,,
13,,,,,,,,,3949,0.08761166036128998,,,,,,,
,,,,,,,,5.219801980198019e-07,3954,,,,,,,,
13,,,,,,,,,3954,0.07064571976661682,,,,,,,
,,,,,,,,5.226402640264026e-07,3959,,,,,,,,
13,,,,,,,,,3959,0.07329453527927399,,,,,,,
,,,,,,,,5.233003300330032e-07,3964,,,,,,,,
13,,,,,,,,,3964,0.054447516798973083,,,,,,,
,,,,,,,,5.23960396039604e-07,3969,,,,,,,,
13,,,,,,,,,3969,0.12082935869693756,,,,,,,
,,,,,,,,5.246204620462046e-07,3974,,,,,,,,
13,,,,,,,,,3974,0.010306742042303085,,,,,,,
,,,,,,,,5.252805280528052e-07,3979,,,,,,,,
13,,,,,,,,,3979,0.12095645815134048,,,,,,,
,,,,,,,,5.259405940594059e-07,3984,,,,,,,,
13,,,,,,,,,3984,0.08500897884368896,,,,,,,
,,,,,,,,5.266006600660066e-07,3989,,,,,,,,
13,,,,,,,,,3989,0.029377490282058716,,,,,,,
,,,,,,,,5.272607260726072e-07,3994,,,,,,,,
13,,,,,,,,,3994,0.054188258945941925,,,,,,,
,,,,,,,,5.27920792079208e-07,3999,,,,,,,,
13,,,,,,,,,3999,0.08312272280454636,,,,,,,
,,,,,,,,5.285808580858086e-07,4004,,,,,,,,
13,,,,,,,,,4004,0.07703714817762375,,,,,,,
,,,,,,,,5.292409240924091e-07,4009,,,,,,,,
13,,,,,,,,,4009,0.10355084389448166,,,,,,,
,,,,,,,,5.299009900990099e-07,4014,,,,,,,,
13,,,,,,,,,4014,0.07258521020412445,,,,,,,
,,,,,,,,5.305610561056105e-07,4019,,,,,,,,
13,,,,,,,,,4019,0.07734843343496323,,,,,,,
,,,,,,,,5.312211221122112e-07,4024,,,,,,,,
13,,,,,,,,,4024,0.04032803699374199,,,,,,,
,,,,,,,,5.318811881188119e-07,4029,,,,,,,,
13,,,,,,,,,4029,0.06665103137493134,,,,,,,
,,,,,,,,5.325412541254125e-07,4034,,,,,,,,
13,,,,,,,,,4034,0.07342392206192017,,,,,,,
,,,,,,,,5.332013201320131e-07,4039,,,,,,,,
13,,,,,,,,,4039,0.044684238731861115,,,,,,,
,,,,,,,,5.338613861386139e-07,4044,,,,,,,,
13,,,,,,,,,4044,0.04652014374732971,,,,,,,
,,,,,,,,5.345214521452145e-07,4049,,,,,,,,
13,,,,,,,,,4049,0.1178017109632492,,,,,,,
,,,,,,,,5.351815181518152e-07,4054,,,,,,,,
13,,,,,,,,,4054,0.0626048669219017,,,,,,,
,,,,,,,,5.358415841584159e-07,4059,,,,,,,,
13,,,,,,,,,4059,0.04203726351261139,,,,,,,
,,,,,,,,5.365016501650164e-07,4064,,,,,,,,
13,,,,,,,,,4064,0.05563062056899071,,,,,,,
,,,,,,,,5.371617161716171e-07,4069,,,,,,,,
13,,,,,,,,,4069,0.07679645717144012,,,,,,,
,,,,,,,,5.378217821782178e-07,4074,,,,,,,,
13,,,,,,,,,4074,0.05164003744721413,,,,,,,
,,,,,,,,5.384818481848185e-07,4079,,,,,,,,
13,,,,,,,,,4079,0.06106742098927498,,,,,,,
,,,,,,,,5.391419141914191e-07,4084,,,,,,,,
13,,,,,,,,,4084,0.0771937444806099,,,,,,,
,,,,,,,,5.398019801980198e-07,4089,,,,,,,,
13,,,,,,,,,4089,0.032667726278305054,,,,,,,
,,,,,,,,5.404620462046204e-07,4094,,,,,,,,
13,,,,,,,,,4094,0.061685871332883835,,,,,,,
,,,,,,,,5.411221122112211e-07,4099,,,,,,,,
13,,,,,,,,,4099,0.09279650449752808,,,,,,,
,,,,,,,,5.417821782178218e-07,4104,,,,,,,,
13,,,,,,,,,4104,0.09928660839796066,,,,,,,
,,,,,,,,5.424422442244225e-07,4109,,,,,,,,
13,,,,,,,,,4109,0.07088514417409897,,,,,,,
,,,,,,,,5.43102310231023e-07,4114,,,,,,,,
13,,,,,,,,,4114,0.08005674928426743,,,,,,,
,,,,,,,,5.437623762376237e-07,4119,,,,,,,,
13,,,,,,,,,4119,0.06051233038306236,,,,,,,
,,,,,,,,5.444224422442244e-07,4124,,,,,,,,
13,,,,,,,,,4124,0.05013686791062355,,,,,,,
,,,,,,,,5.45082508250825e-07,4129,,,,,,,,
13,,,,,,,,,4129,0.05506780743598938,,,,,,,
,,,,,,,,5.457425742574258e-07,4134,,,,,,,,
13,,,,,,,,,4134,0.060815781354904175,,,,,,,
,,,,,,,,5.464026402640264e-07,4139,,,,,,,,
13,,,,,,,,,4139,0.045567311346530914,,,,,,,
,,,,,,,,5.47062706270627e-07,4144,,,,,,,,
13,,,,,,,,,4144,0.17944945394992828,,,,,,,
,,,,,,,,5.477227722772277e-07,4149,,,,,,,,
13,,,,,,,,,4149,0.08700504899024963,,,,,,,
,,,,,,,,5.483828382838284e-07,4154,,,,,,,,
13,,,,,,,,,4154,0.06715153157711029,,,,,,,
,,,,,,,,5.49042904290429e-07,4159,,,,,,,,
13,,,,,,,,,4159,0.08694401383399963,,,,,,,
,,,,,,,,5.497029702970298e-07,4164,,,,,,,,
13,,,,,,,,,4164,0.09051333367824554,,,,,,,
,,,,,,,,5.503630363036303e-07,4169,,,,,,,,
13,,,,,,,,,4169,0.07346995919942856,,,,,,,
,,,,,,,,5.51023102310231e-07,4174,,,,,,,,
13,,,,,,,,,4174,0.0863170400261879,,,,,,,
,,,,,,,,5.516831683168317e-07,4179,,,,,,,,
13,,,,,,,,,4179,0.06500934809446335,,,,,,,
,,,,,,,,5.523432343234323e-07,4184,,,,,,,,
13,,,,,,,,,4184,0.06669950485229492,,,,,,,
,,,,,,,,5.53003300330033e-07,4189,,,,,,,,
13,,,,,,,,,4189,0.030469652265310287,,,,,,,
,,,,,,,,5.536633663366336e-07,4194,,,,,,,,
13,,,,,,,,,4194,0.06334890425205231,,,,,,,
,,,,,,,,5.543234323432343e-07,4199,,,,,,,,
13,,,,,,,,,4199,0.06331492960453033,,,,,,,
,,,,,,,,5.549834983498349e-07,4204,,,,,,,,
13,,,,,,,,,4204,0.11662815511226654,,,,,,,
,,,,,,,,5.556435643564357e-07,4209,,,,,,,,
13,,,,,,,,,4209,0.0791015625,,,,,,,
,,,,,,,,5.563036303630363e-07,4214,,,,,,,,
13,,,,,,,,,4214,0.031522542238235474,,,,,,,
,,,,,,,,5.56963696369637e-07,4219,,,,,,,,
13,,,,,,,,,4219,0.07711683213710785,,,,,,,
,,,,,,,,5.576237623762376e-07,4224,,,,,,,,
13,,,,,,,,,4224,0.06590434163808823,,,,,,,
,,,,,,,,5.582838283828383e-07,4229,,,,,,,,
13,,,,,,,,,4229,0.04832003265619278,,,,,,,
,,,,,,,,5.589438943894389e-07,4234,,,,,,,,
13,,,,,,,,,4234,0.05638507753610611,,,,,,,
,,,,,,,,5.596039603960397e-07,4239,,,,,,,,
13,,,,,,,,,4239,0.030617421492934227,,,,,,,
13,,,,,,,,,4241,0.08619169145822525,0.5874999761581421,0.6764705777168274,0.08619169145822525,0.11823433637619019,0.6052631735801697,0.7666666507720947,0.1242910698056221
,,,,,,,,5.602640264026403e-07,4244,,,,,,,,
14,,,,,,,,,4244,0.07954578101634979,,,,,,,
,,,,,,,,5.609240924092408e-07,4249,,,,,,,,
14,,,,,,,,,4249,0.019702253863215446,,,,,,,
,,,,,,,,5.615841584158416e-07,4254,,,,,,,,
14,,,,,,,,,4254,0.05686302110552788,,,,,,,
,,,,,,,,5.622442244224422e-07,4259,,,,,,,,
14,,,,,,,,,4259,0.02685556188225746,,,,,,,
,,,,,,,,5.629042904290429e-07,4264,,,,,,,,
14,,,,,,,,,4264,0.03131154924631119,,,,,,,
,,,,,,,,5.635643564356435e-07,4269,,,,,,,,
14,,,,,,,,,4269,0.02389649488031864,,,,,,,
,,,,,,,,5.642244224422442e-07,4274,,,,,,,,
14,,,,,,,,,4274,0.07087679207324982,,,,,,,
,,,,,,,,5.648844884488448e-07,4279,,,,,,,,
14,,,,,,,,,4279,0.0696992576122284,,,,,,,
,,,,,,,,5.655445544554455e-07,4284,,,,,,,,
14,,,,,,,,,4284,0.04827866330742836,,,,,,,
,,,,,,,,5.662046204620462e-07,4289,,,,,,,,
14,,,,,,,,,4289,0.056332774460315704,,,,,,,
,,,,,,,,5.668646864686469e-07,4294,,,,,,,,
14,,,,,,,,,4294,0.08580697327852249,,,,,,,
,,,,,,,,5.675247524752475e-07,4299,,,,,,,,
14,,,,,,,,,4299,0.040342770516872406,,,,,,,
,,,,,,,,5.681848184818481e-07,4304,,,,,,,,
14,,,,,,,,,4304,0.09291839599609375,,,,,,,
,,,,,,,,5.688448844884488e-07,4309,,,,,,,,
14,,,,,,,,,4309,0.035214025527238846,,,,,,,
,,,,,,,,5.695049504950494e-07,4314,,,,,,,,
14,,,,,,,,,4314,0.0703575611114502,,,,,,,
,,,,,,,,5.701650165016502e-07,4319,,,,,,,,
14,,,,,,,,,4319,0.083008773624897,,,,,,,
,,,,,,,,5.708250825082508e-07,4324,,,,,,,,
14,,,,,,,,,4324,0.08743603527545929,,,,,,,
,,,,,,,,5.714851485148514e-07,4329,,,,,,,,
14,,,,,,,,,4329,0.04555681347846985,,,,,,,
,,,,,,,,5.721452145214521e-07,4334,,,,,,,,
14,,,,,,,,,4334,0.03424452245235443,,,,,,,
,,,,,,,,5.728052805280528e-07,4339,,,,,,,,
14,,,,,,,,,4339,0.07248607277870178,,,,,,,
,,,,,,,,5.734653465346534e-07,4344,,,,,,,,
14,,,,,,,,,4344,0.09378056228160858,,,,,,,
,,,,,,,,5.741254125412542e-07,4349,,,,,,,,
14,,,,,,,,,4349,0.07598637789487839,,,,,,,
,,,,,,,,5.747854785478548e-07,4354,,,,,,,,
14,,,,,,,,,4354,0.06745149940252304,,,,,,,
,,,,,,,,5.754455445544553e-07,4359,,,,,,,,
14,,,,,,,,,4359,0.03694750741124153,,,,,,,
,,,,,,,,5.761056105610561e-07,4364,,,,,,,,
14,,,,,,,,,4364,0.10341053456068039,,,,,,,
,,,,,,,,5.767656765676567e-07,4369,,,,,,,,
14,,,,,,,,,4369,0.10060564428567886,,,,,,,
,,,,,,,,5.774257425742574e-07,4374,,,,,,,,
14,,,,,,,,,4374,0.1114317774772644,,,,,,,
,,,,,,,,5.780858085808581e-07,4379,,,,,,,,
14,,,,,,,,,4379,0.057191599160432816,,,,,,,
,,,,,,,,5.787458745874587e-07,4384,,,,,,,,
14,,,,,,,,,4384,0.11330612003803253,,,,,,,
,,,,,,,,5.794059405940593e-07,4389,,,,,,,,
14,,,,,,,,,4389,0.10520950704813004,,,,,,,
,,,,,,,,5.800660066006601e-07,4394,,,,,,,,
14,,,,,,,,,4394,0.07770062237977982,,,,,,,
,,,,,,,,5.807260726072607e-07,4399,,,,,,,,
14,,,,,,,,,4399,0.025004122406244278,,,,,,,
,,,,,,,,5.813861386138614e-07,4404,,,,,,,,
14,,,,,,,,,4404,0.048387311398983,,,,,,,
,,,,,,,,5.82046204620462e-07,4409,,,,,,,,
14,,,,,,,,,4409,0.051115624606609344,,,,,,,
,,,,,,,,5.827062706270627e-07,4414,,,,,,,,
14,,,,,,,,,4414,0.0739772766828537,,,,,,,
,,,,,,,,5.833663366336633e-07,4419,,,,,,,,
14,,,,,,,,,4419,0.08596771955490112,,,,,,,
,,,,,,,,5.84026402640264e-07,4424,,,,,,,,
14,,,,,,,,,4424,0.06419505923986435,,,,,,,
,,,,,,,,5.846864686468647e-07,4429,,,,,,,,
14,,,,,,,,,4429,0.07275275886058807,,,,,,,
,,,,,,,,5.853465346534653e-07,4434,,,,,,,,
14,,,,,,,,,4434,0.06825070828199387,,,,,,,
,,,,,,,,5.86006600660066e-07,4439,,,,,,,,
14,,,,,,,,,4439,0.06722467392683029,,,,,,,
,,,,,,,,5.866666666666666e-07,4444,,,,,,,,
14,,,,,,,,,4444,0.04827909544110298,,,,,,,
,,,,,,,,5.873267326732673e-07,4449,,,,,,,,
14,,,,,,,,,4449,0.07086699455976486,,,,,,,
,,,,,,,,5.87986798679868e-07,4454,,,,,,,,
14,,,,,,,,,4454,0.03542495518922806,,,,,,,
,,,,,,,,5.886468646864687e-07,4459,,,,,,,,
14,,,,,,,,,4459,0.0968637466430664,,,,,,,
,,,,,,,,5.893069306930692e-07,4464,,,,,,,,
14,,,,,,,,,4464,0.08942338079214096,,,,,,,
,,,,,,,,5.8996699669967e-07,4469,,,,,,,,
14,,,,,,,,,4469,0.03255592659115791,,,,,,,
,,,,,,,,5.906270627062706e-07,4474,,,,,,,,
14,,,,,,,,,4474,0.03642377629876137,,,,,,,
,,,,,,,,5.912871287128712e-07,4479,,,,,,,,
14,,,,,,,,,4479,0.023180654272437096,,,,,,,
,,,,,,,,5.91947194719472e-07,4484,,,,,,,,
14,,,,,,,,,4484,0.055726271122694016,,,,,,,
,,,,,,,,5.926072607260725e-07,4489,,,,,,,,
14,,,,,,,,,4489,0.05258261784911156,,,,,,,
,,,,,,,,5.932673267326732e-07,4494,,,,,,,,
14,,,,,,,,,4494,0.03241204097867012,,,,,,,
,,,,,,,,5.939273927392739e-07,4499,,,,,,,,
14,,,,,,,,,4499,0.07694736868143082,,,,,,,
,,,,,,,,5.945874587458746e-07,4504,,,,,,,,
14,,,,,,,,,4504,0.10830987244844437,,,,,,,
,,,,,,,,5.952475247524752e-07,4509,,,,,,,,
14,,,,,,,,,4509,0.055938538163900375,,,,,,,
,,,,,,,,5.95907590759076e-07,4514,,,,,,,,
14,,,,,,,,,4514,0.06446196138858795,,,,,,,
,,,,,,,,5.965676567656765e-07,4519,,,,,,,,
14,,,,,,,,,4519,0.06640800833702087,,,,,,,
,,,,,,,,5.972277227722772e-07,4524,,,,,,,,
14,,,,,,,,,4524,0.0801204964518547,,,,,,,
,,,,,,,,5.978877887788779e-07,4529,,,,,,,,
14,,,,,,,,,4529,0.08383557200431824,,,,,,,
,,,,,,,,5.985478547854786e-07,4534,,,,,,,,
14,,,,,,,,,4534,0.03498801216483116,,,,,,,
,,,,,,,,5.992079207920792e-07,4539,,,,,,,,
14,,,,,,,,,4539,0.06249599531292915,,,,,,,
,,,,,,,,5.998679867986798e-07,4544,,,,,,,,
14,,,,,,,,,4544,0.11129634827375412,,,,,,,
14,,,,,,,,,4544,0.08542633801698685,0.5687500238418579,0.6567164063453674,0.08542633801698685,0.13283132016658783,0.5945945978164673,0.7333333492279053,0.13971690833568573
,,,,,,,,6.005280528052805e-07,4549,,,,,,,,
15,,,,,,,,,4549,0.06571705639362335,,,,,,,
,,,,,,,,6.011881188118811e-07,4554,,,,,,,,
15,,,,,,,,,4554,0.03263407573103905,,,,,,,
,,,,,,,,6.018481848184819e-07,4559,,,,,,,,
15,,,,,,,,,4559,0.047052521258592606,,,,,,,
,,,,,,,,6.025082508250825e-07,4564,,,,,,,,
15,,,,,,,,,4564,0.051358990371227264,,,,,,,
,,,,,,,,6.031683168316831e-07,4569,,,,,,,,
15,,,,,,,,,4569,0.05931467190384865,,,,,,,
,,,,,,,,6.038283828382838e-07,4574,,,,,,,,
15,,,,,,,,,4574,0.05386300012469292,,,,,,,
,,,,,,,,6.044884488448845e-07,4579,,,,,,,,
15,,,,,,,,,4579,0.1015896424651146,,,,,,,
,,,,,,,,6.051485148514851e-07,4584,,,,,,,,
15,,,,,,,,,4584,0.04613687843084335,,,,,,,
,,,,,,,,6.058085808580858e-07,4589,,,,,,,,
15,,,,,,,,,4589,0.04756283015012741,,,,,,,
,,,,,,,,6.064686468646865e-07,4594,,,,,,,,
15,,,,,,,,,4594,0.04605507478117943,,,,,,,
,,,,,,,,6.07128712871287e-07,4599,,,,,,,,
15,,,,,,,,,4599,0.03758632391691208,,,,,,,
,,,,,,,,6.077887788778877e-07,4604,,,,,,,,
15,,,,,,,,,4604,0.034615449607372284,,,,,,,
,,,,,,,,6.084488448844884e-07,4609,,,,,,,,
15,,,,,,,,,4609,0.05382172390818596,,,,,,,
,,,,,,,,6.091089108910891e-07,4614,,,,,,,,
15,,,,,,,,,4614,0.04987873136997223,,,,,,,
,,,,,,,,6.097689768976897e-07,4619,,,,,,,,
15,,,,,,,,,4619,0.05879887565970421,,,,,,,
,,,,,,,,6.104290429042904e-07,4624,,,,,,,,
15,,,,,,,,,4624,0.10121497511863708,,,,,,,
,,,,,,,,6.11089108910891e-07,4629,,,,,,,,
15,,,,,,,,,4629,0.028718721121549606,,,,,,,
,,,,,,,,6.117491749174917e-07,4634,,,,,,,,
15,,,,,,,,,4634,0.05364906042814255,,,,,,,
,,,,,,,,6.124092409240924e-07,4639,,,,,,,,
15,,,,,,,,,4639,0.0866955816745758,,,,,,,
,,,,,,,,6.130693069306931e-07,4644,,,,,,,,
15,,,,,,,,,4644,0.09851475805044174,,,,,,,
,,,,,,,,6.137293729372937e-07,4649,,,,,,,,
15,,,,,,,,,4649,0.07345987856388092,,,,,,,
,,,,,,,,6.143894389438944e-07,4654,,,,,,,,
15,,,,,,,,,4654,0.05802839249372482,,,,,,,
,,,,,,,,6.15049504950495e-07,4659,,,,,,,,
15,,,,,,,,,4659,0.050898030400276184,,,,,,,
,,,,,,,,6.157095709570956e-07,4664,,,,,,,,
15,,,,,,,,,4664,0.05837565287947655,,,,,,,
,,,,,,,,6.163696369636964e-07,4669,,,,,,,,
15,,,,,,,,,4669,0.06486011296510696,,,,,,,
,,,,,,,,6.17029702970297e-07,4674,,,,,,,,
15,,,,,,,,,4674,0.03190326318144798,,,,,,,
,,,,,,,,6.176897689768976e-07,4679,,,,,,,,
15,,,,,,,,,4679,0.0688912570476532,,,,,,,
,,,,,,,,6.183498349834983e-07,4684,,,,,,,,
15,,,,,,,,,4684,0.08152195066213608,,,,,,,
,,,,,,,,6.19009900990099e-07,4689,,,,,,,,
15,,,,,,,,,4689,0.047528836876153946,,,,,,,
,,,,,,,,6.196699669966996e-07,4694,,,,,,,,
15,,,,,,,,,4694,0.053567368537187576,,,,,,,
,,,,,,,,6.203300330033004e-07,4699,,,,,,,,
15,,,,,,,,,4699,0.07738527655601501,,,,,,,
,,,,,,,,6.209900990099009e-07,4704,,,,,,,,
15,,,,,,,,,4704,0.05073196813464165,,,,,,,
,,,,,,,,6.216501650165016e-07,4709,,,,,,,,
15,,,,,,,,,4709,0.05354698374867439,,,,,,,
,,,,,,,,6.223102310231023e-07,4714,,,,,,,,
15,,,,,,,,,4714,0.08718787878751755,,,,,,,
,,,,,,,,6.22970297029703e-07,4719,,,,,,,,
15,,,,,,,,,4719,0.07882875949144363,,,,,,,
,,,,,,,,6.236303630363036e-07,4724,,,,,,,,
15,,,,,,,,,4724,0.053859125822782516,,,,,,,
,,,,,,,,6.242904290429043e-07,4729,,,,,,,,
15,,,,,,,,,4729,0.10054876655340195,,,,,,,
,,,,,,,,6.249504950495049e-07,4734,,,,,,,,
15,,,,,,,,,4734,0.08126018941402435,,,,,,,
,,,,,,,,6.256105610561055e-07,4739,,,,,,,,
15,,,,,,,,,4739,0.050446439534425735,,,,,,,
,,,,,,,,6.262706270627063e-07,4744,,,,,,,,
15,,,,,,,,,4744,0.07722307741641998,,,,,,,
,,,,,,,,6.269306930693069e-07,4749,,,,,,,,
15,,,,,,,,,4749,0.047359757125377655,,,,,,,
,,,,,,,,6.275907590759076e-07,4754,,,,,,,,
15,,,,,,,,,4754,0.04398906230926514,,,,,,,
,,,,,,,,6.282508250825082e-07,4759,,,,,,,,
15,,,,,,,,,4759,0.12514331936836243,,,,,,,
,,,,,,,,6.289108910891089e-07,4764,,,,,,,,
15,,,,,,,,,4764,0.020155759528279305,,,,,,,
,,,,,,,,6.295709570957095e-07,4769,,,,,,,,
15,,,,,,,,,4769,0.04345082864165306,,,,,,,
,,,,,,,,6.302310231023103e-07,4774,,,,,,,,
15,,,,,,,,,4774,0.08701947331428528,,,,,,,
,,,,,,,,6.308910891089109e-07,4779,,,,,,,,
15,,,,,,,,,4779,0.03028472512960434,,,,,,,
,,,,,,,,6.315511551155114e-07,4784,,,,,,,,
15,,,,,,,,,4784,0.018530206754803658,,,,,,,
,,,,,,,,6.322112211221122e-07,4789,,,,,,,,
15,,,,,,,,,4789,0.055075425654649734,,,,,,,
,,,,,,,,6.328712871287128e-07,4794,,,,,,,,
15,,,,,,,,,4794,0.05349655821919441,,,,,,,
,,,,,,,,6.335313531353135e-07,4799,,,,,,,,
15,,,,,,,,,4799,0.04331554099917412,,,,,,,
,,,,,,,,6.341914191419142e-07,4804,,,,,,,,
15,,,,,,,,,4804,0.05803316459059715,,,,,,,
,,,,,,,,6.348514851485149e-07,4809,,,,,,,,
15,,,,,,,,,4809,0.03418714553117752,,,,,,,
,,,,,,,,6.355115511551154e-07,4814,,,,,,,,
15,,,,,,,,,4814,0.005109959747642279,,,,,,,
,,,,,,,,6.361716171617162e-07,4819,,,,,,,,
15,,,,,,,,,4819,0.0736389234662056,,,,,,,
,,,,,,,,6.368316831683168e-07,4824,,,,,,,,
15,,,,,,,,,4824,0.0525968037545681,,,,,,,
,,,,,,,,6.374917491749175e-07,4829,,,,,,,,
15,,,,,,,,,4829,0.08608382940292358,,,,,,,
,,,,,,,,6.381518151815182e-07,4834,,,,,,,,
15,,,,,,,,,4834,0.05645220726728439,,,,,,,
,,,,,,,,6.388118811881187e-07,4839,,,,,,,,
15,,,,,,,,,4839,0.02154834382236004,,,,,,,
,,,,,,,,6.394719471947194e-07,4844,,,,,,,,
15,,,,,,,,,4844,0.08730123937129974,,,,,,,
15,,,,,,,,,4847,0.08493025600910187,0.5874999761581421,0.6732673048973083,0.08493025600910187,0.14912916719913483,0.6071428656578064,0.7555555701255798,0.15216992795467377
,,,,,,,,6.401320132013201e-07,4849,,,,,,,,
16,,,,,,,,,4849,0.07070673257112503,,,,,,,
,,,,,,,,6.407920792079208e-07,4854,,,,,,,,
16,,,,,,,,,4854,0.05584367364645004,,,,,,,
,,,,,,,,6.414521452145214e-07,4859,,,,,,,,
16,,,,,,,,,4859,0.058127596974372864,,,,,,,
,,,,,,,,6.421122112211222e-07,4864,,,,,,,,
16,,,,,,,,,4864,0.041680581867694855,,,,,,,
,,,,,,,,6.427722772277227e-07,4869,,,,,,,,
16,,,,,,,,,4869,0.06208145245909691,,,,,,,
,,,,,,,,6.434323432343234e-07,4874,,,,,,,,
16,,,,,,,,,4874,0.05563650280237198,,,,,,,
,,,,,,,,6.440924092409241e-07,4879,,,,,,,,
16,,,,,,,,,4879,0.04381673410534859,,,,,,,
,,,,,,,,6.447524752475248e-07,4884,,,,,,,,
16,,,,,,,,,4884,0.022995328530669212,,,,,,,
,,,,,,,,6.454125412541254e-07,4889,,,,,,,,
16,,,,,,,,,4889,0.1062435582280159,,,,,,,
,,,,,,,,6.46072607260726e-07,4894,,,,,,,,
16,,,,,,,,,4894,0.05987256020307541,,,,,,,
,,,,,,,,6.467326732673267e-07,4899,,,,,,,,
16,,,,,,,,,4899,0.0626385286450386,,,,,,,
,,,,,,,,6.473927392739273e-07,4904,,,,,,,,
16,,,,,,,,,4904,0.09774397313594818,,,,,,,
,,,,,,,,6.48052805280528e-07,4909,,,,,,,,
16,,,,,,,,,4909,0.05520730838179588,,,,,,,
,,,,,,,,6.487128712871287e-07,4914,,,,,,,,
16,,,,,,,,,4914,0.10543759912252426,,,,,,,
,,,,,,,,6.493729372937293e-07,4919,,,,,,,,
16,,,,,,,,,4919,0.06582167744636536,,,,,,,
,,,,,,,,6.500330033003299e-07,4924,,,,,,,,
16,,,,,,,,,4924,0.07010702043771744,,,,,,,
,,,,,,,,6.506930693069307e-07,4929,,,,,,,,
16,,,,,,,,,4929,0.04015519097447395,,,,,,,
,,,,,,,,6.513531353135313e-07,4934,,,,,,,,
16,,,,,,,,,4934,0.014463836327195168,,,,,,,
,,,,,,,,6.52013201320132e-07,4939,,,,,,,,
16,,,,,,,,,4939,0.03706219047307968,,,,,,,
,,,,,,,,6.526732673267327e-07,4944,,,,,,,,
16,,,,,,,,,4944,0.03304620459675789,,,,,,,
,,,,,,,,6.533333333333333e-07,4949,,,,,,,,
16,,,,,,,,,4949,0.029291415587067604,,,,,,,
,,,,,,,,6.539933993399339e-07,4954,,,,,,,,
16,,,,,,,,,4954,0.05109769105911255,,,,,,,
,,,,,,,,6.546534653465347e-07,4959,,,,,,,,
16,,,,,,,,,4959,0.04192251339554787,,,,,,,
,,,,,,,,6.553135313531353e-07,4964,,,,,,,,
16,,,,,,,,,4964,0.08034813404083252,,,,,,,
,,,,,,,,6.559735973597359e-07,4969,,,,,,,,
16,,,,,,,,,4969,0.03865702822804451,,,,,,,
,,,,,,,,6.566336633663366e-07,4974,,,,,,,,
16,,,,,,,,,4974,0.09176111221313477,,,,,,,
,,,,,,,,6.572937293729372e-07,4979,,,,,,,,
16,,,,,,,,,4979,0.04540834203362465,,,,,,,
,,,,,,,,6.579537953795379e-07,4984,,,,,,,,
16,,,,,,,,,4984,0.10664290934801102,,,,,,,
,,,,,,,,6.586138613861386e-07,4989,,,,,,,,
16,,,,,,,,,4989,0.07546810060739517,,,,,,,
,,,,,,,,6.592739273927393e-07,4994,,,,,,,,
16,,,,,,,,,4994,0.09213186055421829,,,,,,,
,,,,,,,,6.599339933993398e-07,4999,,,,,,,,
16,,,,,,,,,4999,0.07689555734395981,,,,,,,
,,,,,,,,6.605940594059406e-07,5004,,,,,,,,
16,,,,,,,,,5004,0.012282295152544975,,,,,,,
,,,,,,,,6.612541254125412e-07,5009,,,,,,,,
16,,,,,,,,,5009,0.0640566423535347,,,,,,,
,,,,,,,,6.619141914191419e-07,5014,,,,,,,,
16,,,,,,,,,5014,0.04367475584149361,,,,,,,
,,,,,,,,6.625742574257426e-07,5019,,,,,,,,
16,,,,,,,,,5019,0.05534915626049042,,,,,,,
,,,,,,,,6.632343234323432e-07,5024,,,,,,,,
16,,,,,,,,,5024,0.08233495056629181,,,,,,,
,,,,,,,,6.638943894389438e-07,5029,,,,,,,,
16,,,,,,,,,5029,0.04140620678663254,,,,,,,
,,,,,,,,6.645544554455445e-07,5034,,,,,,,,
16,,,,,,,,,5034,0.03743194788694382,,,,,,,
,,,,,,,,6.652145214521452e-07,5039,,,,,,,,
16,,,,,,,,,5039,0.040860630571842194,,,,,,,
,,,,,,,,6.658745874587458e-07,5044,,,,,,,,
16,,,,,,,,,5044,0.08856123685836792,,,,,,,
,,,,,,,,6.665346534653466e-07,5049,,,,,,,,
16,,,,,,,,,5049,0.03997683525085449,,,,,,,
,,,,,,,,6.671947194719471e-07,5054,,,,,,,,
16,,,,,,,,,5054,0.04155248403549194,,,,,,,
,,,,,,,,6.678547854785478e-07,5059,,,,,,,,
16,,,,,,,,,5059,0.09620743244886398,,,,,,,
,,,,,,,,6.685148514851485e-07,5064,,,,,,,,
16,,,,,,,,,5064,0.04784582555294037,,,,,,,
,,,,,,,,6.691749174917492e-07,5069,,,,,,,,
16,,,,,,,,,5069,0.07993090152740479,,,,,,,
,,,,,,,,6.698349834983498e-07,5074,,,,,,,,
16,,,,,,,,,5074,0.02717946469783783,,,,,,,
,,,,,,,,6.704950495049506e-07,5079,,,,,,,,
16,,,,,,,,,5079,0.009693879634141922,,,,,,,
,,,,,,,,6.711551155115511e-07,5084,,,,,,,,
16,,,,,,,,,5084,0.11491639167070389,,,,,,,
,,,,,,,,6.718151815181517e-07,5089,,,,,,,,
16,,,,,,,,,5089,0.04614104703068733,,,,,,,
,,,,,,,,6.724752475247525e-07,5094,,,,,,,,
16,,,,,,,,,5094,0.05515872314572334,,,,,,,
,,,,,,,,6.731353135313531e-07,5099,,,,,,,,
16,,,,,,,,,5099,0.09293317794799805,,,,,,,
,,,,,,,,6.737953795379538e-07,5104,,,,,,,,
16,,,,,,,,,5104,0.025194386020302773,,,,,,,
,,,,,,,,6.744554455445544e-07,5109,,,,,,,,
16,,,,,,,,,5109,0.03620025888085365,,,,,,,
,,,,,,,,6.751155115511551e-07,5114,,,,,,,,
16,,,,,,,,,5114,0.08239921182394028,,,,,,,
,,,,,,,,6.757755775577557e-07,5119,,,,,,,,
16,,,,,,,,,5119,0.02608373388648033,,,,,,,
,,,,,,,,6.764356435643565e-07,5124,,,,,,,,
16,,,,,,,,,5124,0.04294215142726898,,,,,,,
,,,,,,,,6.770957095709571e-07,5129,,,,,,,,
16,,,,,,,,,5129,0.08401468396186829,,,,,,,
,,,,,,,,6.777557755775576e-07,5134,,,,,,,,
16,,,,,,,,,5134,0.054173994809389114,,,,,,,
,,,,,,,,6.784158415841584e-07,5139,,,,,,,,
16,,,,,,,,,5139,0.06245087459683418,,,,,,,
,,,,,,,,6.79075907590759e-07,5144,,,,,,,,
16,,,,,,,,,5144,0.057440418750047684,,,,,,,
,,,,,,,,6.797359735973597e-07,5149,,,,,,,,
16,,,,,,,,,5149,0.056227948516607285,,,,,,,
16,,,,,,,,,5150,0.08463259041309357,0.5687500238418579,0.6600984930992126,0.08463259041309357,0.16113364696502686,0.5929203629493713,0.7444444298744202,0.16453054547309875
,,,,,,,,6.803960396039604e-07,5154,,,,,,,,
17,,,,,,,,,5154,0.06852041929960251,,,,,,,
,,,,,,,,6.810561056105611e-07,5159,,,,,,,,
17,,,,,,,,,5159,0.020641248673200607,,,,,,,
,,,,,,,,6.817161716171616e-07,5164,,,,,,,,
17,,,,,,,,,5164,0.025813357904553413,,,,,,,
,,,,,,,,6.823762376237624e-07,5169,,,,,,,,
17,,,,,,,,,5169,0.08354239910840988,,,,,,,
,,,,,,,,6.83036303630363e-07,5174,,,,,,,,
17,,,,,,,,,5174,0.06480983644723892,,,,,,,
,,,,,,,,6.836963696369637e-07,5179,,,,,,,,
17,,,,,,,,,5179,0.09514079988002777,,,,,,,
,,,,,,,,6.843564356435644e-07,5184,,,,,,,,
17,,,,,,,,,5184,0.15383483469486237,,,,,,,
,,,,,,,,6.85016501650165e-07,5189,,,,,,,,
17,,,,,,,,,5189,0.03720866143703461,,,,,,,
,,,,,,,,6.856765676567656e-07,5194,,,,,,,,
17,,,,,,,,,5194,0.08655647933483124,,,,,,,
,,,,,,,,6.863366336633664e-07,5199,,,,,,,,
17,,,,,,,,,5199,0.03746680170297623,,,,,,,
,,,,,,,,6.86996699669967e-07,5204,,,,,,,,
17,,,,,,,,,5204,0.0840769112110138,,,,,,,
,,,,,,,,6.876567656765676e-07,5209,,,,,,,,
17,,,,,,,,,5209,0.012851697392761707,,,,,,,
,,,,,,,,6.883168316831682e-07,5214,,,,,,,,
17,,,,,,,,,5214,0.04429212957620621,,,,,,,
,,,,,,,,6.889768976897689e-07,5219,,,,,,,,
17,,,,,,,,,5219,0.107296884059906,,,,,,,
,,,,,,,,6.896369636963696e-07,5224,,,,,,,,
17,,,,,,,,,5224,0.03174768015742302,,,,,,,
,,,,,,,,6.902970297029702e-07,5229,,,,,,,,
17,,,,,,,,,5229,0.07910192757844925,,,,,,,
,,,,,,,,6.90957095709571e-07,5234,,,,,,,,
17,,,,,,,,,5234,0.02389286272227764,,,,,,,
,,,,,,,,6.916171617161716e-07,5239,,,,,,,,
17,,,,,,,,,5239,0.06623950600624084,,,,,,,
,,,,,,,,6.922772277227722e-07,5244,,,,,,,,
17,,,,,,,,,5244,0.039671532809734344,,,,,,,
,,,,,,,,6.929372937293729e-07,5249,,,,,,,,
17,,,,,,,,,5249,0.048935770988464355,,,,,,,
,,,,,,,,6.935973597359736e-07,5254,,,,,,,,
17,,,,,,,,,5254,0.09892380982637405,,,,,,,
,,,,,,,,6.942574257425742e-07,5259,,,,,,,,
17,,,,,,,,,5259,0.034715667366981506,,,,,,,
,,,,,,,,6.94917491749175e-07,5264,,,,,,,,
17,,,,,,,,,5264,0.0785033255815506,,,,,,,
,,,,,,,,6.955775577557755e-07,5269,,,,,,,,
17,,,,,,,,,5269,0.0860413983464241,,,,,,,
,,,,,,,,6.962376237623761e-07,5274,,,,,,,,
17,,,,,,,,,5274,0.021666308864951134,,,,,,,
,,,,,,,,6.968976897689769e-07,5279,,,,,,,,
17,,,,,,,,,5279,0.06256714463233948,,,,,,,
,,,,,,,,6.975577557755775e-07,5284,,,,,,,,
17,,,,,,,,,5284,0.02251640148460865,,,,,,,
,,,,,,,,6.982178217821782e-07,5289,,,,,,,,
17,,,,,,,,,5289,0.04369324445724487,,,,,,,
,,,,,,,,6.988778877887789e-07,5294,,,,,,,,
17,,,,,,,,,5294,0.06689760088920593,,,,,,,
,,,,,,,,6.995379537953795e-07,5299,,,,,,,,
17,,,,,,,,,5299,0.07545151561498642,,,,,,,
,,,,,,,,7.001980198019801e-07,5304,,,,,,,,
17,,,,,,,,,5304,0.052890609949827194,,,,,,,
,,,,,,,,7.008580858085809e-07,5309,,,,,,,,
17,,,,,,,,,5309,0.06369086354970932,,,,,,,
,,,,,,,,7.015181518151815e-07,5314,,,,,,,,
17,,,,,,,,,5314,0.0749385803937912,,,,,,,
,,,,,,,,7.021782178217821e-07,5319,,,,,,,,
17,,,,,,,,,5319,0.0854436531662941,,,,,,,
,,,,,,,,7.028382838283828e-07,5324,,,,,,,,
17,,,,,,,,,5324,0.07385644316673279,,,,,,,
,,,,,,,,7.034983498349834e-07,5329,,,,,,,,
17,,,,,,,,,5329,0.03544175624847412,,,,,,,
,,,,,,,,7.041584158415841e-07,5334,,,,,,,,
17,,,,,,,,,5334,0.033881258219480515,,,,,,,
,,,,,,,,7.048184818481848e-07,5339,,,,,,,,
17,,,,,,,,,5339,0.05774926394224167,,,,,,,
,,,,,,,,7.054785478547855e-07,5344,,,,,,,,
17,,,,,,,,,5344,0.06406938284635544,,,,,,,
,,,,,,,,7.06138613861386e-07,5349,,,,,,,,
17,,,,,,,,,5349,0.06589604914188385,,,,,,,
,,,,,,,,7.067986798679868e-07,5354,,,,,,,,
17,,,,,,,,,5354,0.07107783108949661,,,,,,,
,,,,,,,,7.074587458745874e-07,5359,,,,,,,,
17,,,,,,,,,5359,0.10457932204008102,,,,,,,
,,,,,,,,7.081188118811881e-07,5364,,,,,,,,
17,,,,,,,,,5364,0.07924117147922516,,,,,,,
,,,,,,,,7.087788778877888e-07,5369,,,,,,,,
17,,,,,,,,,5369,0.06574993580579758,,,,,,,
,,,,,,,,7.094389438943895e-07,5374,,,,,,,,
17,,,,,,,,,5374,0.07079796493053436,,,,,,,
,,,,,,,,7.1009900990099e-07,5379,,,,,,,,
17,,,,,,,,,5379,0.06795763224363327,,,,,,,
,,,,,,,,7.107590759075907e-07,5384,,,,,,,,
17,,,,,,,,,5384,0.04107547178864479,,,,,,,
,,,,,,,,7.114191419141914e-07,5389,,,,,,,,
17,,,,,,,,,5389,0.03584925830364227,,,,,,,
,,,,,,,,7.12079207920792e-07,5394,,,,,,,,
17,,,,,,,,,5394,0.06463828682899475,,,,,,,
,,,,,,,,7.127392739273928e-07,5399,,,,,,,,
17,,,,,,,,,5399,0.053462911397218704,,,,,,,
,,,,,,,,7.133993399339933e-07,5404,,,,,,,,
17,,,,,,,,,5404,0.05068536475300789,,,,,,,
,,,,,,,,7.14059405940594e-07,5409,,,,,,,,
17,,,,,,,,,5409,0.11341582238674164,,,,,,,
,,,,,,,,7.147194719471947e-07,5414,,,,,,,,
17,,,,,,,,,5414,0.10135963559150696,,,,,,,
,,,,,,,,7.153795379537954e-07,5419,,,,,,,,
17,,,,,,,,,5419,0.06580574810504913,,,,,,,
,,,,,,,,7.16039603960396e-07,5424,,,,,,,,
17,,,,,,,,,5424,0.08332996070384979,,,,,,,
,,,,,,,,7.166996699669968e-07,5429,,,,,,,,
17,,,,,,,,,5429,0.013557139784097672,,,,,,,
,,,,,,,,7.173597359735973e-07,5434,,,,,,,,
17,,,,,,,,,5434,0.06821003556251526,,,,,,,
,,,,,,,,7.18019801980198e-07,5439,,,,,,,,
17,,,,,,,,,5439,0.048072971403598785,,,,,,,
,,,,,,,,7.186798679867987e-07,5444,,,,,,,,
17,,,,,,,,,5444,0.06243932619690895,,,,,,,
,,,,,,,,7.193399339933993e-07,5449,,,,,,,,
17,,,,,,,,,5449,0.08283426612615585,,,,,,,
17,,,,,,,,,5453,0.08336619287729263,0.574999988079071,0.6565656661987305,0.08336619287729263,0.17734484374523163,0.6018518805503845,0.7222222089767456,0.18365223705768585
,,,,,,,,7.2e-07,5454,,,,,,,,
18,,,,,,,,,5454,0.015278554521501064,,,,,,,
,,,,,,,,7.206600660066006e-07,5459,,,,,,,,
18,,,,,,,,,5459,0.07936340570449829,,,,,,,
,,,,,,,,7.213201320132013e-07,5464,,,,,,,,
18,,,,,,,,,5464,0.026454081758856773,,,,,,,
,,,,,,,,7.219801980198019e-07,5469,,,,,,,,
18,,,,,,,,,5469,0.03866414725780487,,,,,,,
,,,,,,,,7.226402640264027e-07,5474,,,,,,,,
18,,,,,,,,,5474,0.0650547668337822,,,,,,,
,,,,,,,,7.233003300330033e-07,5479,,,,,,,,
18,,,,,,,,,5479,0.01998072676360607,,,,,,,
,,,,,,,,7.239603960396039e-07,5484,,,,,,,,
18,,,,,,,,,5484,0.025096548721194267,,,,,,,
,,,,,,,,7.246204620462046e-07,5489,,,,,,,,
18,,,,,,,,,5489,0.06471933424472809,,,,,,,
,,,,,,,,7.252805280528053e-07,5494,,,,,,,,
18,,,,,,,,,5494,0.03464502468705177,,,,,,,
,,,,,,,,7.259405940594059e-07,5499,,,,,,,,
18,,,,,,,,,5499,0.08255620300769806,,,,,,,
,,,,,,,,7.266006600660067e-07,5504,,,,,,,,
18,,,,,,,,,5504,0.03435143455862999,,,,,,,
,,,,,,,,7.272607260726073e-07,5509,,,,,,,,
18,,,,,,,,,5509,0.10513278096914291,,,,,,,
,,,,,,,,7.279207920792078e-07,5514,,,,,,,,
18,,,,,,,,,5514,0.05421419069170952,,,,,,,
,,,,,,,,7.285808580858086e-07,5519,,,,,,,,
18,,,,,,,,,5519,0.05871528014540672,,,,,,,
,,,,,,,,7.292409240924092e-07,5524,,,,,,,,
18,,,,,,,,,5524,0.04669497534632683,,,,,,,
,,,,,,,,7.299009900990099e-07,5529,,,,,,,,
18,,,,,,,,,5529,0.07851754873991013,,,,,,,
,,,,,,,,7.305610561056105e-07,5534,,,,,,,,
18,,,,,,,,,5534,0.0412142314016819,,,,,,,
,,,,,,,,7.312211221122112e-07,5539,,,,,,,,
18,,,,,,,,,5539,0.029034698382019997,,,,,,,
,,,,,,,,7.318811881188118e-07,5544,,,,,,,,
18,,,,,,,,,5544,0.09805469214916229,,,,,,,
,,,,,,,,7.325412541254125e-07,5549,,,,,,,,
18,,,,,,,,,5549,0.038515038788318634,,,,,,,
,,,,,,,,7.332013201320132e-07,5554,,,,,,,,
18,,,,,,,,,5554,0.06692193448543549,,,,,,,
,,,,,,,,7.338613861386139e-07,5559,,,,,,,,
18,,,,,,,,,5559,0.07734759896993637,,,,,,,
,,,,,,,,7.345214521452144e-07,5564,,,,,,,,
18,,,,,,,,,5564,0.029000312089920044,,,,,,,
,,,,,,,,7.351815181518151e-07,5569,,,,,,,,
18,,,,,,,,,5569,0.02972571551799774,,,,,,,
,,,,,,,,7.358415841584158e-07,5574,,,,,,,,
18,,,,,,,,,5574,0.08067087829113007,,,,,,,
,,,,,,,,7.365016501650164e-07,5579,,,,,,,,
18,,,,,,,,,5579,0.045580342411994934,,,,,,,
,,,,,,,,7.371617161716172e-07,5584,,,,,,,,
18,,,,,,,,,5584,0.06264666467905045,,,,,,,
,,,,,,,,7.378217821782178e-07,5589,,,,,,,,
18,,,,,,,,,5589,0.04165884107351303,,,,,,,
,,,,,,,,7.384818481848184e-07,5594,,,,,,,,
18,,,,,,,,,5594,0.06997890770435333,,,,,,,
,,,,,,,,7.391419141914191e-07,5599,,,,,,,,
18,,,,,,,,,5599,0.044568005949258804,,,,,,,
,,,,,,,,7.398019801980198e-07,5604,,,,,,,,
18,,,,,,,,,5604,0.060609787702560425,,,,,,,
,,,,,,,,7.404620462046204e-07,5609,,,,,,,,
18,,,,,,,,,5609,0.051924291998147964,,,,,,,
,,,,,,,,7.411221122112212e-07,5614,,,,,,,,
18,,,,,,,,,5614,0.07140468060970306,,,,,,,
,,,,,,,,7.417821782178217e-07,5619,,,,,,,,
18,,,,,,,,,5619,0.06751129031181335,,,,,,,
,,,,,,,,7.424422442244223e-07,5624,,,,,,,,
18,,,,,,,,,5624,0.02521592751145363,,,,,,,
,,,,,,,,7.431023102310231e-07,5629,,,,,,,,
18,,,,,,,,,5629,0.07704988867044449,,,,,,,
,,,,,,,,7.437623762376237e-07,5634,,,,,,,,
18,,,,,,,,,5634,0.01787400431931019,,,,,,,
,,,,,,,,7.444224422442244e-07,5639,,,,,,,,
18,,,,,,,,,5639,0.032768864184617996,,,,,,,
,,,,,,,,7.450825082508251e-07,5644,,,,,,,,
18,,,,,,,,,5644,0.09214852005243301,,,,,,,
,,,,,,,,7.457425742574257e-07,5649,,,,,,,,
18,,,,,,,,,5649,0.014972762204706669,,,,,,,
,,,,,,,,7.464026402640263e-07,5654,,,,,,,,
18,,,,,,,,,5654,0.045732371509075165,,,,,,,
,,,,,,,,7.470627062706271e-07,5659,,,,,,,,
18,,,,,,,,,5659,0.06269114464521408,,,,,,,
,,,,,,,,7.477227722772277e-07,5664,,,,,,,,
18,,,,,,,,,5664,0.02371673472225666,,,,,,,
,,,,,,,,7.483828382838284e-07,5669,,,,,,,,
18,,,,,,,,,5669,0.04948339983820915,,,,,,,
,,,,,,,,7.49042904290429e-07,5674,,,,,,,,
18,,,,,,,,,5674,0.12102367728948593,,,,,,,
,,,,,,,,7.497029702970296e-07,5679,,,,,,,,
18,,,,,,,,,5679,0.08236033469438553,,,,,,,
,,,,,,,,7.503630363036303e-07,5684,,,,,,,,
18,,,,,,,,,5684,0.026801791042089462,,,,,,,
,,,,,,,,7.51023102310231e-07,5689,,,,,,,,
18,,,,,,,,,5689,0.026694215834140778,,,,,,,
,,,,,,,,7.516831683168317e-07,5694,,,,,,,,
18,,,,,,,,,5694,0.03388945758342743,,,,,,,
,,,,,,,,7.523432343234322e-07,5699,,,,,,,,
18,,,,,,,,,5699,0.048177991062402725,,,,,,,
,,,,,,,,7.53003300330033e-07,5704,,,,,,,,
18,,,,,,,,,5704,0.025461524724960327,,,,,,,
,,,,,,,,7.536633663366336e-07,5709,,,,,,,,
18,,,,,,,,,5709,0.07018417865037918,,,,,,,
,,,,,,,,7.543234323432343e-07,5714,,,,,,,,
18,,,,,,,,,5714,0.03044610656797886,,,,,,,
,,,,,,,,7.54983498349835e-07,5719,,,,,,,,
18,,,,,,,,,5719,0.08174607157707214,,,,,,,
,,,,,,,,7.556435643564357e-07,5724,,,,,,,,
18,,,,,,,,,5724,0.05663786455988884,,,,,,,
,,,,,,,,7.563036303630362e-07,5729,,,,,,,,
18,,,,,,,,,5729,0.04619820415973663,,,,,,,
,,,,,,,,7.56963696369637e-07,5734,,,,,,,,
18,,,,,,,,,5734,0.056048739701509476,,,,,,,
,,,,,,,,7.576237623762376e-07,5739,,,,,,,,
18,,,,,,,,,5739,0.03157878294587135,,,,,,,
,,,,,,,,7.582838283828382e-07,5744,,,,,,,,
18,,,,,,,,,5744,0.10331542044878006,,,,,,,
,,,,,,,,7.58943894389439e-07,5749,,,,,,,,
18,,,,,,,,,5749,0.05995005741715431,,,,,,,
,,,,,,,,7.596039603960395e-07,5754,,,,,,,,
18,,,,,,,,,5754,0.09751681238412857,,,,,,,
18,,,,,,,,,5756,0.08297356963157654,0.5562499761581421,0.646766185760498,0.08297356963157654,0.19429558515548706,0.5855855941772461,0.7222222089767456,0.20140264928340912
,,,,,,,,7.602640264026402e-07,5759,,,,,,,,
19,,,,,,,,,5759,0.04616715386509895,,,,,,,
,,,,,,,,7.609240924092409e-07,5764,,,,,,,,
19,,,,,,,,,5764,0.0622730553150177,,,,,,,
,,,,,,,,7.615841584158416e-07,5769,,,,,,,,
19,,,,,,,,,5769,0.06753793358802795,,,,,,,
,,,,,,,,7.622442244224422e-07,5774,,,,,,,,
19,,,,,,,,,5774,0.049429893493652344,,,,,,,
,,,,,,,,7.629042904290429e-07,5779,,,,,,,,
19,,,,,,,,,5779,0.041709642857313156,,,,,,,
,,,,,,,,7.635643564356435e-07,5784,,,,,,,,
19,,,,,,,,,5784,0.0593109130859375,,,,,,,
,,,,,,,,7.642244224422442e-07,5789,,,,,,,,
19,,,,,,,,,5789,0.07040927559137344,,,,,,,
,,,,,,,,7.648844884488449e-07,5794,,,,,,,,
19,,,,,,,,,5794,0.10431299358606339,,,,,,,
,,,,,,,,7.655445544554456e-07,5799,,,,,,,,
19,,,,,,,,,5799,0.011869139969348907,,,,,,,
,,,,,,,,7.662046204620462e-07,5804,,,,,,,,
19,,,,,,,,,5804,0.07451781630516052,,,,,,,
,,,,,,,,7.668646864686468e-07,5809,,,,,,,,
19,,,,,,,,,5809,0.053100474178791046,,,,,,,
,,,,,,,,7.675247524752475e-07,5814,,,,,,,,
19,,,,,,,,,5814,0.07400383055210114,,,,,,,
,,,,,,,,7.681848184818481e-07,5819,,,,,,,,
19,,,,,,,,,5819,0.04593517258763313,,,,,,,
,,,,,,,,7.688448844884489e-07,5824,,,,,,,,
19,,,,,,,,,5824,0.04894986376166344,,,,,,,
,,,,,,,,7.695049504950495e-07,5829,,,,,,,,
19,,,,,,,,,5829,0.06174304336309433,,,,,,,
,,,,,,,,7.701650165016501e-07,5834,,,,,,,,
19,,,,,,,,,5834,0.040049128234386444,,,,,,,
,,,,,,,,7.708250825082508e-07,5839,,,,,,,,
19,,,,,,,,,5839,0.061236392706632614,,,,,,,
,,,,,,,,7.714851485148515e-07,5844,,,,,,,,
19,,,,,,,,,5844,0.07004982978105545,,,,,,,
,,,,,,,,7.721452145214521e-07,5849,,,,,,,,
19,,,,,,,,,5849,0.10998362302780151,,,,,,,
,,,,,,,,7.728052805280528e-07,5854,,,,,,,,
19,,,,,,,,,5854,0.053361088037490845,,,,,,,
,,,,,,,,7.734653465346534e-07,5859,,,,,,,,
19,,,,,,,,,5859,0.060894135385751724,,,,,,,
,,,,,,,,7.74125412541254e-07,5864,,,,,,,,
19,,,,,,,,,5864,0.04086143523454666,,,,,,,
,,,,,,,,7.747854785478547e-07,5869,,,,,,,,
19,,,,,,,,,5869,0.04179292172193527,,,,,,,
,,,,,,,,7.754455445544554e-07,5874,,,,,,,,
19,,,,,,,,,5874,0.053352415561676025,,,,,,,
,,,,,,,,7.761056105610561e-07,5879,,,,,,,,
19,,,,,,,,,5879,0.09743715822696686,,,,,,,
,,,,,,,,7.767656765676567e-07,5884,,,,,,,,
19,,,,,,,,,5884,0.04158112406730652,,,,,,,
,,,,,,,,7.774257425742574e-07,5889,,,,,,,,
19,,,,,,,,,5889,0.06344792991876602,,,,,,,
,,,,,,,,7.78085808580858e-07,5894,,,,,,,,
19,,,,,,,,,5894,0.059600748121738434,,,,,,,
,,,,,,,,7.787458745874587e-07,5899,,,,,,,,
19,,,,,,,,,5899,0.014458674006164074,,,,,,,
,,,,,,,,7.794059405940594e-07,5904,,,,,,,,
19,,,,,,,,,5904,0.03293163701891899,,,,,,,
,,,,,,,,7.800660066006601e-07,5909,,,,,,,,
19,,,,,,,,,5909,0.09474950283765793,,,,,,,
,,,,,,,,7.807260726072606e-07,5914,,,,,,,,
19,,,,,,,,,5914,0.02025946043431759,,,,,,,
,,,,,,,,7.813861386138614e-07,5919,,,,,,,,
19,,,,,,,,,5919,0.03123096004128456,,,,,,,
,,,,,,,,7.82046204620462e-07,5924,,,,,,,,
19,,,,,,,,,5924,0.06613104790449142,,,,,,,
,,,,,,,,7.827062706270626e-07,5929,,,,,,,,
19,,,,,,,,,5929,0.049830250442028046,,,,,,,
,,,,,,,,7.833663366336634e-07,5934,,,,,,,,
19,,,,,,,,,5934,0.04280662536621094,,,,,,,
,,,,,,,,7.84026402640264e-07,5939,,,,,,,,
19,,,,,,,,,5939,0.0791165679693222,,,,,,,
,,,,,,,,7.846864686468646e-07,5944,,,,,,,,
19,,,,,,,,,5944,0.03504098206758499,,,,,,,
,,,,,,,,7.853465346534653e-07,5949,,,,,,,,
19,,,,,,,,,5949,0.05039544031023979,,,,,,,
,,,,,,,,7.86006600660066e-07,5954,,,,,,,,
19,,,,,,,,,5954,0.07643532752990723,,,,,,,
,,,,,,,,7.866666666666666e-07,5959,,,,,,,,
19,,,,,,,,,5959,0.10264040529727936,,,,,,,
,,,,,,,,7.873267326732674e-07,5964,,,,,,,,
19,,,,,,,,,5964,0.04308423772454262,,,,,,,
,,,,,,,,7.879867986798679e-07,5969,,,,,,,,
19,,,,,,,,,5969,0.060316331684589386,,,,,,,
,,,,,,,,7.886468646864686e-07,5974,,,,,,,,
19,,,,,,,,,5974,0.023201333358883858,,,,,,,
,,,,,,,,7.893069306930693e-07,5979,,,,,,,,
19,,,,,,,,,5979,0.024553002789616585,,,,,,,
,,,,,,,,7.8996699669967e-07,5984,,,,,,,,
19,,,,,,,,,5984,0.03652119264006615,,,,,,,
,,,,,,,,7.906270627062706e-07,5989,,,,,,,,
19,,,,,,,,,5989,0.03720676526427269,,,,,,,
,,,,,,,,7.912871287128712e-07,5994,,,,,,,,
19,,,,,,,,,5994,0.07795780897140503,,,,,,,
,,,,,,,,7.919471947194719e-07,5999,,,,,,,,
19,,,,,,,,,5999,0.03445810824632645,,,,,,,
,,,,,,,,7.926072607260725e-07,6004,,,,,,,,
19,,,,,,,,,6004,0.05498895049095154,,,,,,,
,,,,,,,,7.932673267326733e-07,6009,,,,,,,,
19,,,,,,,,,6009,0.04935123026371002,,,,,,,
,,,,,,,,7.939273927392739e-07,6014,,,,,,,,
19,,,,,,,,,6014,0.06550845503807068,,,,,,,
,,,,,,,,7.945874587458746e-07,6019,,,,,,,,
19,,,,,,,,,6019,0.030888419598340988,,,,,,,
,,,,,,,,7.952475247524752e-07,6024,,,,,,,,
19,,,,,,,,,6024,0.04552294686436653,,,,,,,
,,,,,,,,7.959075907590759e-07,6029,,,,,,,,
19,,,,,,,,,6029,0.02491896040737629,,,,,,,
,,,,,,,,7.965676567656765e-07,6034,,,,,,,,
19,,,,,,,,,6034,0.03682570159435272,,,,,,,
,,,,,,,,7.972277227722773e-07,6039,,,,,,,,
19,,,,,,,,,6039,0.09078650921583176,,,,,,,
,,,,,,,,7.978877887788779e-07,6044,,,,,,,,
19,,,,,,,,,6044,0.05516263470053673,,,,,,,
,,,,,,,,7.985478547854784e-07,6049,,,,,,,,
19,,,,,,,,,6049,0.06631210446357727,,,,,,,
,,,,,,,,7.992079207920792e-07,6054,,,,,,,,
19,,,,,,,,,6054,0.027018796652555466,,,,,,,
,,,,,,,,7.998679867986798e-07,6059,,,,,,,,
19,,,,,,,,,6059,0.026349062100052834,,,,,,,
19,,,,,,,,,6059,0.08337344974279404,0.543749988079071,0.6439024209976196,0.08337344974279404,0.21040190756320953,0.573913037776947,0.7333333492279053,0.21360927820205688
,,,,,,,,8.005280528052805e-07,6064,,,,,,,,
20,,,,,,,,,6064,0.033213648945093155,,,,,,,
,,,,,,,,8.011881188118812e-07,6069,,,,,,,,
20,,,,,,,,,6069,0.04407864809036255,,,,,,,
,,,,,,,,8.018481848184818e-07,6074,,,,,,,,
20,,,,,,,,,6074,0.038166020065546036,,,,,,,
,,,,,,,,8.025082508250824e-07,6079,,,,,,,,
20,,,,,,,,,6079,0.03117075003683567,,,,,,,
,,,,,,,,8.031683168316832e-07,6084,,,,,,,,
20,,,,,,,,,6084,0.01972082629799843,,,,,,,
,,,,,,,,8.038283828382838e-07,6089,,,,,,,,
20,,,,,,,,,6089,0.029010606929659843,,,,,,,
,,,,,,,,8.044884488448845e-07,6094,,,,,,,,
20,,,,,,,,,6094,0.03309733048081398,,,,,,,
,,,,,,,,8.051485148514852e-07,6099,,,,,,,,
20,,,,,,,,,6099,0.05228239297866821,,,,,,,
,,,,,,,,8.058085808580857e-07,6104,,,,,,,,
20,,,,,,,,,6104,0.05312446132302284,,,,,,,
,,,,,,,,8.064686468646864e-07,6109,,,,,,,,
20,,,,,,,,,6109,0.05206434801220894,,,,,,,
,,,,,,,,8.071287128712871e-07,6114,,,,,,,,
20,,,,,,,,,6114,0.07202868908643723,,,,,,,
,,,,,,,,8.077887788778878e-07,6119,,,,,,,,
20,,,,,,,,,6119,0.05553010478615761,,,,,,,
,,,,,,,,8.084488448844884e-07,6124,,,,,,,,
20,,,,,,,,,6124,0.03174031898379326,,,,,,,
,,,,,,,,8.091089108910891e-07,6129,,,,,,,,
20,,,,,,,,,6129,0.018151244148612022,,,,,,,
,,,,,,,,8.097689768976897e-07,6134,,,,,,,,
20,,,,,,,,,6134,0.03991958871483803,,,,,,,
,,,,,,,,8.104290429042904e-07,6139,,,,,,,,
20,,,,,,,,,6139,0.059496160596609116,,,,,,,
,,,,,,,,8.110891089108911e-07,6144,,,,,,,,
20,,,,,,,,,6144,0.05329158529639244,,,,,,,
,,,,,,,,8.117491749174918e-07,6149,,,,,,,,
20,,,,,,,,,6149,0.024497216567397118,,,,,,,
,,,,,,,,8.124092409240923e-07,6154,,,,,,,,
20,,,,,,,,,6154,0.08456630259752274,,,,,,,
,,,,,,,,8.130693069306929e-07,6159,,,,,,,,
20,,,,,,,,,6159,0.023977531120181084,,,,,,,
,,,,,,,,8.137293729372937e-07,6164,,,,,,,,
20,,,,,,,,,6164,0.07303236424922943,,,,,,,
,,,,,,,,8.143894389438943e-07,6169,,,,,,,,
20,,,,,,,,,6169,0.05983061343431473,,,,,,,
,,,,,,,,8.15049504950495e-07,6174,,,,,,,,
20,,,,,,,,,6174,0.04029027000069618,,,,,,,
,,,,,,,,8.157095709570957e-07,6179,,,,,,,,
20,,,,,,,,,6179,0.03319288790225983,,,,,,,
,,,,,,,,8.163696369636963e-07,6184,,,,,,,,
20,,,,,,,,,6184,0.06015811860561371,,,,,,,
,,,,,,,,8.170297029702969e-07,6189,,,,,,,,
20,,,,,,,,,6189,0.02457684651017189,,,,,,,
,,,,,,,,8.176897689768977e-07,6194,,,,,,,,
20,,,,,,,,,6194,0.021459057927131653,,,,,,,
,,,,,,,,8.183498349834983e-07,6199,,,,,,,,
20,,,,,,,,,6199,0.014703880995512009,,,,,,,
,,,,,,,,8.19009900990099e-07,6204,,,,,,,,
20,,,,,,,,,6204,0.04578419402241707,,,,,,,
,,,,,,,,8.196699669966996e-07,6209,,,,,,,,
20,,,,,,,,,6209,0.051674697548151016,,,,,,,
,,,,,,,,8.203300330033003e-07,6214,,,,,,,,
20,,,,,,,,,6214,0.009086440317332745,,,,,,,
,,,,,,,,8.209900990099009e-07,6219,,,,,,,,
20,,,,,,,,,6219,0.020126301795244217,,,,,,,
,,,,,,,,8.216501650165016e-07,6224,,,,,,,,
20,,,,,,,,,6224,0.03164949268102646,,,,,,,
,,,,,,,,8.223102310231023e-07,6229,,,,,,,,
20,,,,,,,,,6229,0.04095812514424324,,,,,,,
,,,,,,,,8.229702970297029e-07,6234,,,,,,,,
20,,,,,,,,,6234,0.047927532345056534,,,,,,,
,,,,,,,,8.236303630363036e-07,6239,,,,,,,,
20,,,,,,,,,6239,0.06592007726430893,,,,,,,
,,,,,,,,8.242904290429042e-07,6244,,,,,,,,
20,,,,,,,,,6244,0.038005322217941284,,,,,,,
,,,,,,,,8.249504950495049e-07,6249,,,,,,,,
20,,,,,,,,,6249,0.04999886080622673,,,,,,,
,,,,,,,,8.256105610561056e-07,6254,,,,,,,,
20,,,,,,,,,6254,0.039409440010786057,,,,,,,
,,,,,,,,8.262706270627063e-07,6259,,,,,,,,
20,,,,,,,,,6259,0.0315137542784214,,,,,,,
,,,,,,,,8.269306930693068e-07,6264,,,,,,,,
20,,,,,,,,,6264,0.08135969191789627,,,,,,,
,,,,,,,,8.275907590759076e-07,6269,,,,,,,,
20,,,,,,,,,6269,0.05852750688791275,,,,,,,
,,,,,,,,8.282508250825082e-07,6274,,,,,,,,
20,,,,,,,,,6274,0.04564141482114792,,,,,,,
,,,,,,,,8.289108910891089e-07,6279,,,,,,,,
20,,,,,,,,,6279,0.049725376069545746,,,,,,,
,,,,,,,,8.295709570957096e-07,6284,,,,,,,,
20,,,,,,,,,6284,0.06368109583854675,,,,,,,
,,,,,,,,8.302310231023101e-07,6289,,,,,,,,
20,,,,,,,,,6289,0.08283936232328415,,,,,,,
,,,,,,,,8.308910891089108e-07,6294,,,,,,,,
20,,,,,,,,,6294,0.049588557332754135,,,,,,,
,,,,,,,,8.315511551155115e-07,6299,,,,,,,,
20,,,,,,,,,6299,0.1024949699640274,,,,,,,
,,,,,,,,8.322112211221122e-07,6304,,,,,,,,
20,,,,,,,,,6304,0.033005259931087494,,,,,,,
,,,,,,,,8.328712871287128e-07,6309,,,,,,,,
20,,,,,,,,,6309,0.07445082068443298,,,,,,,
,,,,,,,,8.335313531353136e-07,6314,,,,,,,,
20,,,,,,,,,6314,0.04126318544149399,,,,,,,
,,,,,,,,8.341914191419141e-07,6319,,,,,,,,
20,,,,,,,,,6319,0.06342258304357529,,,,,,,
,,,,,,,,8.348514851485148e-07,6324,,,,,,,,
20,,,,,,,,,6324,0.045744653791189194,,,,,,,
,,,,,,,,8.355115511551155e-07,6329,,,,,,,,
20,,,,,,,,,6329,0.08706981688737869,,,,,,,
,,,,,,,,8.361716171617162e-07,6334,,,,,,,,
20,,,,,,,,,6334,0.05670996010303497,,,,,,,
,,,,,,,,8.368316831683168e-07,6339,,,,,,,,
20,,,,,,,,,6339,0.07301639765501022,,,,,,,
,,,,,,,,8.374917491749174e-07,6344,,,,,,,,
20,,,,,,,,,6344,0.04785913601517677,,,,,,,
,,,,,,,,8.381518151815181e-07,6349,,,,,,,,
20,,,,,,,,,6349,0.03594507649540901,,,,,,,
,,,,,,,,8.388118811881187e-07,6354,,,,,,,,
20,,,,,,,,,6354,0.021313264966011047,,,,,,,
,,,,,,,,8.394719471947195e-07,6359,,,,,,,,
20,,,,,,,,,6359,0.04007718712091446,,,,,,,
20,,,,,,,,,6362,0.08236230909824371,0.550000011920929,0.6504854559898376,0.08236230909824371,0.23030513525009155,0.5775862336158752,0.7444444298744202,0.23302431404590607
,,,,,,,,8.401320132013201e-07,6364,,,,,,,,
21,,,,,,,,,6364,0.018954236060380936,,,,,,,
,,,,,,,,8.407920792079207e-07,6369,,,,,,,,
21,,,,,,,,,6369,0.028815822675824165,,,,,,,
,,,,,,,,8.414521452145214e-07,6374,,,,,,,,
21,,,,,,,,,6374,0.07243652641773224,,,,,,,
,,,,,,,,8.421122112211221e-07,6379,,,,,,,,
21,,,,,,,,,6379,0.07464001327753067,,,,,,,
,,,,,,,,8.427722772277227e-07,6384,,,,,,,,
21,,,,,,,,,6384,0.06143125519156456,,,,,,,
,,,,,,,,8.434323432343235e-07,6389,,,,,,,,
21,,,,,,,,,6389,0.028794292360544205,,,,,,,
,,,,,,,,8.440924092409241e-07,6394,,,,,,,,
21,,,,,,,,,6394,0.025089439004659653,,,,,,,
,,,,,,,,8.447524752475246e-07,6399,,,,,,,,
21,,,,,,,,,6399,0.03374744579195976,,,,,,,
,,,,,,,,8.454125412541254e-07,6404,,,,,,,,
21,,,,,,,,,6404,0.05266202986240387,,,,,,,
,,,,,,,,8.46072607260726e-07,6409,,,,,,,,
21,,,,,,,,,6409,0.10902387648820877,,,,,,,
,,,,,,,,8.467326732673267e-07,6414,,,,,,,,
21,,,,,,,,,6414,0.027059435844421387,,,,,,,
,,,,,,,,8.473927392739274e-07,6419,,,,,,,,
21,,,,,,,,,6419,0.05424518138170242,,,,,,,
,,,,,,,,8.48052805280528e-07,6424,,,,,,,,
21,,,,,,,,,6424,0.03339723125100136,,,,,,,
,,,,,,,,8.487128712871286e-07,6429,,,,,,,,
21,,,,,,,,,6429,0.037854358553886414,,,,,,,
,,,,,,,,8.493729372937294e-07,6434,,,,,,,,
21,,,,,,,,,6434,0.03518553078174591,,,,,,,
,,,,,,,,8.5003300330033e-07,6439,,,,,,,,
21,,,,,,,,,6439,0.08904943615198135,,,,,,,
,,,,,,,,8.506930693069307e-07,6444,,,,,,,,
21,,,,,,,,,6444,0.022739237174391747,,,,,,,
,,,,,,,,8.513531353135314e-07,6449,,,,,,,,
21,,,,,,,,,6449,0.02905680052936077,,,,,,,
,,,,,,,,8.52013201320132e-07,6454,,,,,,,,
21,,,,,,,,,6454,0.017290357500314713,,,,,,,
,,,,,,,,8.526732673267326e-07,6459,,,,,,,,
21,,,,,,,,,6459,0.024636557325720787,,,,,,,
,,,,,,,,8.533333333333334e-07,6464,,,,,,,,
21,,,,,,,,,6464,0.03593491390347481,,,,,,,
,,,,,,,,8.53993399339934e-07,6469,,,,,,,,
21,,,,,,,,,6469,0.042005505412817,,,,,,,
,,,,,,,,8.546534653465346e-07,6474,,,,,,,,
21,,,,,,,,,6474,0.047456055879592896,,,,,,,
,,,,,,,,8.553135313531352e-07,6479,,,,,,,,
21,,,,,,,,,6479,0.06565278023481369,,,,,,,
,,,,,,,,8.559735973597359e-07,6484,,,,,,,,
21,,,,,,,,,6484,0.042050182819366455,,,,,,,
,,,,,,,,8.566336633663366e-07,6489,,,,,,,,
21,,,,,,,,,6489,0.04006783664226532,,,,,,,
,,,,,,,,8.572937293729372e-07,6494,,,,,,,,
21,,,,,,,,,6494,0.023239443078637123,,,,,,,
,,,,,,,,8.57953795379538e-07,6499,,,,,,,,
21,,,,,,,,,6499,0.043435852974653244,,,,,,,
,,,,,,,,8.586138613861385e-07,6504,,,,,,,,
21,,,,,,,,,6504,0.044525712728500366,,,,,,,
,,,,,,,,8.592739273927392e-07,6509,,,,,,,,
21,,,,,,,,,6509,0.041562777012586594,,,,,,,
,,,,,,,,8.599339933993399e-07,6514,,,,,,,,
21,,,,,,,,,6514,0.06369230896234512,,,,,,,
,,,,,,,,8.605940594059406e-07,6519,,,,,,,,
21,,,,,,,,,6519,0.03901045769453049,,,,,,,
,,,,,,,,8.612541254125412e-07,6524,,,,,,,,
21,,,,,,,,,6524,0.017120035365223885,,,,,,,
,,,,,,,,8.61914191419142e-07,6529,,,,,,,,
21,,,,,,,,,6529,0.0671931579709053,,,,,,,
,,,,,,,,8.625742574257425e-07,6534,,,,,,,,
21,,,,,,,,,6534,0.031568776816129684,,,,,,,
,,,,,,,,8.632343234323431e-07,6539,,,,,,,,
21,,,,,,,,,6539,0.033797889947891235,,,,,,,
,,,,,,,,8.638943894389439e-07,6544,,,,,,,,
21,,,,,,,,,6544,0.03346843644976616,,,,,,,
,,,,,,,,8.645544554455445e-07,6549,,,,,,,,
21,,,,,,,,,6549,0.047551337629556656,,,,,,,
,,,,,,,,8.652145214521452e-07,6554,,,,,,,,
21,,,,,,,,,6554,0.05771618336439133,,,,,,,
,,,,,,,,8.658745874587458e-07,6559,,,,,,,,
21,,,,,,,,,6559,0.03238450735807419,,,,,,,
,,,,,,,,8.665346534653465e-07,6564,,,,,,,,
21,,,,,,,,,6564,0.06626267731189728,,,,,,,
,,,,,,,,8.671947194719471e-07,6569,,,,,,,,
21,,,,,,,,,6569,0.04434811323881149,,,,,,,
,,,,,,,,8.678547854785479e-07,6574,,,,,,,,
21,,,,,,,,,6574,0.05869884788990021,,,,,,,
,,,,,,,,8.685148514851485e-07,6579,,,,,,,,
21,,,,,,,,,6579,0.04252491891384125,,,,,,,
,,,,,,,,8.69174917491749e-07,6584,,,,,,,,
21,,,,,,,,,6584,0.01781080663204193,,,,,,,
,,,,,,,,8.698349834983498e-07,6589,,,,,,,,
21,,,,,,,,,6589,0.0725003182888031,,,,,,,
,,,,,,,,8.704950495049504e-07,6594,,,,,,,,
21,,,,,,,,,6594,0.06311056762933731,,,,,,,
,,,,,,,,8.711551155115511e-07,6599,,,,,,,,
21,,,,,,,,,6599,0.0184998270124197,,,,,,,
,,,,,,,,8.718151815181518e-07,6604,,,,,,,,
21,,,,,,,,,6604,0.05607271194458008,,,,,,,
,,,,,,,,8.724752475247525e-07,6609,,,,,,,,
21,,,,,,,,,6609,0.05456066131591797,,,,,,,
,,,,,,,,8.73135313531353e-07,6614,,,,,,,,
21,,,,,,,,,6614,0.05133974924683571,,,,,,,
,,,,,,,,8.737953795379538e-07,6619,,,,,,,,
21,,,,,,,,,6619,0.025099201127886772,,,,,,,
,,,,,,,,8.744554455445544e-07,6624,,,,,,,,
21,,,,,,,,,6624,0.05215954780578613,,,,,,,
,,,,,,,,8.751155115511551e-07,6629,,,,,,,,
21,,,,,,,,,6629,0.012863756157457829,,,,,,,
,,,,,,,,8.757755775577558e-07,6634,,,,,,,,
21,,,,,,,,,6634,0.03656423091888428,,,,,,,
,,,,,,,,8.764356435643564e-07,6639,,,,,,,,
21,,,,,,,,,6639,0.10232937335968018,,,,,,,
,,,,,,,,8.77095709570957e-07,6644,,,,,,,,
21,,,,,,,,,6644,0.011106234043836594,,,,,,,
,,,,,,,,8.777557755775577e-07,6649,,,,,,,,
21,,,,,,,,,6649,0.04885178431868553,,,,,,,
,,,,,,,,8.784158415841584e-07,6654,,,,,,,,
21,,,,,,,,,6654,0.06041174754500389,,,,,,,
,,,,,,,,8.79075907590759e-07,6659,,,,,,,,
21,,,,,,,,,6659,0.01813349686563015,,,,,,,
,,,,,,,,8.797359735973598e-07,6664,,,,,,,,
21,,,,,,,,,6664,0.037983302026987076,,,,,,,
21,,,,,,,,,6665,0.08135657012462616,0.543749988079071,0.6403940916061401,0.08135657012462616,0.24868151545524597,0.5752212405204773,0.7222222089767456,0.23495730757713318
,,,,,,,,8.803960396039603e-07,6669,,,,,,,,
22,,,,,,,,,6669,0.015546941198408604,,,,,,,
,,,,,,,,8.81056105610561e-07,6674,,,,,,,,
22,,,,,,,,,6674,0.04758867621421814,,,,,,,
,,,,,,,,8.817161716171617e-07,6679,,,,,,,,
22,,,,,,,,,6679,0.02992105670273304,,,,,,,
,,,,,,,,8.823762376237624e-07,6684,,,,,,,,
22,,,,,,,,,6684,0.031177759170532227,,,,,,,
,,,,,,,,8.83036303630363e-07,6689,,,,,,,,
22,,,,,,,,,6689,0.022806700319051743,,,,,,,
,,,,,,,,8.836963696369637e-07,6694,,,,,,,,
22,,,,,,,,,6694,0.017491871491074562,,,,,,,
,,,,,,,,8.843564356435643e-07,6699,,,,,,,,
22,,,,,,,,,6699,0.025706235319375992,,,,,,,
,,,,,,,,8.850165016501649e-07,6704,,,,,,,,
22,,,,,,,,,6704,0.05639299005270004,,,,,,,
,,,,,,,,8.856765676567657e-07,6709,,,,,,,,
22,,,,,,,,,6709,0.05023324489593506,,,,,,,
,,,,,,,,8.863366336633663e-07,6714,,,,,,,,
22,,,,,,,,,6714,0.03380540758371353,,,,,,,
,,,,,,,,8.869966996699669e-07,6719,,,,,,,,
22,,,,,,,,,6719,0.045557498931884766,,,,,,,
,,,,,,,,8.876567656765676e-07,6724,,,,,,,,
22,,,,,,,,,6724,0.04460059478878975,,,,,,,
,,,,,,,,8.883168316831683e-07,6729,,,,,,,,
22,,,,,,,,,6729,0.026283225044608116,,,,,,,
,,,,,,,,8.889768976897689e-07,6734,,,,,,,,
22,,,,,,,,,6734,0.03290698677301407,,,,,,,
,,,,,,,,8.896369636963697e-07,6739,,,,,,,,
22,,,,,,,,,6739,0.024826157838106155,,,,,,,
,,,,,,,,8.902970297029703e-07,6744,,,,,,,,
22,,,,,,,,,6744,0.03762301430106163,,,,,,,
,,,,,,,,8.909570957095709e-07,6749,,,,,,,,
22,,,,,,,,,6749,0.013931911438703537,,,,,,,
,,,,,,,,8.916171617161716e-07,6754,,,,,,,,
22,,,,,,,,,6754,0.05480467900633812,,,,,,,
,,,,,,,,8.922772277227723e-07,6759,,,,,,,,
22,,,,,,,,,6759,0.038632240146398544,,,,,,,
,,,,,,,,8.929372937293729e-07,6764,,,,,,,,
22,,,,,,,,,6764,0.03150459751486778,,,,,,,
,,,,,,,,8.935973597359736e-07,6769,,,,,,,,
22,,,,,,,,,6769,0.06318826228380203,,,,,,,
,,,,,,,,8.942574257425742e-07,6774,,,,,,,,
22,,,,,,,,,6774,0.01044758316129446,,,,,,,
,,,,,,,,8.949174917491748e-07,6779,,,,,,,,
22,,,,,,,,,6779,0.08666098862886429,,,,,,,
,,,,,,,,8.955775577557756e-07,6784,,,,,,,,
22,,,,,,,,,6784,0.015538088046014309,,,,,,,
,,,,,,,,8.962376237623762e-07,6789,,,,,,,,
22,,,,,,,,,6789,0.03636568784713745,,,,,,,
,,,,,,,,8.968976897689769e-07,6794,,,,,,,,
22,,,,,,,,,6794,0.05724086984992027,,,,,,,
,,,,,,,,8.975577557755774e-07,6799,,,,,,,,
22,,,,,,,,,6799,0.04862448200583458,,,,,,,
,,,,,,,,8.982178217821782e-07,6804,,,,,,,,
22,,,,,,,,,6804,0.05549028515815735,,,,,,,
,,,,,,,,8.988778877887788e-07,6809,,,,,,,,
22,,,,,,,,,6809,0.08984661102294922,,,,,,,
,,,,,,,,8.995379537953795e-07,6814,,,,,,,,
22,,,,,,,,,6814,0.060731709003448486,,,,,,,
,,,,,,,,9.001980198019802e-07,6819,,,,,,,,
22,,,,,,,,,6819,0.05384233593940735,,,,,,,
,,,,,,,,9.008580858085809e-07,6824,,,,,,,,
22,,,,,,,,,6824,0.0645226240158081,,,,,,,
,,,,,,,,9.015181518151814e-07,6829,,,,,,,,
22,,,,,,,,,6829,0.03222247213125229,,,,,,,
,,,,,,,,9.021782178217821e-07,6834,,,,,,,,
22,,,,,,,,,6834,0.038672689348459244,,,,,,,
,,,,,,,,9.028382838283828e-07,6839,,,,,,,,
22,,,,,,,,,6839,0.04745546355843544,,,,,,,
,,,,,,,,9.034983498349834e-07,6844,,,,,,,,
22,,,,,,,,,6844,0.03891335800290108,,,,,,,
,,,,,,,,9.041584158415842e-07,6849,,,,,,,,
22,,,,,,,,,6849,0.033199161291122437,,,,,,,
,,,,,,,,9.048184818481847e-07,6854,,,,,,,,
22,,,,,,,,,6854,0.05978313833475113,,,,,,,
,,,,,,,,9.054785478547854e-07,6859,,,,,,,,
22,,,,,,,,,6859,0.03888561949133873,,,,,,,
,,,,,,,,9.061386138613861e-07,6864,,,,,,,,
22,,,,,,,,,6864,0.05020526424050331,,,,,,,
,,,,,,,,9.067986798679868e-07,6869,,,,,,,,
22,,,,,,,,,6869,0.019696896895766258,,,,,,,
,,,,,,,,9.074587458745874e-07,6874,,,,,,,,
22,,,,,,,,,6874,0.04380330443382263,,,,,,,
,,,,,,,,9.081188118811882e-07,6879,,,,,,,,
22,,,,,,,,,6879,0.0375896655023098,,,,,,,
,,,,,,,,9.087788778877887e-07,6884,,,,,,,,
22,,,,,,,,,6884,0.02463584952056408,,,,,,,
,,,,,,,,9.094389438943893e-07,6889,,,,,,,,
22,,,,,,,,,6889,0.024660905823111534,,,,,,,
,,,,,,,,9.100990099009901e-07,6894,,,,,,,,
22,,,,,,,,,6894,0.06002410873770714,,,,,,,
,,,,,,,,9.107590759075907e-07,6899,,,,,,,,
22,,,,,,,,,6899,0.059999506920576096,,,,,,,
,,,,,,,,9.114191419141914e-07,6904,,,,,,,,
22,,,,,,,,,6904,0.045267146080732346,,,,,,,
,,,,,,,,9.12079207920792e-07,6909,,,,,,,,
22,,,,,,,,,6909,0.04669596627354622,,,,,,,
,,,,,,,,9.127392739273927e-07,6914,,,,,,,,
22,,,,,,,,,6914,0.039408184587955475,,,,,,,
,,,,,,,,9.133993399339933e-07,6919,,,,,,,,
22,,,,,,,,,6919,0.03847146034240723,,,,,,,
,,,,,,,,9.140594059405941e-07,6924,,,,,,,,
22,,,,,,,,,6924,0.05385065823793411,,,,,,,
,,,,,,,,9.147194719471947e-07,6929,,,,,,,,
22,,,,,,,,,6929,0.04930399730801582,,,,,,,
,,,,,,,,9.153795379537953e-07,6934,,,,,,,,
22,,,,,,,,,6934,0.035594042390584946,,,,,,,
,,,,,,,,9.16039603960396e-07,6939,,,,,,,,
22,,,,,,,,,6939,0.06532450765371323,,,,,,,
,,,,,,,,9.166996699669966e-07,6944,,,,,,,,
22,,,,,,,,,6944,0.020970923826098442,,,,,,,
,,,,,,,,9.173597359735973e-07,6949,,,,,,,,
22,,,,,,,,,6949,0.02362775430083275,,,,,,,
,,,,,,,,9.18019801980198e-07,6954,,,,,,,,
22,,,,,,,,,6954,0.024057870730757713,,,,,,,
,,,,,,,,9.186798679867987e-07,6959,,,,,,,,
22,,,,,,,,,6959,0.0400078222155571,,,,,,,
,,,,,,,,9.193399339933992e-07,6964,,,,,,,,
22,,,,,,,,,6964,0.06076370179653168,,,,,,,
22,,,,,,,,,6968,0.08017779141664505,0.574999988079071,0.6565656661987305,0.08017779141664505,0.2693881690502167,0.6018518805503845,0.7222222089767456,0.2503068745136261
,,,,,,,,9.2e-07,6969,,,,,,,,
23,,,,,,,,,6969,0.0323326550424099,,,,,,,
,,,,,,,,9.206600660066006e-07,6974,,,,,,,,
23,,,,,,,,,6974,0.03925679996609688,,,,,,,
,,,,,,,,9.213201320132013e-07,6979,,,,,,,,
23,,,,,,,,,6979,0.04380468651652336,,,,,,,
,,,,,,,,9.21980198019802e-07,6984,,,,,,,,
23,,,,,,,,,6984,0.05710616335272789,,,,,,,
,,,,,,,,9.226402640264026e-07,6989,,,,,,,,
23,,,,,,,,,6989,0.021792937070131302,,,,,,,
,,,,,,,,9.233003300330032e-07,6994,,,,,,,,
23,,,,,,,,,6994,0.043122563511133194,,,,,,,
,,,,,,,,9.23960396039604e-07,6999,,,,,,,,
23,,,,,,,,,6999,0.04934386536478996,,,,,,,
,,,,,,,,9.246204620462046e-07,7004,,,,,,,,
23,,,,,,,,,7004,0.0491311214864254,,,,,,,
,,,,,,,,9.252805280528052e-07,7009,,,,,,,,
23,,,,,,,,,7009,0.038509637117385864,,,,,,,
,,,,,,,,9.25940594059406e-07,7014,,,,,,,,
23,,,,,,,,,7014,0.05800214037299156,,,,,,,
,,,,,,,,9.266006600660065e-07,7019,,,,,,,,
23,,,,,,,,,7019,0.045895155519247055,,,,,,,
,,,,,,,,9.272607260726072e-07,7024,,,,,,,,
23,,,,,,,,,7024,0.015795281156897545,,,,,,,
,,,,,,,,9.279207920792079e-07,7029,,,,,,,,
23,,,,,,,,,7029,0.0581718347966671,,,,,,,
,,,,,,,,9.285808580858086e-07,7034,,,,,,,,
23,,,,,,,,,7034,0.01951953023672104,,,,,,,
,,,,,,,,9.292409240924092e-07,7039,,,,,,,,
23,,,,,,,,,7039,0.045078642666339874,,,,,,,
,,,,,,,,9.299009900990099e-07,7044,,,,,,,,
23,,,,,,,,,7044,0.03234339877963066,,,,,,,
,,,,,,,,9.305610561056105e-07,7049,,,,,,,,
23,,,,,,,,,7049,0.0241077970713377,,,,,,,
,,,,,,,,9.312211221122112e-07,7054,,,,,,,,
23,,,,,,,,,7054,0.03148150071501732,,,,,,,
,,,,,,,,9.318811881188119e-07,7059,,,,,,,,
23,,,,,,,,,7059,0.02535955049097538,,,,,,,
,,,,,,,,9.325412541254126e-07,7064,,,,,,,,
23,,,,,,,,,7064,0.015893572941422462,,,,,,,
,,,,,,,,9.332013201320131e-07,7069,,,,,,,,
23,,,,,,,,,7069,0.031713828444480896,,,,,,,
,,,,,,,,9.338613861386138e-07,7074,,,,,,,,
23,,,,,,,,,7074,0.05770152062177658,,,,,,,
,,,,,,,,9.345214521452145e-07,7079,,,,,,,,
23,,,,,,,,,7079,0.021469861268997192,,,,,,,
,,,,,,,,9.351815181518151e-07,7084,,,,,,,,
23,,,,,,,,,7084,0.018433865159749985,,,,,,,
,,,,,,,,9.358415841584159e-07,7089,,,,,,,,
23,,,,,,,,,7089,0.033547937870025635,,,,,,,
,,,,,,,,9.365016501650165e-07,7094,,,,,,,,
23,,,,,,,,,7094,0.04169938340783119,,,,,,,
,,,,,,,,9.371617161716171e-07,7099,,,,,,,,
23,,,,,,,,,7099,0.054245930165052414,,,,,,,
,,,,,,,,9.378217821782177e-07,7104,,,,,,,,
23,,,,,,,,,7104,0.02521439641714096,,,,,,,
,,,,,,,,9.384818481848185e-07,7109,,,,,,,,
23,,,,,,,,,7109,0.04447160288691521,,,,,,,
,,,,,,,,9.391419141914191e-07,7114,,,,,,,,
23,,,,,,,,,7114,0.040636371821165085,,,,,,,
,,,,,,,,9.398019801980198e-07,7119,,,,,,,,
23,,,,,,,,,7119,0.056050725281238556,,,,,,,
,,,,,,,,9.404620462046204e-07,7124,,,,,,,,
23,,,,,,,,,7124,0.01638890989124775,,,,,,,
,,,,,,,,9.41122112211221e-07,7129,,,,,,,,
23,,,,,,,,,7129,0.018057536333799362,,,,,,,
,,,,,,,,9.417821782178217e-07,7134,,,,,,,,
23,,,,,,,,,7134,0.03032112494111061,,,,,,,
,,,,,,,,9.424422442244224e-07,7139,,,,,,,,
23,,,,,,,,,7139,0.04700121283531189,,,,,,,
,,,,,,,,9.431023102310231e-07,7144,,,,,,,,
23,,,,,,,,,7144,0.06339183449745178,,,,,,,
,,,,,,,,9.437623762376236e-07,7149,,,,,,,,
23,,,,,,,,,7149,0.0319225937128067,,,,,,,
,,,,,,,,9.444224422442244e-07,7154,,,,,,,,
23,,,,,,,,,7154,0.05696675181388855,,,,,,,
,,,,,,,,9.45082508250825e-07,7159,,,,,,,,
23,,,,,,,,,7159,0.035160988569259644,,,,,,,
,,,,,,,,9.457425742574257e-07,7164,,,,,,,,
23,,,,,,,,,7164,0.04475308582186699,,,,,,,
,,,,,,,,9.464026402640264e-07,7169,,,,,,,,
23,,,,,,,,,7169,0.03229895234107971,,,,,,,
,,,,,,,,9.470627062706271e-07,7174,,,,,,,,
23,,,,,,,,,7174,0.03855755552649498,,,,,,,
,,,,,,,,9.477227722772276e-07,7179,,,,,,,,
23,,,,,,,,,7179,0.012952488847076893,,,,,,,
,,,,,,,,9.483828382838284e-07,7184,,,,,,,,
23,,,,,,,,,7184,0.03558625280857086,,,,,,,
,,,,,,,,9.49042904290429e-07,7189,,,,,,,,
23,,,,,,,,,7189,0.014045218005776405,,,,,,,
,,,,,,,,9.497029702970296e-07,7194,,,,,,,,
23,,,,,,,,,7194,0.07415686547756195,,,,,,,
,,,,,,,,9.503630363036304e-07,7199,,,,,,,,
23,,,,,,,,,7199,0.01858348399400711,,,,,,,
,,,,,,,,9.510231023102309e-07,7204,,,,,,,,
23,,,,,,,,,7204,0.02563808672130108,,,,,,,
,,,,,,,,9.516831683168316e-07,7209,,,,,,,,
23,,,,,,,,,7209,0.028285764157772064,,,,,,,
,,,,,,,,9.523432343234323e-07,7214,,,,,,,,
23,,,,,,,,,7214,0.008048709481954575,,,,,,,
,,,,,,,,9.53003300330033e-07,7219,,,,,,,,
23,,,,,,,,,7219,0.0827745646238327,,,,,,,
,,,,,,,,9.536633663366336e-07,7224,,,,,,,,
23,,,,,,,,,7224,0.017452597618103027,,,,,,,
,,,,,,,,9.543234323432343e-07,7229,,,,,,,,
23,,,,,,,,,7229,0.01818837784230709,,,,,,,
,,,,,,,,9.54983498349835e-07,7234,,,,,,,,
23,,,,,,,,,7234,0.02840888500213623,,,,,,,
,,,,,,,,9.556435643564356e-07,7239,,,,,,,,
23,,,,,,,,,7239,0.021666094660758972,,,,,,,
,,,,,,,,9.563036303630363e-07,7244,,,,,,,,
23,,,,,,,,,7244,0.020715361461043358,,,,,,,
,,,,,,,,9.569636963696368e-07,7249,,,,,,,,
23,,,,,,,,,7249,0.06154993548989296,,,,,,,
,,,,,,,,9.576237623762376e-07,7254,,,,,,,,
23,,,,,,,,,7254,0.030247291550040245,,,,,,,
,,,,,,,,9.582838283828383e-07,7259,,,,,,,,
23,,,,,,,,,7259,0.06241561844944954,,,,,,,
,,,,,,,,9.589438943894389e-07,7264,,,,,,,,
23,,,,,,,,,7264,0.08532099425792694,,,,,,,
,,,,,,,,9.596039603960394e-07,7269,,,,,,,,
23,,,,,,,,,7269,0.012890469282865524,,,,,,,
23,,,,,,,,,7271,0.07972343266010284,0.5625,0.6354166865348816,0.07972343266010284,0.28725677728652954,0.5980392098426819,0.6777777671813965,0.2654716372489929
,,,,,,,,9.602640264026402e-07,7274,,,,,,,,
24,,,,,,,,,7274,0.03421960026025772,,,,,,,
,,,,,,,,9.60924092409241e-07,7279,,,,,,,,
24,,,,,,,,,7279,0.030648304149508476,,,,,,,
,,,,,,,,9.615841584158415e-07,7284,,,,,,,,
24,,,,,,,,,7284,0.02486884593963623,,,,,,,
,,,,,,,,9.622442244224422e-07,7289,,,,,,,,
24,,,,,,,,,7289,0.042801275849342346,,,,,,,
,,,,,,,,9.62904290429043e-07,7294,,,,,,,,
24,,,,,,,,,7294,0.019706664606928825,,,,,,,
,,,,,,,,9.635643564356435e-07,7299,,,,,,,,
24,,,,,,,,,7299,0.019489610567688942,,,,,,,
,,,,,,,,9.642244224422443e-07,7304,,,,,,,,
24,,,,,,,,,7304,0.021575765684247017,,,,,,,
,,,,,,,,9.648844884488448e-07,7309,,,,,,,,
24,,,,,,,,,7309,0.022686311975121498,,,,,,,
,,,,,,,,9.655445544554455e-07,7314,,,,,,,,
24,,,,,,,,,7314,0.028897736221551895,,,,,,,
,,,,,,,,9.662046204620463e-07,7319,,,,,,,,
24,,,,,,,,,7319,0.04498990625143051,,,,,,,
,,,,,,,,9.668646864686468e-07,7324,,,,,,,,
24,,,,,,,,,7324,0.03884351626038551,,,,,,,
,,,,,,,,9.675247524752474e-07,7329,,,,,,,,
24,,,,,,,,,7329,0.054016321897506714,,,,,,,
,,,,,,,,9.681848184818481e-07,7334,,,,,,,,
24,,,,,,,,,7334,0.028820110484957695,,,,,,,
,,,,,,,,9.688448844884489e-07,7339,,,,,,,,
24,,,,,,,,,7339,0.031748052686452866,,,,,,,
,,,,,,,,9.695049504950494e-07,7344,,,,,,,,
24,,,,,,,,,7344,0.08209370076656342,,,,,,,
,,,,,,,,9.701650165016502e-07,7349,,,,,,,,
24,,,,,,,,,7349,0.044255565851926804,,,,,,,
,,,,,,,,9.708250825082507e-07,7354,,,,,,,,
24,,,,,,,,,7354,0.02259620651602745,,,,,,,
,,,,,,,,9.714851485148515e-07,7359,,,,,,,,
24,,,,,,,,,7359,0.04153481870889664,,,,,,,
,,,,,,,,9.721452145214522e-07,7364,,,,,,,,
24,,,,,,,,,7364,0.009985290467739105,,,,,,,
,,,,,,,,9.728052805280527e-07,7369,,,,,,,,
24,,,,,,,,,7369,0.042206909507513046,,,,,,,
,,,,,,,,9.734653465346535e-07,7374,,,,,,,,
24,,,,,,,,,7374,0.008798820897936821,,,,,,,
,,,,,,,,9.74125412541254e-07,7379,,,,,,,,
24,,,,,,,,,7379,0.02307736501097679,,,,,,,
,,,,,,,,9.747854785478548e-07,7384,,,,,,,,
24,,,,,,,,,7384,0.029791153967380524,,,,,,,
,,,,,,,,9.754455445544553e-07,7389,,,,,,,,
24,,,,,,,,,7389,0.020518766716122627,,,,,,,
,,,,,,,,9.76105610561056e-07,7394,,,,,,,,
24,,,,,,,,,7394,0.020259657874703407,,,,,,,
,,,,,,,,9.767656765676568e-07,7399,,,,,,,,
24,,,,,,,,,7399,0.016914254054427147,,,,,,,
,,,,,,,,9.774257425742574e-07,7404,,,,,,,,
24,,,,,,,,,7404,0.019977658987045288,,,,,,,
,,,,,,,,9.780858085808581e-07,7409,,,,,,,,
24,,,,,,,,,7409,0.028169041499495506,,,,,,,
,,,,,,,,9.787458745874587e-07,7414,,,,,,,,
24,,,,,,,,,7414,0.017737172544002533,,,,,,,
,,,,,,,,9.794059405940594e-07,7419,,,,,,,,
24,,,,,,,,,7419,0.015480207279324532,,,,,,,
,,,,,,,,9.8006600660066e-07,7424,,,,,,,,
24,,,,,,,,,7424,0.020075690001249313,,,,,,,
,,,,,,,,9.807260726072607e-07,7429,,,,,,,,
24,,,,,,,,,7429,0.028675783425569534,,,,,,,
,,,,,,,,9.813861386138612e-07,7434,,,,,,,,
24,,,,,,,,,7434,0.055663589388132095,,,,,,,
,,,,,,,,9.82046204620462e-07,7439,,,,,,,,
24,,,,,,,,,7439,0.018260324373841286,,,,,,,
,,,,,,,,9.827062706270627e-07,7444,,,,,,,,
24,,,,,,,,,7444,0.03326395899057388,,,,,,,
,,,,,,,,9.833663366336633e-07,7449,,,,,,,,
24,,,,,,,,,7449,0.024956900626420975,,,,,,,
,,,,,,,,9.84026402640264e-07,7454,,,,,,,,
24,,,,,,,,,7454,0.04575841873884201,,,,,,,
,,,,,,,,9.846864686468646e-07,7459,,,,,,,,
24,,,,,,,,,7459,0.04105308651924133,,,,,,,
,,,,,,,,9.853465346534653e-07,7464,,,,,,,,
24,,,,,,,,,7464,0.03916057571768761,,,,,,,
,,,,,,,,9.860066006600659e-07,7469,,,,,,,,
24,,,,,,,,,7469,0.02976079471409321,,,,,,,
,,,,,,,,9.866666666666666e-07,7474,,,,,,,,
24,,,,,,,,,7474,0.006159439217299223,,,,,,,
,,,,,,,,9.873267326732674e-07,7479,,,,,,,,
24,,,,,,,,,7479,0.01861140877008438,,,,,,,
,,,,,,,,9.87986798679868e-07,7484,,,,,,,,
24,,,,,,,,,7484,0.06887825578451157,,,,,,,
,,,,,,,,9.886468646864686e-07,7489,,,,,,,,
24,,,,,,,,,7489,0.030426088720560074,,,,,,,
,,,,,,,,9.893069306930692e-07,7494,,,,,,,,
24,,,,,,,,,7494,0.017375854775309563,,,,,,,
,,,,,,,,9.8996699669967e-07,7499,,,,,,,,
24,,,,,,,,,7499,0.024963581934571266,,,,,,,
,,,,,,,,9.906270627062707e-07,7504,,,,,,,,
24,,,,,,,,,7504,0.03552596643567085,,,,,,,
,,,,,,,,9.912871287128712e-07,7509,,,,,,,,
24,,,,,,,,,7509,0.06180455535650253,,,,,,,
,,,,,,,,9.919471947194718e-07,7514,,,,,,,,
24,,,,,,,,,7514,0.03936856985092163,,,,,,,
,,,,,,,,9.926072607260725e-07,7519,,,,,,,,
24,,,,,,,,,7519,0.027087848633527756,,,,,,,
,,,,,,,,9.932673267326733e-07,7524,,,,,,,,
24,,,,,,,,,7524,0.010802172124385834,,,,,,,
,,,,,,,,9.939273927392738e-07,7529,,,,,,,,
24,,,,,,,,,7529,0.053318124264478683,,,,,,,
,,,,,,,,9.945874587458746e-07,7534,,,,,,,,
24,,,,,,,,,7534,0.04087693616747856,,,,,,,
,,,,,,,,9.95247524752475e-07,7539,,,,,,,,
24,,,,,,,,,7539,0.009589864872395992,,,,,,,
,,,,,,,,9.959075907590758e-07,7544,,,,,,,,
24,,,,,,,,,7544,0.028070718050003052,,,,,,,
,,,,,,,,9.965676567656766e-07,7549,,,,,,,,
24,,,,,,,,,7549,0.020327262580394745,,,,,,,
,,,,,,,,9.972277227722771e-07,7554,,,,,,,,
24,,,,,,,,,7554,0.01878340169787407,,,,,,,
,,,,,,,,9.978877887788779e-07,7559,,,,,,,,
24,,,,,,,,,7559,0.04917006194591522,,,,,,,
,,,,,,,,9.985478547854786e-07,7564,,,,,,,,
24,,,,,,,,,7564,0.04861906170845032,,,,,,,
,,,,,,,,9.992079207920792e-07,7569,,,,,,,,
24,,,,,,,,,7569,0.020110176876187325,,,,,,,
,,,,,,,,9.998679867986797e-07,7574,,,,,,,,
24,,,,,,,,,7574,0.05767707899212837,,,,,,,
24,,,,,,,,,7574,0.0786711573600769,0.5874999761581421,0.6451612710952759,0.0786711573600769,0.30831006169319153,0.625,0.6666666865348816,0.28476348519325256
,,,,,,,,9.994719471947194e-07,7579,,,,,,,,
25,,,,,,,,,7579,0.020158225670456886,,,,,,,
,,,,,,,,9.988118811881187e-07,7584,,,,,,,,
25,,,,,,,,,7584,0.048661865293979645,,,,,,,
,,,,,,,,9.981518151815181e-07,7589,,,,,,,,
25,,,,,,,,,7589,0.04378232732415199,,,,,,,
,,,,,,,,9.974917491749174e-07,7594,,,,,,,,
25,,,,,,,,,7594,0.03409207984805107,,,,,,,
,,,,,,,,9.968316831683169e-07,7599,,,,,,,,
25,,,,,,,,,7599,0.042293522506952286,,,,,,,
,,,,,,,,9.961716171617161e-07,7604,,,,,,,,
25,,,,,,,,,7604,0.02189861796796322,,,,,,,
,,,,,,,,9.955115511551154e-07,7609,,,,,,,,
25,,,,,,,,,7609,0.04085293784737587,,,,,,,
,,,,,,,,9.948514851485148e-07,7614,,,,,,,,
25,,,,,,,,,7614,0.020788736641407013,,,,,,,
,,,,,,,,9.941914191419143e-07,7619,,,,,,,,
25,,,,,,,,,7619,0.02394920028746128,,,,,,,
,,,,,,,,9.935313531353135e-07,7624,,,,,,,,
25,,,,,,,,,7624,0.00913421344012022,,,,,,,
,,,,,,,,9.928712871287128e-07,7629,,,,,,,,
25,,,,,,,,,7629,0.03275289013981819,,,,,,,
,,,,,,,,9.922112211221122e-07,7634,,,,,,,,
25,,,,,,,,,7634,0.05783607065677643,,,,,,,
,,,,,,,,9.915511551155115e-07,7639,,,,,,,,
25,,,,,,,,,7639,0.006439498160034418,,,,,,,
,,,,,,,,9.908910891089107e-07,7644,,,,,,,,
25,,,,,,,,,7644,0.014256088994443417,,,,,,,
,,,,,,,,9.902310231023102e-07,7649,,,,,,,,
25,,,,,,,,,7649,0.012858741916716099,,,,,,,
,,,,,,,,9.895709570957094e-07,7654,,,,,,,,
25,,,,,,,,,7654,0.022804835811257362,,,,,,,
,,,,,,,,9.88910891089109e-07,7659,,,,,,,,
25,,,,,,,,,7659,0.05561602860689163,,,,,,,
,,,,,,,,9.882508250825082e-07,7664,,,,,,,,
25,,,,,,,,,7664,0.03976765647530556,,,,,,,
,,,,,,,,9.875907590759074e-07,7669,,,,,,,,
25,,,,,,,,,7669,0.025233682245016098,,,,,,,
,,,,,,,,9.869306930693069e-07,7674,,,,,,,,
25,,,,,,,,,7674,0.027379604056477547,,,,,,,
,,,,,,,,9.862706270627063e-07,7679,,,,,,,,
25,,,,,,,,,7679,0.01062071230262518,,,,,,,
,,,,,,,,9.856105610561056e-07,7684,,,,,,,,
25,,,,,,,,,7684,0.02183527871966362,,,,,,,
,,,,,,,,9.849504950495048e-07,7689,,,,,,,,
25,,,,,,,,,7689,0.011723720468580723,,,,,,,
,,,,,,,,9.842904290429043e-07,7694,,,,,,,,
25,,,,,,,,,7694,0.017506539821624756,,,,,,,
,,,,,,,,9.836303630363035e-07,7699,,,,,,,,
25,,,,,,,,,7699,0.039045099169015884,,,,,,,
,,,,,,,,9.82970297029703e-07,7704,,,,,,,,
25,,,,,,,,,7704,0.03957344591617584,,,,,,,
,,,,,,,,9.823102310231022e-07,7709,,,,,,,,
25,,,,,,,,,7709,0.042189717292785645,,,,,,,
,,,,,,,,9.816501650165015e-07,7714,,,,,,,,
25,,,,,,,,,7714,0.01477868016809225,,,,,,,
,,,,,,,,9.80990099009901e-07,7719,,,,,,,,
25,,,,,,,,,7719,0.02560080774128437,,,,,,,
,,,,,,,,9.803300330033002e-07,7724,,,,,,,,
25,,,,,,,,,7724,0.040874406695365906,,,,,,,
,,,,,,,,9.796699669966997e-07,7729,,,,,,,,
25,,,,,,,,,7729,0.03275052458047867,,,,,,,
,,,,,,,,9.79009900990099e-07,7734,,,,,,,,
25,,,,,,,,,7734,0.008731331676244736,,,,,,,
,,,,,,,,9.783498349834984e-07,7739,,,,,,,,
25,,,,,,,,,7739,0.037988144904375076,,,,,,,
,,,,,,,,9.776897689768976e-07,7744,,,,,,,,
25,,,,,,,,,7744,0.0071799783036112785,,,,,,,
,,,,,,,,9.770297029702969e-07,7749,,,,,,,,
25,,,,,,,,,7749,0.006310964003205299,,,,,,,
,,,,,,,,9.763696369636963e-07,7754,,,,,,,,
25,,,,,,,,,7754,0.04097354784607887,,,,,,,
,,,,,,,,9.757095709570958e-07,7759,,,,,,,,
25,,,,,,,,,7759,0.01812070608139038,,,,,,,
,,,,,,,,9.75049504950495e-07,7764,,,,,,,,
25,,,,,,,,,7764,0.04687882214784622,,,,,,,
,,,,,,,,9.743894389438943e-07,7769,,,,,,,,
25,,,,,,,,,7769,0.021033180877566338,,,,,,,
,,,,,,,,9.737293729372938e-07,7774,,,,,,,,
25,,,,,,,,,7774,0.0034498213790357113,,,,,,,
,,,,,,,,9.73069306930693e-07,7779,,,,,,,,
25,,,,,,,,,7779,0.02143857255578041,,,,,,,
,,,,,,,,9.724092409240925e-07,7784,,,,,,,,
25,,,,,,,,,7784,0.027105895802378654,,,,,,,
,,,,,,,,9.717491749174917e-07,7789,,,,,,,,
25,,,,,,,,,7789,0.027525898069143295,,,,,,,
,,,,,,,,9.71089108910891e-07,7794,,,,,,,,
25,,,,,,,,,7794,0.027794338762760162,,,,,,,
,,,,,,,,9.704290429042904e-07,7799,,,,,,,,
25,,,,,,,,,7799,0.03214694559574127,,,,,,,
,,,,,,,,9.697689768976897e-07,7804,,,,,,,,
25,,,,,,,,,7804,0.021977415308356285,,,,,,,
,,,,,,,,9.691089108910891e-07,7809,,,,,,,,
25,,,,,,,,,7809,0.009509495459496975,,,,,,,
,,,,,,,,9.684488448844884e-07,7814,,,,,,,,
25,,,,,,,,,7814,0.05764111876487732,,,,,,,
,,,,,,,,9.677887788778878e-07,7819,,,,,,,,
25,,,,,,,,,7819,0.010854770429432392,,,,,,,
,,,,,,,,9.67128712871287e-07,7824,,,,,,,,
25,,,,,,,,,7824,0.007528883405029774,,,,,,,
,,,,,,,,9.664686468646863e-07,7829,,,,,,,,
25,,,,,,,,,7829,0.03942084684967995,,,,,,,
,,,,,,,,9.658085808580858e-07,7834,,,,,,,,
25,,,,,,,,,7834,0.0260164737701416,,,,,,,
,,,,,,,,9.65148514851485e-07,7839,,,,,,,,
25,,,,,,,,,7839,0.023348834365606308,,,,,,,
,,,,,,,,9.644884488448845e-07,7844,,,,,,,,
25,,,,,,,,,7844,0.036078039556741714,,,,,,,
,,,,,,,,9.638283828382838e-07,7849,,,,,,,,
25,,,,,,,,,7849,0.01455360371619463,,,,,,,
,,,,,,,,9.63168316831683e-07,7854,,,,,,,,
25,,,,,,,,,7854,0.014962086454033852,,,,,,,
,,,,,,,,9.625082508250825e-07,7859,,,,,,,,
25,,,,,,,,,7859,0.03223820775747299,,,,,,,
,,,,,,,,9.61848184818482e-07,7864,,,,,,,,
25,,,,,,,,,7864,0.045582134276628494,,,,,,,
,,,,,,,,9.611881188118812e-07,7869,,,,,,,,
25,,,,,,,,,7869,0.025464141741394997,,,,,,,
,,,,,,,,9.605280528052804e-07,7874,,,,,,,,
25,,,,,,,,,7874,0.023380907252430916,,,,,,,
25,,,,,,,,,7877,0.0775967687368393,0.606249988079071,0.6594594717025757,0.0775967687368393,0.33010339736938477,0.6421052813529968,0.6777777671813965,0.29696130752563477
,,,,,,,,9.598679867986799e-07,7879,,,,,,,,
26,,,,,,,,,7879,0.022296598181128502,,,,,,,
,,,,,,,,9.592079207920791e-07,7884,,,,,,,,
26,,,,,,,,,7884,0.026703326031565666,,,,,,,
,,,,,,,,9.585478547854786e-07,7889,,,,,,,,
26,,,,,,,,,7889,0.011340005323290825,,,,,,,
,,,,,,,,9.578877887788779e-07,7894,,,,,,,,
26,,,,,,,,,7894,0.015903232619166374,,,,,,,
,,,,,,,,9.57227722772277e-07,7899,,,,,,,,
26,,,,,,,,,7899,0.006364613771438599,,,,,,,
,,,,,,,,9.565676567656766e-07,7904,,,,,,,,
26,,,,,,,,,7904,0.02885625697672367,,,,,,,
,,,,,,,,9.559075907590758e-07,7909,,,,,,,,
26,,,,,,,,,7909,0.03179266303777695,,,,,,,
,,,,,,,,9.552475247524753e-07,7914,,,,,,,,
26,,,,,,,,,7914,0.01681479625403881,,,,,,,
,,,,,,,,9.545874587458745e-07,7919,,,,,,,,
26,,,,,,,,,7919,0.032458603382110596,,,,,,,
,,,,,,,,9.53927392739274e-07,7924,,,,,,,,
26,,,,,,,,,7924,0.031753990799188614,,,,,,,
,,,,,,,,9.532673267326732e-07,7929,,,,,,,,
26,,,,,,,,,7929,0.03331080451607704,,,,,,,
,,,,,,,,9.526072607260726e-07,7934,,,,,,,,
26,,,,,,,,,7934,0.0185070987790823,,,,,,,
,,,,,,,,9.519471947194719e-07,7939,,,,,,,,
26,,,,,,,,,7939,0.01873360574245453,,,,,,,
,,,,,,,,9.512871287128712e-07,7944,,,,,,,,
26,,,,,,,,,7944,0.021939383819699287,,,,,,,
,,,,,,,,9.506270627062705e-07,7949,,,,,,,,
26,,,,,,,,,7949,0.026475893333554268,,,,,,,
,,,,,,,,9.4996699669967e-07,7954,,,,,,,,
26,,,,,,,,,7954,0.022593799978494644,,,,,,,
,,,,,,,,9.493069306930693e-07,7959,,,,,,,,
26,,,,,,,,,7959,0.023799007758498192,,,,,,,
,,,,,,,,9.486468646864686e-07,7964,,,,,,,,
26,,,,,,,,,7964,0.014006382785737514,,,,,,,
,,,,,,,,9.47986798679868e-07,7969,,,,,,,,
26,,,,,,,,,7969,0.018575025722384453,,,,,,,
,,,,,,,,9.473267326732672e-07,7974,,,,,,,,
26,,,,,,,,,7974,0.011800792999565601,,,,,,,
,,,,,,,,9.466666666666666e-07,7979,,,,,,,,
26,,,,,,,,,7979,0.04619120806455612,,,,,,,
,,,,,,,,9.46006600660066e-07,7984,,,,,,,,
26,,,,,,,,,7984,0.02762511558830738,,,,,,,
,,,,,,,,9.453465346534653e-07,7989,,,,,,,,
26,,,,,,,,,7989,0.017300792038440704,,,,,,,
,,,,,,,,9.446864686468646e-07,7994,,,,,,,,
26,,,,,,,,,7994,0.04113328829407692,,,,,,,
,,,,,,,,9.44026402640264e-07,7999,,,,,,,,
26,,,,,,,,,7999,0.04694921523332596,,,,,,,
,,,,,,,,9.433663366336632e-07,8004,,,,,,,,
26,,,,,,,,,8004,0.01444217748939991,,,,,,,
,,,,,,,,9.427062706270627e-07,8009,,,,,,,,
26,,,,,,,,,8009,0.020735960453748703,,,,,,,
,,,,,,,,9.42046204620462e-07,8014,,,,,,,,
26,,,,,,,,,8014,0.04783613979816437,,,,,,,
,,,,,,,,9.413861386138613e-07,8019,,,,,,,,
26,,,,,,,,,8019,0.031252626329660416,,,,,,,
,,,,,,,,9.407260726072607e-07,8024,,,,,,,,
26,,,,,,,,,8024,0.016752632334828377,,,,,,,
,,,,,,,,9.4006600660066e-07,8029,,,,,,,,
26,,,,,,,,,8029,0.04860886186361313,,,,,,,
,,,,,,,,9.394059405940593e-07,8034,,,,,,,,
26,,,,,,,,,8034,0.03532553091645241,,,,,,,
,,,,,,,,9.387458745874587e-07,8039,,,,,,,,
26,,,,,,,,,8039,0.033548008650541306,,,,,,,
,,,,,,,,9.380858085808581e-07,8044,,,,,,,,
26,,,,,,,,,8044,0.019439732655882835,,,,,,,
,,,,,,,,9.374257425742574e-07,8049,,,,,,,,
26,,,,,,,,,8049,0.024810992181301117,,,,,,,
,,,,,,,,9.367656765676567e-07,8054,,,,,,,,
26,,,,,,,,,8054,0.03827698901295662,,,,,,,
,,,,,,,,9.36105610561056e-07,8059,,,,,,,,
26,,,,,,,,,8059,0.04578740522265434,,,,,,,
,,,,,,,,9.354455445544555e-07,8064,,,,,,,,
26,,,,,,,,,8064,0.016124077141284943,,,,,,,
,,,,,,,,9.347854785478547e-07,8069,,,,,,,,
26,,,,,,,,,8069,0.01735052280128002,,,,,,,
,,,,,,,,9.341254125412541e-07,8074,,,,,,,,
26,,,,,,,,,8074,0.016604527831077576,,,,,,,
,,,,,,,,9.334653465346535e-07,8079,,,,,,,,
26,,,,,,,,,8079,0.00888536125421524,,,,,,,
,,,,,,,,9.328052805280527e-07,8084,,,,,,,,
26,,,,,,,,,8084,0.015575896017253399,,,,,,,
,,,,,,,,9.321452145214522e-07,8089,,,,,,,,
26,,,,,,,,,8089,0.036883652210235596,,,,,,,
,,,,,,,,9.314851485148515e-07,8094,,,,,,,,
26,,,,,,,,,8094,0.012358092702925205,,,,,,,
,,,,,,,,9.308250825082508e-07,8099,,,,,,,,
26,,,,,,,,,8099,0.03209485858678818,,,,,,,
,,,,,,,,9.301650165016501e-07,8104,,,,,,,,
26,,,,,,,,,8104,0.01514014694839716,,,,,,,
,,,,,,,,9.295049504950495e-07,8109,,,,,,,,
26,,,,,,,,,8109,0.014034360647201538,,,,,,,
,,,,,,,,9.288448844884487e-07,8114,,,,,,,,
26,,,,,,,,,8114,0.01888144202530384,,,,,,,
,,,,,,,,9.281848184818482e-07,8119,,,,,,,,
26,,,,,,,,,8119,0.023568008095026016,,,,,,,
,,,,,,,,9.275247524752475e-07,8124,,,,,,,,
26,,,,,,,,,8124,0.025347422808408737,,,,,,,
,,,,,,,,9.268646864686468e-07,8129,,,,,,,,
26,,,,,,,,,8129,0.019870862364768982,,,,,,,
,,,,,,,,9.262046204620461e-07,8134,,,,,,,,
26,,,,,,,,,8134,0.02844552882015705,,,,,,,
,,,,,,,,9.255445544554455e-07,8139,,,,,,,,
26,,,,,,,,,8139,0.025475211441516876,,,,,,,
,,,,,,,,9.248844884488449e-07,8144,,,,,,,,
26,,,,,,,,,8144,0.050427697598934174,,,,,,,
,,,,,,,,9.242244224422442e-07,8149,,,,,,,,
26,,,,,,,,,8149,0.01705639623105526,,,,,,,
,,,,,,,,9.235643564356436e-07,8154,,,,,,,,
26,,,,,,,,,8154,0.0127279506996274,,,,,,,
,,,,,,,,9.229042904290428e-07,8159,,,,,,,,
26,,,,,,,,,8159,0.048448123037815094,,,,,,,
,,,,,,,,9.222442244224422e-07,8164,,,,,,,,
26,,,,,,,,,8164,0.021173961460590363,,,,,,,
,,,,,,,,9.215841584158416e-07,8169,,,,,,,,
26,,,,,,,,,8169,0.014202862977981567,,,,,,,
,,,,,,,,9.209240924092409e-07,8174,,,,,,,,
26,,,,,,,,,8174,0.01927698403596878,,,,,,,
,,,,,,,,9.202640264026402e-07,8179,,,,,,,,
26,,,,,,,,,8179,0.03049786202609539,,,,,,,
26,,,,,,,,,8180,0.07797746360301971,0.59375,0.6524063944816589,0.07797746360301971,0.3371801972389221,0.6288659572601318,0.6777777671813965,0.29772835969924927
,,,,,,,,9.196039603960396e-07,8184,,,,,,,,
27,,,,,,,,,8184,0.0018127848161384463,,,,,,,
,,,,,,,,9.189438943894388e-07,8189,,,,,,,,
27,,,,,,,,,8189,0.027373570948839188,,,,,,,
,,,,,,,,9.182838283828382e-07,8194,,,,,,,,
27,,,,,,,,,8194,0.020190229639410973,,,,,,,
,,,,,,,,9.176237623762377e-07,8199,,,,,,,,
27,,,,,,,,,8199,0.02244846150279045,,,,,,,
,,,,,,,,9.169636963696369e-07,8204,,,,,,,,
27,,,,,,,,,8204,0.019965238869190216,,,,,,,
,,,,,,,,9.163036303630363e-07,8209,,,,,,,,
27,,,,,,,,,8209,0.019808746874332428,,,,,,,
,,,,,,,,9.156435643564356e-07,8214,,,,,,,,
27,,,,,,,,,8214,0.026737943291664124,,,,,,,
,,,,,,,,9.149834983498349e-07,8219,,,,,,,,
27,,,,,,,,,8219,0.024869553744792938,,,,,,,
,,,,,,,,9.143234323432343e-07,8224,,,,,,,,
27,,,,,,,,,8224,0.03609507158398628,,,,,,,
,,,,,,,,9.136633663366337e-07,8229,,,,,,,,
27,,,,,,,,,8229,0.023423371836543083,,,,,,,
,,,,,,,,9.130033003300329e-07,8234,,,,,,,,
27,,,,,,,,,8234,0.025675075128674507,,,,,,,
,,,,,,,,9.123432343234323e-07,8239,,,,,,,,
27,,,,,,,,,8239,0.03424409031867981,,,,,,,
,,,,,,,,9.116831683168316e-07,8244,,,,,,,,
27,,,,,,,,,8244,0.03307304531335831,,,,,,,
,,,,,,,,9.110231023102309e-07,8249,,,,,,,,
27,,,,,,,,,8249,0.016930721700191498,,,,,,,
,,,,,,,,9.103630363036304e-07,8254,,,,,,,,
27,,,,,,,,,8254,0.01633123680949211,,,,,,,
,,,,,,,,9.097029702970297e-07,8259,,,,,,,,
27,,,,,,,,,8259,0.017882712185382843,,,,,,,
,,,,,,,,9.09042904290429e-07,8264,,,,,,,,
27,,,,,,,,,8264,0.021073242649435997,,,,,,,
,,,,,,,,9.083828382838283e-07,8269,,,,,,,,
27,,,,,,,,,8269,0.014512601308524609,,,,,,,
,,,,,,,,9.077227722772277e-07,8274,,,,,,,,
27,,,,,,,,,8274,0.0044198413379490376,,,,,,,
,,,,,,,,9.07062706270627e-07,8279,,,,,,,,
27,,,,,,,,,8279,0.018335027620196342,,,,,,,
,,,,,,,,9.064026402640264e-07,8284,,,,,,,,
27,,,,,,,,,8284,0.015061721205711365,,,,,,,
,,,,,,,,9.057425742574257e-07,8289,,,,,,,,
27,,,,,,,,,8289,0.022560905665159225,,,,,,,
,,,,,,,,9.05082508250825e-07,8294,,,,,,,,
27,,,,,,,,,8294,0.026951100677251816,,,,,,,
,,,,,,,,9.044224422442243e-07,8299,,,,,,,,
27,,,,,,,,,8299,0.031217215582728386,,,,,,,
,,,,,,,,9.037623762376238e-07,8304,,,,,,,,
27,,,,,,,,,8304,0.021591462194919586,,,,,,,
,,,,,,,,9.03102310231023e-07,8309,,,,,,,,
27,,,,,,,,,8309,0.013001670129597187,,,,,,,
,,,,,,,,9.024422442244224e-07,8314,,,,,,,,
27,,,,,,,,,8314,0.030911533161997795,,,,,,,
,,,,,,,,9.017821782178218e-07,8319,,,,,,,,
27,,,,,,,,,8319,0.017919030040502548,,,,,,,
,,,,,,,,9.01122112211221e-07,8324,,,,,,,,
27,,,,,,,,,8324,0.04161645844578743,,,,,,,
,,,,,,,,9.004620462046204e-07,8329,,,,,,,,
27,,,,,,,,,8329,0.059552453458309174,,,,,,,
,,,,,,,,8.998019801980198e-07,8334,,,,,,,,
27,,,,,,,,,8334,0.009245626628398895,,,,,,,
,,,,,,,,8.991419141914191e-07,8339,,,,,,,,
27,,,,,,,,,8339,0.012343881651759148,,,,,,,
,,,,,,,,8.984818481848184e-07,8344,,,,,,,,
27,,,,,,,,,8344,0.008020544424653053,,,,,,,
,,,,,,,,8.978217821782178e-07,8349,,,,,,,,
27,,,,,,,,,8349,0.021893396973609924,,,,,,,
,,,,,,,,8.97161716171617e-07,8354,,,,,,,,
27,,,,,,,,,8354,0.03279690444469452,,,,,,,
,,,,,,,,8.965016501650165e-07,8359,,,,,,,,
27,,,,,,,,,8359,0.007949878461658955,,,,,,,
,,,,,,,,8.958415841584158e-07,8364,,,,,,,,
27,,,,,,,,,8364,0.024835890159010887,,,,,,,
,,,,,,,,8.951815181518152e-07,8369,,,,,,,,
27,,,,,,,,,8369,0.01723453588783741,,,,,,,
,,,,,,,,8.945214521452144e-07,8374,,,,,,,,
27,,,,,,,,,8374,0.013320942409336567,,,,,,,
,,,,,,,,8.938613861386138e-07,8379,,,,,,,,
27,,,,,,,,,8379,0.022910650819540024,,,,,,,
,,,,,,,,8.932013201320133e-07,8384,,,,,,,,
27,,,,,,,,,8384,0.020635992288589478,,,,,,,
,,,,,,,,8.925412541254125e-07,8389,,,,,,,,
27,,,,,,,,,8389,0.04306982830166817,,,,,,,
,,,,,,,,8.918811881188119e-07,8394,,,,,,,,
27,,,,,,,,,8394,0.02677645906805992,,,,,,,
,,,,,,,,8.912211221122112e-07,8399,,,,,,,,
27,,,,,,,,,8399,0.04304281249642372,,,,,,,
,,,,,,,,8.905610561056105e-07,8404,,,,,,,,
27,,,,,,,,,8404,0.023768769577145576,,,,,,,
,,,,,,,,8.899009900990098e-07,8409,,,,,,,,
27,,,,,,,,,8409,0.010176759213209152,,,,,,,
,,,,,,,,8.892409240924093e-07,8414,,,,,,,,
27,,,,,,,,,8414,0.03815431892871857,,,,,,,
,,,,,,,,8.885808580858085e-07,8419,,,,,,,,
27,,,,,,,,,8419,0.02409213036298752,,,,,,,
,,,,,,,,8.879207920792079e-07,8424,,,,,,,,
27,,,,,,,,,8424,0.023423559963703156,,,,,,,
,,,,,,,,8.872607260726072e-07,8429,,,,,,,,
27,,,,,,,,,8429,0.039319537580013275,,,,,,,
,,,,,,,,8.866006600660065e-07,8434,,,,,,,,
27,,,,,,,,,8434,0.016423525288701057,,,,,,,
,,,,,,,,8.85940594059406e-07,8439,,,,,,,,
27,,,,,,,,,8439,0.007285767234861851,,,,,,,
,,,,,,,,8.852805280528053e-07,8444,,,,,,,,
27,,,,,,,,,8444,0.014806048944592476,,,,,,,
,,,,,,,,8.846204620462046e-07,8449,,,,,,,,
27,,,,,,,,,8449,0.025842877104878426,,,,,,,
,,,,,,,,8.839603960396039e-07,8454,,,,,,,,
27,,,,,,,,,8454,0.06013134494423866,,,,,,,
,,,,,,,,8.833003300330033e-07,8459,,,,,,,,
27,,,,,,,,,8459,0.020535681396722794,,,,,,,
,,,,,,,,8.826402640264025e-07,8464,,,,,,,,
27,,,,,,,,,8464,0.014875116758048534,,,,,,,
,,,,,,,,8.81980198019802e-07,8469,,,,,,,,
27,,,,,,,,,8469,0.02957082726061344,,,,,,,
,,,,,,,,8.813201320132013e-07,8474,,,,,,,,
27,,,,,,,,,8474,0.039723657071590424,,,,,,,
,,,,,,,,8.806600660066006e-07,8479,,,,,,,,
27,,,,,,,,,8479,0.05182551220059395,,,,,,,
27,,,,,,,,,8483,0.07792023569345474,0.6000000238418579,0.6483516693115234,0.07792023569345474,0.3451320230960846,0.6413043737411499,0.6555555462837219,0.30043867230415344
,,,,,,,,8.799999999999999e-07,8484,,,,,,,,
28,,,,,,,,,8484,0.022337952628731728,,,,,,,
,,,,,,,,8.793399339933993e-07,8489,,,,,,,,
28,,,,,,,,,8489,0.023828668519854546,,,,,,,
,,,,,,,,8.786798679867986e-07,8494,,,,,,,,
28,,,,,,,,,8494,0.04807479679584503,,,,,,,
,,,,,,,,8.78019801980198e-07,8499,,,,,,,,
28,,,,,,,,,8499,0.009359280578792095,,,,,,,
,,,,,,,,8.773597359735974e-07,8504,,,,,,,,
28,,,,,,,,,8504,0.027976034209132195,,,,,,,
,,,,,,,,8.766996699669966e-07,8509,,,,,,,,
28,,,,,,,,,8509,0.035425230860710144,,,,,,,
,,,,,,,,8.76039603960396e-07,8514,,,,,,,,
28,,,,,,,,,8514,0.013832793571054935,,,,,,,
,,,,,,,,8.753795379537954e-07,8519,,,,,,,,
28,,,,,,,,,8519,0.023796385154128075,,,,,,,
,,,,,,,,8.747194719471947e-07,8524,,,,,,,,
28,,,,,,,,,8524,0.014958269894123077,,,,,,,
,,,,,,,,8.74059405940594e-07,8529,,,,,,,,
28,,,,,,,,,8529,0.016220340505242348,,,,,,,
,,,,,,,,8.733993399339934e-07,8534,,,,,,,,
28,,,,,,,,,8534,0.018840154632925987,,,,,,,
,,,,,,,,8.727392739273926e-07,8539,,,,,,,,
28,,,,,,,,,8539,0.026298463344573975,,,,,,,
,,,,,,,,8.72079207920792e-07,8544,,,,,,,,
28,,,,,,,,,8544,0.020507074892520905,,,,,,,
,,,,,,,,8.714191419141914e-07,8549,,,,,,,,
28,,,,,,,,,8549,0.01302594318985939,,,,,,,
,,,,,,,,8.707590759075907e-07,8554,,,,,,,,
28,,,,,,,,,8554,0.03277045860886574,,,,,,,
,,,,,,,,8.7009900990099e-07,8559,,,,,,,,
28,,,,,,,,,8559,0.01915075071156025,,,,,,,
,,,,,,,,8.694389438943894e-07,8564,,,,,,,,
28,,,,,,,,,8564,0.012869124300777912,,,,,,,
,,,,,,,,8.687788778877887e-07,8569,,,,,,,,
28,,,,,,,,,8569,0.06089107319712639,,,,,,,
,,,,,,,,8.681188118811881e-07,8574,,,,,,,,
28,,,,,,,,,8574,0.0457143560051918,,,,,,,
,,,,,,,,8.674587458745875e-07,8579,,,,,,,,
28,,,,,,,,,8579,0.009938164614140987,,,,,,,
,,,,,,,,8.667986798679867e-07,8584,,,,,,,,
28,,,,,,,,,8584,0.02153593860566616,,,,,,,
,,,,,,,,8.661386138613861e-07,8589,,,,,,,,
28,,,,,,,,,8589,0.03752734512090683,,,,,,,
,,,,,,,,8.654785478547854e-07,8594,,,,,,,,
28,,,,,,,,,8594,0.025255605578422546,,,,,,,
,,,,,,,,8.648184818481848e-07,8599,,,,,,,,
28,,,,,,,,,8599,0.02942260168492794,,,,,,,
,,,,,,,,8.641584158415841e-07,8604,,,,,,,,
28,,,,,,,,,8604,0.011468784883618355,,,,,,,
,,,,,,,,8.634983498349835e-07,8609,,,,,,,,
28,,,,,,,,,8609,0.024433953687548637,,,,,,,
,,,,,,,,8.628382838283827e-07,8614,,,,,,,,
28,,,,,,,,,8614,0.009707988239824772,,,,,,,
,,,,,,,,8.621782178217821e-07,8619,,,,,,,,
28,,,,,,,,,8619,0.02711106836795807,,,,,,,
,,,,,,,,8.615181518151815e-07,8624,,,,,,,,
28,,,,,,,,,8624,0.025523614138364792,,,,,,,
,,,,,,,,8.608580858085808e-07,8629,,,,,,,,
28,,,,,,,,,8629,0.0277357529848814,,,,,,,
,,,,,,,,8.601980198019802e-07,8634,,,,,,,,
28,,,,,,,,,8634,0.007911876775324345,,,,,,,
,,,,,,,,8.595379537953795e-07,8639,,,,,,,,
28,,,,,,,,,8639,0.01625688560307026,,,,,,,
,,,,,,,,8.588778877887788e-07,8644,,,,,,,,
28,,,,,,,,,8644,0.016901079565286636,,,,,,,
,,,,,,,,8.582178217821781e-07,8649,,,,,,,,
28,,,,,,,,,8649,0.005307215731590986,,,,,,,
,,,,,,,,8.575577557755776e-07,8654,,,,,,,,
28,,,,,,,,,8654,0.020803561434149742,,,,,,,
,,,,,,,,8.568976897689768e-07,8659,,,,,,,,
28,,,,,,,,,8659,0.012674347497522831,,,,,,,
,,,,,,,,8.562376237623762e-07,8664,,,,,,,,
28,,,,,,,,,8664,0.019011477008461952,,,,,,,
,,,,,,,,8.555775577557755e-07,8669,,,,,,,,
28,,,,,,,,,8669,0.014627997763454914,,,,,,,
,,,,,,,,8.549174917491748e-07,8674,,,,,,,,
28,,,,,,,,,8674,0.023123320192098618,,,,,,,
,,,,,,,,8.542574257425741e-07,8679,,,,,,,,
28,,,,,,,,,8679,0.007628801744431257,,,,,,,
,,,,,,,,8.535973597359736e-07,8684,,,,,,,,
28,,,,,,,,,8684,0.02509823441505432,,,,,,,
,,,,,,,,8.52937293729373e-07,8689,,,,,,,,
28,,,,,,,,,8689,0.00674772122874856,,,,,,,
,,,,,,,,8.522772277227722e-07,8694,,,,,,,,
28,,,,,,,,,8694,0.02376595512032509,,,,,,,
,,,,,,,,8.516171617161716e-07,8699,,,,,,,,
28,,,,,,,,,8699,0.05195958539843559,,,,,,,
,,,,,,,,8.509570957095709e-07,8704,,,,,,,,
28,,,,,,,,,8704,0.01951904036104679,,,,,,,
,,,,,,,,8.502970297029703e-07,8709,,,,,,,,
28,,,,,,,,,8709,0.015494633466005325,,,,,,,
,,,,,,,,8.496369636963696e-07,8714,,,,,,,,
28,,,,,,,,,8714,0.02543637342751026,,,,,,,
,,,,,,,,8.48976897689769e-07,8719,,,,,,,,
28,,,,,,,,,8719,0.01969907060265541,,,,,,,
,,,,,,,,8.483168316831682e-07,8724,,,,,,,,
28,,,,,,,,,8724,0.043295834213495255,,,,,,,
,,,,,,,,8.476567656765676e-07,8729,,,,,,,,
28,,,,,,,,,8729,0.02154374308884144,,,,,,,
,,,,,,,,8.469966996699671e-07,8734,,,,,,,,
28,,,,,,,,,8734,0.029542692005634308,,,,,,,
,,,,,,,,8.463366336633663e-07,8739,,,,,,,,
28,,,,,,,,,8739,0.022662196308374405,,,,,,,
,,,,,,,,8.456765676567657e-07,8744,,,,,,,,
28,,,,,,,,,8744,0.0179872065782547,,,,,,,
,,,,,,,,8.45016501650165e-07,8749,,,,,,,,
28,,,,,,,,,8749,0.04320036619901657,,,,,,,
,,,,,,,,8.443564356435643e-07,8754,,,,,,,,
28,,,,,,,,,8754,0.03924404829740524,,,,,,,
,,,,,,,,8.436963696369636e-07,8759,,,,,,,,
28,,,,,,,,,8759,0.03100060299038887,,,,,,,
,,,,,,,,8.430363036303631e-07,8764,,,,,,,,
28,,,,,,,,,8764,0.017893321812152863,,,,,,,
,,,,,,,,8.423762376237623e-07,8769,,,,,,,,
28,,,,,,,,,8769,0.018830977380275726,,,,,,,
,,,,,,,,8.417161716171617e-07,8774,,,,,,,,
28,,,,,,,,,8774,0.03735106438398361,,,,,,,
,,,,,,,,8.41056105610561e-07,8779,,,,,,,,
28,,,,,,,,,8779,0.03301021084189415,,,,,,,
,,,,,,,,8.403960396039603e-07,8784,,,,,,,,
28,,,,,,,,,8784,0.01833520084619522,,,,,,,
28,,,,,,,,,8786,0.07792351394891739,0.59375,0.6368715167045593,0.07792351394891739,0.35216155648231506,0.6404494643211365,0.6333333253860474,0.3100449740886688
,,,,,,,,8.397359735973597e-07,8789,,,,,,,,
29,,,,,,,,,8789,0.018934471532702446,,,,,,,
,,,,,,,,8.390759075907591e-07,8794,,,,,,,,
29,,,,,,,,,8794,0.009142061695456505,,,,,,,
,,,,,,,,8.384158415841584e-07,8799,,,,,,,,
29,,,,,,,,,8799,0.021533798426389694,,,,,,,
,,,,,,,,8.377557755775577e-07,8804,,,,,,,,
29,,,,,,,,,8804,0.03156682848930359,,,,,,,
,,,,,,,,8.370957095709571e-07,8809,,,,,,,,
29,,,,,,,,,8809,0.02711181528866291,,,,,,,
,,,,,,,,8.364356435643564e-07,8814,,,,,,,,
29,,,,,,,,,8814,0.014805722050368786,,,,,,,
,,,,,,,,8.357755775577558e-07,8819,,,,,,,,
29,,,,,,,,,8819,0.016955280676484108,,,,,,,
,,,,,,,,8.351155115511551e-07,8824,,,,,,,,
29,,,,,,,,,8824,0.011834160424768925,,,,,,,
,,,,,,,,8.344554455445544e-07,8829,,,,,,,,
29,,,,,,,,,8829,0.0273431409150362,,,,,,,
,,,,,,,,8.337953795379537e-07,8834,,,,,,,,
29,,,,,,,,,8834,0.01568138785660267,,,,,,,
,,,,,,,,8.331353135313531e-07,8839,,,,,,,,
29,,,,,,,,,8839,0.031630780547857285,,,,,,,
,,,,,,,,8.324752475247524e-07,8844,,,,,,,,
29,,,,,,,,,8844,0.010719699785113335,,,,,,,
,,,,,,,,8.318151815181518e-07,8849,,,,,,,,
29,,,,,,,,,8849,0.010595688596367836,,,,,,,
,,,,,,,,8.311551155115511e-07,8854,,,,,,,,
29,,,,,,,,,8854,0.01819671131670475,,,,,,,
,,,,,,,,8.304950495049504e-07,8859,,,,,,,,
29,,,,,,,,,8859,0.01808740571141243,,,,,,,
,,,,,,,,8.298349834983498e-07,8864,,,,,,,,
29,,,,,,,,,8864,0.048800013959407806,,,,,,,
,,,,,,,,8.291749174917492e-07,8869,,,,,,,,
29,,,,,,,,,8869,0.03165769577026367,,,,,,,
,,,,,,,,8.285148514851485e-07,8874,,,,,,,,
29,,,,,,,,,8874,0.008388004265725613,,,,,,,
,,,,,,,,8.278547854785478e-07,8879,,,,,,,,
29,,,,,,,,,8879,0.011303254403173923,,,,,,,
,,,,,,,,8.271947194719472e-07,8884,,,,,,,,
29,,,,,,,,,8884,0.013668231666088104,,,,,,,
,,,,,,,,8.265346534653464e-07,8889,,,,,,,,
29,,,,,,,,,8889,0.018056491389870644,,,,,,,
,,,,,,,,8.258745874587459e-07,8894,,,,,,,,
29,,,,,,,,,8894,0.032847195863723755,,,,,,,
,,,,,,,,8.252145214521452e-07,8899,,,,,,,,
29,,,,,,,,,8899,0.01636296883225441,,,,,,,
,,,,,,,,8.245544554455445e-07,8904,,,,,,,,
29,,,,,,,,,8904,0.017231162637472153,,,,,,,
,,,,,,,,8.238943894389438e-07,8909,,,,,,,,
29,,,,,,,,,8909,0.008989580906927586,,,,,,,
,,,,,,,,8.232343234323432e-07,8914,,,,,,,,
29,,,,,,,,,8914,0.01940951868891716,,,,,,,
,,,,,,,,8.225742574257424e-07,8919,,,,,,,,
29,,,,,,,,,8919,0.04293682053685188,,,,,,,
,,,,,,,,8.219141914191419e-07,8924,,,,,,,,
29,,,,,,,,,8924,0.016357453539967537,,,,,,,
,,,,,,,,8.212541254125413e-07,8929,,,,,,,,
29,,,,,,,,,8929,0.013358128257095814,,,,,,,
,,,,,,,,8.205940594059405e-07,8934,,,,,,,,
29,,,,,,,,,8934,0.05169577896595001,,,,,,,
,,,,,,,,8.199339933993399e-07,8939,,,,,,,,
29,,,,,,,,,8939,0.013754330575466156,,,,,,,
,,,,,,,,8.192739273927392e-07,8944,,,,,,,,
29,,,,,,,,,8944,0.013159237802028656,,,,,,,
,,,,,,,,8.186138613861386e-07,8949,,,,,,,,
29,,,,,,,,,8949,0.021838124841451645,,,,,,,
,,,,,,,,8.179537953795379e-07,8954,,,,,,,,
29,,,,,,,,,8954,0.015045689418911934,,,,,,,
,,,,,,,,8.172937293729373e-07,8959,,,,,,,,
29,,,,,,,,,8959,0.022793756797909737,,,,,,,
,,,,,,,,8.166336633663365e-07,8964,,,,,,,,
29,,,,,,,,,8964,0.008064216002821922,,,,,,,
,,,,,,,,8.159735973597359e-07,8969,,,,,,,,
29,,,,,,,,,8969,0.03301159664988518,,,,,,,
,,,,,,,,8.153135313531352e-07,8974,,,,,,,,
29,,,,,,,,,8974,0.010261842049658298,,,,,,,
,,,,,,,,8.146534653465346e-07,8979,,,,,,,,
29,,,,,,,,,8979,0.03298740088939667,,,,,,,
,,,,,,,,8.13993399339934e-07,8984,,,,,,,,
29,,,,,,,,,8984,0.012259991839528084,,,,,,,
,,,,,,,,8.133333333333333e-07,8989,,,,,,,,
29,,,,,,,,,8989,0.006129082292318344,,,,,,,
,,,,,,,,8.126732673267326e-07,8994,,,,,,,,
29,,,,,,,,,8994,0.03316281735897064,,,,,,,
,,,,,,,,8.120132013201319e-07,8999,,,,,,,,
29,,,,,,,,,8999,0.01845446601510048,,,,,,,
,,,,,,,,8.113531353135314e-07,9004,,,,,,,,
29,,,,,,,,,9004,0.004998499993234873,,,,,,,
,,,,,,,,8.106930693069307e-07,9009,,,,,,,,
29,,,,,,,,,9009,0.017916766926646233,,,,,,,
,,,,,,,,8.1003300330033e-07,9014,,,,,,,,
29,,,,,,,,,9014,0.013143369928002357,,,,,,,
,,,,,,,,8.093729372937293e-07,9019,,,,,,,,
29,,,,,,,,,9019,0.03090626187622547,,,,,,,
,,,,,,,,8.087128712871287e-07,9024,,,,,,,,
29,,,,,,,,,9024,0.020060358569025993,,,,,,,
,,,,,,,,8.08052805280528e-07,9029,,,,,,,,
29,,,,,,,,,9029,0.015762602910399437,,,,,,,
,,,,,,,,8.073927392739274e-07,9034,,,,,,,,
29,,,,,,,,,9034,0.03657808527350426,,,,,,,
,,,,,,,,8.067326732673268e-07,9039,,,,,,,,
29,,,,,,,,,9039,0.02004634588956833,,,,,,,
,,,,,,,,8.06072607260726e-07,9044,,,,,,,,
29,,,,,,,,,9044,0.009446368552744389,,,,,,,
,,,,,,,,8.054125412541254e-07,9049,,,,,,,,
29,,,,,,,,,9049,0.019598016515374184,,,,,,,
,,,,,,,,8.047524752475247e-07,9054,,,,,,,,
29,,,,,,,,,9054,0.013167429715394974,,,,,,,
,,,,,,,,8.040924092409241e-07,9059,,,,,,,,
29,,,,,,,,,9059,0.0195811465382576,,,,,,,
,,,,,,,,8.034323432343234e-07,9064,,,,,,,,
29,,,,,,,,,9064,0.0286546777933836,,,,,,,
,,,,,,,,8.027722772277228e-07,9069,,,,,,,,
29,,,,,,,,,9069,0.011102326214313507,,,,,,,
,,,,,,,,8.02112211221122e-07,9074,,,,,,,,
29,,,,,,,,,9074,0.03911973163485527,,,,,,,
,,,,,,,,8.014521452145214e-07,9079,,,,,,,,
29,,,,,,,,,9079,0.021961050108075142,,,,,,,
,,,,,,,,8.007920792079208e-07,9084,,,,,,,,
29,,,,,,,,,9084,0.01782599277794361,,,,,,,
,,,,,,,,8.001320132013201e-07,9089,,,,,,,,
29,,,,,,,,,9089,0.02557830512523651,,,,,,,
29,,,,,,,,,9089,0.07859696447849274,0.6000000238418579,0.6701030731201172,0.07859696447849274,0.3584829270839691,0.625,0.7222222089767456,0.3117300868034363
,,,,,,,,7.994719471947194e-07,9094,,,,,,,,
30,,,,,,,,,9094,0.017306698486208916,,,,,,,
,,,,,,,,7.988118811881188e-07,9099,,,,,,,,
30,,,,,,,,,9099,0.014307276345789433,,,,,,,
,,,,,,,,7.98151815181518e-07,9104,,,,,,,,
30,,,,,,,,,9104,0.010303197428584099,,,,,,,
,,,,,,,,7.974917491749175e-07,9109,,,,,,,,
30,,,,,,,,,9109,0.021486708894371986,,,,,,,
,,,,,,,,7.968316831683169e-07,9114,,,,,,,,
30,,,,,,,,,9114,0.02292483299970627,,,,,,,
,,,,,,,,7.961716171617161e-07,9119,,,,,,,,
30,,,,,,,,,9119,0.018096614629030228,,,,,,,
,,,,,,,,7.955115511551155e-07,9124,,,,,,,,
30,,,,,,,,,9124,0.017557907849550247,,,,,,,
,,,,,,,,7.948514851485148e-07,9129,,,,,,,,
30,,,,,,,,,9129,0.014880052767693996,,,,,,,
,,,,,,,,7.941914191419141e-07,9134,,,,,,,,
30,,,,,,,,,9134,0.011085915379226208,,,,,,,
,,,,,,,,7.935313531353135e-07,9139,,,,,,,,
30,,,,,,,,,9139,0.019710203632712364,,,,,,,
,,,,,,,,7.928712871287129e-07,9144,,,,,,,,
30,,,,,,,,,9144,0.02943357825279236,,,,,,,
,,,,,,,,7.922112211221121e-07,9149,,,,,,,,
30,,,,,,,,,9149,0.008587462827563286,,,,,,,
,,,,,,,,7.915511551155115e-07,9154,,,,,,,,
30,,,,,,,,,9154,0.00944831594824791,,,,,,,
,,,,,,,,7.908910891089109e-07,9159,,,,,,,,
30,,,,,,,,,9159,0.0251531470566988,,,,,,,
,,,,,,,,7.902310231023102e-07,9164,,,,,,,,
30,,,,,,,,,9164,0.037101902067661285,,,,,,,
,,,,,,,,7.895709570957096e-07,9169,,,,,,,,
30,,,,,,,,,9169,0.019572237506508827,,,,,,,
,,,,,,,,7.889108910891089e-07,9174,,,,,,,,
30,,,,,,,,,9174,0.030067238956689835,,,,,,,
,,,,,,,,7.882508250825082e-07,9179,,,,,,,,
30,,,,,,,,,9179,0.009893225505948067,,,,,,,
,,,,,,,,7.875907590759075e-07,9184,,,,,,,,
30,,,,,,,,,9184,0.012660636566579342,,,,,,,
,,,,,,,,7.869306930693069e-07,9189,,,,,,,,
30,,,,,,,,,9189,0.009356318041682243,,,,,,,
,,,,,,,,7.862706270627062e-07,9194,,,,,,,,
30,,,,,,,,,9194,0.013448229990899563,,,,,,,
,,,,,,,,7.856105610561056e-07,9199,,,,,,,,
30,,,,,,,,,9199,0.02578333579003811,,,,,,,
,,,,,,,,7.849504950495049e-07,9204,,,,,,,,
30,,,,,,,,,9204,0.0020587369799613953,,,,,,,
,,,,,,,,7.842904290429042e-07,9209,,,,,,,,
30,,,,,,,,,9209,0.04099337011575699,,,,,,,
,,,,,,,,7.836303630363035e-07,9214,,,,,,,,
30,,,,,,,,,9214,0.012922852300107479,,,,,,,
,,,,,,,,7.82970297029703e-07,9219,,,,,,,,
30,,,,,,,,,9219,0.027180802077054977,,,,,,,
,,,,,,,,7.823102310231023e-07,9224,,,,,,,,
30,,,,,,,,,9224,0.024309145286679268,,,,,,,
,,,,,,,,7.816501650165016e-07,9229,,,,,,,,
30,,,,,,,,,9229,0.020774105563759804,,,,,,,
,,,,,,,,7.80990099009901e-07,9234,,,,,,,,
30,,,,,,,,,9234,0.01430942676961422,,,,,,,
,,,,,,,,7.803300330033002e-07,9239,,,,,,,,
30,,,,,,,,,9239,0.0071839033626019955,,,,,,,
,,,,,,,,7.796699669966997e-07,9244,,,,,,,,
30,,,,,,,,,9244,0.014869053848087788,,,,,,,
,,,,,,,,7.79009900990099e-07,9249,,,,,,,,
30,,,,,,,,,9249,0.013339852914214134,,,,,,,
,,,,,,,,7.783498349834983e-07,9254,,,,,,,,
30,,,,,,,,,9254,0.0157413799315691,,,,,,,
,,,,,,,,7.776897689768976e-07,9259,,,,,,,,
30,,,,,,,,,9259,0.02507500909268856,,,,,,,
,,,,,,,,7.77029702970297e-07,9264,,,,,,,,
30,,,,,,,,,9264,0.006033735815435648,,,,,,,
,,,,,,,,7.763696369636962e-07,9269,,,,,,,,
30,,,,,,,,,9269,0.020944738760590553,,,,,,,
,,,,,,,,7.757095709570957e-07,9274,,,,,,,,
30,,,,,,,,,9274,0.01396795455366373,,,,,,,
,,,,,,,,7.750495049504951e-07,9279,,,,,,,,
30,,,,,,,,,9279,0.026808425784111023,,,,,,,
,,,,,,,,7.743894389438943e-07,9284,,,,,,,,
30,,,,,,,,,9284,0.014896712265908718,,,,,,,
,,,,,,,,7.737293729372937e-07,9289,,,,,,,,
30,,,,,,,,,9289,0.008963056840002537,,,,,,,
,,,,,,,,7.73069306930693e-07,9294,,,,,,,,
30,,,,,,,,,9294,0.0225755013525486,,,,,,,
,,,,,,,,7.724092409240924e-07,9299,,,,,,,,
30,,,,,,,,,9299,0.011255343444645405,,,,,,,
,,,,,,,,7.717491749174917e-07,9304,,,,,,,,
30,,,,,,,,,9304,0.004539040382951498,,,,,,,
,,,,,,,,7.710891089108911e-07,9309,,,,,,,,
30,,,,,,,,,9309,0.03397683426737785,,,,,,,
,,,,,,,,7.704290429042904e-07,9314,,,,,,,,
30,,,,,,,,,9314,0.01220911368727684,,,,,,,
,,,,,,,,7.697689768976897e-07,9319,,,,,,,,
30,,,,,,,,,9319,0.014450108632445335,,,,,,,
,,,,,,,,7.691089108910891e-07,9324,,,,,,,,
30,,,,,,,,,9324,0.022630341351032257,,,,,,,
,,,,,,,,7.684488448844885e-07,9329,,,,,,,,
30,,,,,,,,,9329,0.017288027331233025,,,,,,,
,,,,,,,,7.677887788778877e-07,9334,,,,,,,,
30,,,,,,,,,9334,0.01766005903482437,,,,,,,
,,,,,,,,7.671287128712871e-07,9339,,,,,,,,
30,,,,,,,,,9339,0.030633898451924324,,,,,,,
,,,,,,,,7.664686468646865e-07,9344,,,,,,,,
30,,,,,,,,,9344,0.015374775975942612,,,,,,,
,,,,,,,,7.658085808580857e-07,9349,,,,,,,,
30,,,,,,,,,9349,0.0293424092233181,,,,,,,
,,,,,,,,7.651485148514852e-07,9354,,,,,,,,
30,,,,,,,,,9354,0.004451734945178032,,,,,,,
,,,,,,,,7.644884488448845e-07,9359,,,,,,,,
30,,,,,,,,,9359,0.022930674254894257,,,,,,,
,,,,,,,,7.638283828382838e-07,9364,,,,,,,,
30,,,,,,,,,9364,0.014202364720404148,,,,,,,
,,,,,,,,7.631683168316831e-07,9369,,,,,,,,
30,,,,,,,,,9369,0.04121118411421776,,,,,,,
,,,,,,,,7.625082508250825e-07,9374,,,,,,,,
30,,,,,,,,,9374,0.025265708565711975,,,,,,,
,,,,,,,,7.618481848184818e-07,9379,,,,,,,,
30,,,,,,,,,9379,0.010779477655887604,,,,,,,
,,,,,,,,7.611881188118812e-07,9384,,,,,,,,
30,,,,,,,,,9384,0.019208021461963654,,,,,,,
,,,,,,,,7.605280528052805e-07,9389,,,,,,,,
30,,,,,,,,,9389,0.02233351394534111,,,,,,,
30,,,,,,,,,9392,0.07858823239803314,0.625,0.6739130616188049,0.07858823239803314,0.35797229409217834,0.6595744490623474,0.6888889074325562,0.3146633207798004
,,,,,,,,7.598679867986798e-07,9394,,,,,,,,
31,,,,,,,,,9394,0.017703799530863762,,,,,,,
,,,,,,,,7.592079207920791e-07,9399,,,,,,,,
31,,,,,,,,,9399,0.014927498996257782,,,,,,,
,,,,,,,,7.585478547854786e-07,9404,,,,,,,,
31,,,,,,,,,9404,0.005092460196465254,,,,,,,
,,,,,,,,7.578877887788779e-07,9409,,,,,,,,
31,,,,,,,,,9409,0.012321863323450089,,,,,,,
,,,,,,,,7.572277227722772e-07,9414,,,,,,,,
31,,,,,,,,,9414,0.019098659977316856,,,,,,,
,,,,,,,,7.565676567656766e-07,9419,,,,,,,,
31,,,,,,,,,9419,0.02121596969664097,,,,,,,
,,,,,,,,7.559075907590758e-07,9424,,,,,,,,
31,,,,,,,,,9424,0.004765288904309273,,,,,,,
,,,,,,,,7.552475247524752e-07,9429,,,,,,,,
31,,,,,,,,,9429,0.031634557992219925,,,,,,,
,,,,,,,,7.545874587458746e-07,9434,,,,,,,,
31,,,,,,,,,9434,0.0033409539610147476,,,,,,,
,,,,,,,,7.539273927392739e-07,9439,,,,,,,,
31,,,,,,,,,9439,0.01766311191022396,,,,,,,
,,,,,,,,7.532673267326732e-07,9444,,,,,,,,
31,,,,,,,,,9444,0.014342037960886955,,,,,,,
,,,,,,,,7.526072607260726e-07,9449,,,,,,,,
31,,,,,,,,,9449,0.01462503056973219,,,,,,,
,,,,,,,,7.519471947194718e-07,9454,,,,,,,,
31,,,,,,,,,9454,0.02087731473147869,,,,,,,
,,,,,,,,7.512871287128713e-07,9459,,,,,,,,
31,,,,,,,,,9459,0.018274638801813126,,,,,,,
,,,,,,,,7.506270627062707e-07,9464,,,,,,,,
31,,,,,,,,,9464,0.013940117321908474,,,,,,,
,,,,,,,,7.499669966996699e-07,9469,,,,,,,,
31,,,,,,,,,9469,0.010653973557054996,,,,,,,
,,,,,,,,7.493069306930693e-07,9474,,,,,,,,
31,,,,,,,,,9474,0.006117545068264008,,,,,,,
,,,,,,,,7.486468646864686e-07,9479,,,,,,,,
31,,,,,,,,,9479,0.029174519702792168,,,,,,,
,,,,,,,,7.479867986798679e-07,9484,,,,,,,,
31,,,,,,,,,9484,0.012878317385911942,,,,,,,
,,,,,,,,7.473267326732673e-07,9489,,,,,,,,
31,,,,,,,,,9489,0.019012026488780975,,,,,,,
,,,,,,,,7.466666666666667e-07,9494,,,,,,,,
31,,,,,,,,,9494,0.009856264106929302,,,,,,,
,,,,,,,,7.460066006600659e-07,9499,,,,,,,,
31,,,,,,,,,9499,0.014214340597391129,,,,,,,
,,,,,,,,7.453465346534653e-07,9504,,,,,,,,
31,,,,,,,,,9504,0.008406776934862137,,,,,,,
,,,,,,,,7.446864686468646e-07,9509,,,,,,,,
31,,,,,,,,,9509,0.04377531632781029,,,,,,,
,,,,,,,,7.44026402640264e-07,9514,,,,,,,,
31,,,,,,,,,9514,0.013389036059379578,,,,,,,
,,,,,,,,7.433663366336634e-07,9519,,,,,,,,
31,,,,,,,,,9519,0.022114742547273636,,,,,,,
,,,,,,,,7.427062706270627e-07,9524,,,,,,,,
31,,,,,,,,,9524,0.008470290340483189,,,,,,,
,,,,,,,,7.42046204620462e-07,9529,,,,,,,,
31,,,,,,,,,9529,0.023780519142746925,,,,,,,
,,,,,,,,7.413861386138613e-07,9534,,,,,,,,
31,,,,,,,,,9534,0.03240800276398659,,,,,,,
,,,,,,,,7.407260726072608e-07,9539,,,,,,,,
31,,,,,,,,,9539,0.008707121945917606,,,,,,,
,,,,,,,,7.4006600660066e-07,9544,,,,,,,,
31,,,,,,,,,9544,0.012488170526921749,,,,,,,
,,,,,,,,7.394059405940594e-07,9549,,,,,,,,
31,,,,,,,,,9549,0.024981902912259102,,,,,,,
,,,,,,,,7.387458745874587e-07,9554,,,,,,,,
31,,,,,,,,,9554,0.008083606138825417,,,,,,,
,,,,,,,,7.38085808580858e-07,9559,,,,,,,,
31,,,,,,,,,9559,0.012770934030413628,,,,,,,
,,,,,,,,7.374257425742573e-07,9564,,,,,,,,
31,,,,,,,,,9564,0.030705001205205917,,,,,,,
,,,,,,,,7.367656765676568e-07,9569,,,,,,,,
31,,,,,,,,,9569,0.01776757836341858,,,,,,,
,,,,,,,,7.36105610561056e-07,9574,,,,,,,,
31,,,,,,,,,9574,0.024447288364171982,,,,,,,
,,,,,,,,7.354455445544554e-07,9579,,,,,,,,
31,,,,,,,,,9579,0.01570337824523449,,,,,,,
,,,,,,,,7.347854785478548e-07,9584,,,,,,,,
31,,,,,,,,,9584,0.016683490946888924,,,,,,,
,,,,,,,,7.34125412541254e-07,9589,,,,,,,,
31,,,,,,,,,9589,0.013412359170615673,,,,,,,
,,,,,,,,7.334653465346535e-07,9594,,,,,,,,
31,,,,,,,,,9594,0.008570083416998386,,,,,,,
,,,,,,,,7.328052805280528e-07,9599,,,,,,,,
31,,,,,,,,,9599,0.025200625881552696,,,,,,,
,,,,,,,,7.321452145214521e-07,9604,,,,,,,,
31,,,,,,,,,9604,0.03694365918636322,,,,,,,
,,,,,,,,7.314851485148514e-07,9609,,,,,,,,
31,,,,,,,,,9609,0.014262679032981396,,,,,,,
,,,,,,,,7.308250825082508e-07,9614,,,,,,,,
31,,,,,,,,,9614,0.023275645449757576,,,,,,,
,,,,,,,,7.3016501650165e-07,9619,,,,,,,,
31,,,,,,,,,9619,0.0065543316304683685,,,,,,,
,,,,,,,,7.295049504950495e-07,9624,,,,,,,,
31,,,,,,,,,9624,0.012899713590741158,,,,,,,
,,,,,,,,7.288448844884488e-07,9629,,,,,,,,
31,,,,,,,,,9629,0.031907759606838226,,,,,,,
,,,,,,,,7.281848184818482e-07,9634,,,,,,,,
31,,,,,,,,,9634,0.02479243278503418,,,,,,,
,,,,,,,,7.275247524752474e-07,9639,,,,,,,,
31,,,,,,,,,9639,0.02127663791179657,,,,,,,
,,,,,,,,7.268646864686468e-07,9644,,,,,,,,
31,,,,,,,,,9644,0.008636930957436562,,,,,,,
,,,,,,,,7.262046204620463e-07,9649,,,,,,,,
31,,,,,,,,,9649,0.016065333038568497,,,,,,,
,,,,,,,,7.255445544554455e-07,9654,,,,,,,,
31,,,,,,,,,9654,0.014598025940358639,,,,,,,
,,,,,,,,7.248844884488449e-07,9659,,,,,,,,
31,,,,,,,,,9659,0.011632475070655346,,,,,,,
,,,,,,,,7.242244224422442e-07,9664,,,,,,,,
31,,,,,,,,,9664,0.021422989666461945,,,,,,,
,,,,,,,,7.235643564356435e-07,9669,,,,,,,,
31,,,,,,,,,9669,0.0197457205504179,,,,,,,
,,,,,,,,7.229042904290429e-07,9674,,,,,,,,
31,,,,,,,,,9674,0.021726438775658607,,,,,,,
,,,,,,,,7.222442244224423e-07,9679,,,,,,,,
31,,,,,,,,,9679,0.02099728398025036,,,,,,,
,,,,,,,,7.215841584158415e-07,9684,,,,,,,,
31,,,,,,,,,9684,0.016020948067307472,,,,,,,
,,,,,,,,7.209240924092409e-07,9689,,,,,,,,
31,,,,,,,,,9689,0.03027992509305477,,,,,,,
,,,,,,,,7.202640264026402e-07,9694,,,,,,,,
31,,,,,,,,,9694,0.008509973995387554,,,,,,,
31,,,,,,,,,9695,0.07893355190753937,0.6000000238418579,0.6321839094161987,0.07893355190753937,0.35914164781570435,0.6547619104385376,0.6111111044883728,0.3139975070953369
,,,,,,,,7.196039603960395e-07,9699,,,,,,,,
32,,,,,,,,,9699,0.018360134214162827,,,,,,,
,,,,,,,,7.18943894389439e-07,9704,,,,,,,,
32,,,,,,,,,9704,0.010377373546361923,,,,,,,
,,,,,,,,7.182838283828383e-07,9709,,,,,,,,
32,,,,,,,,,9709,0.00880411360412836,,,,,,,
,,,,,,,,7.176237623762376e-07,9714,,,,,,,,
32,,,,,,,,,9714,0.020795391872525215,,,,,,,
,,,,,,,,7.169636963696369e-07,9719,,,,,,,,
32,,,,,,,,,9719,0.019979186356067657,,,,,,,
,,,,,,,,7.163036303630363e-07,9724,,,,,,,,
32,,,,,,,,,9724,0.013033817522227764,,,,,,,
,,,,,,,,7.156435643564356e-07,9729,,,,,,,,
32,,,,,,,,,9729,0.01129158865660429,,,,,,,
,,,,,,,,7.14983498349835e-07,9734,,,,,,,,
32,,,,,,,,,9734,0.012851724401116371,,,,,,,
,,,,,,,,7.143234323432343e-07,9739,,,,,,,,
32,,,,,,,,,9739,0.006265913136303425,,,,,,,
,,,,,,,,7.136633663366336e-07,9744,,,,,,,,
32,,,,,,,,,9744,0.01071104221045971,,,,,,,
,,,,,,,,7.130033003300329e-07,9749,,,,,,,,
32,,,,,,,,,9749,0.00791485421359539,,,,,,,
,,,,,,,,7.123432343234324e-07,9754,,,,,,,,
32,,,,,,,,,9754,0.021437207236886024,,,,,,,
,,,,,,,,7.116831683168316e-07,9759,,,,,,,,
32,,,,,,,,,9759,0.011753746308386326,,,,,,,
,,,,,,,,7.11023102310231e-07,9764,,,,,,,,
32,,,,,,,,,9764,0.012444816529750824,,,,,,,
,,,,,,,,7.103630363036304e-07,9769,,,,,,,,
32,,,,,,,,,9769,0.012460908852517605,,,,,,,
,,,,,,,,7.097029702970296e-07,9774,,,,,,,,
32,,,,,,,,,9774,0.019933253526687622,,,,,,,
,,,,,,,,7.09042904290429e-07,9779,,,,,,,,
32,,,,,,,,,9779,0.04860881716012955,,,,,,,
,,,,,,,,7.083828382838284e-07,9784,,,,,,,,
32,,,,,,,,,9784,0.013604288920760155,,,,,,,
,,,,,,,,7.077227722772277e-07,9789,,,,,,,,
32,,,,,,,,,9789,0.019903918728232384,,,,,,,
,,,,,,,,7.07062706270627e-07,9794,,,,,,,,
32,,,,,,,,,9794,0.008075175806879997,,,,,,,
,,,,,,,,7.064026402640264e-07,9799,,,,,,,,
32,,,,,,,,,9799,0.008484629914164543,,,,,,,
,,,,,,,,7.057425742574256e-07,9804,,,,,,,,
32,,,,,,,,,9804,0.01655954122543335,,,,,,,
,,,,,,,,7.050825082508251e-07,9809,,,,,,,,
32,,,,,,,,,9809,0.013847039081156254,,,,,,,
,,,,,,,,7.044224422442244e-07,9814,,,,,,,,
32,,,,,,,,,9814,0.012340216897428036,,,,,,,
,,,,,,,,7.037623762376237e-07,9819,,,,,,,,
32,,,,,,,,,9819,0.009854733012616634,,,,,,,
,,,,,,,,7.03102310231023e-07,9824,,,,,,,,
32,,,,,,,,,9824,0.03447674959897995,,,,,,,
,,,,,,,,7.024422442244224e-07,9829,,,,,,,,
32,,,,,,,,,9829,0.018464606255292892,,,,,,,
,,,,,,,,7.017821782178217e-07,9834,,,,,,,,
32,,,,,,,,,9834,0.021605025976896286,,,,,,,
,,,,,,,,7.011221122112211e-07,9839,,,,,,,,
32,,,,,,,,,9839,0.013555833138525486,,,,,,,
,,,,,,,,7.004620462046205e-07,9844,,,,,,,,
32,,,,,,,,,9844,0.004758742637932301,,,,,,,
,,,,,,,,6.998019801980197e-07,9849,,,,,,,,
32,,,,,,,,,9849,0.01573863998055458,,,,,,,
,,,,,,,,6.991419141914191e-07,9854,,,,,,,,
32,,,,,,,,,9854,0.02030990459024906,,,,,,,
,,,,,,,,6.984818481848184e-07,9859,,,,,,,,
32,,,,,,,,,9859,0.03774897754192352,,,,,,,
,,,,,,,,6.978217821782178e-07,9864,,,,,,,,
32,,,,,,,,,9864,0.01978849619626999,,,,,,,
,,,,,,,,6.971617161716171e-07,9869,,,,,,,,
32,,,,,,,,,9869,0.03153294697403908,,,,,,,
,,,,,,,,6.965016501650165e-07,9874,,,,,,,,
32,,,,,,,,,9874,0.0067813885398209095,,,,,,,
,,,,,,,,6.958415841584157e-07,9879,,,,,,,,
32,,,,,,,,,9879,0.012685557827353477,,,,,,,
,,,,,,,,6.951815181518151e-07,9884,,,,,,,,
32,,,,,,,,,9884,0.008542981930077076,,,,,,,
,,,,,,,,6.945214521452146e-07,9889,,,,,,,,
32,,,,,,,,,9889,0.018664224073290825,,,,,,,
,,,,,,,,6.938613861386138e-07,9894,,,,,,,,
32,,,,,,,,,9894,0.023105714470148087,,,,,,,
,,,,,,,,6.932013201320132e-07,9899,,,,,,,,
32,,,,,,,,,9899,0.024042071774601936,,,,,,,
,,,,,,,,6.925412541254125e-07,9904,,,,,,,,
32,,,,,,,,,9904,0.012824743054807186,,,,,,,
,,,,,,,,6.918811881188118e-07,9909,,,,,,,,
32,,,,,,,,,9909,0.013797443360090256,,,,,,,
,,,,,,,,6.912211221122111e-07,9914,,,,,,,,
32,,,,,,,,,9914,0.03762984275817871,,,,,,,
,,,,,,,,6.905610561056106e-07,9919,,,,,,,,
32,,,,,,,,,9919,0.008150613866746426,,,,,,,
,,,,,,,,6.899009900990098e-07,9924,,,,,,,,
32,,,,,,,,,9924,0.013312085531651974,,,,,,,
,,,,,,,,6.892409240924092e-07,9929,,,,,,,,
32,,,,,,,,,9929,0.017366597428917885,,,,,,,
,,,,,,,,6.885808580858085e-07,9934,,,,,,,,
32,,,,,,,,,9934,0.03577418625354767,,,,,,,
,,,,,,,,6.879207920792078e-07,9939,,,,,,,,
32,,,,,,,,,9939,0.009917054325342178,,,,,,,
,,,,,,,,6.872607260726073e-07,9944,,,,,,,,
32,,,,,,,,,9944,0.025189612060785294,,,,,,,
,,,,,,,,6.866006600660066e-07,9949,,,,,,,,
32,,,,,,,,,9949,0.0154687175527215,,,,,,,
,,,,,,,,6.85940594059406e-07,9954,,,,,,,,
32,,,,,,,,,9954,0.02914423868060112,,,,,,,
,,,,,,,,6.852805280528052e-07,9959,,,,,,,,
32,,,,,,,,,9959,0.018168311566114426,,,,,,,
,,,,,,,,6.846204620462046e-07,9964,,,,,,,,
32,,,,,,,,,9964,0.0214344784617424,,,,,,,
,,,,,,,,6.83960396039604e-07,9969,,,,,,,,
32,,,,,,,,,9969,0.011853894218802452,,,,,,,
,,,,,,,,6.833003300330033e-07,9974,,,,,,,,
32,,,,,,,,,9974,0.006255213636904955,,,,,,,
,,,,,,,,6.826402640264026e-07,9979,,,,,,,,
32,,,,,,,,,9979,0.008642037399113178,,,,,,,
,,,,,,,,6.81980198019802e-07,9984,,,,,,,,
32,,,,,,,,,9984,0.015615247189998627,,,,,,,
,,,,,,,,6.813201320132012e-07,9989,,,,,,,,
32,,,,,,,,,9989,0.023855697363615036,,,,,,,
,,,,,,,,6.806600660066006e-07,9994,,,,,,,,
32,,,,,,,,,9994,0.006328633986413479,,,,,,,
32,,,,,,,,,9998,0.07964777946472168,0.606249988079071,0.6440678238868713,0.07964777946472168,0.3531545102596283,0.6551724076271057,0.6333333253860474,0.30637550354003906
,,,,,,,,6.800000000000001e-07,9999,,,,,,,,
33,,,,,,,,,9999,0.016593335196375847,,,,,,,
,,,,,,,,6.793399339933993e-07,10004,,,,,,,,
33,,,,,,,,,10004,0.013795945793390274,,,,,,,
,,,,,,,,6.786798679867987e-07,10009,,,,,,,,
33,,,,,,,,,10009,0.010573365725576878,,,,,,,
,,,,,,,,6.78019801980198e-07,10014,,,,,,,,
33,,,,,,,,,10014,0.013213809579610825,,,,,,,
,,,,,,,,6.773597359735973e-07,10019,,,,,,,,
33,,,,,,,,,10019,0.017654089257121086,,,,,,,
,,,,,,,,6.766996699669967e-07,10024,,,,,,,,
33,,,,,,,,,10024,0.0191147830337286,,,,,,,
,,,,,,,,6.760396039603961e-07,10029,,,,,,,,
33,,,,,,,,,10029,0.01716810278594494,,,,,,,
,,,,,,,,6.753795379537953e-07,10034,,,,,,,,
33,,,,,,,,,10034,0.03577558323740959,,,,,,,
,,,,,,,,6.747194719471947e-07,10039,,,,,,,,
33,,,,,,,,,10039,0.020329536870121956,,,,,,,
,,,,,,,,6.74059405940594e-07,10044,,,,,,,,
33,,,,,,,,,10044,0.01629394292831421,,,,,,,
,,,,,,,,6.733993399339933e-07,10049,,,,,,,,
33,,,,,,,,,10049,0.009429438039660454,,,,,,,
,,,,,,,,6.727392739273927e-07,10054,,,,,,,,
33,,,,,,,,,10054,0.005453621037304401,,,,,,,
,,,,,,,,6.720792079207921e-07,10059,,,,,,,,
33,,,,,,,,,10059,0.008751382119953632,,,,,,,
,,,,,,,,6.714191419141914e-07,10064,,,,,,,,
33,,,,,,,,,10064,0.011949746869504452,,,,,,,
,,,,,,,,6.707590759075907e-07,10069,,,,,,,,
33,,,,,,,,,10069,0.01861588843166828,,,,,,,
,,,,,,,,6.700990099009901e-07,10074,,,,,,,,
33,,,,,,,,,10074,0.00792023167014122,,,,,,,
,,,,,,,,6.694389438943894e-07,10079,,,,,,,,
33,,,,,,,,,10079,0.021013639867305756,,,,,,,
,,,,,,,,6.687788778877888e-07,10084,,,,,,,,
33,,,,,,,,,10084,0.015105447731912136,,,,,,,
,,,,,,,,6.681188118811881e-07,10089,,,,,,,,
33,,,,,,,,,10089,0.005914303008466959,,,,,,,
,,,,,,,,6.674587458745874e-07,10094,,,,,,,,
33,,,,,,,,,10094,0.01429196447134018,,,,,,,
,,,,,,,,6.667986798679867e-07,10099,,,,,,,,
33,,,,,,,,,10099,0.013202418573200703,,,,,,,
,,,,,,,,6.661386138613862e-07,10104,,,,,,,,
33,,,,,,,,,10104,0.008056200109422207,,,,,,,
,,,,,,,,6.654785478547854e-07,10109,,,,,,,,
33,,,,,,,,,10109,0.0038944229017943144,,,,,,,
,,,,,,,,6.648184818481848e-07,10114,,,,,,,,
33,,,,,,,,,10114,0.010361813008785248,,,,,,,
,,,,,,,,6.641584158415842e-07,10119,,,,,,,,
33,,,,,,,,,10119,0.030134452506899834,,,,,,,
,,,,,,,,6.634983498349834e-07,10124,,,,,,,,
33,,,,,,,,,10124,0.02599191665649414,,,,,,,
,,,,,,,,6.628382838283828e-07,10129,,,,,,,,
33,,,,,,,,,10129,0.02096363715827465,,,,,,,
,,,,,,,,6.621782178217822e-07,10134,,,,,,,,
33,,,,,,,,,10134,0.0068425145000219345,,,,,,,
,,,,,,,,6.615181518151815e-07,10139,,,,,,,,
33,,,,,,,,,10139,0.020374702289700508,,,,,,,
,,,,,,,,6.608580858085808e-07,10144,,,,,,,,
33,,,,,,,,,10144,0.00730979535728693,,,,,,,
,,,,,,,,6.601980198019802e-07,10149,,,,,,,,
33,,,,,,,,,10149,0.022580169141292572,,,,,,,
,,,,,,,,6.595379537953794e-07,10154,,,,,,,,
33,,,,,,,,,10154,0.010538462549448013,,,,,,,
,,,,,,,,6.588778877887789e-07,10159,,,,,,,,
33,,,,,,,,,10159,0.02225193940103054,,,,,,,
,,,,,,,,6.582178217821782e-07,10164,,,,,,,,
33,,,,,,,,,10164,0.015251724980771542,,,,,,,
,,,,,,,,6.575577557755775e-07,10169,,,,,,,,
33,,,,,,,,,10169,0.02233576774597168,,,,,,,
,,,,,,,,6.568976897689768e-07,10174,,,,,,,,
33,,,,,,,,,10174,0.0122422119602561,,,,,,,
,,,,,,,,6.562376237623762e-07,10179,,,,,,,,
33,,,,,,,,,10179,0.014236555434763432,,,,,,,
,,,,,,,,6.555775577557756e-07,10184,,,,,,,,
33,,,,,,,,,10184,0.009902526624500751,,,,,,,
,,,,,,,,6.549174917491749e-07,10189,,,,,,,,
33,,,,,,,,,10189,0.013785346411168575,,,,,,,
,,,,,,,,6.542574257425743e-07,10194,,,,,,,,
33,,,,,,,,,10194,0.020994368940591812,,,,,,,
,,,,,,,,6.535973597359735e-07,10199,,,,,,,,
33,,,,,,,,,10199,0.004216767847537994,,,,,,,
,,,,,,,,6.529372937293729e-07,10204,,,,,,,,
33,,,,,,,,,10204,0.004840164911001921,,,,,,,
,,,,,,,,6.522772277227722e-07,10209,,,,,,,,
33,,,,,,,,,10209,0.014617406763136387,,,,,,,
,,,,,,,,6.516171617161716e-07,10214,,,,,,,,
33,,,,,,,,,10214,0.012911190278828144,,,,,,,
,,,,,,,,6.509570957095709e-07,10219,,,,,,,,
33,,,,,,,,,10219,0.01877904310822487,,,,,,,
,,,,,,,,6.502970297029703e-07,10224,,,,,,,,
33,,,,,,,,,10224,0.005653806496411562,,,,,,,
,,,,,,,,6.496369636963695e-07,10229,,,,,,,,
33,,,,,,,,,10229,0.0054028332233428955,,,,,,,
,,,,,,,,6.489768976897689e-07,10234,,,,,,,,
33,,,,,,,,,10234,0.013568518683314323,,,,,,,
,,,,,,,,6.483168316831684e-07,10239,,,,,,,,
33,,,,,,,,,10239,0.014720720238983631,,,,,,,
,,,,,,,,6.476567656765676e-07,10244,,,,,,,,
33,,,,,,,,,10244,0.009267672896385193,,,,,,,
,,,,,,,,6.46996699669967e-07,10249,,,,,,,,
33,,,,,,,,,10249,0.01712808944284916,,,,,,,
,,,,,,,,6.463366336633663e-07,10254,,,,,,,,
33,,,,,,,,,10254,0.0037794827949255705,,,,,,,
,,,,,,,,6.456765676567657e-07,10259,,,,,,,,
33,,,,,,,,,10259,0.014726225286722183,,,,,,,
,,,,,,,,6.450165016501649e-07,10264,,,,,,,,
33,,,,,,,,,10264,0.015558911487460136,,,,,,,
,,,,,,,,6.443564356435644e-07,10269,,,,,,,,
33,,,,,,,,,10269,0.01775473542511463,,,,,,,
,,,,,,,,6.436963696369637e-07,10274,,,,,,,,
33,,,,,,,,,10274,0.026066884398460388,,,,,,,
,,,,,,,,6.43036303630363e-07,10279,,,,,,,,
33,,,,,,,,,10279,0.013423561118543148,,,,,,,
,,,,,,,,6.423762376237623e-07,10284,,,,,,,,
33,,,,,,,,,10284,0.014440570026636124,,,,,,,
,,,,,,,,6.417161716171617e-07,10289,,,,,,,,
33,,,,,,,,,10289,0.009061262011528015,,,,,,,
,,,,,,,,6.41056105610561e-07,10294,,,,,,,,
33,,,,,,,,,10294,0.053433313965797424,,,,,,,
,,,,,,,,6.403960396039604e-07,10299,,,,,,,,
33,,,,,,,,,10299,0.021915897727012634,,,,,,,
33,,,,,,,,,10301,0.07899804413318634,0.606249988079071,0.6519337296485901,0.07899804413318634,0.3634931743144989,0.6483516693115234,0.6555555462837219,0.3132905662059784
,,,,,,,,6.397359735973598e-07,10304,,,,,,,,
34,,,,,,,,,10304,0.010722045786678791,,,,,,,
,,,,,,,,6.39075907590759e-07,10309,,,,,,,,
34,,,,,,,,,10309,0.01348152570426464,,,,,,,
,,,,,,,,6.384158415841584e-07,10314,,,,,,,,
34,,,,,,,,,10314,0.006035986356437206,,,,,,,
,,,,,,,,6.377557755775578e-07,10319,,,,,,,,
34,,,,,,,,,10319,0.007375911343842745,,,,,,,
,,,,,,,,6.370957095709571e-07,10324,,,,,,,,
34,,,,,,,,,10324,0.018240083009004593,,,,,,,
,,,,,,,,6.364356435643564e-07,10329,,,,,,,,
34,,,,,,,,,10329,0.017135977745056152,,,,,,,
,,,,,,,,6.357755775577558e-07,10334,,,,,,,,
34,,,,,,,,,10334,0.023572729900479317,,,,,,,
,,,,,,,,6.35115511551155e-07,10339,,,,,,,,
34,,,,,,,,,10339,0.020741941407322884,,,,,,,
,,,,,,,,6.344554455445544e-07,10344,,,,,,,,
34,,,,,,,,,10344,0.02899787947535515,,,,,,,
,,,,,,,,6.337953795379538e-07,10349,,,,,,,,
34,,,,,,,,,10349,0.009265017695724964,,,,,,,
,,,,,,,,6.331353135313531e-07,10354,,,,,,,,
34,,,,,,,,,10354,0.01457374356687069,,,,,,,
,,,,,,,,6.324752475247524e-07,10359,,,,,,,,
34,,,,,,,,,10359,0.021525919437408447,,,,,,,
,,,,,,,,6.318151815181518e-07,10364,,,,,,,,
34,,,,,,,,,10364,0.005095624830573797,,,,,,,
,,,,,,,,6.31155115511551e-07,10369,,,,,,,,
34,,,,,,,,,10369,0.02009037882089615,,,,,,,
,,,,,,,,6.304950495049505e-07,10374,,,,,,,,
34,,,,,,,,,10374,0.01352995727211237,,,,,,,
,,,,,,,,6.298349834983499e-07,10379,,,,,,,,
34,,,,,,,,,10379,0.028687858954072,,,,,,,
,,,,,,,,6.291749174917491e-07,10384,,,,,,,,
34,,,,,,,,,10384,0.009519624523818493,,,,,,,
,,,,,,,,6.285148514851485e-07,10389,,,,,,,,
34,,,,,,,,,10389,0.01716945506632328,,,,,,,
,,,,,,,,6.278547854785478e-07,10394,,,,,,,,
34,,,,,,,,,10394,0.007453933823853731,,,,,,,
,,,,,,,,6.271947194719472e-07,10399,,,,,,,,
34,,,,,,,,,10399,0.013926622457802296,,,,,,,
,,,,,,,,6.265346534653465e-07,10404,,,,,,,,
34,,,,,,,,,10404,0.006463998928666115,,,,,,,
,,,,,,,,6.258745874587459e-07,10409,,,,,,,,
34,,,,,,,,,10409,0.017998838797211647,,,,,,,
,,,,,,,,6.252145214521451e-07,10414,,,,,,,,
34,,,,,,,,,10414,0.02174903266131878,,,,,,,
,,,,,,,,6.245544554455445e-07,10419,,,,,,,,
34,,,,,,,,,10419,0.01065225712954998,,,,,,,
,,,,,,,,6.238943894389439e-07,10424,,,,,,,,
34,,,,,,,,,10424,0.01685558818280697,,,,,,,
,,,,,,,,6.232343234323432e-07,10429,,,,,,,,
34,,,,,,,,,10429,0.003898496041074395,,,,,,,
,,,,,,,,6.225742574257426e-07,10434,,,,,,,,
34,,,,,,,,,10434,0.014802392572164536,,,,,,,
,,,,,,,,6.219141914191419e-07,10439,,,,,,,,
34,,,,,,,,,10439,0.009603054262697697,,,,,,,
,,,,,,,,6.212541254125412e-07,10444,,,,,,,,
34,,,,,,,,,10444,0.006143264006823301,,,,,,,
,,,,,,,,6.205940594059405e-07,10449,,,,,,,,
34,,,,,,,,,10449,0.01228236872702837,,,,,,,
,,,,,,,,6.1993399339934e-07,10454,,,,,,,,
34,,,,,,,,,10454,0.007890255190432072,,,,,,,
,,,,,,,,6.192739273927392e-07,10459,,,,,,,,
34,,,,,,,,,10459,0.013164493255317211,,,,,,,
,,,,,,,,6.186138613861386e-07,10464,,,,,,,,
34,,,,,,,,,10464,0.008407444693148136,,,,,,,
,,,,,,,,6.179537953795379e-07,10469,,,,,,,,
34,,,,,,,,,10469,0.010338948108255863,,,,,,,
,,,,,,,,6.172937293729372e-07,10474,,,,,,,,
34,,,,,,,,,10474,0.014288259670138359,,,,,,,
,,,,,,,,6.166336633663367e-07,10479,,,,,,,,
34,,,,,,,,,10479,0.021273015066981316,,,,,,,
,,,,,,,,6.15973597359736e-07,10484,,,,,,,,
34,,,,,,,,,10484,0.016271812841296196,,,,,,,
,,,,,,,,6.153135313531353e-07,10489,,,,,,,,
34,,,,,,,,,10489,0.02079474739730358,,,,,,,
,,,,,,,,6.146534653465346e-07,10494,,,,,,,,
34,,,,,,,,,10494,0.010346721857786179,,,,,,,
,,,,,,,,6.13993399339934e-07,10499,,,,,,,,
34,,,,,,,,,10499,0.015882721170783043,,,,,,,
,,,,,,,,6.133333333333332e-07,10504,,,,,,,,
34,,,,,,,,,10504,0.017825378105044365,,,,,,,
,,,,,,,,6.126732673267327e-07,10509,,,,,,,,
34,,,,,,,,,10509,0.02745944820344448,,,,,,,
,,,,,,,,6.12013201320132e-07,10514,,,,,,,,
34,,,,,,,,,10514,0.008451025933027267,,,,,,,
,,,,,,,,6.113531353135313e-07,10519,,,,,,,,
34,,,,,,,,,10519,0.007916994392871857,,,,,,,
,,,,,,,,6.106930693069306e-07,10524,,,,,,,,
34,,,,,,,,,10524,0.005937270354479551,,,,,,,
,,,,,,,,6.1003300330033e-07,10529,,,,,,,,
34,,,,,,,,,10529,0.014717833139002323,,,,,,,
,,,,,,,,6.093729372937293e-07,10534,,,,,,,,
34,,,,,,,,,10534,0.006114553660154343,,,,,,,
,,,,,,,,6.087128712871287e-07,10539,,,,,,,,
34,,,,,,,,,10539,0.020626677200198174,,,,,,,
,,,,,,,,6.080528052805281e-07,10544,,,,,,,,
34,,,,,,,,,10544,0.009671828709542751,,,,,,,
,,,,,,,,6.073927392739273e-07,10549,,,,,,,,
34,,,,,,,,,10549,0.00766637222841382,,,,,,,
,,,,,,,,6.067326732673267e-07,10554,,,,,,,,
34,,,,,,,,,10554,0.014628001488745213,,,,,,,
,,,,,,,,6.06072607260726e-07,10559,,,,,,,,
34,,,,,,,,,10559,0.01283195149153471,,,,,,,
,,,,,,,,6.054125412541254e-07,10564,,,,,,,,
34,,,,,,,,,10564,0.013538104481995106,,,,,,,
,,,,,,,,6.047524752475247e-07,10569,,,,,,,,
34,,,,,,,,,10569,0.00425585824996233,,,,,,,
,,,,,,,,6.040924092409241e-07,10574,,,,,,,,
34,,,,,,,,,10574,0.007974635809659958,,,,,,,
,,,,,,,,6.034323432343234e-07,10579,,,,,,,,
34,,,,,,,,,10579,0.024203361943364143,,,,,,,
,,,,,,,,6.027722772277227e-07,10584,,,,,,,,
34,,,,,,,,,10584,0.012958485633134842,,,,,,,
,,,,,,,,6.021122112211221e-07,10589,,,,,,,,
34,,,,,,,,,10589,0.013292742893099785,,,,,,,
,,,,,,,,6.014521452145215e-07,10594,,,,,,,,
34,,,,,,,,,10594,0.018632972612977028,,,,,,,
,,,,,,,,6.007920792079207e-07,10599,,,,,,,,
34,,,,,,,,,10599,0.028187621384859085,,,,,,,
,,,,,,,,6.001320132013201e-07,10604,,,,,,,,
34,,,,,,,,,10604,0.013977081514894962,,,,,,,
34,,,,,,,,,10604,0.07915585488080978,0.5874999761581421,0.6333333253860474,0.07915585488080978,0.36420491337776184,0.6333333253860474,0.6333333253860474,0.31499773263931274
,,,,,,,,5.994719471947195e-07,10609,,,,,,,,
35,,,,,,,,,10609,0.005567727144807577,,,,,,,
,,,,,,,,5.988118811881188e-07,10614,,,,,,,,
35,,,,,,,,,10614,0.013326998800039291,,,,,,,
,,,,,,,,5.981518151815182e-07,10619,,,,,,,,
35,,,,,,,,,10619,0.0054977345280349255,,,,,,,
,,,,,,,,5.974917491749175e-07,10624,,,,,,,,
35,,,,,,,,,10624,0.013532012701034546,,,,,,,
,,,,,,,,5.968316831683168e-07,10629,,,,,,,,
35,,,,,,,,,10629,0.01269983034580946,,,,,,,
,,,,,,,,5.961716171617161e-07,10634,,,,,,,,
35,,,,,,,,,10634,0.028191260993480682,,,,,,,
,,,,,,,,5.955115511551155e-07,10639,,,,,,,,
35,,,,,,,,,10639,0.011751159094274044,,,,,,,
,,,,,,,,5.948514851485148e-07,10644,,,,,,,,
35,,,,,,,,,10644,0.002354263560846448,,,,,,,
,,,,,,,,5.941914191419142e-07,10649,,,,,,,,
35,,,,,,,,,10649,0.0025549440179020166,,,,,,,
,,,,,,,,5.935313531353135e-07,10654,,,,,,,,
35,,,,,,,,,10654,0.009481052868068218,,,,,,,
,,,,,,,,5.928712871287128e-07,10659,,,,,,,,
35,,,,,,,,,10659,0.014125565066933632,,,,,,,
,,,,,,,,5.922112211221121e-07,10664,,,,,,,,
35,,,,,,,,,10664,0.02187546156346798,,,,,,,
,,,,,,,,5.915511551155116e-07,10669,,,,,,,,
35,,,,,,,,,10669,0.012773262336850166,,,,,,,
,,,,,,,,5.908910891089109e-07,10674,,,,,,,,
35,,,,,,,,,10674,0.013647612184286118,,,,,,,
,,,,,,,,5.902310231023102e-07,10679,,,,,,,,
35,,,,,,,,,10679,0.008448230102658272,,,,,,,
,,,,,,,,5.895709570957096e-07,10684,,,,,,,,
35,,,,,,,,,10684,0.022890964522957802,,,,,,,
,,,,,,,,5.889108910891088e-07,10689,,,,,,,,
35,,,,,,,,,10689,0.01777847297489643,,,,,,,
,,,,,,,,5.882508250825083e-07,10694,,,,,,,,
35,,,,,,,,,10694,0.011800909414887428,,,,,,,
,,,,,,,,5.875907590759076e-07,10699,,,,,,,,
35,,,,,,,,,10699,0.006408468820154667,,,,,,,
,,,,,,,,5.869306930693069e-07,10704,,,,,,,,
35,,,,,,,,,10704,0.011678609065711498,,,,,,,
,,,,,,,,5.862706270627062e-07,10709,,,,,,,,
35,,,,,,,,,10709,0.013262024149298668,,,,,,,
,,,,,,,,5.856105610561056e-07,10714,,,,,,,,
35,,,,,,,,,10714,0.008942130021750927,,,,,,,
,,,,,,,,5.849504950495048e-07,10719,,,,,,,,
35,,,,,,,,,10719,0.02063804119825363,,,,,,,
,,,,,,,,5.842904290429043e-07,10724,,,,,,,,
35,,,,,,,,,10724,0.010935083962976933,,,,,,,
,,,,,,,,5.836303630363037e-07,10729,,,,,,,,
35,,,,,,,,,10729,0.009032122790813446,,,,,,,
,,,,,,,,5.829702970297029e-07,10734,,,,,,,,
35,,,,,,,,,10734,0.0076693217270076275,,,,,,,
,,,,,,,,5.823102310231023e-07,10739,,,,,,,,
35,,,,,,,,,10739,0.013885162770748138,,,,,,,
,,,,,,,,5.816501650165016e-07,10744,,,,,,,,
35,,,,,,,,,10744,0.00941325444728136,,,,,,,
,,,,,,,,5.80990099009901e-07,10749,,,,,,,,
35,,,,,,,,,10749,0.021525738760828972,,,,,,,
,,,,,,,,5.803300330033003e-07,10754,,,,,,,,
35,,,,,,,,,10754,0.015249456278979778,,,,,,,
,,,,,,,,5.796699669966997e-07,10759,,,,,,,,
35,,,,,,,,,10759,0.01160956546664238,,,,,,,
,,,,,,,,5.790099009900989e-07,10764,,,,,,,,
35,,,,,,,,,10764,0.018640784546732903,,,,,,,
,,,,,,,,5.783498349834983e-07,10769,,,,,,,,
35,,,,,,,,,10769,0.021966515108942986,,,,,,,
,,,,,,,,5.776897689768977e-07,10774,,,,,,,,
35,,,,,,,,,10774,0.011664900928735733,,,,,,,
,,,,,,,,5.77029702970297e-07,10779,,,,,,,,
35,,,,,,,,,10779,0.007678796537220478,,,,,,,
,,,,,,,,5.763696369636964e-07,10784,,,,,,,,
35,,,,,,,,,10784,0.018948281183838844,,,,,,,
,,,,,,,,5.757095709570957e-07,10789,,,,,,,,
35,,,,,,,,,10789,0.014929156750440598,,,,,,,
,,,,,,,,5.75049504950495e-07,10794,,,,,,,,
35,,,,,,,,,10794,0.009686028584837914,,,,,,,
,,,,,,,,5.743894389438943e-07,10799,,,,,,,,
35,,,,,,,,,10799,0.011410628445446491,,,,,,,
,,,,,,,,5.737293729372938e-07,10804,,,,,,,,
35,,,,,,,,,10804,0.006196651607751846,,,,,,,
,,,,,,,,5.73069306930693e-07,10809,,,,,,,,
35,,,,,,,,,10809,0.01686755008995533,,,,,,,
,,,,,,,,5.724092409240924e-07,10814,,,,,,,,
35,,,,,,,,,10814,0.021771302446722984,,,,,,,
,,,,,,,,5.717491749174917e-07,10819,,,,,,,,
35,,,,,,,,,10819,0.020362598821520805,,,,,,,
,,,,,,,,5.71089108910891e-07,10824,,,,,,,,
35,,,,,,,,,10824,0.01031415443867445,,,,,,,
,,,,,,,,5.704290429042904e-07,10829,,,,,,,,
35,,,,,,,,,10829,0.028326747938990593,,,,,,,
,,,,,,,,5.697689768976898e-07,10834,,,,,,,,
35,,,,,,,,,10834,0.008606066927313805,,,,,,,
,,,,,,,,5.69108910891089e-07,10839,,,,,,,,
35,,,,,,,,,10839,0.00973094068467617,,,,,,,
,,,,,,,,5.684488448844884e-07,10844,,,,,,,,
35,,,,,,,,,10844,0.008672005496919155,,,,,,,
,,,,,,,,5.677887788778878e-07,10849,,,,,,,,
35,,,,,,,,,10849,0.005501770414412022,,,,,,,
,,,,,,,,5.67128712871287e-07,10854,,,,,,,,
35,,,,,,,,,10854,0.0065261367708444595,,,,,,,
,,,,,,,,5.664686468646865e-07,10859,,,,,,,,
35,,,,,,,,,10859,0.011382373049855232,,,,,,,
,,,,,,,,5.658085808580858e-07,10864,,,,,,,,
35,,,,,,,,,10864,0.013666129671037197,,,,,,,
,,,,,,,,5.651485148514851e-07,10869,,,,,,,,
35,,,,,,,,,10869,0.007734500803053379,,,,,,,
,,,,,,,,5.644884488448844e-07,10874,,,,,,,,
35,,,,,,,,,10874,0.03216540813446045,,,,,,,
,,,,,,,,5.638283828382838e-07,10879,,,,,,,,
35,,,,,,,,,10879,0.003233026247471571,,,,,,,
,,,,,,,,5.631683168316831e-07,10884,,,,,,,,
35,,,,,,,,,10884,0.01077013835310936,,,,,,,
,,,,,,,,5.625082508250825e-07,10889,,,,,,,,
35,,,,,,,,,10889,0.011320548132061958,,,,,,,
,,,,,,,,5.618481848184818e-07,10894,,,,,,,,
35,,,,,,,,,10894,0.008508879691362381,,,,,,,
,,,,,,,,5.611881188118812e-07,10899,,,,,,,,
35,,,,,,,,,10899,0.006801475305110216,,,,,,,
,,,,,,,,5.605280528052804e-07,10904,,,,,,,,
35,,,,,,,,,10904,0.018818708136677742,,,,,,,
35,,,,,,,,,10907,0.07935162633657455,0.59375,0.6327683329582214,0.07935162633657455,0.36655884981155396,0.6436781883239746,0.6222222447395325,0.3197304606437683
,,,,,,,,5.598679867986799e-07,10909,,,,,,,,
36,,,,,,,,,10909,0.007271439302712679,,,,,,,
,,,,,,,,5.592079207920793e-07,10914,,,,,,,,
36,,,,,,,,,10914,0.0026649548672139645,,,,,,,
,,,,,,,,5.585478547854785e-07,10919,,,,,,,,
36,,,,,,,,,10919,0.019305968657135963,,,,,,,
,,,,,,,,5.578877887788779e-07,10924,,,,,,,,
36,,,,,,,,,10924,0.007504596840590239,,,,,,,
,,,,,,,,5.572277227722772e-07,10929,,,,,,,,
36,,,,,,,,,10929,0.0064383503049612045,,,,,,,
,,,,,,,,5.565676567656765e-07,10934,,,,,,,,
36,,,,,,,,,10934,0.008241672068834305,,,,,,,
,,,,,,,,5.559075907590759e-07,10939,,,,,,,,
36,,,,,,,,,10939,0.009778791107237339,,,,,,,
,,,,,,,,5.552475247524753e-07,10944,,,,,,,,
36,,,,,,,,,10944,0.022772174328565598,,,,,,,
,,,,,,,,5.545874587458745e-07,10949,,,,,,,,
36,,,,,,,,,10949,0.009764036163687706,,,,,,,
,,,,,,,,5.539273927392739e-07,10954,,,,,,,,
36,,,,,,,,,10954,0.006249857600778341,,,,,,,
,,,,,,,,5.532673267326732e-07,10959,,,,,,,,
36,,,,,,,,,10959,0.02536224015057087,,,,,,,
,,,,,,,,5.526072607260726e-07,10964,,,,,,,,
36,,,,,,,,,10964,0.00898620393127203,,,,,,,
,,,,,,,,5.51947194719472e-07,10969,,,,,,,,
36,,,,,,,,,10969,0.010744190774857998,,,,,,,
,,,,,,,,5.512871287128713e-07,10974,,,,,,,,
36,,,,,,,,,10974,0.008578757755458355,,,,,,,
,,,,,,,,5.506270627062706e-07,10979,,,,,,,,
36,,,,,,,,,10979,0.011824619956314564,,,,,,,
,,,,,,,,5.499669966996699e-07,10984,,,,,,,,
36,,,,,,,,,10984,0.015956878662109375,,,,,,,
,,,,,,,,5.493069306930694e-07,10989,,,,,,,,
36,,,,,,,,,10989,0.013856369070708752,,,,,,,
,,,,,,,,5.486468646864686e-07,10994,,,,,,,,
36,,,,,,,,,10994,0.010524136945605278,,,,,,,
,,,,,,,,5.47986798679868e-07,10999,,,,,,,,
36,,,,,,,,,10999,0.019691549241542816,,,,,,,
,,,,,,,,5.473267326732673e-07,11004,,,,,,,,
36,,,,,,,,,11004,0.00425405940040946,,,,,,,
,,,,,,,,5.466666666666666e-07,11009,,,,,,,,
36,,,,,,,,,11009,0.028622876852750778,,,,,,,
,,,,,,,,5.460066006600659e-07,11014,,,,,,,,
36,,,,,,,,,11014,0.017609214410185814,,,,,,,
,,,,,,,,5.453465346534654e-07,11019,,,,,,,,
36,,,,,,,,,11019,0.00834720954298973,,,,,,,
,,,,,,,,5.446864686468647e-07,11024,,,,,,,,
36,,,,,,,,,11024,0.023598307743668556,,,,,,,
,,,,,,,,5.44026402640264e-07,11029,,,,,,,,
36,,,,,,,,,11029,0.014113960787653923,,,,,,,
,,,,,,,,5.433663366336634e-07,11034,,,,,,,,
36,,,,,,,,,11034,0.0038194842636585236,,,,,,,
,,,,,,,,5.427062706270626e-07,11039,,,,,,,,
36,,,,,,,,,11039,0.01137689221650362,,,,,,,
,,,,,,,,5.420462046204621e-07,11044,,,,,,,,
36,,,,,,,,,11044,0.004834542982280254,,,,,,,
,,,,,,,,5.413861386138614e-07,11049,,,,,,,,
36,,,,,,,,,11049,0.009290754795074463,,,,,,,
,,,,,,,,5.407260726072607e-07,11054,,,,,,,,
36,,,,,,,,,11054,0.006020591594278812,,,,,,,
,,,,,,,,5.4006600660066e-07,11059,,,,,,,,
36,,,,,,,,,11059,0.010242179967463017,,,,,,,
,,,,,,,,5.394059405940594e-07,11064,,,,,,,,
36,,,,,,,,,11064,0.03241271525621414,,,,,,,
,,,,,,,,5.387458745874586e-07,11069,,,,,,,,
36,,,,,,,,,11069,0.010708307847380638,,,,,,,
,,,,,,,,5.380858085808581e-07,11074,,,,,,,,
36,,,,,,,,,11074,0.019436625763773918,,,,,,,
,,,,,,,,5.374257425742574e-07,11079,,,,,,,,
36,,,,,,,,,11079,0.0027142069302499294,,,,,,,
,,,,,,,,5.367656765676567e-07,11084,,,,,,,,
36,,,,,,,,,11084,0.023524535819888115,,,,,,,
,,,,,,,,5.361056105610561e-07,11089,,,,,,,,
36,,,,,,,,,11089,0.013708241283893585,,,,,,,
,,,,,,,,5.354455445544554e-07,11094,,,,,,,,
36,,,,,,,,,11094,0.004687544424086809,,,,,,,
,,,,,,,,5.347854785478548e-07,11099,,,,,,,,
36,,,,,,,,,11099,0.011645845137536526,,,,,,,
,,,,,,,,5.341254125412541e-07,11104,,,,,,,,
36,,,,,,,,,11104,0.009475812315940857,,,,,,,
,,,,,,,,5.334653465346535e-07,11109,,,,,,,,
36,,,,,,,,,11109,0.013656067661941051,,,,,,,
,,,,,,,,5.328052805280527e-07,11114,,,,,,,,
36,,,,,,,,,11114,0.005324816796928644,,,,,,,
,,,,,,,,5.321452145214521e-07,11119,,,,,,,,
36,,,,,,,,,11119,0.02300364151597023,,,,,,,
,,,,,,,,5.314851485148515e-07,11124,,,,,,,,
36,,,,,,,,,11124,0.015045633539557457,,,,,,,
,,,,,,,,5.308250825082508e-07,11129,,,,,,,,
36,,,,,,,,,11129,0.01615840569138527,,,,,,,
,,,,,,,,5.301650165016501e-07,11134,,,,,,,,
36,,,,,,,,,11134,0.01659466326236725,,,,,,,
,,,,,,,,5.295049504950495e-07,11139,,,,,,,,
36,,,,,,,,,11139,0.010814562439918518,,,,,,,
,,,,,,,,5.288448844884487e-07,11144,,,,,,,,
36,,,,,,,,,11144,0.002867261879146099,,,,,,,
,,,,,,,,5.281848184818481e-07,11149,,,,,,,,
36,,,,,,,,,11149,0.00308335036970675,,,,,,,
,,,,,,,,5.275247524752476e-07,11154,,,,,,,,
36,,,,,,,,,11154,0.026623768731951714,,,,,,,
,,,,,,,,5.268646864686468e-07,11159,,,,,,,,
36,,,,,,,,,11159,0.012095664627850056,,,,,,,
,,,,,,,,5.262046204620462e-07,11164,,,,,,,,
36,,,,,,,,,11164,0.010831861756742,,,,,,,
,,,,,,,,5.255445544554455e-07,11169,,,,,,,,
36,,,,,,,,,11169,0.01827652007341385,,,,,,,
,,,,,,,,5.248844884488448e-07,11174,,,,,,,,
36,,,,,,,,,11174,0.013327816501259804,,,,,,,
,,,,,,,,5.242244224422442e-07,11179,,,,,,,,
36,,,,,,,,,11179,0.012506845407187939,,,,,,,
,,,,,,,,5.235643564356436e-07,11184,,,,,,,,
36,,,,,,,,,11184,0.010218814015388489,,,,,,,
,,,,,,,,5.229042904290428e-07,11189,,,,,,,,
36,,,,,,,,,11189,0.02623734623193741,,,,,,,
,,,,,,,,5.222442244224422e-07,11194,,,,,,,,
36,,,,,,,,,11194,0.035403333604335785,,,,,,,
,,,,,,,,5.215841584158415e-07,11199,,,,,,,,
36,,,,,,,,,11199,0.04970627650618553,,,,,,,
,,,,,,,,5.209240924092408e-07,11204,,,,,,,,
36,,,,,,,,,11204,0.02232511155307293,,,,,,,
,,,,,,,,5.202640264026403e-07,11209,,,,,,,,
36,,,,,,,,,11209,0.018898339942097664,,,,,,,
36,,,,,,,,,11210,0.07917599380016327,0.5874999761581421,0.6413043737411499,0.07917599380016327,0.37042590975761414,0.6276595592498779,0.6555555462837219,0.32284849882125854
,,,,,,,,5.196039603960396e-07,11214,,,,,,,,
37,,,,,,,,,11214,0.0030703938100486994,,,,,,,
,,,,,,,,5.18943894389439e-07,11219,,,,,,,,
37,,,,,,,,,11219,0.008497178554534912,,,,,,,
,,,,,,,,5.182838283828382e-07,11224,,,,,,,,
37,,,,,,,,,11224,0.011906039901077747,,,,,,,
,,,,,,,,5.176237623762376e-07,11229,,,,,,,,
37,,,,,,,,,11229,0.008991769514977932,,,,,,,
,,,,,,,,5.16963696369637e-07,11234,,,,,,,,
37,,,,,,,,,11234,0.010011817328631878,,,,,,,
,,,,,,,,5.163036303630363e-07,11239,,,,,,,,
37,,,,,,,,,11239,0.016037585213780403,,,,,,,
,,,,,,,,5.156435643564356e-07,11244,,,,,,,,
37,,,,,,,,,11244,0.009634142741560936,,,,,,,
,,,,,,,,5.14983498349835e-07,11249,,,,,,,,
37,,,,,,,,,11249,0.009865227155387402,,,,,,,
,,,,,,,,5.143234323432342e-07,11254,,,,,,,,
37,,,,,,,,,11254,0.0246804878115654,,,,,,,
,,,,,,,,5.136633663366337e-07,11259,,,,,,,,
37,,,,,,,,,11259,0.007665568962693214,,,,,,,
,,,,,,,,5.130033003300331e-07,11264,,,,,,,,
37,,,,,,,,,11264,0.014550848864018917,,,,,,,
,,,,,,,,5.123432343234323e-07,11269,,,,,,,,
37,,,,,,,,,11269,0.010114594362676144,,,,,,,
,,,,,,,,5.116831683168317e-07,11274,,,,,,,,
37,,,,,,,,,11274,0.013244740664958954,,,,,,,
,,,,,,,,5.11023102310231e-07,11279,,,,,,,,
37,,,,,,,,,11279,0.009439135901629925,,,,,,,
,,,,,,,,5.103630363036303e-07,11284,,,,,,,,
37,,,,,,,,,11284,0.007807218469679356,,,,,,,
,,,,,,,,5.097029702970297e-07,11289,,,,,,,,
37,,,,,,,,,11289,0.01921890489757061,,,,,,,
,,,,,,,,5.090429042904291e-07,11294,,,,,,,,
37,,,,,,,,,11294,0.008480031974613667,,,,,,,
,,,,,,,,5.083828382838283e-07,11299,,,,,,,,
37,,,,,,,,,11299,0.015049830079078674,,,,,,,
,,,,,,,,5.077227722772277e-07,11304,,,,,,,,
37,,,,,,,,,11304,0.008461168967187405,,,,,,,
,,,,,,,,5.07062706270627e-07,11309,,,,,,,,
37,,,,,,,,,11309,0.01329332496970892,,,,,,,
,,,,,,,,5.064026402640264e-07,11314,,,,,,,,
37,,,,,,,,,11314,0.008073079399764538,,,,,,,
,,,,,,,,5.057425742574257e-07,11319,,,,,,,,
37,,,,,,,,,11319,0.02645523101091385,,,,,,,
,,,,,,,,5.050825082508251e-07,11324,,,,,,,,
37,,,,,,,,,11324,0.016728244721889496,,,,,,,
,,,,,,,,5.044224422442244e-07,11329,,,,,,,,
37,,,,,,,,,11329,0.00974334217607975,,,,,,,
,,,,,,,,5.037623762376237e-07,11334,,,,,,,,
37,,,,,,,,,11334,0.005653811618685722,,,,,,,
,,,,,,,,5.031023102310232e-07,11339,,,,,,,,
37,,,,,,,,,11339,0.008903197944164276,,,,,,,
,,,,,,,,5.024422442244224e-07,11344,,,,,,,,
37,,,,,,,,,11344,0.013864783570170403,,,,,,,
,,,,,,,,5.017821782178218e-07,11349,,,,,,,,
37,,,,,,,,,11349,0.018819088116288185,,,,,,,
,,,,,,,,5.011221122112211e-07,11354,,,,,,,,
37,,,,,,,,,11354,0.010546928271651268,,,,,,,
,,,,,,,,5.004620462046204e-07,11359,,,,,,,,
37,,,,,,,,,11359,0.018249215558171272,,,,,,,
,,,,,,,,4.998019801980197e-07,11364,,,,,,,,
37,,,,,,,,,11364,0.017329825088381767,,,,,,,
,,,,,,,,4.991419141914191e-07,11369,,,,,,,,
37,,,,,,,,,11369,0.01454234216362238,,,,,,,
,,,,,,,,4.984818481848184e-07,11374,,,,,,,,
37,,,,,,,,,11374,0.014991110190749168,,,,,,,
,,,,,,,,4.978217821782178e-07,11379,,,,,,,,
37,,,,,,,,,11379,0.013848030008375645,,,,,,,
,,,,,,,,4.971617161716172e-07,11384,,,,,,,,
37,,,,,,,,,11384,0.012465402483940125,,,,,,,
,,,,,,,,4.965016501650165e-07,11389,,,,,,,,
37,,,,,,,,,11389,0.008452126756310463,,,,,,,
,,,,,,,,4.958415841584159e-07,11394,,,,,,,,
37,,,,,,,,,11394,0.01068898942321539,,,,,,,
,,,,,,,,4.951815181518151e-07,11399,,,,,,,,
37,,,,,,,,,11399,0.008841460570693016,,,,,,,
,,,,,,,,4.945214521452145e-07,11404,,,,,,,,
37,,,,,,,,,11404,0.017433028668165207,,,,,,,
,,,,,,,,4.938613861386138e-07,11409,,,,,,,,
37,,,,,,,,,11409,0.010680451057851315,,,,,,,
,,,,,,,,4.932013201320132e-07,11414,,,,,,,,
37,,,,,,,,,11414,0.01482847984880209,,,,,,,
,,,,,,,,4.925412541254125e-07,11419,,,,,,,,
37,,,,,,,,,11419,0.0043337284587323666,,,,,,,
,,,,,,,,4.918811881188119e-07,11424,,,,,,,,
37,,,,,,,,,11424,0.011903052218258381,,,,,,,
,,,,,,,,4.912211221122111e-07,11429,,,,,,,,
37,,,,,,,,,11429,0.017185203731060028,,,,,,,
,,,,,,,,4.905610561056106e-07,11434,,,,,,,,
37,,,,,,,,,11434,0.009225762449204922,,,,,,,
,,,,,,,,4.899009900990098e-07,11439,,,,,,,,
37,,,,,,,,,11439,0.014052540995180607,,,,,,,
,,,,,,,,4.892409240924092e-07,11444,,,,,,,,
37,,,,,,,,,11444,0.01841661147773266,,,,,,,
,,,,,,,,4.885808580858086e-07,11449,,,,,,,,
37,,,,,,,,,11449,0.013013976626098156,,,,,,,
,,,,,,,,4.879207920792079e-07,11454,,,,,,,,
37,,,,,,,,,11454,0.00479269539937377,,,,,,,
,,,,,,,,4.872607260726073e-07,11459,,,,,,,,
37,,,,,,,,,11459,0.005051597952842712,,,,,,,
,,,,,,,,4.866006600660066e-07,11464,,,,,,,,
37,,,,,,,,,11464,0.01225988008081913,,,,,,,
,,,,,,,,4.859405940594059e-07,11469,,,,,,,,
37,,,,,,,,,11469,0.008755240589380264,,,,,,,
,,,,,,,,4.852805280528053e-07,11474,,,,,,,,
37,,,,,,,,,11474,0.00516568124294281,,,,,,,
,,,,,,,,4.846204620462046e-07,11479,,,,,,,,
37,,,,,,,,,11479,0.012065988034009933,,,,,,,
,,,,,,,,4.839603960396039e-07,11484,,,,,,,,
37,,,,,,,,,11484,0.026480896398425102,,,,,,,
,,,,,,,,4.833003300330033e-07,11489,,,,,,,,
37,,,,,,,,,11489,0.011797292158007622,,,,,,,
,,,,,,,,4.826402640264026e-07,11494,,,,,,,,
37,,,,,,,,,11494,0.006977967917919159,,,,,,,
,,,,,,,,4.819801980198019e-07,11499,,,,,,,,
37,,,,,,,,,11499,0.01425310131162405,,,,,,,
,,,,,,,,4.813201320132014e-07,11504,,,,,,,,
37,,,,,,,,,11504,0.012911119498312473,,,,,,,
,,,,,,,,4.806600660066006e-07,11509,,,,,,,,
37,,,,,,,,,11509,0.011816411279141903,,,,,,,
37,,,,,,,,,11513,0.07939468324184418,0.59375,0.6408839821815491,0.07939468324184418,0.36846694350242615,0.6373626589775085,0.644444465637207,0.32302889227867126
,,,,,,,,4.8e-07,11514,,,,,,,,
38,,,,,,,,,11514,0.012569124810397625,,,,,,,
,,,,,,,,4.793399339933993e-07,11519,,,,,,,,
38,,,,,,,,,11519,0.015343815088272095,,,,,,,
,,,,,,,,4.786798679867987e-07,11524,,,,,,,,
38,,,,,,,,,11524,0.01853223145008087,,,,,,,
,,,,,,,,4.78019801980198e-07,11529,,,,,,,,
38,,,,,,,,,11529,0.008579703979194164,,,,,,,
,,,,,,,,4.773597359735974e-07,11534,,,,,,,,
38,,,,,,,,,11534,0.01639728806912899,,,,,,,
,,,,,,,,4.766996699669967e-07,11539,,,,,,,,
38,,,,,,,,,11539,0.004688150715082884,,,,,,,
,,,,,,,,4.76039603960396e-07,11544,,,,,,,,
38,,,,,,,,,11544,0.013424341566860676,,,,,,,
,,,,,,,,4.753795379537954e-07,11549,,,,,,,,
38,,,,,,,,,11549,0.00414019962772727,,,,,,,
,,,,,,,,4.747194719471947e-07,11554,,,,,,,,
38,,,,,,,,,11554,0.01082293689250946,,,,,,,
,,,,,,,,4.74059405940594e-07,11559,,,,,,,,
38,,,,,,,,,11559,0.00496389577165246,,,,,,,
,,,,,,,,4.733993399339934e-07,11564,,,,,,,,
38,,,,,,,,,11564,0.01029723510146141,,,,,,,
,,,,,,,,4.727392739273927e-07,11569,,,,,,,,
38,,,,,,,,,11569,0.012434660457074642,,,,,,,
,,,,,,,,4.7207920792079206e-07,11574,,,,,,,,
38,,,,,,,,,11574,0.007848476991057396,,,,,,,
,,,,,,,,4.714191419141914e-07,11579,,,,,,,,
38,,,,,,,,,11579,0.008755910210311413,,,,,,,
,,,,,,,,4.707590759075907e-07,11584,,,,,,,,
38,,,,,,,,,11584,0.0076985531486570835,,,,,,,
,,,,,,,,4.7009900990099007e-07,11589,,,,,,,,
38,,,,,,,,,11589,0.004505473654717207,,,,,,,
,,,,,,,,4.694389438943894e-07,11594,,,,,,,,
38,,,,,,,,,11594,0.03249917924404144,,,,,,,
,,,,,,,,4.6877887788778873e-07,11599,,,,,,,,
38,,,,,,,,,11599,0.002796886721625924,,,,,,,
,,,,,,,,4.6811881188118814e-07,11604,,,,,,,,
38,,,,,,,,,11604,0.02412516064941883,,,,,,,
,,,,,,,,4.6745874587458744e-07,11609,,,,,,,,
38,,,,,,,,,11609,0.036057088524103165,,,,,,,
,,,,,,,,4.667986798679868e-07,11614,,,,,,,,
38,,,,,,,,,11614,0.01544878538697958,,,,,,,
,,,,,,,,4.6613861386138615e-07,11619,,,,,,,,
38,,,,,,,,,11619,0.013630060479044914,,,,,,,
,,,,,,,,4.6547854785478545e-07,11624,,,,,,,,
38,,,,,,,,,11624,0.008755519054830074,,,,,,,
,,,,,,,,4.648184818481848e-07,11629,,,,,,,,
38,,,,,,,,,11629,0.030611472204327583,,,,,,,
,,,,,,,,4.6415841584158416e-07,11634,,,,,,,,
38,,,,,,,,,11634,0.017090709879994392,,,,,,,
,,,,,,,,4.6349834983498346e-07,11639,,,,,,,,
38,,,,,,,,,11639,0.004339058417826891,,,,,,,
,,,,,,,,4.628382838283828e-07,11644,,,,,,,,
38,,,,,,,,,11644,0.028789393603801727,,,,,,,
,,,,,,,,4.6217821782178217e-07,11649,,,,,,,,
38,,,,,,,,,11649,0.007831512950360775,,,,,,,
,,,,,,,,4.615181518151815e-07,11654,,,,,,,,
38,,,,,,,,,11654,0.01209687627851963,,,,,,,
,,,,,,,,4.6085808580858083e-07,11659,,,,,,,,
38,,,,,,,,,11659,0.006443152669817209,,,,,,,
,,,,,,,,4.601980198019802e-07,11664,,,,,,,,
38,,,,,,,,,11664,0.00378039525821805,,,,,,,
,,,,,,,,4.5953795379537954e-07,11669,,,,,,,,
38,,,,,,,,,11669,0.01021942961961031,,,,,,,
,,,,,,,,4.5887788778877884e-07,11674,,,,,,,,
38,,,,,,,,,11674,0.022714093327522278,,,,,,,
,,,,,,,,4.582178217821782e-07,11679,,,,,,,,
38,,,,,,,,,11679,0.009497174993157387,,,,,,,
,,,,,,,,4.5755775577557755e-07,11684,,,,,,,,
38,,,,,,,,,11684,0.006978364195674658,,,,,,,
,,,,,,,,4.5689768976897685e-07,11689,,,,,,,,
38,,,,,,,,,11689,0.011236395686864853,,,,,,,
,,,,,,,,4.562376237623762e-07,11694,,,,,,,,
38,,,,,,,,,11694,0.011297982186079025,,,,,,,
,,,,,,,,4.5557755775577556e-07,11699,,,,,,,,
38,,,,,,,,,11699,0.001428192830644548,,,,,,,
,,,,,,,,4.5491749174917486e-07,11704,,,,,,,,
38,,,,,,,,,11704,0.007727776654064655,,,,,,,
,,,,,,,,4.5425742574257427e-07,11709,,,,,,,,
38,,,,,,,,,11709,0.007807412184774876,,,,,,,
,,,,,,,,4.535973597359736e-07,11714,,,,,,,,
38,,,,,,,,,11714,0.010880479589104652,,,,,,,
,,,,,,,,4.529372937293729e-07,11719,,,,,,,,
38,,,,,,,,,11719,0.008360061794519424,,,,,,,
,,,,,,,,4.522772277227723e-07,11724,,,,,,,,
38,,,,,,,,,11724,0.007463173940777779,,,,,,,
,,,,,,,,4.516171617161716e-07,11729,,,,,,,,
38,,,,,,,,,11729,0.00871425773948431,,,,,,,
,,,,,,,,4.509570957095709e-07,11734,,,,,,,,
38,,,,,,,,,11734,0.007688227109611034,,,,,,,
,,,,,,,,4.502970297029703e-07,11739,,,,,,,,
38,,,,,,,,,11739,0.010998006910085678,,,,,,,
,,,,,,,,4.496369636963696e-07,11744,,,,,,,,
38,,,,,,,,,11744,0.009099014103412628,,,,,,,
,,,,,,,,4.4897689768976895e-07,11749,,,,,,,,
38,,,,,,,,,11749,0.00887757632881403,,,,,,,
,,,,,,,,4.483168316831683e-07,11754,,,,,,,,
38,,,,,,,,,11754,0.012710096314549446,,,,,,,
,,,,,,,,4.476567656765676e-07,11759,,,,,,,,
38,,,,,,,,,11759,0.0016624442068859935,,,,,,,
,,,,,,,,4.46996699669967e-07,11764,,,,,,,,
38,,,,,,,,,11764,0.004182843491435051,,,,,,,
,,,,,,,,4.463366336633663e-07,11769,,,,,,,,
38,,,,,,,,,11769,0.003914229571819305,,,,,,,
,,,,,,,,4.456765676567656e-07,11774,,,,,,,,
38,,,,,,,,,11774,0.0066275279968976974,,,,,,,
,,,,,,,,4.4501650165016503e-07,11779,,,,,,,,
38,,,,,,,,,11779,0.024387281388044357,,,,,,,
,,,,,,,,4.4435643564356433e-07,11784,,,,,,,,
38,,,,,,,,,11784,0.012028940953314304,,,,,,,
,,,,,,,,4.436963696369637e-07,11789,,,,,,,,
38,,,,,,,,,11789,0.0032643910963088274,,,,,,,
,,,,,,,,4.4303630363036304e-07,11794,,,,,,,,
38,,,,,,,,,11794,0.015127343125641346,,,,,,,
,,,,,,,,4.4237623762376234e-07,11799,,,,,,,,
38,,,,,,,,,11799,0.02135252021253109,,,,,,,
,,,,,,,,4.417161716171617e-07,11804,,,,,,,,
38,,,,,,,,,11804,0.0015253843739628792,,,,,,,
,,,,,,,,4.4105610561056105e-07,11809,,,,,,,,
38,,,,,,,,,11809,0.006200372241437435,,,,,,,
,,,,,,,,4.4039603960396036e-07,11814,,,,,,,,
38,,,,,,,,,11814,0.022829804569482803,,,,,,,
38,,,,,,,,,11816,0.07941022515296936,0.5874999761581421,0.6413043737411499,0.07941022515296936,0.37180545926094055,0.6276595592498779,0.6555555462837219,0.3265736997127533
,,,,,,,,4.397359735973597e-07,11819,,,,,,,,
39,,,,,,,,,11819,0.006887002848088741,,,,,,,
,,,,,,,,4.3907590759075907e-07,11824,,,,,,,,
39,,,,,,,,,11824,0.004891109187155962,,,,,,,
,,,,,,,,4.384158415841584e-07,11829,,,,,,,,
39,,,,,,,,,11829,0.007804512046277523,,,,,,,
,,,,,,,,4.377557755775577e-07,11834,,,,,,,,
39,,,,,,,,,11834,0.0063974205404520035,,,,,,,
,,,,,,,,4.370957095709571e-07,11839,,,,,,,,
39,,,,,,,,,11839,0.012469424866139889,,,,,,,
,,,,,,,,4.3643564356435643e-07,11844,,,,,,,,
39,,,,,,,,,11844,0.005126648582518101,,,,,,,
,,,,,,,,4.3577557755775574e-07,11849,,,,,,,,
39,,,,,,,,,11849,0.011215458624064922,,,,,,,
,,,,,,,,4.351155115511551e-07,11854,,,,,,,,
39,,,,,,,,,11854,0.004053875803947449,,,,,,,
,,,,,,,,4.3445544554455445e-07,11859,,,,,,,,
39,,,,,,,,,11859,0.007952981628477573,,,,,,,
,,,,,,,,4.3379537953795375e-07,11864,,,,,,,,
39,,,,,,,,,11864,0.006853151600807905,,,,,,,
,,,,,,,,4.3313531353135316e-07,11869,,,,,,,,
39,,,,,,,,,11869,0.011115248315036297,,,,,,,
,,,,,,,,4.3247524752475246e-07,11874,,,,,,,,
39,,,,,,,,,11874,0.01622512750327587,,,,,,,
,,,,,,,,4.3181518151815176e-07,11879,,,,,,,,
39,,,,,,,,,11879,0.017278576269745827,,,,,,,
,,,,,,,,4.3115511551155117e-07,11884,,,,,,,,
39,,,,,,,,,11884,0.007662220858037472,,,,,,,
,,,,,,,,4.3049504950495047e-07,11889,,,,,,,,
39,,,,,,,,,11889,0.014531843364238739,,,,,,,
,,,,,,,,4.2983498349834977e-07,11894,,,,,,,,
39,,,,,,,,,11894,0.011883131228387356,,,,,,,
,,,,,,,,4.291749174917492e-07,11899,,,,,,,,
39,,,,,,,,,11899,0.013520750217139721,,,,,,,
,,,,,,,,4.285148514851485e-07,11904,,,,,,,,
39,,,,,,,,,11904,0.0022642386611551046,,,,,,,
,,,,,,,,4.278547854785478e-07,11909,,,,,,,,
39,,,,,,,,,11909,0.013523089699447155,,,,,,,
,,,,,,,,4.271947194719472e-07,11914,,,,,,,,
39,,,,,,,,,11914,0.008701260201632977,,,,,,,
,,,,,,,,4.265346534653465e-07,11919,,,,,,,,
39,,,,,,,,,11919,0.00346520752646029,,,,,,,
,,,,,,,,4.258745874587459e-07,11924,,,,,,,,
39,,,,,,,,,11924,0.03296247124671936,,,,,,,
,,,,,,,,4.252145214521452e-07,11929,,,,,,,,
39,,,,,,,,,11929,0.017246205359697342,,,,,,,
,,,,,,,,4.245544554455445e-07,11934,,,,,,,,
39,,,,,,,,,11934,0.018807638436555862,,,,,,,
,,,,,,,,4.238943894389439e-07,11939,,,,,,,,
39,,,,,,,,,11939,0.013604318723082542,,,,,,,
,,,,,,,,4.232343234323432e-07,11944,,,,,,,,
39,,,,,,,,,11944,0.00620224280282855,,,,,,,
,,,,,,,,4.225742574257425e-07,11949,,,,,,,,
39,,,,,,,,,11949,0.009572097100317478,,,,,,,
,,,,,,,,4.219141914191419e-07,11954,,,,,,,,
39,,,,,,,,,11954,0.01883521117269993,,,,,,,
,,,,,,,,4.2125412541254123e-07,11959,,,,,,,,
39,,,,,,,,,11959,0.006401384714990854,,,,,,,
,,,,,,,,4.205940594059406e-07,11964,,,,,,,,
39,,,,,,,,,11964,0.016239583492279053,,,,,,,
,,,,,,,,4.1993399339933994e-07,11969,,,,,,,,
39,,,,,,,,,11969,0.007113757077604532,,,,,,,
,,,,,,,,4.1927392739273924e-07,11974,,,,,,,,
39,,,,,,,,,11974,0.01402322668582201,,,,,,,
,,,,,,,,4.186138613861386e-07,11979,,,,,,,,
39,,,,,,,,,11979,0.023179324343800545,,,,,,,
,,,,,,,,4.1795379537953795e-07,11984,,,,,,,,
39,,,,,,,,,11984,0.004407541360706091,,,,,,,
,,,,,,,,4.1729372937293725e-07,11989,,,,,,,,
39,,,,,,,,,11989,0.008835925720632076,,,,,,,
,,,,,,,,4.166336633663366e-07,11994,,,,,,,,
39,,,,,,,,,11994,0.015944799408316612,,,,,,,
,,,,,,,,4.1597359735973596e-07,11999,,,,,,,,
39,,,,,,,,,11999,0.008381262421607971,,,,,,,
,,,,,,,,4.153135313531353e-07,12004,,,,,,,,
39,,,,,,,,,12004,0.01909584552049637,,,,,,,
,,,,,,,,4.146534653465346e-07,12009,,,,,,,,
39,,,,,,,,,12009,0.014666660688817501,,,,,,,
,,,,,,,,4.13993399339934e-07,12014,,,,,,,,
39,,,,,,,,,12014,0.01630524732172489,,,,,,,
,,,,,,,,4.1333333333333333e-07,12019,,,,,,,,
39,,,,,,,,,12019,0.012576733715832233,,,,,,,
,,,,,,,,4.1267326732673263e-07,12024,,,,,,,,
39,,,,,,,,,12024,0.008918254636228085,,,,,,,
,,,,,,,,4.12013201320132e-07,12029,,,,,,,,
39,,,,,,,,,12029,0.03890173137187958,,,,,,,
,,,,,,,,4.1135313531353134e-07,12034,,,,,,,,
39,,,,,,,,,12034,0.005197443533688784,,,,,,,
,,,,,,,,4.1069306930693064e-07,12039,,,,,,,,
39,,,,,,,,,12039,0.006132221780717373,,,,,,,
,,,,,,,,4.1003300330033005e-07,12044,,,,,,,,
39,,,,,,,,,12044,0.015245637856423855,,,,,,,
,,,,,,,,4.0937293729372935e-07,12049,,,,,,,,
39,,,,,,,,,12049,0.004772945307195187,,,,,,,
,,,,,,,,4.0871287128712865e-07,12054,,,,,,,,
39,,,,,,,,,12054,0.004680446814745665,,,,,,,
,,,,,,,,4.0805280528052806e-07,12059,,,,,,,,
39,,,,,,,,,12059,0.015160316601395607,,,,,,,
,,,,,,,,4.0739273927392736e-07,12064,,,,,,,,
39,,,,,,,,,12064,0.013100262731313705,,,,,,,
,,,,,,,,4.0673267326732667e-07,12069,,,,,,,,
39,,,,,,,,,12069,0.01061687059700489,,,,,,,
,,,,,,,,4.060726072607261e-07,12074,,,,,,,,
39,,,,,,,,,12074,0.007478360086679459,,,,,,,
,,,,,,,,4.054125412541254e-07,12079,,,,,,,,
39,,,,,,,,,12079,0.002729173284024,,,,,,,
,,,,,,,,4.047524752475248e-07,12084,,,,,,,,
39,,,,,,,,,12084,0.005269259214401245,,,,,,,
,,,,,,,,4.040924092409241e-07,12089,,,,,,,,
39,,,,,,,,,12089,0.01002179179340601,,,,,,,
,,,,,,,,4.034323432343234e-07,12094,,,,,,,,
39,,,,,,,,,12094,0.020070886239409447,,,,,,,
,,,,,,,,4.027722772277228e-07,12099,,,,,,,,
39,,,,,,,,,12099,0.005477893631905317,,,,,,,
,,,,,,,,4.021122112211221e-07,12104,,,,,,,,
39,,,,,,,,,12104,0.008751261048018932,,,,,,,
,,,,,,,,4.014521452145214e-07,12109,,,,,,,,
39,,,,,,,,,12109,0.01595056802034378,,,,,,,
,,,,,,,,4.007920792079208e-07,12114,,,,,,,,
39,,,,,,,,,12114,0.0057773771695792675,,,,,,,
,,,,,,,,4.001320132013201e-07,12119,,,,,,,,
39,,,,,,,,,12119,0.027956699952483177,,,,,,,
39,,,,,,,,,12119,0.07931995391845703,0.606249988079071,0.6594594717025757,0.07931995391845703,0.3725437521934509,0.6421052813529968,0.6777777671813965,0.32719701528549194
,,,,,,,,3.994719471947194e-07,12124,,,,,,,,
40,,,,,,,,,12124,0.007355222944170237,,,,,,,
,,,,,,,,3.988118811881188e-07,12129,,,,,,,,
40,,,,,,,,,12129,0.01166071929037571,,,,,,,
,,,,,,,,3.981518151815181e-07,12134,,,,,,,,
40,,,,,,,,,12134,0.005496515892446041,,,,,,,
,,,,,,,,3.974917491749175e-07,12139,,,,,,,,
40,,,,,,,,,12139,0.0065985568799078465,,,,,,,
,,,,,,,,3.9683168316831683e-07,12144,,,,,,,,
40,,,,,,,,,12144,0.0008906121947802603,,,,,,,
,,,,,,,,3.9617161716171613e-07,12149,,,,,,,,
40,,,,,,,,,12149,0.010644975118339062,,,,,,,
,,,,,,,,3.955115511551155e-07,12154,,,,,,,,
40,,,,,,,,,12154,0.027165651321411133,,,,,,,
,,,,,,,,3.9485148514851484e-07,12159,,,,,,,,
40,,,,,,,,,12159,0.010087665170431137,,,,,,,
,,,,,,,,3.9419141914191415e-07,12164,,,,,,,,
40,,,,,,,,,12164,0.003671331563964486,,,,,,,
,,,,,,,,3.935313531353135e-07,12169,,,,,,,,
40,,,,,,,,,12169,0.006458972115069628,,,,,,,
,,,,,,,,3.9287128712871286e-07,12174,,,,,,,,
40,,,,,,,,,12174,0.020013106986880302,,,,,,,
,,,,,,,,3.922112211221122e-07,12179,,,,,,,,
40,,,,,,,,,12179,0.008451140485703945,,,,,,,
,,,,,,,,3.915511551155115e-07,12184,,,,,,,,
40,,,,,,,,,12184,0.011470530182123184,,,,,,,
,,,,,,,,3.9089108910891087e-07,12189,,,,,,,,
40,,,,,,,,,12189,0.009311242960393429,,,,,,,
,,,,,,,,3.902310231023102e-07,12194,,,,,,,,
40,,,,,,,,,12194,0.0029330658726394176,,,,,,,
,,,,,,,,3.895709570957095e-07,12199,,,,,,,,
40,,,,,,,,,12199,0.01516876183450222,,,,,,,
,,,,,,,,3.889108910891089e-07,12204,,,,,,,,
40,,,,,,,,,12204,0.007117044646292925,,,,,,,
,,,,,,,,3.8825082508250824e-07,12209,,,,,,,,
40,,,,,,,,,12209,0.008662720210850239,,,,,,,
,,,,,,,,3.8759075907590754e-07,12214,,,,,,,,
40,,,,,,,,,12214,0.01121823862195015,,,,,,,
,,,,,,,,3.8693069306930695e-07,12219,,,,,,,,
40,,,,,,,,,12219,0.020583486184477806,,,,,,,
,,,,,,,,3.8627062706270625e-07,12224,,,,,,,,
40,,,,,,,,,12224,0.006240610033273697,,,,,,,
,,,,,,,,3.8561056105610555e-07,12229,,,,,,,,
40,,,,,,,,,12229,0.0019319149432703853,,,,,,,
,,,,,,,,3.8495049504950496e-07,12234,,,,,,,,
40,,,,,,,,,12234,0.009580083191394806,,,,,,,
,,,,,,,,3.8429042904290426e-07,12239,,,,,,,,
40,,,,,,,,,12239,0.010090094991028309,,,,,,,
,,,,,,,,3.836303630363036e-07,12244,,,,,,,,
40,,,,,,,,,12244,0.0052376058883965015,,,,,,,
,,,,,,,,3.8297029702970297e-07,12249,,,,,,,,
40,,,,,,,,,12249,0.009601635858416557,,,,,,,
,,,,,,,,3.8231023102310227e-07,12254,,,,,,,,
40,,,,,,,,,12254,0.015337442979216576,,,,,,,
,,,,,,,,3.816501650165017e-07,12259,,,,,,,,
40,,,,,,,,,12259,0.009038104675710201,,,,,,,
,,,,,,,,3.80990099009901e-07,12264,,,,,,,,
40,,,,,,,,,12264,0.012404543347656727,,,,,,,
,,,,,,,,3.803300330033003e-07,12269,,,,,,,,
40,,,,,,,,,12269,0.0010825245408341289,,,,,,,
,,,,,,,,3.796699669966997e-07,12274,,,,,,,,
40,,,,,,,,,12274,0.005878068972378969,,,,,,,
,,,,,,,,3.79009900990099e-07,12279,,,,,,,,
40,,,,,,,,,12279,0.008963915519416332,,,,,,,
,,,,,,,,3.783498349834983e-07,12284,,,,,,,,
40,,,,,,,,,12284,0.002292366698384285,,,,,,,
,,,,,,,,3.776897689768977e-07,12289,,,,,,,,
40,,,,,,,,,12289,0.016612425446510315,,,,,,,
,,,,,,,,3.77029702970297e-07,12294,,,,,,,,
40,,,,,,,,,12294,0.026803094893693924,,,,,,,
,,,,,,,,3.7636963696369636e-07,12299,,,,,,,,
40,,,,,,,,,12299,0.015992479398846626,,,,,,,
,,,,,,,,3.757095709570957e-07,12304,,,,,,,,
40,,,,,,,,,12304,0.021474607288837433,,,,,,,
,,,,,,,,3.75049504950495e-07,12309,,,,,,,,
40,,,,,,,,,12309,0.008832404389977455,,,,,,,
,,,,,,,,3.7438943894389437e-07,12314,,,,,,,,
40,,,,,,,,,12314,0.008276564069092274,,,,,,,
,,,,,,,,3.7372937293729373e-07,12319,,,,,,,,
40,,,,,,,,,12319,0.013610945083200932,,,,,,,
,,,,,,,,3.7306930693069303e-07,12324,,,,,,,,
40,,,,,,,,,12324,0.016743281856179237,,,,,,,
,,,,,,,,3.724092409240924e-07,12329,,,,,,,,
40,,,,,,,,,12329,0.010394137352705002,,,,,,,
,,,,,,,,3.7174917491749174e-07,12334,,,,,,,,
40,,,,,,,,,12334,0.03303898125886917,,,,,,,
,,,,,,,,3.710891089108911e-07,12339,,,,,,,,
40,,,,,,,,,12339,0.012973378412425518,,,,,,,
,,,,,,,,3.704290429042904e-07,12344,,,,,,,,
40,,,,,,,,,12344,0.014308847486972809,,,,,,,
,,,,,,,,3.6976897689768975e-07,12349,,,,,,,,
40,,,,,,,,,12349,0.003946928773075342,,,,,,,
,,,,,,,,3.691089108910891e-07,12354,,,,,,,,
40,,,,,,,,,12354,0.012604028917849064,,,,,,,
,,,,,,,,3.684488448844884e-07,12359,,,,,,,,
40,,,,,,,,,12359,0.010545159690082073,,,,,,,
,,,,,,,,3.6778877887788776e-07,12364,,,,,,,,
40,,,,,,,,,12364,0.011707638390362263,,,,,,,
,,,,,,,,3.671287128712871e-07,12369,,,,,,,,
40,,,,,,,,,12369,0.012745529413223267,,,,,,,
,,,,,,,,3.664686468646864e-07,12374,,,,,,,,
40,,,,,,,,,12374,0.011064411140978336,,,,,,,
,,,,,,,,3.658085808580858e-07,12379,,,,,,,,
40,,,,,,,,,12379,0.01325288601219654,,,,,,,
,,,,,,,,3.6514851485148513e-07,12384,,,,,,,,
40,,,,,,,,,12384,0.006713539827615023,,,,,,,
,,,,,,,,3.644884488448845e-07,12389,,,,,,,,
40,,,,,,,,,12389,0.01892302744090557,,,,,,,
,,,,,,,,3.6382838283828384e-07,12394,,,,,,,,
40,,,,,,,,,12394,0.009018940851092339,,,,,,,
,,,,,,,,3.6316831683168314e-07,12399,,,,,,,,
40,,,,,,,,,12399,0.0026536937803030014,,,,,,,
,,,,,,,,3.625082508250825e-07,12404,,,,,,,,
40,,,,,,,,,12404,0.007323789410293102,,,,,,,
,,,,,,,,3.6184818481848185e-07,12409,,,,,,,,
40,,,,,,,,,12409,0.007560386322438717,,,,,,,
,,,,,,,,3.6118811881188116e-07,12414,,,,,,,,
40,,,,,,,,,12414,0.019109593704342842,,,,,,,
,,,,,,,,3.605280528052805e-07,12419,,,,,,,,
40,,,,,,,,,12419,0.012035512365400791,,,,,,,
40,,,,,,,,,12422,0.0796729177236557,0.6000000238418579,0.6521739363670349,0.0796729177236557,0.3704672157764435,0.6382978558540344,0.6666666865348816,0.32578757405281067
,,,,,,,,3.5986798679867987e-07,12424,,,,,,,,
41,,,,,,,,,12424,0.0042941817082464695,,,,,,,
,,,,,,,,3.5920792079207917e-07,12429,,,,,,,,
41,,,,,,,,,12429,0.012002945877611637,,,,,,,
,,,,,,,,3.585478547854786e-07,12434,,,,,,,,
41,,,,,,,,,12434,0.01822061464190483,,,,,,,
,,,,,,,,3.578877887788779e-07,12439,,,,,,,,
41,,,,,,,,,12439,0.03126859292387962,,,,,,,
,,,,,,,,3.572277227722772e-07,12444,,,,,,,,
41,,,,,,,,,12444,0.006658074911683798,,,,,,,
,,,,,,,,3.565676567656766e-07,12449,,,,,,,,
41,,,,,,,,,12449,0.008793370798230171,,,,,,,
,,,,,,,,3.559075907590759e-07,12454,,,,,,,,
41,,,,,,,,,12454,0.02456584759056568,,,,,,,
,,,,,,,,3.552475247524752e-07,12459,,,,,,,,
41,,,,,,,,,12459,0.007290029898285866,,,,,,,
,,,,,,,,3.545874587458746e-07,12464,,,,,,,,
41,,,,,,,,,12464,0.008495747111737728,,,,,,,
,,,,,,,,3.539273927392739e-07,12469,,,,,,,,
41,,,,,,,,,12469,0.005311329383403063,,,,,,,
,,,,,,,,3.5326732673267326e-07,12474,,,,,,,,
41,,,,,,,,,12474,0.008379905484616756,,,,,,,
,,,,,,,,3.526072607260726e-07,12479,,,,,,,,
41,,,,,,,,,12479,0.0057523492723703384,,,,,,,
,,,,,,,,3.519471947194719e-07,12484,,,,,,,,
41,,,,,,,,,12484,0.014495429582893848,,,,,,,
,,,,,,,,3.5128712871287127e-07,12489,,,,,,,,
41,,,,,,,,,12489,0.0075482591055333614,,,,,,,
,,,,,,,,3.506270627062706e-07,12494,,,,,,,,
41,,,,,,,,,12494,0.010124517604708672,,,,,,,
,,,,,,,,3.499669966996699e-07,12499,,,,,,,,
41,,,,,,,,,12499,0.006906153634190559,,,,,,,
,,,,,,,,3.493069306930693e-07,12504,,,,,,,,
41,,,,,,,,,12504,0.004623921122401953,,,,,,,
,,,,,,,,3.4864686468646864e-07,12509,,,,,,,,
41,,,,,,,,,12509,0.015948664397001266,,,,,,,
,,,,,,,,3.47986798679868e-07,12514,,,,,,,,
41,,,,,,,,,12514,0.0253703985363245,,,,,,,
,,,,,,,,3.473267326732673e-07,12519,,,,,,,,
41,,,,,,,,,12519,0.011492487974464893,,,,,,,
,,,,,,,,3.4666666666666665e-07,12524,,,,,,,,
41,,,,,,,,,12524,0.011305541731417179,,,,,,,
,,,,,,,,3.46006600660066e-07,12529,,,,,,,,
41,,,,,,,,,12529,0.010238595306873322,,,,,,,
,,,,,,,,3.453465346534653e-07,12534,,,,,,,,
41,,,,,,,,,12534,0.013689931482076645,,,,,,,
,,,,,,,,3.4468646864686466e-07,12539,,,,,,,,
41,,,,,,,,,12539,0.008013088256120682,,,,,,,
,,,,,,,,3.44026402640264e-07,12544,,,,,,,,
41,,,,,,,,,12544,0.0049378168769180775,,,,,,,
,,,,,,,,3.4336633663366337e-07,12549,,,,,,,,
41,,,,,,,,,12549,0.011597015894949436,,,,,,,
,,,,,,,,3.427062706270627e-07,12554,,,,,,,,
41,,,,,,,,,12554,0.007177913095802069,,,,,,,
,,,,,,,,3.4204620462046203e-07,12559,,,,,,,,
41,,,,,,,,,12559,0.0027430448681116104,,,,,,,
,,,,,,,,3.413861386138614e-07,12564,,,,,,,,
41,,,,,,,,,12564,0.002177273156121373,,,,,,,
,,,,,,,,3.4072607260726074e-07,12569,,,,,,,,
41,,,,,,,,,12569,0.013549437746405602,,,,,,,
,,,,,,,,3.4006600660066004e-07,12574,,,,,,,,
41,,,,,,,,,12574,0.010677862912416458,,,,,,,
,,,,,,,,3.394059405940594e-07,12579,,,,,,,,
41,,,,,,,,,12579,0.0006866416078992188,,,,,,,
,,,,,,,,3.3874587458745875e-07,12584,,,,,,,,
41,,,,,,,,,12584,0.011916968040168285,,,,,,,
,,,,,,,,3.3808580858085805e-07,12589,,,,,,,,
41,,,,,,,,,12589,0.012502340599894524,,,,,,,
,,,,,,,,3.3742574257425746e-07,12594,,,,,,,,
41,,,,,,,,,12594,0.014790919609367847,,,,,,,
,,,,,,,,3.3676567656765676e-07,12599,,,,,,,,
41,,,,,,,,,12599,0.007903781719505787,,,,,,,
,,,,,,,,3.3610561056105606e-07,12604,,,,,,,,
41,,,,,,,,,12604,0.002851212164387107,,,,,,,
,,,,,,,,3.3544554455445547e-07,12609,,,,,,,,
41,,,,,,,,,12609,0.025047259405255318,,,,,,,
,,,,,,,,3.3478547854785477e-07,12614,,,,,,,,
41,,,,,,,,,12614,0.015126502141356468,,,,,,,
,,,,,,,,3.341254125412541e-07,12619,,,,,,,,
41,,,,,,,,,12619,0.010023190639913082,,,,,,,
,,,,,,,,3.334653465346535e-07,12624,,,,,,,,
41,,,,,,,,,12624,0.015720665454864502,,,,,,,
,,,,,,,,3.328052805280528e-07,12629,,,,,,,,
41,,,,,,,,,12629,0.019230831414461136,,,,,,,
,,,,,,,,3.321452145214521e-07,12634,,,,,,,,
41,,,,,,,,,12634,0.009363267570734024,,,,,,,
,,,,,,,,3.314851485148515e-07,12639,,,,,,,,
41,,,,,,,,,12639,0.0033333180472254753,,,,,,,
,,,,,,,,3.308250825082508e-07,12644,,,,,,,,
41,,,,,,,,,12644,0.021656496450304985,,,,,,,
,,,,,,,,3.3016501650165015e-07,12649,,,,,,,,
41,,,,,,,,,12649,0.00656614825129509,,,,,,,
,,,,,,,,3.295049504950495e-07,12654,,,,,,,,
41,,,,,,,,,12654,0.00757198641076684,,,,,,,
,,,,,,,,3.288448844884488e-07,12659,,,,,,,,
41,,,,,,,,,12659,0.007434284780174494,,,,,,,
,,,,,,,,3.2818481848184816e-07,12664,,,,,,,,
41,,,,,,,,,12664,0.02224275842308998,,,,,,,
,,,,,,,,3.275247524752475e-07,12669,,,,,,,,
41,,,,,,,,,12669,0.004791503772139549,,,,,,,
,,,,,,,,3.268646864686468e-07,12674,,,,,,,,
41,,,,,,,,,12674,0.008856778964400291,,,,,,,
,,,,,,,,3.262046204620462e-07,12679,,,,,,,,
41,,,,,,,,,12679,0.006050701718777418,,,,,,,
,,,,,,,,3.2554455445544553e-07,12684,,,,,,,,
41,,,,,,,,,12684,0.003775851335376501,,,,,,,
,,,,,,,,3.248844884488449e-07,12689,,,,,,,,
41,,,,,,,,,12689,0.007001290563493967,,,,,,,
,,,,,,,,3.242244224422442e-07,12694,,,,,,,,
41,,,,,,,,,12694,0.009459837339818478,,,,,,,
,,,,,,,,3.2356435643564354e-07,12699,,,,,,,,
41,,,,,,,,,12699,0.007847106084227562,,,,,,,
,,,,,,,,3.229042904290429e-07,12704,,,,,,,,
41,,,,,,,,,12704,0.03389962017536163,,,,,,,
,,,,,,,,3.2224422442244225e-07,12709,,,,,,,,
41,,,,,,,,,12709,0.004393619950860739,,,,,,,
,,,,,,,,3.2158415841584155e-07,12714,,,,,,,,
41,,,,,,,,,12714,0.008718010038137436,,,,,,,
,,,,,,,,3.209240924092409e-07,12719,,,,,,,,
41,,,,,,,,,12719,0.005289092194288969,,,,,,,
,,,,,,,,3.2026402640264026e-07,12724,,,,,,,,
41,,,,,,,,,12724,0.0023678832221776247,,,,,,,
41,,,,,,,,,12725,0.07967839390039444,0.581250011920929,0.6256983280181885,0.07967839390039444,0.3715800940990448,0.6292135119438171,0.6222222447395325,0.3237900733947754
,,,,,,,,3.196039603960396e-07,12729,,,,,,,,
42,,,,,,,,,12729,0.003056127578020096,,,,,,,
,,,,,,,,3.189438943894389e-07,12734,,,,,,,,
42,,,,,,,,,12734,0.009741355665028095,,,,,,,
,,,,,,,,3.182838283828383e-07,12739,,,,,,,,
42,,,,,,,,,12739,0.01731833815574646,,,,,,,
,,,,,,,,3.1762376237623763e-07,12744,,,,,,,,
42,,,,,,,,,12744,0.0032626213505864143,,,,,,,
,,,,,,,,3.1696369636963693e-07,12749,,,,,,,,
42,,,,,,,,,12749,0.0119470888748765,,,,,,,
,,,,,,,,3.163036303630363e-07,12754,,,,,,,,
42,,,,,,,,,12754,0.006715047173202038,,,,,,,
,,,,,,,,3.1564356435643564e-07,12759,,,,,,,,
42,,,,,,,,,12759,0.01684076152741909,,,,,,,
,,,,,,,,3.1498349834983495e-07,12764,,,,,,,,
42,,,,,,,,,12764,0.004641284234821796,,,,,,,
,,,,,,,,3.1432343234323435e-07,12769,,,,,,,,
42,,,,,,,,,12769,0.007208932191133499,,,,,,,
,,,,,,,,3.1366336633663366e-07,12774,,,,,,,,
42,,,,,,,,,12774,0.004497350659221411,,,,,,,
,,,,,,,,3.1300330033003296e-07,12779,,,,,,,,
42,,,,,,,,,12779,0.004890382289886475,,,,,,,
,,,,,,,,3.1234323432343237e-07,12784,,,,,,,,
42,,,,,,,,,12784,0.011274575255811214,,,,,,,
,,,,,,,,3.1168316831683167e-07,12789,,,,,,,,
42,,,,,,,,,12789,0.011839184910058975,,,,,,,
,,,,,,,,3.1102310231023097e-07,12794,,,,,,,,
42,,,,,,,,,12794,0.0199873186647892,,,,,,,
,,,,,,,,3.103630363036304e-07,12799,,,,,,,,
42,,,,,,,,,12799,0.0052781784906983376,,,,,,,
,,,,,,,,3.097029702970297e-07,12804,,,,,,,,
42,,,,,,,,,12804,0.00669616274535656,,,,,,,
,,,,,,,,3.09042904290429e-07,12809,,,,,,,,
42,,,,,,,,,12809,0.009921574033796787,,,,,,,
,,,,,,,,3.083828382838284e-07,12814,,,,,,,,
42,,,,,,,,,12814,0.0019267747411504388,,,,,,,
,,,,,,,,3.077227722772277e-07,12819,,,,,,,,
42,,,,,,,,,12819,0.01689555123448372,,,,,,,
,,,,,,,,3.0706270627062705e-07,12824,,,,,,,,
42,,,,,,,,,12824,0.004682623781263828,,,,,,,
,,,,,,,,3.064026402640264e-07,12829,,,,,,,,
42,,,,,,,,,12829,0.007114173378795385,,,,,,,
,,,,,,,,3.057425742574257e-07,12834,,,,,,,,
42,,,,,,,,,12834,0.01133790798485279,,,,,,,
,,,,,,,,3.0508250825082506e-07,12839,,,,,,,,
42,,,,,,,,,12839,0.011884020641446114,,,,,,,
,,,,,,,,3.044224422442244e-07,12844,,,,,,,,
42,,,,,,,,,12844,0.002169528743252158,,,,,,,
,,,,,,,,3.037623762376237e-07,12849,,,,,,,,
42,,,,,,,,,12849,0.008903145790100098,,,,,,,
,,,,,,,,3.0310231023102307e-07,12854,,,,,,,,
42,,,,,,,,,12854,0.003212126437574625,,,,,,,
,,,,,,,,3.024422442244224e-07,12859,,,,,,,,
42,,,,,,,,,12859,0.0031292324420064688,,,,,,,
,,,,,,,,3.017821782178218e-07,12864,,,,,,,,
42,,,,,,,,,12864,0.006937216967344284,,,,,,,
,,,,,,,,3.0112211221122114e-07,12869,,,,,,,,
42,,,,,,,,,12869,0.010801427066326141,,,,,,,
,,,,,,,,3.0046204620462044e-07,12874,,,,,,,,
42,,,,,,,,,12874,0.018385328352451324,,,,,,,
,,,,,,,,2.998019801980198e-07,12879,,,,,,,,
42,,,,,,,,,12879,0.008923545479774475,,,,,,,
,,,,,,,,2.9914191419141915e-07,12884,,,,,,,,
42,,,,,,,,,12884,0.023395059630274773,,,,,,,
,,,,,,,,2.9848184818481845e-07,12889,,,,,,,,
42,,,,,,,,,12889,0.009883234277367592,,,,,,,
,,,,,,,,2.978217821782178e-07,12894,,,,,,,,
42,,,,,,,,,12894,0.017847346141934395,,,,,,,
,,,,,,,,2.9716171617161716e-07,12899,,,,,,,,
42,,,,,,,,,12899,0.00749990064650774,,,,,,,
,,,,,,,,2.965016501650165e-07,12904,,,,,,,,
42,,,,,,,,,12904,0.020105939358472824,,,,,,,
,,,,,,,,2.958415841584158e-07,12909,,,,,,,,
42,,,,,,,,,12909,0.008907966315746307,,,,,,,
,,,,,,,,2.9518151815181517e-07,12914,,,,,,,,
42,,,,,,,,,12914,0.012923876754939556,,,,,,,
,,,,,,,,2.9452145214521453e-07,12919,,,,,,,,
42,,,,,,,,,12919,0.01759203150868416,,,,,,,
,,,,,,,,2.9386138613861383e-07,12924,,,,,,,,
42,,,,,,,,,12924,0.003009491367265582,,,,,,,
,,,,,,,,2.932013201320132e-07,12929,,,,,,,,
42,,,,,,,,,12929,0.002773090498521924,,,,,,,
,,,,,,,,2.9254125412541254e-07,12934,,,,,,,,
42,,,,,,,,,12934,0.005869233515113592,,,,,,,
,,,,,,,,2.9188118811881184e-07,12939,,,,,,,,
42,,,,,,,,,12939,0.007971033453941345,,,,,,,
,,,,,,,,2.9122112211221125e-07,12944,,,,,,,,
42,,,,,,,,,12944,0.006459228694438934,,,,,,,
,,,,,,,,2.9056105610561055e-07,12949,,,,,,,,
42,,,,,,,,,12949,0.017667528241872787,,,,,,,
,,,,,,,,2.8990099009900985e-07,12954,,,,,,,,
42,,,,,,,,,12954,0.007822870276868343,,,,,,,
,,,,,,,,2.8924092409240926e-07,12959,,,,,,,,
42,,,,,,,,,12959,0.009846129454672337,,,,,,,
,,,,,,,,2.8858085808580856e-07,12964,,,,,,,,
42,,,,,,,,,12964,0.006536128930747509,,,,,,,
,,,,,,,,2.8792079207920787e-07,12969,,,,,,,,
42,,,,,,,,,12969,0.0037867100909352303,,,,,,,
,,,,,,,,2.8726072607260727e-07,12974,,,,,,,,
42,,,,,,,,,12974,0.012666718102991581,,,,,,,
,,,,,,,,2.866006600660066e-07,12979,,,,,,,,
42,,,,,,,,,12979,0.015307662077248096,,,,,,,
,,,,,,,,2.8594059405940593e-07,12984,,,,,,,,
42,,,,,,,,,12984,0.0033753635361790657,,,,,,,
,,,,,,,,2.852805280528053e-07,12989,,,,,,,,
42,,,,,,,,,12989,0.008909633383154869,,,,,,,
,,,,,,,,2.846204620462046e-07,12994,,,,,,,,
42,,,,,,,,,12994,0.015728985890746117,,,,,,,
,,,,,,,,2.8396039603960394e-07,12999,,,,,,,,
42,,,,,,,,,12999,0.005436106119304895,,,,,,,
,,,,,,,,2.833003300330033e-07,13004,,,,,,,,
42,,,,,,,,,13004,0.005666639655828476,,,,,,,
,,,,,,,,2.826402640264026e-07,13009,,,,,,,,
42,,,,,,,,,13009,0.00876456405967474,,,,,,,
,,,,,,,,2.8198019801980195e-07,13014,,,,,,,,
42,,,,,,,,,13014,0.0026918959338217974,,,,,,,
,,,,,,,,2.813201320132013e-07,13019,,,,,,,,
42,,,,,,,,,13019,0.017972832545638084,,,,,,,
,,,,,,,,2.806600660066006e-07,13024,,,,,,,,
42,,,,,,,,,13024,0.006218304857611656,,,,,,,
42,,,,,,,,,13028,0.07982205599546432,0.612500011920929,0.6702127456665039,0.07982205599546432,0.372562438249588,0.6428571343421936,0.699999988079071,0.3254546821117401
,,,,,,,,2.8e-07,13029,,,,,,,,
43,,,,,,,,,13029,0.024971330538392067,,,,,,,
,,,,,,,,2.793399339933993e-07,13034,,,,,,,,
43,,,,,,,,,13034,0.014758581295609474,,,,,,,
,,,,,,,,2.786798679867987e-07,13039,,,,,,,,
43,,,,,,,,,13039,0.006262530107051134,,,,,,,
,,,,,,,,2.7801980198019803e-07,13044,,,,,,,,
43,,,,,,,,,13044,0.009716061875224113,,,,,,,
,,,,,,,,2.7735973597359733e-07,13049,,,,,,,,
43,,,,,,,,,13049,0.016346167773008347,,,,,,,
,,,,,,,,2.766996699669967e-07,13054,,,,,,,,
43,,,,,,,,,13054,0.009296467527747154,,,,,,,
,,,,,,,,2.7603960396039604e-07,13059,,,,,,,,
43,,,,,,,,,13059,0.003101538633927703,,,,,,,
,,,,,,,,2.7537953795379535e-07,13064,,,,,,,,
43,,,,,,,,,13064,0.008892310783267021,,,,,,,
,,,,,,,,2.747194719471947e-07,13069,,,,,,,,
43,,,,,,,,,13069,0.023042961955070496,,,,,,,
,,,,,,,,2.7405940594059406e-07,13074,,,,,,,,
43,,,,,,,,,13074,0.0056190574541687965,,,,,,,
,,,,,,,,2.733993399339934e-07,13079,,,,,,,,
43,,,,,,,,,13079,0.020249415189027786,,,,,,,
,,,,,,,,2.727392739273927e-07,13084,,,,,,,,
43,,,,,,,,,13084,0.0024255032185465097,,,,,,,
,,,,,,,,2.7207920792079207e-07,13089,,,,,,,,
43,,,,,,,,,13089,0.0032690938096493483,,,,,,,
,,,,,,,,2.714191419141914e-07,13094,,,,,,,,
43,,,,,,,,,13094,0.006130928173661232,,,,,,,
,,,,,,,,2.707590759075907e-07,13099,,,,,,,,
43,,,,,,,,,13099,0.010021237656474113,,,,,,,
,,,,,,,,2.700990099009901e-07,13104,,,,,,,,
43,,,,,,,,,13104,0.021800192072987556,,,,,,,
,,,,,,,,2.6943894389438943e-07,13109,,,,,,,,
43,,,,,,,,,13109,0.0062742638401687145,,,,,,,
,,,,,,,,2.6877887788778874e-07,13114,,,,,,,,
43,,,,,,,,,13114,0.018987374380230904,,,,,,,
,,,,,,,,2.6811881188118814e-07,13119,,,,,,,,
43,,,,,,,,,13119,0.004186231177300215,,,,,,,
,,,,,,,,2.6745874587458745e-07,13124,,,,,,,,
43,,,,,,,,,13124,0.01765313558280468,,,,,,,
,,,,,,,,2.6679867986798675e-07,13129,,,,,,,,
43,,,,,,,,,13129,0.005023646168410778,,,,,,,
,,,,,,,,2.6613861386138616e-07,13134,,,,,,,,
43,,,,,,,,,13134,0.007909703068435192,,,,,,,
,,,,,,,,2.6547854785478546e-07,13139,,,,,,,,
43,,,,,,,,,13139,0.005193428136408329,,,,,,,
,,,,,,,,2.6481848184818476e-07,13144,,,,,,,,
43,,,,,,,,,13144,0.009179686196148396,,,,,,,
,,,,,,,,2.6415841584158417e-07,13149,,,,,,,,
43,,,,,,,,,13149,0.010701349005103111,,,,,,,
,,,,,,,,2.6349834983498347e-07,13154,,,,,,,,
43,,,,,,,,,13154,0.004584633745253086,,,,,,,
,,,,,,,,2.628382838283828e-07,13159,,,,,,,,
43,,,,,,,,,13159,0.002939892001450062,,,,,,,
,,,,,,,,2.621782178217822e-07,13164,,,,,,,,
43,,,,,,,,,13164,0.006163651589304209,,,,,,,
,,,,,,,,2.615181518151815e-07,13169,,,,,,,,
43,,,,,,,,,13169,0.007891406305134296,,,,,,,
,,,,,,,,2.6085808580858084e-07,13174,,,,,,,,
43,,,,,,,,,13174,0.004813671577721834,,,,,,,
,,,,,,,,2.601980198019802e-07,13179,,,,,,,,
43,,,,,,,,,13179,0.014906159602105618,,,,,,,
,,,,,,,,2.595379537953795e-07,13184,,,,,,,,
43,,,,,,,,,13184,0.009074091911315918,,,,,,,
,,,,,,,,2.588778877887789e-07,13189,,,,,,,,
43,,,,,,,,,13189,0.00680297939106822,,,,,,,
,,,,,,,,2.582178217821782e-07,13194,,,,,,,,
43,,,,,,,,,13194,0.022799532860517502,,,,,,,
,,,,,,,,2.5755775577557756e-07,13199,,,,,,,,
43,,,,,,,,,13199,0.010113248601555824,,,,,,,
,,,,,,,,2.568976897689769e-07,13204,,,,,,,,
43,,,,,,,,,13204,0.005567610263824463,,,,,,,
,,,,,,,,2.562376237623762e-07,13209,,,,,,,,
43,,,,,,,,,13209,0.0028082740027457476,,,,,,,
,,,,,,,,2.5557755775577557e-07,13214,,,,,,,,
43,,,,,,,,,13214,0.006386863999068737,,,,,,,
,,,,,,,,2.549174917491749e-07,13219,,,,,,,,
43,,,,,,,,,13219,0.009690535254776478,,,,,,,
,,,,,,,,2.5425742574257423e-07,13224,,,,,,,,
43,,,,,,,,,13224,0.019490007311105728,,,,,,,
,,,,,,,,2.535973597359736e-07,13229,,,,,,,,
43,,,,,,,,,13229,0.006611985620111227,,,,,,,
,,,,,,,,2.5293729372937294e-07,13234,,,,,,,,
43,,,,,,,,,13234,0.01048542931675911,,,,,,,
,,,,,,,,2.522772277227723e-07,13239,,,,,,,,
43,,,,,,,,,13239,0.012736568227410316,,,,,,,
,,,,,,,,2.516171617161716e-07,13244,,,,,,,,
43,,,,,,,,,13244,0.014266129583120346,,,,,,,
,,,,,,,,2.5095709570957095e-07,13249,,,,,,,,
43,,,,,,,,,13249,0.015294011682271957,,,,,,,
,,,,,,,,2.502970297029703e-07,13254,,,,,,,,
43,,,,,,,,,13254,0.008415593765676022,,,,,,,
,,,,,,,,2.4963696369636966e-07,13259,,,,,,,,
43,,,,,,,,,13259,0.009574190713465214,,,,,,,
,,,,,,,,2.4897689768976896e-07,13264,,,,,,,,
43,,,,,,,,,13264,0.003958108834922314,,,,,,,
,,,,,,,,2.483168316831683e-07,13269,,,,,,,,
43,,,,,,,,,13269,0.004633495584130287,,,,,,,
,,,,,,,,2.4765676567656767e-07,13274,,,,,,,,
43,,,,,,,,,13274,0.010603181086480618,,,,,,,
,,,,,,,,2.46996699669967e-07,13279,,,,,,,,
43,,,,,,,,,13279,0.009217440150678158,,,,,,,
,,,,,,,,2.4633663366336633e-07,13284,,,,,,,,
43,,,,,,,,,13284,0.016115153208374977,,,,,,,
,,,,,,,,2.456765676567657e-07,13289,,,,,,,,
43,,,,,,,,,13289,0.009501452557742596,,,,,,,
,,,,,,,,2.45016501650165e-07,13294,,,,,,,,
43,,,,,,,,,13294,0.006422520615160465,,,,,,,
,,,,,,,,2.4435643564356434e-07,13299,,,,,,,,
43,,,,,,,,,13299,0.0025440442841500044,,,,,,,
,,,,,,,,2.436963696369637e-07,13304,,,,,,,,
43,,,,,,,,,13304,0.0025939554907381535,,,,,,,
,,,,,,,,2.4303630363036305e-07,13309,,,,,,,,
43,,,,,,,,,13309,0.01143233198672533,,,,,,,
,,,,,,,,2.4237623762376235e-07,13314,,,,,,,,
43,,,,,,,,,13314,0.005620126612484455,,,,,,,
,,,,,,,,2.417161716171617e-07,13319,,,,,,,,
43,,,,,,,,,13319,0.008126625791192055,,,,,,,
,,,,,,,,2.4105610561056106e-07,13324,,,,,,,,
43,,,,,,,,,13324,0.007349689025431871,,,,,,,
,,,,,,,,2.4039603960396037e-07,13329,,,,,,,,
43,,,,,,,,,13329,0.0044396608136594296,,,,,,,
43,,,,,,,,,13331,0.08001255989074707,0.574999988079071,0.6222222447395325,0.08001255989074707,0.37101447582244873,0.6222222447395325,0.6222222447395325,0.32170456647872925
,,,,,,,,2.397359735973597e-07,13334,,,,,,,,
44,,,,,,,,,13334,0.005711014848202467,,,,,,,
,,,,,,,,2.390759075907591e-07,13339,,,,,,,,
44,,,,,,,,,13339,0.004709574393928051,,,,,,,
,,,,,,,,2.384158415841584e-07,13344,,,,,,,,
44,,,,,,,,,13344,0.0012855700915679336,,,,,,,
,,,,,,,,2.3775577557755773e-07,13349,,,,,,,,
44,,,,,,,,,13349,0.012197591364383698,,,,,,,
,,,,,,,,2.370957095709571e-07,13354,,,,,,,,
44,,,,,,,,,13354,0.011818424798548222,,,,,,,
,,,,,,,,2.3643564356435642e-07,13359,,,,,,,,
44,,,,,,,,,13359,0.00935562513768673,,,,,,,
,,,,,,,,2.3577557755775577e-07,13364,,,,,,,,
44,,,,,,,,,13364,0.0034823708701878786,,,,,,,
,,,,,,,,2.351155115511551e-07,13369,,,,,,,,
44,,,,,,,,,13369,0.014335110783576965,,,,,,,
,,,,,,,,2.3445544554455443e-07,13374,,,,,,,,
44,,,,,,,,,13374,0.008701231330633163,,,,,,,
,,,,,,,,2.3379537953795378e-07,13379,,,,,,,,
44,,,,,,,,,13379,0.006898223422467709,,,,,,,
,,,,,,,,2.3313531353135314e-07,13384,,,,,,,,
44,,,,,,,,,13384,0.003597166622057557,,,,,,,
,,,,,,,,2.3247524752475247e-07,13389,,,,,,,,
44,,,,,,,,,13389,0.003989662975072861,,,,,,,
,,,,,,,,2.318151815181518e-07,13394,,,,,,,,
44,,,,,,,,,13394,0.007991156540811062,,,,,,,
,,,,,,,,2.3115511551155115e-07,13399,,,,,,,,
44,,,,,,,,,13399,0.007115509826689959,,,,,,,
,,,,,,,,2.304950495049505e-07,13404,,,,,,,,
44,,,,,,,,,13404,0.005853456910699606,,,,,,,
,,,,,,,,2.298349834983498e-07,13409,,,,,,,,
44,,,,,,,,,13409,0.005292314104735851,,,,,,,
,,,,,,,,2.2917491749174916e-07,13414,,,,,,,,
44,,,,,,,,,13414,0.006020448170602322,,,,,,,
,,,,,,,,2.2851485148514852e-07,13419,,,,,,,,
44,,,,,,,,,13419,0.007959673181176186,,,,,,,
,,,,,,,,2.2785478547854785e-07,13424,,,,,,,,
44,,,,,,,,,13424,0.0020438290666788816,,,,,,,
,,,,,,,,2.2719471947194717e-07,13429,,,,,,,,
44,,,,,,,,,13429,0.008661805652081966,,,,,,,
,,,,,,,,2.2653465346534653e-07,13434,,,,,,,,
44,,,,,,,,,13434,0.011432630009949207,,,,,,,
,,,,,,,,2.2587458745874586e-07,13439,,,,,,,,
44,,,,,,,,,13439,0.012218925170600414,,,,,,,
,,,,,,,,2.252145214521452e-07,13444,,,,,,,,
44,,,,,,,,,13444,0.011511608026921749,,,,,,,
,,,,,,,,2.2455445544554454e-07,13449,,,,,,,,
44,,,,,,,,,13449,0.020636972039937973,,,,,,,
,,,,,,,,2.238943894389439e-07,13454,,,,,,,,
44,,,,,,,,,13454,0.01273001916706562,,,,,,,
,,,,,,,,2.2323432343234322e-07,13459,,,,,,,,
44,,,,,,,,,13459,0.006076350342482328,,,,,,,
,,,,,,,,2.2257425742574258e-07,13464,,,,,,,,
44,,,,,,,,,13464,0.009923236444592476,,,,,,,
,,,,,,,,2.219141914191419e-07,13469,,,,,,,,
44,,,,,,,,,13469,0.017719876021146774,,,,,,,
,,,,,,,,2.2125412541254124e-07,13474,,,,,,,,
44,,,,,,,,,13474,0.0032661594450473785,,,,,,,
,,,,,,,,2.205940594059406e-07,13479,,,,,,,,
44,,,,,,,,,13479,0.01018543355166912,,,,,,,
,,,,,,,,2.1993399339933995e-07,13484,,,,,,,,
44,,,,,,,,,13484,0.008024048060178757,,,,,,,
,,,,,,,,2.1927392739273925e-07,13489,,,,,,,,
44,,,,,,,,,13489,0.014716139063239098,,,,,,,
,,,,,,,,2.186138613861386e-07,13494,,,,,,,,
44,,,,,,,,,13494,0.00853150337934494,,,,,,,
,,,,,,,,2.1795379537953796e-07,13499,,,,,,,,
44,,,,,,,,,13499,0.015521075576543808,,,,,,,
,,,,,,,,2.1729372937293726e-07,13504,,,,,,,,
44,,,,,,,,,13504,0.016473738476634026,,,,,,,
,,,,,,,,2.1663366336633662e-07,13509,,,,,,,,
44,,,,,,,,,13509,0.013504995964467525,,,,,,,
,,,,,,,,2.1597359735973597e-07,13514,,,,,,,,
44,,,,,,,,,13514,0.011719483882188797,,,,,,,
,,,,,,,,2.153135313531353e-07,13519,,,,,,,,
44,,,,,,,,,13519,0.004285013303160667,,,,,,,
,,,,,,,,2.1465346534653463e-07,13524,,,,,,,,
44,,,,,,,,,13524,0.013794424943625927,,,,,,,
,,,,,,,,2.1399339933993398e-07,13529,,,,,,,,
44,,,,,,,,,13529,0.006083555985242128,,,,,,,
,,,,,,,,2.1333333333333334e-07,13534,,,,,,,,
44,,,,,,,,,13534,0.005628728307783604,,,,,,,
,,,,,,,,2.1267326732673267e-07,13539,,,,,,,,
44,,,,,,,,,13539,0.016196811571717262,,,,,,,
,,,,,,,,2.12013201320132e-07,13544,,,,,,,,
44,,,,,,,,,13544,0.0023375386372208595,,,,,,,
,,,,,,,,2.1135313531353135e-07,13549,,,,,,,,
44,,,,,,,,,13549,0.010448779910802841,,,,,,,
,,,,,,,,2.1069306930693068e-07,13554,,,,,,,,
44,,,,,,,,,13554,0.008080636151134968,,,,,,,
,,,,,,,,2.1003300330033003e-07,13559,,,,,,,,
44,,,,,,,,,13559,0.0032517521176487207,,,,,,,
,,,,,,,,2.0937293729372936e-07,13564,,,,,,,,
44,,,,,,,,,13564,0.018757063895463943,,,,,,,
,,,,,,,,2.087128712871287e-07,13569,,,,,,,,
44,,,,,,,,,13569,0.00196817796677351,,,,,,,
,,,,,,,,2.0805280528052805e-07,13574,,,,,,,,
44,,,,,,,,,13574,0.011853832751512527,,,,,,,
,,,,,,,,2.073927392739274e-07,13579,,,,,,,,
44,,,,,,,,,13579,0.0033816497307270765,,,,,,,
,,,,,,,,2.067326732673267e-07,13584,,,,,,,,
44,,,,,,,,,13584,0.005709630437195301,,,,,,,
,,,,,,,,2.0607260726072606e-07,13589,,,,,,,,
44,,,,,,,,,13589,0.02248646691441536,,,,,,,
,,,,,,,,2.054125412541254e-07,13594,,,,,,,,
44,,,,,,,,,13594,0.010848639532923698,,,,,,,
,,,,,,,,2.0475247524752474e-07,13599,,,,,,,,
44,,,,,,,,,13599,0.005356223322451115,,,,,,,
,,,,,,,,2.0409240924092407e-07,13604,,,,,,,,
44,,,,,,,,,13604,0.002021639607846737,,,,,,,
,,,,,,,,2.0343234323432342e-07,13609,,,,,,,,
44,,,,,,,,,13609,0.008492311462759972,,,,,,,
,,,,,,,,2.0277227722772278e-07,13614,,,,,,,,
44,,,,,,,,,13614,0.007326177787035704,,,,,,,
,,,,,,,,2.021122112211221e-07,13619,,,,,,,,
44,,,,,,,,,13619,0.022555673494935036,,,,,,,
,,,,,,,,2.0145214521452144e-07,13624,,,,,,,,
44,,,,,,,,,13624,0.011826153844594955,,,,,,,
,,,,,,,,2.007920792079208e-07,13629,,,,,,,,
44,,,,,,,,,13629,0.014452551491558552,,,,,,,
,,,,,,,,2.0013201320132012e-07,13634,,,,,,,,
44,,,,,,,,,13634,0.008597088046371937,,,,,,,
44,,,,,,,,,13634,0.07994069159030914,0.59375,0.6448087692260742,0.07994069159030914,0.37213489413261414,0.6344085931777954,0.6555555462837219,0.3234131634235382
,,,,,,,,1.9947194719471947e-07,13639,,,,,,,,
45,,,,,,,,,13639,0.010842153802514076,,,,,,,
,,,,,,,,1.988118811881188e-07,13644,,,,,,,,
45,,,,,,,,,13644,0.004025883972644806,,,,,,,
,,,,,,,,1.9815181518151813e-07,13649,,,,,,,,
45,,,,,,,,,13649,0.013276766985654831,,,,,,,
,,,,,,,,1.974917491749175e-07,13654,,,,,,,,
45,,,,,,,,,13654,0.017651451751589775,,,,,,,
,,,,,,,,1.9683168316831684e-07,13659,,,,,,,,
45,,,,,,,,,13659,0.013018916361033916,,,,,,,
,,,,,,,,1.9617161716171614e-07,13664,,,,,,,,
45,,,,,,,,,13664,0.009584728628396988,,,,,,,
,,,,,,,,1.955115511551155e-07,13669,,,,,,,,
45,,,,,,,,,13669,0.013479591347277164,,,,,,,
,,,,,,,,1.9485148514851485e-07,13674,,,,,,,,
45,,,,,,,,,13674,0.008257634937763214,,,,,,,
,,,,,,,,1.9419141914191418e-07,13679,,,,,,,,
45,,,,,,,,,13679,0.011478549800813198,,,,,,,
,,,,,,,,1.935313531353135e-07,13684,,,,,,,,
45,,,,,,,,,13684,0.007480739615857601,,,,,,,
,,,,,,,,1.9287128712871287e-07,13689,,,,,,,,
45,,,,,,,,,13689,0.013604252599179745,,,,,,,
,,,,,,,,1.9221122112211222e-07,13694,,,,,,,,
45,,,,,,,,,13694,0.021411756053566933,,,,,,,
,,,,,,,,1.9155115511551155e-07,13699,,,,,,,,
45,,,,,,,,,13699,0.010242118500173092,,,,,,,
,,,,,,,,1.9089108910891088e-07,13704,,,,,,,,
45,,,,,,,,,13704,0.013324021361768246,,,,,,,
,,,,,,,,1.9023102310231023e-07,13709,,,,,,,,
45,,,,,,,,,13709,0.003856329945847392,,,,,,,
,,,,,,,,1.8957095709570956e-07,13714,,,,,,,,
45,,,,,,,,,13714,0.008121900260448456,,,,,,,
,,,,,,,,1.8891089108910892e-07,13719,,,,,,,,
45,,,,,,,,,13719,0.00430171936750412,,,,,,,
,,,,,,,,1.8825082508250825e-07,13724,,,,,,,,
45,,,,,,,,,13724,0.008966919034719467,,,,,,,
,,,,,,,,1.8759075907590757e-07,13729,,,,,,,,
45,,,,,,,,,13729,0.0034671409521251917,,,,,,,
,,,,,,,,1.8693069306930693e-07,13734,,,,,,,,
45,,,,,,,,,13734,0.02121010422706604,,,,,,,
,,,,,,,,1.8627062706270628e-07,13739,,,,,,,,
45,,,,,,,,,13739,0.004176800604909658,,,,,,,
,,,,,,,,1.8561056105610559e-07,13744,,,,,,,,
45,,,,,,,,,13744,0.014783760532736778,,,,,,,
,,,,,,,,1.8495049504950494e-07,13749,,,,,,,,
45,,,,,,,,,13749,0.0055378638207912445,,,,,,,
,,,,,,,,1.842904290429043e-07,13754,,,,,,,,
45,,,,,,,,,13754,0.0013284048764035106,,,,,,,
,,,,,,,,1.836303630363036e-07,13759,,,,,,,,
45,,,,,,,,,13759,0.008047747425734997,,,,,,,
,,,,,,,,1.8297029702970295e-07,13764,,,,,,,,
45,,,,,,,,,13764,0.004334472585469484,,,,,,,
,,,,,,,,1.823102310231023e-07,13769,,,,,,,,
45,,,,,,,,,13769,0.00836935918778181,,,,,,,
,,,,,,,,1.8165016501650166e-07,13774,,,,,,,,
45,,,,,,,,,13774,0.009955043904483318,,,,,,,
,,,,,,,,1.8099009900990096e-07,13779,,,,,,,,
45,,,,,,,,,13779,0.020907768979668617,,,,,,,
,,,,,,,,1.8033003300330032e-07,13784,,,,,,,,
45,,,,,,,,,13784,0.006970491260290146,,,,,,,
,,,,,,,,1.7966996699669967e-07,13789,,,,,,,,
45,,,,,,,,,13789,0.007877142168581486,,,,,,,
,,,,,,,,1.79009900990099e-07,13794,,,,,,,,
45,,,,,,,,,13794,0.01276517566293478,,,,,,,
,,,,,,,,1.7834983498349833e-07,13799,,,,,,,,
45,,,,,,,,,13799,0.01098162867128849,,,,,,,
,,,,,,,,1.7768976897689769e-07,13804,,,,,,,,
45,,,,,,,,,13804,0.0071030487306416035,,,,,,,
,,,,,,,,1.7702970297029702e-07,13809,,,,,,,,
45,,,,,,,,,13809,0.007447605021297932,,,,,,,
,,,,,,,,1.7636963696369637e-07,13814,,,,,,,,
45,,,,,,,,,13814,0.008590917102992535,,,,,,,
,,,,,,,,1.757095709570957e-07,13819,,,,,,,,
45,,,,,,,,,13819,0.013361102901399136,,,,,,,
,,,,,,,,1.7504950495049503e-07,13824,,,,,,,,
45,,,,,,,,,13824,0.00293093197979033,,,,,,,
,,,,,,,,1.7438943894389438e-07,13829,,,,,,,,
45,,,,,,,,,13829,0.01207173615694046,,,,,,,
,,,,,,,,1.7372937293729374e-07,13834,,,,,,,,
45,,,,,,,,,13834,0.010065406560897827,,,,,,,
,,,,,,,,1.7306930693069304e-07,13839,,,,,,,,
45,,,,,,,,,13839,0.010384401306509972,,,,,,,
,,,,,,,,1.724092409240924e-07,13844,,,,,,,,
45,,,,,,,,,13844,0.0075813885778188705,,,,,,,
,,,,,,,,1.7174917491749175e-07,13849,,,,,,,,
45,,,,,,,,,13849,0.001803043531253934,,,,,,,
,,,,,,,,1.710891089108911e-07,13854,,,,,,,,
45,,,,,,,,,13854,0.006895993370562792,,,,,,,
,,,,,,,,1.704290429042904e-07,13859,,,,,,,,
45,,,,,,,,,13859,0.007597529329359531,,,,,,,
,,,,,,,,1.6976897689768976e-07,13864,,,,,,,,
45,,,,,,,,,13864,0.007811890449374914,,,,,,,
,,,,,,,,1.6910891089108912e-07,13869,,,,,,,,
45,,,,,,,,,13869,0.00738147646188736,,,,,,,
,,,,,,,,1.6844884488448844e-07,13874,,,,,,,,
45,,,,,,,,,13874,0.019278261810541153,,,,,,,
,,,,,,,,1.6778877887788777e-07,13879,,,,,,,,
45,,,,,,,,,13879,0.004517432767897844,,,,,,,
,,,,,,,,1.6712871287128713e-07,13884,,,,,,,,
45,,,,,,,,,13884,0.003979600500315428,,,,,,,
,,,,,,,,1.6646864686468646e-07,13889,,,,,,,,
45,,,,,,,,,13889,0.014934933744370937,,,,,,,
,,,,,,,,1.658085808580858e-07,13894,,,,,,,,
45,,,,,,,,,13894,0.005583376623690128,,,,,,,
,,,,,,,,1.6514851485148514e-07,13899,,,,,,,,
45,,,,,,,,,13899,0.00567572470754385,,,,,,,
,,,,,,,,1.6448844884488447e-07,13904,,,,,,,,
45,,,,,,,,,13904,0.01676022633910179,,,,,,,
,,,,,,,,1.6382838283828382e-07,13909,,,,,,,,
45,,,,,,,,,13909,0.013285493478178978,,,,,,,
,,,,,,,,1.6316831683168318e-07,13914,,,,,,,,
45,,,,,,,,,13914,0.004858424421399832,,,,,,,
,,,,,,,,1.6250825082508248e-07,13919,,,,,,,,
45,,,,,,,,,13919,0.0031976199243217707,,,,,,,
,,,,,,,,1.6184818481848184e-07,13924,,,,,,,,
45,,,,,,,,,13924,0.00820186734199524,,,,,,,
,,,,,,,,1.611881188118812e-07,13929,,,,,,,,
45,,,,,,,,,13929,0.0072770086117088795,,,,,,,
,,,,,,,,1.6052805280528055e-07,13934,,,,,,,,
45,,,,,,,,,13934,0.00824491586536169,,,,,,,
45,,,,,,,,,13937,0.08009692281484604,0.574999988079071,0.6222222447395325,0.08009692281484604,0.3712794780731201,0.6222222447395325,0.6222222447395325,0.3223835825920105
,,,,,,,,1.5986798679867985e-07,13939,,,,,,,,
46,,,,,,,,,13939,0.010335919447243214,,,,,,,
,,,,,,,,1.592079207920792e-07,13944,,,,,,,,
46,,,,,,,,,13944,0.010724055580794811,,,,,,,
,,,,,,,,1.5854785478547856e-07,13949,,,,,,,,
46,,,,,,,,,13949,0.004465223290026188,,,,,,,
,,,,,,,,1.5788778877887786e-07,13954,,,,,,,,
46,,,,,,,,,13954,0.009489077143371105,,,,,,,
,,,,,,,,1.5722772277227721e-07,13959,,,,,,,,
46,,,,,,,,,13959,0.016845734789967537,,,,,,,
,,,,,,,,1.5656765676567657e-07,13964,,,,,,,,
46,,,,,,,,,13964,0.006609066855162382,,,,,,,
,,,,,,,,1.559075907590759e-07,13969,,,,,,,,
46,,,,,,,,,13969,0.002308954717591405,,,,,,,
,,,,,,,,1.5524752475247523e-07,13974,,,,,,,,
46,,,,,,,,,13974,0.005314245354384184,,,,,,,
,,,,,,,,1.5458745874587458e-07,13979,,,,,,,,
46,,,,,,,,,13979,0.008293971419334412,,,,,,,
,,,,,,,,1.539273927392739e-07,13984,,,,,,,,
46,,,,,,,,,13984,0.010375023819506168,,,,,,,
,,,,,,,,1.5326732673267327e-07,13989,,,,,,,,
46,,,,,,,,,13989,0.007762519642710686,,,,,,,
,,,,,,,,1.526072607260726e-07,13994,,,,,,,,
46,,,,,,,,,13994,0.0054141925647854805,,,,,,,
,,,,,,,,1.5194719471947192e-07,13999,,,,,,,,
46,,,,,,,,,13999,0.012829317711293697,,,,,,,
,,,,,,,,1.5128712871287128e-07,14004,,,,,,,,
46,,,,,,,,,14004,0.012941175140440464,,,,,,,
,,,,,,,,1.5062706270627063e-07,14009,,,,,,,,
46,,,,,,,,,14009,0.01488310657441616,,,,,,,
,,,,,,,,1.4996699669966996e-07,14014,,,,,,,,
46,,,,,,,,,14014,0.008987974375486374,,,,,,,
,,,,,,,,1.493069306930693e-07,14019,,,,,,,,
46,,,,,,,,,14019,0.005804016720503569,,,,,,,
,,,,,,,,1.4864686468646864e-07,14024,,,,,,,,
46,,,,,,,,,14024,0.007136964239180088,,,,,,,
,,,,,,,,1.47986798679868e-07,14029,,,,,,,,
46,,,,,,,,,14029,0.013806230388581753,,,,,,,
,,,,,,,,1.473267326732673e-07,14034,,,,,,,,
46,,,,,,,,,14034,0.011060028336942196,,,,,,,
,,,,,,,,1.4666666666666666e-07,14039,,,,,,,,
46,,,,,,,,,14039,0.005806303583085537,,,,,,,
,,,,,,,,1.46006600660066e-07,14044,,,,,,,,
46,,,,,,,,,14044,0.005644031334668398,,,,,,,
,,,,,,,,1.4534653465346534e-07,14049,,,,,,,,
46,,,,,,,,,14049,0.00564552703872323,,,,,,,
,,,,,,,,1.4468646864686467e-07,14054,,,,,,,,
46,,,,,,,,,14054,0.006414713803678751,,,,,,,
,,,,,,,,1.4402640264026402e-07,14059,,,,,,,,
46,,,,,,,,,14059,0.013563859276473522,,,,,,,
,,,,,,,,1.4336633663366335e-07,14064,,,,,,,,
46,,,,,,,,,14064,0.0026334216818213463,,,,,,,
,,,,,,,,1.427062706270627e-07,14069,,,,,,,,
46,,,,,,,,,14069,0.008822239935398102,,,,,,,
,,,,,,,,1.4204620462046204e-07,14074,,,,,,,,
46,,,,,,,,,14074,0.002225321950390935,,,,,,,
,,,,,,,,1.4138613861386136e-07,14079,,,,,,,,
46,,,,,,,,,14079,0.004863889887928963,,,,,,,
,,,,,,,,1.4072607260726072e-07,14084,,,,,,,,
46,,,,,,,,,14084,0.0061110928654670715,,,,,,,
,,,,,,,,1.4006600660066007e-07,14089,,,,,,,,
46,,,,,,,,,14089,0.008324394933879375,,,,,,,
,,,,,,,,1.394059405940594e-07,14094,,,,,,,,
46,,,,,,,,,14094,0.014477134682238102,,,,,,,
,,,,,,,,1.3874587458745873e-07,14099,,,,,,,,
46,,,,,,,,,14099,0.007621685042977333,,,,,,,
,,,,,,,,1.3808580858085809e-07,14104,,,,,,,,
46,,,,,,,,,14104,0.00446121534332633,,,,,,,
,,,,,,,,1.3742574257425744e-07,14109,,,,,,,,
46,,,,,,,,,14109,0.006489137187600136,,,,,,,
,,,,,,,,1.3676567656765674e-07,14114,,,,,,,,
46,,,,,,,,,14114,0.01589122600853443,,,,,,,
,,,,,,,,1.361056105610561e-07,14119,,,,,,,,
46,,,,,,,,,14119,0.008475557900965214,,,,,,,
,,,,,,,,1.3544554455445545e-07,14124,,,,,,,,
46,,,,,,,,,14124,0.015591477043926716,,,,,,,
,,,,,,,,1.3478547854785478e-07,14129,,,,,,,,
46,,,,,,,,,14129,0.0031657360959798098,,,,,,,
,,,,,,,,1.341254125412541e-07,14134,,,,,,,,
46,,,,,,,,,14134,0.00637047179043293,,,,,,,
,,,,,,,,1.3346534653465347e-07,14139,,,,,,,,
46,,,,,,,,,14139,0.0034654594492167234,,,,,,,
,,,,,,,,1.328052805280528e-07,14144,,,,,,,,
46,,,,,,,,,14144,0.008873316459357738,,,,,,,
,,,,,,,,1.3214521452145215e-07,14149,,,,,,,,
46,,,,,,,,,14149,0.011026081629097462,,,,,,,
,,,,,,,,1.3148514851485148e-07,14154,,,,,,,,
46,,,,,,,,,14154,0.011599034070968628,,,,,,,
,,,,,,,,1.308250825082508e-07,14159,,,,,,,,
46,,,,,,,,,14159,0.003570161061361432,,,,,,,
,,,,,,,,1.3016501650165016e-07,14164,,,,,,,,
46,,,,,,,,,14164,0.0026413274463266134,,,,,,,
,,,,,,,,1.2950495049504952e-07,14169,,,,,,,,
46,,,,,,,,,14169,0.006788694299757481,,,,,,,
,,,,,,,,1.2884488448844884e-07,14174,,,,,,,,
46,,,,,,,,,14174,0.002695433795452118,,,,,,,
,,,,,,,,1.2818481848184817e-07,14179,,,,,,,,
46,,,,,,,,,14179,0.005720998626202345,,,,,,,
,,,,,,,,1.2752475247524753e-07,14184,,,,,,,,
46,,,,,,,,,14184,0.0019902659114450216,,,,,,,
,,,,,,,,1.2686468646864688e-07,14189,,,,,,,,
46,,,,,,,,,14189,0.012766122817993164,,,,,,,
,,,,,,,,1.2620462046204618e-07,14194,,,,,,,,
46,,,,,,,,,14194,0.0036175325512886047,,,,,,,
,,,,,,,,1.2554455445544554e-07,14199,,,,,,,,
46,,,,,,,,,14199,0.0023103158455342054,,,,,,,
,,,,,,,,1.2488448844884487e-07,14204,,,,,,,,
46,,,,,,,,,14204,0.00884587224572897,,,,,,,
,,,,,,,,1.2422442244224422e-07,14209,,,,,,,,
46,,,,,,,,,14209,0.006740710232406855,,,,,,,
,,,,,,,,1.2356435643564355e-07,14214,,,,,,,,
46,,,,,,,,,14214,0.004864862188696861,,,,,,,
,,,,,,,,1.2290429042904288e-07,14219,,,,,,,,
46,,,,,,,,,14219,0.0011597555130720139,,,,,,,
,,,,,,,,1.2224422442244224e-07,14224,,,,,,,,
46,,,,,,,,,14224,0.023296505212783813,,,,,,,
,,,,,,,,1.2158415841584156e-07,14229,,,,,,,,
46,,,,,,,,,14229,0.0016446873778477311,,,,,,,
,,,,,,,,1.2092409240924092e-07,14234,,,,,,,,
46,,,,,,,,,14234,0.00922465045005083,,,,,,,
,,,,,,,,1.2026402640264025e-07,14239,,,,,,,,
46,,,,,,,,,14239,0.0038591609336435795,,,,,,,
46,,,,,,,,,14240,0.08002560585737228,0.5874999761581421,0.6373626589775085,0.08002560585737228,0.37197577953338623,0.6304348111152649,0.644444465637207,0.32167667150497437
,,,,,,,,1.196039603960396e-07,14244,,,,,,,,
47,,,,,,,,,14244,0.005542187951505184,,,,,,,
,,,,,,,,1.1894389438943894e-07,14249,,,,,,,,
47,,,,,,,,,14249,0.004321262706071138,,,,,,,
,,,,,,,,1.1828382838283827e-07,14254,,,,,,,,
47,,,,,,,,,14254,0.008330568671226501,,,,,,,
,,,,,,,,1.1762376237623761e-07,14259,,,,,,,,
47,,,,,,,,,14259,0.005049265921115875,,,,,,,
,,,,,,,,1.1696369636963696e-07,14264,,,,,,,,
47,,,,,,,,,14264,0.022157106548547745,,,,,,,
,,,,,,,,1.163036303630363e-07,14269,,,,,,,,
47,,,,,,,,,14269,0.006671871058642864,,,,,,,
,,,,,,,,1.1564356435643564e-07,14274,,,,,,,,
47,,,,,,,,,14274,0.008099033497273922,,,,,,,
,,,,,,,,1.1498349834983498e-07,14279,,,,,,,,
47,,,,,,,,,14279,0.005440531764179468,,,,,,,
,,,,,,,,1.1432343234323431e-07,14284,,,,,,,,
47,,,,,,,,,14284,0.011618013493716717,,,,,,,
,,,,,,,,1.1366336633663366e-07,14289,,,,,,,,
47,,,,,,,,,14289,0.01200131420046091,,,,,,,
,,,,,,,,1.1300330033003299e-07,14294,,,,,,,,
47,,,,,,,,,14294,0.0020152111537754536,,,,,,,
,,,,,,,,1.1234323432343234e-07,14299,,,,,,,,
47,,,,,,,,,14299,0.025435499846935272,,,,,,,
,,,,,,,,1.1168316831683168e-07,14304,,,,,,,,
47,,,,,,,,,14304,0.007414931897073984,,,,,,,
,,,,,,,,1.1102310231023102e-07,14309,,,,,,,,
47,,,,,,,,,14309,0.003201038111001253,,,,,,,
,,,,,,,,1.1036303630363036e-07,14314,,,,,,,,
47,,,,,,,,,14314,0.011521794833242893,,,,,,,
,,,,,,,,1.097029702970297e-07,14319,,,,,,,,
47,,,,,,,,,14319,0.0056856656447052956,,,,,,,
,,,,,,,,1.0904290429042903e-07,14324,,,,,,,,
47,,,,,,,,,14324,0.0016963185044005513,,,,,,,
,,,,,,,,1.0838283828382839e-07,14329,,,,,,,,
47,,,,,,,,,14329,0.006681214552372694,,,,,,,
,,,,,,,,1.0772277227722771e-07,14334,,,,,,,,
47,,,,,,,,,14334,0.003852987429127097,,,,,,,
,,,,,,,,1.0706270627062706e-07,14339,,,,,,,,
47,,,,,,,,,14339,0.00615124125033617,,,,,,,
,,,,,,,,1.064026402640264e-07,14344,,,,,,,,
47,,,,,,,,,14344,0.005445483606308699,,,,,,,
,,,,,,,,1.0574257425742574e-07,14349,,,,,,,,
47,,,,,,,,,14349,0.003473862074315548,,,,,,,
,,,,,,,,1.0508250825082508e-07,14354,,,,,,,,
47,,,,,,,,,14354,0.004153987858444452,,,,,,,
,,,,,,,,1.0442244224422442e-07,14359,,,,,,,,
47,,,,,,,,,14359,0.007706556934863329,,,,,,,
,,,,,,,,1.0376237623762375e-07,14364,,,,,,,,
47,,,,,,,,,14364,0.010379504412412643,,,,,,,
,,,,,,,,1.031023102310231e-07,14369,,,,,,,,
47,,,,,,,,,14369,0.011113802902400494,,,,,,,
,,,,,,,,1.0244224422442243e-07,14374,,,,,,,,
47,,,,,,,,,14374,0.0060846926644444466,,,,,,,
,,,,,,,,1.0178217821782178e-07,14379,,,,,,,,
47,,,,,,,,,14379,0.00993462186306715,,,,,,,
,,,,,,,,1.0112211221122112e-07,14384,,,,,,,,
47,,,,,,,,,14384,0.017867188900709152,,,,,,,
,,,,,,,,1.0046204620462046e-07,14389,,,,,,,,
47,,,,,,,,,14389,0.012270557694137096,,,,,,,
,,,,,,,,9.98019801980198e-08,14394,,,,,,,,
47,,,,,,,,,14394,0.004958861041814089,,,,,,,
,,,,,,,,9.914191419141914e-08,14399,,,,,,,,
47,,,,,,,,,14399,0.013016697019338608,,,,,,,
,,,,,,,,9.848184818481847e-08,14404,,,,,,,,
47,,,,,,,,,14404,0.01172250509262085,,,,,,,
,,,,,,,,9.782178217821783e-08,14409,,,,,,,,
47,,,,,,,,,14409,0.0110025554895401,,,,,,,
,,,,,,,,9.716171617161716e-08,14414,,,,,,,,
47,,,,,,,,,14414,0.010404396802186966,,,,,,,
,,,,,,,,9.650165016501648e-08,14419,,,,,,,,
47,,,,,,,,,14419,0.011836540885269642,,,,,,,
,,,,,,,,9.584158415841584e-08,14424,,,,,,,,
47,,,,,,,,,14424,0.004598492756485939,,,,,,,
,,,,,,,,9.518151815181517e-08,14429,,,,,,,,
47,,,,,,,,,14429,0.005666578188538551,,,,,,,
,,,,,,,,9.452145214521452e-08,14434,,,,,,,,
47,,,,,,,,,14434,0.01052606850862503,,,,,,,
,,,,,,,,9.386138613861385e-08,14439,,,,,,,,
47,,,,,,,,,14439,0.007841013371944427,,,,,,,
,,,,,,,,9.320132013201319e-08,14444,,,,,,,,
47,,,,,,,,,14444,0.01393970474600792,,,,,,,
,,,,,,,,9.254125412541253e-08,14449,,,,,,,,
47,,,,,,,,,14449,0.016435550525784492,,,,,,,
,,,,,,,,9.188118811881188e-08,14454,,,,,,,,
47,,,,,,,,,14454,0.00539347343146801,,,,,,,
,,,,,,,,9.12211221122112e-08,14459,,,,,,,,
47,,,,,,,,,14459,0.0034640561789274216,,,,,,,
,,,,,,,,9.056105610561056e-08,14464,,,,,,,,
47,,,,,,,,,14464,0.008685829117894173,,,,,,,
,,,,,,,,8.990099009900989e-08,14469,,,,,,,,
47,,,,,,,,,14469,0.006715639494359493,,,,,,,
,,,,,,,,8.924092409240924e-08,14474,,,,,,,,
47,,,,,,,,,14474,0.0144440196454525,,,,,,,
,,,,,,,,8.858085808580857e-08,14479,,,,,,,,
47,,,,,,,,,14479,0.005008492153137922,,,,,,,
,,,,,,,,8.792079207920791e-08,14484,,,,,,,,
47,,,,,,,,,14484,0.008052066899836063,,,,,,,
,,,,,,,,8.726072607260726e-08,14489,,,,,,,,
47,,,,,,,,,14489,0.009771515615284443,,,,,,,
,,,,,,,,8.66006600660066e-08,14494,,,,,,,,
47,,,,,,,,,14494,0.0036860841792076826,,,,,,,
,,,,,,,,8.594059405940593e-08,14499,,,,,,,,
47,,,,,,,,,14499,0.0031115363817662,,,,,,,
,,,,,,,,8.528052805280528e-08,14504,,,,,,,,
47,,,,,,,,,14504,0.004947707988321781,,,,,,,
,,,,,,,,8.462046204620461e-08,14509,,,,,,,,
47,,,,,,,,,14509,0.01694660447537899,,,,,,,
,,,,,,,,8.396039603960396e-08,14514,,,,,,,,
47,,,,,,,,,14514,0.0007785269990563393,,,,,,,
,,,,,,,,8.330033003300329e-08,14519,,,,,,,,
47,,,,,,,,,14519,0.008843579329550266,,,,,,,
,,,,,,,,8.264026402640263e-08,14524,,,,,,,,
47,,,,,,,,,14524,0.008525396697223186,,,,,,,
,,,,,,,,8.198019801980198e-08,14529,,,,,,,,
47,,,,,,,,,14529,0.0012050881050527096,,,,,,,
,,,,,,,,8.132013201320132e-08,14534,,,,,,,,
47,,,,,,,,,14534,0.009839753620326519,,,,,,,
,,,,,,,,8.066006600660066e-08,14539,,,,,,,,
47,,,,,,,,,14539,0.006428462453186512,,,,,,,
47,,,,,,,,,14543,0.080034539103508,0.6000000238418579,0.6521739363670349,0.080034539103508,0.3723812997341156,0.6382978558540344,0.6666666865348816,0.3241391181945801
,,,,,,,,8e-08,14544,,,,,,,,
48,,,,,,,,,14544,0.01352028176188469,,,,,,,
,,,,,,,,7.933993399339933e-08,14549,,,,,,,,
48,,,,,,,,,14549,0.003479838604107499,,,,,,,
,,,,,,,,7.867986798679869e-08,14554,,,,,,,,
48,,,,,,,,,14554,0.010069910436868668,,,,,,,
,,,,,,,,7.801980198019801e-08,14559,,,,,,,,
48,,,,,,,,,14559,0.006271352060139179,,,,,,,
,,,,,,,,7.735973597359736e-08,14564,,,,,,,,
48,,,,,,,,,14564,0.003979852423071861,,,,,,,
,,,,,,,,7.66996699669967e-08,14569,,,,,,,,
48,,,,,,,,,14569,0.003012465313076973,,,,,,,
,,,,,,,,7.603960396039604e-08,14574,,,,,,,,
48,,,,,,,,,14574,0.008203592151403427,,,,,,,
,,,,,,,,7.537953795379538e-08,14579,,,,,,,,
48,,,,,,,,,14579,0.007558049634099007,,,,,,,
,,,,,,,,7.471947194719472e-08,14584,,,,,,,,
48,,,,,,,,,14584,0.011156435124576092,,,,,,,
,,,,,,,,7.405940594059405e-08,14589,,,,,,,,
48,,,,,,,,,14589,0.0043097808957099915,,,,,,,
,,,,,,,,7.33993399339934e-08,14594,,,,,,,,
48,,,,,,,,,14594,0.012491602450609207,,,,,,,
,,,,,,,,7.273927392739273e-08,14599,,,,,,,,
48,,,,,,,,,14599,0.010028260760009289,,,,,,,
,,,,,,,,7.207920792079208e-08,14604,,,,,,,,
48,,,,,,,,,14604,0.021611399948596954,,,,,,,
,,,,,,,,7.141914191419142e-08,14609,,,,,,,,
48,,,,,,,,,14609,0.009791828691959381,,,,,,,
,,,,,,,,7.075907590759076e-08,14614,,,,,,,,
48,,,,,,,,,14614,0.006472086068242788,,,,,,,
,,,,,,,,7.00990099009901e-08,14619,,,,,,,,
48,,,,,,,,,14619,0.01446530595421791,,,,,,,
,,,,,,,,6.943894389438944e-08,14624,,,,,,,,
48,,,,,,,,,14624,0.01854233630001545,,,,,,,
,,,,,,,,6.877887788778877e-08,14629,,,,,,,,
48,,,,,,,,,14629,0.011874240823090076,,,,,,,
,,,,,,,,6.811881188118813e-08,14634,,,,,,,,
48,,,,,,,,,14634,0.009421521797776222,,,,,,,
,,,,,,,,6.745874587458746e-08,14639,,,,,,,,
48,,,,,,,,,14639,0.002388241235166788,,,,,,,
,,,,,,,,6.679867986798678e-08,14644,,,,,,,,
48,,,,,,,,,14644,0.006029211450368166,,,,,,,
,,,,,,,,6.613861386138614e-08,14649,,,,,,,,
48,,,,,,,,,14649,0.005996229592710733,,,,,,,
,,,,,,,,6.547854785478547e-08,14654,,,,,,,,
48,,,,,,,,,14654,0.007953982800245285,,,,,,,
,,,,,,,,6.481848184818482e-08,14659,,,,,,,,
48,,,,,,,,,14659,0.003040923271328211,,,,,,,
,,,,,,,,6.415841584158415e-08,14664,,,,,,,,
48,,,,,,,,,14664,0.010550135746598244,,,,,,,
,,,,,,,,6.349834983498349e-08,14669,,,,,,,,
48,,,,,,,,,14669,0.016596827656030655,,,,,,,
,,,,,,,,6.283828382838283e-08,14674,,,,,,,,
48,,,,,,,,,14674,0.013325914740562439,,,,,,,
,,,,,,,,6.217821782178218e-08,14679,,,,,,,,
48,,,,,,,,,14679,0.013613064773380756,,,,,,,
,,,,,,,,6.151815181518152e-08,14684,,,,,,,,
48,,,,,,,,,14684,0.004099507350474596,,,,,,,
,,,,,,,,6.085808580858086e-08,14689,,,,,,,,
48,,,,,,,,,14689,0.0028833409305661917,,,,,,,
,,,,,,,,6.019801980198019e-08,14694,,,,,,,,
48,,,,,,,,,14694,0.004834670573472977,,,,,,,
,,,,,,,,5.9537953795379537e-08,14699,,,,,,,,
48,,,,,,,,,14699,0.0034903211053460836,,,,,,,
,,,,,,,,5.887788778877888e-08,14704,,,,,,,,
48,,,,,,,,,14704,0.008090339601039886,,,,,,,
,,,,,,,,5.821782178217822e-08,14709,,,,,,,,
48,,,,,,,,,14709,0.0025381457526236773,,,,,,,
,,,,,,,,5.7557755775577555e-08,14714,,,,,,,,
48,,,,,,,,,14714,0.008349522016942501,,,,,,,
,,,,,,,,5.68976897689769e-08,14719,,,,,,,,
48,,,,,,,,,14719,0.005886610597372055,,,,,,,
,,,,,,,,5.623762376237624e-08,14724,,,,,,,,
48,,,,,,,,,14724,0.002409362467005849,,,,,,,
,,,,,,,,5.557755775577558e-08,14729,,,,,,,,
48,,,,,,,,,14729,0.0067824190482497215,,,,,,,
,,,,,,,,5.4917491749174916e-08,14734,,,,,,,,
48,,,,,,,,,14734,0.021623043343424797,,,,,,,
,,,,,,,,5.425742574257426e-08,14739,,,,,,,,
48,,,,,,,,,14739,0.0035953836049884558,,,,,,,
,,,,,,,,5.35973597359736e-08,14744,,,,,,,,
48,,,,,,,,,14744,0.010973751544952393,,,,,,,
,,,,,,,,5.293729372937294e-08,14749,,,,,,,,
48,,,,,,,,,14749,0.0013416274450719357,,,,,,,
,,,,,,,,5.2277227722772276e-08,14754,,,,,,,,
48,,,,,,,,,14754,0.006233431398868561,,,,,,,
,,,,,,,,5.161716171617162e-08,14759,,,,,,,,
48,,,,,,,,,14759,0.00873514823615551,,,,,,,
,,,,,,,,5.095709570957095e-08,14764,,,,,,,,
48,,,,,,,,,14764,0.014079208485782146,,,,,,,
,,,,,,,,5.0297029702970295e-08,14769,,,,,,,,
48,,,,,,,,,14769,0.012148710899055004,,,,,,,
,,,,,,,,4.963696369636963e-08,14774,,,,,,,,
48,,,,,,,,,14774,0.002408835804089904,,,,,,,
,,,,,,,,4.897689768976897e-08,14779,,,,,,,,
48,,,,,,,,,14779,0.00551318284124136,,,,,,,
,,,,,,,,4.831683168316831e-08,14784,,,,,,,,
48,,,,,,,,,14784,0.005622840486466885,,,,,,,
,,,,,,,,4.7656765676567655e-08,14789,,,,,,,,
48,,,,,,,,,14789,0.009387921541929245,,,,,,,
,,,,,,,,4.699669966996699e-08,14794,,,,,,,,
48,,,,,,,,,14794,0.019263790920376778,,,,,,,
,,,,,,,,4.633663366336633e-08,14799,,,,,,,,
48,,,,,,,,,14799,0.012498490512371063,,,,,,,
,,,,,,,,4.5676567656765674e-08,14804,,,,,,,,
48,,,,,,,,,14804,0.007122709881514311,,,,,,,
,,,,,,,,4.5016501650165015e-08,14809,,,,,,,,
48,,,,,,,,,14809,0.007400798611342907,,,,,,,
,,,,,,,,4.435643564356435e-08,14814,,,,,,,,
48,,,,,,,,,14814,0.014657360501587391,,,,,,,
,,,,,,,,4.369636963696369e-08,14819,,,,,,,,
48,,,,,,,,,14819,0.009921264834702015,,,,,,,
,,,,,,,,4.3036303630363034e-08,14824,,,,,,,,
48,,,,,,,,,14824,0.009334533475339413,,,,,,,
,,,,,,,,4.2376237623762376e-08,14829,,,,,,,,
48,,,,,,,,,14829,0.012726275250315666,,,,,,,
,,,,,,,,4.171617161716171e-08,14834,,,,,,,,
48,,,,,,,,,14834,0.008352725766599178,,,,,,,
,,,,,,,,4.105610561056105e-08,14839,,,,,,,,
48,,,,,,,,,14839,0.002534272149205208,,,,,,,
,,,,,,,,4.0396039603960394e-08,14844,,,,,,,,
48,,,,,,,,,14844,0.002119228010997176,,,,,,,
48,,,,,,,,,14846,0.08006220310926437,0.6000000238418579,0.6521739363670349,0.08006220310926437,0.3721698224544525,0.6382978558540344,0.6666666865348816,0.32358914613723755
,,,,,,,,3.9735973597359736e-08,14849,,,,,,,,
49,,,,,,,,,14849,0.007744438014924526,,,,,,,
,,,,,,,,3.907590759075907e-08,14854,,,,,,,,
49,,,,,,,,,14854,0.0025493730790913105,,,,,,,
,,,,,,,,3.841584158415841e-08,14859,,,,,,,,
49,,,,,,,,,14859,0.0036793092731386423,,,,,,,
,,,,,,,,3.7755775577557755e-08,14864,,,,,,,,
49,,,,,,,,,14864,0.006335326004773378,,,,,,,
,,,,,,,,3.7095709570957097e-08,14869,,,,,,,,
49,,,,,,,,,14869,0.011534006334841251,,,,,,,
,,,,,,,,3.643564356435643e-08,14874,,,,,,,,
49,,,,,,,,,14874,0.0075202095322310925,,,,,,,
,,,,,,,,3.5775577557755774e-08,14879,,,,,,,,
49,,,,,,,,,14879,0.00880475901067257,,,,,,,
,,,,,,,,3.5115511551155115e-08,14884,,,,,,,,
49,,,,,,,,,14884,0.01077035628259182,,,,,,,
,,,,,,,,3.445544554455446e-08,14889,,,,,,,,
49,,,,,,,,,14889,0.008641120046377182,,,,,,,
,,,,,,,,3.379537953795379e-08,14894,,,,,,,,
49,,,,,,,,,14894,0.017648382112383842,,,,,,,
,,,,,,,,3.3135313531353134e-08,14899,,,,,,,,
49,,,,,,,,,14899,0.0018217121250927448,,,,,,,
,,,,,,,,3.2475247524752476e-08,14904,,,,,,,,
49,,,,,,,,,14904,0.01088848989456892,,,,,,,
,,,,,,,,3.181518151815182e-08,14909,,,,,,,,
49,,,,,,,,,14909,0.004334788303822279,,,,,,,
,,,,,,,,3.115511551155115e-08,14914,,,,,,,,
49,,,,,,,,,14914,0.014298311434686184,,,,,,,
,,,,,,,,3.0495049504950494e-08,14919,,,,,,,,
49,,,,,,,,,14919,0.002935212105512619,,,,,,,
,,,,,,,,2.9834983498349836e-08,14924,,,,,,,,
49,,,,,,,,,14924,0.006262787152081728,,,,,,,
,,,,,,,,2.9174917491749175e-08,14929,,,,,,,,
49,,,,,,,,,14929,0.01673564501106739,,,,,,,
,,,,,,,,2.8514851485148513e-08,14934,,,,,,,,
49,,,,,,,,,14934,0.00466371513903141,,,,,,,
,,,,,,,,2.785478547854785e-08,14939,,,,,,,,
49,,,,,,,,,14939,0.0066063362173736095,,,,,,,
,,,,,,,,2.7194719471947193e-08,14944,,,,,,,,
49,,,,,,,,,14944,0.012607340700924397,,,,,,,
,,,,,,,,2.653465346534653e-08,14949,,,,,,,,
49,,,,,,,,,14949,0.005519314203411341,,,,,,,
,,,,,,,,2.5874587458745873e-08,14954,,,,,,,,
49,,,,,,,,,14954,0.014652378857135773,,,,,,,
,,,,,,,,2.5214521452145212e-08,14959,,,,,,,,
49,,,,,,,,,14959,0.008329179137945175,,,,,,,
,,,,,,,,2.4554455445544554e-08,14964,,,,,,,,
49,,,,,,,,,14964,0.010405604727566242,,,,,,,
,,,,,,,,2.3894389438943892e-08,14969,,,,,,,,
49,,,,,,,,,14969,0.010391514748334885,,,,,,,
,,,,,,,,2.3234323432343234e-08,14974,,,,,,,,
49,,,,,,,,,14974,0.004182869102805853,,,,,,,
,,,,,,,,2.2574257425742572e-08,14979,,,,,,,,
49,,,,,,,,,14979,0.008852271363139153,,,,,,,
,,,,,,,,2.1914191419141914e-08,14984,,,,,,,,
49,,,,,,,,,14984,0.009991137310862541,,,,,,,
,,,,,,,,2.1254125412541252e-08,14989,,,,,,,,
49,,,,,,,,,14989,0.00726185692474246,,,,,,,
,,,,,,,,2.0594059405940594e-08,14994,,,,,,,,
49,,,,,,,,,14994,0.01035015843808651,,,,,,,
,,,,,,,,1.9933993399339933e-08,14999,,,,,,,,
49,,,,,,,,,14999,0.005377670284360647,,,,,,,
,,,,,,,,1.9273927392739274e-08,15004,,,,,,,,
49,,,,,,,,,15004,0.015450472943484783,,,,,,,
,,,,,,,,1.8613861386138613e-08,15009,,,,,,,,
49,,,,,,,,,15009,0.002539035165682435,,,,,,,
,,,,,,,,1.7953795379537955e-08,15014,,,,,,,,
49,,,,,,,,,15014,0.00939498096704483,,,,,,,
,,,,,,,,1.7293729372937293e-08,15019,,,,,,,,
49,,,,,,,,,15019,0.0039154947735369205,,,,,,,
,,,,,,,,1.6633663366336635e-08,15024,,,,,,,,
49,,,,,,,,,15024,0.007042801007628441,,,,,,,
,,,,,,,,1.5973597359735973e-08,15029,,,,,,,,
49,,,,,,,,,15029,0.004250396974384785,,,,,,,
,,,,,,,,1.5313531353135312e-08,15034,,,,,,,,
49,,,,,,,,,15034,0.009293545968830585,,,,,,,
,,,,,,,,1.4653465346534652e-08,15039,,,,,,,,
49,,,,,,,,,15039,0.006270802579820156,,,,,,,
,,,,,,,,1.3993399339933994e-08,15044,,,,,,,,
49,,,,,,,,,15044,0.007949477061629295,,,,,,,
,,,,,,,,1.3333333333333334e-08,15049,,,,,,,,
49,,,,,,,,,15049,0.0029008134733885527,,,,,,,
,,,,,,,,1.2673267326732674e-08,15054,,,,,,,,
49,,,,,,,,,15054,0.00863941852003336,,,,,,,
,,,,,,,,1.2013201320132014e-08,15059,,,,,,,,
49,,,,,,,,,15059,0.009738566353917122,,,,,,,
,,,,,,,,1.1353135313531354e-08,15064,,,,,,,,
49,,,,,,,,,15064,0.019132575020194054,,,,,,,
,,,,,,,,1.0693069306930694e-08,15069,,,,,,,,
49,,,,,,,,,15069,0.0023243501782417297,,,,,,,
,,,,,,,,1.0033003300330034e-08,15074,,,,,,,,
49,,,,,,,,,15074,0.004872670862823725,,,,,,,
,,,,,,,,9.372937293729373e-09,15079,,,,,,,,
49,,,,,,,,,15079,0.00508952047675848,,,,,,,
,,,,,,,,8.712871287128713e-09,15084,,,,,,,,
49,,,,,,,,,15084,0.009195657446980476,,,,,,,
,,,,,,,,8.052805280528053e-09,15089,,,,,,,,
49,,,,,,,,,15089,0.0027416993398219347,,,,,,,
,,,,,,,,7.392739273927392e-09,15094,,,,,,,,
49,,,,,,,,,15094,0.0014963928842917085,,,,,,,
,,,,,,,,6.732673267326732e-09,15099,,,,,,,,
49,,,,,,,,,15099,0.01072702556848526,,,,,,,
,,,,,,,,6.072607260726072e-09,15104,,,,,,,,
49,,,,,,,,,15104,0.003099713707342744,,,,,,,
,,,,,,,,5.412541254125412e-09,15109,,,,,,,,
49,,,,,,,,,15109,0.004921868909150362,,,,,,,
,,,,,,,,4.7524752475247524e-09,15114,,,,,,,,
49,,,,,,,,,15114,0.008263268508017063,,,,,,,
,,,,,,,,4.092409240924092e-09,15119,,,,,,,,
49,,,,,,,,,15119,0.0154896080493927,,,,,,,
,,,,,,,,3.4323432343234322e-09,15124,,,,,,,,
49,,,,,,,,,15124,0.013246109709143639,,,,,,,
,,,,,,,,2.772277227722772e-09,15129,,,,,,,,
49,,,,,,,,,15129,0.00233246898278594,,,,,,,
,,,,,,,,2.112211221122112e-09,15134,,,,,,,,
49,,,,,,,,,15134,0.02048790641129017,,,,,,,
,,,,,,,,1.4521452145214521e-09,15139,,,,,,,,
49,,,,,,,,,15139,0.003157480852678418,,,,,,,
,,,,,,,,7.920792079207921e-10,15144,,,,,,,,
49,,,,,,,,,15144,0.009352849796414375,,,,,,,
,,,,,,,,1.32013201320132e-10,15149,,,,,,,,
49,,,,,,,,,15149,0.0006151325069367886,,,,,,,
49,,,,,,,,,15149,0.0800732672214508,0.6000000238418579,0.6521739363670349,0.0800732672214508,0.3720637261867523,0.6382978558540344,0.6666666865348816,0.3235715329647064
50,0.6733129024505615,0.7418181896209717,0.08298193663358688,0.33892035484313965,0.7285714149475098,0.7555555701255798,0.34453752636909485,,15150,0.08298193663358688,,,,,,,
